id,status,dom,res,debt,goal,inv,lump
SP3-00000,deficit,none,0,0,0,0,770277
SP3-00001,ok,reserve,5091,0,0,0,87549
SP3-00002,deficit,none,0,0,0,0,780526
SP3-00003,deficit,none,0,0,0,0,95911
SP3-00004,ok,goals+,0,0,1751,7760,124852
SP3-00005,ok,goals+,0,0,1828,0,3001288
SP3-00006,deficit,none,0,0,0,0,4041145
SP3-00007,ok,goals+,0,0,8016,28438,265391
SP3-00008,ok,debt,0,223,0,0,226888
SP3-00009,deficit,none,0,0,0,0,0
SP3-00010,ok,goals+,0,0,143926,352018,2923772
SP3-00011,ok,reserve,2663,2662,0,0,0
SP3-00012,deficit,none,0,0,0,0,410314
SP3-00013,ok,reserve,2451,2450,0,0,0
SP3-00014,ok,reserve,21904,21903,0,0,0
SP3-00015,deficit,none,0,0,0,0,0
SP3-00016,ok,reserve,2852,2851,0,0,93216
SP3-00017,ok,goals+,0,0,14377,6207,1488631
SP3-00018,deficit,none,0,0,0,0,569008
SP3-00019,ok,goals+,0,0,4329,5683,61850
SP3-00020,ok,debt,0,10129,0,0,41420
SP3-00021,deficit,none,0,0,0,0,0
SP3-00022,ok,goals+,0,0,3586,5094,254131
SP3-00023,ok,reserve,20284,0,13522,0,0
SP3-00024,ok,reserve,22852,22851,0,0,0
SP3-00025,ok,debt,0,51810,0,0,164529
SP3-00026,deficit,none,0,0,0,0,0
SP3-00027,ok,reserve,1051,1050,0,0,0
SP3-00028,ok,debt,2434,5682,0,0,0
SP3-00029,ok,reserve,5358,0,3572,0,0
SP3-00030,deficit,none,0,0,0,0,6983506
SP3-00031,deficit,none,0,0,0,0,6606050
SP3-00032,ok,goals+,0,0,102,0,0
SP3-00033,deficit,none,0,0,0,0,5414950
SP3-00034,ok,debt,1264,1264,0,0,0
SP3-00035,deficit,none,0,0,0,0,126714
SP3-00036,ok,reserve,29476,0,0,0,0
SP3-00037,deficit,none,0,0,0,0,149
SP3-00038,deficit,none,0,0,0,0,0
SP3-00039,ok,debt,0,5396,0,0,101720
SP3-00040,deficit,none,0,0,0,0,0
SP3-00041,deficit,none,0,0,0,0,0
SP3-00042,ok,debt,0,9764,0,0,439135
SP3-00043,ok,debt,0,2549,0,0,179960
SP3-00044,ok,goals+,0,0,46688,0,78103
SP3-00045,ok,debt,3233,7544,0,0,0
SP3-00046,ok,reserve,741,740,0,0,0
SP3-00047,ok,reserve,33733,0,21611,0,0
SP3-00048,deficit,none,0,0,0,0,426687
SP3-00049,deficit,none,0,0,0,0,792513
SP3-00050,ok,debt,0,12021,0,0,40019
SP3-00051,deficit,none,0,0,0,0,426349
SP3-00052,deficit,none,0,0,0,0,99994
SP3-00053,ok,goals+,0,0,14483,80694,1666954
SP3-00054,ok,debt,271,271,0,0,0
SP3-00055,ok,goals+,0,0,67220,290601,2831910
SP3-00056,ok,reserve,61443,0,27812,0,0
SP3-00057,ok,debt,0,13390,0,0,56377
SP3-00058,deficit,none,0,0,0,0,5860001
SP3-00059,ok,debt,0,90253,0,0,2010633
SP3-00060,ok,goals+,0,0,6155,0,396690
SP3-00061,ok,goals+,0,0,2489,33702,161291
SP3-00062,ok,goals+,0,0,0,45643,2346180
SP3-00063,ok,goals+,0,0,0,2789,416920
SP3-00064,deficit,none,0,0,0,0,372326
SP3-00065,ok,debt,0,49082,0,0,166835
SP3-00066,deficit,none,0,0,0,0,13953172
SP3-00067,ok,debt,0,25139,0,0,247347
SP3-00068,ok,goals+,0,0,15721,0,26964
SP3-00069,deficit,none,0,0,0,0,96541
SP3-00070,ok,reserve,13358,0,8904,0,0
SP3-00071,invalid,none,0,0,0,0,0
SP3-00072,deficit,none,0,0,0,0,1096028
SP3-00073,deficit,none,0,0,0,0,0
SP3-00074,deficit,none,0,0,0,0,0
SP3-00075,deficit,none,0,0,0,0,0
SP3-00076,ok,goals+,0,0,23516,4867,44757424
SP3-00077,deficit,none,0,0,0,0,9884978
SP3-00078,deficit,none,0,0,0,0,0
SP3-00079,ok,goals+,0,0,229,18947,0
SP3-00080,ok,goals+,0,0,0,175916,1042965
SP3-00081,ok,reserve,1314,0,876,0,0
SP3-00082,ok,goals+,0,0,33683,50076,12051218
SP3-00083,deficit,none,0,0,0,0,0
SP3-00084,ok,goals+,0,0,18258,25697,676856
SP3-00085,ok,debt,523,1221,0,0,0
SP3-00086,ok,goals+,0,0,4806,21769,103590
SP3-00087,deficit,none,0,0,0,0,0
SP3-00088,deficit,none,0,0,0,0,1079450
SP3-00089,deficit,none,0,0,0,0,0
SP3-00090,ok,debt,271,271,0,0,0
SP3-00091,deficit,none,0,0,0,0,0
SP3-00092,deficit,none,0,0,0,0,5354234
SP3-00093,deficit,none,0,0,0,0,0
SP3-00094,ok,debt,0,2161,0,0,337712
SP3-00095,deficit,none,0,0,0,0,0
SP3-00096,deficit,none,0,0,0,0,0
SP3-00097,ok,debt,0,13967,0,0,120045
SP3-00098,ok,reserve,1170,1169,0,0,0
SP3-00099,ok,debt,0,393185,0,0,8131077
SP3-00100,deficit,none,0,0,0,0,150664
SP3-00101,ok,reserve,502,0,335,0,0
SP3-00102,ok,debt,189,443,0,0,0
SP3-00103,deficit,none,0,0,0,0,0
SP3-00104,deficit,none,0,0,0,0,72929
SP3-00105,deficit,none,0,0,0,0,19000
SP3-00106,deficit,none,0,0,0,0,0
SP3-00107,deficit,none,0,0,0,0,0
SP3-00108,ok,reserve,11342,0,7560,0,0
SP3-00109,ok,reserve,17769,0,6650,0,161222
SP3-00110,ok,debt,1459,3406,0,0,0
SP3-00111,deficit,none,0,0,0,0,0
SP3-00112,deficit,none,0,0,0,0,236492
SP3-00113,deficit,none,0,0,0,0,75154
SP3-00114,ok,debt,0,45312,9339,7076,271020
SP3-00115,ok,reserve,30685,0,0,0,0
SP3-00116,invalid,none,0,0,0,0,0
SP3-00117,ok,reserve,50553,0,31026,0,0
SP3-00118,ok,goals+,7407,0,12672,14429,0
SP3-00119,deficit,none,0,0,0,0,0
SP3-00120,ok,goals+,0,0,1825,0,51423
SP3-00121,deficit,none,0,0,0,0,127664
SP3-00122,ok,goals+,0,0,148655,258764,676260
SP3-00123,deficit,none,0,0,0,0,0
SP3-00124,ok,debt,8409,19623,0,0,0
SP3-00125,ok,debt,0,157735,0,0,32187
SP3-00126,ok,reserve,32936,0,0,0,0
SP3-00127,ok,debt,0,504,0,0,4617
SP3-00128,deficit,none,0,0,0,0,7792194
SP3-00129,ok,debt,0,8464,0,0,17040
SP3-00130,ok,reserve,1025,0,683,0,0
SP3-00131,ok,debt,0,6325,0,0,104985
SP3-00132,ok,goals+,0,0,2989,29956,106435
SP3-00133,deficit,none,0,0,0,0,0
SP3-00134,ok,debt,8143,19003,0,0,0
SP3-00135,ok,reserve,7414,0,5027,0,0
SP3-00136,deficit,none,0,0,0,0,309024
SP3-00137,ok,reserve,1915,1914,0,0,32330
SP3-00138,deficit,none,0,0,0,0,88419
SP3-00139,ok,debt,0,29282,0,0,358290
SP3-00140,ok,goals+,0,0,59546,62712,7177588
SP3-00141,deficit,none,0,0,0,0,47025
SP3-00142,deficit,none,0,0,0,0,0
SP3-00143,ok,debt,6426,6426,0,0,63126
SP3-00144,deficit,none,0,0,0,0,0
SP3-00145,ok,debt,0,1746,0,0,20081
SP3-00146,ok,debt,0,41980,0,0,4035
SP3-00147,invalid,none,0,0,0,0,0
SP3-00148,ok,reserve,22950,0,4609,0,184161
SP3-00149,ok,goals+,0,0,16018,74764,8928289
SP3-00150,deficit,none,0,0,0,0,0
SP3-00151,deficit,none,0,0,0,0,1354598
SP3-07266,invalid,none,0,0,0,0,0
SP3-00153,ok,goals+,0,0,9678,31369,332653
SP3-00154,deficit,none,0,0,0,0,81564
SP3-00155,deficit,none,0,0,0,0,124646
SP3-00156,ok,debt,0,208188,0,0,1887537
SP3-00157,deficit,none,0,0,0,0,1786626
SP3-00158,ok,debt,1555,1555,0,0,0
SP3-00159,deficit,none,0,0,0,0,4934123
SP3-00160,ok,reserve,17322,17321,0,0,0
SP3-00161,ok,reserve,7402,0,0,0,0
SP3-00162,ok,goals+,0,0,8130,74256,3120296
SP3-00163,deficit,none,0,0,0,0,0
SP3-00164,ok,reserve,28360,0,10686,0,0
SP3-00165,ok,debt,0,18028,0,0,190133
SP3-00166,ok,reserve,26453,26452,0,0,586167
SP3-00167,deficit,none,0,0,0,0,0
SP3-00168,ok,goals+,0,0,2305,525,509408
SP3-00169,ok,debt,1463,3416,0,0,0
SP3-00170,ok,goals+,0,0,1610,0,281260
SP3-00171,ok,reserve,12126,0,3792,826,0
SP3-00172,ok,reserve,4988,4987,0,0,0
SP3-00173,ok,debt,0,1746,0,0,20425
SP3-00174,ok,reserve,32919,0,0,0,0
SP3-00175,invalid,none,0,0,0,0,0
SP3-00176,ok,debt,0,12582,0,0,54901
SP3-00177,deficit,none,0,0,0,0,64298
SP3-00178,deficit,none,0,0,0,0,4104568
SP3-00179,deficit,none,0,0,0,0,2386632
SP3-00180,deficit,none,0,0,0,0,1769745
SP3-00181,deficit,none,0,0,0,0,1390990
SP3-00182,ok,debt,0,1618,0,0,48818
SP3-00183,deficit,none,0,0,0,0,15810515
SP3-00184,ok,none,0,0,0,0,58945
SP3-00185,ok,goals+,0,0,31765,0,2944339
SP3-00186,ok,reserve,33548,0,22364,0,0
SP3-00187,ok,debt,6051,6051,0,0,0
SP3-00188,deficit,none,0,0,0,0,1575025
SP3-00189,ok,debt,0,2532,0,0,185090
SP3-00190,ok,debt,18974,44273,0,0,0
SP3-00191,deficit,none,0,0,0,0,0
SP3-00192,ok,goals+,5265,0,0,25183,0
SP3-00193,ok,debt,0,35487,0,0,114569
SP3-00194,ok,debt,0,4100,0,0,1745
SP3-00195,ok,reserve,3021,0,1777,0,0
SP3-00196,deficit,none,0,0,0,0,0
SP3-00197,deficit,none,0,0,0,0,0
SP3-00198,invalid,none,0,0,0,0,0
SP3-00199,ok,debt,4940,16781,0,0,0
SP3-00200,deficit,none,0,0,0,0,0
SP3-00201,ok,debt,0,9784,0,0,39590
SP3-00202,ok,debt,503,1175,0,0,0
SP3-00203,invalid,none,0,0,0,0,0
SP3-00204,ok,debt,0,1787,0,0,26582
SP3-00205,ok,reserve,6782,0,4521,0,103228
SP3-00206,deficit,none,0,0,0,0,145505
SP3-00207,ok,debt,0,6378,0,0,319900
SP3-00208,deficit,none,0,0,0,0,0
SP3-00209,ok,debt,0,7238,0,0,194783
SP3-00210,deficit,none,0,0,0,0,0
SP3-00211,ok,goals+,0,0,11121,16715,79354
SP3-00212,deficit,none,0,0,0,0,822384
SP3-00213,ok,debt,10517,24540,0,0,0
SP3-00214,deficit,none,0,0,0,0,0
SP3-00215,deficit,none,0,0,0,0,0
SP3-00216,ok,goals+,0,0,0,5442,0
SP3-00217,deficit,none,0,0,0,0,0
SP3-00218,deficit,none,0,0,0,0,7919175
SP3-00219,ok,debt,9232,9232,0,0,0
SP3-00220,ok,reserve,92325,92324,0,0,0
SP3-00221,deficit,none,0,0,0,0,0
SP3-00222,ok,reserve,3749,0,0,0,0
SP3-00223,deficit,none,0,0,0,0,84116
SP3-00224,ok,goals+,0,0,9667,0,5680677
SP3-00225,ok,debt,0,8603,0,0,245675
SP3-00226,deficit,none,0,0,0,0,174228
SP3-00227,ok,goals+,0,0,2038,34170,196074
SP3-00228,ok,reserve,25014,0,16676,0,0
SP3-00229,deficit,none,0,0,0,0,0
SP3-00230,ok,debt,0,67302,0,0,28565
SP3-00231,ok,reserve,2093,2092,0,0,0
SP3-00232,ok,reserve,5563,5562,0,0,55141
SP3-00233,ok,goals+,0,0,1202,12877,137952
SP3-00234,ok,debt,0,27672,0,0,37235
SP3-00235,ok,goals+,0,0,40130,21025,506715
SP3-00236,ok,debt,6611,15428,0,0,0
SP3-00237,ok,goals+,0,0,2513,42877,139098
SP3-00238,deficit,none,0,0,0,0,8475890
SP3-00239,ok,debt,0,4317,0,0,17845
SP3-00240,ok,debt,0,895,0,0,206396
SP3-00241,deficit,none,0,0,0,0,0
SP3-00242,deficit,none,0,0,0,0,0
SP3-00243,deficit,none,0,0,0,0,5542493
SP3-00244,ok,debt,92,92,0,0,0
SP3-00245,ok,debt,0,8807,0,0,665
SP3-00246,ok,debt,0,53059,0,0,2022319
SP3-00247,ok,debt,0,32493,0,0,67187
SP3-00248,deficit,none,0,0,0,0,0
SP3-00249,ok,goals+,0,0,2281,2354,147474
SP3-00250,ok,debt,10420,10420,0,0,0
SP3-10464,invalid,none,0,0,0,0,0
SP3-00252,deficit,none,0,0,0,0,4615953
SP3-00253,ok,reserve,14913,0,9942,0,0
SP3-00254,ok,reserve,371428,78115,73328,0,0
SP3-00255,ok,reserve,26,0,17,0,0
SP3-00256,ok,goals+,0,0,56864,421351,1618513
SP3-00257,ok,reserve,15659,15658,0,0,0
SP3-00258,ok,debt,0,12636,0,0,45799
SP3-00259,deficit,none,0,0,0,0,0
SP3-00260,ok,debt,448,1048,0,0,0
SP3-00261,ok,none,0,0,0,0,0
SP3-00262,deficit,none,0,0,0,0,0
SP3-00263,ok,goals+,0,0,500451,247180,2748981
SP3-00264,invalid,none,0,0,0,0,0
SP3-00265,invalid,none,0,0,0,0,0
SP3-00266,invalid,none,0,0,0,0,0
SP3-00267,deficit,none,0,0,0,0,489599
SP3-00268,ok,goals+,0,0,3311,32451,245143
SP3-00269,ok,debt,0,21094623,0,0,484136776
SP3-00270,ok,debt,6075,6075,0,0,68418
SP3-00271,ok,goals+,0,0,3955,49743,0
SP3-00272,deficit,none,0,0,0,0,595567
SP3-00273,deficit,none,0,0,0,0,816834
SP3-00274,deficit,none,0,0,0,0,577530
SP3-00275,invalid,none,0,0,0,0,0
SP3-00276,ok,goals+,0,0,962,133916,2547895
SP3-00277,deficit,none,0,0,0,0,0
SP3-00278,deficit,none,0,0,0,0,0
SP3-00279,deficit,none,0,0,0,0,0
SP3-00280,ok,reserve,2987,0,1991,0,0
SP3-00281,deficit,none,0,0,0,0,111648
SP3-00282,ok,debt,2719,7089,0,0,0
SP3-00283,ok,debt,17952,17952,0,0,0
SP3-00284,deficit,none,0,0,0,0,39490
SP3-00285,ok,debt,0,5431,0,0,83292
SP3-00286,deficit,none,0,0,0,0,274618
SP3-00287,deficit,none,0,0,0,0,2049501
SP3-00288,ok,reserve,20247,0,0,0,0
SP3-00289,ok,reserve,8416,0,5610,0,0
SP3-00290,ok,debt,0,8499,0,0,49485
SP3-00291,ok,goals+,0,0,0,1507,427105
SP3-00292,ok,goals+,0,0,2594,25994,242947
SP3-00293,invalid,none,0,0,0,0,0
SP3-00294,deficit,none,0,0,0,0,10435034
SP3-00295,ok,goals+,0,0,0,99584,13247206
SP3-00296,ok,reserve,38391,0,25593,0,0
SP3-00297,deficit,none,0,0,0,0,0
SP3-00298,ok,goals+,0,0,263,6192,191586
SP3-00299,ok,reserve,1775,1774,0,0,0
SP3-00300,ok,goals+,0,0,2873,0,0
SP3-00301,ok,reserve,13882,13881,0,0,0
SP3-00302,ok,goals+,0,0,17434,12325,0
SP3-00303,deficit,none,0,0,0,0,0
SP3-00304,ok,goals+,0,0,35645,65319,648377
SP3-00305,ok,debt,780,1821,0,0,0
SP3-00306,deficit,none,0,0,0,0,0
SP3-00307,ok,debt,399,934,0,0,0
SP3-00308,ok,debt,0,14910,0,0,2275247
SP3-00309,ok,reserve,1835,1834,0,0,4136
SP3-00310,ok,debt,0,3923,0,0,95591
SP3-00311,ok,debt,0,8882,0,0,123930
SP3-00312,ok,reserve,5767,0,3187,0,0
SP3-00313,ok,reserve,2126,0,1417,0,0
SP3-00314,ok,reserve,20359,0,13573,0,0
SP3-00315,ok,goals+,0,0,14409,18282,3627716
SP3-00316,deficit,none,0,0,0,0,176016
SP3-00317,deficit,none,0,0,0,0,0
SP3-00318,ok,debt,12198238,12198238,0,0,0
SP3-00319,ok,debt,0,4193,0,0,21643
SP3-00320,ok,reserve,4941,0,0,0,0
SP3-00321,deficit,none,0,0,0,0,0
SP3-00322,invalid,none,0,0,0,0,0
SP3-00323,deficit,none,0,0,0,0,13957
SP3-00324,ok,debt,1438,3356,0,0,0
SP3-00325,ok,debt,448,1048,0,0,0
SP3-00326,ok,reserve,29534,29533,0,0,63801
SP3-00327,ok,reserve,149889,0,0,0,0
SP3-00328,ok,goals+,0,0,0,25767,110922
SP3-00329,ok,debt,234,234,0,0,0
SP3-00330,ok,goals+,0,0,172,0,0
SP3-00331,deficit,none,0,0,0,0,2300339
SP3-00332,deficit,none,0,0,0,0,0
SP3-00333,ok,debt,0,11412,0,0,42226
SP3-00334,ok,debt,179,179,0,0,0
SP3-00335,ok,debt,0,247737,0,0,1253960
SP3-00336,ok,reserve,8772,0,5847,0,0
SP3-00337,ok,goals+,0,0,0,30568,150974
SP3-00338,ok,debt,1807,8101,0,0,0
SP3-00339,deficit,none,0,0,0,0,5182260
SP3-00340,ok,reserve,1005,0,670,0,0
SP3-00341,deficit,none,0,0,0,0,5429
SP3-00342,ok,reserve,19125,0,0,1949,0
SP3-00343,deficit,none,0,0,0,0,0
SP3-00344,deficit,none,0,0,0,0,102679
SP3-00345,deficit,none,0,0,0,0,1219657
SP3-00346,ok,goals+,0,0,25938,7960,683103
SP3-00347,ok,goals+,0,0,43198,224473,124492
SP3-00348,ok,debt,0,31418,0,0,4535
SP3-00349,ok,goals+,0,0,9239,0,1101004
SP3-00350,ok,goals+,0,0,2304,28634,216113
SP3-00351,invalid,none,0,0,0,0,0
SP3-00352,ok,reserve,3767,3766,0,0,0
SP3-00353,ok,reserve,19665,0,13109,0,0
SP3-00354,ok,debt,0,165940,0,0,1583966
SP3-00355,ok,debt,0,28759,0,0,37547
SP3-00356,invalid,none,0,0,0,0,0
SP3-00357,invalid,none,0,0,0,0,0
SP3-00358,deficit,none,0,0,0,0,588615
SP3-00359,ok,reserve,1781,0,1187,0,58614
SP3-00360,deficit,none,0,0,0,0,379665
SP3-00361,deficit,none,0,0,0,0,114656
SP3-00362,deficit,none,0,0,0,0,59593
SP3-00363,ok,goals+,0,0,14873,34924,278917
SP3-00364,invalid,none,0,0,0,0,0
SP3-00365,deficit,none,0,0,0,0,34959
SP3-00366,ok,reserve,10718,0,6623,0,0
SP3-00367,deficit,none,0,0,0,0,1411066
SP3-00368,deficit,none,0,0,0,0,1619532
SP3-00369,ok,debt,0,14109,0,0,21562
SP3-00370,deficit,none,0,0,0,0,0
SP3-00371,ok,debt,4163,9716,0,0,0
SP3-00372,deficit,none,0,0,0,0,480582
SP3-00373,invalid,none,0,0,0,0,0
SP3-00374,ok,debt,0,1671,0,0,47666
SP3-00375,ok,goals+,0,0,46160,26229,1030549
SP3-00376,deficit,none,0,0,0,0,0
SP3-00377,ok,reserve,6595,0,4397,0,0
SP3-00378,deficit,none,0,0,0,0,69285
SP3-00379,ok,goals+,0,0,0,30999,0
SP3-00380,ok,debt,0,21120,0,0,15784
SP3-00381,invalid,none,0,0,0,0,0
SP3-00382,ok,reserve,18444,0,1544,0,0
SP3-00383,deficit,none,0,0,0,0,3312038
SP3-00384,deficit,none,0,0,0,0,245516
SP3-00385,ok,reserve,19692,0,2273,0,0
SP3-00386,ok,reserve,5399,5398,0,0,0
SP3-00387,deficit,none,0,0,0,0,207945
SP3-00388,ok,reserve,12213,0,8142,0,0
SP3-00389,ok,goals+,0,0,127049,322342,4181683
SP3-00390,ok,goals+,0,0,8657,2614,336587
SP3-00391,ok,reserve,30908,0,0,0,211677
SP3-00392,ok,debt,4162,4162,0,0,0
SP3-00393,deficit,none,0,0,0,0,178302
SP3-00394,deficit,none,0,0,0,0,6322
SP3-00395,deficit,none,0,0,0,0,16785462
SP3-00396,ok,debt,0,6092,0,0,17139
SP3-00397,deficit,none,0,0,0,0,0
SP3-00398,deficit,none,0,0,0,0,700678
SP3-00399,ok,debt,91677,91677,0,0,0
SP3-00400,deficit,none,0,0,0,0,254022
SP3-00401,ok,goals+,0,0,3098,22770,720840
SP3-00402,ok,reserve,29759,0,4746,8473,0
SP3-00403,ok,reserve,10785,0,0,9622,0
SP3-00404,ok,debt,0,48234,0,0,64806
SP3-00405,deficit,none,0,0,0,0,31678
SP3-00406,ok,debt,0,20735,0,0,77480
SP3-00407,deficit,none,0,0,0,0,263842
SP3-00408,ok,reserve,376,375,0,0,8878
SP3-00409,ok,reserve,11684,0,7789,0,0
SP3-00410,deficit,none,0,0,0,0,123185
SP3-00411,ok,debt,0,64226,0,0,520251
SP3-00412,ok,reserve,1128,0,751,0,0
SP3-00413,deficit,none,0,0,0,0,387534
SP3-00414,ok,debt,4422,4422,0,0,0
SP3-00415,ok,debt,1162,2711,0,0,0
SP3-00416,deficit,none,0,0,0,0,45299
SP3-00417,ok,reserve,1955,0,1191,0,0
SP3-00418,deficit,none,0,0,0,0,2836628
SP3-00419,ok,debt,2736,6384,0,0,0
SP3-00420,ok,debt,0,1161,0,0,13668
SP3-00421,ok,reserve,13489,0,8993,0,0
SP3-00422,ok,debt,2124,4957,0,0,0
SP3-00423,ok,reserve,2755,0,1837,0,0
SP3-00424,deficit,none,0,0,0,0,0
SP3-00425,deficit,none,0,0,0,0,63847
SP3-00426,deficit,none,0,0,0,0,0
SP3-00427,deficit,none,0,0,0,0,271593
SP3-00428,ok,goals+,0,0,3707,0,3027582
SP3-00429,deficit,none,0,0,0,0,51102
SP3-00430,invalid,none,0,0,0,0,0
SP3-00431,deficit,none,0,0,0,0,0
SP3-00432,ok,debt,4642,4642,0,0,0
SP3-00433,deficit,none,0,0,0,0,37340
SP3-00434,deficit,none,0,0,0,0,473160
SP3-00435,invalid,none,0,0,0,0,0
SP3-00436,ok,goals+,0,0,207122231,0,1384592606
SP3-00437,ok,goals+,0,0,44109,0,7940924
SP3-00438,ok,debt,16107,37584,0,0,0
SP3-00439,ok,debt,0,37750,0,0,81232
SP3-00440,deficit,none,0,0,0,0,0
SP3-00441,invalid,none,0,0,0,0,0
SP3-00442,deficit,none,0,0,0,0,19277
SP3-00443,ok,debt,0,1860,0,0,13752
SP3-00444,deficit,none,0,0,0,0,0
SP3-00445,invalid,none,0,0,0,0,0
SP3-00446,ok,debt,2675,6243,0,0,0
SP3-00447,deficit,none,0,0,0,0,10111682
SP3-00448,deficit,none,0,0,0,0,1083288
SP3-00449,ok,debt,0,25960,0,0,89
SP3-00450,ok,debt,10972,25603,0,0,0
SP3-00451,deficit,none,0,0,0,0,96745
SP3-00452,ok,goals+,0,0,7,937,114352
SP3-00453,ok,debt,11720,33908,0,0,0
SP3-00454,deficit,none,0,0,0,0,0
SP3-00455,deficit,none,0,0,0,0,455562
SP3-00456,ok,reserve,13785,0,9190,0,0
SP3-00457,deficit,none,0,0,0,0,0
SP3-00458,ok,reserve,1420,1419,0,0,0
SP3-00459,deficit,none,0,0,0,0,30891
SP3-02485,invalid,none,0,0,0,0,0
SP3-00461,ok,goals+,0,0,0,30,296878
SP3-00462,deficit,none,0,0,0,0,814916
SP3-00463,ok,debt,3510,3510,0,0,0
SP3-00464,ok,reserve,2514,2513,0,0,0
SP3-00465,ok,debt,4380,4380,0,0,45528
SP3-00466,ok,debt,1257,1257,0,0,19704
SP3-00467,deficit,none,0,0,0,0,1083014
SP3-00468,ok,goals+,0,0,44026,259170,5666243
SP3-00469,deficit,none,0,0,0,0,733543
SP3-00470,ok,reserve,1848,1847,0,0,0
SP3-00471,ok,reserve,9424,0,6282,0,0
SP3-00472,ok,goals+,0,0,6112,0,305409
SP3-00473,ok,reserve,4947,4946,0,0,0
SP3-00474,ok,debt,25066,25066,0,0,0
SP3-00475,ok,goals+,0,0,18629,0,182502
SP3-00476,ok,reserve,11055,0,5126,0,0
SP3-00477,deficit,none,0,0,0,0,1929178
SP3-00478,ok,reserve,10962,0,7307,0,0
SP3-00479,deficit,none,0,0,0,0,0
SP3-00480,deficit,none,0,0,0,0,4645736
SP3-00481,ok,debt,0,2688,0,0,34385
SP3-00482,ok,debt,0,56010,0,0,33395
SP3-00483,deficit,none,0,0,0,0,0
SP3-00484,ok,debt,5710,5710,0,0,260539
SP3-00485,ok,goals+,0,0,33,35633,1390254
SP3-00486,deficit,none,0,0,0,0,26087606
SP3-00487,deficit,none,0,0,0,0,173000
SP3-00488,ok,goals+,0,0,6,56024,292161
SP3-00489,deficit,none,0,0,0,0,28755617
SP3-00490,ok,debt,3698,8628,0,0,0
SP3-00491,ok,reserve,7673,0,0,0,0
SP3-00492,ok,goals+,46637,0,12257,85712,99687
SP3-00493,ok,reserve,9386,0,6257,0,0
SP3-00494,deficit,none,0,0,0,0,0
SP3-00495,deficit,none,0,0,0,0,950930
SP3-00496,ok,debt,2319,5413,0,0,0
SP3-00497,ok,debt,0,5509,0,0,158240
SP3-00498,invalid,none,0,0,0,0,0
SP3-00499,deficit,none,0,0,0,0,91575
SP3-00500,ok,reserve,14645,0,9763,0,0
SP3-00501,deficit,none,0,0,0,0,231795
SP3-00502,deficit,none,0,0,0,0,0
SP3-00503,ok,goals+,0,0,93,10393,554992
SP3-00504,ok,debt,13638,13638,0,0,0
SP3-00505,deficit,none,0,0,0,0,195500
SP3-00506,ok,debt,0,2757,0,0,22734
SP3-00507,ok,goals+,0,0,4637,0,242544
SP3-00508,deficit,none,0,0,0,0,0
SP3-00509,deficit,none,0,0,0,0,6571021
SP3-00510,ok,reserve,75495,0,13295,0,0
SP3-00511,deficit,none,0,0,0,0,0
SP3-00512,deficit,none,0,0,0,0,1899272
SP3-00513,ok,debt,0,12085,0,0,38769
SP3-00514,ok,debt,3430,8005,0,0,0
SP3-00515,ok,reserve,868,867,0,0,702697
SP3-00516,ok,reserve,1886,0,0,0,0
SP3-00517,deficit,none,0,0,0,0,273743
SP3-00518,ok,debt,0,3993,0,0,12029
SP3-00519,deficit,none,0,0,0,0,2095101
SP3-00520,ok,goals+,0,0,66912,3977,1173010
SP3-00521,deficit,none,0,0,0,0,22043
SP3-00522,ok,reserve,13646,0,1576,0,0
SP3-00523,ok,reserve,5327,5326,0,0,87778
SP3-00524,ok,goals+,0,0,3635,21233,92838
SP3-00525,ok,reserve,101516,0,19164,0,0
SP3-00526,ok,reserve,13526,0,9017,0,0
SP3-00527,deficit,none,0,0,0,0,102679
SP3-00528,ok,reserve,11834,0,7889,0,0
SP3-00529,ok,goals+,0,0,100165,20985,433071
SP3-00530,ok,debt,11397,11397,0,0,0
SP3-00531,invalid,none,0,0,0,0,0
SP3-00532,ok,goals+,0,0,2803,0,668234
SP3-00533,invalid,none,0,0,0,0,0
SP3-00534,ok,debt,0,2515,0,0,155472
SP3-00535,ok,reserve,16242,0,8030,0,0
SP3-00536,deficit,none,0,0,0,0,0
SP3-00537,invalid,none,0,0,0,0,0
SP3-00538,ok,reserve,16312,16311,0,0,195011
SP3-00539,ok,debt,9287,21670,0,0,0
SP3-00540,ok,debt,0,12694,0,0,688783
SP3-00541,ok,reserve,40442,0,26961,0,0
SP3-00542,ok,debt,0,12694,0,0,696515
SP3-00543,ok,reserve,15102,0,0,0,0
SP3-00544,invalid,none,0,0,0,0,0
SP3-00545,invalid,none,0,0,0,0,0
SP3-00546,ok,debt,0,31896,0,0,2132221
SP3-00547,ok,goals+,0,0,4336,0,327013
SP3-00548,ok,goals+,0,0,0,167184,406158
SP3-00549,deficit,none,0,0,0,0,0
SP3-00550,ok,reserve,1727,0,1150,0,0
SP3-00551,ok,goals+,0,0,5712,86,577636
SP3-00552,ok,reserve,12132,0,8088,0,0
SP3-00553,invalid,none,0,0,0,0,0
SP3-00554,deficit,none,0,0,0,0,427706
SP3-00555,ok,reserve,5547,0,3697,0,0
SP3-00556,ok,debt,2764,6451,0,0,0
SP3-00557,deficit,none,0,0,0,0,179931
SP3-00558,ok,debt,48152,48152,0,0,337864
SP3-00559,deficit,none,0,0,0,0,0
SP3-00560,ok,reserve,7290,7289,0,0,0
SP3-00561,ok,debt,0,101981,0,0,1957434
SP3-00562,ok,goals+,0,0,13956,149751,1693908
SP3-00563,invalid,none,0,0,0,0,0
SP3-00564,ok,debt,0,23944,0,0,89228
SP3-00565,ok,goals+,0,0,1129,23787,1262300
SP3-00566,ok,debt,0,14007,0,0,4138
SP3-00567,ok,debt,0,1594,0,0,296696
SP3-00568,deficit,none,0,0,0,0,1036616
SP3-00569,ok,reserve,4771,4770,0,0,0
SP3-00570,deficit,none,0,0,0,0,0
SP3-00571,ok,debt,0,870,0,0,46991
SP3-00572,ok,reserve,8736,0,5824,0,580740
SP3-00573,ok,debt,0,488714,0,0,5434773
SP3-00574,ok,reserve,16428,0,10951,0,0
SP3-00575,invalid,none,0,0,0,0,0
SP3-00576,ok,reserve,9519,0,6346,0,0
SP3-00577,ok,debt,12294,12294,0,0,265444
SP3-00578,deficit,none,0,0,0,0,0
SP3-00579,ok,reserve,6073,0,4049,0,0
SP3-00580,deficit,none,0,0,0,0,0
SP3-00581,ok,debt,0,11190,0,0,20413
SP3-00582,ok,debt,0,24287,0,0,71575
SP3-00583,ok,goals+,0,0,0,6424,0
SP3-00584,ok,goals+,0,0,144,0,317015
SP3-00585,invalid,none,0,0,0,0,0
SP3-00586,ok,reserve,32172,0,21447,0,0
SP3-00587,deficit,none,0,0,0,0,354874
SP3-00588,deficit,none,0,0,0,0,0
SP3-00589,deficit,none,0,0,0,0,0
SP3-00590,deficit,none,0,0,0,0,459063
SP3-00591,ok,debt,0,9601,0,0,77398
SP3-00592,ok,debt,0,140070,0,0,41378
SP3-00593,ok,debt,11254324,11254324,0,0,0
SP3-00594,deficit,none,0,0,0,0,957010
SP3-00595,deficit,none,0,0,0,0,0
SP3-00596,ok,goals+,0,0,43908,418297,4516908
SP3-00597,deficit,none,0,0,0,0,9003600
SP3-00598,deficit,none,0,0,0,0,1854311
SP3-00599,ok,reserve,25602,0,0,0,0
SP3-00600,ok,reserve,9867,0,3938,0,0
SP3-00601,ok,reserve,44624,0,11477,0,0
SP3-00602,deficit,none,0,0,0,0,0
SP3-00603,ok,reserve,1647,0,1098,0,0
SP3-00604,ok,goals+,0,0,7603,37169,9037064
SP3-00605,ok,debt,28788,28788,0,0,798488
SP3-00606,ok,reserve,36568,0,2590,9496,0
SP3-00607,ok,goals+,0,0,2171,4416,286981
SP3-00608,ok,reserve,5446,0,3630,0,0
SP3-00609,deficit,none,0,0,0,0,153627
SP3-00610,ok,reserve,71248,0,6280,0,0
SP3-00611,ok,debt,0,9125,0,0,31711
SP3-00612,deficit,none,0,0,0,0,519119
SP3-00613,deficit,none,0,0,0,0,0
SP3-00614,deficit,none,0,0,0,0,1921063
SP3-00615,ok,reserve,14493,0,9661,0,0
SP3-00616,deficit,none,0,0,0,0,68052
SP3-00617,deficit,none,0,0,0,0,32416
SP3-00618,ok,debt,15041,15041,0,0,285268
SP3-00619,ok,debt,12323,28754,0,0,0
SP3-00620,ok,debt,28462,28462,0,0,0
SP3-00621,ok,debt,1188,1188,0,0,68774
SP3-00622,ok,debt,0,12126,0,0,129503
SP3-00623,ok,reserve,15073,0,0,0,1194614
SP3-00624,ok,goals+,0,0,0,5004,143473
SP3-00625,ok,goals+,0,0,0,451217,3808316
SP3-00626,ok,debt,0,4300,0,0,46470
SP3-00627,ok,debt,0,5828,0,0,489521
SP3-00628,ok,reserve,1715,1714,0,0,0
SP3-00629,ok,goals+,0,0,0,37170,259571
SP3-00630,ok,goals+,0,0,9934,27529,246530
SP3-00631,deficit,none,0,0,0,0,205074
SP3-00632,ok,reserve,11277237,11277236,0,0,5807040282
SP3-00633,ok,reserve,35816,35815,0,0,0
SP3-00634,ok,reserve,16264,0,10843,0,0
SP3-00635,ok,goals+,0,0,0,11488,63412
SP3-00636,deficit,none,0,0,0,0,669157
SP3-00637,deficit,none,0,0,0,0,0
SP3-00638,ok,debt,4257,9933,0,0,0
SP3-00639,ok,goals+,0,0,19462,80509,1828371
SP3-00640,deficit,none,0,0,0,0,3889450
SP3-00641,ok,goals+,0,0,363448,115193,3086399
SP3-00642,ok,reserve,3520,0,1483,0,0
SP3-00643,deficit,none,0,0,0,0,41803
SP3-00644,deficit,none,0,0,0,0,0
SP3-00645,ok,goals+,0,0,0,30489,1351737
SP3-00646,ok,debt,0,214315,0,0,334755
SP3-00647,ok,debt,3925,9161,0,0,0
SP3-00648,ok,reserve,39580,0,0,0,0
SP3-00649,deficit,none,0,0,0,0,0
SP3-00650,deficit,none,0,0,0,0,0
SP3-00651,ok,reserve,23770,0,15846,0,0
SP3-00652,ok,goals+,0,0,0,1527,3178847
SP3-00653,ok,reserve,1224,0,815,0,0
SP3-00654,deficit,none,0,0,0,0,0
SP3-00655,deficit,none,0,0,0,0,96694
SP3-00656,deficit,none,0,0,0,0,0
SP3-00657,ok,debt,6601,15403,0,0,0
SP3-00658,deficit,none,0,0,0,0,54105
SP3-00659,ok,reserve,10031,0,6686,0,0
SP3-00660,ok,reserve,39899,39898,0,0,0
SP3-00661,deficit,none,0,0,0,0,0
SP3-00662,deficit,none,0,0,0,0,14179579
SP3-00663,deficit,none,0,0,0,0,0
SP3-00664,ok,reserve,8638,0,5759,0,123952
SP3-00665,deficit,none,0,0,0,0,0
SP3-00666,deficit,none,0,0,0,0,1371230
SP3-00667,ok,reserve,12809,12808,0,0,279913
SP3-00668,deficit,none,0,0,0,0,7988959
SP3-00669,deficit,none,0,0,0,0,246960
SP3-00670,deficit,none,0,0,0,0,2569435
SP3-00671,ok,debt,3627,8466,0,0,0
SP3-00672,deficit,none,0,0,0,0,931027
SP3-00673,ok,debt,0,10400,0,0,16055
SP3-00674,ok,goals+,0,0,1544,12692,245543
SP3-00675,deficit,none,0,0,0,0,1778315
SP3-00676,deficit,none,0,0,0,0,0
SP3-00677,ok,debt,0,1662,0,0,7735
SP3-00678,deficit,none,0,0,0,0,0
SP3-00679,deficit,none,0,0,0,0,1388154
SP3-00680,ok,debt,926,926,0,0,0
SP3-00681,ok,goals+,0,0,4417,9954,108494
SP3-00682,ok,reserve,2940,0,1960,0,0
SP3-00683,ok,debt,66,154,0,0,0
SP3-00684,deficit,none,0,0,0,0,8747
SP3-00685,ok,debt,0,32672,0,0,948748
SP3-00686,deficit,none,0,0,0,0,0
SP3-00687,deficit,none,0,0,0,0,47927
SP3-00688,ok,debt,2967,6923,0,0,0
SP3-00689,ok,debt,1678,5903,0,0,0
SP3-00690,deficit,none,0,0,0,0,24767
SP3-00691,deficit,none,0,0,0,0,129190
SP3-00692,deficit,none,0,0,0,0,316739
SP3-00693,deficit,none,0,0,0,0,6042
SP3-00694,ok,reserve,8533,0,0,0,0
SP3-00695,deficit,none,0,0,0,0,0
SP3-00696,ok,reserve,4694,0,3129,0,0
SP3-00697,deficit,none,0,0,0,0,0
SP3-00698,ok,debt,0,7098,0,0,83325
SP3-00699,deficit,none,0,0,0,0,949766
SP3-00700,ok,debt,7280,16988,0,0,0
SP3-00701,deficit,none,0,0,0,0,2598216
SP3-00702,deficit,none,0,0,0,0,113617
SP3-00703,deficit,none,0,0,0,0,0
SP3-00704,deficit,none,0,0,0,0,296773
SP3-00705,ok,reserve,11629,0,3938,0,0
SP3-00706,deficit,none,0,0,0,0,0
SP3-00707,deficit,none,0,0,0,0,140484
SP3-00708,ok,debt,0,160432,0,0,321237
SP3-00709,deficit,none,0,0,0,0,59360
SP3-00710,ok,debt,0,91193,0,0,761883
SP3-00711,ok,reserve,17965,0,0,0,0
SP3-00712,ok,goals+,0,0,52201,23129,708631
SP3-00713,ok,debt,15128,15128,0,0,0
SP3-00714,ok,reserve,10517,0,7011,0,0
SP3-00715,deficit,none,0,0,0,0,28042
SP3-00716,ok,goals+,0,0,0,129336,476869
SP3-00717,ok,debt,1486,3468,0,0,0
SP3-00718,ok,reserve,1916,1915,0,0,0
SP3-00719,ok,goals+,0,0,3956,129628,10841267
SP3-00720,ok,debt,2486,5801,0,0,0
SP3-00721,ok,goals+,0,0,2355,14031,265635
SP3-00722,ok,reserve,449,0,299,0,0
SP3-00723,ok,reserve,6690,0,4460,0,94926
SP3-00724,ok,reserve,46269,0,17294,0,0
SP3-00725,ok,goals+,0,0,0,104450,1011192
SP3-00726,ok,reserve,64463,0,14857,0,0
SP3-00727,deficit,none,0,0,0,0,112716
SP3-00728,ok,debt,0,4234,0,0,163971
SP3-00729,ok,debt,0,19541,0,0,112179
SP3-00730,deficit,none,0,0,0,0,0
SP3-00731,ok,debt,0,794101,0,0,3170807
SP3-00732,ok,debt,0,3831,0,0,199718
SP3-00733,ok,goals+,0,0,37114,176568,3625152
SP3-00734,ok,reserve,942,0,627,0,0
SP3-00735,ok,debt,5324,12781,0,0,0
SP3-00736,ok,debt,0,1403,0,0,8914
SP3-00737,deficit,none,0,0,0,0,33911
SP3-00738,deficit,none,0,0,0,0,133529
SP3-00739,ok,goals+,0,0,4049,12044,2830748
SP3-00740,deficit,none,0,0,0,0,1495670
SP3-00741,ok,debt,0,72396,0,0,61443
SP3-00742,ok,debt,1762,4114,0,0,0
SP3-00743,ok,goals+,0,0,2745,6393,0
SP3-00744,ok,debt,0,10229,0,0,227573
SP3-00745,ok,reserve,2376,2375,0,0,0
SP3-00746,deficit,none,0,0,0,0,1794377
SP3-00747,ok,reserve,16463,0,834,0,0
SP3-00748,deficit,none,0,0,0,0,81958
SP3-00749,ok,goals+,0,0,128140,0,7737992
SP3-00750,ok,debt,0,1403,0,0,8914
SP3-00751,ok,goals+,0,0,0,7882,1585417
SP3-00752,ok,debt,0,19542,0,0,218770
SP3-00753,ok,debt,2772,6470,0,0,0
SP3-00754,ok,debt,1768,1768,0,0,0
SP3-00755,deficit,none,0,0,0,0,0
SP3-00756,ok,goals+,0,0,32840,0,1629803
SP3-00757,deficit,none,0,0,0,0,84851
SP3-04718,invalid,none,0,0,0,0,0
SP3-00759,deficit,none,0,0,0,0,221125
SP3-00760,ok,reserve,5707,0,3805,0,0
SP3-00761,ok,goals+,0,0,0,9146,1273249
SP3-00762,ok,debt,0,16801,0,0,22511
SP3-00763,ok,debt,0,7300,0,0,18487
SP3-00764,deficit,none,0,0,0,0,39992
SP3-00765,ok,reserve,7729,7728,0,0,359300
SP3-00766,deficit,none,0,0,0,0,1783149
SP3-00767,ok,debt,0,13578,0,0,24814
SP3-00768,ok,reserve,2537,0,1691,0,0
SP3-00769,ok,debt,1768,1768,0,0,0
SP3-00770,deficit,none,0,0,0,0,4839768
SP3-00771,ok,debt,0,11894,0,0,5882
SP3-00772,deficit,none,0,0,0,0,0
SP3-00773,deficit,none,0,0,0,0,100967
SP3-00774,ok,reserve,7853,7852,0,0,0
SP3-00775,deficit,none,0,0,0,0,1304799
SP3-00776,invalid,none,0,0,0,0,0
SP3-00777,ok,debt,361,843,0,0,0
SP3-00778,ok,reserve,19665,0,1435,0,0
SP3-00779,ok,debt,12986,12986,0,0,0
SP3-00780,ok,goals+,0,0,523,28339,799961
SP3-00781,ok,reserve,4121,4120,0,0,0
SP3-00782,ok,goals+,0,0,35099,9937,30521880
SP3-00783,deficit,none,0,0,0,0,0
SP3-00784,deficit,none,0,0,0,0,476392
SP3-00785,ok,debt,2441,2441,0,0,0
SP3-00786,deficit,none,0,0,0,0,941927
SP3-00787,ok,goals+,0,0,0,28243,285012
SP3-00788,deficit,none,0,0,0,0,0
SP3-00789,ok,goals+,0,0,5556,0,86128
SP3-00790,ok,debt,3606,3606,0,0,286347
SP3-00791,deficit,none,0,0,0,0,180010
SP3-00792,invalid,none,0,0,0,0,0
SP3-00793,ok,debt,9932,9932,0,0,0
SP3-00794,deficit,none,0,0,0,0,94529
SP3-00795,deficit,none,0,0,0,0,0
SP3-00796,deficit,none,0,0,0,0,76077
SP3-00797,ok,reserve,7906,0,0,4244,0
SP3-00798,deficit,none,0,0,0,0,140154
SP3-00799,deficit,none,0,0,0,0,9545987
SP3-00800,ok,reserve,4106,4105,0,0,0
SP3-00801,ok,debt,0,16389,0,0,47283
SP3-00802,ok,goals+,0,0,62899,393240,5809661
SP3-00803,ok,reserve,35676,0,23783,0,0
SP3-00804,ok,goals+,2891,0,24717,0,0
SP3-00805,deficit,none,0,0,0,0,0
SP3-00806,ok,goals+,4017,0,5479,0,0
SP3-00807,deficit,none,0,0,0,0,4211579
SP3-00808,deficit,none,0,0,0,0,61613
SP3-00809,ok,reserve,104214025,104214024,0,0,0
SP3-00810,deficit,none,0,0,0,0,123432
SP3-00811,deficit,none,0,0,0,0,49902
SP3-00812,deficit,none,0,0,0,0,102036
SP3-00813,deficit,none,0,0,0,0,0
SP3-00814,deficit,none,0,0,0,0,2790774
SP3-00815,deficit,none,0,0,0,0,11503810
SP3-00816,deficit,none,0,0,0,0,6717082
SP3-00817,ok,debt,78,78,0,0,0
SP3-00818,ok,debt,515,1202,0,0,0
SP3-00819,ok,reserve,1959,1958,0,0,0
SP3-00820,ok,debt,41056,41056,0,0,0
SP3-00821,deficit,none,0,0,0,0,17901394
SP3-00822,ok,reserve,30186,0,20123,0,0
SP3-00823,deficit,none,0,0,0,0,221769
SP3-00824,deficit,none,0,0,0,0,78052
SP3-00825,deficit,none,0,0,0,0,5732620
SP3-00826,deficit,none,0,0,0,0,29744
SP3-00827,ok,reserve,16266,0,10844,0,65204
SP3-00828,ok,debt,0,25537,0,0,26092
SP3-00829,ok,reserve,724,723,0,0,0
SP3-00830,ok,debt,14524,33892,0,0,0
SP3-00831,deficit,none,0,0,0,0,104551
SP3-00832,ok,goals+,0,0,0,21084,401236
SP3-00833,ok,reserve,1200,0,800,0,0
SP3-00834,ok,reserve,47264,0,9414,24525,0
SP3-00835,deficit,none,0,0,0,0,38865
SP3-00836,ok,goals+,0,0,0,4724,1809390
SP3-00837,ok,goals+,0,0,0,21899,16639636
SP3-00838,ok,reserve,19254,0,0,0,0
SP3-00839,ok,debt,0,8861,0,0,44624
SP3-00840,deficit,none,0,0,0,0,5439
SP3-00841,ok,debt,1822,4253,0,0,0
SP3-00842,ok,goals+,0,0,33294,0,1040264
SP3-00843,ok,debt,0,5462,0,0,16714
SP3-00844,ok,reserve,5122,5121,0,0,15101
SP3-00845,deficit,none,0,0,0,0,0
SP3-00846,ok,reserve,30040,0,19865,0,0
SP3-00847,ok,reserve,19808,0,13205,0,0
SP3-00848,ok,reserve,11444,0,0,0,0
SP3-00849,ok,goals+,0,0,12776,0,2520189
SP3-00850,deficit,none,0,0,0,0,0
SP3-00851,ok,reserve,22680,0,15119,0,0
SP3-00852,deficit,none,0,0,0,0,145882
SP3-00853,ok,reserve,9642,0,0,0,0
SP3-00854,deficit,none,0,0,0,0,0
SP3-00855,ok,debt,0,4134,0,0,3733
SP3-00856,ok,reserve,10,9,0,0,141583
SP3-00857,ok,debt,0,2987,0,0,126085
SP3-00858,invalid,none,0,0,0,0,0
SP3-00859,deficit,none,0,0,0,0,4244802
SP3-00860,deficit,none,0,0,0,0,29744
SP3-00861,deficit,none,0,0,0,0,0
SP3-00862,deficit,none,0,0,0,0,87644
SP3-00863,ok,debt,0,777,0,0,42450
SP3-00864,ok,goals+,0,0,311510,101749,5261285
SP3-00865,ok,debt,3855,8997,0,0,0
SP3-00866,deficit,none,0,0,0,0,0
SP3-00867,ok,goals+,0,0,25,33099,55193
SP3-00868,ok,goals+,0,0,274819,11325,11964362
SP3-00869,ok,goals+,0,0,7612,19865,57965
SP3-00870,ok,goals+,0,0,7180,21815,6756209
SP3-00871,ok,reserve,7996,0,5330,0,634989
SP3-00872,ok,reserve,3049,3048,0,0,0
SP3-00873,ok,reserve,26906,0,17937,0,0
SP3-00874,invalid,none,0,0,0,0,0
SP3-00875,ok,goals+,0,0,13982,50775,1139359
SP3-00876,ok,goals+,0,0,7585,67951,711990
SP3-00877,ok,goals+,204,0,4581,0,348737
SP3-00878,ok,goals+,0,0,225,3757,0
SP3-00879,invalid,none,0,0,0,0,0
SP3-00880,ok,goals+,0,0,12781,39906,7581989
SP3-00881,ok,reserve,9085,0,6056,0,0
SP3-00882,ok,debt,15052764,15052764,0,0,1012301903
SP3-00883,deficit,none,0,0,0,0,0
SP3-00884,deficit,none,0,0,0,0,0
SP3-00885,ok,goals+,0,0,6826,13103,0
SP3-00886,ok,goals+,0,0,1691,5446,169880
SP3-00887,ok,reserve,4819,0,0,0,53483
SP3-00888,deficit,none,0,0,0,0,362853
SP3-00889,deficit,none,0,0,0,0,146666
SP3-00890,ok,goals+,0,0,61529,10345,748363
SP3-00891,ok,reserve,14490,0,0,0,0
SP3-00892,invalid,none,0,0,0,0,0
SP3-00893,ok,debt,0,3316,0,0,86209
SP3-00894,ok,debt,0,739,0,0,49039
SP3-00895,deficit,none,0,0,0,0,10217883
SP3-00896,ok,debt,23982,23982,0,0,0
SP3-00897,ok,debt,0,44972,0,0,1354133
SP3-00898,deficit,none,0,0,0,0,848737
SP3-00899,deficit,none,0,0,0,0,217694
SP3-00900,ok,debt,8032,18743,0,0,0
SP3-00901,deficit,none,0,0,0,0,40110
SP3-00902,deficit,none,0,0,0,0,95770
SP3-00903,ok,reserve,17991,0,2576,0,0
SP3-00904,ok,debt,0,5974,0,0,19280
SP3-00905,deficit,none,0,0,0,0,331173
SP3-00906,ok,reserve,14512,0,0,0,0
SP3-00907,ok,goals+,0,0,0,10622,0
SP3-00908,ok,reserve,6937,0,0,0,0
SP3-00909,deficit,none,0,0,0,0,0
SP3-00910,deficit,none,0,0,0,0,447048
SP3-00911,ok,reserve,34250,0,0,0,0
SP3-00912,deficit,none,0,0,0,0,31538
SP3-00913,ok,reserve,2888,0,1925,0,0
SP3-00914,deficit,none,0,0,0,0,0
SP3-00915,deficit,none,0,0,0,0,232886
SP3-00916,deficit,none,0,0,0,0,115515
SP3-00917,deficit,none,0,0,0,0,66519
SP3-00918,deficit,none,0,0,0,0,2061963
SP3-00919,deficit,none,0,0,0,0,0
SP3-00920,ok,reserve,17165,0,11443,0,0
SP3-00921,ok,debt,796,1859,0,0,0
SP3-00922,deficit,none,0,0,0,0,293563
SP3-00923,ok,reserve,80190,0,37313,0,0
SP3-00924,ok,debt,0,73880,0,0,147736
SP3-00925,ok,reserve,83468,0,14717,0,0
SP3-00926,deficit,none,0,0,0,0,115274
SP3-00927,ok,goals+,0,0,3082,12175,178194
SP3-00928,deficit,none,0,0,0,0,0
SP3-00929,deficit,none,0,0,0,0,321757
SP3-00930,ok,debt,0,25235,0,0,22503
SP3-00931,deficit,none,0,0,0,0,0
SP3-00932,ok,reserve,15531,15530,0,0,0
SP3-00933,ok,goals+,0,0,11172,311530,4747059
SP3-00934,ok,debt,264,264,0,0,0
SP3-00935,deficit,none,0,0,0,0,16590
SP3-00936,ok,reserve,6320,6319,0,0,0
SP3-00937,ok,debt,1057,2469,0,0,0
SP3-00938,deficit,none,0,0,0,0,226896
SP3-00939,ok,goals+,0,0,6317,12816,675098
SP3-00940,deficit,none,0,0,0,0,874843
SP3-00941,ok,reserve,45867,0,0,36387,0
SP3-00942,deficit,none,0,0,0,0,0
SP3-00943,deficit,none,0,0,0,0,0
SP3-00944,ok,debt,0,6065,0,0,114440
SP3-00945,invalid,none,0,0,0,0,0
SP3-00946,ok,reserve,899,898,0,0,0
SP3-00947,ok,debt,3099,7231,0,0,0
SP3-00948,deficit,none,0,0,0,0,906545
SP3-00949,ok,debt,0,3316,0,0,86209
SP3-00950,ok,reserve,12461,0,8307,0,0
SP3-00951,ok,debt,0,5653,0,0,102140
SP3-00952,ok,goals+,0,0,0,46126,2725319
SP3-00953,deficit,none,0,0,0,0,0
SP3-00954,ok,goals+,0,0,17692,15036,586599
SP3-00955,deficit,none,0,0,0,0,11800874
SP3-00956,ok,debt,1789,4177,0,0,0
SP3-00957,ok,debt,0,7540,0,0,136604
SP3-00958,ok,reserve,5038,0,0,0,0
SP3-00959,deficit,none,0,0,0,0,0
SP3-00960,deficit,none,0,0,0,0,839372
SP3-00961,ok,reserve,35954,0,427,0,0
SP3-00962,invalid,none,0,0,0,0,0
SP3-00963,ok,debt,0,150440,0,0,946905
SP3-00964,ok,debt,0,18498,0,0,227039
SP3-00965,ok,debt,0,13028,0,0,78814
SP3-00966,deficit,none,0,0,0,0,264359
SP3-00967,ok,debt,0,93903,0,69660,415278
SP3-00968,deficit,none,0,0,0,0,0
SP3-00969,deficit,none,0,0,0,0,1881555
SP3-00970,ok,debt,3354,7826,0,0,0
SP3-00971,ok,goals+,0,0,52505,186323,818189
SP3-00972,ok,reserve,8986,0,5991,0,0
SP3-00973,ok,reserve,17317,0,0,0,0
SP3-00974,deficit,none,0,0,0,0,16314
SP3-00975,ok,reserve,53971,0,2179,0,0
SP3-00976,deficit,none,0,0,0,0,0
SP3-00977,invalid,none,0,0,0,0,0
SP3-00978,deficit,none,0,0,0,0,0
SP3-00979,ok,none,0,0,0,0,517554
SP3-00980,ok,none,0,0,0,0,266877
SP3-00981,deficit,none,0,0,0,0,674335
SP3-00982,deficit,none,0,0,0,0,0
SP3-00983,ok,goals+,3473,0,3828,0,0
SP3-00984,deficit,none,0,0,0,0,119305
SP3-00985,ok,reserve,1659,0,1105,0,8915
SP3-00986,deficit,none,0,0,0,0,231515
SP3-00987,ok,debt,0,8027,0,0,228803
SP3-00988,deficit,none,0,0,0,0,0
SP3-00989,ok,reserve,9857,0,6570,0,0
SP3-00990,deficit,none,0,0,0,0,0
SP3-00991,ok,goals+,0,0,12435,70702,2193626
SP3-00992,ok,reserve,20642,0,13761,0,0
SP3-00993,ok,reserve,5214,5213,0,0,0
SP3-00994,ok,debt,1964,4584,0,0,0
SP3-00995,deficit,none,0,0,0,0,91486
SP3-00996,deficit,none,0,0,0,0,255075
SP3-00997,deficit,none,0,0,0,0,0
SP3-00998,deficit,none,0,0,0,0,0
SP3-00999,ok,goals+,0,0,331,10239,64520
SP3-01000,invalid,none,0,0,0,0,0
SP3-01001,ok,debt,0,6008,0,0,63984
SP3-01002,deficit,none,0,0,0,0,575156
SP3-01003,ok,goals+,0,0,1856,10472,384713
SP3-01004,ok,reserve,18772,18771,0,0,10181
SP3-01005,ok,goals+,0,0,12704,96523,2463951
SP3-01006,ok,goals+,0,0,11868,0,1612181
SP3-01007,ok,debt,0,2172,0,0,11906
SP3-01008,ok,reserve,3622,3621,0,0,0
SP3-01009,deficit,none,0,0,0,0,0
SP3-01010,deficit,none,0,0,0,0,0
SP3-01011,deficit,none,0,0,0,0,89444
SP3-01012,ok,reserve,73605,0,14474,0,176715
SP3-01013,deficit,none,0,0,0,0,62443
SP3-01014,ok,goals+,0,0,381,62925,730445
SP3-01015,deficit,none,0,0,0,0,2020349
SP3-01016,deficit,none,0,0,0,0,10924
SP3-01017,ok,goals+,0,278,6309,0,323066
SP3-01018,deficit,none,0,0,0,0,82337
SP3-01019,deficit,none,0,0,0,0,38150
SP3-01020,ok,reserve,2472,0,1648,0,0
SP3-01021,deficit,none,0,0,0,0,245339
SP3-01022,ok,debt,0,9958,0,0,36491
SP3-01023,deficit,none,0,0,0,0,511085
SP3-01024,ok,debt,0,4406,2173,0,86532
SP3-01025,deficit,none,0,0,0,0,252225
SP3-01026,ok,debt,0,2975,0,0,105551
SP3-01027,deficit,none,0,0,0,0,0
SP3-01028,ok,reserve,8688,8687,0,0,0
SP3-01029,deficit,none,0,0,0,0,0
SP3-01030,deficit,none,0,0,0,0,221116
SP3-01031,deficit,none,0,0,0,0,2886852
SP3-01032,ok,goals+,0,0,99705,137065,1182020
SP3-01033,deficit,none,0,0,0,0,2729470
SP3-01034,deficit,none,0,0,0,0,23722
SP3-01035,invalid,none,0,0,0,0,0
SP3-01036,ok,goals+,0,0,7746,55018,647013
SP3-01037,ok,reserve,14793,0,0,0,0
SP3-01038,ok,reserve,33750,0,22500,0,971247
SP3-01039,ok,debt,0,19268,0,0,493773
SP3-01040,ok,reserve,10124,0,6749,0,0
SP3-01041,invalid,none,0,0,0,0,0
SP3-01042,ok,debt,0,19760,0,0,134977
SP3-01043,deficit,none,0,0,0,0,294174
SP3-01044,ok,goals+,0,0,310,2729,419928
SP3-01045,ok,debt,7529,7529,0,0,0
SP3-01046,ok,reserve,22020,0,14679,0,0
SP3-01047,ok,reserve,6495,0,4329,0,2766562
SP3-01048,ok,reserve,11874,0,807,10656,0
SP3-01049,ok,goals+,0,0,13239,0,38721733
SP3-01050,deficit,none,0,0,0,0,212579
SP3-01051,ok,reserve,41468850,41468849,0,0,0
SP3-01052,deficit,none,0,0,0,0,0
SP3-01053,deficit,none,0,0,0,0,10683609
SP3-01054,ok,goals+,0,0,367,8856,253378
SP3-01055,deficit,none,0,0,0,0,861250
SP3-01056,deficit,none,0,0,0,0,0
SP3-01057,invalid,none,0,0,0,0,0
SP3-01058,deficit,none,0,0,0,0,30537
SP3-01059,ok,debt,0,8103,0,0,102205
SP3-01060,invalid,none,0,0,0,0,0
SP3-01061,deficit,none,0,0,0,0,425688
SP3-01062,deficit,none,0,0,0,0,152706
SP3-01063,ok,debt,0,3540,0,0,264497
SP3-01064,ok,reserve,10625,10624,0,0,0
SP3-01065,deficit,none,0,0,0,0,579911
SP3-01066,deficit,none,0,0,0,0,97378
SP3-01067,ok,reserve,5080,5079,0,0,175887
SP3-01068,deficit,none,0,0,0,0,440220
SP3-01069,ok,goals+,0,0,3201,31838,560144
SP3-01070,deficit,none,0,0,0,0,6148611
SP3-01071,invalid,none,0,0,0,0,0
SP3-01072,ok,debt,0,19870,0,0,5963
SP3-01073,ok,debt,4146,9674,0,0,0
SP3-01074,ok,reserve,1659,0,1105,0,8915
SP3-01075,invalid,none,0,0,0,0,0
SP3-01076,ok,debt,0,2389,0,0,17058
SP3-01077,deficit,none,0,0,0,0,11463227
SP3-01078,ok,goals+,0,0,0,17517,1543172
SP3-01079,ok,goals+,0,0,19138,0,18607884
SP3-01080,deficit,none,0,0,0,0,0
SP3-01081,deficit,none,0,0,0,0,236295
SP3-01082,ok,reserve,80101,0,9460,0,0
SP3-01083,deficit,none,0,0,0,0,945797
SP3-01084,ok,goals+,0,0,1869,0,1957188
SP3-01085,ok,reserve,355362993,355362992,0,0,0
SP3-01086,ok,goals+,0,0,18690,0,19571883
SP3-01087,ok,reserve,20289,20288,0,0,0
SP3-01088,invalid,none,0,0,0,0,0
SP3-01089,ok,reserve,11145,0,7430,0,0
SP3-01090,deficit,none,0,0,0,0,1192100
SP3-01091,deficit,none,0,0,0,0,0
SP3-01092,ok,debt,0,14206,0,0,72236
SP3-01093,ok,goals+,0,0,17239,0,846717
SP3-01094,deficit,none,0,0,0,0,880573
SP3-01095,deficit,none,0,0,0,0,286256
SP3-01096,deficit,none,0,0,0,0,2354355
SP3-01097,ok,goals+,0,0,4431,367,185777
SP3-01098,deficit,none,0,0,0,0,100481
SP3-01099,deficit,none,0,0,0,0,274314
SP3-01100,ok,reserve,8572,0,0,0,104811
SP3-01101,ok,reserve,3178,3177,0,0,0
SP3-01102,ok,debt,0,36948,0,0,792203
SP3-01103,deficit,none,0,0,0,0,97502
SP3-01104,deficit,none,0,0,0,0,0
SP3-01105,ok,reserve,75939,0,10464,0,0
SP3-01106,deficit,none,0,0,0,0,13467311
SP3-01107,ok,reserve,16099,0,10732,0,0
SP3-01108,deficit,none,0,0,0,0,0
SP3-01109,deficit,none,0,0,0,0,623480
SP3-01110,ok,goals+,0,0,11242,29528,9050082
SP3-01111,deficit,none,0,0,0,0,101410
SP3-01112,deficit,none,0,0,0,0,695071
SP3-01113,ok,goals+,0,0,16405,137,9473047
SP3-01114,ok,debt,1216,1216,0,0,0
SP3-01115,deficit,none,0,0,0,0,9661526
SP3-01116,deficit,none,0,0,0,0,99753
SP3-01117,deficit,none,0,0,0,0,0
SP3-01118,deficit,none,0,0,0,0,0
SP3-01119,ok,goals+,3511,0,8039,0,78864
SP3-01120,ok,goals+,0,0,13262,20412,318960
SP3-01121,ok,goals+,0,0,0,3174,120632
SP3-01122,ok,debt,7672,17903,0,0,0
SP3-01123,ok,debt,0,32578,0,0,15197
SP3-01124,ok,debt,5893,5893,0,0,31789
SP3-01125,ok,debt,10944,10944,0,0,0
SP3-01126,deficit,none,0,0,0,0,0
SP3-01127,ok,reserve,6519,0,4345,0,0
SP3-01128,deficit,none,0,0,0,0,225040
SP3-01129,deficit,none,0,0,0,0,206055
SP3-01130,deficit,none,0,0,0,0,1834239
SP3-01131,invalid,none,0,0,0,0,0
SP3-01132,deficit,none,0,0,0,0,10980219
SP3-01133,deficit,none,0,0,0,0,0
SP3-01134,deficit,none,0,0,0,0,2055250
SP3-01135,ok,reserve,9934,9933,0,0,0
SP3-01136,deficit,none,0,0,0,0,3201987
SP3-01137,deficit,none,0,0,0,0,9644710
SP3-01138,ok,goals+,0,0,128140,12096,600062
SP3-01139,deficit,none,0,0,0,0,12704858
SP3-01140,deficit,none,0,0,0,0,1865656
SP3-01141,deficit,none,0,0,0,0,0
SP3-01142,ok,debt,2124,4958,0,0,0
SP3-01143,ok,reserve,26766,0,2474,0,0
SP3-01144,ok,reserve,103,0,68,0,0
SP3-01145,invalid,none,0,0,0,0,0
SP3-01146,ok,reserve,12886,12885,0,0,0
SP3-01147,ok,debt,6626,6626,0,0,0
SP3-01148,deficit,none,0,0,0,0,95969
SP3-01149,ok,none,0,0,0,0,316340
SP3-01150,deficit,none,0,0,0,0,0
SP3-01151,ok,debt,7502,17506,0,0,0
SP3-01152,invalid,none,0,0,0,0,0
SP3-01153,ok,goals+,0,0,8237,0,1341891
SP3-01154,ok,debt,418468342,657469892,0,0,4376910817
SP3-01155,ok,goals+,0,0,0,6381,187571
SP3-01156,ok,goals+,0,0,36579324,129123549,1469174603
SP3-01157,ok,goals+,0,0,45819,496691,3426365
SP3-01158,ok,reserve,11055,11054,0,0,0
SP3-01159,ok,reserve,59104,0,0,0,0
SP3-01160,deficit,none,0,0,0,0,0
SP3-01161,deficit,none,0,0,0,0,17972
SP3-01162,ok,debt,0,16762,0,0,16994
SP3-01163,ok,reserve,33778,0,22519,0,0
SP3-01164,ok,reserve,61977,0,5502,0,0
SP3-01165,ok,reserve,4432,4431,0,0,0
SP3-01166,deficit,none,0,0,0,0,0
SP3-01167,ok,debt,0,30267,0,0,12305
SP3-01168,deficit,none,0,0,0,0,36700862
SP3-01169,invalid,none,0,0,0,0,0
SP3-01170,ok,goals+,0,0,42907,30974,736873
SP3-01171,ok,reserve,16817,0,473,0,0
SP3-01172,ok,reserve,4638,0,3091,0,0
SP3-01173,deficit,none,0,0,0,0,387785
SP3-01174,deficit,none,0,0,0,0,4133967
SP3-01175,ok,reserve,22386,0,14923,0,0
SP3-01176,ok,debt,0,2669,0,0,77588
SP3-01177,ok,debt,12102,12102,0,0,673973
SP3-01178,ok,goals+,0,0,306302,0,6089492
SP3-01179,ok,debt,5992,5992,0,0,0
SP3-01180,ok,goals+,0,0,495,0,82488
SP3-01181,ok,reserve,33633,33632,0,0,0
SP3-01182,deficit,none,0,0,0,0,0
SP3-01183,ok,debt,3091,3091,0,0,0
SP3-01184,ok,debt,5522,5522,0,0,0
SP3-01185,ok,reserve,13921,0,5846,0,0
SP3-01186,ok,reserve,17268,0,0,0,0
SP3-01187,deficit,none,0,0,0,0,0
SP3-01188,ok,goals+,0,0,9213,52472,731334
SP3-01189,ok,debt,3343,4384,2229,0,65997
SP3-01190,ok,debt,5992,5992,0,0,0
SP3-01191,invalid,none,0,0,0,0,0
SP3-01192,deficit,none,0,0,0,0,14189
SP3-01193,ok,reserve,49214,49213,0,0,0
SP3-01194,ok,debt,0,9340,0,0,137272
SP3-01195,ok,goals+,0,0,6208,11467,339576
SP3-01196,deficit,none,0,0,0,0,1245
SP3-01197,deficit,none,0,0,0,0,1508295
SP3-01198,ok,goals+,0,0,10435,377115,7846077
SP3-01199,ok,debt,0,20088,0,0,170428
SP3-01200,deficit,none,0,0,0,0,72540
SP3-01201,ok,reserve,675,0,450,0,0
SP3-01202,ok,reserve,22191,0,14794,0,0
SP3-01203,ok,reserve,25908,0,17272,0,0
SP3-01204,ok,debt,0,2581,0,0,140082
SP3-01205,ok,debt,0,4454,0,0,912140
SP3-01206,ok,debt,10113,10113,0,0,0
SP3-01207,ok,goals+,0,0,11319,220685,1370001
SP3-01208,ok,reserve,57827,57826,0,0,391198
SP3-01209,deficit,none,0,0,0,0,112970
SP3-01210,ok,reserve,462,461,0,0,0
SP3-01211,deficit,none,0,0,0,0,4028861
SP3-01212,ok,debt,62,62,0,0,0
SP3-01213,ok,debt,6500,6500,0,0,17126
SP3-01214,ok,debt,3469,8096,0,0,0
SP3-01215,ok,reserve,3397,3396,0,0,0
SP3-01216,ok,debt,2289,5341,0,0,0
SP3-01217,deficit,none,0,0,0,0,0
SP3-01218,ok,goals+,0,0,0,12354,378131
SP3-01219,ok,reserve,41634,0,15353,0,0
SP3-01220,deficit,none,0,0,0,0,49576
SP3-01221,ok,goals+,0,0,7039,15760,321807
SP3-01222,ok,debt,0,7729,0,0,13018
SP3-01223,ok,goals+,71978,0,0,224507,0
SP3-01224,deficit,none,0,0,0,0,9671
SP3-01225,ok,debt,2630,2630,0,0,0
SP3-01226,ok,goals+,0,0,2329,7717,119018
SP3-01227,deficit,none,0,0,0,0,0
SP3-01228,ok,reserve,32012,0,21341,0,0
SP3-01229,deficit,none,0,0,0,0,104438
SP3-01230,deficit,none,0,0,0,0,3184263
SP3-01231,deficit,none,0,0,0,0,0
SP3-01232,ok,debt,0,12688,0,0,5288
SP3-01233,deficit,none,0,0,0,0,532198
SP3-01234,deficit,none,0,0,0,0,801288
SP3-01235,deficit,none,0,0,0,0,0
SP3-01236,ok,debt,0,20088,0,0,170428
SP3-01237,ok,reserve,1149,0,765,0,0
SP3-01238,ok,reserve,10376,0,6917,0,0
SP3-00449,invalid,none,0,0,0,0,0
SP3-01240,ok,reserve,1881,0,1253,0,0
SP3-01241,ok,goals+,0,0,30115,30936,1195169
SP3-01242,ok,goals+,0,0,15739,20713,3654447
SP3-01243,ok,goals+,0,0,3650,0,88160
SP3-01244,deficit,none,0,0,0,0,0
SP3-01245,deficit,none,0,0,0,0,2897567
SP3-01246,ok,reserve,2010,0,1340,0,87470
SP3-01247,ok,debt,0,21462,0,0,24246
SP3-01248,ok,goals+,0,0,1057,9462,465077
SP3-01249,invalid,none,0,0,0,0,0
SP3-01250,ok,debt,0,13913,0,0,7870135
SP3-01251,ok,goals+,0,0,0,72552,0
SP3-01252,ok,goals+,0,0,1856,0,129198
SP3-01253,ok,goals+,0,0,1029,0,347001
SP3-01254,deficit,none,0,0,0,0,114588
SP3-01255,ok,reserve,2010,0,1340,0,87470
SP3-01256,ok,debt,0,38135,0,0,88220
SP3-01257,deficit,none,0,0,0,0,24821
SP3-01258,invalid,none,0,0,0,0,0
SP3-01259,ok,goals+,0,0,85819,0,5929622
SP3-01260,ok,reserve,6042,0,3996,0,0
SP3-01261,deficit,none,0,0,0,0,272128
SP3-01262,deficit,none,0,0,0,0,0
SP3-01263,deficit,none,0,0,0,0,0
SP3-01264,ok,reserve,12138,0,8092,0,0
SP3-01265,ok,reserve,18893,0,2854,0,0
SP3-01266,ok,reserve,83157,0,7717,0,0
SP3-01267,ok,debt,0,4399,0,0,529760
SP3-01268,deficit,none,0,0,0,0,0
SP3-01269,ok,goals+,0,0,2122,44934,354310
SP3-01270,ok,debt,0,4347,0,0,71972
SP3-01271,ok,goals+,0,0,9140,174001,1403653
SP3-01272,ok,debt,2031,2031,0,0,0
SP3-01273,ok,debt,0,67277,0,0,335703
SP3-01274,ok,goals+,0,0,9365,4423,534662
SP3-01275,ok,goals+,0,0,9391,11183,939618
SP3-01276,deficit,none,0,0,0,0,608306
SP3-01277,deficit,none,0,0,0,0,158603
SP3-01278,ok,goals+,0,0,15536,537,5364254
SP3-01279,invalid,none,0,0,0,0,0
SP3-01280,ok,none,0,0,0,0,315360
SP3-01281,ok,debt,0,36023,0,0,26912
SP3-01282,deficit,none,0,0,0,0,1586028
SP3-01283,deficit,none,0,0,0,0,75073
SP3-01284,invalid,none,0,0,0,0,0
SP3-01285,deficit,none,0,0,0,0,8413741
SP3-01286,deficit,none,0,0,0,0,182523
SP3-01287,ok,debt,0,3459,0,0,129366
SP3-01288,deficit,none,0,0,0,0,417694
SP3-01289,ok,goals+,0,0,274418,0,7320150
SP3-01290,ok,reserve,2902,2901,0,0,0
SP3-01291,deficit,none,0,0,0,0,308846
SP3-01292,ok,debt,3010,7023,0,0,0
SP3-01293,ok,debt,0,66191,0,0,545943
SP3-01294,invalid,none,0,0,0,0,0
SP3-01295,deficit,none,0,0,0,0,75073
SP3-01296,ok,goals+,0,0,1013,7246,475191
SP3-01297,deficit,none,0,0,0,0,45197
SP3-01298,ok,goals+,0,0,3298,5294,0
SP3-01299,ok,goals+,0,0,50897,522018,2482914
SP3-01300,deficit,none,0,0,0,0,0
SP3-01301,ok,debt,0,1441,0,0,308565
SP3-01302,ok,debt,0,195,0,0,20384
SP3-01303,deficit,none,0,0,0,0,1105916
SP3-01304,ok,debt,577,1348,0,0,0
SP3-01305,deficit,none,0,0,0,0,0
SP3-01306,ok,reserve,7717,0,5144,0,317850
SP3-01307,ok,debt,3342,7800,0,0,0
SP3-01308,ok,goals+,0,0,18410,5778,0
SP3-01309,ok,reserve,1432,0,954,0,0
SP3-01310,deficit,none,0,0,0,0,0
SP3-01311,deficit,none,0,0,0,0,2002082
SP3-01312,deficit,none,0,0,0,0,0
SP3-01313,ok,debt,0,266834,0,0,6537999
SP3-01314,ok,debt,0,2101,0,0,112412
SP3-01315,ok,goals+,0,0,9308,0,110397
SP3-01316,ok,reserve,52882,0,35254,0,498275
SP3-01317,deficit,none,0,0,0,0,2173512
SP3-01318,ok,debt,2250,5250,0,0,0
SP3-01319,ok,goals+,0,0,79653,0,0
SP3-01320,ok,debt,1847,1847,0,0,23768
SP3-01321,deficit,none,0,0,0,0,977326
SP3-01322,ok,debt,659,1539,0,0,0
SP3-01323,deficit,none,0,0,0,0,0
SP3-01324,deficit,none,0,0,0,0,1112764
SP3-01325,ok,goals+,0,0,6992,13270,2128251
SP3-01326,ok,goals+,0,0,62481,54913,1853188
SP3-01327,ok,debt,0,103972,0,0,555954
SP3-01328,ok,goals+,0,0,4384,5000,87926
SP3-01329,ok,goals+,0,0,25407,0,0
SP3-01330,ok,reserve,20837,0,13891,0,0
SP3-01331,ok,debt,0,5503,0,0,20772
SP3-01332,deficit,none,0,0,0,0,478350
SP3-01333,ok,reserve,2761,0,876,0,0
SP3-01334,invalid,none,0,0,0,0,0
SP3-01335,ok,debt,0,458130,0,0,5688892
SP3-01336,ok,reserve,44493,0,21653,0,0
SP3-01337,ok,debt,17156,17156,0,0,0
SP3-01338,ok,goals+,0,0,0,81458,941304
SP3-01339,ok,reserve,23401,0,15601,0,0
SP3-01340,ok,debt,0,2381,0,0,12593
SP3-01341,ok,debt,0,27663,0,0,82776
SP3-01342,ok,none,0,0,0,0,0
SP3-01343,deficit,none,0,0,0,0,156208
SP3-01344,ok,reserve,18277,0,0,0,0
SP3-01345,ok,reserve,48000,0,18146,0,0
SP3-01346,ok,goals+,0,0,0,2378,70069
SP3-01347,ok,goals+,0,0,7385,31594,241865
SP3-01348,ok,debt,0,4438,0,0,38319
SP3-01349,ok,debt,8526,19896,0,0,0
SP3-01350,deficit,none,0,0,0,0,0
SP3-01351,ok,goals+,0,0,2886,113990,595626
SP3-01352,deficit,none,0,0,0,0,107630
SP3-01353,ok,goals+,0,0,297,227670,1473797
SP3-01354,ok,debt,0,28341,0,0,679172
SP3-01355,ok,debt,0,1596,0,0,60697
SP3-01356,ok,debt,0,22523,0,0,86145
SP3-01357,ok,debt,0,338,0,0,2650
SP3-01358,ok,debt,6624,6624,0,0,0
SP3-01359,deficit,none,0,0,0,0,113512
SP3-01360,deficit,none,0,0,0,0,0
SP3-01361,ok,reserve,26991,0,3119,0,0
SP3-01362,deficit,none,0,0,0,0,1915851
SP3-01363,ok,goals+,0,0,23721,0,8587936
SP3-01364,deficit,none,0,0,0,0,143858
SP3-01365,ok,reserve,25076,0,16716,0,0
SP3-01366,invalid,none,0,0,0,0,0
SP3-01367,ok,debt,0,22126,0,0,3393767
SP3-01368,ok,goals+,0,0,10455,2022,770956
SP3-01369,ok,reserve,7237,0,4825,0,0
SP3-01370,deficit,none,0,0,0,0,0
SP3-01371,ok,reserve,17550,0,11699,0,0
SP3-01372,ok,goals+,0,0,74365,331082,1938871
SP3-01373,ok,reserve,1493,1492,0,0,0
SP3-01374,ok,goals+,0,0,0,6639,851494
SP3-01375,ok,goals+,0,0,1453,0,120432
SP3-01376,ok,reserve,3417,0,2277,0,0
SP3-01377,invalid,none,0,0,0,0,0
SP3-01378,ok,debt,0,7335,0,0,92585
SP3-01379,invalid,none,0,0,0,0,0
SP3-01380,deficit,none,0,0,0,0,0
SP3-01381,invalid,none,0,0,0,0,0
SP3-01382,deficit,none,0,0,0,0,0
SP3-01383,ok,debt,7677,17913,0,0,0
SP3-01384,deficit,none,0,0,0,0,235467
SP3-01385,ok,reserve,95118368,95118367,0,0,315358398
SP3-01386,deficit,none,0,0,0,0,7728
SP3-01387,ok,goals+,0,0,0,101098,2245382
SP3-01388,ok,debt,0,20848,0,0,8685
SP3-01389,ok,reserve,39862,0,6149,0,0
SP3-01390,ok,reserve,2707,0,1804,0,0
SP3-01391,deficit,none,0,0,0,0,48653
SP3-01392,ok,debt,0,9938,0,0,82539
SP3-01393,ok,goals+,0,0,1667,1053,50387
SP3-01394,ok,reserve,7458,0,3408,0,0
SP3-01395,deficit,none,0,0,0,0,0
SP3-01396,deficit,none,0,0,0,0,0
SP3-01397,ok,none,0,0,0,0,0
SP3-01398,deficit,none,0,0,0,0,0
SP3-01399,ok,reserve,7213,0,0,0,0
SP3-01400,ok,debt,6630,15472,0,0,0
SP3-01401,ok,reserve,5789,0,867,2202,0
SP3-01402,deficit,none,0,0,0,0,255771
SP3-01403,deficit,none,0,0,0,0,5800939
SP3-01404,deficit,none,0,0,0,0,1252488
SP3-01405,ok,debt,3996,3996,0,0,0
SP3-01406,ok,goals+,0,0,940,0,2890288
SP3-01407,ok,goals+,0,0,9103,9784,192162
SP3-01408,deficit,none,0,0,0,0,101429
SP3-01409,deficit,none,0,0,0,0,5623678
SP3-01410,ok,debt,0,2365,0,0,7817
SP3-01411,ok,reserve,49349,0,32899,0,0
SP3-01412,deficit,none,0,0,0,0,391694
SP3-01413,ok,debt,0,31371,0,0,2222261
SP3-01414,invalid,none,0,0,0,0,0
SP3-01415,deficit,none,0,0,0,0,0
SP3-01416,invalid,none,0,0,0,0,0
SP3-01417,deficit,none,0,0,0,0,1407391
SP3-01418,deficit,none,0,0,0,0,45712
SP3-01419,ok,reserve,12861,0,8573,0,0
SP3-01420,ok,goals+,0,0,20558,0,61454
SP3-01421,ok,reserve,11650,0,0,0,0
SP3-01422,ok,debt,0,8575,0,0,63568
SP3-01423,ok,reserve,3810,3809,0,0,0
SP3-01424,deficit,none,0,0,0,0,96288
SP3-01425,ok,debt,0,6528,0,1725,46188
SP3-01426,ok,reserve,41864,0,27909,0,0
SP3-01427,deficit,none,0,0,0,0,65999
SP3-01428,ok,reserve,2052,0,1367,0,0
SP3-01429,invalid,none,0,0,0,0,0
SP3-01430,ok,debt,9463,9463,0,0,0
SP3-01431,ok,goals+,0,0,23577,8941,6579732
SP3-01432,deficit,none,0,0,0,0,2234385
SP3-01433,deficit,none,0,0,0,0,440344
SP3-01434,ok,debt,19843,19843,0,0,0
SP3-01435,deficit,none,0,0,0,0,0
SP3-01436,ok,debt,1173,2738,0,0,0
SP3-01437,deficit,none,0,0,0,0,0
SP3-01438,deficit,none,0,0,0,0,466814
SP3-01439,deficit,none,0,0,0,0,3547678
SP3-01440,ok,debt,11735,27383,0,0,0
SP3-01441,deficit,none,0,0,0,0,0
SP3-01442,ok,debt,14929,34834,0,0,0
SP3-01443,ok,goals+,0,0,0,46534,4378527
SP3-01444,ok,none,0,0,0,0,0
SP3-01445,ok,reserve,13767,0,0,0,0
SP3-01446,deficit,none,0,0,0,0,1306607
SP3-01447,ok,goals+,0,0,908,16561,254712
SP3-01448,ok,debt,1312,3062,0,0,0
SP3-01449,ok,debt,0,20969,0,0,622598
SP3-01450,deficit,none,0,0,0,0,58075
SP3-01451,ok,reserve,2744,0,1829,0,0
SP3-01452,ok,debt,5528,5528,0,0,106387
SP3-01453,ok,debt,15180,22691,0,0,0
SP3-01454,ok,goals+,0,0,9326,20160,112262
SP3-01455,ok,reserve,11802,0,138,0,0
SP3-01456,deficit,none,0,0,0,0,0
SP3-01457,ok,debt,8368,19527,0,0,0
SP3-01458,deficit,none,0,0,0,0,0
SP3-01459,deficit,none,0,0,0,0,260520
SP3-01460,deficit,none,0,0,0,0,0
SP3-01461,ok,none,0,0,0,0,0
SP3-01462,deficit,none,0,0,0,0,1344940
SP3-01463,deficit,none,0,0,0,0,0
SP3-01464,ok,reserve,2391,0,1593,0,0
SP3-01465,ok,reserve,9322,9321,0,0,156402
SP3-01466,ok,goals+,0,0,72,0,192538
SP3-01467,deficit,none,0,0,0,0,11865953
SP3-01468,deficit,none,0,0,0,0,581328
SP3-01469,deficit,none,0,0,0,0,0
SP3-01470,ok,debt,1460,3407,0,0,0
SP3-01471,deficit,none,0,0,0,0,702608
SP3-01472,ok,debt,4790,11179,0,0,0
SP3-01473,ok,debt,0,19522,0,0,49508
SP3-01474,deficit,none,0,0,0,0,2789654
SP3-01475,ok,debt,1575,1575,0,0,11416
SP3-01476,ok,goals+,0,0,0,18521,0
SP3-01477,ok,debt,1532,3576,0,0,0
SP3-01478,ok,reserve,19002,19001,0,0,0
SP3-01479,ok,debt,0,10820,0,0,47589
SP3-01480,deficit,none,0,0,0,0,0
SP3-01481,deficit,none,0,0,0,0,0
SP3-01482,ok,debt,835,1948,0,0,0
SP3-01483,deficit,none,0,0,0,0,0
SP3-01484,ok,debt,0,36271,0,0,166862
SP3-01485,ok,reserve,992,0,661,0,185278
SP3-01486,ok,reserve,40125,24713,3852,0,0
SP3-01487,deficit,none,0,0,0,0,336851
SP3-01488,ok,reserve,3587,3586,0,0,0
SP3-01489,ok,reserve,1050,0,699,0,0
SP3-01490,ok,goals+,0,0,884,2095,189034
SP3-01491,ok,debt,50460676,212717790,0,0,1240692871
SP3-01492,ok,reserve,5494,0,3662,0,0
SP3-01493,ok,debt,0,17704,0,0,379748
SP3-01494,ok,debt,2940,6861,0,0,0
SP3-01495,ok,debt,7169,16730,0,0,0
SP3-01496,deficit,none,0,0,0,0,263873
SP3-01497,deficit,none,0,0,0,0,0
SP3-01498,deficit,none,0,0,0,0,757274
SP3-01499,ok,goals+,0,0,1117,1684,268274
SP3-01500,deficit,none,0,0,0,0,8315846
SP3-01501,deficit,none,0,0,0,0,107885
SP3-01502,ok,debt,0,973451887,0,0,5201962776
SP3-01503,ok,debt,14182,14182,0,0,19593
SP3-01504,deficit,none,0,0,0,0,208723
SP3-01505,ok,reserve,16882,0,11255,0,0
SP3-01506,deficit,none,0,0,0,0,162908
SP3-01507,ok,goals+,0,0,45672,0,569836
SP3-01508,ok,reserve,4206,0,2803,0,0
SP3-01509,deficit,none,0,0,0,0,773007
SP3-01510,deficit,none,0,0,0,0,942230
SP3-01511,ok,debt,2229,5204,0,0,0
SP3-01512,ok,goals+,0,0,0,81440,4453069
SP3-01513,invalid,none,0,0,0,0,0
SP3-01514,deficit,none,0,0,0,0,267517
SP3-01515,deficit,none,0,0,0,0,0
SP3-01516,ok,debt,358,358,0,0,84998
SP3-01517,ok,debt,6440,6440,0,0,0
SP3-01518,invalid,none,0,0,0,0,0
SP3-01519,deficit,none,0,0,0,0,207139
SP3-01520,deficit,none,0,0,0,0,0
SP3-01521,ok,goals+,0,0,3996,20740,145438
SP3-01522,ok,goals+,0,0,1425,12407,339869
SP3-01523,deficit,none,0,0,0,0,275228
SP3-01524,ok,debt,0,46484,0,0,303136
SP3-01525,ok,reserve,46182,0,0,0,0
SP3-01526,ok,reserve,6807,0,0,0,0
SP3-01527,ok,goals+,0,0,6223,57074,76911
SP3-01528,ok,debt,209,489,0,0,0
SP3-01529,ok,debt,0,3998,0,0,89503
SP3-01530,deficit,none,0,0,0,0,162429
SP3-01531,invalid,none,0,0,0,0,0
SP3-01532,deficit,none,0,0,0,0,0
SP3-01533,ok,debt,0,7385,0,0,46190
SP3-01534,deficit,none,0,0,0,0,0
SP3-01535,ok,debt,0,30107,0,0,58641
SP3-01536,invalid,none,0,0,0,0,0
SP3-01537,deficit,none,0,0,0,0,752574
SP3-01538,ok,reserve,5025,5024,0,0,0
SP3-01539,ok,debt,0,37821,0,0,91357
SP3-01540,ok,reserve,63866,0,42577,0,0
SP3-01541,deficit,none,0,0,0,0,18499957
SP3-01542,ok,debt,0,1909,0,0,48824
SP3-01543,deficit,none,0,0,0,0,353202
SP3-01544,deficit,none,0,0,0,0,20379
SP3-01545,ok,goals+,0,0,6197,0,589832
SP3-01546,ok,debt,4414,4414,0,0,195995
SP3-01547,deficit,none,0,0,0,0,0
SP3-01548,deficit,none,0,0,0,0,156063
SP3-01549,ok,debt,0,5444,0,0,89147
SP3-01550,deficit,none,0,0,0,0,0
SP3-01551,deficit,none,0,0,0,0,0
SP3-01552,ok,reserve,13384,0,8922,0,0
SP3-01553,deficit,none,0,0,0,0,0
SP3-01554,deficit,none,0,0,0,0,49832
SP3-01555,ok,debt,0,7385,0,0,46190
SP3-01556,ok,reserve,25646,0,0,0,0
SP3-01557,ok,reserve,2945,0,1962,0,0
SP3-01558,deficit,none,0,0,0,0,0
SP3-01559,ok,reserve,179917,0,1845,0,0
SP3-01560,ok,reserve,37337,0,24891,0,0
SP3-01561,ok,goals+,0,0,5318,0,483205
SP3-01562,ok,goals+,0,0,13880,18221,0
SP3-01563,ok,debt,5153,5153,0,0,0
SP3-01564,ok,reserve,5257,5256,0,0,0
SP3-01565,ok,reserve,19230,19229,0,0,0
SP3-01566,deficit,none,0,0,0,0,6554597
SP3-01567,deficit,none,0,0,0,0,117632
SP3-01568,ok,reserve,19230,19229,0,0,0
SP3-01569,ok,debt,399,933,0,0,0
SP3-01570,ok,reserve,6491,6490,0,0,0
SP3-01571,ok,goals+,0,0,0,54904,4619531
SP3-01572,ok,debt,0,6664,0,0,41995
SP3-01573,ok,debt,0,54287,0,0,1815715
SP3-01574,deficit,none,0,0,0,0,73198
SP3-01575,deficit,none,0,0,0,0,300564
SP3-01576,deficit,none,0,0,0,0,368158
SP3-01577,ok,debt,0,82273,0,0,1148236
SP3-01578,deficit,none,0,0,0,0,10420132
SP3-01579,ok,goals+,0,0,76776,0,21905
SP3-01580,ok,debt,818,1911,0,0,0
SP3-01581,ok,goals+,0,0,0,54987,109289
SP3-01582,deficit,none,0,0,0,0,159837
SP3-01583,ok,goals+,0,0,1057,0,628407
SP3-01584,deficit,none,0,0,0,0,827467
SP3-01585,deficit,none,0,0,0,0,0
SP3-01586,invalid,none,0,0,0,0,0
SP3-01587,invalid,none,0,0,0,0,0
SP3-01588,deficit,none,0,0,0,0,0
SP3-01589,ok,goals+,0,0,56817,0,1219378
SP3-01590,ok,debt,0,4556,0,0,36009
SP3-01591,ok,goals+,0,0,0,16733,8771428
SP3-01592,deficit,none,0,0,0,0,11695
SP3-01593,ok,debt,2325,5427,0,0,0
SP3-01594,ok,debt,0,634,0,0,11119
SP3-01595,ok,goals+,0,0,124679,57574,19082727
SP3-01596,ok,reserve,147,0,97,0,0
SP3-01597,ok,debt,0,1036,0,0,61655
SP3-01598,ok,goals+,0,0,1057,0,638648
SP3-01599,deficit,none,0,0,0,0,0
SP3-01600,ok,debt,21127,21127,0,0,0
SP3-01601,invalid,none,0,0,0,0,0
SP3-01602,ok,goals+,0,0,3170,0,6373263
SP3-01603,deficit,none,0,0,0,0,456565
SP3-01604,ok,debt,0,8786,0,0,30750
SP3-01605,deficit,none,0,0,0,0,404606
SP3-01606,invalid,none,0,0,0,0,0
SP3-01607,ok,debt,490,490,0,0,23789
SP3-01608,ok,reserve,124178,0,29026,8869,0
SP3-01609,ok,debt,0,3109,0,0,111817
SP3-01610,deficit,none,0,0,0,0,149828
SP3-01611,deficit,none,0,0,0,0,2711112
SP3-01612,ok,reserve,7551,0,3143,0,0
SP3-01613,invalid,none,0,0,0,0,0
SP3-01614,ok,goals+,0,0,7241,0,76682
SP3-01615,deficit,none,0,0,0,0,0
SP3-01616,ok,reserve,211273,211272,0,0,0
SP3-01617,deficit,none,0,0,0,0,0
SP3-01618,deficit,none,0,0,0,0,0
SP3-01619,ok,debt,1817,4240,0,0,0
SP3-01620,deficit,none,0,0,0,0,6147593
SP3-01621,ok,debt,4770,4770,0,0,0
SP3-01622,ok,reserve,8081,0,5387,0,0
SP3-01623,ok,reserve,48947,0,0,0,126031
SP3-01624,ok,debt,1379,3218,0,0,0
SP3-01625,ok,goals+,0,0,72667,34855,5654542
SP3-01626,ok,debt,0,5877,0,0,23718
SP3-01627,deficit,none,0,0,0,0,107729
SP3-01628,ok,reserve,32385,0,0,0,0
SP3-01629,ok,goals+,0,0,2567,20250,0
SP3-01630,ok,debt,0,295107641,0,0,1798734902
SP3-01631,invalid,none,0,0,0,0,0
SP3-01632,ok,reserve,1405,1404,0,0,7388
SP3-01633,deficit,none,0,0,0,0,23671
SP3-01634,ok,reserve,18345,0,8518,0,0
SP3-01635,ok,goals+,0,0,4002,13350,162975
SP3-01636,deficit,none,0,0,0,0,249758
SP3-01637,ok,debt,0,191,0,0,103478
SP3-01638,deficit,none,0,0,0,0,281583
SP3-01639,deficit,none,0,0,0,0,1383758
SP3-01640,ok,debt,17713,41330,0,0,0
SP3-01641,ok,debt,0,35175,0,0,164765
SP3-01642,ok,goals+,2365,0,3334,4320,0
SP3-01643,deficit,none,0,0,0,0,389026
SP3-01644,invalid,none,0,0,0,0,0
SP3-01645,ok,goals+,0,0,3032,9876,100725
SP3-01646,deficit,none,0,0,0,0,41962
SP3-01647,deficit,none,0,0,0,0,0
SP3-01648,ok,debt,0,29799,0,0,255061
SP3-01649,ok,debt,605,1411,0,0,0
SP3-01650,ok,debt,2025,4727,0,0,0
SP3-01651,ok,reserve,8579,0,5718,0,0
SP3-01652,ok,debt,6048,14113,0,0,0
SP3-01653,deficit,none,0,0,0,0,1383286
SP3-01654,deficit,none,0,0,0,0,0
SP3-01655,ok,debt,0,2383,0,0,111300
SP3-01656,ok,debt,0,19512,0,0,106992
SP3-01657,ok,goals+,0,0,19216,8774,361907
SP3-01658,deficit,none,0,0,0,0,0
SP3-01659,ok,goals+,0,0,1720,7043,144194
SP3-01660,deficit,none,0,0,0,0,761907
SP3-01661,invalid,none,0,0,0,0,0
SP3-06965,invalid,none,0,0,0,0,0
SP3-01663,ok,goals+,0,0,6796,34314,379865
SP3-01664,ok,goals+,0,0,8346,0,114466
SP3-01665,deficit,none,0,0,0,0,9579
SP3-01666,ok,debt,0,5154,0,0,73699
SP3-01667,ok,debt,0,3153,0,0,113505
SP3-01668,ok,goals+,4072,0,22013,36460,0
SP3-01669,ok,reserve,32202,0,0,0,0
SP3-01670,ok,debt,0,17468,7100,6182,29141
SP3-01671,deficit,none,0,0,0,0,0
SP3-01672,deficit,none,0,0,0,0,522778
SP3-01673,deficit,none,0,0,0,0,4815518
SP3-01674,deficit,none,0,0,0,0,92724
SP3-01675,ok,debt,0,44568,0,0,1152
SP3-01676,ok,reserve,11865,0,3445,0,0
SP3-01677,deficit,none,0,0,0,0,0
SP3-01678,deficit,none,0,0,0,0,0
SP3-01679,deficit,none,0,0,0,0,0
SP3-01680,ok,debt,0,5154,0,0,73699
SP3-01681,deficit,none,0,0,0,0,913978
SP3-01682,ok,debt,0,14046,0,0,168552
SP3-01683,deficit,none,0,0,0,0,34168
SP3-01684,ok,reserve,6748,0,4499,0,0
SP3-01685,ok,debt,0,18334,0,0,31787
SP3-01686,invalid,none,0,0,0,0,0
SP3-01687,deficit,none,0,0,0,0,23592893
SP3-01688,deficit,none,0,0,0,0,0
SP3-01689,ok,debt,0,3825,0,0,25905
SP3-01690,ok,goals+,0,0,0,295484,5068849
SP3-01691,ok,debt,2035,2035,0,0,0
SP3-01692,ok,goals+,0,0,4185,22517,106515
SP3-01693,ok,reserve,8977,8976,0,0,0
SP3-01694,ok,reserve,23720,0,15813,0,0
SP3-01695,ok,goals+,1767,0,7894,16871,108993
SP3-01696,deficit,none,0,0,0,0,0
SP3-01697,ok,goals+,0,0,70770,70937,12482870
SP3-01698,ok,debt,2596,6059,0,0,0
SP3-01699,ok,debt,5900,13767,0,0,0
SP3-01700,ok,debt,0,6650,0,0,70927
SP3-01701,ok,none,0,0,0,0,277139
SP3-01702,deficit,none,0,0,0,0,5138570
SP3-01703,ok,goals+,0,0,6877,6182,0
SP3-01704,ok,reserve,20841,0,13894,0,0
SP3-01705,ok,debt,0,11526,0,0,8741258
SP3-01706,ok,reserve,16613,0,2718,0,0
SP3-01707,ok,reserve,9720,0,6479,0,0
SP3-01708,deficit,none,0,0,0,0,0
SP3-01709,ok,reserve,21919,0,0,0,0
SP3-01710,ok,reserve,66188,0,15964,0,0
SP3-01711,ok,reserve,52374,0,0,0,0
SP3-01712,ok,goals+,0,0,410733,0,2458548
SP3-01713,ok,goals+,0,0,21301,0,83858
SP3-01714,deficit,none,0,0,0,0,12457792
SP3-01715,deficit,none,0,0,0,0,0
SP3-01716,ok,reserve,45713,0,8447,0,0
SP3-01717,deficit,none,0,0,0,0,0
SP3-01718,ok,goals+,0,0,13417,0,3739272
SP3-01719,deficit,none,0,0,0,0,1746380
SP3-01720,ok,reserve,11430,0,7619,0,484945
SP3-01721,deficit,none,0,0,0,0,111521
SP3-01722,deficit,none,0,0,0,0,801124
SP3-01723,invalid,none,0,0,0,0,0
SP3-01724,ok,reserve,5867,0,3910,0,18573
SP3-01725,ok,debt,6988,6988,0,0,0
SP3-01726,ok,reserve,8035,0,0,0,0
SP3-01727,ok,reserve,27819,0,18545,0,0
SP3-01728,ok,debt,4146,9674,0,0,0
SP3-01729,ok,debt,1881,4392,0,0,0
SP3-01730,ok,debt,0,3339,0,0,145826
SP3-01731,invalid,none,0,0,0,0,0
SP3-01732,ok,debt,0,732097948,0,0,2591358451
SP3-01733,deficit,none,0,0,0,0,168492
SP3-01734,ok,goals+,0,0,87047,0,19935218
SP3-01735,deficit,none,0,0,0,0,111521
SP3-01736,deficit,none,0,0,0,0,1473
SP3-01737,ok,reserve,6228,6227,0,0,0
SP3-01738,ok,debt,3592,126500,0,0,499605
SP3-01739,deficit,none,0,0,0,0,258701
SP3-01740,ok,goals+,0,0,0,82118,1488131
SP3-01741,ok,reserve,482288429,592431,97049206,0,986014807
SP3-01742,ok,debt,0,7043,0,0,52
SP3-01743,deficit,none,0,0,0,0,0
SP3-01744,ok,reserve,2648,0,1765,0,0
SP3-01745,deficit,none,0,0,0,0,2632966
SP3-01746,deficit,none,0,0,0,0,298656
SP3-01747,ok,goals+,0,0,0,20996,2641938
SP3-01748,deficit,none,0,0,0,0,6951684
SP3-01749,ok,debt,0,9853,0,0,109732
SP3-01750,ok,reserve,8820,8819,0,0,0
SP3-01751,ok,reserve,17889,0,2189,0,0
SP3-01752,ok,reserve,7245,0,4829,0,0
SP3-01753,ok,goals+,0,0,7142,17287,1012039
SP3-01754,invalid,none,0,0,0,0,0
SP3-01755,deficit,none,0,0,0,0,0
SP3-01756,deficit,none,0,0,0,0,0
SP3-01757,deficit,none,0,0,0,0,97538
SP3-01758,ok,debt,6471,6471,0,0,0
SP3-01759,deficit,none,0,0,0,0,0
SP3-01760,invalid,none,0,0,0,0,0
SP3-01761,deficit,none,0,0,0,0,5141887
SP3-01762,ok,debt,7562,7562,0,0,0
SP3-01763,deficit,none,0,0,0,0,0
SP3-01764,deficit,none,0,0,0,0,0
SP3-01765,ok,debt,8587,8587,0,0,0
SP3-01766,ok,debt,4462,4462,0,0,0
SP3-01767,ok,reserve,11762,0,6395,0,0
SP3-01768,ok,debt,0,29004,0,0,501125
SP3-01769,deficit,none,0,0,0,0,0
SP3-01770,deficit,none,0,0,0,0,112421
SP3-01771,ok,reserve,12404,0,8269,0,0
SP3-01772,ok,goals+,0,0,5651,23969,114629
SP3-01773,ok,reserve,8988,8987,0,0,6322
SP3-01774,deficit,none,0,0,0,0,0
SP3-01775,ok,debt,0,2749,0,0,62540
SP3-01776,ok,debt,0,2878,0,0,38711
SP3-01777,deficit,none,0,0,0,0,0
SP3-01778,ok,debt,1000,22035,0,0,0
SP3-01779,deficit,none,0,0,0,0,0
SP3-01780,deficit,none,0,0,0,0,36259
SP3-08338,invalid,none,0,0,0,0,0
SP3-01782,ok,reserve,9248,0,6165,0,0
SP3-01783,ok,reserve,58271,0,0,0,0
SP3-01784,invalid,none,0,0,0,0,0
SP3-01785,deficit,none,0,0,0,0,37405
SP3-01786,ok,goals+,0,0,222407,198679,2967494
SP3-01787,deficit,none,0,0,0,0,212197
SP3-01788,ok,goals+,0,0,0,62152,415195
SP3-01789,deficit,none,0,0,0,0,146136
SP3-01790,ok,goals+,0,0,28383,4950,515963
SP3-01791,deficit,none,0,0,0,0,18669
SP3-01792,deficit,none,0,0,0,0,790976
SP3-01793,ok,goals+,0,0,3716,0,1384846
SP3-01794,deficit,none,0,0,0,0,250600
SP3-01795,ok,debt,0,32493,0,0,49011
SP3-01796,deficit,none,0,0,0,0,0
SP3-01797,ok,goals+,0,0,1164,0,370348
SP3-01798,ok,goals+,0,0,0,3136,265316
SP3-01799,deficit,none,0,0,0,0,0
SP3-01800,deficit,none,0,0,0,0,0
SP3-01801,deficit,none,0,0,0,0,0
SP3-01802,deficit,none,0,0,0,0,0
SP3-01803,invalid,none,0,0,0,0,0
SP3-01804,ok,debt,0,7332,0,0,29949
SP3-01805,deficit,none,0,0,0,0,37266
SP3-01806,ok,reserve,54004,0,0,0,0
SP3-01807,ok,debt,9017,9017,0,0,0
SP3-01808,deficit,none,0,0,0,0,339885
SP3-01809,ok,reserve,9759,0,6506,0,0
SP3-01810,deficit,none,0,0,0,0,99840
SP3-01811,ok,reserve,10829,0,0,0,0
SP3-01812,ok,debt,0,1068,0,0,1031
SP3-01813,ok,goals+,0,0,6122,15855,179234
SP3-01814,deficit,none,0,0,0,0,0
SP3-01815,ok,goals+,0,0,1773,1198,583269
SP3-01816,ok,reserve,35070,0,0,0,0
SP3-01817,ok,goals+,0,0,9257,49551,3537768
SP3-01818,ok,reserve,15125,0,10082,0,4271244
SP3-01819,deficit,none,0,0,0,0,319859
SP3-01820,ok,reserve,25989,0,0,0,0
SP3-01821,ok,reserve,737,0,491,0,0
SP3-01822,invalid,none,0,0,0,0,0
SP3-01823,invalid,none,0,0,0,0,0
SP3-01824,ok,debt,9484,9484,0,0,147238
SP3-01825,deficit,none,0,0,0,0,0
SP3-01826,ok,reserve,16385,0,10923,0,0
SP3-01827,ok,reserve,12917,0,8611,0,0
SP3-01828,ok,reserve,146098,0,0,0,0
SP3-01829,ok,debt,5047,5047,0,0,0
SP3-01830,ok,goals+,0,0,4726,1107,0
SP3-01831,ok,reserve,14448,0,0,0,0
SP3-01832,deficit,none,0,0,0,0,879696
SP3-01833,deficit,none,0,0,0,0,57549
SP3-01834,ok,goals+,0,0,27331,0,133214
SP3-01835,ok,debt,0,14193,0,0,3163058
SP3-01836,ok,debt,4177,9749,0,0,0
SP3-01837,deficit,none,0,0,0,0,8796961
SP3-01838,deficit,none,0,0,0,0,891229
SP3-01839,ok,reserve,11297,0,6250,0,0
SP3-01840,deficit,none,0,0,0,0,0
SP3-01841,deficit,none,0,0,0,0,0
SP3-01842,deficit,none,0,0,0,0,144737
SP3-01843,deficit,none,0,0,0,0,0
SP3-01844,ok,goals+,0,0,0,491245,11271236
SP3-01845,ok,debt,5493,5493,0,0,0
SP3-01846,deficit,none,0,0,0,0,8914658
SP3-01847,deficit,none,0,0,0,0,0
SP3-01848,deficit,none,0,0,0,0,389954
SP3-01849,deficit,none,0,0,0,0,2348259
SP3-01850,ok,debt,0,13048,0,0,17645
SP3-01851,deficit,none,0,0,0,0,0
SP3-01852,ok,goals+,108,0,799,15287,0
SP3-01853,ok,reserve,48567,0,5263,0,0
SP3-01854,ok,debt,0,10557,0,0,180809
SP3-01855,ok,goals+,0,0,808,9903,706184
SP3-01856,invalid,none,0,0,0,0,0
SP3-01857,deficit,none,0,0,0,0,454451
SP3-01858,ok,goals+,0,0,0,28920,1025336
SP3-01859,invalid,none,0,0,0,0,0
SP3-01860,ok,debt,0,27758,5594,0,265280
SP3-01861,ok,goals+,0,0,340143,0,18401073
SP3-01862,ok,debt,2084,4865,0,0,0
SP3-01863,ok,goals+,0,0,8378,20924,511990
SP3-01864,ok,goals+,0,0,139897,124131,7251371
SP3-01865,ok,debt,0,4338,0,0,4270
SP3-01866,ok,debt,757,757,0,0,34160
SP3-01867,deficit,none,0,0,0,0,79311
SP3-01868,deficit,none,0,0,0,0,2101518
SP3-01869,ok,debt,1506,3515,0,0,0
SP3-01870,ok,debt,0,17485,0,0,149672
SP3-01871,deficit,none,0,0,0,0,0
SP3-01872,invalid,none,0,0,0,0,0
SP3-01873,ok,debt,0,9053,0,0,38793
SP3-01874,ok,reserve,5228,0,3485,0,0
SP3-01875,ok,reserve,69950,0,0,0,0
SP3-01876,ok,debt,0,15058,0,0,131399
SP3-01877,deficit,none,0,0,0,0,929790
SP3-01878,deficit,none,0,0,0,0,0
SP3-01879,ok,reserve,87965,0,48579,0,0
SP3-01880,ok,reserve,63108,0,0,0,0
SP3-01881,deficit,none,0,0,0,0,8871336
SP3-01882,ok,goals+,0,0,1189,6049,96582
SP3-01883,ok,debt,4792,4792,0,0,66250
SP3-01884,deficit,none,0,0,0,0,1846509
SP3-01885,ok,debt,0,647,0,0,224153
SP3-01886,ok,reserve,17827,0,2347,0,0
SP3-01887,ok,debt,0,2693,0,0,223084
SP3-01888,ok,debt,0,16780,0,0,9701
SP3-01889,ok,goals+,0,0,1098,24444,239085
SP3-01890,ok,debt,0,3590,0,0,37507
SP3-01891,deficit,none,0,0,0,0,0
SP3-01892,ok,goals+,0,0,24923,1564,539253
SP3-01893,deficit,none,0,0,0,0,1635793
SP3-01894,ok,debt,0,49784,0,0,514724
SP3-01895,ok,reserve,11313,0,0,0,0
SP3-01896,ok,goals+,0,0,263,4848,485569
SP3-01897,deficit,none,0,0,0,0,1850555
SP3-01898,ok,goals+,0,0,46,0,3704799
SP3-01899,ok,reserve,42444,0,0,0,0
SP3-01900,ok,debt,0,1672,0,0,102583
SP3-01901,deficit,none,0,0,0,0,0
SP3-01902,deficit,none,0,0,0,0,162919
SP3-01903,ok,goals+,0,0,8378,20924,511990
SP3-01904,deficit,none,0,0,0,0,977210
SP3-01905,deficit,none,0,0,0,0,0
SP3-01906,deficit,none,0,0,0,0,0
SP3-01907,deficit,none,0,0,0,0,0
SP3-01908,deficit,none,0,0,0,0,0
SP3-01909,ok,goals+,0,0,0,172,509737
SP3-01910,deficit,none,0,0,0,0,1235358
SP3-01911,ok,reserve,89161,0,0,5212,0
SP3-01912,deficit,none,0,0,0,0,62736
SP3-01913,ok,debt,0,25872,0,0,590968
SP3-01914,deficit,none,0,0,0,0,0
SP3-01915,ok,reserve,49365,0,0,0,0
SP3-01916,ok,debt,0,7286,0,0,197821
SP3-01917,ok,goals+,0,0,14545,0,0
SP3-01918,deficit,none,0,0,0,0,5273642
SP3-01919,deficit,none,0,0,0,0,76799
SP3-01920,ok,goals+,0,0,1928,5622,175142
SP3-01921,ok,debt,4532,4532,0,0,0
SP3-01922,invalid,none,0,0,0,0,0
SP3-01923,deficit,none,0,0,0,0,61037
SP3-01924,ok,debt,0,5543,0,0,19143
SP3-01925,ok,debt,0,13704,0,0,12775
SP3-01926,deficit,none,0,0,0,0,0
SP3-01927,deficit,none,0,0,0,0,134976
SP3-01928,deficit,none,0,0,0,0,27683
SP3-01929,deficit,none,0,0,0,0,0
SP3-01930,ok,goals+,0,0,3662,0,810373
SP3-01931,deficit,none,0,0,0,0,132796
SP3-01932,deficit,none,0,0,0,0,4621587
SP3-01933,deficit,none,0,0,0,0,0
SP3-01934,ok,reserve,68377,0,4615,0,0
SP3-01935,ok,reserve,12527,0,8351,0,0
SP3-01936,ok,reserve,696,695,0,0,0
SP3-01937,deficit,none,0,0,0,0,0
SP3-01938,ok,debt,0,113248948,0,0,769628041
SP3-01939,ok,debt,0,4139,0,0,21996
SP3-01940,deficit,none,0,0,0,0,0
SP3-01941,ok,debt,0,13717,0,0,110524
SP3-01942,ok,goals+,0,0,144351,0,4241098
SP3-01943,deficit,none,0,0,0,0,0
SP3-01944,ok,debt,0,120152080,0,0,1589585091
SP3-01945,ok,debt,0,23251,0,0,127439
SP3-01946,deficit,none,0,0,0,0,1610434
SP3-01947,ok,debt,3138,3138,0,0,0
SP3-01948,deficit,none,0,0,0,0,20756896
SP3-01949,deficit,none,0,0,0,0,0
SP3-01950,deficit,none,0,0,0,0,14645
SP3-01951,ok,reserve,987,0,658,0,0
SP3-01952,deficit,none,0,0,0,0,10831309
SP3-01953,ok,goals+,0,0,4945,0,3212624
SP3-01954,ok,goals+,0,0,2670,4215,0
SP3-01955,ok,debt,118,277,0,0,0
SP3-01956,ok,reserve,9397,0,0,0,0
SP3-01957,deficit,none,0,0,0,0,394178
SP3-01958,deficit,none,0,0,0,0,0
SP3-01959,ok,debt,0,3623,0,0,24234
SP3-01960,invalid,none,0,0,0,0,0
SP3-01961,ok,debt,428678,1000249,0,0,0
SP3-01962,deficit,none,0,0,0,0,0
SP3-01963,ok,reserve,1109,0,739,0,0
SP3-01964,ok,reserve,53457,0,12423,14147,0
SP3-01965,ok,none,0,0,0,0,0
SP3-01966,ok,reserve,6959,6958,0,0,0
SP3-01967,ok,debt,1126,1126,0,0,27799
SP3-01968,ok,goals+,0,0,0,1161,25060
SP3-01969,ok,debt,0,13090,0,0,14905
SP3-01970,deficit,none,0,0,0,0,604397
SP3-01971,invalid,none,0,0,0,0,0
SP3-01972,ok,debt,0,4892,0,0,70769
SP3-01973,ok,debt,2263,5281,0,0,0
SP3-01974,ok,goals+,0,0,95997,149236,4033478
SP3-01975,ok,debt,9423,21987,0,0,0
SP3-01976,deficit,none,0,0,0,0,0
SP3-01977,ok,goals+,0,0,0,20081,61427
SP3-01978,ok,reserve,21682,0,14454,0,0
SP3-01979,ok,debt,0,41140,0,0,203015
SP3-01980,deficit,none,0,0,0,0,0
SP3-01981,ok,debt,0,1418,0,0,5563
SP3-01982,deficit,none,0,0,0,0,1127391
SP3-01983,deficit,none,0,0,0,0,349836
SP3-01984,ok,debt,959,2238,0,0,0
SP3-01985,invalid,none,0,0,0,0,0
SP3-01986,ok,debt,442,442,0,0,0
SP3-01987,ok,debt,0,4573,0,0,56427
SP3-01988,ok,reserve,5675,5674,0,0,0
SP3-01989,ok,debt,0,40517,0,0,8460
SP3-01990,ok,debt,0,13045,0,0,210990
SP3-01991,ok,reserve,534,533,0,0,0
SP3-01992,ok,reserve,16858,0,7439,0,0
SP3-01993,ok,reserve,38100,0,3958,0,0
SP3-01994,deficit,none,0,0,0,0,228569
SP3-01995,deficit,none,0,0,0,0,2254805
SP3-01996,ok,reserve,4339,4338,0,0,0
SP3-01997,ok,debt,0,7446,0,0,32707
SP3-01998,deficit,none,0,0,0,0,60894
SP3-01999,ok,reserve,6873,0,3324,0,0
SP3-02000,ok,reserve,14019,0,9345,0,0
SP3-02001,ok,debt,0,7442,0,0,32443
SP3-02002,deficit,none,0,0,0,0,0
SP3-02003,ok,reserve,9104,0,6069,0,0
SP3-02004,deficit,none,0,0,0,0,86157
SP3-02005,deficit,none,0,0,0,0,0
SP3-02006,ok,reserve,2145,2144,0,0,0
SP3-02007,ok,goals+,0,0,211,6941,149394
SP3-02008,ok,reserve,36858,0,1000,0,0
SP3-02009,deficit,none,0,0,0,0,226791
SP3-02010,ok,none,0,0,0,0,0
SP3-02011,deficit,none,0,0,0,0,18460071
SP3-02012,ok,goals+,0,0,0,871,263966
SP3-02013,ok,reserve,24261,0,16174,0,0
SP3-02014,deficit,none,0,0,0,0,86157
SP3-02015,deficit,none,0,0,0,0,0
SP3-02016,invalid,none,0,0,0,0,0
SP3-02017,ok,goals+,0,0,46435,49288,6529684
SP3-02018,ok,reserve,26746,0,9138,0,325162
SP3-02019,deficit,none,0,0,0,0,3015744
SP3-02020,ok,reserve,7732,0,5154,0,0
SP3-02021,ok,reserve,38013,0,9614,0,0
SP3-02022,ok,debt,0,9162,0,0,223569
SP3-02023,ok,goals+,0,0,33117,26491,90167
SP3-02024,ok,debt,0,23358,0,0,11428
SP3-02025,ok,goals+,0,0,0,8243,178640
SP3-02026,ok,debt,0,53204,0,0,83173
SP3-02027,ok,debt,0,16406,0,0,107395
SP3-02028,ok,reserve,7297,0,4864,0,0
SP3-02029,ok,debt,980,980,0,0,0
SP3-02030,ok,debt,8739,20392,0,0,0
SP3-02031,deficit,none,0,0,0,0,12106
SP3-02032,deficit,none,0,0,0,0,1464133
SP3-02033,deficit,none,0,0,0,0,997514
SP3-02034,ok,goals+,0,0,124990,0,7200730
SP3-02035,deficit,none,0,0,0,0,6682219
SP3-02036,deficit,none,0,0,0,0,1257735
SP3-02037,ok,debt,0,6787,0,0,303764
SP3-02038,ok,debt,0,31309,0,0,479618
SP3-02039,ok,debt,0,31309,0,0,479618
SP3-02040,ok,debt,755,755,0,0,0
SP3-02041,deficit,none,0,0,0,0,4218537
SP3-02042,ok,debt,0,22629,0,0,75028
SP3-02043,deficit,none,0,0,0,0,0
SP3-02044,ok,debt,0,31882,0,0,220369
SP3-02045,ok,goals+,0,0,30159,0,680609
SP3-02046,ok,reserve,116527,0,72413,0,0
SP3-02047,ok,debt,0,8106,0,0,79478
SP3-02048,ok,debt,0,3123,0,0,22173
SP3-02049,invalid,none,0,0,0,0,0
SP3-02050,ok,goals+,0,0,141140,0,1357262
SP3-02051,deficit,none,0,0,0,0,0
SP3-02052,deficit,none,0,0,0,0,9185842
SP3-02053,ok,reserve,15700,0,10466,0,0
SP3-02054,ok,reserve,50610,0,33739,0,0
SP3-02055,deficit,none,0,0,0,0,4553445
SP3-02056,ok,debt,755,755,0,0,0
SP3-02057,deficit,none,0,0,0,0,409882
SP3-02058,deficit,none,0,0,0,0,0
SP3-02059,deficit,none,0,0,0,0,0
SP3-02060,ok,debt,0,8454,0,0,95086
SP3-02061,invalid,none,0,0,0,0,0
SP3-02062,ok,reserve,14920,0,3650,0,0
SP3-02063,deficit,none,0,0,0,0,0
SP3-02064,ok,debt,0,74703,0,0,202794
SP3-02065,ok,goals+,0,0,1903,6965,0
SP3-02066,deficit,none,0,0,0,0,0
SP3-02067,deficit,none,0,0,0,0,6924590
SP3-02068,deficit,none,0,0,0,0,0
SP3-02069,deficit,none,0,0,0,0,118163
SP3-02070,ok,reserve,9726,0,6484,0,0
SP3-02071,deficit,none,0,0,0,0,78849
SP3-02072,ok,goals+,0,0,19038,69643,351492
SP3-02073,ok,debt,42584,99364,0,0,0
SP3-02074,ok,goals+,0,0,6721,11812,10646387
SP3-02075,ok,debt,0,10507,0,0,152399
SP3-02076,deficit,none,0,0,0,0,0
SP3-02077,deficit,none,0,0,0,0,131428
SP3-02078,deficit,none,0,0,0,0,9897829
SP3-02079,deficit,none,0,0,0,0,60111
SP3-02080,ok,debt,3969,3969,0,0,65534
SP3-02081,ok,debt,4920,4920,0,0,0
SP3-02082,ok,debt,7901,18437,0,0,0
SP3-02083,ok,debt,0,4239,0,0,24699
SP3-02084,deficit,none,0,0,0,0,0
SP3-02085,ok,reserve,2130,2129,0,0,0
SP3-02086,invalid,none,0,0,0,0,0
SP3-02087,ok,reserve,754,0,502,0,0
SP3-02088,ok,goals+,0,0,2621,0,492088
SP3-02089,ok,reserve,83324,0,0,0,0
SP3-02090,ok,reserve,4248,4247,0,0,65534
SP3-02091,ok,goals+,0,0,3360,28741,102625
SP3-02092,ok,debt,11230,11230,0,0,142003
SP3-02093,ok,goals+,0,0,0,12930,96650
SP3-02094,ok,debt,0,8694,0,0,33777
SP3-02095,deficit,none,0,0,0,0,0
SP3-02096,ok,debt,0,4943,0,0,102733
SP3-02097,ok,debt,0,7717,0,0,87339
SP3-02098,ok,debt,0,41616,0,0,324263
SP3-02099,ok,debt,0,6722,0,0,34474
SP3-02100,deficit,none,0,0,0,0,119217
SP3-02101,ok,debt,0,9619,0,0,178126
SP3-02102,ok,goals+,0,0,524,681335,2199647
SP3-02103,deficit,none,0,0,0,0,2360817
SP3-02104,ok,debt,80,80,0,0,0
SP3-02105,deficit,none,0,0,0,0,74823
SP3-02106,ok,none,0,0,0,0,0
SP3-02107,ok,reserve,16909,0,0,0,0
SP3-02108,deficit,none,0,0,0,0,10149206
SP3-02109,ok,goals+,0,0,0,10678,194693
SP3-02110,deficit,none,0,0,0,0,0
SP3-02111,ok,debt,2205,2205,0,0,0
SP3-02112,ok,debt,4836,11287,0,0,0
SP3-02113,deficit,none,0,0,0,0,439747
SP3-02114,deficit,none,0,0,0,0,951410
SP3-02115,ok,reserve,3443,3442,0,0,0
SP3-02116,deficit,none,0,0,0,0,0
SP3-02117,deficit,none,0,0,0,0,53921
SP3-02118,ok,goals+,0,0,7040,78505,109353
SP3-02119,ok,goals+,0,0,0,24766,0
SP3-02120,ok,debt,2654,2654,0,0,154069
SP3-02121,deficit,none,0,0,0,0,16331209
SP3-02122,invalid,none,0,0,0,0,0
SP3-02123,ok,reserve,1384,0,922,0,196071
SP3-02124,ok,debt,329,770,0,0,0
SP3-02125,deficit,none,0,0,0,0,25184
SP3-02126,deficit,none,0,0,0,0,2224984
SP3-02127,deficit,none,0,0,0,0,527425
SP3-02128,ok,reserve,31671,0,21113,0,0
SP3-02129,deficit,none,0,0,0,0,22920
SP3-02130,invalid,none,0,0,0,0,0
SP3-02131,deficit,none,0,0,0,0,188573
SP3-02132,invalid,none,0,0,0,0,0
SP3-02133,ok,reserve,13388,0,8925,0,0
SP3-02134,deficit,none,0,0,0,0,0
SP3-02135,ok,debt,0,11931,0,0,511900
SP3-02136,ok,debt,0,1713,0,0,2491
SP3-02137,deficit,none,0,0,0,0,73996
SP3-02138,ok,reserve,8425,0,0,0,0
SP3-02139,ok,goals+,0,0,0,181463,7311522
SP3-02140,ok,reserve,12084,0,213,0,0
SP3-02141,ok,debt,0,8227,0,0,33108
SP3-02142,deficit,none,0,0,0,0,57184
SP3-02143,ok,debt,0,4454,0,0,101041
SP3-02144,ok,reserve,12589,0,0,0,0
SP3-02145,ok,debt,0,322,0,0,250076
SP3-02146,deficit,none,0,0,0,0,61196
SP3-02147,deficit,none,0,0,0,0,10672
SP3-02148,ok,debt,3066,13193,0,0,0
SP3-02149,ok,reserve,1384,0,922,0,196071
SP3-02150,ok,reserve,8096,0,5222,0,0
SP3-02151,ok,reserve,28622,0,0,0,0
SP3-02152,ok,goals+,380,0,1465,10373,0
SP3-02153,deficit,none,0,0,0,0,42182
SP3-02154,ok,debt,0,5524,0,0,153519
SP3-02155,ok,goals+,0,0,8931,2085,0
SP3-02156,deficit,none,0,0,0,0,42182
SP3-02157,ok,reserve,6064,6063,0,0,0
SP3-02158,ok,debt,7587,7587,0,0,0
SP3-02159,ok,reserve,732,0,488,0,0
SP3-02160,ok,debt,0,488127,0,0,6004031
SP3-02161,ok,goals+,0,0,166188,157967,4919997
SP3-02162,ok,reserve,18315,0,12209,0,0
SP3-02163,ok,reserve,567,566,0,0,32581
SP3-02164,ok,debt,5409,5409,0,0,0
SP3-02165,ok,debt,10075,23509,0,0,0
SP3-02166,ok,reserve,13974,0,0,0,0
SP3-02167,ok,reserve,1692,0,1128,0,0
SP3-02168,ok,debt,0,90359,0,0,1222763
SP3-02169,ok,debt,3104,7245,0,0,0
SP3-02170,deficit,none,0,0,0,0,12925294
SP3-02171,ok,goals+,0,0,9679,201268,16600017
SP3-02172,ok,reserve,3955,3954,0,0,131205
SP3-02173,deficit,none,0,0,0,0,0
SP3-02174,invalid,none,0,0,0,0,0
SP3-02175,ok,goals+,0,0,95130,378854,3961995
SP3-02176,invalid,none,0,0,0,0,0
SP3-02177,ok,reserve,9112,0,6074,0,0
SP3-02178,deficit,none,0,0,0,0,1891
SP3-02179,ok,debt,0,24125724,0,0,182196334
SP3-02180,ok,debt,713,1666,0,0,0
SP3-02181,ok,debt,2577,6014,0,0,0
SP3-02182,invalid,none,0,0,0,0,0
SP3-02183,ok,goals+,0,0,15482,0,2926309
SP3-02184,deficit,none,0,0,0,0,0
SP3-02185,deficit,none,0,0,0,0,398698
SP3-02186,ok,debt,0,9536,0,0,207514
SP3-02187,deficit,none,0,0,0,0,0
SP3-02188,ok,debt,23085,23085,0,0,0
SP3-02189,ok,debt,47251,47251,0,0,102639
SP3-02190,ok,debt,3902,3902,0,0,0
SP3-02191,deficit,none,0,0,0,0,1825350
SP3-02192,ok,debt,152,357,0,0,0
SP3-02193,deficit,none,0,0,0,0,297922
SP3-02194,ok,reserve,41606,0,27736,0,0
SP3-02195,deficit,none,0,0,0,0,0
SP3-02196,deficit,none,0,0,0,0,0
SP3-02197,ok,debt,3845,8974,0,0,0
SP3-02198,ok,debt,23085,23085,0,0,0
SP3-02199,ok,debt,210184344,210184344,0,0,4454684699
SP3-02200,ok,debt,120,5540,0,0,0
SP3-02201,ok,debt,0,4377,0,0,30450
SP3-02202,ok,goals+,0,0,0,17073,126578
SP3-02203,ok,reserve,7914,7913,0,0,0
SP3-02204,ok,debt,12581,29357,0,0,0
SP3-02205,ok,debt,4897,11426,0,0,0
SP3-02206,ok,goals+,0,0,29810,0,161321
SP3-02207,ok,goals+,0,0,2326,16415,538920
SP3-02208,deficit,none,0,0,0,0,143606
SP3-02209,ok,debt,0,14010,0,0,113371
SP3-02210,ok,goals+,0,0,18591,0,1909812
SP3-02211,deficit,none,0,0,0,0,42378
SP3-02212,ok,reserve,5147,0,3431,0,0
SP3-02213,ok,debt,1090,10447,0,0,0
SP3-02214,deficit,none,0,0,0,0,628781
SP3-02215,ok,debt,0,14100,0,0,14724
SP3-02216,ok,debt,0,16220,0,0,29288
SP3-02217,ok,reserve,79632,0,6842,0,0
SP3-02218,ok,goals+,0,0,12190,36399,4505347
SP3-02219,ok,goals+,7966,0,6764,4808,0
SP3-02220,ok,reserve,1302,1301,0,0,0
SP3-02221,ok,goals+,0,0,128328,456599,11473994
SP3-02222,deficit,none,0,0,0,0,0
SP3-02223,deficit,none,0,0,0,0,668984
SP3-02224,deficit,none,0,0,0,0,3371883
SP3-02225,invalid,none,0,0,0,0,0
SP3-02226,ok,reserve,9804,0,6536,0,0
SP3-02227,ok,reserve,11422,0,0,0,0
SP3-02228,ok,debt,0,10593,0,0,154653
SP3-02229,ok,reserve,30350,0,6667,0,0
SP3-02230,ok,debt,0,131093,0,0,3129054
SP3-02231,ok,reserve,342,341,0,0,0
SP3-02232,ok,reserve,2128,2127,0,0,0
SP3-02233,ok,debt,0,3626,0,0,27568
SP3-02234,deficit,none,0,0,0,0,9336091
SP3-02235,ok,goals+,0,0,6963,0,112453
SP3-02236,ok,debt,0,18079,0,0,138466
SP3-02237,ok,goals+,0,0,3726,113432,1090883
SP3-02238,deficit,none,0,0,0,0,56471
SP3-02239,ok,goals+,0,0,0,409322,1996282
SP3-02240,invalid,none,0,0,0,0,0
SP3-02241,ok,reserve,4557,0,3038,0,0
SP3-02242,deficit,none,0,0,0,0,447519
SP3-02243,ok,goals+,16411,0,17855,0,0
SP3-02244,deficit,none,0,0,0,0,132730
SP3-04040,invalid,none,0,0,0,0,0
SP3-02246,deficit,none,0,0,0,0,2716531
SP3-02247,ok,reserve,45522,0,7851,0,0
SP3-02248,ok,reserve,3743,0,2494,0,0
SP3-02249,ok,reserve,13749,0,4394,0,0
SP3-02250,deficit,none,0,0,0,0,6689842
SP3-02251,ok,goals+,0,0,0,15096,207066
SP3-02252,deficit,none,0,0,0,0,776665
SP3-02253,ok,reserve,3730,3729,0,0,0
SP3-02254,deficit,none,0,0,0,0,467975
SP3-02255,deficit,none,0,0,0,0,612656
SP3-02256,ok,goals+,0,0,19588,0,150955
SP3-02257,deficit,none,0,0,0,0,84840
SP3-02258,deficit,none,0,0,0,0,0
SP3-02259,ok,debt,0,21673,0,0,38852
SP3-02260,ok,debt,0,11834,0,0,256533
SP3-02261,ok,debt,0,4267,0,0,99599
SP3-02262,ok,debt,0,12200,0,0,971
SP3-02263,deficit,none,0,0,0,0,35275
SP3-02264,ok,goals+,0,0,26871,423601,3771243
SP3-02265,deficit,none,0,0,0,0,0
SP3-02266,ok,reserve,3393,0,2262,0,0
SP3-02267,ok,debt,0,4155,0,0,58626
SP3-02268,ok,debt,0,210,0,0,4197
SP3-02269,ok,reserve,2480,0,1653,0,0
SP3-02270,ok,debt,0,12701,0,0,27013
SP3-02271,deficit,none,0,0,0,0,19396884
SP3-02272,ok,debt,0,745,0,0,660230
SP3-02273,ok,debt,0,1243,0,0,15502
SP3-02274,ok,debt,0,5221,0,0,441264
SP3-02275,deficit,none,0,0,0,0,0
SP3-02276,ok,goals+,0,0,75644,0,3083518
SP3-02277,ok,debt,3224,7523,0,0,0
SP3-02278,ok,debt,11493,11493,0,0,34059
SP3-02279,ok,reserve,3614,0,2409,0,0
SP3-02280,ok,reserve,16985,0,725,0,0
SP3-02281,deficit,none,0,0,0,0,0
SP3-02282,deficit,none,0,0,0,0,2188713
SP3-02283,invalid,none,0,0,0,0,0
SP3-02284,ok,debt,0,1356,0,0,15502
SP3-02285,ok,debt,9197,9197,0,0,0
SP3-02286,ok,debt,0,25019,0,0,31455
SP3-02287,deficit,none,0,0,0,0,8626698
SP3-02288,deficit,none,0,0,0,0,8405054
SP3-02289,ok,goals+,0,0,3804,107,0
SP3-02290,deficit,none,0,0,0,0,0
SP3-02291,deficit,none,0,0,0,0,1503151
SP3-02292,deficit,none,0,0,0,0,581162
SP3-02293,ok,reserve,131885,0,87922,0,0
SP3-02294,ok,reserve,31616,0,21076,0,0
SP3-02295,deficit,none,0,0,0,0,0
SP3-02296,deficit,none,0,0,0,0,581162
SP3-02297,ok,debt,0,17831,0,0,140507
SP3-02298,ok,debt,0,186,0,0,2868
SP3-02299,deficit,none,0,0,0,0,78527
SP3-02300,ok,debt,0,54212,0,0,35258
SP3-02301,deficit,none,0,0,0,0,2202211
SP3-02302,ok,debt,4715,11002,0,0,0
SP3-02303,invalid,none,0,0,0,0,0
SP3-02304,deficit,none,0,0,0,0,0
SP3-02305,ok,goals+,0,0,5374,0,944471
SP3-02306,ok,debt,4396,10260,0,0,0
SP3-02307,deficit,none,0,0,0,0,0
SP3-02308,deficit,none,0,0,0,0,2435314
SP3-02309,ok,debt,8743,8743,0,0,0
SP3-02310,ok,debt,0,186,0,0,2868
SP3-02311,deficit,none,0,0,0,0,7662482
SP3-02312,ok,debt,670,1565,0,0,0
SP3-02313,deficit,none,0,0,0,0,281142
SP3-02314,ok,reserve,35751,0,4665,0,0
SP3-02315,ok,debt,0,912,0,0,138901
SP3-02316,ok,reserve,2592,2591,0,0,0
SP3-02317,deficit,none,0,0,0,0,193746
SP3-02318,ok,goals+,0,0,12208,275944,612811
SP3-02319,ok,debt,0,64361,0,0,3411780
SP3-02320,ok,goals+,0,0,15589,45225,111079
SP3-02321,ok,debt,0,24333,0,0,19648
SP3-02322,ok,debt,2452,5723,0,0,0
SP3-02323,ok,goals+,0,0,48097,8348,1561576
SP3-02324,deficit,none,0,0,0,0,11582252
SP3-02325,ok,goals+,0,0,206146,0,2796025
SP3-02326,ok,debt,11231,11231,0,0,54361
SP3-02327,ok,reserve,8528,0,5685,0,0
SP3-02328,deficit,none,0,0,0,0,69701
SP3-02329,ok,goals+,10318,0,22154,0,0
SP3-02330,ok,debt,0,2221,0,0,2946379
SP3-02331,ok,debt,138047,322110,0,0,0
SP3-02332,deficit,none,0,0,0,0,430837
SP3-02333,ok,debt,0,47526,0,0,28168
SP3-02334,ok,reserve,6438,6437,0,0,0
SP3-02335,invalid,none,0,0,0,0,0
SP3-02336,deficit,none,0,0,0,0,37092
SP3-02337,deficit,none,0,0,0,0,2898370
SP3-02338,ok,reserve,4604,0,3069,0,0
SP3-02339,ok,reserve,3848,3847,0,0,0
SP3-02340,deficit,none,0,0,0,0,113348
SP3-02341,ok,reserve,23452,0,0,0,0
SP3-02342,deficit,none,0,0,0,0,0
SP3-02343,deficit,none,0,0,0,0,1750354
SP3-02344,ok,reserve,18640,0,0,6958,0
SP3-02345,ok,debt,0,417,0,0,66825
SP3-02346,ok,debt,0,353,0,0,338964
SP3-02347,ok,debt,7570,7570,0,0,0
SP3-02348,ok,debt,1845,4307,0,0,0
SP3-02349,ok,debt,7069,7069,0,0,0
SP3-02350,deficit,none,0,0,0,0,0
SP3-02351,deficit,none,0,0,0,0,0
SP3-02352,deficit,none,0,0,0,0,0
SP3-02353,ok,debt,3579,8352,0,0,0
SP3-02354,deficit,none,0,0,0,0,42706
SP3-02355,ok,debt,541,1263,0,0,0
SP3-02356,deficit,none,0,0,0,0,0
SP3-02357,ok,reserve,47574,0,31715,0,0
SP3-02358,ok,goals+,0,0,0,2515,129015
SP3-02359,ok,debt,3562,3562,0,0,0
SP3-02360,ok,debt,0,112657867,0,0,6096728231
SP3-02361,ok,debt,3562,3562,0,0,0
SP3-02362,ok,reserve,109941,0,23453,0,0
SP3-02363,deficit,none,0,0,0,0,2997
SP3-02364,deficit,none,0,0,0,0,0
SP3-02365,deficit,none,0,0,0,0,1311370
SP3-02366,ok,reserve,4211,4210,0,0,90314
SP3-02367,deficit,none,0,0,0,0,0
SP3-02368,deficit,none,0,0,0,0,4268043
SP3-02369,deficit,none,0,0,0,0,100825
SP3-02370,ok,reserve,1116,0,0,0,0
SP3-02371,deficit,none,0,0,0,0,0
SP3-02372,ok,reserve,14781,0,0,0,0
SP3-02373,ok,debt,1175,2743,0,0,0
SP3-02374,ok,debt,0,12363,0,0,186827
SP3-02375,ok,reserve,34129,0,7313,0,0
SP3-02376,ok,debt,0,185043,0,0,1906208
SP3-02377,ok,reserve,12852,0,8567,0,0
SP3-02378,deficit,none,0,0,0,0,467997
SP3-02379,ok,reserve,4268,4267,0,0,0
SP3-02380,deficit,none,0,0,0,0,65571
SP3-02381,deficit,none,0,0,0,0,10318948
SP3-02382,ok,debt,7850,18317,0,0,0
SP3-02383,ok,debt,4245,9908,0,0,0
SP3-02384,deficit,none,0,0,0,0,75983
SP3-02385,deficit,none,0,0,0,0,0
SP3-02386,ok,debt,0,15101,0,0,3559
SP3-02387,ok,debt,0,22897,0,0,30547
SP3-02388,ok,reserve,25975,0,7163,0,0
SP3-02389,ok,reserve,12906,0,1442,0,0
SP3-02390,ok,debt,10628,10628,0,0,0
SP3-02391,deficit,none,0,0,0,0,2763387
SP3-02392,ok,goals+,0,0,1287,0,4899749
SP3-02393,invalid,none,0,0,0,0,0
SP3-02394,ok,reserve,266641,266640,0,0,933848
SP3-02395,ok,debt,6003,14008,0,0,0
SP3-02396,ok,reserve,23868,0,15911,0,0
SP3-02397,ok,reserve,10820,0,3667,0,0
SP3-02398,deficit,none,0,0,0,0,16914
SP3-02399,deficit,none,0,0,0,0,0
SP3-02400,ok,reserve,3285,3284,0,0,0
SP3-02401,deficit,none,0,0,0,0,7809
SP3-02402,deficit,none,0,0,0,0,0
SP3-02403,ok,debt,0,7104,0,0,48307
SP3-02404,ok,goals+,0,0,10690,1587,270661
SP3-02405,ok,reserve,17031,0,11353,0,0
SP3-02406,ok,goals+,0,0,902,29336,130489
SP3-02407,ok,reserve,45679,0,5146,0,0
SP3-02408,ok,debt,3303,7707,0,0,0
SP3-02409,deficit,none,0,0,0,0,147610
SP3-02410,deficit,none,0,0,0,0,55685
SP3-02411,deficit,none,0,0,0,0,58015
SP3-02412,ok,debt,0,24164,0,0,292650
SP3-02413,ok,debt,1181,2758,0,0,0
SP3-02414,deficit,none,0,0,0,0,759833
SP3-02415,deficit,none,0,0,0,0,0
SP3-02416,ok,goals+,0,0,9734,0,94038
SP3-02417,deficit,none,0,0,0,0,0
SP3-02418,ok,reserve,22123,0,12881,1074,202972
SP3-02419,deficit,none,0,0,0,0,0
SP3-02420,ok,debt,797,1862,0,0,0
SP3-02421,deficit,none,0,0,0,0,0
SP3-02422,deficit,none,0,0,0,0,13806089
SP3-02423,ok,goals+,0,0,528,8711,206887
SP3-02424,ok,reserve,2475,2474,0,0,0
SP3-02425,ok,debt,2350,5486,0,0,0
SP3-02426,deficit,none,0,0,0,0,0
SP3-02427,ok,debt,0,53363,0,0,186322
SP3-02428,ok,goals+,6624,0,18916,0,0
SP3-02429,ok,reserve,3026,3025,0,0,19474
SP3-02430,ok,goals+,0,0,6400,482649,2788119
SP3-02431,ok,debt,1038,1038,0,0,0
SP3-02432,ok,debt,7439,7439,0,0,0
SP3-02433,ok,debt,0,17705,0,0,274023
SP3-02434,ok,goals+,0,0,7234,1135,0
SP3-02435,ok,reserve,389,388,0,0,10210
SP3-02436,deficit,none,0,0,0,0,5252544
SP3-02437,ok,debt,368,14873,0,0,0
SP3-02438,ok,goals+,0,0,3033,0,550822
SP3-02439,ok,debt,0,10055,0,0,89829
SP3-02440,ok,goals+,0,0,20561,0,871390
SP3-02441,deficit,none,0,0,0,0,2441486
SP3-02442,ok,debt,0,8260,0,0,121214
SP3-02443,ok,debt,0,121121,0,0,520934
SP3-02444,ok,debt,3542,8267,0,0,0
SP3-02445,ok,goals+,0,0,440,11027,0
SP3-02446,ok,reserve,2463,0,1101,0,0
SP3-02447,ok,reserve,5485,0,3657,0,0
SP3-02448,ok,debt,3426,34342,0,0,0
SP3-02449,deficit,none,0,0,0,0,266785
SP3-02450,deficit,none,0,0,0,0,21221
SP3-02451,deficit,none,0,0,0,0,21221
SP3-02452,ok,debt,3480,3480,0,0,0
SP3-02453,deficit,none,0,0,0,0,15957
SP3-02454,ok,debt,17154,17154,0,0,36294
SP3-02455,invalid,none,0,0,0,0,0
SP3-02456,deficit,none,0,0,0,0,0
SP3-02457,ok,reserve,104850,0,8615,0,0
SP3-02458,ok,reserve,68599,0,0,0,0
SP3-02459,deficit,none,0,0,0,0,13111
SP3-02460,ok,goals+,0,0,541,0,243733
SP3-02461,deficit,none,0,0,0,0,0
SP3-02462,deficit,none,0,0,0,0,1279632
SP3-02463,ok,debt,426,426,0,0,0
SP3-02464,ok,debt,0,4983,0,0,154809
SP3-02465,ok,goals+,0,0,3765,208829,937573
SP3-02466,ok,goals+,0,0,0,36421,386058
SP3-02467,deficit,none,0,0,0,0,118399
SP3-02468,ok,reserve,30656,0,20437,0,0
SP3-02469,deficit,none,0,0,0,0,998729
SP3-02470,deficit,none,0,0,0,0,0
SP3-02471,ok,debt,0,3910,0,0,122296
SP3-02472,deficit,none,0,0,0,0,13111
SP3-02473,deficit,none,0,0,0,0,4057350
SP3-02474,deficit,none,0,0,0,0,0
SP3-02475,ok,reserve,2475,2474,0,0,0
SP3-02476,ok,goals+,0,0,12747,112388,1097857
SP3-02477,deficit,none,0,0,0,0,218236
SP3-02478,deficit,none,0,0,0,0,259222
SP3-02479,ok,debt,56390,56390,0,0,1392515
SP3-02480,ok,debt,0,3833,0,0,4791
SP3-02481,invalid,none,0,0,0,0,0
SP3-02482,ok,reserve,5030,0,0,0,0
SP3-02483,ok,debt,1416,3305,0,0,0
SP3-02484,ok,debt,0,15097,0,0,62530
SP3-02485,deficit,none,0,0,0,0,11783734
SP3-02486,ok,reserve,7410,7409,0,0,0
SP3-02487,ok,reserve,10042,0,1383,0,0
SP3-02488,ok,reserve,10242,10241,0,0,27102
SP3-02489,deficit,none,0,0,0,0,32676
SP3-02490,ok,reserve,2475,2474,0,0,0
SP3-02491,ok,debt,0,23030,0,0,63668
SP3-02492,ok,goals+,0,0,0,4707,98446
SP3-02493,ok,goals+,0,0,1792,2792,0
SP3-02494,ok,debt,3088,3088,0,0,0
SP3-02495,deficit,none,0,0,0,0,0
SP3-02496,ok,debt,0,25537,0,0,139242
SP3-02497,ok,reserve,4269,0,717,0,0
SP3-02498,ok,debt,0,12622,0,0,67636
SP3-02499,ok,reserve,55185,0,0,0,0
SP3-02500,ok,goals+,0,0,2573,7691,2287952
SP3-02501,deficit,none,0,0,0,0,0
SP3-02502,deficit,none,0,0,0,0,161960
SP3-02503,ok,goals+,0,0,11034,113545,14538164
SP3-02504,ok,goals+,5470,0,0,103206,0
SP3-02505,deficit,none,0,0,0,0,82197
SP3-02506,ok,debt,0,16617,6516,0,136581
SP3-02507,deficit,none,0,0,0,0,0
SP3-02508,ok,debt,5275,12309,0,0,0
SP3-02509,deficit,none,0,0,0,0,4761780
SP3-02510,deficit,none,0,0,0,0,0
SP3-02511,ok,goals+,0,0,10001,11765,0
SP3-02512,ok,goals+,0,0,28689,0,201144
SP3-02513,ok,goals+,0,0,3084,32599,660338
SP3-02514,deficit,none,0,0,0,0,0
SP3-02515,deficit,none,0,0,0,0,6956536
SP3-02516,ok,reserve,384418,0,73715,0,0
SP3-02517,ok,debt,0,8186,0,0,431138
SP3-02518,deficit,none,0,0,0,0,28628
SP3-02519,deficit,none,0,0,0,0,5107247
SP3-02520,deficit,none,0,0,0,0,858806
SP3-02521,ok,debt,23723,23723,0,0,0
SP3-02522,deficit,none,0,0,0,0,338797
SP3-02523,ok,goals+,0,0,0,736055,5596403
SP3-02524,deficit,none,0,0,0,0,4026631
SP3-02525,ok,goals+,0,0,0,141955,298400
SP3-02526,ok,debt,0,6072,0,0,13952
SP3-02527,deficit,none,0,0,0,0,0
SP3-02528,ok,goals+,0,0,0,313714,2992878
SP3-02529,ok,reserve,5325,5324,0,0,0
SP3-02530,ok,debt,1889,1889,0,0,0
SP3-02531,ok,debt,2839,6625,0,0,0
SP3-02532,ok,debt,0,23273,0,0,479938
SP3-02533,ok,debt,0,23695,0,0,46283
SP3-02534,ok,reserve,33814,0,22543,0,0
SP3-02535,ok,reserve,14044,0,6083,0,0
SP3-02536,deficit,none,0,0,0,0,9279896
SP3-02537,ok,reserve,2667,0,1778,0,0
SP3-02538,ok,reserve,59253,6368,10181,0,8141
SP3-02539,deficit,none,0,0,0,0,307265
SP3-02540,ok,debt,0,13619,0,0,236089
SP3-02541,ok,debt,0,168420071,0,0,2990615393
SP3-02542,ok,goals+,0,0,0,11719,2657293
SP3-02543,ok,none,0,0,0,0,34518
SP3-02544,deficit,none,0,0,0,0,0
SP3-02545,ok,goals+,0,0,4775,1583,3426904
SP3-02546,ok,debt,524,1223,0,0,0
SP3-02547,ok,debt,8002,8002,0,0,0
SP3-02548,deficit,none,0,0,0,0,8832546
SP3-02549,ok,debt,2144,5005,0,0,0
SP3-02550,deficit,none,0,0,0,0,12539
SP3-02551,deficit,none,0,0,0,0,0
SP3-02552,ok,debt,0,1928,0,0,16075
SP3-02553,ok,debt,4687,10938,0,0,0
SP3-02554,ok,reserve,1672,1671,0,0,0
SP3-02555,ok,debt,1937,4522,0,0,0
SP3-02556,ok,reserve,11892,0,7928,0,0
SP3-02557,ok,debt,5111,11928,0,0,0
SP3-02558,ok,reserve,55554,0,0,0,0
SP3-02559,deficit,none,0,0,0,0,0
SP3-02560,ok,debt,24631,24631,0,0,0
SP3-02561,ok,goals+,0,0,6467,18758,378731
SP3-02562,ok,reserve,55424,0,3522,0,0
SP3-02563,ok,goals+,0,0,20462,8274,0
SP3-02564,ok,reserve,29385,0,0,0,0
SP3-02565,ok,reserve,35412,35411,0,0,0
SP3-02566,ok,debt,0,71764,0,0,27535
SP3-02567,ok,debt,8298,19362,0,0,0
SP3-02568,ok,goals+,0,0,21579,2785,6384264
SP3-02569,ok,reserve,7371,7370,0,0,0
SP3-02570,ok,reserve,37792,0,16941,0,0
SP3-02571,ok,debt,0,17843,0,0,267207
SP3-02572,ok,reserve,7371,7370,0,0,0
SP3-02573,ok,debt,0,6297,0,0,44287
SP3-02574,ok,reserve,13952,0,9301,0,0
SP3-02575,deficit,none,0,0,0,0,0
SP3-02576,ok,debt,5843,5843,0,0,33299
SP3-02577,deficit,none,0,0,0,0,0
SP3-02578,deficit,none,0,0,0,0,2358959
SP3-02579,ok,debt,2693,2693,0,0,0
SP3-02580,deficit,none,0,0,0,0,0
SP3-02581,deficit,none,0,0,0,0,0
SP3-02582,deficit,none,0,0,0,0,0
SP3-02583,deficit,none,0,0,0,0,760195
SP3-02584,ok,debt,22976421,22976421,0,0,0
SP3-02585,ok,goals+,716,0,11364,29931,0
SP3-02586,deficit,none,0,0,0,0,0
SP3-02587,deficit,none,0,0,0,0,502323
SP3-02588,ok,reserve,14425,14424,0,0,0
SP3-02589,ok,debt,0,19230,0,0,4566
SP3-02590,ok,goals+,0,0,38547,9881,1629088
SP3-02591,ok,debt,0,8750,0,0,49792
SP3-02592,ok,reserve,9246,0,6164,0,0
SP3-02593,deficit,none,0,0,0,0,1651094
SP3-02594,deficit,none,0,0,0,0,0
SP3-02595,ok,reserve,7945,0,5296,0,0
SP3-02596,ok,debt,0,2224,0,0,168797
SP3-02597,deficit,none,0,0,0,0,0
SP3-02598,ok,reserve,6590,0,4393,0,0
SP3-02599,deficit,none,0,0,0,0,58782
SP3-02600,ok,debt,0,1345,0,0,42716
SP3-02601,deficit,none,0,0,0,0,232292
SP3-02602,invalid,none,0,0,0,0,0
SP3-02603,ok,debt,0,8938,0,0,46936
SP3-02604,deficit,none,0,0,0,0,0
SP3-02605,deficit,none,0,0,0,0,0
SP3-02606,deficit,none,0,0,0,0,21142
SP3-02607,ok,debt,0,1740,0,0,33678
SP3-02608,ok,debt,0,1366,0,0,185249
SP3-02609,deficit,none,0,0,0,0,144362
SP3-02610,ok,debt,2924,2924,0,0,0
SP3-02611,invalid,none,0,0,0,0,0
SP3-02612,ok,reserve,2636,0,1756,0,0
SP3-02613,ok,debt,0,134598,0,0,1662686
SP3-02614,ok,goals+,0,0,0,167959,3748149
SP3-02615,deficit,none,0,0,0,0,139747
SP3-02616,deficit,none,0,0,0,0,10384
SP3-02617,deficit,none,0,0,0,0,119840
SP3-02618,ok,debt,1755,4097,0,0,0
SP3-02619,ok,reserve,11988,0,7991,0,0
SP3-02620,ok,reserve,91365,0,8872,0,0
SP3-02621,ok,reserve,11303,0,7535,0,0
SP3-02622,ok,debt,2891,6747,0,0,0
SP3-02623,deficit,none,0,0,0,0,0
SP3-02624,deficit,none,0,0,0,0,0
SP3-02625,deficit,none,0,0,0,0,396727
SP3-02626,ok,debt,836,1952,0,0,0
SP3-02627,deficit,none,0,0,0,0,14377
SP3-02628,deficit,none,0,0,0,0,156379
SP3-02629,deficit,none,0,0,0,0,193011
SP3-02630,ok,debt,1832,4275,0,0,0
SP3-02631,deficit,none,0,0,0,0,274471
SP3-02632,deficit,none,0,0,0,0,2850077
SP3-02633,ok,none,0,0,0,0,0
SP3-02634,ok,debt,0,131549,0,0,907895
SP3-02635,deficit,none,0,0,0,0,1092791
SP3-02636,deficit,none,0,0,0,0,0
SP3-02637,invalid,none,0,0,0,0,0
SP3-02638,ok,goals+,0,0,5704,19379,552049
SP3-02639,deficit,none,0,0,0,0,64894
SP3-02640,ok,reserve,6882,0,4587,0,0
SP3-02641,deficit,none,0,0,0,0,8896451
SP3-02642,deficit,none,0,0,0,0,0
SP3-02643,deficit,none,0,0,0,0,0
SP3-02644,ok,debt,0,1723,0,0,80759
SP3-02645,deficit,none,0,0,0,0,13671804
SP3-02646,ok,debt,0,18750,0,0,68748
SP3-02647,ok,debt,0,2809,0,0,39081
SP3-02648,deficit,none,0,0,0,0,11768688
SP3-02649,ok,debt,0,23217,0,0,55726
SP3-02650,ok,debt,0,50097,0,0,63295
SP3-02651,deficit,none,0,0,0,0,0
SP3-02652,deficit,none,0,0,0,0,0
SP3-02653,invalid,none,0,0,0,0,0
SP3-02654,ok,debt,1053,2457,0,0,0
SP3-02655,ok,goals+,0,0,2483,0,205635
SP3-02656,ok,goals+,0,0,0,19740,112083
SP3-02657,ok,debt,664,1815,0,0,0
SP3-02658,ok,debt,0,98819,0,0,36201
SP3-02659,deficit,none,0,0,0,0,55459
SP3-02660,ok,goals+,0,0,0,42262,609788
SP3-02661,ok,goals+,0,0,543,13192,72340
SP3-02662,deficit,none,0,0,0,0,0
SP3-02663,deficit,none,0,0,0,0,0
SP3-02664,deficit,none,0,0,0,0,23726
SP3-02665,deficit,none,0,0,0,0,1415774
SP3-02666,deficit,none,0,0,0,0,3521779
SP3-02667,deficit,none,0,0,0,0,18027
SP3-02668,deficit,none,0,0,0,0,161777
SP3-02669,deficit,none,0,0,0,0,5854684
SP3-02670,deficit,none,0,0,0,0,451485
SP3-02671,deficit,none,0,0,0,0,258005
SP3-02672,deficit,none,0,0,0,0,0
SP3-02673,deficit,none,0,0,0,0,11240
SP3-02674,ok,reserve,2752,0,1835,0,170982
SP3-02675,deficit,none,0,0,0,0,0
SP3-02676,ok,debt,0,8480,0,0,51346
SP3-02677,ok,goals+,0,0,2913,50734,407415
SP3-02678,ok,debt,3631,9207,0,0,0
SP3-02679,ok,debt,0,9973,0,0,25826
SP3-02680,deficit,none,0,0,0,0,488332
SP3-02681,invalid,none,0,0,0,0,0
SP3-02682,deficit,none,0,0,0,0,4856824
SP3-02683,ok,debt,5478,12782,0,0,0
SP3-02684,ok,reserve,11439,0,1452,0,0
SP3-02685,deficit,none,0,0,0,0,212029
SP3-02686,ok,goals+,0,0,5408,0,324294
SP3-02687,ok,debt,0,15194,0,0,335011
SP3-02688,ok,debt,0,22351,0,0,130595
SP3-02689,deficit,none,0,0,0,0,0
SP3-02690,deficit,none,0,0,0,0,0
SP3-02691,ok,goals+,0,0,6506,7192,244484
SP3-02692,deficit,none,0,0,0,0,12815846
SP3-02693,ok,debt,0,17507,0,0,110752
SP3-02694,ok,debt,0,15927,0,0,242482
SP3-02695,ok,debt,0,5271,0,0,33890
SP3-02696,deficit,none,0,0,0,0,365700
SP3-02697,deficit,none,0,0,0,0,452166
SP3-02698,deficit,none,0,0,0,0,4967265
SP3-02699,deficit,none,0,0,0,0,0
SP3-02700,ok,goals+,0,0,10188,21024,1207386
SP3-02701,ok,reserve,3124,0,2033,0,0
SP3-02702,ok,reserve,65643,0,0,0,0
SP3-02703,ok,debt,0,301,0,0,142263
SP3-02704,ok,reserve,108171,0,0,0,0
SP3-02705,deficit,none,0,0,0,0,247867
SP3-02706,ok,goals+,0,0,0,4273,63875
SP3-02707,ok,debt,140903288,140903288,0,0,0
SP3-02708,invalid,none,0,0,0,0,0
SP3-02709,ok,reserve,3366,0,2244,0,0
SP3-02710,ok,debt,0,6523,0,0,103382
SP3-02711,deficit,none,0,0,0,0,12324
SP3-02712,ok,goals+,0,0,0,1741,230772
SP3-02713,deficit,none,0,0,0,0,0
SP3-02714,ok,reserve,1938,1937,0,0,0
SP3-02715,invalid,none,0,0,0,0,0
SP3-02716,deficit,none,0,0,0,0,35253
SP3-02717,ok,debt,0,33508,0,0,291076
SP3-02718,ok,debt,0,13997,0,0,126719
SP3-02719,deficit,none,0,0,0,0,0
SP3-02720,ok,goals+,0,0,12941,0,511979
SP3-02721,ok,reserve,6076,0,4050,0,0
SP3-02722,ok,none,0,0,0,0,18205
SP3-02723,ok,debt,10064,10064,0,0,6942
SP3-02724,deficit,none,0,0,0,0,0
SP3-02725,deficit,none,0,0,0,0,140984
SP3-02726,deficit,none,0,0,0,0,77425
SP3-02727,ok,debt,0,10816,0,0,111684
SP3-02728,ok,reserve,2182,2181,0,0,121863
SP3-02729,deficit,none,0,0,0,0,0
SP3-02730,ok,debt,0,139976,0,0,1267194
SP3-02731,ok,goals+,0,0,4200,0,0
SP3-02732,ok,goals+,0,0,11789,41747,117358
SP3-02733,ok,debt,1454,3393,0,0,0
SP3-02734,ok,reserve,27100,0,18066,0,0
SP3-02735,deficit,none,0,0,0,0,81820
SP3-02736,ok,debt,0,2831,0,0,19334
SP3-02737,deficit,none,0,0,0,0,0
SP3-02738,ok,debt,0,4827,0,0,10924
SP3-02739,ok,reserve,6429,0,4286,0,53749
SP3-02740,invalid,none,0,0,0,0,0
SP3-02741,deficit,none,0,0,0,0,0
SP3-02742,deficit,none,0,0,0,0,83792
SP3-02743,deficit,none,0,0,0,0,823841
SP3-02744,ok,reserve,1753,1752,0,0,0
SP3-02745,ok,debt,0,19914,0,0,697606
SP3-02746,ok,debt,0,79615,0,0,19712
SP3-02747,ok,reserve,42974,0,19809,0,0
SP3-02748,ok,debt,0,25814,0,0,553095
SP3-02749,invalid,none,0,0,0,0,0
SP3-02750,deficit,none,0,0,0,0,8259678
SP3-02751,ok,debt,1009,2354,0,0,0
SP3-02752,ok,debt,6040,6040,0,0,0
SP3-02753,deficit,none,0,0,0,0,7721
SP3-02754,deficit,none,0,0,0,0,0
SP3-02755,deficit,none,0,0,0,0,274590
SP3-02756,ok,debt,8052,8052,0,0,0
SP3-02757,deficit,none,0,0,0,0,0
SP3-02758,ok,debt,0,7507,0,0,227716
SP3-02759,deficit,none,0,0,0,0,56477
SP3-02760,deficit,none,0,0,0,0,7721
SP3-02761,deficit,none,0,0,0,0,48074
SP3-02762,deficit,none,0,0,0,0,11574
SP3-02763,ok,reserve,22204,0,6009,0,0
SP3-02764,ok,reserve,11323,0,7548,0,0
SP3-02765,ok,debt,17528,17528,0,0,670507
SP3-02766,ok,goals+,0,0,35362,0,335154
SP3-02767,ok,reserve,1252,1251,0,0,0
SP3-00766,invalid,none,0,0,0,0,0
SP3-02769,deficit,none,0,0,0,0,1651813
SP3-02770,deficit,none,0,0,0,0,1453590
SP3-02771,ok,reserve,4680,0,3120,0,399845
SP3-02772,ok,reserve,688,687,0,0,142959
SP3-02773,deficit,none,0,0,0,0,0
SP3-02774,ok,debt,0,962,0,0,10678
SP3-02775,ok,debt,0,8962,0,0,34560
SP3-02776,invalid,none,0,0,0,0,0
SP3-02777,deficit,none,0,0,0,0,1445532
SP3-02778,ok,debt,416,972,0,0,0
SP3-02779,ok,goals+,0,0,58574,0,9723589
SP3-02780,invalid,none,0,0,0,0,0
SP3-02781,deficit,none,0,0,0,0,309293
SP3-02782,ok,reserve,3241,3240,0,0,0
SP3-02783,deficit,none,0,0,0,0,411781
SP3-02784,deficit,none,0,0,0,0,0
SP3-02785,ok,debt,504,504,0,0,67556
SP3-02786,deficit,none,0,0,0,0,4144882
SP3-02787,deficit,none,0,0,0,0,0
SP3-02788,ok,debt,0,7482,0,0,30849
SP3-02789,deficit,none,0,0,0,0,847770
SP3-02790,ok,debt,532,1244,0,0,0
SP3-02791,ok,reserve,8675,8674,0,0,0
SP3-02792,deficit,none,0,0,0,0,361260
SP3-02793,ok,reserve,1418,0,945,0,0
SP3-02794,deficit,none,0,0,0,0,289410
SP3-02795,deficit,none,0,0,0,0,572354
SP3-02796,ok,debt,0,5843,0,0,112281
SP3-02797,deficit,none,0,0,0,0,0
SP3-02798,deficit,none,0,0,0,0,0
SP3-02799,deficit,none,0,0,0,0,473719
SP3-02800,ok,debt,10409,24290,0,0,0
SP3-02801,ok,goals+,0,0,40609,0,919595
SP3-02802,ok,debt,0,5433,0,0,1079972
SP3-02803,ok,goals+,0,0,10913,0,0
SP3-02804,ok,goals+,0,0,21858,689,0
SP3-02805,deficit,none,0,0,0,0,0
SP3-02806,deficit,none,0,0,0,0,847094
SP3-02807,ok,debt,954,2226,0,0,0
SP3-02808,deficit,none,0,0,0,0,0
SP3-02809,deficit,none,0,0,0,0,0
SP3-02810,ok,debt,0,2763,0,0,19379
SP3-02811,deficit,none,0,0,0,0,1132460
SP3-02812,deficit,none,0,0,0,0,1300524
SP3-02813,ok,debt,0,1008,0,0,69243
SP3-02814,ok,reserve,5969,5968,0,0,0
SP3-02815,deficit,none,0,0,0,0,0
SP3-02816,ok,debt,0,17480,0,0,118047
SP3-02817,ok,reserve,6591,0,0,0,182499
SP3-02818,deficit,none,0,0,0,0,178990
SP3-02819,deficit,none,0,0,0,0,189404
SP3-02820,ok,debt,0,5069,0,0,59476
SP3-02821,ok,debt,1877,4380,0,0,0
SP3-02822,deficit,none,0,0,0,0,1981230
SP3-02823,invalid,none,0,0,0,0,0
SP3-02824,ok,debt,0,13962,0,0,6444
SP3-02825,ok,debt,0,3849,0,0,25152
SP3-02826,ok,goals+,0,0,88272,0,19623730
SP3-02827,deficit,none,0,0,0,0,313813
SP3-02828,ok,debt,2276,5311,0,0,0
SP3-02829,deficit,none,0,0,0,0,0
SP3-02830,ok,reserve,4207,0,2804,0,33928
SP3-02831,deficit,none,0,0,0,0,368716
SP3-02832,deficit,none,0,0,0,0,2991541
SP3-02833,ok,debt,0,29841,0,0,239331
SP3-02834,ok,reserve,47265,0,20961,0,0
SP3-02835,ok,debt,0,91542,0,0,1012887
SP3-02836,ok,debt,3248,3248,0,0,0
SP3-02837,ok,reserve,11388,0,7592,0,0
SP3-02838,ok,debt,0,14235,0,0,60716
SP3-02839,deficit,none,0,0,0,0,0
SP3-02840,ok,reserve,11957,0,0,0,0
SP3-02841,ok,reserve,23809,0,2217,0,0
SP3-02842,invalid,none,0,0,0,0,0
SP3-02843,ok,reserve,20822,0,6340,0,0
SP3-02844,ok,reserve,12224,0,0,2172,0
SP3-02845,ok,debt,0,8828,0,0,9501
SP3-02846,ok,reserve,21619,0,0,0,0
SP3-02847,ok,debt,2413,2413,0,0,0
SP3-02848,ok,debt,15357,288291,0,0,0
SP3-02849,ok,goals+,0,0,22497,4991,59917
SP3-02850,invalid,none,0,0,0,0,0
SP3-02851,deficit,none,0,0,0,0,245604
SP3-02852,deficit,none,0,0,0,0,6796960
SP3-02853,deficit,none,0,0,0,0,0
SP3-02854,ok,debt,15953,37226,0,0,0
SP3-02855,ok,reserve,32846,32845,0,0,0
SP3-02856,deficit,none,0,0,0,0,43134
SP3-02857,ok,reserve,11800,0,4554,0,48392
SP3-02858,ok,goals+,0,0,47911,0,3967202
SP3-02859,ok,reserve,13882,0,8560,0,0
SP3-02860,ok,debt,0,6828,0,0,279677
SP3-02861,ok,debt,64586,145594,0,0,200774
SP3-02862,ok,reserve,2075,0,1382,0,585353
SP3-02863,ok,debt,7687,7687,0,0,0
SP3-02864,deficit,none,0,0,0,0,1901092
SP3-02865,ok,debt,1682,1682,0,0,0
SP3-02866,deficit,none,0,0,0,0,144872
SP3-02867,ok,debt,0,31794,0,0,126735
SP3-02868,ok,goals+,0,0,253,15496,294441
SP3-02869,ok,debt,0,4477,0,0,31345
SP3-02870,deficit,none,0,0,0,0,4651616
SP3-02871,ok,none,0,0,0,0,0
SP3-02872,deficit,none,0,0,0,0,0
SP3-02873,deficit,none,0,0,0,0,348132
SP3-02874,ok,goals+,0,0,32089,6305,221700
SP3-02875,deficit,none,0,0,0,0,85290
SP3-02876,deficit,none,0,0,0,0,0
SP3-02877,deficit,none,0,0,0,0,133127
SP3-02878,deficit,none,0,0,0,0,152735
SP3-02879,deficit,none,0,0,0,0,22234
SP3-02880,ok,goals+,0,0,40454,0,480243
SP3-02881,ok,reserve,2101,2100,0,0,0
SP3-02882,ok,goals+,0,0,79640,125653,2985515
SP3-02883,ok,reserve,28188,0,787,0,0
SP3-02884,ok,reserve,1908,0,0,0,0
SP3-02885,ok,reserve,6303,6302,0,0,0
SP3-02886,ok,debt,0,18407,0,0,12806
SP3-02887,ok,goals+,0,0,0,30958,0
SP3-02888,ok,debt,0,13962,0,0,6444
SP3-02889,invalid,none,0,0,0,0,0
SP3-02890,deficit,none,0,0,0,0,81080
SP3-02891,deficit,none,0,0,0,0,4370
SP3-02892,ok,debt,0,14990,0,0,47076
SP3-02893,ok,reserve,4426,4425,0,0,0
SP3-02894,ok,reserve,2030,2029,0,0,4050547
SP3-02895,ok,reserve,5167,0,3444,0,0
SP3-02896,ok,debt,0,25443,0,0,76502
SP3-02897,ok,reserve,3879,3878,0,0,0
SP3-02898,deficit,none,0,0,0,0,298872
SP3-02899,deficit,none,0,0,0,0,496359
SP3-02900,ok,goals+,0,0,477202,0,14301206
SP3-02901,deficit,none,0,0,0,0,276539
SP3-02902,ok,goals+,0,0,1271,16253,63099
SP3-02903,ok,debt,5946,5946,0,0,0
SP3-02904,ok,debt,0,82794,0,0,41513
SP3-02905,ok,debt,3977,3977,0,0,0
SP3-02906,deficit,none,0,0,0,0,412945
SP3-02907,ok,debt,0,5323,0,0,20459
SP3-02908,deficit,none,0,0,0,0,114923
SP3-02909,ok,reserve,213,212,0,0,0
SP3-02910,ok,debt,0,5031,0,0,1112938
SP3-02911,ok,goals+,0,0,7395,75844,166977
SP3-02912,ok,debt,0,25283,0,0,263135
SP3-02913,ok,reserve,6118,0,4078,0,0
SP3-02914,ok,goals+,0,0,20699,16484,366981
SP3-02915,ok,debt,0,4980,0,0,66757
SP3-02916,ok,debt,0,49318,0,0,414781
SP3-02917,ok,debt,3375,3375,0,0,0
SP3-02918,ok,goals+,0,0,7704,463123,1994105
SP3-02919,ok,reserve,9293,0,1000,0,0
SP3-02920,deficit,none,0,0,0,0,384880
SP3-02921,ok,debt,11463,11463,0,0,0
SP3-02922,ok,goals+,0,0,5395,21515,984314
SP3-02923,invalid,none,0,0,0,0,0
SP3-02924,deficit,none,0,0,0,0,218920
SP3-02925,ok,debt,5615,13101,0,0,0
SP3-02926,invalid,none,0,0,0,0,0
SP3-02927,ok,debt,3882,9060,0,0,0
SP3-02928,ok,reserve,7670,0,0,0,0
SP3-02929,ok,debt,0,11490,0,0,208151
SP3-02930,invalid,none,0,0,0,0,0
SP3-02931,deficit,none,0,0,0,0,3196117
SP3-02932,ok,goals+,0,0,58236,33034,1555078
SP3-02933,deficit,none,0,0,0,0,65618
SP3-02934,deficit,none,0,0,0,0,55069
SP3-02935,ok,reserve,3866,3865,0,0,0
SP3-02936,ok,debt,3150,7352,0,0,0
SP3-02937,ok,debt,0,27979,0,0,1338368
SP3-02938,invalid,none,0,0,0,0,0
SP3-02939,deficit,none,0,0,0,0,0
SP3-02940,ok,goals+,0,0,35429,0,5136056
SP3-02941,ok,goals+,0,0,4439,1269,530836
SP3-02942,deficit,none,0,0,0,0,0
SP3-02943,ok,reserve,20987,0,0,0,0
SP3-02944,ok,reserve,18052,0,0,0,0
SP3-02945,deficit,none,0,0,0,0,234417
SP3-02946,ok,debt,0,10789,0,0,61493
SP3-02947,deficit,none,0,0,0,0,1487061
SP3-02948,ok,debt,2968,6925,0,0,0
SP3-02949,ok,reserve,209356,0,139571,0,0
SP3-02950,ok,reserve,3136,3135,0,0,0
SP3-02951,ok,reserve,25842,25841,0,0,0
SP3-02952,ok,debt,0,26795,0,0,405322
SP3-02953,deficit,none,0,0,0,0,39928
SP3-02954,ok,debt,0,6748,0,0,45978
SP3-02955,ok,goals+,0,0,3938,299155,3107519
SP3-02956,deficit,none,0,0,0,0,327440
SP3-02957,ok,debt,0,3976,0,0,162120
SP3-02958,ok,debt,0,7163,0,0,17569
SP3-02959,invalid,none,0,0,0,0,0
SP3-02960,ok,debt,0,101540,0,0,4166068
SP3-02961,ok,goals+,0,0,0,44472,157895
SP3-02962,ok,reserve,2177,0,658,0,0
SP3-02963,ok,goals+,0,0,9364,48981,0
SP3-02964,ok,debt,0,8133,0,0,398306
SP3-02965,ok,debt,0,19316,0,0,207021
SP3-02966,ok,reserve,4821,0,3213,0,0
SP3-02967,deficit,none,0,0,0,0,21279
SP3-02968,deficit,none,0,0,0,0,230755
SP3-02969,deficit,none,0,0,0,0,4685498
SP3-02970,ok,debt,1059,2471,0,0,0
SP3-02971,ok,reserve,80726,0,0,28164,0
SP3-02972,ok,reserve,3879,3878,0,0,0
SP3-02973,deficit,none,0,0,0,0,4169
SP3-02974,deficit,none,0,0,0,0,0
SP3-02975,ok,debt,9626,46776,2022,11876,117014
SP3-02976,ok,reserve,7233,0,0,0,0
SP3-02977,ok,debt,0,2370,0,0,56217
SP3-02978,ok,debt,0,16079,0,0,89546
SP3-02979,ok,goals+,0,0,6724,0,0
SP3-02980,ok,debt,0,29400,0,0,240242
SP3-02981,deficit,none,0,0,0,0,10098642
SP3-02982,invalid,none,0,0,0,0,0
SP3-02983,ok,reserve,4417,0,1455,0,0
SP3-02984,ok,debt,0,6153,0,0,16647
SP3-02985,deficit,none,0,0,0,0,10823954
SP3-02986,deficit,none,0,0,0,0,28878
SP3-02987,ok,debt,0,2822,0,0,37423
SP3-02988,ok,none,0,0,0,0,383355
SP3-02989,ok,debt,0,28220,0,0,374232
SP3-02990,ok,goals+,0,0,91240,48796,2916162
SP3-02991,deficit,none,0,0,0,0,371227
SP3-02992,ok,debt,0,16822,0,0,351822
SP3-02993,ok,debt,0,9187,0,0,129424
SP3-02994,deficit,none,0,0,0,0,0
SP3-02995,ok,goals+,0,0,0,5132,482624
SP3-02996,deficit,none,0,0,0,0,0
SP3-02997,deficit,none,0,0,0,0,1920609
SP3-02998,deficit,none,0,0,0,0,0
SP3-02999,invalid,none,0,0,0,0,0
SP3-03000,deficit,none,0,0,0,0,155529
SP3-03001,ok,reserve,3548,0,2365,0,0
SP3-03002,deficit,none,0,0,0,0,482228
SP3-03003,ok,goals+,0,0,6474,133494,351578
SP3-03004,ok,reserve,54963,0,2232,0,0
SP3-03005,deficit,none,0,0,0,0,1123136
SP3-03006,ok,goals+,0,0,2548,9516,0
SP3-03007,ok,debt,163,381,0,0,0
SP3-03008,ok,debt,0,94496,0,0,1050015
SP3-03009,ok,reserve,18557,0,3672,0,0
SP3-03010,deficit,none,0,0,0,0,1464511
SP3-03011,ok,debt,3573,8338,0,0,0
SP3-03012,ok,reserve,28490,0,3098,142,0
SP3-03013,ok,debt,0,5526,0,0,31373
SP3-03014,invalid,none,0,0,0,0,0
SP3-03015,deficit,none,0,0,0,0,0
SP3-03016,ok,debt,0,10265,0,0,68019
SP3-03017,deficit,none,0,0,0,0,168878
SP3-03018,ok,reserve,4817,0,3211,0,0
SP3-03019,ok,debt,3623,8455,0,0,0
SP3-03020,ok,reserve,12389,12388,0,0,0
SP3-03021,ok,debt,924,2156,0,0,0
SP3-03022,ok,goals+,0,0,146359968,0,1783175043
SP3-03023,deficit,none,0,0,0,0,0
SP3-03024,deficit,none,0,0,0,0,105516
SP3-03025,invalid,none,0,0,0,0,0
SP3-03026,ok,reserve,59490,0,4967,0,0
SP3-03027,deficit,none,0,0,0,0,338677
SP3-03028,deficit,none,0,0,0,0,0
SP3-03029,ok,debt,0,2634,0,0,17188
SP3-03030,deficit,none,0,0,0,0,0
SP3-03031,ok,reserve,5489,5488,0,0,0
SP3-03032,deficit,none,0,0,0,0,0
SP3-03033,ok,reserve,12692065,12692064,0,0,168458402
SP3-03034,ok,goals+,0,0,890,0,290107
SP3-03035,ok,goals+,0,0,14629,0,1400007
SP3-03036,invalid,none,0,0,0,0,0
SP3-03037,ok,goals+,0,0,1820,2566,0
SP3-03038,deficit,none,0,0,0,0,191799
SP3-03039,ok,reserve,10691,10690,0,0,0
SP3-03040,deficit,none,0,0,0,0,604124
SP3-03041,ok,debt,0,3568,0,0,24458
SP3-03042,ok,debt,0,8002,0,0,10536
SP3-03043,deficit,none,0,0,0,0,0
SP3-03044,deficit,none,0,0,0,0,13384314
SP3-03045,deficit,none,0,0,0,0,250462
SP3-03046,deficit,none,0,0,0,0,1054334
SP3-03047,ok,goals+,0,0,0,40720,99544
SP3-03048,deficit,none,0,0,0,0,0
SP3-03049,deficit,none,0,0,0,0,55437
SP3-03050,deficit,none,0,0,0,0,576795
SP3-03051,invalid,none,0,0,0,0,0
SP3-03052,ok,goals+,0,0,72497253,101543353,1718021834
SP3-03053,ok,reserve,20967,0,8170,0,0
SP3-03054,ok,reserve,26013,0,6959,0,0
SP3-03055,deficit,none,0,0,0,0,715772
SP3-03056,deficit,none,0,0,0,0,0
SP3-03057,deficit,none,0,0,0,0,156914
SP3-03058,invalid,none,0,0,0,0,0
SP3-03059,ok,debt,0,34541,0,0,518728
SP3-03060,deficit,none,0,0,0,0,0
SP3-03061,ok,debt,140,6423,0,0,0
SP3-03062,deficit,none,0,0,0,0,577391
SP3-03063,ok,reserve,2950,0,1966,0,0
SP3-03064,deficit,none,0,0,0,0,0
SP3-03065,ok,debt,0,7164,0,0,30911
SP3-03066,ok,reserve,47231,0,9722,0,0
SP3-03067,ok,debt,0,35971,0,0,518728
SP3-03068,ok,reserve,18047,0,11833,0,0
SP3-03069,ok,debt,0,19534,0,0,33904
SP3-03070,ok,reserve,15,0,9,0,0
SP3-03071,deficit,none,0,0,0,0,35495
SP3-03072,deficit,none,0,0,0,0,58543
SP3-03073,deficit,none,0,0,0,0,4711551
SP3-03074,ok,debt,14940,14940,0,0,0
SP3-03075,ok,goals+,0,0,3326,9876,154959
SP3-03076,ok,goals+,0,0,140331,0,6108136
SP3-03077,ok,reserve,1095,1094,0,0,65865
SP3-05718,invalid,none,0,0,0,0,0
SP3-03079,deficit,none,0,0,0,0,46521
SP3-03080,ok,debt,1411,12357,0,0,71756
SP3-03081,invalid,none,0,0,0,0,0
SP3-03082,ok,goals+,0,0,1076,2122,114533
SP3-03083,ok,debt,0,6618,0,0,151405
SP3-03084,ok,goals+,0,0,959,2239,114533
SP3-03085,deficit,none,0,0,0,0,1158054
SP3-03086,deficit,none,0,0,0,0,0
SP3-03087,deficit,none,0,0,0,0,0
SP3-03088,ok,reserve,5523,0,3681,0,0
SP3-03089,deficit,none,0,0,0,0,0
SP3-03090,deficit,none,0,0,0,0,15836
SP3-03091,deficit,none,0,0,0,0,11674751
SP3-03092,ok,goals+,0,0,2189,191100,592068
SP3-03093,ok,goals+,0,0,7914,14068,56942
SP3-03094,deficit,none,0,0,0,0,42704
SP3-03095,deficit,none,0,0,0,0,0
SP3-03096,deficit,none,0,0,0,0,280185
SP3-03097,ok,debt,0,240,0,0,3536
SP3-03098,ok,goals+,2514,0,0,32661,0
SP3-03099,ok,debt,0,109030,0,0,171832
SP3-03100,ok,debt,6951,16220,0,0,0
SP3-03101,ok,debt,0,9781,0,0,113156
SP3-03102,deficit,none,0,0,0,0,87377
SP3-03103,ok,reserve,2007,0,1337,0,0
SP3-03104,ok,debt,0,23497,0,0,155847
SP3-03105,ok,debt,0,35981,0,0,123384
SP3-03106,deficit,none,0,0,0,0,0
SP3-03107,ok,reserve,2926,2925,0,0,0
SP3-03108,deficit,none,0,0,0,0,273622
SP3-03109,deficit,none,0,0,0,0,12071
SP3-03110,ok,debt,0,37847,0,0,552326
SP3-03111,ok,debt,0,745,0,0,163951
SP3-03112,ok,goals+,0,0,793,0,1002736
SP3-03113,ok,goals+,0,0,12444,50322,202923
SP3-03114,ok,debt,0,23497,0,0,158813
SP3-03115,ok,goals+,0,0,83344,13342,289513
SP3-03116,ok,reserve,4426,4425,0,0,0
SP3-03117,ok,debt,6075,6075,0,0,0
SP3-03118,ok,debt,1453,8071,0,0,0
SP3-03119,ok,goals+,0,0,7462,0,2016658
SP3-03120,deficit,none,0,0,0,0,1747422
SP3-03121,deficit,none,0,0,0,0,9602579
SP3-03122,ok,debt,0,6861,0,0,165725
SP3-03123,deficit,none,0,0,0,0,611700
SP3-03124,deficit,none,0,0,0,0,207220
SP3-03125,deficit,none,0,0,0,0,1006891
SP3-03126,ok,debt,0,15539,0,0,93891
SP3-03127,ok,debt,0,45004,0,0,2020018
SP3-03128,ok,reserve,36498,0,24331,0,0
SP3-03129,ok,debt,0,4380,0,0,983
SP3-03130,deficit,none,0,0,0,0,2327884
SP3-03131,ok,debt,14538,80710,0,0,0
SP3-03132,deficit,none,0,0,0,0,9945722
SP3-03133,invalid,none,0,0,0,0,0
SP3-03134,ok,reserve,129724,0,21936,0,0
SP3-03135,ok,goals+,0,0,1036,9383,447423
SP3-03136,ok,reserve,4063,0,2709,0,0
SP3-03137,ok,debt,1553,3624,0,0,0
SP3-03138,invalid,none,0,0,0,0,0
SP3-03139,ok,debt,1146,18652,0,0,127482
SP3-03140,ok,goals+,0,0,0,16118,0
SP3-03141,deficit,none,0,0,0,0,2560669
SP3-03142,ok,goals+,0,0,235,5133,18847
SP3-03143,deficit,none,0,0,0,0,14491
SP3-03144,ok,goals+,0,0,8162,118657,1367860
SP3-03145,ok,debt,0,16,0,0,64157
SP3-03146,deficit,none,0,0,0,0,169539
SP3-03147,ok,goals+,0,0,0,85611,5745834
SP3-03148,deficit,none,0,0,0,0,7914
SP3-04998,invalid,none,0,0,0,0,0
SP3-03150,ok,debt,0,7182,0,0,297629
SP3-03151,ok,debt,0,9014,0,0,17419
SP3-03152,deficit,none,0,0,0,0,0
SP3-03153,ok,goals+,0,0,1036,10608,447423
SP3-03154,ok,debt,0,20542,0,0,190995
SP3-03155,deficit,none,0,0,0,0,0
SP3-03156,ok,debt,0,9930,0,0,952086
SP3-03157,deficit,none,0,0,0,0,244859
SP3-03158,ok,debt,0,5457,0,0,74776
SP3-03159,deficit,none,0,0,0,0,0
SP3-03160,ok,debt,0,2790,0,0,67955
SP3-03161,ok,goals+,0,0,17098,11035,0
SP3-03162,deficit,none,0,0,0,0,155073
SP3-03163,ok,reserve,1949,0,1299,0,0
SP3-03164,ok,goals+,0,0,6972,0,240202
SP3-03165,ok,goals+,0,0,0,50276,655271
SP3-03166,deficit,none,0,0,0,0,53228
SP3-03167,deficit,none,0,0,0,0,9487
SP3-03168,ok,reserve,2896,0,1930,0,0
SP3-03169,ok,debt,0,22783,0,0,85175
SP3-03170,ok,debt,0,5457,0,0,74776
SP3-03171,ok,reserve,10137,10136,0,0,0
SP3-03172,ok,debt,0,10165,0,4827,28152
SP3-03173,ok,goals+,0,0,6168,4977,0
SP3-03174,deficit,none,0,0,0,0,0
SP3-03175,ok,reserve,2018,0,0,497,17472
SP3-03176,ok,goals+,0,0,13596,2115,717500
SP3-03177,ok,debt,0,10486,0,0,411508
SP3-03178,ok,debt,137,137,0,0,0
SP3-03179,ok,debt,0,10936,0,0,410
SP3-03180,deficit,none,0,0,0,0,85882
SP3-03181,ok,debt,26899,62766,0,0,0
SP3-03182,deficit,none,0,0,0,0,0
SP3-03183,ok,debt,0,7181,0,0,36030
SP3-03184,ok,goals+,0,0,9562,46456,1076922
SP3-03185,ok,reserve,68329,0,45553,0,0
SP3-03186,deficit,none,0,0,0,0,0
SP3-03187,ok,reserve,44537,0,0,0,0
SP3-03188,ok,reserve,41641,0,0,0,0
SP3-03189,ok,goals+,0,0,24326,0,1139553
SP3-03190,ok,goals+,0,0,5236,5909,0
SP3-03191,deficit,none,0,0,0,0,27227
SP3-03192,ok,goals+,0,0,8345,40032,1350633
SP3-03193,ok,debt,8075,8075,0,0,0
SP3-03194,ok,debt,0,19896,0,0,26789
SP3-03195,ok,debt,2309,5390,0,0,0
SP3-03196,ok,debt,0,1197,0,0,35761
SP3-03197,ok,debt,0,15114,0,0,68448
SP3-03198,deficit,none,0,0,0,0,0
SP3-03199,ok,reserve,6651,6650,0,0,412623
SP3-03200,ok,goals+,0,0,3292,5658,305567
SP3-03201,ok,goals+,0,0,41103,28090,110956
SP3-03202,ok,debt,0,1197,0,0,36363
SP3-03203,ok,goals+,0,0,18862,0,306423
SP3-03204,deficit,none,0,0,0,0,7826204
SP3-03205,ok,debt,0,146654,0,0,2171640
SP3-03206,ok,debt,2243,27342,0,0,0
SP3-03207,ok,debt,2322,2322,0,0,0
SP3-03208,deficit,none,0,0,0,0,5365124
SP3-03209,deficit,none,0,0,0,0,0
SP3-03210,ok,debt,17689,41277,0,0,0
SP3-03211,ok,goals+,21714,0,14713,38973,0
SP3-03212,ok,goals+,0,0,18058,37182,234034
SP3-03213,deficit,none,0,0,0,0,0
SP3-03214,ok,goals+,0,0,614,0,374181
SP3-03215,ok,debt,0,110864500,0,0,672801705
SP3-03216,ok,debt,1663,1663,0,0,0
SP3-03217,ok,debt,3830,8939,0,0,0
SP3-03218,ok,debt,2540,13154,0,0,0
SP3-03219,ok,goals+,0,0,36004,9973,0
SP3-03220,ok,debt,0,51094,0,0,299967
SP3-03221,ok,debt,0,2194,0,0,1734625
SP3-03222,deficit,none,0,0,0,0,121766
SP3-03223,deficit,none,0,0,0,0,492835
SP3-03224,ok,debt,0,38545,0,0,25952
SP3-03225,deficit,none,0,0,0,0,0
SP3-03226,ok,debt,0,12030,0,0,143623
SP3-03227,ok,goals+,0,0,126843,0,5754898
SP3-03228,ok,goals+,0,0,7603,0,75033
SP3-03229,ok,reserve,21535,0,14356,0,0
SP3-03230,ok,debt,0,88614,0,0,91011
SP3-03231,ok,debt,242969,285177,15323,0,0
SP3-03232,deficit,none,0,0,0,0,8375
SP3-03233,deficit,none,0,0,0,0,0
SP3-03234,deficit,none,0,0,0,0,1272191
SP3-03235,ok,debt,0,18448,0,0,244796
SP3-03236,ok,debt,0,5391,0,0,130349
SP3-03237,deficit,none,0,0,0,0,61227
SP3-03238,ok,reserve,879,0,0,0,0
SP3-03239,ok,none,0,0,0,0,0
SP3-03240,invalid,none,0,0,0,0,0
SP3-03241,ok,reserve,16635,16634,0,0,0
SP3-03242,invalid,none,0,0,0,0,0
SP3-03243,ok,goals+,0,0,21770,157680,200988
SP3-03244,ok,goals+,0,0,26840,17109,319587
SP3-03245,invalid,none,0,0,0,0,0
SP3-03246,ok,debt,0,4187,0,0,54830
SP3-03247,ok,debt,0,602,0,0,24230
SP3-03248,deficit,none,0,0,0,0,100190
SP3-03249,ok,goals+,0,0,0,11846,197615
SP3-03250,deficit,none,0,0,0,0,0
SP3-03251,ok,debt,0,12120,0,0,77351
SP3-03252,ok,reserve,41995,0,1000,0,333231
SP3-03253,ok,reserve,5622,0,3748,0,0
SP3-03254,deficit,none,0,0,0,0,724888
SP3-03255,ok,debt,0,653,0,0,9189
SP3-03256,ok,debt,0,13745,0,0,82814
SP3-03257,deficit,none,0,0,0,0,394287
SP3-03258,ok,reserve,14419,0,9613,0,0
SP3-03259,ok,reserve,14392,0,5212,0,0
SP3-03260,ok,reserve,15144,0,3060,0,0
SP3-03261,ok,reserve,22241,0,14827,0,0
SP3-03262,deficit,none,0,0,0,0,341128
SP3-03263,deficit,none,0,0,0,0,0
SP3-03264,deficit,none,0,0,0,0,94984
SP3-03265,invalid,none,0,0,0,0,0
SP3-03266,ok,goals+,0,0,0,56531,794648
SP3-03267,deficit,none,0,0,0,0,0
SP3-03268,deficit,none,0,0,0,0,148438
SP3-03269,ok,debt,0,513,0,0,152916
SP3-03270,ok,debt,0,19898,0,0,430
SP3-03271,ok,goals+,0,0,57980,22054,1402867
SP3-03272,ok,debt,0,8376,0,0,46951
SP3-03273,deficit,none,0,0,0,0,1123155
SP3-03274,ok,goals+,0,0,0,38822,1484695
SP3-03275,invalid,none,0,0,0,0,0
SP3-03276,deficit,none,0,0,0,0,905749
SP3-03277,deficit,none,0,0,0,0,3139124
SP3-03278,deficit,none,0,0,0,0,0
SP3-03279,ok,goals+,0,0,84584,224807,13722416
SP3-03280,deficit,none,0,0,0,0,0
SP3-03281,ok,debt,0,23661,0,0,109916
SP3-03282,ok,debt,0,1102,0,0,133709
SP3-03283,invalid,none,0,0,0,0,0
SP3-03284,deficit,none,0,0,0,0,3589868
SP3-03285,ok,reserve,5248,5247,0,0,0
SP3-03286,ok,reserve,26505,0,6074,0,0
SP3-03287,deficit,none,0,0,0,0,658237
SP3-03288,ok,reserve,19234,0,0,0,0
SP3-03289,ok,debt,0,52892,0,0,361028
SP3-03290,ok,debt,7499,17499,0,0,0
SP3-03291,ok,reserve,169982,0,127790,0,0
SP3-03292,deficit,none,0,0,0,0,0
SP3-03293,ok,reserve,7082,0,4720,0,29478
SP3-03294,deficit,none,0,0,0,0,0
SP3-03295,ok,reserve,9170,1451,6113,0,44996
SP3-03296,deficit,none,0,0,0,0,3104394
SP3-03297,ok,reserve,11820,0,2836,0,0
SP3-03298,ok,reserve,5697,0,3798,0,0
SP3-03299,deficit,none,0,0,0,0,1443027
SP3-03300,ok,debt,0,13146,0,0,10228
SP3-03301,deficit,none,0,0,0,0,0
SP3-03302,deficit,none,0,0,0,0,2196156
SP3-03303,ok,debt,4268,9961,0,0,0
SP3-03304,ok,goals+,0,0,3786,130037,117824
SP3-03305,ok,reserve,19387,0,12924,0,0
SP3-03306,deficit,none,0,0,0,0,3503118
SP3-03307,deficit,none,0,0,0,0,23325
SP3-03308,ok,reserve,7782,0,5187,0,0
SP3-03309,ok,debt,0,11966,0,0,98100
SP3-03310,deficit,none,0,0,0,0,288491
SP3-03311,ok,goals+,0,0,0,8998,1416285
SP3-03312,deficit,none,0,0,0,0,46883
SP3-03313,deficit,none,0,0,0,0,189237
SP3-03314,ok,goals+,0,0,12509,4882,228923
SP3-03315,deficit,none,0,0,0,0,0
SP3-03316,ok,debt,0,6859,0,0,11075
SP3-03317,invalid,none,0,0,0,0,0
SP3-03318,deficit,none,0,0,0,0,0
SP3-03319,deficit,none,0,0,0,0,561927
SP3-03320,ok,debt,0,116115,0,0,2964812
SP3-03321,deficit,none,0,0,0,0,1239771
SP3-03322,ok,reserve,28426,0,3395,0,0
SP3-03323,ok,debt,1596,1596,0,0,0
SP3-03324,ok,debt,1434,3347,0,0,0
SP3-03325,deficit,none,0,0,0,0,8395877
SP3-03326,ok,reserve,27880,0,2264,0,0
SP3-03327,ok,goals+,0,0,0,180109,418874
SP3-03328,deficit,none,0,0,0,0,0
SP3-03329,deficit,none,0,0,0,0,0
SP3-03330,deficit,none,0,0,0,0,0
SP3-03331,invalid,none,0,0,0,0,0
SP3-03332,deficit,none,0,0,0,0,1721848
SP3-03333,deficit,none,0,0,0,0,0
SP3-03334,deficit,none,0,0,0,0,0
SP3-03335,ok,debt,0,13712,0,0,75487
SP3-03336,deficit,none,0,0,0,0,185468
SP3-03337,ok,debt,0,99694,0,0,357063
SP3-03338,ok,goals+,0,0,41134,0,477960
SP3-03339,deficit,none,0,0,0,0,9611687
SP3-03340,deficit,none,0,0,0,0,0
SP3-03341,deficit,none,0,0,0,0,12533910
SP3-03342,ok,debt,0,34134,0,0,132670
SP3-03343,ok,reserve,1343,1342,0,0,0
SP3-03344,ok,debt,0,9077,0,0,13822
SP3-03345,ok,debt,0,2982,0,0,5545
SP3-03346,ok,reserve,234169,0,156113,0,0
SP3-03347,ok,reserve,25479,0,16986,0,0
SP3-03348,ok,debt,0,16315,0,0,179662
SP3-03349,deficit,none,0,0,0,0,86133
SP3-03350,ok,debt,1034,2413,0,0,0
SP3-03351,deficit,none,0,0,0,0,0
SP3-03352,ok,debt,0,11661,0,0,149401
SP3-03353,ok,goals+,0,0,16328,9581,71675
SP3-03354,ok,goals+,0,0,0,83689,80375
SP3-03355,deficit,none,0,0,0,0,0
SP3-03356,ok,reserve,24025,0,16016,0,0
SP3-03357,ok,debt,0,6273,0,0,40301
SP3-03358,ok,reserve,7656,0,5104,0,29478
SP3-03359,ok,debt,0,35011,0,0,1154449
SP3-03360,deficit,none,0,0,0,0,0
SP3-03361,deficit,none,0,0,0,0,0
SP3-03362,ok,goals+,0,0,983,0,548704
SP3-03363,ok,debt,0,2324,0,0,307596
SP3-03364,ok,reserve,9425,0,4741,0,0
SP3-03365,deficit,none,0,0,0,0,70049
SP3-03366,ok,debt,0,1204,0,0,70632
SP3-03367,ok,goals+,0,0,3478,100782,1010801
SP3-03368,ok,debt,0,338,0,0,13658
SP3-03369,ok,reserve,26357,0,17571,0,0
SP3-03370,deficit,none,0,0,0,0,6430523
SP3-03371,ok,goals+,0,0,825,43685,139127
SP3-03372,ok,reserve,84154258,0,56102838,0,1011726743
SP3-03373,ok,debt,8347,19478,0,0,0
SP3-03374,deficit,none,0,0,0,0,641336
SP3-03375,ok,debt,0,16606,0,0,5577
SP3-03376,ok,reserve,680,0,0,0,0
SP3-03377,ok,reserve,277336373,35766393,0,0,10225393740
SP3-03378,deficit,none,0,0,0,0,0
SP3-03379,ok,goals+,0,0,15723,961725,8622725
SP3-03380,deficit,none,0,0,0,0,0
SP3-03381,ok,debt,7082,7082,0,0,0
SP3-03382,deficit,none,0,0,0,0,97590
SP3-03383,ok,goals+,0,0,3303,0,910587
SP3-03384,deficit,none,0,0,0,0,7063217
SP3-03385,ok,debt,0,2895,0,0,463024
SP3-03386,ok,goals+,0,0,0,13629,843704
SP3-03387,ok,reserve,14527,0,9685,0,0
SP3-03388,deficit,none,0,0,0,0,0
SP3-03389,ok,goals+,0,0,437,9352,329184
SP3-03390,ok,reserve,32431,0,21620,0,0
SP3-03391,deficit,none,0,0,0,0,42487
SP3-03392,ok,debt,0,9990,0,0,334377
SP3-03393,ok,debt,449,449,0,0,0
SP3-03394,deficit,none,0,0,0,0,0
SP3-03395,ok,goals+,0,0,3684,27819,95305
SP3-03396,ok,reserve,4711,0,3141,0,0
SP3-03397,ok,debt,0,9313,0,0,18720
SP3-03398,ok,debt,0,15410,0,0,61375
SP3-03399,invalid,none,0,0,0,0,0
SP3-03400,ok,reserve,31785,0,21189,0,0
SP3-03401,deficit,none,0,0,0,0,11717
SP3-03402,ok,debt,0,31640,0,0,79468
SP3-03403,ok,goals+,0,0,20252,120503,0
SP3-03404,ok,goals+,0,0,5489,751,0
SP3-03405,ok,reserve,25829,0,17218,0,0
SP3-03406,ok,reserve,1935,1934,0,0,0
SP3-03407,ok,goals+,0,0,15812,29450,678892
SP3-03408,deficit,none,0,0,0,0,0
SP3-03409,ok,debt,0,1552,0,0,74076
SP3-03410,ok,debt,0,5852,0,0,3634
SP3-03411,deficit,none,0,0,0,0,314187
SP3-03412,deficit,none,0,0,0,0,0
SP3-03413,deficit,none,0,0,0,0,232714
SP3-03414,ok,debt,3917,3917,0,0,0
SP3-03415,deficit,none,0,0,0,0,0
SP3-03416,deficit,none,0,0,0,0,136108
SP3-03417,ok,none,0,0,0,0,10074
SP3-03418,ok,debt,0,308599,0,0,3217498
SP3-03419,ok,goals+,0,0,0,7224,2071096
SP3-03420,ok,reserve,7908,0,5271,0,0
SP3-03421,ok,debt,0,8684,0,0,898
SP3-03422,invalid,none,0,0,0,0,0
SP3-03423,ok,debt,0,3380,0,0,21864
SP3-03424,deficit,none,0,0,0,0,0
SP3-03425,ok,reserve,6144,0,4096,0,0
SP3-03426,deficit,none,0,0,0,0,214462
SP3-03427,ok,debt,0,13659,0,0,268044
SP3-03428,ok,reserve,27954,0,6025,0,0
SP3-03429,ok,debt,2345,2345,0,0,0
SP3-03430,ok,goals+,0,0,2181,29091,2517562
SP3-03431,ok,goals+,0,0,352,5603,123693
SP3-03432,ok,reserve,77680,0,2641,0,0
SP3-03433,ok,goals+,0,0,2710,14219,619519
SP3-03434,deficit,none,0,0,0,0,0
SP3-03435,ok,debt,0,4154,0,0,122118
SP3-03436,ok,debt,0,7693,0,0,22651
SP3-03437,invalid,none,0,0,0,0,0
SP3-03438,ok,reserve,5829,5828,0,0,86043
SP3-03439,deficit,none,0,0,0,0,2751887
SP3-03440,deficit,none,0,0,0,0,0
SP3-03441,deficit,none,0,0,0,0,767949
SP3-03442,ok,debt,0,21299,0,0,208939
SP3-03443,deficit,none,0,0,0,0,19844
SP3-03444,ok,reserve,184,0,122,0,0
SP3-03445,ok,goals+,0,0,68316,0,74414
SP3-03446,deficit,none,0,0,0,0,36718
SP3-03447,deficit,none,0,0,0,0,0
SP3-03448,deficit,none,0,0,0,0,1074852
SP3-03449,deficit,none,0,0,0,0,1102898
SP3-03450,ok,goals+,0,0,41901,0,4084765
SP3-03451,ok,debt,0,27965,0,0,61977
SP3-03452,ok,debt,0,20603,0,0,70859
SP3-03453,deficit,none,0,0,0,0,2006321
SP3-03454,deficit,none,0,0,0,0,2292835
SP3-03455,deficit,none,0,0,0,0,212859
SP3-03456,ok,debt,0,131801330,0,0,199662834
SP3-03457,ok,reserve,338,337,0,0,0
SP3-03458,deficit,none,0,0,0,0,178528
SP3-03459,ok,reserve,269,268,0,0,0
SP3-03229,invalid,none,0,0,0,0,0
SP3-03461,ok,goals+,0,0,1426,0,345521
SP3-03462,ok,goals+,0,0,166,0,285383
SP3-03463,ok,reserve,9799,0,6532,0,0
SP3-03464,ok,debt,0,37741,0,0,65683
SP3-03465,deficit,none,0,0,0,0,327124
SP3-03466,deficit,none,0,0,0,0,0
SP3-03467,ok,goals+,0,0,0,38129,216124
SP3-03468,deficit,none,0,0,0,0,10179
SP3-03469,deficit,none,0,0,0,0,0
SP3-03470,ok,goals+,0,0,3701,69183,1895738
SP3-03471,ok,debt,0,191638,0,0,3216909
SP3-03472,invalid,none,0,0,0,0,0
SP3-03473,ok,debt,3757,8769,0,0,0
SP3-03474,deficit,none,0,0,0,0,0
SP3-03475,deficit,none,0,0,0,0,0
SP3-03476,ok,debt,0,13000,0,0,214302
SP3-03477,deficit,none,0,0,0,0,0
SP3-03478,deficit,none,0,0,0,0,368324
SP3-03479,ok,goals+,0,0,31152,185850,10868910
SP3-03480,deficit,none,0,0,0,0,0
SP3-03481,ok,debt,0,43241,0,0,16261
SP3-03482,deficit,none,0,0,0,0,0
SP3-03483,deficit,none,0,0,0,0,0
SP3-03484,invalid,none,0,0,0,0,0
SP3-03485,invalid,none,0,0,0,0,0
SP3-03486,deficit,none,0,0,0,0,1280496
SP3-03487,ok,debt,804,1878,0,0,0
SP3-03488,deficit,none,0,0,0,0,0
SP3-03489,deficit,none,0,0,0,0,1503977
SP3-03490,deficit,none,0,0,0,0,802762
SP3-03491,ok,debt,0,2525,0,0,81903
SP3-03492,deficit,none,0,0,0,0,853244
SP3-03493,ok,reserve,4356,0,2904,0,0
SP3-03494,deficit,none,0,0,0,0,64551
SP3-03495,deficit,none,0,0,0,0,0
SP3-03496,ok,debt,0,6466,0,0,85078
SP3-03497,ok,debt,3487,15256,0,0,0
SP3-03498,deficit,none,0,0,0,0,658174
SP3-03499,deficit,none,0,0,0,0,403610
SP3-03500,deficit,none,0,0,0,0,102730
SP3-03501,deficit,none,0,0,0,0,58036
SP3-03502,deficit,none,0,0,0,0,0
SP3-03503,ok,debt,8114,8114,0,0,0
SP3-03504,ok,debt,2514,2514,0,0,0
SP3-03505,ok,debt,0,32265,0,0,378482
SP3-03506,ok,goals+,0,0,0,15771,308498
SP3-03507,ok,goals+,0,0,10870,0,90695
SP3-09740,invalid,none,0,0,0,0,0
SP3-03509,ok,reserve,26586,0,17723,0,0
SP3-03510,ok,debt,2348,2348,0,0,0
SP3-03511,ok,debt,3467,8090,0,0,0
SP3-03512,ok,debt,2897,2897,0,0,0
SP3-03513,deficit,none,0,0,0,0,578788
SP3-03514,invalid,none,0,0,0,0,0
SP3-03515,ok,debt,0,13881,0,0,8530
SP3-03516,ok,goals+,0,0,9448,25900,267368
SP3-03517,deficit,none,0,0,0,0,47686
SP3-03518,deficit,none,0,0,0,0,0
SP3-03519,deficit,none,0,0,0,0,620831
SP3-03520,ok,reserve,8895,0,5930,0,29324
SP3-03521,ok,debt,1973,4606,0,0,0
SP3-03522,ok,goals+,0,0,1260,16964,82444
SP3-03523,ok,debt,0,7591,0,0,18120
SP3-03524,deficit,none,0,0,0,0,97062
SP3-03525,ok,debt,635,1484,0,0,0
SP3-03526,ok,debt,0,9824,0,0,98857
SP3-03527,ok,reserve,6926,0,4617,0,0
SP3-03528,ok,goals+,0,0,8802,22043,952422
SP3-03529,deficit,none,0,0,0,0,121729
SP3-03530,deficit,none,0,0,0,0,0
SP3-03531,invalid,none,0,0,0,0,0
SP3-03532,deficit,none,0,0,0,0,0
SP3-03533,ok,reserve,1683,0,1121,0,0
SP3-03534,ok,debt,2302,2302,0,0,0
SP3-03535,ok,debt,0,5628,0,0,42520
SP3-03536,ok,reserve,11120,0,0,100,0
SP3-03537,ok,goals+,0,0,1325,31318,1997783
SP3-03538,deficit,none,0,0,0,0,643426
SP3-03539,ok,goals+,0,0,64129,0,94143
SP3-03540,deficit,none,0,0,0,0,72434
SP3-03541,ok,reserve,12637,12636,0,0,0
SP3-03542,invalid,none,0,0,0,0,0
SP3-03543,deficit,none,0,0,0,0,0
SP3-03544,deficit,none,0,0,0,0,0
SP3-03545,ok,debt,1474,11680,0,0,0
SP3-03546,ok,reserve,56173,0,3024,0,0
SP3-03547,ok,reserve,1856,0,1237,0,0
SP3-03548,ok,debt,0,5830,0,0,90460
SP3-03549,ok,debt,6221,14518,0,0,0
SP3-03550,ok,debt,0,5960,0,0,1655
SP3-03551,deficit,none,0,0,0,0,1920462
SP3-03552,ok,debt,0,15462,0,0,54063
SP3-03553,ok,debt,0,14961,0,0,16649
SP3-03554,ok,reserve,11515,0,5118,0,0
SP3-03555,ok,debt,0,41753,0,0,684473
SP3-03556,ok,reserve,2954,2953,0,0,53074
SP3-03557,deficit,none,0,0,0,0,1114159
SP3-03558,ok,reserve,44451,0,29633,0,0
SP3-03559,deficit,none,0,0,0,0,0
SP3-03560,ok,goals+,0,0,4759,2078,202906
SP3-03561,deficit,none,0,0,0,0,260065
SP3-03562,invalid,none,0,0,0,0,0
SP3-03563,ok,debt,0,5830,0,0,93117
SP3-03564,ok,debt,0,2462,0,0,57835
SP3-03565,deficit,none,0,0,0,0,557602
SP3-03566,ok,reserve,9466,0,501,0,0
SP3-03567,deficit,none,0,0,0,0,16360510
SP3-03568,ok,debt,7495,7495,0,0,0
SP3-03569,ok,reserve,74785,0,0,0,0
SP3-03570,ok,reserve,82831,0,19125,0,0
SP3-03571,deficit,none,0,0,0,0,0
SP3-03572,ok,debt,0,10418,0,0,169564
SP3-03573,deficit,none,0,0,0,0,0
SP3-03574,deficit,none,0,0,0,0,5988807
SP3-03575,ok,reserve,3376,3375,0,0,0
SP3-03576,deficit,none,0,0,0,0,0
SP3-03577,ok,debt,0,24863,0,0,131688
SP3-03578,ok,goals+,0,0,24385,590084,579536
SP3-03579,ok,goals+,0,0,60877,471105,6675124
SP3-03580,ok,goals+,0,0,0,1430,275258
SP3-03581,ok,reserve,38408,0,25604,0,0
SP3-03582,ok,reserve,756,0,503,0,0
SP3-03583,ok,debt,13910,13910,0,0,0
SP3-03584,ok,debt,7396,7396,0,0,376284
SP3-03585,deficit,none,0,0,0,0,104713
SP3-03586,deficit,none,0,0,0,0,0
SP3-03587,ok,reserve,526,0,350,0,47129
SP3-03588,deficit,none,0,0,0,0,78217
SP3-03589,deficit,none,0,0,0,0,40177
SP3-03590,ok,debt,0,116522199,0,0,418006971
SP3-03591,ok,debt,12652,12652,0,0,0
SP3-03592,ok,goals+,0,0,17758,108860,124724
SP3-03593,deficit,none,0,0,0,0,0
SP3-03594,ok,reserve,4002,0,0,0,27760
SP3-03595,ok,reserve,40149,0,0,0,0
SP3-03596,ok,debt,0,25685,0,0,131688
SP3-03597,deficit,none,0,0,0,0,0
SP3-03598,ok,goals+,0,0,10937,3250,73765
SP3-03599,invalid,none,0,0,0,0,0
SP3-03600,ok,debt,11570,26996,0,0,0
SP3-03601,invalid,none,0,0,0,0,0
SP3-03602,ok,goals+,0,0,37847,139224,7733580
SP3-03603,ok,debt,19279,19279,0,0,0
SP3-03604,deficit,none,0,0,0,0,367615
SP3-03605,ok,debt,7739,18058,0,0,0
SP3-03606,deficit,none,0,0,0,0,334562
SP3-03607,ok,debt,0,12551,0,0,341006
SP3-03608,ok,debt,0,205,0,0,15142
SP3-03609,ok,reserve,23217,0,19387,0,0
SP3-03610,deficit,none,0,0,0,0,0
SP3-10111,invalid,none,0,0,0,0,0
SP3-03612,deficit,none,0,0,0,0,0
SP3-03613,ok,reserve,9399,0,1533,0,0
SP3-03614,ok,reserve,3909,3908,0,0,6875
SP3-03615,invalid,none,0,0,0,0,0
SP3-03616,ok,goals+,0,0,2442,121585,791405
SP3-03617,ok,goals+,0,0,52327,0,982857
SP3-03618,ok,debt,11349,26481,0,0,0
SP3-03619,deficit,none,0,0,0,0,0
SP3-03620,ok,reserve,19771,0,2423,0,0
SP3-03621,ok,debt,0,7817,0,0,41432
SP3-03622,ok,reserve,64677,0,3744,0,0
SP3-03623,ok,debt,0,51430,0,0,49671
SP3-03624,ok,goals+,0,0,995,7270,524089
SP3-03625,ok,goals+,0,0,0,328421,6856163
SP3-03626,deficit,none,0,0,0,0,0
SP3-03627,deficit,none,0,0,0,0,44935
SP3-03628,deficit,none,0,0,0,0,7234726
SP3-03629,ok,debt,16912,36199,0,0,162270
SP3-03630,ok,reserve,2474,0,1648,0,0
SP3-03631,ok,debt,0,12628,0,0,144642
SP3-03632,deficit,none,0,0,0,0,0
SP3-03633,ok,goals+,32488,0,3812,31834,0
SP3-03634,ok,debt,3125,7292,0,0,0
SP3-03635,ok,debt,0,11105,0,0,215699
SP3-03636,deficit,none,0,0,0,0,0
SP3-03637,ok,goals+,0,0,1830,8083,907656
SP3-03638,ok,debt,1029,2403,0,0,0
SP3-03639,ok,reserve,3975,0,2649,0,0
SP3-03640,deficit,none,0,0,0,0,0
SP3-03641,ok,reserve,8497,0,5665,0,0
SP3-03642,ok,goals+,0,0,21562,0,3864014
SP3-03643,ok,debt,0,15565,0,0,104005
SP3-03644,ok,reserve,8218,0,5478,0,0
SP3-03645,deficit,none,0,0,0,0,0
SP3-03646,ok,reserve,1151,1150,0,0,0
SP3-03647,deficit,none,0,0,0,0,335549
SP3-03648,ok,reserve,93781,0,0,0,0
SP3-03649,invalid,none,0,0,0,0,0
SP3-03650,deficit,none,0,0,0,0,0
SP3-03651,deficit,none,0,0,0,0,0
SP3-03652,ok,goals+,0,0,4881,0,189786
SP3-03653,deficit,none,0,0,0,0,649212
SP3-00366,invalid,none,0,0,0,0,0
SP3-03655,ok,goals+,0,0,1932,9685,270778
SP3-03656,ok,debt,2082,2082,0,0,0
SP3-03657,ok,debt,0,13989,0,0,286919
SP3-03658,deficit,none,0,0,0,0,0
SP3-03659,deficit,none,0,0,0,0,116202
SP3-03660,deficit,none,0,0,0,0,0
SP3-03661,ok,goals+,0,0,10376,147137,4114850
SP3-03662,deficit,none,0,0,0,0,0
SP3-03663,invalid,none,0,0,0,0,0
SP3-03664,ok,debt,0,43412,0,0,34027
SP3-03665,ok,reserve,79360,79359,0,0,0
SP3-03666,ok,debt,5343,12468,0,0,0
SP3-03667,ok,reserve,14371,0,9580,0,0
SP3-03668,ok,debt,53433,124677,0,0,0
SP3-03669,ok,goals+,0,0,0,20284,0
SP3-03670,deficit,none,0,0,0,0,0
SP3-03671,ok,goals+,0,0,49822,55391,1472620
SP3-03672,ok,none,0,0,0,0,0
SP3-03673,ok,goals+,0,0,31402,457073,1566601
SP3-03674,ok,goals+,0,0,0,134539,2205641
SP3-03675,ok,reserve,6943,6942,0,0,0
SP3-03676,deficit,none,0,0,0,0,1663751
SP3-03677,ok,debt,0,897,0,0,92992
SP3-03678,invalid,none,0,0,0,0,0
SP3-03679,ok,reserve,4502,4501,0,0,0
SP3-03680,ok,debt,0,7834,0,0,23589
SP3-03681,ok,goals+,0,0,100495,172691,548767
SP3-03682,ok,debt,5863,13680,0,0,0
SP3-03683,deficit,none,0,0,0,0,112541
SP3-03684,ok,debt,0,4144,0,0,97754
SP3-03685,ok,goals+,0,0,27233,0,458657
SP3-03686,deficit,none,0,0,0,0,0
SP3-03687,ok,debt,0,18780,0,0,54496
SP3-03688,deficit,none,0,0,0,0,0
SP3-03689,ok,reserve,5596,0,3730,0,0
SP3-03690,ok,debt,1066,2488,0,0,0
SP3-03691,deficit,none,0,0,0,0,115909
SP3-03692,ok,reserve,36921,0,568,0,0
SP3-03693,ok,debt,2517,5876,0,0,0
SP3-03694,ok,debt,0,10632,0,0,237532
SP3-03695,deficit,none,0,0,0,0,0
SP3-03696,deficit,none,0,0,0,0,33343
SP3-03697,ok,reserve,1379,1378,0,0,0
SP3-03698,deficit,none,0,0,0,0,283794
SP3-03699,deficit,none,0,0,0,0,0
SP3-03700,deficit,none,0,0,0,0,79358
SP3-03701,ok,reserve,7466,0,4977,0,0
SP3-03702,ok,goals+,0,0,0,16764,1876557
SP3-03703,ok,reserve,5012,0,3341,0,0
SP3-03704,ok,debt,39383,39383,0,0,243466
SP3-03705,ok,goals+,0,0,1054,0,337097
SP3-03706,ok,debt,355,13172,0,0,130742
SP3-03707,ok,goals+,0,0,20794,32421,0
SP3-03708,ok,goals+,0,0,2823,45825,63024
SP3-03709,ok,reserve,10046,0,2646,0,0
SP3-03710,ok,reserve,7977,7976,0,0,0
SP3-03711,ok,reserve,99989,0,18205,0,0
SP3-03712,ok,reserve,16477,0,0,0,0
SP3-03713,deficit,none,0,0,0,0,0
SP3-03714,ok,debt,0,45165,0,0,1004385
SP3-03715,ok,debt,193,452,0,0,0
SP3-03716,deficit,none,0,0,0,0,210662
SP3-03717,invalid,none,0,0,0,0,0
SP3-03718,ok,reserve,6278,0,0,3502,0
SP3-03719,invalid,none,0,0,0,0,0
SP3-03720,deficit,none,0,0,0,0,248318
SP3-03721,deficit,none,0,0,0,0,184184
SP3-03722,ok,goals+,0,0,5667,0,2191636
SP3-03723,ok,debt,0,15491,0,0,26918
SP3-03724,deficit,none,0,0,0,0,0
SP3-03725,ok,goals+,0,0,4093,7723,0
SP3-03726,ok,goals+,0,0,0,22237,0
SP3-03727,ok,debt,3710,8659,0,0,0
SP3-03728,ok,debt,636,1484,0,0,0
SP3-03729,ok,debt,1129,2634,0,0,0
SP3-03730,ok,debt,5371,5371,0,0,0
SP3-03731,ok,reserve,9865,0,6576,0,0
SP3-03732,ok,reserve,5569,5568,0,0,0
SP3-03733,deficit,none,0,0,0,0,0
SP3-03734,ok,goals+,0,0,6694,84062,0
SP3-03735,deficit,none,0,0,0,0,0
SP3-03736,ok,goals+,0,0,15190,20340,657747
SP3-03737,deficit,none,0,0,0,0,0
SP3-03738,deficit,none,0,0,0,0,0
SP3-03739,ok,debt,0,179631,0,0,3618432
SP3-03740,ok,goals+,0,0,35741,209254,4711684
SP3-03741,ok,reserve,865,864,0,0,7634
SP3-03742,ok,reserve,5658,5657,0,0,0
SP3-03743,ok,debt,0,651,0,0,7059
SP3-03744,ok,debt,0,11927,0,0,2168338
SP3-03745,deficit,none,0,0,0,0,190534
SP3-03746,deficit,none,0,0,0,0,28354
SP3-03747,deficit,none,0,0,0,0,205339
SP3-03748,deficit,none,0,0,0,0,0
SP3-03749,ok,debt,0,10264,0,0,38575
SP3-03750,ok,reserve,3348,3347,0,0,0
SP3-03751,invalid,none,0,0,0,0,0
SP3-02447,invalid,none,0,0,0,0,0
SP3-03753,ok,reserve,10656,10655,0,0,49501
SP3-03754,ok,debt,0,89656,0,0,3036274
SP3-03755,ok,reserve,11368,0,7579,0,0
SP3-03756,deficit,none,0,0,0,0,1794256
SP3-03757,ok,reserve,28528,0,58,0,0
SP3-03758,ok,goals+,0,0,3541,10298,50258
SP3-03759,ok,debt,520,1338,0,0,0
SP3-03760,ok,debt,0,442828,0,0,453516
SP3-03761,ok,debt,9995,19435,0,0,278982
SP3-03762,ok,goals+,0,0,3828,6665,157629
SP3-03763,ok,debt,0,83184,0,0,28964
SP3-03764,ok,reserve,14361,0,0,0,0
SP3-03765,deficit,none,0,0,0,0,412284
SP3-03766,deficit,none,0,0,0,0,0
SP3-03767,ok,reserve,78510,0,20703,0,0
SP3-03768,deficit,none,0,0,0,0,190534
SP3-03769,ok,debt,1084,2531,0,0,0
SP3-03770,deficit,none,0,0,0,0,0
SP3-03771,deficit,none,0,0,0,0,433802
SP3-03772,deficit,none,0,0,0,0,23504
SP3-03773,ok,debt,843,1969,0,0,0
SP3-03774,ok,debt,0,43105,0,0,13523
SP3-03775,ok,goals+,0,0,0,28593,518730
SP3-03776,deficit,none,0,0,0,0,88008
SP3-03777,ok,reserve,8796,8795,0,0,0
SP3-03778,ok,goals+,12274,0,1176,22482,0
SP3-03779,deficit,none,0,0,0,0,0
SP3-03780,deficit,none,0,0,0,0,0
SP3-03781,ok,reserve,41014,0,0,0,0
SP3-03782,deficit,none,0,0,0,0,230539
SP3-03783,ok,reserve,5969,0,1660,2940,0
SP3-03784,ok,debt,0,19772,0,0,491840
SP3-03785,ok,debt,262,614,0,0,0
SP3-03786,ok,debt,4910,4910,0,0,0
SP3-03787,ok,goals+,0,0,13805,248120,19257100
SP3-03788,deficit,none,0,0,0,0,260245
SP3-03789,ok,goals+,0,0,180353,30236,10111408
SP3-03790,deficit,none,0,0,0,0,2464972
SP3-03791,deficit,none,0,0,0,0,462277
SP3-03792,ok,goals+,0,0,11127,3833,411777
SP3-03793,ok,goals+,0,0,27842,200685,159128
SP3-03794,deficit,none,0,0,0,0,0
SP3-03795,ok,debt,0,1332,0,0,238817
SP3-03796,ok,goals+,0,0,2142,44513,6752805
SP3-03797,ok,goals+,0,0,2881,0,541976
SP3-03798,ok,reserve,20573,0,13714,0,0
SP3-03799,deficit,none,0,0,0,0,4118408
SP3-03800,ok,goals+,0,0,15105,0,935683
SP3-03801,ok,goals+,0,0,0,5849,9206307
SP3-03802,ok,goals+,0,0,16642,24823,566238
SP3-03803,ok,goals+,0,0,5317,25129,549599
SP3-03804,ok,debt,1949,24360,0,0,215923
SP3-03805,deficit,none,0,0,0,0,48777
SP3-03806,ok,reserve,5794,0,3862,0,0
SP3-03807,deficit,none,0,0,0,0,0
SP3-06403,invalid,none,0,0,0,0,0
SP3-03809,deficit,none,0,0,0,0,993545
SP3-03810,ok,debt,0,100069,0,0,1140951
SP3-03811,ok,debt,5074,11839,0,0,0
SP3-03812,ok,reserve,991,0,0,0,58691
SP3-03813,deficit,none,0,0,0,0,0
SP3-03814,ok,debt,8105,8105,0,0,367305
SP3-03815,ok,debt,3010,3010,0,0,0
SP3-03816,ok,reserve,24029,0,16018,0,0
SP3-03817,ok,reserve,17030,0,3915,0,0
SP3-03818,deficit,none,0,0,0,0,1500209
SP3-03819,deficit,none,0,0,0,0,81462
SP3-03820,ok,debt,2844,6636,0,0,0
SP3-03821,ok,debt,5074,11839,0,0,0
SP3-03822,ok,reserve,23725,0,2610,0,0
SP3-03823,ok,debt,127,127,0,0,0
SP3-03824,ok,reserve,28438,0,1254,9981,0
SP3-03825,deficit,none,0,0,0,0,56601
SP3-03826,ok,goals+,0,0,324400,275888,5028029
SP3-03827,ok,reserve,26106,0,4146,0,0
SP3-03828,deficit,none,0,0,0,0,1576553
SP3-03829,deficit,none,0,0,0,0,0
SP3-03830,ok,debt,0,37571,0,0,3099
SP3-03831,ok,debt,5239,5239,0,0,0
SP3-03832,ok,debt,1270,1270,0,0,0
SP3-03833,ok,debt,1947,4544,0,0,0
SP3-03834,deficit,none,0,0,0,0,0
SP3-03835,deficit,none,0,0,0,0,13527
SP3-03836,ok,reserve,133,132,0,0,40583
SP3-03837,deficit,none,0,0,0,0,2580887
SP3-03838,ok,reserve,4799,4798,0,0,249378
SP3-03839,deficit,none,0,0,0,0,34163
SP3-03840,ok,debt,0,1094,0,0,96180
SP3-03841,ok,goals+,0,0,19654,0,76962
SP3-03842,deficit,none,0,0,0,0,13527
SP3-03843,deficit,none,0,0,0,0,265059
SP3-03844,deficit,none,0,0,0,0,419329
SP3-03845,ok,goals+,0,0,3524,0,0
SP3-03846,ok,debt,459,1072,0,0,0
SP3-03847,ok,reserve,4495,0,2997,0,0
SP3-03848,ok,reserve,26003,0,0,0,0
SP3-03849,deficit,none,0,0,0,0,1957111
SP3-03850,ok,debt,0,93593,0,0,7002171
SP3-03851,ok,debt,7898,7898,0,0,0
SP3-03852,deficit,none,0,0,0,0,532353
SP3-03853,ok,goals+,0,0,0,39978,1050373
SP3-03854,deficit,none,0,0,0,0,0
SP3-03855,ok,debt,0,96939,0,0,17061321
SP3-03856,deficit,none,0,0,0,0,166855
SP3-03857,ok,none,0,0,0,0,0
SP3-03858,deficit,none,0,0,0,0,0
SP3-03859,ok,reserve,23644246,23644245,0,0,822503750
SP3-03860,ok,reserve,8566,0,5710,0,0
SP3-03861,ok,reserve,6210,0,4104,0,0
SP3-03862,deficit,none,0,0,0,0,4477918
SP3-03863,deficit,none,0,0,0,0,187652
SP3-03864,ok,debt,0,3208,0,0,70081
SP3-03865,ok,debt,0,34164,0,0,235398
SP3-03866,ok,reserve,4999,4998,0,0,42039
SP3-03867,ok,reserve,2795,0,930,0,0
SP3-03868,ok,reserve,4988,4987,0,0,0
SP3-03869,ok,reserve,5175,0,3449,0,0
SP3-03870,ok,reserve,38806,0,25870,0,0
SP3-03871,ok,debt,4185,4185,0,0,0
SP3-03872,ok,debt,0,4610,0,0,136517
SP3-03873,ok,none,0,0,0,0,0
SP3-03874,deficit,none,0,0,0,0,0
SP3-03875,ok,debt,0,446,0,0,107072
SP3-03876,ok,debt,0,7728,0,0,9861
SP3-03877,ok,debt,0,40278,0,0,430271
SP3-03878,ok,debt,2340,5460,0,0,0
SP3-03879,ok,reserve,12493,12492,0,0,0
SP3-03880,ok,goals+,0,0,15058,0,2849930
SP3-03881,ok,debt,0,9337,0,0,26003
SP3-03882,ok,goals+,0,0,10895,0,2668884
SP3-03883,ok,reserve,42573,0,0,0,0
SP3-03884,ok,reserve,49812,0,33207,0,0
SP3-03885,ok,debt,4451,10387,0,0,0
SP3-03886,ok,none,0,0,0,0,0
SP3-03887,deficit,none,0,0,0,0,112596
SP3-03888,ok,reserve,22788,0,13051,0,0
SP3-03889,ok,reserve,5679,0,3786,0,407048
SP3-03890,ok,reserve,10972,10971,0,0,0
SP3-03891,ok,goals+,0,0,2603,3259,150451
SP3-03892,deficit,none,0,0,0,0,0
SP3-03893,deficit,none,0,0,0,0,1597570
SP3-03894,ok,reserve,34695,0,3357,0,0
SP3-03895,deficit,none,0,0,0,0,273979
SP3-03896,ok,reserve,13903,0,3949,0,0
SP3-03897,ok,debt,0,1079,0,0,46673
SP3-03898,ok,debt,733,1710,0,0,0
SP3-03899,ok,goals+,0,0,0,4299,60745
SP3-03900,ok,reserve,1007,1006,0,0,0
SP3-03901,ok,reserve,63486,0,2316,0,0
SP3-03902,deficit,none,0,0,0,0,0
SP3-03903,deficit,none,0,0,0,0,0
SP3-03904,ok,goals+,0,0,9710,112,56189
SP3-03905,invalid,none,0,0,0,0,0
SP3-03906,ok,reserve,10236,0,6823,0,0
SP3-03907,ok,debt,0,10779,0,0,13791
SP3-03908,ok,debt,715,1669,0,0,0
SP3-03909,ok,debt,9515,9515,0,0,0
SP3-03910,ok,reserve,2788,0,1858,0,0
SP3-03911,ok,goals+,0,0,3082,7668,416295
SP3-03912,deficit,none,0,0,0,0,56301
SP3-03913,deficit,none,0,0,0,0,0
SP3-03914,deficit,none,0,0,0,0,1215940
SP3-03915,ok,debt,0,4137,0,0,97934
SP3-03916,deficit,none,0,0,0,0,250147
SP3-03917,invalid,none,0,0,0,0,0
SP3-03918,ok,debt,0,383,0,0,69100
SP3-03919,deficit,none,0,0,0,0,105912
SP3-03920,ok,debt,0,1434,0,0,124062
SP3-03921,deficit,none,0,0,0,0,350396
SP3-03922,deficit,none,0,0,0,0,0
SP3-03923,deficit,none,0,0,0,0,0
SP3-03924,ok,reserve,10731,0,6063,0,0
SP3-03925,ok,goals+,0,0,10571,0,355356
SP3-03926,deficit,none,0,0,0,0,1481387
SP3-03927,deficit,none,0,0,0,0,2245407
SP3-03928,ok,debt,0,10779,0,0,13791
SP3-03929,ok,reserve,2275,0,1517,0,0
SP3-03930,ok,debt,0,329423,0,0,1232976
SP3-03931,invalid,none,0,0,0,0,0
SP3-03932,ok,debt,0,52907,0,0,1538167
SP3-03933,ok,reserve,307,306,0,0,0
SP3-03934,deficit,none,0,0,0,0,0
SP3-03935,ok,reserve,25763,0,0,0,0
SP3-03936,ok,goals+,0,0,391065,0,5294808
SP3-03937,ok,goals+,0,0,18633,350531,2054700
SP3-03938,deficit,none,0,0,0,0,1160465
SP3-03939,ok,debt,0,1896,0,0,5814
SP3-03940,invalid,none,0,0,0,0,0
SP3-03941,deficit,none,0,0,0,0,0
SP3-03942,deficit,none,0,0,0,0,1015186
SP3-03943,ok,debt,0,5729,0,0,4505
SP3-03944,ok,debt,0,20336,0,0,309432
SP3-03945,deficit,none,0,0,0,0,0
SP3-03946,invalid,none,0,0,0,0,0
SP3-03947,deficit,none,0,0,0,0,18916
SP3-03948,invalid,none,0,0,0,0,0
SP3-03949,deficit,none,0,0,0,0,0
SP3-03950,deficit,none,0,0,0,0,2208923
SP3-03951,ok,reserve,3809,0,2538,0,0
SP3-03952,deficit,none,0,0,0,0,260599
SP3-03953,ok,reserve,4971,0,3314,0,0
SP3-03954,ok,reserve,9797,0,1072,0,62382
SP3-03955,ok,goals+,0,0,2335,15153,10025906
SP3-03956,ok,reserve,16713,0,11141,0,0
SP3-03957,ok,debt,0,10929,0,0,2998
SP3-03958,ok,debt,0,5744,0,0,290326
SP3-03959,ok,goals+,0,0,100773,357091,5854489
SP3-03960,deficit,none,0,0,0,0,940253
SP3-03961,ok,none,0,0,0,0,0
SP3-03962,ok,reserve,36633,0,24422,0,0
SP3-03963,deficit,none,0,0,0,0,522481
SP3-03964,deficit,none,0,0,0,0,0
SP3-03965,ok,reserve,849,0,566,0,0
SP3-03966,ok,reserve,110779,0,9118,0,2128486
SP3-03967,ok,goals+,0,0,661607,27558,6682500
SP3-03968,ok,none,0,0,0,0,0
SP3-03969,ok,debt,15661,36543,0,0,0
SP3-03970,ok,debt,802,802,0,0,40825
SP3-03971,ok,debt,1105,2580,0,0,0
SP3-03972,ok,debt,2859,6673,0,0,0
SP3-03973,ok,debt,0,12672,0,0,22919
SP3-03974,ok,debt,3304,5611,0,0,0
SP3-03975,ok,debt,0,7810,0,0,31717
SP3-03976,deficit,none,0,0,0,0,406739
SP3-03977,invalid,none,0,0,0,0,0
SP3-03978,ok,reserve,5849,5848,0,0,180209
SP3-03979,ok,reserve,4752,4751,0,0,0
SP3-03980,ok,debt,0,282,0,0,36565
SP3-03981,ok,goals+,0,0,98788,0,6238505
SP3-03982,ok,reserve,4339,0,1000,0,0
SP3-03983,ok,debt,238,558,0,0,0
SP3-03984,deficit,none,0,0,0,0,0
SP3-03985,ok,debt,0,32382,0,0,108433
SP3-03986,ok,debt,3045,9125,2030,0,799425
SP3-03987,ok,debt,0,2382,0,0,13403
SP3-03988,deficit,none,0,0,0,0,87891
SP3-03989,deficit,none,0,0,0,0,0
SP3-03990,ok,reserve,382246,0,14915,0,0
SP3-03991,ok,reserve,5202,0,3468,0,0
SP3-03992,deficit,none,0,0,0,0,43701
SP3-03993,ok,reserve,28409,0,0,0,0
SP3-03994,deficit,none,0,0,0,0,635427
SP3-03995,deficit,none,0,0,0,0,0
SP3-03996,ok,goals+,9830,0,32215,1008,0
SP3-03997,ok,debt,0,1163,0,0,22030
SP3-03998,ok,reserve,16192,0,0,0,0
SP3-03999,ok,goals+,0,0,1654,61233,2156432
SP3-04000,ok,goals+,0,0,270627,85035,9400298
SP3-04001,ok,reserve,2437,0,1292,0,0
SP3-04002,deficit,none,0,0,0,0,645817
SP3-04003,deficit,none,0,0,0,0,1220749
SP3-04004,deficit,none,0,0,0,0,17701095
SP3-04005,deficit,none,0,0,0,0,188890
SP3-04006,deficit,none,0,0,0,0,0
SP3-04007,deficit,none,0,0,0,0,356171
SP3-04008,deficit,none,0,0,0,0,0
SP3-04009,deficit,none,0,0,0,0,0
SP3-04010,deficit,none,0,0,0,0,0
SP3-04011,ok,debt,0,813,0,0,4446
SP3-04012,ok,goals+,0,0,215,5310,142764
SP3-04013,ok,goals+,0,0,20218,0,429900
SP3-04014,ok,goals+,0,0,4696,0,724091
SP3-04015,deficit,none,0,0,0,0,0
SP3-04016,ok,goals+,0,0,2115,0,167699
SP3-04017,ok,reserve,56799,0,9413,0,0
SP3-04018,ok,reserve,2494,0,1662,0,0
SP3-04019,ok,reserve,15428,0,8488,0,0
SP3-04020,deficit,none,0,0,0,0,631835
SP3-04021,deficit,none,0,0,0,0,0
SP3-04022,deficit,none,0,0,0,0,21432
SP3-04023,deficit,none,0,0,0,0,38607
SP3-04024,deficit,none,0,0,0,0,174124
SP3-04025,deficit,none,0,0,0,0,0
SP3-04026,ok,reserve,22596,0,15063,0,0
SP3-04027,ok,goals+,0,0,22298,85729,255348
SP3-04028,deficit,none,0,0,0,0,136769
SP3-04029,invalid,none,0,0,0,0,0
SP3-04030,deficit,none,0,0,0,0,0
SP3-04031,ok,reserve,13739,0,0,0,0
SP3-04032,ok,debt,0,5436,0,0,19251
SP3-04033,deficit,none,0,0,0,0,367779
SP3-04034,ok,reserve,13862,0,9240,0,0
SP3-04035,ok,goals+,0,0,6345,0,118361
SP3-04036,ok,reserve,30136,0,20091,0,0
SP3-04037,ok,goals+,0,0,8928,31470,3959194
SP3-04038,deficit,none,0,0,0,0,7037958
SP3-04039,ok,goals+,0,0,10057,132882,1336718
SP3-04040,ok,debt,0,11776,0,0,72680
SP3-04041,ok,goals+,0,0,0,139778,2610138
SP3-04042,deficit,none,0,0,0,0,0
SP3-04043,ok,debt,0,3297,0,0,114639
SP3-04044,deficit,none,0,0,0,0,77010
SP3-04045,ok,reserve,1158,0,771,0,0
SP3-04046,deficit,none,0,0,0,0,0
SP3-04047,ok,reserve,190196,16164,43507,0,17479
SP3-04048,ok,debt,21696,161574,0,0,2412251
SP3-04049,ok,goals+,0,0,15913,2567,136276
SP3-04050,ok,debt,0,233903967,0,0,306987397
SP3-04051,ok,debt,16663,38881,0,0,0
SP3-04052,ok,debt,2740,6394,0,0,0
SP3-04053,deficit,none,0,0,0,0,0
SP3-04054,invalid,none,0,0,0,0,0
SP3-04055,ok,goals+,0,0,8862,33620,254446
SP3-04056,ok,debt,0,366834,116991,108752,4906429
SP3-04057,deficit,none,0,0,0,0,64720
SP3-04058,deficit,none,0,0,0,0,1559672
SP3-04059,deficit,none,0,0,0,0,196840
SP3-04060,deficit,none,0,0,0,0,68820
SP3-04061,ok,reserve,704,703,0,0,0
SP3-04062,ok,debt,0,24793,0,0,140118
SP3-04063,ok,debt,1637,3820,0,0,0
SP3-04064,deficit,none,0,0,0,0,0
SP3-04065,deficit,none,0,0,0,0,90396
SP3-04066,ok,debt,0,5890,0,0,6078
SP3-04067,ok,debt,6462,15079,0,0,0
SP3-04068,ok,debt,0,5293,0,0,215684
SP3-04069,ok,debt,0,9952,0,0,187086
SP3-04070,deficit,none,0,0,0,0,2430
SP3-04071,ok,debt,1531,1531,0,0,0
SP3-04072,deficit,none,0,0,0,0,57040
SP3-04073,ok,goals+,0,0,5831,0,874949
SP3-04074,deficit,none,0,0,0,0,436294
SP3-04075,deficit,none,0,0,0,0,0
SP3-04076,ok,debt,0,8363,0,0,231025
SP3-04077,ok,goals+,0,0,1390,0,318498
SP3-04078,ok,debt,7454,15214,0,0,0
SP3-04079,deficit,none,0,0,0,0,0
SP3-04080,ok,goals+,0,0,19441,9222,0
SP3-04081,ok,goals+,0,0,17228,0,1341998
SP3-04082,deficit,none,0,0,0,0,61542
SP3-04083,deficit,none,0,0,0,0,0
SP3-04084,ok,goals+,0,0,62512,0,174646
SP3-04085,invalid,none,0,0,0,0,0
SP3-04086,ok,reserve,2631,0,1753,0,0
SP3-04087,ok,debt,606,1414,0,0,0
SP3-04088,ok,debt,0,39985,0,0,47892
SP3-04089,ok,debt,2935,29654,0,0,517627
SP3-04090,ok,debt,0,36308,0,0,56480
SP3-04091,ok,debt,0,14109,0,0,18972
SP3-04092,deficit,none,0,0,0,0,0
SP3-04093,ok,goals+,0,0,27948,0,718556
SP3-04094,invalid,none,0,0,0,0,0
SP3-04095,ok,goals+,0,0,0,93452,56109
SP3-04096,ok,debt,1881,1881,0,0,0
SP3-04097,ok,reserve,829,0,553,0,0
SP3-04098,ok,reserve,7215,0,0,0,0
SP3-04099,deficit,none,0,0,0,0,925767
SP3-04100,ok,reserve,14037,0,9357,0,0
SP3-04101,ok,goals+,0,0,21836,0,414338
SP3-04102,deficit,none,0,0,0,0,0
SP3-04103,ok,goals+,0,0,0,14111,2308043
SP3-04104,ok,debt,0,2198,0,0,237247
SP3-04105,ok,debt,1893,9589,0,0,0
SP3-04106,ok,debt,1870,4364,0,0,0
SP3-04107,ok,debt,0,20224,0,0,31707
SP3-04108,deficit,none,0,0,0,0,6232114
SP3-04109,ok,reserve,5936,0,0,0,0
SP3-04110,ok,reserve,45368,0,30245,0,0
SP3-04111,ok,reserve,13324,13323,0,0,0
SP3-04112,deficit,none,0,0,0,0,0
SP3-04113,ok,reserve,74414,0,38156,0,0
SP3-04114,deficit,none,0,0,0,0,758859
SP3-04115,ok,goals+,3445,0,9347,0,0
SP3-04116,deficit,none,0,0,0,0,0
SP3-04117,ok,reserve,2535,2534,0,0,28897
SP3-04118,deficit,none,0,0,0,0,0
SP3-04119,ok,debt,0,28460,0,0,93090
SP3-04120,ok,reserve,20205,0,13469,0,0
SP3-04121,ok,debt,3958,3958,0,0,0
SP3-04122,ok,goals+,0,0,7341,1238,0
SP3-04123,deficit,none,0,0,0,0,814271
SP3-04124,ok,reserve,26812,0,17875,0,0
SP3-04125,deficit,none,0,0,0,0,104173
SP3-04126,ok,debt,0,23596,0,0,295121
SP3-04127,deficit,none,0,0,0,0,19871
SP3-04128,deficit,none,0,0,0,0,569234
SP3-04129,ok,debt,0,8134,0,0,44457
SP3-04130,ok,goals+,0,0,4745,0,1853914
SP3-04131,ok,debt,5053,5053,0,0,0
SP3-04132,ok,goals+,0,0,20809,0,1131797
SP3-04133,ok,reserve,37387,0,0,0,0
SP3-04134,deficit,none,0,0,0,0,110881
SP3-04135,ok,reserve,6888,0,4591,0,0
SP3-04136,deficit,none,0,0,0,0,1367513
SP3-04137,invalid,none,0,0,0,0,0
SP3-04138,ok,reserve,7330,7329,0,0,0
SP3-04139,ok,debt,14018,39603,0,0,0
SP3-04140,ok,debt,0,759,0,0,207468
SP3-04141,ok,debt,0,10746,0,0,20544
SP3-04142,deficit,none,0,0,0,0,0
SP3-04143,ok,goals+,0,0,2213,20952,317177
SP3-04144,deficit,none,0,0,0,0,0
SP3-04145,deficit,none,0,0,0,0,0
SP3-04146,ok,goals+,0,0,79,5037,159038
SP3-04147,deficit,none,0,0,0,0,45636
SP3-04148,ok,goals+,0,0,14445,0,6380209
SP3-04149,ok,goals+,0,0,0,19395,299045
SP3-04150,deficit,none,0,0,0,0,17489
SP3-04151,invalid,none,0,0,0,0,0
SP3-04152,ok,reserve,19803,0,0,0,0
SP3-04153,deficit,none,0,0,0,0,1493667
SP3-04154,deficit,none,0,0,0,0,459719
SP3-04155,ok,debt,0,2952,0,0,28379
SP3-04156,ok,debt,0,3057,0,0,196934
SP3-04157,ok,goals+,0,0,44006,0,4494291
SP3-04158,ok,debt,0,6551,0,0,36096
SP3-04159,deficit,none,0,0,0,0,1442617
SP3-04160,deficit,none,0,0,0,0,0
SP3-04161,ok,goals+,0,0,332731,0,5172872
SP3-04162,deficit,none,0,0,0,0,164819
SP3-04163,ok,reserve,3017,3016,0,0,0
SP3-04164,ok,goals+,0,0,762,5122,1322911
SP3-04165,invalid,none,0,0,0,0,0
SP3-04166,deficit,none,0,0,0,0,85716
SP3-04167,ok,debt,0,82773,0,0,901705
SP3-04168,ok,none,0,0,0,0,38637
SP3-04169,ok,debt,0,1824,0,0,354499
SP3-04170,deficit,none,0,0,0,0,130102
SP3-04171,deficit,none,0,0,0,0,331616
SP3-04172,ok,debt,0,8002,0,0,73769
SP3-04173,ok,debt,0,55451,0,0,407110
SP3-04174,deficit,none,0,0,0,0,0
SP3-04175,ok,debt,0,1040,0,0,207468
SP3-04176,ok,debt,0,7622,0,0,104113
SP3-04177,ok,reserve,18918,0,12612,0,0
SP3-04178,ok,debt,0,2720,0,0,148936
SP3-04179,deficit,none,0,0,0,0,2457576
SP3-04180,deficit,none,0,0,0,0,0
SP3-04181,ok,goals+,813,0,10126,0,0
SP3-04182,ok,debt,2477,5782,0,0,0
SP3-04183,deficit,none,0,0,0,0,0
SP3-04184,invalid,none,0,0,0,0,0
SP3-04185,deficit,none,0,0,0,0,0
SP3-04186,deficit,none,0,0,0,0,0
SP3-04187,ok,debt,1408,3288,0,0,0
SP3-04188,ok,debt,0,8127,0,0,165268
SP3-04189,ok,reserve,9058,0,2717,0,0
SP3-04190,deficit,none,0,0,0,0,2308673
SP3-04191,ok,debt,0,8127,0,0,165268
SP3-04192,ok,debt,17500,17500,0,0,0
SP3-04193,ok,debt,3253,7591,0,0,0
SP3-04194,deficit,none,0,0,0,0,475636
SP3-04195,deficit,none,0,0,0,0,51590
SP3-04196,deficit,none,0,0,0,0,318040
SP3-04197,ok,reserve,26659,0,1830,0,0
SP3-04198,invalid,none,0,0,0,0,0
SP3-04199,ok,goals+,0,0,8621,0,100728
SP3-04200,deficit,none,0,0,0,0,438898
SP3-04201,deficit,none,0,0,0,0,59576
SP3-04202,ok,goals+,0,0,29673,0,518970
SP3-04203,ok,debt,0,24387,0,0,521635
SP3-04204,ok,goals+,0,0,31497,0,438727
SP3-04205,ok,reserve,23499,0,0,0,0
SP3-04206,ok,reserve,5376,0,3583,0,0
SP3-04207,ok,debt,3310,7726,0,0,0
SP3-04208,ok,debt,10313,10313,0,0,0
SP3-04209,deficit,none,0,0,0,0,132936
SP3-04210,ok,debt,0,14929,0,0,1349
SP3-04211,ok,debt,0,64706,0,0,24301679
SP3-04212,ok,reserve,20432,0,0,0,0
SP3-04213,ok,debt,16538,110886,0,0,410176
SP3-04214,deficit,none,0,0,0,0,0
SP3-04215,ok,goals+,0,0,26420,0,388250
SP3-04216,ok,debt,0,27323,0,0,161498
SP3-04217,deficit,none,0,0,0,0,0
SP3-04218,invalid,none,0,0,0,0,0
SP3-04219,invalid,none,0,0,0,0,0
SP3-04220,invalid,none,0,0,0,0,0
SP3-04221,ok,goals+,0,0,0,10858,0
SP3-04222,ok,debt,7616,17772,0,0,0
SP3-04223,ok,reserve,33936,0,0,0,0
SP3-04224,ok,reserve,2003,0,0,0,13830
SP3-04225,ok,reserve,20870,0,0,0,0
SP3-04226,deficit,none,0,0,0,0,1951266
SP3-04227,deficit,none,0,0,0,0,0
SP3-04228,ok,goals+,0,0,2162,4160,0
SP3-04229,deficit,none,0,0,0,0,0
SP3-04230,ok,reserve,13647,0,1903,0,0
SP3-04231,deficit,none,0,0,0,0,20990
SP3-04232,deficit,none,0,0,0,0,90503
SP3-04233,deficit,none,0,0,0,0,0
SP3-04234,deficit,none,0,0,0,0,0
SP3-04235,ok,debt,639,639,0,0,0
SP3-04236,deficit,none,0,0,0,0,0
SP3-04237,ok,reserve,6025,6024,0,0,71983
SP3-04238,ok,debt,10286,10286,0,0,0
SP3-04239,ok,goals+,0,0,26420,0,394396
SP3-04240,deficit,none,0,0,0,0,0
SP3-04241,deficit,none,0,0,0,0,6684273
SP3-04242,ok,debt,0,7699,0,0,69746
SP3-04243,deficit,none,0,0,0,0,1778216
SP3-04244,deficit,none,0,0,0,0,0
SP3-04245,ok,debt,0,1196,0,0,76366
SP3-04246,deficit,none,0,0,0,0,142284
SP3-04247,ok,reserve,25251,0,1000,0,0
SP3-04248,ok,none,0,0,0,0,0
SP3-04249,ok,reserve,114230,0,10118,0,0
SP3-04250,ok,reserve,6200,6199,0,0,0
SP3-04251,ok,goals+,0,0,0,10182,0
SP3-04252,ok,debt,1564,1564,0,0,0
SP3-04253,deficit,none,0,0,0,0,617394
SP3-04254,deficit,none,0,0,0,0,549163
SP3-04255,ok,debt,3840,3840,0,0,0
SP3-04256,invalid,none,0,0,0,0,0
SP3-04257,deficit,none,0,0,0,0,0
SP3-04258,deficit,none,0,0,0,0,874084
SP3-04259,deficit,none,0,0,0,0,341320
SP3-04260,ok,reserve,18959,18958,0,0,0
SP3-04261,ok,debt,2945,2945,0,0,0
SP3-04262,ok,debt,6530,6530,0,0,0
SP3-04263,deficit,none,0,0,0,0,0
SP3-04264,ok,debt,265,621,0,0,0
SP3-04265,ok,debt,12844,12844,0,0,159548
SP3-04266,deficit,none,0,0,0,0,1262779
SP3-04267,ok,reserve,44080,0,0,0,26596
SP3-04268,ok,reserve,39401,0,6320,0,0
SP3-04269,ok,goals+,0,0,9394,12636,0
SP3-04270,ok,debt,0,757,0,0,38251
SP3-04271,ok,debt,0,21262,0,0,14202
SP3-04272,ok,debt,4994,11654,0,0,0
SP3-04273,deficit,none,0,0,0,0,2881348
SP3-04274,ok,reserve,2532,0,1688,0,0
SP3-04275,ok,debt,14223,37025,0,0,0
SP3-04276,ok,reserve,8077,0,1480,0,0
SP3-04277,ok,reserve,325512,0,23380,127728,0
SP3-04278,deficit,none,0,0,0,0,53271
SP3-04279,deficit,none,0,0,0,0,1144830
SP3-04280,deficit,none,0,0,0,0,3044225
SP3-04281,ok,goals+,0,0,41958,88307,1505576
SP3-04282,ok,goals+,0,0,6042,11660,1035754
SP3-04283,ok,debt,0,32569,0,0,204937
SP3-04284,deficit,none,0,0,0,0,1465698
SP3-04285,invalid,none,0,0,0,0,0
SP3-04286,ok,debt,0,325690,0,0,2049374
SP3-04287,invalid,none,0,0,0,0,0
SP3-04288,deficit,none,0,0,0,0,121336
SP3-04289,deficit,none,0,0,0,0,0
SP3-04290,ok,reserve,9465,9464,0,0,0
SP3-04291,deficit,none,0,0,0,0,43560
SP3-04292,ok,goals+,0,0,82887,442116,646084
SP3-04293,ok,goals+,0,0,27401,0,133852
SP3-04294,ok,goals+,0,0,1930,5981,225917
SP3-04295,deficit,none,0,0,0,0,1252675
SP3-04296,ok,reserve,26429,0,10789,0,0
SP3-04297,deficit,none,0,0,0,0,0
SP3-04298,ok,reserve,12808,0,8539,0,0
SP3-04299,deficit,none,0,0,0,0,718069
SP3-04300,ok,debt,7278,16982,0,0,0
SP3-04301,deficit,none,0,0,0,0,63775
SP3-04302,deficit,none,0,0,0,0,266098
SP3-04303,ok,reserve,37148,0,0,0,0
SP3-04304,ok,goals+,0,0,11714,9226,77078
SP3-04305,ok,reserve,6035,0,4023,0,0
SP3-04306,ok,goals+,2111,0,1043,5575,0
SP3-04307,ok,reserve,12723,0,3846,0,0
SP3-04308,ok,goals+,0,0,792,0,138883
SP3-04309,ok,debt,4907,11450,0,0,0
SP3-04310,deficit,none,0,0,0,0,15713
SP3-04311,ok,reserve,18652,0,3382,0,0
SP3-04312,deficit,none,0,0,0,0,4438404
SP3-04313,deficit,none,0,0,0,0,1201268
SP3-04314,deficit,none,0,0,0,0,15562148
SP3-04315,ok,debt,2627,2627,0,0,0
SP3-04316,ok,goals+,0,0,558,42144,620650
SP3-04317,deficit,none,0,0,0,0,1520000
SP3-04318,ok,debt,0,101501735,0,0,570446752
SP3-04319,deficit,none,0,0,0,0,12488363
SP3-04320,deficit,none,0,0,0,0,0
SP3-04321,deficit,none,0,0,0,0,440190
SP3-04322,ok,goals+,0,0,2587,29027,519509
SP3-04323,ok,debt,0,5454,0,0,93294
SP3-04324,ok,reserve,38820,0,4971,0,0
SP3-04325,ok,goals+,0,0,14240,202875,1259397
SP3-04326,ok,goals+,0,0,1222,2581,426047
SP3-04327,ok,reserve,20041,0,0,0,0
SP3-04328,ok,debt,11091,25879,0,0,0
SP3-04329,ok,goals+,0,0,8712,25221,0
SP3-04330,ok,reserve,5802,0,3867,0,0
SP3-04331,ok,debt,1477,1477,0,0,43645
SP3-04332,deficit,none,0,0,0,0,174754
SP3-04333,deficit,none,0,0,0,0,0
SP3-04334,deficit,none,0,0,0,0,1352788
SP3-04335,ok,reserve,6032,0,4021,0,0
SP3-04336,ok,debt,681,1590,0,0,0
SP3-04337,ok,debt,0,961,0,0,116243
SP3-04338,ok,goals+,0,0,31619,13598,5309733
SP3-04339,ok,debt,5070,11830,0,0,0
SP3-04340,ok,reserve,50732,0,0,0,0
SP3-04341,deficit,none,0,0,0,0,45120
SP3-04342,deficit,none,0,0,0,0,0
SP3-04343,ok,debt,31493,31493,0,0,0
SP3-04344,ok,debt,4195,9790,0,0,0
SP3-04345,ok,goals+,0,0,11619,23005,157606
SP3-04346,ok,goals+,0,0,4632,0,64095
SP3-04347,deficit,none,0,0,0,0,0
SP3-04348,deficit,none,0,0,0,0,73910
SP3-04349,ok,debt,0,2072,0,0,430546
SP3-04350,ok,debt,3668,8560,0,0,0
SP3-04351,ok,debt,4081,9522,0,0,0
SP3-04352,deficit,none,0,0,0,0,5759261
SP3-04353,ok,goals+,0,0,23828,30617,94982
SP3-04354,ok,goals+,0,0,9334,18098,802911
SP3-04355,ok,reserve,22041,0,14694,0,0
SP3-04356,deficit,none,0,0,0,0,217746
SP3-04357,ok,goals+,0,0,12453,25302,339680
SP3-04358,ok,debt,1021,1021,0,0,122960
SP3-04359,ok,debt,3464,8084,0,0,0
SP3-04360,deficit,none,0,0,0,0,537471
SP3-04361,ok,reserve,8271,8270,0,0,0
SP3-04362,ok,reserve,3874,0,2072,0,0
SP3-04363,deficit,none,0,0,0,0,0
SP3-04364,ok,debt,13611,13611,0,0,51256
SP3-04365,deficit,none,0,0,0,0,2032472
SP3-04366,invalid,none,0,0,0,0,0
SP3-04367,ok,debt,0,19448,0,0,480495
SP3-04368,deficit,none,0,0,0,0,0
SP3-04369,deficit,none,0,0,0,0,1185161
SP3-04370,ok,goals+,0,0,11324,0,294695
SP3-04371,deficit,none,0,0,0,0,1080323
SP3-04372,deficit,none,0,0,0,0,0
SP3-04373,deficit,none,0,0,0,0,0
SP3-04374,deficit,none,0,0,0,0,9448151
SP3-04375,deficit,none,0,0,0,0,219138
SP3-04376,ok,debt,30732,71708,0,0,0
SP3-04377,ok,debt,0,1364,0,0,28779
SP3-04378,ok,goals+,0,0,48746,264447,4702447
SP3-04379,deficit,none,0,0,0,0,0
SP3-04380,ok,debt,3917,3917,0,0,31375
SP3-04381,ok,reserve,7,0,0,0,0
SP3-04382,ok,goals+,0,0,0,42201,0
SP3-04383,ok,reserve,22388,0,14925,0,0
SP3-04384,invalid,none,0,0,0,0,0
SP3-04385,invalid,none,0,0,0,0,0
SP3-04386,ok,debt,0,9081,0,0,23911
SP3-04387,deficit,none,0,0,0,0,0
SP3-04388,ok,reserve,2023,0,1348,0,0
SP3-04389,ok,goals+,0,0,43987,0,0
SP3-04390,invalid,none,0,0,0,0,0
SP3-04391,ok,reserve,2056,2055,0,0,58686
SP3-04392,invalid,none,0,0,0,0,0
SP3-04393,deficit,none,0,0,0,0,0
SP3-04394,deficit,none,0,0,0,0,0
SP3-04395,deficit,none,0,0,0,0,133815
SP3-04396,ok,none,0,0,0,0,0
SP3-04397,deficit,none,0,0,0,0,29593
SP3-04398,deficit,none,0,0,0,0,20662087
SP3-04399,ok,goals+,0,0,3692,23489,1629242
SP3-04400,ok,debt,0,4444,0,0,41099
SP3-04401,deficit,none,0,0,0,0,309911
SP3-04402,deficit,none,0,0,0,0,267923
SP3-04403,ok,debt,0,13887,0,0,8895
SP3-04404,invalid,none,0,0,0,0,0
SP3-04405,deficit,none,0,0,0,0,918570
SP3-04406,deficit,none,0,0,0,0,1328086
SP3-04407,ok,reserve,9512,0,6340,0,0
SP3-04408,ok,reserve,11989,0,0,3197,0
SP3-04409,ok,reserve,1392,0,928,0,0
SP3-04410,ok,reserve,4649,4648,0,0,0
SP3-04411,deficit,none,0,0,0,0,45812
SP3-04412,deficit,none,0,0,0,0,526875
SP3-04413,ok,debt,0,7807,0,0,115790
SP3-04414,deficit,none,0,0,0,0,267923
SP3-04415,deficit,none,0,0,0,0,27045027
SP3-03379,invalid,none,0,0,0,0,0
SP3-04417,ok,reserve,26462,0,2586,14256,0
SP3-04418,ok,debt,0,37472,0,0,83461
SP3-04419,deficit,none,0,0,0,0,5933413
SP3-04420,ok,debt,223,522,0,0,0
SP3-04421,ok,reserve,13547,0,6013,0,0
SP3-04422,ok,debt,1514,1514,0,0,0
SP3-04423,ok,debt,0,17768,0,0,68674
SP3-04424,ok,reserve,29226,0,1246,0,0
SP3-04425,deficit,none,0,0,0,0,0
SP3-04426,ok,debt,0,2156,0,0,18645
SP3-04427,ok,reserve,9018,9017,0,0,0
SP3-04428,ok,goals+,0,0,0,22447,143964
SP3-04429,ok,reserve,3079,3078,0,0,0
SP3-04430,ok,reserve,183,0,122,0,25450
SP3-04431,ok,reserve,3947,3946,0,0,0
SP3-04432,ok,debt,2396,5592,0,0,0
SP3-04433,ok,debt,0,30314,0,0,1405874
SP3-04434,ok,goals+,0,0,3071,0,0
SP3-04435,deficit,none,0,0,0,0,90441
SP3-04436,ok,reserve,2186,0,1456,0,0
SP3-04437,deficit,none,0,0,0,0,1332540
SP3-04438,ok,debt,0,31663,0,0,39888
SP3-04439,ok,goals+,0,0,3162,0,53385
SP3-04440,invalid,none,0,0,0,0,0
SP3-04441,deficit,none,0,0,0,0,191942
SP3-04442,ok,reserve,12376,0,6104,0,18364
SP3-04443,ok,debt,0,2788,0,0,9410
SP3-04444,deficit,none,0,0,0,0,829691
SP3-04445,ok,reserve,832,831,0,0,0
SP3-04446,ok,debt,0,9954,0,0,566760
SP3-04447,deficit,none,0,0,0,0,0
SP3-04448,deficit,none,0,0,0,0,0
SP3-04449,ok,reserve,11421,11420,0,0,0
SP3-04450,ok,reserve,7642,7641,0,0,106379
SP3-04451,ok,debt,0,16923,0,0,31575
SP3-04452,deficit,none,0,0,0,0,3720097
SP3-04453,invalid,none,0,0,0,0,0
SP3-04454,deficit,none,0,0,0,0,98682
SP3-04455,deficit,none,0,0,0,0,0
SP3-04456,ok,goals+,0,0,0,21093,321484
SP3-04457,ok,reserve,4573,0,3049,0,0
SP3-04458,ok,debt,0,12608,0,0,42431
SP3-04459,deficit,none,0,0,0,0,648564
SP3-04460,ok,goals+,0,0,0,38198,0
SP3-04461,ok,reserve,3947,3946,0,0,0
SP3-04462,ok,goals+,0,0,8439,71698,102077
SP3-04463,ok,reserve,7421,7420,0,0,0
SP3-04464,deficit,none,0,0,0,0,949641
SP3-04465,deficit,none,0,0,0,0,0
SP3-04466,ok,reserve,15761,0,8896,0,0
SP3-04467,ok,reserve,24635,24634,0,0,0
SP3-04468,ok,debt,0,252275,0,0,4477171
SP3-04469,deficit,none,0,0,0,0,0
SP3-04470,deficit,none,0,0,0,0,55026
SP3-04471,ok,debt,2889,6742,0,0,0
SP3-04472,deficit,none,0,0,0,0,0
SP3-04473,ok,goals+,0,0,57558,73989,4217856
SP3-04474,ok,reserve,20098,0,0,0,0
SP3-04475,ok,reserve,3399,0,2265,0,0
SP3-04476,ok,debt,0,18028,0,0,104525
SP3-04477,ok,goals+,0,0,3594,0,131485
SP3-04478,deficit,none,0,0,0,0,270598
SP3-04479,ok,reserve,52021,0,0,0,0
SP3-04480,ok,goals+,0,0,8157,9351,0
SP3-04481,deficit,none,0,0,0,0,16635
SP3-04482,deficit,none,0,0,0,0,625893
SP3-04483,ok,goals+,0,0,4738,17520,540065
SP3-04484,invalid,none,0,0,0,0,0
SP3-04485,deficit,none,0,0,0,0,467089
SP3-04486,ok,debt,0,18028,0,0,105840
SP3-04487,ok,goals+,0,0,0,2740,172518
SP3-04488,ok,reserve,3702,3701,0,0,0
SP3-04489,ok,debt,0,25132,0,0,144482
SP3-04490,deficit,none,0,0,0,0,4936095
SP3-04491,ok,reserve,15934,0,3692,0,0
SP3-04492,ok,debt,0,3406,0,0,34170
SP3-04493,ok,debt,0,8753,0,0,29396
SP3-04494,deficit,none,0,0,0,0,96853
SP3-04495,invalid,none,0,0,0,0,0
SP3-04496,ok,debt,0,16216,0,0,62254
SP3-04497,ok,goals+,0,0,0,9412,164702
SP3-04498,deficit,none,0,0,0,0,298835
SP3-04499,deficit,none,0,0,0,0,0
SP3-04500,ok,reserve,9588,0,6391,0,0
SP3-04501,ok,goals+,0,0,52169,0,5692480
SP3-04502,ok,debt,0,3250,0,0,84765
SP3-04503,ok,debt,1250,2917,0,0,0
SP3-04504,ok,reserve,142222,0,3759,50246,28581
SP3-04505,ok,goals+,15205,0,40172,16094,0
SP3-04506,ok,reserve,8327,0,0,0,0
SP3-04507,ok,reserve,6833,0,4555,0,0
SP3-04508,ok,reserve,4906,0,3271,0,128042
SP3-04509,ok,goals+,0,0,5488,9629,0
SP3-04510,ok,goals+,0,0,7098,0,753882
SP3-04511,deficit,none,0,0,0,0,820129
SP3-04512,deficit,none,0,0,0,0,0
SP3-04513,deficit,none,0,0,0,0,302796
SP3-04514,invalid,none,0,0,0,0,0
SP3-04515,invalid,none,0,0,0,0,0
SP3-04516,ok,debt,0,32300,0,0,357288
SP3-04517,ok,goals+,0,0,662,4209,167838
SP3-04518,ok,debt,1831,1831,0,0,33349
SP3-04519,deficit,none,0,0,0,0,468478
SP3-04520,deficit,none,0,0,0,0,935237
SP3-04521,deficit,none,0,0,0,0,0
SP3-04522,ok,debt,18313,18313,0,0,333493
SP3-04523,ok,debt,8642,20167,0,0,0
SP3-04524,ok,goals+,0,0,94703,0,3234805
SP3-04525,invalid,none,0,0,0,0,0
SP3-04526,ok,reserve,30992,0,7324,0,0
SP3-04527,deficit,none,0,0,0,0,293309
SP3-04528,deficit,none,0,0,0,0,100338
SP3-04529,deficit,none,0,0,0,0,23940596
SP3-04530,deficit,none,0,0,0,0,440808
SP3-04531,ok,debt,0,16900,0,0,98364
SP3-04532,ok,reserve,17492,0,0,0,0
SP3-04533,ok,debt,0,19024,0,0,98364
SP3-04534,ok,reserve,13736,0,6544,0,0
SP3-04535,deficit,none,0,0,0,0,305171
SP3-04536,ok,goals+,0,0,6163,22508,0
SP3-04537,ok,goals+,0,0,17660,135182,977716
SP3-04538,ok,reserve,217195,0,17627,0,0
SP3-04539,ok,reserve,27852,0,0,0,0
SP3-04540,ok,goals+,0,0,0,26655,7648113
SP3-04541,ok,debt,0,56316,0,0,538785
SP3-04542,deficit,none,0,0,0,0,0
SP3-04543,deficit,none,0,0,0,0,0
SP3-04544,deficit,none,0,0,0,0,0
SP3-04545,ok,debt,2980,6955,0,0,0
SP3-04546,deficit,none,0,0,0,0,85817
SP3-04547,ok,goals+,0,0,4233,0,136245
SP3-04548,deficit,none,0,0,0,0,665036
SP3-04549,deficit,none,0,0,0,0,2982911
SP3-04550,deficit,none,0,0,0,0,214345
SP3-04551,deficit,none,0,0,0,0,0
SP3-04552,ok,reserve,41523,0,1000,0,0
SP3-04553,ok,reserve,10299,0,6866,0,0
SP3-04554,ok,reserve,1585,1584,0,0,0
SP3-04555,deficit,none,0,0,0,0,1398296
SP3-04556,deficit,none,0,0,0,0,86
SP3-04557,deficit,none,0,0,0,0,1033625
SP3-04558,ok,reserve,10402,0,1547,0,0
SP3-04559,ok,goals+,0,0,3200,5397,627646
SP3-04560,deficit,none,0,0,0,0,3709472
SP3-04561,ok,debt,0,24662,0,0,52001
SP3-04562,ok,debt,20,29274,0,0,0
SP3-04563,deficit,none,0,0,0,0,0
SP3-04564,ok,reserve,13371,13370,0,0,144234
SP3-04565,ok,goals+,0,0,1488,16432,152641
SP3-04566,invalid,none,0,0,0,0,0
SP3-04567,ok,reserve,91,0,61,0,155541
SP3-04568,invalid,none,0,0,0,0,0
SP3-04569,ok,debt,7132,7132,0,0,0
SP3-04570,ok,reserve,2740,0,1826,0,0
SP3-04571,ok,debt,0,16497,0,0,42958
SP3-04572,ok,debt,0,3846,0,0,320350
SP3-04573,invalid,none,0,0,0,0,0
SP3-04574,ok,debt,0,67608,0,0,658702
SP3-04575,invalid,none,0,0,0,0,0
SP3-04576,ok,goals+,0,0,16162,0,915082
SP3-04577,deficit,none,0,0,0,0,0
SP3-04578,deficit,none,0,0,0,0,0
SP3-04579,deficit,none,0,0,0,0,157539
SP3-04580,ok,reserve,21353,0,0,0,0
SP3-04581,deficit,none,0,0,0,0,0
SP3-04582,deficit,none,0,0,0,0,0
SP3-04583,ok,goals+,0,0,0,63434,831218
SP3-04584,ok,debt,0,34105,0,0,89430
SP3-04585,invalid,none,0,0,0,0,0
SP3-04586,ok,goals+,0,0,4591,4085,2947246
SP3-04587,ok,debt,8861,20676,0,0,0
SP3-04588,deficit,none,0,0,0,0,682204
SP3-04589,ok,debt,489,1142,0,0,0
SP3-04590,ok,goals+,0,0,7989,0,1046699
SP3-04591,ok,reserve,18958,0,0,0,0
SP3-04592,deficit,none,0,0,0,0,114996
SP3-04593,ok,debt,0,19164,0,0,77303
SP3-04594,deficit,none,0,0,0,0,7016212
SP3-04595,ok,debt,5619,13111,0,0,0
SP3-04596,ok,debt,0,4759,0,0,86522
SP3-04597,ok,debt,0,8373,0,0,420748
SP3-04598,ok,debt,2246,5241,0,0,0
SP3-04599,deficit,none,0,0,0,0,533730
SP3-04600,ok,debt,0,6049,0,0,78743
SP3-04601,ok,reserve,66629,66628,0,0,107111
SP3-04602,invalid,none,0,0,0,0,0
SP3-04603,ok,reserve,34733,0,10724,0,0
SP3-04604,ok,reserve,24943,0,16628,0,0
SP3-04605,deficit,none,0,0,0,0,0
SP3-04606,ok,debt,13147,30679,0,0,0
SP3-04607,ok,reserve,13093,0,8728,0,0
SP3-04608,ok,debt,0,104104,0,0,9173486
SP3-04609,ok,goals+,0,0,1366,14209,3257721
SP3-04610,invalid,none,0,0,0,0,0
SP3-04611,deficit,none,0,0,0,0,488416
SP3-04612,ok,reserve,1761,0,1173,0,0
SP3-04613,ok,goals+,0,0,0,31163,443524
SP3-04614,deficit,none,0,0,0,0,766258
SP3-04615,ok,debt,0,24662,0,0,52001
SP3-04616,ok,reserve,6944,0,4628,0,0
SP3-04617,deficit,none,0,0,0,0,66318
SP3-04618,deficit,none,0,0,0,0,925689
SP3-04619,deficit,none,0,0,0,0,0
SP3-04620,deficit,none,0,0,0,0,0
SP3-04621,deficit,none,0,0,0,0,65805
SP3-04622,ok,debt,0,13801,0,0,309618
SP3-04623,ok,debt,29514,68866,0,0,0
SP3-04624,ok,debt,0,6652,0,0,48560
SP3-04625,ok,debt,0,9658,0,0,132111
SP3-04626,ok,reserve,12658,12657,0,0,15054
SP3-04627,ok,goals+,0,0,6038,95781,909814
SP3-04628,ok,reserve,24740,24739,0,0,0
SP3-04629,deficit,none,0,0,0,0,225306
SP3-04630,deficit,none,0,0,0,0,5124
SP3-04631,ok,debt,0,119633,0,0,87706
SP3-04632,ok,debt,0,3092,0,0,21751
SP3-04633,deficit,none,0,0,0,0,13470120
SP3-04634,ok,goals+,0,0,0,98404,8305009
SP3-04635,deficit,none,0,0,0,0,0
SP3-04636,ok,goals+,0,0,612,9255,83410
SP3-04637,ok,debt,0,9435,0,0,87306
SP3-04638,ok,goals+,0,0,0,15578,0
SP3-04639,ok,goals+,0,0,6497,312654,844613
SP3-04640,deficit,none,0,0,0,0,87288
SP3-04641,ok,debt,0,26974,0,0,635045
SP3-04642,ok,reserve,11686,0,7790,0,0
SP3-04643,ok,debt,944,2205,0,0,0
SP3-04644,deficit,none,0,0,0,0,353741
SP3-04645,ok,reserve,887,0,591,0,24482
SP3-04646,deficit,none,0,0,0,0,377837
SP3-04647,ok,debt,112,12553,0,0,45380
SP3-04648,deficit,none,0,0,0,0,0
SP3-04649,ok,reserve,12172,0,8114,0,155407
SP3-04650,ok,debt,12373,28871,0,0,0
SP3-04651,deficit,none,0,0,0,0,0
SP3-04652,ok,debt,0,12761,0,0,10774
SP3-04653,deficit,none,0,0,0,0,326184
SP3-04654,ok,goals+,0,0,7293,0,281887
SP3-04655,deficit,none,0,0,0,0,0
SP3-04656,ok,goals+,0,0,9768,8587,0
SP3-04657,deficit,none,0,0,0,0,57079
SP3-04658,ok,reserve,19836,0,13224,0,0
SP3-04659,deficit,none,0,0,0,0,24484
SP3-04660,ok,debt,2435,2435,0,0,0
SP3-04661,deficit,none,0,0,0,0,658654
SP3-04662,ok,debt,4615,4615,0,0,122170
SP3-04663,ok,reserve,10572,0,7047,0,0
SP3-04664,ok,goals+,0,0,0,26076,402046
SP3-04665,invalid,none,0,0,0,0,0
SP3-04666,ok,debt,0,17036,0,0,391046
SP3-04667,ok,debt,0,2933,0,0,187885
SP3-04668,ok,goals+,0,0,3056,0,0
SP3-04669,deficit,none,0,0,0,0,0
SP3-04670,ok,reserve,114,0,76,0,0
SP3-04671,deficit,none,0,0,0,0,0
SP3-04672,ok,reserve,8428,8427,0,0,0
SP3-04673,invalid,none,0,0,0,0,0
SP3-04674,ok,debt,0,57079,0,0,98851
SP3-04675,deficit,none,0,0,0,0,8685893
SP3-04676,ok,debt,0,12067,0,0,40576
SP3-04677,ok,debt,0,107936,0,0,2119547
SP3-04678,ok,debt,1723,4022,0,0,0
SP3-04679,ok,debt,11898,11898,0,0,0
SP3-04680,ok,goals+,0,0,21384,34463,231781
SP3-04681,deficit,none,0,0,0,0,94703
SP3-04682,ok,debt,0,32332,0,0,43445
SP3-04683,ok,debt,0,33613,0,0,43445
SP3-04684,ok,goals+,0,0,108485,0,1425277
SP3-04685,ok,debt,0,5794,0,0,67814
SP3-04686,deficit,none,0,0,0,0,0
SP3-04687,ok,goals+,0,0,11303,0,673083
SP3-04688,invalid,none,0,0,0,0,0
SP3-04689,ok,goals+,0,0,595,4855,118415
SP3-04690,deficit,none,0,0,0,0,883580
SP3-04691,ok,debt,5157,12035,0,0,0
SP3-04692,deficit,none,0,0,0,0,521807
SP3-04693,ok,goals+,0,0,5611,0,0
SP3-04694,ok,goals+,0,0,0,34639,123479
SP3-04695,ok,debt,0,1591,0,0,70797
SP3-04696,ok,reserve,8079,0,5303,0,0
SP3-04697,ok,debt,5289,5289,0,0,230219
SP3-04698,ok,reserve,15093,0,1382,0,0
SP3-04699,ok,debt,0,9526,0,0,38829
SP3-04700,ok,debt,1693,3953,0,0,0
SP3-04701,deficit,none,0,0,0,0,83556
SP3-04702,deficit,none,0,0,0,0,1254413
SP3-04703,deficit,none,0,0,0,0,200490
SP3-04704,ok,reserve,9485,0,6323,0,0
SP3-04705,deficit,none,0,0,0,0,690203
SP3-04706,ok,reserve,23720,0,15813,0,0
SP3-04707,ok,reserve,199,198,0,0,199942
SP3-04708,ok,goals+,0,0,470,0,192534
SP3-04709,ok,goals+,0,0,1680,25489,411354
SP3-04710,ok,debt,7651,7651,0,0,0
SP3-04711,ok,reserve,8286,0,5524,0,0
SP3-04712,deficit,none,0,0,0,0,0
SP3-04713,ok,debt,0,32837,0,0,403136
SP3-04714,ok,goals+,0,0,2148,19170,173601
SP3-10189,invalid,none,0,0,0,0,0
SP3-04716,ok,reserve,61272,0,0,0,0
SP3-04717,invalid,none,0,0,0,0,0
SP3-04718,ok,debt,6836,6836,0,0,0
SP3-04719,ok,reserve,32306,0,21537,0,0
SP3-04720,deficit,none,0,0,0,0,0
SP3-04721,deficit,none,0,0,0,0,2216448
SP3-04722,deficit,none,0,0,0,0,26289
SP3-04723,deficit,none,0,0,0,0,107929
SP3-04724,ok,debt,2726,2726,0,0,0
SP3-04725,ok,debt,0,34615,0,0,47099
SP3-04726,ok,none,0,0,0,0,0
SP3-04727,ok,debt,0,2308,0,0,7674
SP3-04728,invalid,none,0,0,0,0,0
SP3-04729,ok,goals+,0,33570,5631,83301,529263
SP3-04730,deficit,none,0,0,0,0,0
SP3-04731,deficit,none,0,0,0,0,12793
SP3-04732,deficit,none,0,0,0,0,0
SP3-04733,deficit,none,0,0,0,0,550977
SP3-04734,ok,reserve,6168,6167,0,0,0
SP3-04735,deficit,none,0,0,0,0,6935529
SP3-04736,ok,goals+,0,0,0,22951,282762
SP3-04737,deficit,none,0,0,0,0,167280
SP3-04738,deficit,none,0,0,0,0,1429744
SP3-04739,ok,debt,0,11774,0,0,35134
SP3-04740,ok,reserve,17141,0,11427,0,0
SP3-04741,ok,goals+,0,0,0,51674,302469
SP3-04742,ok,goals+,0,0,10213,19484,221416
SP3-04743,ok,debt,0,11790,0,0,28137
SP3-04744,ok,reserve,17853,0,0,0,0
SP3-04745,deficit,none,0,0,0,0,236785
SP3-04746,ok,reserve,8216,0,5476,0,0
SP3-04747,ok,debt,2991,6982,0,0,0
SP3-04748,deficit,none,0,0,0,0,50832
SP3-04749,ok,debt,0,21318,0,0,173601
SP3-04750,deficit,none,0,0,0,0,13610305
SP3-04751,deficit,none,0,0,0,0,421125
SP3-04752,deficit,none,0,0,0,0,602477
SP3-04753,ok,debt,740,740,0,0,0
SP3-04754,ok,goals+,0,0,1677,6850,1438964
SP3-04755,ok,debt,0,40191,0,0,195585
SP3-04756,ok,debt,0,102553,0,0,5053235
SP3-04757,ok,debt,0,47059,0,0,54510
SP3-04758,ok,debt,0,155015,0,0,3458575
SP3-04759,ok,goals+,0,0,5927,111858,10776101
SP3-04760,deficit,none,0,0,0,0,494306
SP3-04761,ok,none,0,0,0,0,0
SP3-04762,deficit,none,0,0,0,0,0
SP3-04763,ok,debt,1118,1118,0,0,0
SP3-04764,ok,goals+,0,0,13544,2006,0
SP3-04765,ok,reserve,1166,1165,0,0,0
SP3-04766,ok,debt,4128,4128,0,0,0
SP3-04767,deficit,none,0,0,0,0,0
SP3-04768,deficit,none,0,0,0,0,0
SP3-04769,deficit,none,0,0,0,0,0
SP3-04770,ok,reserve,11899,0,7933,0,0
SP3-04771,ok,reserve,24651,0,1930,0,0
SP3-04772,ok,goals+,0,0,7022,31756,69403
SP3-04773,deficit,none,0,0,0,0,468230
SP3-04774,ok,debt,1506,3517,0,0,0
SP3-04775,deficit,none,0,0,0,0,0
SP3-04776,ok,reserve,180610,0,0,0,0
SP3-04777,ok,reserve,126929,126928,0,0,3050284
SP3-04778,ok,debt,0,126210,0,0,124823
SP3-04779,ok,goals+,0,0,4316,4340,119530
SP3-04780,ok,goals+,0,0,6169,56,1867512
SP3-04781,ok,goals+,0,0,8209,332129,6726379
SP3-04782,deficit,none,0,0,0,0,20244
SP3-04783,ok,goals+,19399,0,13927,68259,0
SP3-04784,deficit,none,0,0,0,0,6064030
SP3-04785,deficit,none,0,0,0,0,10519
SP3-04786,ok,debt,5279,5279,0,0,0
SP3-04787,deficit,none,0,0,0,0,3065870
SP3-04788,deficit,none,0,0,0,0,48684
SP3-04789,deficit,none,0,0,0,0,0
SP3-04790,ok,reserve,14534,0,5296,0,0
SP3-04791,deficit,none,0,0,0,0,468230
SP3-04792,deficit,none,0,0,0,0,110556
SP3-04793,ok,debt,27205,27205,0,0,0
SP3-04794,deficit,none,0,0,0,0,0
SP3-04795,invalid,none,0,0,0,0,0
SP3-04796,deficit,none,0,0,0,0,0
SP3-04797,ok,reserve,2771,0,1847,0,0
SP3-04798,deficit,none,0,0,0,0,0
SP3-04799,deficit,none,0,0,0,0,0
SP3-04800,deficit,none,0,0,0,0,5668341
SP3-04801,ok,reserve,14428,0,9618,0,0
SP3-04802,deficit,none,0,0,0,0,0
SP3-04803,deficit,none,0,0,0,0,69691
SP3-04804,ok,reserve,14174,0,6266,0,0
SP3-04805,ok,debt,0,2020,0,0,350270
SP3-04806,ok,debt,0,2837,0,0,298118
SP3-04807,ok,reserve,3840,0,2560,0,0
SP3-04808,invalid,none,0,0,0,0,0
SP3-04809,invalid,none,0,0,0,0,0
SP3-04810,deficit,none,0,0,0,0,0
SP3-04811,ok,debt,0,3829,0,0,54362
SP3-04812,deficit,none,0,0,0,0,112039
SP3-04813,deficit,none,0,0,0,0,50554
SP3-04814,deficit,none,0,0,0,0,1933917
SP3-04815,ok,reserve,10936,0,7290,0,0
SP3-04816,deficit,none,0,0,0,0,1753856
SP3-04817,deficit,none,0,0,0,0,35904
SP3-04818,ok,debt,2238,38982,0,0,0
SP3-04819,ok,debt,0,137,0,0,224434
SP3-04820,ok,reserve,4941,0,3294,0,489721
SP3-04821,invalid,none,0,0,0,0,0
SP3-04822,ok,reserve,3592,0,2394,0,0
SP3-04823,ok,goals+,0,0,34182,33033,1612757
SP3-04824,ok,goals+,0,0,4043,0,183610
SP3-04825,ok,debt,0,30596,0,0,1303325
SP3-04826,deficit,none,0,0,0,0,0
SP3-04827,ok,reserve,11043,0,7361,0,0
SP3-04828,ok,none,0,0,0,0,0
SP3-04829,ok,goals+,0,0,17357,6904,194436
SP3-04830,ok,goals+,0,0,8186,0,365249
SP3-04831,deficit,none,0,0,0,0,230859
SP3-04832,ok,debt,0,1440,0,0,108569
SP3-04833,deficit,none,0,0,0,0,0
SP3-04834,deficit,none,0,0,0,0,240873
SP3-04835,ok,debt,0,17848,0,0,68876
SP3-04836,ok,debt,0,6206,0,0,24591
SP3-04837,ok,debt,0,7178,0,0,15600
SP3-04838,ok,debt,0,263,0,0,119797
SP3-04839,ok,goals+,0,0,6738,12053,1556806
SP3-04840,deficit,none,0,0,0,0,36933
SP3-04841,ok,reserve,35918,0,23944,0,0
SP3-04842,ok,goals+,0,0,105319,0,10303321
SP3-04843,deficit,none,0,0,0,0,0
SP3-04844,deficit,none,0,0,0,0,124895
SP3-04845,deficit,none,0,0,0,0,0
SP3-04846,deficit,none,0,0,0,0,0
SP3-04847,ok,debt,0,24665,0,0,9995
SP3-04848,deficit,none,0,0,0,0,0
SP3-04849,deficit,none,0,0,0,0,533885
SP3-04850,ok,debt,6001,6001,0,0,0
SP3-04851,ok,goals+,0,0,14654,0,1675892
SP3-04852,ok,debt,613,613,0,0,0
SP3-04853,ok,goals+,0,0,70936,0,97735
SP3-04854,ok,goals+,0,0,66167,0,112347
SP3-04855,deficit,none,0,0,0,0,1196126
SP3-04856,ok,debt,0,2343,0,0,35048
SP3-04857,invalid,none,0,0,0,0,0
SP3-04858,ok,debt,0,4700,0,0,312
SP3-04859,ok,reserve,743,0,495,0,0
SP3-04860,deficit,none,0,0,0,0,0
SP3-04861,ok,goals+,0,0,192125,0,17797220
SP3-04862,deficit,none,0,0,0,0,20041
SP3-04863,deficit,none,0,0,0,0,0
SP3-04864,ok,debt,0,21482,0,0,3822254
SP3-04865,ok,reserve,18395,0,12262,0,0
SP3-04866,ok,debt,3320,3320,0,0,0
SP3-04867,ok,reserve,14651,0,9767,0,0
SP3-04868,ok,goals+,0,0,7232,2828,360557
SP3-04869,ok,debt,32,77,0,0,0
SP3-04870,ok,debt,3814,8899,0,0,0
SP3-04871,ok,reserve,596,0,397,0,0
SP3-04872,ok,debt,0,1929,0,0,28368
SP3-04873,ok,reserve,7330,0,0,0,0
SP3-04874,ok,goals+,0,0,423986747,505248874,5408848647
SP3-04875,deficit,none,0,0,0,0,0
SP3-04876,ok,reserve,340,0,226,0,20041
SP3-04877,ok,debt,7819,18247,0,0,0
SP3-04878,invalid,none,0,0,0,0,0
SP3-04879,ok,debt,0,22083,0,0,88701
SP3-04880,deficit,none,0,0,0,0,0
SP3-04881,ok,goals+,0,0,95716,92959,618124
SP3-04882,ok,debt,0,6795,0,0,125096
SP3-04883,deficit,none,0,0,0,0,841821
SP3-04884,ok,debt,0,36315,0,0,748377
SP3-04885,ok,reserve,76560,0,0,0,0
SP3-04886,invalid,none,0,0,0,0,0
SP3-04887,ok,reserve,2026,0,1351,0,0
SP3-04888,ok,debt,0,9337,0,0,10521
SP3-04889,deficit,none,0,0,0,0,17821
SP3-04890,deficit,none,0,0,0,0,80572
SP3-04891,deficit,none,0,0,0,0,9859639
SP3-04892,deficit,none,0,0,0,0,0
SP3-04893,ok,debt,0,26199,0,0,16239
SP3-04894,ok,debt,0,4974,0,0,301996
SP3-04895,ok,goals+,0,0,0,71418,220947
SP3-04896,ok,reserve,26235,0,17490,0,0
SP3-04897,ok,goals+,0,0,30937,23615,0
SP3-04898,ok,debt,111,262,0,0,0
SP3-04899,ok,goals+,0,0,3401,0,1188895
SP3-04900,ok,reserve,8419,0,5612,0,187793
SP3-04901,deficit,none,0,0,0,0,358840
SP3-04902,deficit,none,0,0,0,0,553993
SP3-04903,deficit,none,0,0,0,0,0
SP3-04904,ok,reserve,5070,0,3379,0,0
SP3-04905,ok,goals+,0,0,21629,68027,543623
SP3-04906,ok,debt,0,6792,0,0,683538
SP3-04907,ok,debt,0,12044,0,0,60637
SP3-04908,deficit,none,0,0,0,0,0
SP3-04909,ok,debt,5112,5112,0,0,0
SP3-04910,ok,reserve,13576,0,0,0,0
SP3-04911,deficit,none,0,0,0,0,0
SP3-04912,ok,goals+,0,0,17068,53766,671366
SP3-04913,ok,reserve,12691,0,3301,9273,0
SP3-04914,ok,debt,16019,16019,0,0,204310
SP3-04915,invalid,none,0,0,0,0,0
SP3-04916,deficit,none,0,0,0,0,2946
SP3-04917,ok,reserve,2278,0,1518,0,0
SP3-04918,deficit,none,0,0,0,0,116019
SP3-04919,ok,debt,0,1674,0,0,59645
SP3-04920,ok,goals+,17551,0,24151,0,0
SP3-04921,ok,reserve,3686,0,2457,0,0
SP3-04922,deficit,none,0,0,0,0,9376
SP3-04923,ok,debt,6284,6284,0,0,0
SP3-04924,ok,reserve,3764,3763,0,0,0
SP3-04925,ok,goals+,0,0,0,31917,67254
SP3-04926,deficit,none,0,0,0,0,78306
SP3-04927,ok,debt,0,6156,0,0,48800
SP3-04928,ok,goals+,0,0,65761,0,625029
SP3-04929,ok,goals+,0,0,1543,0,8282187
SP3-04930,ok,goals+,0,0,5270,105024,1045898
SP3-04931,ok,reserve,5643,5642,0,0,0
SP3-04932,ok,goals+,7081,0,14759,0,0
SP3-04933,invalid,none,0,0,0,0,0
SP3-04934,deficit,none,0,0,0,0,1427865
SP3-04935,ok,goals+,0,0,0,7420,13183573
SP3-04936,invalid,none,0,0,0,0,0
SP3-04937,ok,goals+,0,0,1613,0,981652
SP3-04938,ok,debt,0,10812,0,0,7494
SP3-04939,ok,reserve,177,176,0,0,0
SP3-04940,deficit,none,0,0,0,0,0
SP3-04941,ok,reserve,5295,0,3530,0,0
SP3-04942,ok,goals+,0,0,1839,303,225602
SP3-04943,deficit,none,0,0,0,0,1273092
SP3-04944,deficit,none,0,0,0,0,45030
SP3-04945,ok,debt,0,15218,0,0,27981
SP3-04946,deficit,none,0,0,0,0,0
SP3-04947,ok,debt,0,7636,0,0,6641
SP3-04948,ok,reserve,14983,14982,0,0,0
SP3-04949,ok,goals+,0,0,2252,11850,4895594
SP3-04950,ok,debt,0,33941,0,0,98508
SP3-04951,ok,reserve,41458,0,987,0,0
SP3-04952,deficit,none,0,0,0,0,0
SP3-04953,deficit,none,0,0,0,0,0
SP3-04954,ok,goals+,0,0,10522,0,3130774
SP3-04955,ok,reserve,255799,0,0,70304,0
SP3-04956,deficit,none,0,0,0,0,0
SP3-04957,deficit,none,0,0,0,0,1448118
SP3-04958,ok,reserve,27204,0,1000,0,0
SP3-04959,ok,reserve,14983,14982,0,0,0
SP3-04960,ok,reserve,9147,0,6097,0,0
SP3-04961,deficit,none,0,0,0,0,11055074
SP3-04962,ok,debt,0,19444,0,0,4744
SP3-04963,deficit,none,0,0,0,0,0
SP3-04964,deficit,none,0,0,0,0,0
SP3-04965,ok,debt,5143,5143,0,0,0
SP3-04966,ok,debt,0,19237,0,0,44287
SP3-04967,ok,reserve,45196,0,30130,0,0
SP3-04968,ok,reserve,42015,0,0,0,0
SP3-04969,deficit,none,0,0,0,0,3655527
SP3-04970,deficit,none,0,0,0,0,0
SP3-04971,ok,reserve,5128,0,3418,0,0
SP3-04972,ok,reserve,29643,0,19761,0,0
SP3-04973,ok,reserve,13552,0,392,0,0
SP3-04974,ok,goals+,0,0,7279,0,63314
SP3-04975,deficit,none,0,0,0,0,0
SP3-04976,ok,goals+,0,0,24334,0,133581
SP3-04977,ok,reserve,8972,8971,0,0,0
SP3-04978,deficit,none,0,0,0,0,1421061
SP3-04979,deficit,none,0,0,0,0,0
SP3-04980,ok,debt,0,11408,0,0,8290
SP3-04981,deficit,none,0,0,0,0,0
SP3-04982,ok,goals+,0,0,13539,0,5867840
SP3-04983,ok,goals+,0,0,13545,68079,207822
SP3-04984,deficit,none,0,0,0,0,0
SP3-04985,deficit,none,0,0,0,0,0
SP3-04986,ok,reserve,4935,0,3289,0,0
SP3-04987,ok,debt,0,56774,0,0,38106
SP3-04988,ok,none,0,0,0,0,0
SP3-04989,ok,goals+,0,0,4560,13135,0
SP3-04990,invalid,none,0,0,0,0,0
SP3-04991,ok,reserve,5537,0,3691,0,0
SP3-04992,ok,reserve,2087,0,1391,0,0
SP3-04993,ok,reserve,156824,0,0,0,0
SP3-04994,ok,goals+,0,0,8759,0,0
SP3-04995,ok,debt,888,16637,0,0,0
SP3-04996,deficit,none,0,0,0,0,418199
SP3-04997,ok,reserve,23707,0,0,0,526570
SP3-04998,deficit,none,0,0,0,0,1454468
SP3-04999,ok,debt,0,1699,0,0,107801
SP3-05000,ok,debt,1808,6220,0,0,0
SP3-05001,ok,debt,2984,13882,0,0,12551
SP3-05002,ok,reserve,35888,35887,0,0,0
SP3-05003,ok,reserve,12656,0,8437,0,0
SP3-05004,ok,reserve,49080,0,32719,0,0
SP3-05005,ok,debt,5263,5263,0,0,0
SP3-05006,ok,goals+,0,0,25058,28787,74135
SP3-05007,deficit,none,0,0,0,0,2317991
SP3-05008,ok,reserve,30993,0,6128,0,0
SP3-05009,deficit,none,0,0,0,0,237065
SP3-05010,ok,debt,3184,4888,0,0,41033
SP3-05011,ok,goals+,0,0,186358,0,19990476
SP3-05012,deficit,none,0,0,0,0,79597
SP3-05013,ok,reserve,15778,0,0,0,0
SP3-05014,deficit,none,0,0,0,0,0
SP3-05015,invalid,none,0,0,0,0,0
SP3-05016,deficit,none,0,0,0,0,0
SP3-05017,deficit,none,0,0,0,0,13753459
SP3-05018,deficit,none,0,0,0,0,0
SP3-05019,invalid,none,0,0,0,0,0
SP3-05020,ok,goals+,0,0,0,22784,54561
SP3-05021,deficit,none,0,0,0,0,264368
SP3-05022,deficit,none,0,0,0,0,21654
SP3-05023,ok,goals+,0,0,2018,0,55532
SP3-05024,ok,debt,0,4671,0,0,60439
SP3-05025,deficit,none,0,0,0,0,181090
SP3-05026,ok,reserve,18706,0,12033,5841,89501
SP3-05027,deficit,none,0,0,0,0,845972
SP3-05028,ok,reserve,47122,0,31414,0,0
SP3-05029,deficit,none,0,0,0,0,576676
SP3-05030,ok,goals+,0,0,5866,70234,1277201
SP3-05031,ok,goals+,0,0,4926,4204,254236
SP3-05032,ok,debt,2600,2600,0,0,0
SP3-05033,ok,reserve,10717,0,2501,0,0
SP3-05034,ok,debt,2861,6676,0,0,0
SP3-05035,deficit,none,0,0,0,0,2330983
SP3-05036,ok,debt,12351,12351,0,0,0
SP3-05037,invalid,none,0,0,0,0,0
SP3-05038,invalid,none,0,0,0,0,0
SP3-05039,ok,goals+,0,0,13468,56523,0
SP3-05040,deficit,none,0,0,0,0,832236
SP3-05041,deficit,none,0,0,0,0,0
SP3-05042,ok,debt,0,799,0,0,13300
SP3-05043,ok,goals+,0,0,23779,551281,3478360
SP3-05044,deficit,none,0,0,0,0,366684
SP3-05045,ok,debt,0,4395,0,0,210687
SP3-05046,ok,reserve,94670,0,0,2881,0
SP3-05047,ok,debt,3979,9285,0,0,0
SP3-05048,ok,none,0,0,0,0,221632
SP3-05049,deficit,none,0,0,0,0,100693
SP3-05050,ok,debt,1808,6220,0,0,0
SP3-05051,ok,reserve,1727,0,1151,0,0
SP3-05052,ok,reserve,9701,0,6466,0,0
SP3-05053,ok,reserve,8364,8363,0,0,0
SP3-05054,ok,debt,0,2304,0,0,1236
SP3-05055,ok,debt,2747,2747,0,0,0
SP3-05056,ok,reserve,4191,0,2793,0,0
SP3-05057,ok,goals+,0,0,171533,0,3664764
SP3-05058,invalid,none,0,0,0,0,0
SP3-05059,ok,goals+,0,0,33918,10511,10236837
SP3-05060,ok,goals+,0,0,536,0,446134
SP3-05061,deficit,none,0,0,0,0,0
SP3-05062,ok,debt,0,2431,0,0,57667
SP3-05063,deficit,none,0,0,0,0,1411044
SP3-05064,deficit,none,0,0,0,0,0
SP3-05065,deficit,none,0,0,0,0,0
SP3-05066,ok,goals+,0,0,1303,6008,426560
SP3-05067,ok,goals+,0,0,616,0,683075
SP3-05068,ok,goals+,0,0,29418,51104,12282628
SP3-05069,ok,debt,0,3451,0,0,80580
SP3-05070,deficit,none,0,0,0,0,131703
SP3-05071,deficit,none,0,0,0,0,0
SP3-05072,deficit,none,0,0,0,0,0
SP3-05073,deficit,none,0,0,0,0,54396
SP3-05074,ok,debt,0,13401,0,0,125572
SP3-05075,deficit,none,0,0,0,0,945209
SP3-05076,ok,goals+,0,0,20572,669468,6242452
SP3-05077,ok,debt,0,13398,0,0,47983
SP3-05078,deficit,none,0,0,0,0,0
SP3-05079,ok,debt,0,9562,0,0,17519
SP3-05080,ok,debt,12724,12724,0,0,0
SP3-05081,deficit,none,0,0,0,0,0
SP3-05082,ok,goals+,0,0,1121,15571,69790
SP3-05083,deficit,none,0,0,0,0,0
SP3-05084,deficit,none,0,0,0,0,2593791
SP3-05085,deficit,none,0,0,0,0,23659
SP3-05086,deficit,none,0,0,0,0,7471348
SP3-05087,ok,reserve,30031,0,0,0,0
SP3-05088,ok,debt,1206,2815,0,0,0
SP3-05089,ok,debt,1058,1058,0,0,103490
SP3-05090,ok,debt,0,65187,0,0,445211
SP3-05091,deficit,none,0,0,0,0,123586
SP3-05092,ok,reserve,21235,0,7609,0,0
SP3-05093,ok,debt,3599,3599,0,0,0
SP3-05094,deficit,none,0,0,0,0,366487
SP3-05095,ok,debt,0,23337,0,0,185238
SP3-05096,ok,debt,0,8816,0,0,130697
SP3-05097,ok,debt,0,15856,0,0,169154
SP3-05098,ok,debt,629,14728,0,0,1995
SP3-05099,deficit,none,0,0,0,0,19727993
SP3-05100,deficit,none,0,0,0,0,2103931
SP3-05101,deficit,none,0,0,0,0,0
SP3-05102,ok,debt,1249,2914,0,0,0
SP3-05103,ok,reserve,35994,35993,0,0,0
SP3-05104,ok,reserve,5811,5810,0,0,0
SP3-05105,deficit,none,0,0,0,0,0
SP3-05106,ok,debt,291,4335,0,0,0
SP3-05107,deficit,none,0,0,0,0,1548073
SP3-05108,deficit,none,0,0,0,0,27312
SP3-05109,ok,debt,0,18500,0,0,38943
SP3-05110,ok,debt,0,32411,0,0,2987020
SP3-05111,ok,debt,0,3652,0,0,140518
SP3-05112,ok,debt,291,4590,0,0,0
SP3-05113,deficit,none,0,0,0,0,3083318
SP3-05114,ok,reserve,5416,0,3610,0,0
SP3-05115,ok,reserve,7824,0,5215,0,0
SP3-05116,deficit,none,0,0,0,0,660301
SP3-05117,ok,reserve,626,625,0,0,0
SP3-05118,ok,debt,0,6787,0,0,31657
SP3-05119,ok,goals+,0,0,49640,518725,4900557
SP3-05120,deficit,none,0,0,0,0,0
SP3-05121,deficit,none,0,0,0,0,1976
SP3-05122,deficit,none,0,0,0,0,1016437
SP3-05123,ok,debt,0,58031,0,0,500834
SP3-05124,deficit,none,0,0,0,0,60654
SP3-05125,deficit,none,0,0,0,0,4530142
SP3-05126,deficit,none,0,0,0,0,0
SP3-05127,ok,debt,0,38597,0,0,357976
SP3-05128,ok,debt,0,42120,0,0,87879
SP3-05129,ok,debt,0,4110,0,0,70446
SP3-05130,ok,debt,0,4232,0,0,35273
SP3-05131,ok,debt,9817,22906,0,0,0
SP3-05132,ok,reserve,25370,0,5185,0,0
SP3-05133,deficit,none,0,0,0,0,30271
SP3-05134,ok,debt,0,1581,0,0,841363
SP3-05135,deficit,none,0,0,0,0,0
SP3-05136,ok,debt,652,652,0,0,0
SP3-05137,ok,goals+,0,0,0,10211,880251
SP3-05138,deficit,none,0,0,0,0,0
SP3-05139,ok,goals+,0,0,46461,149307,423064
SP3-05140,ok,goals+,0,0,56942,0,1292957
SP3-05141,deficit,none,0,0,0,0,2380939
SP3-05142,ok,reserve,50912,0,2098,0,0
SP3-05143,deficit,none,0,0,0,0,0
SP3-05144,ok,reserve,6993,0,4661,0,0
SP3-05145,ok,debt,0,2335,0,0,116209
SP3-05146,deficit,none,0,0,0,0,7785224
SP3-05147,ok,reserve,7086,0,4724,0,0
SP3-05148,deficit,none,0,0,0,0,9314490
SP3-05149,ok,debt,2116,2116,0,0,0
SP3-05150,ok,debt,1691,3948,0,0,0
SP3-05151,ok,goals+,0,0,28212,20688,0
SP3-05152,deficit,none,0,0,0,0,3684377
SP3-05153,deficit,none,0,0,0,0,11635930
SP3-05154,deficit,none,0,0,0,0,0
SP3-05155,invalid,none,0,0,0,0,0
SP3-05156,deficit,none,0,0,0,0,88127
SP3-05157,invalid,none,0,0,0,0,0
SP3-05158,ok,reserve,11733,0,7822,0,0
SP3-05159,deficit,none,0,0,0,0,1056526
SP3-05160,ok,debt,9412,9412,0,0,0
SP3-05161,deficit,none,0,0,0,0,0
SP3-05162,deficit,none,0,0,0,0,0
SP3-05163,deficit,none,0,0,0,0,213164
SP3-05164,ok,debt,234,547,0,0,0
SP3-05165,ok,reserve,2781,0,1854,0,0
SP3-05166,ok,goals+,0,0,9224,0,0
SP3-05167,deficit,none,0,0,0,0,0
SP3-05168,ok,goals+,0,0,352,5110,352231
SP3-05169,ok,reserve,4014,0,0,0,0
SP3-05170,deficit,none,0,0,0,0,1540457
SP3-05171,ok,debt,0,4168,0,0,13089
SP3-05172,ok,reserve,11164,0,0,0,0
SP3-05173,ok,debt,1691,3948,0,0,0
SP3-05174,ok,goals+,0,0,0,7409,138436
SP3-05175,deficit,none,0,0,0,0,0
SP3-05176,deficit,none,0,0,0,0,1424396
SP3-05177,deficit,none,0,0,0,0,139650
SP3-05178,ok,debt,0,76057,0,0,1113114
SP3-05179,deficit,none,0,0,0,0,417452
SP3-05180,ok,goals+,0,0,2506,0,355137
SP3-05181,ok,reserve,7852,0,5234,0,0
SP3-05182,deficit,none,0,0,0,0,123398
SP3-05183,ok,debt,1837,1837,0,0,0
SP3-05184,ok,reserve,79255,0,9244,0,0
SP3-05185,deficit,none,0,0,0,0,0
SP3-05186,deficit,none,0,0,0,0,0
SP3-05187,deficit,none,0,0,0,0,72592
SP3-05188,deficit,none,0,0,0,0,0
SP3-05189,ok,reserve,23452,0,0,0,0
SP3-05190,ok,goals+,0,0,1504,7798,567486
SP3-05191,deficit,none,0,0,0,0,413372
SP3-05192,ok,debt,0,3925,0,0,127590
SP3-05193,ok,reserve,83815,0,10259,0,0
SP3-05194,ok,goals+,0,0,0,10466,127967
SP3-05195,deficit,none,0,0,0,0,0
SP3-05196,ok,reserve,15135,0,10090,0,0
SP3-05197,deficit,none,0,0,0,0,0
SP3-05198,deficit,none,0,0,0,0,3250716
SP3-05199,deficit,none,0,0,0,0,347814
SP3-05200,deficit,none,0,0,0,0,0
SP3-02050,invalid,none,0,0,0,0,0
SP3-05202,ok,reserve,578671,0,78507,94835,0
SP3-05203,deficit,none,0,0,0,0,0
SP3-05204,ok,goals+,0,0,3867,0,61677
SP3-05205,ok,reserve,119745,0,3019,0,0
SP3-05206,invalid,none,0,0,0,0,0
SP3-05207,ok,debt,0,3740,0,0,274013
SP3-05208,ok,goals+,0,0,65326,12821,2682631
SP3-05209,deficit,none,0,0,0,0,132773
SP3-05210,deficit,none,0,0,0,0,0
SP3-05211,ok,debt,0,16450,0,0,105767
SP3-05212,deficit,none,0,0,0,0,0
SP3-05213,ok,reserve,7322,0,3623,0,0
SP3-05214,ok,goals+,0,0,7559,0,731169
SP3-05215,deficit,none,0,0,0,0,58087
SP3-05216,ok,reserve,1633,1632,0,0,79640
SP3-05217,ok,reserve,3364,0,2242,0,0
SP3-05218,ok,debt,0,14718,0,0,19242
SP3-05219,ok,reserve,13209,0,8806,0,0
SP3-05220,ok,goals+,0,0,0,19728,63152
SP3-05221,ok,goals+,5461,0,2468,26946,0
SP3-05222,deficit,none,0,0,0,0,0
SP3-05223,ok,reserve,6065,0,976,0,0
SP3-05224,ok,debt,0,160514,0,0,126052
SP3-05225,deficit,none,0,0,0,0,0
SP3-05226,deficit,none,0,0,0,0,288859
SP3-05227,ok,debt,0,39392,0,0,357411
SP3-05228,ok,debt,0,39823,0,0,47850
SP3-05229,ok,reserve,5583,0,3721,0,0
SP3-05230,deficit,none,0,0,0,0,0
SP3-05231,ok,debt,0,2967,0,0,54136
SP3-05232,ok,reserve,3256,0,2170,0,0
SP3-05233,ok,reserve,22506,0,15003,0,0
SP3-05234,ok,debt,0,7432,0,0,16398
SP3-05235,ok,debt,0,17479,0,0,8234
SP3-05236,ok,goals+,5725,0,35619,49975,0
SP3-05237,deficit,none,0,0,0,0,288859
SP3-05238,ok,reserve,15015,0,0,0,0
SP3-05239,ok,reserve,688,0,458,0,0
SP3-05240,deficit,none,0,0,0,0,1490158
SP3-05241,ok,goals+,0,0,11068,29235,2179417
SP3-05242,ok,reserve,23691,0,11863,0,0
SP3-05243,deficit,none,0,0,0,0,0
SP3-05244,ok,debt,0,109197,0,0,329273
SP3-05245,deficit,none,0,0,0,0,998283
SP3-05246,deficit,none,0,0,0,0,799649
SP3-05247,deficit,none,0,0,0,0,113713
SP3-05248,deficit,none,0,0,0,0,0
SP3-05249,ok,reserve,18092,0,12060,0,0
SP3-05250,deficit,none,0,0,0,0,0
SP3-05251,ok,debt,1486,1486,0,0,0
SP3-05252,deficit,none,0,0,0,0,219712
SP3-05253,deficit,none,0,0,0,0,0
SP3-05254,ok,goals+,0,0,9197,0,205047
SP3-05255,ok,debt,19714,19714,0,0,0
SP3-05256,deficit,none,0,0,0,0,0
SP3-05257,ok,reserve,26179,0,17452,0,0
SP3-05258,ok,goals+,0,0,17040,0,13587910
SP3-05259,ok,debt,0,876,0,0,74138
SP3-05260,deficit,none,0,0,0,0,3713313
SP3-05261,deficit,none,0,0,0,0,0
SP3-05262,deficit,none,0,0,0,0,78085
SP3-05263,ok,debt,0,9174,0,0,62225
SP3-05264,ok,debt,0,45076,0,0,25652
SP3-05265,ok,debt,0,10150,0,0,254436
SP3-05266,deficit,none,0,0,0,0,9000869
SP3-05267,ok,goals+,0,0,14690,11636,4571346
SP3-05268,deficit,none,0,0,0,0,0
SP3-05269,ok,reserve,11624,0,0,0,0
SP3-05270,invalid,none,0,0,0,0,0
SP3-05271,ok,reserve,4976,0,3317,0,0
SP3-05272,ok,goals+,0,0,1122,223062,4078249
SP3-05273,deficit,none,0,0,0,0,0
SP3-05274,ok,debt,0,8861,0,0,4318
SP3-05275,ok,debt,2059,4805,0,0,0
SP3-05276,ok,debt,218549706,560813651,0,0,1569327328
SP3-05277,ok,debt,0,8971,0,0,65966
SP3-05278,ok,goals+,0,0,15585,0,206008
SP3-05279,ok,reserve,2588,0,1725,0,0
SP3-05280,deficit,none,0,0,0,0,0
SP3-05281,ok,goals+,0,0,2498,0,939789
SP3-05282,deficit,none,0,0,0,0,0
SP3-05283,ok,goals+,0,0,1180,0,324032
SP3-05284,ok,reserve,7230,0,4820,0,0
SP3-05285,deficit,none,0,0,0,0,0
SP3-05286,deficit,none,0,0,0,0,2205210
SP3-05287,ok,debt,0,1180,0,0,56016
SP3-05288,deficit,none,0,0,0,0,0
SP3-05289,ok,reserve,17031,0,0,0,0
SP3-05290,invalid,none,0,0,0,0,0
SP3-05291,invalid,none,0,0,0,0,0
SP3-05292,deficit,none,0,0,0,0,1125060
SP3-05293,ok,debt,31518612,31518612,0,0,882521680
SP3-05294,ok,none,0,0,0,0,0
SP3-05295,ok,reserve,24721,0,1732,0,0
SP3-05296,ok,goals+,0,0,29643,420490,6661118
SP3-05297,ok,goals+,0,0,4179,23657,2166259
SP3-05298,deficit,none,0,0,0,0,146135
SP3-05299,ok,debt,0,19294,0,0,176915
SP3-05300,ok,goals+,0,0,9298,30084,866198
SP3-05301,ok,reserve,11444,0,7628,0,0
SP3-05302,ok,reserve,4219,4218,0,0,55839
SP3-05303,deficit,none,0,0,0,0,0
SP3-05304,deficit,none,0,0,0,0,0
SP3-05305,ok,reserve,9017,0,1015,0,0
SP3-05306,ok,goals+,0,0,2930,156459,7995816
SP3-05307,ok,debt,9824,15895,6549,0,344981
SP3-05308,deficit,none,0,0,0,0,0
SP3-05309,deficit,none,0,0,0,0,0
SP3-05310,ok,reserve,7432,7431,0,0,149998
SP3-05311,ok,reserve,6447,0,4297,0,0
SP3-05312,ok,goals+,0,0,9584,0,391190
SP3-05313,ok,goals+,0,0,50364,173452,12674288
SP3-05314,ok,debt,0,4715,0,0,109991
SP3-05315,ok,goals+,0,0,1331,0,182590
SP3-05316,ok,reserve,62244,0,0,31603,0
SP3-05317,ok,debt,0,105471,0,0,1076106
SP3-05318,ok,reserve,8013,0,5341,0,0
SP3-05319,deficit,none,0,0,0,0,5624299
SP3-05320,deficit,none,0,0,0,0,0
SP3-05321,deficit,none,0,0,0,0,1705673
SP3-05322,ok,debt,0,22547,0,0,147663
SP3-05323,invalid,none,0,0,0,0,0
SP3-05324,deficit,none,0,0,0,0,232618
SP3-05325,ok,goals+,0,0,0,19869,96481
SP3-05326,ok,goals+,0,0,280,0,24922077
SP3-05327,deficit,none,0,0,0,0,0
SP3-05328,deficit,none,0,0,0,0,0
SP3-05329,ok,reserve,57764,0,38509,0,0
SP3-05330,ok,reserve,66317,0,0,0,0
SP3-05331,invalid,none,0,0,0,0,0
SP3-05332,ok,goals+,0,0,84441,137857,24428705
SP3-05333,ok,goals+,0,0,0,4032,6144117
SP3-05334,ok,reserve,13612,13611,0,0,0
SP3-05335,ok,reserve,32410,0,0,0,0
SP3-05336,deficit,none,0,0,0,0,22225892
SP3-05337,deficit,none,0,0,0,0,7258
SP3-05338,invalid,none,0,0,0,0,0
SP3-05339,ok,debt,0,3295,0,0,279946
SP3-05340,ok,debt,0,5348,0,0,116271
SP3-05341,invalid,none,0,0,0,0,0
SP3-05342,invalid,none,0,0,0,0,0
SP3-05343,deficit,none,0,0,0,0,0
SP3-05344,ok,debt,0,22450,0,0,204880
SP3-05345,deficit,none,0,0,0,0,3719303
SP3-05346,deficit,none,0,0,0,0,741288
SP3-05347,deficit,none,0,0,0,0,604420
SP3-05348,ok,debt,0,13153,0,0,187642
SP3-05349,deficit,none,0,0,0,0,0
SP3-05350,ok,debt,0,6480,0,0,6459
SP3-05351,invalid,none,0,0,0,0,0
SP3-05352,deficit,none,0,0,0,0,288059
SP3-05353,deficit,none,0,0,0,0,0
SP3-05354,ok,reserve,496,495,0,0,0
SP3-05355,ok,reserve,4435,4434,0,0,0
SP3-05356,deficit,none,0,0,0,0,7258
SP3-05357,ok,debt,0,33940,0,0,202996
SP3-05358,deficit,none,0,0,0,0,0
SP3-05359,ok,debt,0,81142,0,0,270089
SP3-05360,deficit,none,0,0,0,0,3302835
SP3-05361,ok,reserve,92493,0,1000,0,0
SP3-05362,ok,reserve,1244,0,829,0,0
SP3-05363,ok,reserve,22748,0,15165,0,9428
SP3-05364,ok,goals+,0,0,76053,79374,401075
SP3-05365,ok,debt,0,33509,0,0,47088
SP3-05366,deficit,none,0,0,0,0,0
SP3-05367,ok,debt,0,7320,0,0,49478
SP3-05368,ok,goals+,0,0,100,18206,68025
SP3-05369,ok,reserve,25398,0,16932,0,0
SP3-05370,deficit,none,0,0,0,0,0
SP3-05371,ok,debt,0,11365,0,0,20672
SP3-05372,ok,goals+,0,0,10891,31963,60392
SP3-05373,ok,goals+,0,0,33391,2132,0
SP3-05374,deficit,none,0,0,0,0,0
SP3-05375,ok,reserve,11689,0,7792,0,0
SP3-05376,ok,goals+,0,0,4562,0,317961
SP3-05377,ok,reserve,5897,0,1027,0,0
SP3-05378,deficit,none,0,0,0,0,0
SP3-05379,ok,debt,0,24742,0,0,418317
SP3-05380,deficit,none,0,0,0,0,8870
SP3-05381,ok,goals+,0,0,9089,0,82747
SP3-05382,ok,reserve,6462,0,4308,0,0
SP3-05383,ok,debt,0,1874,0,0,33956
SP3-05384,ok,goals+,0,0,2099,34663,94883
SP3-05385,deficit,none,0,0,0,0,161002
SP3-05386,ok,goals+,30099,0,9127,40095,0
SP3-05387,ok,reserve,147,146,0,0,0
SP3-05388,ok,debt,5388,12572,0,0,0
SP3-05389,deficit,none,0,0,0,0,512675
SP3-05390,deficit,none,0,0,0,0,3587514
SP3-05391,deficit,none,0,0,0,0,0
SP3-05392,deficit,none,0,0,0,0,71175
SP3-05393,deficit,none,0,0,0,0,0
SP3-05394,ok,reserve,5416,5415,0,0,0
SP3-05395,ok,debt,0,33538,0,0,5640
SP3-05396,ok,debt,1215,19635,0,0,0
SP3-05397,ok,reserve,8690,8689,0,0,0
SP3-05398,ok,reserve,8138,0,0,0,0
SP3-05399,invalid,none,0,0,0,0,0
SP3-05400,ok,debt,180,180,0,0,0
SP3-05401,ok,debt,0,88147,0,0,44777
SP3-05402,ok,debt,129100,129100,0,0,0
SP3-05403,ok,goals+,0,0,49253,392549,2028200
SP3-00313,invalid,none,0,0,0,0,0
SP3-05405,deficit,none,0,0,0,0,0
SP3-05406,deficit,none,0,0,0,0,0
SP3-05407,deficit,none,0,0,0,0,275734
SP3-05408,deficit,none,0,0,0,0,3967941
SP3-05409,ok,reserve,11489,0,0,0,0
SP3-05410,ok,debt,0,28439,0,0,86050
SP3-05411,ok,debt,0,13383,0,0,64369
SP3-05412,ok,debt,3154,7359,0,0,0
SP3-05413,deficit,none,0,0,0,0,0
SP3-05414,ok,debt,0,1272,0,0,74607
SP3-05415,ok,debt,0,2041,0,0,762
SP3-05416,ok,debt,0,13681,0,0,45771
SP3-05417,deficit,none,0,0,0,0,7140558
SP3-05418,ok,reserve,34453,0,6435,0,0
SP3-05419,ok,debt,0,8982,0,0,28296
SP3-05420,ok,reserve,8773,0,0,0,0
SP3-05421,deficit,none,0,0,0,0,0
SP3-05422,deficit,none,0,0,0,0,0
SP3-05423,ok,goals+,0,0,739,7206,436071
SP3-05424,ok,debt,0,8880,0,0,42009
SP3-05425,deficit,none,0,0,0,0,0
SP3-05426,ok,reserve,25942,0,17294,0,0
SP3-05427,ok,debt,5746,13410,0,0,0
SP3-05428,deficit,none,0,0,0,0,2461675
SP3-05429,deficit,none,0,0,0,0,1185596
SP3-05430,deficit,none,0,0,0,0,4182
SP3-05431,deficit,none,0,0,0,0,0
SP3-05432,deficit,none,0,0,0,0,8156
SP3-05433,ok,debt,0,5777,0,0,15006
SP3-05434,ok,reserve,33170,0,0,0,0
SP3-05435,deficit,none,0,0,0,0,0
SP3-05436,ok,reserve,2894,0,1929,0,0
SP3-05437,ok,none,0,0,0,0,762370
SP3-05438,ok,reserve,36092,0,24061,0,0
SP3-05439,deficit,none,0,0,0,0,0
SP3-05440,ok,goals+,0,0,0,50578,481421
SP3-05441,ok,reserve,35210,0,0,0,0
SP3-05442,ok,reserve,17109,0,10661,0,0
SP3-05443,deficit,none,0,0,0,0,0
SP3-05444,ok,goals+,0,0,91344,324107,2314110
SP3-05445,deficit,none,0,0,0,0,220002
SP3-05446,deficit,none,0,0,0,0,19948
SP3-05447,ok,debt,3520,8216,0,0,0
SP3-05448,ok,reserve,4194,0,2795,0,0
SP3-05449,invalid,none,0,0,0,0,0
SP3-05450,deficit,none,0,0,0,0,0
SP3-05451,ok,goals+,0,0,59640,383988,10187253
SP3-05452,deficit,none,0,0,0,0,116567
SP3-05453,deficit,none,0,0,0,0,49487
SP3-05454,deficit,none,0,0,0,0,1369363
SP3-05455,ok,debt,0,34339,0,0,322753
SP3-05456,ok,debt,2885,6732,0,0,0
SP3-05457,ok,goals+,0,0,13050,0,1969627
SP3-05458,ok,debt,0,15254,0,0,101928
SP3-05459,ok,debt,0,5330,0,0,9296
SP3-05460,ok,debt,0,5330,0,0,9296
SP3-05461,deficit,none,0,0,0,0,0
SP3-05462,ok,debt,0,2591,0,0,301056
SP3-05463,deficit,none,0,0,0,0,774405
SP3-05464,ok,debt,0,15044,0,0,82711
SP3-05465,ok,debt,0,7036,0,0,180524
SP3-05466,ok,reserve,16499,16498,0,0,0
SP3-05467,deficit,none,0,0,0,0,138370
SP3-05468,ok,goals+,0,0,10513,23823,615939
SP3-05469,ok,reserve,4386,0,0,0,0
SP3-05470,ok,reserve,76682,0,51120,0,0
SP3-05471,deficit,none,0,0,0,0,0
SP3-05472,ok,reserve,2207,0,1470,0,0
SP3-05473,ok,goals+,0,0,891,0,285916
SP3-05474,ok,debt,0,6575,0,0,165246
SP3-05475,ok,reserve,7236,0,4823,0,0
SP3-05476,deficit,none,0,0,0,0,1648
SP3-05477,deficit,none,0,0,0,0,603725
SP3-05478,deficit,none,0,0,0,0,35777
SP3-05479,deficit,none,0,0,0,0,0
SP3-05480,ok,debt,4515,4515,0,0,0
SP3-05481,deficit,none,0,0,0,0,4653776
SP3-05482,ok,reserve,28070,0,0,0,0
SP3-05483,ok,reserve,15169,15168,0,0,0
SP3-05484,ok,debt,0,7036,0,0,183959
SP3-05485,ok,debt,0,16893,0,0,700046
SP3-05486,deficit,none,0,0,0,0,0
SP3-05487,invalid,none,0,0,0,0,0
SP3-05488,ok,debt,3311,16334,0,0,0
SP3-05489,ok,reserve,42537,0,28357,0,0
SP3-05490,ok,reserve,771,0,513,0,0
SP3-05491,deficit,none,0,0,0,0,697540
SP3-05492,ok,goals+,0,0,2820,97791,6877334
SP3-05493,deficit,none,0,0,0,0,0
SP3-05494,ok,debt,0,16462,0,0,74574
SP3-05495,invalid,none,0,0,0,0,0
SP3-05496,ok,debt,0,8202,0,0,35143
SP3-05497,ok,debt,0,16977,0,0,161233
SP3-05498,ok,reserve,2081,0,0,0,80198
SP3-05499,ok,debt,0,14487,0,0,15421
SP3-05500,ok,goals+,0,0,2031,5916,430840
SP3-02052,invalid,none,0,0,0,0,0
SP3-05502,ok,debt,0,10346,0,0,32953
SP3-05503,deficit,none,0,0,0,0,149570
SP3-05504,ok,debt,0,157589,0,0,1583093
SP3-05505,ok,reserve,4852,0,3235,0,0
SP3-05506,ok,debt,0,71780,0,0,81618
SP3-05507,deficit,none,0,0,0,0,134466
SP3-05508,ok,reserve,8684006,0,5789336,0,0
SP3-05509,ok,reserve,4698,0,2552,0,173106
SP3-05510,ok,debt,127,127,0,0,0
SP3-05511,ok,debt,110408946,443446068,0,0,0
SP3-05512,ok,goals+,0,0,1,0,288070
SP3-05513,ok,debt,0,3465,0,0,225774
SP3-05514,deficit,none,0,0,0,0,2871437
SP3-05515,ok,reserve,3030,0,2019,0,0
SP3-05516,deficit,none,0,0,0,0,324841
SP3-05517,deficit,none,0,0,0,0,0
SP3-05518,deficit,none,0,0,0,0,7213
SP3-05519,ok,debt,0,13687,0,0,33132
SP3-05520,deficit,none,0,0,0,0,3702518
SP3-05521,deficit,none,0,0,0,0,0
SP3-05522,ok,debt,0,190,0,0,201135
SP3-05523,ok,reserve,14142,0,9428,0,0
SP3-05524,ok,goals+,0,0,779,75150,2075531
SP3-05525,ok,debt,0,17195,0,0,45848
SP3-05526,ok,debt,0,21096,0,0,3300
SP3-05527,ok,reserve,7335,0,4890,0,0
SP3-05528,ok,goals+,0,0,0,23953,2740508
SP3-05529,deficit,none,0,0,0,0,6347231
SP3-05530,deficit,none,0,0,0,0,324412
SP3-05531,deficit,none,0,0,0,0,1981672
SP3-05532,ok,reserve,35920,0,17336,0,0
SP3-05533,ok,reserve,7129,0,4753,0,0
SP3-05534,ok,debt,3377,3377,0,0,84692
SP3-05535,ok,goals+,0,0,20512,13575,747670
SP3-05536,deficit,none,0,0,0,0,52767
SP3-05537,deficit,none,0,0,0,0,118125
SP3-05538,ok,goals+,0,0,3468,28687,288661
SP3-05539,deficit,none,0,0,0,0,0
SP3-05540,deficit,none,0,0,0,0,1941419
SP3-05541,deficit,none,0,0,0,0,37227
SP3-05542,ok,debt,0,4014,0,0,117381
SP3-05543,ok,debt,7004,16345,0,0,0
SP3-05544,deficit,none,0,0,0,0,0
SP3-05545,deficit,none,0,0,0,0,54167
SP3-05546,ok,goals+,0,0,14774,211075,489562
SP3-05547,deficit,none,0,0,0,0,96308
SP3-05548,ok,reserve,1191,0,794,0,25013
SP3-05549,ok,reserve,8050,8049,0,0,0
SP3-05550,ok,goals+,0,0,4339,4324,0
SP3-05551,invalid,none,0,0,0,0,0
SP3-05552,ok,goals+,0,0,0,31340,390095
SP3-05553,ok,debt,9054,21128,0,0,0
SP3-05554,ok,debt,0,15299,0,0,160129
SP3-05555,deficit,none,0,0,0,0,0
SP3-05556,ok,debt,0,25153,0,0,20336
SP3-05557,ok,reserve,68431,0,0,0,0
SP3-05558,ok,reserve,10515,0,7010,0,0
SP3-05559,ok,goals+,0,0,2026,1841,56560
SP3-05560,deficit,none,0,0,0,0,413053
SP3-05561,invalid,none,0,0,0,0,0
SP3-05562,deficit,none,0,0,0,0,54167
SP3-05563,ok,reserve,26066,0,0,0,0
SP3-05564,ok,debt,0,34318,0,0,293913
SP3-05565,deficit,none,0,0,0,0,8308500
SP3-05566,ok,debt,7789,18175,0,0,0
SP3-05567,deficit,none,0,0,0,0,241853
SP3-05568,deficit,none,0,0,0,0,0
SP3-05569,ok,goals+,0,0,6298,104069,20174605
SP3-05570,ok,reserve,1387,1386,0,0,0
SP3-05571,deficit,none,0,0,0,0,10565512
SP3-05572,deficit,none,0,0,0,0,48818
SP3-05573,ok,goals+,0,0,5705,19048,0
SP3-05574,deficit,none,0,0,0,0,5304271
SP3-05575,ok,debt,0,18859,0,0,132522
SP3-05576,ok,reserve,2919,0,1946,0,0
SP3-05577,ok,debt,9922,23153,0,0,0
SP3-05578,deficit,none,0,0,0,0,114615
SP3-05579,ok,goals+,0,0,0,197178,19958950
SP3-05580,ok,debt,0,217133,0,0,2069041
SP3-05581,deficit,none,0,0,0,0,381630
SP3-05582,deficit,none,0,0,0,0,0
SP3-05583,ok,debt,5499,12832,0,0,0
SP3-05584,ok,debt,7911,7911,0,0,0
SP3-05585,ok,goals+,0,0,0,260032,12008618
SP3-05586,ok,debt,0,6964,0,0,54950
SP3-05587,ok,debt,0,40708,0,0,373113
SP3-05588,ok,debt,0,75042,0,0,177089
SP3-05589,invalid,none,0,0,0,0,0
SP3-05590,deficit,none,0,0,0,0,15089
SP3-05591,deficit,none,0,0,0,0,485997
SP3-05592,deficit,none,0,0,0,0,137911
SP3-05593,ok,debt,0,34318,0,0,293913
SP3-05594,ok,goals+,0,0,0,43795,133913
SP3-05595,ok,reserve,15930,0,0,0,0
SP3-05596,deficit,none,0,0,0,0,0
SP3-05597,deficit,none,0,0,0,0,0
SP3-05598,ok,debt,5993,36789,0,0,28233
SP3-05599,ok,reserve,10084,10083,0,0,0
SP3-05600,deficit,none,0,0,0,0,1314
SP3-05601,ok,reserve,5201,5200,0,0,0
SP3-05602,ok,goals+,0,0,0,164866,1309436
SP3-05603,ok,reserve,10982,0,0,0,0
SP3-05604,ok,reserve,25308,0,1142,0,0
SP3-05605,ok,debt,482,1127,0,0,0
SP3-05606,deficit,none,0,0,0,0,0
SP3-05607,deficit,none,0,0,0,0,199974
SP3-05608,deficit,none,0,0,0,0,3064126
SP3-05609,ok,debt,0,558,0,0,4125
SP3-05610,deficit,none,0,0,0,0,1314
SP3-05611,invalid,none,0,0,0,0,0
SP3-05612,ok,reserve,2660,0,797,0,20500
SP3-05613,ok,debt,0,2001,0,0,16665
SP3-05614,ok,debt,0,7565,0,0,50746
SP3-05615,deficit,none,0,0,0,0,0
SP3-05616,deficit,none,0,0,0,0,0
SP3-05617,ok,goals+,0,0,324,17545,0
SP3-05618,ok,debt,0,260976,0,0,3633135
SP3-05619,ok,goals+,0,0,17017,0,338550
SP3-05620,deficit,none,0,0,0,0,0
SP3-05621,ok,debt,0,22222,0,0,19738
SP3-05622,ok,reserve,2973,2972,0,0,0
SP3-05623,deficit,none,0,0,0,0,2553285
SP3-05624,ok,goals+,0,0,15414,51623,0
SP3-05625,ok,debt,0,10449,0,0,135590
SP3-05626,ok,debt,0,36347,0,0,2967495
SP3-05627,invalid,none,0,0,0,0,0
SP3-05628,ok,goals+,0,0,0,5615,142868
SP3-05629,ok,reserve,5073,5072,0,0,0
SP3-05630,ok,goals+,0,0,456,0,912055
SP3-05631,deficit,none,0,0,0,0,4048482
SP3-05632,ok,debt,0,20991,0,0,1526720
SP3-05633,ok,debt,0,18032,0,0,709927
SP3-05634,ok,debt,0,42320,0,0,420270
SP3-05635,deficit,none,0,0,0,0,8280468
SP3-05636,deficit,none,0,0,0,0,0
SP3-05637,deficit,none,0,0,0,0,155942
SP3-05638,ok,debt,0,8776,0,0,93660
SP3-05639,ok,debt,0,2178,0,0,386516
SP3-05640,deficit,none,0,0,0,0,5645463
SP3-05641,deficit,none,0,0,0,0,0
SP3-05642,ok,debt,0,42320,0,0,429238
SP3-05643,ok,goals+,0,0,25410,22768,763480
SP3-05644,deficit,none,0,0,0,0,643830
SP3-05645,deficit,none,0,0,0,0,0
SP3-05646,ok,reserve,8378,0,5585,0,0
SP3-05647,deficit,none,0,0,0,0,491152
SP3-05648,ok,debt,3839,8960,0,0,0
SP3-05649,deficit,none,0,0,0,0,135151
SP3-05650,ok,reserve,34476,0,0,0,0
SP3-05651,ok,goals+,0,0,243,46145,5242842
SP3-05652,ok,reserve,11239,0,7492,0,0
SP3-05653,ok,reserve,34121,0,8037,0,0
SP3-05654,deficit,none,0,0,0,0,0
SP3-05655,ok,reserve,7709,0,3076,0,0
SP3-05656,deficit,none,0,0,0,0,0
SP3-05657,ok,reserve,10033,0,6688,0,0
SP3-05658,deficit,none,0,0,0,0,2543431
SP3-05659,deficit,none,0,0,0,0,0
SP3-05660,deficit,none,0,0,0,0,0
SP3-05661,deficit,none,0,0,0,0,12297
SP3-05662,deficit,none,0,0,0,0,0
SP3-05663,ok,debt,0,19278,0,0,1297079
SP3-05664,invalid,none,0,0,0,0,0
SP3-05665,deficit,none,0,0,0,0,4728974
SP3-05666,invalid,none,0,0,0,0,0
SP3-05667,ok,reserve,1933,1932,0,0,25300
SP3-05668,ok,reserve,18231,0,12153,0,0
SP3-05669,deficit,none,0,0,0,0,0
SP3-05670,deficit,none,0,0,0,0,0
SP3-05671,invalid,none,0,0,0,0,0
SP3-05672,ok,debt,0,17240,0,0,184410
SP3-05673,ok,reserve,10051,0,6700,0,0
SP3-05674,ok,debt,0,16389,0,0,26480
SP3-05675,deficit,none,0,0,0,0,749951
SP3-05676,deficit,none,0,0,0,0,0
SP3-05677,ok,debt,0,59241,0,0,311203
SP3-05678,invalid,none,0,0,0,0,0
SP3-05679,ok,debt,0,1010,0,0,50514
SP3-05680,deficit,none,0,0,0,0,0
SP3-05681,ok,debt,0,172070,0,0,2048034
SP3-05682,ok,goals+,0,0,183351,365678,720015
SP3-05683,deficit,none,0,0,0,0,998566
SP3-05684,deficit,none,0,0,0,0,236426
SP3-05685,ok,reserve,15359,0,4080,0,0
SP3-05686,deficit,none,0,0,0,0,5546697
SP3-05687,ok,debt,0,1980,0,0,25310
SP3-05688,ok,goals+,0,0,4181,5342,234763
SP3-05689,ok,goals+,0,0,34061,10080,157373
SP3-05690,ok,goals+,0,0,2999,194,94920
SP3-05691,deficit,none,0,0,0,0,0
SP3-05692,deficit,none,0,0,0,0,26848
SP3-05693,ok,reserve,3968,0,2644,0,0
SP3-05694,invalid,none,0,0,0,0,0
SP3-05695,ok,debt,6261,6261,0,0,0
SP3-05696,deficit,none,0,0,0,0,90375
SP3-05697,ok,debt,2966,2966,0,0,0
SP3-05698,ok,debt,0,2724,0,0,3761
SP3-05699,ok,debt,0,3643,0,0,184438
SP3-05700,ok,goals+,0,0,7138,34735,2909022
SP3-05701,ok,reserve,8991,0,5994,0,0
SP3-05702,deficit,none,0,0,0,0,2313811
SP3-05703,ok,debt,0,430,0,0,7891
SP3-05704,ok,reserve,84997,0,25434,0,0
SP3-05705,deficit,none,0,0,0,0,701232
SP3-05706,deficit,none,0,0,0,0,0
SP3-05707,deficit,none,0,0,0,0,90854
SP3-05708,ok,debt,0,31410,0,0,12679
SP3-05709,deficit,none,0,0,0,0,5899448
SP3-05710,ok,reserve,12886,0,8590,0,0
SP3-05711,deficit,none,0,0,0,0,124343
SP3-05712,ok,reserve,20506,0,4767,0,0
SP3-05713,ok,debt,51158,51158,0,0,0
SP3-05714,ok,debt,0,82,0,0,25232
SP3-05715,ok,debt,0,9414,0,0,11875
SP3-05716,deficit,none,0,0,0,0,1869178
SP3-05717,deficit,none,0,0,0,0,336137
SP3-05718,ok,goals+,0,0,3489,0,229105
SP3-05719,invalid,none,0,0,0,0,0
SP3-05720,deficit,none,0,0,0,0,0
SP3-05721,ok,goals+,0,0,34460,1022,1053733
SP3-05722,ok,goals+,0,0,6034,0,201182
SP3-05723,deficit,none,0,0,0,0,3234104
SP3-05724,ok,debt,0,10898,0,0,31698
SP3-05725,ok,reserve,7991,0,5326,0,341005
SP3-05726,deficit,none,0,0,0,0,52915
SP3-05727,ok,reserve,11573,0,0,0,0
SP3-05728,ok,debt,0,61065,0,0,311203
SP3-05729,ok,reserve,111134614,111134613,0,0,1512374652
SP3-05730,deficit,none,0,0,0,0,5443493
SP3-05731,ok,goals+,0,0,7272,5802,168476
SP3-05732,deficit,none,0,0,0,0,375651
SP3-05733,deficit,none,0,0,0,0,0
SP3-05734,ok,reserve,41638,0,9148,0,1444482
SP3-05735,ok,goals+,0,0,5062,0,256907
SP3-05736,deficit,none,0,0,0,0,5259243
SP3-05737,ok,debt,0,66898,0,0,89738
SP3-05738,ok,reserve,4033,4032,0,0,0
SP3-05739,ok,reserve,27738,0,6894,0,0
SP3-05740,ok,debt,0,9859,0,0,342068
SP3-05741,deficit,none,0,0,0,0,0
SP3-05742,ok,debt,4884,12760,0,0,0
SP3-05743,deficit,none,0,0,0,0,6056674
SP3-05744,deficit,none,0,0,0,0,0
SP3-05745,deficit,none,0,0,0,0,0
SP3-05746,ok,debt,3566,14879,0,0,0
SP3-05747,ok,debt,0,4320,0,0,128752
SP3-05748,ok,reserve,16517,16516,0,0,0
SP3-05749,ok,debt,0,9173,0,0,63073
SP3-05750,ok,debt,0,21626,0,0,82336
SP3-05751,ok,reserve,27738,0,6894,0,0
SP3-05752,ok,debt,0,19009,0,0,126776
SP3-05753,deficit,none,0,0,0,0,0
SP3-05754,ok,debt,0,3031,0,0,38071
SP3-05755,ok,reserve,1173,0,781,0,0
SP3-05756,ok,debt,0,8173,0,0,101273
SP3-05757,deficit,none,0,0,0,0,409422
SP3-05758,deficit,none,0,0,0,0,261385
SP3-05759,deficit,none,0,0,0,0,101961
SP3-05760,ok,debt,2755,6429,0,0,0
SP3-05761,ok,reserve,532,531,0,0,0
SP3-05762,deficit,none,0,0,0,0,0
SP3-05763,ok,none,0,0,0,0,13235
SP3-05764,ok,goals+,0,0,18108,0,738156
SP3-05765,deficit,none,0,0,0,0,1846387
SP3-05766,ok,debt,0,3031,0,0,38071
SP3-05767,ok,debt,4366,4366,0,0,0
SP3-05768,ok,debt,139,325,0,0,0
SP3-05769,deficit,none,0,0,0,0,0
SP3-05770,deficit,none,0,0,0,0,0
SP3-05771,ok,reserve,49624,0,0,0,0
SP3-05772,deficit,none,0,0,0,0,748428
SP3-05773,ok,goals+,0,0,44489,0,106385
SP3-05774,ok,goals+,0,0,1910,6237,208111
SP3-05775,deficit,none,0,0,0,0,7656
SP3-05776,deficit,none,0,0,0,0,14635
SP3-05777,ok,reserve,2540,2539,0,0,0
SP3-05778,deficit,none,0,0,0,0,0
SP3-05779,deficit,none,0,0,0,0,512092
SP3-05780,ok,reserve,4256,0,2836,0,12661
SP3-05781,ok,reserve,4256,0,2836,0,12661
SP3-05782,deficit,none,0,0,0,0,0
SP3-05783,ok,debt,0,5530,0,0,65713
SP3-05784,deficit,none,0,0,0,0,1821131
SP3-05785,ok,debt,0,3864,0,0,62775
SP3-05786,ok,reserve,21849,0,0,0,0
SP3-05787,ok,goals+,0,0,30202,26101,0
SP3-05788,ok,reserve,4304,0,2869,0,0
SP3-05789,ok,debt,835,835,0,0,16629
SP3-05790,ok,debt,0,13284,0,0,832595
SP3-05791,deficit,none,0,0,0,0,231433
SP3-05792,ok,reserve,3837,3836,0,0,0
SP3-05793,ok,debt,2301,5372,0,0,0
SP3-05794,ok,debt,885,2065,0,0,0
SP3-05795,deficit,none,0,0,0,0,132025
SP3-05796,deficit,none,0,0,0,0,0
SP3-05797,ok,debt,0,55305,0,0,657128
SP3-05798,ok,reserve,261816,0,9285,0,0
SP3-05799,ok,debt,0,912,0,0,90873
SP3-05800,deficit,none,0,0,0,0,655210
SP3-05801,invalid,none,0,0,0,0,0
SP3-05802,ok,debt,7175,16741,0,0,0
SP3-05803,ok,reserve,8886,8885,0,0,650837
SP3-05804,ok,debt,2673,6237,0,0,0
SP3-05805,deficit,none,0,0,0,0,246253
SP3-05806,ok,goals+,0,0,25223,7912,68660
SP3-05807,ok,goals+,0,0,622,11619,178002
SP3-05808,deficit,none,0,0,0,0,5292373
SP3-05809,deficit,none,0,0,0,0,1438807
SP3-05810,ok,debt,0,3784,0,0,10017
SP3-05811,deficit,none,0,0,0,0,3877570
SP3-05812,ok,debt,1624,3791,0,0,0
SP3-05813,ok,debt,0,9859,0,0,34491
SP3-05814,ok,goals+,0,0,3489,58894,53374
SP3-05815,ok,goals+,0,0,15286,0,4083322
SP3-05816,ok,goals+,0,0,0,47491,104841
SP3-05817,ok,reserve,1087,1086,0,0,0
SP3-05818,ok,goals+,1700,0,0,20397,0
SP3-05819,ok,debt,0,13333,0,0,4712
SP3-05820,deficit,none,0,0,0,0,239408
SP3-05821,ok,reserve,109596,0,73064,0,0
SP3-05822,ok,reserve,1279,1278,0,0,0
SP3-05823,ok,goals+,256745959,0,390272109,0,3393146468
SP3-05824,invalid,none,0,0,0,0,0
SP3-05825,ok,debt,0,11042,0,0,130045
SP3-05826,deficit,none,0,0,0,0,0
SP3-05827,ok,goals+,0,0,4442,0,0
SP3-05828,ok,debt,0,15711,0,0,160303
SP3-05829,ok,debt,0,7055,0,0,7254
SP3-05830,ok,reserve,9739,0,6493,0,0
SP3-05831,deficit,none,0,0,0,0,1778927
SP3-05832,deficit,none,0,0,0,0,257792
SP3-05833,ok,goals+,0,0,7940,0,165829
SP3-05834,ok,debt,0,17811,0,0,408897
SP3-05835,ok,debt,0,12773,0,0,58035
SP3-05836,deficit,none,0,0,0,0,28190
SP3-05837,deficit,none,0,0,0,0,122768
SP3-05838,deficit,none,0,0,0,0,478032
SP3-05839,deficit,none,0,0,0,0,0
SP3-05840,ok,goals+,0,0,23838,0,157673
SP3-05841,deficit,none,0,0,0,0,0
SP3-05842,invalid,none,0,0,0,0,0
SP3-05843,deficit,none,0,0,0,0,355596
SP3-05844,deficit,none,0,0,0,0,8265476
SP3-05845,ok,debt,929,929,0,0,0
SP3-05846,ok,debt,0,8918,0,0,38539
SP3-05847,ok,goals+,0,0,36185,0,53377
SP3-05848,invalid,none,0,0,0,0,0
SP3-05849,deficit,none,0,0,0,0,0
SP3-05850,deficit,none,0,0,0,0,164259
SP3-05851,ok,debt,0,7420,0,0,7254
SP3-05852,ok,goals+,0,0,12885,15917,657385
SP3-05853,ok,debt,14345,33474,0,0,0
SP3-05854,ok,debt,8722,8722,0,0,0
SP3-05855,ok,debt,0,7808,0,0,31421
SP3-05856,deficit,none,0,0,0,0,79512
SP3-05857,ok,reserve,8591,0,5727,0,0
SP3-05858,ok,reserve,20613,0,11351,0,0
SP3-05859,deficit,none,0,0,0,0,2792
SP3-05860,deficit,none,0,0,0,0,1796771
SP3-05861,deficit,none,0,0,0,0,1084825
SP3-05862,deficit,none,0,0,0,0,6567836
SP3-05863,ok,debt,3485,8132,0,0,0
SP3-05864,invalid,none,0,0,0,0,0
SP3-05865,ok,debt,0,9764,0,0,17579
SP3-05866,ok,reserve,21595,0,14396,0,0
SP3-05867,ok,debt,357,833,0,0,0
SP3-05868,deficit,none,0,0,0,0,385814
SP3-05869,ok,goals+,0,0,2589,22711,0
SP3-05870,ok,reserve,8140,8139,0,0,0
SP3-05871,deficit,none,0,0,0,0,0
SP3-05872,ok,debt,0,7808,0,0,31421
SP3-05873,ok,debt,0,3774,0,0,60606
SP3-05874,ok,debt,5871,13699,0,0,0
SP3-05875,ok,reserve,10522,10521,0,0,1240963
SP3-05876,deficit,none,0,0,0,0,0
SP3-05877,deficit,none,0,0,0,0,0
SP3-05878,ok,debt,0,1442,0,0,352481
SP3-05879,invalid,none,0,0,0,0,0
SP3-05880,deficit,none,0,0,0,0,1343272
SP3-05881,ok,goals+,0,0,42978,0,384652
SP3-05882,deficit,none,0,0,0,0,0
SP3-05883,ok,reserve,50647,0,22443,0,0
SP3-05884,ok,goals+,0,0,13367,4492,65704
SP3-05885,ok,reserve,2986,2985,0,0,0
SP3-05886,ok,reserve,5218,0,3478,0,0
SP3-05887,deficit,none,0,0,0,0,0
SP3-05888,deficit,none,0,0,0,0,0
SP3-05889,ok,debt,0,8224,0,0,44502
SP3-05890,ok,debt,2292,5348,0,0,0
SP3-05891,deficit,none,0,0,0,0,0
SP3-05892,ok,none,0,0,0,0,194873
SP3-05893,ok,goals+,0,0,69432,1272,2796148
SP3-05894,deficit,none,0,0,0,0,8995
SP3-05895,ok,reserve,58536,0,0,0,0
SP3-05896,deficit,none,0,0,0,0,600420
SP3-05897,deficit,none,0,0,0,0,0
SP3-05898,ok,debt,3169,7397,0,0,0
SP3-05899,deficit,none,0,0,0,0,2338317
SP3-05900,ok,debt,0,10289,0,0,3258
SP3-05901,deficit,none,0,0,0,0,239363
SP3-05902,invalid,none,0,0,0,0,0
SP3-05903,invalid,none,0,0,0,0,0
SP3-05904,ok,goals+,0,0,34885,0,7328741
SP3-05905,ok,debt,47,27755,0,0,0
SP3-05906,ok,goals+,0,0,20571,54712,3277421
SP3-05907,deficit,none,0,0,0,0,0
SP3-05908,deficit,none,0,0,0,0,0
SP3-05909,ok,debt,0,10260,0,0,84931
SP3-05910,deficit,none,0,0,0,0,96978
SP3-05911,ok,reserve,1581,0,1054,0,0
SP3-05912,ok,debt,0,10389,0,0,261267
SP3-05913,deficit,none,0,0,0,0,0
SP3-05914,deficit,none,0,0,0,0,0
SP3-05915,deficit,none,0,0,0,0,494609
SP3-05916,ok,reserve,4966,0,3311,0,0
SP3-05917,ok,debt,108,108,0,0,0
SP3-05918,ok,debt,0,16725,0,0,124594
SP3-05919,deficit,none,0,0,0,0,4447416
SP3-05920,ok,debt,0,33275,0,0,213063
SP3-05921,deficit,none,0,0,0,0,0
SP3-05922,ok,reserve,7283,0,4855,0,0
SP3-05923,deficit,none,0,0,0,0,1337728
SP3-05924,ok,reserve,39585,0,0,0,0
SP3-05925,ok,debt,5911,5911,0,0,65710
SP3-05926,ok,reserve,8316,0,0,1371,0
SP3-05927,ok,goals+,0,0,17917,50177,71408
SP3-05928,deficit,none,0,0,0,0,128759
SP3-05929,ok,none,0,0,0,0,279005
SP3-05930,ok,reserve,127648,0,25678,0,0
SP3-05931,ok,reserve,2350,0,1566,0,0
SP3-05932,ok,reserve,4219,0,2812,0,0
SP3-05933,ok,reserve,26184,0,17455,0,0
SP3-05934,ok,goals+,0,0,217,0,843076
SP3-05935,deficit,none,0,0,0,0,5475020
SP3-05936,deficit,none,0,0,0,0,3182735
SP3-05937,ok,goals+,0,0,5339,0,6420205
SP3-05938,deficit,none,0,0,0,0,0
SP3-05939,ok,reserve,9216,0,0,0,0
SP3-05940,deficit,none,0,0,0,0,11177
SP3-05941,ok,debt,12253,12253,0,0,29653
SP3-05942,ok,reserve,3132,0,0,0,0
SP3-05943,ok,reserve,5965,5964,0,0,0
SP3-05944,ok,debt,2132,2132,0,0,41119
SP3-05945,ok,debt,1733,4046,0,0,0
SP3-05946,invalid,none,0,0,0,0,0
SP3-05947,ok,reserve,16327,0,10884,0,0
SP3-05948,ok,debt,153,359,0,0,0
SP3-05949,ok,reserve,14681,0,3077,0,0
SP3-05950,deficit,none,0,0,0,0,30405
SP3-05951,ok,goals+,5410,0,0,13859,0
SP3-05952,ok,reserve,13727,0,0,0,0
SP3-05953,deficit,none,0,0,0,0,83842
SP3-05954,ok,goals+,8272,0,9094,1185,0
SP3-05955,ok,goals+,0,0,24052,0,66411
SP3-05956,ok,reserve,2357,2356,0,0,0
SP3-05957,invalid,none,0,0,0,0,0
SP3-05958,ok,goals+,0,0,517,0,2717138
SP3-05959,ok,reserve,129334,0,1505,52707,0
SP3-05960,ok,goals+,0,0,8754,0,685854
SP3-05961,invalid,none,0,0,0,0,0
SP3-05962,ok,debt,0,2991,0,0,19619
SP3-05963,deficit,none,0,0,0,0,0
SP3-05964,ok,debt,627,1463,0,0,0
SP3-05965,invalid,none,0,0,0,0,0
SP3-05966,deficit,none,0,0,0,0,1908348
SP3-05967,ok,reserve,19617,0,13078,0,0
SP3-05968,deficit,none,0,0,0,0,1465960
SP3-05969,ok,debt,0,7451,0,0,32281
SP3-05970,ok,reserve,8124,0,5415,0,0
SP3-05971,ok,debt,5911,5911,0,0,65710
SP3-05972,deficit,none,0,0,0,0,15090814
SP3-05973,deficit,none,0,0,0,0,4066428
SP3-05974,ok,reserve,33231,0,0,0,0
SP3-05975,deficit,none,0,0,0,0,1278687
SP3-05976,ok,goals+,0,0,711,0,598020
SP3-05977,ok,goals+,0,0,22068,75092,59132
SP3-05978,ok,debt,0,9548,0,0,328026
SP3-05979,ok,goals+,0,0,31944,39095,3410732
SP3-05980,ok,none,0,0,0,0,22243
SP3-05981,deficit,none,0,0,0,0,0
SP3-05982,invalid,none,0,0,0,0,0
SP3-05983,deficit,none,0,0,0,0,0
SP3-05984,ok,goals+,0,0,13718,142601,1904978
SP3-05985,ok,reserve,4042,4041,0,0,0
SP3-05986,ok,debt,0,2971,0,0,126536
SP3-05987,deficit,none,0,0,0,0,7418309
SP3-05988,deficit,none,0,0,0,0,0
SP3-05989,ok,reserve,17856,0,11903,0,0
SP3-05990,ok,goals+,0,0,0,39810,191966
SP3-05991,ok,debt,0,1578,0,0,54426
SP3-05992,ok,goals+,0,0,0,8137,167724
SP3-05993,ok,reserve,1617,1616,0,0,0
SP3-05994,ok,debt,0,23357,0,0,139157
SP3-05995,ok,reserve,71106,0,9405,7331,0
SP3-05996,deficit,none,0,0,0,0,0
SP3-05997,deficit,none,0,0,0,0,164110
SP3-05998,deficit,none,0,0,0,0,0
SP3-05999,deficit,none,0,0,0,0,1038958
SP3-06000,deficit,none,0,0,0,0,0
SP3-06001,ok,reserve,21812,0,0,0,0
SP3-06002,ok,goals+,0,0,246,0,203731
SP3-06003,ok,debt,0,27247,0,0,307934
SP3-06004,deficit,none,0,0,0,0,944783
SP3-06005,ok,reserve,34175,0,22782,0,0
SP3-06006,ok,reserve,2393,0,807,0,0
SP3-06007,ok,debt,590,1378,0,0,0
SP3-06008,ok,goals+,0,0,8258,68942,4590111
SP3-06009,deficit,none,0,0,0,0,1389634
SP3-06010,ok,reserve,50801,0,7475,0,0
SP3-06011,ok,debt,0,75214,0,0,45583
SP3-06012,ok,debt,880,10582,0,0,13355
SP3-06013,ok,debt,0,233572,0,0,1391567
SP3-06014,deficit,none,0,0,0,0,0
SP3-06015,invalid,none,0,0,0,0,0
SP3-06016,ok,reserve,2939,2938,0,0,0
SP3-06017,ok,reserve,6735,0,4490,0,0
SP3-06018,ok,debt,0,11026,0,0,6080
SP3-06019,ok,goals+,0,0,1909,30388,420218
SP3-06020,ok,goals+,0,0,0,58858,454072
SP3-06021,ok,debt,8296,24098,0,0,207997
SP3-06022,ok,debt,1729,4035,0,0,0
SP3-06023,ok,debt,0,3997,0,0,32189
SP3-06024,ok,debt,2498,5831,0,0,0
SP3-06025,deficit,none,0,0,0,0,13742690
SP3-06026,ok,goals+,0,0,2527,7983,390495
SP3-06027,deficit,none,0,0,0,0,12573
SP3-06028,deficit,none,0,0,0,0,0
SP3-06029,ok,debt,3499,8166,0,0,0
SP3-06030,deficit,none,0,0,0,0,4399497
SP3-06031,ok,reserve,24850,0,0,2143,0
SP3-06032,ok,reserve,10025,0,6683,0,0
SP3-06033,ok,goals+,0,0,2161,0,208596
SP3-06034,deficit,none,0,0,0,0,44770
SP3-06035,invalid,none,0,0,0,0,0
SP3-06036,deficit,none,0,0,0,0,4544819
SP3-06037,deficit,none,0,0,0,0,0
SP3-06038,ok,reserve,86,85,0,0,0
SP3-06039,ok,reserve,9980,9979,0,0,41804
SP3-06040,ok,goals+,0,0,152,92,65829
SP3-06041,deficit,none,0,0,0,0,1328345
SP3-06042,ok,none,0,0,0,0,0
SP3-06043,ok,goals+,0,0,29686,6174,153311
SP3-06044,deficit,none,0,0,0,0,75927
SP3-06045,deficit,none,0,0,0,0,653378
SP3-06046,deficit,none,0,0,0,0,90732
SP3-06047,invalid,none,0,0,0,0,0
SP3-06048,deficit,none,0,0,0,0,273508
SP3-06049,ok,reserve,175,0,0,0,0
SP3-06050,deficit,none,0,0,0,0,1072919
SP3-06051,ok,goals+,0,0,13227,0,916889
SP3-06052,deficit,none,0,0,0,0,0
SP3-06053,deficit,none,0,0,0,0,0
SP3-06054,ok,debt,0,53973,0,0,480419
SP3-06055,deficit,none,0,0,0,0,0
SP3-06056,ok,reserve,19610,0,9257,0,0
SP3-06057,ok,goals+,0,0,1123,4605,60851
SP3-06058,ok,goals+,0,0,876,25955,986640
SP3-06059,invalid,none,0,0,0,0,0
SP3-02125,invalid,none,0,0,0,0,0
SP3-06061,ok,goals+,0,0,0,10684,136266
SP3-06062,deficit,none,0,0,0,0,0
SP3-06063,ok,goals+,0,0,4042,6607,0
SP3-06064,deficit,none,0,0,0,0,0
SP3-06065,ok,goals+,0,0,7207,0,1296932
SP3-06066,ok,goals+,0,0,9971,145544,3044453
SP3-06067,deficit,none,0,0,0,0,0
SP3-06068,ok,goals+,0,0,836,0,2724967
SP3-06069,ok,debt,266,266,0,0,0
SP3-06070,deficit,none,0,0,0,0,0
SP3-06071,ok,reserve,64895,64894,0,0,0
SP3-06072,invalid,none,0,0,0,0,0
SP3-06073,ok,debt,0,3030,0,0,2876
SP3-06074,deficit,none,0,0,0,0,0
SP3-06075,deficit,none,0,0,0,0,377723
SP3-06076,ok,debt,0,7424,0,0,47710
SP3-06077,ok,debt,23223,23223,0,0,0
SP3-06078,invalid,none,0,0,0,0,0
SP3-06079,ok,goals+,0,0,18083,227576,10199442
SP3-06080,ok,debt,0,26634,0,0,188108
SP3-06081,deficit,none,0,0,0,0,0
SP3-06082,invalid,none,0,0,0,0,0
SP3-06083,ok,debt,4472,10437,0,0,0
SP3-06084,ok,reserve,4075,0,2232,0,0
SP3-06085,ok,debt,0,3624,0,0,44935
SP3-06086,deficit,none,0,0,0,0,320094
SP3-06087,ok,goals+,0,0,0,3114,76054
SP3-06088,ok,goals+,0,0,27,0,242337
SP3-06089,ok,goals+,0,0,337,14623,61654
SP3-06090,deficit,none,0,0,0,0,131894
SP3-06091,deficit,none,0,0,0,0,319460
SP3-06092,ok,reserve,7809,0,0,0,0
SP3-06093,deficit,none,0,0,0,0,144964
SP3-06094,ok,reserve,20407,0,13605,0,0
SP3-06095,ok,reserve,11312,6972,1044,0,196973
SP3-06096,deficit,none,0,0,0,0,6485563
SP3-06097,deficit,none,0,0,0,0,4274628
SP3-06098,ok,reserve,41185,0,8494,0,0
SP3-06099,deficit,none,0,0,0,0,130054
SP3-06100,ok,debt,0,11158,0,0,94585
SP3-06101,ok,debt,0,4343,0,0,32189
SP3-06102,ok,goals+,0,0,3412,5287,2105728
SP3-06103,deficit,none,0,0,0,0,149888
SP3-06104,ok,reserve,4827,0,3217,0,0
SP3-06105,deficit,none,0,0,0,0,8357119
SP3-06106,ok,reserve,1707,0,1138,0,0
SP3-06107,ok,goals+,0,0,0,48782,0
SP3-06108,ok,debt,0,52828,0,0,38131
SP3-06109,ok,reserve,7050,7049,0,0,0
SP3-06110,deficit,none,0,0,0,0,417395
SP3-06111,deficit,none,0,0,0,0,1198
SP3-06112,deficit,none,0,0,0,0,0
SP3-06113,ok,goals+,0,0,0,3435,686875
SP3-06114,deficit,none,0,0,0,0,0
SP3-06115,ok,debt,7017,7017,0,0,0
SP3-06116,deficit,none,0,0,0,0,2587
SP3-06117,ok,goals+,0,0,4940,25184,84245
SP3-06118,ok,reserve,1801,1800,0,0,0
SP3-06119,ok,reserve,10219,0,6812,0,0
SP3-06120,ok,reserve,18370,0,12246,0,0
SP3-06121,ok,reserve,348044,0,232029,0,0
SP3-06122,ok,goals+,0,0,0,9444,1836423
SP3-06123,ok,debt,0,5829,0,0,3181808
SP3-06124,ok,goals+,0,0,0,13323,43036
SP3-06125,ok,debt,16599,16599,0,0,0
SP3-06126,ok,debt,0,13752,0,0,10536
SP3-06127,ok,reserve,11496,0,0,0,0
SP3-06128,ok,reserve,4080,4079,0,0,0
SP3-06129,ok,reserve,77122649,77122648,0,0,0
SP3-06130,ok,reserve,3238,0,2159,0,0
SP3-06131,ok,reserve,1707,0,1138,0,0
SP3-06132,ok,reserve,340,339,0,0,50545
SP3-06133,ok,debt,0,8342,0,0,176818
SP3-06134,deficit,none,0,0,0,0,0
SP3-06135,deficit,none,0,0,0,0,1967180
SP3-06136,ok,debt,0,3793,0,0,49974
SP3-06137,ok,reserve,58175,0,38782,0,0
SP3-06138,ok,debt,79875,79875,0,0,34284
SP3-06139,ok,reserve,36625,0,2502,0,0
SP3-06140,deficit,none,0,0,0,0,76741
SP3-06141,ok,reserve,8337,0,5557,0,35059
SP3-06142,deficit,none,0,0,0,0,0
SP3-06143,deficit,none,0,0,0,0,0
SP3-06144,ok,goals+,0,0,0,9808,341174
SP3-06145,ok,debt,0,4863,0,0,72462
SP3-06146,deficit,none,0,0,0,0,0
SP3-06147,deficit,none,0,0,0,0,11372
SP3-06148,ok,debt,0,8342,0,0,176818
SP3-06149,deficit,none,0,0,0,0,0
SP3-06150,ok,reserve,18109,0,5559,0,0
SP3-06151,ok,reserve,2817,2816,0,0,56330
SP3-06152,invalid,none,0,0,0,0,0
SP3-06153,ok,debt,4142,4142,0,0,0
SP3-06154,ok,reserve,1500,0,1000,0,0
SP3-06155,deficit,none,0,0,0,0,0
SP3-06156,ok,goals+,0,0,785,0,233442
SP3-06157,deficit,none,0,0,0,0,0
SP3-06158,ok,reserve,295,0,197,0,0
SP3-06159,ok,goals+,0,0,11714,0,110500
SP3-06160,deficit,none,0,0,0,0,703384
SP3-06161,ok,reserve,9124,0,6082,0,0
SP3-06162,invalid,none,0,0,0,0,0
SP3-06163,ok,debt,6268,14628,0,0,0
SP3-06164,ok,debt,0,10875,0,0,28817
SP3-06165,invalid,none,0,0,0,0,0
SP3-06166,ok,reserve,2303,0,1534,0,31453
SP3-06167,deficit,none,0,0,0,0,624430
SP3-06168,deficit,none,0,0,0,0,221030
SP3-06169,ok,goals+,0,0,97898,750760,6077722
SP3-06170,deficit,none,0,0,0,0,0
SP3-06171,deficit,none,0,0,0,0,194286
SP3-06172,invalid,none,0,0,0,0,0
SP3-06173,ok,debt,6587,15371,0,0,0
SP3-06174,deficit,none,0,0,0,0,0
SP3-06175,ok,goals+,0,0,71174568,558221069,139586882
SP3-06176,ok,debt,0,7769,0,0,74399
SP3-06177,invalid,none,0,0,0,0,0
SP3-06178,ok,debt,0,342,0,0,50715
SP3-06179,ok,reserve,6799,0,0,0,110032
SP3-06180,deficit,none,0,0,0,0,57462
SP3-06181,ok,goals+,0,0,19987,6149,129260
SP3-06182,deficit,none,0,0,0,0,370590
SP3-06183,deficit,none,0,0,0,0,0
SP3-06184,deficit,none,0,0,0,0,337269
SP3-06185,ok,goals+,0,0,117144,0,1222056
SP3-06186,ok,reserve,139449132,139449131,0,0,2457311753
SP3-06187,ok,debt,73,170,0,0,0
SP3-06188,ok,reserve,5922,0,3948,0,0
SP3-06189,ok,reserve,6022,0,4014,0,0
SP3-06190,ok,debt,0,16904,0,0,73563
SP3-06191,deficit,none,0,0,0,0,0
SP3-06192,ok,debt,3764,8782,0,0,0
SP3-06193,ok,debt,162,162,0,0,0
SP3-06194,ok,debt,0,273186624,0,0,4282419310
SP3-06195,ok,debt,0,10414,0,0,152358
SP3-06196,ok,reserve,12464,0,1486,3906,0
SP3-06197,ok,reserve,15146,0,6282,0,0
SP3-06198,deficit,none,0,0,0,0,20294
SP3-06199,ok,debt,0,2711,0,0,162055
SP3-06200,ok,reserve,482,481,0,0,0
SP3-06201,deficit,none,0,0,0,0,10084897
SP3-06202,ok,goals+,0,0,2648,0,421272
SP3-06203,ok,debt,0,3490,0,0,162055
SP3-06204,deficit,none,0,0,0,0,0
SP3-06205,deficit,none,0,0,0,0,1127980
SP3-06206,deficit,none,0,0,0,0,211082
SP3-06207,deficit,none,0,0,0,0,2925465
SP3-06208,deficit,none,0,0,0,0,1132203
SP3-06209,ok,debt,4819,4819,0,0,0
SP3-06210,deficit,none,0,0,0,0,266156
SP3-06211,ok,goals+,0,0,52012,0,52263
SP3-06212,ok,reserve,10818,0,1809,0,0
SP3-06213,deficit,none,0,0,0,0,0
SP3-06214,deficit,none,0,0,0,0,474025
SP3-06215,ok,goals+,0,0,15238,0,57769
SP3-06216,deficit,none,0,0,0,0,3183780
SP3-06217,deficit,none,0,0,0,0,106299
SP3-06218,ok,debt,0,377,0,0,10370
SP3-06219,ok,debt,0,24487,0,0,127194
SP3-06220,ok,reserve,6273,0,4182,0,72657
SP3-06221,deficit,none,0,0,0,0,0
SP3-06222,ok,debt,5361,5361,0,0,0
SP3-06223,ok,reserve,4339,4338,0,0,38042
SP3-06224,ok,reserve,7091,0,0,0,0
SP3-06225,deficit,none,0,0,0,0,0
SP3-06226,ok,goals+,0,0,8654,79972,59563
SP3-06227,deficit,none,0,0,0,0,106299
SP3-06228,deficit,none,0,0,0,0,450028
SP3-06229,deficit,none,0,0,0,0,81681
SP3-06230,invalid,none,0,0,0,0,0
SP3-06231,invalid,none,0,0,0,0,0
SP3-06232,ok,debt,0,33855,0,0,31954
SP3-06233,invalid,none,0,0,0,0,0
SP3-06234,ok,reserve,48294,0,32196,0,0
SP3-06235,ok,reserve,1217,1216,0,0,0
SP3-06236,deficit,none,0,0,0,0,12907
SP3-06237,ok,reserve,16136,0,5964,0,0
SP3-06238,deficit,none,0,0,0,0,5792275
SP3-06239,ok,goals+,0,0,123986,0,5093025
SP3-06240,ok,reserve,1217,1216,0,0,0
SP3-06241,deficit,none,0,0,0,0,0
SP3-06242,deficit,none,0,0,0,0,0
SP3-06243,invalid,none,0,0,0,0,0
SP3-06244,ok,debt,0,34370,0,0,122959
SP3-06245,ok,goals+,0,0,168,17052,452930
SP3-06246,ok,debt,0,1908,0,0,242865
SP3-06247,ok,debt,1160,1160,0,0,0
SP3-06248,ok,debt,0,10497,0,0,266500
SP3-06249,ok,debt,0,31461,0,0,218909
SP3-06250,ok,goals+,0,0,7514,0,690315
SP3-06251,ok,debt,0,5590,0,0,36522
SP3-06252,deficit,none,0,0,0,0,55236
SP3-06253,deficit,none,0,0,0,0,32436
SP3-06254,ok,reserve,14643,0,9762,0,0
SP3-06255,deficit,none,0,0,0,0,0
SP3-06256,ok,goals+,0,0,3589,0,222568
SP3-05888,invalid,none,0,0,0,0,0
SP3-06258,ok,debt,0,145709,0,0,1054516
SP3-06259,ok,debt,0,15392,0,0,11400
SP3-06260,deficit,none,0,0,0,0,34707
SP3-06261,ok,goals+,0,0,0,123133,1320928
SP3-06262,deficit,none,0,0,0,0,0
SP3-06263,ok,goals+,0,0,45501,19813,784706
SP3-06264,ok,debt,0,11193,0,0,354706
SP3-06265,ok,debt,1470,3432,0,0,0
SP3-06266,deficit,none,0,0,0,0,753001
SP3-06267,ok,debt,13624,125995,0,0,55332
SP3-06268,ok,debt,4071,9501,0,0,0
SP3-06269,ok,debt,534,1249,0,0,0
SP3-06270,ok,debt,211637,211637,0,0,1260028
SP3-06271,ok,goals+,0,0,16892,0,0
SP3-06272,ok,reserve,23750,0,5495,0,0
SP3-06273,deficit,none,0,0,0,0,4318532
SP3-06274,ok,goals+,0,0,0,11588,65053
SP3-06275,ok,debt,0,16269,0,0,42533
SP3-06276,deficit,none,0,0,0,0,0
SP3-06277,ok,goals+,0,0,0,26067,567375
SP3-06278,ok,debt,0,21107,0,0,210888
SP3-06279,ok,debt,0,15392,0,0,11749
SP3-06280,deficit,none,0,0,0,0,391634
SP3-06281,ok,debt,1274,2975,0,0,0
SP3-06282,ok,reserve,9770,9769,0,0,0
SP3-06283,ok,goals+,0,0,75014,274056,1290352
SP3-06284,ok,goals+,0,0,4409,0,281534
SP3-06285,ok,goals+,0,0,2752,0,946397
SP3-06286,invalid,none,0,0,0,0,0
SP3-06287,ok,goals+,0,0,36138,0,953491
SP3-06288,ok,debt,0,3658,0,0,11736
SP3-06289,invalid,none,0,0,0,0,0
SP3-06290,ok,reserve,892,0,595,0,0
SP3-06291,ok,debt,22191,51779,0,0,0
SP3-06292,ok,goals+,0,0,3889,3174,63548
SP3-06293,ok,reserve,50632,0,25039,0,0
SP3-06294,deficit,none,0,0,0,0,0
SP3-06295,ok,goals+,0,0,16492,75608,709540
SP3-06296,ok,debt,3249,7583,0,0,0
SP3-06297,ok,debt,0,39890,0,0,61958
SP3-06298,ok,reserve,6337,0,4225,0,0
SP3-06299,deficit,none,0,0,0,0,112637
SP3-06300,deficit,none,0,0,0,0,0
SP3-06301,deficit,none,0,0,0,0,0
SP3-06302,ok,goals+,0,0,2165,4407,0
SP3-06303,deficit,none,0,0,0,0,140472
SP3-06304,deficit,none,0,0,0,0,1617348
SP3-06305,ok,goals+,0,0,2348,42854,148705
SP3-06306,ok,reserve,4109,0,2739,0,0
SP3-06307,ok,debt,0,24698,0,0,567
SP3-06308,deficit,none,0,0,0,0,2911778
SP3-06309,ok,debt,0,2436,0,0,350924
SP3-06310,ok,goals+,0,0,5537,59900,101054
SP3-06311,deficit,none,0,0,0,0,103752
SP3-06312,ok,debt,0,23310,0,0,170731
SP3-06313,deficit,none,0,0,0,0,42608
SP3-06314,ok,goals+,0,0,23063,0,999593
SP3-06315,deficit,none,0,0,0,0,581891
SP3-06316,ok,debt,2172,5069,0,0,0
SP3-06317,deficit,none,0,0,0,0,2211026
SP3-06318,ok,reserve,1665,0,1110,0,0
SP3-06319,ok,debt,0,5872,0,0,139024
SP3-06320,ok,reserve,21124,0,14082,0,0
SP3-06321,deficit,none,0,0,0,0,234589
SP3-06322,deficit,none,0,0,0,0,0
SP3-06323,deficit,none,0,0,0,0,17798
SP3-06324,ok,goals+,0,0,0,11331,1485512
SP3-06325,ok,reserve,4200,4199,0,0,10362
SP3-06326,ok,reserve,26428,0,1530,0,0
SP3-06327,ok,reserve,2259,2258,0,0,19103
SP3-06328,deficit,none,0,0,0,0,8696
SP3-06329,deficit,none,0,0,0,0,0
SP3-06330,ok,goals+,0,0,2412,6335,0
SP3-06331,deficit,none,0,0,0,0,21205
SP3-06332,ok,reserve,11347,0,1885,0,0
SP3-06333,ok,reserve,896,0,596,0,0
SP3-06334,ok,reserve,7450,7449,0,0,0
SP3-06335,ok,goals+,0,0,92362,6295,196996
SP3-06336,ok,reserve,7144,0,4762,0,0
SP3-06337,ok,debt,1628,3798,0,0,0
SP3-06338,ok,debt,1502,3507,0,0,0
SP3-06339,ok,debt,0,10782,0,0,11909
SP3-06340,deficit,none,0,0,0,0,381183
SP3-06341,ok,reserve,8338,8337,0,0,0
SP3-06342,invalid,none,0,0,0,0,0
SP3-06343,ok,reserve,287986,0,191990,0,0
SP3-06344,deficit,none,0,0,0,0,18786
SP3-06345,ok,debt,0,9685,0,0,19499
SP3-06346,deficit,none,0,0,0,0,103285
SP3-06347,ok,reserve,12852,0,3339,0,0
SP3-06348,deficit,none,0,0,0,0,83704
SP3-06349,ok,reserve,14387,14386,0,0,0
SP3-06350,ok,debt,0,107828,0,0,119088
SP3-06351,ok,goals+,0,0,1963,0,237484
SP3-06352,ok,debt,0,19177,0,0,587020
SP3-06353,deficit,none,0,0,0,0,0
SP3-06354,ok,debt,0,4460,0,0,4100
SP3-06355,deficit,none,0,0,0,0,132463
SP3-06356,ok,reserve,32570,0,21713,0,0
SP3-06357,ok,debt,2304,5377,0,0,0
SP3-06358,deficit,none,0,0,0,0,0
SP3-06359,ok,reserve,3833,0,2554,0,0
SP3-06360,ok,reserve,67464,67463,0,0,0
SP3-06361,deficit,none,0,0,0,0,2532633
SP3-06362,ok,goals+,0,0,8008,0,0
SP3-06363,ok,debt,0,12525,0,0,480737
SP3-06364,deficit,none,0,0,0,0,1033943
SP3-06365,ok,debt,0,10924,0,0,248553
SP3-06366,ok,debt,0,12683,0,0,13718
SP3-06367,ok,goals+,0,0,259,0,1031601
SP3-06368,deficit,none,0,0,0,0,81605
SP3-06369,ok,debt,332,776,0,0,0
SP3-06370,deficit,none,0,0,0,0,0
SP3-06371,ok,goals+,0,0,1554,8399,388561
SP3-06372,deficit,none,0,0,0,0,289105
SP3-06373,deficit,none,0,0,0,0,0
SP3-06374,ok,debt,0,4684,0,0,4100
SP3-06375,ok,debt,2630,2630,0,0,0
SP3-06376,ok,reserve,4621,0,3080,0,0
SP3-06377,deficit,none,0,0,0,0,0
SP3-07624,invalid,none,0,0,0,0,0
SP3-06379,ok,debt,0,11818,0,0,237555
SP3-06380,ok,debt,0,18035,0,0,921652
SP3-06381,deficit,none,0,0,0,0,728313
SP3-06382,invalid,none,0,0,0,0,0
SP3-06383,deficit,none,0,0,0,0,5644964
SP3-06384,ok,debt,3661,8542,0,0,0
SP3-06385,ok,debt,2638,6158,0,0,0
SP3-06386,deficit,none,0,0,0,0,0
SP3-06387,ok,goals+,0,0,1432,0,124197
SP3-06388,deficit,none,0,0,0,0,60824
SP3-06389,deficit,none,0,0,0,0,0
SP3-06390,ok,reserve,7083,0,0,0,0
SP3-06391,deficit,none,0,0,0,0,0
SP3-06392,ok,debt,13485,31468,0,0,0
SP3-06393,ok,goals+,0,0,76809,0,7750610
SP3-06394,ok,debt,815,815,0,0,204643
SP3-06395,deficit,none,0,0,0,0,0
SP3-06396,ok,goals+,0,0,263,16540,125613
SP3-06397,deficit,none,0,0,0,0,291165
SP3-06398,deficit,none,0,0,0,0,339410
SP3-06399,deficit,none,0,0,0,0,16288
SP3-06400,deficit,none,0,0,0,0,0
SP3-06401,ok,debt,106694,106694,0,0,121671
SP3-06402,deficit,none,0,0,0,0,0
SP3-06403,deficit,none,0,0,0,0,22997
SP3-06404,deficit,none,0,0,0,0,0
SP3-06405,deficit,none,0,0,0,0,4010729
SP3-06406,ok,goals+,0,0,0,1316,996041
SP3-06407,deficit,none,0,0,0,0,6765262
SP3-06408,deficit,none,0,0,0,0,814246
SP3-06409,ok,goals+,0,0,1668,1622,576967
SP3-06410,deficit,none,0,0,0,0,0
SP3-06411,ok,debt,0,1985,0,0,15406
SP3-06412,ok,goals+,0,0,45080,39526,341742
SP3-06413,ok,debt,0,1335,0,0,53586
SP3-06414,deficit,none,0,0,0,0,0
SP3-06415,ok,reserve,58180,0,3734,0,0
SP3-06416,deficit,none,0,0,0,0,315743
SP3-06417,deficit,none,0,0,0,0,64020
SP3-06418,deficit,none,0,0,0,0,191311
SP3-06419,ok,reserve,12896,0,1606,0,0
SP3-06420,ok,goals+,0,0,9161,0,318811
SP3-06421,ok,debt,0,10942,0,0,36253
SP3-06422,deficit,none,0,0,0,0,0
SP3-06423,ok,reserve,18313,0,0,0,0
SP3-06424,ok,goals+,0,0,0,19523,147693
SP3-06425,deficit,none,0,0,0,0,668323
SP3-06426,ok,debt,301,24750,0,0,10403
SP3-06427,ok,debt,0,69832,0,0,253887
SP3-06428,ok,debt,20629,20629,0,0,0
SP3-06429,ok,debt,0,12641,0,0,301789
SP3-06430,deficit,none,0,0,0,0,1344376
SP3-06431,deficit,none,0,0,0,0,127719
SP3-06432,ok,debt,0,152762591,0,0,568667267
SP3-06433,deficit,none,0,0,0,0,0
SP3-06434,deficit,none,0,0,0,0,90573
SP3-06435,deficit,none,0,0,0,0,734268
SP3-06436,ok,reserve,1691,0,1049,0,0
SP3-06437,deficit,none,0,0,0,0,0
SP3-06438,ok,goals+,0,0,0,15286,273752
SP3-06439,ok,debt,0,12066,0,0,427523
SP3-06440,deficit,none,0,0,0,0,0
SP3-06441,ok,debt,1595,4162,0,0,0
SP3-06442,ok,debt,0,3086,0,0,38389
SP3-06443,deficit,none,0,0,0,0,914098
SP3-06444,ok,debt,0,759,0,0,358495
SP3-06445,invalid,none,0,0,0,0,0
SP3-06446,deficit,none,0,0,0,0,443679
SP3-06447,deficit,none,0,0,0,0,0
SP3-06448,ok,reserve,11670,0,4716,0,0
SP3-06449,deficit,none,0,0,0,0,5361319
SP3-06450,ok,reserve,2182,2181,0,0,0
SP3-06451,invalid,none,0,0,0,0,0
SP3-06452,invalid,none,0,0,0,0,0
SP3-06453,ok,reserve,55979,55978,0,0,100606
SP3-06454,ok,reserve,4019,4018,0,0,0
SP3-06455,deficit,none,0,0,0,0,161739
SP3-06456,deficit,none,0,0,0,0,5707859
SP3-06457,deficit,none,0,0,0,0,6145341
SP3-06458,deficit,none,0,0,0,0,0
SP3-06459,ok,debt,0,33316,0,0,5276
SP3-06460,invalid,none,0,0,0,0,0
SP3-06461,deficit,none,0,0,0,0,493597
SP3-06462,ok,debt,0,1452,0,0,93922
SP3-06463,invalid,none,0,0,0,0,0
SP3-06464,ok,debt,0,12641,0,0,301789
SP3-06465,deficit,none,0,0,0,0,63548
SP3-06466,ok,debt,0,1291,0,0,41098
SP3-06467,deficit,none,0,0,0,0,529121
SP3-06468,invalid,none,0,0,0,0,0
SP3-06469,deficit,none,0,0,0,0,544598
SP3-06470,ok,goals+,0,0,1399,27073,277728
SP3-06471,ok,goals+,0,0,83592,17224,351938
SP3-06472,deficit,none,0,0,0,0,695810
SP3-06473,deficit,none,0,0,0,0,85411
SP3-06474,deficit,none,0,0,0,0,0
SP3-06475,deficit,none,0,0,0,0,0
SP3-06476,ok,reserve,5851,0,3900,0,0
SP3-06477,deficit,none,0,0,0,0,0
SP3-06478,deficit,none,0,0,0,0,0
SP3-06479,deficit,none,0,0,0,0,25856918
SP3-06480,ok,goals+,0,0,169,4474,236444
SP3-06481,deficit,none,0,0,0,0,0
SP3-06482,ok,reserve,8275,8274,0,0,0
SP3-06483,ok,reserve,1109,1108,0,0,0
SP3-06484,ok,debt,0,308191357,0,0,6932670532
SP3-06485,ok,goals+,0,0,10200,0,389158
SP3-06486,ok,goals+,0,0,17209,5928,0
SP3-06487,ok,reserve,72560,0,0,0,0
SP3-06488,deficit,none,0,0,0,0,420022
SP3-06489,ok,reserve,7423,0,1972,0,0
SP3-06490,deficit,none,0,0,0,0,29532
SP3-06491,ok,debt,0,4857,0,0,54594
SP3-06492,deficit,none,0,0,0,0,10011116
SP3-06493,ok,debt,12679,12679,0,0,0
SP3-06494,deficit,none,0,0,0,0,301852
SP3-06495,deficit,none,0,0,0,0,0
SP3-06496,ok,reserve,35538,19395,23691,0,91781
SP3-06497,deficit,none,0,0,0,0,17585
SP3-06498,invalid,none,0,0,0,0,0
SP3-06499,deficit,none,0,0,0,0,2282066
SP3-06500,ok,goals+,0,0,54422,0,982580
SP3-06501,ok,reserve,59813,0,35498,0,0
SP3-06502,ok,reserve,6653,0,0,0,0
SP3-06503,ok,goals+,0,0,8499,0,0
SP3-06504,ok,debt,12354,12354,0,0,0
SP3-06505,invalid,none,0,0,0,0,0
SP3-06506,deficit,none,0,0,0,0,4651054
SP3-06507,deficit,none,0,0,0,0,0
SP3-06508,deficit,none,0,0,0,0,974593
SP3-06509,ok,goals+,0,0,0,18368,10527
SP3-06510,ok,debt,1507,3517,0,0,0
SP3-06511,deficit,none,0,0,0,0,0
SP3-06512,deficit,none,0,0,0,0,12913563
SP3-06513,deficit,none,0,0,0,0,11443
SP3-06514,invalid,none,0,0,0,0,0
SP3-06515,ok,debt,1464,3417,0,0,0
SP3-06516,ok,goals+,0,0,1953,86185,811672
SP3-06517,deficit,none,0,0,0,0,1127580
SP3-06518,ok,reserve,26189,0,17458,0,0
SP3-06519,ok,goals+,0,0,2732,0,926701
SP3-06520,ok,debt,385,385,0,0,166121
SP3-06521,deficit,none,0,0,0,0,105223
SP3-06522,ok,debt,0,897,0,0,7543
SP3-06523,ok,debt,0,11950,0,0,70587
SP3-06524,ok,debt,0,6581,0,0,1468
SP3-06525,deficit,none,0,0,0,0,13608024
SP3-06526,ok,reserve,4227,4226,0,0,0
SP3-06527,ok,goals+,0,0,0,135054,185480
SP3-06528,ok,reserve,20846,0,0,0,0
SP3-06529,deficit,none,0,0,0,0,24521
SP3-06530,ok,goals+,0,0,14956,64061,860590
SP3-06531,ok,goals+,0,0,10353,66492,316302
SP3-06532,ok,debt,2217,2217,0,0,0
SP3-06533,ok,goals+,0,0,1823,0,900048
SP3-06534,ok,reserve,4930,0,3368,0,0
SP3-06535,deficit,none,0,0,0,0,0
SP3-06536,ok,reserve,31606,0,0,0,0
SP3-06537,deficit,none,0,0,0,0,4165738
SP3-06538,deficit,none,0,0,0,0,0
SP3-06539,ok,debt,4059,9471,0,0,0
SP3-06540,deficit,none,0,0,0,0,1075720
SP3-06541,ok,goals+,0,0,17041,26286,195830
SP3-06542,ok,debt,3443,3443,0,0,0
SP3-06543,ok,reserve,20565,0,2896,0,0
SP3-06544,deficit,none,0,0,0,0,0
SP3-06545,ok,debt,22799257,22799257,0,0,0
SP3-06546,deficit,none,0,0,0,0,467984
SP3-06547,deficit,none,0,0,0,0,0
SP3-06548,ok,reserve,13410,0,8939,0,0
SP3-06549,deficit,none,0,0,0,0,438446
SP3-06550,ok,debt,9709,9709,0,0,0
SP3-06551,deficit,none,0,0,0,0,13432
SP3-06552,deficit,none,0,0,0,0,156059
SP3-06553,ok,debt,0,1579,0,0,125677
SP3-06554,deficit,none,0,0,0,0,9524045
SP3-06555,ok,debt,0,17289,0,0,72843
SP3-06556,ok,debt,0,2808,0,0,23451
SP3-06557,ok,debt,6556,6556,0,0,0
SP3-06558,ok,goals+,0,0,25519,501915,1359148
SP3-06559,ok,debt,8699,20299,0,0,0
SP3-06560,ok,reserve,5998,0,3998,0,0
SP3-06561,deficit,none,0,0,0,0,27859
SP3-06562,deficit,none,0,0,0,0,0
SP3-06563,deficit,none,0,0,0,0,0
SP3-06564,ok,debt,0,15947,0,0,2653
SP3-06565,invalid,none,0,0,0,0,0
SP3-06566,ok,debt,0,27698,0,0,88064
SP3-06567,ok,goals+,0,0,18214,163072,3046503
SP3-06568,ok,goals+,0,0,585483,36379,9704656
SP3-06569,ok,debt,0,897,0,0,7995
SP3-06570,ok,debt,3062,3062,0,0,0
SP3-06571,ok,reserve,15618,0,0,0,517636
SP3-06572,deficit,none,0,0,0,0,9807
SP3-06573,deficit,none,0,0,0,0,2433202
SP3-06574,deficit,none,0,0,0,0,4159068
SP3-06575,deficit,none,0,0,0,0,0
SP3-06576,ok,debt,2065,2065,0,0,0
SP3-06577,deficit,none,0,0,0,0,0
SP3-06578,ok,debt,0,4831,0,0,118351
SP3-06579,ok,debt,0,15053,0,0,80726
SP3-06580,deficit,none,0,0,0,0,0
SP3-06581,invalid,none,0,0,0,0,0
SP3-06582,ok,reserve,19526,0,5463,0,0
SP3-06583,deficit,none,0,0,0,0,0
SP3-06584,ok,reserve,3836,0,0,0,0
SP3-06585,deficit,none,0,0,0,0,70843
SP3-06586,ok,goals+,0,0,2390,0,86481
SP3-06587,deficit,none,0,0,0,0,0
SP3-06588,ok,debt,0,8180,0,0,398185
SP3-06589,ok,debt,0,883,0,0,88864
SP3-06590,ok,debt,0,4709,0,0,4676
SP3-06591,ok,reserve,27961,0,0,0,0
SP3-06592,deficit,none,0,0,0,0,0
SP3-06593,deficit,none,0,0,0,0,2175704
SP3-06594,ok,goals+,0,0,2403,110357,722316
SP3-06595,deficit,none,0,0,0,0,0
SP3-06596,ok,debt,0,41984,0,0,178260
SP3-06597,invalid,none,0,0,0,0,0
SP3-06598,deficit,none,0,0,0,0,0
SP3-06599,ok,goals+,0,0,16393,12625,212948
SP3-06600,ok,goals+,0,0,2540,21125,0
SP3-06601,ok,debt,0,7479,0,0,95156
SP3-06602,invalid,none,0,0,0,0,0
SP3-06603,ok,reserve,15739,0,10492,0,92268
SP3-06604,ok,reserve,20893,20892,0,0,0
SP3-06605,ok,debt,0,2981,0,0,17962
SP3-06606,ok,goals+,0,0,55928,0,1618743
SP3-06607,ok,reserve,26047,0,17365,0,0
SP3-06608,deficit,none,0,0,0,0,0
SP3-06609,deficit,none,0,0,0,0,404860
SP3-06610,ok,goals+,0,0,21461,25188,1836646
SP3-06611,ok,reserve,743,742,0,0,0
SP3-06612,ok,debt,169943498,169943498,0,0,2003625264
SP3-06613,deficit,none,0,0,0,0,0
SP3-06614,deficit,none,0,0,0,0,0
SP3-06615,invalid,none,0,0,0,0,0
SP3-06616,ok,debt,4325,4325,0,0,0
SP3-06617,ok,debt,10556,10556,0,0,0
SP3-06618,deficit,none,0,0,0,0,0
SP3-06619,deficit,none,0,0,0,0,2018921
SP3-06620,deficit,none,0,0,0,0,5660
SP3-06621,deficit,none,0,0,0,0,0
SP3-06622,deficit,none,0,0,0,0,3273053
SP3-06623,deficit,none,0,0,0,0,0
SP3-06624,invalid,none,0,0,0,0,0
SP3-06625,deficit,none,0,0,0,0,35727
SP3-06626,ok,debt,0,3768,0,0,11251
SP3-06627,deficit,none,0,0,0,0,74743
SP3-06628,deficit,none,0,0,0,0,0
SP3-06629,deficit,none,0,0,0,0,0
SP3-06630,ok,goals+,0,0,0,8117,0
SP3-06631,ok,debt,0,7370,0,0,345488
SP3-06632,ok,reserve,278724,0,185816,0,0
SP3-06633,deficit,none,0,0,0,0,14431575
SP3-06634,deficit,none,0,0,0,0,0
SP3-06635,ok,debt,1537,3587,0,0,0
SP3-06636,ok,reserve,168,167,0,0,173607
SP3-06637,ok,debt,0,10371,0,0,18429
SP3-06638,ok,debt,43251,43251,0,0,0
SP3-06639,ok,debt,0,146292,0,0,521774
SP3-06640,deficit,none,0,0,0,0,595044
SP3-06641,deficit,none,0,0,0,0,1661138
SP3-06642,ok,debt,0,4167,0,0,49317
SP3-06643,ok,debt,0,32995,0,0,122067
SP3-06644,ok,debt,0,14393,0,0,198509
SP3-06645,ok,debt,605,1413,0,0,0
SP3-06646,ok,debt,0,13620,0,0,1667
SP3-06647,deficit,none,0,0,0,0,182822
SP3-06648,deficit,none,0,0,0,0,112493
SP3-06649,ok,goals+,0,49432,81508,0,83922
SP3-06650,deficit,none,0,0,0,0,0
SP3-06651,deficit,none,0,0,0,0,484934
SP3-06652,ok,debt,6749,15748,0,0,0
SP3-06653,ok,reserve,19032,0,6172,0,0
SP3-06654,deficit,none,0,0,0,0,0
SP3-06655,ok,debt,0,11939,0,0,28251
SP3-06656,invalid,none,0,0,0,0,0
SP3-06657,deficit,none,0,0,0,0,126241
SP3-06658,ok,debt,0,34814,0,0,122067
SP3-06659,ok,reserve,3715,3714,0,0,0
SP3-06660,deficit,none,0,0,0,0,0
SP3-06661,ok,reserve,12992,0,8661,0,0
SP3-06662,ok,debt,0,15248,2152,0,89247
SP3-06663,invalid,none,0,0,0,0,0
SP3-06664,ok,debt,0,5556,0,0,27697
SP3-06665,deficit,none,0,0,0,0,0
SP3-06666,deficit,none,0,0,0,0,0
SP3-06667,deficit,none,0,0,0,0,0
SP3-06668,invalid,none,0,0,0,0,0
SP3-06669,ok,debt,0,20,0,0,46768
SP3-06670,ok,reserve,15580,0,0,0,0
SP3-06671,ok,goals+,0,0,1986,27819,141709
SP3-06672,deficit,none,0,0,0,0,0
SP3-06673,ok,goals+,5383,0,5613,0,0
SP3-06674,ok,reserve,14531,0,0,0,0
SP3-06675,deficit,none,0,0,0,0,5083047
SP3-06676,ok,debt,0,4254,0,0,168897
SP3-06677,ok,goals+,0,0,2895,0,159393
SP3-06678,ok,debt,0,25072,0,0,281066
SP3-06679,deficit,none,0,0,0,0,4289699
SP3-06680,invalid,none,0,0,0,0,0
SP3-06681,ok,debt,0,25072,0,0,281066
SP3-06682,ok,goals+,0,0,0,4917,1131728
SP3-06683,deficit,none,0,0,0,0,161488
SP3-06684,ok,debt,3108,7253,0,0,0
SP3-06685,ok,goals+,0,0,3942,6405,0
SP3-06686,ok,goals+,0,0,27268,0,15128083
SP3-06687,deficit,none,0,0,0,0,0
SP3-06688,deficit,none,0,0,0,0,0
SP3-06689,deficit,none,0,0,0,0,0
SP3-06690,ok,reserve,148629,0,13497,35294,0
SP3-06691,ok,debt,3129,7303,0,0,0
SP3-06692,ok,reserve,3271,3270,0,0,0
SP3-06693,ok,debt,0,1511,0,0,35539
SP3-06694,deficit,none,0,0,0,0,0
SP3-06695,ok,debt,0,20727,0,0,205350
SP3-06696,ok,debt,1400,3267,0,0,0
SP3-06697,ok,debt,283,663,0,0,0
SP3-06698,deficit,none,0,0,0,0,0
SP3-06699,deficit,none,0,0,0,0,30971
SP3-06700,ok,debt,0,7074,0,0,139987
SP3-06701,ok,debt,0,195631,0,0,108140
SP3-06702,ok,goals+,0,0,5484,23075,0
SP3-06703,deficit,none,0,0,0,0,0
SP3-06704,ok,goals+,0,0,0,52852,244323
SP3-06705,deficit,none,0,0,0,0,0
SP3-06706,deficit,none,0,0,0,0,0
SP3-06707,ok,debt,0,1805,0,0,5003
SP3-06708,ok,reserve,12591,12590,0,0,0
SP3-06709,ok,debt,0,4744,0,0,71809
SP3-06710,deficit,none,0,0,0,0,0
SP3-06711,ok,goals+,0,0,2716,0,279769
SP3-06712,invalid,none,0,0,0,0,0
SP3-06713,ok,goals+,0,0,37263,11177,488592
SP3-06714,ok,debt,0,4396,0,0,86614
SP3-06715,deficit,none,0,0,0,0,0
SP3-06716,ok,reserve,2881,2880,0,0,0
SP3-06717,deficit,none,0,0,0,0,0
SP3-06718,deficit,none,0,0,0,0,0
SP3-06719,deficit,none,0,0,0,0,1290319
SP3-06720,ok,debt,0,190366829,0,0,1197151046
SP3-06721,deficit,none,0,0,0,0,0
SP3-06722,ok,goals+,0,0,4377,14373,179624
SP3-06723,ok,reserve,1076,1075,0,0,128189
SP3-06724,deficit,none,0,0,0,0,0
SP3-06725,ok,goals+,0,0,1181,65785,663942
SP3-06726,deficit,none,0,0,0,0,0
SP3-06727,ok,debt,5906,5906,0,0,0
SP3-06728,ok,debt,2099,4899,0,0,0
SP3-06729,ok,reserve,32482,0,14234,0,0
SP3-06730,ok,reserve,39,0,0,0,0
SP3-06731,ok,reserve,19561,0,5714,0,0
SP3-06732,deficit,none,0,0,0,0,101062
SP3-06733,deficit,none,0,0,0,0,230179
SP3-06734,ok,debt,0,2529,0,0,17724
SP3-06735,deficit,none,0,0,0,0,387984
SP3-06736,deficit,none,0,0,0,0,0
SP3-06737,deficit,none,0,0,0,0,78781
SP3-06738,ok,debt,0,32614,0,0,118928
SP3-06739,ok,debt,1702,7694,0,0,0
SP3-06740,ok,debt,0,23709,0,0,5047291
SP3-06741,ok,debt,0,49501,0,0,81180
SP3-06742,ok,debt,3011,7026,0,0,0
SP3-06743,ok,reserve,5044,0,0,2936,0
SP3-06744,deficit,none,0,0,0,0,263407
SP3-06745,deficit,none,0,0,0,0,0
SP3-06746,ok,reserve,14408,0,9604,0,0
SP3-06747,ok,debt,0,5275,0,0,152865
SP3-06748,ok,reserve,4623,0,2018,0,0
SP3-06749,deficit,none,0,0,0,0,13917
SP3-06750,ok,reserve,30259,30258,0,0,0
SP3-06751,deficit,none,0,0,0,0,0
SP3-06752,ok,reserve,17508,0,0,0,0
SP3-06753,ok,debt,1137,2653,0,0,0
SP3-06754,ok,debt,0,1425,0,0,21561
SP3-06755,ok,debt,290,678,0,0,0
SP3-06756,ok,reserve,6938,0,2333,0,0
SP3-06757,ok,debt,3994,9319,0,0,0
SP3-06758,ok,reserve,3867,3866,0,0,0
SP3-06759,ok,debt,0,3493,0,0,7305
SP3-06760,ok,goals+,0,0,5033,33077,2051231
SP3-06761,ok,reserve,51711,0,13760,0,0
SP3-06762,ok,debt,0,293387,0,0,11165432
SP3-06763,ok,reserve,4385,4384,0,0,0
SP3-06764,ok,goals+,0,0,54335,171265,7167354
SP3-06765,ok,debt,922,4143,0,0,0
SP3-06766,deficit,none,0,0,0,0,0
SP3-06767,ok,debt,0,1771,0,0,27028
SP3-06768,ok,goals+,0,0,2119,0,683456
SP3-06769,deficit,none,0,0,0,0,302658
SP3-06770,ok,goals+,0,0,71516,512613,4617334
SP3-06771,invalid,none,0,0,0,0,0
SP3-06772,ok,debt,1926,1926,0,0,0
SP3-06773,ok,reserve,3237,0,0,0,0
SP3-06774,deficit,none,0,0,0,0,75641
SP3-06775,ok,goals+,0,0,0,4854,0
SP3-06776,deficit,none,0,0,0,0,82673
SP3-06777,ok,debt,0,5993,0,0,233696
SP3-06778,deficit,none,0,0,0,0,1448844
SP3-06779,deficit,none,0,0,0,0,216218
SP3-06780,ok,debt,0,1553,0,0,18163
SP3-06781,deficit,none,0,0,0,0,1014213
SP3-06782,invalid,none,0,0,0,0,0
SP3-06783,ok,reserve,58860,0,13282,0,0
SP3-06784,deficit,none,0,0,0,0,13075437
SP3-06785,invalid,none,0,0,0,0,0
SP3-06786,ok,reserve,148258,0,0,0,0
SP3-06787,deficit,none,0,0,0,0,541588
SP3-06788,ok,none,0,0,0,0,0
SP3-06789,deficit,none,0,0,0,0,0
SP3-06790,deficit,none,0,0,0,0,20169
SP3-06791,ok,debt,0,11875,0,0,53277
SP3-06792,deficit,none,0,0,0,0,228162
SP3-06793,ok,reserve,3981,0,2653,0,0
SP3-06794,ok,debt,18058,18058,0,0,0
SP3-06795,ok,reserve,11348,0,998,0,0
SP3-06796,deficit,none,0,0,0,0,0
SP3-06797,deficit,none,0,0,0,0,155488
SP3-06798,ok,debt,0,2389,0,0,39844
SP3-06799,ok,debt,0,3707,0,0,7125
SP3-06800,ok,debt,3849,8983,0,0,0
SP3-06801,deficit,none,0,0,0,0,413215
SP3-06802,deficit,none,0,0,0,0,66893
SP3-06803,deficit,none,0,0,0,0,18208278
SP3-06804,ok,debt,262,612,0,0,0
SP3-06805,ok,reserve,14769,0,4337,0,0
SP3-06806,ok,reserve,1213,1212,0,0,0
SP3-06807,ok,debt,0,19260,0,0,38631
SP3-06808,ok,goals+,0,0,0,9989,2126882
SP3-06809,ok,goals+,0,0,4454,6234,66025
SP3-06810,deficit,none,0,0,0,0,586605
SP3-06811,invalid,none,0,0,0,0,0
SP3-06812,deficit,none,0,0,0,0,115879
SP3-06813,ok,goals+,1477,0,2277,17863,0
SP3-06814,ok,debt,609,1421,0,0,0
SP3-06815,deficit,none,0,0,0,0,0
SP3-06816,deficit,none,0,0,0,0,0
SP3-06817,deficit,none,0,0,0,0,467671
SP3-06818,deficit,none,0,0,0,0,1868938
SP3-06819,deficit,none,0,0,0,0,0
SP3-06820,deficit,none,0,0,0,0,15540101
SP3-06821,ok,goals+,0,0,24087,0,479865
SP3-06822,deficit,none,0,0,0,0,0
SP3-06823,deficit,none,0,0,0,0,1238753
SP3-06824,deficit,none,0,0,0,0,803200
SP3-06825,ok,debt,2475,16936,0,0,0
SP3-06826,ok,debt,0,10350,0,0,127441
SP3-06827,ok,goals+,0,0,108,2481,229910
SP3-06828,ok,goals+,0,0,9026,2858,129230
SP3-06829,deficit,none,0,0,0,0,0
SP3-04265,invalid,none,0,0,0,0,0
SP3-06831,deficit,none,0,0,0,0,0
SP3-06832,ok,reserve,1845,0,1230,0,0
SP3-06833,deficit,none,0,0,0,0,261347
SP3-06834,ok,goals+,0,0,14014,10650,64246
SP3-06835,ok,debt,629,1468,0,0,0
SP3-06836,ok,reserve,5737,0,2506,0,0
SP3-06837,ok,goals+,0,0,75501,126769,3906662
SP3-06838,deficit,none,0,0,0,0,0
SP3-06839,deficit,none,0,0,0,0,128209
SP3-06840,ok,debt,6240,14561,0,0,0
SP3-06841,deficit,none,0,0,0,0,932771
SP3-06842,ok,goals+,0,0,1044,5121,173980
SP3-06843,ok,goals+,0,0,0,3698,76604
SP3-06844,ok,goals+,0,0,894,238,832976
SP3-06845,ok,debt,0,2529,0,0,18097
SP3-06846,ok,debt,6467,6467,0,0,0
SP3-06847,deficit,none,0,0,0,0,220082
SP3-06848,ok,debt,0,186328,0,0,69876
SP3-06849,deficit,none,0,0,0,0,4988421
SP3-06850,ok,reserve,17077,0,11384,0,0
SP3-06851,ok,debt,3679,3679,0,0,0
SP3-06852,ok,debt,0,120437,0,0,84128
SP3-06853,invalid,none,0,0,0,0,0
SP3-06854,ok,debt,0,58689,8528,0,181208
SP3-06855,ok,debt,0,3023,0,0,21338
SP3-06856,deficit,none,0,0,0,0,26026
SP3-06857,deficit,none,0,0,0,0,2089725
SP3-06858,ok,debt,0,346439076,0,0,3178606939
SP3-06859,ok,goals+,0,0,803,18001,178263
SP3-06860,ok,debt,0,3741,0,0,151786
SP3-06861,ok,goals+,0,0,12768,47673,253961
SP3-06862,ok,debt,0,7115,0,0,1794
SP3-06863,ok,goals+,0,0,59045,40271,345717
SP3-06864,ok,reserve,39721,0,13960,0,0
SP3-06865,ok,reserve,6847,0,4565,0,0
SP3-06866,deficit,none,0,0,0,0,0
SP3-06867,ok,debt,0,8790,0,0,8200
SP3-06868,ok,debt,64674,64674,0,0,0
SP3-06869,ok,reserve,45084,0,0,0,0
SP3-06870,deficit,none,0,0,0,0,101367
SP3-09983,invalid,none,0,0,0,0,0
SP3-06872,ok,reserve,13611,0,9074,0,0
SP3-06873,deficit,none,0,0,0,0,101367
SP3-06874,ok,debt,0,11123,0,0,113065
SP3-06875,deficit,none,0,0,0,0,1178020
SP3-06876,ok,reserve,1806,0,1204,0,0
SP3-06877,ok,reserve,51763,0,0,0,0
SP3-06878,deficit,none,0,0,0,0,0
SP3-06879,deficit,none,0,0,0,0,22127091
SP3-06880,ok,goals+,13561,0,0,45455,0
SP3-06881,deficit,none,0,0,0,0,25219
SP3-06882,deficit,none,0,0,0,0,0
SP3-06883,ok,reserve,135711874,135711873,0,0,0
SP3-06884,ok,goals+,0,0,3557,0,0
SP3-06885,deficit,none,0,0,0,0,0
SP3-06886,deficit,none,0,0,0,0,0
SP3-06887,ok,goals+,0,0,1185,4597,236229
SP3-06888,deficit,none,0,0,0,0,32155
SP3-06889,ok,reserve,1527,0,1017,0,0
SP3-06890,deficit,none,0,0,0,0,25219
SP3-06891,deficit,none,0,0,0,0,0
SP3-06892,ok,reserve,39788,0,1224,0,0
SP3-06893,deficit,none,0,0,0,0,7456483
SP3-06894,deficit,none,0,0,0,0,392690
SP3-06895,ok,goals+,0,0,0,59780,436679
SP3-06896,ok,reserve,23506,0,15670,0,0
SP3-06897,deficit,none,0,0,0,0,82829
SP3-06898,deficit,none,0,0,0,0,0
SP3-06899,ok,reserve,15822,0,10547,0,168091
SP3-06900,ok,reserve,339561,0,26367,0,0
SP3-06901,ok,reserve,5190,0,660,0,0
SP3-06902,ok,goals+,0,0,8868,0,2664590
SP3-06903,deficit,none,0,0,0,0,629348
SP3-06904,ok,goals+,0,0,17493,23605,585518
SP3-06905,deficit,none,0,0,0,0,0
SP3-06906,deficit,none,0,0,0,0,1508071
SP3-06907,ok,debt,317,742,0,0,0
SP3-06908,invalid,none,0,0,0,0,0
SP3-06909,deficit,none,0,0,0,0,0
SP3-06910,deficit,none,0,0,0,0,1877525
SP3-06911,deficit,none,0,0,0,0,88442
SP3-06912,ok,debt,453,453,0,0,0
SP3-06913,ok,goals+,0,0,904,37308,495038
SP3-06914,ok,reserve,17034,0,0,0,0
SP3-06915,deficit,none,0,0,0,0,0
SP3-06916,ok,debt,0,19381,0,0,61116
SP3-06917,ok,goals+,15543,0,2965,68730,0
SP3-06918,deficit,none,0,0,0,0,116805
SP3-06919,ok,reserve,4247,4246,0,0,0
SP3-06920,deficit,none,0,0,0,0,0
SP3-06921,deficit,none,0,0,0,0,1128031
SP3-06922,deficit,none,0,0,0,0,360489
SP3-06923,ok,reserve,70797,0,47198,0,0
SP3-06924,ok,goals+,0,0,13582,22249,202406
SP3-06925,invalid,none,0,0,0,0,0
SP3-06926,deficit,none,0,0,0,0,0
SP3-06927,deficit,none,0,0,0,0,0
SP3-06928,ok,debt,587,5199,0,0,0
SP3-06929,ok,reserve,2801,0,1867,0,0
SP3-06930,deficit,none,0,0,0,0,19924
SP3-06931,deficit,none,0,0,0,0,0
SP3-06932,deficit,none,0,0,0,0,0
SP3-06933,deficit,none,0,0,0,0,28220
SP3-06934,ok,goals+,3595,0,1130,5081,139171
SP3-06935,ok,debt,22256,36130,0,0,188376
SP3-06936,deficit,none,0,0,0,0,0
SP3-06937,ok,goals+,63869371,0,70724514,22475698,1682396285
SP3-06938,deficit,none,0,0,0,0,2427272
SP3-06939,deficit,none,0,0,0,0,0
SP3-06940,ok,debt,0,24881,0,0,83331
SP3-06941,ok,debt,943,2201,0,0,0
SP3-06942,ok,reserve,11105,0,2131,0,0
SP3-06943,deficit,none,0,0,0,0,0
SP3-06944,ok,goals+,0,0,12883,101696,744581
SP3-06945,ok,goals+,0,0,32565,5744,1617481
SP3-06946,deficit,none,0,0,0,0,0
SP3-06947,ok,reserve,5373,5372,0,0,0
SP3-06948,ok,debt,12574,12574,0,0,277038
SP3-06949,ok,reserve,11122,11121,0,0,0
SP3-06950,deficit,none,0,0,0,0,3570325
SP3-06951,ok,reserve,6366,1874,1000,0,22279
SP3-06952,ok,reserve,2644,0,1762,0,0
SP3-06953,ok,reserve,3895,0,2596,0,0
SP3-06954,ok,reserve,88206,0,58804,0,0
SP3-06955,ok,debt,0,35794,0,0,632464
SP3-06956,ok,reserve,4184,4183,0,0,0
SP3-06957,ok,debt,0,6118,0,0,47085
SP3-06958,ok,goals+,0,0,12853,0,6246251
SP3-06959,ok,debt,0,3087,0,0,30939
SP3-06960,ok,reserve,39403,0,2348,0,531773
SP3-06961,ok,goals+,0,0,0,66677,292132
SP3-06962,invalid,none,0,0,0,0,0
SP3-06963,deficit,none,0,0,0,0,34327120
SP3-06964,ok,goals+,0,0,4065,6775,0
SP3-06965,deficit,none,0,0,0,0,261348
SP3-06966,ok,reserve,45036,45035,0,0,0
SP3-06967,deficit,none,0,0,0,0,1462426
SP3-06968,ok,reserve,432624,0,288415,0,0
SP3-06969,deficit,none,0,0,0,0,617432
SP3-06970,ok,goals+,0,0,2241,0,253518
SP3-06971,ok,debt,7459,17406,0,0,0
SP3-06972,deficit,none,0,0,0,0,4377731
SP3-06973,ok,debt,56262,56262,0,0,0
SP3-06974,ok,debt,0,10898,0,0,66194
SP3-06975,ok,reserve,41966,41965,0,0,0
SP3-06976,deficit,none,0,0,0,0,0
SP3-06977,ok,debt,0,2914,0,0,8439
SP3-06978,ok,goals+,0,0,5062,0,118584
SP3-06979,ok,debt,0,23206,0,0,237237
SP3-06980,ok,debt,0,2852,0,0,3369
SP3-06981,ok,reserve,12395,0,1404,0,0
SP3-06982,deficit,none,0,0,0,0,4939665521
SP3-06983,ok,reserve,14613,0,9741,0,0
SP3-06984,deficit,none,0,0,0,0,2413856
SP3-06985,deficit,none,0,0,0,0,460847
SP3-06986,ok,debt,0,91,0,0,53675
SP3-06987,deficit,none,0,0,0,0,13650147
SP3-06988,ok,debt,0,10410,0,0,72828
SP3-06989,ok,debt,1086,2536,0,0,0
SP3-06990,ok,debt,0,215,0,0,305190
SP3-06991,ok,reserve,1333,0,888,0,0
SP3-06992,ok,debt,0,27904,0,0,459047
SP3-06993,ok,goals+,0,0,23967,0,6415323
SP3-06994,deficit,none,0,0,0,0,158172
SP3-06995,ok,none,0,0,0,0,0
SP3-06996,ok,goals+,0,0,0,45265,1004826
SP3-06997,ok,debt,0,8379,0,0,60463
SP3-06998,ok,reserve,88125,0,30519,0,0
SP3-06999,ok,goals+,0,0,16327,9074,322332
SP3-07000,invalid,none,0,0,0,0,0
SP3-07001,deficit,none,0,0,0,0,2375940
SP3-07002,ok,debt,0,15961,0,0,251005
SP3-07003,ok,debt,0,4707,0,0,96391
SP3-07004,ok,reserve,16140,0,10759,0,0
SP3-07005,ok,debt,13800,32203,0,0,0
SP3-07006,deficit,none,0,0,0,0,0
SP3-07007,ok,debt,0,2535,0,0,8325
SP3-07008,ok,debt,0,4677,0,0,567542
SP3-07009,deficit,none,0,0,0,0,90211
SP3-07010,ok,goals+,0,0,15084,33299,999971
SP3-07011,deficit,none,0,0,0,0,316975
SP3-07012,deficit,none,0,0,0,0,1047128
SP3-07013,ok,debt,1708,3986,0,0,0
SP3-07014,ok,debt,719,1678,0,0,0
SP3-07015,ok,reserve,5642,0,3761,0,0
SP3-07016,ok,reserve,2099,2098,0,0,0
SP3-07017,deficit,none,0,0,0,0,0
SP3-07018,ok,debt,5632,5632,0,0,0
SP3-07019,deficit,none,0,0,0,0,150309
SP3-07020,ok,debt,1317,3075,0,0,0
SP3-07021,ok,reserve,62999,0,36682,0,0
SP3-07022,deficit,none,0,0,0,0,111385
SP3-07023,ok,reserve,33379,0,1144,0,0
SP3-07024,ok,debt,0,3653,0,0,45550
SP3-07025,ok,debt,6835,15949,0,0,0
SP3-07026,deficit,none,0,0,0,0,8203364
SP3-07027,deficit,none,0,0,0,0,0
SP3-07028,ok,goals+,0,0,5062,0,118584
SP3-07029,ok,debt,0,2701,0,0,4364
SP3-07030,ok,reserve,3933,0,2621,0,0
SP3-07031,ok,debt,0,2594,0,0,289892
SP3-07032,ok,debt,0,11980,0,0,47133
SP3-07033,invalid,none,0,0,0,0,0
SP3-07034,ok,reserve,7184,0,4789,0,0
SP3-07035,ok,debt,0,22043,0,0,604571
SP3-07036,deficit,none,0,0,0,0,21355039
SP3-07037,ok,debt,0,3103,0,0,216871
SP3-07038,ok,debt,2356,29872,0,0,0
SP3-07039,deficit,none,0,0,0,0,950220
SP3-07040,deficit,none,0,0,0,0,417968
SP3-07041,ok,reserve,13073,0,8714,0,0
SP3-07042,ok,goals+,0,0,12055,0,384657
SP3-07043,deficit,none,0,0,0,0,624722
SP3-07044,ok,reserve,36008,0,3199,0,0
SP3-07045,ok,debt,0,53,0,0,52209
SP3-07046,deficit,none,0,0,0,0,9646435
SP3-07047,ok,debt,0,53,0,0,53149
SP3-07048,deficit,none,0,0,0,0,0
SP3-07049,deficit,none,0,0,0,0,139732
SP3-07050,ok,reserve,4017,0,2678,0,0
SP3-07051,ok,reserve,5226,0,3484,0,0
SP3-07052,ok,debt,1666,3889,0,0,0
SP3-07053,ok,reserve,12783,0,0,0,0
SP3-07054,deficit,none,0,0,0,0,46426
SP3-07055,ok,reserve,2193,0,1066,0,0
SP3-07056,deficit,none,0,0,0,0,0
SP3-07057,deficit,none,0,0,0,0,182353
SP3-07058,deficit,none,0,0,0,0,868673
SP3-07059,deficit,none,0,0,0,0,0
SP3-07060,deficit,none,0,0,0,0,362908
SP3-07061,ok,debt,0,4712,0,0,8732
SP3-07062,deficit,none,0,0,0,0,264425
SP3-07063,ok,none,0,0,0,0,465464
SP3-07064,deficit,none,0,0,0,0,0
SP3-07065,ok,reserve,13045,0,8696,0,0
SP3-07066,ok,reserve,7498,7497,0,0,0
SP3-07067,ok,reserve,11111,0,7407,0,0
SP3-07068,ok,reserve,9411,0,6273,0,0
SP3-07069,deficit,none,0,0,0,0,750144
SP3-07070,ok,debt,1776,1776,0,0,0
SP3-07071,deficit,none,0,0,0,0,0
SP3-07072,ok,debt,0,14397,0,0,116374
SP3-07073,deficit,none,0,0,0,0,22851
SP3-07074,deficit,none,0,0,0,0,1880469
SP3-07075,deficit,none,0,0,0,0,446831
SP3-07076,ok,debt,0,209196,0,0,424973
SP3-07077,deficit,none,0,0,0,0,199211
SP3-07078,ok,debt,0,9849,0,0,218734
SP3-07079,ok,goals+,0,0,1987,0,1881267
SP3-07080,ok,debt,0,1836,0,0,53354
SP3-07081,ok,goals+,0,0,762,2688,771165
SP3-07082,ok,debt,2196,5126,0,0,0
SP3-07083,ok,reserve,896,0,596,0,151738
SP3-07084,deficit,none,0,0,0,0,0
SP3-07085,ok,reserve,17397,0,11598,0,0
SP3-07086,deficit,none,0,0,0,0,1877049
SP3-07087,ok,reserve,33273,0,22182,0,0
SP3-07088,ok,goals+,0,0,5134,19392,804559
SP3-07089,ok,reserve,17764,17763,0,0,0
SP3-07090,ok,debt,0,5680,0,0,18765
SP3-07091,ok,goals+,0,0,87409,23950,16521156
SP3-07092,ok,debt,0,44822,0,0,17229
SP3-07093,ok,debt,3589,8376,0,0,0
SP3-07094,ok,debt,0,6401,0,0,18765
SP3-07095,ok,reserve,878,0,585,0,0
SP3-07096,deficit,none,0,0,0,0,84474
SP3-07097,deficit,none,0,0,0,0,971661
SP3-07098,ok,goals+,0,0,3336,11290,90142
SP3-07099,deficit,none,0,0,0,0,5304892
SP3-07100,ok,debt,0,34434,0,0,122176
SP3-07101,deficit,none,0,0,0,0,0
SP3-07102,ok,goals+,0,0,0,602342,1300574
SP3-07103,ok,goals+,0,0,14885,0,378898
SP3-07104,ok,goals+,0,0,115793,184691,2714753
SP3-07105,ok,goals+,0,0,1941,15250,117431
SP3-07106,ok,reserve,52333,0,34889,0,0
SP3-07107,ok,debt,0,207419,0,0,11346583
SP3-07108,deficit,none,0,0,0,0,33377
SP3-07109,ok,reserve,46353,46352,0,0,0
SP3-07110,ok,debt,0,9037,0,0,207880
SP3-07111,ok,goals+,0,0,1995,2672,374993
SP3-07112,deficit,none,0,0,0,0,24818
SP3-07113,deficit,none,0,0,0,0,570308
SP3-07114,deficit,none,0,0,0,0,0
SP3-07115,ok,goals+,0,0,8097,0,0
SP3-07116,deficit,none,0,0,0,0,164336
SP3-07117,ok,debt,0,1305,0,0,62598
SP3-07118,deficit,none,0,0,0,0,441907
SP3-07119,deficit,none,0,0,0,0,0
SP3-07120,ok,goals+,0,0,0,22045,0
SP3-07121,deficit,none,0,0,0,0,184911
SP3-07122,ok,goals+,0,0,3289,23061,548093
SP3-07123,deficit,none,0,0,0,0,1492608
SP3-07124,ok,reserve,3202,3201,0,0,0
SP3-07125,ok,reserve,962,0,641,0,0
SP3-07126,ok,debt,0,1305,0,0,62598
SP3-07127,ok,reserve,18108,0,9016,0,0
SP3-07128,ok,goals+,0,0,0,54692,0
SP3-07129,ok,reserve,55355,0,0,26778,0
SP3-07130,ok,reserve,24426,0,3495,0,0
SP3-07131,deficit,none,0,0,0,0,2642105
SP3-07132,deficit,none,0,0,0,0,0
SP3-07133,deficit,none,0,0,0,0,0
SP3-07134,ok,reserve,85341,0,21570,0,0
SP3-07135,deficit,none,0,0,0,0,0
SP3-07136,deficit,none,0,0,0,0,1414132
SP3-07137,ok,reserve,1011,0,674,0,0
SP3-07138,ok,debt,2824,2824,0,0,0
SP3-07139,ok,debt,0,289,0,0,86986
SP3-07140,deficit,none,0,0,0,0,0
SP3-07141,ok,reserve,40038,0,0,0,472678
SP3-07142,deficit,none,0,0,0,0,60083
SP3-07143,deficit,none,0,0,0,0,0
SP3-07144,deficit,none,0,0,0,0,1288692
SP3-07145,deficit,none,0,0,0,0,221092
SP3-07146,ok,reserve,18816,0,12544,0,0
SP3-07147,ok,goals+,0,0,0,6985,14852
SP3-07148,ok,debt,0,2975,0,0,29111
SP3-07149,ok,debt,0,19239,0,0,67894
SP3-07150,ok,debt,4904,11445,0,0,0
SP3-07151,ok,reserve,950,0,633,0,0
SP3-07152,ok,goals+,0,0,1153,13840,651509
SP3-07153,deficit,none,0,0,0,0,1261586
SP3-07154,deficit,none,0,0,0,0,177176
SP3-07155,ok,debt,4383,10227,0,0,0
SP3-07156,ok,debt,0,9780,0,0,28894
SP3-07157,ok,debt,0,52454,0,0,320765
SP3-07158,ok,debt,4904,11445,0,0,0
SP3-07159,deficit,none,0,0,0,0,28319
SP3-07160,deficit,none,0,0,0,0,0
SP3-07161,ok,reserve,7137,0,4758,0,0
SP3-07162,ok,none,0,0,0,0,0
SP3-07163,invalid,none,0,0,0,0,0
SP3-07164,ok,goals+,0,0,6081,3174,341359
SP3-07165,deficit,none,0,0,0,0,382102
SP3-07166,ok,goals+,0,0,2978,92118,479607
SP3-07167,invalid,none,0,0,0,0,0
SP3-07168,ok,debt,0,52830,0,0,118330
SP3-07169,invalid,none,0,0,0,0,0
SP3-07170,deficit,none,0,0,0,0,0
SP3-07171,deficit,none,0,0,0,0,0
SP3-07172,ok,debt,16989,16989,0,0,0
SP3-07173,ok,debt,7281,7281,0,0,0
SP3-07174,deficit,none,0,0,0,0,0
SP3-07175,ok,goals+,0,0,12595,0,818371
SP3-07176,deficit,none,0,0,0,0,19380347
SP3-07177,ok,debt,3207,12403,0,0,0
SP3-07178,deficit,none,0,0,0,0,0
SP3-07179,deficit,none,0,0,0,0,1677440
SP3-07180,ok,debt,0,41162,0,0,315710
SP3-07181,ok,reserve,3704,3703,0,0,933634
SP3-07182,deficit,none,0,0,0,0,436609
SP3-07183,ok,debt,3836,3836,0,0,0
SP3-07184,deficit,none,0,0,0,0,0
SP3-07185,ok,goals+,0,0,0,792,1586474
SP3-07186,deficit,none,0,0,0,0,1181283
SP3-07187,deficit,none,0,0,0,0,0
SP3-07188,ok,debt,0,138177,0,0,13817131
SP3-07189,deficit,none,0,0,0,0,58892
SP3-07190,invalid,none,0,0,0,0,0
SP3-07191,ok,debt,2757,6434,0,0,0
SP3-07192,deficit,none,0,0,0,0,851834
SP3-07193,ok,reserve,1507,1506,0,0,0
SP3-07194,ok,debt,1136,2653,0,0,0
SP3-07195,deficit,none,0,0,0,0,1324542
SP3-07196,ok,debt,262,613,0,0,0
SP3-07197,ok,debt,0,61908,0,0,50971
SP3-07198,ok,reserve,1074054,0,716036,0,0
SP3-07199,deficit,none,0,0,0,0,616578
SP3-07200,deficit,none,0,0,0,0,0
SP3-07201,ok,debt,226,226,0,0,0
SP3-07202,ok,debt,0,25585,0,0,142719
SP3-07203,ok,reserve,330,0,220,0,18314
SP3-07204,ok,reserve,45878,0,0,0,0
SP3-07205,deficit,none,0,0,0,0,0
SP3-07206,ok,debt,4115,60735,0,0,0
SP3-07207,deficit,none,0,0,0,0,0
SP3-07208,ok,goals+,0,0,2946,5962,0
SP3-07209,ok,reserve,11763,0,7842,0,0
SP3-07210,ok,goals+,0,0,50266,0,444396
SP3-07211,ok,debt,7597,7597,0,0,0
SP3-07212,ok,debt,0,9726,0,0,107893
SP3-07213,deficit,none,0,0,0,0,0
SP3-07214,ok,goals+,0,0,0,63590,376177
SP3-07215,deficit,none,0,0,0,0,627458
SP3-07216,deficit,none,0,0,0,0,240061
SP3-07217,ok,debt,10615,10615,0,0,0
SP3-07218,deficit,none,0,0,0,0,0
SP3-07219,deficit,none,0,0,0,0,59419
SP3-07220,ok,reserve,19440,0,0,0,0
SP3-07221,ok,debt,1450,1450,0,0,0
SP3-07222,deficit,none,0,0,0,0,228511
SP3-07223,ok,goals+,0,0,1462,12465,107727
SP3-07224,deficit,none,0,0,0,0,0
SP3-07225,ok,debt,0,2555,0,0,542951
SP3-07226,invalid,none,0,0,0,0,0
SP3-07227,ok,reserve,8003,0,5335,0,114909
SP3-07228,ok,debt,0,1284,0,0,6548
SP3-07229,deficit,none,0,0,0,0,623283
SP3-07230,ok,debt,0,6007,0,0,7263
SP3-07231,invalid,none,0,0,0,0,0
SP3-07232,ok,debt,5363,12515,0,0,0
SP3-07233,deficit,none,0,0,0,0,74807
SP3-07234,ok,debt,0,5576,0,0,20520
SP3-07235,ok,goals+,0,0,23788,0,529273
SP3-07236,ok,reserve,236,235,0,0,154564
SP3-07237,ok,debt,135118658,315276871,0,0,0
SP3-07238,ok,goals+,968,0,2439,0,0
SP3-07239,ok,goals+,0,0,6811,0,382714
SP3-07240,ok,goals+,0,0,664,4302,119243
SP3-07241,ok,reserve,23418,0,6697,0,38034
SP3-07242,ok,reserve,33167,0,13246,0,0
SP3-07243,ok,debt,1005,2347,0,0,0
SP3-07244,deficit,none,0,0,0,0,1479572
SP3-07245,deficit,none,0,0,0,0,79238
SP3-07246,deficit,none,0,0,0,0,0
SP3-07247,ok,reserve,16768,0,11179,0,0
SP3-07248,deficit,none,0,0,0,0,0
SP3-07249,deficit,none,0,0,0,0,0
SP3-07250,deficit,none,0,0,0,0,251328
SP3-07251,ok,debt,0,36213,0,0,216847
SP3-07252,ok,goals+,21022,0,28583,56797,0
SP3-07253,ok,debt,16791,16791,0,0,1359832
SP3-07254,ok,reserve,35959606,35959605,0,0,0
SP3-07255,ok,debt,3004,7012,0,0,0
SP3-07256,ok,goals+,0,0,6807,11630,1985907
SP3-07257,ok,debt,685,685,0,0,92809
SP3-07258,ok,goals+,0,0,4421,0,115096
SP3-07259,ok,debt,0,35487,0,0,87604
SP3-07260,deficit,none,0,0,0,0,1766541
SP3-07261,deficit,none,0,0,0,0,195129
SP3-07262,deficit,none,0,0,0,0,0
SP3-07263,invalid,none,0,0,0,0,0
SP3-07264,ok,debt,0,6187,0,0,159436
SP3-07265,ok,debt,0,15984,0,0,108667
SP3-07266,ok,goals+,0,0,3312,0,257497
SP3-07267,deficit,none,0,0,0,0,0
SP3-07268,deficit,none,0,0,0,0,22727
SP3-07269,ok,debt,0,362132,0,0,2168472
SP3-07270,ok,debt,0,11475,0,0,33617
SP3-07271,ok,debt,781,1824,0,0,0
SP3-07272,ok,reserve,114050,0,50356,0,0
SP3-07273,ok,reserve,1435,1434,0,0,0
SP3-07274,ok,debt,2918,6810,0,0,0
SP3-07275,deficit,none,0,0,0,0,0
SP3-07276,deficit,none,0,0,0,0,108521
SP3-07277,ok,debt,965,965,0,0,0
SP3-07278,ok,goals+,0,0,14672,0,72264
SP3-07279,ok,reserve,2122,2121,0,0,0
SP3-07280,ok,debt,0,108676,0,0,10086318
SP3-07281,ok,reserve,9095,0,6062,0,22862
SP3-07282,invalid,none,0,0,0,0,0
SP3-07283,deficit,none,0,0,0,0,158991
SP3-07284,deficit,none,0,0,0,0,568895
SP3-07285,ok,goals+,0,0,37923,0,186222
SP3-07286,deficit,none,0,0,0,0,0
SP3-07287,ok,debt,0,5465,0,0,134319
SP3-07288,deficit,none,0,0,0,0,77755
SP3-07289,deficit,none,0,0,0,0,0
SP3-07290,ok,debt,0,1167,0,0,268477
SP3-07291,invalid,none,0,0,0,0,0
SP3-07292,ok,debt,0,2569,0,0,38685
SP3-07293,deficit,none,0,0,0,0,0
SP3-07294,ok,debt,0,47289,0,0,129635
SP3-07295,ok,goals+,0,0,13493,215180,4233168
SP3-07296,deficit,none,0,0,0,0,787501
SP3-07297,ok,none,0,0,0,0,185261
SP3-07298,deficit,none,0,0,0,0,0
SP3-07299,ok,reserve,11608,11607,0,0,0
SP3-07300,deficit,none,0,0,0,0,91995
SP3-07301,ok,debt,0,77239187,0,0,1188571723
SP3-07302,ok,goals+,0,0,25494,15547,0
SP3-07303,deficit,none,0,0,0,0,945922
SP3-07304,deficit,none,0,0,0,0,11607671
SP3-07305,ok,debt,0,30936,0,0,102623
SP3-07306,ok,reserve,13662,0,0,0,0
SP3-07307,deficit,none,0,0,0,0,0
SP3-07308,deficit,none,0,0,0,0,0
SP3-07309,deficit,none,0,0,0,0,679132
SP3-07310,deficit,none,0,0,0,0,515427
SP3-07311,deficit,none,0,0,0,0,0
SP3-07312,deficit,none,0,0,0,0,202515
SP3-07313,ok,debt,0,4067,0,0,103840
SP3-07314,deficit,none,0,0,0,0,202515
SP3-07315,ok,debt,28043,28043,0,0,700060
SP3-07316,ok,reserve,7894,0,5262,0,0
SP3-07317,ok,goals+,0,0,2174,11655,165104
SP3-07318,ok,goals+,0,0,7707,151071,3445948
SP3-07319,deficit,none,0,0,0,0,14613539
SP3-07320,deficit,none,0,0,0,0,0
SP3-07321,ok,goals+,0,0,5159,6425,0
SP3-07322,deficit,none,0,0,0,0,430204
SP3-07323,ok,debt,0,28901,0,0,14058
SP3-07324,deficit,none,0,0,0,0,232925
SP3-07325,ok,reserve,13374,0,8915,0,0
SP3-07326,deficit,none,0,0,0,0,0
SP3-07327,deficit,none,0,0,0,0,348731
SP3-07328,deficit,none,0,0,0,0,2687400
SP3-07329,ok,debt,0,10065,0,0,789016
SP3-07330,deficit,none,0,0,0,0,406384
SP3-07331,deficit,none,0,0,0,0,46432
SP3-07332,deficit,none,0,0,0,0,262388
SP3-07333,ok,debt,0,4123,0,0,26610
SP3-07334,deficit,none,0,0,0,0,277476
SP3-07335,deficit,none,0,0,0,0,91079
SP3-07336,ok,reserve,99356,0,52403,0,0
SP3-07337,deficit,none,0,0,0,0,1413128
SP3-07338,ok,debt,0,79458,0,0,394303
SP3-07339,ok,goals+,0,0,17470,352474,496177
SP3-07340,ok,goals+,0,0,16607,0,0
SP3-07341,ok,reserve,6203,0,4135,0,0
SP3-07342,ok,goals+,0,0,9448,0,1799023
SP3-07343,ok,debt,1264,1264,0,0,0
SP3-07344,deficit,none,0,0,0,0,7792614
SP3-07345,ok,goals+,0,0,1635,19992,180114
SP3-07346,deficit,none,0,0,0,0,1553843
SP3-07347,ok,goals+,0,0,40322,20062,2469774
SP3-07348,deficit,none,0,0,0,0,406384
SP3-07349,deficit,none,0,0,0,0,5807441
SP3-07350,ok,debt,0,8244,0,0,761041
SP3-07351,ok,debt,6588,15372,0,0,0
SP3-07352,ok,debt,0,17258,0,0,113235
SP3-07353,ok,reserve,170388,110205,336,0,0
SP3-07354,ok,reserve,11371,11370,0,0,235538
SP3-07355,deficit,none,0,0,0,0,0
SP3-07356,ok,debt,7153,16692,0,0,0
SP3-07357,ok,reserve,17629,17628,0,0,0
SP3-07358,ok,debt,0,3358,0,0,28493
SP3-07359,ok,debt,0,40686,0,0,217024
SP3-07360,deficit,none,0,0,0,0,0
SP3-07361,ok,debt,0,32581,0,0,285045
SP3-07362,deficit,none,0,0,0,0,25235
SP3-07363,ok,debt,0,136151,0,0,4187200
SP3-07364,ok,reserve,27978,0,13961,0,0
SP3-07365,ok,debt,0,28083,0,0,78789
SP3-07366,ok,goals+,0,0,43553,176149,2333695
SP3-07367,ok,debt,0,6576,0,0,12013
SP3-07368,ok,reserve,46399,0,0,28267,0
SP3-07369,ok,reserve,58872,0,39024,0,0
SP3-07370,ok,reserve,3010,3009,0,0,0
SP3-07371,ok,debt,0,8548,0,0,274851
SP3-07372,ok,goals+,0,0,0,2331,79634
SP3-07373,deficit,none,0,0,0,0,0
SP3-07374,ok,reserve,16758,16757,0,0,0
SP3-07375,ok,reserve,11988,0,0,0,0
SP3-07376,deficit,none,0,0,0,0,0
SP3-07377,invalid,none,0,0,0,0,0
SP3-07378,deficit,none,0,0,0,0,0
SP3-07379,invalid,none,0,0,0,0,0
SP3-07380,ok,reserve,3273,0,0,0,0
SP3-07381,ok,debt,0,32581,0,0,285045
SP3-07382,invalid,none,0,0,0,0,0
SP3-07383,deficit,none,0,0,0,0,728795
SP3-09510,invalid,none,0,0,0,0,0
SP3-07385,ok,goals+,0,0,74228,0,11674722
SP3-07386,ok,none,0,0,0,0,0
SP3-07387,deficit,none,0,0,0,0,90224
SP3-07388,deficit,none,0,0,0,0,1538897
SP3-07389,ok,reserve,3944,0,2629,0,0
SP3-07390,ok,reserve,25321,0,0,0,0
SP3-07391,ok,debt,7851,7851,0,0,0
SP3-07392,deficit,none,0,0,0,0,0
SP3-07393,deficit,none,0,0,0,0,0
SP3-07394,ok,reserve,682,681,0,0,0
SP3-07395,deficit,none,0,0,0,0,0
SP3-07396,deficit,none,0,0,0,0,0
SP3-07397,ok,reserve,3077,3076,0,0,0
SP3-07398,ok,reserve,33767,33766,0,0,0
SP3-07399,ok,debt,526,1228,0,0,0
SP3-07400,ok,goals+,0,0,2182,0,580835
SP3-07401,deficit,none,0,0,0,0,31842
SP3-07402,ok,reserve,14446,14445,0,0,0
SP3-07403,ok,goals+,0,0,6681,3076,131022
SP3-07404,ok,debt,0,6178,0,0,14346
SP3-07405,ok,reserve,15825,0,10549,0,0
SP3-07406,ok,goals+,0,0,0,9705,0
SP3-07407,deficit,none,0,0,0,0,4786975
SP3-07408,deficit,none,0,0,0,0,3395405
SP3-07409,ok,goals+,0,0,0,6828,1639530
SP3-07410,ok,reserve,44642,0,29761,0,0
SP3-07411,ok,reserve,43599,0,4280,0,0
SP3-07412,ok,debt,8637,20154,0,0,0
SP3-07413,ok,debt,2687,2687,0,0,0
SP3-07414,deficit,none,0,0,0,0,1280987
SP3-07415,ok,reserve,792,791,0,0,508207
SP3-07416,ok,goals+,0,0,8879,272056,15238234
SP3-07417,ok,debt,0,7626,0,0,220402
SP3-07418,invalid,none,0,0,0,0,0
SP3-07419,ok,goals+,0,0,1704,4939,0
SP3-07420,deficit,none,0,0,0,0,154105
SP3-07421,ok,goals+,0,0,5543,20059,1990810
SP3-07422,ok,goals+,0,0,12744,107445,1744064
SP3-07423,deficit,none,0,0,0,0,45581
SP3-07424,ok,debt,10024,23389,0,0,0
SP3-07425,ok,goals+,0,0,19163,53780,703073
SP3-07426,ok,goals+,0,0,0,52369,0
SP3-07427,deficit,none,0,0,0,0,1582696
SP3-07428,deficit,none,0,0,0,0,803866
SP3-07429,ok,reserve,16391,16390,0,0,0
SP3-07430,deficit,none,0,0,0,0,0
SP3-07431,ok,reserve,7119,0,4745,0,0
SP3-07432,ok,debt,35436,108817,0,0,0
SP3-07433,deficit,none,0,0,0,0,55765
SP3-07434,deficit,none,0,0,0,0,14405621
SP3-07435,deficit,none,0,0,0,0,0
SP3-07436,deficit,none,0,0,0,0,0
SP3-07437,ok,reserve,748211,0,0,0,0
SP3-07438,ok,debt,2996,2996,0,0,0
SP3-07439,deficit,none,0,0,0,0,0
SP3-07440,deficit,none,0,0,0,0,0
SP3-07441,ok,goals+,0,0,0,10255,43868
SP3-07442,deficit,none,0,0,0,0,3376936
SP3-07443,ok,goals+,0,0,25801,0,864396
SP3-07444,ok,reserve,32884,0,5301,0,36772
SP3-07445,ok,debt,19838,19838,0,0,0
SP3-07446,ok,reserve,12992,0,8660,0,0
SP3-07447,deficit,none,0,0,0,0,55630
SP3-07448,ok,debt,1205,2812,0,0,0
SP3-07449,deficit,none,0,0,0,0,0
SP3-07450,ok,goals+,0,0,0,22296,352697
SP3-07451,ok,debt,0,648,0,0,48867
SP3-07452,ok,debt,11653,27190,0,0,0
SP3-07453,deficit,none,0,0,0,0,117947
SP3-07454,ok,reserve,3211,3210,0,0,306779
SP3-07455,ok,debt,0,723,0,0,44795
SP3-07456,deficit,none,0,0,0,0,600927
SP3-07457,ok,debt,0,6305,0,0,347093
SP3-07458,ok,debt,6990,32419,0,0,0
SP3-07459,ok,debt,0,94368,0,0,729328
SP3-07460,ok,reserve,13481,0,637,0,0
SP3-07461,deficit,none,0,0,0,0,21330
SP3-07462,deficit,none,0,0,0,0,0
SP3-07463,ok,debt,4245,4245,0,0,96314
SP3-07464,ok,reserve,42453,42452,0,0,963140
SP3-07465,ok,debt,241876,241876,0,0,233440
SP3-07466,ok,goals+,0,0,76991,536844,5436761
SP3-07467,ok,debt,0,34117,0,0,145859
SP3-07468,ok,debt,1646,3842,0,0,0
SP3-07469,deficit,none,0,0,0,0,142060
SP3-07470,ok,debt,0,19419,0,0,77497
SP3-07471,deficit,none,0,0,0,0,10136594
SP3-07472,deficit,none,0,0,0,0,0
SP3-07473,deficit,none,0,0,0,0,33710
SP3-07474,deficit,none,0,0,0,0,505189
SP3-07475,deficit,none,0,0,0,0,0
SP3-07476,ok,debt,1706,3983,0,0,0
SP3-07477,ok,reserve,651,0,434,0,0
SP3-07478,ok,debt,2484,5798,0,0,0
SP3-07479,ok,debt,0,1253,0,0,299240
SP3-07480,ok,goals+,0,0,27184,145196,2491770
SP3-07481,deficit,none,0,0,0,0,0
SP3-07482,ok,reserve,39571,0,0,0,0
SP3-07483,deficit,none,0,0,0,0,1178166
SP3-07484,deficit,none,0,0,0,0,0
SP3-07485,ok,debt,0,3491,0,0,30737
SP3-07486,ok,debt,0,48390,0,0,269001
SP3-07487,deficit,none,0,0,0,0,104254
SP3-07488,deficit,none,0,0,0,0,0
SP3-07489,ok,goals+,0,0,20206,0,287246
SP3-07490,deficit,none,0,0,0,0,169986
SP3-07491,deficit,none,0,0,0,0,0
SP3-07492,ok,debt,0,4428,0,0,13895
SP3-07493,deficit,none,0,0,0,0,0
SP3-07494,ok,reserve,651,0,434,0,0
SP3-07495,ok,debt,0,1814,0,0,45970
SP3-07496,deficit,none,0,0,0,0,328442
SP3-07497,ok,reserve,53594,0,35728,0,0
SP3-07498,invalid,none,0,0,0,0,0
SP3-07499,invalid,none,0,0,0,0,0
SP3-07500,deficit,none,0,0,0,0,328130
SP3-07501,ok,goals+,0,0,141951,0,601501
SP3-07502,deficit,none,0,0,0,0,0
SP3-07503,ok,goals+,0,0,2498,9104,0
SP3-07504,ok,debt,0,666,0,0,6806
SP3-07505,ok,goals+,0,0,3219,0,0
SP3-07506,ok,reserve,4923,0,3027,0,0
SP3-07507,deficit,none,0,0,0,0,0
SP3-07508,deficit,none,0,0,0,0,0
SP3-07509,ok,goals+,0,0,0,9130,0
SP3-07510,deficit,none,0,0,0,0,1453020
SP3-07511,deficit,none,0,0,0,0,0
SP3-07512,ok,reserve,2648,2647,0,0,0
SP3-07513,deficit,none,0,0,0,0,1189323
SP3-07514,ok,goals+,0,0,1145,0,0
SP3-07515,ok,debt,4163,9714,0,0,0
SP3-07516,invalid,none,0,0,0,0,0
SP3-07517,deficit,none,0,0,0,0,0
SP3-07518,ok,reserve,835,0,557,0,0
SP3-07519,ok,reserve,21835,0,14556,0,0
SP3-07520,ok,reserve,10652,0,7101,0,0
SP3-07521,ok,debt,1922,4486,0,0,0
SP3-07522,ok,reserve,18096,0,9140,0,0
SP3-07523,ok,debt,0,49501,0,0,364404
SP3-07524,deficit,none,0,0,0,0,4274479
SP3-07525,deficit,none,0,0,0,0,63095
SP3-07526,ok,reserve,30151,0,20101,0,0
SP3-07527,ok,debt,1922,4486,0,0,0
SP3-07528,ok,debt,0,27782,0,0,36947
SP3-07529,ok,debt,0,2424,0,0,4025
SP3-07530,ok,debt,0,12910,0,0,101742
SP3-07531,deficit,none,0,0,0,0,0
SP3-07532,ok,debt,0,8946,0,0,228637
SP3-07533,ok,reserve,97200,0,0,0,0
SP3-07534,deficit,none,0,0,0,0,172932
SP3-07535,deficit,none,0,0,0,0,0
SP3-07536,deficit,none,0,0,0,0,217613
SP3-07537,ok,reserve,5052,0,3368,0,87602
SP3-07538,ok,debt,0,402,0,0,7991
SP3-07539,deficit,none,0,0,0,0,3321781
SP3-07540,ok,reserve,5052,0,3368,0,87602
SP3-07541,ok,reserve,24935,0,4958,0,0
SP3-07542,ok,goals+,0,0,28318,0,4120993
SP3-07543,ok,debt,6706,6706,0,0,0
SP3-07544,ok,goals+,0,0,6059,2891,786324
SP3-07545,ok,debt,0,1234,0,0,97196
SP3-07546,ok,goals+,0,0,394,5905,185664
SP3-07547,deficit,none,0,0,0,0,0
SP3-07548,ok,reserve,24284,24283,0,0,0
SP3-07549,ok,debt,0,29381,0,0,6991
SP3-07550,deficit,none,0,0,0,0,0
SP3-07551,deficit,none,0,0,0,0,0
SP3-07552,ok,debt,0,12341,0,0,971956
SP3-07553,ok,debt,14246,33241,0,0,0
SP3-07554,ok,goals+,0,0,592,9051,90395
SP3-07555,ok,debt,4434,10347,0,0,0
SP3-07556,ok,goals+,0,0,363,0,0
SP3-07557,deficit,none,0,0,0,0,0
SP3-07558,deficit,none,0,0,0,0,22729
SP3-07559,deficit,none,0,0,0,0,455826
SP3-07560,ok,goals+,0,0,549,3583,172336
SP3-07561,ok,debt,23718,23718,0,0,0
SP3-07562,ok,debt,1534,3581,0,0,0
SP3-07563,ok,goals+,0,0,108802427,296536244,2251693441
SP3-07564,ok,debt,0,18834,0,0,62051
SP3-07565,deficit,none,0,0,0,0,97901
SP3-07566,ok,debt,0,12500,0,0,17260
SP3-07567,deficit,none,0,0,0,0,8825552
SP3-07568,deficit,none,0,0,0,0,26218
SP3-07569,ok,reserve,10508,10507,0,0,33859
SP3-07570,ok,reserve,3674,0,2449,0,0
SP3-07571,ok,goals+,230,0,1494,0,0
SP3-07572,ok,goals+,0,0,2279,616,5284901
SP3-07573,ok,debt,0,3514,0,0,35833
SP3-07574,ok,debt,2280,5321,0,0,0
SP3-07575,ok,reserve,1740,1739,0,0,0
SP3-07576,ok,goals+,0,0,115966731,0,4597944396
SP3-07577,ok,debt,12156,12156,0,0,8065
SP3-07578,invalid,none,0,0,0,0,0
SP3-07579,deficit,none,0,0,0,0,84959
SP3-07580,deficit,none,0,0,0,0,0
SP3-07581,deficit,none,0,0,0,0,287233
SP3-07582,ok,debt,0,21368,0,0,140106
SP3-07583,deficit,none,0,0,0,0,17508
SP3-07584,ok,reserve,55805,0,0,0,0
SP3-07585,ok,reserve,6459,6458,0,0,0
SP3-07586,ok,goals+,0,0,8552,0,934407
SP3-07587,ok,debt,2260,14118,0,0,35641
SP3-07588,deficit,none,0,0,0,0,4085420
SP3-07589,deficit,none,0,0,0,0,89215
SP3-07590,deficit,none,0,0,0,0,97901
SP3-07591,ok,debt,0,8082,0,0,130821
SP3-07592,ok,reserve,12167,0,11529,0,0
SP3-07593,invalid,none,0,0,0,0,0
SP3-07594,ok,reserve,221748,0,29299,0,0
SP3-07595,ok,debt,0,21917,0,0,19511
SP3-07596,deficit,none,0,0,0,0,0
SP3-07597,ok,reserve,32503,0,21669,0,0
SP3-07598,deficit,none,0,0,0,0,210923
SP3-07599,ok,reserve,129829,129828,0,0,0
SP3-07600,ok,reserve,1124,1123,0,0,0
SP3-07601,deficit,none,0,0,0,0,6325859
SP3-07602,ok,reserve,1152,1151,0,0,0
SP3-07603,deficit,none,0,0,0,0,122369
SP3-07604,ok,goals+,0,0,6989,0,160791
SP3-07605,deficit,none,0,0,0,0,0
SP3-07606,deficit,none,0,0,0,0,138400
SP3-07607,ok,goals+,0,0,22615,0,361978
SP3-07608,ok,reserve,20181,20180,0,0,0
SP3-07609,deficit,none,0,0,0,0,93381
SP3-07610,ok,reserve,3717,3716,0,0,35464
SP3-07611,ok,reserve,36921,0,0,0,0
SP3-07612,ok,goals+,0,0,10018,6064,6455152
SP3-07613,ok,reserve,19437,0,0,0,0
SP3-07614,ok,goals+,0,0,1895,5405,323685
SP3-07615,ok,reserve,15603,0,10402,0,0
SP3-07616,deficit,none,0,0,0,0,485673
SP3-07617,invalid,none,0,0,0,0,0
SP3-07618,ok,goals+,0,0,0,136295,1985928
SP3-07619,deficit,none,0,0,0,0,1770250
SP3-07620,deficit,none,0,0,0,0,0
SP3-07621,deficit,none,0,0,0,0,392254
SP3-07622,deficit,none,0,0,0,0,12171780
SP3-07623,ok,goals+,0,0,19841,787320,7767335
SP3-07624,ok,goals+,0,0,99751,0,4736746
SP3-07625,deficit,none,0,0,0,0,90085
SP3-07626,ok,debt,0,186976206,0,0,1517648138
SP3-07627,deficit,none,0,0,0,0,2797533
SP3-07628,deficit,none,0,0,0,0,237922
SP3-07629,deficit,none,0,0,0,0,0
SP3-07630,ok,debt,0,21552,0,0,151004
SP3-08000,invalid,none,0,0,0,0,0
SP3-07632,ok,none,0,0,0,0,163020
SP3-07633,deficit,none,0,0,0,0,11714559
SP3-07634,ok,debt,0,29827,0,0,67977
SP3-07635,ok,reserve,129064543,129064542,0,0,0
SP3-07636,ok,goals+,1115,0,3663,4109,0
SP3-07637,ok,debt,0,78855,0,0,545721
SP3-07638,ok,debt,0,32858,0,0,1159532
SP3-07639,ok,debt,0,315884294,0,0,2834407061
SP3-07640,ok,goals+,0,0,0,45077,156563
SP3-07641,deficit,none,0,0,0,0,131243
SP3-07642,ok,debt,0,917,0,0,29445
SP3-07643,invalid,none,0,0,0,0,0
SP3-07644,deficit,none,0,0,0,0,43904
SP3-07645,deficit,none,0,0,0,0,41700
SP3-07646,deficit,none,0,0,0,0,108751
SP3-07647,ok,reserve,123550,0,82366,0,0
SP3-07648,ok,reserve,4657,0,3105,0,23851
SP3-07649,ok,reserve,7319,0,4878,0,0
SP3-07650,ok,reserve,5197,0,0,0,0
SP3-07651,ok,goals+,6226,0,13893,78576,0
SP3-07652,ok,debt,0,857,0,0,36167
SP3-07653,deficit,none,0,0,0,0,0
SP3-07654,ok,debt,3990,3990,0,0,0
SP3-07655,ok,goals+,0,0,14770,0,0
SP3-07656,deficit,none,0,0,0,0,82128
SP3-07657,ok,debt,0,29238,0,0,15667
SP3-07658,deficit,none,0,0,0,0,590824
SP3-07659,ok,debt,6492,15151,0,0,0
SP3-07660,deficit,none,0,0,0,0,0
SP3-07661,ok,goals+,0,0,2871,24439,356530
SP3-07662,ok,reserve,60929,0,0,0,0
SP3-07663,ok,reserve,12158,0,4121,0,0
SP3-07664,ok,goals+,0,0,0,98449,820349
SP3-07665,ok,goals+,0,0,4915,42523,519981
SP3-07666,ok,debt,6068,6068,0,0,183042
SP3-07667,ok,goals+,0,0,109577,320211,1489713
SP3-07668,ok,goals+,0,0,34333,372354,5977463
SP3-07669,ok,debt,21142,44723,0,0,0
SP3-07670,ok,reserve,24030,24029,0,0,0
SP3-07671,ok,debt,947,2211,0,0,0
SP3-07672,deficit,none,0,0,0,0,225063
SP3-07673,ok,debt,0,9190,0,0,83783
SP3-07674,ok,goals+,0,0,6088,0,77551
SP3-07675,ok,goals+,0,0,48112,0,861429
SP3-07676,ok,debt,10825,10825,0,0,0
SP3-07677,deficit,none,0,0,0,0,5966
SP3-07678,ok,debt,4783,11161,0,0,0
SP3-07679,deficit,none,0,0,0,0,340057
SP3-07680,ok,reserve,11484,0,7656,0,0
SP3-07681,deficit,none,0,0,0,0,520223
SP3-07682,ok,goals+,0,0,122,13923,253844
SP3-07683,deficit,none,0,0,0,0,0
SP3-07684,deficit,none,0,0,0,0,858583
SP3-07685,ok,debt,0,13770,0,0,7161
SP3-07686,ok,reserve,178,0,0,0,548542
SP3-07687,ok,goals+,0,0,9860,0,4425379
SP3-07688,ok,reserve,11423,0,3586,0,0
SP3-07689,deficit,none,0,0,0,0,423798
SP3-07690,deficit,none,0,0,0,0,101439
SP3-07691,ok,reserve,19688,0,1837,0,0
SP3-07692,ok,reserve,8928,8927,0,0,25892
SP3-07693,ok,reserve,210194,0,39998,0,0
SP3-07694,ok,goals+,0,0,1688,44770,232305
SP3-07695,ok,debt,2123,2123,0,0,0
SP3-07696,ok,goals+,0,0,3938,50179,701922
SP3-07697,deficit,none,0,0,0,0,318690
SP3-07698,deficit,none,0,0,0,0,64336
SP3-07699,deficit,none,0,0,0,0,41658
SP3-07700,ok,goals+,0,0,3270,4092,188708
SP3-07701,deficit,none,0,0,0,0,238194
SP3-07702,deficit,none,0,0,0,0,16068
SP3-07703,ok,debt,0,10179,0,0,40704
SP3-07704,ok,goals+,0,0,46748,12626,748318
SP3-07705,ok,debt,0,1282,0,0,82397
SP3-07706,ok,goals+,0,0,0,14411,60306
SP3-07707,deficit,none,0,0,0,0,22047
SP3-07708,ok,debt,3990,3990,0,0,0
SP3-07709,deficit,none,0,0,0,0,28981
SP3-07710,ok,debt,13009,13009,0,0,0
SP3-07711,ok,debt,0,10648,0,0,10175
SP3-07712,ok,debt,0,7155,0,0,101459
SP3-07713,deficit,none,0,0,0,0,410151
SP3-07714,ok,debt,0,22024,0,0,138247
SP3-07715,deficit,none,0,0,0,0,389524
SP3-07716,ok,goals+,0,0,0,6749,0
SP3-07717,ok,reserve,5140,0,3426,0,0
SP3-07718,ok,goals+,0,0,144667,28911,67939
SP3-07719,ok,debt,0,20374,0,0,146840
SP3-07720,deficit,none,0,0,0,0,0
SP3-07721,deficit,none,0,0,0,0,0
SP3-02827,invalid,none,0,0,0,0,0
SP3-07723,ok,debt,0,10049,0,0,1251372
SP3-11866,invalid,none,0,0,0,0,0
SP3-07725,deficit,none,0,0,0,0,349435
SP3-07726,deficit,none,0,0,0,0,8257135
SP3-07727,deficit,none,0,0,0,0,49991
SP3-07728,deficit,none,0,0,0,0,156033
SP3-07729,deficit,none,0,0,0,0,589780
SP3-07730,deficit,none,0,0,0,0,15216411
SP3-07731,ok,goals+,0,0,961,0,337701
SP3-07732,ok,goals+,0,0,120554,0,5015550
SP3-07733,ok,debt,251,251,0,0,0
SP3-07734,deficit,none,0,0,0,0,4335403
SP3-07735,ok,goals+,0,0,2943,233459,307283
SP3-07736,ok,debt,0,13411,0,0,11265
SP3-07737,ok,debt,251,251,0,0,0
SP3-07738,ok,debt,0,42698,0,0,67306
SP3-07739,deficit,none,0,0,0,0,0
SP3-07740,deficit,none,0,0,0,0,0
SP3-07741,ok,reserve,9671,0,6447,0,0
SP3-07742,deficit,none,0,0,0,0,93372
SP3-07743,ok,reserve,2199,0,1465,0,0
SP3-07744,deficit,none,0,0,0,0,24043
SP3-07745,ok,debt,646,1508,0,0,0
SP3-07746,ok,debt,1464,3418,0,0,0
SP3-07747,ok,debt,0,7818,0,0,184227
SP3-07748,ok,goals+,0,0,0,13686,652866
SP3-07749,invalid,none,0,0,0,0,0
SP3-07750,deficit,none,0,0,0,0,70230
SP3-07751,deficit,none,0,0,0,0,0
SP3-07752,ok,debt,0,3854,0,0,6351
SP3-07753,ok,goals+,0,0,13524,0,0
SP3-07754,ok,goals+,0,0,119211,0,125773
SP3-07755,ok,debt,8150,8150,0,0,42786
SP3-07756,deficit,none,0,0,0,0,1647232
SP3-07757,ok,debt,0,2047,0,0,7994
SP3-07758,ok,goals+,0,0,29898,378690,7996863
SP3-07759,ok,reserve,68699,0,45799,0,0
SP3-07760,ok,debt,0,8615,0,0,1080754
SP3-07761,deficit,none,0,0,0,0,21105731
SP3-07762,deficit,none,0,0,0,0,0
SP3-07763,ok,goals+,0,0,14784,3522,493604
SP3-07764,ok,debt,0,21666,0,0,66453
SP3-07765,ok,debt,0,367366172,0,0,5726138012
SP3-07766,ok,debt,15464,15464,0,0,19678
SP3-07767,ok,debt,1613,3765,0,0,0
SP3-07768,invalid,none,0,0,0,0,0
SP3-07769,ok,goals+,0,0,204910,0,6318364
SP3-07770,ok,debt,0,299724189,0,0,4070812129
SP3-07771,ok,goals+,0,0,11993,14415,1919932
SP3-07772,ok,debt,0,5843,0,0,110127
SP3-07773,ok,goals+,0,0,10305,95295,102098
SP3-07774,ok,reserve,3197,3196,0,0,0
SP3-07775,ok,debt,0,15730,0,0,18292
SP3-07776,ok,goals+,0,0,4611,29320,398898
SP3-07777,invalid,none,0,0,0,0,0
SP3-07778,ok,reserve,5825,0,2243,0,0
SP3-07779,deficit,none,0,0,0,0,0
SP3-07780,deficit,none,0,0,0,0,71909
SP3-07781,ok,reserve,1725,0,1149,0,67095
SP3-07782,deficit,none,0,0,0,0,0
SP3-07783,ok,reserve,34316,0,3406,0,0
SP3-07784,deficit,none,0,0,0,0,264000
SP3-07785,ok,goals+,0,0,35464,220139,2586142
SP3-07786,ok,reserve,1943,0,1295,0,113340
SP3-07787,ok,debt,0,1185,0,0,85180
SP3-07788,deficit,none,0,0,0,0,79600
SP3-07789,ok,goals+,0,0,551,3067,210393
SP3-07790,ok,reserve,7086,0,4724,0,0
SP3-07791,ok,goals+,0,0,34721,0,76249
SP3-07792,ok,debt,0,19067,0,0,18521
SP3-07793,invalid,none,0,0,0,0,0
SP3-07794,ok,debt,3714,8667,0,0,0
SP3-07795,deficit,none,0,0,0,0,210906
SP3-07796,ok,goals+,0,0,10088,43962,127920
SP3-07797,ok,debt,0,34312,0,0,48613
SP3-07798,ok,debt,0,72718,0,0,720204
SP3-07799,ok,reserve,681,0,453,0,0
SP3-07800,deficit,none,0,0,0,0,0
SP3-07801,deficit,none,0,0,0,0,0
SP3-07802,invalid,none,0,0,0,0,0
SP3-07803,ok,reserve,21622,0,1489,0,0
SP3-07804,deficit,none,0,0,0,0,14537
SP3-07805,deficit,none,0,0,0,0,1174265
SP3-07806,ok,goals+,0,0,0,2536,184546
SP3-07807,ok,debt,1798,7490,0,0,0
SP3-07808,invalid,none,0,0,0,0,0
SP3-07809,ok,reserve,47382,0,0,0,0
SP3-07810,deficit,none,0,0,0,0,0
SP3-07811,ok,reserve,24596,24595,0,0,331225
SP3-07812,ok,goals+,0,0,9345,5887,381894
SP3-07813,ok,reserve,1701,0,1133,0,0
SP3-07814,deficit,none,0,0,0,0,1560844
SP3-07815,ok,goals+,0,0,487,9061,141362
SP3-07816,deficit,none,0,0,0,0,0
SP3-07817,deficit,none,0,0,0,0,0
SP3-07818,ok,debt,0,61443,0,0,40101
SP3-07819,ok,debt,0,15626,0,0,17592
SP3-07820,ok,debt,0,10183,0,0,27573
SP3-07821,ok,goals+,3034,0,0,13159,0
SP3-07822,ok,debt,0,3228,0,0,226382
SP3-07823,deficit,none,0,0,0,0,3193137
SP3-07824,ok,debt,1941,4529,0,0,0
SP3-07825,ok,debt,3814,3814,0,0,0
SP3-07826,deficit,none,0,0,0,0,0
SP3-07827,ok,goals+,0,0,495,28524,172702
SP3-07828,ok,reserve,6810,0,4539,0,0
SP3-07829,deficit,none,0,0,0,0,126892
SP3-07830,ok,debt,3595,8388,0,0,0
SP3-07831,ok,reserve,16029,0,229,0,0
SP3-07832,ok,reserve,12045,0,8030,0,0
SP3-07833,deficit,none,0,0,0,0,160995
SP3-07834,invalid,none,0,0,0,0,0
SP3-07835,deficit,none,0,0,0,0,80806
SP3-07836,invalid,none,0,0,0,0,0
SP3-07837,deficit,none,0,0,0,0,160995
SP3-07838,ok,debt,12725,59766,0,0,0
SP3-07839,deficit,none,0,0,0,0,0
SP3-07840,ok,debt,196,196,0,0,0
SP3-07841,ok,debt,0,2455,0,0,58466
SP3-07842,ok,goals+,0,0,6881,0,428002
SP3-07843,ok,reserve,81508,0,5712,0,0
SP3-07844,deficit,none,0,0,0,0,3596112
SP3-07845,ok,none,0,0,0,0,0
SP3-07846,ok,debt,0,7101,0,0,115545
SP3-07847,ok,debt,0,9913,0,0,22964
SP3-07848,ok,debt,13124,13124,0,0,0
SP3-07849,ok,goals+,0,0,1086,74210,3018645
SP3-07850,ok,reserve,14930,0,9953,0,0
SP3-07851,deficit,none,0,0,0,0,393589
SP3-07852,deficit,none,0,0,0,0,1372802
SP3-07853,ok,debt,0,6647,0,0,203068
SP3-07854,ok,reserve,8349,0,699,0,0
SP3-07855,ok,reserve,3820,0,2546,0,0
SP3-07856,ok,reserve,17396,0,7735,0,0
SP3-07857,ok,reserve,1854,0,1235,0,0
SP3-07858,deficit,none,0,0,0,0,0
SP3-07859,ok,reserve,27151,0,2613,0,0
SP3-07860,deficit,none,0,0,0,0,0
SP3-07861,deficit,none,0,0,0,0,2486518
SP3-07862,ok,debt,0,58504,0,0,1846791
SP3-07863,ok,reserve,15464,0,10308,0,162981
SP3-07864,ok,debt,0,29666,0,0,429511
SP3-07865,ok,goals+,0,0,22057,136276,4816827
SP3-07866,ok,reserve,725,724,0,0,39013
SP3-07867,deficit,none,0,0,0,0,28781
SP3-07868,ok,debt,0,119570,0,0,414287
SP3-07869,deficit,none,0,0,0,0,45745
SP3-07870,ok,goals+,0,5355,87154,223658,3235830
SP3-07871,deficit,none,0,0,0,0,8141128
SP3-07872,deficit,none,0,0,0,0,2271787
SP3-07873,ok,debt,0,11448,0,0,107178
SP3-07874,ok,reserve,22625,22624,0,0,0
SP3-07875,invalid,none,0,0,0,0,0
SP3-07876,ok,goals+,0,0,11479,256452,1421185
SP3-07877,deficit,none,0,0,0,0,0
SP3-07878,ok,debt,0,2177,0,0,26084
SP3-07879,ok,debt,0,6647,0,0,203068
SP3-07880,ok,goals+,0,0,31047,0,326476
SP3-07881,invalid,none,0,0,0,0,0
SP3-07882,ok,debt,0,18477,0,0,36558
SP3-07883,deficit,none,0,0,0,0,55277
SP3-07884,ok,reserve,4417,4416,0,0,0
SP3-07885,ok,goals+,0,0,9940,40552,255591
SP3-07886,ok,debt,0,708,0,0,100580
SP3-07887,ok,goals+,0,0,17135,0,151221
SP3-07888,deficit,none,0,0,0,0,32652
SP3-07889,deficit,none,0,0,0,0,676689
SP3-07890,deficit,none,0,0,0,0,0
SP3-07891,ok,reserve,32366,0,5680,0,0
SP3-07892,ok,reserve,5655,0,3770,0,0
SP3-07893,ok,reserve,135,134,0,0,0
SP3-07894,ok,reserve,42347,0,28231,0,0
SP3-07895,ok,goals+,0,0,0,3068,0
SP3-07896,deficit,none,0,0,0,0,380152
SP3-07897,deficit,none,0,0,0,0,242823
SP3-07898,deficit,none,0,0,0,0,0
SP3-07899,ok,reserve,48996,0,0,0,0
SP3-07900,ok,reserve,978,0,0,0,0
SP3-07901,deficit,none,0,0,0,0,27797
SP3-07902,deficit,none,0,0,0,0,676689
SP3-07903,ok,goals+,0,0,1725,1919,0
SP3-07904,ok,debt,0,12564,0,0,82478
SP3-07905,ok,debt,3968,9259,0,0,0
SP3-07906,deficit,none,0,0,0,0,3079212
SP3-07907,ok,debt,2188,5105,0,0,0
SP3-07908,deficit,none,0,0,0,0,204794
SP3-07909,deficit,none,0,0,0,0,0
SP3-07910,ok,debt,364,852,0,0,0
SP3-07911,ok,debt,0,5006,0,0,44760
SP3-07912,ok,debt,0,2870,0,0,41273
SP3-07913,ok,debt,0,8373,0,0,1603
SP3-07914,ok,debt,0,2556,0,0,58717
SP3-07915,ok,none,0,0,0,0,0
SP3-07916,deficit,none,0,0,0,0,85962
SP3-07917,deficit,none,0,0,0,0,673254
SP3-07918,ok,debt,11640,27162,0,0,0
SP3-07919,ok,debt,25428,25428,0,0,0
SP3-07920,deficit,none,0,0,0,0,0
SP3-07921,ok,reserve,9644,0,6200,0,0
SP3-07922,deficit,none,0,0,0,0,35642
SP3-07923,ok,reserve,11699,0,0,0,0
SP3-07924,deficit,none,0,0,0,0,5347064
SP3-07925,ok,debt,0,14013,0,0,140846
SP3-07926,ok,reserve,6335,0,2490,0,0
SP3-07927,ok,reserve,103740,0,1699,0,0
SP3-07928,deficit,none,0,0,0,0,415641
SP3-07929,deficit,none,0,0,0,0,1183375
SP3-07930,ok,reserve,11291,11290,0,0,0
SP3-07931,ok,reserve,1706,0,1137,0,0
SP3-07932,deficit,none,0,0,0,0,0
SP3-07933,ok,goals+,0,0,11910,0,121884
SP3-07934,ok,reserve,77872,0,0,0,0
SP3-07935,deficit,none,0,0,0,0,96378
SP3-07936,deficit,none,0,0,0,0,85894
SP3-07937,deficit,none,0,0,0,0,0
SP3-07938,ok,debt,0,111252,18665,5526,225393
SP3-07939,ok,goals+,0,0,61251,97368,1043008
SP3-07940,ok,debt,0,14013,0,0,144650
SP3-07941,ok,goals+,0,0,0,1798,252488
SP3-07942,deficit,none,0,0,0,0,0
SP3-07943,ok,debt,0,32980,0,0,309099
SP3-07944,deficit,none,0,0,0,0,3926924
SP3-07945,invalid,none,0,0,0,0,0
SP3-07946,ok,debt,0,14547,0,0,81421
SP3-07947,deficit,none,0,0,0,0,259202
SP3-07948,deficit,none,0,0,0,0,9379280
SP3-07949,ok,debt,58,58,0,0,0
SP3-07950,deficit,none,0,0,0,0,0
SP3-07951,ok,goals+,0,0,0,124050,2316460
SP3-07952,ok,debt,10509,10509,0,0,0
SP3-07953,ok,debt,0,154477157,0,0,988817996
SP3-07954,ok,debt,0,22074,0,0,196435
SP3-07955,deficit,none,0,0,0,0,260751
SP3-07956,ok,debt,0,14071,0,0,55662
SP3-07957,ok,goals+,0,0,55974,161384,5573873
SP3-07958,deficit,none,0,0,0,0,1200360
SP3-07959,ok,reserve,1486,0,990,0,0
SP3-07960,deficit,none,0,0,0,0,20117
SP3-07961,deficit,none,0,0,0,0,272739
SP3-07962,ok,goals+,0,0,0,28085,429867
SP3-07963,deficit,none,0,0,0,0,0
SP3-07964,ok,debt,3108,3108,0,0,0
SP3-07965,ok,debt,0,60371,0,0,325773
SP3-07966,ok,goals+,0,0,9174,0,2080755
SP3-07967,invalid,none,0,0,0,0,0
SP3-07968,ok,goals+,0,0,2239,387,655660
SP3-07969,deficit,none,0,0,0,0,0
SP3-07970,deficit,none,0,0,0,0,45628
SP3-07971,ok,debt,0,3664,0,0,25068
SP3-07972,ok,goals+,0,0,9907,3552,63740
SP3-07973,ok,goals+,0,0,3836,0,329515
SP3-07974,ok,debt,0,138883,0,0,4564449
SP3-07975,deficit,none,0,0,0,0,540624
SP3-07976,ok,goals+,0,0,58636,0,332966
SP3-07977,ok,debt,14457,14457,0,0,0
SP3-07978,ok,debt,0,12677,0,0,38705
SP3-07979,ok,debt,0,95210,0,0,560750
SP3-07980,ok,debt,0,16215,0,0,39242
SP3-07981,deficit,none,0,0,0,0,102885
SP3-07982,deficit,none,0,0,0,0,51123
SP3-07983,ok,reserve,27560,0,3937,0,0
SP3-07984,ok,debt,0,2815,0,0,67131
SP3-07985,ok,goals+,0,0,4305,2964,241104
SP3-07986,ok,debt,0,68364,0,0,49088
SP3-07987,ok,debt,4234,4234,0,0,0
SP3-07988,ok,goals+,0,0,24280,0,1510588
SP3-07989,deficit,none,0,0,0,0,74867
SP3-07990,ok,goals+,0,0,7171,4310,1030822
SP3-07991,deficit,none,0,0,0,0,0
SP3-07992,ok,debt,6770,6770,0,0,0
SP3-07993,ok,debt,0,7652,0,0,79458
SP3-07994,ok,reserve,31099,0,2410,0,0
SP3-07995,ok,debt,0,15322,0,0,324470
SP3-07996,deficit,none,0,0,0,0,1252304
SP3-07997,deficit,none,0,0,0,0,0
SP3-07998,ok,debt,0,1305,0,0,64173
SP3-07999,ok,goals+,0,0,0,442531,7615605
SP3-08000,ok,debt,0,13240,0,0,118571
SP3-08001,deficit,none,0,0,0,0,729182
SP3-08002,deficit,none,0,0,0,0,0
SP3-08003,ok,reserve,2511,0,1673,0,1860565
SP3-08004,ok,reserve,3534,0,0,0,17484
SP3-08005,deficit,none,0,0,0,0,2592024
SP3-08006,deficit,none,0,0,0,0,3312780
SP3-08007,ok,debt,50968,50968,0,0,58097
SP3-08008,invalid,none,0,0,0,0,0
SP3-08009,ok,debt,6927,16165,0,0,0
SP3-08010,deficit,none,0,0,0,0,0
SP3-08011,deficit,none,0,0,0,0,466699
SP3-08012,ok,reserve,4903,0,422,0,0
SP3-08013,ok,reserve,106995,0,2206,0,0
SP3-08014,deficit,none,0,0,0,0,45003
SP3-08015,ok,goals+,0,0,6358,3665,0
SP3-08016,ok,debt,0,9507,0,0,53219
SP3-08017,deficit,none,0,0,0,0,0
SP3-08018,deficit,none,0,0,0,0,472751
SP3-08019,ok,debt,13257,30934,0,0,0
SP3-08020,ok,debt,0,80630,0,0,344947
SP3-08021,ok,reserve,10087,0,0,0,0
SP3-08022,ok,goals+,0,0,682,67980,6914207
SP3-08023,ok,reserve,7249,0,2863,0,0
SP3-08024,ok,reserve,19531,0,4205,0,0
SP3-08025,deficit,none,0,0,0,0,2836214
SP3-08026,ok,goals+,0,0,19066,51772,6883782
SP3-08027,deficit,none,0,0,0,0,0
SP3-08028,ok,debt,1715,1715,0,0,0
SP3-08029,ok,debt,1539,3834,0,0,0
SP3-08030,ok,debt,2745,2745,0,0,0
SP3-08031,deficit,none,0,0,0,0,17013
SP3-08032,deficit,none,0,0,0,0,0
SP3-08033,deficit,none,0,0,0,0,12136332
SP3-08034,ok,goals+,0,0,5994,10173,0
SP3-08035,ok,debt,9468,22928,0,0,0
SP3-08036,ok,reserve,1384,1383,0,0,0
SP3-08037,ok,debt,3297,3297,0,0,0
SP3-08038,ok,goals+,0,0,3412,1517,60103
SP3-08039,deficit,none,0,0,0,0,22723
SP3-08040,deficit,none,0,0,0,0,8471
SP3-08041,deficit,none,0,0,0,0,142398
SP3-08042,ok,reserve,12106,0,8070,0,63708
SP3-08043,ok,none,0,0,0,0,0
SP3-08044,ok,debt,0,49770,0,0,160641
SP3-08045,ok,reserve,60841,0,13805,0,0
SP3-08046,ok,goals+,0,0,0,10147,70756
SP3-08047,invalid,none,0,0,0,0,0
SP3-08048,deficit,none,0,0,0,0,142295
SP3-08049,deficit,none,0,0,0,0,10134
SP3-08050,deficit,none,0,0,0,0,0
SP3-08051,deficit,none,0,0,0,0,0
SP3-08052,ok,debt,35,35,0,0,0
SP3-08053,ok,goals+,0,0,12768,41077,0
SP3-08054,ok,debt,0,10602,0,0,199275
SP3-08055,deficit,none,0,0,0,0,432817
SP3-08056,ok,debt,0,202411,0,0,7168859
SP3-08057,ok,debt,0,31482,0,0,6777
SP3-08058,ok,goals+,0,0,2888,19342,155027
SP3-08059,invalid,none,0,0,0,0,0
SP3-08060,deficit,none,0,0,0,0,5332438
SP3-08061,ok,goals+,0,0,115448,0,5846544
SP3-08062,ok,debt,0,8849,0,0,72911
SP3-08063,ok,debt,0,8676,0,0,452265
SP3-08064,deficit,none,0,0,0,0,16888
SP3-08065,ok,reserve,20277,0,13517,0,0
SP3-08066,ok,debt,0,18226,0,0,191919
SP3-08067,ok,debt,0,66040,0,0,7391239
SP3-08068,ok,none,0,0,0,0,0
SP3-08069,deficit,none,0,0,0,0,0
SP3-08070,ok,debt,4238,9889,0,0,0
SP3-08071,deficit,none,0,0,0,0,14055
SP3-08072,ok,reserve,19956,0,13303,0,0
SP3-08073,invalid,none,0,0,0,0,0
SP3-08074,deficit,none,0,0,0,0,310235
SP3-08075,ok,debt,0,28046,0,0,22643
SP3-08076,ok,debt,15090,15090,0,0,0
SP3-08077,ok,reserve,304794137,0,0,0,0
SP3-08078,ok,none,0,0,0,0,0
SP3-08079,deficit,none,0,0,0,0,612667
SP3-08080,deficit,none,0,0,0,0,0
SP3-08081,ok,goals+,0,0,2266,45070,73699
SP3-08082,ok,goals+,0,0,81794,0,5208127
SP3-08083,invalid,none,0,0,0,0,0
SP3-08084,ok,debt,4301,10036,0,0,0
SP3-08085,deficit,none,0,0,0,0,1322724
SP3-08086,invalid,none,0,0,0,0,0
SP3-08087,ok,reserve,136,135,0,0,0
SP3-08088,ok,reserve,22327,22326,0,0,111432
SP3-08089,deficit,none,0,0,0,0,779037
SP3-08090,ok,reserve,1904,1903,0,0,0
SP3-08091,ok,goals+,0,0,242,4560,537236
SP3-08092,ok,reserve,1578,0,1051,0,0
SP3-08093,deficit,none,0,0,0,0,88369
SP3-08094,deficit,none,0,0,0,0,1946805
SP3-08095,ok,reserve,16340,0,10893,0,0
SP3-08096,ok,goals+,0,0,2952,6982,0
SP3-08097,ok,debt,0,44508,0,0,1374658
SP3-08098,ok,goals+,0,0,14080,0,753385
SP3-08099,deficit,none,0,0,0,0,720272
SP3-08100,ok,debt,0,583,0,0,222466
SP3-08101,deficit,none,0,0,0,0,0
SP3-08102,ok,debt,0,252072,0,0,212572
SP3-08103,ok,debt,0,12616,0,0,184541
SP3-08104,ok,reserve,118271,0,78847,0,0
SP3-08105,ok,reserve,30346373,0,20230914,0,0
SP3-08106,ok,reserve,1479,1478,0,0,0
SP3-08107,invalid,none,0,0,0,0,0
SP3-08108,deficit,none,0,0,0,0,0
SP3-08109,deficit,none,0,0,0,0,821176
SP3-08110,ok,goals+,0,0,650,0,176104
SP3-08111,ok,debt,8702,20305,0,0,0
SP3-08112,ok,goals+,0,0,19739,0,127593
SP3-08113,ok,reserve,27912,0,5945,0,0
SP3-08114,deficit,none,0,0,0,0,977803
SP3-08115,deficit,none,0,0,0,0,37154
SP3-08116,ok,goals+,0,0,61713,0,1062608
SP3-08117,ok,debt,8580,8580,0,0,0
SP3-08118,deficit,none,0,0,0,0,2751455
SP3-08119,deficit,none,0,0,0,0,0
SP3-08120,ok,goals+,0,0,42006,492564,4163558
SP3-08121,deficit,none,0,0,0,0,10016
SP3-08122,ok,goals+,0,0,10628,1478,546290
SP3-08123,ok,reserve,33237,0,0,0,305700
SP3-08124,ok,goals+,0,0,8767,6797,523278
SP3-08125,ok,reserve,392,391,0,0,0
SP3-08126,invalid,none,0,0,0,0,0
SP3-08127,ok,reserve,40220,0,1979,0,402044
SP3-08128,deficit,none,0,0,0,0,0
SP3-08129,deficit,none,0,0,0,0,81945
SP3-08130,ok,reserve,4931,0,3287,0,0
SP3-08131,ok,debt,2143,5002,0,0,0
SP3-08132,ok,reserve,699,0,466,0,0
SP3-08133,ok,debt,0,36958,0,0,1670978
SP3-08134,deficit,none,0,0,0,0,739728
SP3-08135,deficit,none,0,0,0,0,0
SP3-08136,ok,reserve,29756,0,0,0,0
SP3-08137,deficit,none,0,0,0,0,0
SP3-08138,ok,goals+,0,0,255,742,153053
SP3-08139,deficit,none,0,0,0,0,0
SP3-08140,ok,debt,30961,30961,0,0,0
SP3-08141,deficit,none,0,0,0,0,4207914
SP3-08142,ok,goals+,0,0,51311,0,692389
SP3-08143,ok,goals+,0,0,1809,1226,0
SP3-08144,ok,goals+,0,0,2556,3838,144333
SP3-08145,deficit,none,0,0,0,0,583285
SP3-08146,ok,goals+,0,0,24574,0,138120
SP3-08147,ok,debt,5112,11930,0,0,0
SP3-11130,invalid,none,0,0,0,0,0
SP3-08149,ok,goals+,0,0,354,29297,84367
SP3-08150,deficit,none,0,0,0,0,373562
SP3-08151,deficit,none,0,0,0,0,0
SP3-08152,deficit,none,0,0,0,0,0
SP3-08153,deficit,none,0,0,0,0,6824929
SP3-08154,ok,goals+,0,0,2639,9585,83890
SP3-08155,ok,debt,11189,11189,0,0,0
SP3-08156,invalid,none,0,0,0,0,0
SP3-08157,deficit,none,0,0,0,0,0
SP3-08158,ok,debt,0,38305,0,0,1247602
SP3-08159,deficit,none,0,0,0,0,0
SP3-08160,deficit,none,0,0,0,0,85473
SP3-08161,ok,goals+,0,0,41796,0,12268571
SP3-08162,ok,debt,0,4870,0,0,666
SP3-08163,ok,debt,0,186462,0,0,747146
SP3-08164,deficit,none,0,0,0,0,101175
SP3-08165,ok,goals+,0,0,8790,0,0
SP3-08166,ok,goals+,0,0,5899,51192,64997
SP3-08167,deficit,none,0,0,0,0,0
SP3-08168,deficit,none,0,0,0,0,0
SP3-08169,deficit,none,0,0,0,0,81190
SP3-08170,deficit,none,0,0,0,0,0
SP3-08171,ok,debt,330,1394,0,0,69758
SP3-08172,deficit,none,0,0,0,0,0
SP3-08173,ok,goals+,0,0,89199,31747,19762877
SP3-08174,ok,goals+,0,0,1555,21511,92281
SP3-08175,ok,goals+,0,0,0,4858,673234
SP3-08176,ok,debt,49566926,849213246,33044617,0,324588047
SP3-08177,ok,goals+,0,0,5594,0,89724
SP3-08178,deficit,none,0,0,0,0,0
SP3-08179,deficit,none,0,0,0,0,0
SP3-08180,ok,debt,0,1582,0,0,53339
SP3-08181,ok,debt,0,26953,0,0,1399
SP3-08182,ok,debt,11189,11189,0,0,0
SP3-08183,ok,reserve,7600,7599,0,0,0
SP3-08184,invalid,none,0,0,0,0,0
SP3-08185,ok,goals+,0,0,1782,25340,224025
SP3-08186,deficit,none,0,0,0,0,0
SP3-08187,deficit,none,0,0,0,0,0
SP3-08188,ok,reserve,14459,0,9639,0,0
SP3-08189,ok,debt,3391,3391,0,0,0
SP3-08190,ok,debt,0,4956,0,0,35476
SP3-08191,ok,reserve,5401,0,3600,0,0
SP3-08192,ok,debt,3168,7393,0,0,0
SP3-08193,deficit,none,0,0,0,0,0
SP3-08194,ok,reserve,1608,0,1071,0,0
SP3-08195,deficit,none,0,0,0,0,130894
SP3-08196,ok,goals+,0,0,0,120950,1331338
SP3-08197,ok,goals+,0,0,0,10906,0
SP3-08198,invalid,none,0,0,0,0,0
SP3-08199,ok,debt,6229,14535,0,0,0
SP3-08200,deficit,none,0,0,0,0,0
SP3-08201,ok,debt,0,9907,0,0,4681
SP3-08202,deficit,none,0,0,0,0,0
SP3-08203,ok,goals+,0,0,0,62536,230331
SP3-08204,ok,debt,9685,9685,0,0,0
SP3-08205,deficit,none,0,0,0,0,0
SP3-08206,ok,debt,0,1478,0,0,30602
SP3-08207,ok,reserve,36703,0,714,0,0
SP3-08208,ok,debt,0,9629,0,0,57250
SP3-08209,ok,reserve,79015,0,16094,0,0
SP3-08210,deficit,none,0,0,0,0,0
SP3-08211,ok,reserve,9361,0,6240,0,0
SP3-08212,invalid,none,0,0,0,0,0
SP3-08213,deficit,none,0,0,0,0,0
SP3-08214,ok,goals+,0,0,28646,338671,1148887
SP3-08215,ok,reserve,15315,0,4513,0,0
SP3-08216,deficit,none,0,0,0,0,1997956
SP3-08217,deficit,none,0,0,0,0,0
SP3-08218,ok,debt,1168,1168,0,0,0
SP3-08219,ok,reserve,2152,0,1434,0,0
SP3-08220,ok,reserve,1973,0,1315,0,0
SP3-08221,ok,reserve,2541,2540,0,0,5021
SP3-08222,deficit,none,0,0,0,0,124732
SP3-08223,ok,debt,0,18601,0,0,52101
SP3-08224,deficit,none,0,0,0,0,0
SP3-08225,invalid,none,0,0,0,0,0
SP3-08226,ok,reserve,29386,0,5675,0,0
SP3-08227,ok,goals+,0,0,2900,0,873755
SP3-08228,ok,reserve,15660,0,10439,0,0
SP3-08229,ok,debt,9895,9895,0,0,0
SP3-08230,ok,reserve,11473,0,0,0,0
SP3-08231,ok,debt,5469,12762,0,0,0
SP3-08232,deficit,none,0,0,0,0,3767806
SP3-08233,ok,reserve,5274,0,3515,0,0
SP3-08234,ok,reserve,2743,2742,0,0,0
SP3-08235,ok,reserve,4865,0,3243,0,0
SP3-08236,deficit,none,0,0,0,0,124
SP3-08237,ok,debt,0,11522,0,0,110743
SP3-08238,ok,debt,0,6127,0,0,31966
SP3-08239,ok,debt,0,28191,0,0,64283
SP3-08240,deficit,none,0,0,0,0,0
SP3-08241,ok,goals+,0,0,51982,0,14344216
SP3-08242,ok,goals+,7471,0,61688,0,0
SP3-08243,ok,debt,0,10009,0,0,555682
SP3-08244,deficit,none,0,0,0,0,0
SP3-08245,ok,debt,21226,49528,0,0,0
SP3-08246,deficit,none,0,0,0,0,15274
SP3-08247,ok,none,0,0,0,0,0
SP3-08248,deficit,none,0,0,0,0,51382
SP3-08249,ok,reserve,17522,17521,0,0,0
SP3-08250,ok,debt,3880,9055,0,0,0
SP3-08251,ok,debt,1105,2579,0,0,0
SP3-08252,ok,reserve,6062,0,4041,0,38696
SP3-08253,ok,debt,0,30292,0,0,67711
SP3-08254,ok,debt,20102,20102,0,0,0
SP3-08255,ok,goals+,0,0,0,66896,8860832
SP3-08256,ok,reserve,21517,0,4231,10274,0
SP3-08257,ok,goals+,0,0,4788,4381,407936
SP3-08258,ok,goals+,0,0,1508,6217,113598
SP3-08259,ok,debt,0,993,0,0,70860
SP3-08260,ok,reserve,11350,0,0,0,0
SP3-08261,ok,reserve,42659,42658,0,0,0
SP3-08262,ok,reserve,1312,0,874,0,0
SP3-08263,ok,goals+,0,0,17623,217247,330999
SP3-08264,ok,reserve,1501,1500,0,0,31496
SP3-08265,deficit,none,0,0,0,0,1980323
SP3-08266,deficit,none,0,0,0,0,267987
SP3-08267,invalid,none,0,0,0,0,0
SP3-08268,deficit,none,0,0,0,0,0
SP3-08269,ok,debt,1549,3617,0,0,0
SP3-08270,deficit,none,0,0,0,0,33850
SP3-08271,ok,reserve,3143,0,1126,0,0
SP3-08272,deficit,none,0,0,0,0,906095
SP3-08273,invalid,none,0,0,0,0,0
SP3-08274,deficit,none,0,0,0,0,74847
SP3-08275,ok,goals+,0,0,30468,202082,8392868
SP3-08276,ok,reserve,7098,0,0,0,0
SP3-08277,ok,debt,0,6341,0,0,236651
SP3-08278,deficit,none,0,0,0,0,19863
SP3-08279,ok,debt,0,75050,0,0,706037
SP3-08280,deficit,none,0,0,0,0,19863
SP3-08281,deficit,none,0,0,0,0,0
SP3-08282,ok,debt,0,3397,0,0,47325
SP3-08283,ok,debt,9419,9419,0,0,0
SP3-08284,ok,reserve,1233,0,821,0,0
SP3-08285,ok,goals+,0,0,15497,0,542952
SP3-08286,invalid,none,0,0,0,0,0
SP3-08287,ok,debt,0,13203,0,0,37264
SP3-08288,deficit,none,0,0,0,0,59392
SP3-08289,ok,debt,0,28930,0,0,272495
SP3-08290,ok,goals+,0,0,0,111610,3033337
SP3-08291,deficit,none,0,0,0,0,3488496
SP3-08292,ok,goals+,0,0,0,18980,427446
SP3-08293,ok,reserve,202690,0,201615,0,0
SP3-08294,deficit,none,0,0,0,0,1454838
SP3-08295,invalid,none,0,0,0,0,0
SP3-08296,ok,reserve,10782,0,7188,0,0
SP3-08297,ok,debt,0,63842,0,0,1419713
SP3-08298,ok,debt,364,364,0,0,0
SP3-08299,deficit,none,0,0,0,0,0
SP3-08300,ok,goals+,0,0,1381,0,2413058
SP3-08301,deficit,none,0,0,0,0,120534
SP3-08302,deficit,none,0,0,0,0,0
SP3-08303,ok,goals+,0,0,0,30145,135835
SP3-08304,ok,reserve,5701,0,3800,0,0
SP3-08305,ok,debt,1092,2551,0,0,0
SP3-08306,deficit,none,0,0,0,0,2123179
SP3-08307,ok,goals+,0,0,11883,4020,0
SP3-08308,deficit,none,0,0,0,0,6694954
SP3-08309,deficit,none,0,0,0,0,0
SP3-08310,deficit,none,0,0,0,0,0
SP3-08311,deficit,none,0,0,0,0,621232
SP3-08312,deficit,none,0,0,0,0,411444
SP3-08313,ok,goals+,0,0,6216,7291,0
SP3-08314,ok,reserve,21682,21681,0,0,0
SP3-08315,deficit,none,0,0,0,0,0
SP3-08316,deficit,none,0,0,0,0,433695
SP3-08317,deficit,none,0,0,0,0,0
SP3-08318,ok,debt,2159,5037,0,0,0
SP3-08319,ok,debt,0,28930,0,0,276430
SP3-08320,ok,debt,2192,5117,0,0,0
SP3-08321,deficit,none,0,0,0,0,0
SP3-08322,deficit,none,0,0,0,0,3040915
SP3-08323,deficit,none,0,0,0,0,0
SP3-08324,deficit,none,0,0,0,0,0
SP3-08325,ok,reserve,16026,0,0,0,0
SP3-08326,ok,debt,0,25003,0,0,73601
SP3-08327,deficit,none,0,0,0,0,70601
SP3-08328,deficit,none,0,0,0,0,0
SP3-08329,ok,reserve,4014,0,2676,0,0
SP3-08330,ok,goals+,0,0,2874,722453,13148639
SP3-08331,deficit,none,0,0,0,0,20025
SP3-08332,ok,reserve,4591,0,3060,0,55967
SP3-08333,deficit,none,0,0,0,0,637299
SP3-08334,ok,debt,369,369,0,0,0
SP3-08335,ok,debt,4398,4398,0,0,0
SP3-08336,deficit,none,0,0,0,0,44678
SP3-08337,deficit,none,0,0,0,0,165057
SP3-08338,deficit,none,0,0,0,0,1563137
SP3-08339,ok,debt,0,3582,0,0,23257
SP3-08340,ok,goals+,0,0,433162,0,2332826
SP3-08341,ok,goals+,0,0,56045,22562,887181
SP3-08342,deficit,none,0,0,0,0,0
SP3-08343,ok,goals+,0,0,8856,97311,3744661
SP3-08344,invalid,none,0,0,0,0,0
SP3-08345,ok,goals+,0,0,0,7653,419078
SP3-08346,ok,reserve,14500,0,9666,0,0
SP3-08347,ok,reserve,96364,0,19145,0,0
SP3-08348,ok,reserve,3461,0,2307,0,0
SP3-08349,ok,reserve,1477,1476,0,0,0
SP3-08350,deficit,none,0,0,0,0,0
SP3-08351,deficit,none,0,0,0,0,7717
SP3-08352,ok,reserve,10506,10505,0,0,0
SP3-08353,ok,goals+,0,0,22292,0,0
SP3-08354,ok,reserve,5986,5985,0,0,0
SP3-08355,ok,debt,0,1259,0,0,19011
SP3-08356,ok,debt,30328,30328,0,0,926414
SP3-08357,ok,debt,2654,6193,0,0,0
SP3-08358,ok,debt,1816,4238,0,0,0
SP3-08359,ok,debt,0,10982,0,0,448380
SP3-08360,ok,debt,7561,16838,0,0,0
SP3-08361,ok,debt,3428,3428,0,0,0
SP3-08362,deficit,none,0,0,0,0,19032
SP3-08363,ok,reserve,55186,0,268,11380,221202
SP3-08364,ok,debt,0,6160,0,0,30659
SP3-08365,ok,reserve,1764,0,1176,0,0
SP3-08366,ok,reserve,15028,15027,0,0,0
SP3-08367,ok,reserve,10371,0,0,0,0
SP3-08368,deficit,none,0,0,0,0,1034106
SP3-08369,ok,goals+,0,0,8419,130434,1134592
SP3-08370,ok,debt,1819,4244,0,0,0
SP3-08371,deficit,none,0,0,0,0,238833
SP3-08372,deficit,none,0,0,0,0,678351
SP3-08373,ok,goals+,0,0,66172,36803,2240715
SP3-08374,deficit,none,0,0,0,0,1031613
SP3-08375,deficit,none,0,0,0,0,0
SP3-08376,deficit,none,0,0,0,0,478904
SP3-08377,ok,debt,3931,3931,0,0,0
SP3-08378,ok,reserve,7341,0,4893,0,169209
SP3-08379,deficit,none,0,0,0,0,0
SP3-08380,ok,debt,0,19746,0,0,11356
SP3-08381,ok,debt,7653,17859,0,0,0
SP3-08382,deficit,none,0,0,0,0,0
SP3-08383,deficit,none,0,0,0,0,101550
SP3-08384,ok,debt,0,55,0,0,92767
SP3-08385,ok,goals+,0,0,0,84529,92955
SP3-08386,ok,reserve,18380,18379,0,0,0
SP3-08387,ok,goals+,0,0,1243,42075,92249
SP3-08388,ok,debt,0,30335,0,0,25309
SP3-08389,ok,debt,24467,24467,0,0,0
SP3-08390,ok,reserve,3623,3622,0,0,0
SP3-08391,ok,reserve,18983,0,12655,0,0
SP3-08392,ok,debt,0,10272,0,0,45703
SP3-08393,deficit,none,0,0,0,0,0
SP3-08394,deficit,none,0,0,0,0,1481836
SP3-08395,ok,reserve,39589,0,0,0,0
SP3-08396,ok,reserve,7276,0,4851,0,0
SP3-08397,ok,debt,0,4566,0,0,31427
SP3-08398,ok,reserve,47924,0,837,0,0
SP3-08399,ok,reserve,18983,0,12655,0,0
SP3-08400,ok,reserve,3522,0,2347,0,0
SP3-08401,invalid,none,0,0,0,0,0
SP3-08402,deficit,none,0,0,0,0,0
SP3-08403,deficit,none,0,0,0,0,4450712
SP3-08404,ok,reserve,10817,0,0,0,0
SP3-08405,deficit,none,0,0,0,0,0
SP3-08406,deficit,none,0,0,0,0,1442390
SP3-08407,ok,debt,0,21042,0,0,474005
SP3-08408,ok,reserve,14428,0,0,0,0
SP3-08409,deficit,none,0,0,0,0,5480305
SP3-08410,invalid,none,0,0,0,0,0
SP3-08411,deficit,none,0,0,0,0,113981
SP3-08412,ok,reserve,6270,0,0,0,0
SP3-08413,deficit,none,0,0,0,0,7337519
SP3-08414,ok,reserve,2683,0,1789,0,0
SP3-08415,ok,debt,745,1740,0,0,0
SP3-08416,ok,goals+,0,0,13609,60253,630963
SP3-08417,ok,goals+,0,0,3150,31348,228805
SP3-08418,deficit,none,0,0,0,0,283113
SP3-08419,deficit,none,0,0,0,0,12808470
SP3-08420,ok,debt,1233,2877,0,0,0
SP3-08421,deficit,none,0,0,0,0,0
SP3-08422,ok,reserve,31223,0,14688,0,0
SP3-08423,deficit,none,0,0,0,0,0
SP3-08424,deficit,none,0,0,0,0,1472577
SP3-08425,invalid,none,0,0,0,0,0
SP3-08426,deficit,none,0,0,0,0,0
SP3-08427,ok,debt,183,428,0,0,0
SP3-08428,deficit,none,0,0,0,0,25131
SP3-08429,ok,debt,0,107405,0,0,2189241
SP3-08430,ok,reserve,6600,0,4399,0,0
SP3-08431,ok,goals+,0,0,121228,81937,1303191
SP3-08432,ok,goals+,0,0,93383,0,0
SP3-08433,ok,reserve,948,0,631,0,0
SP3-08434,ok,reserve,23290,0,7135,0,0
SP3-08435,deficit,none,0,0,0,0,0
SP3-08436,deficit,none,0,0,0,0,160173
SP3-08437,ok,debt,0,11991,0,0,3164
SP3-08438,ok,reserve,7827,0,5218,0,0
SP3-08439,ok,goals+,0,0,26860,526543,881210
SP3-08440,ok,debt,275,644,0,0,0
SP3-08441,invalid,none,0,0,0,0,0
SP3-08442,deficit,none,0,0,0,0,0
SP3-08443,invalid,none,0,0,0,0,0
SP3-08444,deficit,none,0,0,0,0,16698
SP3-08445,deficit,none,0,0,0,0,334014
SP3-08446,ok,reserve,20895,0,13930,0,0
SP3-08447,ok,debt,13353,31157,0,0,0
SP3-08448,ok,reserve,19716,0,5657,0,0
SP3-08449,deficit,none,0,0,0,0,6085561
SP3-08450,ok,reserve,2738,2737,0,0,21453
SP3-08451,deficit,none,0,0,0,0,65203
SP3-08452,deficit,none,0,0,0,0,223757
SP3-08453,ok,goals+,0,0,28049,0,458177
SP3-08454,deficit,none,0,0,0,0,59286
SP3-08455,ok,debt,10589,24708,0,0,0
SP3-08456,ok,reserve,6823,0,1364,0,0
SP3-08457,deficit,none,0,0,0,0,0
SP3-08458,ok,goals+,0,0,7586,16249,96336
SP3-08459,deficit,none,0,0,0,0,28604
SP3-08460,deficit,none,0,0,0,0,32772
SP3-08461,ok,debt,0,51091,0,0,441061
SP3-08462,ok,debt,6729,15702,0,0,0
SP3-08463,ok,goals+,0,0,0,130829,3135560
SP3-08464,deficit,none,0,0,0,0,141474
SP3-08465,deficit,none,0,0,0,0,3315762
SP3-08466,deficit,none,0,0,0,0,0
SP3-08467,ok,goals+,0,0,37275,0,944293
SP3-08468,ok,debt,0,1630,0,0,3486
SP3-08469,ok,reserve,6555,0,0,0,0
SP3-08470,ok,reserve,20895,0,13930,0,0
SP3-08471,ok,debt,0,925,0,0,24221
SP3-08472,ok,reserve,5109,0,1012,0,0
SP3-08473,ok,debt,0,1401,0,0,314640
SP3-08474,invalid,none,0,0,0,0,0
SP3-08475,ok,debt,10203,10203,0,0,0
SP3-08476,ok,debt,6461,6461,0,0,0
SP3-08477,ok,debt,0,8882,0,0,58133
SP3-08478,ok,reserve,16879,0,11253,0,0
SP3-08479,ok,debt,0,57749,0,0,10940
SP3-08480,deficit,none,0,0,0,0,0
SP3-08481,ok,goals+,0,24260,4956,21535,235274
SP3-08482,ok,debt,4646,4646,0,0,0
SP3-08483,deficit,none,0,0,0,0,0
SP3-08484,deficit,none,0,0,0,0,0
SP3-08485,invalid,none,0,0,0,0,0
SP3-08486,ok,none,0,0,0,0,109532
SP3-08487,ok,reserve,13336,13335,0,0,0
SP3-08488,ok,debt,0,6210,0,0,4752
SP3-08489,ok,goals+,0,0,0,26924,62606
SP3-08490,deficit,none,0,0,0,0,257023
SP3-08491,ok,goals+,0,0,11128,8070,154359
SP3-08492,ok,debt,0,12799,0,0,102993
SP3-08493,ok,goals+,0,0,18372,0,0
SP3-08494,ok,goals+,0,0,923,4297,62836
SP3-08495,ok,goals+,0,0,2066,0,691726
SP3-08496,ok,debt,4646,4646,0,0,0
SP3-08497,ok,debt,794,1855,0,0,0
SP3-08498,ok,reserve,45653,0,3486,0,0
SP3-08499,ok,debt,0,13191,0,0,49327
SP3-08500,ok,goals+,0,0,207650,58018,7344303
SP3-08501,deficit,none,0,0,0,0,0
SP3-08502,ok,debt,0,146591217,0,0,1149338116
SP3-08503,ok,reserve,10026,0,6684,0,0
SP3-08504,ok,debt,109205,254814,0,0,0
SP3-08505,deficit,none,0,0,0,0,1353
SP3-08506,deficit,none,0,0,0,0,0
SP3-08507,ok,reserve,72648,72647,0,0,0
SP3-08508,deficit,none,0,0,0,0,0
SP3-08509,ok,reserve,58263,0,25580,0,0
SP3-08510,ok,debt,2412,2412,0,0,0
SP3-08511,ok,reserve,12788,12787,0,0,0
SP3-08512,ok,debt,1156,7288,0,0,0
SP3-08513,ok,goals+,0,0,0,76645,291281
SP3-08514,deficit,none,0,0,0,0,11995
SP3-08515,ok,goals+,0,0,0,58221,5280914
SP3-08516,deficit,none,0,0,0,0,0
SP3-08517,ok,debt,0,9862,0,0,49474
SP3-08518,deficit,none,0,0,0,0,1437090
SP3-08519,deficit,none,0,0,0,0,0
SP3-08520,deficit,none,0,0,0,0,0
SP3-08521,ok,goals+,0,0,46969,0,0
SP3-08522,deficit,none,0,0,0,0,546511
SP3-08523,ok,debt,0,21826,0,0,76614
SP3-08524,ok,debt,6925,16159,0,0,0
SP3-08525,deficit,none,0,0,0,0,0
SP3-08526,deficit,none,0,0,0,0,2559146
SP3-08527,ok,reserve,8954,0,5969,0,0
SP3-08528,ok,debt,0,72341,0,0,1567289
SP3-08529,ok,debt,2205,5145,0,0,0
SP3-08530,ok,debt,0,7735,0,0,35899
SP3-08531,deficit,none,0,0,0,0,292083
SP3-08532,ok,goals+,0,0,2655,56674,2087537
SP3-08533,deficit,none,0,0,0,0,0
SP3-08534,deficit,none,0,0,0,0,712324
SP3-08535,ok,goals+,0,0,7639778,12600239,154982030
SP3-08536,ok,reserve,5990,0,0,0,0
SP3-08537,deficit,none,0,0,0,0,2041748
SP3-08538,ok,goals+,0,0,0,57836,1184441
SP3-08539,ok,debt,993,2317,0,0,0
SP3-08540,deficit,none,0,0,0,0,0
SP3-08541,ok,reserve,31889,0,21259,0,0
SP3-08542,ok,debt,0,6172,0,0,47365
SP3-08543,ok,debt,0,10010,0,0,119333
SP3-08544,deficit,none,0,0,0,0,98056
SP3-08545,deficit,none,0,0,0,0,0
SP3-08546,ok,goals+,0,0,449,3967,141726
SP3-08547,ok,reserve,40926,0,27284,0,0
SP3-08548,deficit,none,0,0,0,0,423946
SP3-08549,deficit,none,0,0,0,0,5765290
SP3-08550,ok,reserve,12747,0,1151,0,0
SP3-08551,invalid,none,0,0,0,0,0
SP3-08552,deficit,none,0,0,0,0,0
SP3-08553,ok,reserve,5933,5932,0,0,0
SP3-08554,ok,goals+,0,0,248979,70588,1404506
SP3-08555,ok,goals+,0,0,5888,146139,149931
SP3-08556,deficit,none,0,0,0,0,466321
SP3-08557,ok,reserve,9965,9964,0,0,0
SP3-08558,ok,debt,2317,2599,1545,0,184462
SP3-08559,deficit,none,0,0,0,0,0
SP3-08560,ok,debt,0,5400,0,0,75100
SP3-08561,deficit,none,0,0,0,0,31814
SP3-08562,ok,reserve,18133,0,5924,0,0
SP3-08563,ok,reserve,40360,0,7589,17894,0
SP3-08564,deficit,none,0,0,0,0,0
SP3-08565,ok,reserve,53775,0,35849,0,0
SP3-08566,ok,goals+,0,0,919,6890,0
SP3-08567,deficit,none,0,0,0,0,12064
SP3-08568,ok,reserve,9623,0,6414,0,0
SP3-08569,ok,goals+,0,0,1255,0,253183
SP3-08570,deficit,none,0,0,0,0,1086015
SP3-08571,deficit,none,0,0,0,0,80039
SP3-08572,ok,debt,0,6731,0,0,47365
SP3-08573,ok,debt,0,6292,0,0,127534
SP3-08574,deficit,none,0,0,0,0,0
SP3-08575,ok,none,0,0,0,0,0
SP3-08576,ok,goals+,0,0,24743,7069,1414358
SP3-08577,deficit,none,0,0,0,0,4163546
SP3-08578,deficit,none,0,0,0,0,227736
SP3-08579,deficit,none,0,0,0,0,4767202
SP3-08580,deficit,none,0,0,0,0,0
SP3-08581,deficit,none,0,0,0,0,452703
SP3-08582,deficit,none,0,0,0,0,452703
SP3-08583,deficit,none,0,0,0,0,0
SP3-08584,ok,reserve,4359,4358,0,0,0
SP3-08585,ok,reserve,15320,0,0,0,0
SP3-08586,deficit,none,0,0,0,0,0
SP3-08587,ok,debt,0,25667,0,0,19852
SP3-08588,ok,reserve,48282,0,32187,0,0
SP3-08589,deficit,none,0,0,0,0,0
SP3-08590,deficit,none,0,0,0,0,3757875
SP3-08591,ok,debt,0,2652,0,0,9205
SP3-08592,ok,reserve,13554,0,9035,0,0
SP3-08593,deficit,none,0,0,0,0,13678522
SP3-08594,deficit,none,0,0,0,0,1079949
SP3-08595,ok,debt,0,61797,0,0,874811
SP3-08596,ok,debt,0,50162,0,0,72780
SP3-08597,invalid,none,0,0,0,0,0
SP3-08598,ok,debt,8771,14623,5847,0,195986
SP3-08599,ok,goals+,0,0,0,9467,1251072
SP3-08600,ok,goals+,0,0,0,11160,892988
SP3-08601,deficit,none,0,0,0,0,421284
SP3-08602,deficit,none,0,0,0,0,0
SP3-08603,deficit,none,0,0,0,0,4331609
SP3-08604,ok,reserve,6789,6788,0,0,0
SP3-08605,ok,reserve,10768,0,0,0,0
SP3-08606,deficit,none,0,0,0,0,0
SP3-08607,deficit,none,0,0,0,0,3901945
SP3-08608,deficit,none,0,0,0,0,0
SP3-08609,deficit,none,0,0,0,0,361477
SP3-08610,ok,debt,0,21855,0,0,108218
SP3-08611,deficit,none,0,0,0,0,117569
SP3-08612,ok,goals+,0,0,207270,0,15141723
SP3-08613,ok,goals+,0,0,2047,97935,372736
SP3-08614,ok,goals+,0,0,6786,0,171892
SP3-08615,ok,goals+,0,0,7869,29310,95421
SP3-08616,deficit,none,0,0,0,0,1185741
SP3-08617,deficit,none,0,0,0,0,117569
SP3-08618,ok,debt,0,6971,0,0,221324
SP3-08619,ok,reserve,48881,0,32586,0,0
SP3-08620,deficit,none,0,0,0,0,0
SP3-08621,deficit,none,0,0,0,0,0
SP3-08622,invalid,none,0,0,0,0,0
SP3-08623,ok,reserve,19126,19125,0,0,0
SP3-08624,ok,debt,2740,2740,0,0,0
SP3-08625,ok,debt,13489,13489,0,0,0
SP3-08626,deficit,none,0,0,0,0,0
SP3-08627,deficit,none,0,0,0,0,0
SP3-08628,ok,debt,355,5629,0,0,0
SP3-08629,ok,goals+,0,0,1860,4114,24369
SP3-08630,deficit,none,0,0,0,0,0
SP3-08631,ok,debt,0,3466,0,0,64567
SP3-08632,ok,goals+,4073,0,2959,4193,26931
SP3-08633,ok,debt,2740,2740,0,0,0
SP3-08634,ok,goals+,0,0,5605,9259,176308
SP3-08635,deficit,none,0,0,0,0,0
SP3-08636,invalid,none,0,0,0,0,0
SP3-08637,ok,goals+,0,0,0,115527,10323312
SP3-08638,ok,goals+,0,0,56,0,39180
SP3-08639,ok,reserve,70735,0,1739,0,0
SP3-08640,ok,debt,0,3656,0,0,9286
SP3-08641,ok,goals+,0,0,6365,35364,261009
SP3-08642,invalid,none,0,0,0,0,0
SP3-08643,deficit,none,0,0,0,0,0
SP3-08644,ok,reserve,690,689,0,0,4973
SP3-08645,ok,reserve,116394,0,10651,0,0
SP3-08646,deficit,none,0,0,0,0,0
SP3-08647,deficit,none,0,0,0,0,9019579
SP3-08648,deficit,none,0,0,0,0,115912
SP3-08649,ok,debt,47879,111718,0,0,0
SP3-08650,ok,reserve,15432,0,3753,0,0
SP3-08651,deficit,none,0,0,0,0,0
SP3-08652,deficit,none,0,0,0,0,181744
SP3-08653,ok,debt,1223,1223,0,0,0
SP3-08654,invalid,none,0,0,0,0,0
SP3-08655,ok,reserve,20657,0,2893,0,0
SP3-08656,ok,debt,0,2683,0,0,37705
SP3-08657,deficit,none,0,0,0,0,2563719
SP3-08658,invalid,none,0,0,0,0,0
SP3-08659,deficit,none,0,0,0,0,0
SP3-08660,ok,debt,2514,2514,0,0,0
SP3-08661,deficit,none,0,0,0,0,0
SP3-08662,ok,goals+,0,0,269272,0,11719639
SP3-08663,ok,debt,0,36747,0,0,46433
SP3-08664,deficit,none,0,0,0,0,460151
SP3-08665,ok,goals+,0,0,3399,0,906490
SP3-08666,deficit,none,0,0,0,0,0
SP3-08667,ok,goals+,0,0,0,182807,6100955
SP3-08668,deficit,none,0,0,0,0,0
SP3-08669,deficit,none,0,0,0,0,0
SP3-08670,ok,goals+,0,0,2069,6529,117730
SP3-08671,deficit,none,0,0,0,0,0
SP3-08672,deficit,none,0,0,0,0,5594239
SP3-08673,ok,goals+,0,0,1678,5266,82110
SP3-08674,ok,none,0,0,0,0,0
SP3-08675,deficit,none,0,0,0,0,20618
SP3-08676,ok,goals+,0,0,6061,43215,313281
SP3-08677,ok,debt,0,5736,0,0,83696
SP3-08678,ok,goals+,0,0,4687,19189,1373534
SP3-08679,ok,goals+,0,0,119517,0,1111874
SP3-08680,ok,debt,0,5525,0,0,579105
SP3-08681,deficit,none,0,0,0,0,1589461
SP3-08682,ok,debt,778,1817,0,0,0
SP3-08683,ok,reserve,958,957,0,0,0
SP3-08684,ok,none,0,0,0,0,0
SP3-08685,deficit,none,0,0,0,0,0
SP3-08686,deficit,none,0,0,0,0,0
SP3-08687,invalid,none,0,0,0,0,0
SP3-08688,deficit,none,0,0,0,0,0
SP3-08689,ok,debt,0,78802,0,0,70528
SP3-08690,ok,reserve,83062,0,19909,0,0
SP3-08691,deficit,none,0,0,0,0,0
SP3-08692,ok,reserve,25734,0,1032,0,0
SP3-08693,ok,reserve,8195,0,5462,0,0
SP3-08694,deficit,none,0,0,0,0,1302138
SP3-08695,ok,debt,0,519,0,0,1780
SP3-08696,invalid,none,0,0,0,0,0
SP3-08697,deficit,none,0,0,0,0,207780
SP3-08698,ok,reserve,19414,0,6485,0,0
SP3-08699,deficit,none,0,0,0,0,12612769
SP3-08700,ok,reserve,8164,0,0,1863,0
SP3-08701,deficit,none,0,0,0,0,0
SP3-08702,ok,debt,0,24267,0,0,236371
SP3-08703,ok,reserve,2559,0,1705,0,247423
SP3-08704,deficit,none,0,0,0,0,14816420
SP3-08705,deficit,none,0,0,0,0,228124
SP3-08706,ok,debt,0,4106,0,0,131237
SP3-08707,deficit,none,0,0,0,0,0
SP3-08708,ok,debt,0,27891,0,0,83530
SP3-08709,ok,goals+,0,0,350,3663,848874
SP3-08710,deficit,none,0,0,0,0,0
SP3-08711,ok,debt,0,5192,0,0,17799
SP3-08712,ok,debt,0,8992,0,0,42598
SP3-08713,ok,goals+,0,0,20791,13270,1491446
SP3-08714,ok,reserve,70906,0,17647,0,0
SP3-08715,ok,goals+,0,0,2949,72592,2027617
SP3-08716,deficit,none,0,0,0,0,0
SP3-08717,ok,debt,12710,12710,0,0,0
SP3-08718,deficit,none,0,0,0,0,259273
SP3-08719,ok,goals+,0,0,700,10716,14895
SP3-08720,ok,goals+,0,0,6018,0,0
SP3-08721,deficit,none,0,0,0,0,382573
SP3-08722,ok,debt,130,130,0,0,0
SP3-08723,ok,debt,0,10886,0,0,51469
SP3-08724,invalid,none,0,0,0,0,0
SP3-08725,ok,debt,1975,1975,0,0,0
SP3-08726,ok,goals+,0,0,0,530463499,4057096003
SP3-08727,deficit,none,0,0,0,0,161334
SP3-08728,deficit,none,0,0,0,0,0
SP3-08729,deficit,none,0,0,0,0,3449201
SP3-08730,ok,goals+,0,0,2152,11245,0
SP3-08731,deficit,none,0,0,0,0,0
SP3-08732,ok,goals+,0,0,16572,0,232792
SP3-08733,ok,debt,14891,14891,0,0,0
SP3-08734,deficit,none,0,0,0,0,961215
SP3-08735,ok,debt,0,16488,0,0,88043
SP3-08736,deficit,none,0,0,0,0,0
SP3-08737,deficit,none,0,0,0,0,182329
SP3-08738,deficit,none,0,0,0,0,0
SP3-08739,deficit,none,0,0,0,0,0
SP3-08740,deficit,none,0,0,0,0,3917179
SP3-08741,ok,reserve,3367,0,0,0,0
SP3-08742,ok,debt,13943,13943,0,0,0
SP3-08743,ok,debt,0,72093,0,0,368458
SP3-08744,deficit,none,0,0,0,0,104664
SP3-08745,ok,goals+,0,0,8304,15196,192745
SP3-08746,deficit,none,0,0,0,0,22307339
SP3-08747,ok,reserve,2170,0,1446,0,86291
SP3-08748,deficit,none,0,0,0,0,0
SP3-08749,ok,goals+,0,0,17505,31121,433506
SP3-08750,ok,debt,0,160735,0,0,198036
SP3-08751,ok,goals+,0,0,20517,30401,4447734
SP3-08752,deficit,none,0,0,0,0,110092
SP3-08753,deficit,none,0,0,0,0,0
SP3-08754,deficit,none,0,0,0,0,0
SP3-08755,deficit,none,0,0,0,0,0
SP3-08756,ok,goals+,0,0,3570,37762,1192385
SP3-08757,ok,debt,0,25678,0,0,137156
SP3-08758,invalid,none,0,0,0,0,0
SP3-08759,deficit,none,0,0,0,0,381652
SP3-08760,deficit,none,0,0,0,0,86038
SP3-08761,deficit,none,0,0,0,0,195065
SP3-08762,ok,reserve,19407,0,11305,0,0
SP3-08763,ok,goals+,0,0,6584,13379,9222578
SP3-08764,ok,debt,0,22802,0,0,31367
SP3-08765,ok,debt,604,604,0,0,0
SP3-08766,ok,goals+,0,0,34059,65438,124970
SP3-08767,ok,debt,0,24318,0,0,84411
SP3-08768,deficit,none,0,0,0,0,942881
SP3-08769,ok,goals+,0,0,0,5893,1993961
SP3-08770,ok,reserve,132467,0,0,0,0
SP3-08771,ok,debt,0,8452,0,0,47041
SP3-08772,ok,debt,1550,3618,0,0,0
SP3-08773,ok,goals+,0,0,652734,275980,2886225
SP3-08774,deficit,none,0,0,0,0,2302738
SP3-08775,deficit,none,0,0,0,0,1672515
SP3-08776,ok,debt,0,10396,0,0,27336
SP3-08777,deficit,none,0,0,0,0,0
SP3-08778,ok,goals+,0,0,4958,17457,264683
SP3-08779,ok,debt,0,5936,0,0,27220
SP3-08780,ok,debt,0,15822,0,0,233821
SP3-08781,ok,goals+,0,0,22731,87751,547951
SP3-08782,ok,reserve,17269,0,11513,0,0
SP3-08783,ok,debt,0,29789,0,0,147406
SP3-08784,ok,debt,0,7437,0,0,11865
SP3-08785,deficit,none,0,0,0,0,0
SP3-08786,deficit,none,0,0,0,0,9215977
SP3-08787,ok,reserve,59076,0,11199,0,0
SP3-08788,deficit,none,0,0,0,0,0
SP3-08789,deficit,none,0,0,0,0,25112
SP3-08790,ok,debt,0,21185,0,0,278102
SP3-08791,deficit,none,0,0,0,0,96343
SP3-08792,ok,reserve,9252,0,712,0,96770
SP3-08793,ok,reserve,8919,0,5945,0,0
SP3-08794,deficit,none,0,0,0,0,0
SP3-08795,deficit,none,0,0,0,0,736465
SP3-08796,invalid,none,0,0,0,0,0
SP3-08797,ok,reserve,11877,0,7917,0,0
SP3-08798,ok,debt,2449,5716,0,0,0
SP3-08799,ok,goals+,0,0,242878,153905,6080245
SP3-08800,ok,goals+,0,0,0,14960,337011
SP3-08801,deficit,none,0,0,0,0,86038
SP3-08802,ok,reserve,31197,0,20798,0,0
SP3-08803,deficit,none,0,0,0,0,0
SP3-08804,ok,debt,5021,5021,0,0,0
SP3-08805,deficit,none,0,0,0,0,174568
SP3-08806,deficit,none,0,0,0,0,5432671
SP3-08807,deficit,none,0,0,0,0,2644475
SP3-08808,ok,reserve,2220,2219,0,0,92389
SP3-08809,deficit,none,0,0,0,0,3545494
SP3-08810,ok,debt,1932,1932,0,0,0
SP3-08811,deficit,none,0,0,0,0,0
SP3-08812,deficit,none,0,0,0,0,57892
SP3-08813,ok,goals+,0,0,721,4104,594457
SP3-08814,ok,goals+,0,0,25069,0,239857
SP3-08815,ok,reserve,44170,0,4435,0,0
SP3-08816,ok,debt,1977,1977,0,0,0
SP3-08817,deficit,none,0,0,0,0,1708078
SP3-08818,deficit,none,0,0,0,0,7830386
SP3-08819,deficit,none,0,0,0,0,0
SP3-08820,ok,debt,707,1650,0,0,0
SP3-08821,deficit,none,0,0,0,0,0
SP3-08822,ok,debt,0,3394,0,0,9751
SP3-08823,ok,debt,1507,15403,0,0,534
SP3-08824,deficit,none,0,0,0,0,0
SP3-08825,ok,reserve,1907,1906,0,0,0
SP3-08826,deficit,none,0,0,0,0,47784
SP3-08827,ok,reserve,4407,4406,0,0,0
SP3-08828,ok,reserve,2279,0,1519,0,0
SP3-08829,deficit,none,0,0,0,0,3398645
SP3-08830,ok,reserve,1938,0,1291,0,135555
SP3-08831,ok,goals+,0,0,7996,0,8158
SP3-08832,ok,reserve,12494,12493,0,0,0
SP3-08833,deficit,none,0,0,0,0,196800
SP3-08834,ok,reserve,47852,0,0,0,0
SP3-08835,deficit,none,0,0,0,0,125836
SP3-08836,ok,debt,4273,9971,0,0,0
SP3-08837,ok,reserve,44805,0,3800,0,0
SP3-08838,invalid,none,0,0,0,0,0
SP3-08839,ok,reserve,12342,0,8228,0,0
SP3-08840,ok,goals+,0,0,9120,0,82300
SP3-08841,deficit,none,0,0,0,0,12001831
SP3-08842,ok,debt,0,17588,0,0,377261
SP3-08843,ok,goals+,0,0,37444,191062,3497798
SP3-08844,ok,debt,0,8092,0,0,608954
SP3-08845,ok,goals+,0,0,14666,0,3903108
SP3-08846,deficit,none,0,0,0,0,0
SP3-08847,ok,goals+,0,0,2364,0,36870
SP3-08848,ok,goals+,0,0,6137,15877,170086
SP3-08849,deficit,none,0,0,0,0,1040599
SP3-08850,ok,debt,0,266865,0,0,509467
SP3-08851,deficit,none,0,0,0,0,317716
SP3-08852,ok,debt,0,68202,0,0,72896
SP3-08853,ok,reserve,17146,0,11430,0,0
SP3-08854,deficit,none,0,0,0,0,0
SP3-08855,ok,goals+,0,0,6373,174278,1408656
SP3-08856,ok,debt,0,155928539,0,33154452,559060845
SP3-08857,ok,debt,0,47943,0,0,147710
SP3-08858,deficit,none,0,0,0,0,624271
SP3-08859,ok,goals+,0,0,7828,14898,0
SP3-08860,ok,reserve,3780,0,2520,0,0
SP3-08861,ok,reserve,2064,0,1376,0,0
SP3-08862,ok,debt,0,442,0,0,17972
SP3-08863,deficit,none,0,0,0,0,92846
SP3-08864,deficit,none,0,0,0,0,9777598
SP3-08865,ok,reserve,14766,14765,0,0,0
SP3-08866,deficit,none,0,0,0,0,25022154
SP3-08867,ok,debt,0,5947,0,0,48151
SP3-08868,ok,debt,0,3799,0,0,33239
SP3-08869,invalid,none,0,0,0,0,0
SP3-08870,deficit,none,0,0,0,0,59752
SP3-08871,deficit,none,0,0,0,0,0
SP3-08872,ok,debt,1197,2795,0,0,0
SP3-08873,ok,goals+,0,0,102526,407748,473706
SP3-08874,deficit,none,0,0,0,0,10774516
SP3-08875,ok,goals+,0,0,5323,114482,0
SP3-08876,deficit,none,0,0,0,0,0
SP3-08877,ok,debt,235,235,0,0,0
SP3-08878,ok,goals+,0,0,63595,0,1960385
SP3-08879,deficit,none,0,0,0,0,196836
SP3-08880,ok,goals+,12663,0,18305,8637,0
SP3-08881,ok,reserve,2956,0,1970,0,0
SP3-08882,ok,none,0,0,0,0,0
SP3-08883,ok,reserve,46938,0,0,0,0
SP3-08884,ok,reserve,30387,0,20257,0,0
SP3-08885,ok,reserve,5466,0,0,0,0
SP3-08886,ok,debt,0,8552,0,0,58610
SP3-08887,ok,reserve,15210,0,10140,0,0
SP3-08888,deficit,none,0,0,0,0,0
SP3-08889,ok,goals+,0,0,166296,0,0
SP3-08890,deficit,none,0,0,0,0,7058305
SP3-08891,ok,debt,6387,6387,0,0,0
SP3-08892,ok,debt,10077,10077,0,0,0
SP3-08893,deficit,none,0,0,0,0,80854
SP3-08894,ok,reserve,28559,0,11990,238,0
SP3-08895,deficit,none,0,0,0,0,0
SP3-08896,ok,debt,0,891,0,0,5735
SP3-08897,ok,debt,1394,1394,0,0,68199
SP3-08898,ok,debt,1138,1138,0,0,0
SP3-08899,deficit,none,0,0,0,0,0
SP3-08900,ok,reserve,48050,0,0,0,0
SP3-08901,ok,reserve,56327,0,37551,0,0
SP3-08902,deficit,none,0,0,0,0,379852
SP3-08903,ok,reserve,8379,0,5586,0,0
SP3-08904,ok,reserve,25296,0,0,0,0
SP3-08905,deficit,none,0,0,0,0,3047650
SP3-08906,ok,reserve,1578,0,1051,0,0
SP3-08907,deficit,none,0,0,0,0,167478
SP3-08908,ok,goals+,0,0,32850,9484,92755
SP3-08909,deficit,none,0,0,0,0,0
SP3-08910,deficit,none,0,0,0,0,68781
SP3-08911,ok,debt,0,617,0,0,177706
SP3-08912,ok,debt,0,10936,0,0,4838
SP3-08913,ok,reserve,8896,0,3548,0,0
SP3-08914,deficit,none,0,0,0,0,0
SP3-08915,ok,debt,8361,19510,0,0,0
SP3-08916,ok,debt,3554,8295,0,0,0
SP3-08917,ok,goals+,0,0,6,8903,67117
SP3-08918,ok,debt,0,23489,0,0,793238
SP3-08919,deficit,none,0,0,0,0,0
SP3-08920,ok,goals+,0,0,1767,5480,0
SP3-08921,ok,goals+,0,0,2564,22881,697871
SP3-08922,ok,reserve,10769,0,7179,0,0
SP3-08923,deficit,none,0,0,0,0,11945692
SP3-08924,deficit,none,0,0,0,0,0
SP3-08925,ok,goals+,0,0,3110,0,77443
SP3-08926,deficit,none,0,0,0,0,1818849
SP3-08927,ok,reserve,3059,3058,0,0,0
SP3-08928,deficit,none,0,0,0,0,280185
SP3-08929,ok,reserve,39283,0,928,0,0
SP3-08930,ok,goals+,41513,0,52475,0,0
SP3-08931,ok,goals+,0,0,166422,49718,1156694
SP3-08932,deficit,none,0,0,0,0,0
SP3-08933,ok,debt,0,15097,0,0,26863
SP3-08934,ok,reserve,59713,0,0,0,0
SP3-08935,deficit,none,0,0,0,0,0
SP3-08936,deficit,none,0,0,0,0,0
SP3-08937,deficit,none,0,0,0,0,20199
SP3-08938,deficit,none,0,0,0,0,186856
SP3-08939,deficit,none,0,0,0,0,0
SP3-08940,deficit,none,0,0,0,0,82480
SP3-08941,deficit,none,0,0,0,0,0
SP3-08942,ok,reserve,5168,0,3444,0,12776
SP3-08943,deficit,none,0,0,0,0,4000495
SP3-08944,deficit,none,0,0,0,0,0
SP3-08945,ok,goals+,0,0,28611,0,0
SP3-08946,deficit,none,0,0,0,0,655738
SP3-08947,ok,reserve,3485,0,1697,430,44729
SP3-08948,deficit,none,0,0,0,0,0
SP3-08949,deficit,none,0,0,0,0,0
SP3-08950,deficit,none,0,0,0,0,0
SP3-08951,deficit,none,0,0,0,0,212360
SP3-08952,ok,goals+,0,0,4525,27408,98897
SP3-08953,deficit,none,0,0,0,0,6397405
SP3-08954,deficit,none,0,0,0,0,2877887
SP3-08955,deficit,none,0,0,0,0,0
SP3-08956,deficit,none,0,0,0,0,7998054
SP3-08957,ok,debt,8392,8392,0,0,0
SP3-08958,ok,reserve,26823,26822,0,0,144732
SP3-08959,deficit,none,0,0,0,0,0
SP3-08960,deficit,none,0,0,0,0,216235
SP3-08961,ok,reserve,40545,40544,0,0,0
SP3-08962,ok,debt,224,224,0,0,0
SP3-08963,invalid,none,0,0,0,0,0
SP3-08964,ok,reserve,15062,0,0,0,0
SP3-08965,ok,reserve,27612,0,18407,0,0
SP3-08966,ok,debt,0,4230,0,0,38083
SP3-08967,ok,debt,751,2025,0,0,0
SP3-08968,ok,debt,202,202,0,0,0
SP3-08969,deficit,none,0,0,0,0,338198
SP3-08970,ok,debt,0,19283,0,0,351048
SP3-08971,deficit,none,0,0,0,0,11274219
SP3-08972,ok,reserve,17259,0,6631,0,0
SP3-08973,ok,goals+,0,0,26497,44663,1215269
SP3-08974,ok,goals+,0,0,5381,0,0
SP3-08975,ok,debt,0,3231,0,0,83323
SP3-08976,ok,reserve,12954,12953,0,0,0
SP3-08977,deficit,none,0,0,0,0,5483583
SP3-08978,ok,goals+,0,0,0,1004,226780
SP3-08979,deficit,none,0,0,0,0,80415
SP3-08980,ok,debt,0,5428,0,0,128091
SP3-08981,ok,debt,12060,55812,0,0,0
SP3-08982,deficit,none,0,0,0,0,0
SP3-08983,deficit,none,0,0,0,0,0
SP3-08984,ok,reserve,227,0,150,0,0
SP3-08985,ok,debt,0,11895,0,0,9885
SP3-08986,ok,debt,0,30557,0,0,49345
SP3-08987,ok,debt,0,5030,0,0,57566
SP3-08988,ok,goals+,0,0,7149,9278,90233
SP3-08989,deficit,none,0,0,0,0,20759
SP3-08990,ok,debt,25273,58970,0,0,0
SP3-08991,ok,debt,6053,6053,0,0,0
SP3-08992,ok,goals+,0,0,7748,0,0
SP3-08993,deficit,none,0,0,0,0,0
SP3-08994,ok,reserve,34850,0,16978,4301,447286
SP3-08995,ok,goals+,0,0,1569,42281,323514
SP3-08996,invalid,none,0,0,0,0,0
SP3-08997,deficit,none,0,0,0,0,371496
SP3-08998,ok,debt,0,7640,0,0,26011
SP3-08999,ok,reserve,12991,0,8661,0,0
SP3-09000,ok,debt,0,4889,0,0,5525
SP3-09001,ok,reserve,125930,0,0,0,0
SP3-09002,ok,debt,0,11817,0,0,143399
SP3-09003,ok,debt,0,3587,0,0,39481
SP3-09004,ok,debt,0,202105,0,0,23309670
SP3-09005,ok,goals+,0,0,25827,26497,371267
SP3-09006,ok,goals+,0,0,2349,8535,180392
SP3-09007,ok,debt,914,2132,0,0,0
SP3-09008,ok,debt,0,2526,0,0,127287
SP3-09009,ok,debt,0,40732,0,0,1317783
SP3-09010,ok,debt,0,4156,0,0,39481
SP3-09011,deficit,none,0,0,0,0,0
SP3-09012,ok,reserve,13180,0,0,0,0
SP3-09013,ok,debt,0,38654,0,0,352861
SP3-09014,ok,reserve,9388,0,6258,0,0
SP3-09015,deficit,none,0,0,0,0,1230181
SP3-09016,deficit,none,0,0,0,0,1590742
SP3-09017,ok,debt,11470,11470,0,0,0
SP3-09018,ok,debt,0,32465,0,0,392295
SP3-09019,deficit,none,0,0,0,0,258683
SP3-09020,ok,debt,0,8666,0,0,56805
SP3-09021,deficit,none,0,0,0,0,0
SP3-09022,ok,debt,0,549,0,0,142948
SP3-09023,ok,debt,0,8666,0,0,56805
SP3-09024,deficit,none,0,0,0,0,0
SP3-09025,ok,reserve,1175,0,783,0,18725
SP3-09026,ok,goals+,0,0,7474,0,498267
SP3-09027,ok,debt,0,7314,0,0,185314
SP3-09028,ok,goals+,0,0,6867,0,2827892
SP3-09029,ok,reserve,68712,0,45808,0,0
SP3-09030,ok,reserve,2648,0,0,0,0
SP3-09031,deficit,none,0,0,0,0,95580
SP3-09032,ok,debt,0,3994,0,0,71491
SP3-09033,deficit,none,0,0,0,0,0
SP3-09034,deficit,none,0,0,0,0,1496523
SP3-09035,ok,debt,0,7201,0,0,77112
SP3-09036,ok,debt,0,10757,0,0,70894
SP3-09037,ok,debt,17954,41894,0,0,0
SP3-09038,deficit,none,0,0,0,0,0
SP3-09039,ok,debt,0,9836,0,0,65618
SP3-09040,ok,reserve,53043,0,24153,0,42927
SP3-09041,ok,reserve,32549,0,3292,0,0
SP3-09042,ok,reserve,9016,0,6010,0,0
SP3-09043,deficit,none,0,0,0,0,460712
SP3-09044,deficit,none,0,0,0,0,0
SP3-09045,ok,goals+,13850,0,39547,10181,0
SP3-09046,ok,debt,4507,4507,0,0,31515
SP3-09047,ok,reserve,41569,0,3013,0,0
SP3-09048,ok,debt,15349,35817,0,0,0
SP3-09049,deficit,none,0,0,0,0,537809
SP3-09050,ok,goals+,0,0,0,22709,59280
SP3-09051,ok,reserve,20675,0,10673,0,6311605
SP3-09052,ok,debt,0,3286,0,0,18300
SP3-09053,ok,goals+,0,0,200,0,252554
SP3-09054,ok,debt,1072,1072,0,0,0
SP3-09055,deficit,none,0,0,0,0,937930
SP3-09056,ok,reserve,24131,0,0,0,0
SP3-09057,deficit,none,0,0,0,0,615707
SP3-09058,ok,goals+,0,0,2033,22898,0
SP3-09059,invalid,none,0,0,0,0,0
SP3-09060,ok,debt,0,294320,78934,0,10523870
SP3-09061,ok,debt,11748,11748,0,0,0
SP3-09062,ok,debt,0,16988,0,0,265745
SP3-09063,deficit,none,0,0,0,0,0
SP3-09064,ok,goals+,0,0,3397,0,0
SP3-09065,deficit,none,0,0,0,0,0
SP3-09066,ok,reserve,24216,0,0,0,24922
SP3-09067,ok,goals+,0,0,3103,0,1150488
SP3-09068,deficit,none,0,0,0,0,57023
SP3-09069,ok,reserve,28990,0,4764,0,0
SP3-09070,deficit,none,0,0,0,0,0
SP3-09071,deficit,none,0,0,0,0,0
SP3-09072,deficit,none,0,0,0,0,537597
SP3-09073,deficit,none,0,0,0,0,76051
SP3-09074,ok,debt,188,438,0,0,0
SP3-09075,ok,debt,0,684,0,0,80675
SP3-09076,ok,debt,0,3472,0,0,6796
SP3-09077,deficit,none,0,0,0,0,2164433
SP3-09078,deficit,none,0,0,0,0,0
SP3-09079,ok,reserve,6105,6104,0,0,0
SP3-09080,invalid,none,0,0,0,0,0
SP3-09081,ok,reserve,6105,6104,0,0,0
SP3-09082,ok,reserve,2190,0,0,0,0
SP3-09083,ok,goals+,0,0,11284,183955,19283388
SP3-09084,deficit,none,0,0,0,0,157908
SP3-09085,ok,debt,0,14768,0,0,15824
SP3-09086,invalid,none,0,0,0,0,0
SP3-09087,ok,reserve,7120,7119,0,0,0
SP3-09088,ok,reserve,27865,0,12509,0,0
SP3-09089,ok,goals+,0,0,9288,0,594812
SP3-09090,deficit,none,0,0,0,0,0
SP3-09091,ok,debt,0,147684,0,0,158238
SP3-09092,ok,goals+,0,0,10867,0,10721430
SP3-09093,ok,goals+,0,0,6062,20040,152007
SP3-09094,ok,debt,5617,13109,0,0,0
SP3-09095,ok,goals+,0,0,0,773,406569
SP3-09096,ok,reserve,325773,0,217182,0,0
SP3-09097,ok,debt,9899,9899,0,0,1467046
SP3-09098,deficit,none,0,0,0,0,0
SP3-09099,ok,goals+,0,0,0,8518,54062
SP3-09100,ok,debt,2642,6164,0,0,0
SP3-09101,deficit,none,0,0,0,0,1977842
SP3-09102,ok,debt,3899860,73553793,2599906,0,1404182397
SP3-09103,ok,reserve,4320,4319,0,0,0
SP3-09104,ok,reserve,13400,0,8933,0,0
SP3-09105,invalid,none,0,0,0,0,0
SP3-09106,deficit,none,0,0,0,0,627611
SP3-09107,ok,reserve,20789,0,13858,0,0
SP3-09108,ok,debt,4263,10787,0,0,13360
SP3-09109,ok,reserve,11212,0,7474,0,0
SP3-09576,invalid,none,0,0,0,0,0
SP3-09111,ok,reserve,23643,0,4434,0,0
SP3-09112,ok,reserve,10751,0,7166,0,0
SP3-09113,deficit,none,0,0,0,0,0
SP3-09114,deficit,none,0,0,0,0,0
SP3-09115,ok,debt,2232,2232,0,0,0
SP3-09116,deficit,none,0,0,0,0,0
SP3-09117,ok,reserve,9404,9403,0,0,297698
SP3-09118,ok,reserve,11919,0,7945,0,0
SP3-09119,ok,reserve,31450,31449,0,0,0
SP3-09120,deficit,none,0,0,0,0,348167
SP3-09121,ok,debt,0,14247,0,0,42492
SP3-09122,deficit,none,0,0,0,0,0
SP3-09123,ok,reserve,34726,34725,0,0,0
SP3-09124,ok,debt,79302,185038,0,0,0
SP3-09125,ok,reserve,89287,0,4311,0,0
SP3-09126,deficit,none,0,0,0,0,770431
SP3-09127,ok,goals+,0,0,2781,12173,988794
SP3-09128,deficit,none,0,0,0,0,3803
SP3-09129,deficit,none,0,0,0,0,0
SP3-09130,deficit,none,0,0,0,0,0
SP3-09131,deficit,none,0,0,0,0,37928
SP3-09132,deficit,none,0,0,0,0,296670
SP3-09133,deficit,none,0,0,0,0,7351
SP3-09134,deficit,none,0,0,0,0,210318
SP3-09135,ok,reserve,34726,34725,0,0,0
SP3-09136,ok,goals+,0,0,6684,110841,324667
SP3-09137,ok,debt,16467880,16467880,0,0,0
SP3-09138,deficit,none,0,0,0,0,0
SP3-09139,deficit,none,0,0,0,0,0
SP3-09140,ok,debt,0,8883,0,0,353982
SP3-09141,deficit,none,0,0,0,0,0
SP3-09142,ok,goals+,0,0,2556,5037,0
SP3-09143,ok,debt,0,10942,0,0,154378
SP3-09144,deficit,none,0,0,0,0,0
SP3-09145,ok,reserve,23013,0,15341,0,0
SP3-09146,invalid,none,0,0,0,0,0
SP3-09147,deficit,none,0,0,0,0,0
SP3-09148,ok,goals+,0,0,78984,55065,238047
SP3-09149,deficit,none,0,0,0,0,1085004
SP3-09150,ok,goals+,0,0,3741,93755,1756052
SP3-09151,deficit,none,0,0,0,0,93689
SP3-09152,ok,goals+,0,0,4208,61149,6390909
SP3-09153,ok,debt,0,12704,0,0,8893
SP3-09154,invalid,none,0,0,0,0,0
SP3-09155,ok,goals+,0,0,0,37556,104838
SP3-09156,deficit,none,0,0,0,0,4021140
SP3-09157,ok,goals+,0,0,116,3252,369034
SP3-09158,ok,debt,4971,11599,0,0,0
SP3-09159,ok,reserve,12157,0,3462,0,0
SP3-09160,deficit,none,0,0,0,0,62503
SP3-09161,deficit,none,0,0,0,0,0
SP3-09162,ok,reserve,15279,0,10186,0,0
SP3-09163,ok,debt,4971,11599,0,0,0
SP3-09164,ok,goals+,0,8219,26604,0,144865
SP3-09165,deficit,none,0,0,0,0,0
SP3-09166,ok,debt,3750,3750,0,0,0
SP3-09167,ok,debt,887,887,0,0,244181
SP3-09168,deficit,none,0,0,0,0,0
SP3-09169,ok,goals+,0,0,129370,0,3724244
SP3-09170,deficit,none,0,0,0,0,66797
SP3-09171,ok,reserve,19540,19539,0,0,147024
SP3-09172,deficit,none,0,0,0,0,0
SP3-09173,ok,goals+,0,0,6694,1178,560881
SP3-09174,deficit,none,0,0,0,0,0
SP3-09175,ok,goals+,0,0,12365,72317,290939
SP3-09176,ok,goals+,0,0,8259,14719,56731
SP3-09177,ok,reserve,41375,0,9437,0,0
SP3-09178,ok,goals+,0,0,12868,726,0
SP3-09179,ok,goals+,0,0,58316,134563,2003465
SP3-09180,ok,reserve,29779,0,0,0,0
SP3-09181,deficit,none,0,0,0,0,25795
SP3-09182,ok,debt,0,30375,0,0,34817
SP3-09183,deficit,none,0,0,0,0,0
SP3-09184,ok,reserve,6775,0,1065,0,0
SP3-09185,deficit,none,0,0,0,0,0
SP3-09186,ok,debt,0,6290,0,0,5058
SP3-09187,ok,reserve,18632,0,0,0,0
SP3-09188,ok,goals+,0,0,1058,3407,469246
SP3-09189,ok,reserve,9086,0,0,0,0
SP3-09190,ok,debt,0,2522,1873,0,128047
SP3-09191,deficit,none,0,0,0,0,0
SP3-09192,deficit,none,0,0,0,0,565787
SP3-09193,deficit,none,0,0,0,0,0
SP3-09194,ok,debt,0,4223,0,0,47156
SP3-09195,deficit,none,0,0,0,0,0
SP3-09196,ok,debt,0,3202,0,0,13360
SP3-09197,deficit,none,0,0,0,0,0
SP3-09198,ok,debt,0,90559,0,0,1565653
SP3-08706,invalid,none,0,0,0,0,0
SP3-09200,ok,debt,4950,4950,0,0,0
SP3-09201,deficit,none,0,0,0,0,11472428
SP3-09202,deficit,none,0,0,0,0,35586
SP3-09203,deficit,none,0,0,0,0,2328061
SP3-09204,deficit,none,0,0,0,0,1250241
SP3-09205,deficit,none,0,0,0,0,0
SP3-09206,deficit,none,0,0,0,0,29654595
SP3-09207,ok,debt,0,316,0,0,32440
SP3-09208,deficit,none,0,0,0,0,30545
SP3-09209,ok,reserve,21618,0,0,0,0
SP3-09210,deficit,none,0,0,0,0,257069
SP3-09211,ok,debt,0,42231,0,0,471557
SP3-09212,ok,debt,1432,3342,0,0,0
SP3-09213,ok,debt,0,11182,0,0,137144
SP3-09214,ok,debt,458,458,0,0,0
SP3-09215,ok,debt,30154,30154,0,0,222311
SP3-09216,ok,debt,0,2058,0,0,43312
SP3-09217,deficit,none,0,0,0,0,103544
SP3-09218,deficit,none,0,0,0,0,1423750
SP3-09219,ok,goals+,0,0,128890,10005,1300379
SP3-09220,ok,debt,0,509493,0,0,111930
SP3-09221,deficit,none,0,0,0,0,0
SP3-09222,ok,debt,0,12793,0,0,85546
SP3-09223,ok,reserve,7978,0,5319,0,0
SP3-09224,ok,reserve,6248,0,4165,0,0
SP3-09225,ok,goals+,0,0,48244,59101,1839556
SP3-09226,ok,debt,0,4686,0,0,29146
SP3-09227,deficit,none,0,0,0,0,163655
SP3-09228,ok,debt,0,191344948,0,0,1278729583
SP3-09229,ok,reserve,53304,0,0,0,0
SP3-09230,ok,debt,0,20180,0,0,340670
SP3-09231,deficit,none,0,0,0,0,481966
SP3-09232,ok,debt,0,3345,0,0,132037
SP3-09233,ok,goals+,0,0,1193,13384,0
SP3-09234,deficit,none,0,0,0,0,339834
SP3-09235,ok,debt,17929,41835,0,0,0
SP3-09236,ok,reserve,3183,0,2121,0,0
SP3-09237,deficit,none,0,0,0,0,471294
SP3-09238,invalid,none,0,0,0,0,0
SP3-09239,ok,goals+,0,0,24520852,43219297,198420626
SP3-09240,ok,debt,0,731813,0,0,5732881
SP3-09241,deficit,none,0,0,0,0,292396
SP3-09242,deficit,none,0,0,0,0,118083
SP3-09243,ok,debt,0,13282,0,0,151867
SP3-09244,deficit,none,0,0,0,0,4521778
SP3-09245,ok,goals+,0,0,3379,0,163842
SP3-09246,deficit,none,0,0,0,0,818942
SP3-09247,deficit,none,0,0,0,0,5085973
SP3-09248,ok,debt,0,3523,0,0,132037
SP3-09249,deficit,none,0,0,0,0,0
SP3-09250,ok,debt,3957,3957,0,0,159644
SP3-09251,ok,debt,0,20889,0,0,658627
SP3-09252,ok,reserve,3936,3935,0,0,23923
SP3-09253,deficit,none,0,0,0,0,0
SP3-09254,ok,goals+,0,0,45709,0,228866
SP3-09255,deficit,none,0,0,0,0,0
SP3-09256,ok,reserve,3936,3935,0,0,23923
SP3-09257,ok,goals+,0,0,0,36848,55441
SP3-09258,ok,reserve,1610,0,1072,0,0
SP3-09259,deficit,none,0,0,0,0,121560
SP3-09260,deficit,none,0,0,0,0,0
SP3-09261,ok,debt,0,1960,0,0,180306
SP3-09262,ok,goals+,0,0,8462,0,1280823
SP3-09263,ok,debt,0,1960,0,0,180306
SP3-09264,deficit,none,0,0,0,0,115634
SP3-09265,ok,debt,0,4283,0,0,33009
SP3-09266,ok,goals+,0,0,0,9765,374360
SP3-09267,deficit,none,0,0,0,0,192021
SP3-09268,deficit,none,0,0,0,0,0
SP3-09269,deficit,none,0,0,0,0,3565018
SP3-09270,deficit,none,0,0,0,0,0
SP3-09271,ok,goals+,0,0,76436,302177,2986816
SP3-09272,deficit,none,0,0,0,0,194729
SP3-09273,ok,debt,5085,11866,0,0,0
SP3-09274,ok,goals+,0,0,9375,0,6455633
SP3-09275,ok,debt,0,9729,0,0,6384497
SP3-09276,ok,goals+,49217,0,46307,95871,0
SP3-09277,deficit,none,0,0,0,0,0
SP3-09278,deficit,none,0,0,0,0,0
SP3-09279,ok,reserve,8098,0,5398,0,0
SP3-09280,deficit,none,0,0,0,0,0
SP3-09281,deficit,none,0,0,0,0,46552
SP3-09282,ok,goals+,0,0,110574,127682,861842
SP3-09283,deficit,none,0,0,0,0,38497
SP3-09284,ok,debt,0,6838,0,0,169985
SP3-09285,invalid,none,0,0,0,0,0
SP3-09286,ok,debt,2598,2598,0,0,167713
SP3-09287,deficit,none,0,0,0,0,5284979
SP3-09288,ok,reserve,6426,6425,0,0,0
SP3-09289,ok,goals+,0,0,14053,0,1435465
SP3-09290,ok,goals+,0,0,0,21157,0
SP3-09291,ok,goals+,0,0,650,3492,191826
SP3-09292,deficit,none,0,0,0,0,111993
SP3-09293,deficit,none,0,0,0,0,2803261
SP3-09294,ok,debt,0,39015,0,0,109597
SP3-09295,deficit,none,0,0,0,0,0
SP3-09296,deficit,none,0,0,0,0,3861034
SP3-09297,ok,debt,3528,8234,0,0,0
SP3-09298,deficit,none,0,0,0,0,1556594
SP3-09299,ok,debt,0,17496,0,0,196577
SP3-09300,ok,debt,0,1336,0,0,14715
SP3-09301,ok,debt,0,470,0,0,96366
SP3-09302,deficit,none,0,0,0,0,149703
SP3-09303,ok,debt,10743,10743,0,0,0
SP3-09304,ok,debt,11501,26835,0,0,0
SP3-09305,ok,debt,0,403,0,0,110148
SP3-09306,invalid,none,0,0,0,0,0
SP3-09307,deficit,none,0,0,0,0,242921
SP3-09308,deficit,none,0,0,0,0,0
SP3-09309,deficit,none,0,0,0,0,0
SP3-09310,deficit,none,0,0,0,0,14321
SP3-09311,ok,reserve,42409,0,14070,0,0
SP3-09312,ok,debt,2160,5041,0,0,0
SP3-09313,ok,reserve,21882,0,14587,0,0
SP3-09314,ok,reserve,33214,0,1000,0,0
SP3-09315,ok,debt,3643,8502,0,0,0
SP3-09316,invalid,none,0,0,0,0,0
SP3-09317,deficit,none,0,0,0,0,0
SP3-09318,ok,reserve,78838,0,6462,0,0
SP3-09319,ok,reserve,42221,0,1889,0,0
SP3-09320,ok,reserve,32651,0,0,0,0
SP3-09321,deficit,none,0,0,0,0,43748
SP3-09322,ok,goals+,0,0,22765,18171,433271
SP3-09323,ok,debt,16993,16993,0,0,0
SP3-09324,ok,debt,0,45156,0,0,642055
SP3-09325,ok,goals+,0,0,151,22078,0
SP3-09326,ok,reserve,12458,0,8304,0,0
SP3-09327,ok,goals+,0,0,0,492961,9439822
SP3-09328,ok,debt,0,5475,0,0,92715
SP3-09329,ok,reserve,169931,169930,0,0,0
SP3-09330,ok,reserve,294140119,0,13438389,0,0
SP3-09331,ok,goals+,0,0,2867,48520,6579131
SP3-09332,deficit,none,0,0,0,0,17753088
SP3-09333,deficit,none,0,0,0,0,0
SP3-09334,invalid,none,0,0,0,0,0
SP3-09335,ok,reserve,2022,0,1347,0,115397
SP3-09336,invalid,none,0,0,0,0,0
SP3-09337,ok,reserve,7685,6505,3038,0,84375
SP3-09338,ok,debt,11047,11047,0,0,0
SP3-09339,ok,debt,81,8950,54,0,92888
SP3-09340,deficit,none,0,0,0,0,0
SP3-09341,deficit,none,0,0,0,0,0
SP3-09342,ok,goals+,0,0,2485,1016,240663
SP3-09343,deficit,none,0,0,0,0,0
SP3-09344,ok,reserve,526,0,351,0,0
SP3-09345,ok,reserve,17542,0,1767,0,0
SP3-09346,ok,reserve,11117,9124,1529,0,191492
SP3-09347,ok,reserve,31633,0,2247,0,0
SP3-09348,deficit,none,0,0,0,0,818726
SP3-09349,ok,goals+,0,0,3228,5317,412772
SP3-09350,deficit,none,0,0,0,0,5430695
SP3-09351,deficit,none,0,0,0,0,250261
SP3-09352,ok,goals+,0,0,141196,80236,8077639
SP3-09353,ok,debt,4399,10266,0,0,0
SP3-09354,deficit,none,0,0,0,0,0
SP3-09355,deficit,none,0,0,0,0,457
SP3-09356,ok,debt,0,728,0,0,16632
SP3-09357,deficit,none,0,0,0,0,4067775
SP3-09358,ok,reserve,2994,2993,0,0,0
SP3-09359,ok,reserve,1989,0,1325,0,0
SP3-09360,ok,debt,0,37742,0,0,117233
SP3-09361,ok,reserve,1257,0,837,0,0
SP3-09362,ok,debt,4310,12978,0,0,0
SP3-09363,deficit,none,0,0,0,0,184993
SP3-09364,invalid,none,0,0,0,0,0
SP3-09365,deficit,none,0,0,0,0,38863
SP3-09366,ok,goals+,0,0,43192,0,3226358
SP3-09367,ok,goals+,0,0,12917,3068,305419
SP3-09368,deficit,none,0,0,0,0,0
SP3-09369,ok,reserve,1972,0,417,0,40936
SP3-09370,deficit,none,0,0,0,0,818726
SP3-09371,deficit,none,0,0,0,0,0
SP3-09372,deficit,none,0,0,0,0,6603516
SP3-09373,deficit,none,0,0,0,0,5669586
SP3-09374,ok,goals+,0,0,28078,25981,2359457
SP3-09375,ok,reserve,26275,0,17516,0,0
SP3-09376,deficit,none,0,0,0,0,429132
SP3-09377,ok,debt,0,63979,0,0,367340
SP3-09378,invalid,none,0,0,0,0,0
SP3-09379,ok,reserve,30113,0,6155,0,0
SP3-09380,deficit,none,0,0,0,0,0
SP3-09381,ok,goals+,0,0,4075,10799,1486531
SP3-02436,invalid,none,0,0,0,0,0
SP3-09383,deficit,none,0,0,0,0,18585
SP3-09384,ok,debt,0,35448,0,0,98290
SP3-09385,ok,goals+,0,0,188979,0,12502683
SP3-09386,deficit,none,0,0,0,0,10663
SP3-09387,ok,debt,0,408379,0,0,988428
SP3-09388,invalid,none,0,0,0,0,0
SP3-09389,deficit,none,0,0,0,0,25280
SP3-09390,deficit,none,0,0,0,0,10563532
SP3-09391,ok,reserve,7357,7356,0,0,0
SP3-09392,ok,reserve,72,71,0,0,0
SP3-09393,ok,reserve,28767,0,9012,0,165836
SP3-09394,deficit,none,0,0,0,0,0
SP3-09395,ok,debt,0,21846,0,0,32893
SP3-09396,ok,goals+,0,0,119,8529,183822
SP3-09397,ok,goals+,0,0,1252,24464,602903
SP3-09398,deficit,none,0,0,0,0,251899
SP3-09399,ok,debt,0,30976,0,0,264216
SP3-09400,ok,goals+,0,0,33888,7172,2427174
SP3-09401,ok,debt,22380,52223,0,0,0
SP3-09402,deficit,none,0,0,0,0,2881219
SP3-09403,ok,reserve,271,0,180,0,0
SP3-09404,deficit,none,0,0,0,0,2064385
SP3-09405,deficit,none,0,0,0,0,0
SP3-09406,ok,reserve,7357,7356,0,0,0
SP3-09407,deficit,none,0,0,0,0,0
SP3-09408,ok,debt,1452,1452,0,0,390560
SP3-09409,deficit,none,0,0,0,0,26646
SP3-09410,deficit,none,0,0,0,0,137583
SP3-09411,ok,goals+,0,0,38679,15996,1689766
SP3-09412,deficit,none,0,0,0,0,41399
SP3-09413,ok,goals+,0,0,3752,0,1495028
SP3-09414,ok,goals+,0,0,8178,0,77226
SP3-09415,ok,goals+,0,0,0,894852,2870237
SP3-09416,ok,reserve,5383,5382,0,0,0
SP3-09417,deficit,none,0,0,0,0,0
SP3-09418,deficit,none,0,0,0,0,5982556
SP3-09419,ok,reserve,42902,0,8865,0,0
SP3-09420,deficit,none,0,0,0,0,98168
SP3-09421,ok,goals+,0,0,21465,13464,909639
SP3-09422,ok,debt,0,1950,0,0,7907
SP3-09423,ok,reserve,21909,0,14605,0,0
SP3-09424,invalid,none,0,0,0,0,0
SP3-09425,ok,reserve,5383,5382,0,0,0
SP3-09426,invalid,none,0,0,0,0,0
SP3-09427,ok,debt,962,5405,641,0,142769
SP3-09428,deficit,none,0,0,0,0,84696
SP3-09429,ok,debt,4214,9833,0,0,0
SP3-09430,ok,reserve,13641,0,9093,0,0
SP3-09431,deficit,none,0,0,0,0,0
SP3-09432,ok,reserve,3356,3355,0,0,159213
SP3-09433,ok,debt,0,22395,0,0,339808
SP3-09434,ok,goals+,0,0,424,0,300954
SP3-09435,deficit,none,0,0,0,0,37394
SP3-09436,invalid,none,0,0,0,0,0
SP3-09437,ok,debt,0,69078,0,0,278596
SP3-09438,ok,debt,0,12060,0,0,83065
SP3-09439,deficit,none,0,0,0,0,874981
SP3-09440,deficit,none,0,0,0,0,5593
SP3-09441,ok,debt,0,15302,0,0,149063
SP3-09442,ok,debt,9341,9341,0,0,0
SP3-09443,ok,debt,0,27002,0,0,248840
SP3-09444,ok,reserve,2559,0,1706,0,0
SP3-09445,ok,goals+,0,0,26055,89347,378090
SP3-09446,ok,reserve,43647,0,0,0,0
SP3-09447,deficit,none,0,0,0,0,0
SP3-09448,ok,goals+,0,0,11971,84271,4381418
SP3-09449,deficit,none,0,0,0,0,147785
SP3-09450,deficit,none,0,0,0,0,0
SP3-09451,ok,goals+,0,0,14181,10319,917689
SP3-09452,ok,debt,0,63165,0,0,121700
SP3-09453,ok,debt,2397,29910,0,0,0
SP3-09454,invalid,none,0,0,0,0,0
SP3-09455,deficit,none,0,0,0,0,1496448
SP3-09456,ok,reserve,17960,0,501,0,0
SP3-09457,ok,debt,0,22395,0,0,344405
SP3-09458,ok,debt,0,976,0,0,28385
SP3-09459,ok,reserve,2262,0,1508,0,0
SP3-09460,ok,reserve,9090,92,3232,0,207510
SP3-09461,deficit,none,0,0,0,0,48688
SP3-09462,ok,debt,4351,10155,0,0,0
SP3-09463,ok,reserve,54523,0,10208,0,0
SP3-09464,ok,goals+,2316,0,24568,34365,0
SP3-09465,ok,debt,0,1822,0,0,23552
SP3-09466,ok,reserve,22568,0,0,0,0
SP3-09467,deficit,none,0,0,0,0,1003678
SP3-09468,ok,reserve,9394,0,3739,0,0
SP3-09469,ok,debt,1545,3608,0,0,0
SP3-09470,ok,goals+,0,0,117,0,271501
SP3-09471,ok,debt,0,2166,0,0,24165
SP3-09472,invalid,none,0,0,0,0,0
SP3-09473,ok,debt,6446,15041,0,0,0
SP3-09474,deficit,none,0,0,0,0,0
SP3-09475,ok,reserve,50062,0,14162,0,0
SP3-09476,ok,debt,0,25340,0,0,77267
SP3-09477,ok,reserve,14014,0,1798,0,75182
SP3-09478,ok,reserve,31788,0,5613,0,0
SP3-09479,invalid,none,0,0,0,0,0
SP3-09480,ok,goals+,0,0,4833,0,717970
SP3-09481,deficit,none,0,0,0,0,359115
SP3-09482,ok,goals+,0,0,1414,372609,212211
SP3-09483,deficit,none,0,0,0,0,932023
SP3-09484,ok,debt,5195,12124,0,0,0
SP3-09485,ok,reserve,4636,0,3091,0,0
SP3-09486,deficit,none,0,0,0,0,509900
SP3-09487,deficit,none,0,0,0,0,122613
SP3-09488,deficit,none,0,0,0,0,2248959
SP3-09489,deficit,none,0,0,0,0,10425826
SP3-09490,ok,debt,0,5637,0,0,99644
SP3-09491,ok,goals+,0,0,0,1010,457295
SP3-09492,ok,reserve,4933,0,3288,0,0
SP3-09493,ok,debt,979,4360,0,0,3773
SP3-09494,ok,reserve,1795,1794,0,0,0
SP3-09495,ok,goals+,0,0,18888,163605,4842176
SP3-09496,ok,debt,0,7163,0,0,51049
SP3-09497,ok,goals+,0,0,25466,522164,3807425
SP3-09498,deficit,none,0,0,0,0,635401
SP3-09499,ok,goals+,0,0,75512,0,2012120
SP3-09500,ok,goals+,0,0,5778,0,126087
SP3-09501,ok,goals+,0,0,2245,0,3561166
SP3-09502,deficit,none,0,0,0,0,965398
SP3-09503,ok,reserve,13750,0,0,0,0
SP3-09504,ok,reserve,22380,0,14919,0,0
SP3-09505,ok,goals+,0,0,13274,64838,825897
SP3-09506,deficit,none,0,0,0,0,20864490
SP3-09507,ok,debt,6202,6202,0,0,0
SP3-09508,invalid,none,0,0,0,0,0
SP3-09509,deficit,none,0,0,0,0,0
SP3-09510,ok,debt,102,102,0,0,0
SP3-09511,ok,goals+,0,0,1905,0,56058
SP3-09512,ok,goals+,0,0,0,55602,3270301
SP3-09513,ok,debt,11608,27085,0,0,0
SP3-09514,ok,debt,0,3954,0,0,65569
SP3-09515,deficit,none,0,0,0,0,0
SP3-09516,ok,reserve,13495,0,8996,0,0
SP3-09517,ok,reserve,1285,0,857,0,0
SP3-09518,deficit,none,0,0,0,0,0
SP3-09519,ok,debt,0,14294,0,0,80217
SP3-09520,ok,reserve,16546,0,0,0,0
SP3-09521,invalid,none,0,0,0,0,0
SP3-09522,ok,goals+,0,0,5212,30731,934222
SP3-09523,ok,goals+,0,0,1003,10760,0
SP3-09524,deficit,none,0,0,0,0,0
SP3-09525,deficit,none,0,0,0,0,161816
SP3-09526,deficit,none,0,0,0,0,120339
SP3-09527,deficit,none,0,0,0,0,0
SP3-09528,ok,goals+,0,0,294803,241316,859967
SP3-09529,ok,debt,0,4411,0,0,13696
SP3-09530,deficit,none,0,0,0,0,81124
SP3-09531,deficit,none,0,0,0,0,679844
SP3-09532,deficit,none,0,0,0,0,194173
SP3-09533,deficit,none,0,0,0,0,724340
SP3-09534,ok,goals+,0,0,0,4024,396940
SP3-09535,ok,debt,3613,3613,0,0,31835
SP3-09536,deficit,none,0,0,0,0,0
SP3-09537,ok,debt,2371,2371,0,0,0
SP3-09538,deficit,none,0,0,0,0,0
SP3-09539,ok,reserve,8748,0,0,0,0
SP3-09540,ok,goals+,0,0,0,115831,3731558
SP3-09541,ok,goals+,0,0,9222,6485,263519
SP3-09542,ok,reserve,22622,0,15081,0,0
SP3-09543,deficit,none,0,0,0,0,22516
SP3-09544,deficit,none,0,0,0,0,4115
SP3-09545,ok,goals+,0,0,12979,2693,3166580
SP3-09546,invalid,none,0,0,0,0,0
SP3-09547,ok,reserve,17519,17518,0,0,0
SP3-09548,ok,goals+,0,0,9018,0,353782
SP3-09549,ok,debt,0,11854,0,0,154374
SP3-09550,deficit,none,0,0,0,0,17038046
SP3-09551,ok,reserve,22098,22097,0,0,0
SP3-09552,ok,goals+,0,0,1822,1270,97209
SP3-09553,deficit,none,0,0,0,0,227493
SP3-09554,deficit,none,0,0,0,0,0
SP3-09555,invalid,none,0,0,0,0,0
SP3-09556,deficit,none,0,0,0,0,0
SP3-09557,ok,debt,0,9759,0,0,8506
SP3-09558,ok,debt,12468,29094,0,0,0
SP3-09559,deficit,none,0,0,0,0,16216717
SP3-09560,deficit,none,0,0,0,0,0
SP3-09561,ok,debt,3117,3117,0,0,0
SP3-09562,ok,reserve,660,659,0,0,0
SP3-09563,invalid,none,0,0,0,0,0
SP3-09564,ok,debt,12484,30121,0,0,0
SP3-09565,deficit,none,0,0,0,0,578902
SP3-09566,ok,reserve,37891,0,2452,0,0
SP3-09567,ok,reserve,1134,0,755,0,0
SP3-09568,ok,goals+,0,0,12535,149631,3440416
SP3-09569,invalid,none,0,0,0,0,0
SP3-09570,ok,goals+,0,0,8471,0,611887
SP3-09571,ok,reserve,37586,0,0,0,0
SP3-09572,ok,goals+,0,0,3367,0,265189
SP3-09573,ok,goals+,0,0,75745,0,8375249
SP3-09574,ok,reserve,1134,0,755,0,0
SP3-09575,ok,debt,0,26341,0,0,206295
SP3-09576,ok,reserve,245930,0,0,0,0
SP3-09577,deficit,none,0,0,0,0,804668
SP3-09578,ok,reserve,13326,13325,0,0,190463
SP3-09579,ok,reserve,2903,0,1934,0,0
SP3-09580,deficit,none,0,0,0,0,281119
SP3-09581,ok,debt,829,1936,0,0,0
SP3-09582,deficit,none,0,0,0,0,1017779
SP3-09583,deficit,none,0,0,0,0,8853274
SP3-09584,deficit,none,0,0,0,0,0
SP3-09585,ok,debt,7832,24781,0,0,0
SP3-09586,deficit,none,0,0,0,0,78034
SP3-09587,deficit,none,0,0,0,0,0
SP3-09588,deficit,none,0,0,0,0,0
SP3-09589,ok,debt,0,3703,0,0,100884
SP3-09590,ok,reserve,3522,3521,0,0,107675
SP3-09591,ok,debt,10624,24792,0,0,0
SP3-09592,ok,goals+,0,0,0,974,2902630
SP3-09593,ok,reserve,6898,6897,0,0,0
SP3-09594,deficit,none,0,0,0,0,4319976
SP3-09595,ok,reserve,9931,0,6620,0,0
SP3-09596,deficit,none,0,0,0,0,0
SP3-09597,ok,reserve,23838,0,0,0,0
SP3-09598,ok,debt,0,76929,0,0,288663
SP3-09599,ok,goals+,0,0,0,28318,249257
SP3-09600,deficit,none,0,0,0,0,2009422
SP3-09601,ok,reserve,2565,0,1704,0,0
SP3-09602,ok,debt,4010,9359,0,0,0
SP3-09603,ok,debt,17052,17052,0,0,0
SP3-09604,deficit,none,0,0,0,0,0
SP3-09605,ok,debt,0,226,0,0,69529
SP3-09606,ok,goals+,0,0,20654,610550,16559170
SP3-09607,deficit,none,0,0,0,0,800775
SP3-09608,ok,reserve,1023,0,682,0,0
SP3-09609,ok,goals+,0,0,4765,41710,0
SP3-09610,ok,debt,0,1647,0,0,215735
SP3-09611,deficit,none,0,0,0,0,174701
SP3-09612,ok,reserve,97291,0,5474,0,0
SP3-09613,deficit,none,0,0,0,0,0
SP3-09614,deficit,none,0,0,0,0,0
SP3-09615,ok,none,0,0,0,0,0
SP3-09616,ok,goals+,0,0,160807,114936,2341545
SP3-09617,ok,debt,0,4590,0,0,1022
SP3-09618,ok,reserve,6018,0,4011,0,0
SP3-09619,ok,debt,3858,9002,0,0,0
SP3-09620,ok,reserve,4763,0,3174,0,0
SP3-09621,deficit,none,0,0,0,0,0
SP3-09622,deficit,none,0,0,0,0,0
SP3-09623,ok,debt,4086,4086,0,0,0
SP3-09624,deficit,none,0,0,0,0,316144
SP3-09625,ok,debt,27337,27337,0,0,0
SP3-09626,deficit,none,0,0,0,0,0
SP3-09627,ok,reserve,5367,0,0,0,0
SP3-09628,deficit,none,0,0,0,0,0
SP3-09629,ok,debt,0,17965,0,0,102474
SP3-09630,deficit,none,0,0,0,0,126759
SP3-09631,deficit,none,0,0,0,0,20900
SP3-09632,ok,debt,0,5004,0,0,238649
SP3-09633,ok,reserve,10509,0,7006,0,0
SP3-09634,deficit,none,0,0,0,0,492815
SP3-09635,ok,goals+,0,0,92506,120889,9465443
SP3-09636,ok,debt,1030,2405,0,0,0
SP3-09637,ok,reserve,807,806,0,0,0
SP3-09638,ok,goals+,0,0,9105,56723,144403
SP3-09639,ok,reserve,45818,0,30545,0,0
SP3-09640,invalid,none,0,0,0,0,0
SP3-09641,ok,debt,2404,5611,0,0,0
SP3-09642,ok,debt,0,109,0,0,2099
SP3-09643,deficit,none,0,0,0,0,853142
SP3-09644,ok,debt,514,514,0,0,0
SP3-09645,deficit,none,0,0,0,0,500830
SP3-09646,ok,debt,0,7240,0,0,53754
SP3-09647,ok,none,0,0,0,0,0
SP3-09648,ok,goals+,0,0,26149,371931,7262093
SP3-09649,ok,debt,14820,34582,0,0,0
SP3-09650,ok,reserve,52501,52500,0,0,0
SP3-09651,deficit,none,0,0,0,0,0
SP3-09652,ok,goals+,0,0,16009,0,4554546
SP3-09653,ok,reserve,33218,0,10988,0,0
SP3-09654,deficit,none,0,0,0,0,1540679
SP3-09655,deficit,none,0,0,0,0,0
SP3-09656,ok,debt,0,7046,0,0,399176
SP3-09657,ok,debt,0,34313,0,0,582228
SP3-09658,deficit,none,0,0,0,0,0
SP3-09659,deficit,none,0,0,0,0,8041689
SP3-09660,deficit,none,0,0,0,0,1989757
SP3-09661,deficit,none,0,0,0,0,0
SP3-09662,deficit,none,0,0,0,0,467864
SP3-09663,ok,debt,8069,8069,0,0,141183
SP3-09664,ok,debt,0,503,0,0,14646
SP3-09665,ok,reserve,16308,0,0,0,0
SP3-09666,deficit,none,0,0,0,0,35730
SP3-09667,ok,goals+,0,0,4759,11212,1897195
SP3-09668,deficit,none,0,0,0,0,0
SP3-09669,ok,debt,0,356578,0,0,264298
SP3-09670,deficit,none,0,0,0,0,149767
SP3-09671,ok,debt,0,11587,0,0,249747
SP3-09672,deficit,none,0,0,0,0,524470
SP3-09673,ok,goals+,0,0,29371,18234,1654621
SP3-09674,ok,reserve,31872,0,21247,0,0
SP3-09675,ok,debt,0,17963,0,0,70046
SP3-09676,ok,debt,0,37533418,0,0,739713069
SP3-09677,ok,debt,0,35481,0,0,666348
SP3-09678,deficit,none,0,0,0,0,639030
SP3-09679,ok,debt,0,4713,0,0,108780
SP3-09680,ok,debt,0,9491,0,0,127233
SP3-09681,ok,goals+,0,0,6819,0,521999
SP3-09682,ok,debt,0,4,0,0,162877
SP3-09683,ok,debt,7503,17509,0,0,0
SP3-09684,ok,debt,0,31097,0,0,442668
SP3-09685,ok,debt,0,12873,0,0,73050
SP3-09686,ok,goals+,0,0,0,5392,63449
SP3-09687,ok,goals+,0,0,7949,0,7125896
SP3-09688,ok,goals+,0,0,834,0,1709220
SP3-09689,deficit,none,0,0,0,0,4892061
SP3-09690,deficit,none,0,0,0,0,0
SP3-09691,ok,goals+,4604,0,8936,0,0
SP3-09692,ok,goals+,0,0,0,15370,605863
SP3-09693,deficit,none,0,0,0,0,135946
SP3-09694,ok,debt,0,36851,0,0,350926
SP3-09695,ok,goals+,0,0,27485,35901,17744598
SP3-09696,deficit,none,0,0,0,0,8887178
SP3-09697,ok,reserve,41002,0,0,0,0
SP3-09698,ok,debt,0,10610,0,0,63980
SP3-09699,ok,goals+,0,0,10398,0,344137
SP3-09700,ok,debt,0,40729,0,0,174013
SP3-09701,deficit,none,0,0,0,0,0
SP3-09702,ok,reserve,5221,0,2202,0,0
SP3-09703,deficit,none,0,0,0,0,0
SP3-09704,ok,reserve,3812,0,2541,0,0
SP3-09705,ok,goals+,0,0,504,248,471188
SP3-09706,deficit,none,0,0,0,0,855770
SP3-09707,ok,debt,0,8184,0,0,7316
SP3-09708,ok,debt,4453,4453,0,0,0
SP3-09709,deficit,none,0,0,0,0,2076929
SP3-09710,deficit,none,0,0,0,0,0
SP3-09711,deficit,none,0,0,0,0,22936
SP3-04859,invalid,none,0,0,0,0,0
SP3-09713,invalid,none,0,0,0,0,0
SP3-09714,ok,debt,520,3577,0,0,0
SP3-09715,ok,goals+,0,0,0,675938,1464277
SP3-09716,deficit,none,0,0,0,0,5276
SP3-09717,deficit,none,0,0,0,0,0
SP3-09718,deficit,none,0,0,0,0,2739248
SP3-09719,deficit,none,0,0,0,0,43764
SP3-09720,deficit,none,0,0,0,0,0
SP3-09721,deficit,none,0,0,0,0,38400
SP3-09722,invalid,none,0,0,0,0,0
SP3-09723,ok,goals+,0,0,3697,13023,1166219
SP3-09724,ok,debt,0,3404,0,0,139711
SP3-09725,ok,reserve,10960,10959,0,0,65658
SP3-09726,invalid,none,0,0,0,0,0
SP3-09727,ok,reserve,37974,0,1483,0,0
SP3-09728,ok,debt,0,11486,0,0,32786
SP3-09729,deficit,none,0,0,0,0,0
SP3-09730,deficit,none,0,0,0,0,823134
SP3-09731,ok,debt,0,11636,0,0,237308
SP3-09732,ok,debt,0,12873,0,0,73050
SP3-09733,deficit,none,0,0,0,0,0
SP3-09734,ok,reserve,668,667,0,0,0
SP3-09735,deficit,none,0,0,0,0,4129531
SP3-09736,ok,goals+,0,0,1256,14478,3054853
SP3-09737,deficit,none,0,0,0,0,348470
SP3-09738,deficit,none,0,0,0,0,260300
SP3-09739,deficit,none,0,0,0,0,0
SP3-09740,deficit,none,0,0,0,0,510374
SP3-09741,deficit,none,0,0,0,0,14546
SP3-09742,deficit,none,0,0,0,0,13085575
SP3-09743,ok,debt,0,59016,0,0,9033114
SP3-09744,ok,debt,0,28454,0,0,25343
SP3-09745,ok,debt,0,9278,0,0,92261
SP3-09746,deficit,none,0,0,0,0,61857
SP3-09747,deficit,none,0,0,0,0,0
SP3-09748,deficit,none,0,0,0,0,0
SP3-09749,ok,reserve,15169,15168,0,0,171605
SP3-09750,ok,reserve,16465,0,0,0,0
SP3-09751,deficit,none,0,0,0,0,779600
SP3-09752,deficit,none,0,0,0,0,0
SP3-09753,ok,goals+,0,0,25178,0,160382
SP3-09754,deficit,none,0,0,0,0,0
SP3-09755,ok,reserve,14544,0,9695,0,0
SP3-09756,ok,reserve,3357,0,0,0,0
SP3-09757,deficit,none,0,0,0,0,1815108
SP3-09758,ok,goals+,0,0,39617,0,46902
SP3-09759,deficit,none,0,0,0,0,242456
SP3-09760,deficit,none,0,0,0,0,413920
SP3-09761,ok,debt,0,13545,0,0,114130
SP3-09762,ok,debt,1017,2376,0,0,0
SP3-09763,ok,debt,1706,1706,0,0,0
SP3-09764,ok,goals+,0,0,0,30702,65191
SP3-09765,ok,debt,2697,2697,0,0,0
SP3-09766,deficit,none,0,0,0,0,0
SP3-09767,ok,reserve,8014,0,5342,0,0
SP3-09768,ok,debt,35816,61042,0,0,463779
SP3-09769,ok,reserve,76834,0,0,0,0
SP3-09770,ok,reserve,54816,0,0,0,0
SP3-09771,deficit,none,0,0,0,0,0
SP3-09772,deficit,none,0,0,0,0,1723836
SP3-09773,deficit,none,0,0,0,0,269599
SP3-09774,ok,debt,7676,7676,0,0,0
SP3-09775,ok,debt,802,1874,0,0,0
SP3-09776,ok,debt,0,8489,0,0,45232
SP3-09777,deficit,none,0,0,0,0,0
SP3-09778,ok,debt,867,867,0,0,0
SP3-09779,ok,reserve,7310,0,0,0,0
SP3-09780,ok,debt,953,10586,0,0,0
SP3-09781,ok,reserve,28047,28046,0,0,0
SP3-09782,ok,reserve,80141,0,53427,0,0
SP3-09783,ok,goals+,0,0,3724,0,172502
SP3-09784,ok,reserve,3847,0,2564,0,0
SP3-09480,invalid,none,0,0,0,0,0
SP3-09786,ok,reserve,60666,0,15934,0,0
SP3-09787,deficit,none,0,0,0,0,0
SP3-09788,deficit,none,0,0,0,0,293540
SP3-09789,deficit,none,0,0,0,0,0
SP3-09790,ok,reserve,4765,4764,0,0,0
SP3-09791,ok,debt,0,5999,0,0,109103
SP3-09792,ok,debt,0,3485,0,0,175796
SP3-09793,ok,reserve,18412,0,0,0,0
SP3-09794,ok,debt,0,60967,0,0,168875
SP3-09795,ok,reserve,33293,33292,0,0,46108
SP3-09796,ok,debt,38339,38339,0,0,0
SP3-09797,ok,debt,0,6404,0,0,14599
SP3-09798,deficit,none,0,0,0,0,133497
SP3-09799,deficit,none,0,0,0,0,198770
SP3-09800,ok,debt,161,378,0,0,0
SP3-09801,ok,goals+,0,0,8867,0,1357434
SP3-09802,ok,debt,0,35295,0,0,986725
SP3-09803,deficit,none,0,0,0,0,0
SP3-09804,ok,debt,0,3670,0,0,121763
SP3-09805,ok,reserve,277021,0,132300,0,0
SP3-09806,ok,goals+,0,0,19718,380696,2906092
SP3-09807,deficit,none,0,0,0,0,105685
SP3-09808,ok,reserve,8070,0,0,0,0
SP3-09809,ok,reserve,29677,0,19784,0,0
SP3-09810,deficit,none,0,0,0,0,36023
SP3-09811,ok,goals+,0,0,0,26211,757714
SP3-09812,ok,debt,1378,3217,0,0,0
SP3-09813,deficit,none,0,0,0,0,1840964
SP3-09814,ok,goals+,0,0,4542,30198,0
SP3-09815,ok,goals+,0,0,3424,0,880695
SP3-09816,deficit,none,0,0,0,0,5484
SP3-09817,deficit,none,0,0,0,0,179198
SP3-09818,deficit,none,0,0,0,0,0
SP3-09819,ok,debt,4015,9369,0,0,0
SP3-09820,ok,debt,0,24366,0,0,668656
SP3-09821,ok,debt,0,50001,0,0,133256
SP3-09822,ok,goals+,0,0,0,38358,418838
SP3-09823,ok,goals+,0,0,442551,0,1291750
SP3-09824,ok,goals+,0,0,0,88933,175872
SP3-09825,ok,debt,1166,2720,0,0,0
SP3-09826,deficit,none,0,0,0,0,0
SP3-09827,ok,debt,6805,15880,0,0,0
SP3-09828,deficit,none,0,0,0,0,0
SP3-09829,ok,debt,0,7362,0,0,67615
SP3-09830,ok,goals+,0,0,0,19754,14931166
SP3-09831,invalid,none,0,0,0,0,0
SP3-09832,ok,goals+,0,0,4355,789,222504
SP3-09833,ok,reserve,3496,0,2330,0,0
SP3-09834,deficit,none,0,0,0,0,0
SP3-09835,invalid,none,0,0,0,0,0
SP3-09836,ok,debt,0,7463,0,0,191478
SP3-09837,deficit,none,0,0,0,0,0
SP3-09838,deficit,none,0,0,0,0,0
SP3-09839,ok,reserve,52637,0,0,0,0
SP3-09840,deficit,none,0,0,0,0,147689
SP3-09841,deficit,none,0,0,0,0,1509328
SP3-09842,ok,reserve,6218,6217,0,0,0
SP3-09843,ok,goals+,0,0,0,335297,323385
SP3-09844,ok,reserve,6630,6629,0,0,0
SP3-09845,deficit,none,0,0,0,0,67051
SP3-09846,deficit,none,0,0,0,0,1585531
SP3-09847,deficit,none,0,0,0,0,1192421
SP3-09848,deficit,none,0,0,0,0,0
SP3-09849,ok,debt,0,51045,0,0,133256
SP3-09850,ok,debt,4967,4967,0,0,0
SP3-09851,ok,goals+,0,0,5013,0,147900
SP3-09852,ok,goals+,0,0,9052,28709,73830
SP3-09853,ok,debt,0,13150,0,0,12860
SP3-09854,deficit,none,0,0,0,0,9466723
SP3-09855,ok,debt,1062,1062,0,0,0
SP3-09856,ok,debt,9073,9073,0,0,0
SP3-09857,ok,reserve,25596,0,17064,0,0
SP3-09858,ok,debt,8522,19886,0,0,0
SP3-09859,invalid,none,0,0,0,0,0
SP3-09860,ok,debt,78627,183464,0,0,0
SP3-09861,ok,debt,0,3335,0,0,68631
SP3-09862,ok,reserve,22189,0,0,14775,0
SP3-09863,invalid,none,0,0,0,0,0
SP3-09864,ok,debt,3423,13418,0,0,0
SP3-09865,ok,debt,0,4461,0,0,2044
SP3-09866,deficit,none,0,0,0,0,0
SP3-09867,invalid,none,0,0,0,0,0
SP3-09868,ok,goals+,0,0,0,6617,67990
SP3-09869,ok,goals+,0,0,562,9185,143721
SP3-09870,ok,reserve,37166,0,1000,0,0
SP3-09871,deficit,none,0,0,0,0,0
SP3-09872,ok,goals+,0,0,2137,57878,0
SP3-09873,deficit,none,0,0,0,0,715212
SP3-09874,ok,debt,2388,2388,0,0,0
SP3-09875,ok,goals+,0,0,21454,0,206364
SP3-09876,ok,reserve,110507408,110507407,0,0,0
SP3-09877,ok,debt,11014,25702,0,0,0
SP3-09878,deficit,none,0,0,0,0,0
SP3-09879,deficit,none,0,0,0,0,0
SP3-09880,invalid,none,0,0,0,0,0
SP3-09881,ok,debt,0,30767,0,0,361046
SP3-09882,deficit,none,0,0,0,0,1914067
SP3-09883,deficit,none,0,0,0,0,0
SP3-09884,ok,debt,1062,1062,0,0,0
SP3-09885,deficit,none,0,0,0,0,1974728
SP3-09886,deficit,none,0,0,0,0,661982
SP3-09887,deficit,none,0,0,0,0,0
SP3-09888,ok,debt,0,14533,0,0,15161
SP3-09889,deficit,none,0,0,0,0,0
SP3-09890,deficit,none,0,0,0,0,969478
SP3-09891,ok,debt,4101,4101,0,0,0
SP3-09892,ok,debt,0,7343,0,0,112270
SP3-09893,deficit,none,0,0,0,0,42047
SP3-09894,deficit,none,0,0,0,0,6363638
SP3-09895,ok,goals+,0,0,0,2043,183361
SP3-09896,ok,debt,586,586,0,0,0
SP3-09897,ok,goals+,0,0,4376,59913,76574
SP3-09898,ok,goals+,0,0,51626,565634,5198548
SP3-09899,ok,debt,7159,16705,0,0,0
SP3-09900,ok,reserve,6736,0,4490,0,0
SP3-09901,deficit,none,0,0,0,0,171183
SP3-09902,ok,debt,20321,23538,0,0,38646
SP3-09903,ok,debt,7159,16705,0,0,0
SP3-09904,deficit,none,0,0,0,0,769818
SP3-09905,ok,debt,1587,1587,0,0,157646
SP3-09906,ok,debt,3126,3126,0,0,0
SP3-09907,ok,debt,3593,3593,0,0,0
SP3-09908,deficit,none,0,0,0,0,213348
SP3-09909,ok,reserve,10724,10723,0,0,0
SP3-09910,ok,goals+,0,0,8075,26154,577210
SP3-09911,ok,reserve,13765,0,0,0,0
SP3-09912,ok,reserve,2131,0,1421,0,0
SP3-09913,ok,debt,3782,3782,0,0,0
SP3-09914,deficit,none,0,0,0,0,0
SP3-09915,ok,reserve,35459,0,8886,0,0
SP3-09916,ok,goals+,0,0,44506,79785,2922912
SP3-09917,ok,reserve,27512,27511,0,0,0
SP3-09918,deficit,none,0,0,0,0,1515367
SP3-09919,ok,reserve,2507,2506,0,0,0
SP3-09920,ok,reserve,10396,0,0,0,0
SP3-09921,ok,reserve,13842,0,0,0,0
SP3-09922,ok,reserve,1617,0,1077,0,0
SP3-09923,deficit,none,0,0,0,0,560851
SP3-09924,ok,reserve,997,0,664,0,0
SP3-09925,deficit,none,0,0,0,0,1743911
SP3-09926,ok,goals+,0,0,43182,15624,951953
SP3-09927,deficit,none,0,0,0,0,1618180
SP3-09928,deficit,none,0,0,0,0,76122
SP3-09929,invalid,none,0,0,0,0,0
SP3-09930,deficit,none,0,0,0,0,79153
SP3-09931,deficit,none,0,0,0,0,334889
SP3-09932,deficit,none,0,0,0,0,0
SP3-09933,ok,goals+,0,0,0,139281,12103768
SP3-09934,ok,goals+,0,153856,0,220826,93631
SP3-09935,deficit,none,0,0,0,0,34394
SP3-09936,deficit,none,0,0,0,0,10990684
SP3-09937,ok,reserve,4364,0,0,1581,0
SP3-09938,ok,reserve,5609,0,3738,0,0
SP3-09939,ok,debt,971,2268,0,0,0
SP3-09940,ok,goals+,0,0,1582,0,68593
SP3-09941,deficit,none,0,0,0,0,127396
SP3-09942,deficit,none,0,0,0,0,1285981
SP3-09943,ok,debt,1572,10379,0,0,0
SP3-09944,deficit,none,0,0,0,0,125244
SP3-09945,ok,debt,6648,15514,0,0,0
SP3-09946,deficit,none,0,0,0,0,171899
SP3-09947,ok,debt,10418,24309,0,0,0
SP3-09948,ok,goals+,0,0,0,7590,4047960
SP3-09949,invalid,none,0,0,0,0,0
SP3-09950,deficit,none,0,0,0,0,0
SP3-09951,ok,debt,0,3506,0,0,541760
SP3-09952,deficit,none,0,0,0,0,0
SP3-09953,deficit,none,0,0,0,0,3188950
SP3-09954,deficit,none,0,0,0,0,0
SP3-09955,invalid,none,0,0,0,0,0
SP3-09956,deficit,none,0,0,0,0,12148
SP3-09957,deficit,none,0,0,0,0,350359
SP3-09958,ok,debt,10823,10823,0,0,0
SP3-09959,invalid,none,0,0,0,0,0
SP3-09960,ok,reserve,2748,2747,0,0,0
SP3-09961,deficit,none,0,0,0,0,2755447
SP3-09962,deficit,none,0,0,0,0,0
SP3-09963,deficit,none,0,0,0,0,3054715
SP3-09964,ok,goals+,0,0,7659,362323,13387932
SP3-09965,ok,debt,0,11819,0,0,634374
SP3-09966,invalid,none,0,0,0,0,0
SP3-09967,deficit,none,0,0,0,0,291111
SP3-09968,ok,reserve,12469,0,366,0,0
SP3-09969,ok,reserve,48927,0,12965,0,0
SP3-09970,deficit,none,0,0,0,0,754349
SP3-09971,deficit,none,0,0,0,0,1413417
SP3-09972,ok,reserve,33909,0,0,0,0
SP3-09973,ok,reserve,14569,0,0,0,29742
SP3-09974,ok,reserve,36730,36729,0,0,0
SP3-09975,ok,reserve,2062,2061,0,0,0
SP3-09976,deficit,none,0,0,0,0,21630
SP3-09977,deficit,none,0,0,0,0,78360
SP3-09978,ok,goals+,0,0,3195,0,733644
SP3-09979,ok,reserve,10755,10754,0,0,0
SP3-09980,deficit,none,0,0,0,0,0
SP3-09981,ok,reserve,8267,8266,0,0,0
SP3-09982,ok,reserve,15632,0,10421,0,0
SP3-09983,ok,goals+,0,0,41082,36000,1127026
SP3-09984,ok,debt,1602,1602,0,0,0
SP3-09985,ok,debt,28583,28583,0,0,0
SP3-09986,ok,reserve,20004,0,13335,0,0
SP3-09987,deficit,none,0,0,0,0,48927
SP3-09988,ok,debt,5072,11836,0,0,0
SP3-09989,ok,goals+,0,0,4124,3921,95309
SP3-09990,ok,debt,3748,3748,0,0,0
SP3-09991,ok,reserve,14542,0,4519,0,0
SP3-09992,ok,debt,2213,5163,0,0,0
SP3-09993,invalid,none,0,0,0,0,0
SP3-09994,invalid,none,0,0,0,0,0
SP3-09995,deficit,none,0,0,0,0,1413417
SP3-09996,ok,reserve,13612,0,9074,0,0
SP3-09997,ok,debt,0,16080,0,0,139909
SP3-09998,ok,debt,0,36340,0,0,89173
SP3-09999,ok,goals+,0,0,0,63862,168993
SP3-10000,deficit,none,0,0,0,0,0
SP3-10001,deficit,none,0,0,0,0,6564591
SP3-10002,ok,reserve,79604,79603,0,0,0
SP3-10003,invalid,none,0,0,0,0,0
SP3-10004,ok,goals+,0,0,120227,203218,3594279
SP3-10005,ok,goals+,0,0,34193,9167,522157
SP3-10006,ok,goals+,0,0,3758,21760,171194
SP3-10007,ok,reserve,8590,0,5056,0,0
SP3-10008,ok,reserve,1775,1774,0,0,35062
SP3-10009,deficit,none,0,0,0,0,657975
SP3-10010,ok,goals+,0,0,15537,147964,7460866
SP3-02433,invalid,none,0,0,0,0,0
SP3-10012,ok,goals+,0,0,26993,0,179433
SP3-10013,ok,debt,5149,12016,0,0,0
SP3-10014,ok,debt,0,9480,0,0,188154
SP3-10015,invalid,none,0,0,0,0,0
SP3-10016,ok,debt,0,3089,0,0,304223
SP3-10017,ok,goals+,0,0,158049,0,10076007
SP3-10018,ok,goals+,0,0,26993,0,179433
SP3-10019,ok,reserve,95093,0,59854,0,0
SP3-10020,deficit,none,0,0,0,0,57306
SP3-10021,invalid,none,0,0,0,0,0
SP3-10022,ok,goals+,6351,0,4754,7576,0
SP3-10023,ok,debt,6187,14696,0,0,88264
SP3-10024,ok,goals+,0,0,2872,49477,241188
SP3-10025,ok,debt,23477,23477,0,0,0
SP3-10026,ok,debt,0,10405,0,0,294281
SP3-10027,deficit,none,0,0,0,0,0
SP3-10028,deficit,none,0,0,0,0,7564493
SP3-10029,ok,debt,0,15349,0,0,2185
SP3-10030,deficit,none,0,0,0,0,0
SP3-10031,deficit,none,0,0,0,0,0
SP3-10032,ok,reserve,12339,0,0,0,0
SP3-10033,ok,reserve,26541,0,17693,0,0
SP3-10034,ok,goals+,0,0,5746,69955,1160853
SP3-10035,ok,reserve,9961,0,6640,0,0
SP3-10036,deficit,none,0,0,0,0,0
SP3-10037,deficit,none,0,0,0,0,484048
SP3-10038,ok,goals+,0,0,13510,221,152180
SP3-10039,deficit,none,0,0,0,0,0
SP3-10040,ok,goals+,0,0,38170,8725,985524
SP3-10041,invalid,none,0,0,0,0,0
SP3-10042,ok,goals+,0,0,47259,30186,2577633
SP3-10043,ok,goals+,0,0,11419,265108,1428723
SP3-10044,deficit,none,0,0,0,0,0
SP3-10045,deficit,none,0,0,0,0,0
SP3-10046,ok,goals+,0,0,5952,0,21678
SP3-10047,ok,debt,0,17007,0,0,175943
SP3-10048,ok,debt,0,1906,0,0,68824
SP3-10049,ok,debt,0,9179,0,0,57752
SP3-10050,ok,goals+,0,0,0,258938,7395322
SP3-10051,deficit,none,0,0,0,0,348937
SP3-10052,ok,debt,0,48650,0,0,316735
SP3-10053,ok,goals+,0,0,0,28192,645716
SP3-10054,ok,reserve,51821,0,5730,0,0
SP3-10055,ok,reserve,7527,7526,0,0,0
SP3-10056,deficit,none,0,0,0,0,345518
SP3-10057,deficit,none,0,0,0,0,532322
SP3-10058,ok,goals+,0,0,1572,66647,996412
SP3-10059,ok,goals+,0,0,4274,0,6933
SP3-10060,deficit,none,0,0,0,0,79878
SP3-10061,ok,debt,0,28449,0,0,49906
SP3-10062,deficit,none,0,0,0,0,0
SP3-10063,ok,debt,0,7320,0,0,220063
SP3-10064,ok,reserve,40826,0,7625,0,0
SP3-10065,ok,reserve,6383,6382,0,0,0
SP3-10066,ok,debt,8897,8897,0,0,0
SP3-10067,invalid,none,0,0,0,0,0
SP3-10068,deficit,none,0,0,0,0,0
SP3-10069,ok,debt,0,27352,0,0,50306
SP3-10070,ok,reserve,37737,0,2273,0,0
SP3-10071,ok,reserve,8756,0,1821,0,0
SP3-10072,invalid,none,0,0,0,0,0
SP3-10073,deficit,none,0,0,0,0,0
SP3-10074,deficit,none,0,0,0,0,156443
SP3-10075,deficit,none,0,0,0,0,0
SP3-10076,deficit,none,0,0,0,0,0
SP3-10077,deficit,none,0,0,0,0,47879
SP3-10078,ok,reserve,25795,25794,0,0,0
SP3-10079,ok,debt,0,14961,0,0,130328
SP3-10080,ok,debt,0,14364,0,0,151593
SP3-10081,ok,goals+,0,0,1331,5233,150681
SP3-10082,ok,reserve,7117,0,4744,0,0
SP3-10083,deficit,none,0,0,0,0,1731949
SP3-10084,deficit,none,0,0,0,0,357908
SP3-10085,deficit,none,0,0,0,0,214062
SP3-10086,deficit,none,0,0,0,0,1107670
SP3-10087,deficit,none,0,0,0,0,6779948
SP3-10088,invalid,none,0,0,0,0,0
SP3-10089,ok,reserve,7432,7431,0,0,28140
SP3-10090,ok,reserve,43515,0,0,0,0
SP3-10091,ok,debt,0,738,0,0,16077
SP3-10092,ok,reserve,22929,0,15286,0,0
SP3-10093,ok,goals+,0,0,66823,6595,4164574
SP3-10094,ok,goals+,0,0,10741,25779,331549
SP3-10095,deficit,none,0,0,0,0,28040
SP3-10096,ok,reserve,11217,0,7477,0,0
SP3-10097,ok,debt,1210,2826,0,0,0
SP3-10098,deficit,none,0,0,0,0,105822
SP3-10099,ok,debt,0,703,0,0,6252
SP3-10100,deficit,none,0,0,0,0,164808
SP3-10101,ok,debt,11454,26726,0,0,0
SP3-10102,ok,goals+,0,0,0,129161,4624544
SP3-10103,ok,reserve,23565,0,15709,0,0
SP3-10104,deficit,none,0,0,0,0,0
SP3-10105,ok,debt,0,9177,0,0,57091
SP3-10106,deficit,none,0,0,0,0,0
SP3-10107,ok,goals+,0,0,384,22406,416566
SP3-10108,ok,reserve,1780,0,1186,0,0
SP3-10109,ok,debt,8897,8897,0,0,0
SP3-10110,ok,reserve,57745,0,1505,0,0
SP3-10111,ok,reserve,41564,0,27709,0,0
SP3-10112,ok,goals+,0,0,0,13585,272798
SP3-10113,ok,goals+,0,0,3653,7451,91916
SP3-10114,deficit,none,0,0,0,0,0
SP3-10115,deficit,none,0,0,0,0,0
SP3-10116,ok,debt,110472,110472,0,0,0
SP3-10117,deficit,none,0,0,0,0,1922432
SP3-10118,ok,reserve,15960,0,10640,0,0
SP3-10119,deficit,none,0,0,0,0,0
SP3-10120,ok,goals+,0,0,0,50771,561510
SP3-10121,deficit,none,0,0,0,0,470100
SP3-10122,ok,debt,0,46487,0,0,1971709
SP3-10123,deficit,none,0,0,0,0,1228912
SP3-10124,deficit,none,0,0,0,0,0
SP3-10125,deficit,none,0,0,0,0,983292
SP3-10126,invalid,none,0,0,0,0,0
SP3-10127,invalid,none,0,0,0,0,0
SP3-10128,ok,reserve,23877,0,15917,0,0
SP3-10129,ok,reserve,25053,0,16702,0,0
SP3-10130,deficit,none,0,0,0,0,0
SP3-10131,invalid,none,0,0,0,0,0
SP3-10132,deficit,none,0,0,0,0,367896
SP3-10133,deficit,none,0,0,0,0,12905511
SP3-10134,deficit,none,0,0,0,0,0
SP3-10135,invalid,none,0,0,0,0,0
SP3-10136,deficit,none,0,0,0,0,7592
SP3-10137,invalid,none,0,0,0,0,0
SP3-10138,ok,goals+,0,0,1931,812,594809
SP3-10139,ok,reserve,9918,0,3267,0,0
SP3-10140,ok,reserve,8162,8161,0,0,0
SP3-10141,ok,reserve,54536,0,5515,0,0
SP3-10142,invalid,none,0,0,0,0,0
SP3-10143,deficit,none,0,0,0,0,6019
SP3-10144,ok,debt,0,1700,0,0,4200
SP3-10145,invalid,none,0,0,0,0,0
SP3-10146,ok,debt,16908,39453,0,0,0
SP3-10147,ok,reserve,3444,0,2295,0,0
SP3-10148,deficit,none,0,0,0,0,673669
SP3-10149,ok,goals+,0,0,49943,0,20524758
SP3-10150,deficit,none,0,0,0,0,0
SP3-10151,ok,debt,81616,81616,0,0,0
SP3-10152,deficit,none,0,0,0,0,58694
SP3-10153,ok,reserve,2273,0,1506,0,0
SP3-10154,deficit,none,0,0,0,0,0
SP3-10155,ok,goals+,0,0,24128,10275,678303
SP3-10156,deficit,none,0,0,0,0,1786692
SP3-10157,ok,debt,4001,9337,0,0,0
SP3-10158,ok,debt,0,14961,0,0,63952
SP3-10159,ok,debt,0,1999,0,0,23034
SP3-10160,deficit,none,0,0,0,0,93910
SP3-10161,ok,debt,1884,4397,0,0,0
SP3-10162,deficit,none,0,0,0,0,6034086
SP3-10163,deficit,none,0,0,0,0,13400
SP3-10164,ok,none,0,0,0,0,81174
SP3-10165,deficit,none,0,0,0,0,13307
SP3-10166,ok,goals+,0,69731,26275,76077,746394
SP3-10167,ok,debt,0,7691,0,0,107031
SP3-10168,ok,debt,0,10897,0,0,135632
SP3-10169,ok,reserve,13938,0,9291,0,0
SP3-10170,deficit,none,0,0,0,0,0
SP3-10171,ok,debt,3228,7533,0,0,0
SP3-10172,ok,reserve,95710,0,65453,0,0
SP3-10173,ok,debt,7351,53946,0,0,0
SP3-10174,ok,goals+,0,0,14243,11046,0
SP3-10175,deficit,none,0,0,0,0,226
SP3-10176,ok,reserve,8111,0,2612,0,0
SP3-10177,deficit,none,0,0,0,0,5101171
SP3-10178,invalid,none,0,0,0,0,0
SP3-10179,deficit,none,0,0,0,0,341087
SP3-10180,ok,debt,0,3078,0,0,35592
SP3-10181,deficit,none,0,0,0,0,9010810
SP3-10182,deficit,none,0,0,0,0,17597
SP3-10183,ok,debt,0,54692,0,0,3039714
SP3-10184,invalid,none,0,0,0,0,0
SP3-10185,deficit,none,0,0,0,0,0
SP3-10186,ok,debt,0,8018,0,0,8602
SP3-10187,deficit,none,0,0,0,0,10826
SP3-10188,ok,debt,0,24247,0,0,282461
SP3-10189,deficit,none,0,0,0,0,11739943
SP3-10190,ok,debt,190,190,0,0,436147
SP3-10191,deficit,none,0,0,0,0,4984775
SP3-10192,ok,goals+,13045,0,21732,0,0
SP3-10193,ok,debt,0,2470,0,0,89220
SP3-10194,ok,goals+,0,0,10320,0,510086
SP3-10195,ok,reserve,15693,0,10462,0,0
SP3-10196,deficit,none,0,0,0,0,0
SP3-10197,ok,debt,42430424,42430424,0,0,153249899
SP3-10198,deficit,none,0,0,0,0,0
SP3-10199,deficit,none,0,0,0,0,0
SP3-10200,deficit,none,0,0,0,0,387352
SP3-10201,ok,reserve,88349,0,23141,0,0
SP3-10202,ok,debt,6545,6545,0,0,0
SP3-10203,deficit,none,0,0,0,0,1630
SP3-10204,ok,debt,3151,3151,0,0,0
SP3-10205,ok,reserve,23992,0,15995,0,0
SP3-10206,deficit,none,0,0,0,0,0
SP3-10207,ok,goals+,0,0,70492,0,1013849
SP3-10208,deficit,none,0,0,0,0,30801
SP3-10209,ok,goals+,0,0,10939,0,510086
SP3-10210,deficit,none,0,0,0,0,0
SP3-10211,ok,goals+,0,0,326508,51888,1130420
SP3-10212,ok,debt,0,68560,0,0,268214
SP3-10213,ok,reserve,56146,0,32860,0,0
SP3-10214,deficit,none,0,0,0,0,51369
SP3-10215,deficit,none,0,0,0,0,204471
SP3-10216,deficit,none,0,0,0,0,0
SP3-10217,ok,reserve,20670,0,0,0,0
SP3-10218,deficit,none,0,0,0,0,0
SP3-10219,ok,goals+,0,0,0,10514,394732
SP3-10220,deficit,none,0,0,0,0,16280
SP3-10221,deficit,none,0,0,0,0,0
SP3-10222,ok,debt,1437,1437,0,0,75008
SP3-10223,ok,debt,0,17253,0,0,109010
SP3-10224,invalid,none,0,0,0,0,0
SP3-10225,ok,none,0,0,0,0,0
SP3-10226,deficit,none,0,0,0,0,0
SP3-10227,ok,goals+,0,0,269414,0,13131570
SP3-10228,ok,goals+,6814,0,948,6365,41906
SP3-10229,invalid,none,0,0,0,0,0
SP3-10230,deficit,none,0,0,0,0,0
SP3-10231,ok,reserve,19725,0,13150,0,0
SP3-10232,ok,reserve,8099,0,5399,0,0
SP3-10233,ok,debt,0,133049,0,0,3243046
SP3-10234,deficit,none,0,0,0,0,1037849
SP3-10235,ok,debt,4981,4981,0,0,0
SP3-10236,deficit,none,0,0,0,0,0
SP3-07805,invalid,none,0,0,0,0,0
SP3-10238,deficit,none,0,0,0,0,0
SP3-10239,ok,reserve,91227,0,0,0,0
SP3-10240,ok,reserve,11496,0,0,0,0
SP3-10241,ok,goals+,0,0,0,15336,120417
SP3-10242,invalid,none,0,0,0,0,0
SP3-10243,deficit,none,0,0,0,0,22311
SP3-10244,ok,reserve,4612,0,3075,0,0
SP3-10245,invalid,none,0,0,0,0,0
SP3-10246,deficit,none,0,0,0,0,186958
SP3-10247,deficit,none,0,0,0,0,462705
SP3-10248,ok,reserve,27034,0,18022,0,0
SP3-10249,ok,goals+,0,0,22327,12072,90135
SP3-10250,invalid,none,0,0,0,0,0
SP3-10251,deficit,none,0,0,0,0,0
SP3-10252,ok,goals+,0,0,7899,0,517937
SP3-10253,deficit,none,0,0,0,0,0
SP3-10254,ok,reserve,25074,0,0,0,0
SP3-10255,deficit,none,0,0,0,0,0
SP3-10256,ok,debt,0,37668,0,0,83460
SP3-10257,deficit,none,0,0,0,0,0
SP3-10258,deficit,none,0,0,0,0,3365502
SP3-10259,deficit,none,0,0,0,0,0
SP3-10260,ok,reserve,8256,0,5504,0,0
SP3-10261,ok,reserve,1918,0,1278,0,38789
SP3-10262,ok,debt,0,11469,0,0,127010
SP3-10263,ok,goals+,0,0,4018,0,5524573
SP3-10264,ok,goals+,0,0,3651,18948,103003
SP3-10265,deficit,none,0,0,0,0,21362186
SP3-10266,deficit,none,0,0,0,0,0
SP3-10267,ok,debt,0,20041,0,0,165069
SP3-10268,deficit,none,0,0,0,0,52159
SP3-10269,ok,reserve,10406,10405,0,0,0
SP3-10270,ok,reserve,975,0,650,0,0
SP3-10271,ok,debt,1084,3480,0,0,8484
SP3-10272,ok,reserve,6717,0,4478,0,0
SP3-10273,ok,reserve,19268,0,12844,0,241495
SP3-10274,ok,debt,0,3407,0,0,13152
SP3-10275,ok,debt,1937,4520,0,0,0
SP3-10276,invalid,none,0,0,0,0,0
SP3-10277,ok,reserve,39423,0,12386,0,0
SP3-10278,ok,debt,0,34327,0,0,164511
SP3-10279,deficit,none,0,0,0,0,0
SP3-10280,ok,debt,0,15961,0,0,745519
SP3-10281,ok,reserve,929,0,619,0,149169
SP3-10282,deficit,none,0,0,0,0,1667085
SP3-10283,ok,debt,1843,4302,0,0,0
SP3-10284,ok,debt,0,2097,0,0,210278
SP3-10285,ok,debt,3008,7019,0,0,0
SP3-10286,deficit,none,0,0,0,0,0
SP3-10287,deficit,none,0,0,0,0,2391751
SP3-10288,ok,debt,0,5154,0,0,44330
SP3-10289,ok,debt,3676,8580,0,0,0
SP3-10290,ok,reserve,18238,0,0,0,0
SP3-10291,deficit,none,0,0,0,0,18233855
SP3-10292,deficit,none,0,0,0,0,0
SP3-10293,ok,goals+,0,0,43611,354794,14132311
SP3-10294,deficit,none,0,0,0,0,0
SP3-10295,ok,goals+,0,0,2416,0,0
SP3-10296,ok,reserve,20004,0,7631,0,0
SP3-10297,deficit,none,0,0,0,0,363463
SP3-10298,ok,debt,4886,61543,0,0,662193
SP3-10299,ok,debt,1084,3480,0,0,8484
SP3-10300,ok,goals+,0,0,34654,0,4581247
SP3-10301,deficit,none,0,0,0,0,324244
SP3-10302,deficit,none,0,0,0,0,224885
SP3-10303,deficit,none,0,0,0,0,0
SP3-10304,ok,goals+,0,0,90501,638011,6945797
SP3-10305,ok,debt,0,4563,0,0,30063
SP3-10306,ok,none,0,0,0,0,0
SP3-10307,deficit,none,0,0,0,0,0
SP3-10308,ok,goals+,0,0,19176,202173,3787730
SP3-10309,ok,goals+,0,0,0,8083,359151
SP3-10310,deficit,none,0,0,0,0,190
SP3-10311,deficit,none,0,0,0,0,0
SP3-10312,ok,goals+,0,0,0,9314,0
SP3-10313,deficit,none,0,0,0,0,1840473
SP3-10314,deficit,none,0,0,0,0,0
SP3-10315,invalid,none,0,0,0,0,0
SP3-10316,ok,goals+,0,0,0,247657,14233446
SP3-10317,deficit,none,0,0,0,0,39917
SP3-10318,ok,debt,0,8250,0,0,3891
SP3-10319,ok,reserve,7734,0,5156,0,0
SP3-10320,ok,debt,0,12682,0,0,27273
SP3-10321,ok,goals+,0,0,410433,263364,5228869
SP3-10322,ok,reserve,9939,0,6625,0,0
SP3-10323,ok,debt,0,2920,0,0,111787
SP3-10324,ok,debt,21169,49396,0,0,0
SP3-10325,ok,goals+,0,0,3431,13090,891572
SP3-10326,ok,reserve,13618,0,9078,0,0
SP3-10327,ok,reserve,37223,0,0,0,0
SP3-10328,ok,goals+,0,0,2179,0,293220
SP3-10329,ok,debt,0,7785,0,0,35866
SP3-10330,ok,reserve,3106,0,2070,0,0
SP3-10331,ok,debt,0,543,0,0,24968
SP3-10332,ok,reserve,18401,0,12267,0,0
SP3-10333,ok,debt,5157,12036,0,0,0
SP3-10334,ok,reserve,1006,1005,0,0,0
SP3-10335,ok,reserve,1006,1005,0,0,0
SP3-10336,deficit,none,0,0,0,0,0
SP3-10337,ok,debt,0,1859,0,0,268802
SP3-10338,ok,reserve,11441,11440,0,0,0
SP3-10339,deficit,none,0,0,0,0,0
SP3-10340,deficit,none,0,0,0,0,108689
SP3-10341,ok,goals+,0,0,0,62703,4274034
SP3-10342,deficit,none,0,0,0,0,12596492
SP3-10343,ok,reserve,14375,0,2803,0,0
SP3-10344,deficit,none,0,0,0,0,426763
SP3-10345,deficit,none,0,0,0,0,421368
SP3-10346,deficit,none,0,0,0,0,83082
SP3-10347,deficit,none,0,0,0,0,17601
SP3-10348,deficit,none,0,0,0,0,0
SP3-10349,ok,debt,0,11930,0,0,5640
SP3-10350,deficit,none,0,0,0,0,0
SP3-10351,deficit,none,0,0,0,0,0
SP3-10352,invalid,none,0,0,0,0,0
SP3-10353,deficit,none,0,0,0,0,163545
SP3-10354,ok,debt,0,17565,0,0,30590
SP3-10355,deficit,none,0,0,0,0,197885
SP3-10356,ok,debt,0,39715,0,0,5492
SP3-10357,ok,debt,1076,2511,0,0,0
SP3-10358,ok,debt,0,3022,0,0,192966
SP3-10359,ok,debt,1051,1051,0,0,0
SP3-10360,deficit,none,0,0,0,0,96084
SP3-10361,ok,reserve,12370,0,3115,0,98748
SP3-10362,ok,goals+,0,0,7621,0,158509
SP3-10363,invalid,none,0,0,0,0,0
SP3-10364,ok,goals+,0,0,922,7965,141834
SP3-10365,deficit,none,0,0,0,0,305624
SP3-10366,ok,reserve,9997,0,6664,0,0
SP3-10367,ok,debt,0,29459,0,0,362801
SP3-10368,deficit,none,0,0,0,0,0
SP3-10369,deficit,none,0,0,0,0,16783427
SP3-10370,ok,debt,0,21575,0,0,308311
SP3-10371,invalid,none,0,0,0,0,0
SP3-10372,ok,reserve,38053,0,4921,0,29850
SP3-10373,ok,debt,488,1140,0,0,0
SP3-10374,deficit,none,0,0,0,0,0
SP3-10375,ok,reserve,2621,2620,0,0,0
SP3-10376,ok,reserve,88107120,0,13692299,0,979996861
SP3-10377,invalid,none,0,0,0,0,0
SP3-10378,deficit,none,0,0,0,0,419143
SP3-10379,ok,reserve,19815,0,1957,0,0
SP3-10380,ok,reserve,2639,0,1759,0,0
SP3-10381,ok,debt,2520,5880,0,0,0
SP3-10382,deficit,none,0,0,0,0,0
SP3-10383,ok,goals+,0,0,37589,0,854469
SP3-10384,deficit,none,0,0,0,0,167075
SP3-10385,ok,reserve,7593,7592,0,0,0
SP3-10386,deficit,none,0,0,0,0,0
SP3-10387,deficit,none,0,0,0,0,1187264
SP3-10388,ok,debt,0,15461,0,0,9247
SP3-10389,ok,debt,0,3338,0,0,928660
SP3-10390,ok,debt,11353,26490,0,0,0
SP3-10391,ok,reserve,9541,0,6360,0,0
SP3-10392,deficit,none,0,0,0,0,0
SP3-10393,deficit,none,0,0,0,0,120590
SP3-10394,deficit,none,0,0,0,0,0
SP3-10395,deficit,none,0,0,0,0,0
SP3-10396,deficit,none,0,0,0,0,1649169
SP3-10397,deficit,none,0,0,0,0,162089
SP3-10398,ok,reserve,3048,0,2032,0,0
SP3-10399,ok,goals+,0,0,25319,0,197376
SP3-10400,deficit,none,0,0,0,0,53543
SP3-10401,deficit,none,0,0,0,0,4091
SP3-10402,ok,reserve,10912,0,717,0,0
SP3-10403,ok,reserve,19256,0,12837,0,0
SP3-10404,ok,reserve,57180,0,0,0,0
SP3-10405,deficit,none,0,0,0,0,0
SP3-10406,ok,debt,0,63777,0,0,43421
SP3-10407,deficit,none,0,0,0,0,0
SP3-10408,deficit,none,0,0,0,0,535430
SP3-10409,ok,debt,8054,18795,0,0,0
SP3-10410,ok,goals+,0,0,0,7807,168218
SP3-10411,deficit,none,0,0,0,0,0
SP3-10412,ok,reserve,4178,0,196,0,61267
SP3-10413,deficit,none,0,0,0,0,0
SP3-10414,ok,debt,928,3677,618,0,238445
SP3-10415,ok,goals+,0,0,0,2938,325371
SP3-10416,deficit,none,0,0,0,0,0
SP3-10417,ok,goals+,0,0,16105,45379,3624866
SP3-10418,deficit,none,0,0,0,0,267631
SP3-10419,deficit,none,0,0,0,0,0
SP3-10420,invalid,none,0,0,0,0,0
SP3-10421,ok,goals+,0,0,3007,14120,881723
SP3-10422,ok,debt,0,3076,0,0,36519
SP3-10423,deficit,none,0,0,0,0,0
SP3-10424,ok,debt,0,20454,0,0,31501
SP3-10425,ok,goals+,0,0,3585,0,1910072
SP3-10426,deficit,none,0,0,0,0,30708373
SP3-10427,ok,goals+,0,0,20534,0,420181
SP3-10428,ok,debt,7284,7284,0,0,0
SP3-10429,deficit,none,0,0,0,0,72343
SP3-10430,deficit,none,0,0,0,0,0
SP3-10431,ok,reserve,166459864,166459863,0,0,0
SP3-10432,deficit,none,0,0,0,0,72055
SP3-10433,deficit,none,0,0,0,0,153465
SP3-10434,ok,goals+,0,0,41005,112715,9936591
SP3-10435,deficit,none,0,0,0,0,617645
SP3-10436,ok,goals+,0,0,12509,8705,312052
SP3-10437,ok,goals+,0,0,0,131452,523468
SP3-10438,deficit,none,0,0,0,0,0
SP3-10439,deficit,none,0,0,0,0,495302
SP3-10440,invalid,none,0,0,0,0,0
SP3-10441,ok,debt,0,6913,0,0,219008
SP3-10442,deficit,none,0,0,0,0,217294
SP3-10443,invalid,none,0,0,0,0,0
SP3-10444,ok,debt,0,1510,0,0,5235
SP3-10445,ok,reserve,13618,13617,0,0,0
SP3-10446,deficit,none,0,0,0,0,0
SP3-10447,ok,debt,0,6503,0,0,42005
SP3-10448,ok,debt,0,13347,0,0,534905
SP3-10449,ok,debt,0,625,0,0,1612
SP3-10450,ok,debt,0,14516,0,0,534905
SP3-10451,deficit,none,0,0,0,0,0
SP3-10452,invalid,none,0,0,0,0,0
SP3-10453,ok,debt,0,10780,0,0,246625
SP3-10454,deficit,none,0,0,0,0,285898
SP3-10455,ok,goals+,0,0,1313,13539,231760
SP3-10456,ok,reserve,31506,4195,21004,0,553516
SP3-10457,deficit,none,0,0,0,0,0
SP3-10458,ok,debt,0,6668,0,0,192510
SP3-10459,deficit,none,0,0,0,0,47227
SP3-10460,ok,debt,6606,6606,0,0,46739
SP3-10461,ok,debt,0,1289,0,0,239437
SP3-10462,deficit,none,0,0,0,0,240166
SP3-10463,ok,reserve,6924,0,4616,0,0
SP3-10464,ok,debt,3070,7165,0,0,0
SP3-10465,deficit,none,0,0,0,0,101737
SP3-10466,invalid,none,0,0,0,0,0
SP3-10467,invalid,none,0,0,0,0,0
SP3-10468,deficit,none,0,0,0,0,0
SP3-10469,ok,debt,0,1601,0,0,56986
SP3-10470,invalid,none,0,0,0,0,0
SP3-10471,ok,goals+,115627,0,141590,0,0
SP3-10472,deficit,none,0,0,0,0,0
SP3-10473,ok,debt,2163,2163,0,0,0
SP3-10474,deficit,none,0,0,0,0,0
SP3-10475,deficit,none,0,0,0,0,3900165
SP3-10476,deficit,none,0,0,0,0,0
SP3-10477,ok,reserve,24595,0,0,0,0
SP3-10478,deficit,none,0,0,0,0,0
SP3-10479,invalid,none,0,0,0,0,0
SP3-10480,invalid,none,0,0,0,0,0
SP3-10481,deficit,none,0,0,0,0,4152965
SP3-10482,ok,debt,0,6668,0,0,192510
SP3-10483,ok,debt,0,36429,0,0,84496
SP3-10484,ok,debt,4682,4682,0,0,0
SP3-10485,ok,debt,0,9002,0,0,64857
SP3-10486,ok,goals+,0,0,19100,0,1926316
SP3-10487,invalid,none,0,0,0,0,0
SP3-10488,ok,reserve,12756,0,355,0,0
SP3-10489,ok,debt,0,4742,0,0,142713
SP3-10490,ok,reserve,10767,0,7178,0,0
SP3-10491,ok,reserve,103818,0,23642,0,0
SP3-10492,invalid,none,0,0,0,0,0
SP3-10493,deficit,none,0,0,0,0,0
SP3-10494,deficit,none,0,0,0,0,195795
SP3-10495,ok,reserve,983,0,654,0,0
SP3-10496,deficit,none,0,0,0,0,841996
SP3-10497,deficit,none,0,0,0,0,0
SP3-10498,deficit,none,0,0,0,0,0
SP3-02705,invalid,none,0,0,0,0,0
SP3-10500,ok,debt,0,1811,0,0,37063
SP3-10501,deficit,none,0,0,0,0,0
SP3-10502,invalid,none,0,0,0,0,0
SP3-10503,ok,reserve,7870,0,5246,0,0
SP3-10504,deficit,none,0,0,0,0,0
SP3-10505,ok,debt,0,22973,0,0,182133
SP3-10506,ok,debt,135462445,164216438,25310433,0,0
SP3-10507,ok,goals+,0,0,0,10911,3856330
SP3-10508,ok,goals+,0,0,84173,0,11040611
SP3-10509,ok,reserve,17602,0,0,0,0
SP3-10510,ok,reserve,14756,0,0,0,0
SP3-10511,deficit,none,0,0,0,0,53810
SP3-10512,ok,debt,0,8913,0,0,15007
SP3-10513,deficit,none,0,0,0,0,152184
SP3-10514,deficit,none,0,0,0,0,99576
SP3-10515,ok,reserve,3820,0,2546,0,0
SP3-10516,deficit,none,0,0,0,0,0
SP3-10517,invalid,none,0,0,0,0,0
SP3-10518,invalid,none,0,0,0,0,0
SP3-10519,ok,debt,1840,4294,0,0,0
SP3-10520,ok,reserve,51195,0,19289,0,0
SP3-00320,invalid,none,0,0,0,0,0
SP3-10522,ok,reserve,51902,0,322,0,0
SP3-10523,ok,debt,0,12785,0,0,119881
SP3-10524,ok,debt,0,12782,0,0,32167
SP3-10525,ok,debt,0,561,0,0,30711
SP3-10526,ok,goals+,0,0,1543,40641,1171363
SP3-10527,deficit,none,0,0,0,0,0
SP3-10528,ok,reserve,30878,0,5376,0,0
SP3-10529,ok,goals+,0,0,158898,0,7921319
SP3-10530,ok,debt,0,5596,0,0,65605
SP3-05231,invalid,none,0,0,0,0,0
SP3-10532,ok,reserve,8895,0,2370,0,74769
SP3-10533,ok,reserve,9308,0,5685,0,0
SP3-10534,invalid,none,0,0,0,0,0
SP3-10535,ok,debt,0,875,0,0,431345
SP3-10536,ok,reserve,24760,0,16506,0,0
SP3-10537,deficit,none,0,0,0,0,6398
SP3-10538,ok,debt,0,1203,0,0,3617
SP3-10539,deficit,none,0,0,0,0,956219
SP3-10540,ok,reserve,80596,0,10010,0,0
SP3-10541,ok,reserve,9085,0,2180,0,74769
SP3-10542,deficit,none,0,0,0,0,0
SP3-10543,ok,reserve,15663,0,808,0,0
SP3-10544,invalid,none,0,0,0,0,0
SP3-10545,ok,goals+,0,0,0,32618,0
SP3-10546,deficit,none,0,0,0,0,213366
SP3-10547,deficit,none,0,0,0,0,0
SP3-10548,deficit,none,0,0,0,0,572479
SP3-10549,deficit,none,0,0,0,0,0
SP3-10550,ok,reserve,2958,2957,0,0,0
SP3-10551,deficit,none,0,0,0,0,595209
SP3-10552,ok,debt,0,8162,0,0,181177
SP3-10553,ok,reserve,40621,40620,0,0,0
SP3-10554,deficit,none,0,0,0,0,30624580
SP3-10555,ok,debt,4485,10466,0,0,0
SP3-10556,deficit,none,0,0,0,0,0
SP3-10557,invalid,none,0,0,0,0,0
SP3-10558,deficit,none,0,0,0,0,2425306
SP3-10559,ok,debt,0,1327,0,0,235908
SP3-10560,ok,reserve,16777,0,2439,0,0
SP3-10561,ok,debt,44212,44212,0,0,0
SP3-10562,ok,debt,0,2964,0,0,25990
SP3-10563,ok,reserve,35139,0,23425,0,0
SP3-10564,deficit,none,0,0,0,0,3489565
SP3-10565,ok,reserve,14925,0,9949,0,0
SP3-10566,deficit,none,0,0,0,0,328129
SP3-10567,deficit,none,0,0,0,0,0
SP3-10568,deficit,none,0,0,0,0,0
SP3-10569,deficit,none,0,0,0,0,54437
SP3-10570,ok,debt,7762,118088,21014,0,118976
SP3-10571,ok,reserve,2062,0,0,0,0
SP3-10572,ok,debt,1468,3427,0,0,0
SP3-10573,deficit,none,0,0,0,0,9871
SP3-10574,invalid,none,0,0,0,0,0
SP3-10575,ok,reserve,6051,6050,0,0,0
SP3-10576,ok,reserve,31412,0,5662,0,0
SP3-10577,ok,reserve,5061,5060,0,0,41431
SP3-10578,ok,debt,5940,5940,0,0,0
SP3-10579,ok,debt,14158,14158,0,0,0
SP3-10580,ok,debt,0,4232,0,0,34009
SP3-10581,deficit,none,0,0,0,0,310470
SP3-10582,deficit,none,0,0,0,0,2085505
SP3-10583,deficit,none,0,0,0,0,0
SP3-10584,deficit,none,0,0,0,0,0
SP3-10585,deficit,none,0,0,0,0,897599
SP3-10586,deficit,none,0,0,0,0,213601
SP3-10587,deficit,none,0,0,0,0,0
SP3-10588,deficit,none,0,0,0,0,8106553
SP3-10589,ok,none,0,0,0,0,0
SP3-10590,ok,goals+,0,0,16491,13795,16761495
SP3-10591,deficit,none,0,0,0,0,57481
SP3-10592,deficit,none,0,0,0,0,1676298
SP3-10593,ok,reserve,3372,0,0,0,0
SP3-10594,deficit,none,0,0,0,0,0
SP3-10595,ok,reserve,7281,0,4853,0,0
SP3-10596,deficit,none,0,0,0,0,840856
SP3-10597,ok,reserve,16103,0,10735,0,0
SP3-10598,ok,debt,5290,12345,0,0,0
SP3-10599,ok,goals+,0,0,471,192662,798651
SP3-10600,ok,goals+,0,0,52635,10082,5998853
SP3-10601,deficit,none,0,0,0,0,0
SP3-10602,ok,goals+,0,0,12848,12799,145068
SP3-10603,deficit,none,0,0,0,0,972303
SP3-10604,deficit,none,0,0,0,0,29127
SP3-10605,deficit,none,0,0,0,0,514821
SP3-10606,ok,reserve,6654,0,4436,0,0
SP3-10607,ok,goals+,0,0,104561,627372,1184169
SP3-10608,ok,reserve,1497,0,997,0,0
SP3-10609,ok,debt,44445,44445,0,0,93053
SP3-10610,deficit,none,0,0,0,0,818459
SP3-10611,deficit,none,0,0,0,0,607681
SP3-10612,deficit,none,0,0,0,0,29023
SP3-10613,ok,none,0,0,0,0,349190
SP3-10614,deficit,none,0,0,0,0,43719
SP3-10615,ok,debt,0,5314,0,0,14385
SP3-10616,deficit,none,0,0,0,0,219952
SP3-10617,ok,goals+,0,0,1943,10578,47606
SP3-10618,ok,goals+,0,0,0,124426,1009844
SP3-10619,ok,reserve,4146,0,2764,0,0
SP3-10620,deficit,none,0,0,0,0,467011
SP3-10621,deficit,none,0,0,0,0,55193
SP3-10622,deficit,none,0,0,0,0,0
SP3-10623,ok,debt,2220,2220,0,0,11347
SP3-10624,ok,debt,0,4034,0,0,8165
SP3-10625,deficit,none,0,0,0,0,0
SP3-10626,deficit,none,0,0,0,0,707077
SP3-10627,deficit,none,0,0,0,0,608382
SP3-10628,ok,goals+,0,0,0,227738,1385609
SP3-10629,deficit,none,0,0,0,0,290314
SP3-10630,deficit,none,0,0,0,0,266528
SP3-10631,deficit,none,0,0,0,0,41456
SP3-10632,ok,debt,1798,4445,0,0,0
SP3-10633,deficit,none,0,0,0,0,0
SP3-10634,ok,debt,0,146968,0,0,2187728
SP3-08940,invalid,none,0,0,0,0,0
SP3-10636,ok,debt,11732,11732,0,0,0
SP3-10637,deficit,none,0,0,0,0,310852
SP3-10638,invalid,none,0,0,0,0,0
SP3-10639,ok,goals+,0,0,0,39808,0
SP3-10640,ok,debt,0,6374,6178,0,112412
SP3-10641,ok,goals+,0,0,5431,7509,451042
SP3-10642,ok,reserve,7129,0,4752,0,0
SP3-10643,ok,reserve,9329,0,6219,0,0
SP3-10644,deficit,none,0,0,0,0,0
SP3-10645,ok,reserve,6051,6050,0,0,0
SP3-10646,ok,reserve,28852,0,19234,0,0
SP3-10647,ok,reserve,3931,3930,0,0,0
SP3-10648,ok,debt,0,11968,0,0,219930
SP3-10649,deficit,none,0,0,0,0,190044
SP3-10650,deficit,none,0,0,0,0,397036
SP3-10651,ok,goals+,0,0,20131,0,2369149
SP3-10652,ok,debt,0,41367,0,0,8962029
SP3-10653,ok,reserve,10076,0,5164,0,0
SP3-10654,invalid,none,0,0,0,0,0
SP3-10655,ok,debt,0,18141,0,0,45255
SP3-10656,invalid,none,0,0,0,0,0
SP3-10657,ok,reserve,30807,0,16936,0,0
SP3-10658,deficit,none,0,0,0,0,0
SP3-10659,deficit,none,0,0,0,0,10543
SP3-10660,deficit,none,0,0,0,0,516045
SP3-10661,ok,goals+,0,0,1930,6754,0
SP3-10662,ok,goals+,36844,0,47569,0,0
SP3-10663,ok,reserve,11500,0,0,0,0
SP3-10664,deficit,none,0,0,0,0,923494
SP3-10665,invalid,none,0,0,0,0,0
SP3-04973,invalid,none,0,0,0,0,0
SP3-10667,deficit,none,0,0,0,0,0
SP3-10668,invalid,none,0,0,0,0,0
SP3-10669,ok,debt,2199,2199,0,0,0
SP3-10670,deficit,none,0,0,0,0,46002
SP3-10671,deficit,none,0,0,0,0,2047561
SP3-10672,deficit,none,0,0,0,0,0
SP3-10673,ok,debt,0,5247,0,0,95381
SP3-10674,ok,debt,4930,11506,0,0,0
SP3-10675,deficit,none,0,0,0,0,4436392
SP3-10676,deficit,none,0,0,0,0,162878
SP3-10677,deficit,none,0,0,0,0,47267
SP3-10678,ok,reserve,21759,0,9808,0,0
SP3-10679,ok,debt,0,11314,0,0,112512
SP3-10680,deficit,none,0,0,0,0,88470
SP3-10681,ok,debt,0,64351,0,0,280324
SP3-10682,deficit,none,0,0,0,0,1150988
SP3-10683,ok,debt,0,13732,0,0,7636
SP3-10684,deficit,none,0,0,0,0,0
SP3-10685,deficit,none,0,0,0,0,90795
SP3-10686,ok,debt,0,811,0,0,1950
SP3-10687,ok,debt,0,7494,0,0,10685
SP3-10688,deficit,none,0,0,0,0,568124
SP3-10689,ok,goals+,0,0,3391,6404,2851306
SP3-10690,deficit,none,0,0,0,0,0
SP3-10691,deficit,none,0,0,0,0,0
SP3-10692,ok,debt,2274,2274,0,0,23126
SP3-10693,ok,debt,0,48814,0,0,75824
SP3-10694,ok,reserve,3392,0,2261,0,0
SP3-10695,ok,goals+,0,0,151451,61012,3585036
SP3-10696,ok,goals+,14225,0,14439,0,0
SP3-10697,ok,debt,0,673104531,0,0,1074811709
SP3-10698,ok,goals+,0,0,40780,0,8858770
SP3-10699,ok,goals+,0,0,1908,22599,52852
SP3-10700,deficit,none,0,0,0,0,6443099
SP3-10701,ok,debt,0,4425,0,0,32643
SP3-10702,ok,reserve,18631,0,12421,0,0
SP3-10703,ok,debt,438,1022,0,0,0
SP3-10704,ok,debt,0,27224,0,0,2020
SP3-10705,ok,goals+,0,0,142558,0,16909933
SP3-10706,ok,debt,0,6439,0,0,50487
SP3-10707,ok,goals+,0,0,0,44055,1567739
SP3-10708,ok,reserve,8610,0,1293,0,0
SP3-10709,ok,debt,2346,5475,0,0,0
SP3-10710,invalid,none,0,0,0,0,0
SP3-10711,ok,debt,2431,5674,0,0,0
SP3-10712,deficit,none,0,0,0,0,18073594
SP3-10713,ok,debt,0,35469,0,0,17080
SP3-10714,ok,debt,716,1672,0,0,0
SP3-10715,deficit,none,0,0,0,0,0
SP3-10716,invalid,none,0,0,0,0,0
SP3-10717,ok,debt,0,39190,0,0,147023
SP3-10718,ok,debt,9642,33349,0,0,0
SP3-10719,ok,goals+,0,0,33920,18409,2542442
SP3-10720,ok,debt,73739386,341067583,0,0,416056667
SP3-10721,deficit,none,0,0,0,0,0
SP3-10722,deficit,none,0,0,0,0,0
SP3-10723,ok,reserve,13548,0,9031,0,0
SP3-10724,ok,reserve,23910,0,1000,0,0
SP3-10725,ok,debt,0,18026,0,0,472
SP3-10726,ok,reserve,6128,0,4084,0,0
SP3-10727,deficit,none,0,0,0,0,34616
SP3-10728,invalid,none,0,0,0,0,0
SP3-10729,ok,reserve,7840,0,5226,0,162532
SP3-10730,ok,debt,0,20156,0,0,23021
SP3-10731,ok,goals+,0,0,115896,0,2935246
SP3-10732,ok,goals+,0,0,555,40536,911393
SP3-10733,ok,reserve,1820,1819,0,0,0
SP3-10734,ok,goals+,0,0,6789,38685,1062564
SP3-10735,ok,debt,0,180261,0,0,4724
SP3-10736,ok,debt,0,7614,0,0,171036
SP3-10737,ok,goals+,0,0,33748,7366,257539
SP3-10738,deficit,none,0,0,0,0,0
SP3-10739,ok,goals+,0,0,2863,7487,82757
SP3-10740,ok,reserve,4477,0,76,0,0
SP3-10741,ok,debt,4715,11003,0,0,0
SP3-10742,deficit,none,0,0,0,0,105638
SP3-10743,ok,debt,0,5809,0,0,26784
SP3-10744,ok,reserve,5740,0,0,0,0
SP3-10745,ok,reserve,29201,0,7288,0,0
SP3-10746,ok,goals+,0,0,2311,0,180743
SP3-10747,ok,goals+,0,0,4048,6237,0
SP3-10748,ok,debt,2791,6515,0,0,0
SP3-10749,deficit,none,0,0,0,0,0
SP3-10750,deficit,none,0,0,0,0,11760115
SP3-10751,ok,debt,0,6214,0,0,26784
SP3-10752,ok,reserve,201929,0,18954,38959,0
SP3-10753,deficit,none,0,0,0,0,0
SP3-10754,ok,debt,0,8194,0,0,8286
SP3-10755,ok,debt,126,294,0,0,0
SP3-10756,ok,debt,0,6380,0,0,26778
SP3-10757,deficit,none,0,0,0,0,313736
SP3-10758,deficit,none,0,0,0,0,1129706
SP3-10759,ok,reserve,6000,0,3999,0,0
SP3-10760,invalid,none,0,0,0,0,0
SP3-10761,ok,reserve,34436,0,4777,0,0
SP3-10762,ok,reserve,24251,0,16166,0,0
SP3-10763,ok,goals+,0,0,0,43958,2722276
SP3-10764,deficit,none,0,0,0,0,3425359
SP3-10765,ok,debt,0,25791,0,0,31011
SP3-10766,deficit,none,0,0,0,0,0
SP3-10767,deficit,none,0,0,0,0,0
SP3-10768,deficit,none,0,0,0,0,5959464
SP3-10769,ok,reserve,3253,0,2169,0,0
SP3-10770,ok,debt,0,45904,0,0,205629
SP3-10771,ok,goals+,0,0,0,18828,0
SP3-10772,deficit,none,0,0,0,0,1885667
SP3-10773,deficit,none,0,0,0,0,0
SP3-10774,ok,reserve,12364665,12364664,0,0,0
SP3-10775,ok,goals+,0,0,233499,307414,3206063
SP3-10776,ok,reserve,14030,0,0,0,0
SP3-10777,ok,debt,6673,15571,0,0,0
SP3-10778,deficit,none,0,0,0,0,1564017
SP3-10779,ok,goals+,0,0,41909,0,1709879
SP3-10780,deficit,none,0,0,0,0,44268
SP3-10781,deficit,none,0,0,0,0,0
SP3-10782,deficit,none,0,0,0,0,2630503
SP3-10783,deficit,none,0,0,0,0,0
SP3-10784,deficit,none,0,0,0,0,18839575
SP3-10785,ok,debt,2680,4908,1787,0,37720
SP3-10786,ok,debt,118,277,0,0,0
SP3-10787,ok,debt,145,340,0,0,0
SP3-10788,ok,debt,0,4440,0,0,94754
SP3-10789,ok,goals+,0,0,0,18318,380329
SP3-10790,ok,reserve,7940,0,2121,0,0
SP3-10791,deficit,none,0,0,0,0,0
SP3-10792,ok,reserve,11650,0,7767,0,0
SP3-10793,deficit,none,0,0,0,0,2057015
SP3-10794,deficit,none,0,0,0,0,104792
SP3-10795,ok,debt,3069,3069,0,0,36913
SP3-10796,deficit,none,0,0,0,0,1029887
SP3-10797,ok,goals+,0,0,16343,0,543198
SP3-10798,deficit,none,0,0,0,0,0
SP3-10799,ok,debt,0,8194,0,0,8286
SP3-10800,ok,goals+,0,0,10949,10744,84649
SP3-10801,deficit,none,0,0,0,0,470950
SP3-10802,invalid,none,0,0,0,0,0
SP3-10803,ok,debt,0,10873,0,0,477629
SP3-10804,invalid,none,0,0,0,0,0
SP3-10805,ok,goals+,0,0,512,69678,351615
SP3-10806,ok,debt,0,13833305,0,0,425658483
SP3-10807,ok,reserve,590387,0,27030,106275,0
SP3-10808,ok,goals+,0,0,6445,42251,52866
SP3-10809,ok,reserve,10353,0,6902,0,0
SP3-10810,ok,debt,17124,17124,0,0,0
SP3-10811,ok,goals+,0,0,69328,116377,10616581
SP3-10812,deficit,none,0,0,0,0,69787
SP3-10813,ok,debt,17124,17124,0,0,0
SP3-10814,ok,goals+,0,0,1709,0,0
SP3-10815,deficit,none,0,0,0,0,0
SP3-10816,deficit,none,0,0,0,0,0
SP3-10817,ok,reserve,145369,0,0,0,0
SP3-10818,ok,reserve,14291,0,1834,0,0
SP3-10819,ok,debt,686,1602,0,0,0
SP3-10820,ok,goals+,0,0,8020,8488,192526
SP3-10821,ok,debt,13889,13889,0,0,147700
SP3-10822,deficit,none,0,0,0,0,41165
SP3-10823,invalid,none,0,0,0,0,0
SP3-10824,deficit,none,0,0,0,0,270049
SP3-10825,deficit,none,0,0,0,0,0
SP3-10826,deficit,none,0,0,0,0,12451
SP3-10827,deficit,none,0,0,0,0,567584
SP3-10828,ok,reserve,25922,0,2278,0,0
SP3-10829,deficit,none,0,0,0,0,2130119
SP3-10830,ok,debt,0,23705,0,0,302705
SP3-10831,ok,reserve,7763,0,5175,0,0
SP3-10832,deficit,none,0,0,0,0,10084835
SP3-10833,ok,debt,0,38322,0,0,13698
SP3-10834,ok,reserve,10457,0,6970,0,0
SP3-10835,deficit,none,0,0,0,0,0
SP3-10836,ok,goals+,0,0,15765,789134,9027092
SP3-10837,deficit,none,0,0,0,0,0
SP3-10838,ok,debt,0,31218,0,0,96577
SP3-10839,ok,debt,0,47928,0,0,1086775
SP3-10840,ok,reserve,16517,0,11011,0,0
SP3-10841,ok,goals+,0,0,5266,0,200551
SP3-10842,deficit,none,0,0,0,0,0
SP3-10843,deficit,none,0,0,0,0,498117
SP3-10844,ok,debt,26233731,26233731,0,0,0
SP3-10845,ok,goals+,0,0,732,25708,564374
SP3-10846,ok,reserve,8,7,0,0,60891
SP3-10847,ok,reserve,8255,0,0,0,754343
SP3-10848,deficit,none,0,0,0,0,377006
SP3-10849,deficit,none,0,0,0,0,695859
SP3-10850,ok,reserve,14343,0,9561,0,0
SP3-10851,ok,goals+,0,0,0,129107,656096
SP3-10852,deficit,none,0,0,0,0,0
SP3-10853,deficit,none,0,0,0,0,2285
SP3-10854,ok,goals+,0,0,9503,6758,1287378
SP3-10855,deficit,none,0,0,0,0,306898
SP3-10856,invalid,none,0,0,0,0,0
SP3-10857,ok,goals+,0,0,1938,499,332685
SP3-10858,deficit,none,0,0,0,0,0
SP3-10859,deficit,none,0,0,0,0,0
SP3-10860,ok,goals+,0,0,9697,39944,2158785
SP3-10861,invalid,none,0,0,0,0,0
SP3-10862,ok,reserve,2856,2855,0,0,0
SP3-10863,deficit,none,0,0,0,0,0
SP3-10864,deficit,none,0,0,0,0,13483
SP3-10865,ok,reserve,6087,0,2076,0,0
SP3-10866,ok,debt,0,2031,0,0,31279
SP3-10867,ok,reserve,1708,0,1138,0,0
SP3-10868,ok,debt,0,27465,0,0,161551
SP3-10869,ok,debt,0,13963,0,0,39601
SP3-10870,ok,debt,0,69992,0,0,1363877
SP3-10871,deficit,none,0,0,0,0,781842
SP3-10872,ok,goals+,0,0,349,0,262413
SP3-10873,ok,goals+,0,0,10644,0,52666
SP3-10874,deficit,none,0,0,0,0,377305
SP3-10875,deficit,none,0,0,0,0,0
SP3-10876,ok,debt,44464,44464,0,0,0
SP3-10877,ok,reserve,9719,9718,0,0,0
SP3-10878,ok,goals+,0,0,484804,0,18926748
SP3-10879,ok,reserve,131463,0,87642,0,0
SP3-10880,ok,reserve,16061,16060,0,0,0
SP3-10881,ok,none,0,0,0,0,0
SP3-10882,deficit,none,0,0,0,0,0
SP3-10883,deficit,none,0,0,0,0,71574
SP3-10884,deficit,none,0,0,0,0,0
SP3-09973,invalid,none,0,0,0,0,0
SP3-10886,invalid,none,0,0,0,0,0
SP3-10887,ok,reserve,27715,0,8174,0,0
SP3-10888,ok,reserve,18668,0,12445,0,0
SP3-10889,ok,reserve,14490,14489,0,0,26488
SP3-10890,ok,goals+,0,0,16494,0,395896
SP3-10891,ok,debt,0,20238,0,0,23468
SP3-10892,deficit,none,0,0,0,0,1038221
SP3-10893,ok,reserve,6400,0,1641,0,42735
SP3-10894,ok,reserve,2409,2408,0,0,25145
SP3-10895,ok,goals+,3720,0,26880,16046,0
SP3-10896,deficit,none,0,0,0,0,66095
SP3-09846,invalid,none,0,0,0,0,0
SP3-10898,deficit,none,0,0,0,0,0
SP3-10899,ok,debt,0,4791,0,0,305655
SP3-10900,ok,debt,0,2001,0,0,15738
SP3-10901,deficit,none,0,0,0,0,0
SP3-10902,ok,debt,0,1363,0,0,104736
SP3-10903,deficit,none,0,0,0,0,424352
SP3-10904,ok,debt,0,6307,0,0,42898
SP3-10905,deficit,none,0,0,0,0,0
SP3-10906,ok,reserve,64,63,0,0,0
SP3-10907,ok,reserve,4451,4450,0,0,0
SP3-10908,deficit,none,0,0,0,0,131912
SP3-10909,deficit,none,0,0,0,0,15060022
SP3-10910,ok,goals+,0,0,25829424,431577215,1572271489
SP3-10911,deficit,none,0,0,0,0,6210
SP3-10912,deficit,none,0,0,0,0,121665
SP3-10913,ok,debt,6300,6300,0,0,15756
SP3-10914,deficit,none,0,0,0,0,4557
SP3-10915,invalid,none,0,0,0,0,0
SP3-10916,ok,debt,0,8686,0,0,76067
SP3-10917,ok,debt,0,12666,0,0,1035
SP3-10918,deficit,none,0,0,0,0,144650
SP3-10919,deficit,none,0,0,0,0,150879
SP3-10920,ok,debt,0,50929,0,0,50076
SP3-10921,ok,reserve,9226,0,6150,0,0
SP3-10922,ok,reserve,36372,0,13136,0,0
SP3-10923,ok,debt,0,21251,0,0,57837
SP3-10924,ok,goals+,0,0,2365,991,167025
SP3-10925,ok,debt,0,4791,0,0,309388
SP3-10926,ok,goals+,0,0,0,18421,5746644
SP3-10927,ok,goals+,0,0,13462,13617,284920
SP3-10928,ok,debt,2356,2356,0,0,0
SP3-10929,ok,goals+,0,0,4538,19016,194408
SP3-10930,ok,reserve,8833,8832,0,0,158891
SP3-10931,ok,debt,0,45370,0,0,38508
SP3-10932,ok,goals+,0,0,0,42078,0
SP3-10933,deficit,none,0,0,0,0,1239169
SP3-10934,ok,debt,4026,4026,0,0,0
SP3-10935,deficit,none,0,0,0,0,373210
SP3-10936,ok,debt,0,7397,0,0,2984
SP3-10937,ok,debt,0,12674,0,0,60584
SP3-10938,deficit,none,0,0,0,0,0
SP3-10939,deficit,none,0,0,0,0,0
SP3-10940,ok,debt,0,83289,0,0,170959
SP3-10941,deficit,none,0,0,0,0,8475492
SP3-10942,deficit,none,0,0,0,0,0
SP3-10943,ok,reserve,28496,0,18787,0,0
SP3-10944,ok,debt,2977,6949,0,0,0
SP3-10945,ok,reserve,10192,0,0,0,0
SP3-10946,ok,goals+,0,0,0,8961,0
SP3-10947,ok,reserve,60034,0,40023,0,0
SP3-10948,deficit,none,0,0,0,0,3638237
SP3-10949,ok,reserve,35897,0,23931,0,0
SP3-10950,ok,debt,0,10594,0,0,260870
SP3-10951,ok,reserve,13161,0,0,0,0
SP3-10952,ok,goals+,0,0,2723,0,109488
SP3-10953,ok,goals+,0,0,82079,20513,826474
SP3-10954,deficit,none,0,0,0,0,433511
SP3-10955,ok,reserve,17391,0,0,0,0
SP3-10956,ok,debt,0,476551,0,0,212538
SP3-10957,ok,none,0,0,0,0,0
SP3-10958,ok,reserve,15826,15825,0,0,0
SP3-10959,invalid,none,0,0,0,0,0
SP3-10960,ok,debt,6596,6596,0,0,0
SP3-10961,deficit,none,0,0,0,0,0
SP3-10962,ok,reserve,10534,10533,0,0,0
SP3-10963,deficit,none,0,0,0,0,16026
SP3-10964,deficit,none,0,0,0,0,0
SP3-10965,ok,reserve,9277,9276,0,0,0
SP3-10966,deficit,none,0,0,0,0,0
SP3-10967,ok,reserve,13353,0,5000,0,0
SP3-10968,ok,goals+,3700,0,3838,4021,0
SP3-10969,deficit,none,0,0,0,0,13162
SP3-10970,ok,debt,0,2172,0,0,10356
SP3-10971,invalid,none,0,0,0,0,0
SP3-10972,ok,debt,2186,2186,0,0,0
SP3-10973,ok,debt,0,1974,0,0,159842
SP3-10974,deficit,none,0,0,0,0,1640695
SP3-10975,invalid,none,0,0,0,0,0
SP3-10976,ok,goals+,0,0,1406,0,1005947
SP3-10977,ok,debt,0,9961,0,0,1096
SP3-10978,ok,goals+,0,0,217,6322,65797
SP3-10979,ok,debt,1954,4562,0,0,0
SP3-10980,ok,debt,17863,17863,0,0,0
SP3-10981,ok,debt,0,16781,0,0,107812
SP3-10982,deficit,none,0,0,0,0,0
SP3-10983,ok,debt,0,4925,0,0,5095
SP3-10984,ok,debt,0,5684,0,0,12659
SP3-10985,ok,reserve,10860,0,7239,0,0
SP3-10986,invalid,none,0,0,0,0,0
SP3-10987,ok,goals+,0,0,810703,0,434830
SP3-10988,ok,debt,0,3087,0,0,110939
SP3-10989,deficit,none,0,0,0,0,0
SP3-10990,ok,reserve,21861,21860,0,0,0
SP3-10991,ok,goals+,0,0,16573,53507,5476511
SP3-10992,deficit,none,0,0,0,0,0
SP3-10993,ok,reserve,19935,0,8044,0,0
SP3-10994,deficit,none,0,0,0,0,355686
SP3-10995,deficit,none,0,0,0,0,2291247
SP3-10996,invalid,none,0,0,0,0,0
SP3-10997,ok,reserve,2658,0,1771,0,0
SP3-10998,invalid,none,0,0,0,0,0
SP3-10999,deficit,none,0,0,0,0,1247184
SP3-11000,ok,goals+,0,0,0,52013,172082
SP3-11001,ok,debt,0,4815,0,0,1072954
SP3-11002,ok,debt,0,7792,0,0,186392
SP3-11003,ok,debt,3867,3867,0,0,0
SP3-11004,ok,reserve,8017,8016,0,0,0
SP3-11005,ok,goals+,4042,0,1327,13694,0
SP3-11006,ok,debt,1857,1857,0,0,0
SP3-11007,deficit,none,0,0,0,0,0
SP3-11008,ok,reserve,11254,0,7502,0,91831
SP3-11009,deficit,none,0,0,0,0,0
SP3-11010,ok,reserve,1211,0,806,0,0
SP3-11011,ok,reserve,10839,0,7226,0,0
SP3-11012,ok,goals+,0,0,601,2394,164553
SP3-11013,deficit,none,0,0,0,0,121221
SP3-11014,ok,goals+,0,0,8168,39624,1154997
SP3-11015,invalid,none,0,0,0,0,0
SP3-11016,ok,reserve,15330,0,10219,0,0
SP3-11017,ok,reserve,7794,7793,0,0,32443
SP3-11018,ok,reserve,35198,0,86,0,0
SP3-11019,ok,debt,5523,12888,0,0,0
SP3-11020,deficit,none,0,0,0,0,16573
SP3-11021,invalid,none,0,0,0,0,0
SP3-11022,deficit,none,0,0,0,0,0
SP3-11023,ok,debt,0,3975,0,0,11165
SP3-11024,ok,debt,0,4625,0,0,11165
SP3-11025,ok,goals+,0,0,4538,0,338579
SP3-11026,ok,goals+,2564,0,5447,13046,5386
SP3-11027,deficit,none,0,0,0,0,0
SP3-11028,deficit,none,0,0,0,0,1163788
SP3-11029,ok,debt,0,12033,0,0,126836
SP3-11030,deficit,none,0,0,0,0,106798
SP3-11031,ok,goals+,0,0,20956,0,3481322
SP3-11032,deficit,none,0,0,0,0,0
SP3-11033,deficit,none,0,0,0,0,1264208
SP3-11034,ok,goals+,0,0,2342,31805,139601
SP3-07335,invalid,none,0,0,0,0,0
SP3-11036,ok,goals+,0,0,3192,7566,0
SP3-11037,ok,reserve,265,0,176,0,0
SP3-11038,deficit,none,0,0,0,0,9696
SP3-11039,deficit,none,0,0,0,0,1255943
SP3-11040,deficit,none,0,0,0,0,0
SP3-11041,invalid,none,0,0,0,0,0
SP3-11042,ok,goals+,0,0,0,499644,2998727
SP3-11043,deficit,none,0,0,0,0,0
SP3-11044,deficit,none,0,0,0,0,0
SP3-11045,ok,reserve,4218,0,2812,0,0
SP3-11046,ok,debt,2424,5656,0,0,0
SP3-11047,ok,debt,0,21371,0,0,130355
SP3-11048,ok,goals+,0,0,2983,0,13200392
SP3-11049,ok,reserve,24610,0,16406,0,0
SP3-11050,ok,reserve,74597,0,7537,0,0
SP3-11051,deficit,none,0,0,0,0,238995
SP3-11052,deficit,none,0,0,0,0,178136
SP3-11053,deficit,none,0,0,0,0,320442
SP3-11054,ok,debt,0,51672,0,0,41666
SP3-11055,deficit,none,0,0,0,0,0
SP3-11056,ok,debt,262,262,0,0,0
SP3-11057,ok,debt,3615,3615,0,0,0
SP3-11058,ok,debt,3610,8423,0,0,0
SP3-11059,deficit,none,0,0,0,0,0
SP3-11060,deficit,none,0,0,0,0,1221335
SP3-11061,deficit,none,0,0,0,0,0
SP3-11062,deficit,none,0,0,0,0,0
SP3-11063,deficit,none,0,0,0,0,0
SP3-11064,deficit,none,0,0,0,0,412109
SP3-11065,ok,reserve,56268,0,37512,0,1373314
SP3-11066,deficit,none,0,0,0,0,0
SP3-11067,ok,debt,5706,13314,0,0,0
SP3-11068,ok,reserve,4436,4435,0,0,0
SP3-11069,ok,debt,0,59756,0,0,107107
SP3-11070,invalid,none,0,0,0,0,0
SP3-11071,ok,debt,0,3608,0,0,103950
SP3-11072,ok,debt,0,4981,0,0,175801
SP3-11073,ok,reserve,1078,1077,0,0,0
SP3-11074,ok,debt,5940,13861,0,0,0
SP3-11075,deficit,none,0,0,0,0,0
SP3-11076,deficit,none,0,0,0,0,0
SP3-11077,ok,debt,6247,6247,0,0,31346
SP3-11078,deficit,none,0,0,0,0,0
SP3-11079,ok,debt,0,51672,0,0,41666
SP3-11080,invalid,none,0,0,0,0,0
SP3-11081,deficit,none,0,0,0,0,479801
SP3-11082,ok,goals+,0,0,0,3863,0
SP3-11083,invalid,none,0,0,0,0,0
SP3-11084,deficit,none,0,0,0,0,0
SP3-11085,ok,reserve,1964,0,1308,0,0
SP3-11086,deficit,none,0,0,0,0,0
SP3-11087,deficit,none,0,0,0,0,3049680
SP3-11088,deficit,none,0,0,0,0,24632
SP3-11089,ok,goals+,0,0,0,12026,724414
SP3-11090,ok,goals+,0,0,0,18371,0
SP3-11091,ok,reserve,5139,0,3426,0,25839
SP3-11092,ok,debt,0,15187,0,0,38507
SP3-11093,ok,debt,1780,4155,0,0,0
SP3-11094,ok,reserve,11715,11714,0,0,0
SP3-11095,deficit,none,0,0,0,0,131460
SP3-11096,ok,goals+,0,0,7584,0,170314
SP3-11097,ok,reserve,18009,17242,0,0,0
SP3-11098,deficit,none,0,0,0,0,270743
SP3-11099,deficit,none,0,0,0,0,61348
SP3-11100,deficit,none,0,0,0,0,0
SP3-11101,ok,debt,1999,4666,0,0,0
SP3-11102,ok,debt,0,3466,0,0,624289
SP3-11103,ok,goals+,0,0,8364,187773,894781
SP3-11104,deficit,none,0,0,0,0,40261
SP3-11105,ok,goals+,2459,0,8447,0,656353
SP3-11106,deficit,none,0,0,0,0,452314
SP3-11107,deficit,none,0,0,0,0,0
SP3-11108,ok,debt,0,4494,0,0,109964
SP3-11109,deficit,none,0,0,0,0,0
SP3-11110,deficit,none,0,0,0,0,0
SP3-11111,ok,goals+,2459,0,8447,0,656353
SP3-11112,deficit,none,0,0,0,0,0
SP3-11113,ok,goals+,0,0,8353,7200,0
SP3-11114,deficit,none,0,0,0,0,198601
SP3-11115,deficit,none,0,0,0,0,0
SP3-11116,deficit,none,0,0,0,0,0
SP3-11117,ok,reserve,4696,4695,0,0,0
SP3-11118,ok,debt,1948,4546,0,0,0
SP3-11119,ok,reserve,3822,0,2547,0,0
SP3-11120,ok,debt,802,1872,0,0,0
SP3-11121,deficit,none,0,0,0,0,0
SP3-11122,ok,debt,0,9795,0,0,139314
SP3-11123,ok,debt,0,23975,0,0,125949
SP3-11124,deficit,none,0,0,0,0,3740555
SP3-11125,invalid,none,0,0,0,0,0
SP3-11126,ok,debt,209,209,0,0,0
SP3-11127,deficit,none,0,0,0,0,0
SP3-11128,deficit,none,0,0,0,0,0
SP3-11129,ok,reserve,35024,0,23349,0,0
SP3-11130,ok,debt,1907,1907,0,0,0
SP3-11131,deficit,none,0,0,0,0,0
SP3-11132,ok,reserve,19495,0,0,161,0
SP3-11133,invalid,none,0,0,0,0,0
SP3-11134,deficit,none,0,0,0,0,432502
SP3-11135,deficit,none,0,0,0,0,346494
SP3-11136,ok,reserve,108931,0,0,0,0
SP3-11137,ok,debt,0,23502,0,0,20903
SP3-11138,deficit,none,0,0,0,0,0
SP3-11139,deficit,none,0,0,0,0,0
SP3-11140,ok,debt,0,22717,0,0,28702
SP3-11141,ok,goals+,0,0,26983,36085,115665
SP3-11142,ok,goals+,0,0,184896,62096,7183771
SP3-11143,ok,reserve,9863,9862,0,0,0
SP3-11144,ok,reserve,41571,0,11971,0,0
SP3-11145,deficit,none,0,0,0,0,0
SP3-11146,ok,reserve,2160,2159,0,0,0
SP3-11147,ok,debt,0,10325,0,0,43096
SP3-11148,deficit,none,0,0,0,0,578758
SP3-11149,ok,debt,4632,10809,0,0,0
SP3-11150,deficit,none,0,0,0,0,2189279
SP3-11151,ok,debt,23533,23533,0,0,0
SP3-11152,ok,debt,5111,11928,0,0,0
SP3-11153,deficit,none,0,0,0,0,4166189
SP3-11154,deficit,none,0,0,0,0,165095
SP3-11155,ok,goals+,0,0,159892,0,1923914
SP3-11156,ok,debt,0,66651,0,0,424170
SP3-11157,deficit,none,0,0,0,0,3295562
SP3-11158,ok,goals+,0,0,28136,0,331596
SP3-11159,ok,reserve,5228,5227,0,0,232908
SP3-11160,deficit,none,0,0,0,0,0
SP3-11161,deficit,none,0,0,0,0,620801
SP3-11162,ok,debt,0,4983,0,0,89149
SP3-11163,ok,debt,0,14098,0,0,871498
SP3-11164,ok,debt,0,15388,0,0,47465
SP3-11165,ok,goals+,0,0,1149,1900,281591
SP3-11166,ok,debt,0,558,0,0,348046
SP3-11167,ok,reserve,15543,0,3644,0,0
SP3-11168,ok,reserve,4752,0,3167,0,0
SP3-11169,ok,debt,0,17354,0,0,72481
SP3-11170,ok,debt,0,3554,0,0,35778
SP3-11171,deficit,none,0,0,0,0,561003
SP3-11172,ok,debt,0,8047,0,0,76240
SP3-11173,deficit,none,0,0,0,0,0
SP3-11174,deficit,none,0,0,0,0,0
SP3-11175,ok,debt,0,30689,0,0,10555
SP3-11176,ok,reserve,45039,0,0,0,0
SP3-11177,deficit,none,0,0,0,0,478033
SP3-11178,ok,reserve,14882,0,7417,0,0
SP3-11179,ok,debt,2195,2195,0,0,0
SP3-11180,ok,reserve,47009,0,0,0,0
SP3-11181,deficit,none,0,0,0,0,154977
SP3-11182,ok,reserve,13379,0,899,0,0
SP3-11183,ok,goals+,0,0,15915,210595,1345913
SP3-11184,deficit,none,0,0,0,0,4973
SP3-11185,deficit,none,0,0,0,0,359853
SP3-11186,ok,goals+,0,0,0,40459,853500
SP3-11187,invalid,none,0,0,0,0,0
SP3-11188,ok,goals+,0,0,3698,23330,77293
SP3-11189,ok,goals+,0,0,0,5930,142181
SP3-11190,deficit,none,0,0,0,0,0
SP3-11191,ok,debt,0,937656401,0,0,3930036427
SP3-11192,deficit,none,0,0,0,0,0
SP3-11193,ok,debt,0,7448,0,0,107042
SP3-11194,deficit,none,0,0,0,0,1202
SP3-11195,deficit,none,0,0,0,0,256937
SP3-11196,ok,reserve,20466,0,13643,0,0
SP3-11197,ok,goals+,0,0,0,1429,294724
SP3-11198,ok,debt,0,46300,0,0,279407
SP3-11199,ok,debt,5023,8985,456,0,0
SP3-11200,deficit,none,0,0,0,0,144252
SP3-11201,ok,goals+,0,0,501,0,151843
SP3-11202,ok,debt,0,87346555,0,0,37986217
SP3-11203,deficit,none,0,0,0,0,422692
SP3-11204,ok,reserve,15826,0,10551,0,0
SP3-11205,ok,reserve,27946,0,1194,0,0
SP3-11206,ok,goals+,0,0,281360,0,3315962
SP3-11207,ok,debt,4121,9616,0,0,0
SP3-11208,ok,goals+,0,0,3987,19640,338343
SP3-11209,ok,reserve,4617,4616,0,0,0
SP3-11210,ok,goals+,0,0,88919,623088,1204002
SP3-11211,ok,reserve,8631,8630,0,0,36824
SP3-11212,deficit,none,0,0,0,0,181508
SP3-11213,ok,debt,0,38672,0,0,157955
SP3-11214,ok,reserve,7119,7118,0,0,0
SP3-11215,deficit,none,0,0,0,0,32554
SP3-11216,ok,reserve,17911,0,0,0,0
SP3-11217,deficit,none,0,0,0,0,927886
SP3-11218,ok,debt,0,5070,0,0,161574
SP3-11219,ok,goals+,0,0,20134,205754,4416935
SP3-11220,deficit,none,0,0,0,0,586462
SP3-11221,ok,debt,0,14639,0,0,79521
SP3-11222,deficit,none,0,0,0,0,0
SP3-11223,invalid,none,0,0,0,0,0
SP3-11224,ok,debt,0,1012,0,0,29158
SP3-11225,ok,debt,0,4646,0,0,12949
SP3-11226,ok,goals+,0,0,0,3966,437522
SP3-11227,deficit,none,0,0,0,0,32554
SP3-11228,ok,reserve,2534,2533,0,0,0
SP3-11229,deficit,none,0,0,0,0,1750644
SP3-11230,ok,goals+,0,0,4397,11960,131440
SP3-11231,ok,debt,0,7788,0,0,116795
SP3-11232,ok,reserve,809,0,538,0,0
SP3-11233,ok,reserve,7725,0,5150,0,0
SP3-11234,ok,goals+,0,0,4604,13635,442477
SP3-11235,ok,goals+,0,0,37308,0,0
SP3-11236,ok,reserve,134097160,134097159,0,0,552190202
SP3-11237,ok,goals+,0,0,214231,290453,4140592
SP3-11238,deficit,none,0,0,0,0,10048245
SP3-11239,ok,goals+,0,0,2408,261743,15418483
SP3-11240,ok,goals+,0,0,14207,0,538265
SP3-11241,deficit,none,0,0,0,0,0
SP3-11242,ok,debt,2651,6187,0,0,0
SP3-11243,ok,reserve,137080,0,72582,0,0
SP3-11244,ok,debt,255,255,0,0,174845
SP3-11245,ok,reserve,130903,0,87269,0,0
SP3-11246,ok,debt,6690,6690,0,0,0
SP3-11247,deficit,none,0,0,0,0,1325536
SP3-11248,deficit,none,0,0,0,0,0
SP3-11249,ok,reserve,928,927,0,0,0
SP3-11250,ok,reserve,11353,0,7569,0,0
SP3-11251,ok,reserve,130894,0,0,0,0
SP3-11252,deficit,none,0,0,0,0,5868300
SP3-11253,deficit,none,0,0,0,0,3628518
SP3-11254,deficit,none,0,0,0,0,0
SP3-11255,ok,reserve,2034,2033,0,0,0
SP3-11256,ok,goals+,0,0,0,16852,59805
SP3-11257,ok,reserve,22187,0,0,0,43879
SP3-11258,deficit,none,0,0,0,0,0
SP3-11259,ok,reserve,2352,2351,0,0,117204
SP3-11260,deficit,none,0,0,0,0,0
SP3-11261,deficit,none,0,0,0,0,920989
SP3-11262,ok,reserve,12077,0,2283,0,0
SP3-11263,ok,debt,0,10763,0,0,40136
SP3-11264,ok,reserve,41158,0,0,0,0
SP3-11265,ok,debt,0,4981,0,0,44544
SP3-11266,ok,none,0,0,0,0,0
SP3-11267,ok,debt,0,3710,0,0,30723
SP3-11268,ok,reserve,23711,0,8181,0,0
SP3-11269,deficit,none,0,0,0,0,140904
SP3-11270,ok,reserve,2312,2311,0,0,0
SP3-11271,ok,reserve,2750,0,1832,0,0
SP3-11272,deficit,none,0,0,0,0,0
SP3-11273,deficit,none,0,0,0,0,0
SP3-11274,ok,debt,2691,2691,0,0,0
SP3-11275,ok,reserve,13841,13840,0,0,0
SP3-11276,ok,debt,11291,11291,0,0,0
SP3-11277,ok,debt,0,9446,0,0,65641
SP3-11278,ok,reserve,10043,0,2447,0,0
SP3-11279,ok,goals+,0,0,818,6867,0
SP3-11280,deficit,none,0,0,0,0,78118
SP3-11281,ok,debt,0,50997,0,0,299373
SP3-11282,deficit,none,0,0,0,0,0
SP3-11283,invalid,none,0,0,0,0,0
SP3-11284,deficit,none,0,0,0,0,317382
SP3-11285,ok,debt,0,9105,0,0,10519
SP3-11286,ok,debt,0,1770,0,0,327952
SP3-11287,deficit,none,0,0,0,0,0
SP3-11288,ok,goals+,0,0,15071,0,351335
SP3-11289,ok,goals+,0,0,87517,56326,543523
SP3-11290,ok,debt,0,2078,0,0,7524
SP3-11291,ok,debt,2388,2388,0,0,0
SP3-11292,ok,debt,1785,4165,0,0,0
SP3-11293,ok,debt,420,981,0,0,0
SP3-11294,ok,debt,0,6040,0,0,28778
SP3-11295,ok,goals+,0,0,294661,0,16755609
SP3-11296,deficit,none,0,0,0,0,0
SP3-11297,ok,goals+,0,0,3529,8504,153806
SP3-11298,ok,debt,2077,4847,0,0,0
SP3-11299,ok,debt,0,12919,0,0,5005
SP3-11300,ok,reserve,9260,0,0,0,117679
SP3-11301,ok,none,0,0,0,0,0
SP3-11302,ok,reserve,2312,2311,0,0,0
SP3-11303,ok,debt,5035,11750,0,0,0
SP3-11304,deficit,none,0,0,0,0,560962
SP3-11305,invalid,none,0,0,0,0,0
SP3-11306,ok,reserve,7826,0,5217,0,0
SP3-11307,ok,reserve,792,0,528,0,0
SP3-11308,ok,reserve,70362,0,12204,0,0
SP3-11309,ok,reserve,5282,0,3521,0,85524
SP3-11310,deficit,none,0,0,0,0,2130532
SP3-11311,deficit,none,0,0,0,0,35649
SP3-11312,ok,goals+,0,0,2095,7375,1580130
SP3-11313,ok,reserve,17286,0,11523,0,0
SP3-11314,deficit,none,0,0,0,0,0
SP3-11315,deficit,none,0,0,0,0,0
SP3-11316,ok,debt,0,4397,0,0,34631
SP3-11317,ok,reserve,4745,0,3162,0,0
SP3-11318,ok,reserve,2625,0,1749,0,0
SP3-11319,deficit,none,0,0,0,0,1117393
SP3-11320,deficit,none,0,0,0,0,18195
SP3-11321,ok,debt,0,1690,0,0,1739
SP3-11322,deficit,none,0,0,0,0,0
SP3-11323,ok,reserve,17962,0,11974,0,0
SP3-11324,ok,debt,0,5005,0,0,9638
SP3-11325,ok,reserve,478,477,0,0,0
SP3-11326,deficit,none,0,0,0,0,0
SP3-11327,deficit,none,0,0,0,0,0
SP3-11328,invalid,none,0,0,0,0,0
SP3-11329,invalid,none,0,0,0,0,0
SP3-11330,ok,goals+,0,0,3319,4539,882553
SP3-11331,ok,debt,7476,17446,0,0,0
SP3-11332,invalid,none,0,0,0,0,0
SP3-11333,deficit,none,0,0,0,0,275766
SP3-11334,ok,debt,0,3867,0,0,79275
SP3-11335,ok,debt,13420,31315,0,0,0
SP3-11336,deficit,none,0,0,0,0,50969
SP3-11337,deficit,none,0,0,0,0,2265256
SP3-11338,deficit,none,0,0,0,0,0
SP3-11339,ok,goals+,0,0,79656,264928,1974696
SP3-11340,ok,debt,0,2478,0,0,5398
SP3-11341,ok,debt,3177,7414,0,0,0
SP3-11342,deficit,none,0,0,0,0,18195
SP3-11343,ok,goals+,0,0,0,18108,143843
SP3-11344,deficit,none,0,0,0,0,0
SP3-11345,ok,reserve,24829,0,16552,0,0
SP3-11346,ok,goals+,0,0,2310,11398,916071
SP3-11347,ok,debt,0,17897,0,0,178166
SP3-10203,invalid,none,0,0,0,0,0
SP3-11349,deficit,none,0,0,0,0,1046167
SP3-11350,ok,reserve,214,0,143,0,11635
SP3-11351,deficit,none,0,0,0,0,2026257
SP3-11352,deficit,none,0,0,0,0,966495
SP3-11353,ok,debt,604,604,0,0,0
SP3-11354,invalid,none,0,0,0,0,0
SP3-11355,ok,debt,0,17897,0,0,180742
SP3-11356,ok,goals+,0,0,0,302175,3790458
SP3-11357,deficit,none,0,0,0,0,1666367
SP3-11358,deficit,none,0,0,0,0,123406
SP3-11359,invalid,none,0,0,0,0,0
SP3-11360,ok,reserve,7606,0,5070,0,0
SP3-11361,ok,debt,0,3369,0,0,57271
SP3-11362,ok,debt,360,360,0,0,0
SP3-11363,invalid,none,0,0,0,0,0
SP3-11364,ok,debt,0,33694,0,0,572715
SP3-11365,invalid,none,0,0,0,0,0
SP3-11366,deficit,none,0,0,0,0,0
SP3-11367,ok,reserve,795,794,0,0,0
SP3-11368,invalid,none,0,0,0,0,0
SP3-11369,deficit,none,0,0,0,0,524518
SP3-11370,ok,reserve,2308,2307,0,0,0
SP3-11371,deficit,none,0,0,0,0,0
SP3-11372,ok,goals+,0,0,530181,0,5897894
SP3-11373,deficit,none,0,0,0,0,7565
SP3-11374,ok,reserve,6001,0,1189,0,0
SP3-11375,ok,reserve,3418,3417,0,0,0
SP3-11376,ok,goals+,0,0,10132,0,2961246
SP3-11377,ok,goals+,0,0,55121,0,5713854
SP3-11378,ok,goals+,0,0,207,16389,434579
SP3-11379,ok,debt,0,26111,0,0,146002
SP3-11380,ok,reserve,12613,12612,0,0,0
SP3-11381,ok,goals+,0,0,27904,842,346148
SP3-11382,deficit,none,0,0,0,0,0
SP3-11383,deficit,none,0,0,0,0,262861
SP3-11384,ok,goals+,0,0,0,42661,1399921
SP3-11385,ok,reserve,2417,2416,0,0,0
SP3-11386,ok,goals+,0,0,5783,0,0
SP3-11387,ok,reserve,3549,3548,0,0,0
SP3-11388,ok,debt,0,8466,0,0,23930
SP3-11389,ok,reserve,4237,0,0,0,0
SP3-11390,ok,debt,11245,11245,0,0,95358
SP3-11391,ok,reserve,9682,0,2013,0,0
SP3-11392,ok,debt,0,5363,0,0,68756
SP3-11393,ok,debt,0,778,0,0,179372
SP3-11394,ok,debt,0,29,0,0,17106
SP3-11395,ok,debt,5601,13069,0,0,0
SP3-11396,ok,reserve,19195,0,12797,0,0
SP3-11397,deficit,none,0,0,0,0,0
SP3-11398,ok,debt,0,6824,0,0,7082
SP3-11399,deficit,none,0,0,0,0,4202572
SP3-11400,deficit,none,0,0,0,0,19252
SP3-08877,invalid,none,0,0,0,0,0
SP3-11402,deficit,none,0,0,0,0,23071397
SP3-11403,ok,reserve,12213,0,5782,0,0
SP3-11404,ok,goals+,0,0,51822,301224,293412
SP3-11405,deficit,none,0,0,0,0,0
SP3-11406,ok,debt,0,38073,0,0,1216357
SP3-11407,ok,reserve,55,0,36,0,41926
SP3-11408,ok,debt,0,8290,0,0,160605
SP3-11409,deficit,none,0,0,0,0,133260
SP3-11410,deficit,none,0,0,0,0,3412672
SP3-11411,ok,reserve,16047,0,10698,0,89303
SP3-11412,ok,debt,0,11471,0,0,1152579
SP3-11413,ok,debt,0,778,0,0,179372
SP3-11414,ok,debt,632,1476,0,0,0
SP3-11415,deficit,none,0,0,0,0,212235
SP3-11416,deficit,none,0,0,0,0,704283
SP3-11417,ok,reserve,41867,0,11092,0,0
SP3-11418,ok,goals+,0,0,0,10948,2069935
SP3-11419,ok,reserve,480,479,0,0,0
SP3-11420,ok,reserve,3042,3041,0,0,0
SP3-11421,ok,debt,78,23560,0,0,0
SP3-11422,deficit,none,0,0,0,0,0
SP3-11423,deficit,none,0,0,0,0,0
SP3-11424,ok,goals+,0,0,4998,7647,80937
SP3-11425,deficit,none,0,0,0,0,0
SP3-11426,invalid,none,0,0,0,0,0
SP3-11427,ok,debt,0,2519,0,0,149032
SP3-11428,ok,debt,0,1457,0,0,121547
SP3-11429,deficit,none,0,0,0,0,9412835
SP3-11430,deficit,none,0,0,0,0,0
SP3-11431,deficit,none,0,0,0,0,0
SP3-11432,ok,debt,1943,1943,0,0,24026
SP3-11433,deficit,none,0,0,0,0,704462
SP3-11434,ok,debt,0,65297,4392,42374,680262
SP3-11435,ok,debt,1679,1679,0,0,0
SP3-11436,deficit,none,0,0,0,0,0
SP3-11437,deficit,none,0,0,0,0,0
SP3-11438,invalid,none,0,0,0,0,0
SP3-11439,ok,debt,0,31352,0,0,56236
SP3-11440,deficit,none,0,0,0,0,38342
SP3-11441,ok,debt,0,7918,0,0,173156
SP3-11442,ok,debt,0,20798,0,0,367807
SP3-11443,deficit,none,0,0,0,0,0
SP3-11444,deficit,none,0,0,0,0,0
SP3-11445,deficit,none,0,0,0,0,0
SP3-11446,deficit,none,0,0,0,0,50629
SP3-11447,deficit,none,0,0,0,0,0
SP3-11448,ok,debt,5892,13748,0,0,0
SP3-11449,ok,debt,1943,1943,0,0,24026
SP3-11450,deficit,none,0,0,0,0,178147
SP3-11451,ok,debt,0,14997,0,0,270216
SP3-11452,deficit,none,0,0,0,0,0
SP3-11453,ok,debt,0,46251,0,0,331947
SP3-11454,ok,debt,0,27237,0,0,146
SP3-11455,invalid,none,0,0,0,0,0
SP3-11456,ok,debt,57,57,0,0,0
SP3-11457,deficit,none,0,0,0,0,13520
SP3-11458,ok,goals+,0,0,4791,98192,1264501
SP3-11459,ok,debt,267,625,0,0,0
SP3-11460,ok,debt,11421,11421,0,0,0
SP3-11461,ok,goals+,0,0,0,11802,90132
SP3-11462,deficit,none,0,0,0,0,3569982
SP3-11463,invalid,none,0,0,0,0,0
SP3-11464,ok,goals+,0,0,101568,280263,7358357
SP3-11465,ok,debt,0,2649,0,0,3338
SP3-11466,ok,reserve,4418,4417,0,0,0
SP3-11467,ok,debt,0,8415,0,0,9341
SP3-11468,ok,reserve,7128,0,0,5054,0
SP3-11469,deficit,none,0,0,0,0,40050808
SP3-11470,deficit,none,0,0,0,0,78648
SP3-11471,invalid,none,0,0,0,0,0
SP3-11472,ok,debt,0,32252,0,0,137668
SP3-11473,deficit,none,0,0,0,0,0
SP3-11474,invalid,none,0,0,0,0,0
SP3-11475,ok,goals+,0,0,402,36857,8301547
SP3-11476,ok,debt,4680,10921,0,0,0
SP3-11477,deficit,none,0,0,0,0,6113804
SP3-11478,ok,reserve,8050,0,4266,0,19415
SP3-11479,ok,reserve,1937,1936,0,0,0
SP3-11480,ok,debt,0,21677,0,0,71175
SP3-11481,deficit,none,0,0,0,0,0
SP3-11482,ok,debt,0,60532,0,0,1223091
SP3-11483,deficit,none,0,0,0,0,9680786
SP3-11484,deficit,none,0,0,0,0,5116670
SP3-11485,ok,goals+,0,0,8890,15363,189935
SP3-11486,ok,goals+,14522,0,9668,31266,0
SP3-11487,deficit,none,0,0,0,0,0
SP3-11488,ok,reserve,59256,0,0,0,0
SP3-11489,ok,reserve,766,0,511,0,40771
SP3-11490,deficit,none,0,0,0,0,61690
SP3-11491,ok,reserve,100440,0,66959,0,0
SP3-11492,ok,goals+,0,0,52292,0,4267579
SP3-11493,invalid,none,0,0,0,0,0
SP3-11494,deficit,none,0,0,0,0,0
SP3-11495,ok,goals+,0,0,16277,39754,431754
SP3-11496,ok,reserve,5795,0,3744,0,0
SP3-11497,deficit,none,0,0,0,0,0
SP3-11498,ok,goals+,0,0,20141,70104,422557
SP3-11499,ok,reserve,18346,18345,0,0,137355
SP3-11500,ok,reserve,12142,0,8094,0,0
SP3-11501,ok,debt,18125,42292,0,0,0
SP3-11502,deficit,none,0,0,0,0,243465
SP3-11503,ok,goals+,0,0,0,43996,72120
SP3-11504,ok,reserve,45230,0,10934,0,0
SP3-11505,deficit,none,0,0,0,0,0
SP3-11506,ok,goals+,0,0,294606,274087,6872769
SP3-11507,ok,debt,0,7997,0,0,156230
SP3-11508,ok,debt,0,8813,0,0,5518
SP3-11509,deficit,none,0,0,0,0,0
SP3-11510,deficit,none,0,0,0,0,48139
SP3-11511,ok,debt,13567,13567,0,0,48168
SP3-11512,ok,debt,1885,4399,0,0,0
SP3-11513,ok,debt,0,8010,0,0,95761
SP3-11514,ok,reserve,24818,0,0,0,0
SP3-11515,deficit,none,0,0,0,0,309962
SP3-11516,deficit,none,0,0,0,0,0
SP3-11517,ok,goals+,0,0,0,771492,9732948
SP3-11518,ok,reserve,20035,20034,0,0,113776
SP3-11519,ok,debt,0,1760,0,0,267467
SP3-11520,deficit,none,0,0,0,0,0
SP3-11521,ok,goals+,0,0,13709,232045,3569473
SP3-11522,ok,debt,0,28143,0,0,91311
SP3-11523,deficit,none,0,0,0,0,548471
SP3-11524,deficit,none,0,0,0,0,28556
SP3-11525,deficit,none,0,0,0,0,164983
SP3-11526,ok,reserve,19009,0,456,0,0
SP3-11527,ok,none,0,0,0,0,0
SP3-11528,ok,debt,0,3409,0,0,109618
SP3-11529,ok,reserve,8961,8960,0,0,0
SP3-11530,deficit,none,0,0,0,0,0
SP3-11531,ok,debt,0,25407,0,0,93239
SP3-11532,deficit,none,0,0,0,0,0
SP3-11533,ok,reserve,60197,0,40130,0,0
SP3-11534,deficit,none,0,0,0,0,0
SP3-11535,deficit,none,0,0,0,0,14468
SP3-11536,deficit,none,0,0,0,0,0
SP3-11537,deficit,none,0,0,0,0,13083723
SP3-11538,ok,reserve,34760,0,23173,0,0
SP3-11539,deficit,none,0,0,0,0,2199802
SP3-11540,deficit,none,0,0,0,0,38047
SP3-11541,ok,debt,689,1607,0,0,0
SP3-11542,deficit,none,0,0,0,0,0
SP3-11543,ok,reserve,1740,0,1160,0,0
SP3-11544,ok,reserve,2338,0,1559,0,0
SP3-11545,deficit,none,0,0,0,0,748770
SP3-11546,invalid,none,0,0,0,0,0
SP3-11547,ok,reserve,5416,0,3610,0,0
SP3-11548,invalid,none,0,0,0,0,0
SP3-11549,ok,debt,0,33600810,0,0,608886210
SP3-11550,ok,reserve,46408,0,9005,19337,0
SP3-11551,deficit,none,0,0,0,0,8142024
SP3-11552,ok,debt,0,10884,0,0,87832
SP3-11553,ok,debt,0,63661,0,0,153649
SP3-11554,deficit,none,0,0,0,0,0
SP3-11555,ok,none,0,0,0,0,44335
SP3-11556,ok,debt,1669,3895,0,0,0
SP3-11557,deficit,none,0,0,0,0,0
SP3-11558,ok,debt,5089,5089,0,0,0
SP3-11559,deficit,none,0,0,0,0,2476420
SP3-11560,ok,debt,7335,17116,0,0,0
SP3-11561,deficit,none,0,0,0,0,296263
SP3-11562,ok,debt,1061,2478,0,0,0
SP3-11563,deficit,none,0,0,0,0,0
SP3-11564,deficit,none,0,0,0,0,0
SP3-11565,ok,reserve,2463,0,1641,0,0
SP3-11566,ok,debt,1172,2734,0,0,0
SP3-11567,deficit,none,0,0,0,0,3005152
SP3-11568,deficit,none,0,0,0,0,0
SP3-11569,ok,debt,0,7109,0,0,12203
SP3-11570,ok,debt,9337,21787,0,0,0
SP3-11571,deficit,none,0,0,0,0,164360
SP3-11572,deficit,none,0,0,0,0,0
SP3-11573,ok,reserve,12441,0,8293,0,0
SP3-11574,ok,goals+,112164,0,51953,287579,670044
SP3-11575,ok,debt,1208,2820,0,0,0
SP3-11576,deficit,none,0,0,0,0,0
SP3-11577,deficit,none,0,0,0,0,0
SP3-11578,deficit,none,0,0,0,0,408933
SP3-11579,ok,goals+,0,0,116574,57791,2461971
SP3-11580,ok,goals+,0,0,47825,800,393425
SP3-11581,ok,goals+,0,0,461,0,749696
SP3-11582,ok,reserve,18477,0,12318,0,0
SP3-11583,ok,goals+,0,0,26189,286974,6315326
SP3-11584,ok,reserve,9528,0,1589,5879,0
SP3-11585,ok,debt,475,1108,0,0,0
SP3-11586,deficit,none,0,0,0,0,0
SP3-11587,deficit,none,0,0,0,0,0
SP3-11588,invalid,none,0,0,0,0,0
SP3-11589,deficit,none,0,0,0,0,26115
SP3-11590,deficit,none,0,0,0,0,0
SP3-11591,ok,debt,0,6706,0,0,80427
SP3-11592,deficit,none,0,0,0,0,0
SP3-11593,ok,debt,0,33647,0,0,1491
SP3-11594,ok,reserve,12614,0,8408,0,0
SP3-11595,ok,goals+,15084,0,42423,0,467051
SP3-11596,ok,reserve,13672,0,9114,0,0
SP3-11597,ok,debt,0,1550,0,0,354881
SP3-11598,ok,reserve,58402,0,0,0,0
SP3-11599,ok,debt,0,21815,0,0,104830
SP3-11600,deficit,none,0,0,0,0,0
SP3-11601,ok,goals+,0,0,121828,331489,3946416
SP3-11602,deficit,none,0,0,0,0,287786
SP3-11603,deficit,none,0,0,0,0,306239
SP3-11604,ok,debt,0,4654,0,0,331024
SP3-11605,deficit,none,0,0,0,0,530564
SP3-11606,ok,reserve,231345,0,23243,0,0
SP3-11607,deficit,none,0,0,0,0,0
SP3-11608,deficit,none,0,0,0,0,0
SP3-11609,deficit,none,0,0,0,0,5128513
SP3-11610,deficit,none,0,0,0,0,1249624
SP3-11611,ok,debt,0,6683,0,0,78914
SP3-11612,deficit,none,0,0,0,0,4831
SP3-11613,ok,reserve,3181,0,2120,0,0
SP3-11614,deficit,none,0,0,0,0,4415
SP3-11615,deficit,none,0,0,0,0,0
SP3-11616,deficit,none,0,0,0,0,37114
SP3-11617,ok,reserve,24869,0,16578,0,0
SP3-11618,deficit,none,0,0,0,0,0
SP3-11619,deficit,none,0,0,0,0,645786
SP3-11620,deficit,none,0,0,0,0,320828
SP3-11621,deficit,none,0,0,0,0,268785
SP3-11622,ok,debt,0,13822,0,0,467858
SP3-11623,ok,debt,0,14456,0,0,1194
SP3-11624,ok,debt,0,3722,0,0,18199
SP3-11625,deficit,none,0,0,0,0,0
SP3-11626,ok,debt,92,92,0,0,0
SP3-11627,deficit,none,0,0,0,0,6436447
SP3-11628,deficit,none,0,0,0,0,0
SP3-11629,deficit,none,0,0,0,0,697818
SP3-11630,deficit,none,0,0,0,0,0
SP3-11631,deficit,none,0,0,0,0,486169
SP3-11632,deficit,none,0,0,0,0,139996
SP3-11633,ok,debt,7280,16989,0,0,0
SP3-11634,deficit,none,0,0,0,0,0
SP3-11635,ok,debt,92,92,0,0,0
SP3-11636,ok,debt,0,8423,0,0,134033
SP3-11637,ok,debt,0,93615,0,0,209652
SP3-11638,ok,reserve,10138,0,0,0,0
SP3-11639,ok,goals+,0,0,0,13763,293646
SP3-11640,ok,debt,0,5926,0,0,6978
SP3-11641,deficit,none,0,0,0,0,51011
SP3-11642,deficit,none,0,0,0,0,39542
SP3-11643,deficit,none,0,0,0,0,340112
SP3-11644,ok,goals+,0,0,8007,11722,1417174
SP3-11645,ok,debt,0,93615,0,0,209652
SP3-11646,deficit,none,0,0,0,0,71675
SP3-11647,ok,debt,2908,6788,0,0,0
SP3-11648,deficit,none,0,0,0,0,17841
SP3-11649,deficit,none,0,0,0,0,0
SP3-11650,ok,debt,0,24923,0,0,120579
SP3-11651,ok,none,0,0,0,0,40872
SP3-11652,deficit,none,0,0,0,0,552677
SP3-11653,ok,reserve,1176,0,783,0,0
SP3-11654,invalid,none,0,0,0,0,0
SP3-11655,deficit,none,0,0,0,0,10089719
SP3-11656,deficit,none,0,0,0,0,78519
SP3-11657,deficit,none,0,0,0,0,718843
SP3-11658,ok,reserve,39769,39768,0,0,3981899
SP3-11659,ok,debt,10798,10798,0,0,0
SP3-11660,ok,reserve,7160,0,4773,0,0
SP3-11661,ok,reserve,76,75,0,0,126228
SP3-11662,deficit,none,0,0,0,0,0
SP3-11663,deficit,none,0,0,0,0,113176
SP3-11664,deficit,none,0,0,0,0,5815232
SP3-11665,ok,reserve,4067,0,2711,0,0
SP3-11666,deficit,none,0,0,0,0,73963
SP3-11667,deficit,none,0,0,0,0,3559268
SP3-11668,ok,debt,6660,13552,0,0,0
SP3-11669,ok,reserve,5487,0,3233,0,0
SP3-11670,deficit,none,0,0,0,0,2759415
SP3-11671,deficit,none,0,0,0,0,29976
SP3-11672,deficit,none,0,0,0,0,18331
SP3-11673,deficit,none,0,0,0,0,0
SP3-11674,deficit,none,0,0,0,0,0
SP3-11675,ok,debt,0,14413,0,0,71876
SP3-11676,deficit,none,0,0,0,0,0
SP3-00308,invalid,none,0,0,0,0,0
SP3-11678,ok,goals+,0,0,37748,0,1376350
SP3-11679,deficit,none,0,0,0,0,609603
SP3-11680,invalid,none,0,0,0,0,0
SP3-11681,deficit,none,0,0,0,0,902533
SP3-11682,deficit,none,0,0,0,0,18902
SP3-11683,ok,debt,977,2280,0,0,0
SP3-11684,ok,reserve,7474,7473,0,0,87048
SP3-11685,ok,reserve,2396,0,1597,0,323220
SP3-11686,ok,reserve,9309,9308,0,0,0
SP3-11687,ok,reserve,9012,9011,0,0,0
SP3-11688,ok,debt,0,12301,0,0,38509
SP3-11689,ok,debt,0,3145,0,0,39430
SP3-11690,ok,goals+,0,0,8579,24685,197490
SP3-11691,ok,reserve,5359,0,3572,0,0
SP3-11692,ok,reserve,399970,0,266647,0,0
SP3-11693,deficit,none,0,0,0,0,3160255
SP3-11694,deficit,none,0,0,0,0,1552500
SP3-11695,ok,debt,0,5301,0,0,7980
SP3-11696,invalid,none,0,0,0,0,0
SP3-11697,ok,debt,7311,7311,0,0,0
SP3-11698,ok,debt,0,8073,0,0,74984
SP3-11699,ok,debt,224,224,0,0,0
SP3-11700,deficit,none,0,0,0,0,0
SP3-11701,deficit,none,0,0,0,0,2461863
SP3-11702,ok,reserve,38828,0,2589,0,0
SP3-11703,ok,goals+,0,0,7942,0,0
SP3-11704,deficit,none,0,0,0,0,43317
SP3-11705,deficit,none,0,0,0,0,1062182
SP3-11706,deficit,none,0,0,0,0,217802
SP3-11707,deficit,none,0,0,0,0,244093
SP3-11708,deficit,none,0,0,0,0,3859114
SP3-11709,deficit,none,0,0,0,0,536917
SP3-11710,ok,debt,0,7791,0,0,145531
SP3-11711,deficit,none,0,0,0,0,201365
SP3-11712,ok,goals+,38696,0,0,101109,0
SP3-11713,deficit,none,0,0,0,0,280230
SP3-11714,ok,reserve,2243,2242,0,0,0
SP3-11715,ok,debt,0,10616,0,0,9093
SP3-11716,ok,reserve,2798,2797,0,0,0
SP3-11717,deficit,none,0,0,0,0,491441
SP3-11718,deficit,none,0,0,0,0,1210073
SP3-11719,ok,reserve,28141,0,18761,0,0
SP3-11720,ok,reserve,5348,0,3565,0,0
SP3-11721,invalid,none,0,0,0,0,0
SP3-11722,ok,debt,0,54545,0,0,863807
SP3-11723,deficit,none,0,0,0,0,0
SP3-11724,deficit,none,0,0,0,0,377396
SP3-11725,ok,goals+,0,0,7977,0,0
SP3-11726,ok,reserve,649,0,432,0,0
SP3-11727,deficit,none,0,0,0,0,0
SP3-11728,ok,debt,1310,1310,0,0,0
SP3-11729,ok,debt,0,4228,0,0,55485
SP3-11730,deficit,none,0,0,0,0,176296
SP3-11731,ok,goals+,0,0,23419,0,7630681
SP3-11732,deficit,none,0,0,0,0,0
SP3-11733,deficit,none,0,0,0,0,0
SP3-11734,ok,goals+,0,0,6015,910,84187
SP3-11735,deficit,none,0,0,0,0,0
SP3-11736,deficit,none,0,0,0,0,1569313
SP3-11737,deficit,none,0,0,0,0,0
SP3-11738,deficit,none,0,0,0,0,0
SP3-11739,ok,reserve,7902,0,5267,0,0
SP3-11740,ok,goals+,0,0,23074,0,832608
SP3-11741,ok,goals+,0,0,10360,0,3724447
SP3-11742,ok,goals+,0,0,15689,260180,526440
SP3-11743,ok,debt,1328,1328,0,0,0
SP3-11744,ok,debt,0,18227,0,0,53329
SP3-11745,ok,debt,1431,3339,0,0,0
SP3-11746,ok,reserve,13965,0,9309,0,0
SP3-11747,ok,reserve,31381,0,20920,0,0
SP3-11748,ok,goals+,3995,0,21440,19512,0
SP3-11749,ok,goals+,0,0,12150,0,100453
SP3-11750,deficit,none,0,0,0,0,11135
SP3-11751,ok,debt,0,1850,0,0,7967
SP3-11752,ok,reserve,6173,0,0,0,0
SP3-11753,ok,reserve,4953,0,3302,0,0
SP3-11754,ok,debt,0,7262,0,0,5266
SP3-11755,ok,reserve,28969,0,5866,0,0
SP3-11756,ok,debt,0,3428,0,0,73860
SP3-11757,ok,goals+,0,0,242,78674,948183
SP3-11758,ok,reserve,18685,0,0,0,0
SP3-11759,deficit,none,0,0,0,0,214502
SP3-11760,deficit,none,0,0,0,0,152890
SP3-11761,ok,reserve,12744,0,8496,0,0
SP3-11762,ok,debt,6772,6772,0,0,213492
SP3-11763,ok,reserve,6270,0,4179,0,0
SP3-11764,ok,goals+,0,0,18348,590265,1242693
SP3-11765,ok,reserve,14148,0,9431,0,0
SP3-11766,ok,debt,118,277,0,0,0
SP3-11767,ok,goals+,0,0,16176,0,53346
SP3-11768,ok,goals+,0,0,6360,210454,18627648
SP3-11769,deficit,none,0,0,0,0,109811
SP3-11770,ok,goals+,0,0,3349,13216,128511
SP3-11771,ok,goals+,0,0,8000,18192,1643830
SP3-11772,ok,debt,0,7125,0,0,464677
SP3-11773,invalid,none,0,0,0,0,0
SP3-11774,invalid,none,0,0,0,0,0
SP3-11775,ok,reserve,16154,6583,10769,0,177661
SP3-11776,ok,debt,0,4115,0,0,40227
SP3-11777,ok,reserve,6391,0,4260,0,0
SP3-11778,deficit,none,0,0,0,0,0
SP3-11779,deficit,none,0,0,0,0,577898
SP3-11780,ok,reserve,8924,0,5948,0,0
SP3-11781,deficit,none,0,0,0,0,638105
SP3-11782,ok,debt,0,6233,0,0,64192
SP3-11783,ok,reserve,1280,1279,0,0,11555
SP3-11784,ok,debt,0,56511,0,0,863807
SP3-11785,ok,reserve,1342,0,894,0,0
SP3-11786,ok,reserve,27936,0,18624,0,0
SP3-11787,ok,reserve,13871,0,284,11165,0
SP3-11788,deficit,none,0,0,0,0,3980277
SP3-11789,ok,goals+,0,0,0,7707,0
SP3-11790,ok,debt,0,14230,0,0,225939
SP3-11791,ok,debt,0,2207,0,0,52438
SP3-11792,deficit,none,0,0,0,0,0
SP3-11793,invalid,none,0,0,0,0,0
SP3-11794,deficit,none,0,0,0,0,0
SP3-11795,deficit,none,0,0,0,0,0
SP3-11796,ok,goals+,0,0,3222,11180,181884
SP3-11797,ok,debt,1858,4337,0,0,0
SP3-11798,ok,debt,6664,15551,0,0,0
SP3-11799,ok,debt,4455,10395,0,0,0
SP3-11800,deficit,none,0,0,0,0,0
SP3-11801,deficit,none,0,0,0,0,35036
SP3-11802,ok,debt,0,296066151,0,0,424070760
SP3-11803,deficit,none,0,0,0,0,4175193
SP3-11804,deficit,none,0,0,0,0,0
SP3-11805,ok,reserve,19584,0,0,0,0
SP3-11806,ok,goals+,2608,0,11912,2275,0
SP3-11807,deficit,none,0,0,0,0,0
SP3-11808,deficit,none,0,0,0,0,0
SP3-11809,deficit,none,0,0,0,0,1426580
SP3-11810,ok,reserve,2194,2193,0,0,0
SP3-11811,deficit,none,0,0,0,0,0
SP3-11812,deficit,none,0,0,0,0,35036
SP3-11813,deficit,none,0,0,0,0,0
SP3-11814,deficit,none,0,0,0,0,0
SP3-11815,deficit,none,0,0,0,0,0
SP3-11816,deficit,none,0,0,0,0,301094
SP3-11817,deficit,none,0,0,0,0,3377941
SP3-11818,ok,debt,0,2759,0,0,29366
SP3-11819,ok,debt,15174,35406,0,0,0
SP3-11820,ok,reserve,36432,0,0,0,0
SP3-11821,ok,debt,5315,5315,0,0,27541
SP3-11822,ok,debt,3535,3535,0,0,0
SP3-11823,ok,debt,4508,10519,0,0,0
SP3-11824,deficit,none,0,0,0,0,0
SP3-11825,ok,debt,0,25951,0,0,158271
SP3-11826,ok,debt,0,18182,0,0,46054
SP3-11827,deficit,none,0,0,0,0,6219962
SP3-11828,ok,reserve,37322,0,7575,0,226278
SP3-11829,deficit,none,0,0,0,0,0
SP3-11830,ok,goals+,0,0,8900,7061,628840
SP3-11831,ok,goals+,0,0,14766,6395,0
SP3-11832,deficit,none,0,0,0,0,92813
SP3-11833,ok,debt,3535,3535,0,0,0
SP3-11834,ok,reserve,81884,0,10999,0,0
SP3-11835,deficit,none,0,0,0,0,1094817
SP3-11836,ok,goals+,0,0,87574,337369,6000950
SP3-11837,ok,reserve,21666,0,8287,0,0
SP3-11838,ok,debt,0,5988,0,0,37923
SP3-11839,deficit,none,0,0,0,0,0
SP3-11840,ok,goals+,0,0,14153,3984,228353
SP3-11841,ok,reserve,26654,0,4746,0,0
SP3-11842,ok,debt,1092,2548,0,0,0
SP3-11843,deficit,none,0,0,0,0,475543
SP3-11844,ok,reserve,7190,0,286,0,0
SP3-11845,invalid,none,0,0,0,0,0
SP3-11846,deficit,none,0,0,0,0,126904
SP3-11847,ok,reserve,10152,10151,0,0,51569
SP3-11848,ok,debt,0,12057,0,0,135739
SP3-11849,deficit,none,0,0,0,0,694635
SP3-11850,ok,reserve,12132,0,8087,0,0
SP3-11851,invalid,none,0,0,0,0,0
SP3-11852,ok,debt,0,10385,0,0,397317
SP3-11853,deficit,none,0,0,0,0,361180
SP3-11854,ok,goals+,0,0,7893,44511,190797
SP3-11855,deficit,none,0,0,0,0,0
SP3-11856,deficit,none,0,0,0,0,17133179
SP3-11857,ok,debt,0,325075,0,0,629371
SP3-11858,ok,debt,0,2711,0,0,101215
SP3-11859,ok,debt,7484,17464,0,0,0
SP3-11860,deficit,none,0,0,0,0,44365
SP3-11861,deficit,none,0,0,0,0,466961
SP3-11862,deficit,none,0,0,0,0,6415470
SP3-11863,deficit,none,0,0,0,0,90671
SP3-11864,ok,debt,13786,32167,0,0,0
SP3-11865,ok,reserve,12455,0,8303,0,0
SP3-11866,ok,reserve,1574,1573,0,0,0
SP3-11867,ok,goals+,0,0,22270,0,189875
SP3-11868,deficit,none,0,0,0,0,0
SP3-11869,ok,debt,0,9545,0,0,81343
SP3-11870,ok,debt,0,334118,0,0,3344005
SP3-11871,invalid,none,0,0,0,0,0
SP3-11872,deficit,none,0,0,0,0,511056
SP3-11873,deficit,none,0,0,0,0,722583
SP3-11874,deficit,none,0,0,0,0,10908723
SP3-11875,deficit,none,0,0,0,0,695947
SP3-11876,ok,debt,0,44698,0,0,5961315
SP3-11877,ok,debt,3333,15938,0,0,0
SP3-11878,ok,debt,0,31406,0,0,31640
SP3-11879,deficit,none,0,0,0,0,0
SP3-11880,deficit,none,0,0,0,0,93932
SP3-11881,deficit,none,0,0,0,0,100761
SP3-11882,deficit,none,0,0,0,0,0
SP3-11883,deficit,none,0,0,0,0,0
SP3-11884,ok,debt,0,119441,0,0,301961
SP3-11885,deficit,none,0,0,0,0,11705379
SP3-11886,deficit,none,0,0,0,0,0
SP3-11887,ok,reserve,26235,0,1332,0,0
SP3-11888,deficit,none,0,0,0,0,1562359
SP3-11889,ok,reserve,426,425,0,0,0
SP3-11890,ok,reserve,6190,0,4127,0,0
SP3-11891,ok,goals+,0,0,1454,12369,0
SP3-11892,deficit,none,0,0,0,0,4891623
SP3-11893,deficit,none,0,0,0,0,1127482
SP3-11894,ok,reserve,1975,1974,0,0,0
SP3-11895,deficit,none,0,0,0,0,2663102
SP3-11896,ok,goals+,0,0,116368,0,9305838
SP3-11897,ok,goals+,0,0,5521,0,176540
SP3-11898,deficit,none,0,0,0,0,17089
SP3-11899,ok,reserve,7062,0,4708,0,0
SP3-11900,ok,reserve,12246,0,8163,0,0
SP3-11901,ok,reserve,2878,2877,0,0,40601
SP3-11902,deficit,none,0,0,0,0,64915
SP3-11903,deficit,none,0,0,0,0,0
SP3-11904,ok,debt,0,68803,0,0,442916
SP3-11905,ok,goals+,0,0,171,9680,0
SP3-11906,ok,goals+,0,0,2177,0,311272
SP3-11907,deficit,none,0,0,0,0,0
SP3-11908,ok,goals+,0,0,20454,0,993787
SP3-11909,ok,reserve,17106,0,3727,0,0
SP3-11910,deficit,none,0,0,0,0,1994292
SP3-11911,invalid,none,0,0,0,0,0
SP3-11912,deficit,none,0,0,0,0,70317
SP3-11913,ok,reserve,44891,0,0,0,0
SP3-11914,ok,debt,0,2504,0,0,156343
SP3-11915,ok,goals+,0,0,2566,0,209782
SP3-11916,deficit,none,0,0,0,0,0
SP3-11917,deficit,none,0,0,0,0,137551
SP3-11918,ok,reserve,5909,0,3938,0,0
SP3-11919,deficit,none,0,0,0,0,0
SP3-11920,deficit,none,0,0,0,0,3059672
SP3-11921,deficit,none,0,0,0,0,226407
SP3-11922,ok,goals+,0,0,275648,452290,2411000
SP3-11923,ok,reserve,201215,0,28487,8802,0
SP3-11924,ok,goals+,0,0,18290,0,69988
SP3-11925,deficit,none,0,0,0,0,4380
SP3-11926,ok,goals+,2833,0,6520,12368,0
SP3-11927,deficit,none,0,0,0,0,0
SP3-11928,ok,debt,0,19859,0,0,339972
SP3-11929,ok,debt,0,181642,0,0,5004680
SP3-11930,ok,debt,19163,19163,0,0,0
SP3-11931,ok,goals+,0,0,14967,19023,1278806
SP3-11932,ok,debt,0,5782,0,0,46479
SP3-11933,ok,goals+,0,0,47953,331990,2330587
SP3-11934,deficit,none,0,0,0,0,0
SP3-11935,ok,goals+,0,0,3347,0,111318
SP3-11936,ok,debt,6974,6974,0,0,0
SP3-11937,ok,reserve,7453,0,1000,0,0
SP3-11938,deficit,none,0,0,0,0,158318
SP3-11939,deficit,none,0,0,0,0,188681
SP3-11940,deficit,none,0,0,0,0,449441
SP3-11941,ok,reserve,12063,0,8041,0,0
SP3-11942,ok,debt,0,7430,0,0,15584
SP3-11943,ok,reserve,31316,0,0,0,0
SP3-11944,ok,debt,9741,22730,0,0,0
SP3-11945,ok,reserve,2772,2771,0,0,0
SP3-11946,ok,debt,0,4380,0,0,70279
SP3-11947,ok,reserve,1171,1170,0,0,0
SP3-11948,deficit,none,0,0,0,0,2481833
SP3-11949,ok,goals+,0,0,17728,21308,0
SP3-11950,ok,debt,1970,4598,0,0,0
SP3-11951,ok,reserve,10851,0,0,0,0
SP3-11952,invalid,none,0,0,0,0,0
SP3-11953,ok,reserve,10252,0,6634,0,0
SP3-11954,ok,reserve,24807,0,16537,0,0
SP3-11955,ok,goals+,0,0,103882,46923,1969984
SP3-11956,deficit,none,0,0,0,0,0
SP3-11957,deficit,none,0,0,0,0,204133
SP3-11958,ok,goals+,0,0,4096,1246,416971
SP3-11959,ok,debt,0,10433,0,0,26132
SP3-11960,deficit,none,0,0,0,0,436821
SP3-11961,ok,goals+,0,0,496,55496,4838842
SP3-11962,ok,reserve,4213,0,2809,0,0
SP3-11963,deficit,none,0,0,0,0,0
SP3-11964,deficit,none,0,0,0,0,3088822
SP3-11965,deficit,none,0,0,0,0,146505
SP3-11966,ok,goals+,0,0,185713,0,21162984
SP3-11967,ok,debt,0,272475,0,0,5469969
SP3-11968,ok,debt,0,11469,0,0,51030
SP3-11969,ok,debt,12702,13156,2112,0,328461
SP3-11970,deficit,none,0,0,0,0,0
SP3-11971,ok,reserve,21841,0,14560,0,0
SP3-11972,ok,debt,0,155598,0,0,1763200
SP3-11973,ok,debt,0,5404,0,0,59254
SP3-11974,ok,reserve,8148,8147,0,0,0
SP3-11975,ok,debt,5395,5395,0,0,0
SP3-11976,ok,reserve,66142,0,0,16189,0
SP3-11977,ok,debt,775,1811,0,0,0
SP3-11978,ok,goals+,0,0,4865,0,373829
SP3-11979,deficit,none,0,0,0,0,0
SP3-11980,ok,goals+,0,0,9931,5944,123234
SP3-11981,ok,reserve,13086,0,0,0,0
SP3-11982,ok,reserve,2077,0,1385,0,0
SP3-11983,invalid,none,0,0,0,0,0
SP3-11984,deficit,none,0,0,0,0,0
SP3-11985,deficit,none,0,0,0,0,3085129
SP3-11986,ok,goals+,2088,0,2521,0,0
SP3-11987,ok,debt,7759,18106,0,0,0
SP3-11988,deficit,none,0,0,0,0,0
SP3-11989,deficit,none,0,0,0,0,109433
SP3-11990,deficit,none,0,0,0,0,0
SP3-11991,ok,goals+,0,0,4783,0,0
SP3-11992,deficit,none,0,0,0,0,0
SP3-11993,ok,goals+,0,0,49799,0,1393083
SP3-11994,ok,debt,1264,1264,0,0,30603
SP3-11995,ok,reserve,11283,0,3180,0,0
SP3-11996,ok,debt,2923,6822,0,0,0
SP3-11997,ok,goals+,0,0,3505,3770,155860
SP3-11998,ok,goals+,0,0,14465,186955,507428
SP3-11999,ok,reserve,27706,27705,0,0,30292
