id,status,dom,res,debt,goal,inv,lump
SP3-00000,deficit,none,0,0,0,0,415458
SP3-00001,ok,debt,1272,3310,0,509,71550
SP3-00002,deficit,none,0,0,0,0,655342
SP3-00003,deficit,none,0,0,0,0,64526
SP3-00004,ok,goals+,0,0,1787,7724,90042
SP3-00005,ok,goals+,0,0,1828,0,3001287
SP3-00006,deficit,none,0,0,0,0,3784337
SP3-00007,ok,goals+,0,0,8016,28438,208956
SP3-00008,ok,debt,0,156,0,67,185095
SP3-00009,deficit,none,0,0,0,0,74180
SP3-00010,ok,goals+,0,0,147585,348359,2549603
SP3-00011,ok,debt,1331,3462,532,0,46575
SP3-00012,deficit,none,0,0,0,0,1718552
SP3-00013,ok,debt,1960,2206,735,0,0
SP3-00014,ok,debt,10951,28476,4380,0,0
SP3-00015,deficit,none,0,0,0,0,0
SP3-00016,ok,debt,1425,3708,152,418,88144
SP3-00017,ok,goals+,0,0,14577,6007,1356833
SP3-00018,deficit,none,0,0,0,0,322713
SP3-00019,ok,goals+,0,0,4545,5467,54035
SP3-00020,ok,debt,2532,6585,1012,0,0
SP3-00021,deficit,none,0,0,0,0,0
SP3-00022,ok,goals+,0,0,3586,5094,254131
SP3-00023,ok,reserve,20284,0,13522,0,0
SP3-00024,ok,debt,11425,29708,4570,0,0
SP3-00025,ok,debt,12952,33677,5181,0,19666
SP3-00026,deficit,none,0,0,0,0,122827
SP3-00027,ok,debt,840,946,0,315,30049
SP3-00028,ok,debt,2029,5276,811,0,0
SP3-00029,ok,reserve,5358,0,3572,0,0
SP3-00030,deficit,none,0,0,0,0,2153768
SP3-00031,deficit,none,0,0,0,0,6606049
SP3-00032,ok,reserve,61,0,41,0,0
SP3-00033,deficit,none,0,0,0,0,2543543
SP3-00034,ok,debt,632,1644,252,0,0
SP3-00035,deficit,none,0,0,0,0,0
SP3-00036,ok,reserve,17686,0,0,11790,0
SP3-00037,deficit,none,0,0,0,0,0
SP3-00038,deficit,none,0,0,0,0,0
SP3-00039,ok,debt,1349,3508,0,539,34416
SP3-00040,deficit,none,0,0,0,0,0
SP3-00041,deficit,none,0,0,0,0,6914632
SP3-00042,ok,debt,2441,6347,976,0,287622
SP3-00043,ok,debt,637,1658,254,0,103315
SP3-00044,ok,goals+,0,0,46688,0,78102
SP3-00045,ok,debt,2694,7006,340,737,0
SP3-00046,ok,debt,370,963,148,0,0
SP3-00047,ok,reserve,33208,0,21671,465,0
SP3-00048,deficit,none,0,0,0,0,95742
SP3-00049,deficit,none,0,0,0,0,77896
SP3-00050,ok,debt,3005,7814,0,1202,0
SP3-00051,deficit,none,0,0,0,0,426349
SP3-00052,deficit,none,0,0,0,0,121616
SP3-00053,ok,goals+,0,0,14483,80694,1574995
SP3-00054,ok,debt,135,353,54,0,0
SP3-00055,ok,goals+,0,0,67473,290348,2831910
SP3-00056,ok,reserve,53554,0,27812,7889,0
SP3-00057,ok,debt,3347,8704,0,1339,0
SP3-00058,deficit,none,0,0,0,0,5313403
SP3-00059,ok,debt,22563,58665,9025,0,1801571
SP3-00060,ok,goals+,0,0,6155,0,0
SP3-00061,ok,reserve,21716,0,2489,11986,0
SP3-00062,ok,goals+,0,0,0,45643,1978776
SP3-00063,ok,goals+,0,0,0,2789,416920
SP3-00064,deficit,none,0,0,0,0,0
SP3-00065,ok,debt,12270,31904,4908,0,21070
SP3-00066,deficit,none,0,0,0,0,12425776
SP3-00067,ok,debt,6284,16342,2513,0,129103
SP3-00068,ok,reserve,9433,0,6288,0,0
SP3-00069,deficit,none,0,0,0,0,51895
SP3-00070,ok,reserve,13358,0,8904,0,0
SP3-00071,invalid,none,0,0,0,0,0
SP3-00072,deficit,none,0,0,0,0,985220
SP3-00073,deficit,none,0,0,0,0,0
SP3-00074,deficit,none,0,0,0,0,0
SP3-00075,deficit,none,0,0,0,0,0
SP3-00076,ok,goals+,0,0,24087,4296,0
SP3-00077,deficit,none,0,0,0,0,2482679
SP3-00078,deficit,none,0,0,0,0,124713
SP3-00079,ok,goals+,0,0,230,18946,0
SP3-00080,ok,goals+,0,0,0,175916,1042964
SP3-00081,ok,reserve,1314,0,876,0,0
SP3-00082,ok,goals+,0,0,33683,50076,11194630
SP3-00083,deficit,none,0,0,0,0,0
SP3-00084,ok,goals+,0,0,18258,25697,540311
SP3-00085,ok,debt,436,1134,0,174,0
SP3-00086,ok,goals+,0,0,4823,21752,103589
SP3-00087,deficit,none,0,0,0,0,0
SP3-00088,deficit,none,0,0,0,0,512504
SP3-00089,deficit,none,0,0,0,0,0
SP3-00090,ok,debt,135,353,54,0,0
SP3-00091,deficit,none,0,0,0,0,0
SP3-00092,deficit,none,0,0,0,0,4556320
SP3-00093,deficit,none,0,0,0,0,0
SP3-00094,ok,debt,540,1405,216,0,316923
SP3-00095,deficit,none,0,0,0,0,0
SP3-00096,deficit,none,0,0,0,0,0
SP3-00097,ok,debt,5587,6285,2095,0,81191
SP3-00098,ok,debt,935,1054,350,0,0
SP3-00099,ok,reserve,235911,0,0,157274,10209760
SP3-00100,deficit,none,0,0,0,0,52449
SP3-00101,ok,reserve,502,0,335,0,0
SP3-00102,ok,debt,158,411,63,0,0
SP3-00103,deficit,none,0,0,0,0,0
SP3-00104,deficit,none,0,0,0,0,0
SP3-00105,deficit,none,0,0,0,0,0
SP3-00106,deficit,none,0,0,0,0,0
SP3-00107,deficit,none,0,0,0,0,0
SP3-00108,ok,reserve,11342,0,7560,0,0
SP3-00109,ok,goals+,6104,8789,7020,2506,152435
SP3-00110,ok,debt,1216,3163,486,0,0
SP3-00111,deficit,none,0,0,0,0,0
SP3-00112,deficit,none,0,0,0,0,267016
SP3-00113,deficit,none,0,0,0,0,0
SP3-00114,ok,reserve,37037,0,10502,14188,316330
SP3-00115,ok,reserve,18411,0,0,12274,0
SP3-00116,ok,debt,460,1198,184,0,0
SP3-00117,ok,reserve,48949,0,31026,1604,0
SP3-00118,ok,goals+,7407,0,12672,14429,0
SP3-00119,deficit,none,0,0,0,0,0
SP3-00120,ok,goals+,0,0,1825,0,0
SP3-00121,deficit,none,0,0,0,0,90751
SP3-00122,ok,reserve,241337,0,152788,13294,0
SP3-00123,deficit,none,0,0,0,0,94202
SP3-00124,ok,debt,7008,18221,2803,0,0
SP3-00125,ok,debt,39433,102530,5370,10402,0
SP3-00126,ok,reserve,19762,0,0,13174,0
SP3-00127,ok,debt,126,328,50,0,0
SP3-00128,deficit,none,0,0,0,0,7792194
SP3-00129,ok,debt,2116,5502,846,0,0
SP3-00130,ok,reserve,1025,0,683,0,0
SP3-00131,ok,debt,1581,4112,632,0,66264
SP3-00132,ok,goals+,0,0,3105,29840,87533
SP3-00133,deficit,none,0,0,0,0,0
SP3-00134,ok,debt,6786,17646,2714,0,0
SP3-00135,ok,reserve,7465,0,4976,0,0
SP3-00136,deficit,none,0,0,0,0,163139
SP3-00137,ok,debt,957,2490,382,0,33040
SP3-00138,deficit,none,0,0,0,0,54373
SP3-00139,ok,debt,7320,19034,2928,0,243610
SP3-00140,ok,goals+,0,0,59701,62557,7177587
SP3-00141,deficit,none,0,0,0,0,47024
SP3-00142,deficit,none,0,0,0,0,0
SP3-00143,ok,debt,3213,8354,1285,0,47801
SP3-00144,deficit,none,0,0,0,0,0
SP3-00145,ok,debt,436,1136,174,0,0
SP3-00146,ok,debt,10495,27287,4198,0,0
SP3-00147,invalid,none,0,0,0,0,0
SP3-00148,ok,reserve,16536,0,4609,6414,184161
SP3-00149,ok,goals+,0,0,16268,74514,8468862
SP3-00150,deficit,none,0,0,0,0,0
SP3-00151,deficit,none,0,0,0,0,1354597
SP3-07266,invalid,none,0,0,0,0,0
SP3-00153,ok,goals+,0,0,9899,31148,286579
SP3-00154,deficit,none,0,0,0,0,81563
SP3-00155,deficit,none,0,0,0,0,272972
SP3-00156,ok,debt,52047,135323,20818,0,1492761
SP3-00157,deficit,none,0,0,0,0,1786626
SP3-00158,ok,debt,777,2023,172,138,0
SP3-00159,deficit,none,0,0,0,0,3669282
SP3-00160,ok,debt,13857,15590,0,5196,0
SP3-00161,ok,reserve,4442,0,0,2960,0
SP3-00162,ok,goals+,0,0,8130,74256,2921494
SP3-00163,deficit,none,0,0,0,0,0
SP3-00164,ok,reserve,23429,0,10686,4931,0
SP3-00165,ok,debt,4507,11719,1802,0,154994
SP3-00166,ok,debt,13226,34389,5290,0,663694
SP3-00167,deficit,none,0,0,0,0,0
SP3-00168,ok,goals+,0,0,2307,523,442340
SP3-00169,ok,debt,1219,3173,487,0,0
SP3-00170,ok,goals+,0,0,1610,0,217834
SP3-00171,ok,reserve,10047,0,3878,2819,0
SP3-00172,ok,debt,3990,4489,1496,0,0
SP3-00173,ok,debt,436,1136,174,0,0
SP3-00174,ok,reserve,19752,0,0,13167,0
SP3-00175,invalid,none,0,0,0,0,0
SP3-00176,ok,debt,3145,8179,1258,0,0
SP3-00177,deficit,none,0,0,0,0,244331
SP3-00178,deficit,none,0,0,0,0,3899222
SP3-00179,deficit,none,0,0,0,0,1975275
SP3-00180,deficit,none,0,0,0,0,522661
SP3-00181,deficit,none,0,0,0,0,3177207
SP3-00182,ok,debt,0,1133,485,0,0
SP3-00183,deficit,none,0,0,0,0,15810515
SP3-00184,ok,none,0,0,0,0,0
SP3-00185,ok,goals+,0,0,31765,0,2670705
SP3-00186,ok,reserve,33548,0,22364,0,0
SP3-00187,ok,debt,4841,5446,1815,0,0
SP3-00188,deficit,none,0,0,0,0,2178352
SP3-00189,ok,debt,633,1646,0,253,128590
SP3-00190,ok,debt,15811,41112,6324,0,0
SP3-00191,deficit,none,0,0,0,0,0
SP3-00192,ok,goals+,5265,0,0,25183,0
SP3-00193,ok,debt,8871,23068,3548,0,0
SP3-00194,ok,debt,1025,2665,0,410,0
SP3-00195,ok,reserve,2880,0,1827,91,0
SP3-00196,deficit,none,0,0,0,0,104696
SP3-00197,deficit,none,0,0,0,0,0
SP3-00198,ok,debt,3715,9662,1486,0,232622
SP3-00199,ok,debt,5430,14119,2172,0,0
SP3-00200,deficit,none,0,0,0,0,0
SP3-00201,ok,debt,2446,6360,978,0,0
SP3-00202,ok,debt,419,1092,0,167,0
SP3-00203,invalid,none,0,0,0,0,0
SP3-00204,ok,debt,446,1163,178,0,44105
SP3-00205,ok,debt,2825,7348,1130,0,84729
SP3-00206,deficit,none,0,0,0,0,0
SP3-00207,ok,debt,1594,4147,637,0,286814
SP3-00208,deficit,none,0,0,0,0,0
SP3-00209,ok,reserve,4343,0,2895,0,204213
SP3-00210,deficit,none,0,0,0,0,10708
SP3-00211,ok,goals+,0,0,11686,16150,0
SP3-00212,deficit,none,0,0,0,0,822384
SP3-00213,ok,debt,8764,22788,3505,0,0
SP3-00214,deficit,none,0,0,0,0,501009
SP3-00215,deficit,none,0,0,0,0,0
SP3-00216,ok,reserve,3266,0,0,2176,0
SP3-00217,deficit,none,0,0,0,0,3102977
SP3-00218,deficit,none,0,0,0,0,9348937
SP3-00219,ok,debt,7385,8310,2769,0,0
SP3-00220,ok,debt,73859,83093,27697,0,0
SP3-00221,deficit,none,0,0,0,0,0
SP3-00222,ok,reserve,2250,0,0,1499,0
SP3-00223,deficit,none,0,0,0,0,153576
SP3-00224,ok,goals+,0,0,9667,0,5557639
SP3-00225,ok,reserve,5162,0,221,3220,354081
SP3-00226,deficit,none,0,0,0,0,41899
SP3-00227,ok,goals+,0,0,2038,34170,0
SP3-00228,ok,reserve,25014,0,16676,0,0
SP3-00229,deficit,none,0,0,0,0,42703
SP3-00230,ok,debt,16825,43747,6730,0,0
SP3-00231,ok,debt,1674,1884,0,627,0
SP3-00232,ok,reserve,6675,0,3233,1217,170813
SP3-00233,ok,goals+,0,0,1215,12864,128273
SP3-00234,ok,debt,6918,17987,2767,0,0
SP3-00235,ok,goals+,0,0,40146,21009,506714
SP3-00236,ok,debt,5509,14327,2203,0,0
SP3-00237,ok,goals+,0,0,2538,42852,139097
SP3-00238,deficit,none,0,0,0,0,8475890
SP3-00239,ok,debt,1079,2807,431,0,0
SP3-00240,ok,debt,223,583,89,0,163905
SP3-00241,deficit,none,0,0,0,0,0
SP3-00242,deficit,none,0,0,0,0,0
SP3-00243,deficit,none,0,0,0,0,5134176
SP3-00244,ok,debt,46,120,0,18,0
SP3-00245,ok,debt,2201,5726,0,880,0
SP3-00246,ok,debt,0,37142,15917,0,1907476
SP3-00247,ok,debt,8123,21121,3249,0,0
SP3-00248,deficit,none,0,0,0,0,42703
SP3-00249,ok,goals+,0,0,2330,2305,131860
SP3-00250,ok,debt,5210,13546,2084,0,0
SP3-10464,invalid,none,0,0,0,0,0
SP3-00252,deficit,none,0,0,0,0,4863262
SP3-00253,ok,reserve,14913,0,9942,0,0
SP3-00254,ok,goals+,130717,78115,210157,103882,0
SP3-00255,ok,reserve,26,0,17,0,0
SP3-00256,ok,goals+,0,0,57712,420503,1618512
SP3-00257,ok,debt,12527,14093,4697,0,0
SP3-00258,ok,debt,3159,8214,1263,0,0
SP3-00259,deficit,none,0,0,0,0,0
SP3-00260,ok,debt,374,973,149,0,0
SP3-00261,ok,debt,0,1,0,0,0
SP3-00262,deficit,none,0,0,0,0,0
SP3-00263,ok,goals+,0,0,513269,234362,2532588
SP3-00264,invalid,none,0,0,0,0,0
SP3-00265,ok,debt,252,656,100,0,0
SP3-00266,invalid,none,0,0,0,0,0
SP3-00267,deficit,none,0,0,0,0,345852
SP3-00268,ok,goals+,0,9841,3346,22575,185501
SP3-00269,ok,debt,5273655,13711506,2109462,0,392699877
SP3-00270,ok,debt,3037,7898,1000,215,0
SP3-00271,ok,goals+,0,0,4123,49575,0
SP3-00272,deficit,none,0,0,0,0,259551
SP3-00273,deficit,none,0,0,0,0,1930337
SP3-00274,deficit,none,0,0,0,0,840360
SP3-00275,invalid,none,0,0,0,0,0
SP3-00276,ok,goals+,0,0,977,133901,2209989
SP3-00277,deficit,none,0,0,0,0,0
SP3-00278,deficit,none,0,0,0,0,0
SP3-00279,deficit,none,0,0,0,0,0
SP3-00280,ok,reserve,2987,0,1991,0,0
SP3-00281,deficit,none,0,0,0,0,30932
SP3-00282,ok,debt,2452,6376,980,0,0
SP3-00283,ok,debt,14361,16158,0,5385,0
SP3-00284,deficit,none,0,0,0,0,0
SP3-00285,ok,reserve,3259,0,2172,0,131450
SP3-00286,deficit,none,0,0,0,0,274618
SP3-00287,deficit,none,0,0,0,0,2049500
SP3-00288,ok,reserve,12148,0,0,8099,0
SP3-00289,ok,reserve,8416,0,5610,0,0
SP3-00290,ok,debt,2124,5526,849,0,0
SP3-00291,ok,goals+,0,0,0,1507,377608
SP3-00292,ok,goals+,0,0,2792,25796,102559
SP3-00293,invalid,none,0,0,0,0,0
SP3-00294,deficit,none,0,0,0,0,0
SP3-00295,ok,goals+,0,0,0,99584,12581576
SP3-00296,ok,reserve,38391,0,25593,0,0
SP3-00297,deficit,none,0,0,0,0,0
SP3-00298,ok,goals+,0,0,265,6190,191585
SP3-00299,ok,debt,1419,1598,0,532,0
SP3-00300,ok,goals+,0,0,2873,0,0
SP3-00301,ok,debt,11105,12494,4164,0,0
SP3-00302,ok,goals+,0,0,18433,11326,0
SP3-00303,deficit,none,0,0,0,0,0
SP3-00304,ok,goals+,0,0,35645,65319,165193
SP3-00305,ok,debt,650,1691,260,0,0
SP3-00306,deficit,none,0,0,0,0,0
SP3-00307,ok,debt,333,867,133,0,0
SP3-00308,ok,goals+,0,6709,8201,0,2158968
SP3-00309,ok,debt,917,2386,366,0,0
SP3-00310,ok,debt,980,2551,392,0,60728
SP3-00311,ok,debt,0,6218,2664,0,123930
SP3-00312,ok,reserve,5373,0,3261,320,0
SP3-00313,ok,reserve,2126,0,1417,0,0
SP3-00314,ok,reserve,20359,0,13573,0,0
SP3-00315,ok,goals+,0,0,14749,17942,1205517
SP3-00316,deficit,none,0,0,0,0,0
SP3-00317,deficit,none,0,0,0,0,0
SP3-00318,ok,debt,6099119,15857710,2439647,0,0
SP3-00319,ok,debt,1048,2726,419,0,0
SP3-00320,ok,reserve,2965,0,0,1976,0
SP3-00321,deficit,none,0,0,0,0,0
SP3-00322,invalid,none,0,0,0,0,0
SP3-00323,deficit,none,0,0,0,0,0
SP3-00324,ok,debt,1198,3117,479,0,0
SP3-00325,ok,debt,374,973,149,0,0
SP3-00326,ok,debt,14766,38395,5906,0,11898
SP3-00327,ok,reserve,89934,0,0,59955,0
SP3-00328,ok,goals+,0,0,0,25767,64693
SP3-00329,ok,debt,117,305,46,0,0
SP3-00330,ok,goals+,0,0,172,0,0
SP3-00331,deficit,none,0,0,0,0,2300338
SP3-00332,deficit,none,0,0,0,0,0
SP3-00333,ok,debt,2853,7418,1141,0,0
SP3-00334,ok,debt,143,162,53,0,0
SP3-00335,ok,debt,0,173416,0,74321,1253959
SP3-00336,ok,reserve,8772,0,5847,0,0
SP3-00337,ok,goals+,0,0,0,30568,150973
SP3-00338,ok,debt,2477,6441,990,0,0
SP3-00339,deficit,none,0,0,0,0,14183577
SP3-00340,ok,reserve,1005,0,670,0,0
SP3-00341,deficit,none,0,0,0,0,0
SP3-00342,ok,reserve,12645,0,0,8429,0
SP3-00343,deficit,none,0,0,0,0,0
SP3-00344,deficit,none,0,0,0,0,50355
SP3-00345,deficit,none,0,0,0,0,412594
SP3-00346,ok,goals+,0,0,25938,7960,98899
SP3-00347,ok,goals+,0,0,44944,222727,124491
SP3-00348,ok,debt,7854,20423,3141,0,0
SP3-00349,ok,goals+,0,0,9239,0,1030994
SP3-00350,ok,goals+,0,0,2341,28597,175768
SP3-00351,ok,debt,327,852,130,0,247425
SP3-00352,ok,debt,3013,3390,1130,0,0
SP3-00353,ok,reserve,19665,0,13109,0,0
SP3-00354,ok,debt,41485,107861,16594,0,2720812
SP3-00355,ok,debt,7189,18695,2875,0,0
SP3-00356,invalid,none,0,0,0,0,0
SP3-00357,invalid,none,0,0,0,0,0
SP3-00358,deficit,none,0,0,0,0,588614
SP3-00359,ok,debt,742,1930,296,0,44233
SP3-00360,deficit,none,0,0,0,0,379664
SP3-00361,deficit,none,0,0,0,0,114656
SP3-00362,deficit,none,0,0,0,0,0
SP3-00363,ok,goals+,0,0,17594,32203,214831
SP3-00364,invalid,none,0,0,0,0,0
SP3-00365,deficit,none,0,0,0,0,34958
SP3-00366,ok,reserve,10405,0,6777,159,0
SP3-00367,deficit,none,0,0,0,0,1249342
SP3-00368,deficit,none,0,0,0,0,1226152
SP3-00369,ok,debt,3527,9172,1410,0,0
SP3-00370,deficit,none,0,0,0,0,0
SP3-00371,ok,debt,3469,9023,1387,0,0
SP3-00372,deficit,none,0,0,0,0,480581
SP3-00373,ok,debt,3420,8894,1368,0,0
SP3-00374,ok,debt,0,1170,501,0,47666
SP3-00375,ok,goals+,0,0,46202,26187,1030548
SP3-00376,deficit,none,0,0,0,0,0
SP3-00377,ok,reserve,6595,0,4397,0,0
SP3-00378,deficit,none,0,0,0,0,0
SP3-00379,ok,reserve,18600,0,0,12399,0
SP3-00380,ok,debt,5280,13728,2112,0,0
SP3-00381,invalid,none,0,0,0,0,0
SP3-00382,ok,reserve,11993,0,1560,6435,0
SP3-00383,deficit,none,0,0,0,0,3312037
SP3-00384,deficit,none,0,0,0,0,138580
SP3-00385,ok,reserve,13179,0,2317,6469,0
SP3-00386,ok,debt,2699,7019,1079,0,292706
SP3-00387,deficit,none,0,0,0,0,112938
SP3-00388,ok,reserve,12213,0,8142,0,0
SP3-00389,ok,goals+,0,0,129590,319801,4181682
SP3-00390,ok,goals+,0,0,9467,1804,0
SP3-00391,ok,debt,7727,20091,0,3090,152904
SP3-00392,ok,debt,2081,5411,832,0,23775
SP3-00393,deficit,none,0,0,0,0,86375
SP3-00394,deficit,none,0,0,0,0,0
SP3-00395,deficit,none,0,0,0,0,16785461
SP3-00396,ok,debt,2437,2742,913,0,0
SP3-00397,deficit,none,0,0,0,0,0
SP3-00398,deficit,none,0,0,0,0,2039687
SP3-00399,ok,debt,73341,82510,27503,0,0
SP3-00400,deficit,none,0,0,0,0,254021
SP3-00401,ok,goals+,0,0,3121,22747,620157
SP3-00402,ok,reserve,25788,0,4746,12444,0
SP3-00403,ok,reserve,12245,0,0,8162,0
SP3-00404,ok,debt,12058,31353,4823,0,0
SP3-00405,deficit,none,0,0,0,0,15248
SP3-00406,ok,debt,5183,13479,2073,0,24594
SP3-00407,deficit,none,0,0,0,0,263842
SP3-00408,ok,debt,187,489,75,0,0
SP3-00409,ok,reserve,11684,0,7789,0,0
SP3-00410,deficit,none,0,0,0,0,0
SP3-00411,ok,debt,16056,41748,6123,299,352973
SP3-00412,ok,reserve,1128,0,751,0,0
SP3-00413,deficit,none,0,0,0,0,387534
SP3-00414,ok,debt,2211,5749,884,0,0
SP3-00415,ok,debt,968,2518,387,0,0
SP3-00416,deficit,none,0,0,0,0,0
SP3-00417,ok,reserve,1888,0,1214,44,0
SP3-00418,deficit,none,0,0,0,0,6513073
SP3-00419,ok,debt,2280,5928,912,0,0
SP3-00420,ok,debt,290,755,116,0,0
SP3-00421,ok,reserve,13489,0,8993,0,0
SP3-00422,ok,debt,1770,4603,708,0,0
SP3-00423,ok,reserve,2755,0,1837,0,0
SP3-00424,deficit,none,0,0,0,0,0
SP3-00425,deficit,none,0,0,0,0,63847
SP3-00426,deficit,none,0,0,0,0,0
SP3-00427,deficit,none,0,0,0,0,271592
SP3-00428,ok,goals+,0,0,3707,0,2857620
SP3-00429,deficit,none,0,0,0,0,170570
SP3-00430,invalid,none,0,0,0,0,0
SP3-00431,deficit,none,0,0,0,0,0
SP3-00432,ok,debt,3713,4179,1392,0,0
SP3-00433,deficit,none,0,0,0,0,0
SP3-00434,deficit,none,0,0,0,0,23569
SP3-00435,invalid,none,0,0,0,0,0
SP3-00436,ok,debt,0,144985562,62136669,0,931337745
SP3-00437,ok,goals+,0,0,44109,0,7836847
SP3-00438,ok,debt,13422,34900,5369,0,0
SP3-00439,ok,debt,9437,24539,1789,1985,44605
SP3-00440,deficit,none,0,0,0,0,0
SP3-00441,invalid,none,0,0,0,0,0
SP3-00442,deficit,none,0,0,0,0,0
SP3-00443,ok,debt,465,1209,0,186,0
SP3-00444,deficit,none,0,0,0,0,0
SP3-00445,invalid,none,0,0,0,0,0
SP3-00446,ok,debt,2229,5798,0,891,0
SP3-00447,deficit,none,0,0,0,0,6094720
SP3-00448,deficit,none,0,0,0,0,1083287
SP3-00449,ok,debt,6490,16874,2596,0,0
SP3-00450,ok,debt,9143,23775,3657,0,0
SP3-00451,deficit,none,0,0,0,0,96745
SP3-00452,ok,goals+,0,0,7,937,0
SP3-00453,ok,debt,11407,29659,4562,0,28892
SP3-00454,deficit,none,0,0,0,0,0
SP3-00455,deficit,none,0,0,0,0,455562
SP3-00456,ok,reserve,13785,0,9190,0,0
SP3-00457,deficit,none,0,0,0,0,0
SP3-00458,ok,debt,1135,1279,0,425,0
SP3-00459,deficit,none,0,0,0,0,0
SP3-02485,invalid,none,0,0,0,0,0
SP3-00461,ok,goals+,0,0,0,30,103042
SP3-00462,deficit,none,0,0,0,0,206123
SP3-00463,ok,debt,1755,4563,702,0,0
SP3-00464,ok,debt,2011,2262,754,0,0
SP3-00465,ok,debt,2190,5694,876,0,0
SP3-00466,ok,reserve,1509,0,1005,0,32939
SP3-00467,deficit,none,0,0,0,0,638717
SP3-00468,ok,goals+,0,0,44417,258779,4712785
SP3-00469,deficit,none,0,0,0,0,733542
SP3-00470,ok,debt,923,2403,369,0,16664
SP3-00471,ok,reserve,9424,0,6282,0,0
SP3-00472,ok,goals+,0,0,6112,0,245116
SP3-00473,ok,debt,3957,4453,1483,0,0
SP3-00474,ok,debt,12533,32586,5013,0,0
SP3-00475,ok,goals+,0,0,18629,0,182502
SP3-00476,ok,reserve,9710,0,5449,1022,0
SP3-00477,deficit,none,0,0,0,0,0
SP3-00478,ok,reserve,10962,0,7307,0,0
SP3-00479,deficit,none,0,0,0,0,0
SP3-00480,deficit,none,0,0,0,0,4645735
SP3-00481,ok,debt,672,1748,268,0,0
SP3-00482,ok,debt,14002,36407,5601,0,0
SP3-00483,deficit,none,0,0,0,0,0
SP3-00484,ok,debt,2855,7423,1142,0,124700
SP3-00485,ok,goals+,0,0,33,35633,1390254
SP3-00486,deficit,none,0,0,0,0,6890959
SP3-00487,deficit,none,0,0,0,0,116766
SP3-00488,ok,goals+,0,0,6,56024,260964
SP3-00489,deficit,none,0,0,0,0,28755616
SP3-00490,ok,debt,3081,8013,1232,0,0
SP3-00491,ok,reserve,4604,0,0,3069,0
SP3-00492,ok,goals+,69855,0,12313,62438,99687
SP3-00493,ok,reserve,9386,0,6257,0,0
SP3-00494,deficit,none,0,0,0,0,0
SP3-00495,deficit,none,0,0,0,0,400841
SP3-00496,ok,debt,1933,5026,773,0,0
SP3-00497,ok,debt,1377,3582,550,0,121372
SP3-00498,ok,goals+,0,0,7399,21047,1769311
SP3-00499,deficit,none,0,0,0,0,0
SP3-00500,ok,reserve,14645,0,9763,0,0
SP3-00501,deficit,none,0,0,0,0,199156
SP3-00502,deficit,none,0,0,0,0,0
SP3-00503,ok,goals+,0,0,101,10385,527679
SP3-00504,ok,debt,10910,12275,4091,0,0
SP3-00505,deficit,none,0,0,0,0,0
SP3-00506,ok,debt,689,1793,275,0,149987
SP3-00507,ok,goals+,0,0,4637,0,227178
SP3-00508,deficit,none,0,0,0,0,0
SP3-00509,deficit,none,0,0,0,0,8102201
SP3-00510,ok,reserve,53275,0,13331,22184,0
SP3-00511,deficit,none,0,0,0,0,0
SP3-00512,deficit,none,0,0,0,0,1899271
SP3-00513,ok,debt,3021,7856,1208,0,13753
SP3-00514,ok,debt,2858,7434,1143,0,0
SP3-00515,ok,debt,433,1129,173,0,756114
SP3-00516,ok,reserve,1132,0,0,754,0
SP3-00517,deficit,none,0,0,0,0,333198
SP3-00518,ok,debt,998,2596,399,0,0
SP3-00519,deficit,none,0,0,0,0,1600033
SP3-00520,ok,goals+,0,0,68579,2310,1042524
SP3-00521,deficit,none,0,0,0,0,0
SP3-00522,ok,reserve,9134,0,1581,4507,0
SP3-00523,ok,debt,2663,6926,240,824,52145
SP3-00524,ok,goals+,0,0,3734,21134,0
SP3-00525,ok,reserve,72409,0,19712,28559,0
SP3-00526,ok,reserve,13526,0,9017,0,0
SP3-00527,deficit,none,0,0,0,0,50355
SP3-00528,ok,reserve,11834,0,7889,0,0
SP3-00529,ok,goals+,0,0,102267,18883,433071
SP3-00530,ok,debt,5698,14817,2279,0,16329
SP3-00531,invalid,none,0,0,0,0,0
SP3-00532,ok,debt,0,2383,420,0,0
SP3-00533,invalid,none,0,0,0,0,0
SP3-00534,ok,debt,628,1636,0,251,80447
SP3-00535,ok,reserve,14564,0,8192,1516,0
SP3-00536,deficit,none,0,0,0,0,0
SP3-00537,invalid,none,0,0,0,0,0
SP3-00538,ok,debt,13049,14681,4893,0,195011
SP3-00539,ok,debt,7739,20123,3095,0,0
SP3-00540,ok,debt,3173,8252,1269,0,604406
SP3-00541,ok,reserve,40442,0,26961,0,0
SP3-00542,ok,debt,3173,8252,1269,0,612137
SP3-00543,ok,reserve,9061,0,0,6041,0
SP3-00544,invalid,none,0,0,0,0,0
SP3-00545,invalid,none,0,0,0,0,0
SP3-00546,ok,debt,7974,20733,3189,0,1870157
SP3-00547,ok,goals+,0,0,4336,0,327013
SP3-00548,ok,goals+,0,0,0,167184,233852
SP3-00549,deficit,none,0,0,0,0,0
SP3-00550,ok,reserve,1727,0,1150,0,0
SP3-00551,ok,goals+,0,0,5713,85,500690
SP3-00552,ok,reserve,12132,0,8088,0,0
SP3-00553,invalid,none,0,0,0,0,0
SP3-00554,deficit,none,0,0,0,0,427706
SP3-00555,ok,reserve,5547,0,3697,0,0
SP3-00556,ok,debt,2303,5991,0,921,0
SP3-00557,deficit,none,0,0,0,0,71999
SP3-00558,ok,debt,24076,62598,9630,0,249549
SP3-00559,deficit,none,0,0,0,0,0
SP3-00560,ok,debt,3644,9478,1457,0,0
SP3-00561,ok,reserve,61189,0,40792,0,2144265
SP3-00562,ok,goals+,0,0,13956,149751,1424451
SP3-00563,invalid,none,0,0,0,0,0
SP3-00564,ok,debt,5986,15564,2394,0,0
SP3-00565,ok,goals+,0,0,1163,23753,841667
SP3-00566,ok,debt,3501,9106,1400,0,0
SP3-00567,ok,debt,398,1037,159,0,200131
SP3-00568,deficit,none,0,0,0,0,908289
SP3-00569,ok,debt,3816,4294,1431,0,0
SP3-00570,deficit,none,0,0,0,0,0
SP3-00571,ok,debt,217,566,87,0,0
SP3-00572,ok,reserve,8736,0,5824,0,580740
SP3-00573,ok,debt,122178,317665,48871,0,4447074
SP3-00574,ok,reserve,16428,0,10951,0,0
SP3-00575,invalid,none,0,0,0,0,0
SP3-00576,ok,reserve,9519,0,6346,0,0
SP3-00577,ok,debt,6147,15983,2458,0,184605
SP3-00578,deficit,none,0,0,0,0,1033469
SP3-00579,ok,reserve,6073,0,4049,0,0
SP3-00580,deficit,none,0,0,0,0,0
SP3-00581,ok,debt,2797,7274,1119,0,0
SP3-00582,ok,debt,6071,15788,918,1510,64037
SP3-00583,ok,reserve,3855,0,0,2569,0
SP3-00584,ok,goals+,0,0,144,0,0
SP3-00585,invalid,none,0,0,0,0,0
SP3-00586,ok,reserve,32172,0,21447,0,0
SP3-00587,deficit,none,0,0,0,0,280153
SP3-00588,deficit,none,0,0,0,0,0
SP3-00589,deficit,none,0,0,0,0,0
SP3-00590,deficit,none,0,0,0,0,0
SP3-00591,ok,debt,2400,6241,960,0,23732
SP3-00592,ok,debt,35017,91046,14007,0,0
SP3-00593,ok,debt,5627162,14630622,2250864,0,0
SP3-00594,deficit,none,0,0,0,0,850498
SP3-00595,deficit,none,0,0,0,0,0
SP3-00596,ok,goals+,0,0,45186,417019,1053251
SP3-00597,deficit,none,0,0,0,0,8056426
SP3-00598,deficit,none,0,0,0,0,1977416
SP3-00599,ok,reserve,15361,0,0,10241,0
SP3-00600,ok,reserve,8284,0,3964,1557,0
SP3-00601,ok,reserve,33661,0,11627,10813,0
SP3-00602,deficit,none,0,0,0,0,0
SP3-00603,ok,reserve,1647,0,1098,0,0
SP3-00604,ok,goals+,0,0,8512,36260,8927774
SP3-00605,ok,debt,14394,37425,5757,0,727487
SP3-00606,ok,reserve,29193,0,2590,16871,0
SP3-00607,ok,goals+,0,0,2183,4404,215570
SP3-00608,ok,reserve,5446,0,3630,0,0
SP3-00609,deficit,none,0,0,0,0,601577
SP3-00610,ok,reserve,46517,0,6365,24646,0
SP3-00611,ok,debt,2281,5932,912,0,0
SP3-00612,deficit,none,0,0,0,0,519118
SP3-00613,deficit,none,0,0,0,0,0
SP3-00614,deficit,none,0,0,0,0,482837
SP3-00615,ok,reserve,14493,0,9661,0,0
SP3-00616,deficit,none,0,0,0,0,0
SP3-00617,deficit,none,0,0,0,0,32416
SP3-00618,ok,debt,12033,13538,1116,3395,338421
SP3-00619,ok,debt,10269,26701,4107,0,0
SP3-00620,ok,debt,14231,37001,0,5692,251643
SP3-00621,ok,debt,594,1545,237,0,44049
SP3-00622,ok,debt,3031,7883,1212,0,53805
SP3-00623,ok,debt,3768,9798,0,1507,1184061
SP3-00624,ok,goals+,0,0,0,5004,143473
SP3-00625,ok,goals+,0,0,0,451217,3808316
SP3-00626,ok,debt,1075,2795,430,0,15261
SP3-00627,ok,debt,1457,3789,582,0,715066
SP3-00628,ok,debt,857,2230,342,0,0
SP3-00629,ok,goals+,0,0,0,37170,241895
SP3-00630,ok,goals+,0,0,12827,24636,246530
SP3-00631,deficit,none,0,0,0,0,283062
SP3-00632,ok,debt,5638618,14660408,2255447,0,5154351374
SP3-00633,ok,debt,28652,32236,5881,4862,0
SP3-00634,ok,reserve,16264,0,10843,0,0
SP3-00635,ok,goals+,0,0,0,11488,63412
SP3-00636,deficit,none,0,0,0,0,564288
SP3-00637,deficit,none,0,0,0,0,0
SP3-00638,ok,debt,3547,9224,1000,419,0
SP3-00639,ok,goals+,0,0,20237,79734,1828371
SP3-00640,deficit,none,0,0,0,0,2538609
SP3-00641,ok,goals+,0,0,363655,114986,2617171
SP3-00642,ok,reserve,3002,0,1512,489,0
SP3-00643,deficit,none,0,0,0,0,21049
SP3-00644,deficit,none,0,0,0,0,0
SP3-00645,ok,goals+,0,0,0,30489,1285520
SP3-00646,ok,debt,53578,139306,7667,13764,162041
SP3-00647,ok,debt,3271,8507,1308,0,0
SP3-00648,ok,reserve,23748,0,0,15832,0
SP3-00649,deficit,none,0,0,0,0,18115868
SP3-00650,deficit,none,0,0,0,0,0
SP3-00651,ok,reserve,23770,0,15846,0,0
SP3-00652,ok,goals+,0,0,0,1527,3178846
SP3-00653,ok,reserve,1224,0,815,0,0
SP3-00654,deficit,none,0,0,0,0,0
SP3-00655,deficit,none,0,0,0,0,69199
SP3-00656,deficit,none,0,0,0,0,0
SP3-00657,ok,debt,5501,14303,2200,0,0
SP3-00658,deficit,none,0,0,0,0,12945
SP3-00659,ok,reserve,10031,0,6686,0,0
SP3-00660,ok,debt,31918,35910,11969,0,0
SP3-00661,deficit,none,0,0,0,0,0
SP3-00662,deficit,none,0,0,0,0,14179579
SP3-00663,deficit,none,0,0,0,0,0
SP3-00664,ok,reserve,8638,0,5759,0,123951
SP3-00665,deficit,none,0,0,0,0,0
SP3-00666,deficit,none,0,0,0,0,1081474
SP3-00667,ok,debt,6404,16652,2561,0,255350
SP3-00668,deficit,none,0,0,0,0,7988958
SP3-00669,deficit,none,0,0,0,0,246959
SP3-00670,deficit,none,0,0,0,0,2569435
SP3-00671,ok,debt,3023,7861,1209,0,0
SP3-00672,deficit,none,0,0,0,0,1756796
SP3-00673,ok,debt,2600,6760,1040,0,0
SP3-00674,ok,goals+,0,0,1544,12692,205327
SP3-00675,deficit,none,0,0,0,0,1778314
SP3-00676,deficit,none,0,0,0,0,5171128
SP3-00677,ok,debt,415,1081,166,0,0
SP3-00678,deficit,none,0,0,0,0,0
SP3-00679,deficit,none,0,0,0,0,13075182
SP3-00680,ok,debt,463,1204,185,0,41375
SP3-00681,ok,goals+,0,0,4462,9909,100731
SP3-00682,ok,reserve,2940,0,1960,0,0
SP3-00683,ok,debt,55,143,22,0,0
SP3-00684,deficit,none,0,0,0,0,0
SP3-00685,ok,debt,8168,21237,3267,0,675057
SP3-00686,deficit,none,0,0,0,0,0
SP3-00687,deficit,none,0,0,0,0,0
SP3-00688,ok,debt,2472,6429,0,989,0
SP3-00689,ok,debt,1895,4928,758,0,0
SP3-00690,deficit,none,0,0,0,0,0
SP3-00691,deficit,none,0,0,0,0,57759
SP3-00692,deficit,none,0,0,0,0,33518
SP3-00693,deficit,none,0,0,0,0,0
SP3-00694,ok,reserve,5120,0,0,3413,0
SP3-00695,deficit,none,0,0,0,0,0
SP3-00696,ok,reserve,4694,0,3129,0,0
SP3-00697,deficit,none,0,0,0,0,0
SP3-00698,ok,debt,1774,4615,709,0,0
SP3-00699,deficit,none,0,0,0,0,832252
SP3-00700,ok,debt,6067,15775,2426,0,0
SP3-00701,deficit,none,0,0,0,0,0
SP3-00702,deficit,none,0,0,0,0,212171
SP3-00703,deficit,none,0,0,0,0,0
SP3-00704,deficit,none,0,0,0,0,296772
SP3-00705,ok,reserve,9341,0,3964,2262,0
SP3-00706,deficit,none,0,0,0,0,0
SP3-00707,deficit,none,0,0,0,0,198088
SP3-00708,ok,debt,0,112303,0,48129,320918
SP3-00709,deficit,none,0,0,0,0,26499
SP3-00710,ok,debt,22798,59276,9119,0,448376
SP3-00711,ok,reserve,10779,0,0,7186,0
SP3-00712,ok,goals+,0,0,59546,15784,664074
SP3-00713,ok,debt,12102,13616,4538,0,0
SP3-00714,ok,reserve,10517,0,7011,0,0
SP3-00715,deficit,none,0,0,0,0,0
SP3-00716,ok,goals+,0,0,0,129336,407178
SP3-00717,ok,debt,1238,3221,495,0,0
SP3-00718,ok,debt,957,2491,383,0,85616
SP3-00719,ok,goals+,0,0,4016,129568,10141146
SP3-00720,ok,debt,2071,5388,828,0,0
SP3-00721,ok,goals+,0,0,2363,14023,265634
SP3-00722,ok,reserve,449,0,299,0,0
SP3-00723,ok,reserve,6690,0,4460,0,94925
SP3-00724,ok,reserve,38139,0,17294,8130,0
SP3-00725,ok,goals+,0,0,0,104450,836219
SP3-00726,ok,reserve,47592,0,14857,16871,0
SP3-00727,deficit,none,0,0,0,0,36919
SP3-00728,ok,debt,1058,2753,423,0,224320
SP3-00729,ok,debt,4885,12702,1954,0,0
SP3-00730,deficit,none,0,0,0,0,0
SP3-00731,ok,debt,198525,516167,29800,49609,2495589
SP3-00732,ok,debt,957,2491,383,0,85616
SP3-00733,ok,goals+,0,0,38159,175523,2934336
SP3-00734,ok,reserve,942,0,627,0,0
SP3-00735,ok,debt,4526,11769,1810,0,0
SP3-00736,ok,debt,350,913,140,0,0
SP3-00737,deficit,none,0,0,0,0,60069
SP3-00738,deficit,none,0,0,0,0,21325
SP3-00739,ok,goals+,0,0,4129,11964,161636
SP3-00740,deficit,none,0,0,0,0,1165195
SP3-00741,ok,debt,18099,47058,7239,0,0
SP3-00742,ok,debt,1469,3820,587,0,0
SP3-00743,ok,reserve,5484,0,2778,876,0
SP3-00744,ok,reserve,6138,0,2035,2056,266643
SP3-00745,ok,debt,1187,3089,475,0,0
SP3-00746,deficit,none,0,0,0,0,1433260
SP3-00747,ok,reserve,10379,0,845,6073,0
SP3-00748,deficit,none,0,0,0,0,0
SP3-00749,ok,goals+,0,0,128140,0,7303563
SP3-00750,ok,debt,350,913,140,0,0
SP3-00751,ok,goals+,0,0,0,7882,1585417
SP3-00752,ok,debt,4885,12703,1954,0,158313
SP3-00753,ok,debt,2310,6008,924,0,0
SP3-00754,ok,debt,1414,1592,530,0,0
SP3-00755,deficit,none,0,0,0,0,0
SP3-00756,ok,goals+,0,0,32840,0,1542458
SP3-00757,deficit,none,0,0,0,0,0
SP3-04718,invalid,none,0,0,0,0,0
SP3-00759,deficit,none,0,0,0,0,241818
SP3-00760,ok,reserve,5707,0,3805,0,0
SP3-00761,ok,goals+,0,0,0,9146,1200535
SP3-00762,ok,debt,4200,10921,1680,0,0
SP3-00763,ok,debt,1825,4745,730,0,0
SP3-00764,deficit,none,0,0,0,0,189833
SP3-00765,ok,debt,3864,10048,1545,0,301114
SP3-00766,deficit,none,0,0,0,0,1783149
SP3-00767,ok,debt,3394,8827,1357,0,0
SP3-00768,ok,reserve,2537,0,1691,0,0
SP3-00769,ok,debt,1414,1592,530,0,0
SP3-00770,deficit,none,0,0,0,0,4839768
SP3-00771,ok,debt,2973,7732,1189,0,0
SP3-00772,deficit,none,0,0,0,0,0
SP3-00773,deficit,none,0,0,0,0,61934
SP3-00774,ok,debt,3926,10209,1570,0,0
SP3-00775,deficit,none,0,0,0,0,1304799
SP3-00776,invalid,none,0,0,0,0,0
SP3-00777,ok,debt,301,783,120,0,0
SP3-00778,ok,reserve,12660,0,1449,6991,0
SP3-00779,ok,debt,10389,11688,3895,0,0
SP3-00780,ok,goals+,0,0,530,28332,799960
SP3-00781,ok,debt,2060,5357,824,0,0
SP3-00782,ok,goals+,0,0,38160,6876,30217284
SP3-00783,deficit,none,0,0,0,0,0
SP3-00784,deficit,none,0,0,0,0,476392
SP3-00785,ok,debt,1220,3174,488,0,134239
SP3-00786,deficit,none,0,0,0,0,1593001
SP3-00787,ok,goals+,0,0,0,28243,285011
SP3-00788,deficit,none,0,0,0,0,0
SP3-00789,ok,goals+,0,0,5556,0,86128
SP3-00790,ok,debt,2885,3246,1081,0,286346
SP3-00791,deficit,none,0,0,0,0,0
SP3-00792,invalid,none,0,0,0,0,0
SP3-00793,ok,debt,4966,12912,0,1986,50701
SP3-00794,deficit,none,0,0,0,0,29367
SP3-00795,deficit,none,0,0,0,0,0
SP3-00796,deficit,none,0,0,0,0,38324
SP3-00797,ok,reserve,7290,0,0,4860,0
SP3-00798,deficit,none,0,0,0,0,0
SP3-00799,deficit,none,0,0,0,0,7464394
SP3-00800,ok,debt,3284,3696,1231,0,0
SP3-00801,ok,debt,4097,10654,1638,0,30141
SP3-00802,ok,goals+,0,0,62899,393240,5332589
SP3-00803,ok,reserve,35676,0,23783,0,0
SP3-00804,ok,reserve,16565,0,11043,0,0
SP3-00805,deficit,none,0,0,0,0,0
SP3-00806,ok,goals+,4017,0,5479,0,0
SP3-00807,deficit,none,0,0,0,0,3266117
SP3-00808,deficit,none,0,0,0,0,0
SP3-00809,ok,debt,52107012,135478233,20842804,0,0
SP3-00810,deficit,none,0,0,0,0,138880
SP3-00811,deficit,none,0,0,0,0,0
SP3-00812,deficit,none,0,0,0,0,68691
SP3-00813,deficit,none,0,0,0,0,0
SP3-00814,deficit,none,0,0,0,0,2695851
SP3-00815,deficit,none,0,0,0,0,806826
SP3-00816,deficit,none,0,0,0,0,6717081
SP3-00817,ok,debt,39,102,15,0,0
SP3-00818,ok,debt,429,1117,171,0,0
SP3-00819,ok,debt,1566,1764,587,0,0
SP3-00820,ok,debt,32845,36951,12316,0,0
SP3-00821,deficit,none,0,0,0,0,17901393
SP3-00822,ok,reserve,30186,0,20123,0,0
SP3-00823,deficit,none,0,0,0,0,65467
SP3-00824,deficit,none,0,0,0,0,57985
SP3-00825,deficit,none,0,0,0,0,11639044
SP3-00826,deficit,none,0,0,0,0,0
SP3-00827,ok,reserve,16266,0,10844,0,65204
SP3-00828,ok,debt,0,21707,3830,0,26092
SP3-00829,ok,debt,578,652,217,0,0
SP3-00830,ok,debt,12104,31471,4841,0,0
SP3-00831,deficit,none,0,0,0,0,87457
SP3-00832,ok,goals+,0,0,0,21084,358652
SP3-00833,ok,reserve,1200,0,800,0,0
SP3-00834,ok,reserve,48723,0,9593,22887,0
SP3-00835,deficit,none,0,0,0,0,26690
SP3-00836,ok,goals+,0,0,0,4724,108276
SP3-00837,ok,goals+,0,0,0,21899,15538744
SP3-00838,ok,reserve,11553,0,0,7701,0
SP3-00839,ok,debt,2215,5760,886,0,15037
SP3-00840,deficit,none,0,0,0,0,0
SP3-00841,ok,debt,1518,3950,607,0,0
SP3-00842,ok,goals+,0,0,33294,0,989785
SP3-00843,ok,debt,1365,3551,546,0,0
SP3-00844,ok,debt,2560,6659,0,1024,195129
SP3-00845,deficit,none,0,0,0,0,0
SP3-00846,ok,reserve,29943,0,19962,0,0
SP3-00847,ok,reserve,19808,0,13205,0,0
SP3-00848,ok,reserve,6867,0,0,4577,0
SP3-00849,ok,goals+,0,0,12776,0,2345524
SP3-00850,deficit,none,0,0,0,0,0
SP3-00851,ok,reserve,22680,0,15119,0,0
SP3-00852,deficit,none,0,0,0,0,60270
SP3-00853,ok,reserve,5786,0,0,3856,0
SP3-00854,deficit,none,0,0,0,0,92798
SP3-00855,ok,debt,1033,2688,0,413,0
SP3-00856,ok,debt,4,14,0,1,117114
SP3-00857,ok,debt,746,1943,298,0,14360
SP3-00858,invalid,none,0,0,0,0,0
SP3-00859,deficit,none,0,0,0,0,2408751
SP3-00860,deficit,none,0,0,0,0,0
SP3-00861,deficit,none,0,0,0,0,0
SP3-00862,deficit,none,0,0,0,0,0
SP3-00863,ok,debt,194,506,77,0,0
SP3-00864,ok,goals+,0,0,311929,101330,4717242
SP3-00865,ok,debt,3213,8354,1285,0,0
SP3-00866,deficit,none,0,0,0,0,0
SP3-00867,ok,goals+,0,0,25,33099,55193
SP3-00868,ok,goals+,0,0,278779,7365,11964362
SP3-00869,ok,goals+,0,0,7802,19675,0
SP3-00870,ok,goals+,0,0,7224,21771,6688757
SP3-00871,ok,reserve,7996,0,5330,0,634989
SP3-00872,ok,debt,1524,3964,609,0,14989
SP3-00873,ok,reserve,26906,0,17937,0,0
SP3-00874,deficit,none,0,0,0,0,0
SP3-00875,ok,goals+,0,0,14135,50622,1074635
SP3-00876,ok,goals+,0,0,7659,67877,711989
SP3-00877,ok,reserve,2871,0,1914,0,348737
SP3-00878,ok,goals+,0,0,225,3757,0
SP3-00879,invalid,none,0,0,0,0,0
SP3-00880,ok,goals+,0,0,12982,39705,7176437
SP3-00881,ok,reserve,9085,0,6056,0,0
SP3-00882,ok,debt,12042211,13547488,4515829,0,1012301902
SP3-00883,deficit,none,0,0,0,0,0
SP3-00884,deficit,none,0,0,0,0,0
SP3-00885,ok,goals+,0,0,6852,13077,0
SP3-00886,ok,goals+,0,0,1691,5446,160499
SP3-00887,ok,debt,1204,2260,0,1355,51224
SP3-00888,deficit,none,0,0,0,0,362853
SP3-00889,deficit,none,0,0,0,0,0
SP3-00890,ok,goals+,0,0,62671,9203,627827
SP3-00891,ok,reserve,8694,0,0,5796,0
SP3-00892,deficit,none,0,0,0,0,29871
SP3-00893,ok,debt,829,2156,331,0,0
SP3-00894,ok,reserve,444,0,295,0,92840
SP3-00895,deficit,none,0,0,0,0,10217883
SP3-00896,ok,debt,11991,31177,0,4796,48046
SP3-00897,ok,debt,17989,20238,6745,0,1546517
SP3-00898,deficit,none,0,0,0,0,655460
SP3-00899,deficit,none,0,0,0,0,217694
SP3-00900,ok,debt,6693,17405,2677,0,0
SP3-00901,deficit,none,0,0,0,0,15009
SP3-00902,deficit,none,0,0,0,0,95769
SP3-00903,ok,reserve,12341,0,2600,5626,0
SP3-00904,ok,debt,1493,3884,597,0,0
SP3-00905,deficit,none,0,0,0,0,301818
SP3-00906,ok,reserve,8708,0,0,5804,0
SP3-00907,ok,goals+,0,0,0,10622,0
SP3-00908,ok,reserve,4162,0,0,2775,0
SP3-00909,deficit,none,0,0,0,0,0
SP3-00910,deficit,none,0,0,0,0,447047
SP3-00911,ok,reserve,20550,0,0,13700,0
SP3-00912,deficit,none,0,0,0,0,0
SP3-00913,ok,reserve,2888,0,1925,0,0
SP3-00914,deficit,none,0,0,0,0,84686
SP3-00915,deficit,none,0,0,0,0,0
SP3-00916,deficit,none,0,0,0,0,115515
SP3-00917,deficit,none,0,0,0,0,0
SP3-00918,deficit,none,0,0,0,0,1163043
SP3-00919,deficit,none,0,0,0,0,0
SP3-00920,ok,reserve,17165,0,11443,0,0
SP3-00921,ok,debt,663,1727,265,0,0
SP3-00922,deficit,none,0,0,0,0,172284
SP3-00923,ok,reserve,70502,0,37313,9688,0
SP3-00924,ok,debt,18470,48022,7388,0,125802
SP3-00925,ok,reserve,58912,0,15009,24264,0
SP3-00926,deficit,none,0,0,0,0,76854
SP3-00927,ok,goals+,0,0,3082,12175,156039
SP3-00928,deficit,none,0,0,0,0,0
SP3-00929,deficit,none,0,0,0,0,321756
SP3-00930,ok,debt,6308,16404,2523,0,0
SP3-00931,deficit,none,0,0,0,0,0
SP3-00932,ok,debt,7765,20190,3106,0,0
SP3-00933,ok,goals+,0,0,11315,311387,4170558
SP3-00934,ok,debt,211,238,0,79,0
SP3-00935,deficit,none,0,0,0,0,0
SP3-00936,ok,debt,3159,8217,0,1263,0
SP3-00937,ok,debt,881,2293,352,0,0
SP3-00938,deficit,none,0,0,0,0,140494
SP3-00939,ok,goals+,0,0,6319,12814,675097
SP3-00940,deficit,none,0,0,0,0,667350
SP3-00941,ok,reserve,49353,0,0,32901,0
SP3-00942,deficit,none,0,0,0,0,0
SP3-00943,deficit,none,0,0,0,0,0
SP3-00944,ok,debt,1516,3943,606,0,190583
SP3-00945,invalid,none,0,0,0,0,0
SP3-00946,ok,debt,718,810,269,0,0
SP3-00947,ok,debt,2582,6715,1033,0,0
SP3-00948,deficit,none,0,0,0,0,0
SP3-00949,ok,debt,829,2156,331,0,0
SP3-00950,ok,reserve,12461,0,8307,0,0
SP3-00951,ok,debt,1413,3675,0,565,41302
SP3-00952,ok,goals+,0,0,0,46126,2580947
SP3-00953,deficit,none,0,0,0,0,0
SP3-00954,ok,goals+,0,0,18291,14437,533137
SP3-00955,deficit,none,0,0,0,0,11800873
SP3-00956,ok,debt,1491,3879,596,0,0
SP3-00957,ok,debt,1885,4901,754,0,90224
SP3-00958,ok,reserve,3023,0,0,2015,0
SP3-00959,deficit,none,0,0,0,0,0
SP3-00960,deficit,none,0,0,0,0,197832
SP3-00961,ok,reserve,21830,0,433,14118,0
SP3-00962,invalid,none,0,0,0,0,0
SP3-00963,ok,debt,37610,97787,3067,11976,1083002
SP3-00964,ok,debt,4624,12025,1849,0,165599
SP3-00965,ok,debt,3257,8469,1302,0,42507
SP3-00966,deficit,none,0,0,0,0,264358
SP3-00967,ok,reserve,98138,0,0,65425,509180
SP3-00968,deficit,none,0,0,0,0,0
SP3-00969,deficit,none,0,0,0,0,1881554
SP3-00970,ok,debt,2795,7267,1118,0,0
SP3-00971,ok,goals+,0,0,53205,185623,757784
SP3-00972,ok,reserve,8986,0,5991,0,0
SP3-00973,ok,reserve,10390,0,0,6927,0
SP3-00974,deficit,none,0,0,0,0,0
SP3-00975,ok,reserve,33691,0,2224,20235,0
SP3-00976,deficit,none,0,0,0,0,0
SP3-00977,invalid,none,0,0,0,0,0
SP3-00978,deficit,none,0,0,0,0,0
SP3-00979,ok,none,0,0,0,0,402624
SP3-00980,ok,none,0,0,0,0,266877
SP3-00981,deficit,none,0,0,0,0,2244547
SP3-00982,deficit,none,0,0,0,0,0
SP3-00983,ok,goals+,3473,0,3828,0,0
SP3-00984,deficit,none,0,0,0,0,85168
SP3-00985,ok,debt,691,1797,276,0,0
SP3-00986,deficit,none,0,0,0,0,225974
SP3-00987,ok,debt,2006,5219,802,0,172800
SP3-00988,deficit,none,0,0,0,0,0
SP3-00989,ok,reserve,9857,0,6570,0,0
SP3-00990,deficit,none,0,0,0,0,0
SP3-00991,ok,goals+,0,0,13417,69720,1227408
SP3-00992,ok,reserve,20642,0,13761,0,0
SP3-00993,ok,debt,2606,6779,1042,0,126565
SP3-00994,ok,debt,1637,4257,654,0,0
SP3-00995,deficit,none,0,0,0,0,30977
SP3-00996,deficit,none,0,0,0,0,255075
SP3-00997,deficit,none,0,0,0,0,0
SP3-00998,deficit,none,0,0,0,0,135749
SP3-00999,ok,goals+,0,0,339,10231,64520
SP3-01000,invalid,none,0,0,0,0,0
SP3-01001,ok,debt,1502,3906,600,0,0
SP3-01002,deficit,none,0,0,0,0,1531746
SP3-01003,ok,reserve,7397,0,1882,3049,384713
SP3-01004,ok,debt,9385,24404,0,3754,0
SP3-01005,ok,goals+,0,0,13004,96223,2344925
SP3-01006,ok,goals+,0,0,11868,0,1504015
SP3-01007,ok,debt,543,1412,0,217,0
SP3-01008,ok,debt,1810,4709,724,0,0
SP3-01009,deficit,none,0,0,0,0,0
SP3-01010,deficit,none,0,0,0,0,0
SP3-01011,deficit,none,0,0,0,0,75930
SP3-01012,ok,reserve,52849,0,14611,20619,176714
SP3-01013,deficit,none,0,0,0,0,32229
SP3-01014,ok,goals+,0,0,383,62923,667727
SP3-01015,deficit,none,0,0,0,0,2020349
SP3-01016,deficit,none,0,0,0,0,0
SP3-01017,ok,debt,0,4611,1976,0,273318
SP3-01018,deficit,none,0,0,0,0,0
SP3-01019,deficit,none,0,0,0,0,30388
SP3-01020,ok,reserve,2472,0,1648,0,0
SP3-01021,deficit,none,0,0,0,0,363431
SP3-01022,ok,debt,2489,6474,995,0,0
SP3-01023,deficit,none,0,0,0,0,511084
SP3-01024,ok,reserve,3948,0,2631,0,90938
SP3-01025,deficit,none,0,0,0,0,252224
SP3-01026,ok,debt,743,1935,297,0,54122
SP3-01027,deficit,none,0,0,0,0,0
SP3-01028,ok,debt,4343,11295,0,1737,0
SP3-01029,deficit,none,0,0,0,0,0
SP3-01030,deficit,none,0,0,0,0,420804
SP3-01031,deficit,none,0,0,0,0,2154673
SP3-01032,ok,goals+,0,0,100801,135969,1025456
SP3-01033,deficit,none,0,0,0,0,4405643
SP3-01034,deficit,none,0,0,0,0,0
SP3-01035,invalid,none,0,0,0,0,0
SP3-01036,ok,goals+,0,0,7822,54942,602710
SP3-01037,ok,reserve,8876,0,0,5917,0
SP3-01038,ok,reserve,33750,0,22500,0,971247
SP3-01039,ok,debt,4817,12525,1926,0,418429
SP3-01040,ok,reserve,10124,0,6749,0,0
SP3-01041,invalid,none,0,0,0,0,0
SP3-01042,ok,debt,4940,12844,1976,0,107685
SP3-01043,deficit,none,0,0,0,0,294174
SP3-01044,ok,goals+,0,0,313,2726,371609
SP3-01045,ok,debt,6023,6777,2258,0,0
SP3-01046,ok,reserve,22020,0,14679,0,0
SP3-01047,ok,debt,2706,7036,1082,0,2427973
SP3-01048,ok,reserve,14003,0,824,8510,0
SP3-01049,ok,goals+,0,0,13239,0,38307238
SP3-01050,deficit,none,0,0,0,0,77491
SP3-01051,ok,debt,33175079,37321966,6437365,6003289,0
SP3-01052,deficit,none,0,0,0,0,0
SP3-01053,deficit,none,0,0,0,0,10683609
SP3-01054,ok,goals+,0,0,368,8855,253378
SP3-01055,deficit,none,0,0,0,0,861249
SP3-01056,deficit,none,0,0,0,0,0
SP3-01057,invalid,none,0,0,0,0,0
SP3-01058,deficit,none,0,0,0,0,0
SP3-01059,ok,debt,2025,5268,810,0,58869
SP3-01060,invalid,none,0,0,0,0,0
SP3-01061,deficit,none,0,0,0,0,425688
SP3-01062,deficit,none,0,0,0,0,214705
SP3-01063,ok,debt,885,2301,354,0,234945
SP3-01064,ok,debt,8499,9563,3187,0,0
SP3-01065,deficit,none,0,0,0,0,777440
SP3-01066,deficit,none,0,0,0,0,0
SP3-01067,ok,debt,2539,6605,1015,0,171868
SP3-01068,deficit,none,0,0,0,0,440220
SP3-01069,ok,goals+,0,0,3220,31819,252550
SP3-01070,deficit,none,0,0,0,0,6148611
SP3-01071,invalid,none,0,0,0,0,0
SP3-01072,ok,debt,4967,12916,1987,0,0
SP3-01073,ok,debt,3455,8983,1382,0,0
SP3-01074,ok,debt,691,1797,276,0,0
SP3-01075,invalid,none,0,0,0,0,0
SP3-01076,ok,debt,597,1554,238,0,0
SP3-01077,deficit,none,0,0,0,0,11463227
SP3-01078,ok,goals+,0,0,0,17517,1381689
SP3-01079,ok,goals+,0,0,19138,0,0
SP3-01080,deficit,none,0,0,0,0,0
SP3-01081,deficit,none,0,0,0,0,257156
SP3-01082,ok,reserve,53737,0,9581,26243,0
SP3-01083,deficit,none,0,0,0,0,838295
SP3-01084,ok,goals+,0,0,1869,0,1907479
SP3-01085,ok,debt,177681496,461971891,71072598,0,736725135
SP3-01086,ok,goals+,0,0,18690,0,19074790
SP3-01087,ok,debt,16230,18261,0,6086,0
SP3-01088,invalid,none,0,0,0,0,0
SP3-01089,ok,reserve,11145,0,7430,0,0
SP3-01090,deficit,none,0,0,0,0,1682699
SP3-01091,deficit,none,0,0,0,0,0
SP3-01092,ok,debt,3551,9235,1420,0,15353
SP3-01093,ok,goals+,0,0,17239,0,846716
SP3-01094,deficit,none,0,0,0,0,750639
SP3-01095,deficit,none,0,0,0,0,301848
SP3-01096,deficit,none,0,0,0,0,2879872
SP3-01097,ok,goals+,0,0,4444,354,56983
SP3-01098,deficit,none,0,0,0,0,147506
SP3-01099,deficit,none,0,0,0,0,311306
SP3-01100,ok,reserve,5143,0,0,3429,104811
SP3-01101,ok,debt,1588,4132,635,0,0
SP3-01102,ok,debt,9237,24017,233,3461,857363
SP3-01103,deficit,none,0,0,0,0,39822
SP3-01104,deficit,none,0,0,0,0,0
SP3-01105,ok,reserve,51842,0,10612,23949,0
SP3-01106,deficit,none,0,0,0,0,10839136
SP3-01107,ok,reserve,16099,0,10732,0,0
SP3-01108,deficit,none,0,0,0,0,0
SP3-01109,deficit,none,0,0,0,0,451520
SP3-01110,ok,goals+,0,0,12290,28480,0
SP3-01111,deficit,none,0,0,0,0,0
SP3-01112,deficit,none,0,0,0,0,452507
SP3-01113,ok,goals+,0,0,16419,123,9473046
SP3-01114,ok,debt,608,1581,243,0,0
SP3-01115,deficit,none,0,0,0,0,5126355
SP3-01116,deficit,none,0,0,0,0,31986
SP3-01117,deficit,none,0,0,0,0,0
SP3-01118,deficit,none,0,0,0,0,0
SP3-01119,ok,reserve,6930,0,4620,0,78864
SP3-01120,ok,goals+,0,0,13317,20357,215624
SP3-01121,ok,goals+,0,0,0,3174,94363
SP3-01122,ok,debt,6393,16625,2557,0,0
SP3-01123,ok,debt,8144,21177,3257,0,0
SP3-01124,ok,debt,2946,7662,1178,0,0
SP3-01125,ok,debt,5472,14228,2188,0,0
SP3-01126,deficit,none,0,0,0,0,0
SP3-01127,ok,reserve,6519,0,4345,0,0
SP3-01128,deficit,none,0,0,0,0,225039
SP3-01129,deficit,none,0,0,0,0,116498
SP3-01130,deficit,none,0,0,0,0,1834238
SP3-01131,invalid,none,0,0,0,0,0
SP3-01132,deficit,none,0,0,0,0,10980218
SP3-01133,deficit,none,0,0,0,0,0
SP3-01134,deficit,none,0,0,0,0,1600145
SP3-01135,ok,debt,4966,12915,1986,0,0
SP3-01136,deficit,none,0,0,0,0,0
SP3-01137,deficit,none,0,0,0,0,9644710
SP3-01138,ok,goals+,0,0,140236,0,600061
SP3-01139,deficit,none,0,0,0,0,2047112
SP3-01140,deficit,none,0,0,0,0,1163862
SP3-01141,deficit,none,0,0,0,0,0
SP3-01142,ok,debt,1770,4604,708,0,0
SP3-01143,ok,reserve,17545,0,2474,9221,0
SP3-01144,ok,reserve,103,0,68,0,0
SP3-01145,invalid,none,0,0,0,0,0
SP3-01146,ok,debt,10308,11598,3865,0,0
SP3-01147,ok,debt,3313,8614,0,1325,0
SP3-01148,deficit,none,0,0,0,0,0
SP3-01149,ok,none,0,0,0,0,182652
SP3-01150,deficit,none,0,0,0,0,0
SP3-01151,ok,debt,6252,16256,2500,0,0
SP3-01152,invalid,none,0,0,0,0,0
SP3-01153,ok,goals+,0,0,8237,0,0
SP3-01154,ok,debt,430375293,484172206,161390735,0,4376910817
SP3-01155,ok,goals+,0,0,0,6381,187571
SP3-01156,ok,goals+,0,0,36992330,128710543,1185902966
SP3-01157,ok,goals+,0,0,49503,493007,3220478
SP3-01158,ok,debt,8843,9950,3316,0,0
SP3-01159,ok,reserve,35463,0,0,23641,0
SP3-01160,deficit,none,0,0,0,0,0
SP3-01161,deficit,none,0,0,0,0,110009
SP3-01162,ok,debt,4190,10897,612,1063,0
SP3-01163,ok,reserve,33778,0,22519,0,0
SP3-01164,ok,reserve,40488,0,5508,21483,0
SP3-01165,ok,debt,2215,5762,886,0,0
SP3-01166,deficit,none,0,0,0,0,0
SP3-01167,ok,debt,7566,19675,3026,0,0
SP3-01168,deficit,none,0,0,0,0,34922516
SP3-01169,invalid,none,0,0,0,0,0
SP3-01170,ok,goals+,0,0,45052,28829,736872
SP3-01171,ok,reserve,10375,0,473,6442,0
SP3-01172,ok,reserve,4638,0,3091,0,0
SP3-01173,deficit,none,0,0,0,0,267292
SP3-01174,deficit,none,0,0,0,0,4133967
SP3-01175,ok,reserve,22386,0,14923,0,0
SP3-01176,ok,debt,667,1736,266,0,30947
SP3-01177,ok,debt,6051,15733,911,1509,756078
SP3-01178,ok,goals+,0,0,306302,0,5615946
SP3-01179,ok,debt,4793,5394,1797,0,0
SP3-01180,ok,goals+,0,0,495,0,28328
SP3-01181,ok,reserve,40359,0,26906,0,205418
SP3-01182,deficit,none,0,0,0,0,0
SP3-01183,ok,debt,2472,2783,0,927,0
SP3-01184,ok,debt,2761,7179,1104,0,0
SP3-01185,ok,reserve,11861,0,5968,1938,0
SP3-01186,ok,reserve,10361,0,0,6907,0
SP3-01187,deficit,none,0,0,0,0,0
SP3-01188,ok,goals+,0,0,9338,52347,0
SP3-01189,ok,debt,2489,6472,995,0,32723
SP3-01190,ok,debt,4793,5394,1797,0,0
SP3-01191,invalid,none,0,0,0,0,0
SP3-01192,deficit,none,0,0,0,0,0
SP3-01193,ok,debt,39371,44292,7393,7371,0
SP3-01194,ok,debt,2335,6071,934,0,86966
SP3-01195,ok,goals+,0,0,6408,11267,293370
SP3-01196,deficit,none,0,0,0,0,0
SP3-01197,deficit,none,0,0,0,0,1508294
SP3-01198,ok,goals+,0,0,10517,377033,7395741
SP3-01199,ok,debt,5022,13058,2008,0,106572
SP3-01200,deficit,none,0,0,0,0,33431
SP3-01201,ok,reserve,675,0,450,0,0
SP3-01202,ok,reserve,22191,0,14794,0,0
SP3-01203,ok,reserve,25908,0,17272,0,0
SP3-01204,ok,debt,645,1678,0,258,62085
SP3-01205,ok,debt,1113,2896,445,0,854852
SP3-01206,ok,debt,5056,13148,2022,0,0
SP3-01207,ok,goals+,0,0,11444,220560,1370000
SP3-01208,ok,debt,28913,75175,11565,0,390560
SP3-01209,deficit,none,0,0,0,0,58233
SP3-01210,ok,debt,230,601,92,0,0
SP3-01211,deficit,none,0,0,0,0,4028860
SP3-01212,ok,debt,31,81,12,0,0
SP3-01213,ok,reserve,7800,0,0,5200,45716
SP3-01214,ok,debt,2891,7518,1156,0,0
SP3-01215,ok,debt,2717,3058,1018,0,0
SP3-01216,ok,debt,1907,4960,763,0,0
SP3-01217,deficit,none,0,0,0,0,938113
SP3-01218,ok,goals+,0,0,1000,11354,220789
SP3-01219,ok,reserve,34193,0,15417,7377,0
SP3-01220,deficit,none,0,0,0,0,0
SP3-01221,ok,goals+,0,0,7092,15707,321807
SP3-01222,ok,debt,1932,5025,772,0,0
SP3-01223,ok,goals+,71978,0,0,224507,0
SP3-01224,deficit,none,0,0,0,0,0
SP3-01225,ok,debt,1315,3419,526,0,0
SP3-01226,ok,goals+,0,0,2332,7714,0
SP3-01227,deficit,none,0,0,0,0,0
SP3-01228,ok,reserve,32012,0,21341,0,0
SP3-01229,deficit,none,0,0,0,0,74219
SP3-01230,deficit,none,0,0,0,0,3184263
SP3-01231,deficit,none,0,0,0,0,0
SP3-01232,ok,debt,3172,8248,1268,0,0
SP3-01233,deficit,none,0,0,0,0,286946
SP3-01234,deficit,none,0,0,0,0,801287
SP3-01235,deficit,none,0,0,0,0,0
SP3-01236,ok,debt,5022,13058,2008,0,106572
SP3-01237,ok,reserve,1149,0,765,0,0
SP3-01238,ok,reserve,10376,0,6917,0,0
SP3-00449,invalid,none,0,0,0,0,0
SP3-01240,ok,reserve,1881,0,1253,0,0
SP3-01241,ok,goals+,0,0,30669,30382,1092402
SP3-01242,ok,goals+,0,0,16054,20398,3654446
SP3-01243,ok,reserve,2190,0,1460,0,88160
SP3-01244,deficit,none,0,0,0,0,0
SP3-01245,deficit,none,0,0,0,0,3562256
SP3-01246,ok,reserve,2010,0,1340,0,87470
SP3-01247,ok,debt,5365,13951,1814,332,0
SP3-01248,ok,goals+,0,0,1072,9447,439209
SP3-01249,invalid,none,0,0,0,0,0
SP3-01250,ok,debt,3478,9044,1391,0,7023557
SP3-01251,ok,goals+,0,0,0,72552,0
SP3-01252,ok,goals+,0,0,1856,0,89640
SP3-01253,ok,goals+,0,0,1029,0,347001
SP3-01254,deficit,none,0,0,0,0,0
SP3-01255,ok,reserve,2010,0,1340,0,87470
SP3-01256,ok,debt,9533,24789,3813,0,48582
SP3-01257,deficit,none,0,0,0,0,0
SP3-01258,invalid,none,0,0,0,0,0
SP3-01259,ok,goals+,0,0,85819,0,5404230
SP3-01260,ok,reserve,6023,0,3996,19,0
SP3-01261,deficit,none,0,0,0,0,158036
SP3-01262,deficit,none,0,0,0,0,0
SP3-01263,deficit,none,0,0,0,0,0
SP3-01264,ok,reserve,12138,0,8092,0,0
SP3-01265,ok,reserve,13049,0,2854,5844,0
SP3-01266,ok,reserve,54525,0,7776,28573,0
SP3-01267,ok,debt,1099,2861,439,0,344953
SP3-01268,deficit,none,0,0,0,0,0
SP3-01269,ok,goals+,0,0,2207,44849,110518
SP3-01270,ok,debt,1086,2827,434,0,0
SP3-01271,ok,goals+,0,0,9140,174001,0
SP3-01272,ok,debt,1624,1829,609,0,0
SP3-01273,ok,debt,16819,43731,6727,0,178032
SP3-01274,ok,goals+,0,0,9365,4423,534662
SP3-01275,ok,goals+,0,0,9505,11069,827373
SP3-01276,deficit,none,0,0,0,0,608305
SP3-01277,deficit,none,0,0,0,0,194480
SP3-01278,ok,goals+,0,0,15536,537,5297145
SP3-01279,invalid,none,0,0,0,0,0
SP3-01280,ok,none,0,0,0,0,206047
SP3-01281,ok,debt,9005,23416,0,3602,0
SP3-01282,deficit,none,0,0,0,0,1944809
SP3-01283,deficit,none,0,0,0,0,26629
SP3-01284,invalid,none,0,0,0,0,0
SP3-01285,deficit,none,0,0,0,0,8413740
SP3-01286,deficit,none,0,0,0,0,182523
SP3-01287,ok,debt,864,2250,345,0,88312
SP3-01288,deficit,none,0,0,0,0,165575
SP3-01289,ok,goals+,0,0,274418,0,6910899
SP3-01290,ok,debt,2321,2612,870,0,0
SP3-01291,deficit,none,0,0,0,0,416014
SP3-01292,ok,debt,2508,6522,1003,0,0
SP3-01293,ok,debt,16547,43025,6619,0,389782
SP3-01294,invalid,none,0,0,0,0,0
SP3-01295,deficit,none,0,0,0,0,26629
SP3-01296,ok,goals+,0,0,1013,7246,475190
SP3-01297,deficit,none,0,0,0,0,45197
SP3-01298,ok,reserve,5156,0,3309,127,52197
SP3-01299,ok,goals+,0,0,51244,521671,2246867
SP3-01300,deficit,none,0,0,0,0,0
SP3-01301,ok,debt,360,937,144,0,170566
SP3-01302,ok,debt,48,128,0,19,95784
SP3-01303,deficit,none,0,0,0,0,3556027
SP3-01304,ok,debt,481,1252,192,0,0
SP3-01305,deficit,none,0,0,0,0,0
SP3-01306,ok,reserve,7717,0,5144,0,317849
SP3-01307,ok,debt,2785,7244,778,335,0
SP3-01308,ok,reserve,14513,0,9675,0,0
SP3-01309,ok,reserve,1432,0,954,0,0
SP3-01310,deficit,none,0,0,0,0,0
SP3-01311,deficit,none,0,0,0,0,0
SP3-01312,deficit,none,0,0,0,0,0
SP3-01313,ok,debt,66708,173443,26683,0,8425338
SP3-01314,ok,debt,525,1366,210,0,90501
SP3-01315,ok,goals+,0,0,9308,0,0
SP3-01316,ok,debt,22034,57289,8813,0,425120
SP3-01317,deficit,none,0,0,0,0,2173511
SP3-01318,ok,debt,1875,4875,750,0,0
SP3-01319,ok,goals+,0,0,79653,0,0
SP3-01320,ok,debt,923,2402,369,0,0
SP3-01321,deficit,none,0,0,0,0,797918
SP3-01322,ok,debt,549,1430,219,0,0
SP3-01323,deficit,none,0,0,0,0,0
SP3-01324,deficit,none,0,0,0,0,1443654
SP3-01325,ok,goals+,0,0,7077,13185,0
SP3-01326,ok,goals+,0,0,65556,51838,1309457
SP3-01327,ok,debt,25993,67582,0,10397,633255
SP3-01328,ok,goals+,0,0,4504,4880,32172
SP3-01329,ok,goals+,0,0,25407,0,0
SP3-01330,ok,reserve,20837,0,13891,0,0
SP3-01331,ok,debt,1375,3578,550,0,0
SP3-01332,deficit,none,0,0,0,0,0
SP3-01333,ok,reserve,2183,0,877,577,0
SP3-01334,invalid,none,0,0,0,0,0
SP3-01335,ok,debt,114532,297786,40537,5275,7254088
SP3-01336,ok,reserve,39689,0,22400,4057,0
SP3-01337,ok,debt,8578,22304,994,2436,307804
SP3-01338,ok,goals+,0,0,0,81458,870847
SP3-01339,ok,reserve,23401,0,15601,0,0
SP3-01340,ok,debt,595,1548,238,0,0
SP3-01341,ok,debt,6915,17982,2766,0,0
SP3-01342,ok,none,0,0,0,0,0
SP3-01343,deficit,none,0,0,0,0,156207
SP3-01344,ok,reserve,10967,0,0,7310,0
SP3-01345,ok,reserve,39689,0,18638,7819,0
SP3-01346,ok,goals+,0,0,0,2378,0
SP3-01347,ok,goals+,0,0,7385,31594,241864
SP3-01348,ok,debt,1109,2886,443,0,13522
SP3-01349,ok,debt,7105,18475,2842,0,0
SP3-01350,deficit,none,0,0,0,0,0
SP3-01351,ok,goals+,0,0,2923,113953,311485
SP3-01352,deficit,none,0,0,0,0,107630
SP3-01353,ok,goals+,0,0,305,227662,1174768
SP3-01354,ok,debt,11336,12754,4251,0,1200522
SP3-01355,ok,debt,399,1038,0,159,0
SP3-01356,ok,debt,5630,14641,2252,0,0
SP3-01357,ok,reserve,203,0,135,0,28394
SP3-01358,ok,debt,5299,5962,1987,0,0
SP3-01359,deficit,none,0,0,0,0,76548
SP3-01360,deficit,none,0,0,0,0,0
SP3-01361,ok,reserve,18067,0,3190,8853,0
SP3-01362,deficit,none,0,0,0,0,1915850
SP3-01363,ok,goals+,0,0,23721,0,8174542
SP3-01364,deficit,none,0,0,0,0,77467
SP3-01365,ok,reserve,25076,0,16716,0,0
SP3-01366,invalid,none,0,0,0,0,0
SP3-01367,ok,debt,5531,14383,2212,0,3176095
SP3-01368,ok,goals+,0,0,11092,1385,725721
SP3-01369,ok,reserve,7237,0,4825,0,0
SP3-01370,deficit,none,0,0,0,0,0
SP3-01371,ok,reserve,17550,0,11699,0,0
SP3-01372,ok,goals+,0,0,77906,327541,1713553
SP3-01373,ok,debt,1194,1344,447,0,0
SP3-01374,ok,goals+,0,0,0,6639,851494
SP3-01375,ok,goals+,0,0,1453,0,88442
SP3-01376,ok,reserve,3417,0,2277,0,0
SP3-01377,invalid,none,0,0,0,0,0
SP3-01378,ok,debt,1833,4769,733,0,0
SP3-01379,invalid,none,0,0,0,0,0
SP3-01380,deficit,none,0,0,0,0,0
SP3-01381,invalid,none,0,0,0,0,0
SP3-01382,deficit,none,0,0,0,0,258602
SP3-01383,ok,debt,6397,16634,0,2559,0
SP3-01384,deficit,none,0,0,0,0,235466
SP3-01385,ok,debt,47559183,123653879,19023673,0,0
SP3-01386,deficit,none,0,0,0,0,0
SP3-01387,ok,goals+,0,0,0,101098,1966161
SP3-01388,ok,debt,5212,13552,0,2084,0
SP3-01389,ok,reserve,27608,0,6267,12136,0
SP3-01390,ok,reserve,2707,0,1804,0,0
SP3-01391,deficit,none,0,0,0,0,0
SP3-01392,ok,debt,2484,6461,993,0,0
SP3-01393,ok,goals+,0,0,1689,1031,50387
SP3-01394,ok,reserve,6521,0,3457,888,0
SP3-01395,deficit,none,0,0,0,0,0
SP3-01396,deficit,none,0,0,0,0,0
SP3-01397,ok,none,0,0,0,0,0
SP3-01398,deficit,none,0,0,0,0,0
SP3-01399,ok,reserve,4328,0,0,2885,0
SP3-01400,ok,debt,5525,14367,2210,0,0
SP3-01401,ok,reserve,5315,0,909,2634,0
SP3-01402,deficit,none,0,0,0,0,144449
SP3-01403,deficit,none,0,0,0,0,18699525
SP3-01404,deficit,none,0,0,0,0,777896
SP3-01405,ok,debt,3197,3597,0,1198,0
SP3-01406,ok,goals+,0,0,940,0,0
SP3-01407,ok,goals+,0,0,9204,9683,192162
SP3-01408,deficit,none,0,0,0,0,101429
SP3-01409,deficit,none,0,0,0,0,5623677
SP3-01410,ok,debt,591,1538,236,0,0
SP3-01411,ok,reserve,49349,0,32899,0,0
SP3-01412,deficit,none,0,0,0,0,500874
SP3-01413,ok,debt,7842,20392,3137,0,1594677
SP3-01414,invalid,none,0,0,0,0,0
SP3-01415,deficit,none,0,0,0,0,0
SP3-01416,invalid,none,0,0,0,0,0
SP3-01417,deficit,none,0,0,0,0,1077731
SP3-01418,deficit,none,0,0,0,0,12515
SP3-01419,ok,reserve,12861,0,8573,0,0
SP3-01420,ok,goals+,0,0,20558,0,0
SP3-01421,ok,reserve,6990,0,0,4660,0
SP3-01422,ok,debt,2143,5575,857,0,34213
SP3-01423,ok,debt,1904,4954,761,0,0
SP3-01424,deficit,none,0,0,0,0,73968
SP3-01425,ok,debt,1031,3714,0,3508,34066
SP3-01426,ok,reserve,41864,0,27909,0,0
SP3-01427,deficit,none,0,0,0,0,23983
SP3-01428,ok,reserve,2052,0,1367,0,0
SP3-01429,invalid,none,0,0,0,0,0
SP3-01430,ok,debt,4731,12303,1892,0,0
SP3-01431,ok,goals+,0,0,23768,8750,5680270
SP3-01432,deficit,none,0,0,0,0,1301448
SP3-01433,deficit,none,0,0,0,0,440344
SP3-01434,ok,debt,15874,17860,5195,757,0
SP3-01435,deficit,none,0,0,0,0,0
SP3-01436,ok,debt,977,2543,391,0,0
SP3-01437,deficit,none,0,0,0,0,0
SP3-01438,deficit,none,0,0,0,0,59334
SP3-01439,deficit,none,0,0,0,0,0
SP3-01440,ok,debt,9779,25428,3911,0,0
SP3-01441,deficit,none,0,0,0,0,0
SP3-01442,ok,debt,12440,32347,4976,0,0
SP3-01443,ok,goals+,0,0,0,46534,4378527
SP3-01444,ok,none,0,0,0,0,0
SP3-01445,ok,reserve,8260,0,0,5507,0
SP3-01446,deficit,none,0,0,0,0,0
SP3-01447,ok,goals+,0,0,908,16561,137949
SP3-01448,ok,debt,1093,2844,437,0,0
SP3-01449,ok,debt,5242,13631,2096,0,1753257
SP3-01450,deficit,none,0,0,0,0,0
SP3-01451,ok,reserve,2744,0,1829,0,0
SP3-01452,ok,debt,2764,7187,0,1105,86012
SP3-01453,ok,debt,9467,24617,0,3787,0
SP3-01454,ok,goals+,0,0,9738,19748,112262
SP3-01455,ok,reserve,7165,0,141,4634,0
SP3-01456,deficit,none,0,0,0,0,0
SP3-01457,ok,debt,6973,18133,2789,0,0
SP3-01458,deficit,none,0,0,0,0,0
SP3-01459,deficit,none,0,0,0,0,260519
SP3-01460,deficit,none,0,0,0,0,0
SP3-01461,ok,none,0,0,0,0,0
SP3-01462,deficit,none,0,0,0,0,1245021
SP3-01463,deficit,none,0,0,0,0,0
SP3-01464,ok,reserve,2391,0,1593,0,0
SP3-01465,ok,debt,4660,12119,1864,0,77465
SP3-01466,ok,goals+,0,0,72,0,88692
SP3-01467,deficit,none,0,0,0,0,11865952
SP3-01468,deficit,none,0,0,0,0,384363
SP3-01469,deficit,none,0,0,0,0,0
SP3-01470,ok,debt,1216,3165,486,0,0
SP3-01471,deficit,none,0,0,0,0,702607
SP3-01472,ok,debt,3992,10381,1398,198,0
SP3-01473,ok,debt,0,13666,2720,3136,49507
SP3-01474,deficit,none,0,0,0,0,0
SP3-01475,ok,debt,1260,1418,0,472,11415
SP3-01476,ok,reserve,11113,0,0,7408,0
SP3-01477,ok,debt,1277,3321,510,0,0
SP3-01478,ok,debt,15201,17102,5700,0,0
SP3-01479,ok,debt,2705,7033,1082,0,0
SP3-01480,deficit,none,0,0,0,0,0
SP3-01481,deficit,none,0,0,0,0,0
SP3-01482,ok,debt,695,1810,278,0,0
SP3-01483,deficit,none,0,0,0,0,0
SP3-01484,ok,debt,14508,16324,4102,1337,141370
SP3-01485,ok,debt,413,1075,165,0,170559
SP3-01486,ok,reserve,27477,24713,16500,0,0
SP3-01487,deficit,none,0,0,0,0,261174
SP3-01488,ok,debt,2869,3229,1075,0,0
SP3-01489,ok,reserve,1050,0,699,0,0
SP3-01490,ok,goals+,0,0,887,2092,175049
SP3-01491,ok,debt,65794616,171066004,26317846,0,681003385
SP3-01492,ok,reserve,5494,0,3662,0,0
SP3-01493,ok,debt,4426,11509,38,1731,556349
SP3-01494,ok,debt,2450,6371,980,0,0
SP3-01495,ok,debt,5974,15536,2389,0,0
SP3-01496,deficit,none,0,0,0,0,393994
SP3-01497,deficit,none,0,0,0,0,0
SP3-01498,deficit,none,0,0,0,0,68973
SP3-01499,ok,goals+,0,0,1146,1655,268273
SP3-01500,deficit,none,0,0,0,0,7653596
SP3-01501,deficit,none,0,0,0,0,107884
SP3-01502,ok,debt,389380755,438053349,146017783,0,5201962775
SP3-01503,ok,debt,7091,18438,2258,577,19383
SP3-01504,deficit,none,0,0,0,0,0
SP3-01505,ok,reserve,16882,0,11255,0,0
SP3-01506,deficit,none,0,0,0,0,256372
SP3-01507,ok,goals+,0,0,45672,0,0
SP3-01508,ok,reserve,4206,0,2803,0,0
SP3-01509,deficit,none,0,0,0,0,390669
SP3-01510,deficit,none,0,0,0,0,227265
SP3-01511,ok,debt,1858,4832,743,0,0
SP3-01512,ok,goals+,0,0,0,81440,4453069
SP3-01513,invalid,none,0,0,0,0,0
SP3-01514,deficit,none,0,0,0,0,199221
SP3-01515,deficit,none,0,0,0,0,0
SP3-01516,ok,debt,179,466,71,0,455166
SP3-01517,ok,debt,5152,5796,1932,0,0
SP3-01518,invalid,none,0,0,0,0,0
SP3-01519,deficit,none,0,0,0,0,67588
SP3-01520,deficit,none,0,0,0,0,0
SP3-01521,ok,goals+,0,0,3996,20740,145438
SP3-01522,ok,goals+,0,0,1456,12376,16711
SP3-01523,deficit,none,0,0,0,0,275228
SP3-01524,ok,reserve,27891,0,18593,0,504189
SP3-01525,ok,reserve,27710,0,0,18472,0
SP3-01526,ok,reserve,4085,0,0,2722,0
SP3-01527,ok,reserve,37979,0,6307,19011,0
SP3-01528,ok,debt,174,455,69,0,0
SP3-01529,ok,debt,0,2799,1199,0,89502
SP3-01530,deficit,none,0,0,0,0,138117
SP3-01531,invalid,none,0,0,0,0,0
SP3-01532,deficit,none,0,0,0,0,0
SP3-01533,ok,debt,1846,4801,738,0,0
SP3-01534,deficit,none,0,0,0,0,0
SP3-01535,ok,debt,7526,19571,3010,0,0
SP3-01536,invalid,none,0,0,0,0,0
SP3-01537,deficit,none,0,0,0,0,1125712
SP3-01538,ok,debt,2512,6533,0,1004,0
SP3-01539,ok,debt,9455,24584,3782,0,16703
SP3-01540,ok,reserve,63866,0,42577,0,0
SP3-01541,deficit,none,0,0,0,0,18499956
SP3-01542,ok,debt,477,1242,190,0,14151
SP3-01543,deficit,none,0,0,0,0,353202
SP3-01544,deficit,none,0,0,0,0,0
SP3-01545,ok,goals+,0,0,6197,0,537151
SP3-01546,ok,reserve,5297,0,3531,0,266875
SP3-01547,deficit,none,0,0,0,0,0
SP3-01548,deficit,none,0,0,0,0,70808
SP3-01549,ok,debt,1361,3539,544,0,52109
SP3-01550,deficit,none,0,0,0,0,890071729
SP3-01551,deficit,none,0,0,0,0,0
SP3-01552,ok,reserve,13384,0,8922,0,0
SP3-01553,deficit,none,0,0,0,0,0
SP3-01554,deficit,none,0,0,0,0,35798
SP3-01555,ok,debt,1846,4801,738,0,0
SP3-01556,ok,reserve,15388,0,0,10258,0
SP3-01557,ok,reserve,2945,0,1962,0,0
SP3-01558,deficit,none,0,0,0,0,0
SP3-01559,ok,reserve,109058,0,1849,70855,0
SP3-01560,ok,reserve,37337,0,24891,0,0
SP3-01561,ok,goals+,0,0,5318,0,36917
SP3-01562,ok,goals+,0,0,14078,18023,0
SP3-01563,ok,debt,2576,6700,1030,0,0
SP3-01564,ok,debt,4205,4731,1577,0,0
SP3-01565,ok,debt,9614,25000,3845,0,0
SP3-01566,deficit,none,0,0,0,0,0
SP3-01567,deficit,none,0,0,0,0,36765
SP3-01568,ok,debt,9614,25000,3845,0,0
SP3-01569,ok,debt,333,866,0,133,0
SP3-01570,ok,debt,3245,8438,1298,0,0
SP3-01571,ok,goals+,0,0,0,54904,4619531
SP3-01572,ok,debt,1666,4332,666,0,0
SP3-01573,ok,debt,0,38001,16286,0,1661591
SP3-01574,deficit,none,0,0,0,0,73197
SP3-01575,deficit,none,0,0,0,0,0
SP3-01576,deficit,none,0,0,0,0,298548
SP3-01577,ok,debt,20568,53478,8227,0,897853
SP3-01578,deficit,none,0,0,0,0,10420131
SP3-01579,ok,goals+,25385,0,51391,0,0
SP3-01580,ok,debt,682,1775,0,272,0
SP3-01581,ok,goals+,0,0,0,54987,35101
SP3-01582,deficit,none,0,0,0,0,104522
SP3-01583,ok,goals+,0,0,1057,0,496490
SP3-01584,deficit,none,0,0,0,0,827466
SP3-01585,deficit,none,0,0,0,0,0
SP3-01586,invalid,none,0,0,0,0,0
SP3-01587,invalid,none,0,0,0,0,0
SP3-01588,deficit,none,0,0,0,0,0
SP3-01589,ok,goals+,0,0,56817,0,1145447
SP3-01590,ok,debt,1139,2962,455,0,0
SP3-01591,ok,goals+,0,0,0,16733,8248270
SP3-01592,deficit,none,0,0,0,0,0
SP3-01593,ok,debt,1938,5039,775,0,0
SP3-01594,ok,debt,158,413,0,63,0
SP3-01595,ok,goals+,0,0,126262,55991,18136891
SP3-01596,ok,reserve,147,0,97,0,0
SP3-01597,ok,debt,259,674,103,0,0
SP3-01598,ok,goals+,0,0,1057,0,506731
SP3-01599,deficit,none,0,0,0,0,0
SP3-01600,ok,debt,10563,27466,4225,0,0
SP3-01601,invalid,none,0,0,0,0,0
SP3-01602,ok,goals+,0,0,3170,0,6373263
SP3-01603,deficit,none,0,0,0,0,386737
SP3-01604,ok,debt,2196,5712,878,0,0
SP3-01605,deficit,none,0,0,0,0,414997
SP3-01606,invalid,none,0,0,0,0,0
SP3-01607,ok,reserve,588,0,392,0,32769
SP3-01608,ok,reserve,97245,0,29026,35802,0
SP3-01609,ok,debt,777,2022,310,0,63255
SP3-01610,deficit,none,0,0,0,0,399853
SP3-01611,deficit,none,0,0,0,0,824671
SP3-01612,ok,reserve,6418,0,3202,1074,0
SP3-01613,invalid,none,0,0,0,0,0
SP3-01614,ok,goals+,0,0,7241,0,0
SP3-01615,deficit,none,0,0,0,0,0
SP3-01616,ok,debt,105636,274655,42254,0,0
SP3-01617,deficit,none,0,0,0,0,0
SP3-01618,deficit,none,0,0,0,0,0
SP3-01619,ok,debt,1514,3938,605,0,0
SP3-01620,deficit,none,0,0,0,0,4939640
SP3-01621,ok,debt,2385,6201,0,954,20097
SP3-01622,ok,reserve,8081,0,5387,0,0
SP3-01623,ok,debt,12236,31817,0,4894,0
SP3-01624,ok,debt,1149,2989,459,0,0
SP3-01625,ok,goals+,0,0,75011,32511,4684398
SP3-01626,ok,debt,1469,3821,587,0,0
SP3-01627,deficit,none,0,0,0,0,218542
SP3-01628,ok,reserve,19431,0,0,12954,0
SP3-01629,ok,reserve,13691,0,2567,6559,0
SP3-01630,ok,debt,118043056,132798439,44266146,0,1798734901
SP3-01631,ok,debt,1721,4478,688,0,0
SP3-01632,ok,debt,702,1827,280,0,0
SP3-01633,deficit,none,0,0,0,0,0
SP3-01634,ok,reserve,16119,0,8570,2174,0
SP3-01635,ok,goals+,0,0,4184,13168,149965
SP3-01636,deficit,none,0,0,0,0,249757
SP3-01637,ok,debt,47,125,19,0,32091
SP3-01638,deficit,none,0,0,0,0,210647
SP3-01639,deficit,none,0,0,0,0,1250878
SP3-01640,ok,debt,14760,38379,5904,0,0
SP3-01641,ok,debt,8793,22865,3517,0,133102
SP3-01642,ok,goals+,2365,0,3383,4271,0
SP3-01643,deficit,none,0,0,0,0,389026
SP3-01644,invalid,none,0,0,0,0,0
SP3-01645,ok,goals+,0,0,3374,9534,88950
SP3-01646,deficit,none,0,0,0,0,0
SP3-01647,deficit,none,0,0,0,0,0
SP3-01648,ok,debt,7449,19371,2979,0,100946
SP3-01649,ok,debt,504,1311,201,0,0
SP3-01650,ok,debt,1688,4389,675,0,0
SP3-01651,ok,reserve,8579,0,5718,0,0
SP3-01652,ok,debt,5040,13105,0,2016,0
SP3-01653,deficit,none,0,0,0,0,1005794
SP3-01654,deficit,none,0,0,0,0,0
SP3-01655,ok,debt,595,1550,0,238,59698
SP3-01656,ok,debt,4878,12683,1951,0,70176
SP3-01657,ok,goals+,0,0,19314,8676,327430
SP3-01658,deficit,none,0,0,0,0,0
SP3-01659,ok,goals+,0,0,1789,6974,144193
SP3-01660,deficit,none,0,0,0,0,761907
SP3-01661,invalid,none,0,0,0,0,0
SP3-06965,invalid,none,0,0,0,0,0
SP3-01663,ok,goals+,0,0,6976,34134,379864
SP3-01664,ok,goals+,0,0,8346,0,91045
SP3-01665,deficit,none,0,0,0,0,0
SP3-01666,ok,debt,1288,3351,515,0,0
SP3-01667,ok,debt,788,2050,315,0,91942
SP3-01668,ok,reserve,37527,0,22534,2484,0
SP3-01669,ok,reserve,19321,0,0,12881,0
SP3-01670,ok,debt,0,17468,7634,5648,29141
SP3-01671,deficit,none,0,0,0,0,0
SP3-01672,deficit,none,0,0,0,0,0
SP3-01673,deficit,none,0,0,0,0,3526413
SP3-01674,deficit,none,0,0,0,0,0
SP3-01675,ok,debt,11142,28970,4456,0,0
SP3-01676,ok,reserve,9187,0,3455,2668,0
SP3-01677,deficit,none,0,0,0,0,0
SP3-01678,deficit,none,0,0,0,0,0
SP3-01679,deficit,none,0,0,0,0,23589668
SP3-01680,ok,debt,1288,3351,515,0,0
SP3-01681,deficit,none,0,0,0,0,446075
SP3-01682,ok,debt,3511,9131,1404,0,306482
SP3-01683,deficit,none,0,0,0,0,34167
SP3-01684,ok,reserve,6748,0,4499,0,0
SP3-01685,ok,debt,4583,11918,1833,0,0
SP3-01686,invalid,none,0,0,0,0,0
SP3-01687,deficit,none,0,0,0,0,20279815
SP3-01688,deficit,none,0,0,0,0,0
SP3-01689,ok,debt,956,2487,382,0,0
SP3-01690,ok,goals+,0,0,0,295484,5068849
SP3-01691,ok,debt,1017,2646,407,0,0
SP3-01692,ok,goals+,0,0,4185,22517,106515
SP3-01693,ok,debt,4488,11670,1795,0,0
SP3-01694,ok,reserve,23720,0,15813,0,0
SP3-01695,ok,reserve,15920,0,8294,2318,108992
SP3-01696,deficit,none,0,0,0,0,0
SP3-01697,ok,goals+,0,0,72788,68919,11747167
SP3-01698,ok,debt,2163,5627,865,0,0
SP3-01699,ok,debt,4916,12785,0,1966,0
SP3-01700,ok,goals+,1662,396,1372,3220,90771
SP3-01701,ok,none,0,0,0,0,277138
SP3-01702,deficit,none,0,0,0,0,5138569
SP3-01703,ok,goals+,0,0,6891,6168,0
SP3-01704,ok,reserve,20841,0,13894,0,0
SP3-01705,ok,debt,2881,7493,1152,0,7534228
SP3-01706,ok,reserve,11600,0,2757,4974,0
SP3-01707,ok,reserve,9720,0,6479,0,0
SP3-01708,deficit,none,0,0,0,0,0
SP3-01709,ok,reserve,13152,0,0,8767,0
SP3-01710,ok,reserve,49292,0,16137,16723,0
SP3-01711,ok,reserve,31425,0,0,20949,0
SP3-01712,ok,goals+,0,0,410733,0,2006498
SP3-01713,ok,goals+,0,0,21301,0,0
SP3-01714,deficit,none,0,0,0,0,12457791
SP3-01715,deficit,none,0,0,0,0,0
SP3-01716,ok,reserve,32497,0,8447,13216,0
SP3-01717,deficit,none,0,0,0,0,0
SP3-01718,ok,goals+,0,0,13417,0,2175887
SP3-01719,deficit,none,0,0,0,0,745973
SP3-01720,ok,debt,4762,12383,1904,0,464472
SP3-01721,deficit,none,0,0,0,0,97924
SP3-01722,deficit,none,0,0,0,0,159200
SP3-01723,invalid,none,0,0,0,0,0
SP3-01724,ok,debt,2444,6356,977,0,0
SP3-01725,ok,debt,5590,6290,2096,0,0
SP3-01726,ok,reserve,4821,0,0,3214,0
SP3-01727,ok,reserve,27819,0,18545,0,0
SP3-01728,ok,debt,3455,8983,1382,0,0
SP3-01729,ok,debt,1568,4078,627,0,0
SP3-01730,ok,debt,834,2172,333,0,67653
SP3-01731,invalid,none,0,0,0,0,0
SP3-01732,ok,debt,183024487,475863667,73209794,0,1323456400
SP3-01733,deficit,none,0,0,0,0,157847
SP3-01734,ok,goals+,0,0,87047,0,19935217
SP3-01735,deficit,none,0,0,0,0,97924
SP3-01736,deficit,none,0,0,0,0,0
SP3-01737,ok,debt,4982,5605,1868,0,0
SP3-01738,ok,debt,52037,58542,11340,8173,499605
SP3-01739,deficit,none,0,0,0,0,0
SP3-01740,ok,goals+,0,0,0,82118,1366247
SP3-01741,ok,debt,144982516,376954544,57993006,0,383926312
SP3-01742,ok,debt,1760,4579,704,0,0
SP3-01743,deficit,none,0,0,0,0,0
SP3-01744,ok,reserve,2648,0,1765,0,0
SP3-01745,deficit,none,0,0,0,0,2019151
SP3-01746,deficit,none,0,0,0,0,298655
SP3-01747,ok,goals+,0,0,0,20996,2595803
SP3-01748,deficit,none,0,0,0,0,6951683
SP3-01749,ok,debt,2463,6405,0,985,30452
SP3-01750,ok,debt,7055,7939,466,2179,0
SP3-01751,ok,reserve,12048,0,2192,5838,0
SP3-01752,ok,reserve,7245,0,4829,0,0
SP3-01753,ok,goals+,0,0,7264,17165,958521
SP3-01754,invalid,none,0,0,0,0,0
SP3-01755,deficit,none,0,0,0,0,0
SP3-01756,deficit,none,0,0,0,0,0
SP3-01757,deficit,none,0,0,0,0,79011
SP3-01758,ok,debt,5176,5825,1941,0,0
SP3-01759,deficit,none,0,0,0,0,0
SP3-01760,invalid,none,0,0,0,0,0
SP3-01761,deficit,none,0,0,0,0,5141887
SP3-01762,ok,debt,3781,9831,0,1512,39276
SP3-01763,deficit,none,0,0,0,0,466185
SP3-01764,deficit,none,0,0,0,0,0
SP3-01765,ok,debt,4293,11164,1717,0,0
SP3-01766,ok,debt,3569,4017,0,1338,0
SP3-01767,ok,reserve,10896,0,6526,735,0
SP3-01768,ok,debt,0,20303,441,8260,371085
SP3-01769,deficit,none,0,0,0,0,0
SP3-01770,deficit,none,0,0,0,0,58576
SP3-01771,ok,reserve,12404,0,8269,0,0
SP3-01772,ok,goals+,0,0,29620,0,79754
SP3-01773,ok,debt,4493,11685,1797,0,0
SP3-01774,deficit,none,0,0,0,0,0
SP3-01775,ok,debt,687,1788,274,0,0
SP3-01776,ok,debt,719,1872,0,287,121145
SP3-01777,deficit,none,0,0,0,0,0
SP3-01778,ok,debt,5758,14974,2303,0,0
SP3-01779,deficit,none,0,0,0,0,0
SP3-01780,deficit,none,0,0,0,0,0
SP3-08338,invalid,none,0,0,0,0,0
SP3-01782,ok,reserve,9248,0,6165,0,0
SP3-01783,ok,reserve,34963,0,0,23308,0
SP3-01784,invalid,none,0,0,0,0,0
SP3-01785,deficit,none,0,0,0,0,0
SP3-01786,ok,goals+,0,0,225352,195734,2436440
SP3-01787,deficit,none,0,0,0,0,0
SP3-01788,ok,goals+,0,0,0,62152,374607
SP3-01789,deficit,none,0,0,0,0,4078804
SP3-01790,ok,goals+,0,0,29542,3791,437372
SP3-01791,deficit,none,0,0,0,0,0
SP3-01792,deficit,none,0,0,0,0,285608
SP3-01793,ok,goals+,0,0,3716,0,1278277
SP3-01794,deficit,none,0,0,0,0,201899
SP3-01795,ok,debt,8123,21121,3249,0,0
SP3-01796,deficit,none,0,0,0,0,0
SP3-01797,ok,goals+,0,0,1164,0,352646
SP3-01798,ok,goals+,0,0,0,3136,265316
SP3-01799,deficit,none,0,0,0,0,0
SP3-01800,deficit,none,0,0,0,0,0
SP3-01801,deficit,none,0,0,0,0,0
SP3-01802,deficit,none,0,0,0,0,0
SP3-01803,invalid,none,0,0,0,0,0
SP3-01804,ok,debt,1833,4766,733,0,301057
SP3-01805,deficit,none,0,0,0,0,0
SP3-01806,ok,reserve,32403,0,0,21601,0
SP3-01807,ok,debt,4508,11723,1803,0,0
SP3-01808,deficit,none,0,0,0,0,221256
SP3-01809,ok,reserve,9759,0,6506,0,0
SP3-01810,deficit,none,0,0,0,0,217050
SP3-01811,ok,reserve,6498,0,0,4331,0
SP3-01812,ok,debt,267,695,0,106,0
SP3-01813,ok,goals+,0,0,6201,15776,167169
SP3-01814,deficit,none,0,0,0,0,0
SP3-01815,ok,goals+,0,0,1795,1176,547822
SP3-01816,ok,reserve,21042,0,0,14028,0
SP3-01817,ok,goals+,0,0,9257,49551,3357085
SP3-01818,ok,reserve,15125,0,10082,0,4271243
SP3-01819,deficit,none,0,0,0,0,319859
SP3-01820,ok,reserve,15594,0,0,10395,0
SP3-01821,ok,reserve,737,0,491,0,0
SP3-01822,invalid,none,0,0,0,0,0
SP3-01823,invalid,none,0,0,0,0,0
SP3-01824,ok,debt,4742,12330,0,1896,126361
SP3-01825,deficit,none,0,0,0,0,0
SP3-01826,ok,reserve,16385,0,10923,0,0
SP3-01827,ok,reserve,12917,0,8611,0,0
SP3-01828,ok,reserve,87659,0,0,58439,0
SP3-01829,ok,debt,2523,6562,1009,0,13374
SP3-01830,ok,goals+,0,0,4749,1084,0
SP3-01831,ok,reserve,8669,0,0,5779,0
SP3-01832,deficit,none,0,0,0,0,1192253
SP3-01833,deficit,none,0,0,0,0,10481
SP3-01834,ok,goals+,0,0,27331,0,133213
SP3-01835,ok,debt,3548,9226,1419,0,4000784
SP3-01836,ok,debt,3481,9053,1392,0,0
SP3-01837,deficit,none,0,0,0,0,11922535
SP3-01838,deficit,none,0,0,0,0,1378429
SP3-01839,ok,reserve,10529,0,6336,682,0
SP3-01840,deficit,none,0,0,0,0,0
SP3-01841,deficit,none,0,0,0,0,108370
SP3-01842,deficit,none,0,0,0,0,144736
SP3-01843,deficit,none,0,0,0,0,0
SP3-01844,ok,goals+,0,0,0,491245,10385940
SP3-01845,ok,debt,2746,7142,0,1098,0
SP3-01846,deficit,none,0,0,0,0,5657697
SP3-01847,deficit,none,0,0,0,0,0
SP3-01848,deficit,none,0,0,0,0,288043
SP3-01849,deficit,none,0,0,0,0,9126153
SP3-01850,ok,debt,3262,8482,1304,0,0
SP3-01851,deficit,none,0,0,0,0,201528
SP3-01852,ok,goals+,108,0,799,15287,0
SP3-01853,ok,reserve,32299,0,5347,16184,0
SP3-01854,ok,debt,2639,6863,1055,0,137344
SP3-01855,ok,goals+,0,0,809,9902,47703
SP3-01856,invalid,none,0,0,0,0,0
SP3-01857,deficit,none,0,0,0,0,409480
SP3-01858,ok,goals+,0,0,0,28920,881413
SP3-01859,invalid,none,0,0,0,0,0
SP3-01860,ok,reserve,20012,0,13340,0,293037
SP3-01861,ok,goals+,0,0,340143,0,18401072
SP3-01862,ok,debt,1737,4518,0,694,0
SP3-01863,ok,goals+,0,0,8513,20789,426103
SP3-01864,ok,goals+,0,96576,139897,27555,6083313
SP3-01865,ok,debt,1084,2821,433,0,0
SP3-01866,ok,debt,378,985,151,0,17412
SP3-01867,deficit,none,0,0,0,0,79311
SP3-01868,deficit,none,0,0,0,0,1510176
SP3-01869,ok,debt,1255,3264,502,0,0
SP3-01870,ok,debt,4371,11366,1748,0,0
SP3-01871,deficit,none,0,0,0,0,0
SP3-01872,invalid,none,0,0,0,0,0
SP3-01873,ok,debt,2647,4075,2331,0,0
SP3-01874,ok,reserve,5228,0,3485,0,0
SP3-01875,ok,reserve,41970,0,0,27980,0
SP3-01876,ok,debt,3764,9789,1505,0,0
SP3-01877,deficit,none,0,0,0,0,3281585
SP3-01878,deficit,none,0,0,0,0,300807
SP3-01879,ok,reserve,81927,0,51437,3180,0
SP3-01880,ok,reserve,37865,0,0,25243,0
SP3-01881,deficit,none,0,0,0,0,945404
SP3-01882,ok,goals+,0,0,1314,5924,79335
SP3-01883,ok,debt,2396,6231,526,431,39899
SP3-01884,deficit,none,0,0,0,0,2481958
SP3-01885,ok,debt,161,422,64,0,104415
SP3-01886,ok,reserve,12105,0,2391,5678,0
SP3-01887,ok,debt,673,1751,269,0,205510
SP3-01888,ok,debt,4195,10907,1678,0,0
SP3-01889,ok,goals+,0,0,1098,24444,239084
SP3-01890,ok,debt,897,2334,359,0,0
SP3-01891,deficit,none,0,0,0,0,16765
SP3-01892,ok,goals+,0,0,25808,679,342561
SP3-01893,deficit,none,0,0,0,0,1126386
SP3-01894,ok,debt,12446,32360,4978,0,302996
SP3-01895,ok,reserve,6788,0,0,4525,0
SP3-01896,ok,goals+,0,0,264,4847,485568
SP3-01897,deficit,none,0,0,0,0,487675
SP3-01898,ok,goals+,0,0,46,0,3591963
SP3-01899,ok,reserve,25467,0,0,16977,0
SP3-01900,ok,debt,418,1087,0,167,39420
SP3-01901,deficit,none,0,0,0,0,0
SP3-01902,deficit,none,0,0,0,0,162919
SP3-01903,ok,goals+,0,0,8513,20789,426103
SP3-01904,deficit,none,0,0,0,0,977209
SP3-01905,deficit,none,0,0,0,0,0
SP3-01906,deficit,none,0,0,0,0,0
SP3-01907,deficit,none,0,0,0,0,0
SP3-01908,deficit,none,0,0,0,0,0
SP3-01909,ok,goals+,0,0,0,172,470962
SP3-01910,deficit,none,0,0,0,0,1235358
SP3-01911,ok,reserve,56624,0,0,37749,0
SP3-01912,deficit,none,0,0,0,0,54804
SP3-01913,ok,debt,6468,16817,2587,0,517080
SP3-01914,deficit,none,0,0,0,0,0
SP3-01915,ok,debt,12341,32088,0,4936,11927
SP3-01916,ok,debt,2914,3279,1093,0,218237
SP3-01917,ok,goals+,0,0,14545,0,0
SP3-01918,deficit,none,0,0,0,0,4764949
SP3-01919,deficit,none,0,0,0,0,14931
SP3-01920,ok,goals+,0,0,1946,5604,175142
SP3-01921,ok,debt,2266,5892,0,906,0
SP3-01922,invalid,none,0,0,0,0,0
SP3-01923,deficit,none,0,0,0,0,0
SP3-01924,ok,debt,1385,3604,554,0,0
SP3-01925,ok,debt,3426,8908,1370,0,0
SP3-01926,deficit,none,0,0,0,0,0
SP3-01927,deficit,none,0,0,0,0,67536
SP3-01928,deficit,none,0,0,0,0,0
SP3-01929,deficit,none,0,0,0,0,0
SP3-01930,ok,goals+,0,0,3662,0,761442
SP3-01931,deficit,none,0,0,0,0,478032
SP3-01932,deficit,none,0,0,0,0,4621586
SP3-01933,deficit,none,0,0,0,0,0
SP3-01934,ok,reserve,43796,0,4710,24486,0
SP3-01935,ok,reserve,12527,0,8351,0,0
SP3-01936,ok,debt,556,627,208,0,0
SP3-01937,deficit,none,0,0,0,0,0
SP3-01938,ok,debt,28312237,73611817,11324894,0,1207631722
SP3-01939,ok,debt,1034,2692,413,0,0
SP3-01940,deficit,none,0,0,0,0,0
SP3-01941,ok,debt,3429,8917,1371,0,27086
SP3-01942,ok,goals+,0,0,144351,0,3981215
SP3-01943,deficit,none,0,0,0,0,0
SP3-01944,ok,debt,30038020,78098852,12015208,0,0
SP3-01945,ok,debt,5812,15114,2325,0,94476
SP3-01946,deficit,none,0,0,0,0,1138831
SP3-01947,ok,debt,2510,2825,941,0,0
SP3-01948,deficit,none,0,0,0,0,22034688
SP3-01949,deficit,none,0,0,0,0,0
SP3-01950,deficit,none,0,0,0,0,0
SP3-01951,ok,reserve,987,0,658,0,0
SP3-01952,deficit,none,0,0,0,0,12792129
SP3-01953,ok,goals+,0,0,4945,0,3020399
SP3-01954,ok,goals+,0,0,2689,4196,0
SP3-01955,ok,debt,98,258,0,39,0
SP3-01956,ok,reserve,5639,0,0,3758,0
SP3-01957,deficit,none,0,0,0,0,394178
SP3-01958,deficit,none,0,0,0,0,0
SP3-01959,ok,debt,905,2356,362,0,0
SP3-01960,invalid,none,0,0,0,0,0
SP3-01961,ok,debt,357231,928804,142892,0,0
SP3-01962,deficit,none,0,0,0,0,0
SP3-01963,ok,reserve,1109,0,739,0,0
SP3-01964,ok,reserve,48017,0,14792,17218,0
SP3-01965,ok,none,0,0,0,0,0
SP3-01966,ok,debt,5567,6263,2087,0,0
SP3-01967,ok,debt,563,1464,225,0,102643
SP3-01968,ok,goals+,0,0,0,1161,25060
SP3-01969,ok,debt,3272,8509,1309,0,0
SP3-01970,deficit,none,0,0,0,0,403782
SP3-01971,invalid,none,0,0,0,0,0
SP3-01972,ok,debt,1223,3180,489,0,50221
SP3-01973,ok,debt,1886,4904,754,0,0
SP3-01974,ok,goals+,0,0,98350,146883,3635785
SP3-01975,ok,debt,7852,20417,3141,0,0
SP3-01976,deficit,none,0,0,0,0,0
SP3-01977,ok,goals+,0,0,0,20081,61426
SP3-01978,ok,reserve,21682,0,14454,0,0
SP3-01979,ok,debt,10285,26741,4114,0,143009
SP3-01980,deficit,none,0,0,0,0,0
SP3-01981,ok,debt,354,923,141,0,0
SP3-01982,deficit,none,0,0,0,0,880095
SP3-01983,deficit,none,0,0,0,0,349835
SP3-01984,ok,debt,799,2079,319,0,0
SP3-01985,invalid,none,0,0,0,0,0
SP3-01986,ok,debt,221,575,88,0,0
SP3-01987,ok,debt,1143,2973,457,0,0
SP3-01988,ok,debt,2837,7378,1134,0,0
SP3-01989,ok,debt,10129,26337,4051,0,0
SP3-01990,ok,debt,3261,8481,846,457,152356
SP3-01991,ok,debt,266,695,106,0,0
SP3-01992,ok,reserve,14579,0,7439,2279,0
SP3-01993,ok,reserve,25236,0,3958,12864,0
SP3-01994,deficit,none,0,0,0,0,185506
SP3-01995,deficit,none,0,0,0,0,1921263
SP3-01996,ok,debt,3471,3905,1301,0,0
SP3-01997,ok,debt,1861,4841,744,0,0
SP3-01998,deficit,none,0,0,0,0,45484
SP3-01999,ok,reserve,6119,0,3324,754,0
SP3-02000,ok,reserve,14019,0,9345,0,0
SP3-02001,ok,debt,1860,4838,744,0,0
SP3-02002,deficit,none,0,0,0,0,0
SP3-02003,ok,reserve,9104,0,6069,0,0
SP3-02004,deficit,none,0,0,0,0,86157
SP3-02005,deficit,none,0,0,0,0,0
SP3-02006,ok,debt,1072,2789,428,0,0
SP3-02007,ok,goals+,0,0,211,6941,141333
SP3-02008,ok,reserve,22715,0,1000,14143,0
SP3-02009,deficit,none,0,0,0,0,514503
SP3-02010,ok,none,0,0,0,0,0
SP3-02011,deficit,none,0,0,0,0,17323970
SP3-02012,ok,goals+,0,0,0,871,195736
SP3-02013,ok,reserve,24261,0,16174,0,0
SP3-02014,deficit,none,0,0,0,0,86157
SP3-02015,deficit,none,0,0,0,0,4771239
SP3-02016,invalid,none,0,0,0,0,0
SP3-02017,ok,goals+,0,0,46435,49288,6157461
SP3-02018,ok,debt,8971,20881,6032,0,304280
SP3-02019,deficit,none,0,0,0,0,986435
SP3-02020,ok,reserve,7732,0,5154,0,0
SP3-02021,ok,reserve,28577,0,9729,9321,0
SP3-02022,ok,reserve,5498,0,1615,2049,288790
SP3-02023,ok,goals+,0,0,33248,26360,0
SP3-02024,ok,debt,5839,15184,2335,0,0
SP3-02025,ok,goals+,0,0,0,8243,166799
SP3-02026,ok,debt,13301,34583,5320,0,0
SP3-02027,ok,debt,0,11485,4921,0,67344
SP3-02028,ok,reserve,7297,0,4864,0,0
SP3-02029,ok,debt,490,1274,196,0,0
SP3-02030,ok,debt,7282,18936,2913,0,0
SP3-02031,deficit,none,0,0,0,0,0
SP3-02032,deficit,none,0,0,0,0,506686
SP3-02033,deficit,none,0,0,0,0,959270
SP3-02034,ok,goals+,0,0,124990,0,7200730
SP3-02035,deficit,none,0,0,0,0,6682218
SP3-02036,deficit,none,0,0,0,0,1138510
SP3-02037,ok,debt,1696,4413,678,0,156677
SP3-02038,ok,debt,7827,20352,3130,0,396202
SP3-02039,ok,debt,7827,20352,3130,0,396202
SP3-02040,ok,debt,377,982,151,0,43996
SP3-02041,deficit,none,0,0,0,0,4218536
SP3-02042,ok,debt,5657,14710,0,2262,43949
SP3-02043,deficit,none,0,0,0,0,0
SP3-02044,ok,debt,12752,14348,4782,0,157297
SP3-02045,ok,debt,0,21112,9047,0,513037
SP3-02046,ok,reserve,113365,0,73393,2182,0
SP3-02047,ok,debt,2026,5270,810,0,27394
SP3-02048,ok,debt,780,2031,0,312,0
SP3-02049,invalid,none,0,0,0,0,0
SP3-02050,ok,goals+,0,0,141140,0,1084201
SP3-02051,deficit,none,0,0,0,0,572641
SP3-02052,deficit,none,0,0,0,0,5845154
SP3-02053,ok,reserve,15700,0,10466,0,0
SP3-02054,ok,reserve,50610,0,33739,0,0
SP3-02055,deficit,none,0,0,0,0,4553444
SP3-02056,ok,debt,377,982,151,0,45520
SP3-02057,deficit,none,0,0,0,0,409882
SP3-02058,deficit,none,0,0,0,0,0
SP3-02059,deficit,none,0,0,0,0,0
SP3-02060,ok,debt,2113,5496,845,0,40833
SP3-02061,invalid,none,0,0,0,0,0
SP3-02062,ok,reserve,11143,0,3691,3736,0
SP3-02063,deficit,none,0,0,0,0,0
SP3-02064,ok,debt,18675,48558,7470,0,0
SP3-02065,ok,goals+,0,0,1926,6942,0
SP3-02066,deficit,none,0,0,0,0,0
SP3-02067,deficit,none,0,0,0,0,8287998
SP3-02068,deficit,none,0,0,0,0,498903
SP3-02069,deficit,none,0,0,0,0,0
SP3-02070,ok,reserve,9726,0,6484,0,0
SP3-02071,deficit,none,0,0,0,0,0
SP3-02072,ok,goals+,0,0,19268,69413,0
SP3-02073,ok,debt,35487,92267,14194,0,0
SP3-02074,ok,goals+,0,0,6855,11678,10646386
SP3-02075,ok,debt,2626,6831,1050,0,181988
SP3-02076,deficit,none,0,0,0,0,0
SP3-02077,deficit,none,0,0,0,0,259722
SP3-02078,deficit,none,0,0,0,0,8319591
SP3-02079,deficit,none,0,0,0,0,18182
SP3-02080,ok,debt,1984,5161,793,0,23411
SP3-02081,ok,debt,2460,6396,0,984,36167
SP3-02082,ok,debt,6584,17121,2633,0,0
SP3-02083,ok,reserve,2544,0,0,1695,44941
SP3-02084,deficit,none,0,0,0,0,37884
SP3-02085,ok,debt,1064,2770,0,425,0
SP3-02086,invalid,none,0,0,0,0,0
SP3-02087,ok,reserve,754,0,502,0,0
SP3-02088,ok,goals+,0,0,2621,0,492088
SP3-02089,ok,reserve,49995,0,0,33329,0
SP3-02090,ok,debt,2123,5523,849,0,23411
SP3-02091,ok,goals+,0,0,3401,28700,57546
SP3-02092,ok,debt,5615,14599,2246,0,110051
SP3-02093,ok,goals+,0,0,0,12930,57367
SP3-02094,ok,debt,2173,5652,869,0,20686
SP3-02095,deficit,none,0,0,0,0,114886
SP3-02096,ok,debt,1235,3214,494,0,117557
SP3-02097,ok,debt,1929,5017,0,771,61616
SP3-02098,ok,debt,10404,27051,0,4161,67628
SP3-02099,ok,debt,2689,3025,0,1008,63389
SP3-02100,deficit,none,0,0,0,0,119217
SP3-02101,ok,debt,2404,6254,961,0,248598
SP3-02102,ok,goals+,0,0,614,681245,1921845
SP3-02103,deficit,none,0,0,0,0,2360816
SP3-02104,ok,debt,40,104,16,0,37551
SP3-02105,deficit,none,0,0,0,0,19404
SP3-02106,ok,none,0,0,0,0,0
SP3-02107,ok,reserve,10146,0,0,6763,0
SP3-02108,deficit,none,0,0,0,0,10149205
SP3-02109,ok,goals+,0,0,0,10678,129031
SP3-02110,deficit,none,0,0,0,0,0
SP3-02111,ok,debt,1764,1985,661,0,0
SP3-02112,ok,debt,4030,10482,1359,252,0
SP3-02113,deficit,none,0,0,0,0,439747
SP3-02114,deficit,none,0,0,0,0,944087
SP3-02115,ok,debt,1721,4476,688,0,0
SP3-02116,deficit,none,0,0,0,0,0
SP3-02117,deficit,none,0,0,0,0,0
SP3-02118,ok,goals+,0,0,7228,78317,0
SP3-02119,ok,goals+,2665,0,0,22101,0
SP3-02120,ok,debt,1327,3451,530,0,178608
SP3-02121,deficit,none,0,0,0,0,16331209
SP3-02122,invalid,none,0,0,0,0,0
SP3-02123,ok,reserve,1384,0,922,0,196071
SP3-02124,ok,debt,274,716,0,109,0
SP3-02125,deficit,none,0,0,0,0,0
SP3-02126,deficit,none,0,0,0,0,520863
SP3-02127,deficit,none,0,0,0,0,527424
SP3-02128,ok,reserve,31671,0,21113,0,0
SP3-02129,deficit,none,0,0,0,0,0
SP3-02130,invalid,none,0,0,0,0,0
SP3-02131,deficit,none,0,0,0,0,146930
SP3-02132,invalid,none,0,0,0,0,0
SP3-02133,ok,reserve,13388,0,8925,0,0
SP3-02134,deficit,none,0,0,0,0,0
SP3-02135,ok,debt,2982,7756,1193,0,1047370
SP3-02136,ok,debt,428,1114,171,0,0
SP3-02137,deficit,none,0,0,0,0,14456
SP3-02138,ok,reserve,5055,0,0,3370,0
SP3-02139,ok,goals+,0,0,0,181463,7311521
SP3-02140,ok,reserve,7379,0,213,4705,0
SP3-02141,ok,debt,2056,5349,822,0,0
SP3-02142,deficit,none,0,0,0,0,52300
SP3-02143,ok,debt,1113,2896,445,0,86920
SP3-02144,ok,reserve,7554,0,0,5035,0
SP3-02145,ok,debt,80,210,32,0,186797
SP3-02146,deficit,none,0,0,0,0,28395
SP3-02147,deficit,none,0,0,0,0,0
SP3-02148,ok,debt,4064,10570,0,1625,0
SP3-02149,ok,reserve,1384,0,922,0,196071
SP3-02150,ok,reserve,7991,0,5327,0,0
SP3-02151,ok,reserve,17173,0,0,11449,0
SP3-02152,ok,goals+,5860,0,1534,4824,0
SP3-02153,deficit,none,0,0,0,0,0
SP3-02154,ok,debt,1381,3591,552,0,80809
SP3-02155,ok,reserve,6610,0,4406,0,0
SP3-02156,deficit,none,0,0,0,0,0
SP3-02157,ok,debt,4850,5458,1819,0,0
SP3-02158,ok,debt,6069,6829,2276,0,0
SP3-02159,ok,reserve,732,0,488,0,0
SP3-02160,ok,debt,122031,317284,48812,0,5328011
SP3-02161,ok,goals+,0,0,166519,157636,4520300
SP3-02162,ok,reserve,18315,0,12209,0,0
SP3-02163,ok,debt,453,510,170,0,32580
SP3-02164,ok,debt,2704,7033,1081,0,145055
SP3-02165,ok,debt,8396,21830,3358,0,0
SP3-02166,ok,reserve,8385,0,0,5589,0
SP3-02167,ok,reserve,1692,0,1128,0,0
SP3-02168,ok,debt,0,63252,27107,0,1222763
SP3-02169,ok,debt,2587,6728,1034,0,0
SP3-02170,deficit,none,0,0,0,0,2380099
SP3-02171,ok,goals+,0,0,9769,201178,15415358
SP3-02172,ok,debt,1977,5142,790,0,88409
SP3-02173,deficit,none,0,0,0,0,0
SP3-02174,invalid,none,0,0,0,0,0
SP3-02175,ok,goals+,0,0,96360,377624,3772214
SP3-02176,invalid,none,0,0,0,0,0
SP3-02177,ok,reserve,9112,0,6074,0,0
SP3-02178,deficit,none,0,0,0,0,0
SP3-02179,ok,debt,9650289,10856577,3618858,0,148040569
SP3-02180,ok,debt,594,1548,237,0,0
SP3-02181,ok,debt,2147,5585,859,0,0
SP3-02182,invalid,none,0,0,0,0,0
SP3-02183,ok,goals+,0,0,15482,0,2685604
SP3-02184,deficit,none,0,0,0,0,0
SP3-02185,deficit,none,0,0,0,0,398697
SP3-02186,ok,debt,2384,6199,953,0,129808
SP3-02187,deficit,none,0,0,0,0,171527
SP3-02188,ok,debt,11542,30011,4617,0,86916
SP3-02189,ok,debt,23625,61427,9450,0,528731
SP3-02190,ok,debt,1951,5073,780,0,0
SP3-02191,deficit,none,0,0,0,0,1588632
SP3-02192,ok,debt,127,332,0,50,0
SP3-02193,deficit,none,0,0,0,0,106548
SP3-02194,ok,reserve,41606,0,27736,0,0
SP3-02195,deficit,none,0,0,0,0,0
SP3-02196,deficit,none,0,0,0,0,0
SP3-02197,ok,debt,3204,8334,0,1281,0
SP3-02198,ok,debt,11542,26762,7866,0,91015
SP3-02199,ok,reserve,252221213,0,168147475,0,6042189873
SP3-02200,ok,debt,1415,3679,566,0,0
SP3-02201,ok,debt,1751,1970,656,0,0
SP3-02202,ok,reserve,10244,0,0,6829,0
SP3-02203,ok,debt,3956,10289,1582,0,0
SP3-02204,ok,debt,10484,27261,4193,0,0
SP3-02205,ok,debt,4080,10611,1632,0,0
SP3-02206,ok,goals+,0,0,29810,0,126194
SP3-02207,ok,goals+,0,0,2361,16380,490756
SP3-02208,deficit,none,0,0,0,0,190536
SP3-02209,ok,debt,3502,9107,1401,0,23258
SP3-02210,ok,goals+,0,0,18591,0,1874942
SP3-02211,deficit,none,0,0,0,0,0
SP3-02212,ok,reserve,5147,0,3431,0,0
SP3-02213,ok,debt,2884,7500,1153,0,0
SP3-02214,deficit,none,0,0,0,0,0
SP3-02215,ok,debt,3525,9165,1410,0,0
SP3-02216,ok,debt,4055,10543,1622,0,0
SP3-02217,ok,reserve,51885,0,6920,27669,0
SP3-02218,ok,goals+,0,0,12364,36225,3946129
SP3-02219,ok,goals+,7966,0,6764,4808,0
SP3-02220,ok,debt,650,1693,0,260,0
SP3-02221,ok,goals+,0,0,131286,453641,6061405
SP3-02222,deficit,none,0,0,0,0,0
SP3-02223,deficit,none,0,0,0,0,495147
SP3-02224,deficit,none,0,0,0,0,3145836
SP3-02225,invalid,none,0,0,0,0,0
SP3-02226,ok,reserve,9804,0,6536,0,0
SP3-02227,ok,reserve,6854,0,0,4568,0
SP3-02228,ok,debt,2648,6886,1059,0,94803
SP3-02229,ok,reserve,22211,0,6775,8031,0
SP3-02230,ok,debt,32773,85211,13109,0,2718100
SP3-02231,ok,debt,170,445,68,0,51371
SP3-02232,ok,debt,1702,1915,638,0,0
SP3-02233,ok,debt,906,2358,362,0,0
SP3-02234,deficit,none,0,0,0,0,9336090
SP3-02235,ok,goals+,0,0,6963,0,112453
SP3-02236,ok,debt,4519,11753,1807,0,11563
SP3-02237,ok,reserve,70296,0,3802,43060,1090882
SP3-02238,deficit,none,0,0,0,0,31090
SP3-02239,ok,goals+,0,0,0,409322,1996282
SP3-02240,invalid,none,0,0,0,0,0
SP3-02241,ok,reserve,4557,0,3038,0,0
SP3-02242,deficit,none,0,0,0,0,329791
SP3-02243,ok,goals+,16411,0,17855,0,0
SP3-02244,deficit,none,0,0,0,0,132729
SP3-04040,invalid,none,0,0,0,0,0
SP3-02246,deficit,none,0,0,0,0,2716531
SP3-02247,ok,reserve,32024,0,7851,13498,0
SP3-02248,ok,reserve,3743,0,2494,0,0
SP3-02249,ok,reserve,10887,0,4436,2820,0
SP3-02250,deficit,none,0,0,0,0,4951475
SP3-02251,ok,goals+,0,0,0,15096,207066
SP3-02252,deficit,none,0,0,0,0,776665
SP3-02253,ok,debt,1864,4850,0,745,0
SP3-02254,deficit,none,0,0,0,0,364841
SP3-02255,deficit,none,0,0,0,0,114094
SP3-02256,ok,goals+,0,0,19588,0,139505
SP3-02257,deficit,none,0,0,0,0,14682
SP3-02258,deficit,none,0,0,0,0,0
SP3-02259,ok,debt,5418,14088,2167,0,0
SP3-02260,ok,debt,2958,7693,1183,0,276909
SP3-02261,ok,debt,1066,2775,202,224,23137
SP3-02262,ok,debt,3050,7930,1220,0,0
SP3-02263,deficit,none,0,0,0,0,0
SP3-02264,ok,goals+,0,0,27351,423121,3401025
SP3-02265,deficit,none,0,0,0,0,0
SP3-02266,ok,reserve,3393,0,2262,0,0
SP3-02267,ok,debt,1038,2702,415,0,36210
SP3-02268,ok,debt,52,137,21,0,0
SP3-02269,ok,reserve,2480,0,1653,0,0
SP3-02270,ok,debt,3175,8256,1270,0,0
SP3-02271,deficit,none,0,0,0,0,19396884
SP3-02272,ok,debt,186,485,0,74,545195
SP3-02273,ok,debt,310,809,124,0,0
SP3-02274,ok,debt,1305,3394,522,0,505156
SP3-02275,deficit,none,0,0,0,0,2223551
SP3-02276,ok,goals+,0,0,75644,0,0
SP3-02277,ok,debt,2686,6987,1074,0,0
SP3-02278,ok,debt,5746,14942,0,2298,0
SP3-02279,ok,reserve,3614,0,2409,0,0
SP3-02280,ok,reserve,10627,0,733,6350,0
SP3-02281,deficit,none,0,0,0,0,0
SP3-02282,deficit,none,0,0,0,0,1884280
SP3-02283,invalid,none,0,0,0,0,0
SP3-02284,ok,debt,339,882,135,0,0
SP3-02285,ok,debt,7357,8278,2759,0,0
SP3-02286,ok,debt,6254,16264,2501,0,0
SP3-02287,deficit,none,0,0,0,0,13289790
SP3-02288,deficit,none,0,0,0,0,1818702
SP3-02289,ok,goals+,0,0,3804,107,0
SP3-02290,deficit,none,0,0,0,0,0
SP3-02291,deficit,none,0,0,0,0,1360353
SP3-02292,deficit,none,0,0,0,0,581161
SP3-02293,ok,reserve,131885,0,87922,0,0
SP3-02294,ok,reserve,31616,0,21076,0,0
SP3-02295,deficit,none,0,0,0,0,0
SP3-02296,deficit,none,0,0,0,0,581161
SP3-02297,ok,debt,0,12482,5349,0,140507
SP3-02298,ok,debt,46,122,18,0,0
SP3-02299,deficit,none,0,0,0,0,0
SP3-02300,ok,debt,13553,35239,2342,3078,0
SP3-02301,deficit,none,0,0,0,0,673834
SP3-02302,ok,debt,3929,10217,944,627,0
SP3-02303,invalid,none,0,0,0,0,0
SP3-02304,deficit,none,0,0,0,0,0
SP3-02305,ok,goals+,0,0,5374,0,122595
SP3-02306,ok,debt,3664,9527,1465,0,0
SP3-02307,deficit,none,0,0,0,0,0
SP3-02308,deficit,none,0,0,0,0,1982611
SP3-02309,ok,debt,6994,7869,0,2623,0
SP3-02310,ok,debt,46,122,18,0,0
SP3-02311,deficit,none,0,0,0,0,12082574
SP3-02312,ok,debt,558,1454,223,0,0
SP3-02313,deficit,none,0,0,0,0,257139
SP3-02314,ok,reserve,24250,0,4852,11314,0
SP3-02315,ok,debt,228,593,91,0,0
SP3-02316,ok,debt,1295,3370,0,518,17992
SP3-02317,deficit,none,0,0,0,0,2541918
SP3-02318,ok,goals+,0,0,12334,275818,471548
SP3-02319,ok,debt,16090,41835,6436,0,2223036
SP3-02320,ok,goals+,0,0,15822,44992,62938
SP3-02321,ok,debt,6083,15817,2433,0,0
SP3-02322,ok,debt,2043,5315,817,0,0
SP3-02323,ok,goals+,0,0,48352,8093,1240108
SP3-02324,deficit,none,0,0,0,0,5411960
SP3-02325,ok,goals+,0,0,206146,0,2527722
SP3-02326,ok,debt,8984,10109,0,3369,54361
SP3-02327,ok,reserve,8528,0,5685,0,0
SP3-02328,deficit,none,0,0,0,0,41159
SP3-02329,ok,goals+,10318,0,22154,0,0
SP3-02330,ok,debt,555,1444,222,0,2589235
SP3-02331,ok,debt,115039,299103,46015,0,0
SP3-02332,deficit,none,0,0,0,0,430837
SP3-02333,ok,debt,11881,30893,4752,0,0
SP3-02334,ok,debt,3218,8371,399,887,75436
SP3-02335,invalid,none,0,0,0,0,0
SP3-02336,deficit,none,0,0,0,0,11033
SP3-02337,deficit,none,0,0,0,0,451728
SP3-02338,ok,reserve,4604,0,3069,0,0
SP3-02339,ok,debt,1923,5003,769,0,19095
SP3-02340,deficit,none,0,0,0,0,0
SP3-02341,ok,reserve,14071,0,0,9381,0
SP3-02342,deficit,none,0,0,0,0,0
SP3-02343,deficit,none,0,0,0,0,1750353
SP3-02344,ok,reserve,15359,0,0,10239,0
SP3-02345,ok,debt,104,272,41,0,21128
SP3-02346,ok,debt,88,230,35,0,250591
SP3-02347,ok,debt,6056,6813,2271,0,0
SP3-02348,ok,debt,1538,4000,390,224,0
SP3-02349,ok,debt,5655,6363,2120,0,0
SP3-02350,deficit,none,0,0,0,0,0
SP3-02351,deficit,none,0,0,0,0,0
SP3-02352,deficit,none,0,0,0,0,0
SP3-02353,ok,debt,2982,7756,1193,0,0
SP3-02354,deficit,none,0,0,0,0,0
SP3-02355,ok,debt,451,1173,180,0,0
SP3-02356,deficit,none,0,0,0,0,0
SP3-02357,ok,reserve,47574,0,31715,0,0
SP3-02358,ok,debt,0,1761,0,754,119900
SP3-02359,ok,debt,1781,4631,712,0,41487
SP3-02360,ok,debt,28164466,73227615,11265786,0,4209386098
SP3-02361,ok,debt,1781,4631,712,0,43211
SP3-02362,ok,reserve,80037,0,23853,29504,0
SP3-02363,deficit,none,0,0,0,0,0
SP3-02364,deficit,none,0,0,0,0,0
SP3-02365,deficit,none,0,0,0,0,1311370
SP3-02366,ok,reserve,5054,0,663,2704,130195
SP3-02367,deficit,none,0,0,0,0,0
SP3-02368,deficit,none,0,0,0,0,5492485
SP3-02369,deficit,none,0,0,0,0,54987
SP3-02370,ok,reserve,670,0,0,446,0
SP3-02371,deficit,none,0,0,0,0,0
SP3-02372,ok,reserve,8869,0,0,5912,0
SP3-02373,ok,debt,979,2548,0,391,0
SP3-02374,ok,debt,3090,8037,1236,0,94660
SP3-02375,ok,reserve,24865,0,7440,9137,0
SP3-02376,ok,debt,46260,120279,18504,0,1327321
SP3-02377,ok,reserve,12852,0,8567,0,0
SP3-02378,deficit,none,0,0,0,0,467997
SP3-02379,ok,debt,2133,5549,0,853,0
SP3-02380,deficit,none,0,0,0,0,91128
SP3-02381,deficit,none,0,0,0,0,10318948
SP3-02382,ok,debt,6541,17010,2616,0,0
SP3-02383,ok,debt,3538,9200,1415,0,0
SP3-02384,deficit,none,0,0,0,0,35378
SP3-02385,deficit,none,0,0,0,0,0
SP3-02386,ok,debt,3775,9816,1510,0,0
SP3-02387,ok,debt,9159,10304,3434,0,0
SP3-02388,ok,reserve,19883,0,7234,6021,0
SP3-02389,ok,reserve,8610,0,1447,4291,0
SP3-02390,ok,debt,8502,9566,3188,0,97858
SP3-02391,deficit,none,0,0,0,0,5696143
SP3-02392,ok,goals+,0,0,1287,0,316282
SP3-02393,invalid,none,0,0,0,0,0
SP3-02394,ok,debt,213312,239977,0,79992,933848
SP3-02395,ok,debt,5002,13008,0,2001,0
SP3-02396,ok,reserve,23868,0,15911,0,0
SP3-02397,ok,reserve,8693,0,3754,2040,0
SP3-02398,deficit,none,0,0,0,0,0
SP3-02399,deficit,none,0,0,0,0,0
SP3-02400,ok,debt,1642,4271,656,0,55134
SP3-02401,deficit,none,0,0,0,0,18477
SP3-02402,deficit,none,0,0,0,0,0
SP3-02403,ok,debt,1776,4618,710,0,28853
SP3-02404,ok,goals+,0,0,10749,1528,215197
SP3-02405,ok,debt,11353,12774,4257,0,0
SP3-02406,ok,goals+,0,0,921,29317,56883
SP3-02407,ok,reserve,30496,0,5320,15009,0
SP3-02408,ok,debt,2752,7157,1101,0,0
SP3-02409,deficit,none,0,0,0,0,81959
SP3-02410,deficit,none,0,0,0,0,0
SP3-02411,deficit,none,0,0,0,0,0
SP3-02412,ok,debt,6041,15707,2416,0,215949
SP3-02413,ok,debt,984,2562,0,393,0
SP3-02414,deficit,none,0,0,0,0,353789
SP3-02415,deficit,none,0,0,0,0,0
SP3-02416,ok,goals+,0,0,9734,0,84669
SP3-02417,deficit,none,0,0,0,0,0
SP3-02418,ok,reserve,21648,0,13096,1334,202972
SP3-02419,deficit,none,0,0,0,0,0
SP3-02420,ok,debt,664,1730,265,0,0
SP3-02421,deficit,none,0,0,0,0,419888
SP3-02422,deficit,none,0,0,0,0,13806089
SP3-02423,ok,goals+,0,0,531,8708,192448
SP3-02424,ok,debt,1237,3218,494,0,0
SP3-02425,ok,debt,1959,5094,783,0,0
SP3-02426,deficit,none,0,0,0,0,0
SP3-02427,ok,debt,13340,34687,0,5336,64729
SP3-02428,ok,reserve,15324,0,10216,0,0
SP3-02429,ok,reserve,3631,0,2420,0,24142
SP3-02430,ok,goals+,0,0,6400,482649,2788118
SP3-02431,ok,debt,830,935,0,311,0
SP3-02432,ok,debt,5951,6696,2231,0,0
SP3-02433,ok,debt,4426,11510,238,1531,236031
SP3-02434,ok,reserve,5022,0,3347,0,0
SP3-02435,ok,debt,194,506,77,0,0
SP3-02436,deficit,none,0,0,0,0,8133615
SP3-02437,ok,debt,3810,9907,0,1524,0
SP3-02438,ok,goals+,0,0,3033,0,508907
SP3-02439,ok,debt,2513,6537,1005,0,149999
SP3-02440,ok,goals+,0,0,20561,0,871389
SP3-02441,deficit,none,0,0,0,0,2441486
SP3-02442,ok,debt,2065,5369,826,0,50801
SP3-02443,ok,debt,30280,78729,12112,0,85911
SP3-02444,ok,debt,2952,7677,1180,0,0
SP3-02445,ok,reserve,6881,0,449,4137,0
SP3-02446,ok,reserve,2139,0,1104,321,0
SP3-02447,ok,reserve,5485,0,3657,0,0
SP3-02448,ok,debt,9442,24550,3776,0,0
SP3-02449,deficit,none,0,0,0,0,56305
SP3-02450,deficit,none,0,0,0,0,110805
SP3-02451,deficit,none,0,0,0,0,110805
SP3-02452,ok,debt,2784,3132,1044,0,0
SP3-02453,deficit,none,0,0,0,0,0
SP3-02454,ok,debt,8577,22301,2833,597,0
SP3-02455,invalid,none,0,0,0,0,0
SP3-02456,deficit,none,0,0,0,0,0
SP3-02457,ok,reserve,68080,0,8615,36770,0
SP3-02458,ok,reserve,41160,0,0,27439,0
SP3-02459,deficit,none,0,0,0,0,0
SP3-02460,ok,goals+,0,0,541,0,243732
SP3-02461,deficit,none,0,0,0,0,0
SP3-02462,deficit,none,0,0,0,0,1045644
SP3-02463,ok,debt,341,384,127,0,0
SP3-02464,ok,debt,1245,3241,478,19,185001
SP3-02465,ok,goals+,0,0,3765,208829,691113
SP3-02466,ok,goals+,0,0,0,36421,343638
SP3-02467,deficit,none,0,0,0,0,65107
SP3-02468,ok,reserve,30656,0,20437,0,0
SP3-02469,deficit,none,0,0,0,0,355541
SP3-02470,deficit,none,0,0,0,0,0
SP3-02471,ok,debt,977,2542,391,0,43348
SP3-02472,deficit,none,0,0,0,0,0
SP3-02473,deficit,none,0,0,0,0,4057349
SP3-02474,deficit,none,0,0,0,0,0
SP3-02475,ok,debt,1237,3218,494,0,19790
SP3-02476,ok,goals+,0,0,12747,112388,1097856
SP3-02477,deficit,none,0,0,0,0,158981
SP3-02478,deficit,none,0,0,0,0,537052
SP3-02479,ok,debt,45112,50752,5035,11881,1392515
SP3-02480,ok,debt,958,2492,383,0,0
SP3-02481,invalid,none,0,0,0,0,0
SP3-02482,ok,reserve,3018,0,0,2012,0
SP3-02483,ok,debt,1180,3069,472,0,0
SP3-02484,ok,debt,3774,9814,1509,0,113429
SP3-02485,deficit,none,0,0,0,0,11783734
SP3-02486,ok,debt,5927,6670,2222,0,0
SP3-02487,ok,reserve,6856,0,1407,3162,0
SP3-02488,ok,debt,8193,9218,3072,0,27102
SP3-02489,deficit,none,0,0,0,0,0
SP3-02490,ok,debt,1237,3218,494,0,19790
SP3-02491,ok,debt,5757,14970,2303,0,14915
SP3-02492,ok,goals+,0,0,0,4707,54387
SP3-02493,ok,goals+,0,0,1793,2791,0
SP3-02494,ok,debt,2470,2780,0,926,0
SP3-02495,deficit,none,0,0,0,0,0
SP3-02496,ok,debt,6384,16600,2553,0,78117
SP3-02497,ok,reserve,2993,0,870,1123,0
SP3-02498,ok,debt,3155,8205,1000,262,18827
SP3-02499,ok,reserve,33111,0,0,22074,0
SP3-02500,ok,goals+,0,0,2594,7670,2287952
SP3-02501,deficit,none,0,0,0,0,0
SP3-02502,deficit,none,0,0,0,0,17265
SP3-02503,ok,goals+,0,0,11136,113443,13526951
SP3-02504,ok,goals+,5470,0,0,103206,0
SP3-02505,deficit,none,0,0,0,0,22835
SP3-02506,ok,reserve,13880,0,9253,0,153198
SP3-02507,deficit,none,0,0,0,0,0
SP3-02508,ok,debt,4396,11430,1758,0,0
SP3-02509,deficit,none,0,0,0,0,4761780
SP3-02510,deficit,none,0,0,0,0,260717
SP3-02511,ok,goals+,0,0,10125,11641,0
SP3-02512,ok,goals+,0,0,28689,0,179390
SP3-02513,ok,goals+,0,0,3195,32488,597794
SP3-02514,deficit,none,0,0,0,0,2607171
SP3-02515,deficit,none,0,0,0,0,0
SP3-02516,ok,reserve,274881,0,75417,107835,0
SP3-02517,ok,debt,2046,5322,0,818,298564
SP3-02518,deficit,none,0,0,0,0,28627
SP3-02519,deficit,none,0,0,0,0,5107247
SP3-02520,deficit,none,0,0,0,0,858805
SP3-02521,ok,debt,11861,30841,4744,0,0
SP3-02522,deficit,none,0,0,0,0,445875
SP3-02523,ok,goals+,0,0,0,736055,5228416
SP3-02524,deficit,none,0,0,0,0,2709160
SP3-02525,ok,goals+,0,0,0,141955,229033
SP3-02526,ok,debt,1518,3947,607,0,0
SP3-02527,deficit,none,0,0,0,0,0
SP3-02528,ok,goals+,0,0,0,313714,2992877
SP3-02529,ok,debt,2662,6923,1064,0,0
SP3-02530,ok,debt,944,2457,377,0,0
SP3-02531,ok,debt,2366,6152,0,946,0
SP3-02532,ok,debt,5818,15128,2327,0,219975
SP3-02533,ok,debt,5923,15403,0,2369,0
SP3-02534,ok,reserve,33814,0,22543,0,0
SP3-02535,ok,reserve,12077,0,6202,1848,0
SP3-02536,deficit,none,0,0,0,0,9279895
SP3-02537,ok,reserve,2667,0,1778,0,0
SP3-02538,ok,goals+,18950,14509,10200,32143,0
SP3-02539,deficit,none,0,0,0,0,307265
SP3-02540,ok,debt,3404,8854,1361,0,183534
SP3-02541,ok,debt,42105017,109473047,16842007,0,2354293233
SP3-02542,ok,goals+,0,0,0,11719,2657292
SP3-02543,ok,none,0,0,0,0,0
SP3-02544,deficit,none,0,0,0,0,0
SP3-02545,ok,goals+,0,0,4846,1512,307714
SP3-02546,ok,debt,436,1137,174,0,0
SP3-02547,ok,debt,4001,10403,1600,0,11538
SP3-02548,deficit,none,0,0,0,0,8832545
SP3-02549,ok,debt,1787,4648,714,0,0
SP3-02550,deficit,none,0,0,0,0,0
SP3-02551,deficit,none,0,0,0,0,0
SP3-02552,ok,debt,482,1254,0,192,0
SP3-02553,ok,debt,3906,10157,1562,0,0
SP3-02554,ok,debt,1337,1505,0,501,0
SP3-02555,ok,debt,1614,4200,645,0,0
SP3-02556,ok,reserve,11892,0,7928,0,0
SP3-02557,ok,debt,4259,11077,1703,0,0
SP3-02558,ok,reserve,33333,0,0,22221,0
SP3-02559,deficit,none,0,0,0,0,0
SP3-02560,ok,debt,12315,32021,4926,0,0
SP3-02561,ok,reserve,15136,0,6467,3622,313350
SP3-02562,ok,reserve,35368,0,3563,20015,0
SP3-02563,ok,goals+,0,0,20678,8058,0
SP3-02564,ok,reserve,17631,0,0,11754,0
SP3-02565,ok,debt,17705,46036,7082,0,71811
SP3-02566,ok,debt,17941,46647,7176,0,0
SP3-02567,ok,debt,6915,17979,0,2766,0
SP3-02568,ok,goals+,0,0,21608,2756,5930774
SP3-02569,ok,debt,3685,9582,1474,0,0
SP3-02570,ok,reserve,32840,0,17146,4747,0
SP3-02571,ok,debt,4460,11599,1784,0,184436
SP3-02572,ok,debt,3685,9582,1474,0,0
SP3-02573,ok,debt,1574,4094,629,0,13889
SP3-02574,ok,reserve,13952,0,9301,0,0
SP3-02575,deficit,none,0,0,0,0,0
SP3-02576,ok,debt,2921,7597,1168,0,17313
SP3-02577,deficit,none,0,0,0,0,0
SP3-02578,deficit,none,0,0,0,0,2358959
SP3-02579,ok,debt,1346,3502,538,0,0
SP3-02580,deficit,none,0,0,0,0,0
SP3-02581,deficit,none,0,0,0,0,119060
SP3-02582,deficit,none,0,0,0,0,0
SP3-02583,deficit,none,0,0,0,0,1279438
SP3-02584,ok,debt,11488210,29869348,4595284,0,517695838
SP3-02585,ok,reserve,25207,0,11599,5205,0
SP3-02586,deficit,none,0,0,0,0,0
SP3-02587,deficit,none,0,0,0,0,253801
SP3-02588,ok,debt,7212,18753,2884,0,0
SP3-02589,ok,debt,4807,12500,1923,0,0
SP3-02590,ok,goals+,0,0,41291,7137,1446904
SP3-02591,ok,debt,2187,5688,875,0,0
SP3-02592,ok,reserve,9246,0,6164,0,0
SP3-02593,deficit,none,0,0,0,0,1651094
SP3-02594,deficit,none,0,0,0,0,0
SP3-02595,ok,reserve,7945,0,5296,0,0
SP3-02596,ok,debt,556,1446,222,0,89168
SP3-02597,deficit,none,0,0,0,0,0
SP3-02598,ok,reserve,6590,0,4393,0,0
SP3-02599,deficit,none,0,0,0,0,15175
SP3-02600,ok,debt,0,942,403,0,29923
SP3-02601,deficit,none,0,0,0,0,146963
SP3-02602,invalid,none,0,0,0,0,0
SP3-02603,ok,debt,2234,5811,893,0,98470
SP3-02604,deficit,none,0,0,0,0,0
SP3-02605,deficit,none,0,0,0,0,0
SP3-02606,deficit,none,0,0,0,0,0
SP3-02607,ok,debt,435,1131,174,0,0
SP3-02608,ok,debt,341,889,136,0,142004
SP3-02609,deficit,none,0,0,0,0,82492
SP3-02610,ok,debt,1462,3802,584,0,0
SP3-02611,invalid,none,0,0,0,0,0
SP3-02612,ok,reserve,2636,0,1756,0,0
SP3-02613,ok,debt,33649,87490,11327,2132,1978029
SP3-02614,ok,goals+,0,0,0,167959,3518963
SP3-02615,deficit,none,0,0,0,0,58739
SP3-02616,deficit,none,0,0,0,0,0
SP3-02617,deficit,none,0,0,0,0,61901
SP3-02618,ok,debt,1463,3804,585,0,0
SP3-02619,ok,reserve,11988,0,7991,0,0
SP3-02620,ok,reserve,60143,0,8964,31130,0
SP3-02621,ok,reserve,11303,0,7535,0,0
SP3-02622,ok,debt,2409,6266,963,0,0
SP3-02623,deficit,none,0,0,0,0,0
SP3-02624,deficit,none,0,0,0,0,0
SP3-02625,deficit,none,0,0,0,0,330650
SP3-02626,ok,debt,697,1813,0,278,0
SP3-02627,deficit,none,0,0,0,0,0
SP3-02628,deficit,none,0,0,0,0,0
SP3-02629,deficit,none,0,0,0,0,198129
SP3-02630,ok,debt,1526,3971,610,0,0
SP3-02631,deficit,none,0,0,0,0,274470
SP3-02632,deficit,none,0,0,0,0,2850077
SP3-02633,ok,none,0,0,0,0,0
SP3-02634,ok,debt,32887,85508,13154,0,665533
SP3-02635,deficit,none,0,0,0,0,190693
SP3-02636,deficit,none,0,0,0,0,0
SP3-02637,ok,debt,6692,17402,2677,0,28734
SP3-02638,ok,goals+,0,0,5730,19353,552048
SP3-02639,deficit,none,0,0,0,0,64894
SP3-02640,ok,reserve,6882,0,4587,0,0
SP3-02641,deficit,none,0,0,0,0,17792424
SP3-02642,deficit,none,0,0,0,0,0
SP3-02643,deficit,none,0,0,0,0,0
SP3-02644,ok,debt,430,1121,172,0,64192
SP3-02645,deficit,none,0,0,0,0,11923554
SP3-02646,ok,debt,4687,12188,1875,0,31549
SP3-02647,ok,debt,702,1827,280,0,0
SP3-02648,deficit,none,0,0,0,0,6855965
SP3-02649,ok,debt,5804,15092,0,2321,0
SP3-02650,ok,debt,20039,22544,0,7514,0
SP3-02651,deficit,none,0,0,0,0,291776
SP3-02652,deficit,none,0,0,0,0,0
SP3-02653,invalid,none,0,0,0,0,0
SP3-02654,ok,debt,877,2282,0,351,0
SP3-02655,ok,goals+,0,0,2483,0,189866
SP3-02656,ok,goals+,0,0,0,19740,112082
SP3-02657,ok,debt,619,1613,247,0,0
SP3-02658,ok,debt,24704,64234,7305,2576,0
SP3-02659,deficit,none,0,0,0,0,0
SP3-02660,ok,goals+,0,0,0,42262,573296
SP3-02661,ok,goals+,0,0,545,13190,0
SP3-02662,deficit,none,0,0,0,0,0
SP3-02663,deficit,none,0,0,0,0,0
SP3-02664,deficit,none,0,0,0,0,0
SP3-02665,deficit,none,0,0,0,0,1110333
SP3-02666,deficit,none,0,0,0,0,0
SP3-02667,deficit,none,0,0,0,0,0
SP3-02668,deficit,none,0,0,0,0,39051
SP3-02669,deficit,none,0,0,0,0,5854684
SP3-02670,deficit,none,0,0,0,0,451484
SP3-02671,deficit,none,0,0,0,0,258005
SP3-02672,deficit,none,0,0,0,0,0
SP3-02673,deficit,none,0,0,0,0,0
SP3-02674,ok,reserve,2752,0,1835,0,170982
SP3-02675,deficit,none,0,0,0,0,0
SP3-02676,ok,debt,2120,5512,848,0,0
SP3-02677,ok,goals+,0,0,2938,50709,407414
SP3-02678,ok,debt,3209,8346,1283,0,0
SP3-02679,ok,debt,2493,6483,997,0,0
SP3-02680,deficit,none,0,0,0,0,738849
SP3-02681,invalid,none,0,0,0,0,0
SP3-02682,deficit,none,0,0,0,0,0
SP3-02683,ok,debt,4565,11869,1826,0,0
SP3-02684,ok,reserve,7736,0,1468,3687,0
SP3-02685,deficit,none,0,0,0,0,268561
SP3-02686,ok,goals+,0,0,5408,0,290216
SP3-02687,ok,debt,3798,9877,1519,0,571901
SP3-02688,ok,debt,5587,14529,2235,0,64852
SP3-02689,deficit,none,0,0,0,0,0
SP3-02690,deficit,none,0,0,0,0,17208
SP3-02691,ok,goals+,0,0,6544,7154,193370
SP3-02692,deficit,none,0,0,0,0,0
SP3-02693,ok,debt,4376,11381,1750,0,55059
SP3-02694,ok,debt,3981,10354,1592,0,36059
SP3-02695,ok,debt,1317,3427,527,0,0
SP3-02696,deficit,none,0,0,0,0,90652
SP3-02697,deficit,none,0,0,0,0,400433
SP3-02698,deficit,none,0,0,0,0,4237341
SP3-02699,deficit,none,0,0,0,0,0
SP3-02700,ok,goals+,0,0,10373,20839,1064131
SP3-02701,ok,reserve,3094,0,2063,0,0
SP3-02702,ok,reserve,39386,0,0,26257,0
SP3-02703,ok,debt,75,196,30,0,88104
SP3-02704,ok,reserve,64903,0,0,43268,0
SP3-02705,deficit,none,0,0,0,0,34796
SP3-02706,ok,goals+,0,0,0,4273,0
SP3-02707,ok,debt,70451644,183174275,28180657,0,2370186031
SP3-02708,invalid,none,0,0,0,0,0
SP3-02709,ok,reserve,3366,0,2244,0,0
SP3-02710,ok,debt,1630,4241,652,0,40876
SP3-02711,deficit,none,0,0,0,0,0
SP3-02712,ok,goals+,0,0,0,1741,230771
SP3-02713,deficit,none,0,0,0,0,0
SP3-02714,ok,debt,1550,1744,581,0,0
SP3-02715,invalid,none,0,0,0,0,0
SP3-02716,deficit,none,0,0,0,0,0
SP3-02717,ok,debt,8377,21781,0,3350,236414
SP3-02718,ok,debt,3499,9099,1399,0,203445
SP3-02719,deficit,none,0,0,0,0,0
SP3-02720,ok,goals+,0,0,12941,0,0
SP3-02721,ok,reserve,6076,0,4050,0,0
SP3-02722,ok,none,0,0,0,0,0
SP3-02723,ok,debt,5032,13084,0,2012,0
SP3-02724,deficit,none,0,0,0,0,0
SP3-02725,deficit,none,0,0,0,0,123784
SP3-02726,deficit,none,0,0,0,0,77424
SP3-02727,ok,debt,2704,7031,0,1081,29640
SP3-02728,ok,debt,1745,1964,0,654,121863
SP3-02729,deficit,none,0,0,0,0,0
SP3-02730,ok,debt,34994,90985,13997,0,2034458
SP3-02731,ok,reserve,2520,0,1680,0,0
SP3-02732,ok,goals+,0,0,11789,41747,88635
SP3-02733,ok,debt,1211,3152,484,0,0
SP3-02734,ok,reserve,27100,0,18066,0,0
SP3-02735,deficit,none,0,0,0,0,56401
SP3-02736,ok,debt,707,1841,283,0,48046
SP3-02737,deficit,none,0,0,0,0,0
SP3-02738,ok,debt,1206,3139,482,0,0
SP3-02739,ok,reserve,6429,0,4286,0,53749
SP3-02740,invalid,none,0,0,0,0,0
SP3-02741,deficit,none,0,0,0,0,0
SP3-02742,deficit,none,0,0,0,0,83791
SP3-02743,deficit,none,0,0,0,0,1675426
SP3-02744,ok,debt,876,2279,350,0,20515
SP3-02745,ok,debt,4978,12945,1991,0,253195
SP3-02746,ok,debt,19903,51751,7702,259,0
SP3-02747,ok,reserve,37671,0,19812,5300,0
SP3-02748,ok,debt,6453,16780,2581,0,174103
SP3-02749,invalid,none,0,0,0,0,0
SP3-02750,deficit,none,0,0,0,0,0
SP3-02751,ok,debt,840,2187,336,0,0
SP3-02752,ok,debt,3020,7852,1208,0,45692
SP3-02753,deficit,none,0,0,0,0,0
SP3-02754,deficit,none,0,0,0,0,0
SP3-02755,deficit,none,0,0,0,0,274590
SP3-02756,ok,debt,6441,7248,1000,1415,0
SP3-02757,deficit,none,0,0,0,0,758033
SP3-02758,ok,debt,1876,4881,750,0,175294
SP3-02759,deficit,none,0,0,0,0,11449
SP3-02760,deficit,none,0,0,0,0,0
SP3-02761,deficit,none,0,0,0,0,203858
SP3-02762,deficit,none,0,0,0,0,0
SP3-02763,ok,reserve,16929,0,6044,5240,0
SP3-02764,ok,reserve,11323,0,7548,0,0
SP3-02765,ok,debt,8764,22787,1347,2158,648424
SP3-02766,ok,goals+,0,0,35362,0,335153
SP3-02767,ok,debt,1001,1127,0,375,0
SP3-00766,invalid,none,0,0,0,0,0
SP3-02769,deficit,none,0,0,0,0,1651812
SP3-02770,deficit,none,0,0,0,0,3780879
SP3-02771,ok,debt,1950,3893,1957,0,395951
SP3-02772,ok,debt,550,619,0,206,142959
SP3-02773,deficit,none,0,0,0,0,0
SP3-02774,ok,debt,240,626,96,0,0
SP3-02775,ok,debt,2240,5826,896,0,0
SP3-02776,invalid,none,0,0,0,0,0
SP3-02777,deficit,none,0,0,0,0,1896291
SP3-02778,ok,debt,347,903,0,138,0
SP3-02779,ok,goals+,0,0,58574,0,0
SP3-02780,invalid,none,0,0,0,0,0
SP3-02781,deficit,none,0,0,0,0,119144
SP3-02782,ok,debt,2592,2917,972,0,0
SP3-02783,deficit,none,0,0,0,0,1787769
SP3-02784,deficit,none,0,0,0,0,3403887
SP3-02785,ok,debt,252,656,100,0,20340
SP3-02786,deficit,none,0,0,0,0,8188673
SP3-02787,deficit,none,0,0,0,0,0
SP3-02788,ok,debt,1870,4864,748,0,0
SP3-02789,deficit,none,0,0,0,0,0
SP3-02790,ok,debt,444,1155,177,0,0
SP3-02791,ok,debt,6939,7808,2602,0,0
SP3-02792,deficit,none,0,0,0,0,361260
SP3-02793,ok,reserve,1418,0,945,0,0
SP3-02794,deficit,none,0,0,0,0,149634
SP3-02795,deficit,none,0,0,0,0,572354
SP3-02796,ok,reserve,3506,0,648,1689,149274
SP3-02797,deficit,none,0,0,0,0,0
SP3-02798,deficit,none,0,0,0,0,0
SP3-02799,deficit,none,0,0,0,0,0
SP3-02800,ok,debt,8674,22556,3469,0,0
SP3-02801,ok,goals+,0,0,40609,0,919595
SP3-02802,ok,debt,1358,3532,543,0,622717
SP3-02803,ok,reserve,6548,0,4365,0,0
SP3-02804,ok,goals+,0,0,21858,689,0
SP3-02805,deficit,none,0,0,0,0,35810
SP3-02806,deficit,none,0,0,0,0,847093
SP3-02807,ok,debt,795,2067,318,0,0
SP3-02808,deficit,none,0,0,0,0,0
SP3-02809,deficit,none,0,0,0,0,21402
SP3-02810,ok,debt,690,1797,0,276,0
SP3-02811,deficit,none,0,0,0,0,1003806
SP3-02812,deficit,none,0,0,0,0,1263871
SP3-02813,ok,debt,252,656,100,0,20340
SP3-02814,ok,debt,4774,5373,1790,0,0
SP3-02815,deficit,none,0,0,0,0,0
SP3-02816,ok,debt,4370,11362,1748,0,38729
SP3-02817,ok,debt,1647,3482,0,1462,179016
SP3-02818,deficit,none,0,0,0,0,205888
SP3-02819,deficit,none,0,0,0,0,64219
SP3-02820,ok,debt,1267,3296,0,506,0
SP3-02821,ok,debt,1564,4068,625,0,0
SP3-02822,deficit,none,0,0,0,0,1981230
SP3-02823,invalid,none,0,0,0,0,0
SP3-02824,ok,debt,3490,9076,1396,0,0
SP3-02825,ok,debt,962,2503,384,0,0
SP3-02826,ok,goals+,0,0,88272,0,18212514
SP3-02827,deficit,none,0,0,0,0,313813
SP3-02828,ok,debt,1896,4933,758,0,0
SP3-02829,deficit,none,0,0,0,0,0
SP3-02830,ok,reserve,4207,0,2804,0,33927
SP3-02831,deficit,none,0,0,0,0,368715
SP3-02832,deficit,none,0,0,0,0,6739408
SP3-02833,ok,debt,7460,19398,2586,397,110319
SP3-02834,ok,reserve,40936,0,21727,5563,0
SP3-02835,ok,debt,22885,59503,9154,0,0
SP3-02836,ok,debt,2598,2924,974,0,0
SP3-02837,ok,reserve,11388,0,7592,0,0
SP3-02838,ok,debt,3558,9254,1423,0,0
SP3-02839,deficit,none,0,0,0,0,0
SP3-02840,ok,reserve,7175,0,0,4782,0
SP3-02841,ok,reserve,15616,0,2217,8193,0
SP3-02842,invalid,none,0,0,0,0,0
SP3-02843,ok,reserve,16298,0,6642,4222,0
SP3-02844,ok,reserve,8638,0,0,5758,0
SP3-02845,ok,debt,2207,5739,882,0,0
SP3-02846,ok,reserve,12972,0,0,8647,0
SP3-02847,ok,debt,1206,3138,482,0,0
SP3-02848,ok,debt,75912,197372,30364,0,0
SP3-02849,ok,goals+,0,0,23681,3807,0
SP3-02850,invalid,none,0,0,0,0,0
SP3-02851,deficit,none,0,0,0,0,304655
SP3-02852,deficit,none,0,0,0,0,8273697
SP3-02853,deficit,none,0,0,0,0,0
SP3-02854,ok,debt,13294,34568,5317,0,0
SP3-02855,ok,debt,26276,29562,9853,0,0
SP3-02856,deficit,none,0,0,0,0,0
SP3-02857,ok,debt,4088,10631,1635,0,0
SP3-02858,ok,goals+,0,0,47911,0,2950034
SP3-02859,ok,reserve,13466,0,8623,353,0
SP3-02860,ok,reserve,4097,0,2731,0,301215
SP3-02861,ok,debt,52545,136618,19468,1549,180604
SP3-02862,ok,debt,864,2248,345,0,521137
SP3-02863,ok,debt,6149,6919,0,2306,0
SP3-02864,deficit,none,0,0,0,0,1901091
SP3-02865,ok,debt,841,2187,0,336,19438
SP3-02866,deficit,none,0,0,0,0,0
SP3-02867,ok,debt,7948,20667,3179,0,117606
SP3-02868,ok,goals+,0,0,253,15496,294440
SP3-02869,ok,debt,1119,2911,447,0,0
SP3-02870,deficit,none,0,0,0,0,3925201
SP3-02871,ok,none,0,0,0,0,0
SP3-02872,deficit,none,0,0,0,0,0
SP3-02873,deficit,none,0,0,0,0,348132
SP3-02874,ok,goals+,0,0,32089,6305,221699
SP3-02875,deficit,none,0,0,0,0,0
SP3-02876,deficit,none,0,0,0,0,0
SP3-02877,deficit,none,0,0,0,0,0
SP3-02878,deficit,none,0,0,0,0,15425
SP3-02879,deficit,none,0,0,0,0,0
SP3-02880,ok,goals+,0,0,40454,0,428120
SP3-02881,ok,debt,1050,2731,420,0,0
SP3-02882,ok,goals+,0,0,80051,125242,2985514
SP3-02883,ok,reserve,17386,0,787,10802,0
SP3-02884,ok,reserve,1145,0,0,763,0
SP3-02885,ok,debt,3151,8194,1260,0,0
SP3-02886,ok,debt,4601,11966,1840,0,0
SP3-02887,ok,goals+,5965,0,0,24993,0
SP3-02888,ok,debt,3490,9076,1396,0,0
SP3-02889,invalid,none,0,0,0,0,0
SP3-02890,deficit,none,0,0,0,0,219817
SP3-02891,deficit,none,0,0,0,0,0
SP3-02892,ok,debt,3747,9744,1499,0,0
SP3-02893,ok,debt,3540,3984,1327,0,0
SP3-02894,ok,debt,1623,1828,0,608,4050546
SP3-02895,ok,reserve,5167,0,3444,0,0
SP3-02896,ok,debt,6360,16539,2544,0,0
SP3-02897,ok,debt,1939,5043,775,0,64253
SP3-02898,deficit,none,0,0,0,0,2381328
SP3-02899,deficit,none,0,0,0,0,409865
SP3-02900,ok,goals+,0,0,477202,0,14301205
SP3-02901,deficit,none,0,0,0,0,69913
SP3-02902,ok,goals+,0,0,1369,16155,63098
SP3-02903,ok,debt,4756,5353,1330,453,0
SP3-02904,ok,debt,20698,53817,8279,0,0
SP3-02905,ok,reserve,4773,0,3181,0,336396
SP3-02906,deficit,none,0,0,0,0,284376
SP3-02907,ok,debt,1330,3461,532,0,0
SP3-02908,deficit,none,0,0,0,0,15814
SP3-02909,ok,debt,106,277,42,0,0
SP3-02910,ok,debt,1257,3271,503,0,770404
SP3-02911,ok,goals+,0,0,7471,75768,166977
SP3-02912,ok,debt,6320,16435,2528,0,191244
SP3-02913,ok,reserve,6118,0,4078,0,0
SP3-02914,ok,goals+,0,0,20930,16253,343427
SP3-02915,ok,debt,1245,3237,498,0,31641
SP3-02916,ok,debt,12329,32058,4807,124,492389
SP3-02917,ok,debt,1687,4388,0,675,0
SP3-02918,ok,goals+,0,0,7807,463020,1874145
SP3-02919,ok,reserve,6176,0,1000,3117,0
SP3-02920,deficit,none,0,0,0,0,261799
SP3-02921,ok,debt,5731,14903,2292,0,0
SP3-02922,ok,goals+,0,0,5510,21400,914710
SP3-02923,invalid,none,0,0,0,0,0
SP3-02924,deficit,none,0,0,0,0,133019
SP3-02925,ok,debt,4679,12166,1871,0,0
SP3-02926,ok,debt,17879,20115,6704,0,437524
SP3-02927,ok,debt,3235,8413,1294,0,0
SP3-02928,ok,reserve,4602,0,0,3068,0
SP3-02929,ok,debt,2872,7469,1149,0,167016
SP3-02930,invalid,none,0,0,0,0,0
SP3-02931,deficit,none,0,0,0,0,2895608
SP3-02932,ok,goals+,0,0,58520,32750,1555078
SP3-02933,deficit,none,0,0,0,0,24869
SP3-02934,deficit,none,0,0,0,0,55068
SP3-02935,ok,debt,1932,5026,0,773,23644
SP3-02936,ok,debt,2625,6827,1050,0,0
SP3-02937,ok,goals+,0,12590,15389,0,1338367
SP3-02938,deficit,none,0,0,0,0,0
SP3-02939,deficit,none,0,0,0,0,0
SP3-02940,ok,goals+,0,0,35429,0,5136055
SP3-02941,ok,goals+,0,0,4473,1235,530835
SP3-02942,deficit,none,0,0,0,0,0
SP3-02943,ok,reserve,12593,0,0,8394,0
SP3-02944,ok,reserve,10832,0,0,7220,0
SP3-02945,deficit,none,0,0,0,0,234416
SP3-02946,ok,debt,2697,7014,1078,0,34932
SP3-02947,deficit,none,0,0,0,0,1487060
SP3-02948,ok,debt,2473,6431,989,0,0
SP3-02949,ok,reserve,209356,0,139571,0,0
SP3-02950,ok,debt,2508,2823,940,0,0
SP3-02951,ok,debt,20673,23258,4491,3261,0
SP3-02952,ok,debt,6698,17418,2679,0,298074
SP3-02953,deficit,none,0,0,0,0,0
SP3-02954,ok,debt,1687,4387,674,0,15406
SP3-02955,ok,reserve,181856,0,3953,117284,3107518
SP3-02956,deficit,none,0,0,0,0,327440
SP3-02957,ok,debt,994,2585,397,0,123965
SP3-02958,ok,debt,1790,4657,716,0,0
SP3-02959,invalid,none,0,0,0,0,0
SP3-02960,ok,debt,25385,66001,10154,0,6480459
SP3-02961,ok,goals+,0,0,0,44472,157895
SP3-02962,ok,reserve,1702,0,658,475,0
SP3-02963,ok,goals+,14038,0,9470,34837,0
SP3-02964,ok,debt,2033,5287,0,813,441600
SP3-02965,ok,reserve,11590,0,7726,0,327112
SP3-02966,ok,reserve,4821,0,3213,0,0
SP3-02967,deficit,none,0,0,0,0,0
SP3-02968,deficit,none,0,0,0,0,343069
SP3-02969,deficit,none,0,0,0,0,17466263
SP3-02970,ok,debt,882,2295,353,0,0
SP3-02971,ok,reserve,65334,0,0,43556,0
SP3-02972,ok,debt,1939,5043,775,0,65385
SP3-02973,deficit,none,0,0,0,0,0
SP3-02974,deficit,none,0,0,0,0,0
SP3-02975,ok,debt,4813,45696,2045,17746,112201
SP3-02976,ok,reserve,4340,0,0,2893,0
SP3-02977,ok,debt,592,1541,237,0,0
SP3-02978,ok,debt,4019,10453,1607,0,21541
SP3-02979,ok,goals+,0,0,6724,0,0
SP3-02980,ok,debt,7350,19110,0,2940,162483
SP3-02981,deficit,none,0,0,0,0,9214827
SP3-02982,ok,reserve,2440,0,1626,0,179465
SP3-02983,ok,reserve,3524,0,1467,881,0
SP3-02984,ok,debt,1538,4000,615,0,0
SP3-02985,deficit,none,0,0,0,0,10823954
SP3-02986,deficit,none,0,0,0,0,0
SP3-02987,ok,debt,705,1835,282,0,0
SP3-02988,ok,none,0,0,0,0,363575
SP3-02989,ok,debt,7055,18343,2822,0,0
SP3-02990,ok,goals+,0,0,92405,47631,2746203
SP3-02991,deficit,none,0,0,0,0,330005
SP3-02992,ok,debt,4205,10935,1682,0,276154
SP3-02993,ok,debt,2296,5973,918,0,192437
SP3-02994,deficit,none,0,0,0,0,0
SP3-02995,ok,goals+,0,0,0,5132,482623
SP3-02996,deficit,none,0,0,0,0,1054472
SP3-02997,deficit,none,0,0,0,0,1920609
SP3-02998,deficit,none,0,0,0,0,0
SP3-02999,invalid,none,0,0,0,0,0
SP3-03000,deficit,none,0,0,0,0,155529
SP3-03001,ok,reserve,3548,0,2365,0,0
SP3-03002,deficit,none,0,0,0,0,482227
SP3-03003,ok,goals+,0,0,6516,133452,351577
SP3-03004,ok,reserve,34318,0,2232,20645,0
SP3-03005,deficit,none,0,0,0,0,1123136
SP3-03006,ok,goals+,0,0,2592,9472,0
SP3-03007,ok,debt,136,354,54,0,0
SP3-03008,ok,debt,23624,61423,9449,0,856816
SP3-03009,ok,reserve,13338,0,3696,5195,0
SP3-03010,deficit,none,0,0,0,0,1464511
SP3-03011,ok,debt,2977,7743,1191,0,0
SP3-03012,ok,reserve,19039,0,3167,9524,0
SP3-03013,ok,debt,0,3869,0,1657,31372
SP3-03014,invalid,none,0,0,0,0,0
SP3-03015,deficit,none,0,0,0,0,0
SP3-03016,ok,debt,2566,6673,1026,0,47028
SP3-03017,deficit,none,0,0,0,0,168877
SP3-03018,ok,reserve,4817,0,3211,0,0
SP3-03019,ok,debt,3019,7852,1207,0,0
SP3-03020,ok,debt,9910,11151,3716,0,0
SP3-03021,ok,debt,770,2002,0,308,0
SP3-03022,ok,goals+,0,0,146359968,0,1783175042
SP3-03023,deficit,none,0,0,0,0,0
SP3-03024,deficit,none,0,0,0,0,67349
SP3-03025,invalid,none,0,0,0,0,0
SP3-03026,ok,reserve,38675,0,5105,20677,0
SP3-03027,deficit,none,0,0,0,0,338676
SP3-03028,deficit,none,0,0,0,0,0
SP3-03029,ok,debt,658,1713,263,0,242125
SP3-03030,deficit,none,0,0,0,0,0
SP3-03031,ok,debt,4390,4941,610,1036,0
SP3-03032,deficit,none,0,0,0,0,0
SP3-03033,ok,debt,10153651,11422859,3807619,0,168458402
SP3-03034,ok,goals+,0,0,890,0,236763
SP3-03035,ok,goals+,0,0,14629,0,1300450
SP3-03036,invalid,none,0,0,0,0,0
SP3-03037,ok,goals+,0,0,1837,2549,0
SP3-03038,deficit,none,0,0,0,0,96160
SP3-03039,ok,debt,8552,9622,0,3207,0
SP3-03040,deficit,none,0,0,0,0,652115
SP3-03041,ok,debt,892,2320,356,0,12996
SP3-03042,ok,debt,2000,5202,0,800,0
SP3-03043,deficit,none,0,0,0,0,0
SP3-03044,deficit,none,0,0,0,0,13384314
SP3-03045,deficit,none,0,0,0,0,250461
SP3-03046,deficit,none,0,0,0,0,1054333
SP3-03047,ok,goals+,0,0,0,40720,99544
SP3-03048,deficit,none,0,0,0,0,0
SP3-03049,deficit,none,0,0,0,0,57622
SP3-03050,deficit,none,0,0,0,0,0
SP3-03051,invalid,none,0,0,0,0,0
SP3-03052,ok,goals+,0,0,72846445,101194161,1718021833
SP3-03053,ok,reserve,17483,0,9246,2408,0
SP3-03054,ok,reserve,19784,0,7060,6128,0
SP3-03055,deficit,none,0,0,0,0,715772
SP3-03056,deficit,none,0,0,0,0,262647
SP3-03057,deficit,none,0,0,0,0,156914
SP3-03058,invalid,none,0,0,0,0,0
SP3-03059,ok,debt,8635,22452,3454,0,410289
SP3-03060,deficit,none,0,0,0,0,0
SP3-03061,ok,debt,1640,4267,0,656,0
SP3-03062,deficit,none,0,0,0,0,577391
SP3-03063,ok,reserve,2950,0,1966,0,0
SP3-03064,deficit,none,0,0,0,0,0
SP3-03065,ok,debt,1791,4657,716,0,0
SP3-03066,ok,reserve,34173,0,9785,12995,0
SP3-03067,ok,debt,8992,23382,3597,0,410289
SP3-03068,ok,reserve,17928,0,11952,0,0
SP3-03069,ok,debt,4883,12698,1953,0,0
SP3-03070,ok,debt,6,16,2,0,0
SP3-03071,deficit,none,0,0,0,0,0
SP3-03072,deficit,none,0,0,0,0,0
SP3-03073,deficit,none,0,0,0,0,4711551
SP3-03074,ok,debt,11952,13446,4482,0,0
SP3-03075,ok,goals+,0,0,3563,9639,88385
SP3-03076,ok,goals+,0,0,140331,0,5771598
SP3-03077,ok,debt,547,1424,218,0,24834
SP3-05718,invalid,none,0,0,0,0,0
SP3-03079,deficit,none,0,0,0,0,60416
SP3-03080,ok,debt,3442,8950,1376,0,32584
SP3-03081,invalid,none,0,0,0,0,0
SP3-03082,ok,goals+,0,0,1080,2118,114532
SP3-03083,ok,debt,1654,4303,661,0,222465
SP3-03084,ok,goals+,0,0,962,2236,114532
SP3-03085,deficit,none,0,0,0,0,1158054
SP3-03086,deficit,none,0,0,0,0,0
SP3-03087,deficit,none,0,0,0,0,0
SP3-03088,ok,reserve,5523,0,3681,0,0
SP3-03089,deficit,none,0,0,0,0,0
SP3-03090,deficit,none,0,0,0,0,0
SP3-03091,deficit,none,0,0,0,0,11674750
SP3-03092,ok,goals+,0,0,2429,190860,0
SP3-03093,ok,goals+,0,0,7923,14059,56941
SP3-03094,deficit,none,0,0,0,0,0
SP3-03095,deficit,none,0,0,0,0,0
SP3-03096,deficit,none,0,0,0,0,104132
SP3-03097,ok,debt,60,156,24,0,0
SP3-03098,ok,reserve,21105,0,0,14070,0
SP3-03099,ok,debt,27257,70870,10903,0,0
SP3-03100,ok,debt,5792,15062,0,2317,0
SP3-03101,ok,debt,2445,6359,360,617,85441
SP3-03102,deficit,none,0,0,0,0,136998
SP3-03103,ok,reserve,2007,0,1337,0,0
SP3-03104,ok,debt,0,16448,7049,0,120672
SP3-03105,ok,debt,8995,23388,3598,0,0
SP3-03106,deficit,none,0,0,0,0,0
SP3-03107,ok,debt,1462,3804,585,0,0
SP3-03108,deficit,none,0,0,0,0,138505
SP3-03109,deficit,none,0,0,0,0,0
SP3-03110,ok,debt,9461,24602,3784,0,259132
SP3-03111,ok,debt,186,485,74,0,146211
SP3-03112,ok,goals+,0,0,793,0,1002736
SP3-03113,ok,goals+,0,0,12627,50139,0
SP3-03114,ok,debt,0,16448,7049,0,123637
SP3-03115,ok,goals+,0,0,85424,11262,0
SP3-03116,ok,debt,3540,3984,1327,0,0
SP3-03117,ok,debt,4860,5468,1822,0,0
SP3-03118,ok,debt,2381,6191,952,0,0
SP3-03119,ok,goals+,0,0,7462,0,1970522
SP3-03120,deficit,none,0,0,0,0,1628574
SP3-03121,deficit,none,0,0,0,0,0
SP3-03122,ok,debt,1715,4460,686,0,131327
SP3-03123,deficit,none,0,0,0,0,611699
SP3-03124,deficit,none,0,0,0,0,562294
SP3-03125,deficit,none,0,0,0,0,1006890
SP3-03126,ok,debt,3884,10102,1553,0,46084
SP3-03127,ok,debt,0,31503,13501,0,2020017
SP3-03128,ok,reserve,36498,0,24331,0,0
SP3-03129,ok,debt,1095,2847,438,0,0
SP3-03130,deficit,none,0,0,0,0,3686469
SP3-03131,ok,debt,23812,61912,9524,0,0
SP3-03132,deficit,none,0,0,0,0,8237403
SP3-03133,invalid,none,0,0,0,0,0
SP3-03134,ok,reserve,90997,0,22291,38372,0
SP3-03135,ok,goals+,0,0,1036,9383,447422
SP3-03136,ok,reserve,4063,0,2709,0,0
SP3-03137,ok,debt,1294,3366,517,0,0
SP3-03138,invalid,none,0,0,0,0,0
SP3-03139,ok,debt,4949,12870,1979,0,0
SP3-03140,ok,reserve,9671,0,0,6447,0
SP3-03141,deficit,none,0,0,0,0,2560668
SP3-03142,ok,reserve,3221,0,243,1904,18846
SP3-03143,deficit,none,0,0,0,0,0
SP3-03144,ok,goals+,0,0,8184,118635,768478
SP3-03145,ok,debt,0,14,2,0,36053
SP3-03146,deficit,none,0,0,0,0,441706
SP3-03147,ok,goals+,0,0,0,85611,5745834
SP3-03148,deficit,none,0,0,0,0,0
SP3-04998,invalid,none,0,0,0,0,0
SP3-03150,ok,debt,1795,4669,718,0,255788
SP3-03151,ok,debt,2253,5860,901,0,0
SP3-03152,deficit,none,0,0,0,0,0
SP3-03153,ok,goals+,0,0,1036,10608,447422
SP3-03154,ok,debt,8216,9245,3081,0,188424
SP3-03155,deficit,none,0,0,0,0,0
SP3-03156,ok,debt,2482,6455,993,0,1095492
SP3-03157,deficit,none,0,0,0,0,118020
SP3-03158,ok,debt,1364,3548,545,0,36723
SP3-03159,deficit,none,0,0,0,0,0
SP3-03160,ok,debt,697,1814,279,0,45775
SP3-03161,ok,goals+,0,0,17116,11017,0
SP3-03162,deficit,none,0,0,0,0,155073
SP3-03163,ok,reserve,1949,0,1299,0,0
SP3-03164,ok,goals+,0,0,6972,0,240201
SP3-03165,ok,goals+,0,0,0,50276,589261
SP3-03166,deficit,none,0,0,0,0,0
SP3-03167,deficit,none,0,0,0,0,0
SP3-03168,ok,reserve,2896,0,1930,0,0
SP3-03169,ok,debt,5695,14810,2278,0,27308
SP3-03170,ok,debt,1364,3548,545,0,36723
SP3-03171,ok,debt,5068,13178,2027,0,0
SP3-03172,ok,reserve,8995,0,0,5997,38317
SP3-03173,ok,goals+,0,0,6191,4954,0
SP3-03174,deficit,none,0,0,0,0,111482
SP3-03175,ok,reserve,1509,0,0,1006,17471
SP3-03176,ok,goals+,0,0,13610,2101,682661
SP3-03177,ok,debt,2621,6817,1048,0,281789
SP3-03178,ok,debt,68,179,27,0,18004
SP3-03179,ok,debt,2734,7109,1093,0,0
SP3-03180,deficit,none,0,0,0,0,40690
SP3-03181,ok,debt,22416,58283,8966,0,0
SP3-03182,deficit,none,0,0,0,0,0
SP3-03183,ok,debt,1795,4668,718,0,0
SP3-03184,ok,goals+,0,0,9562,46456,915893
SP3-03185,ok,reserve,68329,0,45553,0,0
SP3-03186,deficit,none,0,0,0,0,133801
SP3-03187,ok,reserve,26722,0,0,17815,0
SP3-03188,ok,reserve,24985,0,0,16656,0
SP3-03189,ok,goals+,0,0,24326,0,1111922
SP3-03190,ok,goals+,0,0,5255,5890,0
SP3-03191,deficit,none,0,0,0,0,0
SP3-03192,ok,goals+,0,0,8484,39893,989173
SP3-03193,ok,debt,4037,10498,1615,0,0
SP3-03194,ok,debt,4974,12933,1989,0,0
SP3-03195,ok,debt,1924,5006,0,769,0
SP3-03196,ok,debt,299,779,119,0,11330
SP3-03197,ok,debt,3778,9825,1511,0,0
SP3-03198,deficit,none,0,0,0,0,0
SP3-03199,ok,debt,3325,8646,1330,0,449622
SP3-03200,ok,goals+,0,0,3292,5658,0
SP3-03201,ok,goals+,0,0,41567,27626,87328
SP3-03202,ok,debt,299,779,119,0,11932
SP3-03203,ok,goals+,0,0,18862,0,242834
SP3-03204,deficit,none,0,0,0,0,7826204
SP3-03205,ok,debt,36663,95326,0,14665,6359263
SP3-03206,ok,debt,7396,19231,0,2958,0
SP3-03207,ok,debt,1161,3019,464,0,0
SP3-03208,deficit,none,0,0,0,0,6989841
SP3-03209,deficit,none,0,0,0,0,0
SP3-03210,ok,debt,14741,38329,0,5896,0
SP3-03211,ok,reserve,45241,0,15821,14338,0
SP3-03212,ok,goals+,0,0,18533,36707,215588
SP3-03213,deficit,none,0,0,0,0,0
SP3-03214,ok,goals+,0,0,614,0,374180
SP3-03215,ok,debt,0,77605150,33259350,0,672801704
SP3-03216,ok,debt,831,2163,332,0,0
SP3-03217,ok,debt,3192,8301,1276,0,0
SP3-03218,ok,debt,3923,10202,1569,0,0
SP3-03219,ok,reserve,27587,0,18390,0,0
SP3-03220,ok,debt,12773,33212,5109,0,198004
SP3-03221,ok,debt,548,1427,219,0,1545785
SP3-03222,deficit,none,0,0,0,0,72366
SP3-03223,deficit,none,0,0,0,0,492835
SP3-03224,ok,debt,9636,25055,0,3854,17529
SP3-03225,deficit,none,0,0,0,0,0
SP3-03226,ok,debt,3007,7820,1203,0,73462
SP3-03227,ok,goals+,0,0,126843,0,0
SP3-03228,ok,goals+,0,0,7603,0,0
SP3-03229,ok,reserve,21535,0,14356,0,0
SP3-03230,ok,debt,22153,57600,8861,0,0
SP3-03231,ok,debt,135867,285177,64897,57528,0
SP3-03232,deficit,none,0,0,0,0,0
SP3-03233,deficit,none,0,0,0,0,0
SP3-03234,deficit,none,0,0,0,0,1490841
SP3-03235,ok,debt,4612,11992,1844,0,190025
SP3-03236,ok,debt,1347,3505,539,0,82612
SP3-03237,deficit,none,0,0,0,0,0
SP3-03238,ok,reserve,528,0,0,351,0
SP3-03239,ok,none,0,0,0,0,0
SP3-03240,invalid,none,0,0,0,0,0
SP3-03241,ok,debt,8317,21626,3326,0,23897
SP3-03242,invalid,none,0,0,0,0,0
SP3-03243,ok,goals+,0,0,21946,157504,0
SP3-03244,ok,goals+,0,0,27515,16434,290128
SP3-03245,invalid,none,0,0,0,0,0
SP3-03246,ok,debt,1046,2723,418,0,39652
SP3-03247,ok,debt,150,392,60,0,0
SP3-03248,deficit,none,0,0,0,0,72523
SP3-03249,ok,goals+,0,0,0,11846,184516
SP3-03250,deficit,none,0,0,0,0,0
SP3-03251,ok,debt,3030,7878,1212,0,0
SP3-03252,ok,debt,10748,27948,1000,3299,232052
SP3-03253,ok,reserve,5622,0,3748,0,0
SP3-03254,deficit,none,0,0,0,0,1040447
SP3-03255,ok,debt,163,425,65,0,0
SP3-03256,ok,debt,3436,8935,1374,0,14716
SP3-03257,deficit,none,0,0,0,0,321480
SP3-03258,ok,reserve,14419,0,9613,0,0
SP3-03259,ok,reserve,11763,0,5281,2560,0
SP3-03260,ok,reserve,10924,0,3094,4186,0
SP3-03261,ok,reserve,22241,0,14827,0,0
SP3-03262,deficit,none,0,0,0,0,341127
SP3-03263,deficit,none,0,0,0,0,0
SP3-03264,deficit,none,0,0,0,0,39983
SP3-03265,invalid,none,0,0,0,0,0
SP3-03266,ok,goals+,0,0,0,56531,726347
SP3-03267,deficit,none,0,0,0,0,0
SP3-03268,deficit,none,0,0,0,0,31195
SP3-03269,ok,debt,128,334,51,0,273180
SP3-03270,ok,debt,4974,12935,1738,251,0
SP3-03271,ok,goals+,0,0,57980,22054,1402867
SP3-03272,ok,debt,2094,5445,837,0,20869
SP3-03273,deficit,none,0,0,0,0,1123155
SP3-03274,ok,goals+,0,0,0,38822,1261668
SP3-03275,invalid,none,0,0,0,0,0
SP3-03276,deficit,none,0,0,0,0,818678
SP3-03277,deficit,none,0,0,0,0,3548513
SP3-03278,deficit,none,0,0,0,0,0
SP3-03279,ok,goals+,0,0,86699,222692,0
SP3-03280,deficit,none,0,0,0,0,0
SP3-03281,ok,debt,0,16563,7098,0,109915
SP3-03282,ok,debt,275,717,110,0,92473
SP3-03283,invalid,none,0,0,0,0,0
SP3-03284,deficit,none,0,0,0,0,4764967
SP3-03285,ok,debt,2623,6823,1049,0,0
SP3-03286,ok,reserve,19548,0,6219,6812,0
SP3-03287,deficit,none,0,0,0,0,475355
SP3-03288,ok,reserve,11541,0,0,7693,0
SP3-03289,ok,debt,13223,34380,5289,0,254172
SP3-03290,ok,debt,6249,16250,1000,1499,0
SP3-03291,ok,reserve,178664,0,119108,0,0
SP3-03292,deficit,none,0,0,0,0,0
SP3-03293,ok,reserve,7082,0,4720,0,29477
SP3-03294,deficit,none,0,0,0,0,0
SP3-03295,ok,debt,4183,9728,2823,0,36719
SP3-03296,deficit,none,0,0,0,0,1920771
SP3-03297,ok,reserve,8795,0,2927,2934,0
SP3-03298,ok,reserve,5697,0,3798,0,0
SP3-03299,deficit,none,0,0,0,0,1443026
SP3-03300,ok,debt,3286,8546,1314,0,0
SP3-03301,deficit,none,0,0,0,0,0
SP3-03302,deficit,none,0,0,0,0,2196156
SP3-03303,ok,debt,3557,9250,1422,0,0
SP3-03304,ok,goals+,0,0,3786,130037,117823
SP3-03305,ok,reserve,19387,0,12924,0,0
SP3-03306,deficit,none,0,0,0,0,3503117
SP3-03307,deficit,none,0,0,0,0,0
SP3-03308,ok,reserve,7782,0,5187,0,0
SP3-03309,ok,debt,2991,7779,0,1196,44430
SP3-03310,deficit,none,0,0,0,0,0
SP3-03311,ok,goals+,0,0,0,8998,1352885
SP3-03312,deficit,none,0,0,0,0,46883
SP3-03313,deficit,none,0,0,0,0,44492
SP3-03314,ok,goals+,0,0,12991,4400,210867
SP3-03315,deficit,none,0,0,0,0,0
SP3-03316,ok,debt,1714,4460,0,685,0
SP3-03317,invalid,none,0,0,0,0,0
SP3-03318,deficit,none,0,0,0,0,0
SP3-03319,deficit,none,0,0,0,0,502627
SP3-03320,ok,debt,29028,75476,0,11611,1961159
SP3-03321,deficit,none,0,0,0,0,1156783
SP3-03322,ok,reserve,19093,0,3395,9333,0
SP3-03323,ok,debt,798,2075,0,319,0
SP3-03324,ok,debt,1195,3108,478,0,0
SP3-03325,deficit,none,0,0,0,0,0
SP3-03326,ok,reserve,18087,0,2283,9774,0
SP3-03327,ok,goals+,0,0,0,180109,418874
SP3-03328,deficit,none,0,0,0,0,0
SP3-03329,deficit,none,0,0,0,0,0
SP3-03330,deficit,none,0,0,0,0,0
SP3-03331,invalid,none,0,0,0,0,0
SP3-03332,deficit,none,0,0,0,0,1721848
SP3-03333,deficit,none,0,0,0,0,0
SP3-03334,deficit,none,0,0,0,0,0
SP3-03335,ok,debt,3428,8913,1371,0,0
SP3-03336,deficit,none,0,0,0,0,128974
SP3-03337,ok,debt,24923,64802,9969,0,298803
SP3-03338,ok,goals+,0,0,41134,0,233947
SP3-03339,deficit,none,0,0,0,0,9611686
SP3-03340,deficit,none,0,0,0,0,0
SP3-03341,deficit,none,0,0,0,0,16355161
SP3-03342,ok,debt,8533,22189,2518,894,78483
SP3-03343,ok,debt,671,1746,268,0,0
SP3-03344,ok,debt,2269,5901,907,0,0
SP3-03345,ok,debt,745,1939,298,0,0
SP3-03346,ok,reserve,234169,0,156113,0,0
SP3-03347,ok,reserve,25479,0,16986,0,0
SP3-03348,ok,debt,4078,10606,0,1631,139366
SP3-03349,deficit,none,0,0,0,0,22794
SP3-03350,ok,debt,861,2242,344,0,0
SP3-03351,deficit,none,0,0,0,0,0
SP3-03352,ok,debt,0,8163,3498,0,149401
SP3-03353,ok,goals+,0,0,16494,9415,0
SP3-03354,ok,goals+,0,0,0,83689,80374
SP3-03355,deficit,none,0,0,0,0,0
SP3-03356,ok,reserve,24025,0,16016,0,0
SP3-03357,ok,debt,1568,4078,627,0,0
SP3-03358,ok,reserve,7656,0,5104,0,29477
SP3-03359,ok,debt,8752,22758,3501,0,834986
SP3-03360,deficit,none,0,0,0,0,0
SP3-03361,deficit,none,0,0,0,0,0
SP3-03362,ok,goals+,0,0,983,0,58064
SP3-03363,ok,debt,0,1627,0,697,307595
SP3-03364,ok,reserve,8500,0,4885,781,0
SP3-03365,deficit,none,0,0,0,0,0
SP3-03366,ok,debt,301,783,120,0,21000
SP3-03367,ok,goals+,0,0,3478,100782,953386
SP3-03368,ok,debt,84,221,33,0,0
SP3-03369,ok,reserve,26357,0,17571,0,0
SP3-03370,deficit,none,0,0,0,0,5397629
SP3-03371,ok,reserve,26707,0,832,16971,139126
SP3-03372,ok,reserve,84154258,0,56102838,0,1011726743
SP3-03373,ok,debt,6956,18087,2782,0,0
SP3-03374,deficit,none,0,0,0,0,641335
SP3-03375,ok,debt,4151,10795,1660,0,0
SP3-03376,ok,reserve,408,0,0,272,0
SP3-03377,ok,debt,78275691,203516799,0,31310276,8538496506
SP3-03378,deficit,none,0,0,0,0,0
SP3-03379,ok,goals+,0,0,15990,961458,8106075
SP3-03380,deficit,none,0,0,0,0,0
SP3-03381,ok,debt,3541,9207,1416,0,55741
SP3-03382,deficit,none,0,0,0,0,0
SP3-03383,ok,goals+,0,0,3303,0,910587
SP3-03384,deficit,none,0,0,0,0,9167167
SP3-03385,ok,debt,723,1883,289,0,379610
SP3-03386,ok,goals+,0,0,0,13629,781531
SP3-03387,ok,reserve,14527,0,9685,0,0
SP3-03388,deficit,none,0,0,0,0,0
SP3-03389,ok,goals+,0,0,442,9347,292933
SP3-03390,ok,reserve,32431,0,21620,0,0
SP3-03391,deficit,none,0,0,0,0,109376
SP3-03392,ok,debt,2497,6494,999,0,95535
SP3-03393,ok,debt,224,585,0,89,0
SP3-03394,deficit,none,0,0,0,0,98412
SP3-03395,ok,goals+,0,0,3889,27614,70893
SP3-03396,ok,reserve,4711,0,3141,0,0
SP3-03397,ok,debt,2328,6054,931,0,0
SP3-03398,ok,debt,3852,10017,1000,541,238217
SP3-03399,ok,debt,3684,9579,1473,0,0
SP3-03400,ok,reserve,31785,0,21189,0,0
SP3-03401,deficit,none,0,0,0,0,0
SP3-03402,ok,debt,7910,20566,3164,0,0
SP3-03403,ok,goals+,0,0,20252,120503,0
SP3-03404,ok,goals+,0,0,5576,664,0
SP3-03405,ok,reserve,25829,0,17218,0,0
SP3-03406,ok,debt,967,2516,386,0,30796
SP3-03407,ok,goals+,0,0,15899,29363,600066
SP3-03408,deficit,none,0,0,0,0,0
SP3-03409,ok,debt,388,1009,155,0,30592
SP3-03410,ok,debt,1463,3804,585,0,0
SP3-03411,deficit,none,0,0,0,0,182843
SP3-03412,deficit,none,0,0,0,0,0
SP3-03413,deficit,none,0,0,0,0,64835
SP3-03414,ok,debt,1958,5093,0,783,0
SP3-03415,deficit,none,0,0,0,0,0
SP3-03416,deficit,none,0,0,0,0,167190
SP3-03417,ok,none,0,0,0,0,0
SP3-03418,ok,debt,0,216020,8530,84049,2838809
SP3-03419,ok,goals+,0,0,0,7224,1934672
SP3-03420,ok,reserve,7908,0,5271,0,0
SP3-03421,ok,debt,2171,5645,868,0,0
SP3-03422,invalid,none,0,0,0,0,0
SP3-03423,ok,debt,845,2197,338,0,0
SP3-03424,deficit,none,0,0,0,0,0
SP3-03425,ok,debt,2560,6656,1024,0,0
SP3-03426,deficit,none,0,0,0,0,0
SP3-03427,ok,debt,3414,8880,1365,0,168162
SP3-03428,ok,reserve,20388,0,6162,7429,0
SP3-03429,ok,debt,1876,2111,703,0,0
SP3-03430,ok,goals+,0,0,2199,29073,0
SP3-03431,ok,goals+,0,0,352,5603,113558
SP3-03432,ok,reserve,48193,0,2675,29453,0
SP3-03433,ok,goals+,0,0,2759,14170,0
SP3-03434,deficit,none,0,0,0,0,0
SP3-03435,ok,debt,1038,2701,415,0,81616
SP3-03436,ok,debt,1923,5001,769,0,0
SP3-03437,invalid,none,0,0,0,0,0
SP3-03438,ok,debt,4662,5247,1748,0,86042
SP3-03439,deficit,none,0,0,0,0,2353791
SP3-03440,deficit,none,0,0,0,0,0
SP3-03441,deficit,none,0,0,0,0,767949
SP3-03442,ok,debt,5324,13846,2129,0,79070
SP3-03443,deficit,none,0,0,0,0,0
SP3-03444,ok,debt,76,200,30,0,100834
SP3-03445,ok,goals+,10403,0,57913,0,0
SP3-03446,deficit,none,0,0,0,0,0
SP3-03447,deficit,none,0,0,0,0,0
SP3-03448,deficit,none,0,0,0,0,843345
SP3-03449,deficit,none,0,0,0,0,281146
SP3-03450,ok,goals+,0,0,41901,0,3763816
SP3-03451,ok,debt,6991,18178,2796,0,0
SP3-03452,ok,debt,5150,13393,2060,0,0
SP3-03453,deficit,none,0,0,0,0,912192
SP3-03454,deficit,none,0,0,0,0,2007522
SP3-03455,deficit,none,0,0,0,0,166733
SP3-03456,ok,debt,32950332,85670866,10568786,2611346,0
SP3-03457,ok,debt,270,304,0,101,0
SP3-03458,deficit,none,0,0,0,0,95931
SP3-03459,ok,debt,134,350,0,53,0
SP3-03229,invalid,none,0,0,0,0,0
SP3-03461,ok,goals+,0,0,1426,0,323229
SP3-03462,ok,goals+,0,0,166,0,0
SP3-03463,ok,reserve,9799,0,6532,0,0
SP3-03464,ok,debt,9435,24532,3774,0,0
SP3-03465,deficit,none,0,0,0,0,327123
SP3-03466,deficit,none,0,0,0,0,0
SP3-03467,ok,goals+,0,0,0,38129,216123
SP3-03468,deficit,none,0,0,0,0,0
SP3-03469,deficit,none,0,0,0,0,0
SP3-03470,ok,goals+,0,0,3776,69108,1741774
SP3-03471,ok,debt,47909,124566,19163,0,2435946
SP3-03472,invalid,none,0,0,0,0,0
SP3-03473,ok,debt,3131,8143,1252,0,0
SP3-03474,deficit,none,0,0,0,0,0
SP3-03475,deficit,none,0,0,0,0,0
SP3-03476,ok,debt,3250,8450,1300,0,135621
SP3-03477,deficit,none,0,0,0,0,0
SP3-03478,deficit,none,0,0,0,0,200906
SP3-03479,ok,goals+,0,0,31686,185316,10311998
SP3-03480,deficit,none,0,0,0,0,0
SP3-03481,ok,debt,10810,28107,4324,0,0
SP3-03482,deficit,none,0,0,0,0,0
SP3-03483,deficit,none,0,0,0,0,0
SP3-03484,invalid,none,0,0,0,0,0
SP3-03485,deficit,none,0,0,0,0,0
SP3-03486,deficit,none,0,0,0,0,1280495
SP3-03487,ok,debt,670,1744,268,0,0
SP3-03488,deficit,none,0,0,0,0,0
SP3-03489,deficit,none,0,0,0,0,1169667
SP3-03490,deficit,none,0,0,0,0,802761
SP3-03491,ok,debt,631,1642,252,0,68203
SP3-03492,deficit,none,0,0,0,0,853243
SP3-03493,ok,reserve,4356,0,2904,0,0
SP3-03494,deficit,none,0,0,0,0,30243
SP3-03495,deficit,none,0,0,0,0,0
SP3-03496,ok,debt,1616,4204,646,0,31146
SP3-03497,ok,debt,4685,12184,1874,0,0
SP3-03498,deficit,none,0,0,0,0,658174
SP3-03499,deficit,none,0,0,0,0,315014
SP3-03500,deficit,none,0,0,0,0,78503
SP3-03501,deficit,none,0,0,0,0,0
SP3-03502,deficit,none,0,0,0,0,0
SP3-03503,ok,debt,6491,7303,2434,0,0
SP3-03504,ok,debt,2011,2263,754,0,0
SP3-03505,ok,debt,8066,20973,3226,0,287425
SP3-03506,ok,goals+,0,0,0,15771,260517
SP3-03507,ok,goals+,0,0,10870,0,90694
SP3-09740,invalid,none,0,0,0,0,0
SP3-03509,ok,reserve,26586,0,17723,0,0
SP3-03510,ok,debt,1174,3053,469,0,53057
SP3-03511,ok,debt,2889,7513,1155,0,0
SP3-03512,ok,debt,1448,3767,579,0,0
SP3-03513,deficit,none,0,0,0,0,0
SP3-03514,invalid,none,0,0,0,0,0
SP3-03515,ok,debt,3470,9023,1388,0,0
SP3-03516,ok,goals+,0,0,9686,25662,50544
SP3-03517,deficit,none,0,0,0,0,16216
SP3-03518,deficit,none,0,0,0,0,0
SP3-03519,deficit,none,0,0,0,0,503288
SP3-03520,ok,reserve,8895,0,5930,0,29323
SP3-03521,ok,debt,1644,4278,0,657,0
SP3-03522,ok,goals+,0,0,1269,16955,0
SP3-03523,ok,debt,1897,4935,759,0,0
SP3-03524,deficit,none,0,0,0,0,0
SP3-03525,ok,debt,529,1379,211,0,0
SP3-03526,ok,debt,2456,6386,982,0,18916
SP3-03527,ok,reserve,6926,0,4617,0,0
SP3-03528,ok,goals+,0,0,8802,22043,891715
SP3-03529,deficit,none,0,0,0,0,39966
SP3-03530,deficit,none,0,0,0,0,0
SP3-03531,invalid,none,0,0,0,0,0
SP3-03532,deficit,none,0,0,0,0,0
SP3-03533,ok,reserve,1683,0,1121,0,0
SP3-03534,ok,debt,1841,2073,690,0,0
SP3-03535,ok,debt,1407,3659,0,562,0
SP3-03536,ok,reserve,6732,0,0,4488,0
SP3-03537,ok,goals+,0,0,1325,31318,0
SP3-03538,deficit,none,0,0,0,0,444525
SP3-03539,ok,goals+,0,0,64129,0,0
SP3-03540,deficit,none,0,0,0,0,72434
SP3-03541,ok,debt,6318,16428,2527,0,0
SP3-03542,invalid,none,0,0,0,0,0
SP3-03543,deficit,none,0,0,0,0,0
SP3-03544,deficit,none,0,0,0,0,0
SP3-03545,ok,debt,3288,8551,1315,0,50205
SP3-03546,ok,reserve,35519,0,3032,20646,0
SP3-03547,ok,reserve,1856,0,1237,0,0
SP3-03548,ok,reserve,3498,0,2332,0,151466
SP3-03549,ok,debt,5184,13482,142,1931,0
SP3-03550,ok,debt,1490,3874,596,0,0
SP3-03551,deficit,none,0,0,0,0,0
SP3-03552,ok,debt,3865,10051,1546,0,0
SP3-03553,ok,debt,3740,9725,1496,0,0
SP3-03554,ok,reserve,9981,0,5156,1496,0
SP3-03555,ok,debt,10438,27140,4175,0,574673
SP3-03556,ok,debt,2363,2658,886,0,53073
SP3-03557,deficit,none,0,0,0,0,959847
SP3-03558,ok,reserve,44451,0,29633,0,0
SP3-03559,deficit,none,0,0,0,0,0
SP3-03560,ok,goals+,0,0,4882,1955,202906
SP3-03561,deficit,none,0,0,0,0,105924
SP3-03562,invalid,none,0,0,0,0,0
SP3-03563,ok,reserve,3498,0,2332,0,151466
SP3-03564,ok,debt,615,1601,246,0,0
SP3-03565,deficit,none,0,0,0,0,557602
SP3-03566,ok,reserve,5981,0,502,3484,0
SP3-03567,deficit,none,0,0,0,0,16360509
SP3-03568,ok,debt,3747,9744,1499,0,50525
SP3-03569,ok,reserve,44871,0,0,29914,0
SP3-03570,ok,reserve,61175,0,19251,21530,0
SP3-03571,deficit,none,0,0,0,0,653104
SP3-03572,ok,debt,2604,6773,1041,0,282121
SP3-03573,deficit,none,0,0,0,0,0
SP3-03574,deficit,none,0,0,0,0,5988807
SP3-03575,ok,debt,2700,3039,1012,0,0
SP3-03576,deficit,none,0,0,0,0,6531040
SP3-03577,ok,debt,6215,16162,2486,0,74352
SP3-03578,ok,reserve,229794,205952,24436,154287,373583
SP3-03579,ok,goals+,0,0,66172,465810,6174579
SP3-03580,ok,goals+,0,0,0,1430,275258
SP3-03581,ok,reserve,38408,0,25604,0,0
SP3-03582,ok,reserve,756,0,503,0,0
SP3-03583,ok,debt,6955,18083,2782,0,0
SP3-03584,ok,debt,5916,6658,0,2218,376284
SP3-03585,deficit,none,0,0,0,0,63322
SP3-03586,deficit,none,0,0,0,0,0
SP3-03587,ok,reserve,526,0,350,0,47129
SP3-03588,deficit,none,0,0,0,0,16092
SP3-03589,deficit,none,0,0,0,0,0
SP3-03590,ok,debt,29130549,75739431,11652219,0,160124017
SP3-03591,ok,debt,6326,16448,2530,0,0
SP3-03592,ok,goals+,29080,0,17853,79685,0
SP3-03593,deficit,none,0,0,0,0,0
SP3-03594,ok,debt,1000,2602,0,400,11162
SP3-03595,ok,reserve,24090,0,0,16059,0
SP3-03596,ok,debt,6421,16696,2568,0,74352
SP3-03597,deficit,none,0,0,0,0,0
SP3-03598,ok,goals+,0,0,11054,3133,73764
SP3-03599,invalid,none,0,0,0,0,0
SP3-03600,ok,debt,9641,25069,3856,0,0
SP3-03601,invalid,none,0,0,0,0,0
SP3-03602,ok,goals+,0,0,39457,137614,7733580
SP3-03603,ok,debt,15423,17352,5783,0,0
SP3-03604,deficit,none,0,0,0,0,30756
SP3-03605,ok,debt,6449,16769,2579,0,0
SP3-03606,deficit,none,0,0,0,0,325234
SP3-03607,ok,debt,3137,8159,1255,0,282855
SP3-03608,ok,debt,51,134,20,0,0
SP3-03609,ok,reserve,23217,0,19387,0,0
SP3-03610,deficit,none,0,0,0,0,0
SP3-10111,invalid,none,0,0,0,0,0
SP3-03612,deficit,none,0,0,0,0,0
SP3-03613,ok,reserve,6560,0,1540,2832,0
SP3-03614,ok,debt,1954,5082,781,0,24586
SP3-03615,invalid,none,0,0,0,0,0
SP3-03616,ok,goals+,0,0,2605,121422,734029
SP3-03617,ok,goals+,0,0,52327,0,982856
SP3-03618,ok,debt,9457,24590,3783,0,0
SP3-03619,deficit,none,0,0,0,0,0
SP3-03620,ok,reserve,13317,0,2470,6407,0
SP3-03621,ok,debt,1954,5082,781,0,24586
SP3-03622,ok,reserve,41054,0,3761,23606,0
SP3-03623,ok,debt,12857,33430,0,5143,0
SP3-03624,ok,debt,0,5787,995,1483,484832
SP3-03625,ok,goals+,0,0,0,328421,6311058
SP3-03626,deficit,none,0,0,0,0,0
SP3-03627,deficit,none,0,0,0,0,0
SP3-03628,deficit,none,0,0,0,0,4677746
SP3-03629,ok,reserve,31867,0,11294,9950,593221
SP3-03630,ok,reserve,2474,0,1648,0,0
SP3-03631,ok,debt,3157,8209,0,1262,67199
SP3-03632,deficit,none,0,0,0,0,83388
SP3-03633,ok,reserve,40881,0,3920,23333,0
SP3-03634,ok,debt,2604,6772,1041,0,0
SP3-03635,ok,debt,2776,7219,0,1110,134658
SP3-03636,deficit,none,0,0,0,0,0
SP3-03637,ok,goals+,0,0,1902,8011,846144
SP3-03638,ok,debt,858,2231,343,0,0
SP3-03639,ok,reserve,3975,0,2649,0,0
SP3-03640,deficit,none,0,0,0,0,3440401
SP3-03641,ok,reserve,8497,0,5665,0,0
SP3-03642,ok,goals+,0,0,21562,0,0
SP3-03643,ok,debt,3891,10118,1556,0,20992
SP3-03644,ok,reserve,8218,0,5478,0,0
SP3-03645,deficit,none,0,0,0,0,0
SP3-03646,ok,debt,575,1496,230,0,0
SP3-03647,deficit,none,0,0,0,0,550052
SP3-03648,ok,reserve,56269,0,0,37512,0
SP3-03649,invalid,none,0,0,0,0,0
SP3-03650,deficit,none,0,0,0,0,0
SP3-03651,deficit,none,0,0,0,0,0
SP3-03652,ok,goals+,0,0,4881,0,125840
SP3-03653,deficit,none,0,0,0,0,0
SP3-00366,invalid,none,0,0,0,0,0
SP3-03655,ok,goals+,0,0,1932,9685,243703
SP3-03656,ok,debt,1041,2707,0,416,0
SP3-03657,ok,debt,3497,9094,1013,385,315733
SP3-03658,deficit,none,0,0,0,0,0
SP3-03659,deficit,none,0,0,0,0,31374
SP3-03660,deficit,none,0,0,0,0,0
SP3-03661,ok,goals+,0,0,10559,146954,3719897
SP3-03662,deficit,none,0,0,0,0,0
SP3-03663,invalid,none,0,0,0,0,0
SP3-03664,ok,debt,10853,28218,0,4341,19408
SP3-03665,ok,debt,39679,103169,15871,0,0
SP3-03666,ok,debt,4452,11578,1781,0,0
SP3-03667,ok,reserve,14371,0,9580,0,0
SP3-03668,ok,debt,44527,115772,17811,0,0
SP3-03669,ok,reserve,12171,0,0,8113,0
SP3-03670,deficit,none,0,0,0,0,0
SP3-03671,ok,goals+,0,0,50163,55050,1345052
SP3-03672,ok,none,0,0,0,0,0
SP3-03673,ok,goals+,0,0,31402,457073,1566600
SP3-03674,ok,goals+,0,0,0,134539,98728
SP3-03675,ok,debt,3471,9026,1388,0,0
SP3-03676,deficit,none,0,0,0,0,1554520
SP3-03677,ok,debt,224,584,89,0,66489
SP3-03678,invalid,none,0,0,0,0,0
SP3-03679,ok,debt,3601,4052,1350,0,0
SP3-03680,ok,debt,1958,5093,0,783,0
SP3-03681,ok,goals+,70821,0,106019,96346,548767
SP3-03682,ok,debt,4885,12704,1954,0,0
SP3-03683,deficit,none,0,0,0,0,32195
SP3-03684,ok,debt,1036,2694,414,0,50445
SP3-03685,ok,goals+,0,0,27233,0,0
SP3-03686,deficit,none,0,0,0,0,0
SP3-03687,ok,debt,0,13146,5634,0,35701
SP3-03688,deficit,none,0,0,0,0,0
SP3-03689,ok,reserve,5596,0,3730,0,0
SP3-03690,ok,debt,888,2311,355,0,0
SP3-03691,deficit,none,0,0,0,0,208922
SP3-03692,ok,reserve,22494,0,568,14427,0
SP3-03693,ok,debt,2098,5456,839,0,0
SP3-03694,ok,debt,2658,6911,0,1063,96813
SP3-03695,deficit,none,0,0,0,0,0
SP3-03696,deficit,none,0,0,0,0,12672
SP3-03697,ok,debt,689,1793,0,275,23787
SP3-03698,deficit,none,0,0,0,0,183035
SP3-03699,deficit,none,0,0,0,0,0
SP3-03700,deficit,none,0,0,0,0,51765
SP3-03701,ok,reserve,7466,0,4977,0,0
SP3-03702,ok,goals+,0,0,0,16764,1746642
SP3-03703,ok,reserve,5012,0,3341,0,0
SP3-03704,ok,debt,19691,51199,7876,0,230158
SP3-03705,ok,goals+,0,0,1054,0,320076
SP3-03706,ok,debt,3381,8794,1352,0,84304
SP3-03707,ok,goals+,0,0,20986,32229,0
SP3-03708,ok,reserve,29189,0,2823,16636,0
SP3-03709,ok,reserve,7616,0,2646,2430,0
SP3-03710,ok,debt,6381,7179,2393,0,0
SP3-03711,ok,reserve,70917,0,24273,23004,0
SP3-03712,ok,reserve,9887,0,0,6590,0
SP3-03713,deficit,none,0,0,0,0,0
SP3-03714,ok,debt,11291,29358,4516,0,421356
SP3-03715,ok,debt,161,420,64,0,0
SP3-03716,deficit,none,0,0,0,0,169513
SP3-03717,invalid,none,0,0,0,0,0
SP3-03718,ok,reserve,5868,0,0,3912,0
SP3-03719,invalid,none,0,0,0,0,0
SP3-03720,deficit,none,0,0,0,0,220443
SP3-03721,deficit,none,0,0,0,0,138258
SP3-03722,ok,goals+,0,0,5667,0,2078819
SP3-03723,ok,debt,3872,10070,1549,0,0
SP3-03724,deficit,none,0,0,0,0,0
SP3-03725,ok,reserve,7090,0,4642,84,0
SP3-03726,ok,reserve,13343,0,0,8894,0
SP3-03727,ok,debt,3092,8041,1236,0,0
SP3-03728,ok,debt,530,1378,0,212,0
SP3-03729,ok,debt,940,2447,376,0,0
SP3-03730,ok,debt,2685,6983,1074,0,0
SP3-03731,ok,reserve,9865,0,6576,0,0
SP3-03732,ok,debt,2784,7240,1113,0,36655
SP3-03733,deficit,none,0,0,0,0,0
SP3-03734,ok,reserve,54455,0,6797,29504,0
SP3-03735,deficit,none,0,0,0,0,94029
SP3-03736,ok,goals+,0,0,15515,20015,657747
SP3-03737,deficit,none,0,0,0,0,0
SP3-03738,deficit,none,0,0,0,0,0
SP3-03739,ok,debt,44907,116762,741,17221,3143644
SP3-03740,ok,goals+,0,0,37298,207697,4711684
SP3-03741,ok,debt,432,1125,172,0,0
SP3-03742,ok,debt,2828,7356,1131,0,0
SP3-03743,ok,debt,162,424,65,0,0
SP3-03744,ok,debt,2981,7754,1192,0,2027766
SP3-03745,deficit,none,0,0,0,0,139795
SP3-03746,deficit,none,0,0,0,0,0
SP3-03747,deficit,none,0,0,0,0,162408
SP3-03748,deficit,none,0,0,0,0,0
SP3-03749,ok,debt,2566,6672,1026,0,0
SP3-03750,ok,debt,1673,4353,669,0,14162
SP3-03751,invalid,none,0,0,0,0,0
SP3-02447,invalid,none,0,0,0,0,0
SP3-03753,ok,debt,5327,13853,2131,0,0
SP3-03754,ok,debt,22414,58277,8965,0,2672889
SP3-03755,ok,reserve,11368,0,7579,0,0
SP3-03756,deficit,none,0,0,0,0,1794256
SP3-03757,ok,reserve,17153,0,58,11375,0
SP3-03758,ok,goals+,0,0,3596,10243,0
SP3-03759,ok,debt,520,837,501,0,0
SP3-03760,ok,debt,110707,287839,0,44282,45269
SP3-03761,ok,debt,7357,19130,2943,0,185645
SP3-03762,ok,goals+,0,0,3919,6574,0
SP3-03763,ok,debt,20796,54071,4048,4269,0
SP3-03764,ok,reserve,8617,0,0,5744,0
SP3-03765,deficit,none,0,0,0,0,494105
SP3-03766,deficit,none,0,0,0,0,0
SP3-03767,ok,reserve,59529,0,20703,18981,0
SP3-03768,deficit,none,0,0,0,0,139795
SP3-03769,ok,debt,903,2351,0,361,0
SP3-03770,deficit,none,0,0,0,0,0
SP3-03771,deficit,none,0,0,0,0,433801
SP3-03772,deficit,none,0,0,0,0,0
SP3-03773,ok,debt,703,1828,281,0,0
SP3-03774,ok,debt,10776,28019,4310,0,0
SP3-03775,ok,goals+,0,0,0,28593,465908
SP3-03776,deficit,none,0,0,0,0,61619
SP3-03777,ok,debt,7036,7917,2638,0,0
SP3-03778,ok,goals+,12274,0,1198,22460,0
SP3-03779,deficit,none,0,0,0,0,0
SP3-03780,deficit,none,0,0,0,0,0
SP3-03781,ok,reserve,24609,0,0,16405,0
SP3-03782,deficit,none,0,0,0,0,61309
SP3-03783,ok,reserve,6342,0,1709,2518,0
SP3-03784,ok,reserve,11864,0,148,7760,528654
SP3-03785,ok,debt,219,570,87,0,0
SP3-03786,ok,debt,2455,6383,0,982,223846
SP3-03787,ok,goals+,0,0,13925,248000,18185465
SP3-03788,deficit,none,0,0,0,0,1165633
SP3-03789,ok,goals+,0,0,180353,30236,10111407
SP3-03790,deficit,none,0,0,0,0,2464972
SP3-03791,deficit,none,0,0,0,0,781603
SP3-03792,ok,debt,0,10472,4488,0,272554
SP3-03793,ok,goals+,71994,0,28048,128485,0
SP3-03794,deficit,none,0,0,0,0,805802
SP3-03795,ok,debt,333,866,133,0,203395
SP3-03796,ok,goals+,0,0,2142,44513,6671801
SP3-03797,ok,goals+,0,0,2881,0,515471
SP3-03798,ok,reserve,20573,0,13714,0,0
SP3-03799,deficit,none,0,0,0,0,9483228
SP3-03800,ok,goals+,0,0,15105,0,848299
SP3-03801,ok,goals+,0,0,0,5849,1154187
SP3-03802,ok,goals+,0,0,16642,24823,0
SP3-03803,ok,goals+,0,0,5339,25107,516676
SP3-03804,ok,debt,10523,11840,3946,0,215922
SP3-03805,deficit,none,0,0,0,0,206780
SP3-03806,ok,reserve,5794,0,3862,0,0
SP3-03807,deficit,none,0,0,0,0,0
SP3-06403,invalid,none,0,0,0,0,0
SP3-03809,deficit,none,0,0,0,0,1489857
SP3-03810,ok,debt,25017,65046,10006,0,922086
SP3-03811,ok,debt,4228,10994,1691,0,0
SP3-03812,ok,debt,247,645,0,99,0
SP3-03813,deficit,none,0,0,0,0,0
SP3-03814,ok,debt,4052,10537,1621,0,360407
SP3-03815,ok,debt,1505,3913,602,0,0
SP3-03816,ok,reserve,24029,0,16018,0,0
SP3-03817,ok,reserve,12568,0,3984,4393,0
SP3-03818,deficit,none,0,0,0,0,1500209
SP3-03819,deficit,none,0,0,0,0,0
SP3-03820,ok,debt,2370,6162,948,0,0
SP3-03821,ok,debt,4228,10994,1691,0,0
SP3-03822,ok,reserve,15802,0,2625,7908,0
SP3-03823,ok,debt,63,166,25,0,149164
SP3-03824,ok,reserve,23805,0,1254,14614,0
SP3-03825,deficit,none,0,0,0,0,39836
SP3-03826,ok,goals+,0,0,334854,265434,4309000
SP3-03827,ok,reserve,18152,0,4191,7909,0
SP3-03828,deficit,none,0,0,0,0,0
SP3-03829,deficit,none,0,0,0,0,0
SP3-03830,ok,debt,9392,24422,3757,0,0
SP3-03831,ok,debt,4191,4716,1571,0,0
SP3-03832,ok,debt,635,1651,254,0,1491645
SP3-03833,ok,debt,1622,4220,649,0,0
SP3-03834,deficit,none,0,0,0,0,0
SP3-03835,deficit,none,0,0,0,0,0
SP3-03836,ok,debt,66,173,26,0,65060
SP3-03837,deficit,none,0,0,0,0,2696362
SP3-03838,ok,debt,3838,4320,1439,0,249377
SP3-03839,deficit,none,0,0,0,0,0
SP3-03840,ok,debt,273,712,109,0,0
SP3-03841,ok,goals+,0,0,19654,0,76962
SP3-03842,deficit,none,0,0,0,0,0
SP3-03843,deficit,none,0,0,0,0,265058
SP3-03844,deficit,none,0,0,0,0,764419
SP3-03845,ok,goals+,0,0,3524,0,0
SP3-03846,ok,debt,382,996,153,0,0
SP3-03847,ok,reserve,4495,0,2997,0,0
SP3-03848,ok,reserve,15602,0,0,10401,0
SP3-03849,deficit,none,0,0,0,0,1957110
SP3-03850,ok,debt,23398,60836,9359,0,6050952
SP3-03851,ok,debt,3949,10268,823,756,0
SP3-03852,deficit,none,0,0,0,0,532352
SP3-03853,ok,goals+,0,0,0,39978,828231
SP3-03854,deficit,none,0,0,0,0,38448
SP3-03855,ok,debt,24234,63012,9693,0,20025371
SP3-03856,deficit,none,0,0,0,0,0
SP3-03857,ok,none,0,0,0,0,0
SP3-03858,deficit,none,0,0,0,0,0
SP3-03859,ok,debt,11822122,30737520,4728849,0,1836829837
SP3-03860,ok,reserve,8566,0,5710,0,0
SP3-03861,ok,reserve,6189,0,4104,21,0
SP3-03862,deficit,none,0,0,0,0,5227615
SP3-03863,deficit,none,0,0,0,0,220923
SP3-03864,ok,debt,802,2086,320,0,0
SP3-03865,ok,debt,8541,22207,3416,0,0
SP3-03866,ok,debt,2499,6499,0,999,23987
SP3-03867,ok,reserve,2236,0,940,549,0
SP3-03868,ok,debt,3990,4489,1496,0,0
SP3-03869,ok,reserve,5175,0,3449,0,0
SP3-03870,ok,reserve,38806,0,25870,0,0
SP3-03871,ok,debt,2092,5441,837,0,13591
SP3-03872,ok,debt,1152,2997,461,0,263373
SP3-03873,ok,none,0,0,0,0,0
SP3-03874,deficit,none,0,0,0,0,0
SP3-03875,ok,debt,111,291,44,0,0
SP3-03876,ok,debt,1932,5024,772,0,0
SP3-03877,ok,debt,10069,26182,4027,0,495341
SP3-03878,ok,debt,1950,5070,780,0,0
SP3-03879,ok,debt,6246,16241,1000,1498,127882
SP3-03880,ok,goals+,0,0,15058,0,2849930
SP3-03881,ok,debt,2334,6070,933,0,43544
SP3-03882,ok,goals+,0,0,10895,0,2374960
SP3-03883,ok,reserve,25544,0,0,17029,0
SP3-03884,ok,reserve,49812,0,33207,0,0
SP3-03885,ok,debt,3709,9646,1483,0,0
SP3-03886,ok,none,0,0,0,0,0
SP3-03887,deficit,none,0,0,0,0,0
SP3-03888,ok,reserve,21504,0,13256,1079,0
SP3-03889,ok,debt,2366,6153,946,0,350512
SP3-03890,ok,debt,5485,14264,0,2194,101056
SP3-03891,ok,goals+,0,0,2609,3253,150451
SP3-03892,deficit,none,0,0,0,0,0
SP3-03893,deficit,none,0,0,0,0,2399943
SP3-03894,ok,reserve,22832,0,3357,11863,0
SP3-03895,deficit,none,0,0,0,0,210541
SP3-03896,ok,reserve,10712,0,3949,3191,0
SP3-03897,ok,debt,269,703,107,0,0
SP3-03898,ok,debt,610,1589,244,0,0
SP3-03899,ok,goals+,0,0,0,4299,52298
SP3-03900,ok,debt,805,906,302,0,0
SP3-03901,ok,reserve,39482,0,2316,24004,0
SP3-03902,deficit,none,0,0,0,0,38448
SP3-03903,deficit,none,0,0,0,0,0
SP3-03904,ok,goals+,0,0,9710,112,0
SP3-03905,ok,reserve,446,0,297,0,13430
SP3-03906,ok,reserve,10236,0,6823,0,0
SP3-03907,ok,debt,2694,7008,1077,0,0
SP3-03908,ok,debt,596,1550,238,0,0
SP3-03909,ok,debt,7612,8564,2854,0,0
SP3-03910,ok,reserve,2788,0,1858,0,0
SP3-03911,ok,goals+,0,0,3150,7600,395379
SP3-03912,deficit,none,0,0,0,0,0
SP3-03913,deficit,none,0,0,0,0,0
SP3-03914,deficit,none,0,0,0,0,725096
SP3-03915,ok,debt,1034,2690,413,0,381427
SP3-03916,deficit,none,0,0,0,0,250146
SP3-03917,ok,debt,4052,10538,1621,0,192403
SP3-03918,ok,debt,95,250,38,0,15561
SP3-03919,deficit,none,0,0,0,0,105911
SP3-03920,ok,debt,358,933,143,0,0
SP3-03921,deficit,none,0,0,0,0,350396
SP3-03922,deficit,none,0,0,0,0,0
SP3-03923,deficit,none,0,0,0,0,0
SP3-03924,ok,reserve,10077,0,6063,654,0
SP3-03925,ok,goals+,0,0,10571,0,355356
SP3-03926,deficit,none,0,0,0,0,1188709
SP3-03927,deficit,none,0,0,0,0,2245406
SP3-03928,ok,debt,2694,7008,1077,0,0
SP3-03929,ok,reserve,2275,0,1517,0,0
SP3-03930,ok,debt,131769,148241,49413,0,1213616
SP3-03931,invalid,none,0,0,0,0,0
SP3-03932,ok,debt,13226,34392,910,4379,1823808
SP3-03933,ok,debt,153,399,0,61,38516
SP3-03934,deficit,none,0,0,0,0,0
SP3-03935,ok,reserve,15458,0,0,10305,0
SP3-03936,ok,goals+,0,0,391065,0,5294807
SP3-03937,ok,goals+,0,0,19225,349939,2054700
SP3-03938,deficit,none,0,0,0,0,1160465
SP3-03939,ok,debt,474,1233,189,0,0
SP3-03940,invalid,none,0,0,0,0,0
SP3-03941,deficit,none,0,0,0,0,0
SP3-03942,deficit,none,0,0,0,0,333735
SP3-03943,ok,debt,1432,3725,572,0,0
SP3-03944,ok,debt,5084,13219,2033,0,241955
SP3-03945,deficit,none,0,0,0,0,0
SP3-03946,invalid,none,0,0,0,0,0
SP3-03947,deficit,none,0,0,0,0,0
SP3-03948,invalid,none,0,0,0,0,0
SP3-03949,deficit,none,0,0,0,0,27859136
SP3-03950,deficit,none,0,0,0,0,2208923
SP3-03951,ok,reserve,3809,0,2538,0,0
SP3-03952,deficit,none,0,0,0,0,322257
SP3-03953,ok,reserve,4971,0,3314,0,0
SP3-03954,ok,goals+,2717,1663,1072,5417,60718
SP3-03955,ok,goals+,0,0,2458,15030,9890721
SP3-03956,ok,reserve,16713,0,11141,0,0
SP3-03957,ok,debt,2732,7105,1092,0,0
SP3-03958,ok,reserve,3447,0,2297,0,347876
SP3-03959,ok,goals+,0,0,103357,354507,5520190
SP3-03960,deficit,none,0,0,0,0,1216433
SP3-03961,ok,none,0,0,0,0,0
SP3-03962,ok,reserve,36633,0,24422,0,0
SP3-03963,deficit,none,0,0,0,0,522481
SP3-03964,deficit,none,0,0,0,0,0
SP3-03965,ok,reserve,849,0,566,0,0
SP3-03966,ok,reserve,71939,0,9130,38828,2128486
SP3-03967,ok,goals+,0,0,664450,24715,6682499
SP3-03968,ok,none,0,0,0,0,0
SP3-03969,ok,debt,13051,33933,0,5220,0
SP3-03970,ok,debt,401,1043,0,160,85206
SP3-03971,ok,debt,921,2396,368,0,0
SP3-03972,ok,debt,2383,6196,953,0,0
SP3-03973,ok,debt,3168,8237,1267,0,0
SP3-03974,ok,debt,2228,5796,891,0,86904
SP3-03975,ok,debt,1952,5077,781,0,18290
SP3-03976,deficit,none,0,0,0,0,406739
SP3-03977,invalid,none,0,0,0,0,0
SP3-03978,ok,debt,2924,7604,1169,0,142639
SP3-03979,ok,debt,2375,6178,0,950,32185
SP3-03980,ok,debt,70,184,28,0,20732
SP3-03981,ok,goals+,0,0,98788,0,5823487
SP3-03982,ok,reserve,3204,0,1000,1135,0
SP3-03983,ok,debt,199,518,79,0,0
SP3-03984,deficit,none,0,0,0,0,0
SP3-03985,ok,debt,8095,21049,3238,0,40220
SP3-03986,ok,debt,3550,9230,1420,0,695693
SP3-03987,ok,debt,595,1549,238,0,0
SP3-03988,deficit,none,0,0,0,0,0
SP3-03989,deficit,none,0,0,0,0,0
SP3-03990,ok,reserve,238298,0,15157,143706,0
SP3-03991,ok,reserve,5202,0,3468,0,0
SP3-03992,deficit,none,0,0,0,0,43700
SP3-03993,ok,reserve,17046,0,0,11363,0
SP3-03994,deficit,none,0,0,0,0,314998
SP3-03995,deficit,none,0,0,0,0,0
SP3-03996,ok,reserve,25832,0,17221,0,0
SP3-03997,ok,debt,290,757,116,0,0
SP3-03998,ok,reserve,9715,0,0,6477,0
SP3-03999,ok,goals+,0,0,1881,61006,2036059
SP3-04000,ok,goals+,0,0,355662,0,4515451
SP3-04001,ok,reserve,2239,0,1300,190,0
SP3-04002,deficit,none,0,0,0,0,481444
SP3-04003,deficit,none,0,0,0,0,5470460
SP3-04004,deficit,none,0,0,0,0,28996898
SP3-04005,deficit,none,0,0,0,0,154650
SP3-04006,deficit,none,0,0,0,0,0
SP3-04007,deficit,none,0,0,0,0,245039
SP3-04008,deficit,none,0,0,0,0,0
SP3-04009,deficit,none,0,0,0,0,0
SP3-04010,deficit,none,0,0,0,0,0
SP3-04011,ok,debt,203,529,81,0,0
SP3-04012,ok,goals+,0,0,215,5310,132957
SP3-04013,ok,goals+,0,0,20218,0,340443
SP3-04014,ok,goals+,0,0,4696,0,724091
SP3-04015,deficit,none,0,0,0,0,0
SP3-04016,ok,reserve,1269,0,846,0,167699
SP3-04017,ok,reserve,39728,0,9575,16909,0
SP3-04018,ok,reserve,2494,0,1662,0,0
SP3-04019,ok,reserve,14350,0,8590,976,0
SP3-04020,deficit,none,0,0,0,0,631834
SP3-04021,deficit,none,0,0,0,0,0
SP3-04022,deficit,none,0,0,0,0,21431
SP3-04023,deficit,none,0,0,0,0,0
SP3-04024,deficit,none,0,0,0,0,147097
SP3-04025,deficit,none,0,0,0,0,0
SP3-04026,ok,reserve,22596,0,15063,0,0
SP3-04027,ok,goals+,0,0,23875,84152,160314
SP3-04028,deficit,none,0,0,0,0,0
SP3-04029,invalid,none,0,0,0,0,0
SP3-04030,deficit,none,0,0,0,0,0
SP3-04031,ok,reserve,8244,0,0,5495,0
SP3-04032,ok,debt,0,3806,1630,0,19251
SP3-04033,deficit,none,0,0,0,0,367779
SP3-04034,ok,reserve,13862,0,9240,0,0
SP3-04035,ok,goals+,0,0,6345,0,0
SP3-04036,ok,reserve,30136,0,20091,0,0
SP3-04037,ok,goals+,0,0,9046,31352,3959193
SP3-04038,deficit,none,0,0,0,0,0
SP3-04039,ok,goals+,0,0,10065,132874,1336718
SP3-04040,ok,debt,2944,7655,1177,0,0
SP3-04041,ok,goals+,0,0,0,139778,1267550
SP3-04042,deficit,none,0,0,0,0,0
SP3-04043,ok,debt,0,2308,989,0,114638
SP3-04044,deficit,none,0,0,0,0,37587
SP3-04045,ok,reserve,1158,0,771,0,0
SP3-04046,deficit,none,0,0,0,0,0
SP3-04047,ok,goals+,99946,16164,133757,0,17479
SP3-04048,ok,debt,45817,119126,0,18327,1577384
SP3-04049,ok,goals+,0,0,15913,2567,115847
SP3-04050,ok,debt,58475991,152037580,23390396,0,121130109
SP3-04051,ok,debt,13886,36104,0,5554,0
SP3-04052,ok,debt,2283,5938,913,0,0
SP3-04053,deficit,none,0,0,0,0,0
SP3-04054,invalid,none,0,0,0,0,0
SP3-04055,ok,goals+,0,0,8862,33620,187987
SP3-04056,ok,debt,0,366835,147219,78523,4906428
SP3-04057,deficit,none,0,0,0,0,0
SP3-04058,deficit,none,0,0,0,0,1997919
SP3-04059,deficit,none,0,0,0,0,164902
SP3-04060,deficit,none,0,0,0,0,468863
SP3-04061,ok,debt,351,916,0,140,29919
SP3-04062,ok,debt,0,17356,7437,0,56144
SP3-04063,ok,debt,1364,3548,545,0,0
SP3-04064,deficit,none,0,0,0,0,0
SP3-04065,deficit,none,0,0,0,0,0
SP3-04066,ok,debt,1472,3829,589,0,0
SP3-04067,ok,debt,5385,14002,2154,0,0
SP3-04068,ok,debt,1323,3441,529,0,107291
SP3-04069,ok,reserve,5972,0,3579,401,215293
SP3-04070,deficit,none,0,0,0,0,0
SP3-04071,ok,debt,1225,1378,0,459,0
SP3-04072,deficit,none,0,0,0,0,0
SP3-04073,ok,goals+,0,0,5831,0,0
SP3-04074,deficit,none,0,0,0,0,436293
SP3-04075,deficit,none,0,0,0,0,0
SP3-04076,ok,debt,2090,5437,836,0,171383
SP3-04077,ok,goals+,0,0,1390,0,287790
SP3-04078,ok,debt,5667,14735,2266,0,101940
SP3-04079,deficit,none,0,0,0,0,0
SP3-04080,ok,goals+,0,0,19441,9222,0
SP3-04081,ok,goals+,0,0,17228,0,1268439
SP3-04082,deficit,none,0,0,0,0,28257
SP3-04083,deficit,none,0,0,0,0,82339
SP3-04084,ok,goals+,0,0,62512,0,174645
SP3-04085,ok,debt,2713,7056,818,267,0
SP3-04086,ok,reserve,2631,0,1753,0,0
SP3-04087,ok,debt,505,1313,0,202,0
SP3-04088,ok,debt,9996,25991,3998,0,0
SP3-04089,ok,debt,8147,21184,2665,593,467985
SP3-04090,ok,goals+,2961,16339,17008,0,0
SP3-04091,ok,debt,3527,9172,1410,0,44048
SP3-04092,deficit,none,0,0,0,0,0
SP3-04093,ok,goals+,0,0,27948,0,625005
SP3-04094,invalid,none,0,0,0,0,0
SP3-04095,ok,goals+,42951,0,0,50501,0
SP3-04096,ok,debt,1505,1693,564,0,0
SP3-04097,ok,reserve,829,0,553,0,0
SP3-04098,ok,reserve,4329,0,0,2886,0
SP3-04099,deficit,none,0,0,0,0,925766
SP3-04100,ok,reserve,14037,0,9357,0,0
SP3-04101,ok,goals+,0,0,21836,0,308149
SP3-04102,deficit,none,0,0,0,0,0
SP3-04103,ok,goals+,0,0,0,14111,2308042
SP3-04104,ok,debt,549,1430,219,0,93061
SP3-04105,ok,debt,2870,7464,1148,0,0
SP3-04106,ok,debt,1558,4053,623,0,0
SP3-04107,ok,debt,5056,13146,2022,0,0
SP3-04108,deficit,none,0,0,0,0,5554904
SP3-04109,ok,reserve,3562,0,0,2374,0
SP3-04110,ok,reserve,45368,0,30245,0,0
SP3-04111,ok,debt,6661,17322,2664,0,72510
SP3-04112,deficit,none,0,0,0,0,0
SP3-04113,ok,reserve,67543,0,38489,6538,0
SP3-04114,deficit,none,0,0,0,0,758859
SP3-04115,ok,reserve,7675,0,5117,0,0
SP3-04116,deficit,none,0,0,0,0,0
SP3-04117,ok,debt,1267,3296,506,0,0
SP3-04118,deficit,none,0,0,0,0,0
SP3-04119,ok,debt,7115,18499,2846,0,0
SP3-04120,ok,reserve,20205,0,13469,0,0
SP3-04121,ok,debt,1979,5146,791,0,0
SP3-04122,ok,reserve,5148,0,3431,0,0
SP3-04123,deficit,none,0,0,0,0,940004
SP3-04124,ok,reserve,26812,0,17875,0,0
SP3-04125,deficit,none,0,0,0,0,32130
SP3-04126,ok,debt,5899,15338,0,2359,170385
SP3-04127,deficit,none,0,0,0,0,0
SP3-04128,deficit,none,0,0,0,0,58477
SP3-04129,ok,debt,2033,5288,813,0,0
SP3-04130,ok,goals+,0,0,4745,0,1699042
SP3-04131,ok,debt,2526,6570,1010,0,0
SP3-04132,ok,goals+,0,0,20809,0,1023030
SP3-04133,ok,reserve,22433,0,0,14954,0
SP3-04134,deficit,none,0,0,0,0,110881
SP3-04135,ok,reserve,6888,0,4591,0,0
SP3-04136,deficit,none,0,0,0,0,1367512
SP3-04137,invalid,none,0,0,0,0,0
SP3-04138,ok,debt,3664,9530,1465,0,0
SP3-04139,ok,debt,13405,34854,5362,0,0
SP3-04140,ok,debt,189,495,75,0,234790
SP3-04141,ok,debt,2686,6986,1074,0,0
SP3-04142,deficit,none,0,0,0,0,0
SP3-04143,ok,goals+,0,0,2218,20947,0
SP3-04144,deficit,none,0,0,0,0,0
SP3-04145,deficit,none,0,0,0,0,0
SP3-04146,ok,goals+,787,0,79,4250,159037
SP3-04147,deficit,none,0,0,0,0,0
SP3-04148,ok,goals+,0,0,14445,0,760080
SP3-04149,ok,goals+,0,0,0,19395,239956
SP3-04150,deficit,none,0,0,0,0,0
SP3-04151,invalid,none,0,0,0,0,0
SP3-04152,ok,reserve,11882,0,0,7921,0
SP3-04153,deficit,none,0,0,0,0,756926
SP3-04154,deficit,none,0,0,0,0,475337
SP3-04155,ok,debt,738,1919,295,0,0
SP3-04156,ok,debt,764,1988,305,0,272927
SP3-04157,ok,goals+,0,0,44006,0,478852
SP3-04158,ok,debt,1637,4259,655,0,0
SP3-04159,deficit,none,0,0,0,0,1442616
SP3-04160,deficit,none,0,0,0,0,0
SP3-04161,ok,goals+,0,0,332731,0,5172872
SP3-04162,deficit,none,0,0,0,0,164818
SP3-04163,ok,debt,1508,3922,603,0,0
SP3-04164,ok,goals+,0,0,776,5108,1322911
SP3-04165,invalid,none,0,0,0,0,0
SP3-04166,deficit,none,0,0,0,0,69908
SP3-04167,ok,debt,33109,37249,9060,3355,887135
SP3-04168,ok,none,0,0,0,0,0
SP3-04169,ok,debt,456,1186,182,0,294624
SP3-04170,deficit,none,0,0,0,0,62987
SP3-04171,deficit,none,0,0,0,0,258697
SP3-04172,ok,debt,2000,5202,0,800,18732
SP3-04173,ok,debt,13862,36045,2862,2682,233886
SP3-04174,deficit,none,0,0,0,0,0
SP3-04175,ok,debt,260,676,104,0,234790
SP3-04176,ok,debt,1905,4955,762,0,0
SP3-04177,ok,reserve,18918,0,12612,0,0
SP3-04178,ok,debt,680,1768,0,272,57285
SP3-04179,deficit,none,0,0,0,0,932603
SP3-04180,deficit,none,0,0,0,0,0
SP3-04181,ok,goals+,813,0,10126,0,0
SP3-04182,ok,debt,2064,5370,825,0,0
SP3-04183,deficit,none,0,0,0,0,0
SP3-04184,invalid,none,0,0,0,0,0
SP3-04185,deficit,none,0,0,0,0,0
SP3-04186,deficit,none,0,0,0,0,0
SP3-04187,ok,debt,1174,3053,469,0,0
SP3-04188,ok,debt,2031,5284,812,0,101176
SP3-04189,ok,reserve,7066,0,2717,1992,0
SP3-04190,deficit,none,0,0,0,0,2308673
SP3-04191,ok,debt,2031,5284,812,0,101176
SP3-04192,ok,debt,8750,22751,954,2545,213006
SP3-04193,ok,debt,2711,7049,1084,0,0
SP3-04194,deficit,none,0,0,0,0,240687
SP3-04195,deficit,none,0,0,0,0,0
SP3-04196,deficit,none,0,0,0,0,318039
SP3-04197,ok,reserve,17094,0,1891,9504,0
SP3-04198,ok,reserve,48088,0,30407,1650,1105834
SP3-04199,ok,goals+,0,0,8621,0,0
SP3-04200,deficit,none,0,0,0,0,438897
SP3-04201,deficit,none,0,0,0,0,21661
SP3-04202,ok,goals+,0,0,29673,0,518970
SP3-04203,ok,debt,0,17071,7316,0,336124
SP3-04204,ok,goals+,0,0,31497,0,265443
SP3-04205,ok,reserve,14100,0,0,9399,0
SP3-04206,ok,reserve,5376,0,3583,0,0
SP3-04207,ok,debt,2759,7174,1103,0,0
SP3-04208,ok,debt,8250,9283,3093,0,0
SP3-04209,deficit,none,0,0,0,0,80886
SP3-04210,ok,debt,3732,9705,1492,0,0
SP3-04211,ok,debt,0,45295,19411,0,24301678
SP3-04212,ok,reserve,12259,0,0,8173,0
SP3-04213,ok,debt,31856,82826,12742,0,120867
SP3-04214,deficit,none,0,0,0,0,0
SP3-04215,ok,goals+,0,0,26420,0,331672
SP3-04216,ok,debt,6830,17761,2732,0,86854
SP3-04217,deficit,none,0,0,0,0,0
SP3-04218,invalid,none,0,0,0,0,0
SP3-04219,invalid,none,0,0,0,0,0
SP3-04220,invalid,none,0,0,0,0,0
SP3-04221,ok,goals+,0,0,0,10858,0
SP3-04222,ok,debt,6347,16503,0,2538,0
SP3-04223,ok,reserve,20362,0,0,13574,0
SP3-04224,ok,debt,500,1303,0,200,10316
SP3-04225,ok,reserve,12522,0,0,8348,0
SP3-04226,deficit,none,0,0,0,0,1951265
SP3-04227,deficit,none,0,0,0,0,0
SP3-04228,ok,reserve,3794,0,2193,335,0
SP3-04229,deficit,none,0,0,0,0,467558
SP3-04230,ok,reserve,9331,0,1924,4295,0
SP3-04231,deficit,none,0,0,0,0,0
SP3-04232,deficit,none,0,0,0,0,0
SP3-04233,deficit,none,0,0,0,0,0
SP3-04234,deficit,none,0,0,0,0,0
SP3-04235,ok,debt,511,576,0,191,0
SP3-04236,deficit,none,0,0,0,0,0
SP3-04237,ok,debt,4819,5423,1807,0,71982
SP3-04238,ok,debt,5143,13372,2057,0,0
SP3-04239,ok,goals+,0,0,26420,0,337818
SP3-04240,deficit,none,0,0,0,0,0
SP3-04241,deficit,none,0,0,0,0,13847406
SP3-04242,ok,debt,1924,5006,0,769,27251
SP3-04243,deficit,none,0,0,0,0,1468345
SP3-04244,deficit,none,0,0,0,0,1821878
SP3-04245,ok,debt,299,778,119,0,59684
SP3-04246,deficit,none,0,0,0,0,28543
SP3-04247,ok,reserve,15751,0,1000,9500,0
SP3-04248,ok,none,0,0,0,0,0
SP3-04249,ok,reserve,74609,0,10118,39621,0
SP3-04250,ok,debt,3099,8061,1239,0,76365
SP3-04251,ok,goals+,0,0,0,10182,0
SP3-04252,ok,debt,782,2034,312,0,20793
SP3-04253,deficit,none,0,0,0,0,471532
SP3-04254,deficit,none,0,0,0,0,549163
SP3-04255,ok,debt,3072,3456,1152,0,0
SP3-04256,invalid,none,0,0,0,0,0
SP3-04257,deficit,none,0,0,0,0,0
SP3-04258,deficit,none,0,0,0,0,874084
SP3-04259,deficit,none,0,0,0,0,425536
SP3-04260,ok,debt,9479,24647,3791,0,0
SP3-04261,ok,debt,1472,3829,589,0,0
SP3-04262,ok,reserve,7836,0,5224,0,49202
SP3-04263,deficit,none,0,0,0,0,0
SP3-04264,ok,debt,221,577,88,0,0
SP3-04265,ok,debt,6422,16698,2568,0,73199
SP3-04266,deficit,none,0,0,0,0,639632
SP3-04267,ok,reserve,26448,0,0,17632,26595
SP3-04268,ok,reserve,27433,0,6320,11968,0
SP3-04269,ok,reserve,13218,0,8812,0,0
SP3-04270,ok,debt,189,493,0,75,0
SP3-04271,ok,debt,5315,13821,0,2126,0
SP3-04272,ok,debt,4162,10822,1664,0,0
SP3-04273,deficit,none,0,0,0,0,4093826
SP3-04274,ok,reserve,2532,0,1688,0,0
SP3-04275,ok,debt,12812,33312,5124,0,0
SP3-04276,ok,reserve,5735,0,1480,2342,0
SP3-04277,ok,reserve,285973,0,23410,167237,0
SP3-04278,deficit,none,0,0,0,0,230058
SP3-04279,deficit,none,0,0,0,0,1144829
SP3-04280,deficit,none,0,0,0,0,0
SP3-04281,ok,goals+,0,0,41958,88307,1270679
SP3-04282,ok,goals+,0,0,6042,11660,1035753
SP3-04283,ok,debt,8142,21171,3256,0,0
SP3-04284,deficit,none,0,0,0,0,331415
SP3-04285,invalid,none,0,0,0,0,0
SP3-04286,ok,debt,81422,211699,32569,0,0
SP3-04287,invalid,none,0,0,0,0,0
SP3-04288,deficit,none,0,0,0,0,70927
SP3-04289,deficit,none,0,0,0,0,70344
SP3-04290,ok,debt,7571,8519,2839,0,0
SP3-04291,deficit,none,0,0,0,0,0
SP3-04292,ok,goals+,0,0,95701,429302,646083
SP3-04293,ok,goals+,0,0,27401,0,133852
SP3-04294,ok,goals+,0,0,1976,5935,211376
SP3-04295,deficit,none,0,0,0,0,1282685
SP3-04296,ok,reserve,22332,0,10789,4097,0
SP3-04297,deficit,none,0,0,0,0,0
SP3-04298,ok,reserve,12808,0,8539,0,0
SP3-04299,deficit,none,0,0,0,0,2289079
SP3-04300,ok,debt,6065,15770,628,1797,0
SP3-04301,deficit,none,0,0,0,0,14201
SP3-04302,deficit,none,0,0,0,0,266098
SP3-04303,ok,reserve,22289,0,0,14859,0
SP3-04304,ok,reserve,12564,0,8376,0,0
SP3-04305,ok,reserve,6035,0,4023,0,0
SP3-04306,ok,goals+,2111,0,1061,5557,0
SP3-04307,ok,reserve,9942,0,3846,2781,0
SP3-04308,ok,goals+,0,0,792,0,32807
SP3-04309,ok,debt,4089,10633,1635,0,0
SP3-04310,deficit,none,0,0,0,0,0
SP3-04311,ok,reserve,13221,0,3382,5431,0
SP3-04312,deficit,none,0,0,0,0,3913609
SP3-04313,deficit,none,0,0,0,0,868192
SP3-04314,deficit,none,0,0,0,0,15562148
SP3-04315,ok,debt,1313,3416,525,0,0
SP3-04316,ok,goals+,0,0,558,42144,465569
SP3-04317,deficit,none,0,0,0,0,1300312
SP3-04318,ok,debt,25375433,65976129,0,10150173,217434226
SP3-04319,deficit,none,0,0,0,0,0
SP3-04320,deficit,none,0,0,0,0,752009
SP3-04321,deficit,none,0,0,0,0,890350
SP3-04322,ok,goals+,0,0,2593,29021,454345
SP3-04323,ok,debt,1363,3546,0,545,52102
SP3-04324,ok,reserve,26275,0,5231,12285,0
SP3-04325,ok,goals+,0,0,14240,202875,1259397
SP3-04326,ok,goals+,0,0,1222,2581,426047
SP3-04327,ok,reserve,12025,0,0,8016,0
SP3-04328,ok,debt,9242,24031,0,3697,0
SP3-04329,ok,goals+,0,0,9735,24198,0
SP3-04330,ok,reserve,5802,0,3867,0,0
SP3-04331,ok,debt,738,1921,295,0,52739
SP3-04332,deficit,none,0,0,0,0,174754
SP3-04333,deficit,none,0,0,0,0,0
SP3-04334,deficit,none,0,0,0,0,1352787
SP3-04335,ok,reserve,6032,0,4021,0,0
SP3-04336,ok,debt,567,1477,227,0,0
SP3-04337,ok,debt,240,625,0,96,42263
SP3-04338,ok,goals+,0,0,33595,11622,5230976
SP3-04339,ok,debt,4225,10985,0,1690,0
SP3-04340,ok,reserve,30439,0,0,20293,0
SP3-04341,deficit,none,0,0,0,0,45119
SP3-04342,deficit,none,0,0,0,0,0
SP3-04343,ok,debt,25194,28345,6721,2726,0
SP3-04344,ok,debt,3496,9091,1398,0,0
SP3-04345,ok,goals+,0,0,12190,22434,157605
SP3-04346,ok,reserve,2779,0,1853,0,64094
SP3-04347,deficit,none,0,0,0,0,90055
SP3-04348,deficit,none,0,0,0,0,176408
SP3-04349,ok,debt,518,1347,207,0,305872
SP3-04350,ok,debt,3057,7949,0,1222,0
SP3-04351,ok,debt,3400,8843,1000,360,0
SP3-04352,deficit,none,0,0,0,0,5759261
SP3-04353,ok,goals+,0,0,23828,30617,94982
SP3-04354,ok,goals+,0,0,10720,16712,726302
SP3-04355,ok,reserve,22041,0,14694,0,0
SP3-04356,deficit,none,0,0,0,0,217746
SP3-04357,ok,goals+,0,0,12858,24897,339679
SP3-04358,ok,debt,816,920,306,0,122959
SP3-04359,ok,debt,2887,7507,0,1154,0
SP3-04360,deficit,none,0,0,0,0,593256
SP3-04361,ok,debt,6616,7444,2481,0,0
SP3-04362,ok,reserve,3568,0,2100,278,0
SP3-04363,deficit,none,0,0,0,0,0
SP3-04364,ok,debt,6805,17695,2722,0,16295
SP3-04365,deficit,none,0,0,0,0,2032471
SP3-04366,invalid,none,0,0,0,0,0
SP3-04367,ok,debt,4862,12642,0,1944,344267
SP3-04368,deficit,none,0,0,0,0,0
SP3-04369,deficit,none,0,0,0,0,1208779
SP3-04370,ok,goals+,0,0,11324,0,276856
SP3-04371,deficit,none,0,0,0,0,988745
SP3-04372,deficit,none,0,0,0,0,0
SP3-04373,deficit,none,0,0,0,0,0
SP3-04374,deficit,none,0,0,0,0,7407035
SP3-04375,deficit,none,0,0,0,0,219138
SP3-04376,ok,debt,25610,66586,10244,0,0
SP3-04377,ok,debt,341,887,136,0,0
SP3-04378,ok,goals+,0,0,50031,263162,4378263
SP3-04379,deficit,none,0,0,0,0,150564
SP3-04380,ok,debt,1958,5093,783,0,140903
SP3-04381,ok,reserve,4,0,0,3,0
SP3-04382,ok,goals+,0,0,0,42201,0
SP3-04383,ok,reserve,22388,0,14925,0,0
SP3-04384,invalid,none,0,0,0,0,0
SP3-04385,invalid,none,0,0,0,0,0
SP3-04386,ok,debt,3632,4087,1362,0,85841
SP3-04387,deficit,none,0,0,0,0,0
SP3-04388,ok,reserve,2023,0,1348,0,0
SP3-04389,ok,reserve,26393,0,17594,0,0
SP3-04390,invalid,none,0,0,0,0,0
SP3-04391,ok,debt,1027,2673,411,0,37073
SP3-04392,invalid,none,0,0,0,0,0
SP3-04393,deficit,none,0,0,0,0,0
SP3-04394,deficit,none,0,0,0,0,0
SP3-04395,deficit,none,0,0,0,0,133814
SP3-04396,ok,none,0,0,0,0,0
SP3-04397,deficit,none,0,0,0,0,0
SP3-04398,deficit,none,0,0,0,0,18755256
SP3-04399,ok,goals+,0,0,3692,23489,1629241
SP3-04400,ok,debt,1777,2001,666,0,0
SP3-04401,deficit,none,0,0,0,0,0
SP3-04402,deficit,none,0,0,0,0,156205
SP3-04403,ok,debt,3471,9028,0,1388,0
SP3-04404,invalid,none,0,0,0,0,0
SP3-04405,deficit,none,0,0,0,0,1270001
SP3-04406,deficit,none,0,0,0,0,1335755
SP3-04407,ok,reserve,9512,0,6340,0,0
SP3-04408,ok,reserve,9112,0,0,6074,0
SP3-04409,ok,debt,580,1508,232,0,0
SP3-04410,ok,debt,3718,4185,1394,0,0
SP3-04411,deficit,none,0,0,0,0,45812
SP3-04412,deficit,none,0,0,0,0,5368011
SP3-04413,ok,debt,1951,5076,780,0,16345
SP3-04414,deficit,none,0,0,0,0,156205
SP3-04415,deficit,none,0,0,0,0,8090598
SP3-03379,invalid,none,0,0,0,0,0
SP3-04417,ok,reserve,25984,0,2586,14734,0
SP3-04418,ok,debt,9368,24357,3747,0,0
SP3-04419,deficit,none,0,0,0,0,4674396
SP3-04420,ok,debt,186,485,74,0,0
SP3-04421,ok,reserve,11737,0,6135,1688,0
SP3-04422,ok,debt,1211,1363,454,0,0
SP3-04423,ok,debt,4442,11550,1776,0,0
SP3-04424,ok,reserve,18283,0,1246,10943,0
SP3-04425,deficit,none,0,0,0,0,0
SP3-04426,ok,debt,539,1402,0,215,0
SP3-04427,ok,debt,7214,8116,0,2705,0
SP3-04428,ok,goals+,0,0,0,22447,143964
SP3-04429,ok,debt,2462,2772,923,0,0
SP3-04430,ok,reserve,183,0,122,0,25450
SP3-04431,ok,debt,3157,3552,1184,0,0
SP3-04432,ok,debt,1997,5193,798,0,0
SP3-04433,ok,reserve,18189,0,12125,0,1531333
SP3-04434,ok,goals+,0,0,3071,0,0
SP3-04435,deficit,none,0,0,0,0,90440
SP3-04436,ok,reserve,2186,0,1456,0,0
SP3-04437,deficit,none,0,0,0,0,528064
SP3-04438,ok,debt,7915,20582,3166,0,0
SP3-04439,ok,goals+,0,0,3162,0,53384
SP3-04440,invalid,none,0,0,0,0,0
SP3-04441,deficit,none,0,0,0,0,139522
SP3-04442,ok,debt,4620,12012,1848,0,0
SP3-04443,ok,debt,1115,1255,418,0,0
SP3-04444,deficit,none,0,0,0,0,159081
SP3-04445,ok,debt,415,1082,166,0,0
SP3-04446,ok,debt,2488,6471,995,0,494682
SP3-04447,deficit,none,0,0,0,0,56743
SP3-04448,deficit,none,0,0,0,0,0
SP3-04449,ok,debt,5710,14847,2284,0,0
SP3-04450,ok,debt,3820,9935,1528,0,93704
SP3-04451,ok,debt,4230,11001,113,1579,0
SP3-04452,deficit,none,0,0,0,0,927692
SP3-04453,invalid,none,0,0,0,0,0
SP3-04454,deficit,none,0,0,0,0,98682
SP3-04455,deficit,none,0,0,0,0,0
SP3-04456,ok,goals+,0,0,0,21093,237971
SP3-04457,ok,reserve,4573,0,3049,0,0
SP3-04458,ok,debt,3152,8196,0,1260,0
SP3-04459,deficit,none,0,0,0,0,158836
SP3-04460,ok,goals+,0,0,0,38198,0
SP3-04461,ok,debt,3157,3552,1184,0,0
SP3-04462,ok,goals+,0,0,8439,71698,102077
SP3-04463,ok,debt,5936,6679,2226,0,0
SP3-04464,deficit,none,0,0,0,0,716411
SP3-04465,deficit,none,0,0,0,0,0
SP3-04466,ok,reserve,14795,0,8896,966,0
SP3-04467,ok,debt,19707,22172,7390,0,0
SP3-04468,ok,debt,63068,163981,3427,21799,3998763
SP3-04469,deficit,none,0,0,0,0,0
SP3-04470,deficit,none,0,0,0,0,55025
SP3-04471,ok,debt,2407,6261,963,0,0
SP3-04472,deficit,none,0,0,0,0,0
SP3-04473,ok,goals+,0,0,60169,71378,3979695
SP3-04474,ok,reserve,12059,0,0,8039,0
SP3-04475,ok,reserve,3399,0,2265,0,0
SP3-04476,ok,debt,4507,11719,1802,0,77533
SP3-04477,ok,goals+,0,0,3594,0,131484
SP3-04478,deficit,none,0,0,0,0,145101
SP3-04479,ok,reserve,31213,0,0,20808,0
SP3-04480,ok,goals+,0,0,8203,9305,0
SP3-04481,deficit,none,0,0,0,0,0
SP3-04482,deficit,none,0,0,0,0,511587
SP3-04483,ok,goals+,0,0,5054,17204,540064
SP3-04484,invalid,none,0,0,0,0,0
SP3-04485,deficit,none,0,0,0,0,332642
SP3-04486,ok,debt,4507,11719,1802,0,78848
SP3-04487,ok,goals+,0,0,0,2740,136441
SP3-04488,ok,debt,1850,4813,740,0,0
SP3-04489,ok,debt,6283,16336,0,2513,93356
SP3-04490,deficit,none,0,0,0,0,1698883
SP3-04491,ok,reserve,11777,0,3938,3911,0
SP3-04492,ok,debt,851,2215,0,340,21008
SP3-04493,ok,debt,0,6127,2626,0,11502
SP3-04494,deficit,none,0,0,0,0,54697
SP3-04495,invalid,none,0,0,0,0,0
SP3-04496,ok,debt,4054,10541,1621,0,31439
SP3-04497,ok,goals+,0,0,0,9412,164701
SP3-04498,deficit,none,0,0,0,0,118085
SP3-04499,deficit,none,0,0,0,0,0
SP3-04500,ok,reserve,9588,0,6391,0,0
SP3-04501,ok,goals+,0,0,52169,0,5369452
SP3-04502,ok,debt,812,2113,325,0,63425
SP3-04503,ok,debt,1041,2710,416,0,0
SP3-04504,ok,reserve,117737,0,3791,74699,28580
SP3-04505,ok,reserve,42883,0,28588,0,0
SP3-04506,ok,reserve,4996,0,0,3331,0
SP3-04507,ok,reserve,6833,0,4555,0,0
SP3-04508,ok,reserve,4906,0,3271,0,128041
SP3-04509,ok,goals+,0,0,5558,9559,0
SP3-04510,ok,goals+,0,0,7098,0,681050
SP3-04511,deficit,none,0,0,0,0,28202
SP3-04512,deficit,none,0,0,0,0,0
SP3-04513,deficit,none,0,0,0,0,67496
SP3-04514,invalid,none,0,0,0,0,0
SP3-04515,invalid,none,0,0,0,0,0
SP3-04516,ok,debt,12920,14535,4845,0,357287
SP3-04517,ok,goals+,0,0,4871,0,154741
SP3-04518,ok,debt,915,2381,366,0,11709
SP3-04519,deficit,none,0,0,0,0,468477
SP3-04520,deficit,none,0,0,0,0,586001
SP3-04521,deficit,none,0,0,0,0,0
SP3-04522,ok,debt,9156,23808,3662,0,117093
SP3-04523,ok,debt,7202,18727,2880,0,0
SP3-04524,ok,goals+,0,0,94703,0,3012430
SP3-04525,invalid,none,0,0,0,0,0
SP3-04526,ok,reserve,22990,0,7622,7704,0
SP3-04527,deficit,none,0,0,0,0,335954
SP3-04528,deficit,none,0,0,0,0,95122
SP3-04529,deficit,none,0,0,0,0,18458419
SP3-04530,deficit,none,0,0,0,0,318885
SP3-04531,ok,debt,4225,10985,1690,0,0
SP3-04532,ok,reserve,10496,0,0,6996,0
SP3-04533,ok,debt,4756,12366,1902,0,0
SP3-04534,ok,reserve,12169,0,7612,499,0
SP3-04535,deficit,none,0,0,0,0,220290
SP3-04536,ok,goals+,0,0,6256,22415,0
SP3-04537,ok,goals+,0,0,18180,134662,685734
SP3-04538,ok,reserve,140894,0,17627,76301,0
SP3-04539,ok,reserve,16712,0,0,11140,0
SP3-04540,ok,goals+,0,0,0,26655,7648112
SP3-04541,ok,debt,14079,36606,5631,0,480876
SP3-04542,deficit,none,0,0,0,0,0
SP3-04543,deficit,none,0,0,0,0,0
SP3-04544,deficit,none,0,0,0,0,0
SP3-04545,ok,debt,2483,6459,993,0,0
SP3-04546,deficit,none,0,0,0,0,58005
SP3-04547,ok,goals+,0,0,4233,0,129275
SP3-04548,deficit,none,0,0,0,0,245141
SP3-04549,deficit,none,0,0,0,0,2491641
SP3-04550,deficit,none,0,0,0,0,158801
SP3-04551,deficit,none,0,0,0,0,0
SP3-04552,ok,reserve,25514,0,1000,16009,0
SP3-04553,ok,reserve,10299,0,6866,0,0
SP3-04554,ok,debt,1267,1427,0,475,0
SP3-04555,deficit,none,0,0,0,0,1453559
SP3-04556,deficit,none,0,0,0,0,0
SP3-04557,deficit,none,0,0,0,0,1033625
SP3-04558,ok,reserve,7171,0,1584,3194,0
SP3-04559,ok,goals+,0,0,3281,5316,566739
SP3-04560,deficit,none,0,0,0,0,3468839
SP3-04561,ok,debt,6165,16031,2466,0,0
SP3-04562,ok,debt,7323,19042,2929,0,0
SP3-04563,deficit,none,0,0,0,0,0
SP3-04564,ok,debt,6685,17382,2674,0,86382
SP3-04565,ok,goals+,0,0,1538,16382,142546
SP3-04566,invalid,none,0,0,0,0,0
SP3-04567,ok,reserve,91,0,61,0,155541
SP3-04568,invalid,none,0,0,0,0,0
SP3-04569,ok,debt,5705,6420,2139,0,0
SP3-04570,ok,reserve,2740,0,1826,0,0
SP3-04571,ok,debt,4124,10724,0,1649,0
SP3-04572,ok,debt,961,2501,384,0,97864
SP3-04573,invalid,none,0,0,0,0,0
SP3-04574,ok,debt,16902,43946,6760,0,366441
SP3-04575,invalid,none,0,0,0,0,0
SP3-04576,ok,goals+,0,0,16162,0,915081
SP3-04577,deficit,none,0,0,0,0,0
SP3-04578,deficit,none,0,0,0,0,0
SP3-04579,deficit,none,0,0,0,0,157539
SP3-04580,ok,reserve,12812,0,0,8541,0
SP3-04581,deficit,none,0,0,0,0,0
SP3-04582,deficit,none,0,0,0,0,0
SP3-04583,ok,goals+,0,0,0,63434,0
SP3-04584,ok,debt,8526,22169,3410,0,0
SP3-04585,deficit,none,0,0,0,0,0
SP3-04586,ok,goals+,0,0,4605,4071,2797496
SP3-04587,ok,debt,7384,19200,2953,0,0
SP3-04588,deficit,none,0,0,0,0,0
SP3-04589,ok,debt,407,1061,163,0,0
SP3-04590,ok,goals+,0,0,7989,0,0
SP3-04591,ok,reserve,11375,0,0,7583,0
SP3-04592,deficit,none,0,0,0,0,56450
SP3-04593,ok,debt,4791,12457,854,1062,0
SP3-04594,deficit,none,0,0,0,0,7016212
SP3-04595,ok,debt,4682,12175,1873,0,0
SP3-04596,ok,debt,1189,3095,475,0,0
SP3-04597,ok,debt,2093,5443,837,0,447239
SP3-04598,ok,debt,1871,4868,748,0,0
SP3-04599,deficit,none,0,0,0,0,635516
SP3-04600,ok,debt,1512,3933,604,0,21765
SP3-04601,ok,debt,33314,86618,13325,0,61328
SP3-04602,invalid,none,0,0,0,0,0
SP3-04603,ok,reserve,27275,0,10724,7458,0
SP3-04604,ok,reserve,24943,0,16628,0,0
SP3-04605,deficit,none,0,0,0,0,0
SP3-04606,ok,debt,10956,28488,498,3884,0
SP3-04607,ok,reserve,13093,0,8728,0,0
SP3-04608,ok,debt,26026,67668,10410,0,9875413
SP3-04609,ok,goals+,0,0,1366,14209,3257721
SP3-04610,invalid,none,0,0,0,0,0
SP3-04611,deficit,none,0,0,0,0,449757
SP3-04612,ok,reserve,1761,0,1173,0,0
SP3-04613,ok,goals+,0,0,0,31163,404963
SP3-04614,deficit,none,0,0,0,0,463515
SP3-04615,ok,debt,6165,16031,2466,0,0
SP3-04616,ok,reserve,6944,0,4628,0,0
SP3-04617,deficit,none,0,0,0,0,0
SP3-04618,deficit,none,0,0,0,0,0
SP3-04619,deficit,none,0,0,0,0,907445
SP3-04620,deficit,none,0,0,0,0,0
SP3-04621,deficit,none,0,0,0,0,37166
SP3-04622,ok,debt,3450,8971,0,1380,131030
SP3-04623,ok,debt,24595,63947,9838,0,0
SP3-04624,ok,debt,1663,4324,665,0,136228
SP3-04625,ok,debt,0,6761,2897,0,132111
SP3-04626,ok,debt,6328,16456,2531,0,10407
SP3-04627,ok,goals+,0,0,6092,95727,909813
SP3-04628,ok,debt,19791,22267,7421,0,0
SP3-04629,deficit,none,0,0,0,0,105589
SP3-04630,deficit,none,0,0,0,0,0
SP3-04631,ok,debt,29908,77762,11963,0,76938
SP3-04632,ok,debt,773,2010,309,0,0
SP3-04633,deficit,none,0,0,0,0,13470120
SP3-04634,ok,goals+,0,0,0,98404,7851884
SP3-04635,deficit,none,0,0,0,0,0
SP3-04636,ok,goals+,0,0,735,9132,83410
SP3-04637,ok,debt,2358,6134,943,0,53288
SP3-04638,ok,goals+,2602,0,0,12976,0
SP3-04639,ok,goals+,0,0,6609,312542,666127
SP3-04640,deficit,none,0,0,0,0,26734
SP3-04641,ok,debt,6743,17534,2697,0,563373
SP3-04642,ok,reserve,11686,0,7790,0,0
SP3-04643,ok,debt,787,2048,314,0,0
SP3-04644,deficit,none,0,0,0,0,241282
SP3-04645,ok,reserve,887,0,591,0,24481
SP3-04646,deficit,none,0,0,0,0,0
SP3-04647,ok,debt,3166,8233,1266,0,0
SP3-04648,deficit,none,0,0,0,0,0
SP3-04649,ok,debt,5071,13187,2028,0,134184
SP3-04650,ok,debt,10311,26809,4124,0,0
SP3-04651,deficit,none,0,0,0,0,0
SP3-04652,ok,debt,3190,8295,1276,0,0
SP3-04653,deficit,none,0,0,0,0,191431
SP3-04654,ok,goals+,0,0,7293,0,281887
SP3-04655,deficit,none,0,0,0,0,0
SP3-04656,ok,goals+,0,0,9768,8587,0
SP3-04657,deficit,none,0,0,0,0,277567
SP3-04658,ok,reserve,19836,0,13224,0,0
SP3-04659,deficit,none,0,0,0,0,0
SP3-04660,ok,debt,1948,2192,730,0,0
SP3-04661,deficit,none,0,0,0,0,658654
SP3-04662,ok,debt,3692,4154,1384,0,122170
SP3-04663,ok,reserve,10572,0,7047,0,0
SP3-04664,ok,goals+,0,0,0,26076,369336
SP3-04665,invalid,none,0,0,0,0,0
SP3-04666,ok,debt,4259,11074,1703,0,544016
SP3-04667,ok,debt,733,1907,0,293,75706
SP3-04668,ok,goals+,0,0,3056,0,0
SP3-04669,deficit,none,0,0,0,0,0
SP3-04670,ok,reserve,114,0,76,0,0
SP3-04671,deficit,none,0,0,0,0,0
SP3-04672,ok,debt,6742,7585,2528,0,0
SP3-04673,invalid,none,0,0,0,0,0
SP3-04674,ok,debt,14269,37103,5707,0,0
SP3-04675,deficit,none,0,0,0,0,8685892
SP3-04676,ok,debt,3016,7845,0,1206,0
SP3-04677,ok,debt,43174,48572,0,16190,2119547
SP3-04678,ok,debt,1436,3735,574,0,0
SP3-04679,ok,debt,5949,15468,2379,0,35241
SP3-04680,ok,goals+,0,0,21555,34292,99033
SP3-04681,deficit,none,0,0,0,0,94703
SP3-04682,ok,debt,8083,21016,3233,0,0
SP3-04683,ok,debt,8403,21849,3361,0,0
SP3-04684,ok,goals+,0,0,108485,0,1185713
SP3-04685,ok,debt,1448,3767,579,0,18666
SP3-04686,deficit,none,0,0,0,0,0
SP3-04687,ok,goals+,0,0,11303,0,673083
SP3-04688,invalid,none,0,0,0,0,0
SP3-04689,ok,goals+,0,0,598,4852,118415
SP3-04690,deficit,none,0,0,0,0,883580
SP3-04691,ok,debt,4298,11175,1719,0,0
SP3-04692,deficit,none,0,0,0,0,521807
SP3-04693,ok,reserve,3367,0,2244,0,0
SP3-04694,ok,goals+,0,0,0,34639,123479
SP3-04695,ok,debt,397,1035,159,0,0
SP3-04696,ok,reserve,8030,0,5345,7,0
SP3-04697,ok,debt,2644,6877,1057,0,0
SP3-04698,ok,reserve,9886,0,1382,5207,0
SP3-04699,ok,debt,3810,4287,1429,0,0
SP3-04700,ok,debt,1411,3671,0,564,0
SP3-04701,deficit,none,0,0,0,0,0
SP3-04702,deficit,none,0,0,0,0,1254412
SP3-04703,deficit,none,0,0,0,0,200490
SP3-04704,ok,reserve,9485,0,6323,0,0
SP3-04705,deficit,none,0,0,0,0,690203
SP3-04706,ok,reserve,23720,0,15813,0,0
SP3-04707,ok,debt,99,259,39,0,138285
SP3-04708,ok,goals+,0,0,470,0,192534
SP3-04709,ok,goals+,0,0,1700,25469,366251
SP3-04710,ok,debt,3825,9947,1530,0,0
SP3-04711,ok,reserve,8286,0,5524,0,0
SP3-04712,deficit,none,0,0,0,0,0
SP3-04713,ok,debt,8209,21345,3283,0,328498
SP3-04714,ok,goals+,0,0,2216,19102,147390
SP3-10189,invalid,none,0,0,0,0,0
SP3-04716,ok,reserve,36763,0,0,24509,0
SP3-04717,invalid,none,0,0,0,0,0
SP3-04718,ok,debt,5469,6153,65,1985,0
SP3-04719,ok,reserve,32306,0,21537,0,0
SP3-04720,deficit,none,0,0,0,0,0
SP3-04721,deficit,none,0,0,0,0,2216447
SP3-04722,deficit,none,0,0,0,0,0
SP3-04723,deficit,none,0,0,0,0,14389
SP3-04724,ok,debt,2181,2454,817,0,0
SP3-04725,ok,debt,8653,22501,3461,0,0
SP3-04726,ok,none,0,0,0,0,0
SP3-04727,ok,debt,577,1501,230,0,0
SP3-04728,invalid,none,0,0,0,0,0
SP3-04729,ok,goals+,0,33570,5631,83301,529263
SP3-04730,deficit,none,0,0,0,0,0
SP3-04731,deficit,none,0,0,0,0,0
SP3-04732,deficit,none,0,0,0,0,280300
SP3-04733,deficit,none,0,0,0,0,0
SP3-04734,ok,debt,4934,5551,1850,0,0
SP3-04735,deficit,none,0,0,0,0,9786818
SP3-04736,ok,goals+,0,0,0,22951,217803
SP3-04737,deficit,none,0,0,0,0,18779
SP3-04738,deficit,none,0,0,0,0,1429743
SP3-04739,ok,debt,2943,7654,1177,0,0
SP3-04740,ok,reserve,17141,0,11427,0,0
SP3-04741,ok,goals+,0,0,0,51674,302469
SP3-04742,ok,goals+,0,0,11047,18650,152049
SP3-04743,ok,debt,2947,7665,91,1087,42543
SP3-04744,ok,reserve,10712,0,0,7141,0
SP3-04745,deficit,none,0,0,0,0,115645
SP3-04746,ok,reserve,8216,0,5476,0,0
SP3-04747,ok,debt,2493,6483,997,0,0
SP3-04748,deficit,none,0,0,0,0,0
SP3-04749,ok,debt,0,14924,2216,4178,147390
SP3-04750,deficit,none,0,0,0,0,4512709
SP3-04751,deficit,none,0,0,0,0,0
SP3-04752,deficit,none,0,0,0,0,487800
SP3-04753,ok,debt,370,962,148,0,0
SP3-04754,ok,goals+,0,0,1683,6844,1406047
SP3-04755,ok,debt,10047,26125,0,4019,111985
SP3-04756,ok,debt,25638,66660,10255,0,4719951
SP3-04757,ok,debt,11764,30590,3094,1611,0
SP3-04758,ok,debt,38753,100761,15501,0,2641898
SP3-04759,ok,goals+,0,0,6009,111776,10182469
SP3-04760,deficit,none,0,0,0,0,122355
SP3-04761,ok,none,0,0,0,0,0
SP3-04762,deficit,none,0,0,0,0,0
SP3-04763,ok,debt,559,1454,223,0,0
SP3-04764,ok,goals+,0,0,13573,1977,0
SP3-04765,ok,debt,932,1050,349,0,0
SP3-04766,ok,debt,3302,3716,1238,0,0
SP3-04767,deficit,none,0,0,0,0,0
SP3-04768,deficit,none,0,0,0,0,0
SP3-04769,deficit,none,0,0,0,0,0
SP3-04770,ok,reserve,11899,0,7933,0,0
SP3-04771,ok,reserve,15949,0,1930,8702,0
SP3-04772,ok,goals+,0,0,7058,31720,57537
SP3-04773,deficit,none,0,0,0,0,468229
SP3-04774,ok,debt,1255,3266,502,0,0
SP3-04775,deficit,none,0,0,0,0,0
SP3-04776,ok,reserve,108366,0,0,72244,0
SP3-04777,ok,debt,63464,165008,25385,0,2755469
SP3-04778,ok,debt,31552,82037,12621,0,0
SP3-04779,ok,reserve,5194,0,3462,0,119530
SP3-04780,ok,goals+,0,0,6225,0,1770391
SP3-04781,ok,goals+,0,0,8450,331888,6726378
SP3-04782,deficit,none,0,0,0,0,0
SP3-04783,ok,goals+,19399,0,14119,68067,0
SP3-04784,deficit,none,0,0,0,0,17441306
SP3-04785,deficit,none,0,0,0,0,0
SP3-04786,ok,debt,2639,6864,1055,0,0
SP3-04787,deficit,none,0,0,0,0,3065869
SP3-04788,deficit,none,0,0,0,0,16793
SP3-04789,deficit,none,0,0,0,0,0
SP3-04790,ok,reserve,11899,0,5296,2635,0
SP3-04791,deficit,none,0,0,0,0,468229
SP3-04792,deficit,none,0,0,0,0,72738
SP3-04793,ok,debt,21764,24485,8161,0,0
SP3-04794,deficit,none,0,0,0,0,0
SP3-04795,invalid,none,0,0,0,0,0
SP3-04796,deficit,none,0,0,0,0,34141
SP3-04797,ok,reserve,2771,0,1847,0,0
SP3-04798,deficit,none,0,0,0,0,0
SP3-04799,deficit,none,0,0,0,0,0
SP3-04800,deficit,none,0,0,0,0,5668341
SP3-04801,ok,reserve,14428,0,9618,0,0
SP3-04802,deficit,none,0,0,0,0,55325
SP3-04803,deficit,none,0,0,0,0,0
SP3-04804,ok,reserve,12265,0,6266,1909,0
SP3-04805,ok,debt,505,1313,202,0,291300
SP3-04806,ok,debt,709,1845,283,0,179710
SP3-04807,ok,reserve,3840,0,2560,0,0
SP3-04808,invalid,none,0,0,0,0,0
SP3-04809,invalid,none,0,0,0,0,0
SP3-04810,deficit,none,0,0,0,0,1709191
SP3-04811,ok,debt,957,2490,382,0,0
SP3-04812,deficit,none,0,0,0,0,74222
SP3-04813,deficit,none,0,0,0,0,50105
SP3-04814,deficit,none,0,0,0,0,3493272
SP3-04815,ok,reserve,10936,0,7290,0,0
SP3-04816,deficit,none,0,0,0,0,1289388
SP3-04817,deficit,none,0,0,0,0,54590
SP3-04818,ok,debt,10305,26793,4122,0,0
SP3-04819,ok,debt,34,90,0,13,162886
SP3-04820,ok,reserve,4941,0,3294,0,489721
SP3-04821,invalid,none,0,0,0,0,0
SP3-04822,ok,reserve,3592,0,2394,0,0
SP3-04823,ok,goals+,0,0,34182,33033,1473948
SP3-04824,ok,goals+,0,0,4043,0,91034
SP3-04825,ok,debt,7649,19888,3059,0,972497
SP3-04826,deficit,none,0,0,0,0,102144
SP3-04827,ok,reserve,11043,0,7361,0,0
SP3-04828,ok,none,0,0,0,0,0
SP3-04829,ok,goals+,0,0,18111,6150,183979
SP3-04830,ok,goals+,0,0,8186,0,190165
SP3-04831,deficit,none,0,0,0,0,41852
SP3-04832,ok,reserve,864,0,0,576,124853
SP3-04833,deficit,none,0,0,0,0,0
SP3-04834,deficit,none,0,0,0,0,86379
SP3-04835,ok,debt,7139,8032,2677,0,0
SP3-04836,ok,debt,1551,4035,620,0,0
SP3-04837,ok,debt,1794,4667,717,0,0
SP3-04838,ok,debt,65,172,26,0,77749
SP3-04839,ok,goals+,0,0,6738,12053,256056
SP3-04840,deficit,none,0,0,0,0,0
SP3-04841,ok,reserve,35918,0,23944,0,0
SP3-04842,ok,goals+,0,0,105319,0,9736240
SP3-04843,deficit,none,0,0,0,0,0
SP3-04844,deficit,none,0,0,0,0,310639
SP3-04845,deficit,none,0,0,0,0,0
SP3-04846,deficit,none,0,0,0,0,0
SP3-04847,ok,debt,6166,16033,2466,0,0
SP3-04848,deficit,none,0,0,0,0,0
SP3-04849,deficit,none,0,0,0,0,533885
SP3-04850,ok,debt,3000,7802,1200,0,0
SP3-04851,ok,goals+,0,0,14654,0,1489308
SP3-04852,ok,debt,490,553,183,0,0
SP3-04853,ok,goals+,0,0,70936,0,97735
SP3-04854,ok,reserve,39700,0,26467,0,0
SP3-04855,deficit,none,0,0,0,0,1196125
SP3-04856,ok,debt,585,1524,234,0,0
SP3-04857,invalid,none,0,0,0,0,0
SP3-04858,ok,debt,1175,3055,470,0,18264
SP3-04859,ok,reserve,743,0,495,0,0
SP3-04860,deficit,none,0,0,0,0,0
SP3-04861,ok,goals+,0,0,192125,0,16851908
SP3-04862,deficit,none,0,0,0,0,0
SP3-04863,deficit,none,0,0,0,0,0
SP3-04864,ok,debt,5370,13964,2148,0,3120813
SP3-04865,ok,reserve,18395,0,12262,0,0
SP3-04866,ok,debt,1660,4316,664,0,0
SP3-04867,ok,reserve,14651,0,9767,0,0
SP3-04868,ok,goals+,0,0,7329,2731,317687
SP3-04869,ok,debt,27,72,0,10,0
SP3-04870,ok,debt,3178,8264,1271,0,0
SP3-04871,ok,reserve,596,0,397,0,0
SP3-04872,ok,debt,482,1255,192,0,0
SP3-04873,ok,reserve,4398,0,0,2932,0
SP3-04874,ok,goals+,0,0,444860864,484374757,4338084268
SP3-04875,deficit,none,0,0,0,0,0
SP3-04876,ok,debt,141,369,56,0,0
SP3-04877,ok,debt,6516,16944,2606,0,0
SP3-04878,invalid,none,0,0,0,0,0
SP3-04879,ok,debt,5520,14355,0,2208,131928
SP3-04880,deficit,none,0,0,0,0,0
SP3-04881,ok,goals+,0,0,95716,92959,618123
SP3-04882,ok,debt,2718,3058,1019,0,150688
SP3-04883,deficit,none,0,0,0,0,841820
SP3-04884,ok,debt,14526,16342,5447,0,364141
SP3-04885,ok,reserve,45936,0,0,30624,0
SP3-04886,invalid,none,0,0,0,0,0
SP3-04887,ok,reserve,2026,0,1351,0,0
SP3-04888,ok,debt,2334,6070,933,0,0
SP3-04889,deficit,none,0,0,0,0,0
SP3-04890,deficit,none,0,0,0,0,80571
SP3-04891,deficit,none,0,0,0,0,11217609
SP3-04892,deficit,none,0,0,0,0,0
SP3-04893,ok,debt,6549,17031,2619,0,0
SP3-04894,ok,debt,1243,3234,497,0,143359
SP3-04895,ok,goals+,0,0,0,71418,64750
SP3-04896,ok,reserve,26235,0,17490,0,0
SP3-04897,ok,goals+,0,0,30937,23615,0
SP3-04898,ok,debt,93,243,37,0,0
SP3-04899,ok,goals+,0,0,3401,0,1175242
SP3-04900,ok,reserve,8419,0,5612,0,187792
SP3-04901,deficit,none,0,0,0,0,309628
SP3-04902,deficit,none,0,0,0,0,553992
SP3-04903,deficit,none,0,0,0,0,109482
SP3-04904,ok,reserve,5070,0,3379,0,0
SP3-04905,ok,goals+,0,0,21704,67952,543622
SP3-04906,ok,debt,0,4755,0,2037,642301
SP3-04907,ok,debt,3011,7829,1204,0,0
SP3-04908,deficit,none,0,0,0,0,0
SP3-04909,ok,debt,4089,4602,1533,0,0
SP3-04910,ok,reserve,8146,0,0,5430,0
SP3-04911,deficit,none,0,0,0,0,0
SP3-04912,ok,goals+,0,0,17257,53577,671366
SP3-04913,ok,reserve,15160,0,3405,6700,0
SP3-04914,ok,debt,8009,20826,0,3203,363533
SP3-04915,invalid,none,0,0,0,0,0
SP3-04916,deficit,none,0,0,0,0,0
SP3-04917,ok,reserve,2278,0,1518,0,0
SP3-04918,deficit,none,0,0,0,0,48419
SP3-04919,ok,debt,418,1089,0,167,37327
SP3-04920,ok,reserve,25022,0,16680,0,0
SP3-04921,ok,reserve,3686,0,2457,0,0
SP3-04922,deficit,none,0,0,0,0,0
SP3-04923,ok,debt,5027,5656,1885,0,0
SP3-04924,ok,debt,1881,4894,752,0,0
SP3-04925,ok,goals+,0,0,0,31917,67254
SP3-04926,deficit,none,0,0,0,0,0
SP3-04927,ok,debt,1539,4002,615,0,27311
SP3-04928,ok,goals+,0,0,65761,0,591039
SP3-04929,ok,goals+,0,0,1543,0,7801672
SP3-04930,ok,goals+,0,0,5270,105024,914719
SP3-04931,ok,debt,2821,7336,1128,0,0
SP3-04932,ok,reserve,13104,0,8736,0,0
SP3-04933,invalid,none,0,0,0,0,0
SP3-04934,deficit,none,0,0,0,0,1449030
SP3-04935,ok,goals+,0,0,0,7420,0
SP3-04936,invalid,none,0,0,0,0,0
SP3-04937,ok,goals+,0,0,1613,0,178174
SP3-04938,ok,debt,2703,7028,1081,0,0
SP3-04939,ok,debt,88,230,35,0,0
SP3-04940,deficit,none,0,0,0,0,0
SP3-04941,ok,reserve,5295,0,3530,0,0
SP3-04942,ok,goals+,0,0,1866,276,225601
SP3-04943,deficit,none,0,0,0,0,1273092
SP3-04944,deficit,none,0,0,0,0,123441
SP3-04945,ok,debt,3804,9893,1521,0,0
SP3-04946,deficit,none,0,0,0,0,0
SP3-04947,ok,debt,1909,4964,763,0,0
SP3-04948,ok,debt,11986,13485,4494,0,0
SP3-04949,ok,goals+,0,0,2426,11676,4371250
SP3-04950,ok,debt,8485,22062,3394,0,0
SP3-04951,ok,reserve,25468,0,1004,15973,0
SP3-04952,deficit,none,0,0,0,0,0
SP3-04953,deficit,none,0,0,0,0,0
SP3-04954,ok,goals+,0,0,10522,0,2875799
SP3-04955,ok,reserve,195662,0,0,130441,0
SP3-04956,deficit,none,0,0,0,0,0
SP3-04957,deficit,none,0,0,0,0,1448118
SP3-04958,ok,reserve,16923,0,1000,10281,0
SP3-04959,ok,debt,7491,19478,2996,0,0
SP3-04960,ok,reserve,9147,0,6097,0,0
SP3-04961,deficit,none,0,0,0,0,1425305
SP3-04962,ok,debt,4861,12639,0,1944,0
SP3-04963,deficit,none,0,0,0,0,0
SP3-04964,deficit,none,0,0,0,0,0
SP3-04965,ok,debt,2571,6687,0,1028,0
SP3-04966,ok,debt,4809,12505,41,1882,0
SP3-04967,ok,reserve,45196,0,30130,0,0
SP3-04968,ok,reserve,25209,0,0,16806,0
SP3-04969,deficit,none,0,0,0,0,2386662
SP3-04970,deficit,none,0,0,0,0,0
SP3-04971,ok,reserve,5128,0,3418,0,0
SP3-04972,ok,reserve,29643,0,19761,0,0
SP3-04973,ok,reserve,8368,0,392,5184,0
SP3-04974,ok,goals+,0,0,7279,0,63314
SP3-04975,deficit,none,0,0,0,0,38023
SP3-04976,ok,goals+,0,0,24334,0,0
SP3-04977,ok,debt,7177,8075,0,2691,0
SP3-04978,deficit,none,0,0,0,0,1421061
SP3-04979,deficit,none,0,0,0,0,122988
SP3-04980,ok,debt,2852,7416,1140,0,0
SP3-04981,deficit,none,0,0,0,0,0
SP3-04982,ok,goals+,0,0,13539,0,5867839
SP3-04983,ok,goals+,0,0,14012,67612,207822
SP3-04984,deficit,none,0,0,0,0,0
SP3-04985,deficit,none,0,0,0,0,0
SP3-04986,ok,reserve,4935,0,3289,0,0
SP3-04987,ok,debt,14193,36904,5677,0,0
SP3-04988,ok,none,0,0,0,0,0
SP3-04989,ok,goals+,0,0,4631,13064,0
SP3-04990,invalid,none,0,0,0,0,0
SP3-04991,ok,reserve,5537,0,3691,0,0
SP3-04992,ok,reserve,2087,0,1391,0,0
SP3-04993,ok,reserve,94095,0,0,62729,0
SP3-04994,ok,goals+,0,0,8759,0,0
SP3-04995,ok,debt,4381,11392,1752,0,0
SP3-04996,deficit,none,0,0,0,0,418199
SP3-04997,ok,debt,5926,15411,0,2370,917968
SP3-04998,deficit,none,0,0,0,0,100481
SP3-04999,ok,debt,424,1106,169,0,89187
SP3-05000,ok,debt,2007,5219,802,0,0
SP3-05001,ok,debt,4216,10964,1686,0,0
SP3-05002,ok,debt,17943,46655,0,7177,0
SP3-05003,ok,reserve,12656,0,8437,0,0
SP3-05004,ok,reserve,49080,0,32719,0,0
SP3-05005,ok,debt,2631,6843,1052,0,0
SP3-05006,ok,goals+,0,0,25867,27978,74135
SP3-05007,deficit,none,0,0,0,0,884310
SP3-05008,ok,reserve,22274,0,6232,8615,0
SP3-05009,deficit,none,0,0,0,0,237064
SP3-05010,ok,debt,2018,5247,807,0,0
SP3-05011,ok,goals+,0,0,186358,0,18773831
SP3-05012,deficit,none,0,0,0,0,24809
SP3-05013,ok,reserve,9467,0,0,6311,0
SP3-05014,deficit,none,0,0,0,0,0
SP3-05015,invalid,none,0,0,0,0,0
SP3-05016,deficit,none,0,0,0,0,0
SP3-05017,deficit,none,0,0,0,0,13753459
SP3-05018,deficit,none,0,0,0,0,0
SP3-05019,invalid,none,0,0,0,0,0
SP3-05020,ok,reserve,13671,0,0,9113,0
SP3-05021,deficit,none,0,0,0,0,0
SP3-05022,deficit,none,0,0,0,0,21653
SP3-05023,ok,goals+,0,0,2018,0,0
SP3-05024,ok,debt,1167,3037,0,467,0
SP3-05025,deficit,none,0,0,0,0,87259
SP3-05026,ok,reserve,21948,0,12148,2484,89500
SP3-05027,deficit,none,0,0,0,0,845972
SP3-05028,ok,reserve,47122,0,31414,0,0
SP3-05029,deficit,none,0,0,0,0,576675
SP3-05030,ok,goals+,0,0,5975,70125,1199554
SP3-05031,ok,goals+,0,0,4940,4190,213367
SP3-05032,ok,debt,1300,3380,520,0,0
SP3-05033,ok,reserve,7932,0,2501,2785,0
SP3-05034,ok,debt,2384,6200,953,0,0
SP3-05035,deficit,none,0,0,0,0,2330983
SP3-05036,ok,debt,6175,16057,2470,0,15673
SP3-05037,invalid,none,0,0,0,0,0
SP3-05038,invalid,none,0,0,0,0,0
SP3-05039,ok,goals+,0,0,14081,55910,0
SP3-05040,deficit,none,0,0,0,0,832235
SP3-05041,deficit,none,0,0,0,0,0
SP3-05042,ok,debt,0,680,119,0,12175
SP3-05043,ok,goals+,0,0,24376,550684,533424
SP3-05044,deficit,none,0,0,0,0,366683
SP3-05045,ok,debt,1098,2858,439,0,81820
SP3-05046,ok,reserve,58531,0,0,39020,0
SP3-05047,ok,debt,3316,8622,1326,0,0
SP3-05048,ok,none,0,0,0,0,732138
SP3-05049,deficit,none,0,0,0,0,177200
SP3-05050,ok,debt,2007,5219,802,0,0
SP3-05051,ok,reserve,1727,0,1151,0,0
SP3-05052,ok,reserve,9701,0,6466,0,0
SP3-05053,ok,debt,6691,7527,2509,0,0
SP3-05054,ok,debt,576,1498,0,230,0
SP3-05055,ok,debt,1373,3572,549,0,0
SP3-05056,ok,reserve,4191,0,2793,0,0
SP3-05057,ok,goals+,0,0,171533,0,3664763
SP3-05058,invalid,none,0,0,0,0,0
SP3-05059,ok,goals+,0,0,34738,9691,10236836
SP3-05060,ok,goals+,0,0,536,0,446133
SP3-05061,deficit,none,0,0,0,0,0
SP3-05062,ok,debt,607,1581,243,0,111928
SP3-05063,deficit,none,0,0,0,0,669960
SP3-05064,deficit,none,0,0,0,0,0
SP3-05065,deficit,none,0,0,0,0,0
SP3-05066,ok,goals+,0,0,1303,6008,426560
SP3-05067,ok,goals+,0,0,616,0,683075
SP3-05068,ok,goals+,0,0,29740,50782,12173913
SP3-05069,ok,debt,862,2244,345,0,65387
SP3-05070,deficit,none,0,0,0,0,0
SP3-05071,deficit,none,0,0,0,0,162722
SP3-05072,deficit,none,0,0,0,0,0
SP3-05073,deficit,none,0,0,0,0,0
SP3-05074,ok,debt,3350,8711,1340,0,43626
SP3-05075,deficit,none,0,0,0,0,945208
SP3-05076,ok,goals+,0,0,20691,669349,5488135
SP3-05077,ok,debt,3349,8710,1000,339,0
SP3-05078,deficit,none,0,0,0,0,107339
SP3-05079,ok,debt,2390,6216,956,0,0
SP3-05080,ok,debt,10179,11452,3817,0,0
SP3-05081,deficit,none,0,0,0,0,0
SP3-05082,ok,goals+,0,0,1124,15568,64944
SP3-05083,deficit,none,0,0,0,0,109627
SP3-05084,deficit,none,0,0,0,0,2593791
SP3-05085,deficit,none,0,0,0,0,0
SP3-05086,deficit,none,0,0,0,0,7471347
SP3-05087,ok,reserve,18019,0,0,12012,0
SP3-05088,ok,debt,1005,2614,402,0,0
SP3-05089,ok,debt,846,953,317,0,103490
SP3-05090,ok,debt,16296,42373,6518,0,267727
SP3-05091,deficit,none,0,0,0,0,123585
SP3-05092,ok,reserve,17307,0,7618,3919,0
SP3-05093,ok,debt,2879,3240,1079,0,0
SP3-05094,deficit,none,0,0,0,0,5321441
SP3-05095,ok,debt,5834,15170,2333,0,114329
SP3-05096,ok,debt,2204,5731,881,0,80711
SP3-05097,ok,debt,3964,10307,1585,0,40725
SP3-05098,ok,debt,3839,9983,1535,0,0
SP3-05099,deficit,none,0,0,0,0,0
SP3-05100,deficit,none,0,0,0,0,2608421
SP3-05101,deficit,none,0,0,0,0,0
SP3-05102,ok,debt,1040,2707,416,0,0
SP3-05103,ok,debt,28795,32394,10798,0,0
SP3-05104,ok,debt,4648,5230,0,1743,0
SP3-05105,deficit,none,0,0,0,0,0
SP3-05106,ok,debt,1156,3008,462,0,0
SP3-05107,deficit,none,0,0,0,0,0
SP3-05108,deficit,none,0,0,0,0,0
SP3-05109,ok,debt,4625,12025,1850,0,29036
SP3-05110,ok,debt,8102,21068,3241,0,3520548
SP3-05111,ok,debt,913,2374,365,0,80698
SP3-05112,ok,debt,1220,3173,488,0,0
SP3-05113,deficit,none,0,0,0,0,3083317
SP3-05114,ok,reserve,5416,0,3610,0,0
SP3-05115,ok,reserve,7824,0,5215,0,0
SP3-05116,deficit,none,0,0,0,0,1110913
SP3-05117,ok,debt,500,564,187,0,0
SP3-05118,ok,debt,1696,4413,414,264,0
SP3-05119,ok,goals+,0,0,50069,518296,0
SP3-05120,deficit,none,0,0,0,0,0
SP3-05121,deficit,none,0,0,0,0,0
SP3-05122,deficit,none,0,0,0,0,348756
SP3-05123,ok,debt,14507,37721,5803,0,379995
SP3-05124,deficit,none,0,0,0,0,26968
SP3-05125,deficit,none,0,0,0,0,4530141
SP3-05126,deficit,none,0,0,0,0,0
SP3-05127,ok,debt,9649,25089,3859,0,173312
SP3-05128,ok,debt,10530,27378,4212,0,0
SP3-05129,ok,debt,1027,2672,411,0,34350
SP3-05130,ok,debt,1058,2751,423,0,0
SP3-05131,ok,debt,8180,21271,3272,0,0
SP3-05132,ok,reserve,18334,0,5185,7036,0
SP3-05133,deficit,none,0,0,0,0,0
SP3-05134,ok,debt,395,1028,158,0,666232
SP3-05135,deficit,none,0,0,0,0,456135
SP3-05136,ok,debt,326,848,130,0,16412
SP3-05137,ok,goals+,0,0,0,10211,880251
SP3-05138,deficit,none,0,0,0,0,0
SP3-05139,ok,goals+,0,0,47504,148264,0
SP3-05140,ok,goals+,0,0,56942,0,1292956
SP3-05141,deficit,none,0,0,0,0,3375734
SP3-05142,ok,reserve,31807,0,2106,19097,0
SP3-05143,deficit,none,0,0,0,0,0
SP3-05144,ok,reserve,6993,0,4661,0,0
SP3-05145,ok,debt,0,1635,700,0,68853
SP3-05146,deficit,none,0,0,0,0,0
SP3-05147,ok,reserve,7086,0,4724,0,0
SP3-05148,deficit,none,0,0,0,0,9198324
SP3-05149,ok,debt,1058,2751,423,0,61173
SP3-05150,ok,debt,1409,3667,563,0,0
SP3-05151,ok,goals+,0,0,28868,20032,0
SP3-05152,deficit,none,0,0,0,0,3684376
SP3-05153,deficit,none,0,0,0,0,9976407
SP3-05154,deficit,none,0,0,0,0,0
SP3-05155,invalid,none,0,0,0,0,0
SP3-05156,deficit,none,0,0,0,0,88126
SP3-05157,invalid,none,0,0,0,0,0
SP3-05158,ok,reserve,11733,0,7822,0,0
SP3-05159,deficit,none,0,0,0,0,1056525
SP3-05160,ok,debt,4706,12236,1882,0,0
SP3-05161,deficit,none,0,0,0,0,0
SP3-05162,deficit,none,0,0,0,0,0
SP3-05163,deficit,none,0,0,0,0,421681
SP3-05164,ok,debt,195,508,78,0,0
SP3-05165,ok,reserve,2781,0,1854,0,0
SP3-05166,ok,reserve,5535,0,3689,0,0
SP3-05167,deficit,none,0,0,0,0,0
SP3-05168,ok,goals+,0,0,352,5110,352231
SP3-05169,ok,reserve,2409,0,0,1605,0
SP3-05170,deficit,none,0,0,0,0,845714
SP3-05171,ok,debt,1042,2710,416,0,0
SP3-05172,ok,reserve,6699,0,0,4465,0
SP3-05173,ok,debt,1409,3667,563,0,0
SP3-05174,ok,debt,0,5187,0,2222,106210
SP3-05175,deficit,none,0,0,0,0,0
SP3-05176,deficit,none,0,0,0,0,617079
SP3-05177,deficit,none,0,0,0,0,21740
SP3-05178,ok,debt,19014,49438,7605,0,1017423
SP3-05179,deficit,none,0,0,0,0,245078
SP3-05180,ok,goals+,0,0,2506,0,190243
SP3-05181,ok,reserve,7852,0,5234,0,0
SP3-05182,deficit,none,0,0,0,0,123398
SP3-05183,ok,debt,918,2389,367,0,0
SP3-05184,ok,reserve,53100,0,9571,25828,0
SP3-05185,deficit,none,0,0,0,0,0
SP3-05186,deficit,none,0,0,0,0,192620
SP3-05187,deficit,none,0,0,0,0,55112
SP3-05188,deficit,none,0,0,0,0,0
SP3-05189,ok,reserve,14071,0,0,9381,0
SP3-05190,ok,goals+,0,0,1504,7798,512177
SP3-05191,deficit,none,0,0,0,0,413372
SP3-05192,ok,debt,981,2552,392,0,49521
SP3-05193,ok,reserve,56446,0,10324,27304,0
SP3-05194,ok,goals+,0,0,0,10466,127966
SP3-05195,deficit,none,0,0,0,0,0
SP3-05196,ok,reserve,15135,0,10090,0,0
SP3-05197,deficit,none,0,0,0,0,0
SP3-05198,deficit,none,0,0,0,0,3040729
SP3-05199,deficit,none,0,0,0,0,223850
SP3-05200,deficit,none,0,0,0,0,0
SP3-02050,invalid,none,0,0,0,0,0
SP3-05202,ok,reserve,451208,0,78880,221925,0
SP3-05203,deficit,none,0,0,0,0,192620
SP3-05204,ok,goals+,0,0,3867,0,61677
SP3-05205,ok,reserve,73659,0,3105,46000,0
SP3-05206,invalid,none,0,0,0,0,0
SP3-05207,ok,debt,935,2431,374,0,246939
SP3-05208,ok,goals+,0,0,66153,11994,2682630
SP3-05209,deficit,none,0,0,0,0,131080
SP3-05210,deficit,none,0,0,0,0,0
SP3-05211,ok,debt,4112,10693,0,1645,70249
SP3-05212,deficit,none,0,0,0,0,0
SP3-05213,ok,reserve,6567,0,3693,685,0
SP3-05214,ok,goals+,0,0,7559,0,63432
SP3-05215,deficit,none,0,0,0,0,0
SP3-05216,ok,debt,1306,1470,489,0,79639
SP3-05217,ok,reserve,3364,0,2242,0,0
SP3-05218,ok,debt,3679,9568,1471,0,0
SP3-05219,ok,reserve,13209,0,8806,0,0
SP3-05220,ok,goals+,0,0,0,19728,0
SP3-05221,ok,reserve,20926,0,2468,11481,0
SP3-05222,deficit,none,0,0,0,0,0
SP3-05223,ok,reserve,4226,0,1026,1789,0
SP3-05224,ok,debt,40128,104335,16051,0,515050
SP3-05225,deficit,none,0,0,0,0,0
SP3-05226,deficit,none,0,0,0,0,187893
SP3-05227,ok,reserve,23636,0,15756,0,696815
SP3-05228,ok,debt,9955,25886,3982,0,0
SP3-05229,ok,reserve,5583,0,3721,0,0
SP3-05230,deficit,none,0,0,0,0,0
SP3-05231,ok,debt,741,1930,296,0,19009
SP3-05232,ok,reserve,3256,0,2170,0,0
SP3-05233,ok,reserve,22506,0,15003,0,0
SP3-05234,ok,debt,1858,4831,743,0,0
SP3-05235,ok,debt,4369,11363,1747,0,0
SP3-05236,ok,reserve,50802,0,35619,4898,0
SP3-05237,deficit,none,0,0,0,0,193660
SP3-05238,ok,reserve,9009,0,0,6006,0
SP3-05239,ok,reserve,688,0,458,0,0
SP3-05240,deficit,none,0,0,0,0,8295870
SP3-05241,ok,goals+,0,0,11128,29175,2179416
SP3-05242,ok,reserve,21333,0,11871,2350,0
SP3-05243,deficit,none,0,0,0,0,0
SP3-05244,ok,debt,0,76438,32759,0,182582
SP3-05245,deficit,none,0,0,0,0,1291371
SP3-05246,deficit,none,0,0,0,0,709215
SP3-05247,deficit,none,0,0,0,0,49222
SP3-05248,deficit,none,0,0,0,0,0
SP3-05249,ok,reserve,18092,0,12060,0,0
SP3-05250,deficit,none,0,0,0,0,0
SP3-05251,ok,debt,743,1932,297,0,0
SP3-05252,deficit,none,0,0,0,0,189522
SP3-05253,deficit,none,0,0,0,0,27797
SP3-05254,ok,reserve,5519,0,3678,0,205046
SP3-05255,ok,debt,15771,17744,4856,1057,0
SP3-05256,deficit,none,0,0,0,0,0
SP3-05257,ok,reserve,26179,0,17452,0,0
SP3-05258,ok,goals+,0,0,17040,0,11081476
SP3-05259,ok,debt,219,570,87,0,109287
SP3-05260,deficit,none,0,0,0,0,2293189
SP3-05261,deficit,none,0,0,0,0,0
SP3-05262,deficit,none,0,0,0,0,78085
SP3-05263,ok,debt,2293,5964,917,0,37452
SP3-05264,ok,debt,11269,29300,4507,0,0
SP3-05265,ok,debt,2537,6598,1015,0,522495
SP3-05266,deficit,none,0,0,0,0,9000869
SP3-05267,ok,goals+,0,0,14690,11636,4241687
SP3-05268,deficit,none,0,0,0,0,0
SP3-05269,ok,reserve,6975,0,0,4649,0
SP3-05270,invalid,none,0,0,0,0,0
SP3-05271,ok,reserve,4976,0,3317,0,0
SP3-05272,ok,goals+,0,0,1150,223034,4078249
SP3-05273,deficit,none,0,0,0,0,0
SP3-05274,ok,debt,2215,5760,886,0,0
SP3-05275,ok,debt,1716,4462,686,0,0
SP3-05276,ok,debt,194840839,506586183,77936335,0,348690685
SP3-05277,ok,debt,2242,5832,0,897,36578
SP3-05278,ok,goals+,0,4872,10713,0,162249
SP3-05279,ok,reserve,2588,0,1725,0,0
SP3-05280,deficit,none,0,0,0,0,0
SP3-05281,ok,goals+,0,0,2498,0,875677
SP3-05282,deficit,none,0,0,0,0,0
SP3-05283,ok,goals+,0,0,1180,0,324032
SP3-05284,ok,reserve,7230,0,4820,0,0
SP3-05285,deficit,none,0,0,0,0,47789
SP3-05286,deficit,none,0,0,0,0,829930
SP3-05287,ok,debt,295,767,118,0,0
SP3-05288,deficit,none,0,0,0,0,0
SP3-05289,ok,reserve,10219,0,0,6812,0
SP3-05290,ok,debt,11771,30605,4708,0,0
SP3-05291,invalid,none,0,0,0,0,0
SP3-05292,deficit,none,0,0,0,0,1125059
SP3-05293,ok,debt,15759306,40974196,6303722,0,670713063
SP3-05294,ok,none,0,0,0,0,0
SP3-05295,ok,reserve,15873,0,1744,8836,0
SP3-05296,ok,goals+,0,0,29643,420490,6661117
SP3-05297,ok,goals+,0,0,4256,23580,2009694
SP3-05298,deficit,none,0,0,0,0,279364
SP3-05299,ok,debt,4823,12542,1929,0,0
SP3-05300,ok,goals+,0,0,9304,30078,707749
SP3-05301,ok,reserve,11444,0,7628,0,0
SP3-05302,ok,debt,2109,5485,843,0,44450
SP3-05303,deficit,none,0,0,0,0,648710
SP3-05304,deficit,none,0,0,0,0,477896
SP3-05305,ok,reserve,6020,0,1026,2986,0
SP3-05306,ok,goals+,0,0,3372,156017,7224954
SP3-05307,ok,debt,8067,20975,3226,0,256643
SP3-05308,deficit,none,0,0,0,0,0
SP3-05309,deficit,none,0,0,0,0,0
SP3-05310,ok,debt,3715,9662,1486,0,132614
SP3-05311,ok,reserve,6447,0,4297,0,0
SP3-05312,ok,goals+,0,0,9584,0,324225
SP3-05313,ok,goals+,0,0,50520,173296,11477725
SP3-05314,ok,debt,1178,3066,471,0,52795
SP3-05315,ok,goals+,0,0,1331,0,182589
SP3-05316,ok,reserve,56308,0,0,37539,0
SP3-05317,ok,debt,26367,68557,0,10547,916726
SP3-05318,ok,reserve,8013,0,5341,0,0
SP3-05319,deficit,none,0,0,0,0,5624298
SP3-05320,deficit,none,0,0,0,0,0
SP3-05321,deficit,none,0,0,0,0,0
SP3-05322,ok,debt,5636,14657,2254,0,44468
SP3-05323,invalid,none,0,0,0,0,0
SP3-05324,deficit,none,0,0,0,0,127142
SP3-05325,ok,goals+,0,0,0,19869,96480
SP3-05326,ok,goals+,0,0,280,0,24922077
SP3-05327,deficit,none,0,0,0,0,0
SP3-05328,deficit,none,0,0,0,0,0
SP3-05329,ok,reserve,57764,0,38509,0,0
SP3-05330,ok,reserve,39791,0,0,26526,0
SP3-05331,invalid,none,0,0,0,0,0
SP3-05332,ok,goals+,0,0,84441,137857,23240669
SP3-05333,ok,goals+,0,0,0,4032,5839854
SP3-05334,ok,debt,10889,12251,4083,0,0
SP3-05335,ok,reserve,19446,0,0,12964,0
SP3-05336,deficit,none,0,0,0,0,0
SP3-05337,deficit,none,0,0,0,0,0
SP3-05338,invalid,none,0,0,0,0,0
SP3-05339,ok,debt,823,2143,329,0,179194
SP3-05340,ok,debt,1337,3477,534,0,88166
SP3-05341,invalid,none,0,0,0,0,0
SP3-05342,invalid,none,0,0,0,0,0
SP3-05343,deficit,none,0,0,0,0,0
SP3-05344,ok,debt,5612,14593,2245,0,10783
SP3-05345,deficit,none,0,0,0,0,0
SP3-05346,deficit,none,0,0,0,0,865053
SP3-05347,deficit,none,0,0,0,0,191318
SP3-05348,ok,debt,3288,8550,1315,0,115400
SP3-05349,deficit,none,0,0,0,0,0
SP3-05350,ok,debt,1620,4212,648,0,0
SP3-05351,invalid,none,0,0,0,0,0
SP3-05352,deficit,none,0,0,0,0,1063728
SP3-05353,deficit,none,0,0,0,0,0
SP3-05354,ok,debt,396,447,0,148,0
SP3-05355,ok,debt,2217,5766,886,0,0
SP3-05356,deficit,none,0,0,0,0,0
SP3-05357,ok,debt,8485,22061,3394,0,0
SP3-05358,deficit,none,0,0,0,0,0
SP3-05359,ok,debt,0,56800,13578,10764,270089
SP3-05360,deficit,none,0,0,0,0,3047199
SP3-05361,ok,reserve,56096,0,1000,36397,0
SP3-05362,ok,reserve,1244,0,829,0,0
SP3-05363,ok,goals+,9478,9428,19007,0,0
SP3-05364,ok,goals+,0,0,76211,79216,313607
SP3-05365,ok,debt,8377,21782,3350,0,0
SP3-05366,deficit,none,0,0,0,0,0
SP3-05367,ok,debt,2928,3294,1098,0,104954
SP3-05368,ok,goals+,0,0,103,18203,17326
SP3-05369,ok,reserve,25398,0,16932,0,0
SP3-05370,deficit,none,0,0,0,0,0
SP3-05371,ok,debt,2841,7388,1136,0,0
SP3-05372,ok,goals+,0,0,10891,31963,0
SP3-05373,ok,goals+,0,0,35190,333,0
SP3-05374,deficit,none,0,0,0,0,93107
SP3-05375,ok,reserve,11689,0,7792,0,0
SP3-05376,ok,goals+,0,0,4562,0,0
SP3-05377,ok,reserve,4155,0,1028,1741,0
SP3-05378,deficit,none,0,0,0,0,0
SP3-05379,ok,debt,6185,16083,2474,0,335133
SP3-05380,deficit,none,0,0,0,0,0
SP3-05381,ok,goals+,0,0,9089,0,0
SP3-05382,ok,reserve,6462,0,4308,0,0
SP3-05383,ok,debt,468,1219,0,187,0
SP3-05384,ok,goals+,0,0,2099,34663,0
SP3-05385,deficit,none,0,0,0,0,97091
SP3-05386,ok,reserve,47594,0,9143,22584,0
SP3-05387,ok,debt,73,191,29,0,0
SP3-05388,ok,debt,4490,11674,1796,0,0
SP3-05389,deficit,none,0,0,0,0,512675
SP3-05390,deficit,none,0,0,0,0,2720039
SP3-05391,deficit,none,0,0,0,0,16735
SP3-05392,deficit,none,0,0,0,0,71174
SP3-05393,deficit,none,0,0,0,0,0
SP3-05394,ok,debt,2707,7041,1083,0,159974
SP3-05395,ok,debt,8384,21801,3353,0,0
SP3-05396,ok,debt,5212,13553,2085,0,25842
SP3-05397,ok,debt,6951,7822,1992,614,0
SP3-05398,ok,reserve,4883,0,0,3255,0
SP3-05399,invalid,none,0,0,0,0,0
SP3-05400,ok,debt,90,234,36,0,187859
SP3-05401,ok,debt,22036,57297,8814,0,0
SP3-05402,ok,debt,103280,116190,38730,0,0
SP3-05403,ok,goals+,0,0,50358,391444,1645450
SP3-00313,invalid,none,0,0,0,0,0
SP3-05405,deficit,none,0,0,0,0,20955
SP3-05406,deficit,none,0,0,0,0,0
SP3-05407,deficit,none,0,0,0,0,275733
SP3-05408,deficit,none,0,0,0,0,1725192
SP3-05409,ok,reserve,6894,0,0,4595,0
SP3-05410,ok,debt,7109,18487,2843,0,0
SP3-05411,ok,debt,3345,8700,1338,0,0
SP3-05412,ok,debt,2628,6834,1051,0,0
SP3-05413,deficit,none,0,0,0,0,0
SP3-05414,ok,debt,318,827,127,0,12653
SP3-05415,ok,debt,510,1327,204,0,0
SP3-05416,ok,debt,3420,8893,1368,0,0
SP3-05417,deficit,none,0,0,0,0,7140558
SP3-05418,ok,reserve,24534,0,6735,9619,0
SP3-05419,ok,debt,2245,5839,898,0,0
SP3-05420,ok,reserve,5264,0,0,3509,0
SP3-05421,deficit,none,0,0,0,0,0
SP3-05422,deficit,none,0,0,0,0,168206
SP3-05423,ok,goals+,0,0,739,7206,436071
SP3-05424,ok,debt,2220,5772,0,888,0
SP3-05425,deficit,none,0,0,0,0,0
SP3-05426,ok,reserve,25942,0,17294,0,0
SP3-05427,ok,debt,4789,12452,1915,0,0
SP3-05428,deficit,none,0,0,0,0,1593903
SP3-05429,deficit,none,0,0,0,0,1185595
SP3-05430,deficit,none,0,0,0,0,0
SP3-05431,deficit,none,0,0,0,0,0
SP3-05432,deficit,none,0,0,0,0,0
SP3-05433,ok,debt,1444,3756,577,0,0
SP3-05434,ok,reserve,19902,0,0,13268,0
SP3-05435,deficit,none,0,0,0,0,0
SP3-05436,ok,reserve,2894,0,1929,0,0
SP3-05437,ok,none,0,0,0,0,762369
SP3-05438,ok,reserve,36092,0,24061,0,0
SP3-05439,deficit,none,0,0,0,0,0
SP3-05440,ok,goals+,0,0,0,50578,481420
SP3-05441,ok,reserve,21126,0,0,14084,0
SP3-05442,ok,reserve,16663,0,10898,209,0
SP3-05443,deficit,none,0,0,0,0,0
SP3-05444,ok,goals+,0,0,93133,322318,0
SP3-05445,deficit,none,0,0,0,0,220001
SP3-05446,deficit,none,0,0,0,0,141494
SP3-05447,ok,debt,2934,7629,1173,0,0
SP3-05448,ok,reserve,4194,0,2795,0,0
SP3-05449,invalid,none,0,0,0,0,0
SP3-05450,deficit,none,0,0,0,0,0
SP3-05451,ok,goals+,0,0,60937,382691,9459848
SP3-05452,deficit,none,0,0,0,0,255128
SP3-05453,deficit,none,0,0,0,0,44756
SP3-05454,deficit,none,0,0,0,0,1251010
SP3-05455,ok,debt,8584,22322,3433,0,213611
SP3-05456,ok,debt,2404,6252,961,0,0
SP3-05457,ok,goals+,0,0,13050,0,1793911
SP3-05458,ok,debt,0,10678,4576,0,59670
SP3-05459,ok,debt,1332,3465,533,0,0
SP3-05460,ok,debt,1332,3465,533,0,0
SP3-05461,deficit,none,0,0,0,0,0
SP3-05462,ok,debt,647,1685,259,0,243037
SP3-05463,deficit,none,0,0,0,0,270396
SP3-05464,ok,debt,3761,9779,1504,0,13604
SP3-05465,ok,debt,0,4925,2111,0,180524
SP3-05466,ok,debt,13198,14850,4949,0,0
SP3-05467,deficit,none,0,0,0,0,138370
SP3-05468,ok,goals+,0,0,10737,23599,615938
SP3-05469,ok,reserve,2632,0,0,1754,0
SP3-05470,ok,reserve,76682,0,51120,0,0
SP3-05471,deficit,none,0,0,0,0,0
SP3-05472,ok,reserve,2207,0,1470,0,0
SP3-05473,ok,goals+,0,0,891,0,268405
SP3-05474,ok,debt,1643,4275,657,0,23528
SP3-05475,ok,reserve,7236,0,4823,0,0
SP3-05476,deficit,none,0,0,0,0,0
SP3-05477,deficit,none,0,0,0,0,1491251
SP3-05478,deficit,none,0,0,0,0,0
SP3-05479,deficit,none,0,0,0,0,0
SP3-05480,ok,debt,2257,5870,903,0,116904
SP3-05481,deficit,none,0,0,0,0,3895214
SP3-05482,ok,reserve,16842,0,0,11228,0
SP3-05483,ok,debt,12134,13653,4550,0,0
SP3-05484,ok,debt,0,4925,2111,0,183958
SP3-05485,ok,debt,4223,10981,1689,0,367685
SP3-05486,deficit,none,0,0,0,0,101482
SP3-05487,invalid,none,0,0,0,0,0
SP3-05488,ok,debt,4911,12770,1964,0,0
SP3-05489,ok,reserve,42537,0,28357,0,0
SP3-05490,ok,reserve,771,0,513,0,0
SP3-05491,deficit,none,0,0,0,0,610182
SP3-05492,ok,goals+,0,0,2820,97791,6457349
SP3-05493,deficit,none,0,0,0,0,0
SP3-05494,ok,debt,4115,10701,0,1646,42953
SP3-05495,invalid,none,0,0,0,0,0
SP3-05496,ok,debt,2050,5332,820,0,0
SP3-05497,ok,debt,4244,11036,1697,0,62770
SP3-05498,ok,debt,520,1353,0,208,10338
SP3-05499,ok,debt,0,10142,2459,1886,0
SP3-05500,ok,goals+,0,0,2065,5882,404294
SP3-02052,invalid,none,0,0,0,0,0
SP3-05502,ok,debt,2586,6726,0,1034,0
SP3-05503,deficit,none,0,0,0,0,80220
SP3-05504,ok,debt,39397,102434,0,15758,1409060
SP3-05505,ok,reserve,4852,0,3235,0,0
SP3-05506,ok,debt,0,50246,21534,0,81618
SP3-05507,deficit,none,0,0,0,0,134466
SP3-05508,ok,reserve,8684006,0,5789336,0,0
SP3-05509,ok,debt,1812,4713,725,0,123299
SP3-05510,ok,debt,63,166,25,0,38592
SP3-05511,ok,debt,138463753,360005760,55385501,0,0
SP3-05512,ok,goals+,0,0,1,0,228988
SP3-05513,ok,debt,866,2253,0,346,147884
SP3-05514,deficit,none,0,0,0,0,2871437
SP3-05515,ok,reserve,3030,0,2019,0,0
SP3-05516,deficit,none,0,0,0,0,779213
SP3-05517,deficit,none,0,0,0,0,0
SP3-05518,deficit,none,0,0,0,0,0
SP3-05519,ok,debt,3421,8898,1368,0,0
SP3-05520,deficit,none,0,0,0,0,3080773
SP3-05521,deficit,none,0,0,0,0,0
SP3-05522,ok,debt,47,124,19,0,176251
SP3-05523,ok,reserve,14142,0,9428,0,0
SP3-05524,ok,goals+,0,0,791,75138,2075531
SP3-05525,ok,debt,4298,11178,1719,0,12110
SP3-05526,ok,debt,5274,13713,2109,0,0
SP3-05527,ok,reserve,7335,0,4890,0,0
SP3-05528,ok,goals+,0,0,0,23953,2543600
SP3-05529,deficit,none,0,0,0,0,5631993
SP3-05530,deficit,none,0,0,0,0,324411
SP3-05531,deficit,none,0,0,0,0,1981672
SP3-05532,ok,reserve,31955,0,17336,3965,0
SP3-05533,ok,reserve,7129,0,4753,0,0
SP3-05534,ok,debt,1688,4391,675,0,65810
SP3-05535,ok,goals+,0,0,20512,13575,623616
SP3-05536,deficit,none,0,0,0,0,14552
SP3-05537,deficit,none,0,0,0,0,22002
SP3-05538,ok,goals+,0,0,3491,28664,288661
SP3-05539,deficit,none,0,0,0,0,0
SP3-05540,deficit,none,0,0,0,0,969023
SP3-05541,deficit,none,0,0,0,0,0
SP3-05542,ok,debt,1003,2610,401,0,50456
SP3-05543,ok,debt,5837,15178,2334,0,0
SP3-05544,deficit,none,0,0,0,0,0
SP3-05545,deficit,none,0,0,0,0,54167
SP3-05546,ok,goals+,0,0,14836,211013,0
SP3-05547,deficit,none,0,0,0,0,96308
SP3-05548,ok,reserve,1191,0,794,0,25012
SP3-05549,ok,debt,6439,7246,2414,0,0
SP3-05550,ok,goals+,0,0,4393,4270,0
SP3-05551,invalid,none,0,0,0,0,0
SP3-05552,ok,goals+,0,0,0,31340,353306
SP3-05553,ok,debt,7545,19619,3018,0,0
SP3-05554,ok,debt,3824,9946,1529,0,112758
SP3-05555,deficit,none,0,0,0,0,0
SP3-05556,ok,debt,6288,16350,2515,0,93492
SP3-05557,ok,reserve,41059,0,0,27372,0
SP3-05558,ok,reserve,10515,0,7010,0,0
SP3-05559,ok,goals+,0,0,2026,1841,0
SP3-05560,deficit,none,0,0,0,0,413052
SP3-05561,invalid,none,0,0,0,0,0
SP3-05562,deficit,none,0,0,0,0,54167
SP3-05563,ok,reserve,15640,0,0,10426,0
SP3-05564,ok,debt,8579,22308,3431,0,0
SP3-05565,deficit,none,0,0,0,0,7234923
SP3-05566,ok,debt,6491,16877,2596,0,0
SP3-05567,deficit,none,0,0,0,0,858414
SP3-05568,deficit,none,0,0,0,0,0
SP3-05569,ok,goals+,0,0,6298,104069,19008926
SP3-05570,ok,debt,693,1803,277,0,0
SP3-05571,deficit,none,0,0,0,0,10565512
SP3-05572,deficit,none,0,0,0,0,0
SP3-05573,ok,reserve,14853,0,5705,4195,0
SP3-05574,deficit,none,0,0,0,0,0
SP3-05575,ok,debt,4714,12260,1885,0,66791
SP3-05576,ok,reserve,2919,0,1946,0,0
SP3-05577,ok,debt,8268,21500,3307,0,0
SP3-05578,deficit,none,0,0,0,0,114615
SP3-05579,ok,goals+,0,0,0,197178,19958949
SP3-05580,ok,debt,54283,141137,21713,0,1502688
SP3-05581,deficit,none,0,0,0,0,0
SP3-05582,deficit,none,0,0,0,0,0
SP3-05583,ok,debt,4582,11916,1833,0,0
SP3-05584,ok,debt,3955,10285,1582,0,0
SP3-05585,ok,goals+,0,0,0,260032,0
SP3-05586,ok,debt,1741,4527,696,0,28188
SP3-05587,ok,debt,0,28496,12212,0,373112
SP3-05588,ok,debt,18760,48778,7504,0,135367
SP3-05589,invalid,none,0,0,0,0,0
SP3-05590,deficit,none,0,0,0,0,0
SP3-05591,deficit,none,0,0,0,0,485997
SP3-05592,deficit,none,0,0,0,0,137910
SP3-05593,ok,debt,8579,22308,3431,0,0
SP3-05594,ok,goals+,0,0,0,43795,133912
SP3-05595,ok,reserve,9558,0,0,6372,0
SP3-05596,deficit,none,0,0,0,0,0
SP3-05597,deficit,none,0,0,0,0,0
SP3-05598,ok,debt,10695,27809,0,4278,0
SP3-05599,ok,debt,5041,13110,2016,0,0
SP3-05600,deficit,none,0,0,0,0,0
SP3-05601,ok,debt,4160,4681,1560,0,0
SP3-05602,ok,goals+,0,0,0,164866,162846
SP3-05603,ok,reserve,6590,0,0,4392,0
SP3-05604,ok,reserve,15870,0,1149,9431,0
SP3-05605,ok,debt,402,1047,160,0,0
SP3-05606,deficit,none,0,0,0,0,0
SP3-05607,deficit,none,0,0,0,0,199973
SP3-05608,deficit,none,0,0,0,0,3064126
SP3-05609,ok,debt,139,364,55,0,0
SP3-05610,deficit,none,0,0,0,0,0
SP3-05611,invalid,none,0,0,0,0,0
SP3-05612,ok,reserve,2075,0,797,585,20500
SP3-05613,ok,debt,500,1301,200,0,50220
SP3-05614,ok,debt,1891,4918,756,0,0
SP3-05615,deficit,none,0,0,0,0,0
SP3-05616,deficit,none,0,0,0,0,0
SP3-05617,ok,goals+,0,0,334,17535,0
SP3-05618,ok,debt,0,182683,78293,0,3081448
SP3-05619,ok,goals+,0,0,17017,0,338550
SP3-05620,deficit,none,0,0,0,0,0
SP3-05621,ok,debt,8888,10001,3333,0,0
SP3-05622,ok,debt,1486,3865,0,594,0
SP3-05623,deficit,none,0,0,0,0,2436179
SP3-05624,ok,goals+,0,0,18692,48345,0
SP3-05625,ok,debt,2612,6793,1044,0,96434
SP3-05626,ok,debt,0,25443,10904,0,2967494
SP3-05627,invalid,none,0,0,0,0,0
SP3-05628,ok,goals+,0,0,0,5615,64176
SP3-05629,ok,debt,4058,4566,1521,0,0
SP3-05630,ok,goals+,0,0,456,0,912055
SP3-05631,deficit,none,0,0,0,0,2760778
SP3-05632,ok,debt,0,14694,6297,0,1526719
SP3-05633,ok,debt,4508,11721,1803,0,531774
SP3-05634,ok,debt,10580,27508,4232,0,579128
SP3-05635,deficit,none,0,0,0,0,6219440
SP3-05636,deficit,none,0,0,0,0,0
SP3-05637,deficit,none,0,0,0,0,104101
SP3-05638,ok,debt,2194,5705,0,877,33367
SP3-05639,ok,debt,544,1417,217,0,209537
SP3-05640,deficit,none,0,0,0,0,4556256
SP3-05641,deficit,none,0,0,0,0,131849
SP3-05642,ok,debt,10580,27508,4232,0,588097
SP3-05643,ok,goals+,0,0,25520,22658,763479
SP3-05644,deficit,none,0,0,0,0,430030
SP3-05645,deficit,none,0,0,0,0,0
SP3-05646,ok,reserve,8378,0,5585,0,0
SP3-05647,deficit,none,0,0,0,0,462489
SP3-05648,ok,debt,3199,8321,1279,0,0
SP3-05649,deficit,none,0,0,0,0,92097
SP3-05650,ok,reserve,20686,0,0,13790,0
SP3-05651,ok,goals+,0,0,245,46143,4960314
SP3-05652,ok,reserve,11239,0,7492,0,0
SP3-05653,ok,reserve,25295,0,8098,8765,0
SP3-05654,deficit,none,0,0,0,0,0
SP3-05655,ok,reserve,6471,0,3076,1238,0
SP3-05656,deficit,none,0,0,0,0,234364
SP3-05657,ok,reserve,10033,0,6688,0,0
SP3-05658,deficit,none,0,0,0,0,0
SP3-05659,deficit,none,0,0,0,0,36091
SP3-05660,deficit,none,0,0,0,0,2343646
SP3-05661,deficit,none,0,0,0,0,0
SP3-05662,deficit,none,0,0,0,0,0
SP3-05663,ok,debt,4819,12532,1927,0,990044
SP3-05664,invalid,none,0,0,0,0,0
SP3-05665,deficit,none,0,0,0,0,4728973
SP3-05666,invalid,none,0,0,0,0,0
SP3-05667,ok,debt,966,2513,386,0,40157
SP3-05668,ok,reserve,18231,0,12153,0,0
SP3-05669,deficit,none,0,0,0,0,0
SP3-05670,deficit,none,0,0,0,0,0
SP3-05671,invalid,none,0,0,0,0,0
SP3-05672,ok,debt,4310,11206,1724,0,134279
SP3-05673,ok,reserve,10051,0,6700,0,0
SP3-05674,ok,debt,4097,10654,1638,0,0
SP3-05675,deficit,none,0,0,0,0,615151
SP3-05676,deficit,none,0,0,0,0,0
SP3-05677,ok,debt,0,41469,11178,6594,311202
SP3-05678,invalid,none,0,0,0,0,0
SP3-05679,ok,debt,252,657,101,0,0
SP3-05680,deficit,none,0,0,0,0,72746
SP3-05681,ok,debt,43017,111846,0,17207,1757072
SP3-05682,ok,goals+,0,0,191109,357920,261136
SP3-05683,deficit,none,0,0,0,0,918130
SP3-05684,deficit,none,0,0,0,0,0
SP3-05685,ok,reserve,11665,0,4144,3630,0
SP3-05686,deficit,none,0,0,0,0,3997986
SP3-05687,ok,debt,495,1287,198,0,0
SP3-05688,ok,goals+,0,0,4205,5318,91604
SP3-05689,ok,goals+,0,0,34075,10066,0
SP3-05690,ok,reserve,1614,0,1579,0,0
SP3-05691,deficit,none,0,0,0,0,0
SP3-05692,deficit,none,0,0,0,0,0
SP3-05693,ok,reserve,3968,0,2644,0,0
SP3-05694,invalid,none,0,0,0,0,0
SP3-05695,ok,debt,3130,8140,1252,0,0
SP3-05696,deficit,none,0,0,0,0,0
SP3-05697,ok,debt,1483,3856,593,0,0
SP3-05698,ok,debt,681,1771,272,0,0
SP3-05699,ok,debt,910,2369,364,0,78011
SP3-05700,ok,goals+,0,0,7149,34724,2909022
SP3-05701,ok,reserve,8991,0,5994,0,0
SP3-05702,deficit,none,0,0,0,0,2313810
SP3-05703,ok,debt,107,280,43,0,0
SP3-05704,ok,reserve,66259,0,25434,18738,0
SP3-05705,deficit,none,0,0,0,0,634494
SP3-05706,deficit,none,0,0,0,0,0
SP3-05707,deficit,none,0,0,0,0,59919
SP3-05708,ok,debt,7852,20417,3141,0,0
SP3-05709,deficit,none,0,0,0,0,5899448
SP3-05710,ok,reserve,12886,0,8590,0,0
SP3-05711,deficit,none,0,0,0,0,77931
SP3-05712,ok,reserve,15165,0,4782,5326,0
SP3-05713,ok,debt,40926,46044,14220,1126,0
SP3-05714,ok,debt,20,54,8,0,0
SP3-05715,ok,debt,2353,6120,941,0,0
SP3-05716,deficit,none,0,0,0,0,1443836
SP3-05717,deficit,none,0,0,0,0,318071
SP3-05718,ok,goals+,0,0,3489,0,148287
SP3-05719,invalid,none,0,0,0,0,0
SP3-05720,deficit,none,0,0,0,0,0
SP3-05721,ok,goals+,0,0,35123,359,966555
SP3-05722,ok,goals+,0,0,6034,0,201181
SP3-05723,deficit,none,0,0,0,0,2744951
SP3-05724,ok,debt,2724,7085,1089,0,0
SP3-05725,ok,reserve,7991,0,5326,0,341004
SP3-05726,deficit,none,0,0,0,0,20181
SP3-05727,ok,reserve,6944,0,0,4629,0
SP3-05728,ok,debt,0,42746,11178,7141,311202
SP3-05729,ok,debt,55567306,144474999,22226922,0,4224082520
SP3-05730,deficit,none,0,0,0,0,4521911
SP3-05731,ok,goals+,0,0,7272,5802,168475
SP3-05732,deficit,none,0,0,0,0,375651
SP3-05733,deficit,none,0,0,0,0,0
SP3-05734,ok,debt,12696,33012,5078,0,1342810
SP3-05735,ok,goals+,0,0,5062,0,256906
SP3-05736,deficit,none,0,0,0,0,4335755
SP3-05737,ok,debt,16724,43485,6689,0,393854
SP3-05738,ok,debt,3226,3630,1209,0,0
SP3-05739,ok,reserve,20780,0,7037,6815,0
SP3-05740,ok,debt,2464,6410,985,0,0
SP3-05741,deficit,none,0,0,0,0,0
SP3-05742,ok,debt,4411,11469,1764,0,0
SP3-05743,deficit,none,0,0,0,0,2143479
SP3-05744,deficit,none,0,0,0,0,0
SP3-05745,deficit,none,0,0,0,0,0
SP3-05746,ok,debt,4611,11990,1844,0,0
SP3-05747,ok,debt,1080,2808,0,432,75904
SP3-05748,ok,debt,13213,14866,1621,3333,0
SP3-05749,ok,debt,2293,5963,917,0,0
SP3-05750,ok,debt,5406,14058,2162,0,30666
SP3-05751,ok,debt,8658,22511,3463,0,0
SP3-05752,ok,debt,4752,12357,1900,0,64952
SP3-05753,deficit,none,0,0,0,0,0
SP3-05754,ok,debt,757,1971,303,0,21161
SP3-05755,ok,reserve,1173,0,781,0,0
SP3-05756,ok,debt,2043,5313,817,0,0
SP3-05757,deficit,none,0,0,0,0,371070
SP3-05758,deficit,none,0,0,0,0,244006
SP3-05759,deficit,none,0,0,0,0,0
SP3-05760,ok,debt,2296,5970,918,0,0
SP3-05761,ok,debt,425,479,159,0,0
SP3-05762,deficit,none,0,0,0,0,0
SP3-05763,ok,none,0,0,0,0,0
SP3-05764,ok,goals+,0,0,18108,0,538833
SP3-05765,deficit,none,0,0,0,0,1381174
SP3-05766,ok,debt,757,1971,303,0,21161
SP3-05767,ok,debt,3493,3930,1309,0,0
SP3-05768,ok,debt,116,302,46,0,0
SP3-05769,deficit,none,0,0,0,0,0
SP3-05770,deficit,none,0,0,0,0,0
SP3-05771,ok,reserve,29775,0,0,19849,0
SP3-05772,deficit,none,0,0,0,0,1327097
SP3-05773,ok,goals+,0,0,44489,0,0
SP3-05774,ok,goals+,0,1189,1910,5048,206921
SP3-05775,deficit,none,0,0,0,0,0
SP3-05776,deficit,none,0,0,0,0,0
SP3-05777,ok,debt,2031,2287,761,0,0
SP3-05778,deficit,none,0,0,0,0,0
SP3-05779,deficit,none,0,0,0,0,512092
SP3-05780,ok,reserve,4256,0,2836,0,12660
SP3-05781,ok,reserve,4256,0,2836,0,12660
SP3-05782,deficit,none,0,0,0,0,0
SP3-05783,ok,debt,1382,3595,553,0,0
SP3-05784,deficit,none,0,0,0,0,1821130
SP3-05785,ok,debt,966,2512,386,0,130418
SP3-05786,ok,reserve,13110,0,0,8739,0
SP3-05787,ok,goals+,0,0,30662,25641,0
SP3-05788,ok,reserve,4304,0,2869,0,0
SP3-05789,ok,debt,668,752,0,250,16629
SP3-05790,ok,debt,3321,8635,1328,0,728857
SP3-05791,deficit,none,0,0,0,0,112897
SP3-05792,ok,debt,3069,3454,1150,0,0
SP3-05793,ok,debt,1918,4988,767,0,0
SP3-05794,ok,debt,737,1918,0,295,0
SP3-05795,deficit,none,0,0,0,0,68738
SP3-05796,deficit,none,0,0,0,0,0
SP3-05797,ok,debt,13826,35949,5530,0,0
SP3-05798,ok,reserve,162661,0,9289,99151,0
SP3-05799,ok,debt,228,593,91,0,20815
SP3-05800,deficit,none,0,0,0,0,539793
SP3-05801,invalid,none,0,0,0,0,0
SP3-05802,ok,debt,5979,15546,2391,0,0
SP3-05803,ok,debt,4442,11552,0,1777,552227
SP3-05804,ok,debt,2227,5792,891,0,0
SP3-05805,deficit,none,0,0,0,0,246253
SP3-05806,ok,goals+,0,0,25223,7912,68660
SP3-05807,ok,goals+,0,0,645,11596,0
SP3-05808,deficit,none,0,0,0,0,5292372
SP3-05809,deficit,none,0,0,0,0,0
SP3-05810,ok,debt,946,2460,378,0,0
SP3-05811,deficit,none,0,0,0,0,3877570
SP3-05812,ok,debt,1353,3521,541,0,0
SP3-05813,ok,debt,2464,6410,985,0,0
SP3-05814,ok,goals+,0,0,56863,5520,0
SP3-05815,ok,goals+,0,0,15286,0,4083322
SP3-05816,ok,goals+,0,0,0,47491,59557
SP3-05817,ok,debt,869,978,0,326,0
SP3-05818,ok,debt,5524,14364,0,2209,98623
SP3-05819,ok,debt,3333,8667,1333,0,0
SP3-05820,deficit,none,0,0,0,0,239407
SP3-05821,ok,reserve,109596,0,73064,0,0
SP3-05822,ok,debt,639,1663,255,0,146146
SP3-05823,ok,reserve,388210841,0,258807227,0,3393146467
SP3-05824,invalid,none,0,0,0,0,0
SP3-05825,ok,debt,2760,7178,0,1104,53703
SP3-05826,deficit,none,0,0,0,0,0
SP3-05827,ok,goals+,0,0,4442,0,0
SP3-05828,ok,debt,3927,10213,1571,0,99909
SP3-05829,ok,debt,1763,4587,705,0,0
SP3-05830,ok,reserve,9739,0,6493,0,0
SP3-05831,deficit,none,0,0,0,0,1166964
SP3-05832,deficit,none,0,0,0,0,204874
SP3-05833,ok,goals+,0,0,7940,0,141988
SP3-05834,ok,debt,4452,11578,1781,0,267279
SP3-05835,ok,debt,3193,8303,1277,0,0
SP3-05836,deficit,none,0,0,0,0,28190
SP3-05837,deficit,none,0,0,0,0,122768
SP3-05838,deficit,none,0,0,0,0,478032
SP3-05839,deficit,none,0,0,0,0,0
SP3-05840,ok,goals+,0,0,23838,0,96956
SP3-05841,deficit,none,0,0,0,0,0
SP3-05842,invalid,none,0,0,0,0,0
SP3-05843,deficit,none,0,0,0,0,311855
SP3-05844,deficit,none,0,0,0,0,6837467
SP3-05845,ok,debt,464,1209,185,0,0
SP3-05846,ok,debt,2229,5798,0,891,14318
SP3-05847,ok,goals+,0,0,36185,0,53377
SP3-05848,invalid,none,0,0,0,0,0
SP3-05849,deficit,none,0,0,0,0,0
SP3-05850,deficit,none,0,0,0,0,164258
SP3-05851,ok,debt,1855,4823,742,0,0
SP3-05852,ok,goals+,0,0,13746,15056,0
SP3-05853,ok,debt,11954,31084,4292,489,0
SP3-05854,ok,debt,6977,7851,2616,0,0
SP3-05855,ok,debt,1952,5076,780,0,0
SP3-05856,deficit,none,0,0,0,0,0
SP3-05857,ok,reserve,8591,0,5727,0,0
SP3-05858,ok,reserve,19179,0,11374,1411,0
SP3-05859,deficit,none,0,0,0,0,0
SP3-05860,deficit,none,0,0,0,0,1645640
SP3-05861,deficit,none,0,0,0,0,713936
SP3-05862,deficit,none,0,0,0,0,5854979
SP3-05863,ok,debt,2904,7552,1161,0,0
SP3-05864,invalid,none,0,0,0,0,0
SP3-05865,ok,debt,2441,6347,0,976,0
SP3-05866,ok,reserve,21595,0,14396,0,0
SP3-05867,ok,debt,297,774,119,0,0
SP3-05868,deficit,none,0,0,0,0,1149235
SP3-05869,ok,goals+,0,0,2641,22659,0
SP3-05870,ok,debt,4069,10583,1627,0,0
SP3-05871,deficit,none,0,0,0,0,0
SP3-05872,ok,debt,1952,5076,780,0,0
SP3-05873,ok,debt,943,2454,377,0,25904
SP3-05874,ok,debt,4892,12721,0,1957,0
SP3-05875,ok,debt,8417,9470,0,3156,1240962
SP3-05876,deficit,none,0,0,0,0,0
SP3-05877,deficit,none,0,0,0,0,0
SP3-05878,ok,debt,360,938,0,144,509779
SP3-05879,invalid,none,0,0,0,0,0
SP3-05880,deficit,none,0,0,0,0,264844
SP3-05881,ok,goals+,0,0,42978,0,260531
SP3-05882,deficit,none,0,0,0,0,0
SP3-05883,ok,reserve,43855,0,23942,5293,0
SP3-05884,ok,goals+,0,0,13367,4492,65704
SP3-05885,ok,debt,2388,2688,895,0,0
SP3-05886,ok,reserve,5218,0,3478,0,0
SP3-05887,deficit,none,0,0,0,0,0
SP3-05888,deficit,none,0,0,0,0,0
SP3-05889,ok,debt,2056,5346,822,0,0
SP3-05890,ok,debt,1910,4966,764,0,0
SP3-05891,deficit,none,0,0,0,0,144968
SP3-05892,ok,none,0,0,0,0,249858
SP3-05893,ok,goals+,0,0,70316,388,2558815
SP3-05894,deficit,none,0,0,0,0,0
SP3-05895,ok,reserve,35122,0,0,23414,0
SP3-05896,deficit,none,0,0,0,0,600419
SP3-05897,deficit,none,0,0,0,0,0
SP3-05898,ok,debt,2641,6869,1056,0,0
SP3-05899,deficit,none,0,0,0,0,2209190
SP3-05900,ok,debt,2572,6689,1028,0,33312
SP3-05901,deficit,none,0,0,0,0,139360
SP3-05902,invalid,none,0,0,0,0,0
SP3-05903,invalid,none,0,0,0,0,0
SP3-05904,ok,goals+,0,0,34885,0,7328740
SP3-05905,ok,debt,6950,18072,2780,0,0
SP3-05906,ok,goals+,0,0,20734,54549,3277420
SP3-05907,deficit,none,0,0,0,0,1521006
SP3-05908,deficit,none,0,0,0,0,656954
SP3-05909,ok,debt,2565,6670,584,441,36228
SP3-05910,deficit,none,0,0,0,0,80821
SP3-05911,ok,reserve,1581,0,1054,0,0
SP3-05912,ok,debt,2597,6754,1038,0,166191
SP3-05913,deficit,none,0,0,0,0,0
SP3-05914,deficit,none,0,0,0,0,664913
SP3-05915,deficit,none,0,0,0,0,251560
SP3-05916,ok,reserve,4966,0,3311,0,0
SP3-05917,ok,debt,86,98,32,0,0
SP3-05918,ok,debt,4181,10872,1672,0,89762
SP3-05919,deficit,none,0,0,0,0,4447415
SP3-05920,ok,debt,8318,21630,3327,0,141669
SP3-05921,deficit,none,0,0,0,0,0
SP3-05922,ok,reserve,7283,0,4855,0,0
SP3-05923,deficit,none,0,0,0,0,1438423
SP3-05924,ok,reserve,23751,0,0,15834,0
SP3-05925,ok,debt,2955,7685,1182,0,55034
SP3-05926,ok,reserve,5812,0,0,3875,0
SP3-05927,ok,goals+,0,0,18479,49615,71408
SP3-05928,deficit,none,0,0,0,0,91278
SP3-05929,ok,none,0,0,0,0,375801
SP3-05930,ok,reserve,91996,0,25678,35652,0
SP3-05931,ok,reserve,2350,0,1566,0,0
SP3-05932,ok,reserve,4219,0,2812,0,0
SP3-05933,ok,reserve,26184,0,17455,0,0
SP3-05934,ok,goals+,0,0,217,0,791737
SP3-05935,deficit,none,0,0,0,0,5090820
SP3-05936,deficit,none,0,0,0,0,5940824
SP3-05937,ok,goals+,0,0,5339,0,6420205
SP3-05938,deficit,none,0,0,0,0,0
SP3-05939,ok,reserve,5530,0,0,3686,0
SP3-05940,deficit,none,0,0,0,0,0
SP3-05941,ok,debt,6126,15930,2450,0,27084
SP3-05942,ok,reserve,1879,0,0,1253,0
SP3-05943,ok,debt,2982,7755,1192,0,0
SP3-05944,ok,debt,1066,2772,426,0,44287
SP3-05945,ok,debt,1444,3758,577,0,0
SP3-05946,invalid,none,0,0,0,0,0
SP3-05947,ok,reserve,16327,0,10884,0,0
SP3-05948,ok,debt,128,333,51,0,0
SP3-05949,ok,reserve,10655,0,3116,3987,0
SP3-05950,deficit,none,0,0,0,0,0
SP3-05951,ok,reserve,11562,0,0,7707,0
SP3-05952,ok,reserve,8237,0,0,5490,0
SP3-05953,deficit,none,0,0,0,0,0
SP3-05954,ok,goals+,8272,0,9190,1089,0
SP3-05955,ok,goals+,8953,0,15099,0,0
SP3-05956,ok,debt,1178,3064,0,471,59597
SP3-05957,invalid,none,0,0,0,0,0
SP3-05958,ok,goals+,0,0,517,0,2717138
SP3-05959,ok,reserve,110128,0,1505,71913,0
SP3-05960,ok,reserve,5253,0,3501,0,685854
SP3-05961,invalid,none,0,0,0,0,0
SP3-05962,ok,debt,747,1945,299,0,0
SP3-05963,deficit,none,0,0,0,0,0
SP3-05964,ok,debt,522,1359,209,0,0
SP3-05965,invalid,none,0,0,0,0,0
SP3-05966,deficit,none,0,0,0,0,0
SP3-05967,ok,reserve,19617,0,13078,0,0
SP3-05968,deficit,none,0,0,0,0,1465960
SP3-05969,ok,debt,1862,4844,745,0,163858
SP3-05970,ok,reserve,8124,0,5415,0,0
SP3-05971,ok,debt,2955,7685,1182,0,56048
SP3-05972,deficit,none,0,0,0,0,13657826
SP3-05973,deficit,none,0,0,0,0,2679700
SP3-05974,ok,reserve,19939,0,0,13292,0
SP3-05975,deficit,none,0,0,0,0,1165427
SP3-05976,ok,goals+,0,0,711,0,598019
SP3-05977,ok,goals+,0,0,22152,75008,59132
SP3-05978,ok,debt,2387,6207,954,0,159248
SP3-05979,ok,goals+,0,0,31944,39095,3175929
SP3-05980,ok,none,0,0,0,0,0
SP3-05981,deficit,none,0,0,0,0,0
SP3-05982,invalid,none,0,0,0,0,0
SP3-05983,deficit,none,0,0,0,0,0
SP3-05984,ok,goals+,0,0,13718,142601,1904977
SP3-05985,ok,debt,2020,5255,808,0,27531
SP3-05986,ok,debt,1188,1338,0,445,126535
SP3-05987,deficit,none,0,0,0,0,7418308
SP3-05988,deficit,none,0,0,0,0,0
SP3-05989,ok,reserve,17856,0,11903,0,0
SP3-05990,ok,goals+,0,0,0,39810,128839
SP3-05991,ok,debt,394,1027,157,0,85800
SP3-05992,ok,goals+,0,0,0,8137,91336
SP3-05993,ok,debt,1293,1455,485,0,0
SP3-05994,ok,debt,5839,15183,2335,0,63284
SP3-05995,ok,reserve,52706,0,9814,25322,0
SP3-05996,deficit,none,0,0,0,0,0
SP3-05997,deficit,none,0,0,0,0,0
SP3-05998,deficit,none,0,0,0,0,0
SP3-05999,deficit,none,0,0,0,0,1038958
SP3-06000,deficit,none,0,0,0,0,0
SP3-06001,ok,reserve,13088,0,0,8724,0
SP3-06002,ok,goals+,0,0,246,0,203731
SP3-06003,ok,debt,6811,17712,2724,0,207379
SP3-06004,deficit,none,0,0,0,0,557845
SP3-06005,ok,reserve,34175,0,22782,0,0
SP3-06006,ok,reserve,1921,0,820,459,0
SP3-06007,ok,debt,492,1280,196,0,0
SP3-06008,ok,goals+,0,0,8335,68865,0
SP3-06009,deficit,none,0,0,0,0,0
SP3-06010,ok,reserve,34967,0,7876,15433,0
SP3-06011,ok,debt,18803,48890,7521,0,26626
SP3-06012,ok,debt,2865,7451,1146,0,0
SP3-06013,ok,debt,58393,151822,23357,0,632846
SP3-06014,deficit,none,0,0,0,0,597046
SP3-06015,ok,goals+,0,0,29552,0,1020784
SP3-06016,ok,debt,1469,3821,587,0,0
SP3-06017,ok,reserve,6735,0,4490,0,0
SP3-06018,ok,debt,2756,7168,1102,0,0
SP3-06019,ok,goals+,0,0,1915,30382,420217
SP3-06020,ok,goals+,0,0,0,58858,454071
SP3-06021,ok,debt,12957,14578,0,4859,207997
SP3-06022,ok,debt,1441,3747,576,0,0
SP3-06023,ok,debt,999,2599,399,0,0
SP3-06024,ok,debt,2082,5415,832,0,0
SP3-06025,deficit,none,0,0,0,0,9886805
SP3-06026,ok,goals+,0,0,2553,7957,0
SP3-06027,deficit,none,0,0,0,0,0
SP3-06028,deficit,none,0,0,0,0,186426
SP3-06029,ok,debt,2916,7583,1166,0,0
SP3-06030,deficit,none,0,0,0,0,3871955
SP3-06031,ok,reserve,16196,0,0,10797,0
SP3-06032,ok,reserve,10025,0,6683,0,0
SP3-06033,ok,goals+,0,0,2161,0,208596
SP3-06034,deficit,none,0,0,0,0,44770
SP3-06035,invalid,none,0,0,0,0,0
SP3-06036,deficit,none,0,0,0,0,4263327
SP3-06037,deficit,none,0,0,0,0,0
SP3-06038,ok,debt,42,112,17,0,26089
SP3-06039,ok,debt,4989,12975,1995,0,51936
SP3-06040,ok,goals+,0,0,156,88,0
SP3-06041,deficit,none,0,0,0,0,1328344
SP3-06042,ok,none,0,0,0,0,0
SP3-06043,ok,goals+,0,0,30246,5614,96260
SP3-06044,deficit,none,0,0,0,0,10243
SP3-06045,deficit,none,0,0,0,0,676887
SP3-06046,deficit,none,0,0,0,0,42213
SP3-06047,invalid,none,0,0,0,0,0
SP3-06048,deficit,none,0,0,0,0,219190
SP3-06049,ok,reserve,105,0,0,70,0
SP3-06050,deficit,none,0,0,0,0,978515
SP3-06051,ok,goals+,0,0,13227,0,916889
SP3-06052,deficit,none,0,0,0,0,0
SP3-06053,deficit,none,0,0,0,0,0
SP3-06054,ok,debt,13493,35083,5397,0,131672
SP3-06055,deficit,none,0,0,0,0,0
SP3-06056,ok,reserve,17321,0,9439,2107,0
SP3-06057,ok,goals+,0,0,1123,4605,60851
SP3-06058,ok,goals+,0,0,887,25944,933466
SP3-06059,invalid,none,0,0,0,0,0
SP3-02125,invalid,none,0,0,0,0,0
SP3-06061,ok,goals+,0,0,0,10684,136265
SP3-06062,deficit,none,0,0,0,0,0
SP3-06063,ok,reserve,6391,0,4136,122,0
SP3-06064,deficit,none,0,0,0,0,0
SP3-06065,ok,goals+,0,0,7207,0,0
SP3-06066,ok,goals+,0,0,10052,145463,2850689
SP3-06067,deficit,none,0,0,0,0,0
SP3-06068,ok,goals+,0,0,836,0,0
SP3-06069,ok,debt,133,346,0,53,0
SP3-06070,deficit,none,0,0,0,0,0
SP3-06071,ok,debt,32447,84364,12978,0,0
SP3-06072,invalid,none,0,0,0,0,0
SP3-06073,ok,debt,757,1970,0,303,0
SP3-06074,deficit,none,0,0,0,0,0
SP3-06075,deficit,none,0,0,0,0,409254
SP3-06076,ok,debt,1856,4826,742,0,0
SP3-06077,ok,debt,18578,20901,6967,0,0
SP3-06078,ok,debt,1742,4532,697,0,24278
SP3-06079,ok,goals+,0,0,18272,227387,0
SP3-06080,ok,debt,6658,17313,0,2663,116487
SP3-06081,deficit,none,0,0,0,0,0
SP3-06082,invalid,none,0,0,0,0,0
SP3-06083,ok,debt,3727,9692,0,1490,0
SP3-06084,ok,reserve,3785,0,2232,290,0
SP3-06085,ok,debt,906,2356,362,0,0
SP3-06086,deficit,none,0,0,0,0,455656
SP3-06087,ok,goals+,0,0,0,3114,0
SP3-06088,ok,reserve,17,0,10,0,242337
SP3-06089,ok,goals+,0,0,337,14623,0
SP3-06090,deficit,none,0,0,0,0,199499
SP3-06091,deficit,none,0,0,0,0,282489
SP3-06092,ok,reserve,4686,0,0,3123,0
SP3-06093,deficit,none,0,0,0,0,144964
SP3-06094,ok,reserve,20407,0,13605,0,0
SP3-06095,ok,debt,4832,12564,1044,888,34440
SP3-06096,deficit,none,0,0,0,0,6485562
SP3-06097,deficit,none,0,0,0,0,3852809
SP3-06098,ok,reserve,29808,0,8498,11373,0
SP3-06099,deficit,none,0,0,0,0,0
SP3-06100,ok,debt,2789,7254,1115,0,0
SP3-06101,ok,debt,1085,2824,434,0,0
SP3-06102,ok,goals+,0,0,3423,5276,1837787
SP3-06103,deficit,none,0,0,0,0,0
SP3-06104,ok,reserve,4827,0,3217,0,0
SP3-06105,deficit,none,0,0,0,0,1159113
SP3-06106,ok,reserve,1707,0,1138,0,0
SP3-06107,ok,goals+,0,0,0,48782,0
SP3-06108,ok,debt,13207,34339,3210,2072,31520
SP3-06109,ok,debt,5639,6346,0,2114,0
SP3-06110,deficit,none,0,0,0,0,417394
SP3-06111,deficit,none,0,0,0,0,0
SP3-06112,deficit,none,0,0,0,0,0
SP3-06113,ok,goals+,0,0,0,3435,644750
SP3-06114,deficit,none,0,0,0,0,0
SP3-06115,ok,debt,5613,6316,2105,0,0
SP3-06116,deficit,none,0,0,0,0,0
SP3-06117,ok,goals+,1100,0,5013,24011,84244
SP3-06118,ok,debt,900,2341,360,0,41600
SP3-06119,ok,reserve,10219,0,6812,0,0
SP3-06120,ok,reserve,18370,0,12246,0,0
SP3-06121,ok,reserve,348044,0,232029,0,0
SP3-06122,ok,goals+,0,0,0,9444,0
SP3-06123,ok,debt,0,4081,1748,0,2906802
SP3-06124,ok,reserve,7994,0,0,5329,43036
SP3-06125,ok,debt,13279,14940,0,4979,0
SP3-06126,ok,debt,3438,8939,780,595,0
SP3-06127,ok,reserve,6898,0,0,4598,0
SP3-06128,ok,debt,2039,5305,815,0,0
SP3-06129,ok,debt,61698119,69410384,23136794,0,0
SP3-06130,ok,reserve,3238,0,2159,0,0
SP3-06131,ok,reserve,1707,0,1138,0,0
SP3-06132,ok,debt,169,443,0,67,18263
SP3-06133,ok,debt,2085,5423,834,0,147694
SP3-06134,deficit,none,0,0,0,0,40503
SP3-06135,deficit,none,0,0,0,0,3318171
SP3-06136,ok,debt,948,2466,379,0,0
SP3-06137,ok,reserve,58175,0,38782,0,0
SP3-06138,ok,debt,39937,103838,0,15975,0
SP3-06139,ok,reserve,23477,0,2723,12927,0
SP3-06140,deficit,none,0,0,0,0,18723
SP3-06141,ok,debt,3473,9032,1389,0,0
SP3-06142,deficit,none,0,0,0,0,0
SP3-06143,deficit,none,0,0,0,0,0
SP3-06144,ok,goals+,0,0,0,9808,315094
SP3-06145,ok,debt,1215,3162,0,486,61429
SP3-06146,deficit,none,0,0,0,0,0
SP3-06147,deficit,none,0,0,0,0,0
SP3-06148,ok,debt,2085,5423,834,0,147694
SP3-06149,deficit,none,0,0,0,0,102976
SP3-06150,ok,reserve,14201,0,5639,3828,0
SP3-06151,ok,debt,1408,3662,563,0,18753
SP3-06152,invalid,none,0,0,0,0,0
SP3-06153,ok,debt,2071,5385,0,828,0
SP3-06154,ok,reserve,1500,0,1000,0,0
SP3-06155,deficit,none,0,0,0,0,0
SP3-06156,ok,goals+,0,0,785,0,233442
SP3-06157,deficit,none,0,0,0,0,0
SP3-06158,ok,reserve,295,0,197,0,0
SP3-06159,ok,debt,0,8200,3514,0,78320
SP3-06160,deficit,none,0,0,0,0,0
SP3-06161,ok,reserve,9124,0,6082,0,0
SP3-06162,ok,debt,24396,63430,9758,0,0
SP3-06163,ok,debt,5224,13583,2089,0,0
SP3-06164,ok,debt,2718,7070,0,1087,0
SP3-06165,invalid,none,0,0,0,0,0
SP3-06166,ok,debt,959,2495,383,0,23169
SP3-06167,deficit,none,0,0,0,0,503175
SP3-06168,deficit,none,0,0,0,0,141358
SP3-06169,ok,goals+,0,0,98057,750601,0
SP3-06170,deficit,none,0,0,0,0,0
SP3-06171,deficit,none,0,0,0,0,194285
SP3-06172,invalid,none,0,0,0,0,0
SP3-06173,ok,debt,5489,14274,2195,0,0
SP3-06174,deficit,none,0,0,0,0,0
SP3-06175,ok,reserve,377637383,0,72910533,178847721,0
SP3-06176,ok,debt,1942,5051,776,0,0
SP3-06177,invalid,none,0,0,0,0,0
SP3-06178,ok,debt,85,223,0,34,14367
SP3-06179,ok,debt,1699,4421,0,679,99666
SP3-06180,deficit,none,0,0,0,0,98526
SP3-06181,ok,goals+,0,0,22842,3294,0
SP3-06182,deficit,none,0,0,0,0,373195
SP3-06183,deficit,none,0,0,0,0,0
SP3-06184,deficit,none,0,0,0,0,0
SP3-06185,ok,debt,0,82001,35143,0,783207
SP3-06186,ok,debt,111559305,125504219,0,41834739,2457311752
SP3-06187,ok,debt,60,159,24,0,0
SP3-06188,ok,reserve,5922,0,3948,0,0
SP3-06189,ok,reserve,6022,0,4014,0,0
SP3-06190,ok,debt,4226,10988,1690,0,0
SP3-06191,deficit,none,0,0,0,0,0
SP3-06192,ok,debt,3136,8156,1254,0,0
SP3-06193,ok,debt,129,147,48,0,0
SP3-06194,ok,debt,68296656,177571306,27318662,0,2732350757
SP3-06195,ok,debt,2603,6770,1041,0,126061
SP3-06196,ok,reserve,10714,0,1506,5636,0
SP3-06197,ok,reserve,12858,0,6408,2162,0
SP3-06198,deficit,none,0,0,0,0,0
SP3-06199,ok,debt,677,1763,271,0,86798
SP3-06200,ok,debt,240,627,96,0,28038
SP3-06201,deficit,none,0,0,0,0,4695270
SP3-06202,ok,goals+,0,0,2648,0,421272
SP3-06203,ok,debt,872,2269,349,0,86798
SP3-06204,deficit,none,0,0,0,0,0
SP3-06205,deficit,none,0,0,0,0,521582
SP3-06206,deficit,none,0,0,0,0,99469
SP3-06207,deficit,none,0,0,0,0,2529473
SP3-06208,deficit,none,0,0,0,0,0
SP3-06209,ok,debt,2409,6266,0,963,0
SP3-06210,deficit,none,0,0,0,0,163496
SP3-06211,ok,goals+,0,0,52012,0,52263
SP3-06212,ok,reserve,7577,0,1834,3216,0
SP3-06213,deficit,none,0,0,0,0,0
SP3-06214,deficit,none,0,0,0,0,317527
SP3-06215,ok,goals+,4210,0,11028,0,0
SP3-06216,deficit,none,0,0,0,0,2446131
SP3-06217,deficit,none,0,0,0,0,0
SP3-06218,ok,debt,94,246,37,0,0
SP3-06219,ok,debt,6121,15918,2448,0,0
SP3-06220,ok,debt,2613,6797,1045,0,59661
SP3-06221,deficit,none,0,0,0,0,0
SP3-06222,ok,debt,4289,4825,1608,0,0
SP3-06223,ok,debt,2169,5641,867,0,136559
SP3-06224,ok,reserve,4255,0,0,2836,0
SP3-06225,deficit,none,0,0,0,0,0
SP3-06226,ok,goals+,0,0,8654,79972,59562
SP3-06227,deficit,none,0,0,0,0,0
SP3-06228,deficit,none,0,0,0,0,450028
SP3-06229,deficit,none,0,0,0,0,37063
SP3-06230,invalid,none,0,0,0,0,0
SP3-06231,invalid,none,0,0,0,0,0
SP3-06232,ok,debt,8463,22007,3385,0,20912
SP3-06233,invalid,none,0,0,0,0,0
SP3-06234,ok,reserve,48294,0,32196,0,0
SP3-06235,ok,debt,973,1095,365,0,65031
SP3-06236,deficit,none,0,0,0,0,0
SP3-06237,ok,reserve,13261,0,5964,2875,0
SP3-06238,deficit,none,0,0,0,0,4584224
SP3-06239,ok,goals+,0,0,123986,0,5093025
SP3-06240,ok,debt,973,1095,365,0,65031
SP3-06241,deficit,none,0,0,0,0,0
SP3-06242,deficit,none,0,0,0,0,0
SP3-06243,invalid,none,0,0,0,0,0
SP3-06244,ok,debt,8592,22341,0,3437,0
SP3-06245,ok,goals+,0,0,169,17051,415406
SP3-06246,ok,debt,477,1241,190,0,114081
SP3-06247,ok,debt,580,1508,232,0,0
SP3-06248,ok,debt,2624,6824,1049,0,141779
SP3-06249,ok,debt,7865,20450,3146,0,81058
SP3-06250,ok,goals+,0,0,7514,0,642905
SP3-06251,ok,debt,1397,3634,559,0,0
SP3-06252,deficit,none,0,0,0,0,55236
SP3-06253,deficit,none,0,0,0,0,16062
SP3-06254,ok,reserve,14643,0,9762,0,0
SP3-06255,deficit,none,0,0,0,0,0
SP3-06256,ok,reserve,2154,0,1435,0,222567
SP3-05888,invalid,none,0,0,0,0,0
SP3-06258,ok,debt,36427,94712,0,14570,636428
SP3-06259,ok,debt,3848,10005,1539,0,0
SP3-06260,deficit,none,0,0,0,0,0
SP3-06261,ok,goals+,0,0,0,123133,1198257
SP3-06262,deficit,none,0,0,0,0,0
SP3-06263,ok,goals+,0,0,46510,18804,784706
SP3-06264,ok,debt,2798,7276,1119,0,298752
SP3-06265,ok,debt,1225,3187,490,0,0
SP3-06266,deficit,none,0,0,0,0,176910
SP3-06267,ok,debt,55847,62830,20942,0,132501
SP3-06268,ok,debt,3393,8822,1357,0,0
SP3-06269,ok,debt,445,1160,178,0,0
SP3-06270,ok,debt,105818,275129,0,42327,1378088
SP3-06271,ok,reserve,10136,0,6756,0,0
SP3-06272,ok,reserve,17548,0,5586,6111,0
SP3-06273,deficit,none,0,0,0,0,6153471
SP3-06274,ok,goals+,0,0,0,11588,0
SP3-06275,ok,debt,4067,10576,1626,0,0
SP3-06276,deficit,none,0,0,0,0,45768
SP3-06277,ok,goals+,0,0,0,26067,526938
SP3-06278,ok,debt,5276,13721,2110,0,0
SP3-06279,ok,debt,3848,10005,1539,0,0
SP3-06280,deficit,none,0,0,0,0,272709
SP3-06281,ok,debt,1062,2763,424,0,0
SP3-06282,ok,debt,4884,12702,1953,0,0
SP3-06283,ok,goals+,0,0,78356,270714,1176766
SP3-06284,ok,reserve,2646,0,1763,0,281533
SP3-06285,ok,goals+,0,0,2752,0,896713
SP3-06286,invalid,none,0,0,0,0,0
SP3-06287,ok,goals+,0,0,36138,0,953490
SP3-06288,ok,debt,914,2379,365,0,0
SP3-06289,invalid,none,0,0,0,0,0
SP3-06290,ok,reserve,892,0,595,0,0
SP3-06291,ok,debt,18492,48081,7397,0,0
SP3-06292,ok,reserve,4238,0,2825,0,63548
SP3-06293,ok,reserve,45403,0,27668,2600,0
SP3-06294,deficit,none,0,0,0,0,0
SP3-06295,ok,goals+,0,0,16880,75220,0
SP3-06296,ok,debt,2708,7041,0,1083,0
SP3-06297,ok,debt,9972,25929,3989,0,0
SP3-06298,ok,reserve,6337,0,4225,0,0
SP3-06299,deficit,none,0,0,0,0,85957
SP3-06300,deficit,none,0,0,0,0,0
SP3-06301,deficit,none,0,0,0,0,0
SP3-06302,ok,goals+,2334,0,2342,1896,0
SP3-06303,deficit,none,0,0,0,0,117096
SP3-06304,deficit,none,0,0,0,0,1617347
SP3-06305,ok,goals+,0,0,2348,42854,99109
SP3-06306,ok,reserve,4109,0,2739,0,0
SP3-06307,ok,debt,6174,16055,2469,0,0
SP3-06308,deficit,none,0,0,0,0,2911778
SP3-06309,ok,debt,609,1584,243,0,308837
SP3-06310,ok,goals+,0,0,5543,59894,0
SP3-06311,deficit,none,0,0,0,0,158296
SP3-06312,ok,debt,5827,15152,2331,0,74124
SP3-06313,deficit,none,0,0,0,0,0
SP3-06314,ok,reserve,13838,0,9225,0,999592
SP3-06315,deficit,none,0,0,0,0,0
SP3-06316,ok,debt,1810,4707,724,0,0
SP3-06317,deficit,none,0,0,0,0,384323
SP3-06318,ok,reserve,1665,0,1110,0,0
SP3-06319,ok,debt,0,4111,0,1761,132036
SP3-06320,ok,reserve,21124,0,14082,0,0
SP3-06321,deficit,none,0,0,0,0,196070
SP3-06322,deficit,none,0,0,0,0,0
SP3-06323,deficit,none,0,0,0,0,17928
SP3-06324,ok,goals+,0,0,0,11331,1139298
SP3-06325,ok,debt,2099,5461,0,839,0
SP3-06326,ok,reserve,16775,0,1535,9648,0
SP3-06327,ok,debt,1129,2937,451,0,15530
SP3-06328,deficit,none,0,0,0,0,0
SP3-06329,deficit,none,0,0,0,0,0
SP3-06330,ok,reserve,5250,0,2474,1023,0
SP3-06331,deficit,none,0,0,0,0,15548
SP3-06332,ok,reserve,7940,0,1961,3331,0
SP3-06333,ok,reserve,896,0,596,0,0
SP3-06334,ok,debt,3724,9686,1489,0,0
SP3-06335,ok,goals+,0,0,98570,87,196996
SP3-06336,ok,reserve,7144,0,4762,0,0
SP3-06337,ok,debt,1356,3528,542,0,0
SP3-06338,ok,debt,1252,3257,500,0,0
SP3-06339,ok,debt,2695,7009,1078,0,0
SP3-06340,deficit,none,0,0,0,0,302700
SP3-06341,ok,debt,6670,7505,1469,1031,0
SP3-06342,deficit,none,0,0,0,0,0
SP3-06343,ok,reserve,287986,0,191990,0,0
SP3-06344,deficit,none,0,0,0,0,0
SP3-06345,ok,debt,2421,6296,968,0,0
SP3-06346,deficit,none,0,0,0,0,75165
SP3-06347,ok,reserve,9716,0,3374,3101,0
SP3-06348,deficit,none,0,0,0,0,24473
SP3-06349,ok,debt,11509,12948,1000,3316,0
SP3-06350,ok,debt,26957,70089,10782,0,0
SP3-06351,ok,goals+,0,0,1963,0,47744
SP3-06352,ok,debt,4794,12466,0,1917,343896
SP3-06353,deficit,none,0,0,0,0,0
SP3-06354,ok,debt,1115,2899,446,0,0
SP3-06355,deficit,none,0,0,0,0,211899
SP3-06356,ok,reserve,32570,0,21713,0,0
SP3-06357,ok,debt,1920,4993,0,768,0
SP3-06358,deficit,none,0,0,0,0,0
SP3-06359,ok,reserve,3833,0,2554,0,0
SP3-06360,ok,debt,33731,87704,13492,0,0
SP3-06361,deficit,none,0,0,0,0,2532632
SP3-06362,ok,reserve,4805,0,3203,0,0
SP3-06363,ok,debt,3131,8142,1252,0,306694
SP3-06364,deficit,none,0,0,0,0,1033943
SP3-06365,ok,debt,0,7647,3277,0,248553
SP3-06366,ok,debt,3170,8245,1268,0,0
SP3-06367,ok,goals+,0,0,259,0,1031600
SP3-06368,deficit,none,0,0,0,0,29015
SP3-06369,ok,debt,277,721,0,110,0
SP3-06370,deficit,none,0,0,0,0,0
SP3-06371,ok,goals+,0,0,1559,8394,367877
SP3-06372,deficit,none,0,0,0,0,465984
SP3-06373,deficit,none,0,0,0,0,0
SP3-06374,ok,debt,1171,3045,468,0,0
SP3-06375,ok,debt,1315,3419,526,0,0
SP3-06376,ok,reserve,4621,0,3080,0,0
SP3-06377,deficit,none,0,0,0,0,0
SP3-07624,invalid,none,0,0,0,0,0
SP3-06379,ok,debt,0,8274,3534,10,122309
SP3-06380,ok,debt,4508,11724,1803,0,747664
SP3-06381,deficit,none,0,0,0,0,881724
SP3-06382,invalid,none,0,0,0,0,0
SP3-06383,deficit,none,0,0,0,0,4621583
SP3-06384,ok,debt,3050,7933,1220,0,0
SP3-06385,ok,debt,2199,5718,879,0,0
SP3-06386,deficit,none,0,0,0,0,0
SP3-06387,ok,goals+,0,0,1432,0,124196
SP3-06388,deficit,none,0,0,0,0,51993
SP3-06389,deficit,none,0,0,0,0,680787
SP3-06390,ok,reserve,4250,0,0,2833,0
SP3-06391,deficit,none,0,0,0,0,0
SP3-06392,ok,debt,11238,29220,4495,0,0
SP3-06393,ok,goals+,0,0,76809,0,7375419
SP3-06394,ok,debt,407,1060,163,0,183265
SP3-06395,deficit,none,0,0,0,0,0
SP3-06396,ok,goals+,0,0,264,16539,125613
SP3-06397,deficit,none,0,0,0,0,247427
SP3-06398,deficit,none,0,0,0,0,339410
SP3-06399,deficit,none,0,0,0,0,0
SP3-06400,deficit,none,0,0,0,0,0
SP3-06401,ok,debt,53347,138703,0,21338,0
SP3-06402,deficit,none,0,0,0,0,0
SP3-06403,deficit,none,0,0,0,0,0
SP3-06404,deficit,none,0,0,0,0,0
SP3-06405,deficit,none,0,0,0,0,0
SP3-06406,ok,goals+,0,0,0,1316,495413
SP3-06407,deficit,none,0,0,0,0,615133
SP3-06408,deficit,none,0,0,0,0,814245
SP3-06409,ok,goals+,0,0,1693,1597,532894
SP3-06410,deficit,none,0,0,0,0,0
SP3-06411,ok,debt,496,1291,198,0,0
SP3-06412,ok,goals+,0,0,45918,38688,271699
SP3-06413,ok,debt,333,869,133,0,33216
SP3-06414,deficit,none,0,0,0,0,0
SP3-06415,ok,reserve,37149,0,3781,20984,0
SP3-06416,deficit,none,0,0,0,0,536237
SP3-06417,deficit,none,0,0,0,0,17648
SP3-06418,deficit,none,0,0,0,0,191310
SP3-06419,ok,reserve,8702,0,1621,4179,0
SP3-06420,ok,goals+,0,0,9161,0,318811
SP3-06421,ok,debt,2735,7113,1094,0,19330
SP3-06422,deficit,none,0,0,0,0,0
SP3-06423,ok,reserve,10988,0,0,7325,0
SP3-06424,ok,goals+,0,0,0,19523,139358
SP3-06425,deficit,none,0,0,0,0,755526
SP3-06426,ok,debt,6262,16284,2505,0,0
SP3-06427,ok,debt,17458,45391,0,6983,555232
SP3-06428,ok,debt,16503,18567,6188,0,0
SP3-06429,ok,debt,3160,8217,1264,0,178034
SP3-06430,deficit,none,0,0,0,0,1049177
SP3-06431,deficit,none,0,0,0,0,72222
SP3-06432,ok,debt,38190647,99295685,0,15276259,192331294
SP3-06433,deficit,none,0,0,0,0,663778
SP3-06434,deficit,none,0,0,0,0,59870
SP3-06435,deficit,none,0,0,0,0,401574
SP3-06436,ok,reserve,1645,0,1060,35,0
SP3-06437,deficit,none,0,0,0,0,0
SP3-06438,ok,reserve,9172,0,0,6114,273752
SP3-06439,ok,debt,3016,7844,1206,0,207249
SP3-06440,deficit,none,0,0,0,0,0
SP3-06441,ok,debt,1439,3743,575,0,0
SP3-06442,ok,debt,771,2007,308,0,0
SP3-06443,deficit,none,0,0,0,0,914097
SP3-06444,ok,debt,189,495,75,0,232770
SP3-06445,invalid,none,0,0,0,0,0
SP3-06446,deficit,none,0,0,0,0,407755
SP3-06447,deficit,none,0,0,0,0,0
SP3-06448,ok,reserve,9833,0,4793,1760,0
SP3-06449,deficit,none,0,0,0,0,4962690
SP3-06450,ok,debt,1090,2837,436,0,0
SP3-06451,invalid,none,0,0,0,0,0
SP3-06452,ok,debt,3740,9725,1496,0,0
SP3-06453,ok,debt,44783,50381,3394,13399,100605
SP3-06454,ok,debt,3214,3618,1205,0,0
SP3-06455,deficit,none,0,0,0,0,0
SP3-06456,deficit,none,0,0,0,0,5707859
SP3-06457,deficit,none,0,0,0,0,6145340
SP3-06458,deficit,none,0,0,0,0,0
SP3-06459,ok,debt,8329,21656,3331,0,0
SP3-06460,ok,debt,8528,22175,3411,0,913446
SP3-06461,deficit,none,0,0,0,0,493597
SP3-06462,ok,debt,363,944,145,0,80985
SP3-06463,invalid,none,0,0,0,0,0
SP3-06464,ok,debt,3160,8217,1264,0,178034
SP3-06465,deficit,none,0,0,0,0,0
SP3-06466,ok,debt,322,840,129,0,12115
SP3-06467,deficit,none,0,0,0,0,573573
SP3-06468,invalid,none,0,0,0,0,0
SP3-06469,deficit,none,0,0,0,0,0
SP3-06470,ok,goals+,0,0,1410,27062,254998
SP3-06471,ok,goals+,0,0,88726,12090,125559
SP3-06472,deficit,none,0,0,0,0,695809
SP3-06473,deficit,none,0,0,0,0,34111
SP3-06474,deficit,none,0,0,0,0,0
SP3-06475,deficit,none,0,0,0,0,26625
SP3-06476,ok,reserve,5851,0,3900,0,0
SP3-06477,deficit,none,0,0,0,0,0
SP3-06478,deficit,none,0,0,0,0,0
SP3-06479,deficit,none,0,0,0,0,21553163
SP3-06480,ok,goals+,0,0,170,4473,220613
SP3-06481,deficit,none,0,0,0,0,0
SP3-06482,ok,debt,4137,10758,1654,0,0
SP3-06483,ok,debt,887,998,332,0,0
SP3-06484,ok,debt,77047839,200324383,30819135,0,5874938299
SP3-06485,ok,goals+,0,0,10200,0,284835
SP3-06486,ok,goals+,0,0,17323,5814,0
SP3-06487,ok,reserve,43536,0,0,29024,0
SP3-06488,deficit,none,0,0,0,0,420021
SP3-06489,ok,reserve,5638,0,2023,1734,0
SP3-06490,deficit,none,0,0,0,0,0
SP3-06491,ok,debt,1214,3158,0,485,0
SP3-06492,deficit,none,0,0,0,0,4801478
SP3-06493,ok,debt,6339,16484,2535,0,0
SP3-06494,deficit,none,0,0,0,0,0
SP3-06495,deficit,none,0,0,0,0,0
SP3-06496,ok,debt,19656,51106,7862,0,0
SP3-06497,deficit,none,0,0,0,0,0
SP3-06498,invalid,none,0,0,0,0,0
SP3-06499,deficit,none,0,0,0,0,2282066
SP3-06500,ok,goals+,0,0,54422,0,0
SP3-06501,ok,reserve,57188,0,35633,2490,0
SP3-06502,ok,reserve,3992,0,0,2661,0
SP3-06503,ok,reserve,5100,0,3399,0,0
SP3-06504,ok,debt,6177,16061,2470,0,146974
SP3-06505,invalid,none,0,0,0,0,0
SP3-06506,deficit,none,0,0,0,0,4134104
SP3-06507,deficit,none,0,0,0,0,0
SP3-06508,deficit,none,0,0,0,0,325307
SP3-06509,ok,goals+,1261,0,0,17107,10527
SP3-06510,ok,debt,1256,3266,502,0,0
SP3-06511,deficit,none,0,0,0,0,0
SP3-06512,deficit,none,0,0,0,0,12913562
SP3-06513,deficit,none,0,0,0,0,0
SP3-06514,invalid,none,0,0,0,0,0
SP3-06515,ok,debt,1220,3173,488,0,0
SP3-06516,ok,goals+,0,0,1968,86170,750885
SP3-06517,deficit,none,0,0,0,0,965834
SP3-06518,ok,reserve,26189,0,17458,0,0
SP3-06519,ok,goals+,0,0,2732,0,873321
SP3-06520,ok,debt,192,501,77,0,152563
SP3-06521,deficit,none,0,0,0,0,105223
SP3-06522,ok,debt,224,584,89,0,0
SP3-06523,ok,debt,2987,7768,1195,0,0
SP3-06524,ok,debt,1645,4278,658,0,0
SP3-06525,deficit,none,0,0,0,0,13608024
SP3-06526,ok,debt,2113,5495,0,845,0
SP3-06527,ok,goals+,0,0,0,135054,0
SP3-06528,ok,reserve,12508,0,0,8338,0
SP3-06529,deficit,none,0,0,0,0,0
SP3-06530,ok,goals+,0,0,15410,63607,703036
SP3-06531,ok,goals+,0,0,10353,66492,316301
SP3-06532,ok,debt,1773,1996,665,0,0
SP3-06533,ok,goals+,0,0,1823,0,841955
SP3-06534,ok,reserve,4979,0,3319,0,0
SP3-06535,deficit,none,0,0,0,0,0
SP3-06536,ok,reserve,18964,0,0,12642,0
SP3-06537,deficit,none,0,0,0,0,4165738
SP3-06538,deficit,none,0,0,0,0,0
SP3-06539,ok,debt,3382,8795,0,1353,0
SP3-06540,deficit,none,0,0,0,0,0
SP3-06541,ok,goals+,0,0,17583,25744,114138
SP3-06542,ok,debt,1721,4477,0,688,42713
SP3-06543,ok,reserve,14077,0,2954,6430,0
SP3-06544,deficit,none,0,0,0,0,0
SP3-06545,ok,debt,11399628,29639035,4559851,0,592261834
SP3-06546,deficit,none,0,0,0,0,934606
SP3-06547,deficit,none,0,0,0,0,0
SP3-06548,ok,reserve,13410,0,8939,0,0
SP3-06549,deficit,none,0,0,0,0,869822
SP3-06550,ok,debt,4854,12624,418,1522,84218
SP3-06551,deficit,none,0,0,0,0,0
SP3-06552,deficit,none,0,0,0,0,0
SP3-06553,ok,debt,394,1028,157,0,0
SP3-06554,deficit,none,0,0,0,0,9524045
SP3-06555,ok,debt,4322,11239,520,1208,33204
SP3-06556,ok,debt,702,1826,280,0,0
SP3-06557,ok,debt,5244,5902,1778,188,0
SP3-06558,ok,goals+,0,0,29352,498082,578439
SP3-06559,ok,debt,7249,18850,2899,0,0
SP3-06560,ok,reserve,5998,0,3998,0,0
SP3-06561,deficit,none,0,0,0,0,0
SP3-06562,deficit,none,0,0,0,0,0
SP3-06563,deficit,none,0,0,0,0,0
SP3-06564,ok,debt,3986,10367,0,1594,0
SP3-06565,invalid,none,0,0,0,0,0
SP3-06566,ok,debt,6924,18005,2769,0,31425
SP3-06567,ok,goals+,0,0,18551,162735,3046502
SP3-06568,ok,goals+,0,0,621862,0,9002427
SP3-06569,ok,debt,224,584,89,0,0
SP3-06570,ok,debt,1531,3981,612,0,16715
SP3-06571,ok,reserve,9371,0,0,6247,517635
SP3-06572,deficit,none,0,0,0,0,0
SP3-06573,deficit,none,0,0,0,0,2433201
SP3-06574,deficit,none,0,0,0,0,780857
SP3-06575,deficit,none,0,0,0,0,0
SP3-06576,ok,debt,1032,2685,413,0,43578
SP3-06577,deficit,none,0,0,0,0,0
SP3-06578,ok,reserve,2899,0,0,1932,143339
SP3-06579,ok,debt,3763,9785,1505,0,0
SP3-06580,deficit,none,0,0,0,0,0
SP3-06581,invalid,none,0,0,0,0,0
SP3-06582,ok,reserve,14994,0,5715,4280,0
SP3-06583,deficit,none,0,0,0,0,0
SP3-06584,ok,reserve,2302,0,0,1534,0
SP3-06585,deficit,none,0,0,0,0,0
SP3-06586,ok,debt,0,1673,717,0,75322
SP3-06587,deficit,none,0,0,0,0,0
SP3-06588,ok,debt,2045,5317,818,0,297739
SP3-06589,ok,debt,220,575,88,0,78048
SP3-06590,ok,debt,1177,3062,470,0,0
SP3-06591,ok,reserve,16777,0,0,11184,0
SP3-06592,deficit,none,0,0,0,0,0
SP3-06593,deficit,none,0,0,0,0,1733952
SP3-06594,ok,goals+,0,0,2403,110357,611519
SP3-06595,deficit,none,0,0,0,0,0
SP3-06596,ok,debt,10496,27290,4198,0,46930
SP3-06597,invalid,none,0,0,0,0,0
SP3-06598,deficit,none,0,0,0,0,0
SP3-06599,ok,goals+,0,0,17884,11134,174059
SP3-06600,ok,goals+,0,0,2582,21083,0
SP3-06601,ok,debt,1869,4863,747,0,38318
SP3-06602,invalid,none,0,0,0,0,0
SP3-06603,ok,reserve,15739,0,10492,0,92268
SP3-06604,ok,debt,10446,27161,4178,0,0
SP3-06605,ok,debt,745,1938,298,0,0
SP3-06606,ok,goals+,0,0,55928,0,1446105
SP3-06607,ok,reserve,26047,0,17365,0,0
SP3-06608,deficit,none,0,0,0,0,0
SP3-06609,deficit,none,0,0,0,0,140903
SP3-06610,ok,goals+,0,0,22100,24549,1676668
SP3-06611,ok,debt,371,966,148,0,0
SP3-06612,ok,debt,84971749,220926549,14624355,19364343,2229580387
SP3-06613,deficit,none,0,0,0,0,8921972
SP3-06614,deficit,none,0,0,0,0,0
SP3-06615,invalid,none,0,0,0,0,0
SP3-06616,ok,debt,3460,3893,1297,0,0
SP3-06617,ok,debt,5278,13723,2111,0,0
SP3-06618,deficit,none,0,0,0,0,0
SP3-06619,deficit,none,0,0,0,0,1817678
SP3-06620,deficit,none,0,0,0,0,0
SP3-06621,deficit,none,0,0,0,0,0
SP3-06622,deficit,none,0,0,0,0,265653
SP3-06623,deficit,none,0,0,0,0,0
SP3-06624,invalid,none,0,0,0,0,0
SP3-06625,deficit,none,0,0,0,0,0
SP3-06626,ok,debt,942,2450,376,0,0
SP3-06627,deficit,none,0,0,0,0,74743
SP3-06628,deficit,none,0,0,0,0,0
SP3-06629,deficit,none,0,0,0,0,0
SP3-06630,ok,reserve,4871,0,0,3246,0
SP3-06631,ok,debt,1842,4791,737,0,227377
SP3-06632,ok,reserve,278724,0,185816,0,0
SP3-06633,deficit,none,0,0,0,0,14431574
SP3-06634,deficit,none,0,0,0,0,0
SP3-06635,ok,debt,1281,3331,512,0,0
SP3-06636,ok,debt,83,219,33,0,152209
SP3-06637,ok,debt,2592,6742,0,1037,0
SP3-06638,ok,debt,34601,38926,12975,0,0
SP3-06639,ok,debt,36573,95090,14629,0,266621
SP3-06640,deficit,none,0,0,0,0,320117
SP3-06641,deficit,none,0,0,0,0,1549127
SP3-06642,ok,debt,1041,2710,416,0,0
SP3-06643,ok,debt,8248,21448,3299,0,0
SP3-06644,ok,debt,3598,9356,1439,0,393539
SP3-06645,ok,debt,504,1313,0,201,0
SP3-06646,ok,debt,3405,8853,1362,0,0
SP3-06647,deficit,none,0,0,0,0,98163
SP3-06648,deficit,none,0,0,0,0,0
SP3-06649,ok,goals+,0,57738,73202,0,75616
SP3-06650,deficit,none,0,0,0,0,0
SP3-06651,deficit,none,0,0,0,0,484933
SP3-06652,ok,debt,5624,14624,2249,0,0
SP3-06653,ok,reserve,15124,0,6263,3817,0
SP3-06654,deficit,none,0,0,0,0,0
SP3-06655,ok,debt,2984,7762,1193,0,0
SP3-06656,invalid,none,0,0,0,0,0
SP3-06657,deficit,none,0,0,0,0,126240
SP3-06658,ok,debt,8703,22630,3481,0,0
SP3-06659,ok,debt,1857,4830,742,0,60660
SP3-06660,deficit,none,0,0,0,0,0
SP3-06661,ok,reserve,12992,0,8661,0,0
SP3-06662,ok,debt,6960,7830,2610,0,72415
SP3-06663,invalid,none,0,0,0,0,0
SP3-06664,ok,debt,0,3889,1667,0,27697
SP3-06665,deficit,none,0,0,0,0,0
SP3-06666,deficit,none,0,0,0,0,0
SP3-06667,deficit,none,0,0,0,0,0
SP3-06668,invalid,none,0,0,0,0,0
SP3-06669,ok,debt,5,13,0,2,0
SP3-06670,ok,reserve,9348,0,0,6232,0
SP3-06671,ok,goals+,0,0,2009,27796,115765
SP3-06672,deficit,none,0,0,0,0,0
SP3-06673,ok,goals+,5383,0,5613,0,0
SP3-06674,ok,reserve,8719,0,0,5812,0
SP3-06675,deficit,none,0,0,0,0,5083047
SP3-06676,ok,debt,1063,2766,425,0,192607
SP3-06677,ok,goals+,0,0,2895,0,84684
SP3-06678,ok,debt,6268,16297,2507,0,180815
SP3-06679,deficit,none,0,0,0,0,4289698
SP3-06680,invalid,none,0,0,0,0,0
SP3-06681,ok,debt,6268,16297,2507,0,180815
SP3-06682,ok,goals+,0,0,0,4917,1131727
SP3-06683,deficit,none,0,0,0,0,0
SP3-06684,ok,debt,2590,6735,1036,0,0
SP3-06685,ok,goals+,0,0,3996,6351,0
SP3-06686,ok,goals+,0,0,27268,0,13692576
SP3-06687,deficit,none,0,0,0,0,0
SP3-06688,deficit,none,0,0,0,0,0
SP3-06689,deficit,none,0,0,0,0,0
SP3-06690,ok,reserve,118453,0,13497,65470,0
SP3-06691,ok,debt,2608,6781,1043,0,0
SP3-06692,ok,debt,2616,2944,981,0,0
SP3-06693,ok,debt,377,983,151,0,0
SP3-06694,deficit,none,0,0,0,0,0
SP3-06695,ok,debt,5181,13474,2072,0,183714
SP3-06696,ok,debt,1166,3035,466,0,0
SP3-06697,ok,debt,236,616,94,0,0
SP3-06698,deficit,none,0,0,0,0,0
SP3-06699,deficit,none,0,0,0,0,0
SP3-06700,ok,debt,1768,4599,707,0,96840
SP3-06701,ok,debt,0,136943,15159,43529,99632
SP3-06702,ok,goals+,0,0,5621,22938,0
SP3-06703,deficit,none,0,0,0,0,0
SP3-06704,ok,goals+,0,0,0,52852,213841
SP3-06705,deficit,none,0,0,0,0,0
SP3-06706,deficit,none,0,0,0,0,0
SP3-06707,ok,debt,451,1174,180,0,0
SP3-06708,ok,debt,6295,16368,2518,0,0
SP3-06709,ok,debt,1186,3084,474,0,51990
SP3-06710,deficit,none,0,0,0,0,0
SP3-06711,ok,goals+,0,0,2716,0,249935
SP3-06712,invalid,none,0,0,0,0,0
SP3-06713,ok,goals+,0,0,37263,11177,62538
SP3-06714,ok,debt,1099,2858,439,0,46983
SP3-06715,deficit,none,0,0,0,0,0
SP3-06716,ok,debt,1440,3745,576,0,0
SP3-06717,deficit,none,0,0,0,0,0
SP3-06718,deficit,none,0,0,0,0,0
SP3-06719,deficit,none,0,0,0,0,0
SP3-06720,ok,debt,47591707,123738440,19036682,0,952866557
SP3-06721,deficit,none,0,0,0,0,0
SP3-06722,ok,goals+,0,0,4518,14232,134471
SP3-06723,ok,debt,537,1399,215,0,101716
SP3-06724,deficit,none,0,0,0,0,0
SP3-06725,ok,goals+,0,0,1181,65785,663941
SP3-06726,deficit,none,0,0,0,0,254273
SP3-06727,ok,debt,4725,5316,1771,0,0
SP3-06728,ok,debt,1749,4550,699,0,0
SP3-06729,ok,reserve,28031,0,14238,4447,0
SP3-06730,ok,reserve,24,0,0,15,0
SP3-06731,ok,reserve,15166,0,6044,4065,0
SP3-06732,deficit,none,0,0,0,0,67032
SP3-06733,deficit,none,0,0,0,0,226620
SP3-06734,ok,debt,632,1645,252,0,0
SP3-06735,deficit,none,0,0,0,0,554837
SP3-06736,deficit,none,0,0,0,0,0
SP3-06737,deficit,none,0,0,0,0,34441
SP3-06738,ok,debt,8153,21200,3261,0,91276
SP3-06739,ok,debt,2349,6108,0,939,0
SP3-06740,ok,reserve,14226,0,9483,0,6102026
SP3-06741,ok,debt,12375,32176,0,4950,0
SP3-06742,ok,debt,2509,6526,741,261,0
SP3-06743,ok,reserve,4788,0,0,3192,0
SP3-06744,deficit,none,0,0,0,0,244261
SP3-06745,deficit,none,0,0,0,0,8668185
SP3-06746,ok,reserve,14408,0,9604,0,0
SP3-06747,ok,debt,1318,3430,527,0,116628
SP3-06748,ok,reserve,3985,0,2036,620,0
SP3-06749,deficit,none,0,0,0,0,0
SP3-06750,ok,debt,15129,39337,6051,0,0
SP3-06751,deficit,none,0,0,0,0,0
SP3-06752,ok,reserve,10505,0,0,7003,0
SP3-06753,ok,debt,947,2464,379,0,0
SP3-06754,ok,debt,356,927,142,0,0
SP3-06755,ok,debt,242,630,96,0,0
SP3-06756,ok,reserve,5564,0,2377,1330,0
SP3-06757,ok,debt,3328,8654,1331,0,0
SP3-06758,ok,debt,3093,3480,1160,0,0
SP3-06759,ok,debt,0,2445,1048,0,0
SP3-06760,ok,reserve,22867,0,5033,10210,2051230
SP3-06761,ok,reserve,39284,0,13760,12427,0
SP3-06762,ok,debt,0,205372,84965,3050,10586990
SP3-06763,ok,debt,2192,5701,876,0,0
SP3-06764,ok,goals+,0,0,55069,170531,6631933
SP3-06765,ok,debt,1266,3293,506,0,42550
SP3-06766,deficit,none,0,0,0,0,0
SP3-06767,ok,debt,442,1152,0,177,0
SP3-06768,ok,goals+,0,0,2119,0,647677
SP3-06769,deficit,none,0,0,0,0,302657
SP3-06770,ok,goals+,0,0,72031,512098,4186638
SP3-06771,ok,debt,17405,45253,6962,0,0
SP3-06772,ok,debt,963,2504,385,0,87740
SP3-06773,ok,reserve,1943,0,0,1294,0
SP3-06774,deficit,none,0,0,0,0,0
SP3-06775,ok,goals+,0,0,0,4854,0
SP3-06776,deficit,none,0,0,0,0,0
SP3-06777,ok,debt,1498,3896,599,0,312990
SP3-06778,deficit,none,0,0,0,0,0
SP3-06779,deficit,none,0,0,0,0,263206
SP3-06780,ok,debt,388,1010,155,0,0
SP3-06781,deficit,none,0,0,0,0,551928
SP3-06782,invalid,none,0,0,0,0,0
SP3-06783,ok,reserve,43286,0,13412,15444,0
SP3-06784,deficit,none,0,0,0,0,13075436
SP3-06785,invalid,none,0,0,0,0,0
SP3-06786,ok,reserve,88955,0,0,59303,0
SP3-06787,deficit,none,0,0,0,0,495000
SP3-06788,ok,none,0,0,0,0,0
SP3-06789,deficit,none,0,0,0,0,0
SP3-06790,deficit,none,0,0,0,0,45804
SP3-06791,ok,debt,2968,7720,0,1187,72367
SP3-06792,deficit,none,0,0,0,0,167904
SP3-06793,ok,reserve,3981,0,2653,0,0
SP3-06794,ok,debt,14446,16253,5417,0,0
SP3-06795,ok,reserve,7408,0,1056,3882,0
SP3-06796,deficit,none,0,0,0,0,0
SP3-06797,deficit,none,0,0,0,0,0
SP3-06798,ok,debt,597,1554,238,0,0
SP3-06799,ok,debt,926,2411,370,0,22803
SP3-06800,ok,debt,3208,8341,1283,0,0
SP3-06801,deficit,none,0,0,0,0,240961
SP3-06802,deficit,none,0,0,0,0,30468
SP3-06803,deficit,none,0,0,0,0,18208278
SP3-06804,ok,debt,218,569,87,0,0
SP3-06805,ok,reserve,11464,0,4354,3288,0
SP3-06806,ok,debt,606,1577,0,242,0
SP3-06807,ok,debt,4815,12519,1926,0,0
SP3-06808,ok,goals+,0,0,0,9989,2126881
SP3-06809,ok,goals+,0,0,4501,6187,51316
SP3-06810,deficit,none,0,0,0,0,586605
SP3-06811,invalid,none,0,0,0,0,0
SP3-06812,deficit,none,0,0,0,0,115879
SP3-06813,ok,goals+,1477,0,2277,17863,0
SP3-06814,ok,debt,507,1320,203,0,0
SP3-06815,deficit,none,0,0,0,0,208218
SP3-06816,deficit,none,0,0,0,0,0
SP3-06817,deficit,none,0,0,0,0,467671
SP3-06818,deficit,none,0,0,0,0,2662040
SP3-06819,deficit,none,0,0,0,0,0
SP3-06820,deficit,none,0,0,0,0,10445321
SP3-06821,ok,goals+,0,0,24087,0,395724
SP3-06822,deficit,none,0,0,0,0,0
SP3-06823,deficit,none,0,0,0,0,1238753
SP3-06824,deficit,none,0,0,0,0,803200
SP3-06825,ok,debt,4852,12618,0,1941,0
SP3-06826,ok,debt,2587,6728,1035,0,19647
SP3-06827,ok,goals+,0,0,109,2480,229910
SP3-06828,ok,goals+,0,0,9067,2817,53194
SP3-06829,deficit,none,0,0,0,0,0
SP3-04265,invalid,none,0,0,0,0,0
SP3-06831,deficit,none,0,0,0,0,0
SP3-06832,ok,reserve,1845,0,1230,0,0
SP3-06833,deficit,none,0,0,0,0,171508
SP3-06834,ok,goals+,0,0,14501,10163,0
SP3-06835,ok,debt,524,1364,0,209,0
SP3-06836,ok,reserve,4947,0,2506,790,0
SP3-06837,ok,goals+,0,0,75501,126769,3906662
SP3-06838,deficit,none,0,0,0,0,0
SP3-06839,deficit,none,0,0,0,0,184597
SP3-06840,ok,debt,5200,13522,1300,779,0
SP3-06841,deficit,none,0,0,0,0,765841
SP3-06842,ok,goals+,0,0,1044,5121,164481
SP3-06843,ok,goals+,0,0,0,3698,0
SP3-06844,ok,goals+,0,0,903,229,755168
SP3-06845,ok,debt,632,1645,252,0,0
SP3-06846,ok,debt,5173,5821,1940,0,0
SP3-06847,deficit,none,0,0,0,0,149340
SP3-06848,ok,debt,46582,121115,10622,8009,27109
SP3-06849,deficit,none,0,0,0,0,3371504
SP3-06850,ok,reserve,17077,0,11384,0,0
SP3-06851,ok,debt,1839,4784,735,0,0
SP3-06852,ok,debt,0,84307,19836,16294,84127
SP3-06853,ok,debt,3157,8210,1263,0,0
SP3-06854,ok,debt,0,47052,20165,0,181207
SP3-06855,ok,debt,755,1966,0,302,0
SP3-06856,deficit,none,0,0,0,0,0
SP3-06857,deficit,none,0,0,0,0,0
SP3-06858,ok,debt,86609769,225185400,18220454,16423453,2641650567
SP3-06859,ok,goals+,3044,0,810,14950,178262
SP3-06860,ok,debt,935,2432,374,0,15825
SP3-06861,ok,goals+,0,0,12835,47606,0
SP3-06862,ok,debt,1778,4626,711,0,0
SP3-06863,ok,goals+,0,0,60921,38395,171065
SP3-06864,ok,reserve,32209,0,14154,7318,0
SP3-06865,ok,reserve,6847,0,4565,0,0
SP3-06866,deficit,none,0,0,0,0,0
SP3-06867,ok,debt,2197,5715,827,51,0
SP3-06868,ok,debt,51739,58207,19402,0,0
SP3-06869,ok,reserve,27051,0,0,18033,0
SP3-06870,deficit,none,0,0,0,0,51479
SP3-09983,invalid,none,0,0,0,0,0
SP3-06872,ok,reserve,13611,0,9074,0,0
SP3-06873,deficit,none,0,0,0,0,51479
SP3-06874,ok,debt,0,7786,3337,0,113064
SP3-06875,deficit,none,0,0,0,0,0
SP3-06876,ok,reserve,1806,0,1204,0,0
SP3-06877,ok,reserve,31058,0,0,20705,0
SP3-06878,deficit,none,0,0,0,0,0
SP3-06879,deficit,none,0,0,0,0,22127090
SP3-06880,ok,goals+,13561,0,0,45455,0
SP3-06881,deficit,none,0,0,0,0,0
SP3-06882,deficit,none,0,0,0,0,0
SP3-06883,ok,debt,108569499,122140687,32007343,8706218,0
SP3-06884,ok,goals+,0,0,3557,0,0
SP3-06885,deficit,none,0,0,0,0,0
SP3-06886,deficit,none,0,0,0,0,0
SP3-06887,ok,reserve,3470,0,1202,1110,236228
SP3-06888,deficit,none,0,0,0,0,32154
SP3-06889,ok,reserve,1527,0,1017,0,0
SP3-06890,deficit,none,0,0,0,0,0
SP3-06891,deficit,none,0,0,0,0,111004
SP3-06892,ok,reserve,24608,0,1224,15180,0
SP3-06893,deficit,none,0,0,0,0,8623268
SP3-06894,deficit,none,0,0,0,0,0
SP3-06895,ok,goals+,0,0,0,59780,397561
SP3-06896,ok,reserve,23506,0,15670,0,0
SP3-06897,deficit,none,0,0,0,0,61130
SP3-06898,deficit,none,0,0,0,0,21933
SP3-06899,ok,reserve,15822,0,10547,0,168090
SP3-06900,ok,reserve,219557,0,27139,119232,0
SP3-06901,ok,reserve,3511,0,674,1665,0
SP3-06902,ok,goals+,0,0,8868,0,2375169
SP3-06903,deficit,none,0,0,0,0,588471
SP3-06904,ok,reserve,24659,0,16439,0,761537
SP3-06905,deficit,none,0,0,0,0,0
SP3-06906,deficit,none,0,0,0,0,1508070
SP3-06907,ok,debt,264,690,0,105,0
SP3-06908,invalid,none,0,0,0,0,0
SP3-06909,deficit,none,0,0,0,0,0
SP3-06910,deficit,none,0,0,0,0,0
SP3-06911,deficit,none,0,0,0,0,0
SP3-06912,ok,debt,362,408,136,0,0
SP3-06913,ok,goals+,0,0,918,37294,439795
SP3-06914,ok,reserve,10221,0,0,6813,0
SP3-06915,deficit,none,0,0,0,0,0
SP3-06916,ok,debt,4845,12598,1938,0,0
SP3-06917,ok,goals+,15543,0,2965,68730,0
SP3-06918,deficit,none,0,0,0,0,85784
SP3-06919,ok,debt,2123,5521,849,0,0
SP3-06920,deficit,none,0,0,0,0,763590
SP3-06921,deficit,none,0,0,0,0,0
SP3-06922,deficit,none,0,0,0,0,90898
SP3-06923,ok,reserve,70797,0,47198,0,0
SP3-06924,ok,goals+,0,0,13591,22240,175026
SP3-06925,invalid,none,0,0,0,0,0
SP3-06926,deficit,none,0,0,0,0,0
SP3-06927,deficit,none,0,0,0,0,0
SP3-06928,ok,debt,1446,3762,578,0,0
SP3-06929,ok,reserve,2801,0,1867,0,0
SP3-06930,deficit,none,0,0,0,0,0
SP3-06931,deficit,none,0,0,0,0,0
SP3-06932,deficit,none,0,0,0,0,0
SP3-06933,deficit,none,0,0,0,0,0
SP3-06934,ok,reserve,5885,0,1130,2791,139171
SP3-06935,ok,debt,14596,37952,5838,0,0
SP3-06936,deficit,none,0,0,0,0,0
SP3-06937,ok,goals+,39267395,3268656,72140561,42392971,1679127628
SP3-06938,deficit,none,0,0,0,0,2427272
SP3-06939,deficit,none,0,0,0,0,0
SP3-06940,ok,debt,6220,16173,0,2488,0
SP3-06941,ok,debt,786,2044,314,0,0
SP3-06942,ok,reserve,7943,0,2144,3149,0
SP3-06943,deficit,none,0,0,0,0,0
SP3-06944,ok,goals+,0,0,12883,101696,573456
SP3-06945,ok,goals+,0,0,33304,5005,1481356
SP3-06946,deficit,none,0,0,0,0,0
SP3-06947,ok,debt,2686,6985,1074,0,0
SP3-06948,ok,debt,6287,16347,2514,0,300772
SP3-06949,ok,debt,5560,14459,2224,0,0
SP3-06950,deficit,none,0,0,0,0,3667262
SP3-06951,ok,debt,2310,6006,924,0,0
SP3-06952,ok,reserve,2644,0,1762,0,0
SP3-06953,ok,reserve,3895,0,2596,0,0
SP3-06954,ok,reserve,88206,0,58804,0,0
SP3-06955,ok,debt,8948,23267,3579,0,518983
SP3-06956,ok,debt,3347,3765,1255,0,0
SP3-06957,ok,debt,1529,3978,611,0,14960
SP3-06958,ok,goals+,0,0,12853,0,6130407
SP3-06959,ok,debt,771,2008,308,0,0
SP3-06960,ok,debt,10437,27140,2372,1802,436729
SP3-06961,ok,goals+,0,0,0,66677,201275
SP3-06962,deficit,none,0,0,0,0,0
SP3-06963,deficit,none,0,0,0,0,11924529
SP3-06964,ok,reserve,6504,0,4089,247,0
SP3-06965,deficit,none,0,0,0,0,86198
SP3-06966,ok,debt,22517,58547,9007,0,0
SP3-06967,deficit,none,0,0,0,0,1462426
SP3-06968,ok,reserve,432624,0,288415,0,0
SP3-06969,deficit,none,0,0,0,0,617432
SP3-06970,ok,goals+,0,0,2241,0,253517
SP3-06971,ok,debt,6216,16163,2486,0,0
SP3-06972,deficit,none,0,0,0,0,3365578
SP3-06973,ok,debt,28131,73141,11252,0,0
SP3-06974,ok,debt,2724,7085,0,1089,0
SP3-06975,ok,debt,20982,54556,8393,0,0
SP3-06976,deficit,none,0,0,0,0,0
SP3-06977,ok,reserve,1749,0,1165,0,39125
SP3-06978,ok,goals+,0,0,5062,0,55246
SP3-06979,ok,debt,5801,15085,0,2320,126055
SP3-06980,ok,debt,713,1854,285,0,0
SP3-06981,ok,reserve,8280,0,1416,4103,0
SP3-06982,deficit,none,0,0,0,0,3837188717
SP3-06983,ok,reserve,14613,0,9741,0,0
SP3-06984,deficit,none,0,0,0,0,2413856
SP3-06985,deficit,none,0,0,0,0,1505697
SP3-06986,ok,debt,22,60,9,0,12249
SP3-06987,deficit,none,0,0,0,0,13650147
SP3-06988,ok,debt,2602,6767,1041,0,0
SP3-06989,ok,debt,905,2355,362,0,0
SP3-06990,ok,debt,53,141,21,0,355028
SP3-06991,ok,reserve,1333,0,888,0,0
SP3-06992,ok,debt,6976,18138,2790,0,302553
SP3-06993,ok,goals+,0,0,23967,0,5697374
SP3-06994,deficit,none,0,0,0,0,158171
SP3-06995,ok,none,0,0,0,0,0
SP3-06996,ok,goals+,0,0,0,45265,808701
SP3-06997,ok,debt,2094,5448,837,0,43690
SP3-06998,ok,reserve,71187,0,30519,16938,0
SP3-06999,ok,goals+,0,0,17024,8377,322331
SP3-07000,invalid,none,0,0,0,0,0
SP3-07001,deficit,none,0,0,0,0,7742604
SP3-07002,ok,debt,3990,10375,1596,0,170763
SP3-07003,ok,debt,1176,3061,470,0,37732
SP3-07004,ok,reserve,16140,0,10759,0,0
SP3-07005,ok,debt,11500,29903,4600,0,0
SP3-07006,deficit,none,0,0,0,0,0
SP3-07007,ok,debt,633,1649,253,0,0
SP3-07008,ok,debt,1169,3041,467,0,458879
SP3-07009,deficit,none,0,0,0,0,90211
SP3-07010,ok,goals+,0,0,15103,33280,911654
SP3-07011,deficit,none,0,0,0,0,324480
SP3-07012,deficit,none,0,0,0,0,1047128
SP3-07013,ok,debt,1423,3702,569,0,0
SP3-07014,ok,debt,599,1559,0,239,0
SP3-07015,ok,reserve,5642,0,3761,0,0
SP3-07016,ok,debt,1049,2729,419,0,216211
SP3-07017,deficit,none,0,0,0,0,167432
SP3-07018,ok,debt,2816,7322,1126,0,305043
SP3-07019,deficit,none,0,0,0,0,111389
SP3-07020,ok,debt,1098,2855,439,0,0
SP3-07021,ok,reserve,59809,0,36682,3190,0
SP3-07022,deficit,none,0,0,0,0,25492
SP3-07023,ok,reserve,20715,0,1144,12664,0
SP3-07024,ok,reserve,2192,0,1461,0,61185
SP3-07025,ok,debt,5696,14810,2278,0,0
SP3-07026,deficit,none,0,0,0,0,8203363
SP3-07027,deficit,none,0,0,0,0,308374
SP3-07028,ok,goals+,0,0,5062,0,55246
SP3-07029,ok,debt,675,1756,270,0,0
SP3-07030,ok,reserve,3933,0,2621,0,0
SP3-07031,ok,debt,648,1687,259,0,215739
SP3-07032,ok,debt,2995,7787,1198,0,0
SP3-07033,invalid,none,0,0,0,0,0
SP3-07034,ok,reserve,7184,0,4789,0,0
SP3-07035,ok,debt,5510,14329,2204,0,479437
SP3-07036,deficit,none,0,0,0,0,8096292
SP3-07037,ok,debt,775,2018,310,0,134118
SP3-07038,ok,debt,8057,20949,3222,0,0
SP3-07039,deficit,none,0,0,0,0,2270892
SP3-07040,deficit,none,0,0,0,0,390398
SP3-07041,ok,reserve,13073,0,8714,0,0
SP3-07042,ok,goals+,0,0,12055,0,300971
SP3-07043,deficit,none,0,0,0,0,303197
SP3-07044,ok,reserve,23525,0,3207,12475,0
SP3-07045,ok,debt,13,35,5,0,10436
SP3-07046,deficit,none,0,0,0,0,8230698
SP3-07047,ok,debt,13,35,5,0,11375
SP3-07048,deficit,none,0,0,0,0,0
SP3-07049,deficit,none,0,0,0,0,384985
SP3-07050,ok,reserve,4017,0,2678,0,0
SP3-07051,ok,reserve,5226,0,3484,0,0
SP3-07052,ok,debt,1388,3612,555,0,0
SP3-07053,ok,reserve,7670,0,0,5113,0
SP3-07054,deficit,none,0,0,0,0,0
SP3-07055,ok,reserve,1957,0,1096,206,0
SP3-07056,deficit,none,0,0,0,0,0
SP3-07057,deficit,none,0,0,0,0,62794
SP3-07058,deficit,none,0,0,0,0,665105
SP3-07059,deficit,none,0,0,0,0,0
SP3-07060,deficit,none,0,0,0,0,769991
SP3-07061,ok,debt,1178,3063,471,0,0
SP3-07062,deficit,none,0,0,0,0,264425
SP3-07063,ok,none,0,0,0,0,0
SP3-07064,deficit,none,0,0,0,0,0
SP3-07065,ok,reserve,13045,0,8696,0,0
SP3-07066,ok,debt,5998,6748,2249,0,0
SP3-07067,ok,reserve,11111,0,7407,0,0
SP3-07068,ok,reserve,9411,0,6273,0,0
SP3-07069,deficit,none,0,0,0,0,597022
SP3-07070,ok,debt,888,2309,317,38,16221
SP3-07071,deficit,none,0,0,0,0,0
SP3-07072,ok,debt,3599,9359,0,1439,52075
SP3-07073,deficit,none,0,0,0,0,0
SP3-07074,deficit,none,0,0,0,0,1880468
SP3-07075,deficit,none,0,0,0,0,446830
SP3-07076,ok,debt,52299,135978,20919,0,194385
SP3-07077,deficit,none,0,0,0,0,347288
SP3-07078,ok,debt,2462,6403,984,0,154871
SP3-07079,ok,goals+,0,0,1987,0,1331089
SP3-07080,ok,debt,734,827,275,0,0
SP3-07081,ok,goals+,0,0,783,2667,764060
SP3-07082,ok,debt,1830,4760,732,0,0
SP3-07083,ok,reserve,896,0,596,0,151737
SP3-07084,deficit,none,0,0,0,0,0
SP3-07085,ok,reserve,17397,0,11598,0,0
SP3-07086,deficit,none,0,0,0,0,2206264
SP3-07087,ok,reserve,33273,0,22182,0,0
SP3-07088,ok,goals+,0,0,5197,19329,804559
SP3-07089,ok,debt,8881,23094,3172,380,162213
SP3-07090,ok,debt,1420,3692,568,0,0
SP3-07091,ok,goals+,0,0,111359,0,15487005
SP3-07092,ok,debt,11205,29135,2622,1860,0
SP3-07093,ok,debt,2991,7778,1196,0,0
SP3-07094,ok,debt,1600,4161,640,0,0
SP3-07095,ok,reserve,878,0,585,0,0
SP3-07096,deficit,none,0,0,0,0,0
SP3-07097,deficit,none,0,0,0,0,971660
SP3-07098,ok,goals+,0,0,3812,10814,85296
SP3-07099,deficit,none,0,0,0,0,5304892
SP3-07100,ok,debt,8608,22383,3443,0,86809
SP3-07101,deficit,none,0,0,0,0,0
SP3-07102,ok,goals+,0,0,0,602342,1300573
SP3-07103,ok,goals+,0,0,14885,0,0
SP3-07104,ok,goals+,0,0,115992,184492,2226364
SP3-07105,ok,goals+,0,0,1961,15230,81856
SP3-07106,ok,reserve,52333,0,34889,0,0
SP3-07107,ok,debt,0,145194,40493,21732,10267854
SP3-07108,deficit,none,0,0,0,0,0
SP3-07109,ok,debt,23176,60259,9270,0,0
SP3-07110,ok,debt,2259,5875,903,0,144150
SP3-07111,ok,goals+,0,0,1995,2672,343254
SP3-07112,deficit,none,0,0,0,0,0
SP3-07113,deficit,none,0,0,0,0,570307
SP3-07114,deficit,none,0,0,0,0,0
SP3-07115,ok,goals+,0,0,8097,0,0
SP3-07116,deficit,none,0,0,0,0,164336
SP3-07117,ok,debt,326,849,130,0,23670
SP3-07118,deficit,none,0,0,0,0,441906
SP3-07119,deficit,none,0,0,0,0,75408
SP3-07120,ok,goals+,0,0,0,22045,0
SP3-07121,deficit,none,0,0,0,0,99545
SP3-07122,ok,goals+,0,0,3340,23010,481032
SP3-07123,deficit,none,0,0,0,0,1388631
SP3-07124,ok,debt,2561,2882,960,0,0
SP3-07125,ok,reserve,962,0,641,0,0
SP3-07126,ok,debt,326,849,130,0,23670
SP3-07127,ok,reserve,16275,0,9135,1714,0
SP3-07128,ok,goals+,25772,0,0,28920,0
SP3-07129,ok,reserve,49280,0,0,32853,0
SP3-07130,ok,reserve,16753,0,3564,7604,0
SP3-07131,deficit,none,0,0,0,0,2245273
SP3-07132,deficit,none,0,0,0,0,0
SP3-07133,deficit,none,0,0,0,0,0
SP3-07134,ok,reserve,64148,0,21623,21140,0
SP3-07135,deficit,none,0,0,0,0,0
SP3-07136,deficit,none,0,0,0,0,12941118
SP3-07137,ok,reserve,1011,0,674,0,0
SP3-07138,ok,debt,2259,2542,847,0,0
SP3-07139,ok,debt,72,189,28,0,52928
SP3-07140,deficit,none,0,0,0,0,0
SP3-07141,ok,debt,10009,26026,0,4003,357840
SP3-07142,deficit,none,0,0,0,0,33971
SP3-07143,deficit,none,0,0,0,0,0
SP3-07144,deficit,none,0,0,0,0,1288692
SP3-07145,deficit,none,0,0,0,0,221091
SP3-07146,ok,reserve,18816,0,12544,0,0
SP3-07147,ok,goals+,0,0,0,6985,14851
SP3-07148,ok,debt,1190,1339,446,0,0
SP3-07149,ok,debt,4809,12507,0,1923,0
SP3-07150,ok,debt,4087,10628,1634,0,0
SP3-07151,ok,reserve,950,0,633,0,0
SP3-07152,ok,goals+,0,0,1153,13840,651509
SP3-07153,deficit,none,0,0,0,0,2518005
SP3-07154,deficit,none,0,0,0,0,177175
SP3-07155,ok,debt,3652,9497,1461,0,0
SP3-07156,ok,debt,2445,6357,978,0,22244
SP3-07157,ok,debt,13113,34096,5245,0,242332
SP3-07158,ok,debt,4087,10628,1634,0,0
SP3-07159,deficit,none,0,0,0,0,0
SP3-07160,deficit,none,0,0,0,0,0
SP3-07161,ok,reserve,7137,0,4758,0,0
SP3-07162,ok,none,0,0,0,0,0
SP3-07163,ok,debt,5791,15060,2316,0,590413
SP3-07164,ok,goals+,0,0,6181,3074,323863
SP3-07165,deficit,none,0,0,0,0,382102
SP3-07166,ok,goals+,0,0,2987,92109,359402
SP3-07167,invalid,none,0,0,0,0,0
SP3-07168,ok,debt,13207,34340,5283,0,0
SP3-07169,invalid,none,0,0,0,0,0
SP3-07170,deficit,none,0,0,0,0,0
SP3-07171,deficit,none,0,0,0,0,0
SP3-07172,ok,debt,8494,22087,0,3397,52747
SP3-07173,ok,debt,3640,9466,1456,0,197667
SP3-07174,deficit,none,0,0,0,0,0
SP3-07175,ok,goals+,0,0,12595,0,818370
SP3-07176,deficit,none,0,0,0,0,17276839
SP3-07177,ok,debt,3902,10147,1561,0,0
SP3-07178,deficit,none,0,0,0,0,0
SP3-07179,deficit,none,0,0,0,0,1677439
SP3-07180,ok,debt,10290,26756,4116,0,203331
SP3-07181,ok,debt,1851,4816,0,740,663075
SP3-07182,deficit,none,0,0,0,0,436609
SP3-07183,ok,debt,1918,4987,0,767,23525
SP3-07184,deficit,none,0,0,0,0,0
SP3-07185,ok,goals+,0,0,0,792,1586474
SP3-07186,deficit,none,0,0,0,0,1181283
SP3-07187,deficit,none,0,0,0,0,0
SP3-07188,ok,debt,0,96724,41453,0,13039069
SP3-07189,deficit,none,0,0,0,0,60415
SP3-07190,invalid,none,0,0,0,0,0
SP3-07191,ok,debt,2297,5975,919,0,0
SP3-07192,deficit,none,0,0,0,0,717773
SP3-07193,ok,debt,753,1959,301,0,24051
SP3-07194,ok,debt,947,2464,378,0,0
SP3-07195,deficit,none,0,0,0,0,1662811
SP3-07196,ok,debt,218,570,87,0,0
SP3-07197,ok,debt,15477,40241,6190,0,0
SP3-07198,ok,reserve,1074054,0,716036,0,0
SP3-07199,deficit,none,0,0,0,0,616577
SP3-07200,deficit,none,0,0,0,0,0
SP3-07201,ok,debt,113,294,0,45,0
SP3-07202,ok,debt,6396,16631,2558,0,98001
SP3-07203,ok,reserve,330,0,220,0,18314
SP3-07204,ok,reserve,27527,0,0,18351,0
SP3-07205,deficit,none,0,0,0,0,0
SP3-07206,ok,debt,16212,42154,3623,2861,0
SP3-07207,deficit,none,0,0,0,0,0
SP3-07208,ok,reserve,5346,0,2954,608,0
SP3-07209,ok,reserve,11763,0,7842,0,0
SP3-07210,ok,goals+,0,0,50266,0,349349
SP3-07211,ok,debt,3798,9877,0,1519,0
SP3-07212,ok,debt,2431,6323,972,0,0
SP3-07213,deficit,none,0,0,0,0,0
SP3-07214,ok,goals+,0,0,0,63590,376176
SP3-07215,deficit,none,0,0,0,0,627457
SP3-07216,deficit,none,0,0,0,0,0
SP3-07217,ok,debt,5307,13800,2123,0,169363
SP3-07218,deficit,none,0,0,0,0,0
SP3-07219,deficit,none,0,0,0,0,62360
SP3-07220,ok,reserve,11664,0,0,7776,0
SP3-07221,ok,debt,1160,1305,435,0,0
SP3-07222,deficit,none,0,0,0,0,102848
SP3-07223,ok,goals+,0,0,1463,12464,100030
SP3-07224,deficit,none,0,0,0,0,0
SP3-07225,ok,debt,638,1662,0,255,488308
SP3-07226,invalid,none,0,0,0,0,0
SP3-07227,ok,reserve,8003,0,5335,0,114909
SP3-07228,ok,debt,321,835,128,0,0
SP3-07229,deficit,none,0,0,0,0,623282
SP3-07230,ok,debt,1501,3906,600,0,0
SP3-07231,invalid,none,0,0,0,0,0
SP3-07232,ok,debt,4469,11622,1688,99,0
SP3-07233,deficit,none,0,0,0,0,74807
SP3-07234,ok,debt,1394,3625,557,0,90607
SP3-07235,ok,goals+,0,0,23788,0,417184
SP3-07236,ok,debt,117,307,47,0,95225
SP3-07237,ok,debt,112598882,292757095,45039552,0,0
SP3-07238,ok,goals+,968,0,2439,0,0
SP3-07239,ok,goals+,0,0,6811,0,382713
SP3-07240,ok,goals+,0,0,678,4288,119243
SP3-07241,ok,debt,7528,19576,3011,0,0
SP3-07242,ok,reserve,27848,0,13246,5319,0
SP3-07243,ok,debt,838,2179,0,335,0
SP3-07244,deficit,none,0,0,0,0,4111776
SP3-07245,deficit,none,0,0,0,0,51272
SP3-07246,deficit,none,0,0,0,0,0
SP3-07247,ok,reserve,16768,0,11179,0,0
SP3-07248,deficit,none,0,0,0,0,0
SP3-07249,deficit,none,0,0,0,0,0
SP3-07250,deficit,none,0,0,0,0,309139
SP3-07251,ok,debt,9053,23539,3621,0,18281
SP3-07252,ok,reserve,63842,0,30335,12225,0
SP3-07253,ok,debt,13432,15113,5037,0,1359832
SP3-07254,ok,debt,28767684,32363646,10787881,0,0
SP3-07255,ok,debt,2504,6511,1001,0,0
SP3-07256,ok,goals+,0,0,6828,11609,0
SP3-07257,ok,debt,342,891,137,0,69718
SP3-07258,ok,reserve,2653,0,1768,0,115096
SP3-07259,ok,debt,8871,23068,3548,0,0
SP3-07260,deficit,none,0,0,0,0,1766540
SP3-07261,deficit,none,0,0,0,0,80326
SP3-07262,deficit,none,0,0,0,0,0
SP3-07263,ok,debt,3062,7963,1225,0,0
SP3-07264,ok,debt,1546,4023,618,0,12537
SP3-07265,ok,debt,3996,10390,1598,0,57786
SP3-07266,ok,goals+,0,0,3312,0,185951
SP3-07267,deficit,none,0,0,0,0,0
SP3-07268,deficit,none,0,0,0,0,0
SP3-07269,ok,debt,90533,235386,36213,0,182819
SP3-07270,ok,debt,2868,7460,1147,0,0
SP3-07271,ok,debt,651,1694,260,0,0
SP3-07272,ok,reserve,98644,0,51478,14284,0
SP3-07273,ok,debt,717,1866,286,0,0
SP3-07274,ok,debt,2432,6324,972,0,0
SP3-07275,deficit,none,0,0,0,0,0
SP3-07276,deficit,none,0,0,0,0,149602
SP3-07277,ok,debt,772,869,289,0,0
SP3-07278,ok,goals+,0,0,14672,0,0
SP3-07279,ok,debt,1697,1910,636,0,0
SP3-07280,ok,debt,27169,70640,10867,0,9096950
SP3-07281,ok,reserve,9095,0,6062,0,22862
SP3-07282,invalid,none,0,0,0,0,0
SP3-07283,deficit,none,0,0,0,0,158990
SP3-07284,deficit,none,0,0,0,0,0
SP3-07285,ok,goals+,0,0,37923,0,159683
SP3-07286,deficit,none,0,0,0,0,0
SP3-07287,ok,debt,0,3826,1639,0,39681
SP3-07288,deficit,none,0,0,0,0,77755
SP3-07289,deficit,none,0,0,0,0,0
SP3-07290,ok,debt,291,760,0,116,242816
SP3-07291,invalid,none,0,0,0,0,0
SP3-07292,ok,debt,642,1671,256,0,16726
SP3-07293,deficit,none,0,0,0,0,0
SP3-07294,ok,debt,11822,30739,4728,0,52005
SP3-07295,ok,goals+,0,0,13614,215059,4233167
SP3-07296,deficit,none,0,0,0,0,522470
SP3-07297,ok,none,0,0,0,0,0
SP3-07298,deficit,none,0,0,0,0,0
SP3-07299,ok,debt,5803,15091,2321,0,73365
SP3-07300,deficit,none,0,0,0,0,84958
SP3-07301,ok,debt,19309796,50205473,0,7723918,0
SP3-07302,ok,goals+,0,0,25494,15547,0
SP3-07303,deficit,none,0,0,0,0,945921
SP3-07304,deficit,none,0,0,0,0,13457645
SP3-07305,ok,debt,7734,20109,3093,0,57850
SP3-07306,ok,reserve,8198,0,0,5464,0
SP3-07307,deficit,none,0,0,0,0,0
SP3-07308,deficit,none,0,0,0,0,0
SP3-07309,deficit,none,0,0,0,0,618425
SP3-07310,deficit,none,0,0,0,0,336441
SP3-07311,deficit,none,0,0,0,0,0
SP3-07312,deficit,none,0,0,0,0,121770
SP3-07313,ok,debt,1016,2645,0,406,59351
SP3-07314,deficit,none,0,0,0,0,121770
SP3-07315,ok,debt,22434,25239,8413,0,700059
SP3-07316,ok,reserve,7894,0,5262,0,0
SP3-07317,ok,goals+,0,0,2220,11609,130841
SP3-07318,ok,goals+,0,0,7716,151062,3252349
SP3-07319,deficit,none,0,0,0,0,13125809
SP3-07320,deficit,none,0,0,0,0,0
SP3-07321,ok,goals+,0,0,5159,6425,0
SP3-07322,deficit,none,0,0,0,0,430204
SP3-07323,ok,debt,7225,18786,2890,0,0
SP3-07324,deficit,none,0,0,0,0,232925
SP3-07325,ok,reserve,13374,0,8915,0,0
SP3-07326,deficit,none,0,0,0,0,0
SP3-07327,deficit,none,0,0,0,0,348730
SP3-07328,deficit,none,0,0,0,0,2687400
SP3-07329,ok,debt,2516,6543,1006,0,723753
SP3-07330,deficit,none,0,0,0,0,303439
SP3-07331,deficit,none,0,0,0,0,0
SP3-07332,deficit,none,0,0,0,0,285360
SP3-07333,ok,debt,1030,2681,412,0,0
SP3-07334,deficit,none,0,0,0,0,87071
SP3-07335,deficit,none,0,0,0,0,56477
SP3-07336,ok,reserve,91056,0,53820,6883,0
SP3-07337,deficit,none,0,0,0,0,4847302
SP3-07338,ok,debt,19864,51649,7945,0,219133
SP3-07339,ok,goals+,0,0,18213,351731,0
SP3-07340,ok,goals+,0,0,16607,0,0
SP3-07341,ok,reserve,6203,0,4135,0,0
SP3-07342,ok,goals+,0,0,9448,0,1799022
SP3-07343,ok,debt,632,1644,0,252,36924
SP3-07344,deficit,none,0,0,0,0,7792613
SP3-07345,ok,goals+,0,0,1635,19992,139109
SP3-07346,deficit,none,0,0,0,0,649168
SP3-07347,ok,goals+,0,0,44405,15979,2266002
SP3-07348,deficit,none,0,0,0,0,303439
SP3-07349,deficit,none,0,0,0,0,5807441
SP3-07350,ok,debt,3297,3711,1236,0,610242
SP3-07351,ok,debt,5490,14274,2196,0,0
SP3-07352,ok,debt,4314,11219,1725,0,78236
SP3-07353,ok,debt,70232,110206,100491,0,0
SP3-07354,ok,debt,9096,10234,3411,0,235538
SP3-07355,deficit,none,0,0,0,0,170400
SP3-07356,ok,debt,5961,15500,2384,0,0
SP3-07357,ok,debt,14102,15867,5288,0,0
SP3-07358,ok,debt,839,2184,335,0,0
SP3-07359,ok,debt,0,28481,12205,0,173561
SP3-07360,deficit,none,0,0,0,0,2051808
SP3-07361,ok,debt,0,22807,9774,0,80096
SP3-07362,deficit,none,0,0,0,0,0
SP3-07363,ok,debt,34037,88499,13615,0,5364609
SP3-07364,ok,reserve,25165,0,13965,2809,0
SP3-07365,ok,debt,7020,18255,2808,0,288763
SP3-07366,ok,goals+,0,0,44017,175685,2214411
SP3-07367,ok,debt,1644,4275,657,0,0
SP3-07368,ok,reserve,44800,0,0,29866,0
SP3-07369,ok,reserve,58738,0,39158,0,0
SP3-07370,ok,debt,1504,3914,601,0,0
SP3-07371,ok,debt,2137,5557,854,0,208030
SP3-07372,ok,goals+,0,0,0,2331,0
SP3-07373,deficit,none,0,0,0,0,0
SP3-07374,ok,debt,8378,21786,0,3351,0
SP3-07375,ok,reserve,7193,0,0,4795,0
SP3-07376,deficit,none,0,0,0,0,0
SP3-07377,invalid,none,0,0,0,0,0
SP3-07378,deficit,none,0,0,0,0,0
SP3-07379,invalid,none,0,0,0,0,0
SP3-07380,ok,reserve,1964,0,0,1309,0
SP3-07381,ok,debt,0,22807,9774,0,80096
SP3-07382,invalid,none,0,0,0,0,0
SP3-07383,deficit,none,0,0,0,0,0
SP3-09510,invalid,none,0,0,0,0,0
SP3-07385,ok,goals+,0,0,74228,0,2466203
SP3-07386,ok,none,0,0,0,0,0
SP3-07387,deficit,none,0,0,0,0,14713
SP3-07388,deficit,none,0,0,0,0,1538896
SP3-07389,ok,reserve,3944,0,2629,0,0
SP3-07390,ok,reserve,15193,0,0,10128,0
SP3-07391,ok,debt,3925,10207,1570,0,0
SP3-07392,deficit,none,0,0,0,0,0
SP3-07393,deficit,none,0,0,0,0,0
SP3-07394,ok,debt,545,614,204,0,0
SP3-07395,deficit,none,0,0,0,0,0
SP3-07396,deficit,none,0,0,0,0,0
SP3-07397,ok,debt,2461,2769,0,923,0
SP3-07398,ok,debt,16883,43897,6753,0,0
SP3-07399,ok,debt,438,1141,175,0,0
SP3-07400,ok,goals+,0,0,2182,0,580835
SP3-07401,deficit,none,0,0,0,0,0
SP3-07402,ok,debt,11556,13002,4333,0,0
SP3-07403,ok,goals+,0,0,6755,3002,105094
SP3-07404,ok,debt,1544,4017,617,0,0
SP3-07405,ok,reserve,15825,0,10549,0,0
SP3-07406,ok,goals+,3764,0,0,5941,0
SP3-07407,deficit,none,0,0,0,0,4786974
SP3-07408,deficit,none,0,0,0,0,3395404
SP3-07409,ok,goals+,0,0,0,6828,1639529
SP3-07410,ok,reserve,44642,0,29761,0,0
SP3-07411,ok,reserve,28728,0,4371,14780,0
SP3-07412,ok,debt,7197,18715,2879,0,0
SP3-07413,ok,debt,2149,2419,806,0,0
SP3-07414,deficit,none,0,0,0,0,1046831
SP3-07415,ok,debt,633,713,237,0,508207
SP3-07416,ok,goals+,0,0,8884,272051,14364066
SP3-07417,ok,debt,1906,4958,0,762,163443
SP3-07418,invalid,none,0,0,0,0,0
SP3-07419,ok,goals+,0,0,1729,4914,0
SP3-07420,deficit,none,0,0,0,0,478590
SP3-07421,ok,goals+,0,0,5543,20059,1890005
SP3-07422,ok,goals+,0,0,12744,107445,1540442
SP3-07423,deficit,none,0,0,0,0,0
SP3-07424,ok,debt,8353,21719,3341,0,0
SP3-07425,ok,goals+,0,0,19928,53015,703072
SP3-07426,ok,goals+,0,0,0,52369,0
SP3-07427,deficit,none,0,0,0,0,1444931
SP3-07428,deficit,none,0,0,0,0,400460
SP3-07429,ok,debt,8195,21308,3278,0,0
SP3-07430,deficit,none,0,0,0,0,0
SP3-07431,ok,reserve,7119,0,4745,0,0
SP3-07432,ok,debt,36063,93766,14052,372,0
SP3-07433,deficit,none,0,0,0,0,47411
SP3-07434,deficit,none,0,0,0,0,14405620
SP3-07435,deficit,none,0,0,0,0,0
SP3-07436,deficit,none,0,0,0,0,0
SP3-07437,ok,reserve,448927,0,0,299284,0
SP3-07438,ok,debt,1498,3895,599,0,0
SP3-07439,deficit,none,0,0,0,0,0
SP3-07440,deficit,none,0,0,0,0,0
SP3-07441,ok,goals+,0,0,0,10255,43868
SP3-07442,deficit,none,0,0,0,0,2994781
SP3-07443,ok,goals+,0,0,25801,0,810432
SP3-07444,ok,reserve,22912,0,5301,9972,36771
SP3-07445,ok,debt,15870,17855,5951,0,0
SP3-07446,ok,reserve,12992,0,8660,0,0
SP3-07447,deficit,none,0,0,0,0,10588
SP3-07448,ok,debt,1004,2612,401,0,0
SP3-07449,deficit,none,0,0,0,0,0
SP3-07450,ok,goals+,0,0,0,22296,335012
SP3-07451,ok,debt,162,422,64,0,0
SP3-07452,ok,debt,9710,25249,3884,0,0
SP3-07453,deficit,none,0,0,0,0,78700
SP3-07454,ok,debt,1605,4174,642,0,249214
SP3-07455,ok,debt,180,471,0,72,0
SP3-07456,deficit,none,0,0,0,0,600927
SP3-07457,ok,debt,1576,4099,630,0,256971
SP3-07458,ok,debt,15763,17735,5911,0,0
SP3-07459,ok,debt,23592,61340,9436,0,453105
SP3-07460,ok,reserve,8471,0,637,5010,0
SP3-07461,deficit,none,0,0,0,0,0
SP3-07462,deficit,none,0,0,0,0,0
SP3-07463,ok,reserve,5094,0,3396,0,109845
SP3-07464,ok,reserve,50943,0,33962,0,1098453
SP3-07465,ok,debt,120938,314439,0,48375,227676
SP3-07466,ok,goals+,0,0,77434,536401,4974541
SP3-07467,ok,debt,8529,22177,3411,0,0
SP3-07468,ok,debt,1372,3568,548,0,0
SP3-07469,deficit,none,0,0,0,0,120478
SP3-07470,ok,debt,4854,12624,0,1941,21340
SP3-07471,deficit,none,0,0,0,0,15144972
SP3-07472,deficit,none,0,0,0,0,0
SP3-07473,deficit,none,0,0,0,0,0
SP3-07474,deficit,none,0,0,0,0,505189
SP3-07475,deficit,none,0,0,0,0,0
SP3-07476,ok,debt,1422,3699,568,0,0
SP3-07477,ok,reserve,651,0,434,0,0
SP3-07478,ok,debt,2070,5384,0,828,0
SP3-07479,ok,debt,313,815,125,0,236472
SP3-07480,ok,goals+,0,0,27376,145004,2271546
SP3-07481,deficit,none,0,0,0,0,0
SP3-07482,ok,reserve,23743,0,0,15828,0
SP3-07483,deficit,none,0,0,0,0,1178166
SP3-07484,deficit,none,0,0,0,0,0
SP3-07485,ok,debt,872,2270,349,0,0
SP3-07486,ok,debt,12097,31454,0,4839,177783
SP3-07487,deficit,none,0,0,0,0,57132
SP3-07488,deficit,none,0,0,0,0,335894
SP3-07489,ok,goals+,0,0,20206,0,256942
SP3-07490,deficit,none,0,0,0,0,169986
SP3-07491,deficit,none,0,0,0,0,0
SP3-07492,ok,debt,1107,2879,442,0,0
SP3-07493,deficit,none,0,0,0,0,0
SP3-07494,ok,debt,271,706,108,0,0
SP3-07495,ok,debt,453,1180,181,0,0
SP3-07496,deficit,none,0,0,0,0,328442
SP3-07497,ok,reserve,53594,0,35728,0,0
SP3-07498,invalid,none,0,0,0,0,0
SP3-07499,invalid,none,0,0,0,0,0
SP3-07500,deficit,none,0,0,0,0,328130
SP3-07501,ok,goals+,0,0,141951,0,601500
SP3-07502,deficit,none,0,0,0,0,0
SP3-07503,ok,goals+,0,0,2508,9094,0
SP3-07504,ok,debt,266,301,0,99,0
SP3-07505,ok,goals+,0,0,3219,0,0
SP3-07506,ok,reserve,4771,0,3027,152,0
SP3-07507,deficit,none,0,0,0,0,119093
SP3-07508,deficit,none,0,0,0,0,0
SP3-07509,ok,goals+,0,0,0,9130,0
SP3-07510,deficit,none,0,0,0,0,2241639
SP3-07511,deficit,none,0,0,0,0,341104
SP3-07512,ok,debt,2118,2383,0,794,0
SP3-07513,deficit,none,0,0,0,0,1227532
SP3-07514,ok,reserve,687,0,458,0,0
SP3-07515,ok,debt,3469,9021,1387,0,0
SP3-07516,invalid,none,0,0,0,0,0
SP3-07517,deficit,none,0,0,0,0,0
SP3-07518,ok,reserve,835,0,557,0,0
SP3-07519,ok,reserve,21835,0,14556,0,0
SP3-07520,ok,reserve,10652,0,7101,0,0
SP3-07521,ok,debt,1602,4166,640,0,0
SP3-07522,ok,reserve,16342,0,9210,1684,0
SP3-07523,ok,debt,12375,32176,4950,0,524464
SP3-07524,deficit,none,0,0,0,0,4274479
SP3-07525,deficit,none,0,0,0,0,113447
SP3-07526,ok,reserve,30151,0,20101,0,0
SP3-07527,ok,debt,1602,4166,640,0,0
SP3-07528,ok,debt,6945,18060,1680,1097,0
SP3-07529,ok,debt,606,1576,242,0,0
SP3-07530,ok,debt,3227,8392,1291,0,30340
SP3-07531,deficit,none,0,0,0,0,0
SP3-07532,ok,reserve,5368,0,3578,0,245801
SP3-07533,ok,reserve,58320,0,0,38880,0
SP3-07534,deficit,none,0,0,0,0,747331
SP3-07535,deficit,none,0,0,0,0,0
SP3-07536,deficit,none,0,0,0,0,82727
SP3-07537,ok,reserve,5052,0,3368,0,87601
SP3-07538,ok,debt,100,262,40,0,0
SP3-07539,deficit,none,0,0,0,0,3775951
SP3-07540,ok,reserve,5052,0,3368,0,87601
SP3-07541,ok,reserve,17937,0,5152,6804,0
SP3-07542,ok,goals+,0,0,28318,0,0
SP3-07543,ok,debt,3353,8718,1341,0,0
SP3-07544,ok,goals+,0,0,6059,2891,690314
SP3-07545,ok,debt,308,803,123,0,55509
SP3-07546,ok,goals+,0,0,417,5882,162679
SP3-07547,deficit,none,0,0,0,0,0
SP3-07548,ok,debt,12141,31570,0,4856,0
SP3-07549,ok,debt,7345,19098,0,2938,0
SP3-07550,deficit,none,0,0,0,0,0
SP3-07551,deficit,none,0,0,0,0,0
SP3-07552,ok,debt,3085,8022,1234,0,555090
SP3-07553,ok,debt,11871,30868,4748,0,0
SP3-07554,ok,goals+,0,0,609,9034,90395
SP3-07555,ok,debt,3695,9608,1478,0,0
SP3-07556,ok,reserve,218,0,145,0,0
SP3-07557,deficit,none,0,0,0,0,0
SP3-07558,deficit,none,0,0,0,0,0
SP3-07559,deficit,none,0,0,0,0,455825
SP3-07560,ok,goals+,0,0,550,3582,172335
SP3-07561,ok,debt,18974,21347,3975,3140,0
SP3-07562,ok,debt,1278,3326,511,0,0
SP3-07563,ok,goals+,0,0,109567850,295770821,2251693440
SP3-07564,ok,debt,4708,12243,0,1883,14281
SP3-07565,deficit,none,0,0,0,0,49390
SP3-07566,ok,debt,3125,8125,1250,0,0
SP3-07567,deficit,none,0,0,0,0,8825551
SP3-07568,deficit,none,0,0,0,0,0
SP3-07569,ok,debt,8406,9457,3152,0,45870
SP3-07570,ok,reserve,3674,0,2449,0,0
SP3-07571,ok,reserve,1035,0,689,0,0
SP3-07572,ok,goals+,0,0,2345,550,5284901
SP3-07573,ok,debt,878,2285,351,0,0
SP3-07574,ok,debt,1900,4941,760,0,0
SP3-07575,ok,debt,1391,1567,521,0,0
SP3-07576,ok,reserve,69580039,0,46386692,0,4597944396
SP3-07577,ok,debt,6078,15803,2431,0,0
SP3-07578,invalid,none,0,0,0,0,0
SP3-07579,deficit,none,0,0,0,0,0
SP3-07580,deficit,none,0,0,0,0,0
SP3-07581,deficit,none,0,0,0,0,287232
SP3-07582,ok,debt,0,14958,3503,2907,116788
SP3-07583,deficit,none,0,0,0,0,0
SP3-07584,ok,debt,13951,36274,0,5580,31755
SP3-07585,ok,debt,3229,8397,1291,0,0
SP3-07586,ok,goals+,0,0,8552,0,844459
SP3-07587,ok,debt,4094,10647,1637,0,0
SP3-07588,deficit,none,0,0,0,0,2925380
SP3-07589,deficit,none,0,0,0,0,0
SP3-07590,deficit,none,0,0,0,0,49390
SP3-07591,ok,debt,0,5658,2424,0,130820
SP3-07592,ok,reserve,14218,0,9478,0,0
SP3-07593,invalid,none,0,0,0,0,0
SP3-07594,ok,reserve,150629,0,29299,71119,0
SP3-07595,ok,debt,5479,14247,2191,0,0
SP3-07596,deficit,none,0,0,0,0,0
SP3-07597,ok,reserve,32503,0,21669,0,0
SP3-07598,deficit,none,0,0,0,0,210923
SP3-07599,ok,debt,64914,168778,25965,0,0
SP3-07600,ok,debt,561,1462,224,0,0
SP3-07601,deficit,none,0,0,0,0,3215152
SP3-07602,ok,debt,575,1498,230,0,0
SP3-07603,deficit,none,0,0,0,0,47310
SP3-07604,ok,goals+,0,0,6989,0,152733
SP3-07605,deficit,none,0,0,0,0,0
SP3-07606,deficit,none,0,0,0,0,138399
SP3-07607,ok,goals+,0,0,22615,0,361978
SP3-07608,ok,debt,16144,18163,6054,0,0
SP3-07609,deficit,none,0,0,0,0,0
SP3-07610,ok,debt,1858,4832,743,0,30604
SP3-07611,ok,reserve,22153,0,0,14768,0
SP3-07612,ok,goals+,0,0,10033,6049,6455152
SP3-07613,ok,reserve,11663,0,0,7774,0
SP3-07614,ok,goals+,0,0,1920,5380,302619
SP3-07615,ok,reserve,15603,0,10402,0,0
SP3-07616,deficit,none,0,0,0,0,817700
SP3-07617,invalid,none,0,0,0,0,0
SP3-07618,ok,goals+,0,0,0,136295,0
SP3-07619,deficit,none,0,0,0,0,1770249
SP3-07620,deficit,none,0,0,0,0,0
SP3-07621,deficit,none,0,0,0,0,392254
SP3-07622,deficit,none,0,0,0,0,8013746
SP3-07623,ok,goals+,0,0,19892,787269,7767335
SP3-07624,ok,goals+,0,0,99751,0,4459970
SP3-07625,deficit,none,0,0,0,0,0
SP3-07626,ok,debt,0,130883345,34995847,21097014,1517648137
SP3-07627,deficit,none,0,0,0,0,2225475
SP3-07628,deficit,none,0,0,0,0,181106
SP3-07629,deficit,none,0,0,0,0,0
SP3-07630,ok,debt,5388,14009,2155,0,60690
SP3-08000,invalid,none,0,0,0,0,0
SP3-07632,ok,none,0,0,0,0,120899
SP3-07633,deficit,none,0,0,0,0,11714558
SP3-07634,ok,debt,7456,19389,2982,0,0
SP3-07635,ok,debt,64532271,167783906,25812908,0,43022854
SP3-07636,ok,goals+,1115,0,3719,4053,0
SP3-07637,ok,debt,19713,51257,7885,0,1270465
SP3-07638,ok,debt,8214,21359,3285,0,1618550
SP3-07639,ok,debt,78971073,205324792,31588429,0,4059012974
SP3-07640,ok,goals+,0,0,0,45077,0
SP3-07641,deficit,none,0,0,0,0,0
SP3-07642,ok,debt,229,597,91,0,0
SP3-07643,invalid,none,0,0,0,0,0
SP3-07644,deficit,none,0,0,0,0,0
SP3-07645,deficit,none,0,0,0,0,0
SP3-07646,deficit,none,0,0,0,0,77404
SP3-07647,ok,reserve,123550,0,82366,0,0
SP3-07648,ok,reserve,4657,0,3105,0,23850
SP3-07649,ok,reserve,7319,0,4878,0,0
SP3-07650,ok,reserve,3118,0,0,2079,0
SP3-07651,ok,goals+,6226,0,13893,78576,0
SP3-07652,ok,reserve,515,0,0,342,72620
SP3-07653,deficit,none,0,0,0,0,0
SP3-07654,ok,debt,3192,3591,1197,0,0
SP3-07655,ok,goals+,2616,0,12154,0,0
SP3-07656,deficit,none,0,0,0,0,0
SP3-07657,ok,debt,7309,19006,2923,0,0
SP3-07658,deficit,none,0,0,0,0,400162
SP3-07659,ok,debt,5410,14069,0,2164,0
SP3-07660,deficit,none,0,0,0,0,0
SP3-07661,ok,goals+,0,0,2874,24436,331300
SP3-07662,ok,reserve,36558,0,0,24371,0
SP3-07663,ok,reserve,9769,0,4173,2337,0
SP3-07664,ok,goals+,0,0,0,98449,774203
SP3-07665,ok,goals+,0,0,5064,42374,410416
SP3-07666,ok,debt,3034,7889,1213,0,131612
SP3-07667,ok,goals+,0,0,109577,320211,0
SP3-07668,ok,goals+,0,0,34637,372050,4923683
SP3-07669,ok,debt,26346,29640,9879,0,0
SP3-07670,ok,debt,12014,31240,0,4805,0
SP3-07671,ok,debt,789,2054,315,0,0
SP3-07672,deficit,none,0,0,0,0,83718
SP3-07673,ok,debt,2297,5974,919,0,40396
SP3-07674,ok,goals+,0,0,6088,0,0
SP3-07675,ok,goals+,0,0,48112,0,861428
SP3-07676,ok,debt,8660,9743,0,3247,0
SP3-07677,deficit,none,0,0,0,0,0
SP3-07678,ok,debt,3986,10364,0,1594,0
SP3-07679,deficit,none,0,0,0,0,317253
SP3-07680,ok,reserve,11484,0,7656,0,0
SP3-07681,deficit,none,0,0,0,0,229789
SP3-07682,ok,goals+,0,0,126,13919,33901
SP3-07683,deficit,none,0,0,0,0,0
SP3-07684,deficit,none,0,0,0,0,1094754
SP3-07685,ok,debt,3442,8951,1377,0,0
SP3-07686,ok,reserve,107,0,0,71,548542
SP3-07687,ok,goals+,0,0,9860,0,4071474
SP3-07688,ok,reserve,9006,0,3659,2344,0
SP3-07689,deficit,none,0,0,0,0,423798
SP3-07690,deficit,none,0,0,0,0,0
SP3-07691,ok,reserve,12916,0,1863,6746,0
SP3-07692,ok,debt,4463,11607,1785,0,14044
SP3-07693,ok,reserve,150116,0,41771,58305,0
SP3-07694,ok,goals+,0,0,1688,44770,0
SP3-07695,ok,debt,1061,2761,0,424,120738
SP3-07696,ok,goals+,0,0,4009,50108,425074
SP3-07697,deficit,none,0,0,0,0,318689
SP3-07698,deficit,none,0,0,0,0,64335
SP3-07699,deficit,none,0,0,0,0,10324
SP3-07700,ok,goals+,0,0,3291,4071,131322
SP3-07701,deficit,none,0,0,0,0,238194
SP3-07702,deficit,none,0,0,0,0,0
SP3-07703,ok,debt,2544,6618,1017,0,0
SP3-07704,ok,goals+,0,0,53365,6009,527046
SP3-07705,ok,debt,320,834,128,0,0
SP3-07706,ok,goals+,0,0,0,14411,60306
SP3-07707,deficit,none,0,0,0,0,0
SP3-07708,ok,debt,1995,5187,798,0,96496
SP3-07709,deficit,none,0,0,0,0,0
SP3-07710,ok,debt,6504,16913,2601,0,0
SP3-07711,ok,debt,2662,6922,1064,0,0
SP3-07712,ok,debt,1788,4652,715,0,77196
SP3-07713,deficit,none,0,0,0,0,361386
SP3-07714,ok,debt,5506,14316,2202,0,100114
SP3-07715,deficit,none,0,0,0,0,343051
SP3-07716,ok,goals+,0,0,0,6749,0
SP3-07717,ok,reserve,5140,0,3426,0,0
SP3-07718,ok,goals+,0,0,144667,28911,0
SP3-07719,ok,debt,8149,9169,3056,0,82073
SP3-07720,deficit,none,0,0,0,0,0
SP3-07721,deficit,none,0,0,0,0,0
SP3-02827,invalid,none,0,0,0,0,0
SP3-07723,ok,debt,0,7035,0,3014,1251371
SP3-11866,invalid,none,0,0,0,0,0
SP3-07725,deficit,none,0,0,0,0,349434
SP3-07726,deficit,none,0,0,0,0,8257135
SP3-07727,deficit,none,0,0,0,0,49990
SP3-07728,deficit,none,0,0,0,0,80999
SP3-07729,deficit,none,0,0,0,0,376289
SP3-07730,deficit,none,0,0,0,0,15216411
SP3-07731,ok,goals+,0,0,961,0,131770
SP3-07732,ok,goals+,0,0,120554,0,4662368
SP3-07733,ok,debt,125,327,50,0,23725
SP3-07734,deficit,none,0,0,0,0,0
SP3-07735,ok,goals+,0,0,2943,233459,307283
SP3-07736,ok,debt,3352,8718,1341,0,0
SP3-07737,ok,debt,125,327,50,0,23725
SP3-07738,ok,debt,10674,27755,0,4269,0
SP3-07739,deficit,none,0,0,0,0,0
SP3-07740,deficit,none,0,0,0,0,0
SP3-07741,ok,reserve,9671,0,6447,0,0
SP3-07742,deficit,none,0,0,0,0,52926
SP3-07743,ok,reserve,2199,0,1465,0,0
SP3-07744,deficit,none,0,0,0,0,0
SP3-07745,ok,debt,538,1401,215,0,0
SP3-07746,ok,debt,1220,3174,488,0,0
SP3-07747,ok,debt,3127,3519,1172,0,184227
SP3-07748,ok,goals+,0,0,0,13686,400529
SP3-07749,invalid,none,0,0,0,0,0
SP3-07750,deficit,none,0,0,0,0,0
SP3-07751,deficit,none,0,0,0,0,0
SP3-07752,ok,debt,963,2506,385,0,0
SP3-07753,ok,goals+,0,0,13524,0,0
SP3-07754,ok,goals+,0,0,119211,0,125773
SP3-07755,ok,debt,4075,10595,1630,0,51194
SP3-07756,deficit,none,0,0,0,0,1647231
SP3-07757,ok,debt,511,1332,204,0,0
SP3-07758,ok,goals+,0,0,30031,378557,7478516
SP3-07759,ok,reserve,68699,0,45799,0,0
SP3-07760,ok,debt,0,6032,1770,813,951350
SP3-07761,deficit,none,0,0,0,0,991520
SP3-07762,deficit,none,0,0,0,0,0
SP3-07763,ok,goals+,0,0,14803,3503,493603
SP3-07764,ok,debt,5416,14084,2166,0,0
SP3-07765,ok,debt,91841543,238788012,36736617,0,4557517272
SP3-07766,ok,debt,7732,20104,0,3092,0
SP3-07767,ok,debt,1344,3497,537,0,0
SP3-07768,invalid,none,0,0,0,0,0
SP3-07769,ok,goals+,0,0,204910,0,3200625
SP3-07770,ok,debt,74931047,194820724,29972418,0,3293171265
SP3-07771,ok,goals+,0,0,11993,14415,1818161
SP3-07772,ok,debt,1460,3799,0,584,67595
SP3-07773,ok,goals+,0,0,10750,94850,0
SP3-07774,ok,debt,2557,2877,959,0,0
SP3-07775,ok,debt,3932,10225,0,1573,0
SP3-07776,ok,goals+,0,0,4621,29310,359346
SP3-07777,invalid,none,0,0,0,0,0
SP3-07778,ok,reserve,4842,0,2331,895,0
SP3-07779,deficit,none,0,0,0,0,0
SP3-07780,deficit,none,0,0,0,0,0
SP3-07781,ok,debt,718,1869,287,0,53392
SP3-07782,deficit,none,0,0,0,0,0
SP3-07783,ok,reserve,22634,0,3442,11646,0
SP3-07784,deficit,none,0,0,0,0,201570
SP3-07785,ok,goals+,0,0,35650,219953,2586141
SP3-07786,ok,debt,809,2106,323,0,83924
SP3-07787,ok,debt,296,771,118,0,55125
SP3-07788,deficit,none,0,0,0,0,0
SP3-07789,ok,goals+,0,0,596,3022,210393
SP3-07790,ok,reserve,7086,0,4724,0,0
SP3-07791,ok,goals+,811,0,33910,0,0
SP3-07792,ok,debt,4766,12395,0,1906,0
SP3-07793,invalid,none,0,0,0,0,0
SP3-07794,ok,debt,3095,8048,0,1238,0
SP3-07795,deficit,none,0,0,0,0,128691
SP3-07796,ok,goals+,0,0,10088,43962,109747
SP3-07797,ok,debt,8578,22303,3431,0,46934
SP3-07798,ok,debt,18179,47268,7271,0,477048
SP3-07799,ok,reserve,681,0,453,0,0
SP3-07800,deficit,none,0,0,0,0,166232
SP3-07801,deficit,none,0,0,0,0,42768
SP3-07802,invalid,none,0,0,0,0,0
SP3-07803,ok,reserve,13867,0,1489,7755,0
SP3-07804,deficit,none,0,0,0,0,0
SP3-07805,deficit,none,0,0,0,0,962327
SP3-07806,ok,goals+,0,0,0,2536,169057
SP3-07807,ok,debt,2322,6038,928,0,0
SP3-07808,invalid,none,0,0,0,0,0
SP3-07809,ok,reserve,28429,0,0,18953,0
SP3-07810,deficit,none,0,0,0,0,0
SP3-07811,ok,reserve,29515,0,0,19676,356509
SP3-07812,ok,goals+,0,0,9413,5819,357446
SP3-07813,ok,reserve,1701,0,1133,0,0
SP3-07814,deficit,none,0,0,0,0,1560844
SP3-07815,ok,goals+,0,0,1960,7588,134457
SP3-07816,deficit,none,0,0,0,0,0
SP3-07817,deficit,none,0,0,0,0,0
SP3-07818,ok,debt,15360,39939,6144,0,0
SP3-07819,ok,debt,3906,10158,1562,0,0
SP3-07820,ok,debt,2545,6620,0,1018,0
SP3-07821,ok,reserve,9716,0,0,6477,0
SP3-07822,ok,debt,807,2099,322,0,110427
SP3-07823,deficit,none,0,0,0,0,2031092
SP3-07824,ok,debt,1617,4206,647,0,0
SP3-07825,ok,debt,3051,3433,1144,0,0
SP3-07826,deficit,none,0,0,0,0,0
SP3-07827,ok,goals+,0,0,495,28524,159042
SP3-07828,ok,reserve,6810,0,4539,0,0
SP3-07829,deficit,none,0,0,0,0,210717
SP3-07830,ok,debt,2995,7790,0,1198,0
SP3-07831,ok,reserve,9755,0,232,6271,0
SP3-07832,ok,reserve,12045,0,8030,0,0
SP3-07833,deficit,none,0,0,0,0,39966
SP3-07834,invalid,none,0,0,0,0,0
SP3-07835,deficit,none,0,0,0,0,226575
SP3-07836,invalid,none,0,0,0,0,0
SP3-07837,deficit,none,0,0,0,0,39966
SP3-07838,ok,debt,18122,47121,3467,3781,0
SP3-07839,deficit,none,0,0,0,0,0
SP3-07840,ok,debt,98,255,39,0,0
SP3-07841,ok,debt,613,1597,245,0,0
SP3-07842,ok,goals+,0,0,6881,0,351904
SP3-07843,ok,reserve,52333,0,5720,29167,0
SP3-07844,deficit,none,0,0,0,0,3596112
SP3-07845,ok,none,0,0,0,0,0
SP3-07846,ok,debt,1775,4616,710,0,74818
SP3-07847,ok,debt,2478,6444,991,0,0
SP3-07848,ok,debt,6562,17062,2624,0,1557185
SP3-07849,ok,goals+,0,0,1089,74207,2836121
SP3-07850,ok,reserve,14930,0,9953,0,0
SP3-07851,deficit,none,0,0,0,0,411013
SP3-07852,deficit,none,0,0,0,0,1372802
SP3-07853,ok,debt,1661,4322,664,0,93626
SP3-07854,ok,reserve,5430,0,714,2904,0
SP3-07855,ok,reserve,3820,0,2546,0,0
SP3-07856,ok,debt,6282,16336,2513,0,0
SP3-07857,ok,reserve,1854,0,1235,0,0
SP3-07858,deficit,none,0,0,0,0,0
SP3-07859,ok,reserve,17859,0,2939,8966,0
SP3-07860,deficit,none,0,0,0,0,0
SP3-07861,deficit,none,0,0,0,0,2486517
SP3-07862,ok,debt,0,40954,7083,10467,1718614
SP3-07863,ok,debt,6443,16752,2577,0,122177
SP3-07864,ok,debt,7416,19284,2966,0,602128
SP3-07865,ok,goals+,0,0,22437,135896,4121585
SP3-07866,ok,debt,362,943,144,0,20682
SP3-07867,deficit,none,0,0,0,0,0
SP3-07868,ok,debt,29892,77721,0,11957,108597
SP3-07869,deficit,none,0,0,0,0,0
SP3-07870,ok,debt,0,221318,89472,5377,2816974
SP3-07871,deficit,none,0,0,0,0,8141128
SP3-07872,deficit,none,0,0,0,0,2563882
SP3-07873,ok,debt,2862,7442,1144,0,45487
SP3-07874,ok,debt,18099,20363,6787,0,0
SP3-07875,invalid,none,0,0,0,0,0
SP3-07876,ok,goals+,0,0,11694,256237,0
SP3-07877,deficit,none,0,0,0,0,0
SP3-07878,ok,debt,544,1416,217,0,0
SP3-07879,ok,debt,1661,4322,664,0,93626
SP3-07880,ok,goals+,1386,0,29661,0,326475
SP3-07881,invalid,none,0,0,0,0,0
SP3-07882,ok,debt,4619,12012,1712,134,0
SP3-07883,deficit,none,0,0,0,0,26780
SP3-07884,ok,reserve,5300,0,0,3533,39551
SP3-07885,ok,goals+,0,0,10304,40188,235230
SP3-07886,ok,debt,177,461,0,70,119585
SP3-07887,ok,goals+,0,0,17135,0,108657
SP3-07888,deficit,none,0,0,0,0,0
SP3-07889,deficit,none,0,0,0,0,826654
SP3-07890,deficit,none,0,0,0,0,0
SP3-07891,ok,reserve,22829,0,5757,9460,0
SP3-07892,ok,reserve,5655,0,3770,0,0
SP3-07893,ok,debt,67,176,0,26,0
SP3-07894,ok,reserve,42347,0,28231,0,0
SP3-07895,ok,goals+,0,0,0,3068,0
SP3-07896,deficit,none,0,0,0,0,221104
SP3-07897,deficit,none,0,0,0,0,175578
SP3-07898,deficit,none,0,0,0,0,0
SP3-07899,ok,reserve,29398,0,0,19598,0
SP3-07900,ok,reserve,587,0,0,391,0
SP3-07901,deficit,none,0,0,0,0,0
SP3-07902,deficit,none,0,0,0,0,826654
SP3-07903,ok,goals+,0,0,1796,1848,0
SP3-07904,ok,debt,3141,8167,0,1256,67574
SP3-07905,ok,debt,3306,8599,1322,0,0
SP3-07906,deficit,none,0,0,0,0,2932206
SP3-07907,ok,debt,1823,4741,729,0,0
SP3-07908,deficit,none,0,0,0,0,204794
SP3-07909,deficit,none,0,0,0,0,0
SP3-07910,ok,debt,304,791,121,0,0
SP3-07911,ok,debt,1251,3255,500,0,0
SP3-07912,ok,debt,717,1866,287,0,0
SP3-07913,ok,debt,2093,5443,837,0,0
SP3-07914,ok,debt,639,1662,255,0,0
SP3-07915,ok,none,0,0,0,0,0
SP3-07916,deficit,none,0,0,0,0,0
SP3-07917,deficit,none,0,0,0,0,320300
SP3-07918,ok,debt,9700,25222,0,3880,0
SP3-07919,ok,debt,20342,22887,3873,3754,0
SP3-07920,deficit,none,0,0,0,0,0
SP3-07921,ok,reserve,9507,0,6337,0,0
SP3-07922,deficit,none,0,0,0,0,85044
SP3-07923,ok,reserve,7020,0,0,4679,0
SP3-07924,deficit,none,0,0,0,0,5347063
SP3-07925,ok,debt,0,9810,4203,0,140845
SP3-07926,ok,reserve,5296,0,2526,1003,0
SP3-07927,ok,reserve,63264,0,1699,40476,0
SP3-07928,deficit,none,0,0,0,0,415641
SP3-07929,deficit,none,0,0,0,0,1591722
SP3-07930,ok,debt,5645,14678,0,2258,0
SP3-07931,ok,reserve,1706,0,1137,0,0
SP3-07932,deficit,none,0,0,0,0,0
SP3-07933,ok,goals+,0,0,11910,0,0
SP3-07934,ok,reserve,46724,0,0,31148,0
SP3-07935,deficit,none,0,0,0,0,0
SP3-07936,deficit,none,0,0,0,0,158450
SP3-07937,deficit,none,0,0,0,0,0
SP3-07938,ok,debt,0,94811,18696,21936,222733
SP3-07939,ok,goals+,0,0,61423,97196,921928
SP3-07940,ok,debt,0,9810,4203,0,144649
SP3-07941,ok,debt,0,1259,539,0,241168
SP3-07942,deficit,none,0,0,0,0,0
SP3-07943,ok,debt,8245,21438,2321,976,264338
SP3-07944,deficit,none,0,0,0,0,3926923
SP3-07945,invalid,none,0,0,0,0,0
SP3-07946,ok,debt,3636,9457,1454,0,15217
SP3-07947,deficit,none,0,0,0,0,259202
SP3-07948,deficit,none,0,0,0,0,6845315
SP3-07949,ok,debt,46,53,17,0,0
SP3-07950,deficit,none,0,0,0,0,1826270
SP3-07951,ok,goals+,0,0,0,124050,1003073
SP3-07952,ok,debt,8407,9459,0,3152,0
SP3-07953,ok,debt,38619289,100410153,15447715,0,481416039
SP3-07954,ok,debt,5518,14349,0,2207,147575
SP3-07955,deficit,none,0,0,0,0,257536
SP3-07956,ok,debt,3517,9147,1407,0,96674
SP3-07957,ok,goals+,0,0,56108,161250,5106965
SP3-07958,deficit,none,0,0,0,0,1041031
SP3-07959,ok,reserve,1486,0,990,0,0
SP3-07960,deficit,none,0,0,0,0,0
SP3-07961,deficit,none,0,0,0,0,272739
SP3-07962,ok,goals+,0,0,0,28085,401277
SP3-07963,deficit,none,0,0,0,0,156444
SP3-07964,ok,debt,1554,4041,621,0,208515
SP3-07965,ok,debt,15092,39242,6037,0,282383
SP3-07966,ok,goals+,0,0,9174,0,1976113
SP3-07967,invalid,none,0,0,0,0,0
SP3-07968,ok,goals+,0,0,2284,342,622323
SP3-07969,deficit,none,0,0,0,0,1454123
SP3-07970,deficit,none,0,0,0,0,0
SP3-07971,ok,debt,916,2382,0,366,0
SP3-07972,ok,reserve,8076,0,5383,0,0
SP3-07973,ok,goals+,0,0,3836,0,0
SP3-07974,ok,debt,0,97219,26212,15452,4564449
SP3-07975,deficit,none,0,0,0,0,540624
SP3-07976,ok,goals+,0,0,58636,0,245438
SP3-07977,ok,debt,11565,13012,4337,0,0
SP3-07978,ok,debt,3169,8241,1267,0,33319
SP3-07979,ok,debt,0,66647,0,28563,560750
SP3-07980,ok,debt,4053,10541,1621,0,0
SP3-07981,deficit,none,0,0,0,0,0
SP3-07982,deficit,none,0,0,0,0,35111
SP3-07983,ok,reserve,18899,0,3937,8661,0
SP3-07984,ok,debt,703,1831,281,0,49348
SP3-07985,ok,goals+,0,0,4305,2964,0
SP3-07986,ok,debt,17091,44437,6836,0,0
SP3-07987,ok,debt,2117,5505,846,0,0
SP3-07988,ok,goals+,0,0,24280,0,1383936
SP3-07989,deficit,none,0,0,0,0,0
SP3-07990,ok,goals+,0,0,7179,4302,1030821
SP3-07991,deficit,none,0,0,0,0,0
SP3-07992,ok,debt,3385,8802,396,957,0
SP3-07993,ok,debt,1913,4974,765,0,0
SP3-07994,ok,reserve,20106,0,2410,10993,0
SP3-07995,ok,debt,3830,9960,1532,0,276694
SP3-07996,deficit,none,0,0,0,0,749611
SP3-07997,deficit,none,0,0,0,0,0
SP3-07998,ok,debt,326,849,130,0,114783
SP3-07999,ok,goals+,0,0,0,442531,7615605
SP3-08000,ok,debt,3310,8606,1324,0,84336
SP3-08001,deficit,none,0,0,0,0,606664
SP3-08002,deficit,none,0,0,0,0,0
SP3-08003,ok,debt,1046,2720,418,0,1750946
SP3-08004,ok,debt,883,1886,0,765,15598
SP3-08005,deficit,none,0,0,0,0,2592024
SP3-08006,deficit,none,0,0,0,0,3312779
SP3-08007,ok,debt,25484,66259,10193,0,0
SP3-08008,invalid,none,0,0,0,0,0
SP3-08009,ok,debt,5773,15010,2309,0,0
SP3-08010,deficit,none,0,0,0,0,0
SP3-08011,deficit,none,0,0,0,0,605276
SP3-08012,ok,reserve,3196,0,437,1692,0
SP3-08013,ok,reserve,65522,0,2216,41463,0
SP3-08014,deficit,none,0,0,0,0,22000
SP3-08015,ok,goals+,0,0,6397,3626,0
SP3-08016,ok,debt,2376,6181,950,0,34646
SP3-08017,deficit,none,0,0,0,0,0
SP3-08018,deficit,none,0,0,0,0,290568
SP3-08019,ok,debt,11047,28725,4419,0,0
SP3-08020,ok,reserve,48378,0,0,32252,489171
SP3-08021,ok,reserve,6052,0,0,4035,0
SP3-08022,ok,goals+,0,0,688,67974,6914207
SP3-08023,ok,reserve,6068,0,2863,1181,0
SP3-08024,ok,reserve,14243,0,4205,5288,0
SP3-08025,deficit,none,0,0,0,0,3522904
SP3-08026,ok,goals+,0,0,19066,51772,6739785
SP3-08027,deficit,none,0,0,0,0,0
SP3-08028,ok,debt,1372,1544,514,0,0
SP3-08029,ok,debt,1343,3493,0,537,0
SP3-08030,ok,debt,2196,2471,0,823,0
SP3-08031,deficit,none,0,0,0,0,0
SP3-08032,deficit,none,0,0,0,0,0
SP3-08033,deficit,none,0,0,0,0,12136332
SP3-08034,ok,reserve,9701,0,6122,344,0
SP3-08035,ok,debt,8099,21058,3239,0,0
SP3-08036,ok,reserve,1660,0,1107,0,58699
SP3-08037,ok,debt,1648,4287,659,0,0
SP3-08038,ok,goals+,0,0,3457,1472,0
SP3-08039,deficit,none,0,0,0,0,0
SP3-08040,deficit,none,0,0,0,0,0
SP3-08041,deficit,none,0,0,0,0,142397
SP3-08042,ok,debt,5044,13115,2017,0,34312
SP3-08043,ok,none,0,0,0,0,0
SP3-08044,ok,debt,12442,32351,0,4977,0
SP3-08045,ok,reserve,44789,0,14074,15783,0
SP3-08046,ok,goals+,0,0,0,10147,61863
SP3-08047,invalid,none,0,0,0,0,0
SP3-08048,deficit,none,0,0,0,0,93792
SP3-08049,deficit,none,0,0,0,0,0
SP3-08050,deficit,none,0,0,0,0,0
SP3-08051,deficit,none,0,0,0,0,0
SP3-08052,ok,debt,17,46,7,0,0
SP3-08053,ok,goals+,0,0,13079,40766,0
SP3-08054,ok,debt,2650,6892,1060,0,0
SP3-08055,deficit,none,0,0,0,0,0
SP3-08056,ok,debt,50602,131568,0,20241,10414576
SP3-08057,ok,debt,7870,20464,3148,0,0
SP3-08058,ok,goals+,0,0,2931,19299,79512
SP3-08059,invalid,none,0,0,0,0,0
SP3-08060,deficit,none,0,0,0,0,0
SP3-08061,ok,goals+,0,0,115448,0,5293114
SP3-08062,ok,debt,2212,5753,884,0,41871
SP3-08063,ok,debt,3470,3905,0,1301,436608
SP3-08064,deficit,none,0,0,0,0,0
SP3-08065,ok,reserve,20277,0,13517,0,0
SP3-08066,ok,debt,4556,11848,1822,0,254428
SP3-08067,ok,debt,0,46228,19812,0,6878621
SP3-08068,ok,none,0,0,0,0,0
SP3-08069,deficit,none,0,0,0,0,0
SP3-08070,ok,debt,3531,9184,1412,0,0
SP3-08071,deficit,none,0,0,0,0,0
SP3-08072,ok,reserve,19956,0,13303,0,0
SP3-08073,invalid,none,0,0,0,0,0
SP3-08074,deficit,none,0,0,0,0,266803
SP3-08075,ok,debt,11218,12622,4206,0,0
SP3-08076,ok,debt,7545,19617,3018,0,0
SP3-08077,ok,reserve,182876483,0,0,121917654,0
SP3-08078,ok,none,0,0,0,0,0
SP3-08079,deficit,none,0,0,0,0,451077
SP3-08080,deficit,none,0,0,0,0,0
SP3-08081,ok,goals+,0,0,2266,45070,53690
SP3-08082,ok,goals+,0,0,81794,0,3367727
SP3-08083,invalid,none,0,0,0,0,0
SP3-08084,ok,debt,3584,9320,1433,0,0
SP3-08085,deficit,none,0,0,0,0,1080372
SP3-08086,invalid,none,0,0,0,0,0
SP3-08087,ok,debt,67,177,27,0,0
SP3-08088,ok,reserve,26792,0,13459,4402,134290
SP3-08089,deficit,none,0,0,0,0,0
SP3-08090,ok,debt,951,2476,0,380,0
SP3-08091,ok,goals+,0,0,245,4557,537236
SP3-08092,ok,reserve,1578,0,1051,0,0
SP3-08093,deficit,none,0,0,0,0,60731
SP3-08094,deficit,none,0,0,0,0,3328795
SP3-08095,ok,reserve,16340,0,10893,0,0
SP3-08096,ok,goals+,0,0,3030,6904,0
SP3-08097,ok,debt,11127,28931,4450,0,1146827
SP3-08098,ok,goals+,0,0,14080,0,704823
SP3-08099,deficit,none,0,0,0,0,329544
SP3-08100,ok,debt,145,380,58,0,238690
SP3-08101,deficit,none,0,0,0,0,245124
SP3-08102,ok,debt,63018,163847,25207,0,19101
SP3-08103,ok,debt,3154,8201,1261,0,244799
SP3-08104,ok,reserve,118271,0,78847,0,0
SP3-08105,ok,reserve,30346373,0,20230914,0,0
SP3-08106,ok,debt,739,1923,295,0,204165
SP3-08107,invalid,none,0,0,0,0,0
SP3-08108,deficit,none,0,0,0,0,0
SP3-08109,deficit,none,0,0,0,0,722867
SP3-08110,ok,goals+,0,0,650,0,115572
SP3-08111,ok,debt,7251,18856,0,2900,0
SP3-08112,ok,goals+,0,0,19739,0,115442
SP3-08113,ok,reserve,20315,0,5945,7597,0
SP3-08114,deficit,none,0,0,0,0,977803
SP3-08115,deficit,none,0,0,0,0,0
SP3-08116,ok,goals+,0,0,61713,0,934762
SP3-08117,ok,debt,6864,7722,2574,0,0
SP3-08118,deficit,none,0,0,0,0,2751454
SP3-08119,deficit,none,0,0,0,0,0
SP3-08120,ok,goals+,0,0,44440,490130,3885258
SP3-08121,deficit,none,0,0,0,0,0
SP3-08122,ok,goals+,0,0,11202,904,478091
SP3-08123,ok,debt,8309,21605,0,3323,185964
SP3-08124,ok,goals+,0,0,8878,6686,440450
SP3-08125,ok,debt,195,510,78,0,0
SP3-08126,invalid,none,0,0,0,0,0
SP3-08127,ok,debt,10549,21427,1979,8244,380617
SP3-08128,deficit,none,0,0,0,0,0
SP3-08129,deficit,none,0,0,0,0,0
SP3-08130,ok,reserve,4931,0,3287,0,0
SP3-08131,ok,debt,1786,4645,714,0,0
SP3-08132,ok,reserve,699,0,466,0,0
SP3-08133,ok,debt,9239,24024,3695,0,1311951
SP3-08134,deficit,none,0,0,0,0,739727
SP3-08135,deficit,none,0,0,0,0,0
SP3-08136,ok,reserve,17854,0,0,11902,0
SP3-08137,deficit,none,0,0,0,0,0
SP3-08138,ok,goals+,0,0,262,735,121544
SP3-08139,deficit,none,0,0,0,0,0
SP3-08140,ok,debt,24769,27865,9288,0,0
SP3-08141,deficit,none,0,0,0,0,3458605
SP3-08142,ok,goals+,0,0,51311,0,588784
SP3-08143,ok,goals+,0,0,1809,1226,0
SP3-08144,ok,goals+,0,0,2592,3802,144333
SP3-08145,deficit,none,0,0,0,0,245773
SP3-08146,ok,goals+,0,0,24574,0,82246
SP3-08147,ok,debt,4260,11078,1704,0,0
SP3-11130,invalid,none,0,0,0,0,0
SP3-08149,ok,goals+,0,0,359,29292,84367
SP3-08150,deficit,none,0,0,0,0,167822
SP3-08151,deficit,none,0,0,0,0,0
SP3-08152,deficit,none,0,0,0,0,0
SP3-08153,deficit,none,0,0,0,0,6775350
SP3-08154,ok,goals+,0,0,2639,9585,70741
SP3-08155,ok,debt,8951,10071,3356,0,0
SP3-08156,invalid,none,0,0,0,0,0
SP3-08157,deficit,none,0,0,0,0,0
SP3-08158,ok,debt,9576,24899,0,3830,1118095
SP3-08159,deficit,none,0,0,0,0,0
SP3-08160,deficit,none,0,0,0,0,51915
SP3-08161,ok,goals+,0,0,41796,0,12268570
SP3-08162,ok,debt,1217,3166,487,0,0
SP3-08163,ok,debt,46615,121201,18646,0,276477
SP3-08164,deficit,none,0,0,0,0,68980
SP3-08165,ok,goals+,0,0,8790,0,0
SP3-08166,ok,goals+,0,0,6009,51082,0
SP3-08167,deficit,none,0,0,0,0,0
SP3-08168,deficit,none,0,0,0,0,0
SP3-08169,deficit,none,0,0,0,0,0
SP3-08170,deficit,none,0,0,0,0,9100255
SP3-08171,ok,debt,431,1121,172,0,59246
SP3-08172,deficit,none,0,0,0,0,0
SP3-08173,ok,goals+,0,0,99741,21205,18774214
SP3-08174,ok,goals+,0,0,1617,21449,56269
SP3-08175,ok,goals+,0,0,0,4858,624064
SP3-08176,ok,debt,232956197,605686114,93182478,0,0
SP3-08177,ok,goals+,0,0,5594,0,78256
SP3-08178,deficit,none,0,0,0,0,0
SP3-08179,deficit,none,0,0,0,0,0
SP3-08180,ok,debt,395,1029,158,0,32116
SP3-08181,ok,debt,6738,17520,2695,0,0
SP3-08182,ok,debt,8951,10071,3356,0,0
SP3-08183,ok,debt,6079,6841,2279,0,0
SP3-08184,invalid,none,0,0,0,0,0
SP3-08185,ok,goals+,0,0,1851,25271,192894
SP3-08186,deficit,none,0,0,0,0,0
SP3-08187,deficit,none,0,0,0,0,0
SP3-08188,ok,reserve,14459,0,9639,0,0
SP3-08189,ok,debt,1695,4409,678,0,0
SP3-08190,ok,debt,1239,3222,495,0,0
SP3-08191,ok,reserve,5401,0,3600,0,0
SP3-08192,ok,debt,2640,6865,1056,0,0
SP3-08193,deficit,none,0,0,0,0,0
SP3-08194,ok,reserve,1608,0,1071,0,0
SP3-08195,deficit,none,0,0,0,0,59585
SP3-08196,ok,goals+,0,0,0,120950,1254728
SP3-08197,ok,goals+,2480,0,0,8426,0
SP3-08198,invalid,none,0,0,0,0,0
SP3-08199,ok,debt,5191,13497,2076,0,0
SP3-08200,deficit,none,0,0,0,0,0
SP3-08201,ok,debt,2476,6441,990,0,0
SP3-08202,deficit,none,0,0,0,0,0
SP3-08203,ok,goals+,0,0,0,62536,182351
SP3-08204,ok,debt,4842,12591,1937,0,131993
SP3-08205,deficit,none,0,0,0,0,0
SP3-08206,ok,debt,369,962,147,0,14659
SP3-08207,ok,reserve,22451,0,724,14242,0
SP3-08208,ok,debt,2407,6260,962,0,28032
SP3-08209,ok,reserve,57066,0,17333,20710,0
SP3-08210,deficit,none,0,0,0,0,0
SP3-08211,ok,reserve,9361,0,6240,0,0
SP3-08212,ok,debt,271,707,108,0,38767
SP3-08213,deficit,none,0,0,0,0,0
SP3-08214,ok,goals+,0,0,28886,338431,1033668
SP3-08215,ok,reserve,11898,0,4522,3408,0
SP3-08216,deficit,none,0,0,0,0,505394
SP3-08217,deficit,none,0,0,0,0,0
SP3-08218,ok,debt,934,1052,350,0,0
SP3-08219,ok,reserve,2152,0,1434,0,0
SP3-08220,ok,reserve,1973,0,1315,0,0
SP3-08221,ok,debt,1270,3303,508,0,0
SP3-08222,deficit,none,0,0,0,0,124731
SP3-08223,ok,debt,4650,12091,1860,0,14844
SP3-08224,deficit,none,0,0,0,0,0
SP3-08225,invalid,none,0,0,0,0,0
SP3-08226,ok,reserve,21038,0,5683,8340,0
SP3-08227,ok,goals+,0,0,2900,0,532998
SP3-08228,ok,reserve,15660,0,10439,0,0
SP3-08229,ok,debt,7916,8906,2968,0,0
SP3-08230,ok,reserve,6884,0,0,4589,0
SP3-08231,ok,debt,4557,11851,0,1823,0
SP3-08232,deficit,none,0,0,0,0,3767805
SP3-08233,ok,reserve,5274,0,3515,0,0
SP3-08234,ok,debt,1371,3566,548,0,150844
SP3-08235,ok,reserve,4865,0,3243,0,0
SP3-08236,deficit,none,0,0,0,0,0
SP3-08237,ok,debt,2880,7490,1152,0,0
SP3-08238,ok,debt,1531,3984,612,0,14399
SP3-08239,ok,debt,7047,18326,940,1878,0
SP3-08240,deficit,none,0,0,0,0,0
SP3-08241,ok,goals+,0,0,51982,0,1534983
SP3-08242,ok,reserve,41496,0,27663,0,0
SP3-08243,ok,debt,2502,6507,1000,0,761068
SP3-08244,deficit,none,0,0,0,0,0
SP3-08245,ok,debt,17688,45991,7075,0,0
SP3-08246,deficit,none,0,0,0,0,0
SP3-08247,ok,none,0,0,0,0,0
SP3-08248,deficit,none,0,0,0,0,0
SP3-08249,ok,debt,8760,22779,0,3504,0
SP3-08250,ok,debt,3233,8409,1293,0,0
SP3-08251,ok,debt,921,2395,0,368,0
SP3-08252,ok,debt,2525,6568,1010,0,19140
SP3-08253,ok,debt,7573,19690,3029,0,0
SP3-08254,ok,debt,10051,26133,4020,0,0
SP3-08255,ok,goals+,0,0,0,66896,8405793
SP3-08256,ok,reserve,21517,0,4340,10165,0
SP3-08257,ok,reserve,5502,0,3667,0,407935
SP3-08258,ok,goals+,0,0,1523,6202,113598
SP3-08259,ok,debt,248,646,99,0,53513
SP3-08260,ok,reserve,6810,0,0,4540,0
SP3-08261,ok,debt,34127,38393,12797,0,0
SP3-08262,ok,reserve,1312,0,874,0,0
SP3-08263,ok,goals+,0,0,19826,215044,192318
SP3-08264,ok,debt,1200,1351,450,0,31496
SP3-08265,deficit,none,0,0,0,0,1504531
SP3-08266,deficit,none,0,0,0,0,192289
SP3-08267,invalid,none,0,0,0,0,0
SP3-08268,deficit,none,0,0,0,0,0
SP3-08269,ok,debt,1291,3359,516,0,0
SP3-08270,deficit,none,0,0,0,0,10488
SP3-08271,ok,reserve,2562,0,1169,538,0
SP3-08272,deficit,none,0,0,0,0,906094
SP3-08273,invalid,none,0,0,0,0,0
SP3-08274,deficit,none,0,0,0,0,74847
SP3-08275,ok,goals+,0,0,30740,201810,7885816
SP3-08276,ok,reserve,4259,0,0,2839,0
SP3-08277,ok,debt,1585,4122,127,507,154293
SP3-08278,deficit,none,0,0,0,0,0
SP3-08279,ok,debt,18762,48784,3611,3893,304263
SP3-08280,deficit,none,0,0,0,0,0
SP3-08281,deficit,none,0,0,0,0,277773
SP3-08282,ok,debt,849,2209,339,0,40749
SP3-08283,ok,debt,4709,12246,1883,0,0
SP3-08284,ok,reserve,1233,0,821,0,0
SP3-08285,ok,goals+,0,0,15497,0,139600
SP3-08286,invalid,none,0,0,0,0,0
SP3-08287,ok,debt,3300,8583,1320,0,240113
SP3-08288,deficit,none,0,0,0,0,0
SP3-08289,ok,debt,7232,18805,2893,0,151547
SP3-08290,ok,goals+,0,0,0,111610,2000449
SP3-08291,deficit,none,0,0,0,0,1276396
SP3-08292,ok,goals+,0,0,0,18980,355584
SP3-08293,ok,reserve,202690,0,201615,0,0
SP3-08294,deficit,none,0,0,0,0,99578
SP3-08295,invalid,none,0,0,0,0,0
SP3-08296,ok,reserve,10782,0,7188,0,0
SP3-08297,ok,debt,15960,41498,6384,0,507481
SP3-08298,ok,debt,182,474,72,0,0
SP3-08299,deficit,none,0,0,0,0,0
SP3-08300,ok,goals+,0,0,1381,0,2371992
SP3-08301,deficit,none,0,0,0,0,120533
SP3-08302,deficit,none,0,0,0,0,0
SP3-08303,ok,goals+,0,0,0,30145,135835
SP3-08304,ok,reserve,5701,0,3800,0,0
SP3-08305,ok,debt,910,2369,364,0,0
SP3-08306,deficit,none,0,0,0,0,2123179
SP3-08307,ok,goals+,0,0,12091,3812,0
SP3-08308,deficit,none,0,0,0,0,6694954
SP3-08309,deficit,none,0,0,0,0,238780
SP3-08310,deficit,none,0,0,0,0,0
SP3-08311,deficit,none,0,0,0,0,621231
SP3-08312,deficit,none,0,0,0,0,281701
SP3-08313,ok,goals+,0,0,6216,7291,0
SP3-08314,ok,debt,10840,28187,4336,0,0
SP3-08315,deficit,none,0,0,0,0,0
SP3-08316,deficit,none,0,0,0,0,433695
SP3-08317,deficit,none,0,0,0,0,0
SP3-08318,ok,debt,1799,4678,719,0,0
SP3-08319,ok,debt,7232,18805,2893,0,155481
SP3-08320,ok,debt,1827,4752,730,0,0
SP3-08321,deficit,none,0,0,0,0,0
SP3-08322,deficit,none,0,0,0,0,2662045
SP3-08323,deficit,none,0,0,0,0,156515
SP3-08324,deficit,none,0,0,0,0,0
SP3-08325,ok,reserve,9616,0,0,6410,0
SP3-08326,ok,debt,6250,16253,2500,0,0
SP3-08327,deficit,none,0,0,0,0,0
SP3-08328,deficit,none,0,0,0,0,0
SP3-08329,ok,reserve,4014,0,2676,0,0
SP3-08330,ok,goals+,0,0,2874,722453,12383360
SP3-08331,deficit,none,0,0,0,0,0
SP3-08332,ok,reserve,4591,0,3060,0,55967
SP3-08333,deficit,none,0,0,0,0,637299
SP3-08334,ok,debt,184,481,73,0,42167
SP3-08335,ok,debt,3518,3959,1319,0,0
SP3-08336,deficit,none,0,0,0,0,0
SP3-08337,deficit,none,0,0,0,0,119728
SP3-08338,deficit,none,0,0,0,0,1563137
SP3-08339,ok,debt,895,2329,358,0,0
SP3-08340,ok,goals+,0,0,433162,0,0
SP3-08341,ok,goals+,0,0,56393,22214,887181
SP3-08342,deficit,none,0,0,0,0,0
SP3-08343,ok,goals+,0,0,31297,74870,3549491
SP3-08344,invalid,none,0,0,0,0,0
SP3-08345,ok,reserve,4592,0,0,3061,419077
SP3-08346,ok,reserve,14500,0,9666,0,0
SP3-08347,ok,reserve,69307,0,20006,26196,0
SP3-08348,ok,reserve,3461,0,2307,0,0
SP3-08349,ok,debt,1181,1330,442,0,0
SP3-08350,deficit,none,0,0,0,0,165488
SP3-08351,deficit,none,0,0,0,0,0
SP3-08352,ok,debt,8404,9456,3151,0,0
SP3-08353,ok,reserve,13375,0,8917,0,0
SP3-08354,ok,debt,2992,7782,1197,0,0
SP3-08355,ok,debt,314,820,125,0,0
SP3-08356,ok,debt,15164,39427,6065,0,876404
SP3-08357,ok,debt,2211,5752,884,0,0
SP3-08358,ok,debt,1513,3936,0,605,0
SP3-08359,ok,debt,2745,7139,1098,0,407600
SP3-08360,ok,debt,6099,15861,0,2439,0
SP3-08361,ok,debt,2742,3086,1028,0,0
SP3-08362,deficit,none,0,0,0,0,55863
SP3-08363,ok,reserve,40101,0,283,26450,221202
SP3-08364,ok,debt,0,4312,1848,0,30659
SP3-08365,ok,reserve,1764,0,1176,0,0
SP3-08366,ok,debt,7513,19537,3005,0,113932
SP3-08367,ok,reserve,6223,0,0,4148,0
SP3-08368,deficit,none,0,0,0,0,0
SP3-08369,ok,goals+,0,0,8423,130430,0
SP3-08370,ok,debt,1515,3942,606,0,0
SP3-08371,deficit,none,0,0,0,0,238832
SP3-08372,deficit,none,0,0,0,0,678350
SP3-08373,ok,goals+,0,0,69230,33745,2240715
SP3-08374,deficit,none,0,0,0,0,983723
SP3-08375,deficit,none,0,0,0,0,0
SP3-08376,deficit,none,0,0,0,0,643346
SP3-08377,ok,debt,1965,5111,786,0,0
SP3-08378,ok,reserve,7341,0,4893,0,169209
SP3-08379,deficit,none,0,0,0,0,0
SP3-08380,ok,debt,4936,12836,1974,0,0
SP3-08381,ok,debt,6378,16583,2551,0,0
SP3-08382,deficit,none,0,0,0,0,0
SP3-08383,deficit,none,0,0,0,0,180954
SP3-08384,ok,debt,13,37,5,0,68387
SP3-08385,ok,goals+,0,0,0,84529,92955
SP3-08386,ok,debt,9189,23895,3675,0,0
SP3-08387,ok,goals+,0,0,1266,42052,92249
SP3-08388,ok,debt,7583,19719,3033,0,0
SP3-08389,ok,debt,19573,22021,7340,0,0
SP3-08390,ok,debt,2898,3261,1086,0,0
SP3-08391,ok,reserve,18983,0,12655,0,0
SP3-08392,ok,debt,2568,6677,0,1027,0
SP3-08393,deficit,none,0,0,0,0,0
SP3-08394,deficit,none,0,0,0,0,1593706
SP3-08395,ok,reserve,23754,0,0,15835,0
SP3-08396,ok,reserve,7276,0,4851,0,0
SP3-08397,ok,debt,1141,2969,456,0,13185
SP3-08398,ok,reserve,29258,0,837,18666,0
SP3-08399,ok,debt,7909,20566,3163,0,394135
SP3-08400,ok,reserve,3522,0,2347,0,0
SP3-08401,invalid,none,0,0,0,0,0
SP3-08402,deficit,none,0,0,0,0,0
SP3-08403,deficit,none,0,0,0,0,4450711
SP3-08404,ok,reserve,6491,0,0,4326,0
SP3-08405,deficit,none,0,0,0,0,0
SP3-08406,deficit,none,0,0,0,0,1442389
SP3-08407,ok,debt,5260,13678,2104,0,1016691
SP3-08408,ok,reserve,8657,0,0,5771,0
SP3-08409,deficit,none,0,0,0,0,5480304
SP3-08410,invalid,none,0,0,0,0,0
SP3-08411,deficit,none,0,0,0,0,113981
SP3-08412,ok,reserve,3762,0,0,2508,0
SP3-08413,deficit,none,0,0,0,0,7281867
SP3-08414,ok,reserve,2683,0,1789,0,0
SP3-08415,ok,debt,621,1616,0,248,0
SP3-08416,ok,goals+,0,0,13773,60089,579540
SP3-08417,ok,goals+,3016,0,3281,28201,171323
SP3-08418,deficit,none,0,0,0,0,152214
SP3-08419,deficit,none,0,0,0,0,19094605
SP3-08420,ok,debt,1027,2672,0,411,0
SP3-08421,deficit,none,0,0,0,0,277707
SP3-08422,ok,reserve,27547,0,14688,3676,0
SP3-08423,deficit,none,0,0,0,0,0
SP3-08424,deficit,none,0,0,0,0,1472577
SP3-08425,deficit,none,0,0,0,0,0
SP3-08426,deficit,none,0,0,0,0,0
SP3-08427,ok,debt,152,398,61,0,0
SP3-08428,deficit,none,0,0,0,0,25131
SP3-08429,ok,debt,26851,69814,0,10740,1838830
SP3-08430,ok,reserve,6600,0,4399,0,0
SP3-08431,ok,goals+,0,0,121743,81422,1303191
SP3-08432,ok,goals+,0,0,93383,0,0
SP3-08433,ok,reserve,948,0,631,0,0
SP3-08434,ok,reserve,18256,0,7186,4983,0
SP3-08435,deficit,none,0,0,0,0,0
SP3-08436,deficit,none,0,0,0,0,10848
SP3-08437,ok,debt,2997,7795,1199,0,0
SP3-08438,ok,reserve,7827,0,5218,0,0
SP3-08439,ok,goals+,7886,0,27001,518516,0
SP3-08440,ok,debt,229,599,91,0,0
SP3-08441,invalid,none,0,0,0,0,0
SP3-08442,deficit,none,0,0,0,0,0
SP3-08443,ok,debt,8788,22850,3515,0,0
SP3-08444,deficit,none,0,0,0,0,0
SP3-08445,deficit,none,0,0,0,0,334014
SP3-08446,ok,reserve,20895,0,13930,0,0
SP3-08447,ok,debt,11127,28932,4451,0,0
SP3-08448,ok,reserve,15225,0,5672,4476,0
SP3-08449,deficit,none,0,0,0,0,5770788
SP3-08450,ok,reserve,3285,0,2190,0,53027
SP3-08451,deficit,none,0,0,0,0,144580
SP3-08452,deficit,none,0,0,0,0,108265
SP3-08453,ok,goals+,0,0,28049,0,408227
SP3-08454,deficit,none,0,0,0,0,0
SP3-08455,ok,debt,8824,22944,0,3529,0
SP3-08456,ok,reserve,4913,0,1364,1910,0
SP3-08457,deficit,none,0,0,0,0,0
SP3-08458,ok,goals+,0,0,7637,16198,96335
SP3-08459,deficit,none,0,0,0,0,0
SP3-08460,deficit,none,0,0,0,0,29739
SP3-08461,ok,debt,12772,33210,5109,0,278287
SP3-08462,ok,debt,5607,14581,2243,0,0
SP3-08463,ok,goals+,0,0,0,130829,2588595
SP3-08464,deficit,none,0,0,0,0,96564
SP3-08465,deficit,none,0,0,0,0,3385931
SP3-08466,deficit,none,0,0,0,0,0
SP3-08467,ok,goals+,0,0,37275,0,839763
SP3-08468,ok,debt,407,1060,163,0,0
SP3-08469,ok,reserve,3933,0,0,2622,0
SP3-08470,ok,reserve,20895,0,13930,0,0
SP3-08471,ok,debt,231,602,92,0,0
SP3-08472,ok,reserve,3673,0,1012,1436,0
SP3-08473,ok,debt,350,911,0,140,294317
SP3-08474,invalid,none,0,0,0,0,0
SP3-08475,ok,debt,8162,9183,0,3061,0
SP3-08476,ok,debt,3230,8400,1292,0,0
SP3-08477,ok,debt,0,6218,2664,0,58133
SP3-08478,ok,reserve,16879,0,11253,0,0
SP3-08479,ok,debt,14437,37538,5774,0,0
SP3-08480,deficit,none,0,0,0,0,0
SP3-08481,ok,debt,12687,29565,5014,3485,229970
SP3-08482,ok,debt,3717,4182,1393,0,0
SP3-08483,deficit,none,0,0,0,0,0
SP3-08484,deficit,none,0,0,0,0,0
SP3-08485,invalid,none,0,0,0,0,0
SP3-08486,ok,none,0,0,0,0,100669
SP3-08487,ok,debt,6667,17337,2667,0,0
SP3-08488,ok,debt,1552,4037,621,0,0
SP3-08489,ok,goals+,0,0,1000,25924,0
SP3-08490,deficit,none,0,0,0,0,257023
SP3-08491,ok,goals+,0,0,11499,7699,154359
SP3-08492,ok,debt,3199,8321,1279,0,0
SP3-08493,ok,goals+,0,0,18372,0,0
SP3-08494,ok,goals+,0,0,925,4295,62836
SP3-08495,ok,debt,0,1447,619,0,569479
SP3-08496,ok,debt,3717,4182,1393,0,0
SP3-08497,ok,debt,662,1723,264,0,0
SP3-08498,ok,reserve,29484,0,3922,15733,0
SP3-08499,ok,debt,3297,8575,1319,0,16610
SP3-08500,ok,goals+,0,0,207650,58018,1629993
SP3-08501,deficit,none,0,0,0,0,0
SP3-08502,ok,debt,36647804,95284292,14659121,0,851232510
SP3-08503,ok,reserve,10026,0,6684,0,0
SP3-08504,ok,debt,91004,236614,0,36401,0
SP3-08505,deficit,none,0,0,0,0,0
SP3-08506,deficit,none,0,0,0,0,0
SP3-08507,ok,debt,58118,65383,0,21794,0
SP3-08508,deficit,none,0,0,0,0,0
SP3-08509,ok,reserve,50307,0,25770,7766,0
SP3-08510,ok,debt,1929,2172,723,0,0
SP3-08511,ok,debt,6393,16625,2557,0,0
SP3-08512,ok,debt,2111,5489,844,0,0
SP3-08513,ok,goals+,0,0,0,76645,291281
SP3-08514,deficit,none,0,0,0,0,0
SP3-08515,ok,goals+,0,0,0,58221,4960248
SP3-08516,deficit,none,0,0,0,0,0
SP3-08517,ok,debt,2465,6411,986,0,0
SP3-08518,deficit,none,0,0,0,0,1437090
SP3-08519,deficit,none,0,0,0,0,0
SP3-08520,deficit,none,0,0,0,0,0
SP3-08521,ok,reserve,28182,0,18787,0,0
SP3-08522,deficit,none,0,0,0,0,546511
SP3-08523,ok,debt,5456,14188,2182,0,0
SP3-08524,ok,debt,5771,15005,2308,0,0
SP3-08525,deficit,none,0,0,0,0,0
SP3-08526,deficit,none,0,0,0,0,2559145
SP3-08527,ok,reserve,8954,0,5969,0,0
SP3-08528,ok,debt,18085,47022,7234,0,2843120
SP3-08529,ok,debt,1837,4778,735,0,0
SP3-08530,ok,debt,1933,5029,773,0,0
SP3-08531,deficit,none,0,0,0,0,42793
SP3-08532,ok,goals+,0,0,2655,56674,2087536
SP3-08533,deficit,none,0,0,0,0,0
SP3-08534,deficit,none,0,0,0,0,614648
SP3-08535,ok,goals+,0,0,7639778,12600239,136749106
SP3-08536,ok,reserve,3594,0,0,2396,0
SP3-08537,deficit,none,0,0,0,0,1040539
SP3-08538,ok,goals+,0,0,0,57836,0
SP3-08539,ok,debt,827,2152,331,0,0
SP3-08540,deficit,none,0,0,0,0,0
SP3-08541,ok,reserve,31889,0,21259,0,0
SP3-08542,ok,debt,1543,4012,617,0,0
SP3-08543,ok,debt,2502,6507,1001,0,155488
SP3-08544,deficit,none,0,0,0,0,98056
SP3-08545,deficit,none,0,0,0,0,0
SP3-08546,ok,goals+,0,0,457,3959,111022
SP3-08547,ok,reserve,40926,0,27284,0,0
SP3-08548,deficit,none,0,0,0,0,305722
SP3-08549,deficit,none,0,0,0,0,5765290
SP3-08550,ok,reserve,8340,0,1154,4404,0
SP3-08551,invalid,none,0,0,0,0,0
SP3-08552,deficit,none,0,0,0,0,0
SP3-08553,ok,debt,2966,7713,1186,0,0
SP3-08554,ok,goals+,0,0,250947,68620,1117357
SP3-08555,ok,goals+,0,0,5988,146039,0
SP3-08556,deficit,none,0,0,0,0,93753
SP3-08557,ok,debt,4982,12955,0,1992,0
SP3-08558,ok,debt,1615,4200,646,0,143660
SP3-08559,deficit,none,0,0,0,0,0
SP3-08560,ok,debt,1350,3510,540,0,42634
SP3-08561,deficit,none,0,0,0,0,0
SP3-08562,ok,reserve,14435,0,5924,3698,0
SP3-08563,ok,reserve,39507,0,7600,18736,0
SP3-08564,deficit,none,0,0,0,0,0
SP3-08565,ok,reserve,53775,0,35849,0,0
SP3-08566,ok,goals+,0,0,953,6856,0
SP3-08567,deficit,none,0,0,0,0,0
SP3-08568,ok,reserve,9623,0,6414,0,0
SP3-08569,ok,goals+,0,0,1255,0,192871
SP3-08570,deficit,none,0,0,0,0,832262
SP3-08571,deficit,none,0,0,0,0,177526
SP3-08572,ok,debt,1682,4376,673,0,0
SP3-08573,ok,debt,1573,4090,629,0,26002
SP3-08574,deficit,none,0,0,0,0,0
SP3-08575,ok,none,0,0,0,0,0
SP3-08576,ok,goals+,0,0,24776,7036,1344554
SP3-08577,deficit,none,0,0,0,0,4163546
SP3-08578,deficit,none,0,0,0,0,315058
SP3-08579,deficit,none,0,0,0,0,15150131
SP3-08580,deficit,none,0,0,0,0,0
SP3-08581,deficit,none,0,0,0,0,425681
SP3-08582,deficit,none,0,0,0,0,425681
SP3-08583,deficit,none,0,0,0,0,0
SP3-08584,ok,debt,3487,3923,1307,0,0
SP3-08585,ok,reserve,9192,0,0,6128,0
SP3-08586,deficit,none,0,0,0,0,0
SP3-08587,ok,debt,6416,16685,0,2566,0
SP3-08588,ok,reserve,48282,0,32187,0,0
SP3-08589,deficit,none,0,0,0,0,0
SP3-08590,deficit,none,0,0,0,0,5692593
SP3-08591,ok,debt,663,1724,265,0,0
SP3-08592,ok,reserve,13554,0,9035,0,0
SP3-08593,deficit,none,0,0,0,0,13678521
SP3-08594,deficit,none,0,0,0,0,891538
SP3-08595,ok,debt,15449,40169,6179,0,465881
SP3-08596,ok,debt,12540,32606,5016,0,0
SP3-08597,invalid,none,0,0,0,0,0
SP3-08598,ok,debt,7310,19007,2924,0,164935
SP3-08599,ok,goals+,0,0,0,9467,1251072
SP3-08600,ok,goals+,0,0,0,11160,866711
SP3-08601,deficit,none,0,0,0,0,421284
SP3-08602,deficit,none,0,0,0,0,0
SP3-08603,deficit,none,0,0,0,0,4331608
SP3-08604,ok,debt,3394,8826,1357,0,0
SP3-08605,ok,reserve,6461,0,0,4307,0
SP3-08606,deficit,none,0,0,0,0,0
SP3-08607,deficit,none,0,0,0,0,3397146
SP3-08608,deficit,none,0,0,0,0,0
SP3-08609,deficit,none,0,0,0,0,361477
SP3-08610,ok,debt,5463,14207,2185,0,0
SP3-08611,deficit,none,0,0,0,0,58890
SP3-08612,ok,goals+,0,0,207270,0,11662201
SP3-08613,ok,goals+,0,0,2047,97935,372735
SP3-08614,ok,goals+,0,0,6786,0,74148
SP3-08615,ok,goals+,0,0,7869,29310,0
SP3-08616,deficit,none,0,0,0,0,934598
SP3-08617,deficit,none,0,0,0,0,58890
SP3-08618,ok,debt,1742,4532,697,0,162341
SP3-08619,ok,reserve,48881,0,32586,0,0
SP3-08620,deficit,none,0,0,0,0,0
SP3-08621,deficit,none,0,0,0,0,0
SP3-08622,deficit,none,0,0,0,0,0
SP3-08623,ok,debt,9562,24864,3825,0,0
SP3-08624,ok,debt,2192,2466,822,0,0
SP3-08625,ok,debt,6744,17537,2697,0,0
SP3-08626,deficit,none,0,0,0,0,0
SP3-08627,deficit,none,0,0,0,0,0
SP3-08628,ok,debt,1496,3890,598,0,0
SP3-08629,ok,goals+,0,0,1881,4093,24368
SP3-08630,deficit,none,0,0,0,0,0
SP3-08631,ok,debt,866,2254,346,0,12359
SP3-08632,ok,reserve,6736,0,2971,1518,26930
SP3-08633,ok,debt,2192,2466,822,0,0
SP3-08634,ok,goals+,0,0,5605,9259,135903
SP3-08635,deficit,none,0,0,0,0,0
SP3-08636,invalid,none,0,0,0,0,0
SP3-08637,ok,goals+,0,0,0,115527,9207146
SP3-08638,ok,goals+,0,0,56,0,39180
SP3-08639,ok,reserve,43485,0,1739,27250,0
SP3-08640,ok,debt,914,2377,365,0,0
SP3-08641,ok,goals+,0,0,6365,35364,261009
SP3-08642,invalid,none,0,0,0,0,0
SP3-08643,deficit,none,0,0,0,0,0
SP3-08644,ok,debt,344,898,137,0,0
SP3-08645,ok,reserve,76228,0,10747,40070,0
SP3-08646,deficit,none,0,0,0,0,0
SP3-08647,deficit,none,0,0,0,0,9019579
SP3-08648,deficit,none,0,0,0,0,83090
SP3-08649,ok,debt,39899,103739,0,15959,0
SP3-08650,ok,reserve,11511,0,3796,3878,0
SP3-08651,deficit,none,0,0,0,0,205677
SP3-08652,deficit,none,0,0,0,0,0
SP3-08653,ok,debt,978,1101,367,0,0
SP3-08654,invalid,none,0,0,0,0,0
SP3-08655,ok,reserve,14131,0,2948,6471,0
SP3-08656,ok,debt,670,1745,268,0,0
SP3-08657,deficit,none,0,0,0,0,2563718
SP3-08658,invalid,none,0,0,0,0,0
SP3-08659,deficit,none,0,0,0,0,0
SP3-08660,ok,debt,1257,3269,502,0,0
SP3-08661,deficit,none,0,0,0,0,0
SP3-08662,ok,goals+,0,0,269272,0,11073455
SP3-08663,ok,debt,9186,23887,3674,0,0
SP3-08664,deficit,none,0,0,0,0,460151
SP3-08665,ok,goals+,0,0,3399,0,810279
SP3-08666,deficit,none,0,0,0,0,0
SP3-08667,ok,goals+,0,0,0,182807,5614028
SP3-08668,deficit,none,0,0,0,0,0
SP3-08669,deficit,none,0,0,0,0,0
SP3-08670,ok,goals+,0,0,2069,6529,117729
SP3-08671,deficit,none,0,0,0,0,147713
SP3-08672,deficit,none,0,0,0,0,5487194
SP3-08673,ok,goals+,0,0,1682,5262,66524
SP3-08674,ok,none,0,0,0,0,0
SP3-08675,deficit,none,0,0,0,0,0
SP3-08676,ok,goals+,0,0,6170,43106,286882
SP3-08677,ok,debt,1434,3729,573,0,135265
SP3-08678,ok,goals+,0,0,4932,18944,1197722
SP3-08679,ok,goals+,0,0,119517,0,1011053
SP3-08680,ok,debt,1381,3592,552,0,715297
SP3-08681,deficit,none,0,0,0,0,1549162
SP3-08682,ok,debt,648,1688,259,0,0
SP3-08683,ok,debt,478,1246,191,0,0
SP3-08684,ok,none,0,0,0,0,0
SP3-08685,deficit,none,0,0,0,0,0
SP3-08686,deficit,none,0,0,0,0,0
SP3-08687,invalid,none,0,0,0,0,0
SP3-08688,deficit,none,0,0,0,0,0
SP3-08689,ok,debt,19700,51222,7880,0,0
SP3-08690,ok,reserve,61784,0,19909,21278,0
SP3-08691,deficit,none,0,0,0,0,9692538
SP3-08692,ok,reserve,16060,0,1042,9664,0
SP3-08693,ok,reserve,8195,0,5462,0,0
SP3-08694,deficit,none,0,0,0,0,1302138
SP3-08695,ok,debt,129,339,51,0,0
SP3-08696,ok,debt,1232,3206,493,0,0
SP3-08697,deficit,none,0,0,0,0,207779
SP3-08698,ok,reserve,15540,0,6601,3758,0
SP3-08699,deficit,none,0,0,0,0,12612769
SP3-08700,ok,reserve,6017,0,0,4010,0
SP3-08701,deficit,none,0,0,0,0,0
SP3-08702,ok,debt,6066,15775,2426,0,78347
SP3-08703,ok,debt,1066,2772,426,0,227474
SP3-08704,deficit,none,0,0,0,0,15131739
SP3-08705,deficit,none,0,0,0,0,228123
SP3-08706,ok,debt,1026,2670,410,0,65756
SP3-08707,deficit,none,0,0,0,0,446861
SP3-08708,ok,debt,6972,18130,2789,0,29565
SP3-08709,ok,goals+,0,0,355,3658,789848
SP3-08710,deficit,none,0,0,0,0,0
SP3-08711,ok,debt,1298,3375,519,0,0
SP3-08712,ok,debt,2248,5845,899,0,0
SP3-08713,ok,goals+,0,0,21521,12540,1491445
SP3-08714,ok,reserve,53133,0,17832,17588,0
SP3-08715,ok,goals+,0,0,2949,72592,1865719
SP3-08716,deficit,none,0,0,0,0,0
SP3-08717,ok,debt,6355,16523,1000,1542,0
SP3-08718,deficit,none,0,0,0,0,259272
SP3-08719,ok,goals+,0,0,749,10667,14894
SP3-08720,ok,goals+,0,0,6018,0,0
SP3-08721,deficit,none,0,0,0,0,0
SP3-08722,ok,debt,65,169,26,0,0
SP3-08723,ok,debt,2721,7077,0,1088,0
SP3-08724,deficit,none,0,0,0,0,0
SP3-08725,ok,debt,1580,1778,592,0,0
SP3-08726,ok,goals+,0,0,0,530463499,3106079353
SP3-08727,deficit,none,0,0,0,0,288265
SP3-08728,deficit,none,0,0,0,0,0
SP3-08729,deficit,none,0,0,0,0,3449200
SP3-08730,ok,goals+,0,0,2169,11228,0
SP3-08731,deficit,none,0,0,0,0,475519
SP3-08732,ok,goals+,0,0,16572,0,0
SP3-08733,ok,debt,7445,19359,2978,0,0
SP3-08734,deficit,none,0,0,0,0,961215
SP3-08735,ok,debt,4122,10718,1648,0,19818
SP3-08736,deficit,none,0,0,0,0,0
SP3-08737,deficit,none,0,0,0,0,10823
SP3-08738,deficit,none,0,0,0,0,0
SP3-08739,deficit,none,0,0,0,0,0
SP3-08740,deficit,none,0,0,0,0,3917178
SP3-08741,ok,reserve,2020,0,0,1347,0
SP3-08742,ok,debt,6971,18127,2788,0,0
SP3-08743,ok,debt,18023,46861,7209,0,145830
SP3-08744,deficit,none,0,0,0,0,104663
SP3-08745,ok,debt,0,16450,7050,0,170018
SP3-08746,deficit,none,0,0,0,0,22307338
SP3-08747,ok,debt,904,2351,361,0,0
SP3-08748,deficit,none,0,0,0,0,0
SP3-08749,ok,goals+,0,0,18909,29717,405612
SP3-08750,ok,debt,0,112515,0,48220,164132
SP3-08751,ok,goals+,0,0,20517,30401,4447734
SP3-08752,deficit,none,0,0,0,0,25305
SP3-08753,deficit,none,0,0,0,0,0
SP3-08754,deficit,none,0,0,0,0,0
SP3-08755,deficit,none,0,0,0,0,0
SP3-08756,ok,goals+,0,0,3606,37726,1192384
SP3-08757,ok,debt,6419,16692,0,2567,60468
SP3-08758,invalid,none,0,0,0,0,0
SP3-08759,deficit,none,0,0,0,0,381651
SP3-08760,deficit,none,0,0,0,0,14721
SP3-08761,deficit,none,0,0,0,0,533745
SP3-08762,ok,reserve,18428,0,11539,745,0
SP3-08763,ok,goals+,0,0,6820,13143,9101746
SP3-08764,ok,debt,5700,14822,2280,0,0
SP3-08765,ok,debt,302,786,120,0,0
SP3-08766,ok,goals+,0,0,34437,65060,124970
SP3-08767,ok,debt,6079,15808,2431,0,261144
SP3-08768,deficit,none,0,0,0,0,1408043
SP3-08769,ok,goals+,0,0,0,5893,1861637
SP3-08770,ok,reserve,79480,0,0,52987,0
SP3-08771,ok,debt,2113,5494,0,845,0
SP3-08772,ok,debt,1292,3360,516,0,0
SP3-08773,ok,goals+,0,0,709550,219164,2581230
SP3-08774,deficit,none,0,0,0,0,2302738
SP3-08775,deficit,none,0,0,0,0,1672514
SP3-08776,ok,debt,2599,6758,1039,0,166306
SP3-08777,deficit,none,0,0,0,0,0
SP3-08778,ok,goals+,0,0,5116,17299,0
SP3-08779,ok,debt,1484,3859,593,0,0
SP3-08780,ok,debt,3955,10285,1582,0,93192
SP3-08781,ok,goals+,0,0,23151,87331,0
SP3-08782,ok,reserve,17269,0,11513,0,0
SP3-08783,ok,debt,7447,19364,0,2978,34870
SP3-08784,ok,debt,1859,4835,743,0,0
SP3-08785,deficit,none,0,0,0,0,0
SP3-08786,deficit,none,0,0,0,0,9215976
SP3-08787,ok,reserve,42166,0,11528,16581,0
SP3-08788,deficit,none,0,0,0,0,0
SP3-08789,deficit,none,0,0,0,0,25112
SP3-08790,ok,debt,5296,13771,2118,0,192659
SP3-08791,deficit,none,0,0,0,0,0
SP3-08792,ok,debt,2491,6478,712,283,74347
SP3-08793,ok,reserve,8919,0,5945,0,0
SP3-08794,deficit,none,0,0,0,0,0
SP3-08795,deficit,none,0,0,0,0,659193
SP3-08796,invalid,none,0,0,0,0,0
SP3-08797,ok,reserve,11877,0,7917,0,0
SP3-08798,ok,debt,2041,5308,816,0,0
SP3-08799,ok,goals+,0,0,249100,147683,4981920
SP3-08800,ok,goals+,0,0,0,14960,252263
SP3-08801,deficit,none,0,0,0,0,14721
SP3-08802,ok,reserve,31197,0,20798,0,0
SP3-08803,deficit,none,0,0,0,0,0
SP3-08804,ok,debt,4016,4520,1506,0,0
SP3-08805,deficit,none,0,0,0,0,174567
SP3-08806,deficit,none,0,0,0,0,0
SP3-08807,deficit,none,0,0,0,0,2644474
SP3-08808,ok,debt,1109,2887,443,0,127420
SP3-08809,deficit,none,0,0,0,0,3273938
SP3-08810,ok,debt,1545,1740,0,579,0
SP3-08811,deficit,none,0,0,0,0,0
SP3-08812,deficit,none,0,0,0,0,33031
SP3-08813,ok,goals+,0,0,721,4104,559537
SP3-08814,ok,goals+,0,0,25069,0,239856
SP3-08815,ok,reserve,29164,0,4477,14964,0
SP3-08816,ok,debt,1581,1780,593,0,0
SP3-08817,deficit,none,0,0,0,0,1708078
SP3-08818,deficit,none,0,0,0,0,7830386
SP3-08819,deficit,none,0,0,0,0,0
SP3-08820,ok,debt,589,1533,235,0,0
SP3-08821,deficit,none,0,0,0,0,8338920
SP3-08822,ok,debt,848,2207,339,0,0
SP3-08823,ok,debt,4227,10992,1691,0,0
SP3-08824,deficit,none,0,0,0,0,0
SP3-08825,ok,debt,953,2479,381,0,0
SP3-08826,deficit,none,0,0,0,0,0
SP3-08827,ok,debt,2203,5729,881,0,32632
SP3-08828,ok,reserve,2279,0,1519,0,0
SP3-08829,deficit,none,0,0,0,0,3632046
SP3-08830,ok,debt,807,2100,322,0,123359
SP3-08831,ok,goals+,0,0,7996,0,0
SP3-08832,ok,debt,6246,16243,2498,0,0
SP3-08833,deficit,none,0,0,0,0,100740
SP3-08834,ok,reserve,28711,0,0,19141,0
SP3-08835,deficit,none,0,0,0,0,622685
SP3-08836,ok,debt,3561,9259,1424,0,0
SP3-08837,ok,reserve,29164,0,3831,15610,0
SP3-08838,invalid,none,0,0,0,0,0
SP3-08839,ok,reserve,12342,0,8228,0,0
SP3-08840,ok,goals+,0,0,9120,0,59645
SP3-08841,deficit,none,0,0,0,0,846666
SP3-08842,ok,debt,4397,11433,1758,0,322756
SP3-08843,ok,goals+,0,0,38076,190430,3203343
SP3-08844,ok,debt,0,5665,0,2427,608954
SP3-08845,ok,goals+,0,0,14666,0,3704383
SP3-08846,deficit,none,0,0,0,0,0
SP3-08847,ok,reserve,1419,0,945,0,13360
SP3-08848,ok,goals+,0,0,6137,15877,170086
SP3-08849,deficit,none,0,0,0,0,1040599
SP3-08850,ok,debt,66716,173463,11728,14958,337855
SP3-08851,deficit,none,0,0,0,0,317716
SP3-08852,ok,debt,17050,44332,6820,0,0
SP3-08853,ok,reserve,17146,0,11430,0,0
SP3-08854,deficit,none,0,0,0,0,0
SP3-08855,ok,goals+,0,0,6664,173987,1408656
SP3-08856,ok,debt,0,132358094,0,56724897,354749035
SP3-08857,ok,debt,11985,31164,3405,1389,0
SP3-08858,deficit,none,0,0,0,0,624271
SP3-08859,ok,goals+,0,0,8314,14412,0
SP3-08860,ok,reserve,3780,0,2520,0,0
SP3-08861,ok,reserve,2064,0,1376,0,0
SP3-08862,ok,debt,0,310,132,0,17971
SP3-08863,deficit,none,0,0,0,0,70361
SP3-08864,deficit,none,0,0,0,0,7885069
SP3-08865,ok,debt,7382,19197,2056,896,0
SP3-08866,deficit,none,0,0,0,0,27114512
SP3-08867,ok,debt,1486,3867,594,0,27719
SP3-08868,ok,debt,949,2471,379,0,0
SP3-08869,invalid,none,0,0,0,0,0
SP3-08870,deficit,none,0,0,0,0,42126
SP3-08871,deficit,none,0,0,0,0,19087
SP3-08872,ok,debt,998,2595,0,399,0
SP3-08873,ok,goals+,0,0,104870,405404,296511
SP3-08874,deficit,none,0,0,0,0,3091830
SP3-08875,ok,goals+,0,0,5323,114482,0
SP3-08876,deficit,none,0,0,0,0,0
SP3-08877,ok,debt,188,212,70,0,0
SP3-08878,ok,goals+,0,0,63595,0,1690498
SP3-08879,deficit,none,0,0,0,0,196836
SP3-08880,ok,reserve,23763,0,15842,0,0
SP3-08881,ok,reserve,2956,0,1970,0,0
SP3-08882,ok,none,0,0,0,0,0
SP3-08883,ok,reserve,28163,0,0,18775,0
SP3-08884,ok,reserve,30387,0,20257,0,0
SP3-08885,ok,reserve,3280,0,0,2186,0
SP3-08886,ok,debt,2138,5559,855,0,25060
SP3-08887,ok,reserve,15210,0,10140,0,0
SP3-08888,deficit,none,0,0,0,0,0
SP3-08889,ok,reserve,99778,0,66518,0,0
SP3-08890,deficit,none,0,0,0,0,7058305
SP3-08891,ok,debt,5109,5749,1916,0,0
SP3-08892,ok,debt,8061,9070,3023,0,0
SP3-08893,deficit,none,0,0,0,0,59815
SP3-08894,ok,reserve,24473,0,12245,4069,0
SP3-08895,deficit,none,0,0,0,0,0
SP3-08896,ok,debt,222,580,0,89,0
SP3-08897,ok,debt,697,1813,278,0,0
SP3-08898,ok,debt,569,1480,227,0,0
SP3-08899,deficit,none,0,0,0,0,0
SP3-08900,ok,reserve,28830,0,0,19220,0
SP3-08901,ok,reserve,56327,0,37551,0,0
SP3-08902,deficit,none,0,0,0,0,353350
SP3-08903,ok,reserve,8379,0,5586,0,0
SP3-08904,ok,reserve,15178,0,0,10118,0
SP3-08905,deficit,none,0,0,0,0,903757
SP3-08906,ok,reserve,1578,0,1051,0,0
SP3-08907,deficit,none,0,0,0,0,379325
SP3-08908,ok,goals+,0,0,32850,9484,92755
SP3-08909,deficit,none,0,0,0,0,0
SP3-08910,deficit,none,0,0,0,0,0
SP3-08911,ok,debt,154,402,61,0,107863
SP3-08912,ok,debt,2734,7109,0,1093,0
SP3-08913,ok,reserve,7467,0,3569,1408,0
SP3-08914,deficit,none,0,0,0,0,0
SP3-08915,ok,debt,6967,18117,2787,0,0
SP3-08916,ok,debt,2962,7703,0,1184,0
SP3-08917,ok,goals+,0,0,6,8903,0
SP3-08918,ok,debt,5872,15269,2348,0,962828
SP3-08919,deficit,none,0,0,0,0,0
SP3-08920,ok,goals+,0,0,1790,5457,0
SP3-08921,ok,goals+,0,0,2631,22814,662503
SP3-08922,ok,reserve,10769,0,7179,0,0
SP3-08923,deficit,none,0,0,0,0,11908066
SP3-08924,deficit,none,0,0,0,0,0
SP3-08925,ok,goals+,0,0,3110,0,0
SP3-08926,deficit,none,0,0,0,0,2682000
SP3-08927,ok,debt,2446,2754,917,0,0
SP3-08928,deficit,none,0,0,0,0,2031397
SP3-08929,ok,reserve,24127,0,942,15142,0
SP3-08930,ok,reserve,56393,0,37595,0,0
SP3-08931,ok,goals+,0,0,178850,37290,1061346
SP3-08932,deficit,none,0,0,0,0,0
SP3-08933,ok,debt,3774,9814,1509,0,0
SP3-08934,ok,reserve,35828,0,0,23885,0
SP3-08935,deficit,none,0,0,0,0,0
SP3-08936,deficit,none,0,0,0,0,0
SP3-08937,deficit,none,0,0,0,0,0
SP3-08938,deficit,none,0,0,0,0,83518
SP3-08939,deficit,none,0,0,0,0,0
SP3-08940,deficit,none,0,0,0,0,174112
SP3-08941,deficit,none,0,0,0,0,0
SP3-08942,ok,debt,2153,5598,861,0,0
SP3-08943,deficit,none,0,0,0,0,4000494
SP3-08944,deficit,none,0,0,0,0,0
SP3-08945,ok,goals+,3395,0,25216,0,0
SP3-08946,deficit,none,0,0,0,0,655738
SP3-08947,ok,reserve,3368,0,1697,547,44728
SP3-08948,deficit,none,0,0,0,0,0
SP3-08949,deficit,none,0,0,0,0,0
SP3-08950,deficit,none,0,0,0,0,0
SP3-08951,deficit,none,0,0,0,0,0
SP3-08952,ok,reserve,17930,0,4573,9430,98897
SP3-08953,deficit,none,0,0,0,0,6397405
SP3-08954,deficit,none,0,0,0,0,569767
SP3-08955,deficit,none,0,0,0,0,0
SP3-08956,deficit,none,0,0,0,0,6771739
SP3-08957,ok,debt,6713,7554,0,2517,0
SP3-08958,ok,debt,13411,34870,0,5364,31287
SP3-08959,deficit,none,0,0,0,0,0
SP3-08960,deficit,none,0,0,0,0,172393
SP3-08961,ok,debt,20272,52709,8108,0,0
SP3-08962,ok,debt,179,202,67,0,28175
SP3-08963,invalid,none,0,0,0,0,0
SP3-08964,ok,reserve,9038,0,0,6024,0
SP3-08965,ok,reserve,27612,0,18407,0,0
SP3-08966,ok,debt,1057,2750,423,0,0
SP3-08967,ok,debt,694,1805,277,0,0
SP3-08968,ok,debt,101,263,40,0,0
SP3-08969,deficit,none,0,0,0,0,338197
SP3-08970,ok,debt,0,13498,5785,0,281286
SP3-08971,deficit,none,0,0,0,0,11274218
SP3-08972,ok,reserve,14335,0,6656,2899,0
SP3-08973,ok,goals+,0,0,29161,41999,0
SP3-08974,ok,goals+,0,0,5381,0,0
SP3-08975,ok,debt,807,2101,323,0,17907
SP3-08976,ok,debt,10363,11658,3886,0,0
SP3-08977,deficit,none,0,0,0,0,1819518
SP3-08978,ok,goals+,0,0,0,1004,0
SP3-08979,deficit,none,0,0,0,0,52004
SP3-08980,ok,debt,1357,3529,542,0,67448
SP3-08981,ok,debt,16968,44117,6787,0,0
SP3-08982,deficit,none,0,0,0,0,0
SP3-08983,deficit,none,0,0,0,0,0
SP3-08984,ok,reserve,227,0,150,0,0
SP3-08985,ok,debt,2973,7733,1189,0,0
SP3-08986,ok,debt,7639,19863,3055,0,0
SP3-08987,ok,debt,1257,3270,503,0,28520
SP3-08988,ok,goals+,388,0,7447,8592,90232
SP3-08989,deficit,none,0,0,0,0,0
SP3-08990,ok,debt,21060,54759,4133,4291,0
SP3-08991,ok,debt,4842,5449,1815,0,0
SP3-08992,ok,goals+,0,0,7748,0,0
SP3-08993,deficit,none,0,0,0,0,0
SP3-08994,ok,reserve,33678,0,16978,5473,447286
SP3-08995,ok,goals+,0,0,1569,42281,0
SP3-08996,invalid,none,0,0,0,0,0
SP3-08997,deficit,none,0,0,0,0,371495
SP3-08998,ok,debt,1910,4966,0,764,12271
SP3-08999,ok,reserve,12991,0,8661,0,0
SP3-09000,ok,debt,1222,3179,488,0,0
SP3-09001,ok,reserve,75558,0,0,50372,0
SP3-09002,ok,reserve,7090,0,4727,0,159243
SP3-09003,ok,debt,896,2333,358,0,0
SP3-09004,ok,debt,50526,131369,20210,0,25664218
SP3-09005,ok,goals+,0,0,26507,25817,371267
SP3-09006,ok,goals+,0,0,2439,8445,180391
SP3-09007,ok,debt,761,1981,304,0,0
SP3-09008,ok,debt,631,1643,252,0,103920
SP3-09009,ok,debt,0,28513,7034,5185,1185701
SP3-09010,ok,debt,1039,2702,415,0,0
SP3-09011,deficit,none,0,0,0,0,0
SP3-09012,ok,reserve,7908,0,0,5272,0
SP3-09013,ok,debt,9663,25126,3865,0,201863
SP3-09014,ok,reserve,9388,0,6258,0,0
SP3-09015,deficit,none,0,0,0,0,1230181
SP3-09016,deficit,none,0,0,0,0,1132593
SP3-09017,ok,debt,5735,14911,2294,0,0
SP3-09018,ok,debt,8116,21103,3246,0,198972
SP3-09019,deficit,none,0,0,0,0,0
SP3-09020,ok,debt,2166,5634,866,0,44203
SP3-09021,deficit,none,0,0,0,0,0
SP3-09022,ok,debt,0,385,164,0,116345
SP3-09023,ok,debt,2166,5634,866,0,44203
SP3-09024,deficit,none,0,0,0,0,0
SP3-09025,ok,debt,489,1274,195,0,0
SP3-09026,ok,goals+,0,0,7474,0,435715
SP3-09027,ok,debt,1828,4755,731,0,132450
SP3-09028,ok,goals+,0,0,6867,0,2789139
SP3-09029,ok,reserve,68712,0,45808,0,0
SP3-09030,ok,reserve,1589,0,0,1059,0
SP3-09031,deficit,none,0,0,0,0,60863
SP3-09032,ok,debt,998,2597,399,0,44080
SP3-09033,deficit,none,0,0,0,0,0
SP3-09034,deficit,none,0,0,0,0,1496523
SP3-09035,ok,debt,1800,4682,648,71,46575
SP3-09036,ok,debt,2689,6993,0,1075,0
SP3-09037,ok,debt,14962,38902,5984,0,0
SP3-09038,deficit,none,0,0,0,0,25063
SP3-09039,ok,debt,2459,6394,983,0,0
SP3-09040,ok,debt,19299,42927,14970,0,0
SP3-09041,ok,reserve,21505,0,3335,11001,0
SP3-09042,ok,reserve,9016,0,6010,0,0
SP3-09043,deficit,none,0,0,0,0,397344
SP3-09044,deficit,none,0,0,0,0,0
SP3-09045,ok,goals+,13850,0,39947,9781,0
SP3-09046,ok,debt,2253,5860,901,0,12586
SP3-09047,ok,reserve,26750,0,3018,14814,0
SP3-09048,ok,debt,12791,33259,5116,0,0
SP3-09049,deficit,none,0,0,0,0,533155
SP3-09050,ok,goals+,0,0,1000,21709,0
SP3-09051,ok,debt,7837,20377,3134,0,5879329
SP3-09052,ok,debt,821,2137,0,328,0
SP3-09053,ok,goals+,0,0,200,0,252553
SP3-09054,ok,debt,857,966,321,0,0
SP3-09055,deficit,none,0,0,0,0,0
SP3-09056,ok,reserve,14479,0,0,9652,0
SP3-09057,deficit,none,0,0,0,0,1097788
SP3-09058,ok,goals+,0,0,2033,22898,0
SP3-09059,invalid,none,0,0,0,0,0
SP3-09060,ok,debt,0,261278,111976,0,9636070
SP3-09061,ok,debt,5874,15273,2349,0,0
SP3-09062,ok,debt,4247,11043,0,1698,323201
SP3-09063,deficit,none,0,0,0,0,0
SP3-09064,ok,reserve,2038,0,1359,0,0
SP3-09065,deficit,none,0,0,0,0,0
SP3-09066,ok,goals+,6054,4107,0,14055,20813
SP3-09067,ok,goals+,0,0,3103,0,995424
SP3-09068,deficit,none,0,0,0,0,162756
SP3-09069,ok,reserve,20253,0,4818,8683,0
SP3-09070,deficit,none,0,0,0,0,0
SP3-09071,deficit,none,0,0,0,0,0
SP3-09072,deficit,none,0,0,0,0,537597
SP3-09073,deficit,none,0,0,0,0,0
SP3-09074,ok,debt,156,408,62,0,0
SP3-09075,ok,debt,171,445,68,0,35158
SP3-09076,ok,debt,868,2257,347,0,0
SP3-09077,deficit,none,0,0,0,0,715642
SP3-09078,deficit,none,0,0,0,0,0
SP3-09079,ok,debt,4883,5495,1831,0,0
SP3-09080,invalid,none,0,0,0,0,0
SP3-09081,ok,debt,4883,5495,1831,0,0
SP3-09082,ok,reserve,1314,0,0,876,0
SP3-09083,ok,goals+,0,0,11701,183538,3358364
SP3-09084,deficit,none,0,0,0,0,118468
SP3-09085,ok,debt,3692,9600,1476,0,0
SP3-09086,invalid,none,0,0,0,0,0
SP3-09087,ok,debt,3559,9257,1423,0,0
SP3-09088,ok,reserve,24225,0,12775,3374,0
SP3-09089,ok,goals+,0,0,9288,0,560550
SP3-09090,deficit,none,0,0,0,0,0
SP3-09091,ok,debt,36921,95995,14768,0,0
SP3-09092,ok,goals+,0,0,10867,0,0
SP3-09093,ok,goals+,0,0,6175,19927,102736
SP3-09094,ok,debt,4681,12173,1872,0,0
SP3-09095,ok,goals+,0,0,0,773,399203
SP3-09096,ok,reserve,325773,0,217182,0,0
SP3-09097,ok,debt,4949,12870,1979,0,1321081
SP3-09098,deficit,none,0,0,0,0,0
SP3-09099,ok,goals+,0,0,0,8518,54061
SP3-09100,ok,debt,2201,5725,880,0,0
SP3-09101,deficit,none,0,0,0,0,972093
SP3-09102,ok,debt,20013389,52034815,8005355,0,982925629
SP3-09103,ok,debt,3455,3889,1295,0,0
SP3-09104,ok,reserve,13400,0,8933,0,0
SP3-09105,ok,reserve,11581,0,7720,0,416067
SP3-09106,deficit,none,0,0,0,0,573973
SP3-09107,ok,reserve,20789,0,13858,0,0
SP3-09108,ok,debt,3762,9784,918,586,11228
SP3-09109,ok,reserve,11212,0,7474,0,0
SP3-09576,invalid,none,0,0,0,0,0
SP3-09111,ok,reserve,16847,0,4612,6618,0
SP3-09112,ok,reserve,10751,0,7166,0,0
SP3-09113,deficit,none,0,0,0,0,148071
SP3-09114,deficit,none,0,0,0,0,0
SP3-09115,ok,debt,1785,2010,669,0,0
SP3-09116,deficit,none,0,0,0,0,0
SP3-09117,ok,debt,4701,12226,1880,0,702142
SP3-09118,ok,reserve,11919,0,7945,0,0
SP3-09119,ok,debt,15724,40886,0,6289,0
SP3-09120,deficit,none,0,0,0,0,348167
SP3-09121,ok,debt,3561,9262,1424,0,20989
SP3-09122,deficit,none,0,0,0,0,0
SP3-09123,ok,debt,17362,45144,6945,0,0
SP3-09124,ok,debt,66085,171821,26434,0,0
SP3-09125,ok,reserve,56160,0,4311,33127,0
SP3-09126,deficit,none,0,0,0,0,770430
SP3-09127,ok,goals+,0,0,2804,12150,891706
SP3-09128,deficit,none,0,0,0,0,0
SP3-09129,deficit,none,0,0,0,0,0
SP3-09130,deficit,none,0,0,0,0,0
SP3-09131,deficit,none,0,0,0,0,0
SP3-09132,deficit,none,0,0,0,0,99163
SP3-09133,deficit,none,0,0,0,0,0
SP3-09134,deficit,none,0,0,0,0,0
SP3-09135,ok,debt,17362,45144,6945,0,0
SP3-09136,ok,goals+,0,0,6993,110532,324667
SP3-09137,ok,debt,13174304,14821092,4940364,0,0
SP3-09138,deficit,none,0,0,0,0,0
SP3-09139,deficit,none,0,0,0,0,0
SP3-09140,ok,debt,2220,5775,888,0,279733
SP3-09141,deficit,none,0,0,0,0,0
SP3-09142,ok,goals+,0,0,2556,5037,0
SP3-09143,ok,debt,2735,7113,1094,0,117693
SP3-09144,deficit,none,0,0,0,0,155410
SP3-09145,ok,reserve,23013,0,15341,0,0
SP3-09146,invalid,none,0,0,0,0,0
SP3-09147,deficit,none,0,0,0,0,0
SP3-09148,ok,goals+,0,0,85428,48621,0
SP3-09149,deficit,none,0,0,0,0,1085003
SP3-09150,ok,goals+,0,0,3764,93732,237033
SP3-09151,deficit,none,0,0,0,0,0
SP3-09152,ok,goals+,0,0,4237,61120,5960200
SP3-09153,ok,debt,3176,8258,1270,0,0
SP3-09154,ok,debt,527,1372,211,0,0
SP3-09155,ok,goals+,0,0,0,37556,0
SP3-09156,deficit,none,0,0,0,0,3624620
SP3-09157,ok,reserve,2022,0,116,1230,369033
SP3-09158,ok,debt,4142,10771,1657,0,0
SP3-09159,ok,reserve,9373,0,3572,2674,0
SP3-09160,deficit,none,0,0,0,0,0
SP3-09161,deficit,none,0,0,0,0,0
SP3-09162,ok,reserve,15279,0,10186,0,0
SP3-09163,ok,debt,4142,10771,1657,0,0
SP3-09164,ok,reserve,20894,0,13929,0,153084
SP3-09165,deficit,none,0,0,0,0,143570
SP3-09166,ok,debt,1875,4875,750,0,0
SP3-09167,ok,debt,443,1154,177,0,219069
SP3-09168,deficit,none,0,0,0,0,48121
SP3-09169,ok,goals+,0,0,129370,0,3326876
SP3-09170,deficit,none,0,0,0,0,19461
SP3-09171,ok,debt,15631,17587,5861,0,161768
SP3-09172,deficit,none,0,0,0,0,0
SP3-09173,ok,goals+,0,0,6805,1067,530189
SP3-09174,deficit,none,0,0,0,0,0
SP3-09175,ok,goals+,0,0,12579,72103,290939
SP3-09176,ok,goals+,0,0,8271,14707,0
SP3-09177,ok,reserve,30488,0,9445,10879,0
SP3-09178,ok,reserve,8157,0,5437,0,0
SP3-09179,ok,goals+,0,0,58475,134404,1611293
SP3-09180,ok,reserve,17868,0,0,11911,0
SP3-09181,deficit,none,0,0,0,0,0
SP3-09182,ok,debt,7593,19745,0,3037,0
SP3-09183,deficit,none,0,0,0,0,0
SP3-09184,ok,reserve,4704,0,1084,2052,0
SP3-09185,deficit,none,0,0,0,0,0
SP3-09186,ok,debt,1572,4089,629,0,0
SP3-09187,ok,reserve,11179,0,0,7453,0
SP3-09188,ok,goals+,0,0,1058,3407,0
SP3-09189,ok,reserve,5452,0,0,3634,0
SP3-09190,ok,debt,0,2522,1873,0,128046
SP3-09191,deficit,none,0,0,0,0,0
SP3-09192,deficit,none,0,0,0,0,0
SP3-09193,deficit,none,0,0,0,0,0
SP3-09194,ok,debt,1055,2746,422,0,0
SP3-09195,deficit,none,0,0,0,0,0
SP3-09196,ok,debt,800,2082,320,0,0
SP3-09197,deficit,none,0,0,0,0,0
SP3-09198,ok,debt,22639,58865,9055,0,1354049
SP3-08706,invalid,none,0,0,0,0,0
SP3-09200,ok,debt,3960,4455,1485,0,0
SP3-09201,deficit,none,0,0,0,0,11472428
SP3-09202,deficit,none,0,0,0,0,0
SP3-09203,deficit,none,0,0,0,0,2328061
SP3-09204,deficit,none,0,0,0,0,1474983
SP3-09205,deficit,none,0,0,0,0,0
SP3-09206,deficit,none,0,0,0,0,29654595
SP3-09207,ok,debt,126,143,47,0,0
SP3-09208,deficit,none,0,0,0,0,0
SP3-09209,ok,reserve,12971,0,0,8647,0
SP3-09210,deficit,none,0,0,0,0,196413
SP3-09211,ok,debt,10557,27451,4223,0,90724
SP3-09212,ok,debt,1193,3104,477,0,0
SP3-09213,ok,debt,2795,7269,0,1118,90210
SP3-09214,ok,debt,229,596,0,91,0
SP3-09215,ok,debt,15077,39201,6030,0,247505
SP3-09216,ok,debt,514,1339,205,0,28580
SP3-09217,deficit,none,0,0,0,0,0
SP3-09218,deficit,none,0,0,0,0,0
SP3-09219,ok,goals+,0,0,130195,8700,1209468
SP3-09220,ok,debt,127373,331171,50949,0,0
SP3-09221,deficit,none,0,0,0,0,0
SP3-09222,ok,debt,3198,8316,1279,0,21598
SP3-09223,ok,reserve,7978,0,5319,0,0
SP3-09224,ok,reserve,6248,0,4165,0,0
SP3-09225,ok,goals+,0,0,49349,57996,0
SP3-09226,ok,debt,1171,3047,468,0,0
SP3-09227,deficit,none,0,0,0,0,58509
SP3-09228,ok,debt,47836237,124374217,19134494,0,246655078
SP3-09229,ok,reserve,31983,0,0,21321,0
SP3-09230,ok,debt,5045,13117,2018,0,240430
SP3-09231,deficit,none,0,0,0,0,346713
SP3-09232,ok,debt,836,2175,334,0,117598
SP3-09233,ok,goals+,0,0,1193,13384,0
SP3-09234,deficit,none,0,0,0,0,339833
SP3-09235,ok,debt,14941,38847,5976,0,0
SP3-09236,ok,reserve,3183,0,2121,0,0
SP3-09237,deficit,none,0,0,0,0,170249
SP3-09238,invalid,none,0,0,0,0,0
SP3-09239,ok,goals+,0,0,24709169,43030980,74636474
SP3-09240,ok,debt,0,512270,219543,0,5732880
SP3-09241,deficit,none,0,0,0,0,402806
SP3-09242,deficit,none,0,0,0,0,114425
SP3-09243,ok,debt,3320,8634,1328,0,121237
SP3-09244,deficit,none,0,0,0,0,9363853
SP3-09245,ok,goals+,0,0,3379,0,163842
SP3-09246,deficit,none,0,0,0,0,707705
SP3-09247,deficit,none,0,0,0,0,4458264
SP3-09248,ok,debt,880,2291,352,0,117598
SP3-09249,deficit,none,0,0,0,0,0
SP3-09250,ok,debt,3165,3562,1187,0,159643
SP3-09251,ok,debt,5222,13579,2088,0,220935
SP3-09252,ok,debt,1967,5117,787,0,15428
SP3-09253,deficit,none,0,0,0,0,0
SP3-09254,ok,goals+,0,0,45709,0,228865
SP3-09255,deficit,none,0,0,0,0,0
SP3-09256,ok,debt,1967,5117,787,0,15428
SP3-09257,ok,goals+,0,0,0,36848,0
SP3-09258,ok,reserve,1610,0,1072,0,0
SP3-09259,deficit,none,0,0,0,0,76841
SP3-09260,deficit,none,0,0,0,0,13582
SP3-09261,ok,debt,490,1274,196,0,690139
SP3-09262,ok,goals+,0,0,8462,0,1280823
SP3-09263,ok,debt,490,1274,196,0,690139
SP3-09264,deficit,none,0,0,0,0,0
SP3-09265,ok,debt,1070,2785,428,0,18244
SP3-09266,ok,goals+,0,0,9765,0,263398
SP3-09267,deficit,none,0,0,0,0,113174
SP3-09268,deficit,none,0,0,0,0,279243
SP3-09269,deficit,none,0,0,0,0,3565017
SP3-09270,deficit,none,0,0,0,0,0
SP3-09271,ok,goals+,0,0,77663,300950,2800769
SP3-09272,deficit,none,0,0,0,0,115882
SP3-09273,ok,debt,4237,11019,1695,0,0
SP3-09274,ok,goals+,0,0,9375,0,6455633
SP3-09275,ok,debt,3891,4379,1459,0,6384497
SP3-09276,ok,reserve,114837,0,46503,30055,0
SP3-09277,deficit,none,0,0,0,0,0
SP3-09278,deficit,none,0,0,0,0,0
SP3-09279,ok,reserve,8098,0,5398,0,0
SP3-09280,deficit,none,0,0,0,0,126484
SP3-09281,deficit,none,0,0,0,0,0
SP3-09282,ok,goals+,0,0,113484,124772,861842
SP3-09283,deficit,none,0,0,0,0,0
SP3-09284,ok,debt,1709,4446,683,0,82760
SP3-09285,invalid,none,0,0,0,0,0
SP3-09286,ok,debt,1299,3378,519,0,143251
SP3-09287,deficit,none,0,0,0,0,5284978
SP3-09288,ok,debt,3212,8354,1285,0,0
SP3-09289,ok,reserve,8432,0,5621,0,1435465
SP3-09290,ok,reserve,12694,0,0,8463,0
SP3-09291,ok,goals+,0,0,666,3476,176365
SP3-09292,deficit,none,0,0,0,0,30398
SP3-09293,deficit,none,0,0,0,0,2803261
SP3-09294,ok,debt,9753,25361,3901,0,28683
SP3-09295,deficit,none,0,0,0,0,0
SP3-09296,deficit,none,0,0,0,0,9660816
SP3-09297,ok,debt,2940,7646,1176,0,0
SP3-09298,deficit,none,0,0,0,0,0
SP3-09299,ok,debt,4374,11373,1749,0,33479
SP3-09300,ok,debt,334,869,0,133,0
SP3-09301,ok,debt,117,306,47,0,191686
SP3-09302,deficit,none,0,0,0,0,0
SP3-09303,ok,debt,5371,13967,2148,0,0
SP3-09304,ok,debt,9584,24919,3833,0,0
SP3-09305,ok,debt,100,263,40,0,33121
SP3-09306,invalid,none,0,0,0,0,0
SP3-09307,deficit,none,0,0,0,0,242921
SP3-09308,deficit,none,0,0,0,0,0
SP3-09309,deficit,none,0,0,0,0,0
SP3-09310,deficit,none,0,0,0,0,14320
SP3-09311,ok,reserve,33889,0,14690,7900,0
SP3-09312,ok,debt,1800,4681,720,0,0
SP3-09313,ok,reserve,21882,0,14587,0,0
SP3-09314,ok,reserve,20529,0,1000,12685,0
SP3-09315,ok,debt,3036,7895,1214,0,0
SP3-09316,invalid,none,0,0,0,0,0
SP3-09317,deficit,none,0,0,0,0,0
SP3-09318,ok,reserve,51181,0,6462,27657,0
SP3-09319,ok,reserve,26467,0,1898,15745,0
SP3-09320,ok,reserve,19591,0,0,13060,0
SP3-09321,deficit,none,0,0,0,0,0
SP3-09322,ok,goals+,0,0,22765,18171,366919
SP3-09323,ok,debt,13594,15295,5097,0,0
SP3-09324,ok,debt,11289,29352,4515,0,311796
SP3-09325,ok,goals+,0,0,151,22078,0
SP3-09326,ok,reserve,12458,0,8304,0,0
SP3-09327,ok,goals+,0,0,0,492961,0
SP3-09328,ok,debt,1368,3560,547,0,0
SP3-09329,ok,debt,135944,152938,50979,0,0
SP3-09330,ok,reserve,184547105,0,13559456,109471947,0
SP3-09331,ok,goals+,0,0,2901,48486,6579130
SP3-09332,deficit,none,0,0,0,0,17753088
SP3-09333,deficit,none,0,0,0,0,0
SP3-09334,invalid,none,0,0,0,0,0
SP3-09335,ok,debt,842,2191,336,0,20670
SP3-09336,invalid,none,0,0,0,0,0
SP3-09337,ok,debt,4307,11199,1722,0,51527
SP3-09338,ok,debt,5523,14362,2029,180,0
SP3-09339,ok,debt,2271,5906,908,0,25093
SP3-09340,deficit,none,0,0,0,0,501409
SP3-09341,deficit,none,0,0,0,0,0
SP3-09342,ok,goals+,0,0,2485,1016,240662
SP3-09343,deficit,none,0,0,0,0,0
SP3-09344,ok,debt,219,571,87,0,0
SP3-09345,ok,reserve,11587,0,1782,5940,0
SP3-09346,ok,debt,5442,14152,1542,634,157677
SP3-09347,ok,reserve,20329,0,2268,11283,0
SP3-09348,deficit,none,0,0,0,0,717405
SP3-09349,ok,goals+,0,0,3228,5317,412772
SP3-09350,deficit,none,0,0,0,0,0
SP3-09351,deficit,none,0,0,0,0,413067
SP3-09352,ok,goals+,0,0,141728,79704,7433953
SP3-09353,ok,debt,3666,9533,1293,173,0
SP3-09354,deficit,none,0,0,0,0,0
SP3-09355,deficit,none,0,0,0,0,0
SP3-09356,ok,debt,182,474,72,0,0
SP3-09357,deficit,none,0,0,0,0,10252803
SP3-09358,ok,debt,2395,2694,898,0,0
SP3-09359,ok,reserve,1989,0,1325,0,0
SP3-09360,ok,debt,9435,24533,3774,0,26013
SP3-09361,ok,reserve,1257,0,837,0,0
SP3-09362,ok,debt,4322,11238,1728,0,0
SP3-09363,deficit,none,0,0,0,0,0
SP3-09364,invalid,none,0,0,0,0,0
SP3-09365,deficit,none,0,0,0,0,0
SP3-09366,ok,goals+,0,0,43192,0,1126199
SP3-09367,ok,goals+,0,0,12917,3068,305418
SP3-09368,deficit,none,0,0,0,0,515608032
SP3-09369,ok,reserve,1435,0,420,534,40935
SP3-09370,deficit,none,0,0,0,0,717405
SP3-09371,deficit,none,0,0,0,0,0
SP3-09372,deficit,none,0,0,0,0,7616003
SP3-09373,deficit,none,0,0,0,0,0
SP3-09374,ok,goals+,0,0,28078,25981,2112458
SP3-09375,ok,reserve,26275,0,17516,0,0
SP3-09376,deficit,none,0,0,0,0,1003165
SP3-09377,ok,debt,15994,41588,6397,0,651762
SP3-09378,invalid,none,0,0,0,0,0
SP3-09379,ok,reserve,21761,0,6244,8263,0
SP3-09380,deficit,none,0,0,0,0,0
SP3-09381,ok,goals+,0,0,4075,10799,1364552
SP3-02436,invalid,none,0,0,0,0,0
SP3-09383,deficit,none,0,0,0,0,0
SP3-09384,ok,debt,8862,23042,3544,0,41300
SP3-09385,ok,goals+,0,0,188979,0,11784786
SP3-09386,deficit,none,0,0,0,0,0
SP3-09387,ok,debt,102094,265448,40837,0,348130
SP3-09388,invalid,none,0,0,0,0,0
SP3-09389,deficit,none,0,0,0,0,0
SP3-09390,deficit,none,0,0,0,0,8659865
SP3-09391,ok,debt,5885,6621,2207,0,0
SP3-09392,ok,debt,35,94,14,0,0
SP3-09393,ok,reserve,22669,0,9022,6088,165835
SP3-09394,deficit,none,0,0,0,0,0
SP3-09395,ok,debt,5461,14201,2184,0,0
SP3-09396,ok,goals+,0,0,119,8529,167128
SP3-09397,ok,goals+,0,0,1252,24464,0
SP3-09398,deficit,none,0,0,0,0,51762
SP3-09399,ok,debt,7744,20135,0,3097,175934
SP3-09400,ok,goals+,0,0,33888,7172,2427173
SP3-09401,ok,debt,18650,48494,4589,2870,0
SP3-09402,deficit,none,0,0,0,0,2002452
SP3-09403,ok,reserve,271,0,180,0,0
SP3-09404,deficit,none,0,0,0,0,1884460
SP3-09405,deficit,none,0,0,0,0,0
SP3-09406,ok,debt,5885,6621,2207,0,0
SP3-09407,deficit,none,0,0,0,0,0
SP3-09408,ok,debt,726,1888,290,0,375333
SP3-09409,deficit,none,0,0,0,0,0
SP3-09410,deficit,none,0,0,0,0,137583
SP3-09411,ok,goals+,0,0,39033,15642,1689766
SP3-09412,deficit,none,0,0,0,0,0
SP3-09413,ok,goals+,0,0,3752,0,1476980
SP3-09414,ok,goals+,0,0,8178,0,15233
SP3-09415,ok,goals+,0,0,0,894852,2386479
SP3-09416,ok,debt,2691,6998,1076,0,0
SP3-09417,deficit,none,0,0,0,0,0
SP3-09418,deficit,none,0,0,0,0,0
SP3-09419,ok,reserve,31061,0,8955,11751,0
SP3-09420,deficit,none,0,0,0,0,43012
SP3-09421,ok,goals+,0,0,23860,11069,909638
SP3-09422,ok,debt,487,1268,195,0,0
SP3-09423,ok,reserve,21909,0,14605,0,0
SP3-09424,invalid,none,0,0,0,0,0
SP3-09425,ok,debt,2691,6998,1076,0,0
SP3-09426,invalid,none,0,0,0,0,0
SP3-09427,ok,debt,1752,4556,700,0,109685
SP3-09428,deficit,none,0,0,0,0,41649
SP3-09429,ok,debt,3511,9132,0,1404,0
SP3-09430,ok,reserve,13641,0,9093,0,0
SP3-09431,deficit,none,0,0,0,0,0
SP3-09432,ok,debt,1677,4363,0,671,0
SP3-09433,ok,debt,5598,14558,2239,0,219957
SP3-09434,ok,goals+,0,0,424,0,300953
SP3-09435,deficit,none,0,0,0,0,0
SP3-09436,invalid,none,0,0,0,0,0
SP3-09437,ok,debt,17269,44902,6907,0,189501
SP3-09438,ok,debt,3015,7839,0,1206,37937
SP3-09439,deficit,none,0,0,0,0,874981
SP3-09440,deficit,none,0,0,0,0,0
SP3-09441,ok,debt,3825,9947,1530,0,87575
SP3-09442,ok,debt,4670,12144,1868,0,27483
SP3-09443,ok,debt,0,18902,8100,0,248840
SP3-09444,ok,reserve,2559,0,1706,0,0
SP3-09445,ok,goals+,0,0,26055,89347,240556
SP3-09446,ok,reserve,26188,0,0,17459,0
SP3-09447,deficit,none,0,0,0,0,0
SP3-09448,ok,goals+,0,0,12225,84017,0
SP3-09449,deficit,none,0,0,0,0,176253
SP3-09450,deficit,none,0,0,0,0,0
SP3-09451,ok,reserve,14700,0,9800,0,917688
SP3-09452,ok,debt,15791,41058,0,6316,0
SP3-09453,ok,debt,8076,21001,3230,0,0
SP3-09454,invalid,none,0,0,0,0,0
SP3-09455,deficit,none,0,0,0,0,1496448
SP3-09456,ok,reserve,11077,0,506,6878,0
SP3-09457,ok,debt,5598,14558,2239,0,224553
SP3-09458,ok,debt,244,635,0,97,0
SP3-09459,ok,reserve,2262,0,1508,0,0
SP3-09460,ok,debt,3103,8070,1241,0,170283
SP3-09461,deficit,none,0,0,0,0,0
SP3-09462,ok,debt,3626,9430,1450,0,0
SP3-09463,ok,reserve,38840,0,10236,15655,0
SP3-09464,ok,reserve,36750,0,24499,0,0
SP3-09465,ok,debt,455,1185,182,0,0
SP3-09466,ok,reserve,13541,0,0,9027,0
SP3-09467,deficit,none,0,0,0,0,71594
SP3-09468,ok,reserve,7880,0,3785,1468,0
SP3-09469,ok,debt,1288,3350,515,0,0
SP3-09470,ok,goals+,0,0,117,0,163694
SP3-09471,ok,debt,541,1409,216,0,0
SP3-09472,invalid,none,0,0,0,0,0
SP3-09473,ok,debt,5371,13968,2148,0,0
SP3-09474,deficit,none,0,0,0,0,0
SP3-09475,ok,reserve,38535,0,14492,11197,0
SP3-09476,ok,debt,6335,16471,2534,0,0
SP3-09477,ok,reserve,9488,0,1822,4502,75181
SP3-09478,ok,reserve,22441,0,5613,9347,0
SP3-09479,invalid,none,0,0,0,0,0
SP3-09480,ok,goals+,0,0,4833,0,587285
SP3-09481,deficit,none,0,0,0,0,359115
SP3-09482,ok,goals+,0,0,1506,372517,101715
SP3-09483,deficit,none,0,0,0,0,932022
SP3-09484,ok,debt,4329,11259,1731,0,0
SP3-09485,ok,reserve,4636,0,3091,0,0
SP3-09486,deficit,none,0,0,0,0,364295
SP3-09487,deficit,none,0,0,0,0,90807
SP3-09488,deficit,none,0,0,0,0,3297045
SP3-09489,deficit,none,0,0,0,0,23832842
SP3-09490,ok,debt,1409,3665,563,0,28795
SP3-09491,ok,goals+,0,0,0,1010,424114
SP3-09492,ok,reserve,4933,0,3288,0,0
SP3-09493,ok,debt,1334,3472,533,0,0
SP3-09494,ok,debt,1435,1616,538,0,0
SP3-09495,ok,goals+,0,0,18955,163538,4327685
SP3-09496,ok,debt,1790,4657,716,0,0
SP3-09497,ok,goals+,0,0,25794,521836,3807425
SP3-09498,deficit,none,0,0,0,0,635401
SP3-09499,ok,goals+,0,0,75512,0,2012120
SP3-09500,ok,goals+,0,0,5778,0,58055
SP3-09501,ok,goals+,0,0,2245,0,3561165
SP3-09502,deficit,none,0,0,0,0,965397
SP3-09503,ok,reserve,8250,0,0,5500,0
SP3-09504,ok,reserve,22380,0,14919,0,0
SP3-09505,ok,goals+,0,0,13341,64771,464314
SP3-09506,deficit,none,0,0,0,0,20864489
SP3-09507,ok,debt,3101,8063,0,1240,0
SP3-09508,invalid,none,0,0,0,0,0
SP3-09509,deficit,none,0,0,0,0,0
SP3-09510,ok,debt,51,133,20,0,0
SP3-09511,ok,goals+,0,0,1905,0,56057
SP3-09512,ok,goals+,0,0,0,55602,608146
SP3-09513,ok,debt,9673,25151,3869,0,0
SP3-09514,ok,debt,988,2571,395,0,0
SP3-09515,deficit,none,0,0,0,0,0
SP3-09516,ok,reserve,13495,0,8996,0,0
SP3-09517,ok,reserve,1285,0,857,0,0
SP3-09518,deficit,none,0,0,0,0,0
SP3-09519,ok,debt,3573,9292,1429,0,0
SP3-09520,ok,reserve,9928,0,0,6618,0
SP3-09521,invalid,none,0,0,0,0,0
SP3-09522,ok,goals+,2138,0,5246,28559,934222
SP3-09523,ok,goals+,0,0,1009,10754,0
SP3-09524,deficit,none,0,0,0,0,0
SP3-09525,deficit,none,0,0,0,0,123931
SP3-09526,deficit,none,0,0,0,0,147503
SP3-09527,deficit,none,0,0,0,0,0
SP3-09528,ok,goals+,0,0,295907,240212,859967
SP3-09529,ok,debt,1102,2868,0,441,0
SP3-09530,deficit,none,0,0,0,0,51874
SP3-09531,deficit,none,0,0,0,0,679844
SP3-09532,deficit,none,0,0,0,0,252066
SP3-09533,deficit,none,0,0,0,0,665948
SP3-09534,ok,goals+,0,0,0,4024,396939
SP3-09535,ok,debt,1806,4698,722,0,0
SP3-09536,deficit,none,0,0,0,0,0
SP3-09537,ok,debt,1185,3083,474,0,0
SP3-09538,deficit,none,0,0,0,0,0
SP3-09539,ok,reserve,5249,0,0,3499,0
SP3-09540,ok,goals+,0,0,0,115831,2660917
SP3-09541,ok,goals+,0,0,9387,6320,243207
SP3-09542,ok,reserve,22622,0,15081,0,0
SP3-09543,deficit,none,0,0,0,0,0
SP3-09544,deficit,none,0,0,0,0,0
SP3-09545,ok,goals+,0,0,13235,2437,2636985
SP3-09546,invalid,none,0,0,0,0,0
SP3-09547,ok,debt,14014,15768,5255,0,0
SP3-09548,ok,goals+,0,0,9018,0,0
SP3-09549,ok,debt,2963,7706,1185,0,48278
SP3-09550,deficit,none,0,0,0,0,16243358
SP3-09551,ok,debt,17678,19888,6629,0,0
SP3-09552,ok,goals+,0,0,1850,1242,0
SP3-09553,deficit,none,0,0,0,0,227492
SP3-09554,deficit,none,0,0,0,0,0
SP3-09555,invalid,none,0,0,0,0,0
SP3-09556,deficit,none,0,0,0,0,0
SP3-09557,ok,debt,2439,6345,975,0,0
SP3-09558,ok,debt,10390,27016,4156,0,0
SP3-09559,deficit,none,0,0,0,0,24865094
SP3-09560,deficit,none,0,0,0,0,0
SP3-09561,ok,debt,1558,4053,623,0,0
SP3-09562,ok,debt,329,859,131,0,0
SP3-09563,invalid,none,0,0,0,0,0
SP3-09564,ok,debt,10651,27694,4260,0,0
SP3-09565,deficit,none,0,0,0,0,456697
SP3-09566,ok,reserve,24207,0,2452,13684,0
SP3-09567,ok,reserve,1134,0,755,0,0
SP3-09568,ok,goals+,0,0,12664,149502,3065531
SP3-09569,deficit,none,0,0,0,0,0
SP3-09570,ok,goals+,0,0,8471,0,242043
SP3-09571,ok,reserve,22552,0,0,15034,0
SP3-09572,ok,goals+,0,0,3367,0,265188
SP3-09573,ok,goals+,0,0,75745,0,0
SP3-09574,ok,reserve,1134,0,755,0,0
SP3-09575,ok,debt,6585,17122,1649,985,133386
SP3-09576,ok,reserve,147558,0,0,98372,0
SP3-09577,deficit,none,0,0,0,0,640647
SP3-09578,ok,debt,6662,17324,2665,0,122352
SP3-09579,ok,reserve,2903,0,1934,0,0
SP3-09580,deficit,none,0,0,0,0,308200
SP3-09581,ok,debt,691,1798,0,276,0
SP3-09582,deficit,none,0,0,0,0,0
SP3-09583,deficit,none,0,0,0,0,8853273
SP3-09584,deficit,none,0,0,0,0,0
SP3-09585,ok,debt,8153,21199,3261,0,0
SP3-09586,deficit,none,0,0,0,0,53029
SP3-09587,deficit,none,0,0,0,0,0
SP3-09588,deficit,none,0,0,0,0,0
SP3-09589,ok,debt,925,2408,0,370,0
SP3-09590,ok,debt,2817,3170,1056,0,107675
SP3-09591,ok,debt,8854,23021,3541,0,0
SP3-09592,ok,goals+,0,0,0,974,2668811
SP3-09593,ok,debt,3448,8968,1379,0,0
SP3-09594,deficit,none,0,0,0,0,3694151
SP3-09595,ok,reserve,9931,0,6620,0,0
SP3-09596,deficit,none,0,0,0,0,0
SP3-09597,ok,reserve,14303,0,0,9535,0
SP3-09598,ok,debt,30771,34619,11539,0,427576
SP3-09599,ok,goals+,0,0,0,28318,0
SP3-09600,deficit,none,0,0,0,0,2009422
SP3-09601,ok,reserve,2562,0,1707,0,0
SP3-09602,ok,debt,3342,8691,1336,0,0
SP3-09603,ok,debt,8526,22168,3410,0,0
SP3-09604,deficit,none,0,0,0,0,0
SP3-09605,ok,debt,56,148,22,0,0
SP3-09606,ok,goals+,0,0,21620,609584,16559169
SP3-09607,deficit,none,0,0,0,0,800775
SP3-09608,ok,reserve,1023,0,682,0,0
SP3-09609,ok,reserve,27886,0,4940,13649,0
SP3-09610,ok,debt,0,1153,494,0,127835
SP3-09611,deficit,none,0,0,0,0,433944
SP3-09612,ok,reserve,61659,0,5635,35471,0
SP3-09613,deficit,none,0,0,0,0,0
SP3-09614,deficit,none,0,0,0,0,20531
SP3-09615,ok,none,0,0,0,0,0
SP3-09616,ok,goals+,0,0,162975,112768,2208807
SP3-09617,ok,debt,1147,2984,0,459,0
SP3-09618,ok,reserve,6018,0,4011,0,0
SP3-09619,ok,debt,3215,8359,1286,0,0
SP3-09620,ok,reserve,4763,0,3174,0,0
SP3-09621,deficit,none,0,0,0,0,0
SP3-09622,deficit,none,0,0,0,0,0
SP3-09623,ok,debt,2043,5312,817,0,19157
SP3-09624,deficit,none,0,0,0,0,260752
SP3-09625,ok,debt,13668,35539,5467,0,0
SP3-09626,deficit,none,0,0,0,0,0
SP3-09627,ok,reserve,3221,0,0,2146,0
SP3-09628,deficit,none,0,0,0,0,0
SP3-09629,ok,debt,4491,11678,0,1796,39246
SP3-09630,deficit,none,0,0,0,0,0
SP3-09631,deficit,none,0,0,0,0,20899
SP3-09632,ok,debt,1251,3253,500,0,198177
SP3-09633,ok,reserve,10509,0,7006,0,0
SP3-09634,deficit,none,0,0,0,0,321762
SP3-09635,ok,goals+,0,0,95586,117809,9465442
SP3-09636,ok,debt,858,2234,343,0,0
SP3-09637,ok,debt,645,726,242,0,0
SP3-09638,ok,goals+,0,0,9105,56723,0
SP3-09639,ok,reserve,45818,0,30545,0,0
SP3-09640,ok,debt,699,1820,279,0,0
SP3-09641,ok,debt,2003,5211,801,0,0
SP3-09642,ok,debt,27,72,0,10,0
SP3-09643,deficit,none,0,0,0,0,602724
SP3-09644,ok,debt,257,669,102,0,0
SP3-09645,deficit,none,0,0,0,0,488867
SP3-09646,ok,debt,1810,4706,724,0,0
SP3-09647,ok,none,0,0,0,0,0
SP3-09648,ok,goals+,0,0,26306,371774,6829600
SP3-09649,ok,debt,12350,32112,4285,655,0
SP3-09650,ok,debt,42000,47252,9067,6682,0
SP3-09651,deficit,none,0,0,0,0,0
SP3-09652,ok,goals+,0,0,16009,0,0
SP3-09653,ok,reserve,26524,0,11002,6680,0
SP3-09654,deficit,none,0,0,0,0,1183626
SP3-09655,deficit,none,0,0,0,0,0
SP3-09656,ok,debt,0,4933,0,2113,399175
SP3-09657,ok,debt,8578,22304,3431,0,986482
SP3-09658,deficit,none,0,0,0,0,0
SP3-09659,deficit,none,0,0,0,0,8041688
SP3-09660,deficit,none,0,0,0,0,834319
SP3-09661,deficit,none,0,0,0,0,0
SP3-09662,deficit,none,0,0,0,0,0
SP3-09663,ok,debt,4034,10491,0,1613,204538
SP3-09664,ok,debt,125,328,50,0,0
SP3-09665,ok,reserve,9785,0,0,6523,0
SP3-09666,deficit,none,0,0,0,0,0
SP3-09667,ok,goals+,0,0,4842,11129,1802740
SP3-09668,deficit,none,0,0,0,0,0
SP3-09669,ok,debt,89144,231777,35657,0,57477
SP3-09670,deficit,none,0,0,0,0,189676
SP3-09671,ok,debt,2896,7533,1158,0,167763
SP3-09672,deficit,none,0,0,0,0,524469
SP3-09673,ok,goals+,0,0,29693,17912,1654620
SP3-09674,ok,reserve,31872,0,21247,0,0
SP3-09675,ok,debt,4490,11677,1796,0,0
SP3-09676,ok,debt,9383354,24396723,2100113,1653228,314739146
SP3-09677,ok,debt,8870,23063,3548,0,577519
SP3-09678,deficit,none,0,0,0,0,533050
SP3-09679,ok,debt,1178,3064,471,0,63888
SP3-09680,ok,debt,2372,6170,949,0,111922
SP3-09681,ok,goals+,0,0,6819,0,335627
SP3-09682,ok,debt,1,3,0,0,103431
SP3-09683,ok,debt,6253,16258,2501,0,0
SP3-09684,ok,debt,7774,20214,0,3109,245697
SP3-09685,ok,debt,3218,8368,1287,0,0
SP3-09686,ok,reserve,3236,0,0,2156,63449
SP3-09687,ok,goals+,0,0,7949,0,7058811
SP3-09688,ok,goals+,0,0,834,0,1709219
SP3-09689,deficit,none,0,0,0,0,3782421
SP3-09690,deficit,none,0,0,0,0,0
SP3-09691,ok,reserve,8124,0,5416,0,0
SP3-09692,ok,goals+,0,0,0,15370,605863
SP3-09693,deficit,none,0,0,0,0,92954
SP3-09694,ok,debt,9212,23954,3685,0,248863
SP3-09695,ok,goals+,0,0,27563,35823,965979
SP3-09696,deficit,none,0,0,0,0,6874555
SP3-09697,ok,reserve,24602,0,0,16400,0
SP3-09698,ok,debt,2652,6897,1061,0,30261
SP3-09699,ok,goals+,0,0,10398,0,288488
SP3-09700,ok,debt,10182,26475,0,4072,0
SP3-09701,deficit,none,0,0,0,0,0
SP3-09702,ok,reserve,4455,0,2255,713,0
SP3-09703,deficit,none,0,0,0,0,0
SP3-09704,ok,reserve,3812,0,2541,0,0
SP3-09705,ok,goals+,0,0,504,248,0
SP3-09706,deficit,none,0,0,0,0,14319401
SP3-09707,ok,debt,2046,5320,818,0,0
SP3-09708,ok,debt,2226,5790,890,0,0
SP3-09709,deficit,none,0,0,0,0,472302
SP3-09710,deficit,none,0,0,0,0,0
SP3-09711,deficit,none,0,0,0,0,0
SP3-04859,invalid,none,0,0,0,0,0
SP3-09713,invalid,none,0,0,0,0,0
SP3-09714,ok,debt,1024,2664,409,0,0
SP3-09715,ok,goals+,0,0,0,675938,1282533
SP3-09716,deficit,none,0,0,0,0,0
SP3-09717,deficit,none,0,0,0,0,0
SP3-09718,deficit,none,0,0,0,0,115613
SP3-09719,deficit,none,0,0,0,0,0
SP3-09720,deficit,none,0,0,0,0,0
SP3-09721,deficit,none,0,0,0,0,17872
SP3-09722,invalid,none,0,0,0,0,0
SP3-09723,ok,goals+,0,0,3865,12855,1045449
SP3-09724,ok,debt,851,2213,340,0,76823
SP3-09725,ok,debt,5479,14249,165,2026,54858
SP3-09726,invalid,none,0,0,0,0,0
SP3-09727,ok,reserve,23675,0,1483,14299,0
SP3-09728,ok,debt,2871,7467,1148,0,0
SP3-09729,deficit,none,0,0,0,0,0
SP3-09730,deficit,none,0,0,0,0,787398
SP3-09731,ok,debt,0,8146,3490,0,237307
SP3-09732,ok,debt,3218,8368,1287,0,0
SP3-09733,deficit,none,0,0,0,0,0
SP3-09734,ok,debt,534,601,200,0,0
SP3-09735,deficit,none,0,0,0,0,4129531
SP3-09736,ok,goals+,0,0,1385,14349,2860040
SP3-09737,deficit,none,0,0,0,0,394133
SP3-09738,deficit,none,0,0,0,0,207349
SP3-09739,deficit,none,0,0,0,0,0
SP3-09740,deficit,none,0,0,0,0,510374
SP3-09741,deficit,none,0,0,0,0,0
SP3-09742,deficit,none,0,0,0,0,0
SP3-09743,ok,debt,0,41311,17705,0,9033114
SP3-09744,ok,debt,7113,18496,2845,0,0
SP3-09745,ok,debt,2319,6032,927,0,24203
SP3-09746,deficit,none,0,0,0,0,0
SP3-09747,deficit,none,0,0,0,0,0
SP3-09748,deficit,none,0,0,0,0,0
SP3-09749,ok,debt,12135,13652,0,4550,171604
SP3-09750,ok,reserve,9879,0,0,6586,0
SP3-09751,deficit,none,0,0,0,0,619400
SP3-09752,deficit,none,0,0,0,0,0
SP3-09753,ok,goals+,0,0,25178,0,101883
SP3-09754,deficit,none,0,0,0,0,0
SP3-09755,ok,reserve,14544,0,9695,0,0
SP3-09756,ok,reserve,2014,0,0,1343,0
SP3-09757,deficit,none,0,0,0,0,6462360
SP3-09758,ok,goals+,0,0,39617,0,0
SP3-09759,deficit,none,0,0,0,0,242455
SP3-09760,deficit,none,0,0,0,0,0
SP3-09761,ok,debt,3386,8805,1354,0,19254
SP3-09762,ok,debt,848,2206,0,339,0
SP3-09763,ok,debt,853,2218,0,341,0
SP3-09764,ok,goals+,0,0,0,30702,0
SP3-09765,ok,debt,1348,3507,539,0,0
SP3-09766,deficit,none,0,0,0,0,0
SP3-09767,ok,reserve,8014,0,5342,0,0
SP3-09768,ok,debt,24214,62959,9685,0,205669
SP3-09769,ok,reserve,46101,0,0,30733,0
SP3-09770,ok,reserve,32890,0,0,21926,0
SP3-09771,deficit,none,0,0,0,0,0
SP3-09772,deficit,none,0,0,0,0,1723835
SP3-09773,deficit,none,0,0,0,0,96057
SP3-09774,ok,debt,6141,6909,0,2302,0
SP3-09775,ok,debt,669,1740,267,0,0
SP3-09776,ok,debt,2122,5519,0,848,0
SP3-09777,deficit,none,0,0,0,0,0
SP3-09778,ok,debt,433,1128,0,173,45318
SP3-09779,ok,reserve,4386,0,0,2924,0
SP3-09780,ok,debt,2884,7502,1000,153,0
SP3-09781,ok,debt,22437,25243,0,8413,0
SP3-09782,ok,reserve,80141,0,53427,0,0
SP3-09783,ok,goals+,0,0,3724,0,172501
SP3-09784,ok,reserve,3847,0,2564,0,0
SP3-09480,invalid,none,0,0,0,0,0
SP3-09786,ok,reserve,45961,0,15934,14705,0
SP3-09787,deficit,none,0,0,0,0,0
SP3-09788,deficit,none,0,0,0,0,160084
SP3-09789,deficit,none,0,0,0,0,0
SP3-09790,ok,debt,2382,6195,952,0,0
SP3-09791,ok,debt,1499,3901,599,0,128169
SP3-09792,ok,debt,871,2266,348,0,92786
SP3-09793,ok,reserve,11048,0,0,7364,0
SP3-09794,ok,debt,24387,27435,9145,0,208108
SP3-09795,ok,debt,16646,43281,6658,0,0
SP3-09796,ok,debt,30671,34506,11501,0,0
SP3-09797,ok,debt,1601,4163,640,0,0
SP3-09798,deficit,none,0,0,0,0,84447
SP3-09799,deficit,none,0,0,0,0,95044
SP3-09800,ok,debt,134,352,53,0,0
SP3-09801,ok,goals+,0,0,8867,0,1306725
SP3-09802,ok,debt,8823,22943,3529,0,808161
SP3-09803,deficit,none,0,0,0,0,18594
SP3-09804,ok,debt,917,2386,0,367,91050
SP3-09805,ok,reserve,245593,0,133161,30567,0
SP3-09806,ok,goals+,0,0,20498,379916,2633177
SP3-09807,deficit,none,0,0,0,0,385605
SP3-09808,ok,reserve,4842,0,0,3228,0
SP3-09809,ok,reserve,29677,0,19784,0,0
SP3-09810,deficit,none,0,0,0,0,0
SP3-09811,ok,goals+,0,0,0,26211,240602
SP3-09812,ok,debt,1148,2988,459,0,0
SP3-09813,deficit,none,0,0,0,0,1209344
SP3-09814,ok,goals+,0,0,4579,30161,0
SP3-09815,ok,goals+,0,0,3424,0,818898
SP3-09816,deficit,none,0,0,0,0,0
SP3-09817,deficit,none,0,0,0,0,155314
SP3-09818,deficit,none,0,0,0,0,0
SP3-09819,ok,debt,3346,8700,1338,0,0
SP3-09820,ok,debt,6091,15839,2436,0,598070
SP3-09821,ok,debt,12500,32501,5000,0,78853
SP3-09822,ok,goals+,0,0,0,38358,378983
SP3-09823,ok,goals+,0,0,442551,0,552771
SP3-09824,ok,goals+,0,0,0,88933,175872
SP3-09825,ok,debt,971,2527,0,388,0
SP3-09826,deficit,none,0,0,0,0,641027
SP3-09827,ok,debt,5671,14746,2268,0,0
SP3-09828,deficit,none,0,0,0,0,0
SP3-09829,ok,debt,1840,4786,736,0,172938
SP3-09830,ok,goals+,0,0,0,19754,14931165
SP3-09831,invalid,none,0,0,0,0,0
SP3-09832,ok,goals+,0,0,4357,787,222504
SP3-09833,ok,reserve,3496,0,2330,0,0
SP3-09834,deficit,none,0,0,0,0,0
SP3-09835,invalid,none,0,0,0,0,0
SP3-09836,ok,debt,0,5225,2238,0,138496
SP3-09837,deficit,none,0,0,0,0,72994
SP3-09838,deficit,none,0,0,0,0,0
SP3-09839,ok,reserve,31582,0,0,21055,0
SP3-09840,deficit,none,0,0,0,0,147688
SP3-09841,deficit,none,0,0,0,0,1147274
SP3-09842,ok,debt,4974,5596,1865,0,0
SP3-09843,ok,goals+,0,0,0,335297,323384
SP3-09844,ok,debt,5303,5968,1988,0,0
SP3-09845,deficit,none,0,0,0,0,0
SP3-09846,deficit,none,0,0,0,0,1419959
SP3-09847,deficit,none,0,0,0,0,1079788
SP3-09848,deficit,none,0,0,0,0,0
SP3-09849,ok,debt,12761,33180,5104,0,78853
SP3-09850,ok,debt,3973,4471,0,1490,0
SP3-09851,ok,goals+,0,0,5013,0,0
SP3-09852,ok,reserve,22657,0,9229,5875,0
SP3-09853,ok,debt,3287,8548,1315,0,0
SP3-09854,deficit,none,0,0,0,0,16503360
SP3-09855,ok,debt,849,957,318,0,0
SP3-09856,ok,debt,4536,11796,0,1814,0
SP3-09857,ok,reserve,25596,0,17064,0,0
SP3-09858,ok,debt,7102,18466,0,2840,0
SP3-09859,invalid,none,0,0,0,0,0
SP3-09860,ok,debt,65522,170360,26209,0,0
SP3-09861,ok,debt,833,2169,0,333,0
SP3-09862,ok,reserve,22179,0,0,14785,0
SP3-09863,invalid,none,0,0,0,0,0
SP3-09864,ok,debt,4210,10947,1684,0,0
SP3-09865,ok,debt,1115,2900,446,0,0
SP3-09866,deficit,none,0,0,0,0,0
SP3-09867,invalid,none,0,0,0,0,0
SP3-09868,ok,goals+,0,0,0,6617,0
SP3-09869,ok,goals+,0,0,586,9161,143720
SP3-09870,ok,reserve,22900,0,1000,14266,0
SP3-09871,deficit,none,0,0,0,0,0
SP3-09872,ok,goals+,0,0,2223,57792,0
SP3-09873,deficit,none,0,0,0,0,715211
SP3-09874,ok,debt,1194,3105,477,0,0
SP3-09875,ok,goals+,0,0,21454,0,206364
SP3-09876,ok,debt,55253703,143659631,22101481,0,0
SP3-09877,ok,debt,9179,23866,3671,0,0
SP3-09878,deficit,none,0,0,0,0,0
SP3-09879,deficit,none,0,0,0,0,0
SP3-09880,invalid,none,0,0,0,0,0
SP3-09881,ok,debt,7691,20000,3076,0,393339
SP3-09882,deficit,none,0,0,0,0,1914067
SP3-09883,deficit,none,0,0,0,0,0
SP3-09884,ok,debt,849,957,318,0,0
SP3-09885,deficit,none,0,0,0,0,1974728
SP3-09886,deficit,none,0,0,0,0,383122
SP3-09887,deficit,none,0,0,0,0,0
SP3-09888,ok,debt,3633,9447,1453,0,0
SP3-09889,deficit,none,0,0,0,0,0
SP3-09890,deficit,none,0,0,0,0,664756
SP3-09891,ok,debt,2050,5332,820,0,0
SP3-09892,ok,debt,1835,4774,734,0,53917
SP3-09893,deficit,none,0,0,0,0,0
SP3-09894,deficit,none,0,0,0,0,6363637
SP3-09895,ok,goals+,0,0,0,2043,0
SP3-09896,ok,debt,469,528,175,0,0
SP3-09897,ok,goals+,0,0,4595,59694,0
SP3-09898,ok,goals+,0,0,52105,565155,4704866
SP3-09899,ok,debt,5966,15512,2386,0,0
SP3-09900,ok,reserve,6736,0,4490,0,0
SP3-09901,deficit,none,0,0,0,0,171183
SP3-09902,ok,debt,10964,28510,4385,0,15875
SP3-09903,ok,debt,5966,15512,2386,0,0
SP3-09904,deficit,none,0,0,0,0,503348
SP3-09905,ok,debt,793,2064,317,0,120830
SP3-09906,ok,debt,1563,4064,625,0,59345
SP3-09907,ok,debt,2874,3234,0,1078,0
SP3-09908,deficit,none,0,0,0,0,117478
SP3-09909,ok,debt,5361,13942,2144,0,0
SP3-09910,ok,goals+,0,0,8075,26154,577210
SP3-09911,ok,reserve,8259,0,0,5506,0
SP3-09912,ok,reserve,2131,0,1421,0,0
SP3-09913,ok,debt,3025,3405,1134,0,0
SP3-09914,deficit,none,0,0,0,0,0
SP3-09915,ok,reserve,26608,0,8886,8851,0
SP3-09916,ok,goals+,0,0,44698,79593,1856997
SP3-09917,ok,debt,22009,24762,8092,160,0
SP3-09918,deficit,none,0,0,0,0,1515366
SP3-09919,ok,debt,2005,2257,751,0,0
SP3-09920,ok,reserve,6238,0,0,4158,0
SP3-09921,ok,reserve,8305,0,0,5537,0
SP3-09922,ok,reserve,1617,0,1077,0,0
SP3-09923,deficit,none,0,0,0,0,560851
SP3-09924,ok,reserve,997,0,664,0,0
SP3-09925,deficit,none,0,0,0,0,2553438
SP3-09926,ok,goals+,0,0,43960,14846,885065
SP3-09927,deficit,none,0,0,0,0,1618179
SP3-09928,deficit,none,0,0,0,0,0
SP3-09929,invalid,none,0,0,0,0,0
SP3-09930,deficit,none,0,0,0,0,0
SP3-09931,deficit,none,0,0,0,0,2569710
SP3-09932,deficit,none,0,0,0,0,0
SP3-09933,ok,goals+,0,0,0,139281,0
SP3-09934,ok,goals+,153856,0,0,220826,247487
SP3-09935,deficit,none,0,0,0,0,0
SP3-09936,deficit,none,0,0,0,0,9518509
SP3-09937,ok,reserve,3567,0,0,2378,0
SP3-09938,ok,reserve,5609,0,3738,0,0
SP3-09939,ok,debt,809,2107,323,0,0
SP3-09940,ok,reserve,950,0,632,0,68593
SP3-09941,deficit,none,0,0,0,0,130609
SP3-09942,deficit,none,0,0,0,0,1780877
SP3-09943,ok,debt,2987,7769,1195,0,0
SP3-09944,deficit,none,0,0,0,0,43889
SP3-09945,ok,debt,5540,14406,2216,0,0
SP3-09946,deficit,none,0,0,0,0,103401
SP3-09947,ok,debt,8681,22574,3472,0,0
SP3-09948,ok,goals+,0,0,0,7590,3701268
SP3-09949,invalid,none,0,0,0,0,0
SP3-09950,deficit,none,0,0,0,0,0
SP3-09951,ok,debt,0,2454,1052,0,541759
SP3-09952,deficit,none,0,0,0,0,0
SP3-09953,deficit,none,0,0,0,0,4258677
SP3-09954,deficit,none,0,0,0,0,563786
SP3-09955,invalid,none,0,0,0,0,0
SP3-09956,deficit,none,0,0,0,0,0
SP3-09957,deficit,none,0,0,0,0,309270
SP3-09958,ok,debt,8658,9741,3247,0,0
SP3-09959,invalid,none,0,0,0,0,0
SP3-09960,ok,debt,2198,2473,824,0,0
SP3-09961,deficit,none,0,0,0,0,5874494
SP3-09962,deficit,none,0,0,0,0,0
SP3-09963,deficit,none,0,0,0,0,739740
SP3-09964,ok,goals+,0,0,7717,362265,12584833
SP3-09965,ok,debt,2954,7684,0,1181,558116
SP3-09966,invalid,none,0,0,0,0,0
SP3-09967,deficit,none,0,0,0,0,259510
SP3-09968,ok,reserve,7702,0,366,4767,0
SP3-09969,ok,reserve,37135,0,13850,10907,0
SP3-09970,deficit,none,0,0,0,0,627096
SP3-09971,deficit,none,0,0,0,0,1228140
SP3-09972,ok,reserve,20346,0,0,13563,0
SP3-09973,ok,reserve,8742,0,0,5827,29741
SP3-09974,ok,debt,29383,33058,11018,0,0
SP3-09975,ok,debt,1030,2681,0,412,28443
SP3-09976,deficit,none,0,0,0,0,0
SP3-09977,deficit,none,0,0,0,0,44939
SP3-09978,ok,goals+,0,0,3195,0,733644
SP3-09979,ok,debt,8603,9680,3226,0,0
SP3-09980,deficit,none,0,0,0,0,0
SP3-09981,ok,debt,6613,7441,2267,212,0
SP3-09982,ok,reserve,15632,0,10421,0,0
SP3-09983,ok,goals+,0,0,42205,34877,1127026
SP3-09984,ok,debt,801,2083,320,0,36943
SP3-09985,ok,debt,14291,37159,0,5716,0
SP3-09986,ok,reserve,20004,0,13335,0,0
SP3-09987,deficit,none,0,0,0,0,48927
SP3-09988,ok,debt,4227,10991,1690,0,0
SP3-09989,ok,goals+,0,0,4168,3877,95309
SP3-09990,ok,debt,1874,4873,749,0,68251
SP3-09991,ok,reserve,11438,0,4534,3089,0
SP3-09992,ok,debt,1844,4795,0,737,0
SP3-09993,invalid,none,0,0,0,0,0
SP3-09994,invalid,none,0,0,0,0,0
SP3-09995,deficit,none,0,0,0,0,1228140
SP3-09996,ok,reserve,13612,0,9074,0,0
SP3-09997,ok,debt,4020,10452,1608,0,40475
SP3-09998,ok,debt,9085,23621,3634,0,78130
SP3-09999,ok,goals+,0,0,0,63862,168993
SP3-10000,deficit,none,0,0,0,0,0
SP3-10001,deficit,none,0,0,0,0,6564590
SP3-10002,ok,debt,63682,71644,23881,0,0
SP3-10003,invalid,none,0,0,0,0,0
SP3-10004,ok,goals+,0,0,124628,198817,3150692
SP3-10005,ok,goals+,0,0,40671,2689,454810
SP3-10006,ok,goals+,0,0,3758,21760,125521
SP3-10007,ok,reserve,8188,0,5458,0,0
SP3-10008,ok,debt,887,2308,0,354,0
SP3-10009,deficit,none,0,0,0,0,468923
SP3-10010,ok,goals+,0,0,15563,147938,6805989
SP3-02433,invalid,none,0,0,0,0,0
SP3-10012,ok,goals+,0,0,26993,0,116365
SP3-10013,ok,debt,4291,11158,1716,0,0
SP3-10014,ok,debt,2370,6162,948,0,138174
SP3-10015,invalid,none,0,0,0,0,0
SP3-10016,ok,debt,772,2009,308,0,426041
SP3-10017,ok,goals+,0,0,158049,0,8760578
SP3-10018,ok,goals+,0,0,26993,0,116365
SP3-10019,ok,reserve,92969,0,61978,0,0
SP3-10020,deficit,none,0,0,0,0,0
SP3-10021,invalid,none,0,0,0,0,0
SP3-10022,ok,goals+,6351,0,4854,7476,0
SP3-10023,ok,debt,5220,13575,1939,149,21539
SP3-10024,ok,goals+,0,0,2921,49428,180633
SP3-10025,ok,debt,18781,21130,7043,0,111327
SP3-10026,ok,debt,2601,6764,1040,0,0
SP3-10027,deficit,none,0,0,0,0,0
SP3-10028,deficit,none,0,0,0,0,7564492
SP3-10029,ok,debt,3837,9978,0,1534,0
SP3-10030,deficit,none,0,0,0,0,0
SP3-10031,deficit,none,0,0,0,0,0
SP3-10032,ok,reserve,7404,0,0,4935,0
SP3-10033,ok,reserve,26541,0,17693,0,0
SP3-10034,ok,goals+,0,0,5771,69930,1140262
SP3-10035,ok,reserve,9961,0,6640,0,0
SP3-10036,deficit,none,0,0,0,0,0
SP3-10037,deficit,none,0,0,0,0,347216
SP3-10038,ok,goals+,0,0,13510,221,0
SP3-10039,deficit,none,0,0,0,0,0
SP3-10040,ok,reserve,28137,0,18758,0,896229
SP3-10041,ok,debt,2620,6813,1048,0,0
SP3-10042,ok,goals+,0,0,47259,30186,2396311
SP3-10043,ok,goals+,0,0,11772,264755,0
SP3-10044,deficit,none,0,0,0,0,89509
SP3-10045,deficit,none,0,0,0,0,0
SP3-10046,ok,debt,0,3775,2177,0,17903
SP3-10047,ok,debt,4251,11056,1700,0,31004
SP3-10048,ok,debt,476,1240,190,0,0
SP3-10049,ok,debt,2294,5968,917,0,0
SP3-10050,ok,goals+,0,0,0,258938,6389377
SP3-10051,deficit,none,0,0,0,0,348936
SP3-10052,ok,debt,12162,31624,2266,2598,244685
SP3-10053,ok,goals+,0,0,28192,0,601816
SP3-10054,ok,reserve,34531,0,5774,17246,0
SP3-10055,ok,debt,3763,9785,1505,0,0
SP3-10056,deficit,none,0,0,0,0,839745
SP3-10057,deficit,none,0,0,0,0,718294
SP3-10058,ok,goals+,0,0,1572,66647,996411
SP3-10059,ok,debt,0,3633,641,0,0
SP3-10060,deficit,none,0,0,0,0,32834
SP3-10061,ok,debt,7112,18493,2844,0,0
SP3-10062,deficit,none,0,0,0,0,0
SP3-10063,ok,debt,1830,4758,732,0,175616
SP3-10064,ok,reserve,29071,0,7744,11636,0
SP3-10065,ok,debt,3191,8298,1276,0,126727
SP3-10066,ok,debt,7117,8008,2669,0,0
SP3-10067,invalid,none,0,0,0,0,0
SP3-10068,deficit,none,0,0,0,0,0
SP3-10069,ok,debt,6838,17779,2735,0,0
SP3-10070,ok,reserve,24007,0,2307,13696,0
SP3-10071,ok,reserve,6347,0,1863,2367,0
SP3-10072,invalid,none,0,0,0,0,0
SP3-10073,deficit,none,0,0,0,0,0
SP3-10074,deficit,none,0,0,0,0,53389
SP3-10075,deficit,none,0,0,0,0,0
SP3-10076,deficit,none,0,0,0,0,0
SP3-10077,deficit,none,0,0,0,0,0
SP3-10078,ok,debt,12897,33534,5158,0,0
SP3-10079,ok,debt,3740,9725,1496,0,81500
SP3-10080,ok,debt,3591,9337,1436,0,233698
SP3-10081,ok,goals+,0,0,1331,5233,97428
SP3-10082,ok,reserve,7117,0,4744,0,0
SP3-10083,deficit,none,0,0,0,0,4176908
SP3-10084,deficit,none,0,0,0,0,357907
SP3-10085,deficit,none,0,0,0,0,214062
SP3-10086,deficit,none,0,0,0,0,1107669
SP3-10087,deficit,none,0,0,0,0,6779948
SP3-10088,invalid,none,0,0,0,0,0
SP3-10089,ok,debt,3715,9663,1478,7,0
SP3-10090,ok,reserve,26109,0,0,17406,0
SP3-10091,ok,debt,184,481,73,0,0
SP3-10092,ok,reserve,22929,0,15286,0,0
SP3-10093,ok,goals+,0,0,73418,0,3913327
SP3-10094,ok,goals+,0,0,11954,24566,313417
SP3-10095,deficit,none,0,0,0,0,28039
SP3-10096,ok,reserve,11217,0,7477,0,0
SP3-10097,ok,debt,1009,2624,403,0,0
SP3-10098,deficit,none,0,0,0,0,64791
SP3-10099,ok,debt,175,458,70,0,0
SP3-10100,deficit,none,0,0,0,0,0
SP3-10101,ok,debt,9545,24817,3818,0,0
SP3-10102,ok,goals+,0,0,0,129161,4624543
SP3-10103,ok,reserve,23565,0,15709,0,0
SP3-10104,deficit,none,0,0,0,0,0
SP3-10105,ok,debt,2294,5966,0,917,0
SP3-10106,deficit,none,0,0,0,0,0
SP3-10107,ok,goals+,0,0,384,22406,383066
SP3-10108,ok,reserve,1780,0,1186,0,0
SP3-10109,ok,debt,7117,8008,2669,0,0
SP3-10110,ok,reserve,35550,0,1521,22179,0
SP3-10111,ok,reserve,41564,0,27709,0,0
SP3-10112,ok,goals+,0,0,0,13585,272798
SP3-10113,ok,goals+,0,0,9498,1606,91915
SP3-10114,deficit,none,0,0,0,0,0
SP3-10115,deficit,none,0,0,0,0,0
SP3-10116,ok,debt,55236,143614,12899,9195,0
SP3-10117,deficit,none,0,0,0,0,1922432
SP3-10118,ok,reserve,15960,0,10640,0,0
SP3-10119,deficit,none,0,0,0,0,0
SP3-10120,ok,goals+,0,0,1000,49771,447996
SP3-10121,deficit,none,0,0,0,0,277473
SP3-10122,ok,debt,11621,30218,4648,0,1610462
SP3-10123,deficit,none,0,0,0,0,1941755
SP3-10124,deficit,none,0,0,0,0,0
SP3-10125,deficit,none,0,0,0,0,983291
SP3-10126,invalid,none,0,0,0,0,0
SP3-10127,invalid,none,0,0,0,0,0
SP3-10128,ok,reserve,23877,0,15917,0,0
SP3-10129,ok,reserve,25053,0,16702,0,0
SP3-10130,deficit,none,0,0,0,0,0
SP3-10131,invalid,none,0,0,0,0,0
SP3-10132,deficit,none,0,0,0,0,284504
SP3-10133,deficit,none,0,0,0,0,12572888
SP3-10134,deficit,none,0,0,0,0,0
SP3-10135,invalid,none,0,0,0,0,0
SP3-10136,deficit,none,0,0,0,0,0
SP3-10137,invalid,none,0,0,0,0,0
SP3-10138,ok,goals+,0,0,1931,812,594808
SP3-10139,ok,reserve,7912,0,3376,1897,0
SP3-10140,ok,debt,6529,7346,2448,0,0
SP3-10141,ok,reserve,36031,0,5515,18505,0
SP3-10142,invalid,none,0,0,0,0,0
SP3-10143,deficit,none,0,0,0,0,0
SP3-10144,ok,debt,425,1105,170,0,0
SP3-10145,invalid,none,0,0,0,0,0
SP3-10146,ok,debt,14090,36635,5636,0,0
SP3-10147,ok,reserve,3444,0,2295,0,0
SP3-10148,deficit,none,0,0,0,0,435524
SP3-10149,ok,goals+,0,0,49943,0,20524757
SP3-10150,deficit,none,0,0,0,0,0
SP3-10151,ok,debt,65293,73455,24484,0,0
SP3-10152,deficit,none,0,0,0,0,0
SP3-10153,ok,reserve,2268,0,1511,0,0
SP3-10154,deficit,none,0,0,0,0,0
SP3-10155,ok,goals+,0,0,24385,10018,625341
SP3-10156,deficit,none,0,0,0,0,1786692
SP3-10157,ok,debt,3334,8671,1333,0,0
SP3-10158,ok,debt,3740,9725,1496,0,24971
SP3-10159,ok,debt,499,1301,199,0,0
SP3-10160,deficit,none,0,0,0,0,34315
SP3-10161,ok,debt,1570,4083,628,0,0
SP3-10162,deficit,none,0,0,0,0,14788787
SP3-10163,deficit,none,0,0,0,0,0
SP3-10164,ok,none,0,0,0,0,0
SP3-10165,deficit,none,0,0,0,0,0
SP3-10166,ok,goals+,69731,0,26275,76077,816125
SP3-10167,ok,debt,1922,5000,769,0,62093
SP3-10168,ok,debt,2724,7084,1089,0,68182
SP3-10169,ok,reserve,13938,0,9291,0,0
SP3-10170,deficit,none,0,0,0,0,0
SP3-10171,ok,debt,2690,6995,1076,0,0
SP3-10172,ok,reserve,96698,0,64465,0,0
SP3-10173,ok,debt,15324,39844,0,6129,0
SP3-10174,ok,goals+,0,0,14320,10969,0
SP3-10175,deficit,none,0,0,0,0,0
SP3-10176,ok,reserve,6435,0,2636,1652,0
SP3-10177,deficit,none,0,0,0,0,10072675
SP3-10178,invalid,none,0,0,0,0,0
SP3-10179,deficit,none,0,0,0,0,452408
SP3-10180,ok,debt,769,2002,307,0,12178
SP3-10181,deficit,none,0,0,0,0,9228458
SP3-10182,deficit,none,0,0,0,0,0
SP3-10183,ok,reserve,32816,0,6944,14932,3182095
SP3-10184,invalid,none,0,0,0,0,0
SP3-10185,deficit,none,0,0,0,0,0
SP3-10186,ok,debt,2004,5213,801,0,0
SP3-10187,deficit,none,0,0,0,0,0
SP3-10188,ok,debt,6061,15762,2424,0,198063
SP3-10189,deficit,none,0,0,0,0,11525894
SP3-10190,ok,debt,95,247,38,0,416092
SP3-10191,deficit,none,0,0,0,0,4984775
SP3-10192,ok,reserve,20867,0,13910,0,0
SP3-10193,ok,debt,617,1606,247,0,19160
SP3-10194,ok,goals+,0,0,10320,0,458442
SP3-10195,ok,reserve,15693,0,10462,0,0
SP3-10196,deficit,none,0,0,0,0,0
SP3-10197,ok,debt,21215212,55159552,8486084,0,127121278
SP3-10198,deficit,none,0,0,0,0,0
SP3-10199,deficit,none,0,0,0,0,0
SP3-10200,deficit,none,0,0,0,0,501590
SP3-10201,ok,reserve,66894,0,23141,21455,0
SP3-10202,ok,debt,5236,5891,0,1963,0
SP3-10203,deficit,none,0,0,0,0,0
SP3-10204,ok,debt,2520,2837,945,0,0
SP3-10205,ok,reserve,23992,0,15995,0,0
SP3-10206,deficit,none,0,0,0,0,16086
SP3-10207,ok,goals+,0,0,70492,0,1013849
SP3-10208,deficit,none,0,0,0,0,15964
SP3-10209,ok,goals+,0,0,10939,0,458442
SP3-10210,deficit,none,0,0,0,0,77867
SP3-10211,ok,goals+,0,0,328025,50371,0
SP3-10212,ok,debt,17140,44564,6856,0,103985
SP3-10213,ok,reserve,53404,0,33293,2309,0
SP3-10214,deficit,none,0,0,0,0,28954
SP3-10215,deficit,none,0,0,0,0,15639
SP3-10216,deficit,none,0,0,0,0,0
SP3-10217,ok,reserve,12402,0,0,8268,0
SP3-10218,deficit,none,0,0,0,0,0
SP3-10219,ok,goals+,0,0,0,10514,369410
SP3-10220,deficit,none,0,0,0,0,0
SP3-10221,deficit,none,0,0,0,0,0
SP3-10222,ok,debt,718,1869,287,0,65395
SP3-10223,ok,debt,4313,11215,1725,0,34393
SP3-10224,ok,debt,0,1,0,0,0
SP3-10225,ok,none,0,0,0,0,0
SP3-10226,deficit,none,0,0,0,0,0
SP3-10227,ok,goals+,0,0,269414,0,12100512
SP3-10228,ok,reserve,8477,0,967,4683,41905
SP3-10229,invalid,none,0,0,0,0,0
SP3-10230,deficit,none,0,0,0,0,0
SP3-10231,ok,reserve,19725,0,13150,0,0
SP3-10232,ok,reserve,8099,0,5399,0,0
SP3-10233,ok,debt,0,93135,39914,0,2925432
SP3-10234,deficit,none,0,0,0,0,1037848
SP3-10235,ok,debt,3984,4484,1494,0,75009
SP3-10236,deficit,none,0,0,0,0,0
SP3-07805,invalid,none,0,0,0,0,0
SP3-10238,deficit,none,0,0,0,0,0
SP3-10239,ok,reserve,54736,0,0,36491,0
SP3-10240,ok,reserve,6898,0,0,4598,0
SP3-10241,ok,goals+,0,0,0,15336,0
SP3-10242,invalid,none,0,0,0,0,0
SP3-10243,deficit,none,0,0,0,0,0
SP3-10244,ok,reserve,4612,0,3075,0,0
SP3-10245,invalid,none,0,0,0,0,0
SP3-10246,deficit,none,0,0,0,0,170868
SP3-10247,deficit,none,0,0,0,0,0
SP3-10248,ok,reserve,27034,0,18022,0,0
SP3-10249,ok,goals+,0,0,22327,12072,61326
SP3-10250,invalid,none,0,0,0,0,0
SP3-10251,deficit,none,0,0,0,0,0
SP3-10252,ok,goals+,0,0,7899,0,449213
SP3-10253,deficit,none,0,0,0,0,0
SP3-10254,ok,reserve,15045,0,0,10029,0
SP3-10255,deficit,none,0,0,0,0,0
SP3-10256,ok,debt,9417,24485,3766,0,0
SP3-10257,deficit,none,0,0,0,0,0
SP3-10258,deficit,none,0,0,0,0,1224375
SP3-10259,deficit,none,0,0,0,0,0
SP3-10260,ok,reserve,8256,0,5504,0,0
SP3-10261,ok,debt,799,2078,319,0,0
SP3-10262,ok,debt,2867,7456,1000,146,83139
SP3-10263,ok,goals+,0,0,4018,0,5427899
SP3-10264,ok,goals+,0,0,3656,18943,0
SP3-10265,deficit,none,0,0,0,0,1942129
SP3-10266,deficit,none,0,0,0,0,0
SP3-10267,ok,debt,5010,13027,2004,0,0
SP3-10268,deficit,none,0,0,0,0,0
SP3-10269,ok,debt,5202,13528,0,2081,0
SP3-10270,ok,reserve,975,0,650,0,0
SP3-10271,ok,debt,1141,2967,456,0,0
SP3-10272,ok,reserve,6717,0,4478,0,0
SP3-10273,ok,debt,8028,20873,3211,0,177204
SP3-10274,ok,debt,851,2216,340,0,0
SP3-10275,ok,debt,1614,4198,645,0,0
SP3-10276,invalid,none,0,0,0,0,0
SP3-10277,ok,reserve,31086,0,12456,8267,0
SP3-10278,ok,debt,8581,22314,3432,0,56390
SP3-10279,deficit,none,0,0,0,0,0
SP3-10280,ok,debt,3990,10375,0,1596,636476
SP3-10281,ok,reserve,929,0,619,0,149169
SP3-10282,deficit,none,0,0,0,0,1909607
SP3-10283,ok,debt,1536,3995,614,0,0
SP3-10284,ok,debt,524,1364,209,0,113904
SP3-10285,ok,debt,2506,6519,1002,0,0
SP3-10286,deficit,none,0,0,0,0,0
SP3-10287,deficit,none,0,0,0,0,4754174
SP3-10288,ok,debt,1288,3351,515,0,25717
SP3-10289,ok,debt,3064,7967,1225,0,0
SP3-10290,ok,reserve,10943,0,0,7295,0
SP3-10291,deficit,none,0,0,0,0,16753796
SP3-10292,deficit,none,0,0,0,0,0
SP3-10293,ok,goals+,0,0,45906,352499,14132311
SP3-10294,deficit,none,0,0,0,0,0
SP3-10295,ok,goals+,0,0,2416,0,0
SP3-10296,ok,reserve,16582,0,7761,3292,0
SP3-10297,deficit,none,0,0,0,0,186359
SP3-10298,ok,debt,16607,43180,6642,0,541871
SP3-10299,ok,debt,1141,2967,456,0,0
SP3-10300,ok,debt,0,24258,10396,0,3593064
SP3-10301,deficit,none,0,0,0,0,612362
SP3-10302,deficit,none,0,0,0,0,206159
SP3-10303,deficit,none,0,0,0,0,0
SP3-10304,ok,goals+,0,0,91579,636933,6945796
SP3-10305,ok,debt,1140,2967,0,456,0
SP3-10306,ok,none,0,0,0,0,0
SP3-10307,deficit,none,0,0,0,0,0
SP3-10308,ok,goals+,0,0,19440,201909,1217275
SP3-10309,ok,goals+,0,0,0,8083,283367
SP3-10310,deficit,none,0,0,0,0,0
SP3-10311,deficit,none,0,0,0,0,0
SP3-10312,ok,reserve,5589,0,0,3725,0
SP3-10313,deficit,none,0,0,0,0,0
SP3-10314,deficit,none,0,0,0,0,221567
SP3-10315,invalid,none,0,0,0,0,0
SP3-10316,ok,goals+,0,0,0,247657,13279762
SP3-10317,deficit,none,0,0,0,0,0
SP3-10318,ok,debt,2062,5363,825,0,42154
SP3-10319,ok,reserve,7734,0,5156,0,0
SP3-10320,ok,debt,3170,8244,0,1268,0
SP3-10321,ok,goals+,0,0,438406,235391,4478316
SP3-10322,ok,reserve,9939,0,6625,0,0
SP3-10323,ok,debt,730,1898,0,292,65880
SP3-10324,ok,debt,17641,45868,6945,111,0
SP3-10325,ok,goals+,0,0,3492,13029,845473
SP3-10326,ok,reserve,13618,0,9078,0,0
SP3-10327,ok,reserve,22334,0,0,14889,0
SP3-10328,ok,goals+,0,0,2179,0,223665
SP3-10329,ok,debt,1946,5061,380,398,23906
SP3-10330,ok,reserve,3106,0,2070,0,0
SP3-10331,ok,debt,135,354,54,0,0
SP3-10332,ok,reserve,18401,0,12267,0,0
SP3-10333,ok,debt,4298,11176,1719,0,0
SP3-10334,ok,debt,502,1308,201,0,0
SP3-10335,ok,debt,502,1308,201,0,0
SP3-10336,deficit,none,0,0,0,0,0
SP3-10337,ok,goals+,0,836,909,114,251833
SP3-10338,ok,debt,5720,14873,2288,0,0
SP3-10339,deficit,none,0,0,0,0,0
SP3-10340,deficit,none,0,0,0,0,108688
SP3-10341,ok,goals+,0,0,0,62703,4274034
SP3-10342,deficit,none,0,0,0,0,11240633
SP3-10343,ok,reserve,10308,0,2978,3892,0
SP3-10344,deficit,none,0,0,0,0,426762
SP3-10345,deficit,none,0,0,0,0,421367
SP3-10346,deficit,none,0,0,0,0,51994
SP3-10347,deficit,none,0,0,0,0,0
SP3-10348,deficit,none,0,0,0,0,0
SP3-10349,ok,debt,2982,7755,1193,0,0
SP3-10350,deficit,none,0,0,0,0,0
SP3-10351,deficit,none,0,0,0,0,131500
SP3-10352,invalid,none,0,0,0,0,0
SP3-10353,deficit,none,0,0,0,0,140891
SP3-10354,ok,debt,4391,11418,1756,0,0
SP3-10355,deficit,none,0,0,0,0,222900
SP3-10356,ok,debt,9928,25816,3971,0,0
SP3-10357,ok,debt,896,2333,358,0,0
SP3-10358,ok,debt,755,1965,302,0,155350
SP3-10359,ok,debt,525,1367,210,0,0
SP3-10360,deficit,none,0,0,0,0,96084
SP3-10361,ok,debt,3871,10066,1548,0,32535
SP3-10362,ok,goals+,0,0,7621,0,0
SP3-10363,invalid,none,0,0,0,0,0
SP3-10364,ok,goals+,0,0,928,7959,141834
SP3-10365,deficit,none,0,0,0,0,261003
SP3-10366,ok,reserve,9997,0,6664,0,0
SP3-10367,ok,debt,7364,19150,2945,0,206642
SP3-10368,deficit,none,0,0,0,0,1957116
SP3-10369,deficit,none,0,0,0,0,14831209
SP3-10370,ok,debt,5393,14025,2157,0,144478
SP3-10371,invalid,none,0,0,0,0,0
SP3-10372,ok,debt,10743,27934,4297,0,15116
SP3-10373,ok,debt,407,1059,162,0,0
SP3-10374,deficit,none,0,0,0,0,256670
SP3-10375,ok,debt,1310,3407,524,0,0
SP3-10376,ok,reserve,61079652,0,13692299,27027468,979996860
SP3-10377,invalid,none,0,0,0,0,0
SP3-10378,deficit,none,0,0,0,0,328475
SP3-10379,ok,reserve,13064,0,2022,6686,0
SP3-10380,ok,reserve,2639,0,1759,0,0
SP3-10381,ok,debt,2100,5460,840,0,0
SP3-10382,deficit,none,0,0,0,0,0
SP3-10383,ok,goals+,0,0,37589,0,0
SP3-10384,deficit,none,0,0,0,0,167075
SP3-10385,ok,reserve,9111,0,6074,0,42037
SP3-10386,deficit,none,0,0,0,0,0
SP3-10387,deficit,none,0,0,0,0,0
SP3-10388,ok,debt,3865,10050,450,1096,0
SP3-10389,ok,debt,0,2337,1001,0,831333
SP3-10390,ok,debt,9460,24599,3784,0,0
SP3-10391,ok,reserve,9541,0,6360,0,0
SP3-10392,deficit,none,0,0,0,0,326401
SP3-10393,deficit,none,0,0,0,0,376542
SP3-10394,deficit,none,0,0,0,0,135528
SP3-10395,deficit,none,0,0,0,0,0
SP3-10396,deficit,none,0,0,0,0,3915473
SP3-10397,deficit,none,0,0,0,0,162088
SP3-10398,ok,reserve,3048,0,2032,0,0
SP3-10399,ok,goals+,0,0,25319,0,0
SP3-10400,deficit,none,0,0,0,0,10226
SP3-10401,deficit,none,0,0,0,0,0
SP3-10402,ok,reserve,6978,0,727,3924,0
SP3-10403,ok,reserve,19256,0,12837,0,0
SP3-10404,ok,reserve,34308,0,0,22872,0
SP3-10405,deficit,none,0,0,0,0,0
SP3-10406,ok,debt,15944,41456,6377,0,0
SP3-10407,deficit,none,0,0,0,0,0
SP3-10408,deficit,none,0,0,0,0,102261
SP3-10409,ok,debt,6712,17453,2684,0,0
SP3-10410,ok,goals+,0,0,0,7807,149732
SP3-10411,deficit,none,0,0,0,0,947103
SP3-10412,ok,reserve,2625,0,202,1547,61267
SP3-10413,deficit,none,0,0,0,0,0
SP3-10414,ok,debt,1305,3396,522,0,209729
SP3-10415,ok,goals+,0,0,0,2938,325370
SP3-10416,deficit,none,0,0,0,0,0
SP3-10417,ok,goals+,0,0,16105,45379,3389333
SP3-10418,deficit,none,0,0,0,0,174346
SP3-10419,deficit,none,0,0,0,0,0
SP3-10420,invalid,none,0,0,0,0,0
SP3-10421,ok,goals+,0,0,3023,14104,824551
SP3-10422,ok,debt,769,2000,307,0,0
SP3-10423,deficit,none,0,0,0,0,0
SP3-10424,ok,debt,5113,13296,0,2045,0
SP3-10425,ok,goals+,0,0,3585,0,75281
SP3-10426,deficit,none,0,0,0,0,21485971
SP3-10427,ok,debt,8213,9241,3080,0,279270
SP3-10428,ok,debt,3642,9470,1456,0,0
SP3-10429,deficit,none,0,0,0,0,0
SP3-10430,deficit,none,0,0,0,0,0
SP3-10431,ok,debt,133167890,149813878,0,49937959,0
SP3-10432,deficit,none,0,0,0,0,0
SP3-10433,deficit,none,0,0,0,0,392713
SP3-10434,ok,goals+,0,0,43017,110703,8800715
SP3-10435,deficit,none,0,0,0,0,696497
SP3-10436,ok,goals+,0,0,12729,8485,198117
SP3-10437,ok,goals+,0,0,0,131452,523468
SP3-10438,deficit,none,0,0,0,0,0
SP3-10439,deficit,none,0,0,0,0,569294
SP3-10440,invalid,none,0,0,0,0,0
SP3-10441,ok,debt,1728,4494,691,0,196290
SP3-10442,deficit,none,0,0,0,0,217293
SP3-10443,invalid,none,0,0,0,0,0
SP3-10444,ok,debt,377,982,151,0,0
SP3-10445,ok,debt,6808,17704,0,2723,0
SP3-10446,deficit,none,0,0,0,0,0
SP3-10447,ok,debt,1625,4228,650,0,0
SP3-10448,ok,debt,0,9344,2582,1421,431339
SP3-10449,ok,debt,156,407,0,62,0
SP3-10450,ok,debt,0,10162,2582,1772,431339
SP3-10451,deficit,none,0,0,0,0,0
SP3-10452,invalid,none,0,0,0,0,0
SP3-10453,ok,debt,2695,7007,1078,0,0
SP3-10454,deficit,none,0,0,0,0,161930
SP3-10455,ok,goals+,0,0,1335,13517,218917
SP3-10456,ok,debt,14176,36859,5670,0,401132
SP3-10457,deficit,none,0,0,0,0,80758
SP3-10458,ok,debt,1667,4335,666,0,47346
SP3-10459,deficit,none,0,0,0,0,0
SP3-10460,ok,debt,3303,8588,1321,0,0
SP3-10461,ok,debt,322,839,128,0,88229
SP3-10462,deficit,none,0,0,0,0,240166
SP3-10463,ok,reserve,6924,0,4616,0,0
SP3-10464,ok,debt,2558,6654,1023,0,0
SP3-10465,deficit,none,0,0,0,0,78767
SP3-10466,invalid,none,0,0,0,0,0
SP3-10467,invalid,none,0,0,0,0,0
SP3-10468,deficit,none,0,0,0,0,0
SP3-10469,ok,debt,400,1041,160,0,28969
SP3-10470,invalid,none,0,0,0,0,0
SP3-10471,ok,goals+,115627,0,141590,0,0
SP3-10472,deficit,none,0,0,0,0,0
SP3-10473,ok,debt,1730,1947,649,0,0
SP3-10474,deficit,none,0,0,0,0,580729
SP3-10475,deficit,none,0,0,0,0,3900165
SP3-10476,deficit,none,0,0,0,0,0
SP3-10477,ok,reserve,14757,0,0,9838,0
SP3-10478,deficit,none,0,0,0,0,0
SP3-10479,invalid,none,0,0,0,0,0
SP3-10480,invalid,none,0,0,0,0,0
SP3-10481,deficit,none,0,0,0,0,3722715
SP3-10482,ok,debt,1667,4335,666,0,47346
SP3-10483,ok,debt,9107,23680,3642,0,18807
SP3-10484,ok,debt,2341,6087,936,0,0
SP3-10485,ok,debt,2250,5852,900,0,0
SP3-10486,ok,goals+,0,0,19100,0,1926316
SP3-10487,invalid,none,0,0,0,0,0
SP3-10488,ok,reserve,7868,0,357,4886,0
SP3-10489,ok,debt,1185,3083,474,0,99496
SP3-10490,ok,reserve,10767,0,7178,0,0
SP3-10491,ok,reserve,76477,0,23970,27013,0
SP3-10492,invalid,none,0,0,0,0,0
SP3-10493,deficit,none,0,0,0,0,0
SP3-10494,deficit,none,0,0,0,0,195795
SP3-10495,ok,reserve,983,0,654,0,0
SP3-10496,deficit,none,0,0,0,0,0
SP3-10497,deficit,none,0,0,0,0,0
SP3-10498,deficit,none,0,0,0,0,0
SP3-02705,invalid,none,0,0,0,0,0
SP3-10500,ok,debt,452,1178,0,181,0
SP3-10501,deficit,none,0,0,0,0,0
SP3-10502,invalid,none,0,0,0,0,0
SP3-10503,ok,reserve,7870,0,5246,0,0
SP3-10504,deficit,none,0,0,0,0,0
SP3-10505,ok,debt,5743,14933,2297,0,126975
SP3-10506,ok,debt,81247329,164216438,79525549,0,0
SP3-10507,ok,goals+,0,0,0,10911,3535088
SP3-10508,ok,goals+,0,0,84173,0,4078106
SP3-10509,ok,reserve,10561,0,0,7041,0
SP3-10510,ok,reserve,8854,0,0,5902,0
SP3-10511,deficit,none,0,0,0,0,49979
SP3-10512,ok,debt,2228,5794,891,0,0
SP3-10513,deficit,none,0,0,0,0,56789
SP3-10514,deficit,none,0,0,0,0,10515
SP3-10515,ok,reserve,3820,0,2546,0,0
SP3-10516,deficit,none,0,0,0,0,0
SP3-10517,invalid,none,0,0,0,0,0
SP3-10518,invalid,none,0,0,0,0,0
SP3-10519,ok,debt,1533,3988,0,613,0
SP3-10520,ok,reserve,42291,0,19605,8588,0
SP3-00320,invalid,none,0,0,0,0,0
SP3-10522,ok,reserve,31336,0,327,20561,0
SP3-10523,ok,debt,3196,8311,1278,0,23482
SP3-10524,ok,debt,3195,8309,0,1278,0
SP3-10525,ok,debt,140,365,56,0,0
SP3-10526,ok,goals+,0,0,1555,40629,1113002
SP3-10527,deficit,none,0,0,0,0,0
SP3-10528,ok,reserve,21753,0,5432,9069,0
SP3-10529,ok,goals+,0,0,158898,0,7508990
SP3-10530,ok,debt,1399,3638,559,0,41121
SP3-05231,invalid,none,0,0,0,0,0
SP3-10532,ok,debt,2816,7323,1126,0,45179
SP3-10533,ok,reserve,8997,0,5741,255,0
SP3-10534,invalid,none,0,0,0,0,0
SP3-10535,ok,debt,218,570,87,0,339820
SP3-10536,ok,reserve,24760,0,16506,0,0
SP3-10537,deficit,none,0,0,0,0,0
SP3-10538,ok,debt,300,783,120,0,0
SP3-10539,deficit,none,0,0,0,0,852582
SP3-10540,ok,reserve,54364,0,10010,26232,0
SP3-10541,ok,debt,2816,7323,1126,0,45179
SP3-10542,deficit,none,0,0,0,0,0
SP3-10543,ok,reserve,9883,0,820,5768,0
SP3-10544,invalid,none,0,0,0,0,0
SP3-10545,ok,goals+,0,0,0,32618,0
SP3-10546,deficit,none,0,0,0,0,213365
SP3-10547,deficit,none,0,0,0,0,0
SP3-10548,deficit,none,0,0,0,0,572479
SP3-10549,deficit,none,0,0,0,0,0
SP3-10550,ok,debt,2366,2662,887,0,0
SP3-10551,deficit,none,0,0,0,0,451283
SP3-10552,ok,debt,2040,5306,0,816,120982
SP3-10553,ok,debt,32496,36559,0,12186,0
SP3-10554,deficit,none,0,0,0,0,24679056
SP3-10555,ok,debt,3737,9719,1495,0,0
SP3-10556,deficit,none,0,0,0,0,0
SP3-10557,deficit,none,0,0,0,0,275416
SP3-10558,deficit,none,0,0,0,0,2425306
SP3-10559,ok,debt,331,865,7,124,220866
SP3-10560,ok,reserve,11530,0,2439,5247,0
SP3-10561,ok,debt,35369,39793,5668,7594,0
SP3-10562,ok,debt,741,1927,296,0,0
SP3-10563,ok,reserve,35139,0,23425,0,0
SP3-10564,deficit,none,0,0,0,0,1119096
SP3-10565,ok,reserve,14925,0,9949,0,0
SP3-10566,deficit,none,0,0,0,0,451918
SP3-10567,deficit,none,0,0,0,0,0
SP3-10568,deficit,none,0,0,0,0,0
SP3-10569,deficit,none,0,0,0,0,54437
SP3-10570,ok,debt,14420,95462,36982,0,111765
SP3-10571,ok,reserve,1238,0,0,824,0
SP3-10572,ok,debt,1223,3183,489,0,0
SP3-10573,deficit,none,0,0,0,0,0
SP3-10574,invalid,none,0,0,0,0,0
SP3-10575,ok,debt,4840,5446,1815,0,0
SP3-10576,ok,reserve,22245,0,5698,9131,0
SP3-10577,ok,debt,4048,4555,1518,0,41431
SP3-10578,ok,debt,2970,7722,0,1188,509385
SP3-10579,ok,debt,7079,18406,2831,0,0
SP3-10580,ok,debt,1058,2751,423,0,0
SP3-10581,deficit,none,0,0,0,0,310469
SP3-10582,deficit,none,0,0,0,0,5229588
SP3-10583,deficit,none,0,0,0,0,0
SP3-10584,deficit,none,0,0,0,0,0
SP3-10585,deficit,none,0,0,0,0,897598
SP3-10586,deficit,none,0,0,0,0,262060
SP3-10587,deficit,none,0,0,0,0,0
SP3-10588,deficit,none,0,0,0,0,8106552
SP3-10589,ok,none,0,0,0,0,0
SP3-10590,ok,goals+,0,0,16696,13590,16595634
SP3-10591,deficit,none,0,0,0,0,10406
SP3-10592,deficit,none,0,0,0,0,1676298
SP3-10593,ok,reserve,2023,0,0,1349,0
SP3-10594,deficit,none,0,0,0,0,0
SP3-10595,ok,reserve,7281,0,4853,0,0
SP3-10596,deficit,none,0,0,0,0,699846
SP3-10597,ok,reserve,16103,0,10735,0,0
SP3-10598,ok,debt,4408,11464,1763,0,0
SP3-10599,ok,goals+,0,0,472,192661,714129
SP3-10600,ok,goals+,0,0,54337,8380,5471965
SP3-10601,deficit,none,0,0,0,0,0
SP3-10602,ok,goals+,0,0,12950,12697,117387
SP3-10603,deficit,none,0,0,0,0,972302
SP3-10604,deficit,none,0,0,0,0,0
SP3-10605,deficit,none,0,0,0,0,514821
SP3-10606,ok,reserve,6654,0,4436,0,0
SP3-10607,ok,goals+,0,0,104561,627372,920300
SP3-10608,ok,reserve,1497,0,997,0,0
SP3-10609,ok,debt,35556,40002,7080,6252,127408
SP3-10610,deficit,none,0,0,0,0,676834
SP3-10611,deficit,none,0,0,0,0,794768
SP3-10612,deficit,none,0,0,0,0,0
SP3-10613,ok,none,0,0,0,0,316325
SP3-10614,deficit,none,0,0,0,0,0
SP3-10615,ok,debt,1328,3455,531,0,0
SP3-10616,deficit,none,0,0,0,0,84784
SP3-10617,ok,goals+,0,0,12521,0,0
SP3-10618,ok,goals+,0,0,0,124426,848026
SP3-10619,ok,reserve,4146,0,2764,0,0
SP3-10620,deficit,none,0,0,0,0,352546
SP3-10621,deficit,none,0,0,0,0,45294
SP3-10622,deficit,none,0,0,0,0,0
SP3-10623,ok,debt,1110,2886,444,0,0
SP3-10624,ok,debt,1008,2623,403,0,0
SP3-10625,deficit,none,0,0,0,0,0
SP3-10626,deficit,none,0,0,0,0,707077
SP3-10627,deficit,none,0,0,0,0,608382
SP3-10628,ok,goals+,0,0,0,227738,1251688
SP3-10629,deficit,none,0,0,0,0,290313
SP3-10630,deficit,none,0,0,0,0,129330
SP3-10631,deficit,none,0,0,0,0,41455
SP3-10632,ok,debt,1560,4059,280,344,0
SP3-10633,deficit,none,0,0,0,0,0
SP3-10634,ok,debt,36742,95530,14696,0,1473200
SP3-08940,invalid,none,0,0,0,0,0
SP3-10636,ok,debt,5866,15252,2346,0,0
SP3-10637,deficit,none,0,0,0,0,249414
SP3-10638,invalid,none,0,0,0,0,0
SP3-10639,ok,goals+,0,0,0,39808,0
SP3-10640,ok,debt,0,6374,6178,0,112412
SP3-10641,ok,goals+,0,0,5462,7478,423270
SP3-10642,ok,reserve,7129,0,4752,0,0
SP3-10643,ok,reserve,9329,0,6219,0,0
SP3-10644,deficit,none,0,0,0,0,0
SP3-10645,ok,debt,4840,5446,1815,0,0
SP3-10646,ok,reserve,28852,0,19234,0,0
SP3-10647,ok,debt,1965,5110,786,0,0
SP3-10648,ok,debt,2992,7780,0,1196,156875
SP3-10649,deficit,none,0,0,0,0,57061
SP3-10650,deficit,none,0,0,0,0,0
SP3-10651,ok,goals+,0,0,20131,0,2173828
SP3-10652,ok,debt,10341,26890,4136,0,8211005
SP3-10653,ok,reserve,9144,0,5317,779,0
SP3-10654,invalid,none,0,0,0,0,0
SP3-10655,ok,debt,4535,11792,1814,0,0
SP3-10656,invalid,none,0,0,0,0,0
SP3-10657,ok,reserve,28647,0,17416,1680,0
SP3-10658,deficit,none,0,0,0,0,0
SP3-10659,deficit,none,0,0,0,0,0
SP3-10660,deficit,none,0,0,0,0,437414
SP3-10661,ok,goals+,0,0,1930,6754,0
SP3-10662,ok,reserve,50648,0,33765,0,0
SP3-10663,ok,reserve,6900,0,0,4600,0
SP3-10664,deficit,none,0,0,0,0,841154
SP3-10665,invalid,none,0,0,0,0,0
SP3-04973,invalid,none,0,0,0,0,0
SP3-10667,deficit,none,0,0,0,0,0
SP3-10668,invalid,none,0,0,0,0,0
SP3-10669,ok,debt,1759,1980,659,0,0
SP3-10670,deficit,none,0,0,0,0,0
SP3-10671,deficit,none,0,0,0,0,2047561
SP3-10672,deficit,none,0,0,0,0,11117741
SP3-10673,ok,debt,1311,3412,0,524,60188
SP3-10674,ok,debt,4109,10684,1643,0,0
SP3-10675,deficit,none,0,0,0,0,4436391
SP3-10676,deficit,none,0,0,0,0,0
SP3-10677,deficit,none,0,0,0,0,0
SP3-10678,ok,reserve,18941,0,9919,2707,0
SP3-10679,ok,debt,2828,7355,0,1131,38207
SP3-10680,deficit,none,0,0,0,0,45965
SP3-10681,ok,debt,16087,41829,6435,0,163704
SP3-10682,deficit,none,0,0,0,0,215253
SP3-10683,ok,debt,3433,8926,1373,0,0
SP3-10684,deficit,none,0,0,0,0,0
SP3-10685,deficit,none,0,0,0,0,140514
SP3-10686,ok,debt,202,528,81,0,0
SP3-10687,ok,debt,1873,4872,749,0,0
SP3-10688,deficit,none,0,0,0,0,0
SP3-10689,ok,goals+,0,0,3407,6388,2682782
SP3-10690,deficit,none,0,0,0,0,0
SP3-10691,deficit,none,0,0,0,0,0
SP3-10692,ok,debt,1137,2957,454,0,57761
SP3-10693,ok,debt,12203,31730,4881,0,0
SP3-10694,ok,reserve,3392,0,2261,0,0
SP3-10695,ok,goals+,0,0,155768,56695,3185646
SP3-10696,ok,reserve,17199,0,11465,0,0
SP3-10697,ok,reserve,403862720,0,239283606,29958205,1774841447
SP3-10698,ok,goals+,0,0,40780,0,8351270
SP3-10699,ok,goals+,0,0,1925,22582,0
SP3-10700,deficit,none,0,0,0,0,6443098
SP3-10701,ok,debt,1106,2877,442,0,0
SP3-10702,ok,reserve,18631,0,12421,0,0
SP3-10703,ok,debt,365,949,0,146,0
SP3-10704,ok,debt,6806,17696,0,2722,0
SP3-10705,ok,goals+,0,0,142558,0,15900793
SP3-10706,ok,debt,1609,4187,643,0,0
SP3-10707,ok,goals+,0,0,0,44055,1304715
SP3-10708,ok,reserve,5942,0,1335,2626,0
SP3-10709,ok,debt,1955,5084,0,782,0
SP3-10710,invalid,none,0,0,0,0,0
SP3-10711,ok,debt,2026,5269,810,0,0
SP3-10712,deficit,none,0,0,0,0,18073594
SP3-10713,ok,debt,8867,23056,3546,0,0
SP3-10714,ok,debt,597,1553,238,0,0
SP3-10715,deficit,none,0,0,0,0,0
SP3-10716,invalid,none,0,0,0,0,0
SP3-10717,ok,debt,9797,25475,3459,459,91079
SP3-10718,ok,debt,10747,27946,2681,1617,0
SP3-10719,ok,goals+,0,0,34407,17922,2387547
SP3-10720,ok,debt,103701742,269624531,41480696,0,0
SP3-10721,deficit,none,0,0,0,0,0
SP3-10722,deficit,none,0,0,0,0,0
SP3-10723,ok,reserve,13548,0,9031,0,0
SP3-10724,ok,reserve,14946,0,1000,8964,0
SP3-10725,ok,debt,4506,11718,1802,0,0
SP3-10726,ok,reserve,6128,0,4084,0,0
SP3-10727,deficit,none,0,0,0,0,0
SP3-10728,invalid,none,0,0,0,0,0
SP3-10729,ok,reserve,7840,0,5226,0,162531
SP3-10730,ok,debt,5039,13102,2015,0,0
SP3-10731,ok,goals+,0,0,115896,0,2935245
SP3-10732,ok,goals+,0,0,562,40529,0
SP3-10733,ok,debt,1455,1639,545,0,0
SP3-10734,ok,goals+,0,0,6789,38685,409833
SP3-10735,ok,debt,45065,117170,18026,0,0
SP3-10736,ok,debt,1903,4950,761,0,219424
SP3-10737,ok,goals+,0,0,33748,7366,165748
SP3-10738,deficit,none,0,0,0,0,0
SP3-10739,ok,goals+,0,0,2919,7431,0
SP3-10740,ok,reserve,2732,0,76,1745,0
SP3-10741,ok,debt,3929,10218,1571,0,0
SP3-10742,deficit,none,0,0,0,0,64665
SP3-10743,ok,debt,1452,3777,580,0,0
SP3-10744,ok,reserve,3444,0,0,2296,0
SP3-10745,ok,reserve,21894,0,7652,6943,0
SP3-10746,ok,goals+,0,0,2311,0,163525
SP3-10747,ok,goals+,0,0,4048,6237,0
SP3-10748,ok,debt,2326,6050,930,0,0
SP3-10749,deficit,none,0,0,0,0,0
SP3-10750,deficit,none,0,0,0,0,0
SP3-10751,ok,debt,1553,4040,621,0,0
SP3-10752,ok,reserve,155906,0,19775,84161,0
SP3-10753,deficit,none,0,0,0,0,0
SP3-10754,ok,debt,2048,5327,819,0,0
SP3-10755,ok,debt,105,273,42,0,0
SP3-10756,ok,debt,1595,4147,638,0,47920
SP3-10757,deficit,none,0,0,0,0,313735
SP3-10758,deficit,none,0,0,0,0,1077838
SP3-10759,ok,reserve,6000,0,3999,0,0
SP3-10760,invalid,none,0,0,0,0,0
SP3-10761,ok,reserve,23529,0,4777,10907,0
SP3-10762,ok,reserve,24251,0,16166,0,0
SP3-10763,ok,goals+,0,0,0,43958,2670351
SP3-10764,deficit,none,0,0,0,0,3425358
SP3-10765,ok,debt,6447,16765,2579,0,0
SP3-10766,deficit,none,0,0,0,0,0
SP3-10767,deficit,none,0,0,0,0,0
SP3-10768,deficit,none,0,0,0,0,0
SP3-10769,ok,reserve,3253,0,2169,0,0
SP3-10770,ok,debt,11476,29838,4590,0,115064
SP3-10771,ok,reserve,11297,0,0,7531,0
SP3-10772,deficit,none,0,0,0,0,1885667
SP3-10773,deficit,none,0,0,0,0,0
SP3-10774,ok,debt,6182332,16074065,2472932,0,22056987
SP3-10775,ok,goals+,0,0,240200,300713,2659379
SP3-10776,ok,reserve,8418,0,0,5612,0
SP3-10777,ok,debt,5561,14459,2224,0,0
SP3-10778,deficit,none,0,0,0,0,1394745
SP3-10779,ok,goals+,0,0,41909,0,1614761
SP3-10780,deficit,none,0,0,0,0,20858
SP3-10781,deficit,none,0,0,0,0,2662051
SP3-10782,deficit,none,0,0,0,0,881557
SP3-10783,deficit,none,0,0,0,0,0
SP3-10784,deficit,none,0,0,0,0,18839575
SP3-10785,ok,debt,2343,6095,937,0,15349
SP3-10786,ok,debt,98,258,39,0,0
SP3-10787,ok,debt,121,316,48,0,0
SP3-10788,ok,debt,1110,2886,444,0,78202
SP3-10789,ok,goals+,0,0,0,18318,380328
SP3-10790,ok,reserve,6038,0,2129,1894,0
SP3-10791,deficit,none,0,0,0,0,0
SP3-10792,ok,reserve,11650,0,7767,0,0
SP3-10793,deficit,none,0,0,0,0,2057014
SP3-10794,deficit,none,0,0,0,0,0
SP3-10795,ok,debt,1534,3991,613,0,17074
SP3-10796,deficit,none,0,0,0,0,1029887
SP3-10797,ok,goals+,0,0,16343,0,452722
SP3-10798,deficit,none,0,0,0,0,0
SP3-10799,ok,debt,2048,5327,819,0,0
SP3-10800,ok,goals+,0,0,10949,10744,84649
SP3-10801,deficit,none,0,0,0,0,456506
SP3-10802,deficit,none,0,0,0,0,0
SP3-10803,ok,debt,2718,7068,1087,0,328939
SP3-10804,invalid,none,0,0,0,0,0
SP3-10805,ok,goals+,0,0,522,69668,351614
SP3-10806,ok,debt,3458326,8991649,1383330,0,0
SP3-10807,ok,reserve,434216,0,27322,262154,0
SP3-10808,ok,goals+,0,0,6672,42024,0
SP3-10809,ok,reserve,10353,0,6902,0,0
SP3-10810,ok,debt,8562,22262,3424,0,0
SP3-10811,ok,goals+,0,0,73272,112433,9699017
SP3-10812,deficit,none,0,0,0,0,46093
SP3-10813,ok,debt,8562,22262,3424,0,0
SP3-10814,ok,goals+,0,0,1709,0,0
SP3-10815,deficit,none,0,0,0,0,0
SP3-10816,deficit,none,0,0,0,0,0
SP3-10817,ok,reserve,87222,0,0,58147,0
SP3-10818,ok,reserve,9675,0,1860,4590,0
SP3-10819,ok,debt,572,1488,0,228,0
SP3-10820,ok,goals+,0,0,9085,7423,0
SP3-10821,ok,debt,6944,18057,1790,987,140824
SP3-10822,deficit,none,0,0,0,0,0
SP3-10823,invalid,none,0,0,0,0,0
SP3-10824,deficit,none,0,0,0,0,222242
SP3-10825,deficit,none,0,0,0,0,0
SP3-10826,deficit,none,0,0,0,0,0
SP3-10827,deficit,none,0,0,0,0,567583
SP3-10828,ok,reserve,16921,0,2278,9001,0
SP3-10829,deficit,none,0,0,0,0,2130119
SP3-10830,ok,debt,5926,15409,0,2370,346524
SP3-10831,ok,reserve,7763,0,5175,0,0
SP3-10832,deficit,none,0,0,0,0,10084835
SP3-10833,ok,debt,9580,24910,0,3832,0
SP3-10834,ok,reserve,10457,0,6970,0,0
SP3-10835,deficit,none,0,0,0,0,0
SP3-10836,ok,goals+,0,0,15765,789134,9027091
SP3-10837,deficit,none,0,0,0,0,0
SP3-10838,ok,debt,7804,20293,3121,0,0
SP3-10839,ok,debt,11982,31154,4792,0,858287
SP3-10840,ok,reserve,16517,0,11011,0,0
SP3-10841,ok,goals+,0,0,5266,0,179511
SP3-10842,deficit,none,0,0,0,0,0
SP3-10843,deficit,none,0,0,0,0,634059
SP3-10844,ok,debt,13116865,34103851,5246746,0,0
SP3-10845,ok,goals+,0,0,737,25703,529366
SP3-10846,ok,debt,3,11,1,0,36796
SP3-10847,ok,debt,2063,5367,0,825,726039
SP3-10848,deficit,none,0,0,0,0,280002
SP3-10849,deficit,none,0,0,0,0,792731
SP3-10850,ok,reserve,14343,0,9561,0,0
SP3-10851,ok,goals+,0,0,0,129107,656095
SP3-10852,deficit,none,0,0,0,0,430263
SP3-10853,deficit,none,0,0,0,0,0
SP3-10854,ok,goals+,0,0,9522,6739,1216127
SP3-10855,deficit,none,0,0,0,0,306897
SP3-10856,invalid,none,0,0,0,0,0
SP3-10857,ok,goals+,0,0,1969,468,317209
SP3-10858,deficit,none,0,0,0,0,51898
SP3-10859,deficit,none,0,0,0,0,0
SP3-10860,ok,goals+,0,0,9879,39762,1927210
SP3-10861,invalid,none,0,0,0,0,0
SP3-10862,ok,debt,2284,2571,856,0,0
SP3-10863,deficit,none,0,0,0,0,0
SP3-10864,deficit,none,0,0,0,0,0
SP3-10865,ok,reserve,4899,0,2086,1178,0
SP3-10866,ok,debt,507,1321,0,203,0
SP3-10867,ok,reserve,1708,0,1138,0,0
SP3-10868,ok,debt,6866,17853,2746,0,56460
SP3-10869,ok,debt,3490,9077,1396,0,0
SP3-10870,ok,debt,17498,45495,5790,1209,1451942
SP3-10871,deficit,none,0,0,0,0,594987
SP3-10872,ok,goals+,0,0,349,0,204753
SP3-10873,ok,goals+,0,0,10644,0,52665
SP3-10874,deficit,none,0,0,0,0,262717
SP3-10875,deficit,none,0,0,0,0,0
SP3-10876,ok,debt,35571,40018,0,13339,0
SP3-10877,ok,debt,4859,12635,1943,0,58989
SP3-10878,ok,goals+,0,0,484804,0,18926747
SP3-10879,ok,reserve,131463,0,87642,0,0
SP3-10880,ok,debt,8030,20879,3212,0,0
SP3-10881,ok,none,0,0,0,0,0
SP3-10882,deficit,none,0,0,0,0,0
SP3-10883,deficit,none,0,0,0,0,71573
SP3-10884,deficit,none,0,0,0,0,0
SP3-09973,invalid,none,0,0,0,0,0
SP3-10886,invalid,none,0,0,0,0,0
SP3-10887,ok,reserve,21534,0,8180,6175,0
SP3-10888,ok,reserve,18668,0,12445,0,0
SP3-10889,ok,debt,7244,18838,0,2897,16403
SP3-10890,ok,goals+,0,0,16494,0,395895
SP3-10891,ok,debt,5059,13156,2023,0,0
SP3-10892,deficit,none,0,0,0,0,36481
SP3-10893,ok,debt,2010,5227,804,0,28951
SP3-10894,ok,debt,1926,2169,0,722,25145
SP3-10895,ok,reserve,27988,0,18658,0,0
SP3-10896,deficit,none,0,0,0,0,51829
SP3-09846,invalid,none,0,0,0,0,0
SP3-10898,deficit,none,0,0,0,0,0
SP3-10899,ok,debt,1197,3115,479,0,238057
SP3-10900,ok,debt,500,1301,200,0,0
SP3-10901,deficit,none,0,0,0,0,0
SP3-10902,ok,debt,340,887,136,0,33067
SP3-10903,deficit,none,0,0,0,0,298488
SP3-10904,ok,debt,1576,4101,630,0,0
SP3-10905,deficit,none,0,0,0,0,0
SP3-10906,ok,debt,50,58,19,0,0
SP3-10907,ok,debt,3560,4006,1335,0,0
SP3-10908,deficit,none,0,0,0,0,80187
SP3-10909,deficit,none,0,0,0,0,15316186
SP3-10910,ok,goals+,0,0,25829424,431577215,0
SP3-10911,deficit,none,0,0,0,0,0
SP3-10912,deficit,none,0,0,0,0,40380
SP3-10913,ok,debt,3150,8190,1260,0,46044
SP3-10914,deficit,none,0,0,0,0,0
SP3-10915,invalid,none,0,0,0,0,0
SP3-10916,ok,debt,3474,3909,1303,0,76302
SP3-10917,ok,debt,3166,8234,1266,0,0
SP3-10918,deficit,none,0,0,0,0,0
SP3-10919,deficit,none,0,0,0,0,150879
SP3-10920,ok,debt,12732,33105,5092,0,0
SP3-10921,ok,reserve,9226,0,6150,0,0
SP3-10922,ok,reserve,29706,0,13208,6594,0
SP3-10923,ok,debt,5312,13814,2125,0,43279
SP3-10924,ok,goals+,0,0,2440,916,167024
SP3-10925,ok,debt,1197,3115,479,0,241790
SP3-10926,ok,goals+,0,0,0,18421,5325797
SP3-10927,ok,goals+,0,0,13462,13617,246496
SP3-10928,ok,debt,1884,2122,706,0,0
SP3-10929,ok,goals+,0,0,4736,18818,194407
SP3-10930,ok,debt,4416,11483,1766,0,168169
SP3-10931,ok,debt,18148,20417,6805,0,0
SP3-10932,ok,goals+,0,0,0,42078,0
SP3-10933,deficit,none,0,0,0,0,1064312
SP3-10934,ok,debt,3220,3625,0,1207,0
SP3-10935,deficit,none,0,0,0,0,670655
SP3-10936,ok,debt,1849,4809,739,0,0
SP3-10937,ok,debt,3168,8239,0,1267,0
SP3-10938,deficit,none,0,0,0,0,0
SP3-10939,deficit,none,0,0,0,0,0
SP3-10940,ok,debt,20822,54139,8328,0,0
SP3-10941,deficit,none,0,0,0,0,12681088
SP3-10942,deficit,none,0,0,0,0,0
SP3-10943,ok,reserve,28370,0,18913,0,0
SP3-10944,ok,debt,2481,6453,0,992,0
SP3-10945,ok,reserve,6116,0,0,4076,0
SP3-10946,ok,reserve,5377,0,0,3584,0
SP3-10947,ok,reserve,60034,0,40023,0,0
SP3-10948,deficit,none,0,0,0,0,1371756
SP3-10949,ok,reserve,35897,0,23931,0,0
SP3-10950,ok,reserve,6357,0,4237,0,271614
SP3-10951,ok,reserve,7897,0,0,5264,0
SP3-10952,ok,goals+,0,0,2723,0,109487
SP3-10953,ok,goals+,0,0,86556,16036,759756
SP3-10954,deficit,none,0,0,0,0,319718
SP3-10955,ok,reserve,10435,0,0,6956,0
SP3-10956,ok,goals+,31447,214448,0,230656,212537
SP3-10957,ok,none,0,0,0,0,0
SP3-10958,ok,debt,12660,14244,2952,1795,0
SP3-10959,invalid,none,0,0,0,0,0
SP3-10960,ok,debt,3298,8575,1319,0,0
SP3-10961,deficit,none,0,0,0,0,0
SP3-10962,ok,debt,5266,13695,2106,0,60015
SP3-10963,deficit,none,0,0,0,0,16026
SP3-10964,deficit,none,0,0,0,0,0
SP3-10965,ok,debt,7421,8350,2782,0,0
SP3-10966,deficit,none,0,0,0,0,0
SP3-10967,ok,reserve,11012,0,5000,2341,0
SP3-10968,ok,goals+,3700,0,4140,3719,0
SP3-10969,deficit,none,0,0,0,0,0
SP3-10970,ok,debt,543,1412,217,0,0
SP3-10971,invalid,none,0,0,0,0,0
SP3-10972,ok,debt,1748,1969,655,0,0
SP3-10973,ok,debt,493,1284,0,197,139137
SP3-10974,deficit,none,0,0,0,0,1099172
SP3-10975,invalid,none,0,0,0,0,0
SP3-10976,ok,reserve,844,0,562,0,1005947
SP3-10977,ok,debt,2490,6475,0,996,0
SP3-10978,ok,goals+,0,0,217,6322,65796
SP3-10979,ok,debt,1629,4236,651,0,0
SP3-10980,ok,debt,14290,16078,5358,0,0
SP3-10981,ok,debt,4195,10908,1678,0,48567
SP3-10982,deficit,none,0,0,0,0,0
SP3-10983,ok,debt,1231,3202,492,0,0
SP3-10984,ok,debt,1421,3695,568,0,0
SP3-10985,ok,reserve,10860,0,7239,0,0
SP3-10986,invalid,none,0,0,0,0,0
SP3-10987,ok,goals+,0,0,810703,0,434829
SP3-10988,ok,debt,771,2008,308,0,91289
SP3-10989,deficit,none,0,0,0,0,0
SP3-10990,ok,debt,17488,19675,6558,0,0
SP3-10991,ok,goals+,0,0,16969,53111,5476511
SP3-10992,deficit,none,0,0,0,0,0
SP3-10993,ok,reserve,16789,0,8053,3137,0
SP3-10994,deficit,none,0,0,0,0,211921
SP3-10995,deficit,none,0,0,0,0,267845
SP3-10996,invalid,none,0,0,0,0,0
SP3-10997,ok,reserve,2658,0,1771,0,0
SP3-10998,invalid,none,0,0,0,0,0
SP3-10999,deficit,none,0,0,0,0,1185679
SP3-11000,ok,goals+,0,0,0,52013,172082
SP3-11001,ok,debt,0,3371,1444,0,1072954
SP3-11002,ok,debt,1948,5065,779,0,0
SP3-11003,ok,debt,3093,3481,1160,0,0
SP3-11004,ok,debt,4008,10422,0,1603,0
SP3-11005,ok,goals+,4042,0,1341,13680,0
SP3-11006,ok,debt,928,2415,371,0,0
SP3-11007,deficit,none,0,0,0,0,0
SP3-11008,ok,debt,4689,12192,1875,0,26463
SP3-11009,deficit,none,0,0,0,0,0
SP3-11010,ok,reserve,1211,0,806,0,0
SP3-11011,ok,reserve,10839,0,7226,0,0
SP3-11012,ok,goals+,0,0,621,2374,164552
SP3-11013,deficit,none,0,0,0,0,67170
SP3-11014,ok,goals+,0,0,8217,39575,972062
SP3-11015,invalid,none,0,0,0,0,0
SP3-11016,ok,reserve,15330,0,10219,0,0
SP3-11017,ok,debt,3896,10133,1558,0,31779
SP3-11018,ok,reserve,21172,0,87,14025,0
SP3-11019,ok,debt,4602,11968,1841,0,0
SP3-11020,deficit,none,0,0,0,0,0
SP3-11021,invalid,none,0,0,0,0,0
SP3-11022,deficit,none,0,0,0,0,0
SP3-11023,ok,debt,993,2585,397,0,0
SP3-11024,ok,debt,1156,3007,462,0,0
SP3-11025,ok,goals+,0,0,4538,0,311324
SP3-11026,ok,goals+,4559,5386,5616,5496,0
SP3-11027,deficit,none,0,0,0,0,0
SP3-11028,deficit,none,0,0,0,0,643658
SP3-11029,ok,debt,3008,7822,1203,0,12786
SP3-11030,deficit,none,0,0,0,0,0
SP3-11031,ok,goals+,0,0,20956,0,3369383
SP3-11032,deficit,none,0,0,0,0,0
SP3-11033,deficit,none,0,0,0,0,1264208
SP3-11034,ok,goals+,0,0,2367,31780,139601
SP3-07335,invalid,none,0,0,0,0,0
SP3-11036,ok,goals+,1957,0,3240,5561,0
SP3-11037,ok,reserve,265,0,176,0,0
SP3-11038,deficit,none,0,0,0,0,0
SP3-11039,deficit,none,0,0,0,0,3855907
SP3-11040,deficit,none,0,0,0,0,1338626
SP3-11041,invalid,none,0,0,0,0,0
SP3-11042,ok,goals+,0,0,0,499644,2725550
SP3-11043,deficit,none,0,0,0,0,0
SP3-11044,deficit,none,0,0,0,0,0
SP3-11045,ok,reserve,4218,0,2812,0,0
SP3-11046,ok,debt,2020,5252,0,808,0
SP3-11047,ok,debt,5342,13892,0,2137,50183
SP3-11048,ok,goals+,0,0,2983,0,12538570
SP3-11049,ok,reserve,24610,0,16406,0,0
SP3-11050,ok,reserve,49281,0,7537,25316,0
SP3-11051,deficit,none,0,0,0,0,123541
SP3-11052,deficit,none,0,0,0,0,178136
SP3-11053,deficit,none,0,0,0,0,237819
SP3-11054,ok,debt,12918,33588,5071,95,0
SP3-11055,deficit,none,0,0,0,0,0
SP3-11056,ok,debt,209,237,78,0,0
SP3-11057,ok,debt,1807,4700,723,0,0
SP3-11058,ok,debt,3008,7822,1203,0,0
SP3-11059,deficit,none,0,0,0,0,0
SP3-11060,deficit,none,0,0,0,0,1221334
SP3-11061,deficit,none,0,0,0,0,0
SP3-11062,deficit,none,0,0,0,0,0
SP3-11063,deficit,none,0,0,0,0,0
SP3-11064,deficit,none,0,0,0,0,412108
SP3-11065,ok,reserve,56268,0,37512,0,1373313
SP3-11066,deficit,none,0,0,0,0,0
SP3-11067,ok,debt,4755,12364,1569,332,0
SP3-11068,ok,debt,3548,3993,0,1330,0
SP3-11069,ok,debt,14939,38842,0,5975,25605
SP3-11070,invalid,none,0,0,0,0,0
SP3-11071,ok,debt,902,2346,360,0,44467
SP3-11072,ok,debt,1245,3238,498,0,268891
SP3-11073,ok,debt,862,970,323,0,0
SP3-11074,ok,debt,4950,12871,1980,0,0
SP3-11075,deficit,none,0,0,0,0,28054
SP3-11076,deficit,none,0,0,0,0,0
SP3-11077,ok,debt,3123,8122,1249,0,76335
SP3-11078,deficit,none,0,0,0,0,0
SP3-11079,ok,debt,12918,33588,5071,95,0
SP3-11080,invalid,none,0,0,0,0,0
SP3-11081,deficit,none,0,0,0,0,479800
SP3-11082,ok,reserve,2318,0,0,1545,0
SP3-11083,invalid,none,0,0,0,0,0
SP3-11084,deficit,none,0,0,0,0,83262
SP3-11085,ok,reserve,1964,0,1308,0,0
SP3-11086,deficit,none,0,0,0,0,0
SP3-11087,deficit,none,0,0,0,0,2894545
SP3-11088,deficit,none,0,0,0,0,49739
SP3-11089,ok,goals+,0,0,0,12026,355037
SP3-11090,ok,goals+,0,0,0,18371,0
SP3-11091,ok,reserve,5139,0,3426,0,25838
SP3-11092,ok,debt,3796,9873,1518,0,0
SP3-11093,ok,debt,1483,3859,593,0,0
SP3-11094,ok,debt,5857,15230,2342,0,0
SP3-11095,deficit,none,0,0,0,0,76156
SP3-11096,ok,goals+,0,0,7584,0,170314
SP3-11097,ok,debt,8812,22914,3525,0,0
SP3-11098,deficit,none,0,0,0,0,52332
SP3-11099,deficit,none,0,0,0,0,21227
SP3-11100,deficit,none,0,0,0,0,0
SP3-11101,ok,debt,1666,4333,666,0,0
SP3-11102,ok,debt,866,2254,346,0,541456
SP3-11103,ok,goals+,0,0,8519,187618,818993
SP3-11104,deficit,none,0,0,0,0,0
SP3-11105,ok,reserve,6544,0,4362,0,656352
SP3-11106,deficit,none,0,0,0,0,435621
SP3-11107,deficit,none,0,0,0,0,230498
SP3-11108,ok,debt,1123,2922,449,0,26400
SP3-11109,deficit,none,0,0,0,0,0
SP3-11110,deficit,none,0,0,0,0,599969
SP3-11111,ok,reserve,6544,0,4362,0,656352
SP3-11112,deficit,none,0,0,0,0,0
SP3-11113,ok,reserve,9332,0,6221,0,0
SP3-11114,deficit,none,0,0,0,0,265598
SP3-11115,deficit,none,0,0,0,0,0
SP3-11116,deficit,none,0,0,0,0,82403
SP3-11117,ok,debt,2347,6105,939,0,29859
SP3-11118,ok,debt,1623,4222,649,0,0
SP3-11119,ok,reserve,3822,0,2547,0,0
SP3-11120,ok,debt,668,1739,267,0,0
SP3-11121,deficit,none,0,0,0,0,8863126
SP3-11122,ok,debt,2448,6368,979,0,0
SP3-11123,ok,debt,5993,15585,2397,0,80642
SP3-11124,deficit,none,0,0,0,0,2896109
SP3-11125,invalid,none,0,0,0,0,0
SP3-11126,ok,debt,104,273,41,0,111362
SP3-11127,deficit,none,0,0,0,0,0
SP3-11128,deficit,none,0,0,0,0,0
SP3-11129,ok,reserve,35024,0,23349,0,0
SP3-11130,ok,debt,1525,1717,572,0,0
SP3-11131,deficit,none,0,0,0,0,0
SP3-11132,ok,reserve,11794,0,0,7862,0
SP3-11133,invalid,none,0,0,0,0,0
SP3-11134,deficit,none,0,0,0,0,607042
SP3-11135,deficit,none,0,0,0,0,92616
SP3-11136,ok,reserve,65359,0,0,43572,0
SP3-11137,ok,debt,5875,15277,0,2350,0
SP3-11138,deficit,none,0,0,0,0,84213
SP3-11139,deficit,none,0,0,0,0,0
SP3-11140,ok,debt,5679,14767,2271,0,0
SP3-11141,ok,goals+,0,0,28482,34586,56286
SP3-11142,ok,goals+,0,0,185420,61572,6764700
SP3-11143,ok,debt,7890,8877,0,2958,0
SP3-11144,ok,reserve,32126,0,12103,9313,0
SP3-11145,deficit,none,0,0,0,0,0
SP3-11146,ok,debt,1079,2809,431,0,0
SP3-11147,ok,debt,2581,6712,0,1032,0
SP3-11148,deficit,none,0,0,0,0,578758
SP3-11149,ok,debt,3860,10037,1544,0,0
SP3-11150,deficit,none,0,0,0,0,569710
SP3-11151,ok,debt,18826,21181,7059,0,0
SP3-11152,ok,debt,4259,11077,1703,0,0
SP3-11153,deficit,none,0,0,0,0,4166188
SP3-11154,deficit,none,0,0,0,0,165095
SP3-11155,ok,goals+,0,0,159892,0,1067010
SP3-11156,ok,debt,16662,43324,0,6665,352282
SP3-11157,deficit,none,0,0,0,0,3295562
SP3-11158,ok,goals+,0,0,28136,0,191977
SP3-11159,ok,debt,2613,6797,0,1045,192418
SP3-11160,deficit,none,0,0,0,0,0
SP3-11161,deficit,none,0,0,0,0,170832
SP3-11162,ok,debt,1245,3240,498,0,0
SP3-11163,ok,debt,3524,9165,1409,0,667918
SP3-11164,ok,debt,3847,10003,1538,0,0
SP3-11165,ok,goals+,0,0,1149,1900,0
SP3-11166,ok,debt,139,364,0,55,283175
SP3-11167,ok,reserve,11513,0,3644,4030,0
SP3-11168,ok,reserve,4752,0,3167,0,0
SP3-11169,ok,debt,4338,11281,1735,0,34303
SP3-11170,ok,debt,888,2311,355,0,0
SP3-11171,deficit,none,0,0,0,0,561002
SP3-11172,ok,debt,2011,5232,804,0,48799
SP3-11173,deficit,none,0,0,0,0,274819
SP3-11174,deficit,none,0,0,0,0,0
SP3-11175,ok,debt,7672,19949,3068,0,0
SP3-11176,ok,reserve,27024,0,0,18015,0
SP3-11177,deficit,none,0,0,0,0,478032
SP3-11178,ok,reserve,13380,0,7424,1495,0
SP3-11179,ok,debt,1756,1976,658,0,0
SP3-11180,ok,reserve,28206,0,0,18803,0
SP3-11181,deficit,none,0,0,0,0,123960
SP3-11182,ok,reserve,8568,0,899,4811,0
SP3-11183,ok,goals+,0,0,15915,210595,1246722
SP3-11184,deficit,none,0,0,0,0,0
SP3-11185,deficit,none,0,0,0,0,359852
SP3-11186,ok,goals+,0,0,0,40459,853499
SP3-11187,invalid,none,0,0,0,0,0
SP3-11188,ok,goals+,0,0,3860,23168,77292
SP3-11189,ok,goals+,0,0,0,5930,126548
SP3-11190,deficit,none,0,0,0,0,0
SP3-11191,ok,debt,234414100,609476661,93765640,0,2867692827
SP3-11192,deficit,none,0,0,0,0,0
SP3-11193,ok,debt,1862,4842,744,0,45353
SP3-11194,deficit,none,0,0,0,0,0
SP3-11195,deficit,none,0,0,0,0,341518
SP3-11196,ok,reserve,20466,0,13643,0,0
SP3-11197,ok,goals+,0,0,0,1429,294723
SP3-11198,ok,debt,11575,30095,4630,0,351148
SP3-11199,ok,debt,3616,8985,1863,0,0
SP3-11200,deficit,none,0,0,0,0,106214
SP3-11201,ok,goals+,0,0,501,0,0
SP3-11202,ok,debt,21836638,56775262,8734655,0,0
SP3-11203,deficit,none,0,0,0,0,292597
SP3-11204,ok,reserve,15826,0,10551,0,0
SP3-11205,ok,reserve,17485,0,1214,10441,0
SP3-11206,ok,goals+,0,0,281360,0,1919774
SP3-11207,ok,debt,3434,8930,1373,0,0
SP3-11208,ok,debt,0,16540,3987,3100,270098
SP3-11209,ok,debt,3693,4156,1384,0,0
SP3-11210,ok,goals+,0,0,88919,623088,827843
SP3-11211,ok,debt,4315,11220,1726,0,18300
SP3-11212,deficit,none,0,0,0,0,85158
SP3-11213,ok,debt,9668,25137,3867,0,139167
SP3-11214,ok,debt,3559,9255,1423,0,0
SP3-11215,deficit,none,0,0,0,0,11241
SP3-11216,ok,reserve,10747,0,0,7164,0
SP3-11217,deficit,none,0,0,0,0,925453
SP3-11218,ok,debt,1267,3296,507,0,142438
SP3-11219,ok,goals+,0,0,20134,205754,4167636
SP3-11220,deficit,none,0,0,0,0,290262
SP3-11221,ok,debt,3659,9517,1463,0,0
SP3-11222,deficit,none,0,0,0,0,0
SP3-11223,invalid,none,0,0,0,0,0
SP3-11224,ok,debt,253,658,0,101,0
SP3-11225,ok,debt,1161,3021,0,464,0
SP3-11226,ok,goals+,0,0,0,3966,437521
SP3-11227,deficit,none,0,0,0,0,11241
SP3-11228,ok,debt,1266,3295,0,506,0
SP3-11229,deficit,none,0,0,0,0,1484892
SP3-11230,ok,goals+,0,0,4409,11948,131440
SP3-11231,ok,debt,1947,5063,778,0,63993
SP3-11232,ok,reserve,809,0,538,0,0
SP3-11233,ok,reserve,7725,0,5150,0,0
SP3-11234,ok,goals+,0,0,4622,13617,419688
SP3-11235,ok,reserve,22385,0,14923,0,0
SP3-11236,ok,debt,67048579,174326309,26819431,0,1162579367
SP3-11237,ok,goals+,0,0,215242,289442,1606893
SP3-11238,deficit,none,0,0,0,0,13325486
SP3-11239,ok,goals+,0,0,2438,261713,14626279
SP3-11240,ok,goals+,0,0,14207,0,538265
SP3-11241,deficit,none,0,0,0,0,0
SP3-11242,ok,debt,2209,5746,883,0,0
SP3-11243,ok,reserve,125798,0,72582,11282,0
SP3-11244,ok,debt,127,332,51,0,85949
SP3-11245,ok,reserve,130903,0,87269,0,0
SP3-11246,ok,debt,5352,6021,2007,0,0
SP3-11247,deficit,none,0,0,0,0,282713
SP3-11248,deficit,none,0,0,0,0,0
SP3-11249,ok,debt,742,835,0,278,0
SP3-11250,ok,reserve,11353,0,7569,0,0
SP3-11251,ok,reserve,78537,0,0,52357,0
SP3-11252,deficit,none,0,0,0,0,1150195
SP3-11253,deficit,none,0,0,0,0,3628518
SP3-11254,deficit,none,0,0,0,0,0
SP3-11255,ok,debt,1016,2645,406,0,0
SP3-11256,ok,goals+,0,0,1000,15852,0
SP3-11257,ok,debt,5546,14423,0,2218,0
SP3-11258,deficit,none,0,0,0,0,0
SP3-11259,ok,debt,1175,3058,470,0,94849
SP3-11260,deficit,none,0,0,0,0,0
SP3-11261,deficit,none,0,0,0,0,154029
SP3-11262,ok,reserve,8617,0,2351,3392,0
SP3-11263,ok,debt,2690,6997,1076,0,13489
SP3-11264,ok,reserve,24695,0,0,16463,0
SP3-11265,ok,debt,1245,3238,498,0,0
SP3-11266,ok,none,0,0,0,0,0
SP3-11267,ok,debt,927,2412,371,0,13436
SP3-11268,ok,reserve,19136,0,8279,4477,0
SP3-11269,deficit,none,0,0,0,0,43287
SP3-11270,ok,debt,1849,2081,693,0,0
SP3-11271,ok,reserve,2750,0,1832,0,0
SP3-11272,deficit,none,0,0,0,0,0
SP3-11273,deficit,none,0,0,0,0,0
SP3-11274,ok,debt,1345,3499,538,0,0
SP3-11275,ok,debt,6920,17993,2768,0,0
SP3-11276,ok,debt,9032,10163,3387,0,0
SP3-11277,ok,debt,2361,6141,944,0,0
SP3-11278,ok,reserve,7495,0,2455,2540,0
SP3-11279,ok,goals+,0,0,830,6855,0
SP3-11280,deficit,none,0,0,0,0,0
SP3-11281,ok,debt,12749,33149,5099,0,69331
SP3-11282,deficit,none,0,0,0,0,0
SP3-11283,invalid,none,0,0,0,0,0
SP3-11284,deficit,none,0,0,0,0,563315
SP3-11285,ok,debt,2276,5919,0,910,0
SP3-11286,ok,debt,442,1151,177,0,233831
SP3-11287,deficit,none,0,0,0,0,0
SP3-11288,ok,goals+,0,0,15071,0,351334
SP3-11289,ok,goals+,0,0,88017,55826,543522
SP3-11290,ok,debt,519,1352,207,0,0
SP3-11291,ok,debt,1194,3105,477,0,36329
SP3-11292,ok,debt,1487,3868,595,0,0
SP3-11293,ok,debt,350,911,140,0,0
SP3-11294,ok,debt,1510,3926,604,0,0
SP3-11295,ok,goals+,0,0,294661,0,15659677
SP3-11296,deficit,none,0,0,0,0,0
SP3-11297,ok,goals+,0,0,6130,5903,62507
SP3-11298,ok,debt,1731,4501,0,692,0
SP3-11299,ok,debt,3229,8399,1291,0,0
SP3-11300,ok,debt,2315,6019,0,926,79699
SP3-11301,ok,none,0,0,0,0,0
SP3-11302,ok,debt,1849,2081,693,0,0
SP3-11303,ok,debt,4196,10911,1678,0,0
SP3-11304,deficit,none,0,0,0,0,47394
SP3-11305,invalid,none,0,0,0,0,0
SP3-11306,ok,reserve,7826,0,5217,0,0
SP3-11307,ok,reserve,792,0,528,0,0
SP3-11308,ok,reserve,49540,0,12204,20822,0
SP3-11309,ok,reserve,5282,0,3521,0,85523
SP3-11310,deficit,none,0,0,0,0,0
SP3-11311,deficit,none,0,0,0,0,35648
SP3-11312,ok,goals+,0,0,2102,7368,0
SP3-11313,ok,reserve,17286,0,11523,0,0
SP3-11314,deficit,none,0,0,0,0,0
SP3-11315,deficit,none,0,0,0,0,0
SP3-11316,ok,debt,1099,2859,439,0,0
SP3-11317,ok,reserve,4745,0,3162,0,0
SP3-11318,ok,reserve,2625,0,1749,0,0
SP3-11319,deficit,none,0,0,0,0,978293
SP3-11320,deficit,none,0,0,0,0,0
SP3-11321,ok,debt,422,1099,169,0,0
SP3-11322,deficit,none,0,0,0,0,0
SP3-11323,ok,reserve,17962,0,11974,0,0
SP3-11324,ok,debt,1251,3254,500,0,0
SP3-11325,ok,debt,382,430,0,143,0
SP3-11326,deficit,none,0,0,0,0,0
SP3-11327,deficit,none,0,0,0,0,3739758
SP3-11328,invalid,none,0,0,0,0,0
SP3-11329,invalid,none,0,0,0,0,0
SP3-11330,ok,goals+,0,0,7858,0,882553
SP3-11331,ok,debt,6230,16200,2492,0,0
SP3-11332,invalid,none,0,0,0,0,0
SP3-11333,deficit,none,0,0,0,0,275766
SP3-11334,ok,debt,966,2515,386,0,0
SP3-11335,ok,debt,11183,29079,4473,0,0
SP3-11336,deficit,none,0,0,0,0,0
SP3-11337,deficit,none,0,0,0,0,1154997
SP3-11338,deficit,none,0,0,0,0,0
SP3-11339,ok,goals+,0,0,81257,263327,1828213
SP3-11340,ok,debt,619,1612,247,0,29804
SP3-11341,ok,debt,2647,6885,1059,0,0
SP3-11342,deficit,none,0,0,0,0,0
SP3-11343,ok,goals+,0,0,0,18108,120134
SP3-11344,deficit,none,0,0,0,0,0
SP3-11345,ok,reserve,24829,0,16552,0,0
SP3-11346,ok,reserve,8225,0,2321,3162,825480
SP3-11347,ok,debt,4474,11634,1789,0,98746
SP3-10203,invalid,none,0,0,0,0,0
SP3-11349,deficit,none,0,0,0,0,1046167
SP3-11350,ok,debt,89,233,35,0,0
SP3-11351,deficit,none,0,0,0,0,2026256
SP3-11352,deficit,none,0,0,0,0,897888
SP3-11353,ok,debt,483,544,181,0,0
SP3-11354,invalid,none,0,0,0,0,0
SP3-11355,ok,debt,4474,11634,1789,0,101321
SP3-11356,ok,goals+,0,0,0,302175,3566963
SP3-11357,deficit,none,0,0,0,0,1472812
SP3-11358,deficit,none,0,0,0,0,78392
SP3-11359,invalid,none,0,0,0,0,0
SP3-11360,ok,reserve,7606,0,5070,0,0
SP3-11361,ok,debt,842,2191,336,0,24181
SP3-11362,ok,debt,180,468,72,0,38649
SP3-11363,invalid,none,0,0,0,0,0
SP3-11364,ok,debt,8423,21902,3369,0,241811
SP3-11365,ok,debt,9801,25486,3920,0,0
SP3-11366,deficit,none,0,0,0,0,0
SP3-11367,ok,debt,635,716,238,0,0
SP3-11368,invalid,none,0,0,0,0,0
SP3-11369,deficit,none,0,0,0,0,421968
SP3-11370,ok,debt,1846,2077,692,0,0
SP3-11371,deficit,none,0,0,0,0,0
SP3-11372,ok,goals+,0,0,530181,0,5897893
SP3-11373,deficit,none,0,0,0,0,0
SP3-11374,ok,reserve,4315,0,1189,1686,0
SP3-11375,ok,debt,2734,3076,1025,0,0
SP3-11376,ok,goals+,0,0,10132,0,2961246
SP3-11377,ok,goals+,0,0,55121,0,5118476
SP3-11378,ok,goals+,0,0,207,16389,412665
SP3-11379,ok,debt,6527,16973,1004,1607,107164
SP3-11380,ok,debt,10090,11352,3783,0,0
SP3-11381,ok,goals+,0,0,28258,488,268552
SP3-11382,deficit,none,0,0,0,0,160881
SP3-11383,deficit,none,0,0,0,0,177813
SP3-11384,ok,goals+,0,0,42661,0,1308486
SP3-11385,ok,debt,1208,3142,483,0,0
SP3-11386,ok,goals+,0,0,5783,0,0
SP3-11387,ok,debt,2839,3194,1064,0,0
SP3-11388,ok,debt,2116,5504,846,0,0
SP3-11389,ok,reserve,2543,0,0,1694,0
SP3-11390,ok,debt,5622,14619,2249,0,94518
SP3-11391,ok,reserve,7017,0,2013,2665,0
SP3-11392,ok,debt,1340,3487,536,0,0
SP3-11393,ok,debt,194,507,77,0,0
SP3-11394,ok,debt,7,20,2,0,0
SP3-11395,ok,debt,4667,12136,1867,0,0
SP3-11396,ok,reserve,19195,0,12797,0,0
SP3-11397,deficit,none,0,0,0,0,0
SP3-11398,ok,debt,1706,4436,682,0,0
SP3-11399,deficit,none,0,0,0,0,4202572
SP3-11400,deficit,none,0,0,0,0,0
SP3-08877,invalid,none,0,0,0,0,0
SP3-11402,deficit,none,0,0,0,0,0
SP3-11403,ok,reserve,10798,0,5849,1348,0
SP3-11404,ok,goals+,0,0,51904,301142,268741
SP3-11405,deficit,none,0,0,0,0,0
SP3-11406,ok,debt,9518,24748,0,3807,1470548
SP3-11407,ok,reserve,55,0,36,0,41925
SP3-11408,ok,debt,2072,5389,829,0,105284
SP3-11409,deficit,none,0,0,0,0,0
SP3-11410,deficit,none,0,0,0,0,3412671
SP3-11411,ok,reserve,16047,0,10698,0,89302
SP3-11412,ok,debt,2867,7457,1147,0,1007446
SP3-11413,ok,debt,194,507,77,0,0
SP3-11414,ok,debt,527,1371,210,0,0
SP3-11415,deficit,none,0,0,0,0,174932
SP3-11416,deficit,none,0,0,0,0,0
SP3-11417,ok,reserve,31776,0,11231,9952,0
SP3-11418,ok,goals+,0,0,0,10948,1807201
SP3-11419,ok,debt,239,625,0,95,0
SP3-11420,ok,debt,2433,2738,912,0,0
SP3-11421,ok,goals+,78,10637,12923,0,0
SP3-11422,deficit,none,0,0,0,0,0
SP3-11423,deficit,none,0,0,0,0,0
SP3-11424,ok,goals+,0,0,5069,7576,64789
SP3-11425,deficit,none,0,0,0,0,0
SP3-11426,invalid,none,0,0,0,0,0
SP3-11427,ok,debt,629,1639,251,0,100095
SP3-11428,ok,debt,364,948,145,0,88507
SP3-11429,deficit,none,0,0,0,0,2287752
SP3-11430,deficit,none,0,0,0,0,0
SP3-11431,deficit,none,0,0,0,0,0
SP3-11432,ok,debt,971,2527,388,0,0
SP3-11433,deficit,none,0,0,0,0,704462
SP3-11434,ok,goals+,28015,18176,4460,61412,727381
SP3-11435,ok,debt,839,2184,335,0,0
SP3-11436,deficit,none,0,0,0,0,0
SP3-11437,deficit,none,0,0,0,0,0
SP3-11438,ok,debt,1004,2614,401,0,22333
SP3-11439,ok,debt,7838,20379,3135,0,0
SP3-11440,deficit,none,0,0,0,0,0
SP3-11441,ok,debt,1979,5148,0,791,102774
SP3-11442,ok,debt,5199,13520,2079,0,231943
SP3-11443,deficit,none,0,0,0,0,0
SP3-11444,deficit,none,0,0,0,0,0
SP3-11445,deficit,none,0,0,0,0,0
SP3-11446,deficit,none,0,0,0,0,113302
SP3-11447,deficit,none,0,0,0,0,2421440
SP3-11448,ok,debt,4910,12766,1964,0,0
SP3-11449,ok,debt,971,2527,388,0,0
SP3-11450,deficit,none,0,0,0,0,727746
SP3-11451,ok,debt,3749,9749,1499,0,159772
SP3-11452,deficit,none,0,0,0,0,0
SP3-11453,ok,debt,11562,30064,4625,0,162618
SP3-11454,ok,debt,6809,17705,0,2723,0
SP3-11455,invalid,none,0,0,0,0,0
SP3-11456,ok,debt,45,52,17,0,0
SP3-11457,deficit,none,0,0,0,0,0
SP3-11458,ok,goals+,0,0,4810,98173,1136224
SP3-11459,ok,debt,223,580,89,0,0
SP3-11460,ok,debt,9136,10280,3426,0,0
SP3-11461,ok,goals+,0,0,0,11802,76430
SP3-11462,deficit,none,0,0,0,0,1183237
SP3-11463,invalid,none,0,0,0,0,0
SP3-11464,ok,goals+,0,0,103726,278105,6871821
SP3-11465,ok,debt,662,1723,264,0,0
SP3-11466,ok,debt,2208,5744,883,0,0
SP3-11467,ok,debt,2103,5471,841,0,0
SP3-11468,ok,reserve,7128,0,0,5054,0
SP3-11469,deficit,none,0,0,0,0,11937200
SP3-11470,deficit,none,0,0,0,0,0
SP3-11471,invalid,none,0,0,0,0,0
SP3-11472,ok,debt,8063,20964,3225,0,12734
SP3-11473,deficit,none,0,0,0,0,0
SP3-11474,ok,debt,1926,5008,770,0,0
SP3-11475,ok,goals+,0,0,408,36851,8196198
SP3-11476,ok,debt,3900,10141,1560,0,0
SP3-11477,deficit,none,0,0,0,0,6113803
SP3-11478,ok,debt,3079,8006,1231,0,0
SP3-11479,ok,debt,968,2518,387,0,0
SP3-11480,ok,debt,5419,14092,237,1929,0
SP3-11481,deficit,none,0,0,0,0,0
SP3-11482,ok,debt,0,42374,7647,10511,1223091
SP3-11483,deficit,none,0,0,0,0,8761131
SP3-11484,deficit,none,0,0,0,0,5116669
SP3-11485,ok,goals+,0,0,8963,15290,179205
SP3-11486,ok,goals+,14522,0,9668,31266,0
SP3-11487,deficit,none,0,0,0,0,0
SP3-11488,ok,reserve,35554,0,0,23702,0
SP3-11489,ok,reserve,766,0,511,0,40771
SP3-11490,deficit,none,0,0,0,0,61690
SP3-11491,ok,reserve,100440,0,66959,0,0
SP3-11492,ok,goals+,0,0,52292,0,4267579
SP3-11493,invalid,none,0,0,0,0,0
SP3-11494,deficit,none,0,0,0,0,0
SP3-11495,ok,goals+,0,0,16573,39458,310595
SP3-11496,ok,reserve,5725,0,3757,57,0
SP3-11497,deficit,none,0,0,0,0,0
SP3-11498,ok,goals+,0,0,20383,69862,376398
SP3-11499,ok,debt,9172,23850,3669,0,172518
SP3-11500,ok,reserve,12142,0,8094,0,0
SP3-11501,ok,debt,15104,39272,6041,0,0
SP3-11502,deficit,none,0,0,0,0,817168
SP3-11503,ok,goals+,0,0,0,43996,0
SP3-11504,ok,reserve,33699,0,10948,11517,0
SP3-11505,deficit,none,0,0,0,0,0
SP3-11506,ok,goals+,0,0,296839,271854,6428340
SP3-11507,ok,debt,1999,5199,799,0,97159
SP3-11508,ok,debt,2203,5729,881,0,0
SP3-11509,deficit,none,0,0,0,0,174538
SP3-11510,deficit,none,0,0,0,0,0
SP3-11511,ok,debt,6783,17638,0,2713,15514
SP3-11512,ok,debt,1571,4085,628,0,0
SP3-11513,ok,debt,2002,5207,801,0,0
SP3-11514,ok,reserve,14891,0,0,9927,0
SP3-11515,deficit,none,0,0,0,0,203592
SP3-11516,deficit,none,0,0,0,0,0
SP3-11517,ok,goals+,0,0,0,771492,9020200
SP3-11518,ok,debt,10017,26046,4006,0,47824
SP3-11519,ok,debt,440,1144,0,176,182726
SP3-11520,deficit,none,0,0,0,0,2028084
SP3-11521,ok,goals+,0,0,13709,232045,3569473
SP3-11522,ok,debt,7035,18294,2814,0,0
SP3-11523,deficit,none,0,0,0,0,2705126
SP3-11524,deficit,none,0,0,0,0,0
SP3-11525,deficit,none,0,0,0,0,164982
SP3-11526,ok,reserve,11680,0,456,7329,0
SP3-11527,ok,none,0,0,0,0,0
SP3-11528,ok,debt,852,2217,340,0,0
SP3-11529,ok,debt,4480,11649,1792,0,0
SP3-11530,deficit,none,0,0,0,0,0
SP3-11531,ok,debt,6351,16516,2540,0,0
SP3-11532,deficit,none,0,0,0,0,0
SP3-11533,ok,reserve,60197,0,40130,0,0
SP3-11534,deficit,none,0,0,0,0,0
SP3-11535,deficit,none,0,0,0,0,0
SP3-11536,deficit,none,0,0,0,0,0
SP3-11537,deficit,none,0,0,0,0,7070995
SP3-11538,ok,reserve,34760,0,23173,0,0
SP3-11539,deficit,none,0,0,0,0,2199801
SP3-11540,deficit,none,0,0,0,0,0
SP3-11541,ok,debt,574,1493,229,0,0
SP3-11542,deficit,none,0,0,0,0,0
SP3-11543,ok,reserve,1740,0,1160,0,0
SP3-11544,ok,reserve,2338,0,1559,0,0
SP3-11545,deficit,none,0,0,0,0,1157774
SP3-11546,invalid,none,0,0,0,0,0
SP3-11547,ok,reserve,5416,0,3610,0,0
SP3-11548,invalid,none,0,0,0,0,0
SP3-11549,ok,debt,8400202,21840527,0,3360081,492937287
SP3-11550,ok,reserve,44851,0,9027,20872,0
SP3-11551,deficit,none,0,0,0,0,6826873
SP3-11552,ok,debt,2721,7075,1088,0,0
SP3-11553,ok,debt,15915,41380,6366,0,256860
SP3-11554,deficit,none,0,0,0,0,0
SP3-11555,ok,none,0,0,0,0,17980
SP3-11556,ok,debt,1391,3617,0,556,0
SP3-11557,deficit,none,0,0,0,0,0
SP3-11558,ok,debt,2544,6617,1017,0,0
SP3-11559,deficit,none,0,0,0,0,2157179
SP3-11560,ok,debt,6112,15894,2445,0,0
SP3-11561,deficit,none,0,0,0,0,296262
SP3-11562,ok,debt,884,2302,353,0,0
SP3-11563,deficit,none,0,0,0,0,0
SP3-11564,deficit,none,0,0,0,0,86404
SP3-11565,ok,reserve,2463,0,1641,0,0
SP3-11566,ok,debt,976,2540,0,390,0
SP3-11567,deficit,none,0,0,0,0,4499965
SP3-11568,deficit,none,0,0,0,0,0
SP3-11569,ok,debt,1777,4622,710,0,0
SP3-11570,ok,debt,7781,20231,3112,0,0
SP3-11571,deficit,none,0,0,0,0,303963
SP3-11572,deficit,none,0,0,0,0,0
SP3-11573,ok,reserve,12441,0,8293,0,0
SP3-11574,ok,reserve,253038,0,52362,146296,670043
SP3-11575,ok,debt,1007,2619,402,0,0
SP3-11576,deficit,none,0,0,0,0,0
SP3-11577,deficit,none,0,0,0,0,0
SP3-11578,deficit,none,0,0,0,0,501657
SP3-11579,ok,goals+,0,0,117089,57276,2461970
SP3-11580,ok,goals+,0,0,48525,100,393425
SP3-11581,ok,goals+,0,0,461,0,682367
SP3-11582,ok,reserve,18477,0,12318,0,0
SP3-11583,ok,goals+,0,0,26918,286245,4401663
SP3-11584,ok,reserve,9529,0,1597,5870,0
SP3-11585,ok,debt,395,1030,158,0,0
SP3-11586,deficit,none,0,0,0,0,0
SP3-11587,deficit,none,0,0,0,0,0
SP3-11588,invalid,none,0,0,0,0,0
SP3-11589,deficit,none,0,0,0,0,0
SP3-11590,deficit,none,0,0,0,0,0
SP3-11591,ok,debt,1676,4360,670,0,22513
SP3-11592,deficit,none,0,0,0,0,0
SP3-11593,ok,debt,8411,21872,3364,0,0
SP3-11594,ok,reserve,12614,0,8408,0,0
SP3-11595,ok,reserve,34504,0,23003,0,467050
SP3-11596,ok,reserve,13672,0,9114,0,0
SP3-11597,ok,debt,387,1008,155,0,200187
SP3-11598,ok,reserve,35041,0,0,23361,0
SP3-11599,ok,debt,0,15271,4008,2536,55949
SP3-11600,deficit,none,0,0,0,0,0
SP3-11601,ok,goals+,0,0,129442,323875,3519314
SP3-11602,deficit,none,0,0,0,0,927939
SP3-11603,deficit,none,0,0,0,0,217859
SP3-11604,ok,debt,0,3259,884,511,313025
SP3-11605,deficit,none,0,0,0,0,768890
SP3-11606,ok,reserve,152754,0,23243,78591,0
SP3-11607,deficit,none,0,0,0,0,162705
SP3-11608,deficit,none,0,0,0,0,0
SP3-11609,deficit,none,0,0,0,0,4381050
SP3-11610,deficit,none,0,0,0,0,1954740
SP3-11611,ok,debt,1670,4345,668,0,52140
SP3-11612,deficit,none,0,0,0,0,0
SP3-11613,ok,reserve,3181,0,2120,0,0
SP3-11614,deficit,none,0,0,0,0,0
SP3-11615,deficit,none,0,0,0,0,0
SP3-11616,deficit,none,0,0,0,0,0
SP3-11617,ok,reserve,24869,0,16578,0,0
SP3-11618,deficit,none,0,0,0,0,162705
SP3-11619,deficit,none,0,0,0,0,181122
SP3-11620,deficit,none,0,0,0,0,0
SP3-11621,deficit,none,0,0,0,0,200110
SP3-11622,ok,debt,3455,8985,1382,0,594410
SP3-11623,ok,debt,3614,9397,0,1445,0
SP3-11624,ok,debt,930,2420,372,0,0
SP3-11625,deficit,none,0,0,0,0,0
SP3-11626,ok,debt,46,120,18,0,0
SP3-11627,deficit,none,0,0,0,0,7743816
SP3-11628,deficit,none,0,0,0,0,0
SP3-11629,deficit,none,0,0,0,0,697818
SP3-11630,deficit,none,0,0,0,0,0
SP3-11631,deficit,none,0,0,0,0,404882
SP3-11632,deficit,none,0,0,0,0,139996
SP3-11633,ok,debt,6067,15776,2426,0,0
SP3-11634,deficit,none,0,0,0,0,91091
SP3-11635,ok,debt,46,120,18,0,0
SP3-11636,ok,debt,2105,5476,0,842,31959
SP3-11637,ok,debt,23403,60851,9361,0,100410
SP3-11638,ok,reserve,6083,0,0,4055,0
SP3-11639,ok,goals+,0,0,0,13763,0
SP3-11640,ok,debt,1481,3853,592,0,0
SP3-11641,deficit,none,0,0,0,0,0
SP3-11642,deficit,none,0,0,0,0,100321
SP3-11643,deficit,none,0,0,0,0,699882
SP3-11644,ok,goals+,0,0,8041,11688,1346586
SP3-11645,ok,debt,23403,60851,9361,0,100410
SP3-11646,deficit,none,0,0,0,0,76160
SP3-11647,ok,debt,2424,6303,969,0,0
SP3-11648,deficit,none,0,0,0,0,0
SP3-11649,deficit,none,0,0,0,0,0
SP3-11650,ok,debt,6125,11216,0,7582,86425
SP3-11651,ok,none,0,0,0,0,22382
SP3-11652,deficit,none,0,0,0,0,0
SP3-11653,ok,reserve,1176,0,783,0,0
SP3-11654,invalid,none,0,0,0,0,0
SP3-11655,deficit,none,0,0,0,0,11331537
SP3-11656,deficit,none,0,0,0,0,86303
SP3-11657,deficit,none,0,0,0,0,718842
SP3-11658,ok,debt,19884,51700,7953,0,3876127
SP3-11659,ok,debt,8638,9719,0,3239,0
SP3-11660,ok,reserve,7160,0,4773,0,0
SP3-11661,ok,debt,37,99,15,0,202911
SP3-11662,deficit,none,0,0,0,0,0
SP3-11663,deficit,none,0,0,0,0,0
SP3-11664,deficit,none,0,0,0,0,5815231
SP3-11665,ok,reserve,4067,0,2711,0,0
SP3-11666,deficit,none,0,0,0,0,29769
SP3-11667,deficit,none,0,0,0,0,3131459
SP3-11668,ok,debt,5053,13138,2021,0,162588
SP3-11669,ok,reserve,5232,0,3242,246,0
SP3-11670,deficit,none,0,0,0,0,3081754
SP3-11671,deficit,none,0,0,0,0,0
SP3-11672,deficit,none,0,0,0,0,0
SP3-11673,deficit,none,0,0,0,0,0
SP3-11674,deficit,none,0,0,0,0,0
SP3-11675,ok,debt,3603,9369,1441,0,15344
SP3-11676,deficit,none,0,0,0,0,0
SP3-00308,invalid,none,0,0,0,0,0
SP3-11678,ok,goals+,0,0,37748,0,0
SP3-11679,deficit,none,0,0,0,0,609602
SP3-11680,invalid,none,0,0,0,0,0
SP3-11681,deficit,none,0,0,0,0,902532
SP3-11682,deficit,none,0,0,0,0,0
SP3-11683,ok,debt,814,2118,325,0,0
SP3-11684,ok,debt,5978,6727,2242,0,87047
SP3-11685,ok,reserve,2396,0,1597,0,323219
SP3-11686,ok,debt,4654,12103,1707,153,0
SP3-11687,ok,debt,4505,11716,1802,0,0
SP3-11688,ok,debt,3075,7996,1230,0,0
SP3-11689,ok,debt,0,2202,943,0,39429
SP3-11690,ok,goals+,0,0,8686,24578,170101
SP3-11691,ok,reserve,5359,0,3572,0,0
SP3-11692,ok,reserve,399970,0,266647,0,0
SP3-11693,deficit,none,0,0,0,0,2133420
SP3-11694,deficit,none,0,0,0,0,1614273
SP3-11695,ok,debt,1325,3446,530,0,0
SP3-11696,invalid,none,0,0,0,0,0
SP3-11697,ok,debt,3655,9505,0,1462,0
SP3-11698,ok,debt,0,5652,1756,665,62838
SP3-11699,ok,debt,179,202,67,0,0
SP3-11700,deficit,none,0,0,0,0,0
SP3-11701,deficit,none,0,0,0,0,5743867
SP3-11702,ok,reserve,24851,0,2589,13977,0
SP3-11703,ok,reserve,4766,0,3176,0,0
SP3-11704,deficit,none,0,0,0,0,0
SP3-11705,deficit,none,0,0,0,0,1088662
SP3-11706,deficit,none,0,0,0,0,141464
SP3-11707,deficit,none,0,0,0,0,1121290
SP3-11708,deficit,none,0,0,0,0,4392444
SP3-11709,deficit,none,0,0,0,0,536917
SP3-11710,ok,debt,1947,5065,779,0,367048
SP3-11711,deficit,none,0,0,0,0,201365
SP3-11712,ok,reserve,83883,0,0,55922,0
SP3-11713,deficit,none,0,0,0,0,280229
SP3-11714,ok,debt,1794,2019,672,0,0
SP3-11715,ok,debt,2654,6901,0,1061,0
SP3-11716,ok,debt,2238,2518,839,0,0
SP3-11717,deficit,none,0,0,0,0,420611
SP3-11718,deficit,none,0,0,0,0,1210072
SP3-11719,ok,reserve,28141,0,18761,0,0
SP3-11720,ok,reserve,5348,0,3565,0,0
SP3-11721,invalid,none,0,0,0,0,0
SP3-11722,ok,debt,13636,35455,5454,0,721745
SP3-11723,deficit,none,0,0,0,0,0
SP3-11724,deficit,none,0,0,0,0,236521
SP3-11725,ok,goals+,0,0,7977,0,0
SP3-11726,ok,reserve,649,0,432,0,0
SP3-11727,deficit,none,0,0,0,0,0
SP3-11728,ok,debt,1048,1179,0,393,0
SP3-11729,ok,debt,1057,2749,422,0,0
SP3-11730,deficit,none,0,0,0,0,176295
SP3-11731,ok,goals+,0,0,23419,0,7558878
SP3-11732,deficit,none,0,0,0,0,0
SP3-11733,deficit,none,0,0,0,0,0
SP3-11734,ok,goals+,0,0,6119,806,84186
SP3-11735,deficit,none,0,0,0,0,0
SP3-11736,deficit,none,0,0,0,0,570644
SP3-11737,deficit,none,0,0,0,0,0
SP3-11738,deficit,none,0,0,0,0,0
SP3-11739,ok,reserve,7902,0,5267,0,0
SP3-11740,ok,goals+,0,0,23074,0,0
SP3-11741,ok,goals+,0,0,10360,0,3666017
SP3-11742,ok,goals+,0,0,15729,260140,353529
SP3-11743,ok,reserve,1594,0,1062,0,22130
SP3-11744,ok,debt,4556,11849,0,1822,0
SP3-11745,ok,debt,1192,3101,477,0,0
SP3-11746,ok,reserve,13965,0,9309,0,0
SP3-11747,ok,reserve,31381,0,20920,0,0
SP3-11748,ok,goals+,3995,0,24515,16437,0
SP3-11749,ok,goals+,0,0,12150,0,0
SP3-11750,deficit,none,0,0,0,0,0
SP3-11751,ok,debt,462,1203,185,0,0
SP3-11752,ok,reserve,3704,0,0,2469,0
SP3-11753,ok,reserve,4953,0,3302,0,0
SP3-11754,ok,debt,1815,4721,0,726,0
SP3-11755,ok,reserve,20902,0,5885,8048,0
SP3-11756,ok,debt,857,2229,342,0,0
SP3-11757,ok,goals+,0,0,255,78661,948183
SP3-11758,ok,reserve,11211,0,0,7474,0
SP3-11759,deficit,none,0,0,0,0,451830
SP3-11760,deficit,none,0,0,0,0,116314
SP3-11761,ok,reserve,12744,0,8496,0,0
SP3-11762,ok,debt,3386,8804,1354,0,194085
SP3-11763,ok,reserve,6270,0,4179,0,0
SP3-11764,ok,goals+,0,0,18458,590155,1051372
SP3-11765,ok,reserve,14148,0,9431,0,0
SP3-11766,ok,debt,98,258,39,0,0
SP3-11767,ok,goals+,0,0,16176,0,0
SP3-11768,ok,goals+,0,0,6360,210454,18423871
SP3-11769,deficit,none,0,0,0,0,28107
SP3-11770,ok,goals+,0,0,3350,13215,128510
SP3-11771,ok,goals+,0,0,8426,17766,1556944
SP3-11772,ok,debt,0,4988,2137,0,431267
SP3-11773,invalid,none,0,0,0,0,0
SP3-11774,invalid,none,0,0,0,0,0
SP3-11775,ok,debt,8376,21780,3350,0,118453
SP3-11776,ok,debt,1028,2676,411,0,17004
SP3-11777,ok,reserve,6391,0,4260,0,0
SP3-11778,deficit,none,0,0,0,0,0
SP3-11779,deficit,none,0,0,0,0,421694
SP3-11780,ok,reserve,8924,0,5948,0,0
SP3-11781,deficit,none,0,0,0,0,638105
SP3-11782,ok,debt,1558,4052,623,0,0
SP3-11783,ok,debt,639,1665,255,0,0
SP3-11784,ok,debt,14127,36733,5651,0,721745
SP3-11785,ok,reserve,1342,0,894,0,0
SP3-11786,ok,reserve,27936,0,18624,0,0
SP3-11787,ok,reserve,15193,0,287,9840,0
SP3-11788,deficit,none,0,0,0,0,3980276
SP3-11789,ok,reserve,4625,0,0,3082,0
SP3-11790,ok,debt,3557,9250,1423,0,168558
SP3-11791,ok,debt,551,1436,220,0,294427
SP3-11792,deficit,none,0,0,0,0,0
SP3-11793,invalid,none,0,0,0,0,0
SP3-11794,deficit,none,0,0,0,0,0
SP3-11795,deficit,none,0,0,0,0,0
SP3-11796,ok,goals+,0,0,3266,11136,131212
SP3-11797,ok,debt,1548,4028,619,0,0
SP3-11798,ok,debt,5553,14441,2221,0,0
SP3-11799,ok,debt,3712,9653,1485,0,0
SP3-11800,deficit,none,0,0,0,0,0
SP3-11801,deficit,none,0,0,0,0,0
SP3-11802,ok,debt,118426460,133229769,44409922,0,0
SP3-11803,deficit,none,0,0,0,0,4175193
SP3-11804,deficit,none,0,0,0,0,0
SP3-11805,ok,reserve,11751,0,0,7833,0
SP3-11806,ok,reserve,10077,0,6718,0,0
SP3-11807,deficit,none,0,0,0,0,0
SP3-11808,deficit,none,0,0,0,0,0
SP3-11809,deficit,none,0,0,0,0,1288150
SP3-11810,ok,debt,1755,1974,658,0,0
SP3-11811,deficit,none,0,0,0,0,0
SP3-11812,deficit,none,0,0,0,0,0
SP3-11813,deficit,none,0,0,0,0,0
SP3-11814,deficit,none,0,0,0,0,0
SP3-11815,deficit,none,0,0,0,0,0
SP3-11816,deficit,none,0,0,0,0,301093
SP3-11817,deficit,none,0,0,0,0,3377941
SP3-11818,ok,debt,0,1932,827,0,29366
SP3-11819,ok,debt,12645,32877,0,5058,0
SP3-11820,ok,reserve,21860,0,0,14572,0
SP3-11821,ok,debt,2657,6910,0,1063,71524
SP3-11822,ok,debt,1767,4596,707,0,0
SP3-11823,ok,debt,3756,9769,1502,0,0
SP3-11824,deficit,none,0,0,0,0,0
SP3-11825,ok,debt,6487,16869,2595,0,141786
SP3-11826,ok,debt,4545,11819,1818,0,0
SP3-11827,deficit,none,0,0,0,0,10270446
SP3-11828,ok,debt,11224,23725,7592,2356,202553
SP3-11829,deficit,none,0,0,0,0,0
SP3-11830,ok,goals+,0,0,9042,6919,628840
SP3-11831,ok,goals+,0,0,14766,6395,0
SP3-11832,deficit,none,0,0,0,0,51034
SP3-11833,ok,debt,1767,4596,707,0,0
SP3-11834,ok,reserve,55730,0,11407,25746,0
SP3-11835,deficit,none,0,0,0,0,715772
SP3-11836,ok,goals+,0,0,87597,337346,5585450
SP3-11837,ok,reserve,17973,0,8343,3637,0
SP3-11838,ok,debt,1497,3893,598,0,0
SP3-11839,deficit,none,0,0,0,0,0
SP3-11840,ok,goals+,0,0,14364,3773,228353
SP3-11841,ok,reserve,18841,0,4746,7813,0
SP3-11842,ok,debt,910,2366,364,0,0
SP3-11843,deficit,none,0,0,0,0,425390
SP3-11844,ok,reserve,4486,0,298,2692,0
SP3-11845,invalid,none,0,0,0,0,0
SP3-11846,deficit,none,0,0,0,0,10694
SP3-11847,ok,debt,8121,9137,3045,0,51568
SP3-11848,ok,debt,3014,7838,1205,0,28962
SP3-11849,deficit,none,0,0,0,0,1645570
SP3-11850,ok,reserve,12132,0,8087,0,0
SP3-11851,invalid,none,0,0,0,0,0
SP3-11852,ok,reserve,6231,0,4154,0,447893
SP3-11853,deficit,none,0,0,0,0,255233
SP3-11854,ok,goals+,0,0,7936,44468,91420
SP3-11855,deficit,none,0,0,0,0,83073
SP3-11856,deficit,none,0,0,0,0,17133179
SP3-11857,ok,debt,81268,211300,32507,0,1189926
SP3-11858,ok,debt,677,1763,271,0,67845
SP3-11859,ok,debt,6237,16217,2494,0,0
SP3-11860,deficit,none,0,0,0,0,0
SP3-11861,deficit,none,0,0,0,0,325597
SP3-11862,deficit,none,0,0,0,0,5724115
SP3-11863,deficit,none,0,0,0,0,58147
SP3-11864,ok,debt,11488,29870,4595,0,0
SP3-11865,ok,reserve,12455,0,8303,0,0
SP3-11866,ok,debt,1259,1416,472,0,0
SP3-11867,ok,goals+,0,0,22270,0,189874
SP3-11868,deficit,none,0,0,0,0,0
SP3-11869,ok,debt,2386,6205,954,0,0
SP3-11870,ok,reserve,200471,0,133647,0,4512334
SP3-11871,invalid,none,0,0,0,0,0
SP3-11872,deficit,none,0,0,0,0,511055
SP3-11873,deficit,none,0,0,0,0,600542
SP3-11874,deficit,none,0,0,0,0,10908722
SP3-11875,deficit,none,0,0,0,0,611352
SP3-11876,ok,debt,11174,29055,4469,0,7467240
SP3-11877,ok,debt,4817,12527,1927,0,0
SP3-11878,ok,debt,7851,20415,0,3140,0
SP3-11879,deficit,none,0,0,0,0,0
SP3-11880,deficit,none,0,0,0,0,434226
SP3-11881,deficit,none,0,0,0,0,100761
SP3-11882,deficit,none,0,0,0,0,0
SP3-11883,deficit,none,0,0,0,0,0
SP3-11884,ok,debt,0,83610,25204,10627,301960
SP3-11885,deficit,none,0,0,0,0,5459673
SP3-11886,deficit,none,0,0,0,0,0
SP3-11887,ok,reserve,16541,0,1353,9673,0
SP3-11888,deficit,none,0,0,0,0,2690016
SP3-11889,ok,debt,212,554,85,0,0
SP3-11890,ok,reserve,6190,0,4127,0,0
SP3-11891,ok,goals+,0,0,1454,12369,0
SP3-11892,deficit,none,0,0,0,0,2531514
SP3-11893,deficit,none,0,0,0,0,670491
SP3-11894,ok,debt,987,2568,394,0,0
SP3-11895,deficit,none,0,0,0,0,1594964
SP3-11896,ok,goals+,0,0,116368,0,8811854
SP3-11897,ok,reserve,3313,0,2208,0,176539
SP3-11898,deficit,none,0,0,0,0,17089
SP3-11899,ok,reserve,7062,0,4708,0,0
SP3-11900,ok,reserve,12246,0,8163,0,0
SP3-11901,ok,debt,1438,3742,575,0,64642
SP3-11902,deficit,none,0,0,0,0,0
SP3-11903,deficit,none,0,0,0,0,0
SP3-11904,ok,debt,17200,44723,0,6880,105801
SP3-11905,ok,goals+,0,0,172,9679,0
SP3-11906,ok,reserve,1306,0,871,0,311271
SP3-11907,deficit,none,0,0,0,0,0
SP3-11908,ok,goals+,0,0,20454,0,993786
SP3-11909,ok,reserve,12500,0,3771,4562,0
SP3-11910,deficit,none,0,0,0,0,1994291
SP3-11911,ok,debt,9652,25098,3861,0,0
SP3-11912,deficit,none,0,0,0,0,37806
SP3-11913,ok,reserve,26935,0,0,17956,0
SP3-11914,ok,debt,626,1628,0,250,105185
SP3-11915,ok,goals+,0,0,2566,0,153894
SP3-11916,deficit,none,0,0,0,0,0
SP3-11917,deficit,none,0,0,0,0,28570
SP3-11918,ok,reserve,5909,0,3938,0,0
SP3-11919,deficit,none,0,0,0,0,0
SP3-11920,deficit,none,0,0,0,0,2908217
SP3-11921,deficit,none,0,0,0,0,345622
SP3-11922,ok,goals+,0,0,285277,442661,2196825
SP3-11923,ok,reserve,143103,0,28699,66702,0
SP3-11924,ok,reserve,10974,0,7316,0,69987
SP3-11925,deficit,none,0,0,0,0,0
SP3-11926,ok,reserve,13034,0,6685,2002,0
SP3-11927,deficit,none,0,0,0,0,0
SP3-11928,ok,debt,4964,12910,0,1985,170323
SP3-11929,ok,debt,0,127150,27333,27159,4436995
SP3-11930,ok,debt,15330,17247,5749,0,0
SP3-11931,ok,goals+,0,0,15129,18861,1147572
SP3-11932,ok,debt,1445,3759,0,578,30552
SP3-11933,ok,goals+,0,0,48380,331563,2156440
SP3-11934,deficit,none,0,0,0,0,0
SP3-11935,ok,goals+,0,0,3347,0,111317
SP3-11936,ok,debt,3487,9067,1394,0,0
SP3-11937,ok,reserve,5072,0,1000,2381,0
SP3-11938,deficit,none,0,0,0,0,158317
SP3-11939,deficit,none,0,0,0,0,439607
SP3-11940,deficit,none,0,0,0,0,123269
SP3-11941,ok,reserve,12063,0,8041,0,0
SP3-11942,ok,debt,1857,4830,743,0,0
SP3-11943,ok,reserve,18790,0,0,12526,0
SP3-11944,ok,debt,8117,21107,3247,0,0
SP3-11945,ok,debt,2217,2495,831,0,0
SP3-11946,ok,debt,1095,2847,438,0,0
SP3-11947,ok,debt,585,1522,234,0,0
SP3-11948,deficit,none,0,0,0,0,1815736
SP3-11949,ok,goals+,0,0,17819,21217,0
SP3-11950,ok,debt,1642,4270,656,0,0
SP3-11951,ok,reserve,6511,0,0,4340,0
SP3-11952,invalid,none,0,0,0,0,0
SP3-11953,ok,reserve,10133,0,6747,6,0
SP3-11954,ok,reserve,24807,0,16537,0,0
SP3-11955,ok,goals+,0,0,104260,46545,1782598
SP3-11956,deficit,none,0,0,0,0,0
SP3-11957,deficit,none,0,0,0,0,103065
SP3-11958,ok,goals+,0,0,4145,1197,393636
SP3-11959,ok,debt,2608,6782,1043,0,0
SP3-11960,deficit,none,0,0,0,0,0
SP3-11961,ok,goals+,0,0,497,55495,4589809
SP3-11962,ok,reserve,4213,0,2809,0,0
SP3-11963,deficit,none,0,0,0,0,0
SP3-11964,deficit,none,0,0,0,0,635410
SP3-11965,deficit,none,0,0,0,0,109995
SP3-11966,ok,goals+,0,0,185713,0,21162983
SP3-11967,ok,debt,0,190733,3062,78680,5469969
SP3-11968,ok,debt,2867,7456,1146,0,0
SP3-11969,ok,debt,6992,18182,2196,600,280102
SP3-11970,deficit,none,0,0,0,0,0
SP3-11971,ok,reserve,21841,0,14560,0,0
SP3-11972,ok,reserve,93360,0,40676,21562,2094890
SP3-11973,ok,debt,1351,3513,0,540,19346
SP3-11974,ok,debt,4073,10593,1629,0,0
SP3-11975,ok,debt,2697,7014,0,1079,93531
SP3-11976,ok,reserve,49399,0,0,32932,0
SP3-11977,ok,debt,646,1682,258,0,0
SP3-11978,ok,goals+,0,0,4865,0,373828
SP3-11979,deficit,none,0,0,0,0,0
SP3-11980,ok,goals+,0,0,10120,5755,114760
SP3-11981,ok,reserve,7852,0,0,5234,0
SP3-11982,ok,reserve,2077,0,1385,0,0
SP3-11983,invalid,none,0,0,0,0,0
SP3-11984,deficit,none,0,0,0,0,0
SP3-11985,deficit,none,0,0,0,0,2853239
SP3-11986,ok,reserve,2766,0,1843,0,0
SP3-11987,ok,debt,6466,16813,2586,0,0
SP3-11988,deficit,none,0,0,0,0,0
SP3-11989,deficit,none,0,0,0,0,52689
SP3-11990,deficit,none,0,0,0,0,0
SP3-11991,ok,goals+,0,0,4783,0,0
SP3-11992,deficit,none,0,0,0,0,0
SP3-11993,ok,goals+,0,0,49799,0,1286803
SP3-11994,ok,debt,632,1644,252,0,28039
SP3-11995,ok,reserve,8679,0,3181,2603,0
SP3-11996,ok,debt,2436,6335,974,0,0
SP3-11997,ok,goals+,0,0,7275,0,139547
SP3-11998,ok,goals+,0,0,14622,186798,417503
SP3-11999,ok,reserve,33247,0,7755,14409,107780
