id,status,dom,res,debt,goal,inv,lump
SP-00000,deficit,none,0,0,0,0,0
SP-00001,ok,reserve,5177,0,0,0,0
SP-00002,ok,goals+,0,0,1894,0,246636
SP-00003,ok,debt,1,43024,0,0,115330
SP-00004,ok,reserve,10301,0,0,0,0
SP-00005,ok,reserve,495,0,329,0,0
SP-00006,deficit,none,0,0,0,0,0
SP-00007,ok,goals+,0,0,15086,4048,282878
SP-00008,ok,reserve,2208,0,1472,0,0
SP-00009,deficit,none,0,0,0,0,0
SP-00010,ok,debt,5501,8251,0,0,0
SP-00011,ok,reserve,4418,0,0,0,0
SP-00012,deficit,none,0,0,0,0,0
SP-00013,ok,reserve,25827,0,0,0,0
SP-00014,ok,debt,0,695,0,0,166760
SP-00015,ok,reserve,3154,0,0,0,0
SP-00016,ok,goals+,2114,3169,3521,0,0
SP-00017,ok,debt,620,928,0,0,0
SP-00018,ok,reserve,5255,0,0,0,0
SP-00019,ok,reserve,3515,0,2343,0,0
SP-00020,ok,debt,0,14625,0,0,4747
SP-00021,ok,goals+,1,0,0,1994,3433675
SP-00022,ok,reserve,11153,0,0,0,0
SP-00023,ok,debt,0,5367,0,0,99326
SP-00024,ok,reserve,11349,0,0,0,0
SP-00025,ok,goals+,0,0,0,38471,34921
SP-00026,ok,goals+,0,0,30884,1083,40681
SP-00027,ok,reserve,7464,0,0,0,0
SP-00028,ok,debt,0,19761,0,0,42689
SP-00029,ok,goals+,0,0,0,40503,73968
SP-00030,ok,reserve,3183,0,0,0,0
SP-00031,deficit,none,0,0,0,0,0
SP-00032,ok,reserve,19520,0,1626,0,0
SP-00033,ok,reserve,3065,0,2043,0,0
SP-00034,ok,reserve,10045,0,0,0,0
SP-00035,ok,reserve,18008,0,6248,0,0
SP-00036,ok,goals+,0,0,62,26,0
SP-00037,ok,reserve,9959,0,6639,0,0
SP-00038,ok,reserve,46246,0,9076,0,0
SP-00039,ok,debt,0,1013634623,0,0,1143479589
SP-00040,deficit,none,0,0,0,0,0
SP-00041,ok,debt,0,28841,0,0,102025
SP-00042,deficit,none,0,0,0,0,0
SP-00043,ok,reserve,22814,0,0,0,0
SP-00044,ok,goals+,0,0,12983,0,39845
SP-00045,ok,debt,0,68852,0,0,294949
SP-00046,ok,reserve,6937,0,0,0,0
SP-00047,ok,reserve,3724,0,0,0,0
SP-00048,deficit,none,0,0,0,0,0
SP-00049,ok,reserve,10426,0,0,0,0
SP-00050,ok,reserve,6984,0,0,0,0
SP-00051,ok,debt,0,9622,0,0,98983
SP-00052,ok,goals+,2225,3336,3706,0,0
SP-00053,ok,reserve,24470,0,0,0,0
SP-00054,deficit,none,0,0,0,0,0
SP-00055,ok,reserve,12712,0,0,0,0
SP-00056,ok,debt,1,3140,0,0,341987
SP-00057,ok,goals+,0,0,0,16899,33224
SP-00058,ok,reserve,2386,0,0,0,0
SP-00059,ok,reserve,8065,0,0,0,0
SP-00060,ok,reserve,13066,0,0,0,0
SP-00061,ok,reserve,9499,0,0,0,0
SP-00062,ok,reserve,12464,4296,4772,0,0
SP-00063,ok,goals+,0,0,0,106772,5133608
SP-00064,ok,goals+,0,6306,11210,0,204879
SP-00065,ok,goals+,0,0,6557,0,72356
SP-00066,ok,goals+,0,0,94318,0,147990
SP-00067,ok,reserve,15680,0,10453,0,0
SP-00068,ok,debt,10468,15765,0,0,0
SP-00069,ok,reserve,3195,0,0,0,0
SP-00070,ok,reserve,28467,0,0,0,0
SP-00071,ok,reserve,18784,0,0,0,0
SP-00072,deficit,none,0,0,0,0,0
SP-00073,ok,debt,0,11631,0,0,38656
SP-00074,ok,reserve,2411,0,0,0,0
SP-00075,ok,goals+,0,144,256,0,114691
SP-00076,ok,reserve,28542,0,0,0,0
SP-00077,ok,reserve,1476,0,0,0,0
SP-00078,ok,goals+,0,0,11,28,0
SP-00079,ok,reserve,80979,0,5218,0,0
SP-00080,ok,debt,0,55225,0,0,25
SP-00081,ok,reserve,695015051,0,463343367,0,0
SP-00082,ok,debt,0,16865,0,0,165299
SP-00083,ok,reserve,12764,0,0,0,0
SP-00084,deficit,none,0,0,0,0,0
SP-00085,ok,reserve,4274,0,2152,0,0
SP-00086,ok,reserve,7253,0,0,0,0
SP-00087,ok,debt,15638,23457,0,0,0
SP-00088,ok,reserve,12435,0,0,0,0
SP-00089,ok,reserve,18063,203,0,0,0
SP-00090,deficit,none,0,0,0,0,0
SP-00091,deficit,none,0,0,0,0,0
SP-00092,ok,goals+,0,3425,6090,0,39935
SP-00093,deficit,none,0,0,0,0,361967
SP-00094,deficit,none,0,0,0,0,0
SP-00095,ok,reserve,4644,0,0,0,0
SP-00096,deficit,none,0,0,0,0,0
SP-00097,ok,debt,0,35726,0,0,44161
SP-00098,deficit,none,0,0,0,0,0
SP-00099,ok,reserve,13716,0,0,0,0
SP-00100,ok,goals+,0,0,2246,0,174849
SP-00101,ok,debt,0,1145,0,0,3038
SP-00102,ok,reserve,14062,0,0,0,0
SP-00103,ok,debt,0,6357,0,0,10659
SP-00104,ok,debt,0,18073,0,0,24876
SP-00105,ok,goals+,0,0,251,0,860842
SP-00106,ok,reserve,3502,0,0,1111,0
SP-00107,ok,reserve,8463,7876,0,0,0
SP-00108,ok,debt,0,1495,0,0,77604
SP-00109,ok,reserve,17208,11159,0,0,0
SP-00110,ok,reserve,494,0,328,0,0
SP-00111,ok,reserve,3138,0,2092,0,0
SP-00112,ok,goals+,0,0,1114,0,0
SP-00113,ok,debt,0,19975,0,13318,0
SP-00114,deficit,none,0,0,0,0,0
SP-00115,ok,reserve,24982,0,0,24636,95153
SP-00116,ok,goals+,0,0,30434,23194,506136
SP-00117,ok,reserve,25227,0,16817,0,0
SP-00118,ok,reserve,19454,0,0,0,0
SP-00119,ok,reserve,20178,0,0,0,0
SP-00120,ok,reserve,189,0,33,0,0
SP-00121,ok,goals+,0,0,6826,0,180611
SP-00122,deficit,none,0,0,0,0,0
SP-00123,ok,reserve,869884507,0,0,0,0
SP-00124,ok,reserve,13060,0,0,0,0
SP-00125,ok,reserve,12206,0,10626,0,0
SP-00126,deficit,none,0,0,0,0,0
SP-00127,ok,reserve,23218,0,4411,0,0
SP-00128,ok,reserve,17115,0,7897,0,0
SP-00129,ok,debt,41674,62511,16512,0,0
SP-00130,ok,reserve,3400,0,0,0,0
SP-00131,ok,debt,0,10807,0,0,4719
SP-00132,deficit,none,0,0,0,0,0
SP-00133,ok,reserve,49505,0,0,0,0
SP-00134,ok,debt,0,19172,0,0,16281
SP-00135,deficit,none,0,0,0,0,0
SP-00136,ok,reserve,9844,0,6562,0,0
SP-00137,ok,debt,0,898,0,0,13409
SP-00138,ok,reserve,5390,0,3592,0,0
SP-00139,deficit,none,0,0,0,0,174926
SP-00140,deficit,none,0,0,0,0,0
SP-00141,ok,reserve,6566,0,0,0,0
SP-00142,deficit,none,0,0,0,0,0
SP-00143,ok,reserve,31083,0,20721,0,0
SP-00144,ok,debt,0,17228,0,0,2046
SP-00145,ok,reserve,1200,0,0,0,0
SP-00146,ok,reserve,5410,0,0,0,0
SP-00147,ok,goals+,0,0,7997,0,1019326
SP-00148,deficit,none,0,0,0,0,0
SP-00149,ok,reserve,10595,0,7062,0,0
SP-00150,ok,goals+,0,0,14482,0,0
SP-00151,ok,reserve,36467,0,0,0,0
SP-00152,ok,goals+,0,0,4530,0,75368
SP-00153,ok,debt,0,5900,0,0,7744
SP-00154,ok,reserve,29246,0,0,0,0
SP-00155,ok,debt,0,91807,0,0,72045
SP-00156,ok,reserve,13349,0,8898,0,0
SP-00157,ok,reserve,2018,0,0,0,0
SP-00158,ok,reserve,7810,0,5206,0,0
SP-00159,ok,reserve,22665,0,12664,0,0
SP-00160,ok,goals+,1,0,23938,16654,274853
SP-00161,deficit,none,0,0,0,0,0
SP-00162,ok,goals+,75,0,27,144,0
SP-00163,ok,reserve,4230,0,2819,0,0
SP-00164,ok,reserve,63090,0,0,0,0
SP-00165,ok,reserve,135635283,0,90423521,0,0
SP-00166,ok,reserve,10617,0,0,0,0
SP-00167,ok,debt,0,37245,0,0,20323
SP-00168,deficit,none,0,0,0,0,0
SP-00169,ok,debt,0,6703,0,0,72619
SP-00170,ok,reserve,17993,0,11995,0,0
SP-00171,ok,reserve,14695,0,0,0,0
SP-00172,ok,reserve,31213,0,0,0,0
SP-00173,ok,reserve,31360,0,0,0,0
SP-00174,deficit,none,0,0,0,0,0
SP-00175,ok,reserve,2629,0,0,0,0
SP-00176,ok,goals+,0,0,0,32587,14097
SP-00177,deficit,none,0,0,0,0,0
SP-00178,ok,reserve,20668,0,13778,0,0
SP-00179,ok,reserve,18513,0,0,0,0
SP-00180,deficit,none,0,0,0,0,0
SP-00181,ok,debt,140,210,0,0,25922
SP-00182,deficit,none,0,0,0,0,0
SP-00183,deficit,none,0,0,0,0,0
SP-00184,ok,reserve,14700,0,9800,0,0
SP-00185,ok,reserve,18330,0,0,0,0
SP-00186,ok,reserve,66898,0,0,0,0
SP-00187,ok,reserve,11745,0,0,0,0
SP-00188,ok,reserve,15589,0,0,0,0
SP-00189,ok,goals+,0,0,4548,2712,491306
SP-00190,ok,reserve,35330,0,1718,0,0
SP-00191,ok,reserve,8536,0,0,0,0
SP-00192,deficit,none,0,0,0,0,0
SP-00193,ok,reserve,612,0,0,0,0
SP-00194,ok,debt,0,23968,0,0,8947
SP-00195,ok,reserve,3481,0,0,0,0
SP-00196,ok,debt,0,49869,0,0,3710
SP-00197,deficit,none,0,0,0,0,0
SP-00198,ok,goals+,0,0,30188,0,32802
SP-00199,ok,reserve,23512,0,0,0,0
SP-00200,ok,reserve,18839,0,0,0,0
SP-00201,deficit,none,0,0,0,0,0
SP-00202,deficit,none,0,0,0,0,0
SP-00203,ok,reserve,25416,0,993,0,0
SP-00204,ok,reserve,7,0,0,0,0
SP-00205,ok,goals+,5725,0,17532,0,0
SP-00206,ok,debt,0,6143,0,0,6878
SP-00207,ok,reserve,133676568,0,89117711,0,0
SP-00208,ok,reserve,368,0,244,0,0
SP-00209,ok,reserve,9194,0,6129,0,0
SP-00210,deficit,none,0,0,0,0,0
SP-00211,deficit,none,0,0,0,0,0
SP-00212,ok,reserve,861,0,0,0,0
SP-00213,ok,goals+,3808,5711,6345,0,0
SP-00214,ok,reserve,18118,0,12078,0,0
SP-00215,ok,reserve,285,0,189,0,0
SP-00216,deficit,none,0,0,0,0,0
SP-00217,ok,reserve,17134,1116,1240,0,0
SP-00218,ok,debt,0,13925,0,0,74724
SP-00219,deficit,none,0,0,0,0,0
SP-00220,ok,reserve,76290,0,343,0,0
SP-00221,deficit,none,0,0,0,0,0
SP-00222,deficit,none,0,0,0,0,0
SP-00223,ok,reserve,48306,42003,0,0,0
SP-00224,ok,reserve,6124,0,1570,0,0
SP-00225,deficit,none,0,0,0,0,0
SP-00226,ok,reserve,14546,0,0,0,0
SP-00227,deficit,none,0,0,0,0,0
SP-00228,ok,debt,6589,9882,0,0,0
SP-00229,ok,debt,0,8445,0,0,46477
SP-00230,ok,reserve,13550,0,9033,0,0
SP-00231,ok,goals+,0,0,0,30018,3424869
SP-00232,ok,reserve,82450,0,0,0,0
SP-00233,ok,reserve,13259,0,8572,0,0
SP-00234,ok,goals+,0,0,34249,0,41347
SP-00235,ok,reserve,76129,0,17942,0,0
SP-00236,ok,debt,0,4311,0,0,84473
SP-00237,ok,goals+,1552,2326,2585,0,0
SP-00238,ok,debt,0,22085,0,0,36936
SP-00239,ok,reserve,47948,0,31964,0,0
SP-00240,deficit,none,0,0,0,0,0
SP-00241,ok,reserve,27894,0,10380,0,0
SP-00242,ok,reserve,6923,0,4615,0,0
SP-00243,ok,goals+,840,1260,1400,0,30326
SP-00244,ok,goals+,4421,5677,6307,0,0
SP-00245,ok,reserve,13233,0,8821,0,0
SP-00246,ok,reserve,124,0,18,0,0
SP-00247,ok,reserve,7558,0,0,0,0
SP-00248,ok,debt,0,13466,0,0,52140
SP-00249,ok,reserve,289147440,0,0,0,0
SP-00250,ok,debt,0,4722,0,0,27562
SP-00251,ok,reserve,4224,0,2816,0,0
SP-00252,deficit,none,0,0,0,0,0
SP-00253,ok,goals+,2237,0,13753,0,0
SP-00254,ok,debt,0,27597,0,0,15185
SP-00255,ok,goals+,30740,0,45772,14344,0
SP-00256,ok,reserve,18299,0,0,0,0
SP-00257,deficit,none,0,0,0,0,0
SP-00258,deficit,none,0,0,0,0,0
SP-00259,ok,reserve,43345,0,1758,0,0
SP-00260,ok,reserve,8749,0,0,0,0
SP-00261,deficit,none,0,0,0,0,147764
SP-00262,ok,reserve,1632,0,1088,0,0
SP-00263,ok,goals+,1888,2830,3145,0,0
SP-00264,deficit,none,0,0,0,0,0
SP-00265,ok,reserve,35079,0,4813,0,0
SP-00266,deficit,none,0,0,0,0,0
SP-00267,ok,reserve,26318,0,0,0,0
SP-00268,ok,reserve,59534,0,11417,0,0
SP-00269,ok,debt,0,30919,0,0,100401
SP-00270,ok,reserve,4085,0,0,0,0
SP-00271,ok,goals+,0,0,38601,0,188159
SP-00272,deficit,none,0,0,0,0,0
SP-00273,ok,goals+,0,0,0,19104,1979385
SP-00274,ok,reserve,6693,0,4461,0,0
SP-00275,ok,reserve,5889,0,0,0,0
SP-00276,ok,goals+,0,1906,3389,0,66646
SP-00277,ok,reserve,6707,0,4471,0,0
SP-00278,ok,reserve,2580,0,0,0,0
SP-00279,ok,goals+,1988,2980,3312,0,0
SP-00280,ok,reserve,14057,0,9370,0,0
SP-00281,ok,reserve,7215,0,4107,0,0
SP-00282,ok,reserve,449,0,299,0,0
SP-00283,ok,reserve,3023,0,0,0,0
SP-00284,ok,reserve,15840,0,10560,0,0
SP-00285,ok,goals+,0,0,6689,0,23638
SP-00286,ok,debt,0,10397,0,0,12226
SP-00287,ok,debt,0,5607,0,0,33500
SP-00288,ok,reserve,98,0,32,0,0
SP-00289,ok,reserve,5703,0,0,0,0
SP-00290,ok,reserve,4237,0,0,0,0
SP-00291,ok,reserve,605017062,0,0,0,0
SP-00292,deficit,none,0,0,0,0,0
SP-00293,ok,reserve,4337,0,0,0,0
SP-00294,deficit,none,0,0,0,0,0
SP-00295,ok,reserve,8760,0,5839,0,0
SP-00296,ok,goals+,3309,4963,5514,0,0
SP-00297,ok,reserve,13325,0,8801,0,0
SP-00298,ok,debt,5294,7939,0,0,0
SP-00299,ok,goals+,5397,0,14999,0,0
SP-00300,deficit,none,0,0,0,0,0
SP-00301,ok,reserve,17298,0,11531,0,0
SP-00302,ok,goals+,2692,4037,4485,0,0
SP-00303,deficit,none,0,0,0,0,0
SP-00304,ok,reserve,649,0,0,0,0
SP-00305,ok,goals+,3017,4524,5027,0,0
SP-00306,deficit,none,0,0,0,0,0
SP-00307,ok,goals+,0,0,9714,0,201486
SP-00308,deficit,none,0,0,0,0,0
SP-00309,ok,reserve,26857,0,0,0,0
SP-00310,ok,debt,0,21386,0,0,44893
SP-00311,ok,reserve,5737,0,3824,0,0
SP-00312,ok,reserve,39729,0,0,0,0
SP-00313,ok,debt,0,7741,0,0,265333
SP-00314,ok,goals+,3096,4644,5160,0,0
SP-00315,ok,goals+,0,0,0,13416,1483527
SP-00316,ok,debt,0,59567,0,0,198893
SP-00317,ok,reserve,2425,0,0,0,0
SP-00318,ok,reserve,17339,0,5825,0,0
SP-00319,ok,debt,0,11906,0,0,73349
SP-00320,ok,reserve,7274,0,0,0,0
SP-00321,ok,reserve,10149,0,0,0,0
SP-00322,deficit,none,0,0,0,0,0
SP-00323,deficit,none,0,0,0,0,0
SP-00324,deficit,none,0,0,0,0,0
SP-00325,ok,debt,0,13420,0,0,34736
SP-00326,ok,reserve,3336,0,2224,0,0
SP-00327,ok,reserve,8876,0,5917,0,0
SP-00328,ok,reserve,137101,0,0,0,0
SP-00329,ok,reserve,20733,0,0,0,0
SP-00330,ok,reserve,58,0,37,0,0
SP-00331,ok,reserve,14150,0,9432,0,0
SP-00332,ok,reserve,11493,0,7662,0,0
SP-00333,ok,reserve,880378930,0,64429485,0,0
SP-00334,ok,goals+,4845,7266,8074,0,0
SP-00335,ok,reserve,17679,0,0,0,0
SP-00336,deficit,none,0,0,0,0,0
SP-00337,ok,reserve,17374,0,0,0,0
SP-00338,ok,reserve,12829,0,8552,0,0
SP-00339,ok,goals+,0,0,78307,0,43201
SP-00340,ok,goals+,0,0,15237,0,216252
SP-00341,ok,reserve,19331,0,12886,0,0
SP-00342,deficit,none,0,0,0,0,0
SP-00343,ok,debt,0,9113,0,0,45553
SP-00344,ok,reserve,3335,0,0,0,0
SP-00345,deficit,none,0,0,0,0,0
SP-00346,ok,reserve,3672,0,0,0,0
SP-00347,ok,debt,0,12999,0,0,10505
SP-00348,deficit,none,0,0,0,0,0
SP-00349,ok,reserve,2237,0,0,0,0
SP-00350,ok,debt,0,16783,0,0,131639
SP-00351,ok,reserve,81011,0,0,0,0
SP-00352,ok,reserve,7167,0,0,0,0
SP-00353,ok,goals+,0,0,19077,40122,80384
SP-00354,ok,reserve,318,0,0,0,0
SP-00355,ok,debt,0,14623,0,0,93850
SP-00356,ok,reserve,6459,0,0,0,0
SP-00357,ok,goals+,0,0,0,60551,2541015
SP-00358,ok,debt,0,8387,0,0,186840
SP-00359,ok,reserve,312,0,207,0,0
SP-00360,ok,goals+,0,0,31261,0,21952
SP-00361,ok,reserve,5027,0,3351,0,0
SP-00362,ok,reserve,8436,0,0,0,0
SP-00363,ok,reserve,8704,0,0,0,0
SP-00364,ok,reserve,21202,0,0,0,0
SP-00365,ok,reserve,51169,0,34112,0,0
SP-00366,deficit,none,0,0,0,0,0
SP-00367,ok,reserve,12821,0,0,0,0
SP-00368,ok,reserve,10445,0,0,0,0
SP-00369,ok,goals+,252,378,419,0,0
SP-00370,ok,reserve,2067,0,1377,0,0
SP-00371,ok,reserve,51607,0,15982,0,0
SP-00372,ok,reserve,47,0,30,0,0
SP-00373,ok,reserve,13923,0,0,0,0
SP-00374,ok,goals+,3325,0,10301,2708,0
SP-00375,ok,reserve,124611856,0,83074570,0,0
SP-00376,ok,goals+,0,0,31931,31308,37143
SP-00377,ok,goals+,0,0,0,22818,117100
SP-00378,deficit,none,0,0,0,0,0
SP-00379,ok,debt,1162,1741,0,0,0
SP-00380,ok,reserve,17347,0,0,0,0
SP-00381,ok,goals+,0,0,11821,43549,141222
SP-00382,ok,goals+,0,0,12654,0,35827
SP-00383,ok,debt,0,6215,0,0,9199
SP-00384,deficit,none,0,0,0,0,0
SP-00385,deficit,none,0,0,0,0,0
SP-00386,ok,reserve,30783,0,0,0,0
SP-00387,deficit,none,0,0,0,0,0
SP-00388,ok,reserve,30493,0,8862,0,0
SP-00389,ok,reserve,80260,0,0,0,0
SP-00390,ok,goals+,1,0,0,10236,324793
SP-00391,ok,reserve,233,0,0,0,0
SP-00392,ok,debt,0,13145,0,0,132968
SP-00393,ok,reserve,18349,0,0,0,0
SP-00394,ok,reserve,12143,829,922,0,0
SP-00395,ok,reserve,25505,2940,0,0,0
SP-00396,ok,reserve,22113,0,0,0,0
SP-00397,ok,debt,0,25137,0,0,34927
SP-00398,ok,reserve,24704,0,0,0,0
SP-00399,ok,goals+,1,0,19378,0,928041
SP-00400,deficit,none,0,0,0,0,0
SP-00401,ok,debt,5632,8446,0,0,0
SP-00402,ok,reserve,2427,0,1617,0,0
SP-00403,ok,reserve,5229,0,0,0,0
SP-00404,ok,reserve,17201,0,1280,0,0
SP-00405,ok,reserve,1525,0,0,0,0
SP-00406,ok,debt,342,512,0,0,0
SP-00407,ok,goals+,7271,10906,12118,0,0
SP-00408,ok,reserve,17447,0,2011,0,0
SP-00409,ok,debt,2029,3043,0,0,0
SP-00410,ok,reserve,9543,0,6361,0,0
SP-00411,deficit,none,0,0,0,0,0
SP-00412,ok,debt,0,16733,0,0,189895
SP-00413,ok,reserve,8484,0,0,0,0
SP-00414,ok,reserve,90,0,19,0,0
SP-00415,ok,debt,0,14594,0,0,59937
SP-00416,ok,goals+,0,0,5007,873,111585
SP-00417,deficit,none,0,0,0,0,0
SP-00418,ok,reserve,40110,0,0,0,0
SP-00419,ok,reserve,4893,0,0,0,0
SP-00420,deficit,none,0,0,0,0,0
SP-00421,ok,debt,0,9107,0,0,35094
SP-00422,deficit,none,0,0,0,0,0
SP-00423,ok,goals+,0,0,12608,109420,388451
SP-00424,ok,goals+,5207,7809,8677,0,0
SP-00425,ok,reserve,6275,0,0,0,0
SP-00426,deficit,none,0,0,0,0,0
SP-00427,ok,reserve,6063,0,0,0,0
SP-00428,ok,reserve,12144,0,0,0,0
SP-00429,ok,reserve,1210,0,0,0,0
SP-00430,ok,reserve,13395,0,8929,0,0
SP-00431,deficit,none,0,0,0,0,0
SP-00432,ok,reserve,26070,0,4040,0,0
SP-00433,ok,goals+,1588,2381,2646,0,0
SP-00434,deficit,none,0,0,0,0,0
SP-00435,ok,reserve,25126,0,0,0,0
SP-00436,deficit,none,0,0,0,0,0
SP-00437,ok,reserve,16388,0,0,0,0
SP-00438,ok,reserve,1367,0,0,0,0
SP-00439,ok,debt,0,17655,0,0,43245
SP-00440,ok,debt,0,19283,0,0,191200
SP-00441,ok,goals+,1,0,0,6567,1145684
SP-00442,deficit,none,0,0,0,0,0
SP-00443,ok,debt,0,31405,0,0,24753
SP-00444,ok,goals+,2227,3340,3710,0,0
SP-00445,deficit,none,0,0,0,0,0
SP-00446,ok,debt,0,27538,0,0,159856
SP-00447,ok,reserve,1143,0,0,0,0
SP-00448,deficit,none,0,0,0,0,0
SP-00449,deficit,none,0,0,0,0,0
SP-00450,ok,reserve,12785,0,0,0,0
SP-00451,deficit,none,0,0,0,0,0
SP-00452,ok,reserve,12046,0,0,0,0
SP-00453,deficit,none,0,0,0,0,0
SP-00454,ok,debt,0,1175,0,0,159279
SP-00455,ok,reserve,10583,0,0,0,0
SP-00456,ok,reserve,52,0,0,0,0
SP-00457,ok,goals+,0,0,54501,0,100756
SP-00458,deficit,none,0,0,0,0,0
SP-00459,ok,reserve,1016562442,0,0,103268921,0
SP-00460,ok,debt,12753,24108,0,0,0
SP-00461,ok,debt,0,5770,0,0,22463
SP-00462,deficit,none,0,0,0,0,0
SP-00463,deficit,none,0,0,0,0,255939
SP-00464,ok,debt,0,39052,0,0,97484
SP-00465,ok,goals+,0,0,0,48464,139717
SP-00466,ok,reserve,870,0,579,0,0
SP-00467,ok,reserve,5041,0,3360,0,0
SP-00468,deficit,none,0,0,0,0,0
SP-00469,ok,reserve,6567,0,0,0,0
SP-00470,ok,goals+,0,0,3741,0,20572
SP-00471,deficit,none,0,0,0,0,0
SP-00472,ok,reserve,75762,0,34066,0,0
SP-00473,ok,reserve,43773,0,16255,0,0
SP-00474,ok,reserve,6730,0,4486,0,0
SP-00475,ok,reserve,3904,0,0,0,0
SP-00476,ok,reserve,20449,0,0,0,0
SP-00477,ok,reserve,24584,0,0,0,0
SP-00478,ok,reserve,26647,0,0,0,0
SP-00479,deficit,none,0,0,0,0,0
SP-00480,ok,reserve,402,0,0,0,0
SP-00481,ok,reserve,8151,0,0,0,0
SP-00482,ok,reserve,34618,0,0,0,0
SP-00483,ok,goals+,0,0,21673,10414,1781420
SP-00484,ok,reserve,8365,0,0,0,0
SP-00485,ok,debt,0,12961,0,0,7133
SP-00486,ok,reserve,7961,0,5307,0,0
SP-00487,ok,reserve,24908,0,0,0,0
SP-00488,ok,goals+,6794,10191,11322,0,0
SP-00489,ok,reserve,3146,0,2097,0,0
SP-00490,ok,reserve,43491,0,28993,0,0
SP-00491,ok,reserve,12391,0,0,0,0
SP-00492,ok,goals+,0,0,15549,0,26361
SP-00493,ok,goals+,2359,3538,3931,0,178707
SP-00494,ok,goals+,12420,18628,20698,0,0
SP-00495,deficit,none,0,0,0,0,0
SP-00496,deficit,none,0,0,0,0,0
SP-00497,ok,goals+,5888,0,11022,41803,0
SP-00498,ok,reserve,18,0,12,0,0
SP-00499,deficit,none,0,0,0,0,0
SP-00500,ok,goals+,0,0,0,18734,315042
SP-00501,ok,goals+,0,0,420081701,2532886874,3731407994
SP-00502,ok,reserve,9016,0,0,0,0
SP-00503,ok,debt,4166,6247,0,0,0
SP-00504,deficit,none,0,0,0,0,0
SP-00505,ok,reserve,13634,0,9088,0,0
SP-00506,ok,reserve,26212,0,0,0,0
SP-00507,ok,goals+,0,0,36962,0,90578
SP-00508,ok,debt,1,18125,0,0,40463
SP-00509,ok,reserve,9385,0,0,0,0
SP-00510,deficit,none,0,0,0,0,0
SP-00511,ok,goals+,0,0,0,48896,0
SP-00512,ok,reserve,14974,0,0,0,0
SP-00513,deficit,none,0,0,0,0,0
SP-00514,ok,reserve,6884,0,0,0,0
SP-00515,ok,debt,0,4661,0,0,17269
SP-00516,ok,reserve,4993,0,3328,0,0
SP-00517,ok,reserve,35893,0,0,0,0
SP-00518,ok,reserve,40409,0,15304,0,0
SP-00519,ok,debt,5392,8086,0,0,0
SP-00520,ok,reserve,19181,0,12787,0,0
SP-00521,ok,reserve,7142,0,4760,0,0
SP-00522,ok,goals+,0,0,0,44327,13315
SP-00523,ok,reserve,3039,0,0,0,0
SP-00524,ok,reserve,425,0,283,0,0
SP-00525,ok,goals+,1,0,24895,0,534164
SP-00526,deficit,none,0,0,0,0,0
SP-00527,ok,reserve,16607,0,0,0,0
SP-00528,ok,goals+,5293,7939,8821,0,0
SP-00529,ok,reserve,12926,0,0,0,0
SP-00530,deficit,none,0,0,0,0,0
SP-00531,ok,reserve,5456,0,0,0,0
SP-00532,ok,goals+,499,748,830,0,0
SP-00533,ok,reserve,7619,0,0,0,0
SP-00534,ok,goals+,0,0,0,55675,36465
SP-00535,deficit,none,0,0,0,0,0
SP-00536,ok,reserve,18441,4054,0,0,0
SP-00537,ok,reserve,34355,0,22903,0,0
SP-00538,ok,debt,0,3355,0,0,2695
SP-00539,ok,reserve,22735,0,0,0,0
SP-00540,ok,goals+,0,0,3,0,0
SP-00541,ok,reserve,25725,0,0,0,0
SP-00542,ok,goals+,0,0,1583,168,1871289
SP-00543,ok,reserve,100491644,0,0,0,0
SP-00544,deficit,none,0,0,0,0,0
SP-00545,ok,debt,0,17979,0,0,10011
SP-00546,deficit,none,0,0,0,0,0
SP-00547,ok,reserve,72232,0,0,0,0
SP-00548,ok,reserve,3644,0,0,0,0
SP-00549,ok,goals+,0,0,0,91807,467202
SP-00550,ok,reserve,16071,0,10714,0,0
SP-00551,ok,reserve,440,0,0,0,0
SP-00552,deficit,none,0,0,0,0,0
SP-00553,ok,debt,3738,5606,0,0,0
SP-00554,ok,debt,0,21333,0,0,38019
SP-00555,deficit,none,0,0,0,0,0
SP-00556,ok,reserve,54562,0,0,0,0
SP-00557,ok,reserve,2857,0,0,0,0
SP-00558,ok,reserve,43961,0,0,0,0
SP-00559,ok,reserve,6510,0,757,0,0
SP-00560,ok,reserve,20429,9405,0,0,0
SP-00561,ok,reserve,8344,0,0,0,0
SP-00562,ok,reserve,34403,0,2035,0,0
SP-00563,ok,reserve,8415,0,0,0,0
SP-00564,ok,reserve,71601,0,0,0,0
SP-00565,ok,goals+,0,0,0,4485,167315
SP-00566,ok,goals+,0,0,9417,11520,0
SP-00567,ok,debt,1,10507,0,0,1104272
SP-00568,ok,goals+,0,0,5728,0,294145
SP-00569,ok,reserve,7580,0,2221,0,0
SP-00570,ok,reserve,22148,0,3903,0,0
SP-00571,ok,debt,0,16320,0,0,77133
SP-00572,ok,reserve,531,0,354,0,0
SP-00573,ok,reserve,737,0,491,0,0
SP-00574,ok,reserve,1784,0,0,0,0
SP-00575,ok,reserve,19071,0,12714,0,0
SP-00576,ok,goals+,0,0,0,3941,30290
SP-00577,deficit,none,0,0,0,0,0
SP-00578,ok,reserve,1953,0,1302,0,0
SP-00579,ok,debt,0,13123,0,0,145063
SP-00580,ok,goals+,0,0,9288,0,32823
SP-00581,ok,reserve,12813,0,0,0,0
SP-00582,ok,reserve,5,0,3,0,0
SP-00583,ok,reserve,3867,3236,3595,0,0
SP-00584,ok,reserve,739,0,492,0,0
SP-00585,ok,reserve,311060427,0,207373617,0,0
SP-00586,ok,reserve,7193,5589,0,0,0
SP-00587,ok,goals+,13734,0,16251,0,0
SP-00588,deficit,none,0,0,0,0,0
SP-00589,ok,reserve,9043,0,0,0,0
SP-00590,ok,debt,0,20516,0,0,54941
SP-00591,ok,goals+,0,0,59673,203220,368721
SP-00592,deficit,none,0,0,0,0,0
SP-00593,deficit,none,0,0,0,0,0
SP-00594,deficit,none,0,0,0,0,0
SP-00595,ok,debt,1,15114,0,0,257530
SP-00596,ok,reserve,47349,0,0,0,0
SP-00597,deficit,none,0,0,0,0,0
SP-00598,ok,reserve,10017,0,0,0,0
SP-00599,ok,reserve,29182,0,14134,0,0
SP-00600,ok,reserve,1077,0,718,0,0
SP-00601,deficit,none,0,0,0,0,0
SP-00602,ok,reserve,23737,0,65,0,0
SP-00603,ok,reserve,11106,0,0,0,0
SP-00604,ok,reserve,5877,0,0,0,0
SP-00605,ok,reserve,8303,0,5534,0,0
SP-00606,ok,reserve,31338,0,0,0,0
SP-00607,deficit,none,0,0,0,0,0
SP-00608,ok,debt,0,36565,0,0,309763
SP-00609,deficit,none,0,0,0,0,0
SP-00610,ok,reserve,18233,0,0,0,0
SP-00611,deficit,none,0,0,0,0,0
SP-00612,ok,goals+,1249,0,15516,0,0
SP-00613,deficit,none,0,0,0,0,171357
SP-00614,ok,debt,0,15471,0,0,19328
SP-00615,ok,reserve,9850,0,0,0,0
SP-00616,ok,goals+,0,0,0,13690,102125
SP-00617,ok,reserve,13342,0,0,0,0
SP-00618,ok,reserve,34009,0,0,0,0
SP-00619,ok,reserve,45436,0,18439,0,0
SP-00620,ok,reserve,4980,0,3319,0,0
SP-00621,ok,reserve,15424,0,0,0,0
SP-00622,ok,debt,0,8985,5991,0,36375
SP-00623,ok,reserve,9982,0,0,0,0
SP-00624,ok,reserve,174,0,50,0,0
SP-00625,ok,reserve,76338,0,0,0,0
SP-00626,deficit,none,0,0,0,0,0
SP-00627,ok,reserve,646474873,0,99931193,0,0
SP-00628,ok,debt,0,31435,0,0,43160
SP-00629,ok,debt,0,7522,0,0,11935
SP-00630,deficit,none,0,0,0,0,0
SP-00631,ok,reserve,8306,0,0,0,0
SP-00632,ok,reserve,40701,0,4570,0,0
SP-00633,ok,debt,33676,37366,0,0,0
SP-00634,deficit,none,0,0,0,0,0
SP-00635,ok,reserve,18101,0,0,0,0
SP-00636,deficit,none,0,0,0,0,0
SP-00637,ok,debt,0,9362,0,0,19408
SP-00638,ok,reserve,7783,0,0,0,0
SP-00639,ok,goals+,3988,5982,6646,0,0
SP-00640,ok,reserve,29508,0,8009,0,0
SP-00641,ok,debt,0,30141,0,0,155613
SP-00642,ok,reserve,26285,0,0,0,0
SP-00643,ok,goals+,0,0,20033,0,0
SP-00644,ok,debt,0,4197,0,0,67839
SP-00645,ok,reserve,28810,0,0,0,124029
SP-00646,ok,reserve,31462,0,7037,0,0
SP-00647,ok,reserve,18993,0,0,0,0
SP-00648,ok,reserve,3998,0,0,0,0
SP-00649,ok,reserve,859,0,572,0,0
SP-00650,ok,reserve,9210,0,0,0,0
SP-00651,ok,goals+,0,0,0,33933,1141863
SP-00652,ok,goals+,0,0,0,8820,86078
SP-00653,ok,debt,0,5609,0,0,16444
SP-00654,ok,goals+,0,0,45514,0,0
SP-00655,ok,goals+,0,0,15732,3571,0
SP-00656,deficit,none,0,0,0,0,0
SP-00657,ok,debt,0,6531,0,0,54369
SP-00658,ok,debt,0,9580,0,0,2517
SP-00659,deficit,none,0,0,0,0,0
SP-00660,ok,reserve,50978,0,0,0,0
SP-00661,ok,debt,0,13841,0,0,34411
SP-00662,ok,reserve,23956,0,0,0,0
SP-00663,ok,debt,0,31453,0,0,31391
SP-00664,ok,debt,5441,10527,3626,0,171285
SP-00665,ok,reserve,84334,0,0,0,0
SP-00666,ok,goals+,0,0,21,103,0
SP-00667,ok,reserve,19001,0,0,0,0
SP-00668,ok,goals+,1900,0,0,12398,0
SP-00669,ok,reserve,109086768,0,0,0,0
SP-00670,ok,reserve,9277,0,0,0,0
SP-00671,ok,goals+,2923,4383,4870,0,0
SP-00672,deficit,none,0,0,0,0,0
SP-00673,ok,goals+,588,882,980,0,0
SP-00674,ok,goals+,0,0,2669,0,111107
SP-00675,ok,debt,0,76983,0,0,40998
SP-00676,ok,reserve,6525,0,0,0,0
SP-00677,deficit,none,0,0,0,0,0
SP-00678,deficit,none,0,0,0,0,0
SP-00679,ok,reserve,2551,0,0,0,0
SP-00680,ok,reserve,42611,0,0,0,0
SP-00681,deficit,none,0,0,0,0,0
SP-00682,ok,reserve,96285,0,7509,0,0
SP-00683,ok,reserve,3869,0,0,0,0
SP-00684,ok,reserve,14708,0,4412,0,0
SP-00685,ok,reserve,11227,0,0,0,0
SP-00686,ok,reserve,37851,0,0,0,0
SP-00687,ok,debt,2753,3616,0,0,0
SP-00688,ok,reserve,5471,0,0,0,0
SP-00689,deficit,none,0,0,0,0,0
SP-00690,ok,reserve,6028,0,0,0,0
SP-00691,ok,reserve,16157,0,0,0,0
SP-00692,ok,reserve,36147,0,0,0,0
SP-00693,ok,goals+,0,0,0,6562,342841
SP-00694,ok,reserve,26389,0,0,0,0
SP-00695,ok,reserve,23334,0,0,0,0
SP-00696,ok,reserve,46421,0,30946,0,0
SP-00697,ok,goals+,15785,0,29512,0,0
SP-00698,ok,reserve,6746,0,4496,0,0
SP-00699,ok,reserve,17348,0,0,0,0
SP-00700,ok,reserve,34261,0,0,0,0
SP-00701,ok,goals+,0,0,5690,16722,116150
SP-00702,deficit,none,0,0,0,0,0
SP-00703,ok,reserve,7502,0,0,0,0
SP-00704,ok,reserve,67056,0,2478,0,0
SP-00705,ok,reserve,4462,0,0,0,0
SP-00706,ok,reserve,2270,0,1513,0,0
SP-00707,ok,goals+,0,0,0,31720,53721
SP-00708,ok,goals+,0,0,81,27,0
SP-00709,ok,reserve,6684,0,4455,0,0
SP-00710,ok,reserve,7496,0,4996,0,0
SP-00711,ok,reserve,943931949,0,629287965,0,4054995712
SP-00712,ok,reserve,77547,0,19874,0,0
SP-00713,ok,reserve,3996,0,0,0,0
SP-00714,deficit,none,0,0,0,0,0
SP-00715,ok,reserve,18049,0,0,0,0
SP-00716,deficit,none,0,0,0,0,0
SP-00717,ok,goals+,0,0,6120,54455,59487
SP-00718,ok,reserve,77503,0,0,0,0
SP-00719,ok,reserve,9960,0,6640,0,0
SP-00720,deficit,none,0,0,0,0,0
SP-00721,ok,debt,0,492,0,329,39039
SP-00722,ok,reserve,39883,0,0,0,0
SP-00723,deficit,none,0,0,0,0,0
SP-00724,ok,reserve,7712,0,5140,0,0
SP-00725,ok,reserve,88071,0,12803,0,0
SP-00726,deficit,none,0,0,0,0,0
SP-00727,ok,reserve,5340,0,439,0,0
SP-00728,ok,reserve,43142,0,0,0,0
SP-00729,ok,reserve,14665,0,0,0,0
SP-00730,ok,reserve,13729,1689,0,0,0
SP-00731,deficit,none,0,0,0,0,0
SP-00732,ok,reserve,15452,0,0,0,0
SP-00733,ok,debt,0,4906,0,0,136788
SP-00734,ok,reserve,8373,0,0,0,0
SP-00735,ok,goals+,1,0,0,15422,2299550
SP-00736,ok,reserve,11003,0,7334,0,0
SP-00737,ok,reserve,26284,4369,4854,0,0
SP-00738,ok,reserve,13549,0,9032,0,90396
SP-00739,ok,reserve,53526,0,6494,0,0
SP-00740,deficit,none,0,0,0,0,0
SP-00741,ok,debt,412,2471,0,0,0
SP-00742,ok,reserve,32805,0,21870,0,0
SP-00743,ok,reserve,42895,0,0,0,0
SP-00744,ok,reserve,1151,0,766,0,0
SP-00745,ok,reserve,7806,0,0,0,0
SP-00746,ok,reserve,15358,0,0,0,0
SP-00747,ok,reserve,6111,724,0,0,0
SP-00748,ok,reserve,1038,0,0,0,0
SP-00749,deficit,none,0,0,0,0,0
SP-00750,deficit,none,0,0,0,0,0
SP-00751,ok,reserve,10199,0,6798,0,0
SP-00752,ok,goals+,2085,3126,3474,0,0
SP-00753,deficit,none,0,0,0,0,0
SP-00754,ok,reserve,49856,0,33236,0,0
SP-00755,ok,reserve,26279,0,10963,0,0
SP-00756,deficit,none,0,0,0,0,0
SP-00757,ok,goals+,7567,11349,12610,0,30608
SP-00758,ok,reserve,30253,0,0,0,0
SP-00759,ok,debt,0,47804,0,0,76835
SP-00760,deficit,none,0,0,0,0,0
SP-00761,ok,reserve,2630,0,1752,0,0
SP-00762,deficit,none,0,0,0,0,0
SP-00763,ok,reserve,14942,6354,0,0,0
SP-00764,ok,reserve,47956,0,0,0,0
SP-00765,deficit,none,0,0,0,0,0
SP-00766,ok,reserve,19578,0,0,0,0
SP-00767,ok,reserve,25872,0,0,0,0
SP-00768,deficit,none,0,0,0,0,36115
SP-00769,ok,reserve,5218,0,0,0,0
SP-00770,ok,reserve,18001,0,0,0,0
SP-00771,deficit,none,0,0,0,0,0
SP-00772,ok,debt,0,9609,0,0,360529
SP-00773,ok,reserve,18959,0,2808,0,0
SP-00774,ok,reserve,12498,0,0,0,0
SP-00775,ok,debt,0,57570,0,0,391256
SP-00776,deficit,none,0,0,0,0,0
SP-00777,deficit,none,0,0,0,0,417456
SP-00778,ok,reserve,21839,0,0,0,0
SP-00779,deficit,none,0,0,0,0,0
SP-00780,ok,goals+,0,0,11277,0,131475
SP-00781,ok,debt,0,5814,0,0,44658
SP-00782,ok,reserve,5684,0,0,0,0
SP-00783,ok,reserve,7484,0,0,0,0
SP-00784,ok,reserve,97480,12171,0,0,0
SP-00785,ok,reserve,45261,0,0,0,0
SP-00786,deficit,none,0,0,0,0,0
SP-00787,deficit,none,0,0,0,0,86069
SP-00788,ok,reserve,12225,0,8149,0,0
SP-00789,ok,reserve,33780,4648,0,0,0
SP-00790,ok,reserve,30531,0,16388,0,0
SP-00791,ok,reserve,27763,1286,0,0,0
SP-00792,ok,goals+,0,0,1,0,0
SP-00793,ok,reserve,13689,0,9125,0,0
SP-00794,ok,reserve,51236,0,8308,0,0
SP-00795,ok,reserve,51291420,0,0,0,0
SP-00796,ok,reserve,3448,0,0,0,0
SP-00797,ok,reserve,8000,0,0,0,0
SP-00798,deficit,none,0,0,0,0,0
SP-00799,ok,debt,0,13351,0,0,88140
SP-00800,ok,reserve,14780,0,0,0,0
SP-00801,ok,goals+,0,1302,1061,123975,485356
SP-00802,ok,reserve,26085,0,17389,0,0
SP-00803,ok,reserve,12164,695,0,0,0
SP-00804,deficit,none,0,0,0,0,0
SP-00805,ok,reserve,37195,0,12730,0,0
SP-00806,ok,reserve,2865,0,1909,0,0
SP-00807,deficit,none,0,0,0,0,0
SP-00808,ok,goals+,0,0,1213,26383,245288
SP-00809,ok,reserve,5271,0,3514,0,0
SP-00810,ok,reserve,7136,0,4756,0,0
SP-00811,deficit,none,0,0,0,0,0
SP-00812,ok,reserve,5695,0,0,0,0
SP-00813,deficit,none,0,0,0,0,0
SP-00814,ok,goals+,0,0,0,46267,170870
SP-00815,ok,debt,4146,6217,0,0,0
SP-00816,deficit,none,0,0,0,0,0
SP-00817,ok,debt,8681,9569,0,0,0
SP-00818,ok,reserve,91563,0,0,0,0
SP-00819,ok,goals+,0,0,25840,8694,1304939
SP-00820,ok,debt,6787,7132,0,0,0
SP-00821,ok,reserve,7254,0,0,0,0
SP-00822,ok,goals+,16633,16767,18630,0,0
SP-00823,ok,reserve,11403,0,7601,0,0
SP-00824,ok,reserve,13748,0,6310,0,0
SP-00825,ok,reserve,5368,0,0,0,0
SP-00826,ok,reserve,15464,1413,1570,0,0
SP-00827,ok,reserve,5557,0,0,0,0
SP-00828,ok,reserve,23773,0,0,0,0
SP-00829,ok,reserve,22938,0,8524,0,0
SP-00830,deficit,none,0,0,0,0,271490
SP-00831,ok,reserve,5236,0,0,0,0
SP-00832,ok,reserve,13607,0,35,0,0
SP-00833,ok,reserve,4358,0,2904,0,0
SP-00834,ok,reserve,4,0,0,0,0
SP-00835,ok,debt,0,25582,0,0,17791
SP-00836,deficit,none,0,0,0,0,0
SP-00837,ok,reserve,67247041,0,44831360,0,0
SP-00838,deficit,none,0,0,0,0,0
SP-00839,ok,goals+,0,0,4893,0,175185
SP-00840,deficit,none,0,0,0,0,0
SP-00841,ok,reserve,3592,0,0,0,0
SP-00842,ok,debt,0,42185,0,0,108677
SP-00843,ok,debt,1171,24055,0,0,0
SP-00844,ok,reserve,6808,0,0,0,0
SP-00845,ok,reserve,8423,0,0,0,0
SP-00846,deficit,none,0,0,0,0,0
SP-00847,ok,reserve,11721,0,0,0,0
SP-00848,ok,reserve,12716,0,0,0,0
SP-00849,deficit,none,0,0,0,0,0
SP-00850,ok,reserve,24986,0,16657,0,0
SP-00851,deficit,none,0,0,0,0,0
SP-00852,ok,reserve,32218,0,0,0,0
SP-00853,ok,debt,0,14264,0,0,56630
SP-00854,ok,reserve,23629,0,0,0,0
SP-00855,ok,reserve,7168,0,0,0,0
SP-00856,ok,reserve,4802,0,3200,0,0
SP-00857,ok,reserve,15439,0,10292,0,0
SP-00858,ok,goals+,0,0,0,1335,148196
SP-00859,ok,reserve,32826,0,0,0,0
SP-00860,ok,debt,1,1895,0,0,87919
SP-00861,ok,goals+,1,0,0,16763,2687897
SP-00862,deficit,none,0,0,0,0,0
SP-00863,ok,reserve,13281,0,8853,0,0
SP-00864,ok,reserve,4532,0,3021,0,0
SP-00865,ok,goals+,0,0,4491,0,57709
SP-00866,ok,reserve,11865,0,0,0,0
SP-00867,ok,reserve,585,0,0,0,0
SP-00868,ok,reserve,44047,0,0,0,0
SP-00869,ok,debt,0,613,0,0,28557
SP-00870,deficit,none,0,0,0,0,0
SP-00871,ok,reserve,8854,0,0,0,0
SP-00872,deficit,none,0,0,0,0,0
SP-00873,ok,reserve,5943,0,3961,0,0
SP-00874,ok,reserve,11257,0,0,0,0
SP-00875,ok,debt,0,3072,0,0,10409
SP-00876,deficit,none,0,0,0,0,0
SP-00877,ok,reserve,2745,0,1829,0,0
SP-00878,ok,goals+,0,0,7997,23060,201772
SP-00879,deficit,none,0,0,0,0,0
SP-00880,ok,reserve,31584,0,0,0,0
SP-00881,ok,goals+,0,0,9061,0,46487
SP-00882,deficit,none,0,0,0,0,0
SP-00883,ok,reserve,2425,0,0,0,0
SP-00884,ok,reserve,49923,0,0,0,0
SP-00885,ok,goals+,0,0,0,36570,51797
SP-00886,ok,reserve,658,0,0,0,0
SP-00887,ok,reserve,22247,0,0,0,20036
SP-00888,deficit,none,0,0,0,0,0
SP-00889,ok,reserve,36836,0,0,0,0
SP-00890,ok,reserve,2770,0,0,0,0
SP-00891,deficit,none,0,0,0,0,0
SP-00892,ok,reserve,12676,0,0,0,0
SP-00893,ok,reserve,12801,0,8533,0,0
SP-00894,ok,reserve,8052,0,5368,0,0
SP-00895,ok,reserve,3173,0,0,0,0
SP-00896,ok,reserve,22236,0,0,0,0
SP-00897,ok,reserve,7889,0,0,0,0
SP-00898,ok,goals+,0,0,14667,19645,42361
SP-00899,ok,reserve,315,0,0,0,0
SP-00900,ok,debt,3260,4889,0,0,0
SP-00901,ok,reserve,7385,0,4922,0,0
SP-00902,ok,reserve,15449,0,10298,0,0
SP-00903,ok,goals+,1,0,0,6497,1822447
SP-00904,ok,reserve,33542,0,0,0,0
SP-00905,ok,reserve,2687,0,0,0,0
SP-00906,ok,reserve,49472,0,0,0,0
SP-00907,ok,reserve,31803,0,0,0,134252
SP-00908,ok,reserve,26646,0,0,0,0
SP-00909,ok,reserve,2403,0,1602,0,0
SP-00910,ok,goals+,11317,0,55674,0,0
SP-00911,deficit,none,0,0,0,0,0
SP-00912,ok,reserve,7181,0,4787,0,0
SP-00913,ok,reserve,7634,0,0,0,0
SP-00914,ok,reserve,9727,0,0,0,0
SP-00915,deficit,none,0,0,0,0,0
SP-00916,deficit,none,0,0,0,0,192537
SP-00917,deficit,none,0,0,0,0,0
SP-00918,ok,reserve,23,0,14,0,0
SP-00919,ok,debt,5849,8772,0,0,0
SP-00920,ok,reserve,832,0,0,0,0
SP-00921,ok,debt,1,584162947,0,0,5975741730
SP-00922,ok,goals+,1353,0,0,17590,0
SP-00923,ok,reserve,19336,0,5202,0,0
SP-00924,deficit,none,0,0,0,0,0
SP-00925,ok,reserve,3681,0,2453,0,0
SP-00926,ok,reserve,21150,0,0,0,0
SP-00927,ok,goals+,0,0,127818,373,33854
SP-00928,ok,reserve,8456,0,0,0,0
SP-00929,ok,reserve,6811,0,0,0,0
SP-00930,deficit,none,0,0,0,0,0
SP-00931,ok,reserve,21078,0,0,0,0
SP-00932,ok,reserve,8751,0,5833,0,0
SP-00933,deficit,none,0,0,0,0,0
SP-00934,ok,reserve,19777,0,13184,0,0
SP-00935,ok,reserve,9225,0,6149,0,0
SP-00936,deficit,none,0,0,0,0,0
SP-00937,ok,reserve,1679,0,0,0,0
SP-00938,deficit,none,0,0,0,0,0
SP-00939,ok,reserve,15553,0,0,0,0
SP-00940,ok,goals+,0,0,36062,0,28005
SP-00941,ok,debt,1,7122,0,0,70570
SP-00942,ok,reserve,1358,0,0,0,0
SP-00943,ok,reserve,5495,0,0,0,0
SP-00944,ok,reserve,15723,2166,0,0,0
SP-00945,ok,goals+,0,0,10210,3437,796291
SP-00946,ok,reserve,17527,0,0,0,0
SP-00947,ok,reserve,9926,0,5610,0,0
SP-00948,ok,reserve,14966,0,0,0,0
SP-00949,ok,reserve,38812,0,16031,0,0
SP-00950,ok,reserve,11571,0,0,0,0
SP-00951,ok,debt,8043,12064,0,0,0
SP-00952,ok,goals+,0,5185,9218,0,0
SP-00953,ok,reserve,16454,0,0,0,0
SP-00954,ok,reserve,4400,0,0,0,0
SP-00955,ok,reserve,12389,0,0,0,0
SP-00956,ok,reserve,1120,0,746,0,0
SP-00957,ok,debt,0,9640,0,0,2950
SP-00958,ok,reserve,2022,0,1347,0,0
SP-00959,ok,debt,0,26102,0,0,230923
SP-00960,ok,reserve,42,0,28,0,0
SP-00961,deficit,none,0,0,0,0,0
SP-00962,ok,reserve,8766,0,0,0,0
SP-00963,ok,reserve,339918618,0,226612411,0,0
SP-00964,ok,reserve,37899,7898,0,0,0
SP-00965,deficit,none,0,0,0,0,0
SP-00966,deficit,none,0,0,0,0,0
SP-00967,deficit,none,0,0,0,0,0
SP-00968,ok,goals+,5614,8420,9356,0,0
SP-00969,ok,reserve,13285,4576,0,0,0
SP-00970,ok,debt,0,15897,0,0,66861
SP-00971,ok,reserve,50139,0,18839,0,0
SP-00972,deficit,none,0,0,0,0,0
SP-00973,ok,goals+,0,0,0,9492,13358
SP-00974,ok,reserve,204,0,135,0,0
SP-00975,deficit,none,0,0,0,0,0
SP-00976,deficit,none,0,0,0,0,0
SP-00977,ok,reserve,897,0,0,0,0
SP-00978,ok,reserve,18105,0,0,0,0
SP-00979,ok,reserve,8213,2830,3145,0,0
SP-00980,ok,goals+,0,0,22657,0,28153
SP-00981,ok,reserve,3889,0,0,0,0
SP-00982,ok,reserve,8998,0,0,0,0
SP-00983,ok,reserve,9216,0,6144,0,0
SP-00984,deficit,none,0,0,0,0,0
SP-00985,ok,goals+,0,0,0,20003,31999
SP-00986,ok,reserve,3353,0,0,0,0
SP-00987,ok,goals+,1,0,0,15172,1324301
SP-00988,ok,debt,8068,14407,0,0,0
SP-00989,ok,reserve,2064,0,0,0,0
SP-00990,deficit,none,0,0,0,0,0
SP-00991,ok,reserve,2826,0,0,0,0
SP-00992,ok,goals+,6669,0,43478,229,0
SP-00993,ok,reserve,5115,0,0,0,0
SP-00994,ok,debt,0,11176,0,0,34763
SP-00995,ok,reserve,19657,0,0,0,0
SP-00996,ok,reserve,75082,0,2618,0,0
SP-00997,ok,reserve,43891,0,0,0,0
SP-00998,ok,debt,5583,13946,0,0,0
SP-00999,ok,reserve,14015,0,9343,0,0
SP-01000,deficit,none,0,0,0,0,0
SP-01001,ok,goals+,0,0,25457,0,63667
SP-01002,ok,goals+,0,0,5,0,0
SP-01003,ok,reserve,9306,0,0,0,0
SP-01004,ok,goals+,0,877,1561,0,126213
SP-01005,ok,reserve,588100251,0,392066834,0,0
SP-01006,ok,goals+,1013,1518,1687,0,0
SP-01007,ok,debt,0,12715,0,0,23049
SP-01008,deficit,none,0,0,0,0,0
SP-01009,ok,goals+,0,0,0,14858,49345
SP-01010,ok,reserve,66145,0,35685,0,0
SP-01011,ok,debt,0,40470,0,26980,929640
SP-01012,ok,reserve,33911,1770,1966,0,0
SP-01013,deficit,none,0,0,0,0,0
SP-01014,deficit,none,0,0,0,0,0
SP-01015,ok,reserve,4496,0,0,0,0
SP-01016,ok,debt,0,36135,0,0,57138
SP-01017,deficit,none,0,0,0,0,0
SP-01018,ok,reserve,5659,0,0,0,0
SP-01019,ok,debt,15216,29656,0,0,0
SP-01020,deficit,none,0,0,0,0,0
SP-01021,ok,debt,0,1886,0,0,7280
SP-01022,deficit,none,0,0,0,0,0
SP-01023,ok,goals+,4413,0,0,21237,0
SP-01024,ok,reserve,8458,0,0,0,0
SP-01025,ok,reserve,40044,0,0,0,0
SP-01026,ok,reserve,71187,0,0,0,0
SP-01027,ok,reserve,40163,0,0,9216,0
SP-01028,ok,reserve,6455,0,0,0,0
SP-01029,ok,goals+,0,0,0,51073,3687852
SP-01030,ok,reserve,17441,0,8341,0,0
SP-01031,ok,debt,1,22683,0,0,463823
SP-01032,ok,goals+,1412,2116,2351,0,0
SP-01033,ok,debt,0,21972,0,0,166583
SP-01034,ok,reserve,9618,6474,0,0,0
SP-01035,ok,reserve,7966,0,0,0,0
SP-01036,ok,reserve,18244,0,8602,0,0
SP-01037,ok,reserve,16127,0,0,0,0
SP-01038,ok,reserve,5589,0,0,0,0
SP-01039,ok,reserve,19992,0,0,0,0
SP-01040,ok,reserve,32310,0,0,0,0
SP-01041,ok,goals+,0,0,18921,0,0
SP-01042,ok,reserve,8490,0,0,0,0
SP-01043,ok,goals+,0,0,29585,17787,168429
SP-01044,ok,goals+,0,0,18,0,0
SP-01045,ok,debt,8694,13039,0,0,0
SP-01046,ok,reserve,5423,0,3614,0,0
SP-01047,ok,reserve,31008485,0,0,0,0
SP-01048,ok,reserve,37988,0,0,0,0
SP-01049,ok,reserve,3188,0,0,0,0
SP-01050,deficit,none,0,0,0,0,0
SP-01051,ok,reserve,252,0,0,0,0
SP-01052,ok,reserve,16093,0,10728,0,0
SP-01053,ok,goals+,0,0,38645,0,46855
SP-01054,ok,goals+,1,0,0,20443,688063
SP-01055,deficit,none,0,0,0,0,0
SP-01056,deficit,none,0,0,0,0,0
SP-01057,deficit,none,0,0,0,0,0
SP-01058,ok,reserve,37897,0,0,0,0
SP-01059,deficit,none,0,0,0,0,0
SP-01060,ok,reserve,36011,0,609,0,0
SP-01061,ok,goals+,0,0,4870,13864,30822
SP-01062,deficit,none,0,0,0,0,0
SP-01063,ok,reserve,3030,0,2020,0,0
SP-01064,ok,reserve,9745,0,6496,0,0
SP-01065,ok,reserve,2074,0,0,0,0
SP-01066,ok,debt,0,8429,0,0,134119
SP-01067,ok,reserve,30833,0,2092,0,0
SP-01068,deficit,none,0,0,0,0,0
SP-01069,ok,reserve,13577,0,0,0,0
SP-01070,ok,reserve,6288,0,0,0,0
SP-01071,ok,goals+,1,0,0,9330,479468
SP-01072,deficit,none,0,0,0,0,0
SP-01073,ok,reserve,9433,0,0,0,0
SP-01074,ok,goals+,3114,4671,5190,0,0
SP-01075,ok,goals+,0,0,22678,0,179833
SP-01076,ok,reserve,21740,0,14493,0,0
SP-01077,ok,debt,0,16271,0,0,278370
SP-01078,ok,reserve,40418,0,26944,0,0
SP-01079,ok,reserve,13336,0,8890,0,0
SP-01080,ok,reserve,27163,0,0,0,0
SP-01081,deficit,none,0,0,0,0,0
SP-01082,ok,goals+,0,3114,5536,0,104811
SP-01083,ok,reserve,3111,0,2074,0,0
SP-01084,ok,debt,331,31193,0,0,0
SP-01085,ok,reserve,34807,0,4876,0,0
SP-01086,ok,goals+,0,0,83,96,0
SP-01087,deficit,none,0,0,0,0,73599
SP-01088,ok,goals+,1893,2838,3153,0,0
SP-01089,ok,reserve,179441718,0,119627812,0,0
SP-01090,ok,reserve,8059,0,0,0,0
SP-01091,ok,debt,4604,6905,0,0,0
SP-01092,deficit,none,0,0,0,0,0
SP-01093,ok,reserve,10146,0,6764,0,0
SP-01094,ok,goals+,0,0,23866,0,169783
SP-01095,ok,debt,38363,78820,18212,14184,0
SP-01096,ok,reserve,933,0,0,0,0
SP-01097,ok,reserve,19892,0,0,0,0
SP-01098,deficit,none,0,0,0,0,0
SP-01099,ok,reserve,31978,0,0,0,0
SP-01100,ok,reserve,17498,0,11664,0,0
SP-01101,deficit,none,0,0,0,0,0
SP-01102,ok,reserve,5343,0,0,0,0
SP-01103,ok,reserve,17430,0,5242,0,0
SP-01104,ok,reserve,15263,0,0,0,0
SP-01105,ok,reserve,29833,0,0,0,0
SP-01106,ok,goals+,0,373,665,0,56614
SP-01107,ok,reserve,497,0,0,0,0
SP-01108,ok,reserve,11501,0,7650,0,0
SP-01109,ok,reserve,109640,0,5029,0,0
SP-01110,ok,reserve,40523,0,0,0,0
SP-01111,ok,goals+,0,0,25821,0,48335
SP-01112,ok,debt,6665,9996,0,0,0
SP-01113,deficit,none,0,0,0,0,163205
SP-01114,deficit,none,0,0,0,0,0
SP-01115,ok,goals+,0,13898,24708,0,32876
SP-01116,ok,goals+,0,0,19359,0,18980
SP-01117,ok,reserve,1261,0,0,0,0
SP-01118,deficit,none,0,0,0,0,0
SP-01119,deficit,none,0,0,0,0,0
SP-01120,ok,reserve,11774,0,7848,0,0
SP-01121,ok,debt,0,206,0,0,122699
SP-01122,deficit,none,0,0,0,0,0
SP-01123,ok,reserve,3394,0,0,0,0
SP-01124,ok,reserve,5566,0,0,0,0
SP-01125,ok,reserve,49853,0,0,0,0
SP-01126,ok,reserve,32397,0,12366,0,0
SP-01127,ok,goals+,0,0,27780,0,10833
SP-01128,deficit,none,0,0,0,0,0
SP-01129,ok,reserve,15644,0,0,0,0
SP-01130,ok,goals+,0,0,3158,0,31398
SP-01131,ok,goals+,0,0,887633600,0,877340043
SP-01132,ok,debt,1274,3951,2122,0,146369
SP-01133,ok,reserve,4653,0,3101,0,0
SP-01134,deficit,none,0,0,0,0,0
SP-01135,ok,goals+,0,0,0,24743,91063
SP-01136,ok,debt,0,6426,0,0,74834
SP-01137,ok,reserve,38478,0,13891,0,0
SP-01138,ok,reserve,7555,0,0,0,0
SP-01139,ok,reserve,9502,0,0,0,0
SP-01140,deficit,none,0,0,0,0,0
SP-01141,deficit,none,0,0,0,0,0
SP-01142,ok,reserve,8930,0,0,0,0
SP-01143,deficit,none,0,0,0,0,0
SP-01144,deficit,none,0,0,0,0,0
SP-01145,ok,debt,0,12298,0,0,127443
SP-01146,deficit,none,0,0,0,0,0
SP-01147,ok,debt,0,52835,0,0,135918
SP-01148,ok,reserve,11410,0,7606,0,0
SP-01149,ok,reserve,59328,0,0,0,0
SP-01150,ok,reserve,20071,0,0,0,0
SP-01151,ok,debt,0,5450,0,0,81417
SP-01152,deficit,none,0,0,0,0,0
SP-01153,ok,debt,0,22078,0,0,12021
SP-01154,deficit,none,0,0,0,0,0
SP-01155,ok,goals+,0,0,0,19990,731519
SP-01156,deficit,none,0,0,0,0,0
SP-01157,ok,goals+,0,0,0,7215,129331
SP-01158,ok,reserve,8576,0,0,0,0
SP-01159,ok,reserve,7419,0,0,0,0
SP-01160,ok,reserve,12613,0,8408,0,0
SP-01161,ok,reserve,9565,0,0,0,0
SP-01162,ok,debt,0,6729,0,0,73911
SP-01163,ok,goals+,0,0,24449,0,120866
SP-01164,deficit,none,0,0,0,0,0
SP-01165,ok,reserve,27300,0,18200,0,0
SP-01166,ok,reserve,8516,0,0,0,0
SP-01167,ok,reserve,21159,0,0,0,0
SP-01168,ok,reserve,12138,0,0,0,0
SP-01169,ok,debt,0,9904,0,6604,54636
SP-01170,ok,reserve,114,0,49,38,0
SP-01171,ok,reserve,16678,0,0,0,0
SP-01172,ok,reserve,1899,0,0,0,0
SP-01173,ok,reserve,507576933,0,0,0,0
SP-01174,deficit,none,0,0,0,0,0
SP-01175,ok,reserve,2687,0,1791,0,0
SP-01176,deficit,none,0,0,0,0,0
SP-01177,ok,reserve,29297,0,0,0,0
SP-01178,ok,reserve,18111,2990,0,0,0
SP-01179,ok,debt,0,36756,0,0,43261
SP-01180,ok,reserve,30126,0,0,0,0
SP-01181,ok,goals+,0,3475,6180,0,47444
SP-01182,deficit,none,0,0,0,0,0
SP-01183,ok,reserve,23883,746,0,0,0
SP-01184,ok,reserve,15830,0,10552,0,0
SP-01185,deficit,none,0,0,0,0,0
SP-01186,deficit,none,0,0,0,0,0
SP-01187,ok,reserve,28662,0,0,0,27201
SP-01188,deficit,none,0,0,0,0,0
SP-01189,ok,debt,0,14588,0,0,54791
SP-01190,deficit,none,0,0,0,0,138775
SP-01191,ok,reserve,10681,0,0,0,0
SP-01192,ok,reserve,3961,0,0,0,0
SP-01193,ok,reserve,244,0,162,0,0
SP-01194,ok,reserve,3491,0,0,0,0
SP-01195,ok,reserve,51241,0,26260,0,0
SP-01196,ok,reserve,25980,0,17319,0,0
SP-01197,ok,goals+,1,0,0,11748,1675294
SP-01198,deficit,none,0,0,0,0,0
SP-01199,ok,reserve,41836,0,0,0,0
SP-01200,ok,reserve,2133,0,1422,0,45162
SP-01201,ok,goals+,0,0,6729,0,23014
SP-01202,ok,goals+,0,0,44,0,109596
SP-01203,deficit,none,0,0,0,0,0
SP-01204,ok,goals+,1212,1818,2019,0,0
SP-01205,ok,reserve,15202,0,0,0,0
SP-01206,deficit,none,0,0,0,0,297162
SP-01207,ok,reserve,59493,0,9674,0,0
SP-01208,ok,reserve,3526,0,2350,0,0
SP-01209,ok,goals+,2882,4323,4803,0,0
SP-01210,ok,reserve,9191,0,0,0,0
SP-01211,ok,goals+,0,0,0,55890,58232
SP-01212,ok,goals+,0,0,34,47,0
SP-01213,ok,debt,0,15112,0,0,258628
SP-01214,ok,debt,0,18541,0,0,3688
SP-01215,ok,reserve,1107702768,0,0,0,0
SP-01216,ok,reserve,18035,0,0,0,0
SP-01217,ok,goals+,23754,0,1348,27573,0
SP-01218,deficit,none,0,0,0,0,0
SP-01219,deficit,none,0,0,0,0,0
SP-01220,ok,goals+,937,1405,1560,0,0
SP-01221,ok,goals+,0,0,0,91946,58157
SP-01222,ok,reserve,15931,0,0,0,0
SP-01223,ok,reserve,10979,0,0,0,0
SP-01224,deficit,none,0,0,0,0,0
SP-01225,deficit,none,0,0,0,0,0
SP-01226,deficit,none,0,0,0,0,0
SP-01227,deficit,none,0,0,0,0,0
SP-01228,ok,reserve,93112,0,17504,0,0
SP-01229,ok,reserve,69677,0,0,0,0
SP-01230,ok,reserve,6693,0,4461,0,0
SP-01231,ok,debt,0,19311,0,0,34279
SP-01232,ok,goals+,0,0,20765,0,650234
SP-01233,ok,reserve,2667,0,0,0,0
SP-01234,ok,reserve,11447,0,7630,0,0
SP-01235,ok,reserve,15068,0,0,0,0
SP-01236,ok,reserve,4176,0,0,0,0
SP-01237,ok,reserve,40143,0,26762,0,0
SP-01238,ok,goals+,0,0,8826,0,20379
SP-01239,ok,goals+,1,0,0,28286,1709130
SP-01240,ok,goals+,0,0,14161,0,31502
SP-01241,ok,reserve,36548,0,24365,0,0
SP-01242,ok,reserve,37907,229,255,0,0
SP-01243,ok,reserve,23574,0,15716,0,0
SP-01244,ok,goals+,9364,14045,15606,0,0
SP-01245,ok,reserve,202,0,0,0,0
SP-01246,ok,debt,0,1537,0,0,40190
SP-01247,ok,goals+,0,0,0,17774,165806
SP-01248,deficit,none,0,0,0,0,0
SP-01249,ok,reserve,36698,0,0,21247,0
SP-01250,deficit,none,0,0,0,0,0
SP-01251,ok,goals+,0,0,14534,0,69944
SP-01252,ok,goals+,0,0,0,15597,199261
SP-01253,ok,reserve,13321,4405,0,0,0
SP-01254,ok,reserve,95,0,52,0,0
SP-01255,ok,debt,0,22929,0,0,53733
SP-01256,ok,reserve,2291,0,1526,0,0
SP-01257,ok,goals+,0,0,46956493,90140472,536848561
SP-01258,ok,reserve,1499,0,0,0,0
SP-01259,ok,reserve,21221,0,0,0,0
SP-01260,deficit,none,0,0,0,0,0
SP-01261,ok,reserve,14879,0,9919,0,0
SP-01262,ok,reserve,26097,0,17397,0,0
SP-01263,ok,goals+,0,0,62687,48792,55424
SP-01264,ok,reserve,25385,0,16923,0,0
SP-01265,ok,reserve,53146,0,0,0,0
SP-01266,deficit,none,0,0,0,0,0
SP-01267,ok,reserve,5204,0,0,0,0
SP-01268,ok,reserve,8245,0,0,0,0
SP-01269,deficit,none,0,0,0,0,0
SP-01270,ok,reserve,11678,0,0,0,0
SP-01271,ok,reserve,33283,0,0,0,0
SP-01272,deficit,none,0,0,0,0,0
SP-01273,ok,reserve,1753,0,0,0,0
SP-01274,ok,reserve,11981,0,7986,0,0
SP-01275,deficit,none,0,0,0,0,0
SP-01276,ok,goals+,0,0,6394,0,114028
SP-01277,ok,reserve,2893,0,0,0,0
SP-01278,ok,debt,1,20493,0,0,86924
SP-01279,deficit,none,0,0,0,0,0
SP-01280,deficit,none,0,0,0,0,0
SP-01281,ok,goals+,0,0,22500,0,577301
SP-01282,ok,reserve,5630,0,3753,0,0
SP-01283,ok,reserve,1832,0,1221,0,0
SP-01284,ok,debt,0,28622,0,0,78680
SP-01285,deficit,none,0,0,0,0,0
SP-01286,ok,debt,0,6961,0,0,168541
SP-01287,ok,debt,0,1912,0,0,77269
SP-01288,ok,reserve,3745,0,0,0,0
SP-01289,ok,reserve,31135,0,17447,0,0
SP-01290,ok,reserve,10786,0,0,0,0
SP-01291,ok,goals+,0,0,29885,0,38902
SP-01292,ok,reserve,16501,0,7506,0,0
SP-01293,ok,goals+,0,0,0,28,602829
SP-01294,ok,reserve,17859,0,0,0,0
SP-01295,ok,goals+,0,0,0,66468,63476
SP-01296,ok,goals+,0,0,22,0,0
SP-01297,deficit,none,0,0,0,0,0
SP-01298,ok,goals+,0,0,748,0,210900
SP-01299,ok,goals+,0,0,267960965,0,3944404901
SP-01300,ok,reserve,15878,0,2546,0,0
SP-01301,ok,reserve,3933,1488,1654,0,0
SP-01302,deficit,none,0,0,0,0,0
SP-01303,ok,reserve,12494,0,8329,0,0
SP-01304,ok,debt,239,19280,0,0,0
SP-01305,ok,goals+,20939,0,22890,0,0
SP-01306,ok,reserve,11114,0,0,0,0
SP-01307,ok,reserve,24028,0,0,0,0
SP-01308,deficit,none,0,0,0,0,0
SP-01309,deficit,none,0,0,0,0,0
SP-01310,ok,reserve,15583,0,0,0,0
SP-01311,ok,reserve,22510,0,0,0,0
SP-01312,ok,goals+,3244,4864,5022,0,0
SP-01313,ok,goals+,0,0,41214,0,11169
SP-01314,deficit,none,0,0,0,0,0
SP-01315,ok,reserve,14389,0,9592,0,0
SP-01316,ok,reserve,2372,0,0,0,0
SP-01317,ok,goals+,0,0,0,22808,52049
SP-01318,ok,goals+,0,29138,51801,0,85481
SP-01319,deficit,none,0,0,0,0,0
SP-01320,ok,reserve,39148,0,0,0,0
SP-01321,ok,reserve,97532,1161,1290,0,0
SP-01322,deficit,none,0,0,0,0,0
SP-01323,ok,goals+,1,0,24191,0,1841902
SP-01324,ok,reserve,8428,0,0,0,0
SP-01325,deficit,none,0,0,0,0,0
SP-01326,ok,debt,0,13761,0,0,23575
SP-01327,ok,reserve,64969,0,0,0,0
SP-01328,ok,reserve,2131,0,0,0,0
SP-01329,ok,reserve,3675,0,0,0,0
SP-01330,ok,debt,0,4525,0,0,73574
SP-01331,ok,debt,0,16319,0,0,19855
SP-01332,deficit,none,0,0,0,0,0
SP-01333,deficit,none,0,0,0,0,0
SP-01334,ok,reserve,18390,0,0,0,0
SP-01335,ok,goals+,2774,4161,4623,0,0
SP-01336,ok,debt,0,5180,0,0,89854
SP-01337,ok,reserve,1399,0,1312,0,0
SP-01338,ok,reserve,8,0,4,0,0
SP-01339,ok,reserve,7047,0,4698,0,0
SP-01340,ok,reserve,243,0,162,0,0
SP-01341,deficit,none,0,0,0,0,0
SP-01342,ok,goals+,0,0,11229,0,41555
SP-01343,ok,debt,0,15264,0,0,38078
SP-01344,deficit,none,0,0,0,0,0
SP-01345,ok,reserve,3360,0,789,0,0
SP-01346,ok,goals+,3520,5279,5865,0,0
SP-01347,ok,goals+,0,0,30037,103076,22256
SP-01348,ok,reserve,14144,0,0,0,0
SP-01349,ok,reserve,28398,0,5545,0,0
SP-01350,deficit,none,0,0,0,0,0
SP-01351,ok,reserve,861,0,573,0,0
SP-01352,ok,debt,0,48223,0,0,261196
SP-01353,deficit,none,0,0,0,0,0
SP-01354,ok,reserve,30458,0,20305,0,0
SP-01355,ok,reserve,1733,0,1155,0,147305
SP-01356,ok,reserve,2388,0,986,0,0
SP-01357,ok,reserve,18366,0,12244,0,0
SP-01358,deficit,none,0,0,0,0,531897
SP-01359,ok,debt,7080,23859,0,0,0
SP-01360,ok,reserve,52924,0,35282,0,0
SP-01361,ok,debt,0,9972,0,0,28578
SP-01362,ok,debt,11974,17961,0,0,0
SP-01363,ok,reserve,13559,0,9038,0,0
SP-01364,ok,debt,0,20277,0,0,23314
SP-01365,ok,goals+,0,0,0,27125,688127
SP-01366,ok,reserve,780,0,519,0,0
SP-01367,ok,reserve,4465,0,1276,0,0
SP-01368,ok,reserve,17242,0,1802,0,0
SP-01369,ok,debt,0,29714,0,0,69701
SP-01370,ok,debt,4818,7225,0,0,0
SP-01371,ok,reserve,14317,0,0,0,0
SP-01372,ok,debt,0,26083,0,0,30329
SP-01373,ok,reserve,26823,0,0,0,0
SP-01374,deficit,none,0,0,0,0,0
SP-01375,ok,reserve,4028,0,2685,0,0
SP-01376,ok,reserve,13369,0,0,0,0
SP-01377,ok,reserve,7463,0,4974,0,0
SP-01378,ok,reserve,28133,0,0,0,111644
SP-01379,deficit,none,0,0,0,0,0
SP-01380,ok,goals+,0,0,63,0,0
SP-01381,ok,goals+,0,0,24425,10809,199934
SP-01382,ok,reserve,15446,0,0,0,0
SP-01383,ok,reserve,787091294,0,0,0,0
SP-01384,ok,goals+,4299,6447,7163,0,0
SP-01385,ok,debt,0,7093,0,0,207867
SP-01386,deficit,none,0,0,0,0,0
SP-01387,ok,debt,0,8873,0,5916,18076
SP-01388,ok,reserve,23475,0,0,0,0
SP-01389,ok,debt,1,30989,0,0,29636
SP-01390,ok,reserve,8908,0,0,0,0
SP-01391,ok,reserve,10119,2973,0,0,0
SP-01392,deficit,none,0,0,0,0,0
SP-01393,deficit,none,0,0,0,0,0
SP-01394,deficit,none,0,0,0,0,0
SP-01395,deficit,none,0,0,0,0,0
SP-01396,ok,reserve,10312,0,0,0,0
SP-01397,ok,reserve,23336,0,12926,0,0
SP-01398,deficit,none,0,0,0,0,0
SP-01399,ok,reserve,5030,0,0,0,0
SP-01400,ok,debt,0,16546,0,0,51745
SP-01401,ok,debt,3876,5813,0,0,0
SP-01402,ok,reserve,6912,0,4608,0,0
SP-01403,ok,reserve,17720,0,0,0,0
SP-01404,ok,debt,316,472,0,0,0
SP-01405,ok,goals+,0,0,14214,0,127780
SP-01406,ok,reserve,1852,223,0,0,0
SP-01407,deficit,none,0,0,0,0,0
SP-01408,ok,reserve,13083,0,0,0,0
SP-01409,ok,debt,1,3594,0,0,337039
SP-01410,ok,reserve,18123,0,1261,0,0
SP-01411,ok,reserve,10854,0,7236,0,0
SP-01412,ok,reserve,19288,0,0,0,0
SP-01413,ok,reserve,4541,0,0,0,0
SP-01414,ok,reserve,12892,0,0,0,0
SP-01415,ok,debt,0,3944,0,0,23703
SP-01416,deficit,none,0,0,0,0,0
SP-01417,ok,reserve,4144,0,0,0,0
SP-01418,ok,reserve,53048,0,0,0,0
SP-01419,ok,debt,0,826,0,0,37613
SP-01420,ok,reserve,38308,0,0,0,0
SP-01421,ok,reserve,6378,0,4251,0,0
SP-01422,ok,reserve,66,0,43,0,0
SP-01423,ok,reserve,36179,0,23606,0,0
SP-01424,ok,debt,0,5307,0,0,20745
SP-01425,ok,reserve,210868483,0,0,0,0
SP-01426,ok,reserve,7703,0,0,0,0
SP-01427,ok,reserve,16165,0,3187,0,0
SP-01428,deficit,none,0,0,0,0,0
SP-01429,ok,reserve,11569,0,2135,0,0
SP-01430,ok,reserve,9723,0,6482,0,0
SP-01431,ok,debt,1,44202,0,0,98892
SP-01432,ok,reserve,17666,0,11777,0,0
SP-01433,ok,reserve,8614,0,0,0,0
SP-01434,deficit,none,0,0,0,0,0
SP-01435,ok,reserve,3317,0,0,0,0
SP-01436,deficit,none,0,0,0,0,72156
SP-01437,ok,debt,0,2193,0,0,21358
SP-01438,ok,reserve,25356,0,16903,0,0
SP-01439,ok,debt,0,12522,0,0,35539
SP-01440,deficit,none,0,0,0,0,0
SP-01441,ok,goals+,14539,0,7314,7508,0
SP-01442,ok,reserve,18632,3084,0,0,0
SP-01443,ok,reserve,16427,0,0,0,0
SP-01444,ok,debt,491,736,0,0,0
SP-01445,ok,reserve,22687,0,0,0,0
SP-01446,ok,debt,0,8826,0,0,15559
SP-01447,ok,reserve,40577,0,2333,0,0
SP-01448,ok,reserve,21633,0,0,0,0
SP-01449,deficit,none,0,0,0,0,0
SP-01450,ok,reserve,60031,0,0,0,0
SP-01451,ok,debt,0,2035,0,0,149239
SP-01452,deficit,none,0,0,0,0,0
SP-01453,ok,goals+,0,0,5659,8467,103093
SP-01454,ok,reserve,16503,0,0,0,0
SP-01455,ok,goals+,2877,4315,4794,0,0
SP-01456,ok,goals+,8942,0,16716,0,0
SP-01457,ok,goals+,0,0,0,1575,0
SP-01458,ok,reserve,185,0,0,0,0
SP-01459,ok,reserve,27245,0,0,0,0
SP-01460,ok,reserve,3418,0,0,0,0
SP-01461,ok,reserve,4968,0,3311,0,0
SP-01462,ok,goals+,12136,18204,20226,0,36747
SP-01463,deficit,none,0,0,0,0,0
SP-01464,ok,goals+,0,0,42,0,0
SP-01465,ok,reserve,35047,0,2279,0,0
SP-01466,ok,reserve,14805,0,4143,0,0
SP-01467,ok,reserve,956441647,0,637627764,0,0
SP-01468,ok,reserve,15193,0,10128,0,0
SP-01469,ok,debt,7806,11707,6192,0,0
SP-01470,deficit,none,0,0,0,0,0
SP-01471,ok,debt,0,7578,0,0,34995
SP-01472,ok,debt,8156,12233,0,0,0
SP-01473,ok,goals+,0,0,5445,45345,100109
SP-01474,deficit,none,0,0,0,0,0
SP-01475,ok,reserve,7380,0,0,0,0
SP-01476,deficit,none,0,0,0,0,0
SP-01477,ok,reserve,16876,0,2952,0,0
SP-01478,ok,reserve,42363,0,0,0,0
SP-01479,deficit,none,0,0,0,0,0
SP-01480,ok,reserve,30738,0,0,0,0
SP-01481,ok,goals+,1734,2600,2888,0,0
SP-01482,ok,reserve,5173,0,3448,0,0
SP-01483,ok,reserve,7022,0,0,0,0
SP-01484,deficit,none,0,0,0,0,0
SP-01485,ok,reserve,9915,0,0,0,0
SP-01486,ok,reserve,9425,0,1050,0,0
SP-01487,ok,reserve,10107,0,6737,0,57499
SP-01488,ok,reserve,10022,0,0,0,0
SP-01489,ok,goals+,0,0,13529,0,481229
SP-01490,ok,reserve,12357,0,0,0,0
SP-01491,ok,goals+,0,0,7506,0,1630918
SP-01492,ok,debt,0,3922,0,0,96932
SP-01493,ok,reserve,9291,0,6193,0,0
SP-01494,ok,reserve,2144,0,1429,0,0
SP-01495,ok,reserve,30653,0,3764,0,0
SP-01496,ok,reserve,29927,12951,0,0,0
SP-01497,ok,debt,0,14179,0,0,58648
SP-01498,ok,reserve,1501,0,0,0,0
SP-01499,ok,goals+,3258,4885,5428,0,0
SP-01500,ok,reserve,56518,0,5088,9769,0
SP-01501,ok,reserve,5233,0,0,0,0
SP-01502,ok,reserve,8731,0,0,0,0
SP-01503,ok,reserve,26212,0,3493,0,0
SP-01504,ok,reserve,16087,0,0,0,0
SP-01505,ok,reserve,51580,0,0,0,0
SP-01506,ok,reserve,78,0,52,0,0
SP-01507,ok,reserve,49660,0,0,0,0
SP-01508,ok,reserve,30014,0,15709,0,0
SP-01509,ok,debt,13125963,275317525,8750641,0,1260744839
SP-01510,ok,debt,28220,42329,0,0,0
SP-01511,ok,goals+,3440,0,13502,4317,0
SP-01512,deficit,none,0,0,0,0,0
SP-01513,ok,debt,2551,3826,0,0,0
SP-01514,ok,reserve,15151,0,9539,0,0
SP-01515,ok,debt,1455,67439,0,0,0
SP-01516,ok,reserve,17814,0,11876,0,0
SP-01517,ok,reserve,11525,0,0,0,0
SP-01518,deficit,none,0,0,0,0,0
SP-01519,ok,debt,0,26216,0,0,159414
SP-01520,ok,reserve,37862,0,0,0,0
SP-01521,deficit,none,0,0,0,0,103319
SP-01522,ok,debt,0,6126,0,0,45800
SP-01523,ok,debt,0,6083,0,0,40589
SP-01524,ok,reserve,8803,0,5868,0,0
SP-01525,ok,reserve,12800,0,0,0,0
SP-01526,ok,debt,0,16799,0,0,68128
SP-01527,ok,debt,0,11751,0,0,101366
SP-01528,deficit,none,0,0,0,0,0
SP-01529,ok,reserve,12397,0,0,0,0
SP-01530,ok,reserve,26413,0,0,0,0
SP-01531,ok,debt,0,18393,0,0,65408
SP-01532,ok,reserve,9304,0,0,0,0
SP-01533,ok,debt,0,10587,0,7059,1156489
SP-01534,deficit,none,0,0,0,0,0
SP-01535,ok,reserve,25737,0,7551,0,0
SP-01536,ok,reserve,50407,0,0,0,0
SP-01537,ok,goals+,0,0,0,2987,105752
SP-01538,ok,reserve,47293,0,0,0,0
SP-01539,ok,reserve,1982,0,1320,0,0
SP-01540,ok,reserve,2615,0,1743,0,0
SP-01541,deficit,none,0,0,0,0,0
SP-01542,ok,reserve,6993,0,4661,0,0
SP-01543,ok,debt,0,7149,0,0,2965
SP-01544,ok,debt,0,2466,0,0,317756
SP-01545,ok,reserve,5702,0,3801,0,0
SP-01546,ok,debt,0,8991,0,0,5658
SP-01547,ok,reserve,3701,0,0,0,0
SP-01548,ok,goals+,0,0,22,0,0
SP-01549,ok,reserve,29490,0,7222,0,0
SP-01550,ok,debt,16284,24425,4960,0,0
SP-01551,ok,goals+,6990433,10485649,11650720,0,0
SP-01552,ok,reserve,10025,0,0,0,0
SP-01553,deficit,none,0,0,0,0,0
SP-01554,deficit,none,0,0,0,0,0
SP-01555,ok,goals+,2530,3794,4215,0,0
SP-01556,ok,reserve,24364,0,0,0,0
SP-01557,ok,goals+,0,0,41903,46716,104963
SP-01558,ok,reserve,10635,0,7090,0,0
SP-01559,ok,reserve,20760,0,0,11115,0
SP-01560,deficit,none,0,0,0,0,0
SP-01561,ok,debt,0,9917,0,0,49068
SP-01562,ok,reserve,19190,0,0,0,0
SP-01563,deficit,none,0,0,0,0,0
SP-01564,ok,debt,0,2449,0,0,2509
SP-01565,deficit,none,0,0,0,0,0
SP-01566,deficit,none,0,0,0,0,0
SP-01567,ok,reserve,11950,0,0,0,0
SP-01568,ok,reserve,12079,0,8052,0,0
SP-01569,ok,reserve,35740,8442,0,0,0
SP-01570,ok,debt,0,28184,0,0,47963
SP-01571,ok,reserve,11804,0,0,0,0
SP-01572,ok,debt,13130,19694,0,0,0
SP-01573,ok,debt,0,9059,0,0,31322
SP-01574,ok,reserve,38407,0,0,0,0
SP-01575,deficit,none,0,0,0,0,0
SP-01576,ok,reserve,32016,0,0,0,0
SP-01577,ok,reserve,958,0,638,0,0
SP-01578,ok,reserve,3905,0,2603,0,0
SP-01579,ok,reserve,72438,0,0,0,0
SP-01580,ok,reserve,28715,0,0,0,0
SP-01581,ok,reserve,19874,0,0,0,0
SP-01582,ok,debt,0,18908,0,0,59056
SP-01583,ok,debt,0,4828,0,0,2072
SP-01584,deficit,none,0,0,0,0,0
SP-01585,ok,goals+,0,0,24974,0,32378
SP-01586,ok,reserve,34768,0,0,0,0
SP-01587,deficit,none,0,0,0,0,0
SP-01588,ok,goals+,10008,0,0,20089,0
SP-01589,ok,goals+,13558,15360,17067,0,0
SP-01590,ok,goals+,0,0,38,0,0
SP-01591,ok,reserve,28181,0,0,0,0
SP-01592,ok,reserve,19075,6336,0,0,0
SP-01593,deficit,none,0,0,0,0,0
SP-01594,ok,reserve,29301,0,19533,0,0
SP-01595,ok,reserve,4258,0,2838,0,0
SP-01596,deficit,none,0,0,0,0,0
SP-01597,deficit,none,0,0,0,0,0
SP-01598,ok,reserve,29810,0,0,0,0
SP-01599,ok,debt,0,52411,0,0,90193
SP-01600,ok,reserve,5948,0,0,0,0
SP-01601,ok,reserve,7595,0,5062,0,0
SP-01602,deficit,none,0,0,0,0,0
SP-01603,ok,reserve,19144,0,12762,0,0
SP-01604,deficit,none,0,0,0,0,0
SP-01605,deficit,none,0,0,0,0,0
SP-01606,ok,reserve,8583,0,5721,0,0
SP-01607,ok,reserve,9021,0,0,0,0
SP-01608,ok,reserve,6422,0,0,0,0
SP-01609,ok,debt,162,241,0,0,0
SP-01610,ok,reserve,10455,0,6970,0,0
SP-01611,ok,reserve,21120,0,0,0,0
SP-01612,ok,reserve,29115,0,19409,0,0
SP-01613,ok,reserve,14071,0,9380,0,0
SP-01614,ok,reserve,20690,0,0,0,0
SP-01615,ok,goals+,0,0,1836,17357,84158
SP-01616,ok,reserve,5739,0,0,0,0
SP-01617,ok,goals+,1,0,0,2441,3979126
SP-01618,ok,goals+,0,0,6686,0,61089
SP-01619,ok,reserve,10752,0,7168,0,0
SP-01620,ok,reserve,5568,0,0,0,0
SP-01621,deficit,none,0,0,0,0,0
SP-01622,ok,reserve,7896,0,0,0,0
SP-01623,ok,reserve,4875,0,0,0,0
SP-01624,ok,goals+,0,0,7083,107046,166994
SP-01625,ok,reserve,22255,0,0,0,0
SP-01626,deficit,none,0,0,0,0,0
SP-01627,ok,reserve,10002,0,0,0,0
SP-01628,ok,debt,0,4808,0,0,35394
SP-01629,ok,reserve,14608,0,0,0,0
SP-01630,ok,debt,0,33728,0,0,7763
SP-01631,ok,reserve,11580,0,0,0,0
SP-01632,ok,reserve,15,0,10,0,0
SP-01633,ok,goals+,0,0,21798,17430,108816
SP-01634,ok,goals+,1,0,16340,0,271949
SP-01635,deficit,none,0,0,0,0,0
SP-01636,ok,reserve,14525,0,9683,0,0
SP-01637,ok,reserve,33644,0,1255,0,0
SP-01638,deficit,none,0,0,0,0,0
SP-01639,ok,reserve,5059,0,0,0,0
SP-01640,ok,reserve,8428,0,0,0,0
SP-01641,ok,debt,3612,20308,0,0,0
SP-01642,ok,reserve,13514,0,0,0,0
SP-01643,ok,goals+,0,0,0,18699,69156
SP-01644,deficit,none,0,0,0,0,0
SP-01645,ok,goals+,0,0,129,13274,270169
SP-01646,ok,debt,0,13229,0,0,31633
SP-01647,deficit,none,0,0,0,0,0
SP-01648,ok,reserve,11523,0,7681,0,0
SP-01649,ok,reserve,5539,3539,0,0,0
SP-01650,deficit,none,0,0,0,0,0
SP-01651,ok,reserve,17393,0,0,0,0
SP-01652,ok,goals+,2480,3718,4131,0,0
SP-01653,ok,debt,1429,3307,0,777,0
SP-01654,ok,reserve,28318,0,0,0,0
SP-01655,deficit,none,0,0,0,0,0
SP-01656,ok,reserve,4980,0,0,0,0
SP-01657,ok,reserve,29966,0,0,0,0
SP-01658,ok,goals+,0,0,28193,0,212796
SP-01659,ok,goals+,0,0,0,15243,330091
SP-01660,ok,reserve,7821,0,0,0,0
SP-01661,deficit,none,0,0,0,0,0
SP-01662,ok,reserve,9859,0,0,0,0
SP-01663,ok,goals+,3827,5739,6376,0,0
SP-01664,ok,reserve,20469,0,1074,0,0
SP-01665,ok,reserve,5137,0,0,0,0
SP-01666,ok,goals+,815,1222,1357,0,0
SP-01667,ok,reserve,16198,0,0,0,0
SP-01668,ok,reserve,6223,0,4148,0,0
SP-01669,ok,reserve,8705,0,5802,0,0
SP-01670,ok,debt,0,29032,0,0,7861
SP-01671,deficit,none,0,0,0,0,0
SP-01672,ok,reserve,12370,0,0,0,0
SP-01673,ok,reserve,21437,0,1027,0,0
SP-01674,ok,goals+,0,0,19,14,0
SP-01675,deficit,none,0,0,0,0,0
SP-01676,ok,reserve,22450,0,8055,0,0
SP-01677,deficit,none,0,0,0,0,0
SP-01678,ok,reserve,5400,4834,0,0,0
SP-01679,ok,reserve,36622,0,0,0,0
SP-01680,deficit,none,0,0,0,0,0
SP-01681,ok,reserve,15463,0,0,0,0
SP-01682,deficit,none,0,0,0,0,0
SP-01683,ok,goals+,0,0,32570,0,33669
SP-01684,deficit,none,0,0,0,0,0
SP-01685,ok,debt,0,6124,0,0,236127
SP-01686,deficit,none,0,0,0,0,0
SP-01687,ok,reserve,27654,0,11345,0,0
SP-01688,ok,reserve,22882,0,0,0,0
SP-01689,deficit,none,0,0,0,0,0
SP-01690,ok,reserve,6684,0,4456,0,0
SP-01691,ok,reserve,11231,0,0,0,0
SP-01692,ok,reserve,359,0,238,0,0
SP-01693,ok,goals+,0,0,62303,0,11050
SP-01694,ok,debt,0,8561,0,0,20048
SP-01695,ok,reserve,6978,0,0,0,0
SP-01696,ok,goals+,0,0,22926,55859,136445
SP-01697,ok,reserve,16215,0,10810,0,0
SP-01698,ok,reserve,17867,0,0,0,0
SP-01699,ok,debt,0,34211,0,0,150432
SP-01700,ok,reserve,12508,0,0,0,0
SP-01701,ok,goals+,1,0,0,32796,2592386
SP-01702,ok,reserve,13428,0,0,0,0
SP-01703,ok,reserve,5236,0,0,0,0
SP-01704,ok,reserve,13562,0,9040,0,0
SP-01705,ok,debt,6595,11298,0,0,0
SP-01706,deficit,none,0,0,0,0,0
SP-01707,ok,reserve,14390,0,0,0,0
SP-01708,ok,reserve,6519,0,0,0,0
SP-01709,ok,debt,3724,5586,0,0,482370
SP-01710,ok,reserve,11126,0,4865,0,0
SP-01711,ok,reserve,7272,0,4847,0,0
SP-01712,ok,reserve,12850,0,0,0,0
SP-01713,ok,reserve,46631,0,31086,0,0
SP-01714,ok,reserve,158,0,0,0,0
SP-01715,deficit,none,0,0,0,0,0
SP-01716,ok,none,0,0,0,0,0
SP-01717,ok,reserve,23102,0,0,0,0
SP-01718,deficit,none,0,0,0,0,80146
SP-01719,ok,reserve,319534451,0,0,0,0
SP-01720,ok,debt,0,2351,0,0,24301
SP-01721,ok,reserve,8034,0,5356,0,0
SP-01722,deficit,none,0,0,0,0,0
SP-01723,ok,goals+,0,0,3076,19451,22971
SP-01724,ok,reserve,15669,0,0,0,0
SP-01725,ok,goals+,0,0,16521,7907,0
SP-01726,deficit,none,0,0,0,0,0
SP-01727,ok,debt,0,7465,0,0,27036
SP-01728,deficit,none,0,0,0,0,0
SP-01729,ok,reserve,8346,0,0,0,0
SP-01730,ok,reserve,21814,6677,0,0,0
SP-01731,deficit,none,0,0,0,0,0
SP-01732,deficit,none,0,0,0,0,0
SP-01733,ok,debt,2029,3043,0,0,0
SP-01734,deficit,none,0,0,0,0,0
SP-01735,ok,debt,0,71,0,0,140160
SP-01736,ok,reserve,31481,0,20986,0,0
SP-01737,ok,reserve,13198,0,0,0,0
SP-01738,ok,reserve,10581,0,244,0,0
SP-01739,ok,reserve,6886,0,0,0,0
SP-01740,ok,reserve,10768,0,0,0,0
SP-01741,ok,reserve,11791,7459,7860,0,325715
SP-01742,ok,debt,31153,36785,0,0,0
SP-01743,ok,goals+,0,0,0,18859,2590868
SP-01744,ok,reserve,2611,0,0,0,0
SP-01745,ok,debt,0,2021,0,0,217156
SP-01746,ok,debt,0,20516,0,0,60611
SP-01747,ok,reserve,9963,0,0,0,0
SP-01748,ok,goals+,0,9495,16881,0,22482
SP-01749,ok,goals+,2478,3717,4130,0,0
SP-01750,deficit,none,0,0,0,0,0
SP-01751,ok,reserve,14420,0,9612,0,0
SP-01752,ok,goals+,0,0,3442,6717,133816
SP-01753,ok,reserve,14776,0,9850,0,0
SP-01754,ok,debt,5322,53547,6754,0,0
SP-01755,ok,debt,0,26257,0,0,140296
SP-01756,ok,reserve,24963,7014,0,0,0
SP-01757,ok,reserve,66832,0,8241,0,0
SP-01758,ok,goals+,0,0,29,50,0
SP-01759,deficit,none,0,0,0,0,0
SP-01760,ok,reserve,8912,0,0,0,0
SP-01761,ok,reserve,127608997,0,0,0,0
SP-01762,ok,reserve,20151,0,8436,0,0
SP-01763,ok,reserve,9239,0,0,0,0
SP-01764,deficit,none,0,0,0,0,0
SP-01765,ok,reserve,32052,0,0,0,0
SP-01766,ok,reserve,35280,0,0,0,0
SP-01767,ok,debt,17281,145658,0,0,193841
SP-01768,deficit,none,0,0,0,0,0
SP-01769,ok,reserve,41796,0,0,0,0
SP-01770,deficit,none,0,0,0,0,0
SP-01771,ok,reserve,14391,0,0,0,0
SP-01772,ok,debt,0,3192,0,0,16108
SP-01773,deficit,none,0,0,0,0,0
SP-01774,deficit,none,0,0,0,0,0
SP-01775,ok,goals+,0,12340,21937,0,16978
SP-01776,ok,goals+,0,0,29622,0,38988
SP-01777,ok,debt,0,55656,0,0,118238
SP-01778,ok,reserve,14784,7554,0,0,0
SP-01779,ok,reserve,21662,0,0,0,0
SP-01780,ok,reserve,37382,0,0,0,0
SP-01781,ok,reserve,20310,0,0,0,0
SP-01782,ok,reserve,15876,0,0,0,0
SP-01783,ok,reserve,16522,0,2488,0,0
SP-01784,ok,reserve,55174,0,0,0,0
SP-01785,ok,debt,1,2689,883,909,548108
SP-01786,ok,debt,1,1581,0,0,245946
SP-01787,ok,reserve,2329,0,0,0,0
SP-01788,ok,goals+,0,0,20684,0,67881
SP-01789,ok,reserve,6321,0,4214,0,0
SP-01790,ok,reserve,17756,0,11836,0,0
SP-01791,ok,reserve,4799,0,3198,0,0
SP-01792,ok,debt,0,54182,0,0,185957
SP-01793,ok,debt,0,9996,0,0,89321
SP-01794,ok,goals+,0,0,0,1978,109996
SP-01795,ok,goals+,5212,7817,8686,0,0
SP-01796,ok,reserve,29497,0,0,0,0
SP-01797,ok,reserve,7575,0,5049,0,0
SP-01798,ok,debt,0,19110,0,0,46089
SP-01799,ok,goals+,1777,2665,2960,0,0
SP-01800,deficit,none,0,0,0,0,0
SP-01801,ok,reserve,13342,0,0,0,0
SP-01802,deficit,none,0,0,0,0,0
SP-01803,deficit,none,0,0,0,0,0
SP-01804,ok,reserve,221,0,147,0,0
SP-01805,deficit,none,0,0,0,0,0
SP-01806,deficit,none,0,0,0,0,0
SP-01807,ok,reserve,3423,0,2281,0,0
SP-01808,ok,debt,1,883,0,0,254666
SP-01809,ok,debt,4779,53122,3186,0,95985
SP-01810,deficit,none,0,0,0,0,149783
SP-01811,deficit,none,0,0,0,0,0
SP-01812,deficit,none,0,0,0,0,0
SP-01813,ok,goals+,0,0,0,47457,159531
SP-01814,ok,reserve,13596,0,0,0,0
SP-01815,deficit,none,0,0,0,0,0
SP-01816,ok,reserve,22185,0,14789,0,0
SP-01817,ok,goals+,0,0,25809,0,17926
SP-01818,ok,reserve,37971,0,0,0,0
SP-01819,ok,reserve,13695,0,0,0,0
SP-01820,deficit,none,0,0,0,0,0
SP-01821,ok,reserve,19637,0,0,0,0
SP-01822,deficit,none,0,0,0,0,0
SP-01823,ok,reserve,22433,0,0,0,0
SP-01824,ok,reserve,6527,0,0,0,0
SP-01825,ok,reserve,15475,0,0,0,0
SP-01826,ok,reserve,32029,0,0,0,0
SP-01827,ok,goals+,0,0,53,13598,2972745
SP-01828,ok,reserve,6985,0,4656,0,0
SP-01829,ok,reserve,32170,0,5153,0,0
SP-01830,ok,reserve,24070,0,618,0,0
SP-01831,ok,reserve,1582,0,0,0,0
SP-01832,ok,reserve,5507,0,3670,0,0
SP-01833,ok,debt,1,7003,0,0,192518
SP-01834,ok,reserve,9676,0,6450,0,0
SP-01835,ok,reserve,24994,0,0,0,0
SP-01836,ok,reserve,5791,0,0,0,0
SP-01837,ok,reserve,23167,0,7705,0,0
SP-01838,ok,reserve,5475,0,0,0,0
SP-01839,ok,reserve,5357,0,0,0,0
SP-01840,ok,goals+,0,0,12649,5465,22459
SP-01841,ok,goals+,3477,5214,5793,0,0
SP-01842,ok,reserve,12,0,8,0,0
SP-01843,ok,reserve,20467,0,0,0,0
SP-01844,ok,reserve,3224,0,0,0,0
SP-01845,ok,reserve,183025628,0,0,0,0
SP-01846,ok,reserve,1002,0,668,0,0
SP-01847,deficit,none,0,0,0,0,0
SP-01848,deficit,none,0,0,0,0,0
SP-01849,ok,reserve,37212,0,0,0,0
SP-01850,ok,reserve,34328,0,22884,0,0
SP-01851,ok,goals+,0,0,67383,0,158068
SP-01852,ok,reserve,8456,0,0,0,0
SP-01853,deficit,none,0,0,0,0,0
SP-01854,deficit,none,0,0,0,0,0
SP-01855,ok,goals+,0,0,0,21476,910003
SP-01856,deficit,none,0,0,0,0,0
SP-01857,deficit,none,0,0,0,0,0
SP-01858,ok,reserve,20542,0,0,0,0
SP-01859,ok,debt,0,12365,0,0,601
SP-01860,ok,reserve,26843,0,0,0,0
SP-01861,ok,reserve,6402,0,0,0,0
SP-01862,ok,reserve,8809,0,0,0,0
SP-01863,ok,reserve,1818,0,0,0,0
SP-01864,ok,reserve,5651,0,3766,0,0
SP-01865,deficit,none,0,0,0,0,0
SP-01866,ok,reserve,22199,12789,0,0,0
SP-01867,ok,reserve,19352,0,12901,0,0
SP-01868,ok,debt,4280,6418,0,0,0
SP-01869,ok,goals+,0,0,7531,5656,913252
SP-01870,ok,debt,0,15116,0,0,63234
SP-01871,ok,reserve,1745,0,0,0,0
SP-01872,ok,reserve,3879,0,2585,0,0
SP-01873,ok,goals+,1796,2692,2991,0,0
SP-01874,ok,debt,0,2484,0,0,172138
SP-01875,ok,debt,2129,3193,0,0,0
SP-01876,ok,reserve,10324,0,0,0,0
SP-01877,ok,reserve,16955,0,0,0,0
SP-01878,ok,reserve,16065,0,0,0,0
SP-01879,ok,reserve,201,0,0,0,0
SP-01880,ok,reserve,6289,0,0,0,0
SP-01881,ok,debt,0,21022,0,0,206241
SP-01882,ok,reserve,10013,0,5698,0,0
SP-01883,ok,reserve,841,0,0,0,0
SP-01884,ok,goals+,0,0,22,14,0
SP-01885,ok,reserve,37324,0,0,0,0
SP-01886,ok,goals+,0,0,5488,0,88294
SP-01887,ok,reserve,351806916,0,0,0,0
SP-01888,ok,reserve,23656,0,0,0,0
SP-01889,ok,reserve,831,0,0,0,0
SP-01890,deficit,none,0,0,0,0,0
SP-01891,deficit,none,0,0,0,0,0
SP-01892,deficit,none,0,0,0,0,0
SP-01893,ok,reserve,57442,0,0,0,0
SP-01894,ok,reserve,39867,0,0,0,228603
SP-01895,ok,debt,735,1101,0,0,0
SP-01896,deficit,none,0,0,0,0,0
SP-01897,ok,reserve,24922,0,0,0,0
SP-01898,ok,reserve,8464,0,5642,0,0
SP-01899,deficit,none,0,0,0,0,0
SP-01900,ok,reserve,47074,405,449,0,0
SP-01901,ok,reserve,5367,0,3578,0,0
SP-01902,deficit,none,0,0,0,0,0
SP-01903,ok,reserve,13494,0,0,0,0
SP-01904,ok,reserve,36258,0,0,0,0
SP-01905,ok,reserve,22512,0,0,0,0
SP-01906,deficit,none,0,0,0,0,0
SP-01907,ok,debt,0,12687,0,0,107026
SP-01908,ok,reserve,10529,0,0,0,0
SP-01909,ok,reserve,411,0,273,0,0
SP-01910,ok,debt,0,49516,0,0,20976
SP-01911,ok,goals+,0,0,0,20190,2260610
SP-01912,deficit,none,0,0,0,0,0
SP-01913,ok,reserve,15014,0,10009,0,0
SP-01914,ok,reserve,5836,0,3890,0,0
SP-01915,ok,reserve,31397,0,20931,0,0
SP-01916,ok,reserve,16160,0,10772,0,0
SP-01917,ok,reserve,8959,0,0,0,0
SP-01918,ok,reserve,35649,0,4149,0,0
SP-01919,ok,goals+,0,0,25566,0,157007
SP-01920,ok,reserve,12008,0,0,0,0
SP-01921,deficit,none,0,0,0,0,0
SP-01922,ok,goals+,1308,1961,2179,0,0
SP-01923,ok,reserve,9539,0,6358,0,0
SP-01924,ok,reserve,16494,0,0,0,0
SP-01925,ok,reserve,11746,0,0,0,0
SP-01926,deficit,none,0,0,0,0,0
SP-01927,ok,reserve,5549,0,3698,0,59335
SP-01928,ok,debt,0,10095,0,0,101400
SP-01929,ok,reserve,221397600,0,0,0,0
SP-01930,ok,reserve,2417,0,1611,0,0
SP-01931,ok,debt,0,32584,0,0,8282
SP-01932,deficit,none,0,0,0,0,0
SP-01933,ok,reserve,2313,0,1542,0,0
SP-01934,ok,reserve,4192,0,0,0,0
SP-01935,ok,goals+,0,0,0,41563,28368
SP-01936,deficit,none,0,0,0,0,0
SP-01937,ok,goals+,0,5366,15609,0,137136
SP-01938,deficit,none,0,0,0,0,0
SP-01939,ok,reserve,3299,0,2199,0,0
SP-01940,ok,reserve,16547,0,0,0,0
SP-01941,deficit,none,0,0,0,0,0
SP-01942,ok,reserve,15228,0,0,0,0
SP-01943,ok,debt,0,3901,0,0,423
SP-01944,deficit,none,0,0,0,0,0
SP-01945,ok,goals+,0,3,5,0,216533
SP-01946,ok,reserve,3792,0,0,0,0
SP-01947,ok,reserve,19155,0,0,0,0
SP-01948,ok,reserve,15889,0,0,0,0
SP-01949,ok,reserve,12565,0,0,0,0
SP-01950,ok,reserve,42535,0,0,0,0
SP-01951,deficit,none,0,0,0,0,0
SP-01952,ok,debt,0,17915,0,0,12116
SP-01953,ok,goals+,0,0,0,15323,1496299
SP-01954,ok,debt,34899,47622,0,0,0
SP-01955,ok,reserve,43930,0,0,0,0
SP-01956,ok,reserve,13739,0,9158,0,0
SP-01957,deficit,none,0,0,0,0,0
SP-01958,ok,reserve,4089,0,0,0,0
SP-01959,ok,reserve,16398,0,0,0,0
SP-01960,ok,reserve,16142,5000,5556,0,0
SP-01961,ok,reserve,28093,7686,0,0,0
SP-01962,ok,reserve,13466,0,1182,0,0
SP-01963,ok,reserve,21522,0,0,0,0
SP-01964,ok,reserve,46450,0,0,0,0
SP-01965,ok,reserve,26989,0,0,0,0
SP-01966,ok,goals+,0,0,8022,0,70312
SP-01967,ok,reserve,6068,0,0,0,0
SP-01968,ok,goals+,0,0,28,2,0
SP-01969,ok,reserve,16850,0,0,0,0
SP-01970,ok,reserve,5540,0,0,0,0
SP-01971,ok,reserve,193273155,0,28106959,0,0
SP-01972,ok,reserve,33749,0,3909,0,0
SP-01973,ok,reserve,16152,0,0,0,0
SP-01974,deficit,none,0,0,0,0,0
SP-01975,ok,reserve,50067,0,6073,0,0
SP-01976,ok,debt,0,26402,0,0,88300
SP-01977,ok,goals+,28337,0,911,47436,0
SP-01978,ok,reserve,71206,0,0,0,0
SP-01979,ok,reserve,12895,0,8596,0,0
SP-01980,deficit,none,0,0,0,0,0
SP-01981,ok,reserve,10023,0,6681,0,0
SP-01982,ok,reserve,11733,0,7821,0,0
SP-01983,deficit,none,0,0,0,0,15485
SP-01984,ok,reserve,30754,0,5128,0,0
SP-01985,ok,reserve,13720,0,9146,0,0
SP-01986,deficit,none,0,0,0,0,0
SP-01987,ok,reserve,8935,0,0,0,0
SP-01988,ok,reserve,14573,0,0,0,0
SP-01989,ok,reserve,7457,0,0,0,0
SP-01990,ok,reserve,729,0,0,0,0
SP-01991,ok,goals+,570,855,949,0,0
SP-01992,ok,debt,0,23599,0,0,68736
SP-01993,ok,goals+,242,361,402,0,0
SP-01994,ok,reserve,4938,0,0,0,0
SP-01995,ok,goals+,0,0,10925,0,607880
SP-01996,deficit,none,0,0,0,0,0
SP-01997,ok,reserve,2142,0,1428,0,0
SP-01998,ok,reserve,7680,0,0,0,0
SP-01999,ok,reserve,16889,0,11258,0,0
SP-02000,ok,reserve,25985,0,17323,0,0
SP-02001,ok,debt,0,7055,0,0,91490
SP-02002,deficit,none,0,0,0,0,0
SP-02003,ok,reserve,32758,0,0,0,0
SP-02004,ok,reserve,17862,0,2141,0,0
SP-02005,ok,reserve,10575,0,0,0,0
SP-02006,ok,reserve,30128,3924,0,0,0
SP-02007,ok,debt,0,1850,0,0,30225
SP-02008,ok,reserve,51648,0,14149,0,0
SP-02009,ok,debt,0,6507,0,0,4677
SP-02010,deficit,none,0,0,0,0,0
SP-02011,deficit,none,0,0,0,0,0
SP-02012,ok,reserve,7235,0,0,0,0
SP-02013,ok,reserve,1078442558,0,192137577,0,0
SP-02014,ok,reserve,23060,0,15372,0,0
SP-02015,ok,goals+,0,0,18347,0,95111
SP-02016,deficit,none,0,0,0,0,0
SP-02017,ok,reserve,9335,0,2828,0,0
SP-02018,ok,reserve,25153,0,0,0,0
SP-02019,ok,goals+,0,0,19026,81405,267282
SP-02020,ok,reserve,1817,0,1211,0,0
SP-02021,ok,reserve,2429,0,1618,0,0
SP-02022,deficit,none,0,0,0,0,0
SP-02023,ok,reserve,5236,0,0,0,0
SP-02024,ok,reserve,27557,0,18370,0,0
SP-02025,deficit,none,0,0,0,0,0
SP-02026,ok,reserve,5016,0,0,0,0
SP-02027,ok,reserve,50427,0,0,0,0
SP-02028,deficit,none,0,0,0,0,0
SP-02029,ok,reserve,7281,0,0,0,0
SP-02030,ok,debt,544,6713,0,0,0
SP-02031,ok,reserve,3949,0,0,0,0
SP-02032,ok,reserve,93710,0,6070,0,0
SP-02033,ok,debt,0,3155,0,0,2590
SP-02034,ok,goals+,1,0,0,74439,1517760
SP-02035,ok,goals+,60,88,98,0,0
SP-02036,ok,reserve,14678,0,0,0,0
SP-02037,ok,goals+,0,0,1733,14824,1530432
SP-02038,ok,debt,1983,57477,3303,0,278071
SP-02039,ok,goals+,579,867,964,0,0
SP-02040,ok,reserve,13869,0,9246,0,0
SP-02041,ok,reserve,6426,0,4284,0,0
SP-02042,ok,reserve,5386,0,0,0,0
SP-02043,ok,reserve,3166,0,0,0,0
SP-02044,ok,reserve,754,0,0,0,0
SP-02045,ok,reserve,54293,0,0,0,0
SP-02046,ok,goals+,0,0,19028,0,14075
SP-02047,ok,goals+,0,0,23657,25796,338363
SP-02048,ok,debt,1,18875,0,0,53461
SP-02049,ok,reserve,9801,0,6533,0,0
SP-02050,deficit,none,0,0,0,0,0
SP-02051,deficit,none,0,0,0,0,0
SP-02052,ok,reserve,47,0,30,0,0
SP-02053,ok,reserve,38871,8455,0,0,0
SP-02054,ok,goals+,0,0,76985,0,47631
SP-02055,ok,reserve,20558921,0,0,0,0
SP-02056,ok,reserve,16149,0,5774,0,0
SP-02057,ok,goals+,592,887,985,0,0
SP-02058,deficit,none,0,0,0,0,0
SP-02059,ok,reserve,14246,0,9497,0,0
SP-02060,ok,reserve,834,0,556,0,0
SP-02061,ok,goals+,0,0,0,119534,179209
SP-02062,ok,reserve,2203,0,0,0,0
SP-02063,deficit,none,0,0,0,0,0
SP-02064,deficit,none,0,0,0,0,0
SP-02065,ok,reserve,11543,0,0,0,0
SP-02066,ok,reserve,27350,0,0,0,0
SP-02067,deficit,none,0,0,0,0,0
SP-02068,ok,goals+,0,0,9966,0,72251
SP-02069,ok,reserve,10230,0,0,0,0
SP-02070,deficit,none,0,0,0,0,0
SP-02071,ok,debt,0,15614,0,0,306786
SP-02072,ok,reserve,7170,0,4779,0,0
SP-02073,ok,debt,0,36587,0,0,33068
SP-02074,ok,goals+,0,0,0,52624,205259
SP-02075,ok,goals+,0,0,6414,0,137818
SP-02076,deficit,none,0,0,0,0,0
SP-02077,ok,reserve,5297,0,3531,0,150889
SP-02078,ok,goals+,0,0,55893,0,187371
SP-02079,ok,goals+,0,0,0,20582,585429
SP-02080,ok,goals+,0,0,0,11729,98418
SP-02081,ok,reserve,16621,0,0,0,0
SP-02082,ok,reserve,8933,0,0,0,0
SP-02083,ok,reserve,19407,0,12937,0,0
SP-02084,ok,reserve,7208,0,0,0,0
SP-02085,ok,debt,0,2310,0,0,46722
SP-02086,ok,goals+,0,0,226,0,51823
SP-02087,ok,reserve,23319,0,0,0,0
SP-02088,deficit,none,0,0,0,0,0
SP-02089,ok,reserve,464,0,309,0,0
SP-02090,ok,reserve,12237,0,0,0,0
SP-02091,ok,reserve,16176,0,0,0,0
SP-02092,deficit,none,0,0,0,0,0
SP-02093,ok,reserve,2702,0,0,0,0
SP-02094,deficit,none,0,0,0,0,0
SP-02095,ok,debt,0,9776,0,0,21068
SP-02096,ok,goals+,11929,17893,19881,0,0
SP-02097,ok,reserve,231254148,0,154169432,0,0
SP-02098,ok,reserve,7010,0,0,0,0
SP-02099,ok,debt,0,9079,0,0,61676
SP-02100,deficit,none,0,0,0,0,0
SP-02101,deficit,none,0,0,0,0,0
SP-02102,ok,goals+,7818,11727,13029,0,0
SP-02103,ok,goals+,0,0,21806,21722,61005
SP-02104,ok,reserve,15476,0,0,0,0
SP-02105,ok,reserve,5639,0,0,0,0
SP-02106,deficit,none,0,0,0,0,0
SP-02107,ok,reserve,39451,0,5253,0,0
SP-02108,ok,reserve,12127,0,0,0,0
SP-02109,ok,reserve,3436,0,0,0,0
SP-02110,ok,goals+,14874,0,50200,0,0
SP-02111,ok,reserve,2662,0,0,0,0
SP-02112,ok,reserve,4806,0,3204,0,0
SP-02113,ok,goals+,0,0,9803,0,0
SP-02114,deficit,none,0,0,0,0,0
SP-02115,deficit,none,0,0,0,0,0
SP-02116,ok,reserve,29268,0,0,0,0
SP-02117,ok,reserve,946,0,630,0,0
SP-02118,ok,goals+,0,0,0,19884,11366
SP-02119,ok,reserve,23982,0,0,0,0
SP-02120,deficit,none,0,0,0,0,0
SP-02121,ok,goals+,0,0,0,16320,1352016
SP-02122,ok,goals+,7343,0,11350,0,0
SP-02123,deficit,none,0,0,0,0,0
SP-02124,ok,reserve,2819,0,0,0,0
SP-02125,ok,debt,0,13001,0,0,392537
SP-02126,ok,reserve,13249,0,0,0,0
SP-02127,ok,goals+,2136,3203,3558,0,0
SP-02128,ok,goals+,0,0,0,10487,19650
SP-02129,ok,goals+,3403,5104,5670,0,0
SP-02130,deficit,none,0,0,0,0,0
SP-02131,ok,reserve,25064,0,16708,0,0
SP-02132,ok,reserve,17831,0,3244,0,0
SP-02133,ok,reserve,16412,0,0,0,0
SP-02134,ok,goals+,0,0,15964,0,38443
SP-02135,ok,goals+,8028,12042,13380,0,0
SP-02136,deficit,none,0,0,0,0,0
SP-02137,ok,goals+,4570,6853,7615,0,0
SP-02138,ok,goals+,0,0,18402,0,95008
SP-02139,ok,reserve,148271306,0,98847537,0,0
SP-02140,ok,reserve,23568,0,0,0,0
SP-02141,ok,goals+,0,0,10795,0,23780
SP-02142,deficit,none,0,0,0,0,0
SP-02143,deficit,none,0,0,0,0,0
SP-02144,ok,debt,0,30909,0,0,16459
SP-02145,ok,goals+,0,0,54199,34762,77819
SP-02146,ok,reserve,5351,0,0,0,0
SP-02147,ok,debt,2625,8298,0,2908,0
SP-02148,deficit,none,0,0,0,0,0
SP-02149,ok,debt,0,4161,0,0,42421
SP-02150,ok,reserve,33129,0,22086,0,0
SP-02151,deficit,none,0,0,0,0,0
SP-02152,ok,reserve,15909,542,0,0,0
SP-02153,ok,goals+,0,0,602,7703,67256
SP-02154,ok,reserve,6664,0,0,0,0
SP-02155,ok,debt,0,7275,0,0,39832
SP-02156,deficit,none,0,0,0,0,0
SP-02157,ok,reserve,12293,5680,0,0,0
SP-02158,ok,reserve,13088,0,0,0,0
SP-02159,ok,reserve,6756,0,4503,0,0
SP-02160,ok,reserve,54328,0,0,0,0
SP-02161,ok,reserve,6804,0,0,0,0
SP-02162,ok,debt,0,20388,0,0,11342
SP-02163,ok,goals+,1,0,8027,23460,1291116
SP-02164,ok,reserve,11933,0,7954,0,0
SP-02165,deficit,none,0,0,0,0,0
SP-02166,ok,reserve,6717,0,0,0,0
SP-02167,deficit,none,0,0,0,0,0
SP-02168,ok,debt,0,9342,0,0,53841
SP-02169,ok,reserve,8930,0,0,0,0
SP-02170,ok,reserve,86049,0,21702,0,0
SP-02171,ok,reserve,6601,0,0,0,0
SP-02172,ok,reserve,5201,0,0,0,0
SP-02173,ok,goals+,1266,1899,2109,0,0
SP-02174,ok,reserve,14280,0,3994,0,0
SP-02175,ok,reserve,20751,0,0,0,0
SP-02176,ok,reserve,8392,0,0,0,0
SP-02177,ok,debt,0,11511,0,0,5496
SP-02178,ok,goals+,13,0,37,17,0
SP-02179,deficit,none,0,0,0,0,0
SP-02180,deficit,none,0,0,0,0,0
SP-02181,ok,reserve,61457391,0,40971593,0,0
SP-02182,ok,goals+,0,0,18221,0,0
SP-02183,deficit,none,0,0,0,0,0
SP-02184,deficit,none,0,0,0,0,0
SP-02185,ok,reserve,8846,0,0,0,0
SP-02186,deficit,none,0,0,0,0,0
SP-02187,ok,goals+,0,0,17826,34446,0
SP-02188,deficit,none,0,0,0,0,0
SP-02189,ok,debt,0,15555,0,0,12291
SP-02190,deficit,none,0,0,0,0,0
SP-02191,ok,reserve,3432,0,2288,0,0
SP-02192,ok,reserve,6470,0,0,0,0
SP-02193,deficit,none,0,0,0,0,0
SP-02194,ok,debt,0,18872,0,0,342525
SP-02195,ok,debt,915,1372,0,0,0
SP-02196,ok,reserve,20552,0,0,0,0
SP-02197,ok,debt,0,17078,0,0,39158
SP-02198,ok,goals+,0,0,1468,0,134453
SP-02199,ok,goals+,18654,0,0,19248,0
SP-02200,ok,reserve,27126,0,1695,0,0
SP-02201,ok,reserve,13198,0,0,0,0
SP-02202,ok,goals+,0,0,0,21391,0
SP-02203,ok,debt,0,12042,0,0,19295
SP-02204,deficit,none,0,0,0,0,0
SP-02205,ok,goals+,0,0,9028,7791,704435
SP-02206,ok,reserve,12422,0,8281,0,0
SP-02207,ok,reserve,8565,0,5709,0,0
SP-02208,ok,reserve,13151,0,0,0,0
SP-02209,deficit,none,0,0,0,0,0
SP-02210,ok,reserve,7034,0,0,0,0
SP-02211,ok,reserve,5642,0,0,0,0
SP-02212,ok,reserve,8160,0,0,0,0
SP-02213,ok,reserve,22898,0,12548,0,0
SP-02214,ok,reserve,6096,0,4064,0,0
SP-02215,ok,reserve,9061,0,6040,0,0
SP-02216,ok,goals+,0,0,13040,0,0
SP-02217,ok,reserve,3952,0,0,0,0
SP-02218,ok,goals+,1290,1934,2148,0,0
SP-02219,ok,reserve,31894,0,0,0,0
SP-02220,ok,goals+,0,0,32,23,0
SP-02221,ok,debt,4265,6396,1057,0,0
SP-02222,ok,reserve,17898,0,0,0,0
SP-02223,ok,reserve,131893154,0,87928769,0,0
SP-02224,ok,reserve,6620,0,4413,0,0
SP-02225,ok,reserve,18688,0,0,0,0
SP-02226,deficit,none,0,0,0,0,0
SP-02227,ok,debt,0,20940,0,0,93600
SP-02228,ok,reserve,6601,0,0,0,0
SP-02229,ok,goals+,0,0,0,59428,15089
SP-02230,ok,reserve,34786,0,0,0,0
SP-02231,ok,reserve,6564,0,4375,0,0
SP-02232,deficit,none,0,0,0,0,0
SP-02233,ok,reserve,10203,0,0,0,0
SP-02234,ok,reserve,7811,0,0,0,0
SP-02235,deficit,none,0,0,0,0,0
SP-02236,ok,debt,5761,8640,0,0,0
SP-02237,ok,goals+,1868,0,24916,0,0
SP-02238,ok,reserve,6074,0,0,0,0
SP-02239,ok,goals+,0,0,19548,0,203163
SP-02240,ok,debt,0,13366,0,0,212724
SP-02241,ok,debt,11530,17295,0,0,0
SP-02242,ok,reserve,8642,0,0,0,0
SP-02243,ok,debt,9971,14956,0,0,0
SP-02244,ok,goals+,0,0,0,2303,141426
SP-02245,ok,reserve,49435,0,16789,0,0
SP-02246,ok,reserve,6780,0,4519,0,0
SP-02247,ok,goals+,0,0,0,10590,551927
SP-02248,deficit,none,0,0,0,0,0
SP-02249,ok,reserve,5175,0,0,0,0
SP-02250,ok,goals+,0,9532,16945,0,100508
SP-02251,ok,goals+,111,165,183,0,137368
SP-02252,ok,reserve,77262,0,6297,0,0
SP-02253,ok,debt,0,16632,0,0,81325
SP-02254,ok,reserve,35082,0,12347,0,0
SP-02255,ok,debt,0,12675,0,0,105761
SP-02256,ok,reserve,16927,0,0,0,0
SP-02257,ok,debt,0,17919,0,0,761
SP-02258,ok,reserve,9740,0,0,0,0
SP-02259,ok,reserve,13015,0,0,0,0
SP-02260,ok,reserve,17468,0,12978,0,0
SP-02261,ok,reserve,23367,0,0,0,0
SP-02262,ok,reserve,27,0,17,0,0
SP-02263,ok,goals+,807,1209,1344,0,0
SP-02264,ok,reserve,3126,1511,1678,0,0
SP-02265,ok,debt,111132506,218485106,185220840,0,1880133432
SP-02266,deficit,none,0,0,0,0,0
SP-02267,ok,reserve,10164,0,6776,0,0
SP-02268,deficit,none,0,0,0,0,0
SP-02269,ok,reserve,15766,0,0,0,0
SP-02270,ok,reserve,3158,0,0,0,0
SP-02271,ok,goals+,0,0,79117,0,149461
SP-02272,ok,goals+,0,0,0,41094,48450
SP-02273,ok,goals+,0,0,26351,0,86197
SP-02274,deficit,none,0,0,0,0,0
SP-02275,ok,reserve,23229,0,4986,0,0
SP-02276,ok,reserve,30490,0,0,0,0
SP-02277,deficit,none,0,0,0,0,0
SP-02278,ok,reserve,2232,0,0,0,0
SP-02279,deficit,none,0,0,0,0,0
SP-02280,ok,reserve,32464,0,0,0,0
SP-02281,ok,reserve,3999,0,0,0,0
SP-02282,deficit,none,0,0,0,0,0
SP-02283,ok,reserve,12874,1112,0,0,0
SP-02284,ok,goals+,0,0,17558,0,87142
SP-02285,ok,reserve,2397,0,0,0,0
SP-02286,ok,debt,0,12204,0,0,23655
SP-02287,deficit,none,0,0,0,0,0
SP-02288,ok,reserve,41504,0,0,0,0
SP-02289,ok,goals+,0,0,0,24785,2812066
SP-02290,ok,reserve,5595,0,0,0,0
SP-02291,ok,reserve,12633,0,0,0,0
SP-02292,ok,debt,0,42,0,0,125893
SP-02293,ok,reserve,9294,0,0,0,0
SP-02294,ok,debt,0,6074,0,0,67167
SP-02295,ok,reserve,3583,0,2388,0,0
SP-02296,ok,reserve,14535,0,0,0,0
SP-02297,ok,debt,1,7804,0,0,39362
SP-02298,ok,reserve,14072,0,0,0,0
SP-02299,ok,reserve,6737,0,0,0,0
SP-02300,ok,reserve,16714,0,0,0,0
SP-02301,ok,reserve,12173,0,0,0,0
SP-02302,ok,reserve,5741,0,3827,0,0
SP-02303,ok,reserve,29064,0,0,0,0
SP-02304,ok,goals+,0,0,66,0,0
SP-02305,ok,reserve,11216,0,7477,0,0
SP-02306,ok,debt,0,11772,0,0,5859
SP-02307,deficit,none,0,0,0,0,0
SP-02308,ok,reserve,1796,0,0,0,0
SP-02309,ok,reserve,14350,0,0,0,0
SP-02310,deficit,none,0,0,0,0,0
SP-02311,ok,reserve,365,0,0,0,0
SP-02312,ok,debt,0,14320,0,9548,118279
SP-02313,ok,reserve,26376,0,17583,0,0
SP-02314,ok,reserve,11996,0,6492,0,0
SP-02315,deficit,none,0,0,0,0,0
SP-02316,deficit,none,0,0,0,0,0
SP-02317,ok,goals+,5488,0,0,48659,0
SP-02318,ok,reserve,23880,0,0,0,0
SP-02319,deficit,none,0,0,0,0,0
SP-02320,ok,debt,0,3845,0,0,6296
SP-02321,ok,reserve,28776,0,19184,0,0
SP-02322,deficit,none,0,0,0,0,0
SP-02323,ok,debt,0,11113,0,0,267710
SP-02324,ok,goals+,0,0,30607,0,0
SP-02325,deficit,none,0,0,0,0,0
SP-02326,ok,reserve,6995,0,4662,0,0
SP-02327,ok,reserve,6115,0,0,0,0
SP-02328,ok,goals+,0,0,0,18508,128645
SP-02329,ok,reserve,7679,0,0,0,0
SP-02330,deficit,none,0,0,0,0,0
SP-02331,ok,goals+,1,0,0,23351,2605217
SP-02332,ok,reserve,11866,0,0,0,0
SP-02333,ok,reserve,6858,0,0,0,0
SP-02334,ok,debt,0,16699,0,0,124972
SP-02335,ok,goals+,1659,2487,2764,0,0
SP-02336,ok,reserve,19626,0,13084,0,0
SP-02337,ok,reserve,10139,0,0,0,0
SP-02338,ok,debt,0,6342,0,0,147975
SP-02339,ok,goals+,0,0,6776,0,221038
SP-02340,deficit,none,0,0,0,0,0
SP-02341,ok,reserve,2207,0,1470,0,0
SP-02342,ok,debt,0,13437,0,0,92907
SP-02343,ok,reserve,39385,0,26256,0,0
SP-02344,ok,goals+,0,0,0,50647,646146
SP-02345,ok,reserve,38890,0,2259,0,0
SP-02346,deficit,none,0,0,0,0,0
SP-02347,ok,debt,1,14622,0,0,35809
SP-02348,ok,debt,3622,16724,1969,0,184366
SP-02349,deficit,none,0,0,0,0,0
SP-02350,ok,reserve,18661,0,0,0,0
SP-02351,ok,reserve,25863,0,0,0,0
SP-02352,deficit,none,0,0,0,0,0
SP-02353,ok,debt,0,10224,0,6816,14025
SP-02354,ok,reserve,5047,0,0,0,0
SP-02355,ok,reserve,14825,0,0,0,0
SP-02356,ok,reserve,32859,0,0,0,0
SP-02357,ok,goals+,0,0,5123,0,72824
SP-02358,deficit,none,0,0,0,0,0
SP-02359,ok,reserve,4359,0,2906,0,0
SP-02360,ok,reserve,11820,0,0,0,0
SP-02361,deficit,none,0,0,0,0,0
SP-02362,ok,reserve,16995,0,11329,0,0
SP-02363,ok,reserve,18274,7796,0,0,0
SP-02364,ok,reserve,47048,0,0,0,0
SP-02365,ok,reserve,5913,0,3941,0,0
SP-02366,ok,debt,0,4884,0,0,154835
SP-02367,ok,reserve,23156,0,0,0,0
SP-02368,ok,reserve,1271,0,0,0,0
SP-02369,deficit,none,0,0,0,0,0
SP-02370,ok,goals+,0,0,0,41739,124566
SP-02371,ok,goals+,7516,11272,12525,0,0
SP-02372,ok,goals+,6739,0,10752,1152,0
SP-02373,ok,goals+,1,0,0,80173,2511314
SP-02374,deficit,none,0,0,0,0,0
SP-02375,ok,goals+,0,0,21850,0,145928
SP-02376,ok,reserve,36824,0,7,0,0
SP-02377,ok,reserve,17548,0,11698,0,0
SP-02378,ok,debt,0,31010,0,0,34202
SP-02379,ok,reserve,11734,0,0,0,0
SP-02380,ok,goals+,0,0,10100,1403,154662
SP-02381,ok,reserve,28455,0,0,0,0
SP-02382,deficit,none,0,0,0,0,0
SP-02383,ok,reserve,18284,13634,0,0,0
SP-02384,ok,reserve,10574,0,0,0,0
SP-02385,ok,goals+,219,327,364,0,0
SP-02386,ok,reserve,47069,0,11359,0,0
SP-02387,deficit,none,0,0,0,0,0
SP-02388,ok,reserve,59,0,10,41,0
SP-02389,ok,reserve,28993,0,0,0,0
SP-02390,ok,goals+,0,0,4440,354,211172
SP-02391,ok,reserve,39827393,0,26551595,0,0
SP-02392,ok,reserve,4894,0,0,0,0
SP-02393,ok,goals+,0,0,11204,7729,11250
SP-02394,deficit,none,0,0,0,0,0
SP-02395,ok,reserve,22593,0,0,0,0
SP-02396,ok,reserve,6078,0,0,0,0
SP-02397,ok,goals+,0,0,19151,19421,205118
SP-02398,ok,reserve,8592,0,0,0,0
SP-02399,ok,goals+,1338,2006,2229,0,0
SP-02400,deficit,none,0,0,0,0,0
SP-02401,ok,reserve,9238,0,0,0,0
SP-02402,ok,debt,1,4448,0,0,68169
SP-02403,ok,reserve,7751,0,0,0,0
SP-02404,ok,reserve,12467,0,0,0,0
SP-02405,ok,reserve,26477,0,15881,0,0
SP-02406,deficit,none,0,0,0,0,0
SP-02407,ok,reserve,13348,0,8836,0,0
SP-02408,deficit,none,0,0,0,0,0
SP-02409,ok,reserve,27112,0,0,0,0
SP-02410,ok,reserve,53464,0,0,0,0
SP-02411,ok,goals+,0,0,0,11558,129035
SP-02412,deficit,none,0,0,0,0,0
SP-02413,ok,reserve,39180,0,0,0,0
SP-02414,ok,goals+,2120,3178,3532,0,0
SP-02415,ok,goals+,0,0,0,14183,1867519
SP-02416,ok,debt,0,8797,0,0,4503
SP-02417,ok,reserve,4254,0,0,0,0
SP-02418,ok,reserve,14213,0,5518,0,0
SP-02419,ok,reserve,5364,0,0,0,0
SP-02420,ok,reserve,9344,0,6229,0,0
SP-02421,ok,reserve,15144,0,0,0,0
SP-02422,ok,goals+,0,0,14695,0,183618
SP-02423,ok,goals+,0,0,2277,19818,76097
SP-02424,ok,reserve,9346,0,0,0,0
SP-02425,ok,debt,0,27220,0,0,152562
SP-02426,ok,reserve,33778,803,892,0,0
SP-02427,deficit,none,0,0,0,0,0
SP-02428,ok,reserve,2683,0,1788,0,0
SP-02429,ok,reserve,50001,0,33333,0,0
SP-02430,ok,reserve,24,0,16,0,0
SP-02431,deficit,none,0,0,0,0,62544
SP-02432,deficit,none,0,0,0,0,689339
SP-02433,ok,reserve,259738100,0,173158732,0,0
SP-02434,ok,reserve,6522,0,0,0,0
SP-02435,ok,reserve,27816,0,18543,0,0
SP-02436,deficit,none,0,0,0,0,0
SP-02437,ok,reserve,460,0,0,0,0
SP-02438,ok,reserve,31614,0,0,0,0
SP-02439,ok,goals+,0,0,3155,28844,28311
SP-02440,ok,reserve,57424,0,0,0,0
SP-02441,ok,reserve,4314,0,1963,0,0
SP-02442,deficit,none,0,0,0,0,0
SP-02443,ok,reserve,12995,0,0,0,0
SP-02444,ok,reserve,12792,0,0,0,0
SP-02445,deficit,none,0,0,0,0,0
SP-02446,ok,reserve,17640,0,0,0,0
SP-02447,ok,goals+,0,0,27827,23684,147831
SP-02448,deficit,none,0,0,0,0,0
SP-02449,deficit,none,0,0,0,0,0
SP-02450,ok,reserve,28202,0,8536,0,0
SP-02451,ok,reserve,6932,0,0,0,0
SP-02452,ok,debt,0,3510,0,0,4205
SP-02453,ok,reserve,28085,0,0,0,0
SP-02454,ok,reserve,28822,0,0,0,0
SP-02455,ok,goals+,0,0,23843,0,503419
SP-02456,deficit,none,0,0,0,0,0
SP-02457,ok,goals+,1,0,3321,20024,566290
SP-02458,ok,goals+,3281,0,12899,21957,0
SP-02459,ok,reserve,41039,0,0,0,0
SP-02460,ok,reserve,1291,0,410,0,0
SP-02461,ok,reserve,4463,1889,0,0,0
SP-02462,ok,reserve,18025,0,2867,0,0
SP-02463,ok,debt,0,3233,0,0,126646
SP-02464,ok,reserve,13300,0,8866,0,0
SP-02465,ok,reserve,2506,1615,1794,0,0
SP-02466,ok,reserve,24133,0,16088,0,0
SP-02467,deficit,none,0,0,0,0,0
SP-02468,ok,reserve,11095,0,0,0,0
SP-02469,ok,reserve,494,0,0,0,0
SP-02470,ok,reserve,14918,0,6318,0,0
SP-02471,ok,reserve,5163,0,0,0,0
SP-02472,ok,reserve,151,0,54,25,0
SP-02473,ok,reserve,12777,0,0,0,0
SP-02474,ok,reserve,12713,0,0,0,0
SP-02475,ok,reserve,36037881,0,0,0,0
SP-02476,ok,reserve,5190,0,3459,0,0
SP-02477,ok,goals+,2508,3762,4179,0,0
SP-02478,deficit,none,0,0,0,0,0
SP-02479,ok,debt,1,18049,0,0,344435
SP-02480,ok,reserve,13950,0,0,0,0
SP-02481,ok,goals+,0,27568,42015,0,284782
SP-02482,ok,reserve,1947,0,0,0,0
SP-02483,ok,reserve,42290,0,16868,0,0
SP-02484,deficit,none,0,0,0,0,0
SP-02485,ok,reserve,7297,0,0,0,0
SP-02486,ok,reserve,7096,0,4730,0,0
SP-02487,deficit,none,0,0,0,0,0
SP-02488,ok,goals+,0,0,0,43246,44887
SP-02489,ok,debt,0,9456,0,0,205029
SP-02490,ok,reserve,389,0,0,0,0
SP-02491,ok,reserve,17217,0,11478,0,0
SP-02492,ok,reserve,7424,0,4948,0,0
SP-02493,ok,debt,0,61982,0,0,18536
SP-02494,deficit,none,0,0,0,0,0
SP-02495,ok,reserve,7400,0,0,0,0
SP-02496,ok,goals+,1,0,0,17183,571004
SP-02497,ok,reserve,16530,0,0,0,0
SP-02498,ok,reserve,17275,0,0,0,0
SP-02499,ok,reserve,21644,0,0,0,512858
SP-02500,ok,reserve,2041,0,0,0,0
SP-02501,ok,debt,0,39084,0,0,102161
SP-02502,ok,debt,0,5416,0,0,135566
SP-02503,ok,goals+,0,0,0,41815,130479
SP-02504,ok,reserve,2780,0,1852,0,0
SP-02505,ok,reserve,12270,0,0,0,0
SP-02506,ok,goals+,0,0,32817,0,107251
SP-02507,ok,reserve,15295,0,10196,0,0
SP-02508,ok,reserve,16044,0,0,0,0
SP-02509,ok,reserve,14408,0,0,0,0
SP-02510,deficit,none,0,0,0,0,0
SP-02511,ok,reserve,22210,0,14806,0,0
SP-02512,ok,goals+,0,0,0,45010,16499
SP-02513,ok,reserve,6440,0,4293,0,0
SP-02514,ok,reserve,14,0,0,0,0
SP-02515,ok,goals+,0,0,0,7098,36314
SP-02516,ok,reserve,10816,0,349,0,0
SP-02517,ok,debt,0,93553317,0,0,2200664324
SP-02518,ok,reserve,14406,3016,0,0,0
SP-02519,ok,reserve,59459,0,0,0,0
SP-02520,deficit,none,0,0,0,0,0
SP-02521,ok,reserve,20928,0,7467,0,0
SP-02522,ok,reserve,22187,0,14791,0,0
SP-02523,ok,debt,0,36605,0,0,15118
SP-02524,ok,reserve,15734,0,0,0,0
SP-02525,ok,debt,0,18049,0,0,40145
SP-02526,deficit,none,0,0,0,0,0
SP-02527,ok,debt,1486,2227,0,0,17815
SP-02528,ok,reserve,3257,313,0,0,0
SP-02529,ok,reserve,364,0,0,0,0
SP-02530,ok,reserve,7690,0,0,0,0
SP-02531,ok,reserve,16245,0,10829,0,0
SP-02532,deficit,none,0,0,0,0,0
SP-02533,ok,reserve,20925,0,0,0,0
SP-02534,ok,debt,12480,18718,0,0,0
SP-02535,ok,reserve,9426,0,0,0,0
SP-02536,ok,reserve,4020,0,0,0,0
SP-02537,ok,debt,2434,3650,0,0,0
SP-02538,ok,debt,6250,12942,0,0,0
SP-02539,ok,reserve,17205,0,11469,0,0
SP-02540,ok,goals+,0,0,2306,0,0
SP-02541,ok,goals+,1,0,0,1841,3054134
SP-02542,ok,goals+,0,0,26028,0,19652
SP-02543,deficit,none,0,0,0,0,0
SP-02544,deficit,none,0,0,0,0,0
SP-02545,deficit,none,0,0,0,0,0
SP-02546,ok,reserve,10122,0,6747,0,0
SP-02547,ok,reserve,2496,0,0,0,0
SP-02548,ok,reserve,18771,0,0,0,0
SP-02549,ok,reserve,30175,4850,0,0,0
SP-02550,deficit,none,0,0,0,0,0
SP-02551,ok,reserve,12537,0,0,0,0
SP-02552,ok,reserve,25466,0,0,0,0
SP-02553,ok,goals+,0,0,18232,0,69126
SP-02554,ok,reserve,5413,0,0,0,0
SP-02555,ok,reserve,11187,0,7458,0,0
SP-02556,ok,goals+,45,0,42,58,0
SP-02557,ok,debt,0,16764,0,0,97779
SP-02558,ok,reserve,31863,0,0,0,0
SP-02559,ok,reserve,595740087,0,0,0,0
SP-02560,ok,reserve,12840,0,5752,0,0
SP-02561,ok,goals+,1738,2606,2896,0,0
SP-02562,deficit,none,0,0,0,0,0
SP-02563,ok,reserve,11403,0,7601,0,0
SP-02564,ok,debt,0,41211,0,0,61179
SP-02565,ok,goals+,0,0,27393,87524,62355
SP-02566,ok,reserve,34130,0,0,0,0
SP-02567,ok,reserve,9659,0,0,0,0
SP-02568,deficit,none,0,0,0,0,0
SP-02569,ok,reserve,7909,0,0,0,0
SP-02570,ok,debt,0,7269,0,0,14551
SP-02571,deficit,none,0,0,0,0,0
SP-02572,ok,reserve,25237,0,0,0,0
SP-02573,deficit,none,0,0,0,0,0
SP-02574,ok,reserve,24121,0,0,0,0
SP-02575,ok,goals+,524,785,872,0,0
SP-02576,ok,reserve,12998,0,0,0,0
SP-02577,ok,reserve,25417,0,0,0,0
SP-02578,ok,debt,0,7014,0,0,19966
SP-02579,ok,goals+,0,0,86865,0,187557
SP-02580,ok,debt,1,1398,0,0,90749
SP-02581,ok,debt,1,16149,0,0,268717
SP-02582,ok,reserve,6018,0,0,0,0
SP-02583,ok,goals+,0,0,0,13196,1571484
SP-02584,deficit,none,0,0,0,0,0
SP-02585,ok,reserve,26675,0,17782,0,0
SP-02586,ok,reserve,121,0,80,0,0
SP-02587,ok,goals+,0,0,0,15402,66289
SP-02588,ok,reserve,5541,0,0,0,0
SP-02589,ok,reserve,10830,0,7219,0,0
SP-02590,ok,goals+,0,0,0,33042,10284
SP-02591,ok,goals+,0,0,48690,0,149267
SP-02592,ok,reserve,9057,0,6037,0,0
SP-02593,ok,debt,2038,3055,0,0,0
SP-02594,ok,debt,4791,7185,0,0,0
SP-02595,ok,reserve,17439,0,11625,0,0
SP-02596,deficit,none,0,0,0,0,0
SP-02597,ok,reserve,40186,0,0,0,0
SP-02598,ok,reserve,11,0,7,0,0
SP-02599,ok,reserve,20483,0,9424,0,0
SP-02600,ok,reserve,3070,1215,0,0,0
SP-02601,ok,reserve,1532319321,0,0,0,0
SP-02602,deficit,none,0,0,0,0,0
SP-02603,ok,reserve,1080,0,0,0,0
SP-02604,deficit,none,0,0,0,0,0
SP-02605,ok,debt,0,19443,0,0,75108
SP-02606,ok,debt,14215,21321,0,0,0
SP-02607,ok,reserve,18307,13951,0,0,0
SP-02608,ok,reserve,7570,0,5046,0,0
SP-02609,ok,reserve,4421,0,2946,0,0
SP-02610,deficit,none,0,0,0,0,0
SP-02611,ok,reserve,11585,0,0,0,0
SP-02612,ok,reserve,10866,0,7244,0,0
SP-02613,deficit,none,0,0,0,0,0
SP-02614,ok,reserve,16191,0,0,0,0
SP-02615,ok,reserve,9695,0,0,0,0
SP-02616,ok,reserve,22499,0,6552,0,0
SP-02617,ok,debt,0,23583,0,0,17623
SP-02618,ok,goals+,0,0,21145,18073,162988
SP-02619,ok,debt,1157,1734,0,0,0
SP-02620,ok,reserve,47377,0,0,0,0
SP-02621,ok,reserve,8396,0,5597,0,0
SP-02622,ok,reserve,12132,0,0,0,0
SP-02623,ok,reserve,3286,0,0,0,0
SP-02624,ok,reserve,8820,0,5879,0,0
SP-02625,deficit,none,0,0,0,0,0
SP-02626,ok,reserve,5770,0,3846,0,0
SP-02627,ok,reserve,36491,0,0,0,0
SP-02628,ok,reserve,55709,0,37139,0,0
SP-02629,ok,reserve,27781,0,16785,0,0
SP-02630,ok,goals+,0,0,4832,0,30387
SP-02631,ok,debt,0,6159,0,0,83857
SP-02632,ok,reserve,15473,0,0,0,0
SP-02633,ok,reserve,63,0,0,0,0
SP-02634,deficit,none,0,0,0,0,0
SP-02635,ok,debt,0,5990,0,0,234544
SP-02636,ok,reserve,5086,0,0,0,0
SP-02637,ok,goals+,3979,5968,6631,0,0
SP-02638,ok,debt,0,47270,0,0,40772
SP-02639,ok,reserve,54205,0,36136,0,0
SP-02640,ok,reserve,33,0,22,0,0
SP-02641,deficit,none,0,0,0,0,293575
SP-02642,ok,reserve,17189,0,11459,0,0
SP-02643,ok,goals+,0,0,8001419,126613040,5872658841
SP-02644,ok,goals+,932,1396,1551,0,29073
SP-02645,ok,reserve,20037,1111,0,0,0
SP-02646,deficit,none,0,0,0,0,0
SP-02647,ok,reserve,18270,0,0,0,0
SP-02648,ok,reserve,1838,0,0,0,0
SP-02649,ok,goals+,0,0,4840,114716,208732
SP-02650,deficit,none,0,0,0,0,0
SP-02651,deficit,none,0,0,0,0,0
SP-02652,deficit,none,0,0,0,0,0
SP-02653,ok,reserve,16424,0,5434,0,0
SP-02654,ok,reserve,32911,0,0,0,0
SP-02655,ok,reserve,3006,0,948,0,0
SP-02656,deficit,none,0,0,0,0,0
SP-02657,ok,reserve,17571,0,0,0,0
SP-02658,ok,reserve,7604,0,5068,0,0
SP-02659,ok,reserve,8343,0,5561,0,0
SP-02660,ok,reserve,31335,0,2959,0,0
SP-02661,ok,reserve,29748,0,0,0,0
SP-02662,ok,reserve,17340,0,5031,0,0
SP-02663,ok,reserve,19213,1879,0,0,0
SP-02664,ok,goals+,0,0,0,37776,91695
SP-02665,deficit,none,0,0,0,0,0
SP-02666,ok,reserve,22830,0,0,0,0
SP-02667,ok,goals+,1,0,0,50722,2334739
SP-02668,ok,reserve,7570,0,0,0,0
SP-02669,ok,reserve,19678,0,0,0,0
SP-02670,ok,debt,0,20207,0,0,6294
SP-02671,ok,goals+,0,0,12056,0,197590
SP-02672,ok,goals+,8579,12868,14298,0,0
SP-02673,ok,reserve,17503,0,0,0,0
SP-02674,ok,debt,0,39678,0,0,52426
SP-02675,ok,reserve,10350,0,0,0,0
SP-02676,deficit,none,0,0,0,0,0
SP-02677,deficit,none,0,0,0,0,0
SP-02678,ok,debt,0,20229,0,0,39758
SP-02679,ok,goals+,0,0,17529,0,14806
SP-02680,ok,goals+,3389,5082,5647,0,0
SP-02681,ok,reserve,6615,0,0,0,0
SP-02682,ok,reserve,150,0,9,0,0
SP-02683,ok,reserve,31776,0,0,0,0
SP-02684,ok,reserve,19980,0,3496,0,0
SP-02685,ok,debt,383881810,575822715,0,0,0
SP-02686,ok,reserve,9726,0,6483,0,0
SP-02687,ok,debt,2428,3640,0,0,22524
SP-02688,deficit,none,0,0,0,0,0
SP-02689,deficit,none,0,0,0,0,0
SP-02690,deficit,none,0,0,0,0,90927
SP-02691,ok,debt,0,14361,0,0,8646
SP-02692,ok,reserve,11338,0,0,0,0
SP-02693,ok,reserve,18850,0,12566,0,0
SP-02694,deficit,none,0,0,0,0,0
SP-02695,ok,reserve,6352,0,0,0,0
SP-02696,ok,reserve,3896,0,0,0,0
SP-02697,deficit,none,0,0,0,0,0
SP-02698,ok,reserve,14158,0,4434,0,0
SP-02699,ok,debt,0,12002,0,0,38440
SP-02700,ok,goals+,0,0,4819,0,109854
SP-02701,ok,reserve,20098,0,13398,0,0
SP-02702,ok,reserve,6460,0,0,0,0
SP-02703,ok,reserve,7707,0,0,0,0
SP-02704,ok,goals+,0,0,24604,623,144612
SP-02705,ok,reserve,9935,0,0,0,0
SP-02706,ok,reserve,22954,0,0,0,0
SP-02707,deficit,none,0,0,0,0,0
SP-02708,ok,debt,0,17384,0,0,57398
SP-02709,ok,goals+,1,0,4528,32899,1100301
SP-02710,ok,reserve,1396,0,0,0,0
SP-02711,ok,reserve,67,0,44,0,0
SP-02712,ok,reserve,7725,0,5150,0,0
SP-02713,ok,reserve,17115,0,0,0,0
SP-02714,deficit,none,0,0,0,0,0
SP-02715,ok,debt,0,6542,0,0,21826
SP-02716,ok,reserve,8415,0,0,0,0
SP-02717,ok,reserve,15056,0,1527,0,0
SP-02718,ok,reserve,3325,0,0,0,0
SP-02719,ok,reserve,1817,0,0,0,0
SP-02720,ok,reserve,46748,0,30987,0,0
SP-02721,ok,reserve,41907,0,11642,0,0
SP-02722,ok,reserve,32620,0,10251,0,0
SP-02723,ok,goals+,0,0,17553,0,72752
SP-02724,ok,reserve,203,0,48,0,0
SP-02725,ok,goals+,934,1400,1556,0,0
SP-02726,ok,reserve,5390,0,3592,0,72905
SP-02727,ok,reserve,753632402,0,0,0,0
SP-02728,ok,reserve,11268,0,1278,0,0
SP-02729,deficit,none,0,0,0,0,0
SP-02730,deficit,none,0,0,0,0,0
SP-02731,ok,reserve,4510,0,3006,0,0
SP-02732,ok,reserve,9828,0,6552,0,0
SP-02733,ok,goals+,0,0,0,144779,926264
SP-02734,ok,debt,0,15379,0,0,36783
SP-02735,ok,debt,0,44334,0,0,69729
SP-02736,deficit,none,0,0,0,0,0
SP-02737,ok,goals+,0,0,6023,0,0
SP-02738,ok,reserve,4565,0,3042,0,0
SP-02739,deficit,none,0,0,0,0,0
SP-02740,deficit,none,0,0,0,0,0
SP-02741,deficit,none,0,0,0,0,0
SP-02742,ok,reserve,414,0,276,0,0
SP-02743,deficit,none,0,0,0,0,0
SP-02744,ok,reserve,34963,0,0,0,0
SP-02745,ok,reserve,17222,0,0,0,0
SP-02746,ok,goals+,0,0,30590,29372,76374
SP-02747,ok,debt,0,4851,0,0,30187
SP-02748,ok,reserve,49007,0,0,0,0
SP-02749,ok,debt,7066,8589,0,0,0
SP-02750,ok,reserve,25782,0,3440,0,0
SP-02751,ok,goals+,0,3088,5490,0,325904
SP-02752,ok,reserve,16513,0,11008,0,0
SP-02753,ok,goals+,0,0,40485,0,75114
SP-02754,ok,reserve,858,0,0,0,0
SP-02755,ok,reserve,77797,0,4969,0,0
SP-02756,ok,goals+,4741,0,23465,0,0
SP-02757,ok,reserve,1955,0,0,0,0
SP-02758,ok,reserve,1961,0,1307,0,0
SP-02759,ok,reserve,5934,0,0,0,0
SP-02760,ok,reserve,6066,0,4044,0,0
SP-02761,ok,reserve,11897,0,0,0,0
SP-02762,ok,reserve,16120,0,0,0,0
SP-02763,deficit,none,0,0,0,0,0
SP-02764,ok,reserve,8821,0,5880,0,0
SP-02765,ok,goals+,0,12347,21951,0,319656
SP-02766,ok,reserve,75,0,18,0,0
SP-02767,ok,reserve,29835,0,19889,0,0
SP-02768,ok,reserve,28570,0,1348,0,0
SP-02769,ok,reserve,346916369,0,0,0,0
SP-02770,ok,goals+,3701,5550,6167,0,0
SP-02771,ok,reserve,42862,0,0,0,0
SP-02772,deficit,none,0,0,0,0,0
SP-02773,ok,reserve,15928,0,0,0,0
SP-02774,ok,reserve,8138,547,607,0,0
SP-02775,ok,debt,0,53799,0,0,6141
SP-02776,ok,reserve,23967,0,0,0,0
SP-02777,ok,debt,1881,2820,0,0,0
SP-02778,deficit,none,0,0,0,0,0
SP-02779,ok,debt,0,9653,0,0,15355
SP-02780,ok,debt,0,10063,0,0,29728
SP-02781,deficit,none,0,0,0,0,0
SP-02782,ok,goals+,0,0,0,19425,94719
SP-02783,ok,goals+,6412,9616,10685,0,0
SP-02784,ok,reserve,35469,0,17008,0,0
SP-02785,deficit,none,0,0,0,0,0
SP-02786,ok,debt,0,2569,0,0,37392
SP-02787,ok,reserve,2477,0,0,0,0
SP-02788,ok,reserve,40031,0,0,0,0
SP-02789,ok,reserve,7347,0,0,0,0
SP-02790,ok,reserve,16151,0,0,0,0
SP-02791,ok,debt,1461,10015,0,0,43256
SP-02792,ok,goals+,0,0,5375,42328,101709
SP-02793,ok,goals+,0,9051,16091,0,581660
SP-02794,ok,debt,0,712,0,0,177055
SP-02795,deficit,none,0,0,0,0,0
SP-02796,ok,goals+,2542,4837,6058,0,0
SP-02797,ok,debt,6454,9681,0,0,0
SP-02798,ok,reserve,13174,0,5090,0,0
SP-02799,ok,goals+,0,0,5572,0,50835
SP-02800,ok,reserve,28816,0,0,0,0
SP-02801,ok,goals+,10462,15693,17436,0,0
SP-02802,ok,reserve,29801,0,3564,0,0
SP-02803,ok,reserve,5805,0,0,0,0
SP-02804,ok,reserve,5574,0,0,0,0
SP-02805,ok,reserve,15361,0,2991,0,0
SP-02806,ok,goals+,0,0,0,54498,178322
SP-02807,ok,goals+,0,0,7691,0,0
SP-02808,ok,reserve,111,0,10,0,0
SP-02809,ok,reserve,48295,0,9242,0,0
SP-02810,ok,reserve,23503,0,9042,0,0
SP-02811,ok,goals+,236630993,354946488,394384986,0,0
SP-02812,ok,reserve,29472,0,0,0,0
SP-02813,ok,reserve,52592,0,0,0,0
SP-02814,deficit,none,0,0,0,0,0
SP-02815,ok,goals+,0,0,15484,0,0
SP-02816,ok,reserve,27485,0,0,0,0
SP-02817,ok,goals+,0,0,18287,46783,226570
SP-02818,ok,reserve,7259,0,0,0,0
SP-02819,ok,goals+,0,0,33596,0,0
SP-02820,deficit,none,0,0,0,0,0
SP-02821,ok,reserve,1710,0,0,0,0
SP-02822,ok,debt,0,6346,0,0,5446
SP-02823,ok,reserve,433,0,0,0,0
SP-02824,ok,reserve,15603,0,0,0,0
SP-02825,ok,reserve,5277,0,0,0,0
SP-02826,ok,reserve,9112,0,6074,0,0
SP-02827,ok,reserve,8017,0,0,0,0
SP-02828,ok,reserve,7378,1351,0,0,0
SP-02829,deficit,none,0,0,0,0,0
SP-02830,ok,reserve,15624,0,10416,0,0
SP-02831,ok,reserve,8,0,5,0,0
SP-02832,deficit,none,0,0,0,0,0
SP-02833,ok,reserve,28186,0,0,0,0
SP-02834,ok,reserve,6990,0,0,0,0
SP-02835,ok,goals+,0,0,11428,32203,1569872
SP-02836,ok,reserve,22802,0,0,0,0
SP-02837,ok,reserve,11912,0,0,0,0
SP-02838,ok,reserve,21268,0,0,0,0
SP-02839,deficit,none,0,0,0,0,0
SP-02840,deficit,none,0,0,0,0,0
SP-02841,ok,reserve,904,0,0,0,0
SP-02842,ok,reserve,4126,0,0,0,0
SP-02843,ok,reserve,3176,0,2117,0,0
SP-02844,ok,reserve,4041,0,2693,0,0
SP-02845,ok,reserve,2967,0,1024,0,0
SP-02846,ok,reserve,21783,0,0,0,0
SP-02847,ok,debt,0,17544,0,0,31313
SP-02848,ok,reserve,67031,0,0,0,0
SP-02849,ok,reserve,25282,0,0,0,0
SP-02850,ok,reserve,78,0,27,0,0
SP-02851,ok,reserve,4095,0,2730,0,0
SP-02852,ok,goals+,7602,11402,12668,0,143294
SP-02853,ok,reserve,219614247,0,146409498,0,0
SP-02854,deficit,none,0,0,0,0,0
SP-02855,ok,reserve,15336,0,8688,0,0
SP-02856,deficit,none,0,0,0,0,0
SP-02857,ok,goals+,0,0,0,1966,53023
SP-02858,ok,debt,0,5630,0,0,79067
SP-02859,ok,debt,13256,19883,14614,0,0
SP-02860,ok,reserve,118893,0,11741,0,0
SP-02861,ok,reserve,15050,0,0,0,0
SP-02862,deficit,none,0,0,0,0,0
SP-02863,deficit,none,0,0,0,0,0
SP-02864,ok,reserve,10396,9264,10294,0,0
SP-02865,deficit,none,0,0,0,0,0
SP-02866,ok,goals+,5074,7609,8454,0,0
SP-02867,deficit,none,0,0,0,0,0
SP-02868,ok,reserve,37730,0,0,0,0
SP-02869,ok,reserve,25985,0,0,0,0
SP-02870,ok,reserve,4001,0,2666,0,0
SP-02871,ok,reserve,1865,0,0,0,0
SP-02872,ok,reserve,52857,0,2871,0,0
SP-02873,ok,debt,0,15687,0,0,52084
SP-02874,ok,reserve,26722,0,0,0,0
SP-02875,ok,reserve,9989,0,6658,0,0
SP-02876,ok,reserve,771,0,514,0,0
SP-02877,ok,goals+,0,0,6330,0,472953
SP-02878,deficit,none,0,0,0,0,0
SP-02879,ok,goals+,6999,0,12258,0,0
SP-02880,ok,goals+,0,0,3473,0,48769
SP-02881,ok,reserve,25589,0,0,0,0
SP-02882,ok,reserve,595,0,0,0,0
SP-02883,ok,reserve,652,0,0,0,0
SP-02884,deficit,none,0,0,0,0,0
SP-02885,ok,reserve,17038,0,11358,0,0
SP-02886,deficit,none,0,0,0,0,0
SP-02887,ok,reserve,15757,0,0,0,0
SP-02888,ok,reserve,4758,0,0,0,0
SP-02889,ok,goals+,0,0,0,53597,137985
SP-02890,ok,debt,1,28863,0,0,577880
SP-02891,ok,reserve,21728,0,0,0,0
SP-02892,ok,goals+,0,0,64,0,0
SP-02893,ok,reserve,6261,0,0,0,0
SP-02894,ok,reserve,30044,0,0,0,0
SP-02895,ok,reserve,1522477411,0,0,0,0
SP-02896,ok,reserve,10876,0,0,0,0
SP-02897,ok,debt,0,18632,0,0,200781
SP-02898,deficit,none,0,0,0,0,0
SP-02899,ok,reserve,1850,0,0,0,0
SP-02900,ok,reserve,992,0,0,0,0
SP-02901,ok,goals+,0,0,43112,0,102583
SP-02902,ok,reserve,36952,0,0,0,0
SP-02903,ok,reserve,65143,0,0,0,0
SP-02904,deficit,none,0,0,0,0,0
SP-02905,deficit,none,0,0,0,0,88061
SP-02906,ok,reserve,17216,0,0,0,0
SP-02907,deficit,none,0,0,0,0,0
SP-02908,ok,reserve,19432,0,0,0,0
SP-02909,ok,goals+,7613,11418,12686,0,183974
SP-02910,ok,goals+,0,0,0,16536,79897
SP-02911,deficit,none,0,0,0,0,0
SP-02912,ok,debt,0,36793,0,0,39895
SP-02913,ok,debt,0,1436,0,0,213889
SP-02914,ok,reserve,58441,0,17785,0,0
SP-02915,ok,reserve,7807,1116,1240,0,0
SP-02916,ok,reserve,1990,0,0,0,0
SP-02917,ok,reserve,12243,0,8161,0,0
SP-02918,deficit,none,0,0,0,0,0
SP-02919,ok,goals+,0,0,1967,0,1132665
SP-02920,ok,reserve,2083,0,0,0,0
SP-02921,ok,debt,0,66270,0,0,164222
SP-02922,ok,reserve,19783,0,12039,0,0
SP-02923,ok,reserve,11576,0,0,0,0
SP-02924,ok,reserve,12697,348,387,0,0
SP-02925,ok,goals+,149,222,247,0,0
SP-02926,ok,goals+,0,0,49358,0,44182
SP-02927,ok,reserve,17199,0,0,0,0
SP-02928,ok,reserve,9190,0,0,0,0
SP-02929,ok,goals+,0,0,17719,0,43191
SP-02930,ok,reserve,27224,16310,0,0,0
SP-02931,ok,reserve,25129,0,16752,0,0
SP-02932,ok,reserve,34111,0,22740,0,0
SP-02933,ok,debt,0,3645,0,0,189282
SP-02934,ok,goals+,0,0,70,158,0
SP-02935,ok,goals+,0,0,0,23572,132017
SP-02936,ok,debt,0,14151,0,0,76571
SP-02937,ok,reserve,1193811225,0,164235792,0,0
SP-02938,ok,reserve,4915,0,0,0,0
SP-02939,ok,reserve,23661,0,0,0,0
SP-02940,deficit,none,0,0,0,0,0
SP-02941,deficit,none,0,0,0,0,0
SP-02942,ok,reserve,4958,0,3305,0,0
SP-02943,ok,debt,2438,43943,0,0,0
SP-02944,ok,reserve,5712,0,3808,0,0
SP-02945,ok,goals+,0,0,0,42069,375264
SP-02946,deficit,none,0,0,0,0,0
SP-02947,ok,reserve,4172,0,2781,0,0
SP-02948,ok,reserve,20479,0,0,0,0
SP-02949,ok,debt,0,684,0,0,40325
SP-02950,deficit,none,0,0,0,0,0
SP-02951,ok,debt,4830,7245,0,0,0
SP-02952,deficit,none,0,0,0,0,0
SP-02953,ok,reserve,32373,0,0,0,0
SP-02954,ok,goals+,5330,7993,8881,0,0
SP-02955,ok,reserve,18312,0,0,0,0
SP-02956,deficit,none,0,0,0,0,0
SP-02957,ok,reserve,9113,0,6074,0,0
SP-02958,ok,reserve,8951,0,0,0,0
SP-02959,ok,reserve,3848,0,2565,0,0
SP-02960,ok,reserve,38739,0,0,0,0
SP-02961,ok,goals+,0,0,12154,5440,1671393
SP-02962,ok,debt,0,5851,0,0,14663
SP-02963,deficit,none,0,0,0,0,0
SP-02964,ok,reserve,7277,0,0,0,0
SP-02965,ok,reserve,22766,0,15176,0,0
SP-02966,ok,debt,0,35171,0,0,8820
SP-02967,ok,debt,0,401,0,0,36082
SP-02968,ok,reserve,12246,62,68,0,0
SP-02969,ok,debt,0,433,0,0,48618
SP-02970,deficit,none,0,0,0,0,0
SP-02971,ok,reserve,30830,0,0,0,0
SP-02972,ok,reserve,26159,0,0,0,0
SP-02973,ok,goals+,0,0,4223,1718,470307
SP-02974,ok,reserve,12336,0,8223,0,0
SP-02975,ok,goals+,0,11449,20356,0,110528
SP-02976,ok,reserve,77,0,0,0,0
SP-02977,ok,debt,0,4076,0,0,55346
SP-02978,ok,goals+,0,0,19312,0,33193
SP-02979,deficit,none,0,0,0,0,0
SP-02980,ok,debt,0,24257,0,0,68438
SP-02981,ok,debt,1481,19306,0,0,0
SP-02982,deficit,none,0,0,0,0,0
SP-02983,ok,reserve,9725,0,0,0,0
SP-02984,ok,reserve,22404,0,14936,0,0
SP-02985,ok,goals+,0,0,45752,0,50404
SP-02986,deficit,none,0,0,0,0,0
SP-02987,ok,debt,0,39113,0,0,13058
SP-02988,deficit,none,0,0,0,0,0
SP-02989,ok,reserve,33294,0,22195,0,0
SP-02990,ok,reserve,28756,0,18190,0,0
SP-02991,deficit,none,0,0,0,0,61139
SP-02992,ok,goals+,0,0,19790,27899,902227
SP-02993,ok,debt,0,36738,0,0,4572
SP-02994,ok,reserve,17725,0,0,0,0
SP-02995,deficit,none,0,0,0,0,0
SP-02996,ok,goals+,0,0,0,7555,836906
SP-02997,ok,reserve,36995,0,0,0,0
SP-02998,ok,debt,3595,5392,0,0,0
SP-02999,ok,reserve,63242,0,0,0,0
SP-03000,ok,reserve,4557,0,0,0,0
SP-03001,ok,debt,0,17384,0,0,14470
SP-03002,ok,reserve,10399,0,0,0,0
SP-03003,ok,goals+,0,0,0,13198,1792458
SP-03004,ok,reserve,58599,0,0,0,0
SP-03005,ok,reserve,19858,0,7326,0,0
SP-03006,ok,debt,1,7190,0,0,144683
SP-03007,ok,reserve,21625,0,14416,0,0
SP-03008,ok,reserve,13161,0,0,0,0
SP-03009,ok,debt,2105,3157,0,0,0
SP-03010,deficit,none,0,0,0,0,0
SP-03011,deficit,none,0,0,0,0,0
SP-03012,ok,reserve,8385,0,0,0,0
SP-03013,ok,reserve,144,0,0,0,0
SP-03014,ok,reserve,78566,0,0,0,0
SP-03015,ok,goals+,0,0,96655,0,60786
SP-03016,ok,goals+,297,445,494,0,0
SP-03017,ok,reserve,7671,0,0,0,0
SP-03018,ok,goals+,0,0,9,0,0
SP-03019,ok,reserve,22102,0,0,0,0
SP-03020,ok,debt,0,9130,0,0,133841
SP-03021,ok,reserve,147388319,0,0,0,0
SP-03022,deficit,none,0,0,0,0,0
SP-03023,ok,goals+,0,0,19497,0,89242
SP-03024,deficit,none,0,0,0,0,0
SP-03025,ok,reserve,55484,0,0,0,0
SP-03026,ok,debt,0,7298,0,0,173470
SP-03027,ok,goals+,0,0,36231,25509,28577
SP-03028,ok,reserve,22001,0,14666,0,0
SP-03029,ok,reserve,8077,0,0,0,0
SP-03030,deficit,none,0,0,0,0,0
SP-03031,ok,reserve,13242,0,0,0,0
SP-03032,ok,reserve,7210,0,0,0,0
SP-03033,deficit,none,0,0,0,0,0
SP-03034,ok,reserve,4875,0,3250,0,0
SP-03035,ok,goals+,0,0,0,4547,25235
SP-03036,ok,reserve,66055,0,12330,0,0
SP-03037,deficit,none,0,0,0,0,0
SP-03038,ok,reserve,488,0,0,0,0
SP-03039,ok,reserve,41313,0,0,0,0
SP-03040,ok,reserve,13282,0,0,0,0
SP-03041,ok,reserve,11682,0,0,0,0
SP-03042,ok,reserve,16856,0,0,0,0
SP-03043,ok,reserve,2412,0,1607,0,0
SP-03044,ok,reserve,35118,0,0,0,0
SP-03045,ok,goals+,1,0,13713,17557,1328853
SP-03046,ok,reserve,3401,0,865,0,0
SP-03047,deficit,none,0,0,0,0,0
SP-03048,ok,reserve,32698,0,0,0,0
SP-03049,deficit,none,0,0,0,0,0
SP-03050,ok,debt,0,25600,0,0,94520
SP-03051,ok,debt,0,6290,0,0,151638
SP-03052,ok,goals+,0,0,15394,30367,74099
SP-03053,ok,reserve,11171,0,0,0,0
SP-03054,ok,reserve,9821,0,6546,0,0
SP-03055,ok,reserve,10126,2819,3132,0,0
SP-03056,deficit,none,0,0,0,0,0
SP-03057,ok,reserve,44920,0,29946,0,0
SP-03058,ok,reserve,24825,0,0,0,0
SP-03059,ok,reserve,1006,0,670,0,0
SP-03060,ok,goals+,0,0,19,0,0
SP-03061,ok,reserve,8271,0,0,0,0
SP-03062,ok,debt,20882,31322,10226,0,0
SP-03063,ok,goals+,0,0,347227390,0,1017678931
SP-03064,ok,goals+,0,0,6332,2719,51926
SP-03065,ok,reserve,11447,0,0,0,0
SP-03066,deficit,none,0,0,0,0,0
SP-03067,ok,reserve,25012,0,0,0,0
SP-03068,ok,reserve,20309,0,0,0,0
SP-03069,ok,debt,0,75776,0,0,60082
SP-03070,ok,reserve,5137,0,0,0,0
SP-03071,ok,goals+,0,0,20135,0,18524
SP-03072,deficit,none,0,0,0,0,0
SP-03073,ok,goals+,6348,9522,10580,0,0
SP-03074,ok,debt,0,8739,0,0,88394
SP-03075,ok,goals+,287,429,476,0,0
SP-03076,ok,reserve,12395,0,8262,0,0
SP-03077,ok,goals+,7418,0,33602,0,0
SP-03078,deficit,none,0,0,0,0,0
SP-03079,ok,goals+,0,0,0,31465,78533
SP-03080,ok,reserve,17631,0,0,0,0
SP-03081,ok,reserve,21807,0,0,0,0
SP-03082,ok,debt,0,2265,0,0,106646
SP-03083,ok,reserve,10451,0,0,0,0
SP-03084,deficit,none,0,0,0,0,0
SP-03085,ok,reserve,9797,0,0,0,0
SP-03086,ok,reserve,336,0,0,0,0
SP-03087,ok,goals+,1,0,0,9452,4965469
SP-03088,ok,reserve,13891,0,9260,0,0
SP-03089,ok,debt,0,1602,0,1069,313739
SP-03090,ok,goals+,1,0,43387,0,277947
SP-03091,ok,debt,1103,31047,0,0,0
SP-03092,ok,reserve,5988,0,3992,0,0
SP-03093,ok,reserve,1348,0,0,0,0
SP-03094,ok,reserve,7763,0,0,0,0
SP-03095,ok,reserve,15426,0,0,0,0
SP-03096,ok,reserve,15943,0,0,0,0
SP-03097,ok,reserve,595,0,0,0,0
SP-03098,ok,reserve,5902,0,0,0,60127
SP-03099,ok,debt,0,9945,0,0,291599
SP-03100,ok,reserve,5961,0,3974,0,0
SP-03101,deficit,none,0,0,0,0,0
SP-03102,ok,reserve,11,0,6,0,0
SP-03103,ok,reserve,3024,0,0,0,0
SP-03104,ok,reserve,20282,0,0,0,0
SP-03105,ok,reserve,16793177,0,11195450,0,0
SP-03106,deficit,none,0,0,0,0,0
SP-03107,ok,reserve,17609,0,11739,0,0
SP-03108,deficit,none,0,0,0,0,0
SP-03109,ok,reserve,51866,0,346,0,0
SP-03110,ok,reserve,1463,0,0,0,0
SP-03111,ok,goals+,0,0,0,56761,451426
SP-03112,ok,goals+,0,0,45888,0,32132
SP-03113,ok,reserve,16524,0,0,0,0
SP-03114,deficit,none,0,0,0,0,0
SP-03115,ok,reserve,5955,0,0,0,0
SP-03116,ok,reserve,31446,0,0,0,0
SP-03117,deficit,none,0,0,0,0,0
SP-03118,ok,debt,0,45983,0,0,4041
SP-03119,ok,reserve,19930,0,13286,0,0
SP-03120,ok,goals+,0,0,26680,9520,53052
SP-03121,ok,debt,0,40495,0,0,4243
SP-03122,ok,reserve,3085,0,0,0,0
SP-03123,deficit,none,0,0,0,0,0
SP-03124,ok,debt,0,9851,0,0,97910
SP-03125,ok,reserve,17661,4201,4668,0,0
SP-03126,ok,debt,0,9060,0,0,151986
SP-03127,ok,debt,0,25067,0,0,136837
SP-03128,ok,reserve,11259,0,7506,0,0
SP-03129,ok,goals+,1,0,0,20414,2096759
SP-03130,ok,goals+,0,0,0,4600,54438
SP-03131,ok,debt,0,5212,0,0,8238
SP-03132,ok,reserve,1974,0,0,0,0
SP-03133,ok,goals+,0,0,6650,19467,29611
SP-03134,ok,reserve,34375,0,1674,0,0
SP-03135,ok,reserve,4843,0,0,0,0
SP-03136,deficit,none,0,0,0,0,99885
SP-03137,ok,reserve,20804,0,0,0,0
SP-03138,ok,reserve,7550,0,0,0,0
SP-03139,ok,reserve,19323,0,10745,0,0
SP-03140,ok,reserve,5707,0,0,0,0
SP-03141,ok,reserve,7619,0,5078,0,0
SP-03142,ok,debt,4625,5301,0,0,0
SP-03143,deficit,none,0,0,0,0,125937
SP-03144,ok,goals+,0,0,20,21,0
SP-03145,ok,goals+,0,0,15535,0,28548
SP-03146,ok,reserve,5266,0,2965,0,0
SP-03147,ok,goals+,268092644,402138966,446821073,0,2518318479
SP-03148,ok,reserve,15304,0,0,0,0
SP-03149,ok,reserve,9410,0,0,0,0
SP-03150,deficit,none,0,0,0,0,0
SP-03151,ok,reserve,42133,0,0,0,0
SP-03152,ok,reserve,10146,1507,1674,0,0
SP-03153,ok,goals+,0,0,81555,0,30195
SP-03154,ok,reserve,6220,0,0,0,0
SP-03155,ok,goals+,1300,1948,2165,0,0
SP-03156,deficit,none,0,0,0,0,0
SP-03157,ok,reserve,10269,0,6845,0,0
SP-03158,ok,reserve,22395,0,14930,0,0
SP-03159,deficit,none,0,0,0,0,0
SP-03160,ok,reserve,15724,0,0,0,0
SP-03161,ok,reserve,26294,0,17528,0,0
SP-03162,ok,goals+,0,0,0,11382,386960
SP-03163,ok,goals+,0,0,0,7548,105869
SP-03164,ok,reserve,12440,0,8292,0,0
SP-03165,ok,reserve,46328,0,0,0,0
SP-03166,ok,reserve,18860,0,8961,0,0
SP-03167,ok,reserve,3153,0,2102,0,0
SP-03168,ok,reserve,377,0,0,0,0
SP-03169,ok,goals+,0,0,0,1066,0
SP-03170,ok,reserve,23925,0,1063,6116,0
SP-03171,ok,goals+,0,0,0,81,1460451
SP-03172,ok,reserve,5412,0,0,0,0
SP-03173,ok,debt,0,24213,0,0,30894
SP-03174,ok,reserve,11919,0,0,0,0
SP-03175,ok,reserve,17524,0,0,0,0
SP-03176,deficit,none,0,0,0,0,0
SP-03177,ok,reserve,1030,0,686,0,0
SP-03178,ok,reserve,1672,0,0,0,0
SP-03179,ok,reserve,36517,0,0,0,0
SP-03180,deficit,none,0,0,0,0,0
SP-03181,ok,reserve,34201,0,0,0,0
SP-03182,ok,debt,0,726,0,0,55194
SP-03183,deficit,none,0,0,0,0,0
SP-03184,deficit,none,0,0,0,0,0
SP-03185,ok,goals+,0,0,6516,88829,188005
SP-03186,deficit,none,0,0,0,0,0
SP-03187,ok,reserve,29174,0,9676,0,0
SP-03188,ok,reserve,80430,0,34481,0,0
SP-03189,ok,reserve,6030759,0,4020505,0,0
SP-03190,ok,goals+,0,0,0,293,185470
SP-03191,ok,reserve,5282,0,3520,0,0
SP-03192,deficit,none,0,0,0,0,0
SP-03193,ok,debt,0,2996,0,0,241659
SP-03194,ok,reserve,21156,0,0,0,307119
SP-03195,ok,goals+,0,0,90983,0,20584
SP-03196,deficit,none,0,0,0,0,0
SP-03197,ok,reserve,2543,0,1695,0,0
SP-03198,deficit,none,0,0,0,0,0
SP-03199,ok,debt,0,12463,0,0,4845
SP-03200,ok,goals+,0,0,13922,0,114637
SP-03201,ok,debt,632,948,0,0,100081
SP-03202,ok,reserve,3251,0,0,0,0
SP-03203,ok,reserve,4887,0,407,0,0
SP-03204,deficit,none,0,0,0,0,0
SP-03205,ok,reserve,14409,4481,0,0,0
SP-03206,ok,goals+,0,0,46431,18173,260770
SP-03207,ok,reserve,10266,0,0,0,0
SP-03208,ok,debt,0,15594,0,0,2965
SP-03209,ok,reserve,7741,0,0,0,0
SP-03210,deficit,none,0,0,0,0,0
SP-03211,ok,goals+,7140,0,11376,0,0
SP-03212,ok,reserve,23632,0,5694,0,0
SP-03213,ok,goals+,0,0,9600,0,1704556
SP-03214,ok,reserve,24138,0,0,0,0
SP-03215,ok,reserve,1528,0,1018,0,0
SP-03216,ok,reserve,11283,0,0,0,0
SP-03217,deficit,none,0,0,0,0,0
SP-03218,ok,debt,0,929,0,0,57202
SP-03219,ok,reserve,352,0,0,0,0
SP-03220,ok,reserve,16118,0,0,0,0
SP-03221,ok,reserve,39516,0,0,0,0
SP-03222,ok,reserve,22949,0,0,0,0
SP-03223,ok,reserve,5660,0,3773,0,0
SP-03224,ok,reserve,285,0,0,0,0
SP-03225,ok,goals+,0,0,0,108805,405824
SP-03226,ok,reserve,3624,1057,1174,0,0
SP-03227,ok,reserve,21361,0,0,0,0
SP-03228,ok,goals+,0,0,14,48,0
SP-03229,ok,debt,0,18592,0,0,55655
SP-03230,ok,reserve,15638,0,10424,0,0
SP-03231,ok,debt,1649870309,1884513226,0,0,0
SP-03232,ok,reserve,11501,0,0,0,0
SP-03233,ok,reserve,3849,0,0,0,0
SP-03234,deficit,none,0,0,0,0,0
SP-03235,ok,debt,0,17326,0,0,7083
SP-03236,ok,debt,1,8324,0,0,190608
SP-03237,ok,goals+,0,0,0,171962,236619
SP-03238,ok,reserve,10699,0,0,0,0
SP-03239,ok,reserve,4958,0,3305,0,0
SP-03240,deficit,none,0,0,0,0,0
SP-03241,ok,reserve,12140,0,8093,0,0
SP-03242,ok,reserve,8986,0,5990,0,0
SP-03243,deficit,none,0,0,0,0,0
SP-03244,ok,reserve,5362,0,0,0,0
SP-03245,ok,reserve,6048,0,0,0,0
SP-03246,deficit,none,0,0,0,0,0
SP-03247,ok,reserve,9739,0,0,0,0
SP-03248,ok,reserve,15186,0,10124,0,0
SP-03249,ok,reserve,8777,0,0,0,0
SP-03250,ok,reserve,7891,0,0,0,0
SP-03251,deficit,none,0,0,0,0,0
SP-03252,ok,debt,7130,10693,0,0,0
SP-03253,ok,goals+,0,0,367,0,75650
SP-03254,ok,reserve,26983,0,17988,0,0
SP-03255,ok,goals+,1,0,1819,56736,3113406
SP-03256,ok,goals+,0,0,18159,0,139795
SP-03257,ok,reserve,4980,0,3320,0,0
SP-03258,ok,goals+,7980,0,20246,0,0
SP-03259,ok,reserve,17248,0,0,0,0
SP-03260,ok,reserve,8238,0,0,0,0
SP-03261,ok,reserve,1961,0,0,0,0
SP-03262,ok,reserve,31264,0,1342,0,0
SP-03263,ok,goals+,0,0,0,11277,551856
SP-03264,deficit,none,0,0,0,0,0
SP-03265,ok,debt,0,3142,0,0,54871
SP-03266,ok,reserve,10098,0,0,0,0
SP-03267,ok,debt,0,11656,0,0,20252
SP-03268,ok,reserve,31577,0,0,0,0
SP-03269,ok,reserve,16070,0,10712,0,0
SP-03270,ok,reserve,34,0,0,0,0
SP-03271,ok,reserve,10206,0,0,0,0
SP-03272,ok,reserve,4885,0,3256,0,0
SP-03273,ok,reserve,743097776,0,495398517,0,0
SP-03274,deficit,none,0,0,0,0,0
SP-03275,deficit,none,0,0,0,0,0
SP-03276,deficit,none,0,0,0,0,0
SP-03277,ok,reserve,17803,0,4541,0,0
SP-03278,ok,goals+,571,856,951,0,0
SP-03279,ok,goals+,0,0,38976,35490,35562
SP-03280,ok,reserve,23320,0,5341,0,0
SP-03281,deficit,none,0,0,0,0,0
SP-03282,deficit,none,0,0,0,0,0
SP-03283,ok,goals+,5154,0,9948,0,0
SP-03284,ok,goals+,3880,5820,6466,0,0
SP-03285,ok,reserve,1827,0,0,0,0
SP-03286,ok,reserve,9086,0,6056,0,0
SP-03287,ok,reserve,8904,0,0,0,0
SP-03288,ok,reserve,15206,0,0,0,0
SP-03289,ok,reserve,22032,2503,2782,0,0
SP-03290,ok,reserve,688,0,0,0,0
SP-03291,deficit,none,0,0,0,0,0
SP-03292,ok,reserve,1756,0,0,0,0
SP-03293,ok,goals+,4889,7333,8147,0,0
SP-03294,ok,reserve,24943,0,0,0,0
SP-03295,ok,reserve,5693,0,0,0,0
SP-03296,deficit,none,0,0,0,0,0
SP-03297,ok,goals+,0,0,0,7806,715768
SP-03298,ok,reserve,8104,0,5402,0,0
SP-03299,deficit,none,0,0,0,0,0
SP-03300,ok,reserve,28476,0,0,0,0
SP-03301,ok,reserve,5507,0,0,0,0
SP-03302,ok,reserve,10057,4054,0,0,0
SP-03303,ok,reserve,5422,0,3614,0,0
SP-03304,ok,debt,19921,29880,0,0,0
SP-03305,ok,reserve,17714,0,0,0,0
SP-03306,deficit,none,0,0,0,0,0
SP-03307,ok,goals+,0,0,16479,0,30111
SP-03308,ok,reserve,31938,0,2993,0,0
SP-03309,ok,reserve,13646,0,9096,0,0
SP-03310,deficit,none,0,0,0,0,0
SP-03311,ok,reserve,19437,0,0,0,0
SP-03312,deficit,none,0,0,0,0,0
SP-03313,ok,reserve,11025,0,0,0,0
SP-03314,ok,reserve,7513,0,0,0,0
SP-03315,ok,reserve,172741924,0,0,0,0
SP-03316,ok,debt,0,12175,0,0,125154
SP-03317,deficit,none,0,0,0,0,0
SP-03318,deficit,none,0,0,0,0,0
SP-03319,ok,reserve,33899,0,9559,0,0
SP-03320,deficit,none,0,0,0,0,0
SP-03321,ok,goals+,0,0,0,60386,166741
SP-03322,ok,reserve,4761,0,3173,0,0
SP-03323,ok,reserve,8516,0,0,0,0
SP-03324,deficit,none,0,0,0,0,0
SP-03325,deficit,none,0,0,0,0,0
SP-03326,ok,goals+,0,0,0,15096,39556
SP-03327,deficit,none,0,0,0,0,0
SP-03328,deficit,none,0,0,0,0,0
SP-03329,ok,reserve,26214,6370,0,0,0
SP-03330,deficit,none,0,0,0,0,0
SP-03331,ok,debt,0,4352,0,0,14189
SP-03332,ok,reserve,392,0,260,0,0
SP-03333,ok,debt,1049,2887,0,0,0
SP-03334,ok,debt,0,22874,0,0,38581
SP-03335,deficit,none,0,0,0,0,0
SP-03336,deficit,none,0,0,0,0,0
SP-03337,ok,debt,0,11168,7446,0,41464
SP-03338,ok,debt,0,23127,0,0,318721
SP-03339,ok,goals+,0,0,0,51148,1990338
SP-03340,ok,reserve,6958,0,0,0,0
SP-03341,ok,reserve,36486,0,17886,0,0
SP-03342,ok,reserve,10983,0,0,0,0
SP-03343,ok,reserve,9506,0,0,0,0
SP-03344,ok,reserve,34723,0,0,0,0
SP-03345,deficit,none,0,0,0,0,0
SP-03346,ok,goals+,4716,7073,7859,0,0
SP-03347,deficit,none,0,0,0,0,0
SP-03348,deficit,none,0,0,0,0,0
SP-03349,deficit,none,0,0,0,0,0
SP-03350,ok,reserve,13898,0,0,0,0
SP-03351,ok,reserve,45716,0,0,0,0
SP-03352,deficit,none,0,0,0,0,0
SP-03353,ok,goals+,0,0,0,15933,529803
SP-03354,ok,reserve,3,0,1,0,0
SP-03355,deficit,none,0,0,0,0,0
SP-03356,ok,goals+,0,0,20110,0,62356
SP-03357,deficit,none,0,0,0,0,0
SP-03358,ok,reserve,16576,0,11050,0,0
SP-03359,deficit,none,0,0,0,0,0
SP-03360,deficit,none,0,0,0,0,0
SP-03361,ok,reserve,94343,0,3733,0,0
SP-03362,ok,reserve,16528,0,11018,0,0
SP-03363,ok,goals+,0,0,51738,0,188156
SP-03364,ok,debt,6714,10071,0,0,0
SP-03365,ok,reserve,23914,0,6537,0,0
SP-03366,deficit,none,0,0,0,0,0
SP-03367,ok,reserve,35654,0,23768,0,0
SP-03368,ok,goals+,0,0,66553,0,330411
SP-03369,ok,reserve,11141,0,0,0,0
SP-03370,ok,reserve,20659,14097,0,0,0
SP-03371,ok,goals+,860,1288,1431,0,66885
SP-03372,deficit,none,0,0,0,0,0
SP-03373,ok,reserve,11818,0,0,0,0
SP-03374,ok,debt,0,29305,0,0,28947
SP-03375,ok,goals+,0,0,0,9315,0
SP-03376,ok,reserve,18819,0,0,0,0
SP-03377,ok,debt,4997,10175,8326,0,80667
SP-03378,ok,reserve,70568,0,0,0,0
SP-03379,ok,reserve,10477,0,1147,0,0
SP-03380,ok,reserve,2598,0,1731,0,0
SP-03381,ok,goals+,0,0,23006,12934,1574154
SP-03382,ok,reserve,3634,0,0,0,0
SP-03383,ok,reserve,27054,0,0,0,0
SP-03384,ok,reserve,21053,0,8,0,0
SP-03385,ok,goals+,0,0,4430,0,149526
SP-03386,ok,debt,0,56243,0,0,126815
SP-03387,ok,reserve,4445,0,2962,0,0
SP-03388,ok,reserve,13393,0,0,0,0
SP-03389,ok,reserve,20494,0,0,0,0
SP-03390,deficit,none,0,0,0,0,0
SP-03391,ok,reserve,33216,8001,0,0,0
SP-03392,ok,goals+,0,2115,3761,0,60308
SP-03393,ok,reserve,18668,0,12445,0,0
SP-03394,ok,reserve,3976,0,2650,0,0
SP-03395,ok,debt,0,8589,0,0,170505
SP-03396,ok,reserve,112,0,71,0,0
SP-03397,deficit,none,0,0,0,0,0
SP-03398,ok,reserve,5231,0,0,0,0
SP-03399,ok,reserve,2018747808,0,0,0,0
SP-03400,ok,reserve,4067,0,0,0,0
SP-03401,ok,reserve,9408,0,0,0,0
SP-03402,deficit,none,0,0,0,0,0
SP-03403,ok,goals+,0,0,2994,0,18238
SP-03404,ok,reserve,11337,0,0,0,0
SP-03405,ok,debt,1,29302,0,0,63612
SP-03406,deficit,none,0,0,0,0,324290
SP-03407,ok,reserve,15,0,0,0,0
SP-03408,deficit,none,0,0,0,0,0
SP-03409,deficit,none,0,0,0,0,0
SP-03410,ok,reserve,1889,0,1259,0,0
SP-03411,deficit,none,0,0,0,0,0
SP-03412,ok,reserve,33872,0,9457,0,0
SP-03413,deficit,none,0,0,0,0,0
SP-03414,ok,reserve,23769,0,15845,0,0
SP-03415,ok,reserve,28225,0,0,0,0
SP-03416,ok,reserve,1068,0,0,0,0
SP-03417,ok,debt,0,7711,0,0,71662
SP-03418,ok,reserve,43206,0,0,0,0
SP-03419,deficit,none,0,0,0,0,0
SP-03420,ok,debt,6476,9714,0,0,0
SP-03421,ok,reserve,16771,0,0,0,0
SP-03422,deficit,none,0,0,0,0,0
SP-03423,deficit,none,0,0,0,0,892974
SP-03424,ok,reserve,7391,0,4927,0,0
SP-03425,ok,reserve,11601,0,7733,0,0
SP-03426,ok,debt,0,5704,0,0,42700
SP-03427,ok,reserve,11109,0,0,0,0
SP-03428,ok,goals+,0,0,9045,0,0
SP-03429,ok,reserve,9343,0,0,0,0
SP-03430,ok,goals+,2389,3583,3981,0,0
SP-03431,deficit,none,0,0,0,0,0
SP-03432,deficit,none,0,0,0,0,0
SP-03433,ok,debt,0,3753,0,0,44996
SP-03434,ok,reserve,30300,0,0,0,0
SP-03435,ok,reserve,15497,0,0,0,0
SP-03436,ok,goals+,0,0,20978,8162,22929
SP-03437,ok,reserve,3757,0,0,0,0
SP-03438,ok,reserve,9,0,6,0,0
SP-03439,ok,reserve,35874,0,23915,0,0
SP-03440,ok,debt,13462,20191,0,0,0
SP-03441,ok,reserve,390816141,0,0,0,0
SP-03442,deficit,none,0,0,0,0,0
SP-03443,ok,reserve,10467,0,0,0,0
SP-03444,deficit,none,0,0,0,0,0
SP-03445,deficit,none,0,0,0,0,0
SP-03446,deficit,none,0,0,0,0,0
SP-03447,ok,debt,1,125900,0,0,227885
SP-03448,ok,reserve,50074,0,0,0,0
SP-03449,deficit,none,0,0,0,0,0
SP-03450,deficit,none,0,0,0,0,0
SP-03451,ok,reserve,24633,0,0,0,0
SP-03452,ok,reserve,16994,0,0,0,0
SP-03453,ok,reserve,3883,0,0,0,0
SP-03454,ok,reserve,25018,0,0,0,0
SP-03455,ok,reserve,6655,0,0,0,0
SP-03456,ok,reserve,17690,0,11793,0,0
SP-03457,ok,reserve,14923,0,4824,0,0
SP-03458,ok,goals+,336,503,558,0,0
SP-03459,ok,reserve,5868,0,0,0,0
SP-03460,ok,goals+,0,0,0,12396,20053
SP-03461,ok,reserve,14208,0,9471,0,0
SP-03462,ok,debt,7457,11185,0,0,0
SP-03463,ok,reserve,13506,0,0,0,0
SP-03464,ok,reserve,4637,0,0,0,0
SP-03465,deficit,none,0,0,0,0,54989
SP-03466,ok,goals+,0,0,172,0,17789
SP-03467,ok,reserve,3143,0,0,0,0
SP-03468,ok,reserve,8372,0,542,0,0
SP-03469,ok,reserve,25667,0,0,0,0
SP-03470,deficit,none,0,0,0,0,0
SP-03471,ok,debt,0,5792,0,0,31796
SP-03472,ok,reserve,6883,0,0,0,0
SP-03473,ok,debt,6689,10033,0,0,40026
SP-03474,deficit,none,0,0,0,0,0
SP-03475,ok,reserve,24387,0,16257,0,0
SP-03476,ok,reserve,7029,0,0,0,0
SP-03477,ok,debt,0,18054,0,0,56648
SP-03478,ok,reserve,12506,0,775,0,0
SP-03479,ok,reserve,17155,0,0,0,0
SP-03480,ok,goals+,0,0,12,0,0
SP-03481,deficit,none,0,0,0,0,0
SP-03482,deficit,none,0,0,0,0,0
SP-03483,ok,reserve,161586747,0,0,0,0
SP-03484,ok,reserve,27506,0,0,0,0
SP-03485,ok,reserve,15554,0,0,0,0
SP-03486,deficit,none,0,0,0,0,0
SP-03487,ok,goals+,0,0,78217,0,85035
SP-03488,deficit,none,0,0,0,0,0
SP-03489,ok,goals+,0,0,6679,45738,61474
SP-03490,ok,reserve,47648,0,8198,0,0
SP-03491,ok,goals+,0,0,11255,4868,23510
SP-03492,deficit,none,0,0,0,0,0
SP-03493,ok,reserve,16188,0,10792,0,0
SP-03494,ok,reserve,28850,0,19233,0,0
SP-03495,ok,reserve,38728,0,0,0,0
SP-03496,ok,reserve,93707,0,0,0,0
SP-03497,ok,reserve,4381,0,2920,0,0
SP-03498,deficit,none,0,0,0,0,0
SP-03499,ok,debt,0,2055,0,0,104495
SP-03500,ok,debt,5349,12773,0,0,0
SP-03501,deficit,none,0,0,0,0,0
SP-03502,ok,goals+,0,0,21209,0,183667
SP-03503,deficit,none,0,0,0,0,0
SP-03504,deficit,none,0,0,0,0,0
SP-03505,deficit,none,0,0,0,0,0
SP-03506,ok,reserve,17698,0,0,0,0
SP-03507,ok,goals+,0,0,27960,0,1692688
SP-03508,ok,goals+,0,0,0,10876,66395
SP-03509,ok,goals+,0,0,2267,0,147828
SP-03510,deficit,none,0,0,0,0,0
SP-03511,ok,debt,0,2431,0,0,110039
SP-03512,ok,reserve,11307,0,7537,0,0
SP-03513,ok,goals+,1949,2922,3247,0,0
SP-03514,ok,reserve,8095,0,0,0,0
SP-03515,ok,goals+,0,0,43321,0,13919
SP-03516,ok,reserve,2980,0,1986,0,0
SP-03517,deficit,none,0,0,0,0,0
SP-03518,ok,reserve,185,0,0,0,0
SP-03519,ok,reserve,6776,0,0,0,0
SP-03520,ok,reserve,1680,0,1119,0,0
SP-03521,ok,debt,0,18115,0,0,28746
SP-03522,ok,goals+,0,0,4,0,0
SP-03523,ok,goals+,0,0,33956,0,39837
SP-03524,ok,debt,6491,9736,0,0,0
SP-03525,ok,reserve,224877495,0,0,0,0
SP-03526,ok,debt,0,3306,0,0,67057
SP-03527,ok,reserve,24014,0,1269,0,0
SP-03528,deficit,none,0,0,0,0,0
SP-03529,deficit,none,0,0,0,0,278768
SP-03530,deficit,none,0,0,0,0,362763
SP-03531,ok,debt,755,35182,0,0,0
SP-03532,ok,goals+,0,752,1337,0,193631
SP-03533,ok,goals+,0,0,6171,98565,363830
SP-03534,deficit,none,0,0,0,0,0
SP-03535,ok,reserve,10032,0,6688,0,0
SP-03536,ok,goals+,0,0,0,6970,413447
SP-03537,ok,reserve,17409,0,0,0,0
SP-03538,ok,goals+,0,0,12281,0,0
SP-03539,ok,reserve,2948,0,1964,0,0
SP-03540,ok,reserve,54060,0,5062,0,0
SP-03541,ok,reserve,27809,0,0,0,0
SP-03542,ok,goals+,0,0,23341,4507,41217
SP-03543,deficit,none,0,0,0,0,0
SP-03544,ok,reserve,23620,0,0,0,0
SP-03545,ok,debt,1,1865,0,0,164047
SP-03546,ok,reserve,5390,0,0,0,0
SP-03547,ok,reserve,9695,0,3417,0,0
SP-03548,ok,reserve,15812,0,570,0,0
SP-03549,ok,goals+,1,0,0,68398,1826769
SP-03550,ok,reserve,56707,0,0,0,0
SP-03551,ok,goals+,3664,5495,6105,0,0
SP-03552,ok,reserve,13059,0,5382,0,0
SP-03553,ok,debt,0,14865,0,0,7643
SP-03554,ok,debt,1,26429,0,0,101990
SP-03555,ok,reserve,1932,0,0,0,0
SP-03556,ok,reserve,16307,0,10870,0,0
SP-03557,deficit,none,0,0,0,0,0
SP-03558,deficit,none,0,0,0,0,0
SP-03559,ok,reserve,6651,0,0,0,0
SP-03560,deficit,none,0,0,0,0,0
SP-03561,ok,reserve,2610,0,0,0,0
SP-03562,ok,reserve,2778,0,1852,0,328045
SP-03563,ok,reserve,18516,0,12343,0,0
SP-03564,ok,goals+,0,0,27,1,0
SP-03565,ok,reserve,775,0,0,0,0
SP-03566,ok,reserve,39284,0,0,0,0
SP-03567,deficit,none,0,0,0,0,0
SP-03568,ok,reserve,29952,0,0,0,0
SP-03569,ok,debt,0,5353,0,0,41059
SP-03570,deficit,none,0,0,0,0,0
SP-03571,ok,reserve,10009,0,3212,0,0
SP-03572,ok,debt,0,6440,0,0,9255
SP-03573,ok,reserve,33523,0,0,0,0
SP-03574,ok,debt,0,8497,0,0,80119
SP-03575,deficit,none,0,0,0,0,0
SP-03576,deficit,none,0,0,0,0,0
SP-03577,ok,reserve,7268,0,0,0,0
SP-03578,ok,reserve,18943,0,0,0,0
SP-03579,deficit,none,0,0,0,0,0
SP-03580,ok,goals+,4582,6871,7634,0,0
SP-03581,deficit,none,0,0,0,0,0
SP-03582,deficit,none,0,0,0,0,0
SP-03583,ok,reserve,4745,0,0,0,0
SP-03584,ok,goals+,0,6441,11451,0,61481
SP-03585,ok,goals+,8908,0,0,23418,0
SP-03586,ok,reserve,23342,0,15561,0,0
SP-03587,ok,reserve,13541,0,0,0,0
SP-03588,deficit,none,0,0,0,0,117487
SP-03589,ok,reserve,1010,0,0,0,0
SP-03590,ok,reserve,3038,0,1907,0,0
SP-03591,deficit,none,0,0,0,0,64314
SP-03592,ok,debt,0,14162,0,0,133492
SP-03593,ok,debt,0,28549,5022,14011,118682
SP-03594,ok,reserve,22790,0,951,0,0
SP-03595,ok,debt,0,12022,0,0,44803
SP-03596,ok,reserve,1537,0,1024,0,0
SP-03597,ok,goals+,334,499,554,0,0
SP-03598,ok,reserve,2391,0,0,0,72033
SP-03599,ok,reserve,5569,0,3712,0,0
SP-03600,deficit,none,0,0,0,0,0
SP-03601,ok,reserve,11665,0,7776,0,0
SP-03602,ok,reserve,26078,0,17384,0,0
SP-03603,ok,reserve,12083,0,8054,0,0
SP-03604,ok,reserve,8842,0,0,0,0
SP-03605,ok,goals+,5784,8675,9639,0,0
SP-03606,ok,goals+,0,0,3,0,0
SP-03607,ok,goals+,0,0,662,37340,101081
SP-03608,deficit,none,0,0,0,0,0
SP-03609,ok,debt,0,175569854,0,0,2838468438
SP-03610,deficit,none,0,0,0,0,0
SP-03611,deficit,none,0,0,0,0,0
SP-03612,deficit,none,0,0,0,0,0
SP-03613,ok,goals+,0,0,0,24513,16620
SP-03614,ok,debt,4981,7470,0,0,0
SP-03615,ok,goals+,0,0,0,170758,827929
SP-03616,ok,goals+,658,986,1096,0,0
SP-03617,ok,reserve,23240,0,0,0,0
SP-03618,deficit,none,0,0,0,0,0
SP-03619,ok,debt,0,28911,0,0,338423
SP-03620,ok,reserve,23113,0,7244,0,0
SP-03621,deficit,none,0,0,0,0,0
SP-03622,ok,reserve,20987,0,13990,0,0
SP-03623,deficit,none,0,0,0,0,0
SP-03624,ok,reserve,10184,0,1491,0,0
SP-03625,ok,reserve,12234,0,0,0,0
SP-03626,deficit,none,0,0,0,0,0
SP-03627,ok,goals+,0,0,0,6433,28337
SP-03628,ok,goals+,3764,5644,6271,0,0
SP-03629,ok,reserve,5887,0,3329,0,0
SP-03630,deficit,none,0,0,0,0,0
SP-03631,ok,reserve,13607,0,0,0,0
SP-03632,ok,reserve,15074,0,0,0,0
SP-03633,ok,goals+,0,0,0,15601,1499612
SP-03634,ok,reserve,14709,0,0,0,0
SP-03635,ok,reserve,20820,0,0,0,0
SP-03636,ok,reserve,2390,0,1593,0,0
SP-03637,ok,reserve,31831,0,11982,1070,0
SP-03638,ok,goals+,1944,2915,3238,0,0
SP-03639,ok,debt,472,9691,0,0,0
SP-03640,ok,goals+,0,0,0,4144,51950
SP-03641,ok,reserve,18176,0,12116,0,0
SP-03642,ok,reserve,70296,0,0,0,0
SP-03643,ok,reserve,54955,0,4206,0,0
SP-03644,ok,reserve,17979,0,11985,0,0
SP-03645,ok,reserve,1971,0,0,0,0
SP-03646,ok,reserve,5622,0,0,0,0
SP-03647,ok,debt,4,5,5,0,0
SP-03648,ok,reserve,156,0,22,0,0
SP-03649,ok,reserve,2107,0,0,0,0
SP-03650,deficit,none,0,0,0,0,0
SP-03651,deficit,none,0,0,0,0,0
SP-03652,ok,reserve,25592,0,17061,0,0
SP-03653,ok,reserve,14662,0,4095,0,0
SP-03654,deficit,none,0,0,0,0,0
SP-03655,ok,reserve,2291,0,0,0,0
SP-03656,ok,goals+,0,0,30695,0,49338
SP-03657,ok,goals+,0,0,31801,24187,52426
SP-03658,ok,reserve,2307,0,1538,0,102654
SP-03659,ok,reserve,18408,0,12272,0,662847
SP-03660,deficit,none,0,0,0,0,0
SP-03661,ok,reserve,28665,0,0,0,0
SP-03662,ok,reserve,2904,0,0,0,0
SP-03663,deficit,none,0,0,0,0,0
SP-03664,ok,reserve,36042,0,24027,0,0
SP-03665,ok,reserve,16462,0,4052,0,0
SP-03666,deficit,none,0,0,0,0,0
SP-03667,ok,debt,0,10440,0,0,5720
SP-03668,ok,goals+,8511,12765,14183,0,0
SP-03669,ok,reserve,16187,0,0,0,0
SP-03670,deficit,none,0,0,0,0,0
SP-03671,ok,debt,2541,53196,0,0,0
SP-03672,ok,debt,2542,3813,0,0,0
SP-03673,deficit,none,0,0,0,0,0
SP-03674,ok,reserve,11593,0,0,0,0
SP-03675,ok,goals+,1,0,0,12206,1096159
SP-03676,ok,debt,0,38656,0,0,17279
SP-03677,ok,reserve,6188,0,0,0,0
SP-03678,ok,goals+,0,0,16324,0,40208
SP-03679,ok,goals+,0,0,4469,0,124256
SP-03680,ok,debt,5623,8433,0,0,42667
SP-03681,ok,reserve,593,0,0,0,0
SP-03682,ok,goals+,12136,18203,20226,0,0
SP-03683,deficit,none,0,0,0,0,0
SP-03684,ok,reserve,3920,0,0,0,0
SP-03685,ok,reserve,11919,0,0,0,0
SP-03686,ok,debt,1,313,0,0,205659
SP-03687,deficit,none,0,0,0,0,0
SP-03688,ok,debt,0,6888,0,0,8588
SP-03689,ok,debt,0,27449,0,0,35950
SP-03690,deficit,none,0,0,0,0,0
SP-03691,ok,reserve,4252,0,0,0,0
SP-03692,ok,goals+,0,0,0,36742,0
SP-03693,deficit,none,0,0,0,0,0
SP-03694,ok,reserve,13666,2720,0,0,0
SP-03695,ok,debt,0,31834,0,0,4576
SP-03696,deficit,none,0,0,0,0,0
SP-03697,ok,reserve,17212,0,6298,0,0
SP-03698,ok,reserve,7482,0,394,0,0
SP-03699,ok,goals+,0,0,20666,26677,151425
SP-03700,ok,reserve,20097,0,13397,0,0
SP-03701,ok,reserve,8500,7724,0,0,0
SP-03702,deficit,none,0,0,0,0,0
SP-03703,ok,reserve,30168,0,0,0,0
SP-03704,ok,reserve,5326,0,0,0,0
SP-03705,deficit,none,0,0,0,0,0
SP-03706,ok,debt,4512,11594,3007,0,132454
SP-03707,ok,reserve,4300,0,0,0,0
SP-03708,deficit,none,0,0,0,0,0
SP-03709,ok,reserve,43735,0,0,25570,0
SP-03710,ok,reserve,304,0,0,0,0
SP-03711,ok,debt,0,9364,0,0,51361
SP-03712,ok,debt,0,11074,0,0,123972
SP-03713,deficit,none,0,0,0,0,0
SP-03714,ok,reserve,1142,0,0,0,0
SP-03715,ok,goals+,1502,2253,2503,0,0
SP-03716,ok,goals+,0,0,1213,33871,19226
SP-03717,ok,goals+,0,0,11096,0,1529840
SP-03718,ok,reserve,15348,0,10231,0,0
SP-03719,ok,reserve,7383,0,4922,0,0
SP-03720,ok,reserve,20374,0,13582,0,0
SP-03721,deficit,none,0,0,0,0,0
SP-03722,ok,reserve,2666,0,0,0,0
SP-03723,ok,reserve,15371,0,0,0,0
SP-03724,ok,goals+,0,0,18776,12175,22350
SP-03725,ok,goals+,0,0,0,3744,23182
SP-03726,deficit,none,0,0,0,0,0
SP-03727,ok,reserve,12565,0,2806,0,0
SP-03728,ok,reserve,232,0,0,0,0
SP-03729,ok,reserve,8762,0,0,0,0
SP-03730,ok,debt,3774,12109,0,0,0
SP-03731,ok,reserve,16706,0,0,0,0
SP-03732,ok,reserve,18,0,11,0,0
SP-03733,ok,goals+,0,0,0,43239,60180
SP-03734,ok,reserve,2673,0,1782,0,0
SP-03735,ok,reserve,190152133,0,0,0,0
SP-03736,ok,reserve,558,0,371,0,0
SP-03737,ok,reserve,21119,0,0,0,0
SP-03738,deficit,none,0,0,0,0,0
SP-03739,ok,reserve,25841,0,15276,0,0
SP-03740,ok,debt,771,4737,0,0,0
SP-03741,ok,goals+,0,0,0,65833,200267
SP-03742,ok,reserve,17638,0,11758,0,0
SP-03743,ok,reserve,2172,0,0,0,0
SP-03744,deficit,none,0,0,0,0,0
SP-03745,ok,reserve,3715,1041,1157,0,0
SP-03746,deficit,none,0,0,0,0,0
SP-03747,deficit,none,0,0,0,0,0
SP-03748,ok,goals+,0,0,7050,46809,123341
SP-03749,ok,reserve,20320,0,0,0,0
SP-03750,deficit,none,0,0,0,0,0
SP-03751,ok,reserve,14845,0,0,0,0
SP-03752,ok,debt,0,34432,0,0,66952
SP-03753,deficit,none,0,0,0,0,0
SP-03754,ok,reserve,22822,0,0,0,0
SP-03755,ok,reserve,702,0,0,0,0
SP-03756,ok,reserve,21929,0,0,0,0
SP-03757,ok,reserve,34084,0,3995,0,0
SP-03758,ok,reserve,47367,0,31577,0,0
SP-03759,ok,goals+,0,0,6548,10485,976306
SP-03760,ok,reserve,9754,0,0,0,0
SP-03761,ok,goals+,7813,0,59894,0,0
SP-03762,ok,reserve,2138,0,0,0,0
SP-03763,ok,reserve,6612,0,0,0,0
SP-03764,ok,reserve,24055,0,0,0,0
SP-03765,ok,reserve,14588,0,9724,0,0
SP-03766,ok,reserve,5132,0,0,0,148751
SP-03767,ok,reserve,28413,0,4337,0,0
SP-03768,ok,reserve,8139,0,5425,0,0
SP-03769,ok,reserve,40013,0,26675,0,0
SP-03770,deficit,none,0,0,0,0,0
SP-03771,ok,reserve,24837,0,16557,0,0
SP-03772,ok,reserve,17061,0,0,0,0
SP-03773,ok,reserve,10563,0,0,0,0
SP-03774,ok,reserve,8,0,0,0,0
SP-03775,ok,reserve,23063,0,0,0,0
SP-03776,ok,debt,2914,4370,3276,0,0
SP-03777,ok,reserve,743437822,0,228221197,0,0
SP-03778,ok,reserve,17951,0,11966,0,0
SP-03779,ok,goals+,18986,0,19096,0,0
SP-03780,deficit,none,0,0,0,0,0
SP-03781,ok,debt,0,33298,0,0,93465
SP-03782,ok,reserve,16422,0,10936,0,0
SP-03783,ok,goals+,0,0,10964,2557,0
SP-03784,ok,reserve,41083,0,0,0,0
SP-03785,ok,reserve,12128,0,0,0,0
SP-03786,deficit,none,0,0,0,0,0
SP-03787,ok,reserve,16222,0,0,0,0
SP-03788,ok,reserve,30572,0,0,0,0
SP-03789,deficit,none,0,0,0,0,0
SP-03790,ok,reserve,28537,0,19024,0,0
SP-03791,ok,reserve,4038,0,0,0,0
SP-03792,deficit,none,0,0,0,0,0
SP-03793,ok,reserve,22242,0,0,0,0
SP-03794,ok,reserve,7503,0,0,0,0
SP-03795,deficit,none,0,0,0,0,0
SP-03796,deficit,none,0,0,0,0,0
SP-03797,ok,debt,0,19675,0,0,52472
SP-03798,ok,reserve,1007,0,0,0,0
SP-03799,ok,goals+,1,0,0,5544,385788
SP-03800,ok,reserve,11919,0,3493,0,0
SP-03801,ok,goals+,1,4578,8139,0,289628
SP-03802,ok,reserve,5189,0,0,0,0
SP-03803,ok,debt,0,22771,0,0,59581
SP-03804,ok,reserve,6252,0,0,0,0
SP-03805,ok,reserve,62404,0,1325,0,0
SP-03806,ok,goals+,2246,3367,3742,0,0
SP-03807,ok,reserve,2140,0,0,0,0
SP-03808,ok,reserve,28706,0,0,0,0
SP-03809,deficit,none,0,0,0,0,0
SP-03810,ok,reserve,11502,0,0,0,0
SP-03811,ok,reserve,9500,0,3891,0,0
SP-03812,ok,debt,6552,6932,0,0,0
SP-03813,ok,goals+,12261,18390,20433,0,0
SP-03814,ok,debt,7230,10845,0,0,0
SP-03815,ok,goals+,8429,0,11668,0,0
SP-03816,ok,reserve,41,0,27,0,0
SP-03817,deficit,none,0,0,0,0,0
SP-03818,deficit,none,0,0,0,0,0
SP-03819,ok,reserve,6074634,0,0,0,0
SP-03820,ok,debt,0,25573,0,0,7143
SP-03821,ok,reserve,60973,0,0,0,0
SP-03822,deficit,none,0,0,0,0,0
SP-03823,ok,reserve,21401,0,0,0,0
SP-03824,ok,reserve,11434,0,0,0,0
SP-03825,ok,goals+,0,0,0,51630,57979
SP-03826,ok,reserve,14582,0,9184,0,0
SP-03827,ok,debt,292,14706,0,0,0
SP-03828,deficit,none,0,0,0,0,0
SP-03829,deficit,none,0,0,0,0,0
SP-03830,deficit,none,0,0,0,0,0
SP-03831,deficit,none,0,0,0,0,0
SP-03832,ok,reserve,62724,0,0,0,0
SP-03833,ok,reserve,70040,0,9758,0,0
SP-03834,deficit,none,0,0,0,0,0
SP-03835,ok,debt,0,20816,0,0,105895
SP-03836,ok,reserve,7821,0,0,0,0
SP-03837,ok,debt,8631,12945,0,0,0
SP-03838,deficit,none,0,0,0,0,0
SP-03839,ok,reserve,5644,4433,0,0,0
SP-03840,ok,goals+,1,0,0,78715,768847
SP-03841,ok,reserve,31368,0,20912,0,0
SP-03842,deficit,none,0,0,0,0,0
SP-03843,ok,goals+,0,0,1835,27520,985071
SP-03844,ok,goals+,10358,15535,17261,0,0
SP-03845,ok,goals+,8899,0,16133,0,0
SP-03846,ok,goals+,11040,16559,18399,0,0
SP-03847,deficit,none,0,0,0,0,0
SP-03848,ok,debt,0,5937,0,0,57397
SP-03849,ok,reserve,17655,0,0,0,0
SP-03850,ok,goals+,976,1463,1625,0,0
SP-03851,ok,reserve,64798,0,0,0,0
SP-03852,ok,goals+,8788,0,36604,0,0
SP-03853,ok,reserve,11092,0,0,0,0
SP-03854,ok,reserve,11023,0,0,0,0
SP-03855,ok,reserve,31942,0,21294,0,0
SP-03856,ok,reserve,4340,0,0,0,0
SP-03857,ok,reserve,1385,0,923,0,0
SP-03858,ok,goals+,0,0,17,0,0
SP-03859,ok,debt,0,9567,0,0,43924
SP-03860,ok,reserve,1732,0,1154,0,0
SP-03861,ok,goals+,139422108,209133162,232370179,0,0
SP-03862,ok,reserve,33,0,21,0,0
SP-03863,ok,reserve,10221,0,0,0,0
SP-03864,deficit,none,0,0,0,0,0
SP-03865,ok,reserve,1977,0,0,0,0
SP-03866,ok,reserve,20118,0,0,0,0
SP-03867,ok,goals+,0,0,41246,0,103107
SP-03868,ok,debt,0,30325,0,0,60337
SP-03869,deficit,none,0,0,0,0,0
SP-03870,deficit,none,0,0,0,0,0
SP-03871,ok,reserve,20048,0,0,0,0
SP-03872,ok,reserve,18336,0,3722,0,0
SP-03873,deficit,none,0,0,0,0,0
SP-03874,ok,goals+,3424,5134,5704,0,0
SP-03875,ok,goals+,1936,2902,3225,0,0
SP-03876,deficit,none,0,0,0,0,0
SP-03877,deficit,none,0,0,0,0,0
SP-03878,ok,goals+,17302,25951,28835,0,0
SP-03879,deficit,none,0,0,0,0,0
SP-03880,deficit,none,0,0,0,0,0
SP-03881,ok,debt,686,20910,0,13254,0
SP-03882,ok,debt,0,6269,0,0,35260
SP-03883,ok,debt,9817,46657,0,0,0
SP-03884,ok,reserve,2115,0,1409,0,0
SP-03885,ok,goals+,0,0,0,15312,1256819
SP-03886,deficit,none,0,0,0,0,0
SP-03887,ok,reserve,7112,0,0,0,0
SP-03888,ok,goals+,0,0,12125,0,199640
SP-03889,ok,goals+,1530,2295,2549,0,0
SP-03890,ok,reserve,13490,0,0,0,0
SP-03891,ok,reserve,441,0,0,0,0
SP-03892,ok,reserve,3203,0,0,0,0
SP-03893,ok,goals+,2844,4265,4738,0,165785
SP-03894,deficit,none,0,0,0,0,0
SP-03895,ok,reserve,11645,0,0,0,0
SP-03896,ok,goals+,2176,0,3528,24589,0
SP-03897,ok,debt,0,26560,0,0,30785
SP-03898,ok,reserve,23909,0,0,0,0
SP-03899,ok,reserve,14904,0,0,0,0
SP-03900,ok,reserve,211,0,17,39,0
SP-03901,ok,reserve,3850,0,0,0,0
SP-03902,ok,goals+,0,0,212,0,86091
SP-03903,ok,debt,104632147,156948219,0,0,0
SP-03904,ok,goals+,0,0,3462,7386,79368
SP-03905,ok,reserve,5597,0,0,0,0
SP-03906,deficit,none,0,0,0,0,0
SP-03907,ok,reserve,28919,0,19278,0,0
SP-03908,ok,reserve,2943,0,1961,0,0
SP-03909,ok,debt,0,44689,0,0,41432
SP-03910,ok,reserve,13160,1105,0,0,0
SP-03911,deficit,none,0,0,0,0,0
SP-03912,deficit,none,0,0,0,0,0
SP-03913,ok,goals+,0,0,11343,0,110062
SP-03914,ok,goals+,1,0,9963,0,297556
SP-03915,deficit,none,0,0,0,0,0
SP-03916,ok,debt,0,139,0,0,12411
SP-03917,ok,debt,0,17853,0,0,220560
SP-03918,deficit,none,0,0,0,0,0
SP-03919,ok,reserve,42350,0,0,0,0
SP-03920,ok,reserve,63040,0,0,0,0
SP-03921,ok,reserve,2632,0,0,0,0
SP-03922,ok,reserve,628,0,0,0,0
SP-03923,ok,reserve,32454,0,0,0,0
SP-03924,ok,debt,4103,6154,0,0,0
SP-03925,ok,reserve,23673,0,15782,0,0
SP-03926,ok,reserve,56842,0,0,0,0
SP-03927,ok,goals+,1,0,0,1500,3326069
SP-03928,ok,reserve,7278,0,0,0,0
SP-03929,ok,reserve,698,0,0,0,0
SP-03930,ok,goals+,0,0,10121,0,218013
SP-03931,ok,debt,0,7738,0,0,228810
SP-03932,ok,reserve,23448,0,0,0,0
SP-03933,ok,reserve,17,0,0,0,0
SP-03934,ok,reserve,3288,0,2191,0,0
SP-03935,ok,reserve,14525,0,0,0,0
SP-03936,ok,reserve,11508,0,0,0,0
SP-03937,ok,reserve,6648,0,0,0,0
SP-03938,ok,reserve,3509,0,0,0,0
SP-03939,ok,reserve,4097,0,2730,0,0
SP-03940,ok,reserve,34182,0,22787,0,0
SP-03941,ok,goals+,0,0,0,21122,108740
SP-03942,ok,reserve,45,0,29,0,0
SP-03943,ok,reserve,4494,0,0,0,0
SP-03944,ok,reserve,13124,0,0,0,0
SP-03945,ok,goals+,335452673,0,941219195,0,0
SP-03946,ok,reserve,11404,0,7602,0,0
SP-03947,ok,reserve,241,0,0,0,0
SP-03948,deficit,none,0,0,0,0,0
SP-03949,deficit,none,0,0,0,0,0
SP-03950,ok,reserve,4131,0,0,0,0
SP-03951,ok,goals+,0,0,54899,0,195557
SP-03952,ok,reserve,49350,0,0,0,0
SP-03953,deficit,none,0,0,0,0,0
SP-03954,deficit,none,0,0,0,0,0
SP-03955,ok,debt,0,2326,0,0,188783
SP-03956,ok,reserve,17289,0,0,0,0
SP-03957,deficit,none,0,0,0,0,0
SP-03958,ok,reserve,11539,0,0,0,0
SP-03959,ok,debt,1,4579,0,0,101508
SP-03960,ok,reserve,14661,0,0,10681,0
SP-03961,ok,reserve,2883,0,1921,0,0
SP-03962,ok,goals+,0,0,0,15667,483726
SP-03963,ok,reserve,8740,0,0,0,0
SP-03964,ok,debt,0,24369,0,0,16594
SP-03965,ok,reserve,22902,0,0,0,0
SP-03966,ok,reserve,22831,0,0,0,0
SP-03967,ok,reserve,6503,0,0,0,0
SP-03968,ok,reserve,18798,0,0,0,0
SP-03969,ok,goals+,0,0,19852,0,2155598
SP-03970,ok,reserve,10253,0,6834,0,0
SP-03971,ok,reserve,2816,0,0,0,0
SP-03972,ok,reserve,7661,0,5106,0,0
SP-03973,ok,debt,5029,5939,0,0,0
SP-03974,ok,debt,0,12728,0,0,20959
SP-03975,ok,reserve,2862,0,0,0,0
SP-03976,ok,reserve,16131,0,6152,0,0
SP-03977,ok,debt,0,14754,0,9837,173164
SP-03978,ok,reserve,5625,0,0,0,0
SP-03979,ok,reserve,5224,0,0,0,0
SP-03980,ok,goals+,0,10110,7245,6740,52668
SP-03981,deficit,none,0,0,0,0,0
SP-03982,ok,debt,0,25494,0,0,29755
SP-03983,ok,reserve,8,0,4,0,0
SP-03984,deficit,none,0,0,0,0,0
SP-03985,ok,debt,0,15582,0,0,321
SP-03986,deficit,none,0,0,0,0,0
SP-03987,ok,reserve,2323136544,0,361452130,0,0
SP-03988,ok,reserve,4674,0,0,0,0
SP-03989,ok,debt,0,20419,0,0,145905
SP-03990,deficit,none,0,0,0,0,0
SP-03991,ok,reserve,5943,0,0,0,0
SP-03992,ok,reserve,8245,0,0,0,0
SP-03993,ok,debt,9904,14855,0,0,0
SP-03994,ok,reserve,4850,0,0,0,0
SP-03995,ok,reserve,3177,0,2117,0,0
SP-03996,deficit,none,0,0,0,0,0
SP-03997,ok,reserve,7755,0,0,0,0
SP-03998,ok,goals+,4299,6448,7164,0,0
SP-03999,deficit,none,0,0,0,0,0
SP-04000,ok,reserve,2208,0,1472,0,0
SP-04001,ok,reserve,20052,0,0,0,0
SP-04002,ok,reserve,19500,0,0,0,0
SP-04003,ok,reserve,21243,0,0,0,0
SP-04004,ok,goals+,0,0,2217,16360,99328
SP-04005,ok,reserve,21141,1135,0,0,0
SP-04006,ok,reserve,8187,0,5457,0,0
SP-04007,ok,reserve,18013,0,6710,0,0
SP-04008,ok,reserve,6549,0,0,0,0
SP-04009,deficit,none,0,0,0,0,0
SP-04010,ok,reserve,1859,0,1238,0,27178
SP-04011,ok,goals+,1,0,14666,0,2208101
SP-04012,ok,reserve,11884,0,0,0,0
SP-04013,ok,goals+,1,0,6804,10980,195414
SP-04014,ok,reserve,24309,0,2737,0,0
SP-04015,ok,goals+,0,0,27155,0,182057
SP-04016,ok,reserve,8838,0,0,0,0
SP-04017,ok,reserve,6593,0,0,0,0
SP-04018,ok,reserve,33027,0,22018,0,0
SP-04019,deficit,none,0,0,0,0,0
SP-04020,ok,reserve,4685,0,0,0,0
SP-04021,ok,reserve,42212,0,28140,0,0
SP-04022,ok,reserve,1094,0,728,0,0
SP-04023,ok,reserve,2667,0,0,0,0
SP-04024,ok,reserve,14130,1558,1732,0,0
SP-04025,deficit,none,0,0,0,0,0
SP-04026,ok,goals+,0,0,18,0,0
SP-04027,ok,reserve,21376,0,0,0,0
SP-04028,ok,reserve,10167,0,6778,0,0
SP-04029,ok,goals+,33022636,49533952,55037725,0,0
SP-04030,ok,reserve,11711,0,7806,0,0
SP-04031,ok,reserve,2294,0,1528,0,0
SP-04032,deficit,none,0,0,0,0,0
SP-04033,ok,reserve,16252,0,10834,0,0
SP-04034,ok,reserve,11405,0,0,0,0
SP-04035,ok,goals+,0,0,6162,28656,95111
SP-04036,ok,reserve,10771,0,0,0,0
SP-04037,ok,reserve,25088,0,2955,0,0
SP-04038,deficit,none,0,0,0,0,0
SP-04039,ok,debt,26114,39171,0,0,0
SP-04040,deficit,none,0,0,0,0,0
SP-04041,deficit,none,0,0,0,0,0
SP-04042,ok,reserve,10223,6580,0,0,0
SP-04043,deficit,none,0,0,0,0,0
SP-04044,deficit,none,0,0,0,0,0
SP-04045,deficit,none,0,0,0,0,0
SP-04046,ok,reserve,459,0,0,0,0
SP-04047,ok,reserve,21326,0,0,0,0
SP-04048,ok,reserve,6828,0,0,0,0
SP-04049,ok,reserve,8802,0,0,0,0
SP-04050,deficit,none,0,0,0,0,0
SP-04051,ok,reserve,3567,0,2377,0,0
SP-04052,ok,reserve,11514,0,7675,0,0
SP-04053,ok,goals+,1,0,2631,43726,1414745
SP-04054,deficit,none,0,0,0,0,0
SP-04055,ok,reserve,36684,0,0,0,0
SP-04056,ok,goals+,0,0,13272,0,78193
SP-04057,ok,goals+,0,0,18083,0,0
SP-04058,ok,reserve,1703,0,1135,0,0
SP-04059,ok,debt,0,1990,0,0,80977
SP-04060,ok,goals+,7246,10868,12076,0,0
SP-04061,ok,reserve,2058,0,0,0,0
SP-04062,deficit,none,0,0,0,0,0
SP-04063,ok,reserve,11518,0,0,0,0
SP-04064,ok,reserve,33954,0,22636,0,0
SP-04065,ok,reserve,17365,0,1532,0,0
SP-04066,ok,goals+,0,0,6607,0,326689
SP-04067,ok,reserve,4293,0,775,0,0
SP-04068,ok,goals+,0,0,22,0,0
SP-04069,ok,reserve,3001,0,0,0,0
SP-04070,ok,goals+,0,0,10112,27278,12444
SP-04071,ok,reserve,1431014299,0,0,0,0
SP-04072,ok,debt,7554,11330,0,0,0
SP-04073,ok,debt,0,2832,0,0,4645
SP-04074,deficit,none,0,0,0,0,0
SP-04075,ok,goals+,0,0,14385,0,121174
SP-04076,deficit,none,0,0,0,0,0
SP-04077,ok,reserve,27154,0,24778,0,0
SP-04078,ok,reserve,7501,0,0,0,0
SP-04079,ok,goals+,5142,7713,8570,0,262334
SP-04080,deficit,none,0,0,0,0,0
SP-04081,ok,debt,0,8392,0,0,47350
SP-04082,ok,reserve,12102,0,0,0,0
SP-04083,deficit,none,0,0,0,0,0
SP-04084,ok,reserve,19601,0,0,0,0
SP-04085,deficit,none,0,0,0,0,0
SP-04086,ok,goals+,0,0,4773,17568,91400
SP-04087,ok,reserve,12207,0,8137,0,0
SP-04088,ok,reserve,11944,0,0,0,0
SP-04089,ok,reserve,9615,0,0,0,0
SP-04090,ok,reserve,4359,0,0,0,0
SP-04091,ok,reserve,24578,0,8969,0,14816
SP-04092,ok,debt,6300,9449,0,0,0
SP-04093,ok,reserve,994,0,0,0,0
SP-04094,ok,reserve,7647,0,0,0,0
SP-04095,ok,goals+,0,0,7656,0,608942
SP-04096,ok,debt,0,30142,0,0,66414
SP-04097,ok,goals+,0,0,0,32036,26352
SP-04098,ok,debt,0,24921,0,0,112897
SP-04099,ok,goals+,0,0,5538,45765,110133
SP-04100,ok,goals+,0,0,6397,0,97546
SP-04101,ok,debt,0,11091,0,0,548
SP-04102,ok,goals+,0,0,6595,30100,91203
SP-04103,ok,reserve,3525,0,2349,0,0
SP-04104,ok,reserve,35711,0,0,0,0
SP-04105,ok,reserve,9436,0,0,0,0
SP-04106,ok,goals+,2131,0,12131,0,0
SP-04107,ok,reserve,5755,0,3836,0,0
SP-04108,ok,debt,0,3890,0,0,46509
SP-04109,ok,debt,0,13515,0,0,8126
SP-04110,ok,reserve,41,0,26,0,0
SP-04111,ok,debt,0,9617,0,0,18360
SP-04112,ok,reserve,12077,0,0,0,0
SP-04113,ok,goals+,0,89826471,159691503,0,269387374
SP-04114,ok,debt,7412,11117,0,0,0
SP-04115,ok,debt,0,16466,0,0,20584
SP-04116,deficit,none,0,0,0,0,0
SP-04117,ok,reserve,1731,0,1154,0,0
SP-04118,ok,goals+,0,0,67959,0,125824
SP-04119,ok,goals+,0,0,118864,0,20625
SP-04120,ok,reserve,6015,0,0,0,0
SP-04121,deficit,none,0,0,0,0,0
SP-04122,deficit,none,0,0,0,0,0
SP-04123,ok,reserve,11267,0,0,0,0
SP-04124,deficit,none,0,0,0,0,0
SP-04125,deficit,none,0,0,0,0,0
SP-04126,ok,goals+,5071,7606,8450,0,0
SP-04127,ok,reserve,33810,7686,0,0,0
SP-04128,ok,reserve,30360,0,0,0,0
SP-04129,deficit,none,0,0,0,0,0
SP-04130,ok,debt,0,26019,0,0,90959
SP-04131,ok,reserve,43380,0,0,0,0
SP-04132,ok,reserve,9499,0,0,0,0
SP-04133,ok,reserve,15330,0,10220,0,0
SP-04134,ok,reserve,15483,1946,0,0,0
SP-04135,ok,reserve,3853,0,2568,0,0
SP-04136,ok,debt,0,26774,0,0,62433
SP-04137,ok,goals+,0,0,1122,0,1360109
SP-04138,ok,debt,0,21210,0,0,16822
SP-04139,ok,reserve,9080,0,0,0,0
SP-04140,ok,goals+,231,345,384,0,226599
SP-04141,ok,reserve,17036,0,0,0,0
SP-04142,ok,reserve,5176,0,0,0,0
SP-04143,ok,reserve,9764,0,0,0,0
SP-04144,ok,reserve,8277,0,0,0,0
SP-04145,deficit,none,0,0,0,0,0
SP-04146,deficit,none,0,0,0,0,0
SP-04147,ok,debt,0,21582,0,0,49229
SP-04148,ok,reserve,28609,0,9571,0,0
SP-04149,ok,goals+,0,0,11892,0,11125
SP-04150,ok,reserve,33337,0,0,0,0
SP-04151,ok,debt,2048,3425,0,0,0
SP-04152,ok,reserve,75,0,50,0,0
SP-04153,ok,debt,0,11276,0,0,112529
SP-04154,ok,goals+,1682,2521,2801,0,0
SP-04155,ok,debt,0,501955223,0,0,7743494316
SP-04156,ok,reserve,36516,0,0,0,0
SP-04157,ok,reserve,20812,0,5548,0,0
SP-04158,deficit,none,0,0,0,0,0
SP-04159,ok,reserve,4504,0,0,0,0
SP-04160,ok,reserve,2064,0,1376,0,0
SP-04161,ok,goals+,0,0,44715,29595,483025
SP-04162,ok,reserve,3815,0,2543,0,0
SP-04163,ok,reserve,70895,0,2586,0,0
SP-04164,deficit,none,0,0,0,0,0
SP-04165,ok,debt,2667,7548,0,0,100846
SP-04166,deficit,none,0,0,0,0,0
SP-04167,deficit,none,0,0,0,0,0
SP-04168,ok,reserve,5178,0,3452,0,0
SP-04169,ok,goals+,13828,18489,20543,0,0
SP-04170,deficit,none,0,0,0,0,0
SP-04171,ok,reserve,20639,0,13759,0,0
SP-04172,ok,reserve,8533,619,0,0,0
SP-04173,ok,debt,0,12575,0,0,100359
SP-04174,ok,goals+,0,0,8956,3226,103360
SP-04175,ok,goals+,0,0,16429,14282,394968
SP-04176,ok,reserve,82,0,0,0,0
SP-04177,ok,reserve,9539,0,6358,0,0
SP-04178,deficit,none,0,0,0,0,0
SP-04179,ok,goals+,1,0,0,29273,5175441
SP-04180,ok,reserve,27337,0,0,0,0
SP-04181,ok,reserve,9000,0,6000,0,0
SP-04182,ok,reserve,2151,0,1433,0,0
SP-04183,ok,reserve,6438,0,0,0,0
SP-04184,ok,reserve,3449,0,0,0,0
SP-04185,ok,reserve,5183,0,0,0,0
SP-04186,deficit,none,0,0,0,0,0
SP-04187,ok,debt,9838,11733,0,0,0
SP-04188,ok,reserve,21469,0,0,0,0
SP-04189,deficit,none,0,0,0,0,0
SP-04190,ok,reserve,43882,0,1646,0,0
SP-04191,ok,goals+,0,0,12136,0,53214
SP-04192,ok,reserve,29481,0,19653,0,0
SP-04193,deficit,none,0,0,0,0,0
SP-04194,ok,reserve,24,0,15,0,0
SP-04195,ok,reserve,28018,0,0,0,0
SP-04196,ok,reserve,34566,0,0,0,0
SP-04197,deficit,none,0,0,0,0,0
SP-04198,ok,reserve,6071,0,0,0,0
SP-04199,ok,reserve,6889,0,0,0,0
SP-04200,deficit,none,0,0,0,0,0
SP-04201,ok,reserve,23217,0,0,0,0
SP-04202,ok,reserve,64048,0,6266,0,0
SP-04203,ok,reserve,28593,0,0,0,0
SP-04204,ok,reserve,19457,0,0,0,0
SP-04205,ok,reserve,14656,0,9770,0,0
SP-04206,deficit,none,0,0,0,0,0
SP-04207,ok,reserve,8258,0,0,0,0
SP-04208,ok,reserve,20317,0,0,0,0
SP-04209,deficit,none,0,0,0,0,0
SP-04210,ok,reserve,2719,0,1812,0,0
SP-04211,ok,reserve,74101,0,0,0,0
SP-04212,ok,reserve,22957,0,0,0,0
SP-04213,ok,debt,45655,68481,0,0,0
SP-04214,deficit,none,0,0,0,0,0
SP-04215,ok,goals+,0,0,0,45801,73379
SP-04216,deficit,none,0,0,0,0,39297
SP-04217,ok,reserve,10677,0,775,0,0
SP-04218,deficit,none,0,0,0,0,243203
SP-04219,ok,reserve,18230,0,0,0,0
SP-04220,ok,reserve,4486,0,2990,0,0
SP-04221,deficit,none,0,0,0,0,610329
SP-04222,ok,reserve,5488,0,0,0,0
SP-04223,ok,reserve,9030,0,0,0,0
SP-04224,ok,debt,2062,21931,3436,0,50336
SP-04225,deficit,none,0,0,0,0,0
SP-04226,ok,reserve,3054,0,2035,0,0
SP-04227,ok,goals+,2641,3960,4400,0,0
SP-04228,ok,reserve,18170,0,12112,0,0
SP-04229,ok,reserve,9848,0,0,0,0
SP-04230,deficit,none,0,0,0,0,0
SP-04231,ok,debt,0,7733,0,0,11536
SP-04232,ok,reserve,23791,0,0,0,0
SP-04233,ok,reserve,14508,0,0,0,0
SP-04234,ok,reserve,27328,0,0,0,0
SP-04235,ok,reserve,4151,0,0,0,0
SP-04236,ok,reserve,11,0,6,0,0
SP-04237,ok,debt,12711,19065,0,0,0
SP-04238,deficit,none,0,0,0,0,0
SP-04239,deficit,none,0,0,0,0,0
SP-04240,ok,reserve,28193,0,0,0,0
SP-04241,ok,debt,0,8370,0,0,18389
SP-04242,deficit,none,0,0,0,0,0
SP-04243,ok,reserve,49110,0,9083,0,0
SP-04244,deficit,none,0,0,0,0,0
SP-04245,ok,debt,0,40861,0,0,1714
SP-04246,ok,reserve,5166,0,3443,0,0
SP-04247,ok,debt,0,14434,0,0,2081
SP-04248,deficit,none,0,0,0,0,0
SP-04249,ok,reserve,30951,0,0,0,0
SP-04250,ok,goals+,0,0,1862,0,131005
SP-04251,deficit,none,0,0,0,0,0
SP-04252,ok,reserve,13546,0,0,0,0
SP-04253,ok,goals+,3166,4747,5275,0,0
SP-04254,ok,reserve,24734,0,0,0,0
SP-04255,ok,reserve,2691,0,0,0,0
SP-04256,ok,reserve,1816,0,1210,0,0
SP-04257,ok,debt,0,4739,0,0,58869
SP-04258,ok,reserve,6585,0,4390,0,0
SP-04259,ok,reserve,8153,0,0,0,0
SP-04260,deficit,none,0,0,0,0,0
SP-04261,ok,reserve,35378,0,0,0,0
SP-04262,ok,reserve,35924,0,12930,0,0
SP-04263,ok,goals+,1,0,0,29859,1444420
SP-04264,ok,reserve,5882,0,0,0,0
SP-04265,ok,reserve,17467,0,0,0,0
SP-04266,ok,reserve,17618,0,11745,0,0
SP-04267,ok,reserve,4351,0,0,0,0
SP-04268,ok,reserve,9311,3573,3518,0,0
SP-04269,ok,reserve,7317,0,0,0,0
SP-04270,ok,reserve,4313,0,148,0,0
SP-04271,ok,reserve,10655,4646,5162,0,0
SP-04272,deficit,none,0,0,0,0,0
SP-04273,ok,reserve,2831,0,1887,0,0
SP-04274,ok,debt,0,57186,0,0,242196
SP-04275,deficit,none,0,0,0,0,0
SP-04276,ok,reserve,17407,0,11604,0,0
SP-04277,ok,reserve,8503,0,0,0,0
SP-04278,ok,reserve,106,0,18,0,0
SP-04279,ok,reserve,11839,0,0,0,0
SP-04280,ok,reserve,42899,0,0,0,0
SP-04281,ok,reserve,459547306,0,0,0,0
SP-04282,ok,debt,0,14518,0,0,13441
SP-04283,ok,reserve,38737,0,0,0,0
SP-04284,deficit,none,0,0,0,0,0
SP-04285,ok,goals+,2636,3954,4392,0,0
SP-04286,ok,goals+,12397,0,16952,0,0
SP-04287,ok,reserve,10228,0,0,0,0
SP-04288,ok,debt,740,1624,0,0,0
SP-04289,ok,debt,0,46852,0,0,43214
SP-04290,deficit,none,0,0,0,0,0
SP-04291,ok,reserve,5019,0,0,0,0
SP-04292,ok,reserve,16054,0,0,0,0
SP-04293,deficit,none,0,0,0,0,0
SP-04294,ok,reserve,12340,0,0,0,0
SP-04295,deficit,none,0,0,0,0,0
SP-04296,ok,reserve,18329,0,0,0,0
SP-04297,ok,goals+,0,0,3166,10918,191484
SP-04298,ok,debt,0,4008,0,0,37351
SP-04299,ok,goals+,0,0,0,18337,108892
SP-04300,ok,goals+,0,0,32018,0,174939
SP-04301,deficit,none,0,0,0,0,0
SP-04302,ok,reserve,21068,0,0,531,0
SP-04303,deficit,none,0,0,0,0,0
SP-04304,ok,reserve,18977,0,12650,0,0
SP-04305,ok,goals+,0,0,12632,435,1648630
SP-04306,ok,reserve,5810,0,0,0,0
SP-04307,ok,reserve,4010,0,0,0,0
SP-04308,ok,goals+,16291,0,19350,0,0
SP-04309,ok,reserve,51500,0,0,0,0
SP-04310,deficit,none,0,0,0,0,0
SP-04311,ok,debt,1,40704,0,0,701821
SP-04312,deficit,none,0,0,0,0,0
SP-04313,ok,reserve,34651,0,5446,0,0
SP-04314,deficit,none,0,0,0,0,0
SP-04315,ok,debt,0,4494,0,0,14312
SP-04316,ok,reserve,49336,0,0,0,0
SP-04317,ok,debt,2007,11312,0,0,0
SP-04318,ok,reserve,15385,0,10256,0,0
SP-04319,ok,debt,0,12662,0,0,40554
SP-04320,ok,reserve,18,0,11,0,0
SP-04321,ok,debt,24806,37208,0,0,0
SP-04322,ok,reserve,7811,0,0,0,0
SP-04323,deficit,none,0,0,0,0,0
SP-04324,ok,reserve,24195,0,12093,0,0
SP-04325,ok,reserve,25126,0,0,0,0
SP-04326,deficit,none,0,0,0,0,0
SP-04327,ok,goals+,5407,5939,6598,0,0
SP-04328,ok,debt,0,3922,0,2616,40510
SP-04329,ok,debt,0,74163,0,0,181696
SP-04330,ok,reserve,16443,0,0,0,0
SP-04331,ok,reserve,5919,0,0,0,0
SP-04332,deficit,none,0,0,0,0,0
SP-04333,ok,reserve,2194,0,0,0,0
SP-04334,ok,reserve,19997,0,8690,0,0
SP-04335,deficit,none,0,0,0,0,0
SP-04336,ok,reserve,11527,0,7684,0,0
SP-04337,ok,reserve,11025,0,0,0,0
SP-04338,deficit,none,0,0,0,0,0
SP-04339,ok,debt,5882,8823,0,0,0
SP-04340,ok,reserve,5980,0,0,0,0
SP-04341,ok,reserve,3219,0,0,0,0
SP-04342,ok,reserve,17471,0,11646,0,0
SP-04343,ok,goals+,3520,5278,5865,0,0
SP-04344,ok,goals+,8834,0,0,17696,0
SP-04345,ok,reserve,29661,0,6218,0,0
SP-04346,ok,goals+,0,0,25055,44955,61806
SP-04347,ok,goals+,1,0,0,78157,2018591
SP-04348,ok,reserve,13836,0,2234,0,0
SP-04349,ok,goals+,0,0,26342,0,51002
SP-04350,ok,reserve,9915,0,2768,0,0
SP-04351,ok,debt,0,4946,0,0,19744
SP-04352,deficit,none,0,0,0,0,170478
SP-04353,ok,reserve,11609,0,0,0,0
SP-04354,ok,goals+,1158,1737,1929,0,0
SP-04355,ok,debt,5483,8223,0,0,0
SP-04356,deficit,none,0,0,0,0,0
SP-04357,ok,goals+,0,0,0,26369,329871
SP-04358,ok,debt,0,10510,0,0,15671
SP-04359,ok,reserve,33453,0,0,0,0
SP-04360,ok,reserve,3746,0,0,0,0
SP-04361,ok,reserve,15864,0,0,0,0
SP-04362,ok,reserve,8,0,4,0,0
SP-04363,ok,debt,2521,14312,0,0,0
SP-04364,ok,reserve,8829,0,5885,0,0
SP-04365,ok,goals+,10875735,16313601,18126223,0,0
SP-04366,ok,reserve,9420,908,1009,0,0
SP-04367,ok,reserve,15401,0,1633,0,0
SP-04368,deficit,none,0,0,0,0,0
SP-04369,ok,reserve,8573,0,3007,0,0
SP-04370,ok,reserve,24231,0,0,0,0
SP-04371,ok,goals+,0,0,0,148246,323358
SP-04372,ok,reserve,2433,0,0,0,0
SP-04373,deficit,none,0,0,0,0,0
SP-04374,deficit,none,0,0,0,0,0
SP-04375,ok,goals+,0,0,22912,0,188214
SP-04376,ok,goals+,0,0,14261,13027,177244
SP-04377,deficit,none,0,0,0,0,0
SP-04378,ok,reserve,3455,0,2303,0,0
SP-04379,ok,reserve,34075,0,11543,0,0
SP-04380,deficit,none,0,0,0,0,0
SP-04381,ok,reserve,13303,0,8868,0,0
SP-04382,ok,debt,0,2940,0,0,82966
SP-04383,ok,reserve,20897,0,0,0,0
SP-04384,deficit,none,0,0,0,0,0
SP-04385,ok,reserve,22650,0,0,0,0
SP-04386,deficit,none,0,0,0,0,0
SP-04387,ok,debt,0,35779,0,0,67696
SP-04388,ok,reserve,271,0,0,0,0
SP-04389,ok,debt,0,9446,2202,4096,323148
SP-04390,deficit,none,0,0,0,0,0
SP-04391,ok,reserve,9710,0,0,0,0
SP-04392,ok,reserve,9096,0,0,0,0
SP-04393,ok,reserve,800,0,532,0,0
SP-04394,ok,reserve,21792,0,0,0,0
SP-04395,ok,reserve,3326,0,2216,0,0
SP-04396,ok,reserve,3920,0,0,0,0
SP-04397,ok,reserve,2185,0,0,0,0
SP-04398,ok,goals+,14426,0,33454,0,0
SP-04399,ok,reserve,23903,4355,4838,0,0
SP-04400,deficit,none,0,0,0,0,110447
SP-04401,ok,reserve,19866,0,13243,0,0
SP-04402,ok,reserve,36458,0,0,0,0
SP-04403,ok,reserve,8237,0,5491,0,0
SP-04404,ok,reserve,102,0,64,0,0
SP-04405,ok,reserve,34285,0,10194,0,0
SP-04406,deficit,none,0,0,0,0,0
SP-04407,ok,goals+,0,0,319401166,0,2194214641
SP-04408,ok,reserve,10878,0,7252,0,0
SP-04409,ok,goals+,0,0,8526,0,46594
SP-04410,deficit,none,0,0,0,0,0
SP-04411,ok,reserve,31701,0,3723,0,0
SP-04412,ok,goals+,0,0,0,30590,799126
SP-04413,ok,reserve,29082,0,0,0,0
SP-04414,ok,debt,0,24824,0,0,4420
SP-04415,ok,reserve,18361,0,0,0,0
SP-04416,deficit,none,0,0,0,0,0
SP-04417,ok,reserve,39743,0,11274,0,0
SP-04418,ok,reserve,13361,0,0,0,0
SP-04419,ok,reserve,16085,0,0,0,0
SP-04420,ok,goals+,0,0,0,4018,421381
SP-04421,ok,reserve,3956,0,0,0,0
SP-04422,deficit,none,0,0,0,0,0
SP-04423,ok,reserve,25453,0,0,0,0
SP-04424,ok,reserve,8471,0,0,0,0
SP-04425,ok,reserve,10025,0,0,0,0
SP-04426,deficit,none,0,0,0,0,0
SP-04427,ok,reserve,12436,0,0,0,0
SP-04428,ok,reserve,21465,0,0,0,0
SP-04429,deficit,none,0,0,0,0,0
SP-04430,ok,debt,0,4064,0,0,4849
SP-04431,ok,goals+,0,0,3032,0,786065
SP-04432,ok,reserve,26104,5897,0,0,0
SP-04433,ok,reserve,12483,0,0,0,0
SP-04434,ok,debt,4949,11776,0,0,0
SP-04435,ok,debt,0,8905,0,0,92996
SP-04436,ok,goals+,0,0,28530,2637,417186
SP-04437,ok,reserve,14252,0,9501,0,0
SP-04438,deficit,none,0,0,0,0,0
SP-04439,ok,reserve,15114,0,0,0,0
SP-04440,deficit,none,0,0,0,0,0
SP-04441,ok,debt,0,43105,0,0,36255
SP-04442,ok,debt,0,22297,0,0,44981
SP-04443,ok,reserve,7952,0,5300,0,0
SP-04444,ok,debt,0,4177,0,0,85337
SP-04445,ok,goals+,277,415,461,0,0
SP-04446,ok,goals+,0,0,10,0,0
SP-04447,ok,goals+,1929,0,0,15404,0
SP-04448,ok,reserve,25885,0,0,0,0
SP-04449,deficit,none,0,0,0,0,4661895223
SP-04450,ok,goals+,7990,11985,13316,0,0
SP-04451,ok,goals+,0,0,6924,0,279369
SP-04452,deficit,none,0,0,0,0,0
SP-04453,ok,reserve,5306,0,0,0,0
SP-04454,ok,reserve,4645,0,0,0,0
SP-04455,ok,goals+,1,0,58630,22099,957398
SP-04456,ok,goals+,0,0,0,42263,144490
SP-04457,ok,reserve,23316,0,0,0,0
SP-04458,deficit,none,0,0,0,0,0
SP-04459,ok,reserve,4972,0,3314,0,0
SP-04460,ok,reserve,1519,0,1012,0,0
SP-04461,ok,debt,0,16757,0,0,31801
SP-04462,ok,debt,0,37441,0,0,86312
SP-04463,ok,reserve,25065,0,16710,0,0
SP-04464,ok,reserve,20848,0,9479,0,0
SP-04465,ok,reserve,4416,0,0,0,0
SP-04466,ok,reserve,1393,0,0,0,0
SP-04467,ok,debt,0,6159,0,4107,34336
SP-04468,deficit,none,0,0,0,0,0
SP-04469,ok,reserve,13488,0,0,0,0
SP-04470,ok,reserve,15564,0,0,0,0
SP-04471,ok,reserve,7344,0,0,0,0
SP-04472,ok,reserve,12621,0,8414,0,0
SP-04473,ok,goals+,1,0,18569,0,1046607
SP-04474,ok,reserve,17935,0,0,0,0
SP-04475,ok,goals+,0,0,42394,4069,257789
SP-04476,ok,debt,0,21172,0,0,2196
SP-04477,deficit,none,0,0,0,0,0
SP-04478,ok,goals+,0,0,23831,6689,109436
SP-04479,ok,reserve,392,0,260,0,0
SP-04480,ok,reserve,68581,0,29190,0,0
SP-04481,ok,goals+,0,0,8514,16414,40738
SP-04482,ok,reserve,10750,0,0,0,0
SP-04483,deficit,none,0,0,0,0,0
SP-04484,ok,reserve,1244,0,0,0,0
SP-04485,ok,reserve,16585,0,0,0,0
SP-04486,ok,reserve,8358,0,3578,0,0
SP-04487,ok,reserve,89771,0,0,0,0
SP-04488,ok,reserve,43,0,10,0,0
SP-04489,ok,reserve,12125,0,0,0,0
SP-04490,ok,reserve,1761,0,0,0,0
SP-04491,ok,reserve,6705323,0,0,0,0
SP-04492,deficit,none,0,0,0,0,42743
SP-04493,ok,reserve,18642,0,9584,0,0
SP-04494,deficit,none,0,0,0,0,0
SP-04495,ok,reserve,36869,3194,3549,0,0
SP-04496,ok,reserve,27244,0,3570,0,0
SP-04497,ok,goals+,20937,0,24570,18455,0
SP-04498,ok,reserve,14738,0,9824,0,0
SP-04499,ok,debt,0,25853,0,0,48027
SP-04500,deficit,none,0,0,0,0,0
SP-04501,ok,reserve,19913,0,0,0,0
SP-04502,ok,debt,2617,4037,0,0,0
SP-04503,ok,debt,0,21594,0,0,6248
SP-04504,ok,goals+,0,0,20149,0,259958
SP-04505,ok,reserve,12250,0,0,0,0
SP-04506,deficit,none,0,0,0,0,0
SP-04507,deficit,none,0,0,0,0,0
SP-04508,ok,reserve,32853,0,0,0,0
SP-04509,ok,reserve,30005,0,0,0,0
SP-04510,ok,goals+,0,0,24316,0,65223
SP-04511,ok,goals+,0,0,0,12638,0
SP-04512,ok,reserve,9321,0,0,0,0
SP-04513,ok,reserve,12501,0,3234,0,0
SP-04514,ok,reserve,36228,0,2912,0,0
SP-04515,ok,goals+,1,0,0,7367,4668309
SP-04516,ok,reserve,22149,10936,0,0,0
SP-04517,ok,reserve,3358,0,0,0,0
SP-04518,ok,reserve,1862,0,1241,0,0
SP-04519,ok,goals+,0,0,0,1916,210675
SP-04520,deficit,none,0,0,0,0,0
SP-04521,ok,reserve,7930,0,0,0,0
SP-04522,ok,reserve,26701,0,17800,0,0
SP-04523,ok,reserve,48545,0,4404,0,0
SP-04524,deficit,none,0,0,0,0,0
SP-04525,deficit,none,0,0,0,0,0
SP-04526,ok,debt,0,32832,0,0,247736
SP-04527,ok,reserve,6107,0,0,0,0
SP-04528,ok,reserve,9157,0,0,0,0
SP-04529,ok,reserve,21521,0,0,0,0
SP-04530,ok,reserve,89,0,23,0,0
SP-04531,ok,goals+,0,11727,5343,7818,221337
SP-04532,ok,reserve,18083,0,0,0,0
SP-04533,ok,reserve,791652546,0,0,0,0
SP-04534,ok,reserve,3623,0,2414,0,0
SP-04535,deficit,none,0,0,0,0,0
SP-04536,deficit,none,0,0,0,0,0
SP-04537,ok,goals+,905,1356,1506,0,0
SP-04538,ok,reserve,14434,321,0,0,0
SP-04539,ok,reserve,4935,0,3290,0,0
SP-04540,ok,goals+,0,0,0,13595,0
SP-04541,ok,reserve,69316,0,18195,0,0
SP-04542,deficit,none,0,0,0,0,0
SP-04543,ok,reserve,10510,0,0,0,0
SP-04544,ok,reserve,23032,0,0,0,0
SP-04545,ok,reserve,9767,0,0,0,0
SP-04546,ok,reserve,10371,0,6913,0,0
SP-04547,ok,reserve,11335,0,7556,0,0
SP-04548,ok,reserve,22332,0,14858,0,0
SP-04549,ok,reserve,2102,0,1401,0,0
SP-04550,ok,reserve,24190,0,0,0,0
SP-04551,ok,goals+,0,0,0,25350,40483
SP-04552,ok,reserve,1872,0,0,0,0
SP-04553,deficit,none,0,0,0,0,0
SP-04554,deficit,none,0,0,0,0,0
SP-04555,deficit,none,0,0,0,0,0
SP-04556,ok,reserve,19115,0,9860,0,0
SP-04557,ok,goals+,0,0,0,11683,3622000
SP-04558,ok,reserve,6814,0,4542,0,95232
SP-04559,ok,reserve,31069,0,9766,0,0
SP-04560,ok,debt,0,8293,0,0,36354
SP-04561,ok,reserve,10875,0,7249,0,0
SP-04562,ok,reserve,24295,0,0,0,0
SP-04563,ok,debt,0,1736,0,0,226540
SP-04564,deficit,none,0,0,0,0,0
SP-04565,ok,reserve,22617,0,0,0,0
SP-04566,ok,goals+,17012,0,24113,0,0
SP-04567,ok,reserve,19973,0,13315,0,0
SP-04568,deficit,none,0,0,0,0,108133
SP-04569,ok,reserve,5253,0,0,0,0
SP-04570,ok,debt,726,1087,0,0,0
SP-04571,ok,goals+,0,0,60314,0,137596
SP-04572,ok,goals+,0,0,42,0,0
SP-04573,ok,goals+,20688,0,16197,10918,0
SP-04574,ok,reserve,7684,0,0,0,0
SP-04575,ok,debt,7699993,11549988,0,0,0
SP-04576,ok,goals+,0,0,12868,0,19100
SP-04577,ok,reserve,4301,0,0,0,0
SP-04578,deficit,none,0,0,0,0,0
SP-04579,ok,reserve,6383,0,4254,0,0
SP-04580,ok,reserve,5699,0,0,0,0
SP-04581,ok,debt,0,5230,0,0,5962
SP-04582,ok,goals+,0,0,14296,77332,170582
SP-04583,ok,goals+,0,0,21437,3636,73090
SP-04584,deficit,none,0,0,0,0,0
SP-04585,ok,reserve,15604,0,0,0,0
SP-04586,ok,reserve,20890,0,5216,0,0
SP-04587,deficit,none,0,0,0,0,0
SP-04588,ok,reserve,28466,0,0,0,0
SP-04589,ok,reserve,39697,0,0,0,0
SP-04590,ok,reserve,25051,0,0,0,0
SP-04591,ok,goals+,0,0,0,11361,216287
SP-04592,ok,goals+,0,0,1702,0,36065
SP-04593,ok,reserve,10850,0,0,0,0
SP-04594,ok,goals+,0,0,66389,0,132754
SP-04595,ok,reserve,3777,0,1301,0,0
SP-04596,ok,debt,0,590,0,0,110338
SP-04597,ok,reserve,16790,0,5448,0,0
SP-04598,ok,reserve,16254,0,10835,0,0
SP-04599,ok,goals+,0,0,6575,0,261428
SP-04600,ok,reserve,42093,0,25574,0,0
SP-04601,ok,reserve,21345,0,14230,0,0
SP-04602,ok,reserve,19248,5048,5609,0,0
SP-04603,ok,reserve,10728,0,0,0,0
SP-04604,ok,reserve,2556,0,0,0,0
SP-04605,ok,reserve,6622,0,0,0,0
SP-04606,ok,reserve,6727,0,0,0,0
SP-04607,ok,debt,0,8124,0,0,3703
SP-04608,deficit,none,0,0,0,0,0
SP-04609,ok,reserve,35661,0,0,0,0
SP-04610,ok,reserve,24932,0,0,0,0
SP-04611,ok,reserve,16893,0,11234,0,0
SP-04612,ok,reserve,3213,0,0,0,0
SP-04613,ok,reserve,6979,0,0,0,0
SP-04614,ok,goals+,0,0,42,196,0
SP-04615,deficit,none,0,0,0,0,0
SP-04616,ok,reserve,6059,0,4039,0,0
SP-04617,ok,goals+,0,0,432579998,0,841649946
SP-04618,ok,reserve,6951,0,4633,0,0
SP-04619,deficit,none,0,0,0,0,0
SP-04620,deficit,none,0,0,0,0,0
SP-04621,ok,reserve,9046,0,6030,0,0
SP-04622,deficit,none,0,0,0,0,0
SP-04623,ok,goals+,0,0,42532,0,34501
SP-04624,ok,reserve,12588,0,8392,0,0
SP-04625,deficit,none,0,0,0,0,0
SP-04626,deficit,none,0,0,0,0,0
SP-04627,ok,debt,0,10216,0,0,58105
SP-04628,deficit,none,0,0,0,0,0
SP-04629,deficit,none,0,0,0,0,0
SP-04630,deficit,none,0,0,0,0,0
SP-04631,ok,reserve,61700,0,0,0,0
SP-04632,deficit,none,0,0,0,0,0
SP-04633,ok,reserve,14788,0,855,10084,0
SP-04634,ok,reserve,1899,0,1265,0,0
SP-04635,ok,goals+,0,0,0,10433,93543
SP-04636,ok,debt,0,1804,0,0,42689
SP-04637,ok,reserve,6181,0,0,0,0
SP-04638,ok,debt,391,16514,0,0,0
SP-04639,ok,reserve,26690,0,0,0,0
SP-04640,deficit,none,0,0,0,0,0
SP-04641,ok,goals+,0,0,8291,0,660890
SP-04642,ok,reserve,8407,0,5604,0,0
SP-04643,ok,reserve,58088,0,2535,0,0
SP-04644,ok,reserve,27268,0,0,0,0
SP-04645,ok,debt,9759,20832,6505,0,20761
SP-04646,ok,goals+,4838,7255,8061,0,0
SP-04647,ok,reserve,2007,0,1338,0,0
SP-04648,deficit,none,0,0,0,0,0
SP-04649,ok,reserve,76308,0,18245,0,0
SP-04650,deficit,none,0,0,0,0,0
SP-04651,ok,debt,0,2639,0,0,32251
SP-04652,ok,reserve,18400,0,0,0,0
SP-04653,ok,goals+,0,0,10188,0,11447
SP-04654,ok,reserve,42906,0,6358,0,0
SP-04655,ok,debt,0,35105,0,0,692931
SP-04656,ok,reserve,5,0,2,0,0
SP-04657,ok,reserve,11007,0,0,0,122198
SP-04658,ok,goals+,0,0,9487,0,300731
SP-04659,ok,debt,0,23116862,0,0,8508418729
SP-04660,ok,reserve,20620,0,0,0,0
SP-04661,ok,reserve,14132,0,0,0,0
SP-04662,deficit,none,0,0,0,0,0
SP-04663,deficit,none,0,0,0,0,0
SP-04664,ok,debt,0,20589,0,0,6432
SP-04665,ok,goals+,0,0,18673,29013,0
SP-04666,ok,debt,8551,13473,0,0,0
SP-04667,deficit,none,0,0,0,0,0
SP-04668,deficit,none,0,0,0,0,0
SP-04669,ok,reserve,31769,0,4840,0,0
SP-04670,ok,goals+,0,0,252,0,384693
SP-04671,deficit,none,0,0,0,0,0
SP-04672,ok,debt,0,294,0,0,532217
SP-04673,ok,reserve,36989,0,24658,0,0
SP-04674,deficit,none,0,0,0,0,0
SP-04675,ok,debt,0,29513,0,0,16538
SP-04676,ok,reserve,3279,0,2186,0,0
SP-04677,ok,reserve,27282,0,0,0,0
SP-04678,ok,reserve,25761,0,0,0,0
SP-04679,ok,reserve,16992,0,0,0,0
SP-04680,deficit,none,0,0,0,0,0
SP-04681,ok,reserve,12644,0,0,0,0
SP-04682,ok,reserve,65939,0,1540,0,0
SP-04683,ok,goals+,1,0,0,25890,606045
SP-04684,ok,goals+,0,0,44659,0,57399
SP-04685,ok,debt,0,18909,0,0,436353
SP-04686,ok,debt,0,48152,0,0,474
SP-04687,ok,reserve,4629,0,0,0,0
SP-04688,deficit,none,0,0,0,0,0
SP-04689,ok,reserve,10060,0,0,0,0
SP-04690,ok,goals+,2832,4248,4719,0,0
SP-04691,ok,reserve,8040,0,0,0,0
SP-04692,deficit,none,0,0,0,0,0
SP-04693,ok,debt,0,20385,0,0,26136
SP-04694,ok,reserve,7227,0,4818,0,0
SP-04695,ok,reserve,7049,0,4698,0,0
SP-04696,ok,reserve,3927,0,2617,0,0
SP-04697,ok,reserve,13927,2332,0,0,0
SP-04698,ok,reserve,5,0,3,0,0
SP-04699,ok,goals+,10011,15015,16684,0,0
SP-04700,ok,debt,0,16184,0,0,67728
SP-04701,ok,reserve,143785138,0,0,0,0
SP-04702,deficit,none,0,0,0,0,0
SP-04703,ok,reserve,13356,0,6291,0,0
SP-04704,deficit,none,0,0,0,0,0
SP-04705,ok,reserve,8845,0,3091,0,0
SP-04706,ok,reserve,4704,0,3135,0,0
SP-04707,ok,goals+,0,0,39915,122750,76583
SP-04708,deficit,none,0,0,0,0,153243
SP-04709,ok,goals+,0,0,0,17392,98160
SP-04710,deficit,none,0,0,0,0,0
SP-04711,ok,goals+,0,0,455,0,29125
SP-04712,ok,reserve,18236,0,12156,0,0
SP-04713,deficit,none,0,0,0,0,0
SP-04714,ok,reserve,19407,0,12937,0,0
SP-04715,ok,goals+,11837,17755,19727,0,0
SP-04716,deficit,none,0,0,0,0,0
SP-04717,deficit,none,0,0,0,0,0
SP-04718,ok,reserve,7646,0,0,0,0
SP-04719,ok,reserve,26245,0,0,0,0
SP-04720,ok,goals+,1476,2212,2363,0,0
SP-04721,ok,reserve,19441,0,12960,0,120841
SP-04722,ok,debt,0,1852,0,0,64666
SP-04723,ok,reserve,5876,0,3917,0,0
SP-04724,ok,reserve,10859,0,7239,0,0
SP-04725,ok,goals+,0,0,0,11593,2000380
SP-04726,ok,debt,0,12115,0,0,7067
SP-04727,ok,reserve,25137,0,12999,0,0
SP-04728,deficit,none,0,0,0,0,0
SP-04729,deficit,none,0,0,0,0,0
SP-04730,ok,reserve,54165,0,0,0,0
SP-04731,ok,debt,0,776,0,0,224262
SP-04732,deficit,none,0,0,0,0,0
SP-04733,ok,goals+,2962,4441,4935,0,0
SP-04734,deficit,none,0,0,0,0,0
SP-04735,deficit,none,0,0,0,0,0
SP-04736,ok,reserve,2077,0,0,0,0
SP-04737,ok,reserve,2124,0,1415,0,0
SP-04738,ok,reserve,12071,0,8046,0,0
SP-04739,ok,debt,0,8336,0,0,9319
SP-04740,ok,goals+,0,0,11,0,0
SP-04741,ok,reserve,12420,4673,0,0,0
SP-04742,ok,reserve,3391,0,0,0,0
SP-04743,ok,debt,0,16370920,0,0,436070460
SP-04744,ok,goals+,11659,17487,19430,0,0
SP-04745,deficit,none,0,0,0,0,0
SP-04746,deficit,none,0,0,0,0,0
SP-04747,ok,reserve,2645,0,1762,0,0
SP-04748,ok,reserve,12745,0,0,0,0
SP-04749,ok,goals+,0,0,77496,2325,11740
SP-04750,ok,goals+,0,168,299,0,212827
SP-04751,deficit,none,0,0,0,0,0
SP-04752,deficit,none,0,0,0,0,0
SP-04753,ok,reserve,11603,0,0,0,0
SP-04754,deficit,none,0,0,0,0,0
SP-04755,deficit,none,0,0,0,0,0
SP-04756,ok,debt,0,13196,0,0,24278
SP-04757,ok,debt,0,7062,0,0,10571
SP-04758,deficit,none,0,0,0,0,0
SP-04759,ok,goals+,5177,0,0,11555,0
SP-04760,ok,reserve,5269,0,3512,0,0
SP-04761,deficit,none,0,0,0,0,0
SP-04762,ok,reserve,2263,0,0,0,0
SP-04763,ok,reserve,4328,0,2884,0,0
SP-04764,ok,reserve,8675,8583,0,0,0
SP-04765,ok,reserve,32188,0,21458,0,0
SP-04766,deficit,none,0,0,0,0,353158
SP-04767,ok,goals+,0,0,0,44331,2514937
SP-04768,ok,reserve,4704,0,0,0,0
SP-04769,ok,reserve,39533,0,0,0,0
SP-04770,ok,reserve,14546,0,2418,0,0
SP-04771,ok,reserve,14829,0,9017,0,0
SP-04772,ok,reserve,9763,0,0,0,0
SP-04773,ok,reserve,3472,0,0,0,0
SP-04774,ok,reserve,2947,0,0,0,0
SP-04775,ok,reserve,6865,0,0,0,0
SP-04776,ok,reserve,8328,0,4061,0,0
SP-04777,ok,debt,0,1014,0,0,3547
SP-04778,ok,debt,0,15106,0,0,169997
SP-04779,ok,debt,0,18294,0,0,214207
SP-04780,ok,reserve,26018,0,0,0,0
SP-04781,deficit,none,0,0,0,0,0
SP-04782,ok,goals+,0,0,24,45,0
SP-04783,ok,debt,0,2745,0,0,43804
SP-04784,ok,reserve,6665,0,4083,0,0
SP-04785,ok,reserve,461241548,0,0,0,0
SP-04786,ok,reserve,52575,0,8242,0,0
SP-04787,ok,reserve,13242,0,0,0,0
SP-04788,deficit,none,0,0,0,0,0
SP-04789,ok,reserve,5561,0,0,0,0
SP-04790,deficit,none,0,0,0,0,0
SP-04791,ok,debt,0,88043,0,0,98079
SP-04792,ok,reserve,3816,0,0,0,0
SP-04793,ok,reserve,2906,0,1936,0,0
SP-04794,deficit,none,0,0,0,0,0
SP-04795,ok,reserve,11310,0,0,0,0
SP-04796,ok,reserve,4976,0,0,0,0
SP-04797,deficit,none,0,0,0,0,0
SP-04798,ok,reserve,1844,0,0,0,0
SP-04799,ok,reserve,14669,3628,4032,0,0
SP-04800,ok,reserve,2145,0,1430,0,0
SP-04801,ok,debt,0,7274,0,0,299549
SP-04802,ok,goals+,611,916,1017,0,0
SP-04803,ok,reserve,14875,2683,0,0,0
SP-04804,deficit,none,0,0,0,0,0
SP-04805,ok,reserve,22775,0,0,0,0
SP-04806,deficit,none,0,0,0,0,0
SP-04807,ok,goals+,1085,0,9782,0,0
SP-04808,ok,reserve,66820,0,0,0,0
SP-04809,ok,debt,0,5963,0,3976,355048
SP-04810,ok,reserve,9995,0,6056,0,0
SP-04811,ok,debt,10535,15802,0,0,0
SP-04812,ok,debt,1,21961,0,0,74298
SP-04813,ok,goals+,2212,3316,3684,0,0
SP-04814,ok,reserve,18323,0,0,0,0
SP-04815,ok,debt,0,326,0,0,6880
SP-04816,ok,goals+,0,0,5526,0,0
SP-04817,ok,reserve,47,0,0,0,0
SP-04818,ok,reserve,48203,0,0,0,0
SP-04819,ok,reserve,44804,7640,0,0,0
SP-04820,deficit,none,0,0,0,0,0
SP-04821,deficit,none,0,0,0,0,0
SP-04822,ok,debt,10782,30940,0,0,0
SP-04823,ok,reserve,11459,0,0,0,0
SP-04824,ok,reserve,13,0,0,0,0
SP-04825,ok,reserve,2584,0,0,0,0
SP-04826,ok,reserve,2519,0,0,0,0
SP-04827,deficit,none,0,0,0,0,0
SP-04828,deficit,none,0,0,0,0,0
SP-04829,deficit,none,0,0,0,0,0
SP-04830,deficit,none,0,0,0,0,0
SP-04831,ok,reserve,37919,0,0,0,0
SP-04832,ok,goals+,2067,3099,3444,0,89437
SP-04833,ok,goals+,0,0,66898,0,211625
SP-04834,ok,reserve,10952,0,0,0,0
SP-04835,ok,reserve,21867,0,0,0,0
SP-04836,deficit,none,0,0,0,0,0
SP-04837,ok,reserve,8244,0,0,0,0
SP-04838,ok,debt,19025,28536,0,0,0
SP-04839,ok,reserve,6234,0,0,0,0
SP-04840,ok,reserve,13569,0,0,0,0
SP-04841,deficit,none,0,0,0,0,0
SP-04842,ok,reserve,18037,0,12024,0,0
SP-04843,ok,reserve,9361,0,6240,0,0
SP-04844,ok,debt,1,3407,0,0,24399
SP-04845,ok,reserve,32035,6002,0,0,0
SP-04846,ok,reserve,11240,0,0,0,0
SP-04847,ok,debt,0,31288,0,0,189189
SP-04848,ok,goals+,2029,0,0,8994,0
SP-04849,deficit,none,0,0,0,0,0
SP-04850,ok,debt,0,152,0,0,37026
SP-04851,ok,goals+,0,0,18322,0,573550
SP-04852,ok,goals+,0,0,373,0,162689
SP-04853,ok,reserve,27859,0,14086,0,0
SP-04854,deficit,none,0,0,0,0,0
SP-04855,ok,goals+,0,0,10920,0,26432
SP-04856,ok,reserve,46580,0,0,0,0
SP-04857,ok,reserve,17435,0,0,0,0
SP-04858,deficit,none,0,0,0,0,0
SP-04859,ok,debt,0,11503,0,0,3456
SP-04860,deficit,none,0,0,0,0,0
SP-04861,ok,goals+,1,0,7283,20901,565405
SP-04862,ok,reserve,4632,0,0,0,0
SP-04863,ok,reserve,7081,0,0,0,0
SP-04864,ok,debt,1,51481,0,0,92045
SP-04865,ok,debt,0,4391,0,0,23151
SP-04866,ok,none,0,0,0,0,0
SP-04867,ok,goals+,0,12510,22241,0,193203
SP-04868,ok,reserve,12654,11122,0,0,0
SP-04869,ok,reserve,103129463,0,0,0,0
SP-04870,ok,goals+,0,0,14666,0,115905
SP-04871,ok,goals+,0,0,23504,0,0
SP-04872,deficit,none,0,0,0,0,0
SP-04873,ok,reserve,11902,0,0,0,0
SP-04874,ok,reserve,9783,0,6522,0,0
SP-04875,ok,goals+,0,0,2397,110248,84021
SP-04876,ok,debt,0,30513,0,0,110068
SP-04877,ok,reserve,31764,0,15381,0,0
SP-04878,deficit,none,0,0,0,0,0
SP-04879,ok,goals+,0,0,0,41607,816907
SP-04880,ok,reserve,11309,0,0,0,0
SP-04881,deficit,none,0,0,0,0,0
SP-04882,deficit,none,0,0,0,0,0
SP-04883,ok,reserve,77047,0,0,0,0
SP-04884,ok,reserve,7746,0,0,0,0
SP-04885,ok,reserve,41710,0,2412,0,0
SP-04886,ok,goals+,0,0,1070,1005,481609
SP-04887,ok,debt,0,10693,0,7129,143819
SP-04888,ok,reserve,8436,0,5624,0,0
SP-04889,ok,debt,5097,7644,0,0,0
SP-04890,ok,reserve,34936,0,0,0,0
SP-04891,ok,debt,1,11194,0,0,204191
SP-04892,ok,reserve,9786,0,0,0,0
SP-04893,ok,goals+,0,0,5849,337,2398423
SP-04894,ok,debt,0,3194,0,0,6312
SP-04895,ok,reserve,2947,0,0,0,0
SP-04896,ok,reserve,25689,0,2819,0,0
SP-04897,ok,reserve,338,0,224,0,0
SP-04898,ok,reserve,19829,0,0,0,0
SP-04899,ok,reserve,13973,1450,0,0,0
SP-04900,ok,reserve,4077,0,2717,0,0
SP-04901,ok,reserve,41982,0,0,0,0
SP-04902,ok,reserve,16104,0,0,0,0
SP-04903,ok,goals+,1,0,168,64033,423044
SP-04904,ok,reserve,1745,0,0,0,0
SP-04905,deficit,none,0,0,0,0,0
SP-04906,ok,reserve,24146,0,14192,0,0
SP-04907,ok,debt,14215,16778,0,0,0
SP-04908,deficit,none,0,0,0,0,0
SP-04909,ok,reserve,17371,0,11580,0,0
SP-04910,ok,reserve,23628,358,0,0,0
SP-04911,ok,goals+,160502940,0,165514360,0,0
SP-04912,ok,reserve,15408,0,0,0,0
SP-04913,ok,goals+,0,0,11519,0,118769
SP-04914,deficit,none,0,0,0,0,0
SP-04915,ok,goals+,0,0,2728,0,13594
SP-04916,ok,goals+,0,0,22516,0,17781
SP-04917,ok,goals+,0,0,6319,147390,24981
SP-04918,ok,reserve,9142,0,0,0,0
SP-04919,ok,reserve,11244,0,7495,0,0
SP-04920,deficit,none,0,0,0,0,0
SP-04921,deficit,none,0,0,0,0,0
SP-04922,ok,reserve,17655,0,11770,0,0
SP-04923,deficit,none,0,0,0,0,0
SP-04924,ok,reserve,38116,0,0,0,0
SP-04925,ok,goals+,0,0,26347,0,116550
SP-04926,deficit,none,0,0,0,0,0
SP-04927,ok,reserve,21472,0,0,0,0
SP-04928,ok,debt,1279,8144,0,0,0
SP-04929,ok,reserve,10196,0,0,0,0
SP-04930,ok,reserve,6899,0,4599,0,0
SP-04931,ok,reserve,12400,0,8266,0,0
SP-04932,ok,debt,5112,7667,0,0,0
SP-04933,ok,reserve,6080,0,0,0,0
SP-04934,ok,reserve,2543,0,1695,0,0
SP-04935,ok,goals+,0,0,0,43976,1851976
SP-04936,ok,reserve,5099,0,1659,0,0
SP-04937,ok,reserve,12980,0,0,0,0
SP-04938,ok,debt,0,31426,0,0,27297
SP-04939,ok,reserve,22336,0,0,0,0
SP-04940,ok,reserve,25683,1680,0,0,0
SP-04941,ok,reserve,3945,0,2629,0,0
SP-04942,ok,reserve,21683,0,0,0,0
SP-04943,ok,goals+,0,0,25535,0,124905
SP-04944,ok,reserve,11101,0,0,0,0
SP-04945,ok,debt,0,16777,0,0,8052
SP-04946,ok,reserve,12692,0,0,0,0
SP-04947,ok,goals+,0,0,28875,0,0
SP-04948,ok,goals+,0,0,1027,0,262039
SP-04949,ok,reserve,11136,0,0,0,0
SP-04950,ok,reserve,10,0,0,0,0
SP-04951,ok,goals+,7515,0,13965,0,0
SP-04952,ok,debt,0,2833,0,0,5460
SP-04953,ok,reserve,900018160,0,0,0,0
SP-04954,ok,goals+,3268,4900,5445,0,0
SP-04955,ok,reserve,30659,0,20439,0,0
SP-04956,deficit,none,0,0,0,0,0
SP-04957,ok,debt,0,32855,0,0,37715
SP-04958,ok,reserve,32186,0,7457,0,0
SP-04959,ok,debt,1,39559,0,0,71034
SP-04960,ok,reserve,5325,0,3549,0,0
SP-04961,ok,debt,3747,17804,0,0,0
SP-04962,deficit,none,0,0,0,0,0
SP-04963,ok,reserve,5671,0,0,0,0
SP-04964,ok,reserve,21606,0,0,0,0
SP-04965,deficit,none,0,0,0,0,0
SP-04966,deficit,none,0,0,0,0,0
SP-04967,ok,reserve,19207,0,0,0,0
SP-04968,ok,reserve,10289,0,6858,0,0
SP-04969,ok,reserve,11710,0,0,0,0
SP-04970,ok,reserve,8669,0,0,0,0
SP-04971,ok,reserve,1338,0,0,0,0
SP-04972,deficit,none,0,0,0,0,0
SP-04973,ok,reserve,16442,0,10961,0,0
SP-04974,ok,reserve,7394,0,0,29,0
SP-04975,deficit,none,0,0,0,0,0
SP-04976,ok,debt,0,9106,0,0,21316
SP-04977,ok,goals+,1,0,4111,51545,2633339
SP-04978,ok,reserve,18031,0,0,0,0
SP-04979,ok,reserve,1893,0,0,0,0
SP-04980,ok,reserve,2079,0,1385,0,0
SP-04981,ok,debt,5172,7757,0,0,46134
SP-04982,ok,reserve,7734,0,0,0,0
SP-04983,ok,reserve,1637,0,0,0,0
SP-04984,ok,reserve,9878,0,6585,0,0
SP-04985,ok,reserve,2232,0,0,0,0
SP-04986,ok,reserve,5273,0,3515,0,0
SP-04987,ok,reserve,22891,0,0,0,0
SP-04988,ok,goals+,0,0,0,15268,27008
SP-04989,ok,reserve,31681,0,0,0,0
SP-04990,ok,reserve,9913,0,0,0,0
SP-04991,ok,reserve,16763,0,11175,0,0
SP-04992,ok,goals+,0,0,5,0,0
SP-04993,ok,reserve,37261,0,23588,0,0
SP-04994,ok,goals+,0,0,31916,0,36073
SP-04995,ok,goals+,148782604,0,153976281,0,0
SP-04996,ok,reserve,9869,0,0,0,0
SP-04997,ok,reserve,27450,0,0,0,0
SP-04998,deficit,none,0,0,0,0,0
SP-04999,ok,reserve,11948,0,0,0,0
SP-05000,ok,reserve,4127,0,0,0,0
SP-05001,ok,debt,13290,57155,0,0,0
SP-05002,ok,reserve,20148,0,4524,0,0
SP-05003,ok,reserve,10441,0,0,0,0
SP-05004,deficit,none,0,0,0,0,0
SP-05005,ok,reserve,16793,4244,4715,0,0
SP-05006,ok,debt,0,10905,0,0,130706
SP-05007,deficit,none,0,0,0,0,0
SP-05008,deficit,none,0,0,0,0,0
SP-05009,ok,reserve,12569,0,8379,0,0
SP-05010,ok,reserve,19496,0,0,0,0
SP-05011,deficit,none,0,0,0,0,0
SP-05012,ok,goals+,0,0,0,28620,21188
SP-05013,ok,reserve,33213,0,0,0,0
SP-05014,deficit,none,0,0,0,0,0
SP-05015,deficit,none,0,0,0,0,0
SP-05016,ok,reserve,8559,0,0,0,0
SP-05017,ok,reserve,8914,0,5942,0,68573
SP-05018,ok,reserve,12112,0,0,0,0
SP-05019,ok,goals+,0,0,0,50897,2459996
SP-05020,deficit,none,0,0,0,0,0
SP-05021,ok,reserve,10290,0,6860,0,0
SP-05022,ok,reserve,6176,0,4116,0,0
SP-05023,ok,reserve,17788,0,11858,0,0
SP-05024,ok,reserve,48113,0,0,0,0
SP-05025,ok,reserve,4469,0,0,0,0
SP-05026,ok,reserve,319,0,212,0,0
SP-05027,ok,reserve,17831,0,0,0,0
SP-05028,ok,reserve,16014,0,10675,0,0
SP-05029,ok,reserve,14830,0,0,0,0
SP-05030,ok,goals+,0,0,0,13799,25797
SP-05031,ok,debt,0,4503,0,0,71101
SP-05032,ok,reserve,9546,0,6364,0,0
SP-05033,ok,goals+,0,675,1200,0,0
SP-05034,ok,reserve,43,0,0,0,0
SP-05035,ok,debt,0,12400,0,0,111194
SP-05036,ok,reserve,19499,0,12999,0,0
SP-05037,ok,reserve,451292588,0,0,0,0
SP-05038,ok,debt,8984,13107,0,0,0
SP-05039,ok,goals+,2130,3195,3549,0,0
SP-05040,deficit,none,0,0,0,0,0
SP-05041,ok,goals+,2062,3092,3436,0,0
SP-05042,ok,debt,0,60829,0,0,258028
SP-05043,ok,debt,15644,23465,15155,0,0
SP-05044,ok,reserve,51060,11571,0,0,0
SP-05045,deficit,none,0,0,0,0,0
SP-05046,deficit,none,0,0,0,0,0
SP-05047,ok,reserve,27431,0,18286,0,0
SP-05048,ok,debt,12833,19248,0,0,649586
SP-05049,deficit,none,0,0,0,0,0
SP-05050,ok,reserve,3248,0,0,0,0
SP-05051,ok,goals+,0,2794,4969,0,0
SP-05052,deficit,none,0,0,0,0,0
SP-05053,deficit,none,0,0,0,0,0
SP-05054,ok,goals+,0,0,4634,0,87747
SP-05055,ok,reserve,12280,0,0,0,0
SP-05056,ok,reserve,4027,0,0,0,0
SP-05057,ok,goals+,0,0,13985,0,13557
SP-05058,ok,reserve,15277,710,0,0,0
SP-05059,ok,goals+,0,0,0,19629,17373
SP-05060,ok,goals+,0,0,0,7215,110713
SP-05061,ok,goals+,1,0,0,8914,2227455
SP-05062,ok,reserve,19934,0,0,0,0
SP-05063,deficit,none,0,0,0,0,0
SP-05064,ok,goals+,5554,8330,9255,0,0
SP-05065,ok,reserve,15596,0,0,0,0
SP-05066,ok,reserve,4101,0,0,0,0
SP-05067,ok,reserve,1020,0,0,0,0
SP-05068,ok,debt,11424,35116,0,0,0
SP-05069,deficit,none,0,0,0,0,0
SP-05070,ok,reserve,6176,0,0,0,0
SP-05071,ok,reserve,8969,0,5979,0,157021
SP-05072,ok,debt,1298,1946,0,0,68654
SP-05073,ok,reserve,7935,0,0,0,0
SP-05074,ok,debt,0,6061,0,0,43306
SP-05075,ok,debt,0,11015,0,0,268607
SP-05076,ok,reserve,35,0,21,0,0
SP-05077,ok,reserve,1439,0,958,0,0
SP-05078,ok,reserve,76,0,0,0,0
SP-05079,deficit,none,0,0,0,0,0
SP-05080,ok,reserve,5444,0,0,0,0
SP-05081,ok,reserve,8651,0,0,0,0
SP-05082,deficit,none,0,0,0,0,0
SP-05083,ok,debt,0,14071,0,0,28775
SP-05084,ok,reserve,18636,0,12424,0,0
SP-05085,ok,debt,17278,29463,0,0,0
SP-05086,ok,goals+,0,4355,7742,0,21314
SP-05087,ok,reserve,8170,0,0,0,0
SP-05088,deficit,none,0,0,0,0,0
SP-05089,ok,reserve,10783,8155,0,0,0
SP-05090,ok,reserve,3923,0,2614,0,0
SP-05091,deficit,none,0,0,0,0,0
SP-05092,deficit,none,0,0,0,0,0
SP-05093,deficit,none,0,0,0,0,0
SP-05094,deficit,none,0,0,0,0,292353
SP-05095,ok,reserve,118,0,0,0,0
SP-05096,deficit,none,0,0,0,0,0
SP-05097,deficit,none,0,0,0,0,0
SP-05098,ok,goals+,1163,1744,1938,0,0
SP-05099,deficit,none,0,0,0,0,0
SP-05100,ok,reserve,40098,0,0,0,0
SP-05101,deficit,none,0,0,0,0,0
SP-05102,deficit,none,0,0,0,0,0
SP-05103,ok,goals+,0,0,0,38634,2858999
SP-05104,ok,reserve,9761,0,6506,0,0
SP-05105,ok,reserve,2279,0,1519,0,0
SP-05106,deficit,none,0,0,0,0,0
SP-05107,ok,reserve,17694,0,0,0,0
SP-05108,ok,goals+,0,0,0,62603,16970
SP-05109,ok,debt,0,2041,0,0,9278
SP-05110,ok,reserve,519,0,345,0,0
SP-05111,ok,reserve,2492,0,1661,0,0
SP-05112,ok,reserve,21191,0,14126,0,0
SP-05113,ok,reserve,3403,0,0,0,0
SP-05114,ok,goals+,7054,10580,11755,0,0
SP-05115,deficit,none,0,0,0,0,0
SP-05116,ok,reserve,44025,0,0,0,0
SP-05117,ok,reserve,5693,0,3794,0,0
SP-05118,ok,goals+,0,0,17,0,0
SP-05119,ok,debt,0,34680,0,0,88148
SP-05120,ok,reserve,25865,0,4028,0,0
SP-05121,ok,reserve,539692342,0,0,0,0
SP-05122,ok,reserve,13560,0,9039,0,0
SP-05123,ok,debt,0,2856,0,0,19711
SP-05124,deficit,none,0,0,0,0,0
SP-05125,ok,reserve,33772,0,0,0,0
SP-05126,deficit,none,0,0,0,0,0
SP-05127,ok,goals+,0,0,4848,31341,0
SP-05128,ok,reserve,4877,0,3251,0,0
SP-05129,ok,reserve,8130,2854,3171,0,0
SP-05130,deficit,none,0,0,0,0,0
SP-05131,deficit,none,0,0,0,0,0
SP-05132,ok,reserve,9574,0,6382,0,0
SP-05133,deficit,none,0,0,0,0,0
SP-05134,deficit,none,0,0,0,0,0
SP-05135,ok,reserve,20209,0,0,0,0
SP-05136,deficit,none,0,0,0,0,0
SP-05137,ok,reserve,25368,0,8072,7682,0
SP-05138,ok,goals+,0,0,31299,0,72956
SP-05139,deficit,none,0,0,0,0,0
SP-05140,ok,reserve,18650,0,0,0,0
SP-05141,ok,reserve,18070,0,0,0,0
SP-05142,ok,reserve,25922,0,0,0,0
SP-05143,ok,debt,0,30691,0,0,334121
SP-05144,ok,debt,0,37135,0,0,84896
SP-05145,ok,goals+,1,0,0,19873,2559947
SP-05146,ok,reserve,24211,0,0,0,0
SP-05147,deficit,none,0,0,0,0,0
SP-05148,deficit,none,0,0,0,0,0
SP-05149,ok,reserve,60888,7201,8000,0,0
SP-05150,ok,reserve,16851,0,1820,0,0
SP-05151,ok,reserve,9327,0,6217,0,0
SP-05152,ok,reserve,7418,0,0,0,0
SP-05153,ok,reserve,17416,0,0,0,0
SP-05154,deficit,none,0,0,0,0,0
SP-05155,ok,reserve,15750,0,0,0,0
SP-05156,deficit,none,0,0,0,0,109124
SP-05157,deficit,none,0,0,0,0,0
SP-05158,ok,reserve,12567,0,8377,0,0
SP-05159,ok,goals+,7627,11440,12711,0,0
SP-05160,ok,goals+,0,0,46,44,0
SP-05161,ok,reserve,16336,5490,6100,0,0
SP-05162,ok,reserve,21178,0,2613,0,0
SP-05163,ok,debt,0,487757330,0,0,42798976
SP-05164,ok,reserve,1151,0,767,0,0
SP-05165,ok,goals+,0,0,15322,0,36281
SP-05166,deficit,none,0,0,0,0,0
SP-05167,ok,reserve,26204,0,0,0,0
SP-05168,ok,debt,0,658,0,0,873
SP-05169,ok,reserve,27300,0,0,0,0
SP-05170,ok,reserve,19954,0,13118,0,0
SP-05171,ok,reserve,8216,0,5477,0,0
SP-05172,deficit,none,0,0,0,0,0
SP-05173,ok,goals+,1451,2175,2417,0,102672
SP-05174,ok,reserve,35708,0,0,0,0
SP-05175,deficit,none,0,0,0,0,0
SP-05176,ok,goals+,0,0,5431,0,67254
SP-05177,ok,reserve,18105,0,0,0,0
SP-05178,deficit,none,0,0,0,0,0
SP-05179,ok,debt,0,14274,0,0,131580
SP-05180,deficit,none,0,0,0,0,0
SP-05181,ok,reserve,2675,0,0,0,0
SP-05182,ok,debt,3540,13633,2360,0,93797
SP-05183,deficit,none,0,0,0,0,0
SP-05184,ok,debt,0,7687,0,0,93390
SP-05185,ok,reserve,26298,0,0,0,0
SP-05186,ok,reserve,22492,0,3179,0,0
SP-05187,ok,goals+,1,0,0,57355,1946183
SP-05188,deficit,none,0,0,0,0,0
SP-05189,ok,reserve,34574,0,0,0,0
SP-05190,ok,reserve,44611,0,29740,0,0
SP-05191,ok,reserve,20904,0,13936,0,0
SP-05192,ok,reserve,15425,0,0,0,0
SP-05193,ok,reserve,5287,0,0,0,0
SP-05194,deficit,none,0,0,0,0,0
SP-05195,ok,reserve,33584,0,0,0,0
SP-05196,ok,reserve,18052,0,0,0,0
SP-05197,ok,goals+,0,0,2559,98,126848
SP-05198,ok,debt,0,3357,0,0,159156
SP-05199,ok,goals+,726,1088,1209,0,0
SP-05200,ok,reserve,59474,0,0,0,0
SP-05201,ok,reserve,12164,0,8109,0,0
SP-05202,ok,goals+,0,0,47,209,0
SP-05203,deficit,none,0,0,0,0,0
SP-05204,deficit,none,0,0,0,0,0
SP-05205,ok,goals+,0,0,358525965,0,0
SP-05206,ok,goals+,8102,12153,13503,0,0
SP-05207,ok,debt,1,14877,0,0,157123
SP-05208,deficit,none,0,0,0,0,0
SP-05209,deficit,none,0,0,0,0,0
SP-05210,ok,reserve,8298,0,0,0,0
SP-05211,ok,goals+,0,0,34640,0,0
SP-05212,ok,reserve,25941,0,17293,0,0
SP-05213,ok,reserve,18056,0,0,0,0
SP-05214,deficit,none,0,0,0,0,0
SP-05215,ok,reserve,32094,0,0,0,0
SP-05216,ok,goals+,0,0,37927,0,312272
SP-05217,deficit,none,0,0,0,0,0
SP-05218,ok,reserve,3730,0,388,0,0
SP-05219,ok,reserve,31570,0,0,0,0
SP-05220,deficit,none,0,0,0,0,0
SP-05221,ok,reserve,4708,0,3138,0,0
SP-05222,ok,reserve,663,0,441,0,0
SP-05223,ok,debt,0,36857,0,0,54089
SP-05224,ok,reserve,33525,0,22349,0,0
SP-05225,ok,goals+,0,0,23574,10423,134702
SP-05226,ok,reserve,7098,0,0,0,0
SP-05227,ok,reserve,24112,0,0,0,0
SP-05228,ok,reserve,20253,0,0,0,0
SP-05229,ok,goals+,0,0,0,1205,2869902
SP-05230,ok,reserve,11708,0,7804,0,0
SP-05231,ok,goals+,0,0,35036,979,154081
SP-05232,ok,reserve,3367,0,2244,0,0
SP-05233,ok,debt,0,13226,0,0,15834
SP-05234,ok,goals+,4726,7087,7875,0,0
SP-05235,ok,debt,0,17356,0,0,19694
SP-05236,ok,reserve,39386,0,0,0,0
SP-05237,ok,reserve,33304,0,13017,0,0
SP-05238,deficit,none,0,0,0,0,0
SP-05239,ok,goals+,0,0,0,52339,292130
SP-05240,ok,reserve,6103,0,0,0,0
SP-05241,ok,debt,0,1338,0,0,201535
SP-05242,ok,reserve,1504,0,0,0,0
SP-05243,ok,reserve,7655,0,5103,0,0
SP-05244,deficit,none,0,0,0,0,0
SP-05245,ok,reserve,12359,0,8238,0,0
SP-05246,ok,reserve,18059,0,0,0,0
SP-05247,ok,reserve,203396394,0,135597595,0,0
SP-05248,ok,reserve,6415,0,0,0,0
SP-05249,ok,reserve,14384,0,0,0,0
SP-05250,deficit,none,0,0,0,0,0
SP-05251,ok,reserve,3278,0,0,0,0
SP-05252,ok,debt,0,20845,0,0,80784
SP-05253,ok,reserve,38254,0,0,0,0
SP-05254,ok,reserve,10000,3165,3516,0,0
SP-05255,ok,reserve,7624,6364,5081,0,69136
SP-05256,deficit,none,0,0,0,0,0
SP-05257,ok,reserve,1356,0,903,0,0
SP-05258,ok,reserve,4001,0,2666,0,0
SP-05259,deficit,none,0,0,0,0,0
SP-05260,ok,reserve,7304,0,4869,0,0
SP-05261,ok,reserve,14254,0,0,0,0
SP-05262,ok,reserve,39456,0,0,0,0
SP-05263,ok,reserve,1636,0,0,0,0
SP-05264,ok,reserve,36986,0,24656,0,0
SP-05265,ok,reserve,5069,0,0,0,0
SP-05266,ok,reserve,19633,0,13088,0,0
SP-05267,ok,debt,0,17435,0,0,194634
SP-05268,ok,reserve,3849,0,0,0,0
SP-05269,ok,reserve,34333,15657,4223,0,0
SP-05270,ok,debt,0,26102,0,0,169672
SP-05271,ok,goals+,1,0,14460,0,789894
SP-05272,deficit,none,0,0,0,0,0
SP-05273,ok,reserve,22435,0,4104,0,0
SP-05274,ok,reserve,17595,0,0,0,0
SP-05275,ok,goals+,0,0,11230,0,0
SP-05276,deficit,none,0,0,0,0,0
SP-05277,ok,reserve,2282,0,1520,0,0
SP-05278,ok,reserve,12065,768,854,0,0
SP-05279,ok,reserve,23915,0,0,0,0
SP-05280,ok,reserve,21566,0,0,0,0
SP-05281,ok,reserve,22476,0,0,0,0
SP-05282,ok,reserve,35992,0,0,0,0
SP-05283,ok,goals+,15614,23421,26022,0,628407
SP-05284,ok,reserve,1154,0,0,0,0
SP-05285,ok,reserve,11011,0,0,0,0
SP-05286,ok,goals+,0,0,15,73,0
SP-05287,ok,debt,0,1228,0,0,21513
SP-05288,ok,goals+,0,0,24410,1987,30858
SP-05289,ok,goals+,0,0,884801200,0,0
SP-05290,ok,reserve,1303,0,0,0,0
SP-05291,deficit,none,0,0,0,0,0
SP-05292,deficit,none,0,0,0,0,0
SP-05293,ok,goals+,0,0,42807,0,25121
SP-05294,ok,reserve,44041,0,0,0,0
SP-05295,ok,goals+,0,0,19955,63558,78132
SP-05296,ok,reserve,22125,0,3408,0,0
SP-05297,ok,debt,0,23074,0,0,11313
SP-05298,deficit,none,0,0,0,0,0
SP-05299,ok,goals+,1160,1738,1932,0,0
SP-05300,ok,reserve,10376,0,0,0,0
SP-05301,deficit,none,0,0,0,0,0
SP-05302,ok,reserve,1841,0,1226,0,0
SP-05303,ok,reserve,5151,0,2896,0,0
SP-05304,deficit,none,0,0,0,0,0
SP-05305,ok,goals+,0,0,17119,0,93938
SP-05306,ok,goals+,0,0,59529,0,62356
SP-05307,ok,reserve,24851,0,0,0,0
SP-05308,ok,goals+,3219,4828,5364,0,0
SP-05309,deficit,none,0,0,0,0,0
SP-05310,ok,reserve,18848,0,0,0,0
SP-05311,ok,goals+,0,0,17402,0,62628
SP-05312,ok,reserve,5036,1934,2149,0,0
SP-05313,ok,goals+,1,0,0,11806,1985969
SP-05314,ok,goals+,2648,3972,4413,0,0
SP-05315,deficit,none,0,0,0,0,0
SP-05316,deficit,none,0,0,0,0,0
SP-05317,ok,reserve,10233,0,6822,0,0
SP-05318,ok,reserve,7480,0,0,0,0
SP-05319,ok,reserve,6115,0,0,0,0
SP-05320,ok,debt,0,38698,0,0,12851
SP-05321,ok,reserve,2286,0,0,0,0
SP-05322,ok,goals+,0,0,0,27852,0
SP-05323,ok,reserve,17950,0,0,0,0
SP-05324,deficit,none,0,0,0,0,0
SP-05325,deficit,none,0,0,0,0,0
SP-05326,ok,reserve,27480,0,14199,0,0
SP-05327,ok,reserve,26489,0,0,0,0
SP-05328,ok,reserve,111,0,0,0,0
SP-05329,ok,debt,0,22988,0,0,10577
SP-05330,ok,debt,3444,5166,1416,0,0
SP-05331,ok,reserve,203984144,0,0,0,0
SP-05332,ok,debt,0,6644,0,0,67118
SP-05333,ok,goals+,9040,13560,15066,0,0
SP-05334,deficit,none,0,0,0,0,0
SP-05335,ok,reserve,20086,0,0,0,0
SP-05336,ok,reserve,14856,0,0,0,0
SP-05337,ok,goals+,0,0,11272,117061,109154
SP-05338,ok,reserve,29930,0,0,0,0
SP-05339,ok,goals+,0,0,0,37390,46962
SP-05340,deficit,none,0,0,0,0,0
SP-05341,ok,debt,0,14385,0,0,24178
SP-05342,ok,goals+,1,0,0,147759,703550
SP-05343,deficit,none,0,0,0,0,0
SP-05344,ok,reserve,2043,0,0,0,0
SP-05345,ok,reserve,16575,0,0,0,0
SP-05346,deficit,none,0,0,0,0,0
SP-05347,deficit,none,0,0,0,0,0
SP-05348,ok,reserve,6762,497,0,0,0
SP-05349,ok,reserve,3847,0,0,0,0
SP-05350,ok,reserve,26535,1231,1368,0,0
SP-05351,ok,reserve,23213,0,6774,0,0
SP-05352,ok,goals+,3701,0,0,6044,0
SP-05353,ok,reserve,6618,0,0,0,0
SP-05354,deficit,none,0,0,0,0,0
SP-05355,ok,goals+,0,1154,2052,0,1289408
SP-05356,deficit,none,0,0,0,0,0
SP-05357,ok,reserve,10098,0,0,0,0
SP-05358,ok,reserve,5187,0,0,0,0
SP-05359,ok,reserve,14558,0,0,0,0
SP-05360,ok,reserve,48433,0,0,0,0
SP-05361,ok,reserve,2999,0,0,0,0
SP-05362,ok,reserve,43034,0,0,0,0
SP-05363,ok,debt,10126,10510,0,0,0
SP-05364,ok,reserve,36074,0,0,0,0
SP-05365,ok,goals+,0,0,2418,0,60291
SP-05366,ok,debt,0,10412,0,0,33225
SP-05367,ok,reserve,24781,0,245,0,0
SP-05368,ok,reserve,34422,0,0,0,0
SP-05369,ok,reserve,40198,0,0,0,0
SP-05370,ok,goals+,0,0,38,61,0
SP-05371,ok,reserve,8308,2971,0,0,0
SP-05372,ok,reserve,6730,0,0,0,0
SP-05373,ok,debt,0,400132000,0,0,394313326
SP-05374,ok,reserve,45358,0,0,0,0
SP-05375,ok,debt,0,26277,0,0,51166
SP-05376,deficit,none,0,0,0,0,0
SP-05377,ok,reserve,13430,0,2984,0,0
SP-05378,deficit,none,0,0,0,0,0
SP-05379,ok,goals+,0,0,74228,0,26056
SP-05380,deficit,none,0,0,0,0,0
SP-05381,ok,reserve,8634,0,5755,0,0
SP-05382,deficit,none,0,0,0,0,0
SP-05383,ok,debt,0,4997,0,0,26699
SP-05384,deficit,none,0,0,0,0,0
SP-05385,deficit,none,0,0,0,0,0
SP-05386,ok,reserve,31978,0,17230,0,0
SP-05387,ok,reserve,6662,0,4440,0,0
SP-05388,deficit,none,0,0,0,0,0
SP-05389,ok,reserve,3067,0,0,0,0
SP-05390,ok,reserve,8513,0,0,0,0
SP-05391,ok,reserve,71754,0,0,0,0
SP-05392,ok,reserve,9330,0,0,0,0
SP-05393,ok,reserve,2302,0,0,0,0
SP-05394,ok,reserve,1069,0,0,0,0
SP-05395,deficit,none,0,0,0,0,154629
SP-05396,ok,reserve,397,0,264,0,0
SP-05397,ok,goals+,0,0,0,39237,6440890
SP-05398,ok,debt,0,28074,0,18716,220842
SP-05399,deficit,none,0,0,0,0,123429
SP-05400,deficit,none,0,0,0,0,0
SP-05401,ok,reserve,23798,0,6466,0,0
SP-05402,ok,reserve,36601,0,0,0,0
SP-05403,ok,reserve,3979,0,0,0,0
SP-05404,ok,reserve,12542,0,223,0,0
SP-05405,ok,debt,0,14304,0,0,37815
SP-05406,deficit,none,0,0,0,0,0
SP-05407,deficit,none,0,0,0,0,0
SP-05408,ok,reserve,5447,0,0,0,0
SP-05409,ok,reserve,15254,0,0,0,0
SP-05410,ok,goals+,0,0,0,512,0
SP-05411,ok,reserve,21799,0,2161,0,0
SP-05412,ok,goals+,0,0,1,0,0
SP-05413,ok,goals+,0,10581,18811,0,92158
SP-05414,ok,debt,0,6810,0,4540,106716
SP-05415,ok,reserve,10802340,0,0,0,0
SP-05416,ok,reserve,9434,0,6288,0,0
SP-05417,deficit,none,0,0,0,0,189163
SP-05418,deficit,none,0,0,0,0,0
SP-05419,ok,goals+,0,0,8515,20643,913431
SP-05420,ok,reserve,13190,0,8792,0,0
SP-05421,ok,goals+,0,0,5268,94884,108001
SP-05422,ok,reserve,13367,0,0,0,0
SP-05423,ok,reserve,16919,0,0,0,0
SP-05424,deficit,none,0,0,0,0,0
SP-05425,ok,reserve,14001,0,0,0,0
SP-05426,ok,reserve,5447,0,0,0,0
SP-05427,deficit,none,0,0,0,0,0
SP-05428,ok,reserve,38781,1756,0,0,0
SP-05429,ok,reserve,4929,0,0,0,0
SP-05430,ok,reserve,4529,0,0,0,0
SP-05431,ok,debt,5522,8283,0,0,0
SP-05432,ok,reserve,25227,0,5473,0,0
SP-05433,ok,reserve,29531,0,0,0,0
SP-05434,ok,debt,0,21857,0,0,17428
SP-05435,ok,reserve,1983,0,1321,0,0
SP-05436,ok,reserve,26804,0,0,0,0
SP-05437,ok,reserve,18642,0,0,0,0
SP-05438,ok,reserve,15849,0,0,0,0
SP-05439,ok,goals+,1,0,0,58433,5787424
SP-05440,ok,reserve,44694,0,9304,0,0
SP-05441,ok,goals+,0,0,25975,0,45781
SP-05442,ok,reserve,12487,0,8324,0,0
SP-05443,ok,debt,0,17338,0,0,93600
SP-05444,ok,goals+,1224,0,11464,0,0
SP-05445,ok,reserve,4623,0,391,0,0
SP-05446,ok,reserve,9380,0,0,0,0
SP-05447,ok,reserve,18312,0,5089,0,0
SP-05448,ok,reserve,2114,0,0,0,0
SP-05449,deficit,none,0,0,0,0,0
SP-05450,ok,reserve,15249,0,0,0,0
SP-05451,ok,reserve,18707,0,11837,0,0
SP-05452,ok,reserve,20699,0,0,0,0
SP-05453,ok,goals+,5819,8728,9697,0,0
SP-05454,ok,goals+,10,0,11,7,0
SP-05455,ok,goals+,0,0,632,0,92654
SP-05456,ok,reserve,34156,0,9423,0,0
SP-05457,deficit,none,0,0,0,0,0
SP-05458,ok,reserve,59019,0,16920,0,0
SP-05459,ok,reserve,13838,0,2621,0,0
SP-05460,deficit,none,0,0,0,0,0
SP-05461,ok,reserve,28695,0,19129,0,0
SP-05462,ok,reserve,3038,0,0,0,0
SP-05463,ok,goals+,0,0,112109,0,56218
SP-05464,ok,goals+,0,0,2073,0,78183
SP-05465,ok,goals+,0,0,19576,16863,100343
SP-05466,deficit,none,0,0,0,0,0
SP-05467,ok,goals+,0,0,0,44570,760655
SP-05468,ok,reserve,7106,0,0,0,0
SP-05469,deficit,none,0,0,0,0,0
SP-05470,ok,reserve,7080,0,0,0,0
SP-05471,ok,reserve,11692,0,7794,0,0
SP-05472,ok,reserve,6140,0,0,0,0
SP-05473,ok,reserve,36579,0,0,0,0
SP-05474,ok,debt,0,8436,0,0,43514
SP-05475,ok,reserve,53758,0,0,0,0
SP-05476,ok,reserve,27718,0,0,0,0
SP-05477,ok,reserve,9093,0,0,0,0
SP-05478,ok,debt,3515,5271,0,0,0
SP-05479,ok,goals+,0,0,20026,3973,71708
SP-05480,ok,debt,1,29471,0,0,633832
SP-05481,ok,goals+,0,14900,26489,0,1947041
SP-05482,ok,debt,0,13767,0,0,22087
SP-05483,ok,reserve,13902,0,4097,0,0
SP-05484,ok,reserve,41112,0,27408,0,0
SP-05485,ok,reserve,16682,0,0,0,0
SP-05486,ok,reserve,9468,5014,0,0,0
SP-05487,ok,debt,0,6469,0,4314,34927
SP-05488,ok,goals+,0,0,0,60914,161518
SP-05489,ok,reserve,12861,0,0,0,0
SP-05490,deficit,none,0,0,0,0,0
SP-05491,ok,reserve,18080,0,0,0,0
SP-05492,ok,goals+,0,0,15671,0,176948
SP-05493,ok,reserve,5146,0,3430,0,0
SP-05494,deficit,none,0,0,0,0,0
SP-05495,ok,goals+,0,0,43,0,49017
SP-05496,ok,goals+,0,0,48,215,0
SP-05497,ok,reserve,28235,0,5413,0,0
SP-05498,ok,reserve,11852,0,0,0,0
SP-05499,ok,reserve,1013055129,0,73180446,0,0
SP-05500,deficit,none,0,0,0,0,0
SP-05501,ok,reserve,61795,0,6606,0,0
SP-05502,deficit,none,0,0,0,0,0
SP-05503,ok,reserve,14121,0,9414,0,0
SP-05504,ok,reserve,7359,0,0,0,0
SP-05505,ok,debt,0,71661,9741,47775,635948
SP-05506,ok,goals+,0,7347,13063,0,39826
SP-05507,ok,reserve,2418,0,0,0,0
SP-05508,deficit,none,0,0,0,0,0
SP-05509,deficit,none,0,0,0,0,0
SP-05510,ok,reserve,3697,0,0,0,0
SP-05511,deficit,none,0,0,0,0,0
SP-05512,ok,reserve,26818,0,0,0,0
SP-05513,ok,reserve,5962,0,3974,0,0
SP-05514,ok,reserve,12378,0,6036,0,0
SP-05515,ok,debt,0,1322,0,0,131538
SP-05516,ok,reserve,64299,0,0,0,0
SP-05517,ok,reserve,21953,0,0,0,0
SP-05518,ok,reserve,14266,0,0,0,0
SP-05519,ok,reserve,10921,0,6940,0,0
SP-05520,ok,reserve,22247,0,0,0,0
SP-05521,ok,goals+,0,0,50424,0,62132
SP-05522,deficit,none,0,0,0,0,0
SP-05523,ok,goals+,0,0,9459,0,1199495
SP-05524,ok,reserve,1979,0,0,0,0
SP-05525,ok,reserve,28700,0,5278,23411,0
SP-05526,ok,reserve,5684,0,0,0,0
SP-05527,ok,goals+,1066,1597,1775,0,0
SP-05528,ok,debt,0,16534,0,0,10438
SP-05529,ok,reserve,6573,90,99,0,0
SP-05530,ok,goals+,5374,8060,8955,0,0
SP-05531,ok,goals+,0,0,123,0,30902
SP-05532,ok,reserve,3287,0,0,0,0
SP-05533,ok,reserve,27881,0,0,0,0
SP-05534,ok,reserve,7455,0,4970,0,0
SP-05535,ok,reserve,51684,0,3412,0,0
SP-05536,ok,goals+,0,0,0,7364,144545
SP-05537,ok,debt,0,9405,0,0,57591
SP-05538,ok,goals+,0,0,3,0,0
SP-05539,ok,reserve,17919,14954,0,0,0
SP-05540,ok,goals+,0,0,36354,0,77249
SP-05541,ok,reserve,7721859,0,0,0,0
SP-05542,ok,reserve,14095,0,0,0,0
SP-05543,ok,reserve,49772,0,20332,0,0
SP-05544,deficit,none,0,0,0,0,0
SP-05545,ok,reserve,10929,0,7285,0,0
SP-05546,ok,goals+,0,0,36324,0,83051
SP-05547,ok,debt,0,84235,0,0,4569
SP-05548,ok,reserve,16824,0,0,0,0
SP-05549,ok,reserve,262,0,0,0,0
SP-05550,deficit,none,0,0,0,0,0
SP-05551,ok,debt,0,3006,0,0,47474
SP-05552,ok,debt,0,2477,0,0,176321
SP-05553,deficit,none,0,0,0,0,0
SP-05554,ok,reserve,3468,0,0,0,0
SP-05555,ok,debt,0,53606,0,0,267844
SP-05556,deficit,none,0,0,0,0,0
SP-05557,ok,reserve,24478,0,0,0,0
SP-05558,ok,reserve,32139,0,21425,0,0
SP-05559,ok,reserve,23311,0,0,0,0
SP-05560,deficit,none,0,0,0,0,0
SP-05561,ok,goals+,12856,19282,21424,0,0
SP-05562,ok,reserve,15949,0,0,0,0
SP-05563,ok,debt,0,17688,0,0,2070
SP-05564,ok,reserve,8345,0,0,0,0
SP-05565,ok,goals+,0,0,0,18556,3352429
SP-05566,ok,reserve,18865,0,0,0,0
SP-05567,ok,debt,0,13673,0,0,54411
SP-05568,ok,reserve,6754,0,0,0,0
SP-05569,ok,debt,0,30888,0,0,35875
SP-05570,ok,reserve,1041,0,694,0,0
SP-05571,ok,reserve,7672,0,0,0,0
SP-05572,ok,reserve,26997,0,0,0,0
SP-05573,ok,reserve,7028,0,0,0,0
SP-05574,deficit,none,0,0,0,0,0
SP-05575,deficit,none,0,0,0,0,0
SP-05576,deficit,none,0,0,0,0,0
SP-05577,ok,reserve,4794,0,3196,0,0
SP-05578,ok,reserve,5359,0,0,0,0
SP-05579,ok,goals+,0,0,0,2614,75796
SP-05580,ok,goals+,0,0,31,0,0
SP-05581,ok,reserve,7597,0,0,0,0
SP-05582,ok,reserve,9749,0,0,0,0
SP-05583,ok,reserve,73084134,0,0,0,0
SP-05584,deficit,none,0,0,0,0,0
SP-05585,deficit,none,0,0,0,0,0
SP-05586,deficit,none,0,0,0,0,0
SP-05587,ok,reserve,11591,0,510,0,0
SP-05588,ok,debt,0,8709,0,0,12773
SP-05589,ok,reserve,48226,0,0,0,0
SP-05590,ok,debt,0,54602,0,0,415780
SP-05591,ok,reserve,23897,0,0,0,0
SP-05592,deficit,none,0,0,0,0,0
SP-05593,ok,reserve,3548,0,2364,0,0
SP-05594,ok,reserve,4696,0,3130,0,0
SP-05595,ok,debt,0,29509,0,0,36442
SP-05596,ok,goals+,3234,4849,5388,0,21886
SP-05597,ok,goals+,0,0,22074,949,24194
SP-05598,deficit,none,0,0,0,0,0
SP-05599,ok,reserve,6255,0,0,0,0
SP-05600,ok,goals+,0,0,36430,0,394222
SP-05601,ok,reserve,135525,0,0,0,0
SP-05602,ok,reserve,4279,0,0,0,0
SP-05603,ok,goals+,0,0,9082,0,11269
SP-05604,deficit,none,0,0,0,0,0
SP-05605,ok,reserve,6280,0,4186,0,0
SP-05606,ok,reserve,1758,0,1172,0,0
SP-05607,ok,goals+,0,0,8972,52855,986475
SP-05608,ok,goals+,0,0,16426,1383,429498
SP-05609,ok,reserve,14931,0,9954,0,0
SP-05610,ok,reserve,28213,0,0,0,0
SP-05611,ok,reserve,28331,0,5320,0,0
SP-05612,ok,reserve,13919,748,0,0,0
SP-05613,ok,reserve,6810,5460,0,0,0
SP-05614,ok,goals+,0,0,25011,0,154506
SP-05615,ok,debt,0,12836,0,0,102
SP-05616,deficit,none,0,0,0,0,0
SP-05617,ok,reserve,133079,0,0,0,0
SP-05618,deficit,none,0,0,0,0,0
SP-05619,ok,reserve,22910,0,2793,0,0
SP-05620,ok,reserve,20091,0,0,0,0
SP-05621,ok,reserve,8625,0,0,0,0
SP-05622,ok,goals+,0,0,68,54,0
SP-05623,ok,debt,1,61233,0,0,94509
SP-05624,ok,reserve,24518,5016,0,0,0
SP-05625,ok,reserve,321005075,0,0,0,0
SP-05626,ok,reserve,11555,0,0,0,0
SP-05627,ok,reserve,12766,0,0,0,0
SP-05628,deficit,none,0,0,0,0,0
SP-05629,ok,reserve,5676,0,0,0,0
SP-05630,ok,debt,0,12851,0,0,74055
SP-05631,ok,debt,0,74617,0,0,119537
SP-05632,ok,debt,2194,6793,0,0,0
SP-05633,ok,reserve,21595,0,4634,0,0
SP-05634,deficit,none,0,0,0,0,0
SP-05635,ok,reserve,27260,0,6959,0,0
SP-05636,deficit,none,0,0,0,0,0
SP-05637,deficit,none,0,0,0,0,0
SP-05638,ok,reserve,4098,0,0,0,0
SP-05639,ok,reserve,11072,0,0,0,0
SP-05640,ok,goals+,0,0,16680,0,29952
SP-05641,ok,reserve,9042,0,0,0,0
SP-05642,ok,reserve,4671,0,3113,0,0
SP-05643,ok,reserve,2075,0,0,0,0
SP-05644,ok,reserve,54308,0,0,0,0
SP-05645,ok,debt,0,5787,0,0,86490
SP-05646,ok,reserve,29432,0,0,0,0
SP-05647,ok,reserve,41569,0,0,0,0
SP-05648,ok,goals+,0,0,17894,21595,152338
SP-05649,ok,goals+,0,0,0,16025,1565369
SP-05650,ok,reserve,4721,0,0,0,0
SP-05651,ok,reserve,18245,0,11861,0,0
SP-05652,ok,reserve,18354,0,12235,0,0
SP-05653,ok,debt,0,24574,0,0,69158
SP-05654,deficit,none,0,0,0,0,0
SP-05655,ok,goals+,1375,2061,2290,0,0
SP-05656,ok,debt,0,14721,0,9815,156686
SP-05657,ok,reserve,16444,0,0,0,0
SP-05658,ok,reserve,17433,0,400,0,0
SP-05659,ok,reserve,8072,0,5381,0,0
SP-05660,ok,reserve,5469,0,3645,0,0
SP-05661,ok,goals+,5782,0,10211,0,0
SP-05662,ok,debt,4830,9137,0,0,0
SP-05663,ok,reserve,20282,0,4287,0,0
SP-05664,ok,goals+,0,0,45,49,0
SP-05665,ok,reserve,21272,0,0,0,0
SP-05666,ok,reserve,25921,0,0,0,0
SP-05667,ok,goals+,140019086,210028627,233365142,0,0
SP-05668,ok,goals+,2779,0,16002,8524,0
SP-05669,ok,reserve,24551,0,0,0,0
SP-05670,deficit,none,0,0,0,0,0
SP-05671,ok,reserve,8402,0,0,0,0
SP-05672,ok,reserve,8243,0,5494,0,0
SP-05673,ok,debt,0,54862,0,0,74811
SP-05674,ok,goals+,0,0,65278,0,155941
SP-05675,ok,reserve,18520,0,0,0,0
SP-05676,deficit,none,0,0,0,0,0
SP-05677,deficit,none,0,0,0,0,0
SP-05678,ok,debt,0,28820,0,0,51356
SP-05679,deficit,none,0,0,0,0,0
SP-05680,ok,goals+,0,0,9300,15678,206477
SP-05681,ok,reserve,9600,4367,4852,0,0
SP-05682,deficit,none,0,0,0,0,0
SP-05683,ok,reserve,24170,0,0,0,0
SP-05684,ok,reserve,15897,0,0,0,0
SP-05685,ok,reserve,80340,0,0,0,0
SP-05686,ok,reserve,25658,0,17104,0,0
SP-05687,ok,reserve,18364,0,12242,0,0
SP-05688,ok,reserve,8270,0,0,0,0
SP-05689,ok,goals+,0,0,7264,0,28089
SP-05690,deficit,none,0,0,0,0,0
SP-05691,ok,goals+,0,0,4772,2388,850730
SP-05692,ok,reserve,7984,0,0,0,0
SP-05693,ok,goals+,0,0,1155,39395,0
SP-05694,ok,reserve,16554,0,11036,0,0
SP-05695,ok,reserve,20997,0,0,0,0
SP-05696,deficit,none,0,0,0,0,0
SP-05697,ok,reserve,4968,0,0,0,0
SP-05698,ok,reserve,10635,0,0,0,0
SP-05699,ok,debt,0,5164,0,0,34000
SP-05700,ok,goals+,398,0,5973,9583,0
SP-05701,ok,reserve,6820,0,0,0,0
SP-05702,ok,goals+,0,0,0,28707,0
SP-05703,ok,debt,0,23957,0,0,52536
SP-05704,ok,reserve,304,0,0,0,0
SP-05705,ok,goals+,0,0,6674,0,155379
SP-05706,deficit,none,0,0,0,0,0
SP-05707,ok,goals+,839,1257,1396,0,0
SP-05708,ok,goals+,0,0,1607,0,30910
SP-05709,ok,reserve,309861346,0,0,0,0
SP-05710,ok,goals+,0,0,30058,0,77008
SP-05711,ok,reserve,28060,0,10229,0,0
SP-05712,deficit,none,0,0,0,0,0
SP-05713,ok,reserve,2892,0,1928,0,0
SP-05714,ok,goals+,0,0,0,5584,81073
SP-05715,ok,debt,6671,30681,0,0,0
SP-05716,deficit,none,0,0,0,0,0
SP-05717,ok,reserve,17592,0,11728,0,0
SP-05718,deficit,none,0,0,0,0,0
SP-05719,ok,reserve,14666,0,9776,0,0
SP-05720,ok,reserve,7603,0,0,0,0
SP-05721,deficit,none,0,0,0,0,0
SP-05722,ok,reserve,45714,0,0,0,0
SP-05723,ok,reserve,20849,12764,0,0,0
SP-05724,deficit,none,0,0,0,0,0
SP-05725,deficit,none,0,0,0,0,0
SP-05726,deficit,none,0,0,0,0,0
SP-05727,ok,reserve,11060,0,0,0,0
SP-05728,ok,reserve,22709,0,5473,0,0
SP-05729,ok,goals+,0,0,1243,0,54754
SP-05730,ok,reserve,1727,0,0,0,0
SP-05731,deficit,none,0,0,0,0,0
SP-05732,ok,reserve,10955,0,7302,0,0
SP-05733,deficit,none,0,0,0,0,696982
SP-05734,ok,reserve,128,0,85,0,0
SP-05735,ok,reserve,41692,0,2930,0,0
SP-05736,ok,reserve,19470,0,12980,0,0
SP-05737,deficit,none,0,0,0,0,0
SP-05738,ok,debt,9356,14033,0,0,0
SP-05739,ok,goals+,0,0,16180,0,0
SP-05740,ok,reserve,6854,0,0,0,0
SP-05741,ok,reserve,16613,0,5083,0,0
SP-05742,deficit,none,0,0,0,0,0
SP-05743,ok,reserve,3999,0,0,0,0
SP-05744,ok,debt,0,10001,0,0,23777
SP-05745,ok,reserve,9148,0,0,0,0
SP-05746,ok,goals+,0,0,20330,15193,138968
SP-05747,ok,goals+,0,0,1018,30076,163306
SP-05748,ok,reserve,15,0,10,0,0
SP-05749,ok,goals+,0,0,18926,22363,0
SP-05750,ok,goals+,12288,18430,20478,0,0
SP-05751,ok,reserve,1034396683,0,301925379,0,0
SP-05752,ok,reserve,17858,0,11904,0,0
SP-05753,ok,reserve,26431,0,0,0,0
SP-05754,deficit,none,0,0,0,0,0
SP-05755,ok,reserve,33707,0,0,0,0
SP-05756,ok,reserve,3352,0,0,0,0
SP-05757,ok,goals+,0,0,23605,90778,22739
SP-05758,ok,goals+,873,1309,1454,0,0
SP-05759,ok,reserve,31287,0,0,0,0
SP-05760,deficit,none,0,0,0,0,0
SP-05761,ok,reserve,2674,0,0,0,0
SP-05762,ok,reserve,19454,0,0,0,0
SP-05763,deficit,none,0,0,0,0,0
SP-05764,ok,debt,0,7631,0,0,6720
SP-05765,ok,reserve,9825,0,0,0,0
SP-05766,ok,reserve,3620,0,0,0,0
SP-05767,ok,reserve,3657,0,0,0,0
SP-05768,ok,reserve,28070,0,662,0,0
SP-05769,ok,goals+,0,0,0,33243,20997
SP-05770,deficit,none,0,0,0,0,0
SP-05771,ok,reserve,4694,0,0,0,0
SP-05772,ok,reserve,30008,0,0,0,0
SP-05773,ok,reserve,12244,0,0,0,0
SP-05774,ok,reserve,7602,0,0,0,0
SP-05775,ok,goals+,1,0,847,0,927868
SP-05776,ok,reserve,25893,0,17261,0,0
SP-05777,ok,reserve,4879,3600,0,0,0
SP-05778,ok,reserve,20707,0,0,0,0
SP-05779,ok,reserve,3292,0,2194,0,0
SP-05780,ok,reserve,37364,0,0,0,0
SP-05781,ok,reserve,3731,0,2486,0,107550
SP-05782,ok,reserve,763,0,508,0,0
SP-05783,ok,reserve,1678,0,1118,0,0
SP-05784,ok,reserve,15168,0,10111,0,0
SP-05785,ok,goals+,4410,6614,7348,0,0
SP-05786,deficit,none,0,0,0,0,0
SP-05787,ok,reserve,21225,0,5911,0,0
SP-05788,ok,reserve,6744,0,0,0,0
SP-05789,deficit,none,0,0,0,0,0
SP-05790,ok,reserve,47,0,0,0,0
SP-05791,deficit,none,0,0,0,0,0
SP-05792,ok,debt,0,17214,0,0,11333
SP-05793,ok,reserve,423235449,0,0,0,0
SP-05794,ok,reserve,3641,0,2426,0,0
SP-05795,ok,reserve,13493,0,0,0,0
SP-05796,deficit,none,0,0,0,0,0
SP-05797,ok,reserve,17733,0,0,0,0
SP-05798,deficit,none,0,0,0,0,0
SP-05799,ok,debt,0,59006,0,0,98683
SP-05800,ok,reserve,18124,0,12082,0,0
SP-05801,ok,reserve,31943,0,13168,0,0
SP-05802,deficit,none,0,0,0,0,0
SP-05803,ok,reserve,65080,0,11241,0,0
SP-05804,ok,goals+,1660,2488,2765,0,0
SP-05805,ok,reserve,8403,0,0,0,0
SP-05806,ok,reserve,55318,0,0,0,0
SP-05807,deficit,none,0,0,0,0,0
SP-05808,ok,reserve,50,0,0,0,0
SP-05809,ok,goals+,0,0,0,13006,0
SP-05810,ok,reserve,12140,0,7865,0,0
SP-05811,ok,reserve,38388,0,0,0,0
SP-05812,ok,goals+,0,0,18668,68865,321406
SP-05813,ok,goals+,0,0,0,60868,120981
SP-05814,ok,reserve,17588,0,0,0,0
SP-05815,ok,reserve,16242,0,0,0,0
SP-05816,ok,reserve,51058,0,0,0,0
SP-05817,ok,goals+,0,0,5602,0,1621376
SP-05818,ok,debt,9617,14425,0,0,0
SP-05819,ok,reserve,21363,0,14242,0,0
SP-05820,ok,reserve,13652,0,9100,0,0
SP-05821,ok,reserve,12401,0,0,0,0
SP-05822,ok,reserve,10222,0,0,0,0
SP-05823,ok,debt,0,3627,0,0,150150
SP-05824,ok,reserve,9707,0,0,0,0
SP-05825,ok,reserve,92,0,0,0,0
SP-05826,ok,reserve,17327,0,0,0,0
SP-05827,ok,goals+,0,0,1768,0,317442
SP-05828,ok,reserve,2590,0,0,0,0
SP-05829,ok,reserve,2822,0,1881,0,0
SP-05830,ok,goals+,0,0,40193,0,0
SP-05831,deficit,none,0,0,0,0,0
SP-05832,ok,reserve,10,0,6,0,0
SP-05833,ok,debt,0,22555,0,0,25190
SP-05834,deficit,none,0,0,0,0,0
SP-05835,ok,reserve,262405694,0,0,0,0
SP-05836,ok,goals+,1,0,0,4333,288752
SP-05837,deficit,none,0,0,0,0,0
SP-05838,deficit,none,0,0,0,0,0
SP-05839,ok,reserve,9349,0,0,0,0
SP-05840,ok,reserve,30088,0,3059,0,0
SP-05841,ok,goals+,0,0,31835,44131,74781
SP-05842,ok,reserve,151,0,0,0,0
SP-05843,deficit,none,0,0,0,0,0
SP-05844,deficit,none,0,0,0,0,0
SP-05845,ok,reserve,41541,0,4392,0,0
SP-05846,deficit,none,0,0,0,0,0
SP-05847,deficit,none,0,0,0,0,0
SP-05848,ok,reserve,10320,0,3263,0,0
SP-05849,ok,goals+,3281,4921,5468,0,0
SP-05850,ok,reserve,3256,0,2170,0,0
SP-05851,ok,reserve,28051,0,1022,0,0
SP-05852,deficit,none,0,0,0,0,0
SP-05853,ok,debt,4469,6702,0,0,35064
SP-05854,ok,debt,1,28356,0,0,115200
SP-05855,ok,reserve,18914,0,12609,0,0
SP-05856,ok,reserve,22067,0,0,0,0
SP-05857,deficit,none,0,0,0,0,0
SP-05858,ok,reserve,1498,0,0,0,0
SP-05859,ok,goals+,0,0,17,41655,2309775
SP-05860,ok,debt,11482,17221,15003,0,0
SP-05861,deficit,none,0,0,0,0,0
SP-05862,ok,reserve,3588,0,2391,0,0
SP-05863,ok,reserve,32123,0,0,0,0
SP-05864,ok,reserve,2780,0,0,0,0
SP-05865,ok,reserve,4223,0,0,0,0
SP-05866,ok,goals+,0,0,0,3115,27995
SP-05867,ok,goals+,0,6210,11040,0,362562
SP-05868,ok,reserve,2,0,0,0,0
SP-05869,ok,reserve,15197,0,0,0,0
SP-05870,ok,goals+,0,0,0,79960,134877
SP-05871,ok,goals+,2876,4312,4792,0,0
SP-05872,ok,debt,7738,10624,0,0,0
SP-05873,ok,goals+,0,0,8236,10643,13955
SP-05874,ok,reserve,56,0,22,0,0
SP-05875,ok,reserve,27717,0,18477,0,0
SP-05876,ok,reserve,39930,0,26619,0,0
SP-05877,ok,reserve,112832785,0,0,0,0
SP-05878,ok,reserve,10117,0,6744,0,0
SP-05879,ok,reserve,36605,0,1956,0,0
SP-05880,deficit,none,0,0,0,0,0
SP-05881,ok,goals+,0,0,49380,3415,149688
SP-05882,ok,reserve,9214,0,0,0,0
SP-05883,ok,reserve,37771,35636,0,0,0
SP-05884,ok,debt,0,18766,0,0,65027
SP-05885,ok,debt,0,17997,0,0,167429
SP-05886,deficit,none,0,0,0,0,0
SP-05887,ok,debt,0,5558,0,0,163547
SP-05888,ok,goals+,0,0,16001,31749,174261
SP-05889,deficit,none,0,0,0,0,0
SP-05890,ok,debt,11149,12466,944,0,0
SP-05891,ok,reserve,5199,0,0,0,0
SP-05892,deficit,none,0,0,0,0,0
SP-05893,ok,reserve,21175,0,0,0,0
SP-05894,ok,reserve,31744,0,1823,0,0
SP-05895,ok,reserve,7152,0,0,0,0
SP-05896,ok,debt,8833,43054,0,0,0
SP-05897,ok,reserve,18527,0,12350,0,0
SP-05898,ok,goals+,0,0,0,28923,0
SP-05899,ok,reserve,93,0,0,0,0
SP-05900,ok,reserve,10144,0,0,0,0
SP-05901,ok,goals+,1,4577,8137,0,613691
SP-05902,ok,reserve,12585,0,0,0,0
SP-05903,ok,debt,0,2433,0,0,85987
SP-05904,ok,reserve,12611,0,8407,0,0
SP-05905,ok,reserve,17500,0,0,0,0
SP-05906,ok,reserve,13565,0,0,0,0
SP-05907,ok,goals+,0,0,204,0,64841
SP-05908,ok,reserve,8608,0,0,0,0
SP-05909,ok,reserve,8917,0,0,0,0
SP-05910,deficit,none,0,0,0,0,0
SP-05911,ok,reserve,14299,0,0,0,0
SP-05912,ok,reserve,36833,0,0,15412,0
SP-05913,ok,goals+,2356,3532,3925,0,0
SP-05914,ok,reserve,51271,0,5286,0,0
SP-05915,ok,reserve,18986,0,0,0,0
SP-05916,deficit,none,0,0,0,0,0
SP-05917,deficit,none,0,0,0,0,0
SP-05918,ok,reserve,34964,0,23309,0,0
SP-05919,ok,reserve,317462118,0,0,0,0
SP-05920,ok,reserve,23234,0,0,0,0
SP-05921,ok,debt,0,11864,0,0,5144
SP-05922,deficit,none,0,0,0,0,0
SP-05923,deficit,none,0,0,0,0,0
SP-05924,ok,reserve,14942,0,9961,0,0
SP-05925,ok,goals+,0,0,35024,79180,599805
SP-05926,ok,reserve,29702,0,5438,0,0
SP-05927,ok,debt,0,6354,0,0,66167
SP-05928,deficit,none,0,0,0,0,0
SP-05929,ok,reserve,40724,0,2768,0,0
SP-05930,ok,debt,0,23967,0,0,41994
SP-05931,deficit,none,0,0,0,0,0
SP-05932,ok,reserve,5719,0,0,0,0
SP-05933,ok,reserve,16836,0,0,0,0
SP-05934,ok,reserve,6604,0,2800,0,0
SP-05935,ok,reserve,39885,0,0,0,0
SP-05936,ok,goals+,0,0,41553,0,127259
SP-05937,ok,reserve,5235,0,0,0,0
SP-05938,ok,reserve,10390,0,3784,0,0
SP-05939,ok,reserve,4578,0,0,0,0
SP-05940,ok,reserve,2836,0,0,0,0
SP-05941,ok,debt,0,21542,0,0,43955
SP-05942,ok,reserve,43879,0,0,0,0
SP-05943,deficit,none,0,0,0,0,528565
SP-05944,ok,reserve,18911,0,0,0,0
SP-05945,ok,reserve,553,0,0,0,0
SP-05946,ok,reserve,7190,0,4793,0,0
SP-05947,ok,reserve,6070,0,0,0,0
SP-05948,ok,reserve,7785,0,0,0,0
SP-05949,ok,reserve,28979,0,0,0,0
SP-05950,ok,reserve,39105,0,0,0,0
SP-05951,deficit,none,0,0,0,0,0
SP-05952,ok,reserve,4958,0,3304,0,0
SP-05953,ok,reserve,18757,0,0,0,0
SP-05954,ok,reserve,22799,0,3100,0,0
SP-05955,ok,reserve,12805,0,8536,0,0
SP-05956,ok,reserve,2738,0,1824,0,0
SP-05957,ok,reserve,37044,0,3423,0,0
SP-05958,ok,reserve,87,0,17,19,0
SP-05959,ok,reserve,16453,0,0,0,0
SP-05960,ok,reserve,1900,0,0,0,0
SP-05961,ok,reserve,194552575,0,0,0,0
SP-05962,ok,goals+,0,0,7944,1045,344195
SP-05963,ok,reserve,17468,0,10011,1577,0
SP-05964,deficit,none,0,0,0,0,0
SP-05965,ok,reserve,298,0,0,0,0
SP-05966,ok,reserve,12238,2308,0,0,0
SP-05967,ok,goals+,0,0,12349,45482,141521
SP-05968,ok,reserve,17954,0,0,0,0
SP-05969,ok,debt,0,3879,0,0,8049
SP-05970,deficit,none,0,0,0,0,0
SP-05971,ok,debt,1727,30281,0,0,0
SP-05972,ok,reserve,490,0,0,0,0
SP-05973,ok,reserve,9517,0,0,0,0
SP-05974,deficit,none,0,0,0,0,0
SP-05975,ok,debt,0,4790,0,0,142922
SP-05976,ok,reserve,9138,0,0,0,0
SP-05977,ok,reserve,11859,0,0,0,0
SP-05978,ok,reserve,2916,0,0,0,0
SP-05979,ok,reserve,11825,0,0,0,0
SP-05980,ok,reserve,24425,0,0,0,0
SP-05981,ok,reserve,24641,0,0,0,0
SP-05982,ok,reserve,40019,0,0,0,0
SP-05983,ok,reserve,17250,0,0,0,0
SP-05984,ok,goals+,5192,7786,8651,0,0
SP-05985,ok,goals+,0,0,0,13057,1030204
SP-05986,ok,reserve,14713,0,9808,0,0
SP-05987,ok,reserve,8537,0,0,0,0
SP-05988,ok,debt,0,33689,0,0,337531
SP-05989,ok,debt,0,12341,0,0,106262
SP-05990,deficit,none,0,0,0,0,0
SP-05991,ok,debt,0,4931,0,0,505578
SP-05992,ok,reserve,4010,0,2672,0,0
SP-05993,deficit,none,0,0,0,0,0
SP-05994,deficit,none,0,0,0,0,0
SP-05995,ok,reserve,9364,0,6242,0,0
SP-05996,ok,reserve,30207,0,0,0,0
SP-05997,deficit,none,0,0,0,0,0
SP-05998,deficit,none,0,0,0,0,0
SP-05999,ok,reserve,3541,0,2360,0,0
SP-06000,ok,none,0,0,0,0,0
SP-06001,ok,reserve,13694,0,9129,0,0
SP-06002,ok,reserve,1644,0,1096,0,0
SP-06003,ok,debt,112693123,169039683,0,0,0
SP-06004,ok,reserve,13081,0,0,0,0
SP-06005,ok,reserve,10221,0,0,0,0
SP-06006,deficit,none,0,0,0,0,0
SP-06007,deficit,none,0,0,0,0,0
SP-06008,ok,goals+,0,0,0,19693,0
SP-06009,ok,goals+,0,0,51057,0,57065
SP-06010,ok,reserve,12314,0,0,0,0
SP-06011,ok,reserve,2977,0,0,0,0
SP-06012,deficit,none,0,0,0,0,0
SP-06013,ok,reserve,101503,0,0,0,0
SP-06014,ok,reserve,972,0,0,0,0
SP-06015,deficit,none,0,0,0,0,0
SP-06016,ok,goals+,0,8486,15087,0,85001
SP-06017,ok,reserve,34470,0,14323,5133,0
SP-06018,ok,reserve,4465,0,0,0,0
SP-06019,ok,reserve,7843,0,0,0,0
SP-06020,ok,goals+,0,0,11266,0,114885
SP-06021,ok,goals+,0,0,0,13976,22911
SP-06022,ok,reserve,36371,0,0,0,0
SP-06023,ok,reserve,19564,0,13042,0,0
SP-06024,ok,reserve,29866,0,0,0,0
SP-06025,ok,goals+,0,0,8416,0,37639
SP-06026,ok,reserve,19437,0,0,0,0
SP-06027,ok,debt,0,15121,0,0,819435
SP-06028,deficit,none,0,0,0,0,0
SP-06029,ok,debt,12198,18296,0,0,0
SP-06030,ok,debt,2389,4098,0,0,0
SP-06031,ok,goals+,0,0,55368,7391,46012
SP-06032,ok,reserve,17063,0,0,0,0
SP-06033,ok,reserve,2703,0,0,0,0
SP-06034,deficit,none,0,0,0,0,0
SP-06035,ok,reserve,11293,0,0,0,0
SP-06036,ok,reserve,37665,0,25110,0,0
SP-06037,ok,reserve,5254,0,3502,0,0
SP-06038,ok,reserve,20123,0,0,0,0
SP-06039,ok,reserve,12565,0,5062,0,0
SP-06040,ok,reserve,10429,0,579,0,0
SP-06041,ok,reserve,57040,0,38026,0,0
SP-06042,ok,reserve,12,0,8,0,0
SP-06043,ok,debt,11360,16067,0,0,0
SP-06044,ok,reserve,1973,0,1315,0,0
SP-06045,ok,reserve,8926185,0,0,0,0
SP-06046,ok,reserve,28485,0,18989,0,0
SP-06047,deficit,none,0,0,0,0,0
SP-06048,deficit,none,0,0,0,0,0
SP-06049,ok,reserve,19279,0,0,0,0
SP-06050,ok,reserve,33195,0,0,0,0
SP-06051,ok,goals+,0,0,19489,14016,103196
SP-06052,ok,reserve,12469,0,0,0,0
SP-06053,ok,debt,0,21445,0,0,299976
SP-06054,deficit,none,0,0,0,0,0
SP-06055,ok,reserve,53638,0,0,0,0
SP-06056,ok,debt,0,10236,0,0,30576
SP-06057,ok,debt,0,32457,0,0,19953
SP-06058,ok,reserve,21332,0,0,0,0
SP-06059,ok,reserve,12070,0,0,0,0
SP-06060,ok,reserve,36479,0,0,0,0
SP-06061,ok,reserve,12304,0,3648,0,0
SP-06062,ok,goals+,0,0,0,13634,0
SP-06063,ok,reserve,43654,0,0,0,0
SP-06064,ok,debt,0,5928,0,0,22488
SP-06065,deficit,none,0,0,0,0,0
SP-06066,ok,debt,5076,7614,0,0,0
SP-06067,ok,reserve,14844,0,0,0,0
SP-06068,ok,reserve,12063,0,0,0,0
SP-06069,ok,goals+,1,0,13637,2849,686001
SP-06070,ok,goals+,0,0,0,37653,217028
SP-06071,ok,goals+,0,0,3218,20675,0
SP-06072,ok,reserve,6495,0,4329,0,0
SP-06073,ok,reserve,13707,0,0,0,0
SP-06074,ok,reserve,6798,0,0,0,0
SP-06075,ok,reserve,963,0,0,0,0
SP-06076,ok,reserve,8381,0,0,0,0
SP-06077,ok,reserve,1708,0,0,0,0
SP-06078,ok,reserve,26134,0,0,0,0
SP-06079,ok,goals+,0,0,10065,0,318049
SP-06080,deficit,none,0,0,0,0,0
SP-06081,ok,reserve,6791,0,0,0,0
SP-06082,ok,reserve,2854,0,1902,0,0
SP-06083,ok,reserve,13559,2038,0,0,0
SP-06084,ok,reserve,162,0,42,0,0
SP-06085,deficit,none,0,0,0,0,0
SP-06086,ok,reserve,46768,0,22170,0,0
SP-06087,ok,reserve,658936216,0,141159903,0,0
SP-06088,ok,debt,0,6341,0,0,147512
SP-06089,ok,reserve,13435,0,0,0,0
SP-06090,deficit,none,0,0,0,0,0
SP-06091,ok,reserve,1161,0,0,0,0
SP-06092,ok,reserve,15814,0,0,0,0
SP-06093,ok,goals+,0,0,0,80158,220663
SP-06094,deficit,none,0,0,0,0,0
SP-06095,ok,reserve,11507,0,0,0,0
SP-06096,deficit,none,0,0,0,0,0
SP-06097,ok,goals+,0,0,12697,0,0
SP-06098,ok,reserve,1686,0,0,0,0
SP-06099,deficit,none,0,0,0,0,0
SP-06100,ok,reserve,2230,0,0,0,0
SP-06101,ok,reserve,3306,0,0,0,0
SP-06102,deficit,none,0,0,0,0,227493
SP-06103,deficit,none,0,0,0,0,0
SP-06104,deficit,none,0,0,0,0,0
SP-06105,ok,goals+,0,0,0,14774,62108
SP-06106,deficit,none,0,0,0,0,0
SP-06107,ok,reserve,13915,0,7554,0,0
SP-06108,deficit,none,0,0,0,0,0
SP-06109,ok,reserve,411,0,0,0,0
SP-06110,ok,goals+,0,0,0,10431,261636
SP-06111,ok,goals+,0,0,3656,0,675778
SP-06112,ok,debt,0,10471,0,0,12530
SP-06113,ok,reserve,2875,0,1916,0,53699
SP-06114,ok,reserve,7116,0,0,0,0
SP-06115,ok,reserve,7990,0,0,0,0
SP-06116,ok,reserve,49547,0,0,0,0
SP-06117,ok,reserve,4893,0,3261,0,0
SP-06118,ok,debt,12787,26214,0,0,0
SP-06119,ok,debt,0,1282,0,0,172239
SP-06120,ok,reserve,1242,0,828,0,0
SP-06121,ok,reserve,5304,0,3535,0,0
SP-06122,ok,reserve,15969,0,10646,0,0
SP-06123,ok,reserve,11286,0,6501,0,0
SP-06124,ok,reserve,10391,0,0,0,0
SP-06125,ok,reserve,1764,0,1176,0,0
SP-06126,ok,goals+,0,0,6,0,0
SP-06127,ok,reserve,1785,0,0,0,0
SP-06128,ok,debt,0,14459,0,0,2333
SP-06129,ok,reserve,874188583,0,582792388,0,0
SP-06130,ok,reserve,16006,0,0,0,0
SP-06131,ok,reserve,14421,0,0,0,0
SP-06132,deficit,none,0,0,0,0,0
SP-06133,ok,reserve,24138,0,16091,0,0
SP-06134,ok,reserve,9904,0,0,0,0
SP-06135,ok,goals+,0,15127,12003,4528,10764
SP-06136,ok,reserve,6360,0,0,0,0
SP-06137,ok,reserve,270,0,0,0,0
SP-06138,deficit,none,0,0,0,0,0
SP-06139,ok,reserve,5649,0,3100,0,0
SP-06140,ok,goals+,0,0,7202,0,161400
SP-06141,deficit,none,0,0,0,0,0
SP-06142,ok,reserve,11031,0,7354,0,0
SP-06143,ok,reserve,11081,0,0,0,0
SP-06144,ok,reserve,4925,0,3282,0,0
SP-06145,deficit,none,0,0,0,0,0
SP-06146,ok,reserve,10448,0,0,0,0
SP-06147,ok,debt,0,19941,0,0,23136
SP-06148,ok,goals+,0,0,15597,0,44394
SP-06149,ok,reserve,3816,0,2543,0,0
SP-06150,ok,debt,0,18990,0,0,58916
SP-06151,ok,reserve,261,0,0,0,0
SP-06152,ok,debt,0,21921,0,0,2564
SP-06153,ok,goals+,1,0,0,16280,4401305
SP-06154,ok,debt,0,21889,0,0,51843
SP-06155,ok,reserve,24512,0,0,0,0
SP-06156,ok,goals+,6758,10135,11261,0,0
SP-06157,ok,reserve,35292,0,14397,0,0
SP-06158,ok,reserve,1526,0,1017,0,0
SP-06159,ok,reserve,2809,0,0,0,0
SP-06160,ok,reserve,18700,0,0,0,0
SP-06161,ok,goals+,0,0,0,41040,26302
SP-06162,ok,reserve,28815,0,1112,0,0
SP-06163,ok,reserve,26405,141,0,0,0
SP-06164,ok,reserve,7415,1849,0,0,0
SP-06165,ok,reserve,36127,0,2277,0,0
SP-06166,ok,reserve,18307,0,0,0,0
SP-06167,ok,reserve,28528,0,1737,0,0
SP-06168,ok,reserve,147,0,47,0,0
SP-06169,ok,reserve,10999,0,7332,0,103533
SP-06170,ok,goals+,0,0,6091,0,143024
SP-06171,ok,reserve,281769407,0,0,0,0
SP-06172,ok,reserve,11592,0,7727,0,0
SP-06173,ok,reserve,8850,0,5900,0,0
SP-06174,deficit,none,0,0,0,0,0
SP-06175,ok,reserve,25241,1402,0,0,0
SP-06176,ok,debt,1,6271,0,0,145750
SP-06177,ok,debt,0,22016,0,0,38999
SP-06178,ok,reserve,3963,0,2642,0,0
SP-06179,ok,reserve,22850,0,0,0,0
SP-06180,deficit,none,0,0,0,0,0
SP-06181,ok,reserve,24562,0,16374,0,0
SP-06182,ok,goals+,0,0,7976,0,32517
SP-06183,deficit,none,0,0,0,0,0
SP-06184,deficit,none,0,0,0,0,29865
SP-06185,ok,reserve,9528,0,6352,0,0
SP-06186,deficit,none,0,0,0,0,243269
SP-06187,ok,reserve,12776,0,8516,0,0
SP-06188,deficit,none,0,0,0,0,0
SP-06189,ok,debt,0,4189,0,0,33161
SP-06190,ok,reserve,13434,0,0,0,0
SP-06191,ok,reserve,9894,0,0,0,0
SP-06192,ok,debt,11375,17062,0,0,0
SP-06193,ok,reserve,3145,0,0,0,0
SP-06194,deficit,none,0,0,0,0,0
SP-06195,ok,goals+,0,0,0,29548,883918
SP-06196,ok,reserve,23796,0,15863,0,0
SP-06197,ok,reserve,32624,0,107,0,0
SP-06198,ok,reserve,5354,0,0,0,0
SP-06199,ok,debt,4192,6287,0,0,0
SP-06200,ok,reserve,3377,0,0,0,0
SP-06201,ok,goals+,1030,1544,1716,0,0
SP-06202,ok,reserve,780,0,0,0,0
SP-06203,ok,reserve,4901,0,0,0,0
SP-06204,ok,reserve,6581,0,0,0,0
SP-06205,ok,reserve,2313,0,1542,0,0
SP-06206,ok,reserve,11185,0,7456,0,0
SP-06207,ok,reserve,1772,0,1180,0,0
SP-06208,ok,reserve,74420,0,0,0,0
SP-06209,ok,debt,0,16056,0,0,166354
SP-06210,ok,goals+,0,0,32,109,0
SP-06211,ok,reserve,9847,0,0,0,0
SP-06212,ok,reserve,5134,0,0,0,0
SP-06213,deficit,none,0,0,0,0,0
SP-06214,ok,goals+,6504,9754,10838,0,0
SP-06215,ok,reserve,19746,0,8100,0,0
SP-06216,deficit,none,0,0,0,0,0
SP-06217,ok,reserve,14767,0,0,0,0
SP-06218,ok,reserve,1448,0,0,0,0
SP-06219,ok,goals+,0,0,38262,35344,31101
SP-06220,ok,reserve,22330,0,0,0,0
SP-06221,ok,reserve,423,0,281,0,0
SP-06222,deficit,none,0,0,0,0,0
SP-06223,ok,debt,0,3752,0,0,5679
SP-06224,ok,reserve,15580,0,0,0,0
SP-06225,deficit,none,0,0,0,0,0
SP-06226,deficit,none,0,0,0,0,0
SP-06227,ok,debt,222,14888,0,0,0
SP-06228,ok,reserve,31364,0,2341,0,0
SP-06229,ok,reserve,21416,0,0,6434,0
SP-06230,deficit,none,0,0,0,0,0
SP-06231,ok,reserve,6942,0,0,0,0
SP-06232,ok,reserve,1197,0,0,0,0
SP-06233,ok,goals+,0,0,0,10253,104973
SP-06234,ok,reserve,9005,0,0,0,0
SP-06235,ok,reserve,2175,0,1450,0,350991
SP-06236,ok,reserve,7214,0,0,0,0
SP-06237,ok,debt,0,11162,0,0,686651
SP-06238,ok,reserve,32419,0,0,0,0
SP-06239,ok,reserve,24061,0,0,0,0
SP-06240,ok,reserve,2024,0,0,0,0
SP-06241,ok,reserve,14727,0,0,0,0
SP-06242,ok,goals+,7655,11481,12756,0,0
SP-06243,ok,debt,0,8822,0,0,33782
SP-06244,ok,reserve,12800,0,0,0,0
SP-06245,ok,reserve,37983,0,9324,0,0
SP-06246,ok,reserve,4038,0,0,0,0
SP-06247,ok,debt,0,5980,0,0,85644
SP-06248,ok,debt,11490,17234,0,0,0
SP-06249,ok,reserve,252,0,0,0,0
SP-06250,ok,reserve,21948,0,0,0,0
SP-06251,ok,reserve,20055,0,13370,0,0
SP-06252,ok,reserve,32,0,0,0,0
SP-06253,ok,reserve,9149,0,6099,0,0
SP-06254,ok,reserve,4485,0,2989,0,0
SP-06255,ok,goals+,139055716,208583574,231759526,0,0
SP-06256,ok,reserve,10957,0,0,0,0
SP-06257,deficit,none,0,0,0,0,0
SP-06258,deficit,none,0,0,0,0,0
SP-06259,ok,reserve,29912,0,19941,0,0
SP-06260,ok,debt,0,6489,0,0,275570
SP-06261,ok,goals+,0,0,50073,59873,350644
SP-06262,deficit,none,0,0,0,0,371685
SP-06263,ok,debt,2212,33924,0,0,0
SP-06264,deficit,none,0,0,0,0,0
SP-06265,ok,reserve,1237,0,824,0,0
SP-06266,ok,reserve,714,0,0,0,0
SP-06267,deficit,none,0,0,0,0,0
SP-06268,ok,reserve,8101,0,5400,0,0
SP-06269,ok,debt,0,606,0,0,237
SP-06270,ok,reserve,15211,0,340,0,0
SP-06271,ok,reserve,3534,0,2355,0,0
SP-06272,deficit,none,0,0,0,0,0
SP-06273,ok,reserve,10209,0,0,0,0
SP-06274,ok,goals+,471,705,783,0,0
SP-06275,ok,reserve,4451,0,0,0,0
SP-06276,ok,reserve,10303,0,0,0,0
SP-06277,ok,reserve,8886,0,5923,0,0
SP-06278,deficit,none,0,0,0,0,0
SP-06279,deficit,none,0,0,0,0,255875
SP-06280,deficit,none,0,0,0,0,0
SP-06281,deficit,none,0,0,0,0,0
SP-06282,ok,goals+,5337,8004,8893,0,0
SP-06283,ok,reserve,2394,0,1595,0,0
SP-06284,ok,reserve,16183,0,10788,0,19059
SP-06285,ok,debt,0,8249,0,0,88242
SP-06286,ok,reserve,13945,763,0,0,0
SP-06287,ok,reserve,11075,0,0,0,0
SP-06288,deficit,none,0,0,0,0,0
SP-06289,ok,debt,0,10173,0,0,28406
SP-06290,ok,reserve,33161,13611,0,0,0
SP-06291,ok,debt,0,5552,0,0,7120
SP-06292,ok,reserve,23885,0,15923,0,0
SP-06293,ok,reserve,16329,0,0,0,0
SP-06294,ok,reserve,171,0,34,0,0
SP-06295,ok,reserve,36193,7253,0,0,0
SP-06296,ok,reserve,19086,0,3263,0,0
SP-06297,ok,reserve,757521691,0,0,0,0
SP-06298,ok,reserve,21660,0,0,0,0
SP-06299,ok,goals+,0,0,26718,0,28068
SP-06300,deficit,none,0,0,0,0,0
SP-06301,ok,reserve,23262,0,4621,0,0
SP-06302,ok,debt,0,11524,0,0,114948
SP-06303,ok,goals+,0,0,62487,0,14990
SP-06304,ok,reserve,141,0,0,0,0
SP-06305,deficit,none,0,0,0,0,0
SP-06306,deficit,none,0,0,0,0,0
SP-06307,ok,reserve,4082,0,0,0,0
SP-06308,ok,reserve,21355,0,7739,0,0
SP-06309,deficit,none,0,0,0,0,0
SP-06310,ok,reserve,8529,0,5686,0,0
SP-06311,deficit,none,0,0,0,0,0
SP-06312,ok,reserve,21833,0,18010,0,0
SP-06313,ok,reserve,1879,0,0,0,0
SP-06314,ok,reserve,5174,0,3448,0,0
SP-06315,deficit,none,0,0,0,0,0
SP-06316,deficit,none,0,0,0,0,0
SP-06317,ok,reserve,32662,0,948,0,0
SP-06318,ok,reserve,18096,0,0,0,0
SP-06319,ok,reserve,30156,122,135,0,0
SP-06320,ok,reserve,6119,0,0,0,0
SP-06321,ok,goals+,1,0,11057,35958,1918418
SP-06322,ok,debt,1632,30102,0,0,0
SP-06323,ok,reserve,38644,0,17469,0,0
SP-06324,deficit,none,0,0,0,0,0
SP-06325,ok,reserve,6585,0,4389,0,0
SP-06326,ok,reserve,6269,0,0,0,0
SP-06327,ok,reserve,4969,0,0,0,0
SP-06328,ok,reserve,3525,0,0,0,0
SP-06329,ok,reserve,21393,0,14261,0,0
SP-06330,ok,goals+,0,0,0,25035,175919
SP-06331,deficit,none,0,0,0,0,0
SP-06332,deficit,none,0,0,0,0,0
SP-06333,ok,debt,0,11790,0,0,40772
SP-06334,ok,reserve,31761,0,0,0,0
SP-06335,ok,goals+,0,0,0,37182,63044
SP-06336,ok,reserve,74,0,49,0,0
SP-06337,ok,reserve,5498,0,0,0,0
SP-06338,ok,reserve,3484,0,0,0,0
SP-06339,ok,goals+,0,0,181224820,0,4316041592
SP-06340,deficit,none,0,0,0,0,0
SP-06341,ok,reserve,9492,0,6327,0,0
SP-06342,deficit,none,0,0,0,0,0
SP-06343,ok,reserve,9181,0,0,0,0
SP-06344,ok,debt,0,2012,0,0,43439
SP-06345,ok,goals+,0,0,43793,0,240053
SP-06346,ok,reserve,51899,0,0,0,0
SP-06347,ok,goals+,9438,14155,15728,0,20679
SP-06348,deficit,none,0,0,0,0,0
SP-06349,deficit,none,0,0,0,0,0
SP-06350,deficit,none,0,0,0,0,0
SP-06351,deficit,none,0,0,0,0,0
SP-06352,ok,reserve,6066,0,4043,0,0
SP-06353,ok,reserve,20562,0,13707,0,0
SP-06354,deficit,none,0,0,0,0,0
SP-06355,ok,goals+,0,0,4047,0,360895
SP-06356,ok,debt,0,86,0,0,61826
SP-06357,ok,debt,7825,11736,0,0,0
SP-06358,ok,reserve,9875,0,0,0,0
SP-06359,ok,reserve,1165,0,0,0,0
SP-06360,ok,reserve,2534,0,0,0,0
SP-06361,ok,debt,0,16174,0,0,9206
SP-06362,ok,reserve,31056,0,0,0,0
SP-06363,deficit,none,0,0,0,0,0
SP-06364,ok,reserve,5240,0,0,0,0
SP-06365,ok,reserve,82725,0,53889,0,0
SP-06366,ok,goals+,0,0,3082,0,22962
SP-06367,ok,reserve,7565,0,5043,0,0
SP-06368,deficit,none,0,0,0,0,0
SP-06369,ok,reserve,21580,0,0,0,0
SP-06370,ok,debt,461,691,0,0,0
SP-06371,ok,reserve,22552,0,0,0,0
SP-06372,deficit,none,0,0,0,0,0
SP-06373,deficit,none,0,0,0,0,0
SP-06374,ok,debt,0,19190,0,0,64198
SP-06375,ok,reserve,11188,0,0,0,0
SP-06376,ok,debt,0,22496,0,0,83167
SP-06377,deficit,none,0,0,0,0,287978
SP-06378,ok,reserve,6,0,0,0,0
SP-06379,ok,goals+,0,0,26007,0,0
SP-06380,ok,reserve,32179,0,0,0,0
SP-06381,deficit,none,0,0,0,0,0
SP-06382,ok,debt,0,593,0,0,32388
SP-06383,ok,goals+,0,0,36070,3523,0
SP-06384,deficit,none,0,0,0,0,0
SP-06385,ok,debt,0,13659,0,0,171799
SP-06386,ok,reserve,3338,0,0,0,0
SP-06387,ok,goals+,0,0,0,33851,77761
SP-06388,ok,goals+,0,0,1629,0,226089
SP-06389,ok,reserve,8575,0,0,0,0
SP-06390,deficit,none,0,0,0,0,0
SP-06391,ok,reserve,63110,0,0,0,0
SP-06392,ok,reserve,59405,0,0,0,0
SP-06393,deficit,none,0,0,0,0,0
SP-06394,ok,reserve,2987,0,0,0,0
SP-06395,deficit,none,0,0,0,0,0
SP-06396,ok,reserve,31305,0,0,0,0
SP-06397,deficit,none,0,0,0,0,0
SP-06398,ok,debt,9191,13785,7443,0,0
SP-06399,ok,reserve,21526,0,0,0,0
SP-06400,ok,goals+,0,2878,5116,0,0
SP-06401,ok,reserve,34659,0,23105,0,0
SP-06402,ok,reserve,112,0,0,0,0
SP-06403,ok,reserve,4366,0,0,0,0
SP-06404,ok,reserve,9591,0,0,0,0
SP-06405,ok,goals+,1,0,0,26226,4447301
SP-06406,ok,reserve,78464,0,52308,0,0
SP-06407,ok,reserve,32703,0,0,0,0
SP-06408,ok,reserve,6997,0,0,0,0
SP-06409,ok,goals+,0,0,471,23639,35643
SP-06410,ok,debt,3093,4638,0,0,0
SP-06411,ok,reserve,10501,0,0,0,0
SP-06412,ok,reserve,15211,0,0,0,0
SP-06413,ok,reserve,2202,0,0,0,0
SP-06414,ok,reserve,4344,0,0,0,0
SP-06415,ok,reserve,6494,0,0,0,0
SP-06416,ok,reserve,6435,0,4289,0,0
SP-06417,ok,reserve,14132,0,9420,0,0
SP-06418,deficit,none,0,0,0,0,0
SP-06419,ok,debt,0,4479,0,0,46487
SP-06420,ok,goals+,0,0,29,1,0
SP-06421,ok,goals+,8722,13081,14534,0,0
SP-06422,ok,reserve,3098,0,2065,0,0
SP-06423,ok,reserve,626139239,0,417426158,0,0
SP-06424,ok,reserve,1278,0,0,0,0
SP-06425,ok,reserve,34992,0,2821,0,0
SP-06426,deficit,none,0,0,0,0,0
SP-06427,ok,goals+,0,0,14885,29179,231580
SP-06428,deficit,none,0,0,0,0,0
SP-06429,ok,goals+,0,0,0,32042,92314
SP-06430,deficit,none,0,0,0,0,0
SP-06431,ok,reserve,24960,1565,1738,0,0
SP-06432,deficit,none,0,0,0,0,0
SP-06433,ok,reserve,39384,0,26255,0,0
SP-06434,ok,reserve,45132,0,0,0,0
SP-06435,deficit,none,0,0,0,0,0
SP-06436,ok,reserve,7904,0,0,0,0
SP-06437,ok,debt,0,4153,0,0,15164
SP-06438,ok,reserve,4121,0,0,0,0
SP-06439,deficit,none,0,0,0,0,0
SP-06440,ok,reserve,52520,0,0,0,0
SP-06441,deficit,none,0,0,0,0,0
SP-06442,ok,debt,0,51282,0,0,324
SP-06443,ok,reserve,20256,0,13503,0,0
SP-06444,ok,reserve,857,0,0,0,0
SP-06445,ok,reserve,26148,0,0,0,0
SP-06446,ok,goals+,2694,4039,4488,0,0
SP-06447,ok,goals+,0,0,0,20607,3307699
SP-06448,deficit,none,0,0,0,0,0
SP-06449,ok,reserve,9262,0,2663,0,0
SP-06450,ok,goals+,0,0,10121,0,15575
SP-06451,deficit,none,0,0,0,0,0
SP-06452,ok,reserve,7083,0,0,0,0
SP-06453,ok,reserve,4480,0,2986,0,0
SP-06454,deficit,none,0,0,0,0,0
SP-06455,ok,reserve,24371,0,1502,0,0
SP-06456,ok,goals+,0,0,35909,0,0
SP-06457,deficit,none,0,0,0,0,0
SP-06458,ok,debt,0,8634,0,0,19173
SP-06459,ok,goals+,4729,7093,7881,0,0
SP-06460,ok,debt,7691,11535,0,0,0
SP-06461,ok,reserve,17510,0,11673,0,0
SP-06462,ok,reserve,48,0,32,0,0
SP-06463,deficit,none,0,0,0,0,0
SP-06464,ok,reserve,6466,0,4310,0,0
SP-06465,ok,reserve,113588047,0,0,0,0
SP-06466,ok,reserve,2528,0,0,0,0
SP-06467,ok,reserve,22594,0,0,0,0
SP-06468,deficit,none,0,0,0,0,0
SP-06469,ok,reserve,20010,0,13339,0,0
SP-06470,ok,reserve,24807,2865,3183,0,0
SP-06471,ok,goals+,0,0,0,127894,176294
SP-06472,ok,reserve,17291,0,12055,0,0
SP-06473,ok,reserve,1006,0,0,0,0
SP-06474,deficit,none,0,0,0,0,0
SP-06475,ok,debt,0,65958,0,0,1862
SP-06476,ok,reserve,5863,0,0,0,0
SP-06477,deficit,none,0,0,0,0,0
SP-06478,ok,goals+,0,0,11199,0,95784
SP-06479,ok,reserve,1178,0,0,0,0
SP-06480,ok,reserve,5118,0,3411,0,0
SP-06481,deficit,none,0,0,0,0,40122
SP-06482,ok,debt,0,20122,0,0,101497
SP-06483,ok,reserve,26952,0,0,0,0
SP-06484,ok,reserve,30160,0,20106,0,0
SP-06485,ok,reserve,55907,0,14893,0,0
SP-06486,ok,reserve,11310,0,0,0,0
SP-06487,ok,reserve,2995,0,0,0,0
SP-06488,ok,goals+,0,0,11763,0,70363
SP-06489,ok,goals+,1,0,0,3204,2533379
SP-06490,ok,reserve,2227,0,1484,0,0
SP-06491,deficit,none,0,0,0,0,0
SP-06492,ok,reserve,7930,0,5286,0,0
SP-06493,ok,reserve,8467,0,5644,0,536561
SP-06494,ok,reserve,15824,0,10548,0,0
SP-06495,ok,reserve,12282,0,0,0,0
SP-06496,ok,goals+,0,0,1921,0,132185
SP-06497,ok,reserve,35999,0,0,0,0
SP-06498,ok,goals+,0,0,6485,5922,11721
SP-06499,deficit,none,0,0,0,0,0
SP-06500,ok,goals+,2214,8173,12318,0,0
SP-06501,ok,goals+,0,0,10134,0,74887
SP-06502,ok,reserve,5471,0,0,0,0
SP-06503,ok,debt,0,1015,0,0,42189
SP-06504,ok,reserve,12,0,7,0,0
SP-06505,ok,reserve,33106,0,4610,0,0
SP-06506,ok,reserve,9710,0,28,0,0
SP-06507,ok,reserve,940680955,0,0,0,0
SP-06508,deficit,none,0,0,0,0,0
SP-06509,ok,debt,0,30920,0,0,11898
SP-06510,deficit,none,0,0,0,0,0
SP-06511,ok,reserve,20208,0,13471,0,0
SP-06512,ok,reserve,54738,0,13289,0,0
SP-06513,ok,reserve,9484,0,0,0,0
SP-06514,deficit,none,0,0,0,0,0
SP-06515,ok,reserve,23693,0,0,0,0
SP-06516,deficit,none,0,0,0,0,0
SP-06517,ok,reserve,2399,0,0,0,0
SP-06518,deficit,none,0,0,0,0,0
SP-06519,deficit,none,0,0,0,0,0
SP-06520,ok,reserve,12033,0,0,0,0
SP-06521,ok,reserve,12259,0,0,0,0
SP-06522,ok,reserve,30401,0,0,0,0
SP-06523,ok,reserve,12219,0,0,0,0
SP-06524,ok,debt,17383,26073,0,0,0
SP-06525,ok,goals+,0,0,0,21522,50531
SP-06526,ok,goals+,0,0,7840,0,155391
SP-06527,ok,reserve,9498,0,6331,0,0
SP-06528,ok,reserve,12760,0,0,0,0
SP-06529,ok,goals+,5319,7977,8864,0,0
SP-06530,ok,goals+,0,0,26214,0,22414
SP-06531,ok,goals+,0,0,0,17466,1650117
SP-06532,ok,reserve,6237,0,4157,0,0
SP-06533,deficit,none,0,0,0,0,0
SP-06534,ok,reserve,24452,0,16300,0,0
SP-06535,ok,goals+,0,0,0,1491,271462
SP-06536,ok,reserve,32248,0,0,0,0
SP-06537,ok,goals+,0,0,11865,0,53349
SP-06538,deficit,none,0,0,0,0,0
SP-06539,ok,debt,6043,9064,0,0,0
SP-06540,deficit,none,0,0,0,0,0
SP-06541,deficit,none,0,0,0,0,0
SP-06542,ok,reserve,19805,0,5346,0,0
SP-06543,ok,goals+,0,0,26405,0,55427
SP-06544,ok,reserve,6037,0,0,0,0
SP-06545,deficit,none,0,0,0,0,50640
SP-06546,ok,reserve,54,0,0,0,0
SP-06547,ok,reserve,4471,0,2980,0,0
SP-06548,ok,debt,0,10263,0,0,6639
SP-06549,ok,reserve,466145093,0,0,0,0
SP-06550,ok,goals+,0,0,9803,1967,0
SP-06551,ok,reserve,24088,4,0,0,0
SP-06552,deficit,none,0,0,0,0,0
SP-06553,ok,reserve,9889,0,6592,0,0
SP-06554,ok,reserve,18050,0,0,0,0
SP-06555,ok,debt,0,24039,0,0,44396
SP-06556,ok,reserve,33529,0,0,0,0
SP-06557,ok,debt,4738,6320,0,0,0
SP-06558,deficit,none,0,0,0,0,0
SP-06559,ok,reserve,13777,0,0,0,0
SP-06560,deficit,none,0,0,0,0,0
SP-06561,deficit,none,0,0,0,0,0
SP-06562,ok,goals+,372,557,619,0,0
SP-06563,deficit,none,0,0,0,0,0
SP-06564,ok,reserve,16234,0,10822,0,0
SP-06565,ok,reserve,7112,0,0,0,0
SP-06566,ok,reserve,7960,4275,0,0,0
SP-06567,ok,debt,0,93531,0,0,16530
SP-06568,ok,reserve,8568,0,5711,0,0
SP-06569,ok,debt,0,2092,0,0,11872
SP-06570,ok,goals+,0,0,0,50738,855192
SP-06571,ok,debt,0,20107,0,0,120770
SP-06572,ok,reserve,2006,0,1337,0,122206
SP-06573,ok,goals+,0,0,0,23405,1041557
SP-06574,ok,reserve,13093,0,0,0,0
SP-06575,ok,reserve,27015,0,934,0,0
SP-06576,ok,reserve,8684,0,978,0,0
SP-06577,ok,reserve,10657,0,0,0,0
SP-06578,ok,reserve,11061,0,7373,0,0
SP-06579,ok,reserve,5270,0,3513,0,0
SP-06580,ok,debt,0,12654,0,0,6554
SP-06581,ok,reserve,19667,0,3325,0,0
SP-06582,ok,reserve,34442,0,5731,0,0
SP-06583,ok,reserve,2985,0,1989,0,0
SP-06584,ok,reserve,122502,0,25896,0,0
SP-06585,ok,reserve,17924,0,1413,0,0
SP-06586,ok,reserve,358,0,0,0,0
SP-06587,ok,goals+,0,0,3434,0,146711
SP-06588,ok,none,0,0,0,0,0
SP-06589,ok,reserve,5615,0,0,0,0
SP-06590,ok,goals+,908,1362,1512,0,31581
SP-06591,ok,reserve,228534775,0,0,0,0
SP-06592,ok,reserve,11110,0,0,0,0
SP-06593,ok,debt,915,1372,0,0,0
SP-06594,deficit,none,0,0,0,0,0
SP-06595,ok,reserve,27417,0,0,0,0
SP-06596,ok,reserve,21598,0,0,0,0
SP-06597,ok,goals+,0,0,44611,0,56915
SP-06598,ok,reserve,26461,0,0,0,0
SP-06599,deficit,none,0,0,0,0,0
SP-06600,deficit,none,0,0,0,0,0
SP-06601,ok,reserve,31276,0,0,0,0
SP-06602,ok,reserve,8924,0,5949,0,0
SP-06603,ok,debt,6839,22254,0,0,0
SP-06604,ok,goals+,0,0,0,35928,0
SP-06605,ok,reserve,10428,0,0,0,0
SP-06606,ok,reserve,37733,0,25154,0,0
SP-06607,ok,reserve,16127,0,0,0,0
SP-06608,ok,reserve,25120,0,0,0,0
SP-06609,ok,reserve,25169,0,0,0,0
SP-06610,ok,goals+,0,16162,20385,0,344024
SP-06611,deficit,none,0,0,0,0,0
SP-06612,ok,reserve,3129,0,0,0,0
SP-06613,ok,reserve,6226,0,4150,0,0
SP-06614,ok,reserve,2517,0,1678,0,0
SP-06615,ok,goals+,0,0,0,17084,1548902
SP-06616,ok,goals+,3105,0,5147,0,0
SP-06617,ok,reserve,12113,0,8075,0,0
SP-06618,ok,reserve,5999,0,0,0,0
SP-06619,ok,reserve,18560,0,0,0,0
SP-06620,ok,debt,0,26810,0,0,11832
SP-06621,ok,reserve,1508,0,0,0,0
SP-06622,deficit,none,0,0,0,0,0
SP-06623,ok,goals+,0,8760,15573,0,32725
SP-06624,ok,reserve,9837,0,0,0,0
SP-06625,ok,reserve,873,0,0,0,0
SP-06626,deficit,none,0,0,0,0,0
SP-06627,ok,goals+,6493,0,14841,0,0
SP-06628,ok,reserve,65704,0,0,0,0
SP-06629,ok,reserve,13698,0,0,0,0
SP-06630,ok,reserve,102,0,0,0,0
SP-06631,ok,reserve,27474,0,0,0,0
SP-06632,ok,reserve,10622,0,0,0,0
SP-06633,ok,debt,0,1697988441,0,0,1519407408
SP-06634,ok,reserve,13876,8109,9010,0,0
SP-06635,ok,goals+,0,2901,5159,0,1004688
SP-06636,deficit,none,0,0,0,0,0
SP-06637,ok,reserve,147,0,0,0,0
SP-06638,ok,goals+,0,0,3958,0,0
SP-06639,ok,goals+,0,0,29494,1786,66706
SP-06640,ok,goals+,16080,0,24463,0,0
SP-06641,ok,goals+,0,0,16666,0,113856
SP-06642,deficit,none,0,0,0,0,0
SP-06643,ok,reserve,3060,0,2039,0,0
SP-06644,ok,reserve,12538,0,0,0,0
SP-06645,deficit,none,0,0,0,0,0
SP-06646,ok,reserve,16655,0,11103,0,0
SP-06647,ok,reserve,50923,0,0,0,0
SP-06648,deficit,none,0,0,0,0,0
SP-06649,ok,debt,3480,5218,0,0,0
SP-06650,ok,debt,0,6809,0,0,516
SP-06651,ok,reserve,15954,0,0,0,0
SP-06652,deficit,none,0,0,0,0,0
SP-06653,ok,debt,8082,12121,0,0,0
SP-06654,ok,reserve,10736,0,0,0,0
SP-06655,deficit,none,0,0,0,0,0
SP-06656,ok,reserve,2087,0,0,0,0
SP-06657,ok,goals+,0,0,3148,0,2223117
SP-06658,ok,reserve,7160,0,0,0,0
SP-06659,ok,debt,1,2733,0,0,164481
SP-06660,ok,debt,0,5434,0,0,126450
SP-06661,ok,reserve,6104,0,0,0,0
SP-06662,ok,goals+,0,0,0,559,0
SP-06663,ok,reserve,4827,0,0,0,0
SP-06664,ok,reserve,7208,0,0,0,0
SP-06665,ok,reserve,19302,0,0,0,0
SP-06666,deficit,none,0,0,0,0,0
SP-06667,ok,goals+,1120,1679,1865,0,0
SP-06668,deficit,none,0,0,0,0,0
SP-06669,ok,debt,0,13676,0,0,40588
SP-06670,ok,reserve,13119,0,0,0,0
SP-06671,ok,reserve,11967,0,0,0,0
SP-06672,ok,reserve,32,0,20,0,0
SP-06673,ok,reserve,10694,0,0,0,0
SP-06674,ok,reserve,4523,0,0,0,0
SP-06675,ok,reserve,515445861,0,108167443,0,0
SP-06676,ok,debt,0,29227,0,0,56442
SP-06677,ok,goals+,0,0,27822,0,48666
SP-06678,deficit,none,0,0,0,0,0
SP-06679,ok,reserve,20101,0,0,0,0
SP-06680,ok,reserve,55130,0,17350,0,0
SP-06681,ok,goals+,0,0,0,89755,100352
SP-06682,ok,reserve,25401,0,0,0,0
SP-06683,deficit,none,0,0,0,0,0
SP-06684,deficit,none,0,0,0,0,0
SP-06685,ok,reserve,7728,0,5152,0,0
SP-06686,ok,reserve,9705,0,0,0,0
SP-06687,deficit,none,0,0,0,0,0
SP-06688,ok,reserve,21129,8109,0,0,0
SP-06689,ok,reserve,26514,0,0,0,0
SP-06690,deficit,none,0,0,0,0,0
SP-06691,ok,reserve,13707,0,9138,0,0
SP-06692,deficit,none,0,0,0,0,65641
SP-06693,ok,reserve,9832,0,0,0,0
SP-06694,ok,reserve,14803,0,0,0,0
SP-06695,ok,debt,0,14091,0,0,24616
SP-06696,ok,debt,0,2840,0,0,177360
SP-06697,ok,reserve,22535,0,0,0,0
SP-06698,ok,reserve,7478,0,4985,0,0
SP-06699,deficit,none,0,0,0,0,208562
SP-06700,deficit,none,0,0,0,0,79615
SP-06701,ok,goals+,3878,5817,6463,0,0
SP-06702,deficit,none,0,0,0,0,0
SP-06703,deficit,none,0,0,0,0,0
SP-06704,ok,reserve,3425,0,2283,0,0
SP-06705,ok,goals+,766,1148,1276,0,0
SP-06706,ok,reserve,1449,0,965,0,0
SP-06707,ok,goals+,2794,4190,4656,0,0
SP-06708,deficit,none,0,0,0,0,0
SP-06709,ok,reserve,54759,0,0,0,0
SP-06710,ok,reserve,34078,0,0,0,0
SP-06711,ok,reserve,4574,0,0,0,0
SP-06712,ok,goals+,0,0,9668,0,10830
SP-06713,ok,reserve,3198,0,2132,0,0
SP-06714,deficit,none,0,0,0,0,0
SP-06715,ok,debt,0,20171,0,0,56442
SP-06716,ok,reserve,61440,0,23152,0,0
SP-06717,ok,reserve,585630327,0,0,0,0
SP-06718,ok,reserve,35962,0,12498,0,0
SP-06719,ok,reserve,290,0,192,0,0
SP-06720,deficit,none,0,0,0,0,0
SP-06721,ok,goals+,0,0,6941,0,118232
SP-06722,ok,debt,13956,34535,0,0,0
SP-06723,ok,goals+,0,0,0,27839,10811
SP-06724,ok,reserve,15089,0,0,0,0
SP-06725,ok,reserve,14394,0,9595,0,0
SP-06726,deficit,none,0,0,0,0,0
SP-06727,ok,goals+,3042,4562,5068,0,0
SP-06728,ok,reserve,7130,0,0,0,0
SP-06729,deficit,none,0,0,0,0,0
SP-06730,ok,reserve,33753,0,22501,0,0
SP-06731,ok,reserve,1691,927,1029,0,0
SP-06732,deficit,none,0,0,0,0,0
SP-06733,ok,debt,0,13480,0,0,835
SP-06734,ok,reserve,21164,0,0,0,0
SP-06735,ok,reserve,32173,0,0,0,0
SP-06736,ok,debt,0,18654,0,0,39991
SP-06737,ok,goals+,0,0,9687,0,265049
SP-06738,ok,reserve,15666,0,0,0,0
SP-06739,ok,reserve,1242,0,0,0,0
SP-06740,ok,reserve,19722,0,0,11219,0
SP-06741,ok,goals+,0,0,0,30862,1524598
SP-06742,deficit,none,0,0,0,0,0
SP-06743,ok,goals+,0,0,5071,0,41800
SP-06744,deficit,none,0,0,0,0,0
SP-06745,ok,debt,0,19057,0,0,6399
SP-06746,ok,debt,0,27227,0,0,35778
SP-06747,ok,reserve,26090,0,0,0,0
SP-06748,ok,debt,0,9486,0,0,62888
SP-06749,ok,debt,14516,21773,0,0,0
SP-06750,ok,reserve,1222,0,0,0,0
SP-06751,ok,goals+,10706,16057,17841,0,0
SP-06752,deficit,none,0,0,0,0,0
SP-06753,ok,reserve,19351,0,0,0,0
SP-06754,ok,goals+,0,0,41502,0,49974
SP-06755,ok,goals+,13651,0,31595,0,0
SP-06756,ok,reserve,62,0,40,0,0
SP-06757,ok,reserve,116797,0,0,0,0
SP-06758,ok,reserve,19132,11637,0,0,0
SP-06759,deficit,none,0,0,0,0,0
SP-06760,ok,reserve,30762,0,0,0,0
SP-06761,deficit,none,0,0,0,0,0
SP-06762,deficit,none,0,0,0,0,0
SP-06763,ok,reserve,31354,0,2315,0,0
SP-06764,ok,reserve,11132,0,0,0,0
SP-06765,ok,debt,30040,75447,0,0,0
SP-06766,deficit,none,0,0,0,0,31812
SP-06767,ok,goals+,0,0,23924,0,128513
SP-06768,deficit,none,0,0,0,0,0
SP-06769,ok,goals+,0,0,23656,1989,446113
SP-06770,ok,reserve,11298,0,5422,0,0
SP-06771,deficit,none,0,0,0,0,0
SP-06772,ok,reserve,22239,0,0,0,0
SP-06773,ok,reserve,47941,0,0,0,0
SP-06774,ok,reserve,17003,0,0,0,0
SP-06775,ok,reserve,1190,0,0,0,0
SP-06776,ok,reserve,4047,0,2697,0,347391
SP-06777,ok,reserve,12366,0,0,0,0
SP-06778,ok,reserve,18699,0,0,0,0
SP-06779,ok,goals+,0,0,6901,0,125750
SP-06780,ok,reserve,9807,0,0,0,0
SP-06781,ok,goals+,34368,0,41308,0,0
SP-06782,deficit,none,0,0,0,0,0
SP-06783,ok,goals+,0,0,0,5346,2869809
SP-06784,deficit,none,0,0,0,0,0
SP-06785,deficit,none,0,0,0,0,0
SP-06786,ok,reserve,13444,167,186,0,0
SP-06787,ok,reserve,14233,0,11591,0,0
SP-06788,ok,debt,0,20799,0,0,1568
SP-06789,ok,reserve,21998,0,14664,0,0
SP-06790,deficit,none,0,0,0,0,0
SP-06791,ok,debt,0,14781,0,0,193432
SP-06792,ok,reserve,5068,0,3378,0,0
SP-06793,ok,debt,23521,33668,0,0,0
SP-06794,ok,reserve,6794,0,0,0,0
SP-06795,ok,reserve,11578,0,0,0,0
SP-06796,ok,reserve,14699,0,3075,0,0
SP-06797,deficit,none,0,0,0,0,0
SP-06798,deficit,none,0,0,0,0,0
SP-06799,ok,goals+,0,0,11361,0,178599
SP-06800,ok,debt,0,16424,0,0,41135
SP-06801,ok,reserve,10153280,0,6768852,0,0
SP-06802,ok,reserve,10799,0,7198,0,0
SP-06803,ok,reserve,18838,0,12558,0,0
SP-06804,deficit,none,0,0,0,0,0
SP-06805,ok,reserve,24038,0,0,0,0
SP-06806,ok,reserve,8640,0,0,0,0
SP-06807,ok,goals+,0,0,0,66658,28064
SP-06808,ok,goals+,0,975,1734,0,76244
SP-06809,ok,reserve,46438,0,6741,0,0
SP-06810,deficit,none,0,0,0,0,0
SP-06811,ok,reserve,36237,0,0,0,0
SP-06812,deficit,none,0,0,0,0,0
SP-06813,deficit,none,0,0,0,0,0
SP-06814,ok,reserve,4500,0,0,0,0
SP-06815,deficit,none,0,0,0,0,0
SP-06816,ok,reserve,11123,0,7414,0,0
SP-06817,ok,debt,0,19517,0,0,2850
SP-06818,ok,goals+,1026,1539,1710,0,0
SP-06819,ok,reserve,13264,0,0,0,0
SP-06820,deficit,none,0,0,0,0,0
SP-06821,deficit,none,0,0,0,0,0
SP-06822,ok,reserve,7815,0,0,0,0
SP-06823,ok,goals+,0,0,5716,22593,32928
SP-06824,ok,reserve,5780,0,0,0,0
SP-06825,ok,goals+,0,0,0,658,1305575
SP-06826,ok,debt,0,8035,0,0,46462
SP-06827,ok,goals+,0,0,34889,0,0
SP-06828,deficit,none,0,0,0,0,0
SP-06829,ok,reserve,18462,9171,0,0,0
SP-06830,ok,reserve,18521,0,6589,0,0
SP-06831,ok,debt,0,13763,0,0,585890
SP-06832,deficit,none,0,0,0,0,0
SP-06833,ok,reserve,3515,0,2343,0,0
SP-06834,ok,reserve,34267,0,0,0,0
SP-06835,ok,reserve,14913,0,9941,0,0
SP-06836,ok,reserve,38879,0,0,0,0
SP-06837,ok,reserve,20275,0,13516,0,0
SP-06838,ok,reserve,442,0,0,0,0
SP-06839,ok,reserve,9896,508,0,0,0
SP-06840,ok,goals+,0,0,1,0,0
SP-06841,ok,reserve,24644,0,0,0,0
SP-06842,ok,goals+,0,0,0,4726,393490
SP-06843,deficit,none,0,0,0,0,2444508133
SP-06844,ok,debt,0,699,0,0,104474
SP-06845,ok,goals+,0,0,0,1308,67042
SP-06846,deficit,none,0,0,0,0,0
SP-06847,ok,debt,0,345,0,0,33481
SP-06848,ok,reserve,17358,0,0,0,0
SP-06849,ok,debt,0,53773,0,0,46917
SP-06850,deficit,none,0,0,0,0,0
SP-06851,ok,debt,1,3706,0,0,144446
SP-06852,deficit,none,0,0,0,0,0
SP-06853,ok,reserve,28788,0,0,0,0
SP-06854,ok,reserve,11185,0,7456,0,0
SP-06855,deficit,none,0,0,0,0,0
SP-06856,ok,goals+,0,0,13892,22671,45371
SP-06857,ok,reserve,16890,0,0,0,0
SP-06858,deficit,none,0,0,0,0,0
SP-06859,ok,debt,6818,10227,4640,0,0
SP-06860,ok,reserve,16067,0,0,0,0
SP-06861,ok,reserve,7226,505,0,0,0
SP-06862,ok,reserve,4488,0,2991,0,0
SP-06863,deficit,none,0,0,0,0,0
SP-06864,ok,reserve,9075,0,0,0,0
SP-06865,ok,reserve,9736,0,0,0,0
SP-06866,ok,reserve,15955,0,0,0,0
SP-06867,ok,goals+,0,0,11904,66660,3253387
SP-06868,ok,reserve,25961,0,17306,0,0
SP-06869,ok,reserve,4387,0,0,0,0
SP-06870,deficit,none,0,0,0,0,0
SP-06871,ok,debt,0,36342,0,0,68957
SP-06872,ok,reserve,13283,0,0,0,0
SP-06873,ok,reserve,301,0,200,0,53684
SP-06874,ok,debt,5915,11550,0,0,0
SP-06875,ok,goals+,16541,0,0,48664,0
SP-06876,deficit,none,0,0,0,0,0
SP-06877,deficit,none,0,0,0,0,0
SP-06878,ok,reserve,39833,0,0,0,0
SP-06879,ok,reserve,8493,0,5662,0,0
SP-06880,ok,reserve,6842,0,0,0,0
SP-06881,ok,reserve,1615,0,0,0,0
SP-06882,ok,goals+,0,0,14,0,0
SP-06883,deficit,none,0,0,0,0,0
SP-06884,ok,goals+,0,0,0,844,248768
SP-06885,ok,reserve,575755718,0,0,0,0
SP-06886,ok,reserve,24024,0,0,0,0
SP-06887,ok,debt,6056,9084,0,0,0
SP-06888,deficit,none,0,0,0,0,0
SP-06889,ok,goals+,0,0,0,76500,1520425
SP-06890,ok,goals+,0,0,0,33678,84481
SP-06891,ok,goals+,0,0,2948,55425,91769
SP-06892,ok,reserve,4881,0,0,0,0
SP-06893,ok,reserve,10341,0,0,0,0
SP-06894,deficit,none,0,0,0,0,0
SP-06895,ok,reserve,31076,0,0,0,0
SP-06896,ok,goals+,0,0,7928,1955,0
SP-06897,deficit,none,0,0,0,0,0
SP-06898,ok,reserve,14047,0,9364,0,0
SP-06899,ok,reserve,9172,0,0,0,0
SP-06900,ok,reserve,4778,0,3185,0,0
SP-06901,ok,reserve,26508,0,0,0,0
SP-06902,ok,goals+,19409,0,14282,14123,0
SP-06903,ok,reserve,3222,0,0,0,0
SP-06904,ok,debt,14298,14509,0,0,0
SP-06905,ok,reserve,1423,0,0,0,0
SP-06906,ok,reserve,29125,0,0,0,0
SP-06907,ok,debt,0,21347,0,0,46690
SP-06908,ok,goals+,7706,11559,12842,0,0
SP-06909,ok,goals+,1,0,0,2606,1361728
SP-06910,ok,debt,1201,1801,0,0,0
SP-06911,ok,reserve,21524,0,0,0,0
SP-06912,ok,reserve,44254,0,29502,0,0
SP-06913,ok,goals+,0,0,6440,0,81102
SP-06914,ok,reserve,17232,0,11487,0,0
SP-06915,ok,reserve,7367,0,4910,0,0
SP-06916,ok,reserve,22572,0,0,0,0
SP-06917,deficit,none,0,0,0,0,0
SP-06918,ok,reserve,10813,0,7010,0,0
SP-06919,ok,reserve,11886,0,0,0,0
SP-06920,ok,reserve,12732,0,0,0,0
SP-06921,ok,reserve,22092,17787,0,0,0
SP-06922,ok,reserve,12312,0,0,0,0
SP-06923,ok,reserve,28115,0,18742,0,0
SP-06924,ok,reserve,57,0,37,0,0
SP-06925,ok,debt,0,33238,0,0,2521
SP-06926,ok,reserve,2189,0,1459,0,0
SP-06927,ok,reserve,271727512,0,0,0,0
SP-06928,ok,reserve,17729,0,0,0,0
SP-06929,deficit,none,0,0,0,0,0
SP-06930,deficit,none,0,0,0,0,0
SP-06931,deficit,none,0,0,0,0,0
SP-06932,ok,reserve,24307,0,3798,0,0
SP-06933,ok,debt,0,40512,0,0,35150
SP-06934,ok,reserve,13041,2359,2620,0,0
SP-06935,ok,goals+,1,0,0,37397,154533
SP-06936,deficit,none,0,0,0,0,0
SP-06937,ok,goals+,0,0,24358,0,92723
SP-06938,ok,reserve,17848,0,0,0,0
SP-06939,deficit,none,0,0,0,0,0
SP-06940,ok,goals+,0,0,0,57281,71401
SP-06941,ok,reserve,53053,0,0,0,0
SP-06942,ok,goals+,0,0,0,28866,0
SP-06943,ok,reserve,2999,0,1998,0,0
SP-06944,ok,reserve,9271,0,6180,0,0
SP-06945,ok,reserve,71395,0,0,0,0
SP-06946,deficit,none,0,0,0,0,0
SP-06947,ok,reserve,36201,0,0,0,0
SP-06948,ok,reserve,22120,0,0,0,0
SP-06949,ok,reserve,2498,0,0,0,0
SP-06950,ok,reserve,3968,0,2644,0,0
SP-06951,ok,goals+,0,0,0,34826,2084879
SP-06952,ok,reserve,20526,0,0,0,0
SP-06953,ok,reserve,998,0,0,0,0
SP-06954,ok,goals+,9547,14320,15911,0,0
SP-06955,ok,reserve,23513,0,0,0,0
SP-06956,ok,goals+,4061,6091,6767,0,0
SP-06957,ok,reserve,4183,0,0,0,0
SP-06958,ok,reserve,22198,0,14798,0,0
SP-06959,ok,reserve,66371,0,0,0,0
SP-06960,deficit,none,0,0,0,0,0
SP-06961,ok,reserve,21382,0,8980,0,0
SP-06962,ok,goals+,2049,3072,3414,0,0
SP-06963,ok,goals+,9036,13554,15060,0,0
SP-06964,ok,reserve,7306,0,4870,0,0
SP-06965,ok,reserve,19113,0,0,0,0
SP-06966,ok,reserve,90,0,43,0,0
SP-06967,ok,reserve,5715,0,0,0,0
SP-06968,ok,reserve,17497,0,0,0,0
SP-06969,ok,goals+,0,0,484904757,0,1024240878
SP-06970,ok,goals+,140,209,232,0,0
SP-06971,ok,reserve,4745,0,3163,0,0
SP-06972,deficit,none,0,0,0,0,0
SP-06973,ok,reserve,11731,0,7820,0,0
SP-06974,ok,reserve,25399,0,0,0,0
SP-06975,ok,goals+,0,0,32539,49362,25200
SP-06976,ok,reserve,40369,0,26912,0,0
SP-06977,ok,debt,0,45735,0,0,18473
SP-06978,deficit,none,0,0,0,0,0
SP-06979,deficit,none,0,0,0,0,0
SP-06980,ok,reserve,14448,0,0,0,0
SP-06981,deficit,none,0,0,0,0,0
SP-06982,ok,reserve,253,0,0,0,0
SP-06983,ok,goals+,0,0,0,542,401225
SP-06984,ok,reserve,37647,0,25097,0,0
SP-06985,ok,reserve,4831,0,0,0,0
SP-06986,ok,debt,2945,6507,0,0,0
SP-06987,ok,reserve,3404,0,0,0,0
SP-06988,ok,reserve,6109,0,0,0,0
SP-06989,ok,reserve,46465,0,0,0,0
SP-06990,ok,reserve,418,0,0,0,0
SP-06991,ok,goals+,136,204,226,0,0
SP-06992,ok,reserve,19791,1114,1238,0,0
SP-06993,ok,goals+,1,0,0,11089,2265469
SP-06994,ok,reserve,3790,0,0,0,0
SP-06995,ok,debt,0,3417,0,0,8451
SP-06996,ok,reserve,35738,0,0,0,0
SP-06997,ok,reserve,21672,0,14448,0,0
SP-06998,ok,debt,2799,4198,0,0,0
SP-06999,ok,reserve,3063,0,2040,0,0
SP-07000,ok,reserve,9966,0,6643,0,0
SP-07001,ok,reserve,8574,0,5715,0,0
SP-07002,deficit,none,0,0,0,0,0
SP-07003,ok,reserve,9168,4608,5120,0,0
SP-07004,deficit,none,0,0,0,0,0
SP-07005,ok,debt,0,3146,0,0,93613
SP-07006,ok,debt,0,18469,0,0,34913
SP-07007,ok,reserve,631,0,0,0,0
SP-07008,ok,goals+,0,0,11,0,0
SP-07009,deficit,none,0,0,0,0,0
SP-07010,ok,reserve,35848,0,0,0,0
SP-07011,ok,reserve,1352005717,0,901337144,0,0
SP-07012,ok,reserve,11505,0,7669,0,0
SP-07013,deficit,none,0,0,0,0,0
SP-07014,deficit,none,0,0,0,0,0
SP-07015,ok,debt,0,14150,0,0,10414
SP-07016,ok,reserve,5866,0,0,0,0
SP-07017,ok,goals+,0,0,44208,8780,235007
SP-07018,ok,reserve,15812,0,0,0,0
SP-07019,ok,reserve,2955,0,0,0,0
SP-07020,deficit,none,0,0,0,0,0
SP-07021,ok,reserve,29888,0,0,0,0
SP-07022,ok,reserve,22523,0,15015,0,0
SP-07023,deficit,none,0,0,0,0,0
SP-07024,ok,debt,0,37806,0,0,105958
SP-07025,ok,reserve,12598,0,0,0,0
SP-07026,ok,reserve,6122,0,4081,0,0
SP-07027,ok,goals+,3750,5624,6248,0,163057
SP-07028,ok,reserve,9248,0,1243,0,0
SP-07029,ok,reserve,50877,0,0,0,0
SP-07030,ok,debt,3263,6972,0,0,0
SP-07031,ok,debt,11540,14791,0,0,0
SP-07032,ok,debt,0,50020,0,0,58914
SP-07033,ok,debt,0,57365,0,0,92641
SP-07034,ok,reserve,1692,0,0,0,0
SP-07035,ok,goals+,0,0,0,43587,1328475
SP-07036,ok,goals+,0,0,6293,0,48169
SP-07037,ok,goals+,0,0,19726,0,63488
SP-07038,ok,reserve,12026,0,0,0,0
SP-07039,ok,debt,6365,11903,0,0,0
SP-07040,ok,goals+,0,0,20828,0,20015
SP-07041,ok,goals+,0,5686,4984,3791,213627
SP-07042,ok,goals+,0,0,6847,0,183022
SP-07043,ok,reserve,26281,0,0,0,0
SP-07044,ok,goals+,0,0,0,1087,81650
SP-07045,ok,reserve,21070,0,0,0,0
SP-07046,ok,debt,0,24682,0,0,23267
SP-07047,deficit,none,0,0,0,0,0
SP-07048,ok,debt,1,4505,0,0,79586
SP-07049,ok,reserve,12233,0,8155,0,0
SP-07050,ok,reserve,112,0,13,0,0
SP-07051,ok,reserve,27340,0,0,0,0
SP-07052,ok,goals+,0,0,36676,23793,0
SP-07053,ok,reserve,161471062,0,0,0,0
SP-07054,ok,reserve,12988,0,0,0,0
SP-07055,ok,goals+,2151,3225,3584,0,0
SP-07056,deficit,none,0,0,0,0,0
SP-07057,ok,reserve,9966,0,6644,0,0
SP-07058,ok,reserve,1304,0,0,0,0
SP-07059,ok,goals+,0,0,0,74327,277609
SP-07060,ok,reserve,626,0,0,0,0
SP-07061,ok,reserve,7293,0,0,0,0
SP-07062,deficit,none,0,0,0,0,0
SP-07063,ok,reserve,10215,0,6810,0,0
SP-07064,ok,reserve,8610,0,0,0,0
SP-07065,deficit,none,0,0,0,0,0
SP-07066,ok,debt,1735,12592,0,0,0
SP-07067,deficit,none,0,0,0,0,0
SP-07068,ok,reserve,44200,0,0,0,0
SP-07069,ok,goals+,0,0,15595,0,140045
SP-07070,ok,reserve,29799,0,3736,0,0
SP-07071,ok,reserve,9275,0,0,0,0
SP-07072,ok,debt,0,7131,0,0,19533
SP-07073,ok,reserve,4653,0,3101,0,0
SP-07074,ok,reserve,37785,0,0,0,0
SP-07075,ok,reserve,3081,0,0,0,0
SP-07076,ok,debt,1,10124,0,0,65244
SP-07077,ok,debt,1,11054,0,0,668920
SP-07078,ok,reserve,17966,0,11976,0,0
SP-07079,ok,reserve,12347,0,0,0,0
SP-07080,ok,reserve,14508,0,0,0,0
SP-07081,ok,debt,0,26027,0,0,34375
SP-07082,ok,reserve,7169,0,4779,0,0
SP-07083,ok,reserve,6137,0,0,0,0
SP-07084,ok,reserve,25630,0,0,0,0
SP-07085,ok,reserve,11489,0,0,0,0
SP-07086,ok,reserve,18732,0,0,0,0
SP-07087,ok,reserve,12962,0,0,0,0
SP-07088,ok,reserve,59,0,38,0,0
SP-07089,ok,goals+,10033,15048,16720,0,0
SP-07090,ok,reserve,33677,0,22451,0,0
SP-07091,ok,debt,3500,20976,0,10485,0
SP-07092,deficit,none,0,0,0,0,0
SP-07093,ok,reserve,4992,0,3327,0,0
SP-07094,ok,reserve,39543,0,0,0,0
SP-07095,ok,reserve,461431046,0,0,0,0
SP-07096,ok,goals+,0,0,2600,0,293201
SP-07097,ok,reserve,12759,0,1740,0,0
SP-07098,deficit,none,0,0,0,0,0
SP-07099,ok,goals+,324,484,538,0,0
SP-07100,ok,reserve,840,0,560,0,0
SP-07101,ok,goals+,0,0,35767,85319,169566
SP-07102,ok,reserve,26948,0,12948,0,0
SP-07103,ok,debt,0,16235,0,0,18347
SP-07104,deficit,none,0,0,0,0,0
SP-07105,ok,reserve,6329,0,4218,0,0
SP-07106,ok,reserve,6486,0,0,0,0
SP-07107,deficit,none,0,0,0,0,0
SP-07108,ok,reserve,33374,0,0,0,0
SP-07109,ok,reserve,31445,0,1685,0,0
SP-07110,ok,reserve,2180,0,1452,0,0
SP-07111,ok,reserve,17966,0,11976,0,0
SP-07112,deficit,none,0,0,0,0,0
SP-07113,ok,reserve,18275,0,0,0,0
SP-07114,ok,debt,0,15160,0,0,89545
SP-07115,ok,reserve,172,0,0,0,0
SP-07116,ok,reserve,13994,0,0,0,0
SP-07117,ok,goals+,3463,5194,5771,0,0
SP-07118,ok,debt,0,4437,0,0,84462
SP-07119,deficit,none,0,0,0,0,0
SP-07120,ok,reserve,9470,0,1733,0,0
SP-07121,ok,goals+,2070,3104,3449,0,0
SP-07122,ok,goals+,0,0,16895,0,0
SP-07123,ok,reserve,12969,0,0,0,0
SP-07124,deficit,none,0,0,0,0,0
SP-07125,ok,reserve,1565,0,0,0,0
SP-07126,ok,reserve,21906,0,3011,0,0
SP-07127,ok,reserve,5232,0,3487,0,0
SP-07128,deficit,none,0,0,0,0,0
SP-07129,deficit,none,0,0,0,0,0
SP-07130,ok,debt,0,15693,0,0,30518
SP-07131,deficit,none,0,0,0,0,0
SP-07132,ok,reserve,17507,0,11671,0,0
SP-07133,ok,debt,0,8256,0,0,19379
SP-07134,ok,goals+,0,0,38,21,0
SP-07135,ok,reserve,16904,0,11269,0,0
SP-07136,ok,reserve,16560,0,0,0,0
SP-07137,ok,debt,113509255,554415913,184258468,71842887,0
SP-07138,ok,debt,6651,6740,0,0,0
SP-07139,deficit,none,0,0,0,0,0
SP-07140,deficit,none,0,0,0,0,0
SP-07141,ok,reserve,16607,0,0,0,0
SP-07142,ok,reserve,84608,0,11532,0,0
SP-07143,ok,goals+,0,0,33048,50379,50270
SP-07144,ok,reserve,33212,0,0,0,0
SP-07145,ok,reserve,16598,0,11064,0,0
SP-07146,deficit,none,0,0,0,0,0
SP-07147,ok,reserve,39973,0,0,0,0
SP-07148,ok,debt,9290,10099,0,0,0
SP-07149,ok,reserve,5055,0,3369,0,0
SP-07150,ok,debt,15524,15949,0,0,0
SP-07151,ok,reserve,7299,0,4865,0,298996
SP-07152,ok,reserve,8440,0,5626,0,0
SP-07153,ok,reserve,3841,0,0,0,0
SP-07154,ok,reserve,1262,0,0,0,0
SP-07155,ok,reserve,2018,0,0,0,0
SP-07156,ok,goals+,27772,0,0,32384,0
SP-07157,ok,reserve,17894,0,0,0,0
SP-07158,ok,reserve,7852,0,0,0,0
SP-07159,ok,goals+,0,0,0,6299,126080
SP-07160,ok,reserve,2656,0,0,0,0
SP-07161,ok,goals+,0,0,31209,0,1339209
SP-07162,ok,debt,0,6885,0,0,296781
SP-07163,ok,reserve,45139,0,0,0,0
SP-07164,ok,debt,0,14584,0,0,2147
SP-07165,deficit,none,0,0,0,0,0
SP-07166,ok,reserve,3035,0,0,0,0
SP-07167,ok,reserve,23322,0,0,0,0
SP-07168,ok,reserve,38047,0,0,0,0
SP-07169,ok,reserve,789,0,526,0,0
SP-07170,ok,reserve,3430,0,2286,0,0
SP-07171,ok,reserve,1936,0,1290,0,0
SP-07172,ok,goals+,6196,9293,10326,0,0
SP-07173,ok,reserve,39070,0,9471,0,0
SP-07174,ok,reserve,27146,0,0,0,0
SP-07175,ok,reserve,17795,0,684,0,0
SP-07176,ok,reserve,104,0,61,0,0
SP-07177,ok,reserve,4017,0,2678,0,0
SP-07178,ok,goals+,0,0,19692,34356,133222
SP-07179,ok,reserve,268167277,0,267319149,0,0
SP-07180,ok,goals+,0,0,11215,19738,32791
SP-07181,ok,reserve,9616,0,6410,0,0
SP-07182,deficit,none,0,0,0,0,0
SP-07183,deficit,none,0,0,0,0,0
SP-07184,ok,reserve,8158,0,413,0,0
SP-07185,ok,goals+,0,0,6172,82064,627603
SP-07186,ok,reserve,25889,0,16288,0,0
SP-07187,ok,reserve,12416,0,0,0,0
SP-07188,deficit,none,0,0,0,0,0
SP-07189,ok,goals+,0,2488,4424,0,68343
SP-07190,deficit,none,0,0,0,0,0
SP-07191,ok,reserve,14944,0,0,0,0
SP-07192,ok,reserve,50737,0,6476,0,0
SP-07193,ok,goals+,1272,1906,2118,0,0
SP-07194,deficit,none,0,0,0,0,0
SP-07195,ok,reserve,8292,0,5527,0,0
SP-07196,ok,reserve,8644,0,5762,0,0
SP-07197,ok,debt,0,41976,0,0,48943
SP-07198,ok,reserve,8142,0,0,0,0
SP-07199,ok,debt,0,1396,0,0,2692
SP-07200,ok,reserve,7940,0,0,0,0
SP-07201,ok,debt,0,15232,0,0,57107
SP-07202,ok,debt,0,6878,0,0,49899
SP-07203,ok,debt,0,19003,0,0,719455
SP-07204,ok,goals+,7632,0,40626,0,0
SP-07205,ok,reserve,13552,0,0,0,0
SP-07206,ok,debt,0,11896,0,0,40440
SP-07207,ok,reserve,1332,0,0,0,0
SP-07208,deficit,none,0,0,0,0,0
SP-07209,ok,reserve,10008,0,6671,0,0
SP-07210,ok,reserve,23007,0,0,0,0
SP-07211,deficit,none,0,0,0,0,0
SP-07212,deficit,none,0,0,0,0,0
SP-07213,ok,reserve,26298,0,0,0,0
SP-07214,ok,reserve,16735,0,0,0,0
SP-07215,deficit,none,0,0,0,0,0
SP-07216,deficit,none,0,0,0,0,0
SP-07217,ok,goals+,2916,4374,4859,0,0
SP-07218,ok,reserve,26,0,16,0,0
SP-07219,ok,reserve,24006,0,0,0,0
SP-07220,ok,debt,0,18391,0,0,218099
SP-07221,ok,reserve,1428170110,0,0,0,0
SP-07222,ok,reserve,8577,0,0,0,0
SP-07223,ok,reserve,16951,0,0,0,0
SP-07224,deficit,none,0,0,0,0,0
SP-07225,ok,reserve,18813,0,12542,0,0
SP-07226,ok,reserve,12238,4104,0,0,0
SP-07227,ok,goals+,0,0,36862,42947,31385
SP-07228,ok,goals+,0,0,0,47708,205551
SP-07229,ok,reserve,12498,0,8332,0,0
SP-07230,deficit,none,0,0,0,0,0
SP-07231,ok,debt,0,33222,0,0,311
SP-07232,ok,reserve,40377,0,0,0,0
SP-07233,deficit,none,0,0,0,0,0
SP-07234,ok,goals+,0,0,32594,0,61150
SP-07235,ok,reserve,5671,0,3780,0,0
SP-07236,ok,reserve,2721,0,1191,0,0
SP-07237,ok,debt,4738,4834,0,0,0
SP-07238,ok,reserve,14186,0,0,0,0
SP-07239,ok,reserve,2710,0,0,0,0
SP-07240,ok,reserve,9962,0,0,0,0
SP-07241,ok,debt,19236,28853,0,0,0
SP-07242,deficit,none,0,0,0,0,0
SP-07243,ok,goals+,3308,0,8694,0,0
SP-07244,ok,reserve,9684,2739,0,0,0
SP-07245,ok,goals+,0,0,6281,0,1374068
SP-07246,ok,reserve,1520,0,1012,0,0
SP-07247,ok,debt,13548,20321,1863,0,0
SP-07248,ok,goals+,0,0,63676,0,285708
SP-07249,ok,debt,0,19175,0,0,22111
SP-07250,deficit,none,0,0,0,0,0
SP-07251,ok,goals+,998,1497,1663,0,0
SP-07252,ok,goals+,0,0,5001,1339,327383
SP-07253,ok,reserve,37416,0,0,0,0
SP-07254,ok,goals+,0,0,25173,0,197187
SP-07255,ok,reserve,16099,0,0,0,0
SP-07256,deficit,none,0,0,0,0,171544
SP-07257,ok,reserve,11910,0,7940,0,0
SP-07258,ok,reserve,22358,0,0,0,0
SP-07259,ok,reserve,7352,0,4900,0,0
SP-07260,ok,goals+,0,0,36,0,0
SP-07261,ok,reserve,17573,0,0,0,0
SP-07262,ok,goals+,2170,0,47728,0,0
SP-07263,ok,goals+,0,0,18301618,830082432,484969571
SP-07264,ok,goals+,34,0,13899,0,0
SP-07265,ok,reserve,11690,0,7792,0,0
SP-07266,deficit,none,0,0,0,0,0
SP-07267,ok,reserve,9380,0,1167,0,0
SP-07268,ok,reserve,35910,0,0,0,0
SP-07269,ok,goals+,0,0,31277,0,11113
SP-07270,ok,reserve,4767,0,3178,0,0
SP-07271,ok,goals+,0,0,1947,35399,448390
SP-07272,deficit,none,0,0,0,0,0
SP-07273,deficit,none,0,0,0,0,0
SP-07274,ok,reserve,4107,0,0,0,0
SP-07275,ok,reserve,14775,0,0,0,0
SP-07276,ok,debt,4669,7002,0,0,0
SP-07277,ok,reserve,63324,0,42216,0,0
SP-07278,ok,reserve,5111,0,0,0,0
SP-07279,deficit,none,0,0,0,0,0
SP-07280,ok,reserve,20182,0,0,0,0
SP-07281,ok,goals+,0,0,0,1305,362603
SP-07282,ok,reserve,21107,1621,1801,0,0
SP-07283,ok,debt,24868,92983,0,0,0
SP-07284,ok,reserve,29928,0,0,10444,0
SP-07285,deficit,none,0,0,0,0,0
SP-07286,ok,reserve,31456,0,0,0,0
SP-07287,ok,goals+,0,7206,2630,4805,219138
SP-07288,ok,reserve,4541,0,0,0,0
SP-07289,ok,debt,0,64192,0,0,13241
SP-07290,ok,reserve,26966,0,0,0,0
SP-07291,ok,reserve,8647,0,5764,0,0
SP-07292,ok,debt,0,5202,0,0,33814
SP-07293,ok,reserve,4337,0,2891,0,0
SP-07294,ok,reserve,3329,0,0,0,0
SP-07295,ok,reserve,25106,0,0,0,0
SP-07296,ok,reserve,15941,0,9500,0,0
SP-07297,ok,reserve,9003,0,0,0,0
SP-07298,deficit,none,0,0,0,0,0
SP-07299,ok,debt,0,21625,0,0,27143
SP-07300,ok,reserve,12120,0,0,0,0
SP-07301,deficit,none,0,0,0,0,105491
SP-07302,ok,reserve,15,0,10,0,0
SP-07303,ok,goals+,0,0,19931,22162,130260
SP-07304,deficit,none,0,0,0,0,0
SP-07305,ok,reserve,1943616931,0,0,0,0
SP-07306,ok,reserve,16931,0,0,0,0
SP-07307,ok,reserve,2430,0,0,0,0
SP-07308,deficit,none,0,0,0,0,0
SP-07309,ok,reserve,9945,0,0,0,0
SP-07310,ok,goals+,5347,0,0,22832,0
SP-07311,ok,reserve,34013,8122,0,0,0
SP-07312,ok,debt,0,7617,0,0,51194
SP-07313,ok,reserve,849,0,565,0,0
SP-07314,deficit,none,0,0,0,0,0
SP-07315,ok,reserve,6986,0,0,0,0
SP-07316,ok,debt,0,43067,0,0,61143
SP-07317,deficit,none,0,0,0,0,0
SP-07318,ok,debt,239,7272,0,0,0
SP-07319,ok,reserve,45935,0,10765,0,0
SP-07320,ok,reserve,12610,0,0,0,0
SP-07321,ok,reserve,8185,0,0,0,0
SP-07322,ok,debt,0,13457,0,8972,73910
SP-07323,deficit,none,0,0,0,0,0
SP-07324,ok,reserve,9669,0,0,0,0
SP-07325,ok,goals+,0,0,0,7485,97514
SP-07326,ok,goals+,0,0,0,20312,17650
SP-07327,ok,reserve,21718,0,3028,0,0
SP-07328,ok,reserve,6518,0,0,0,0
SP-07329,ok,goals+,0,0,0,16099,3276849
SP-07330,deficit,none,0,0,0,0,0
SP-07331,ok,reserve,735,0,490,0,0
SP-07332,ok,reserve,4605,0,3069,0,0
SP-07333,ok,reserve,7673,0,0,0,0
SP-07334,ok,reserve,110,0,72,0,0
SP-07335,ok,reserve,4890,0,0,0,0
SP-07336,ok,reserve,10287,6535,0,0,0
SP-07337,ok,reserve,1282,0,0,0,0
SP-07338,ok,reserve,12488,0,8325,0,0
SP-07339,deficit,none,0,0,0,0,0
SP-07340,ok,reserve,11194,0,0,0,0
SP-07341,deficit,none,0,0,0,0,0
SP-07342,ok,debt,0,6475,0,4317,78906
SP-07343,deficit,none,0,0,0,0,0
SP-07344,ok,reserve,33,0,0,0,0
SP-07345,ok,reserve,11607,0,0,0,0
SP-07346,ok,reserve,7004,0,4668,0,0
SP-07347,ok,reserve,137516547,0,0,0,0
SP-07348,ok,reserve,14425,0,654,0,0
SP-07349,ok,reserve,9859,0,0,0,0
SP-07350,deficit,none,0,0,0,0,0
SP-07351,ok,reserve,6199,0,0,0,0
SP-07352,ok,reserve,6397,0,4264,0,0
SP-07353,ok,goals+,0,0,34524,74381,42114
SP-07354,ok,reserve,80158,0,0,0,0
SP-07355,ok,reserve,5168,0,3445,0,0
SP-07356,deficit,none,0,0,0,0,0
SP-07357,ok,goals+,0,17470,31058,0,106582
SP-07358,ok,reserve,15777,0,0,0,0
SP-07359,deficit,none,0,0,0,0,0
SP-07360,ok,reserve,7881,0,5254,0,0
SP-07361,ok,reserve,17135,10904,0,0,71324
SP-07362,ok,goals+,0,0,21171,0,34158
SP-07363,ok,reserve,13480,0,8986,0,0
SP-07364,ok,reserve,16717,0,0,0,0
SP-07365,ok,goals+,0,0,0,41785,67190
SP-07366,ok,reserve,15131,0,10082,0,0
SP-07367,ok,reserve,54135,0,0,0,0
SP-07368,ok,reserve,27605,0,0,0,0
SP-07369,ok,reserve,27265,0,0,0,0
SP-07370,ok,goals+,0,0,8805,0,75802
SP-07371,ok,goals+,0,0,2700,0,2159327
SP-07372,deficit,none,0,0,0,0,0
SP-07373,ok,reserve,24658,0,0,0,0
SP-07374,ok,reserve,10095,2469,0,0,0
SP-07375,ok,goals+,0,0,5252,0,473429
SP-07376,ok,debt,0,45435,0,0,103350
SP-07377,ok,reserve,28740,0,0,0,0
SP-07378,ok,reserve,11095,0,0,0,0
SP-07379,ok,goals+,4473,6709,7454,0,0
SP-07380,ok,reserve,9163,0,5478,0,0
SP-07381,ok,reserve,13616,0,0,0,0
SP-07382,ok,reserve,12582,0,2043,0,0
SP-07383,ok,reserve,24984,0,0,0,0
SP-07384,ok,reserve,2891,0,0,0,0
SP-07385,ok,reserve,15377,0,0,0,0
SP-07386,ok,goals+,0,0,14,0,0
SP-07387,ok,reserve,12591,0,8393,0,0
SP-07388,ok,debt,11138,16706,0,0,0
SP-07389,ok,reserve,217177655,0,0,0,0
SP-07390,ok,reserve,45881,0,22630,0,0
SP-07391,ok,reserve,21783,0,0,0,0
SP-07392,deficit,none,0,0,0,0,0
SP-07393,deficit,none,0,0,0,0,0
SP-07394,ok,reserve,26853,0,0,0,0
SP-07395,ok,goals+,0,0,89258,0,0
SP-07396,deficit,none,0,0,0,0,0
SP-07397,ok,reserve,28773,0,2019,0,0
SP-07398,deficit,none,0,0,0,0,0
SP-07399,ok,reserve,501,0,0,0,0
SP-07400,ok,debt,3481,5220,0,0,54826
SP-07401,deficit,none,0,0,0,0,0
SP-07402,ok,reserve,956,0,637,0,0
SP-07403,ok,reserve,11962,0,7974,0,0
SP-07404,ok,reserve,25555,0,2608,0,0
SP-07405,ok,reserve,3284,0,2189,0,0
SP-07406,ok,reserve,7839,0,0,0,0
SP-07407,ok,reserve,20214,0,0,0,0
SP-07408,ok,reserve,22980,0,15320,0,0
SP-07409,ok,goals+,0,0,0,9920,269847
SP-07410,ok,reserve,12492,0,0,0,0
SP-07411,ok,debt,0,36229,0,0,127646
SP-07412,deficit,none,0,0,0,0,0
SP-07413,ok,goals+,1,0,26685,0,1229592
SP-07414,ok,reserve,2671,0,0,0,0
SP-07415,ok,reserve,4258,0,0,0,0
SP-07416,ok,reserve,17414,5439,6043,0,0
SP-07417,ok,reserve,15247,0,1730,0,0
SP-07418,ok,reserve,18678,0,0,0,0
SP-07419,ok,reserve,5084,0,0,0,0
SP-07420,ok,reserve,27473,0,3254,0,0
SP-07421,ok,reserve,6233,0,4155,0,0
SP-07422,deficit,none,0,0,0,0,0
SP-07423,ok,reserve,10437,0,5242,0,0
SP-07424,deficit,none,0,0,0,0,0
SP-07425,ok,reserve,16445,0,10962,0,0
SP-07426,ok,reserve,21291,0,14193,0,0
SP-07427,ok,reserve,20649,0,0,0,0
SP-07428,ok,goals+,0,0,25,0,0
SP-07429,ok,reserve,4443,0,0,0,0
SP-07430,ok,reserve,15215,9645,0,0,0
SP-07431,ok,reserve,260184568,0,0,0,0
SP-07432,ok,reserve,4742,0,0,0,0
SP-07433,ok,reserve,22491,0,0,0,0
SP-07434,deficit,none,0,0,0,0,0
SP-07435,ok,reserve,33360,0,0,0,0
SP-07436,ok,reserve,17892,0,11927,0,0
SP-07437,ok,debt,14157,56430,15020,0,51765
SP-07438,ok,reserve,25593,0,17061,0,0
SP-07439,ok,reserve,11810,0,0,0,0
SP-07440,deficit,none,0,0,0,0,0
SP-07441,deficit,none,0,0,0,0,0
SP-07442,ok,reserve,1235,0,0,0,0
SP-07443,deficit,none,0,0,0,0,0
SP-07444,ok,reserve,13370,3403,0,0,0
SP-07445,ok,debt,0,17284,0,0,11918
SP-07446,ok,goals+,0,0,1329,3267,77450
SP-07447,deficit,none,0,0,0,0,0
SP-07448,ok,reserve,12886,0,0,0,0
SP-07449,ok,reserve,5311,0,0,0,0
SP-07450,ok,reserve,3381,0,0,0,0
SP-07451,ok,reserve,9742,0,0,0,0
SP-07452,ok,debt,4042,6061,0,0,0
SP-07453,ok,debt,0,8122,0,0,83459
SP-07454,ok,goals+,0,2861,5086,0,100552
SP-07455,ok,goals+,0,0,97,0,901703
SP-07456,ok,reserve,38546,0,0,0,0
SP-07457,ok,reserve,8663,0,0,0,0
SP-07458,ok,reserve,10708,0,0,0,0
SP-07459,ok,reserve,38289,0,0,0,0
SP-07460,ok,reserve,22487,0,0,0,0
SP-07461,ok,debt,0,7108,0,0,31703
SP-07462,ok,reserve,28010,0,18673,0,0
SP-07463,ok,debt,0,1274,0,0,19730
SP-07464,deficit,none,0,0,0,0,0
SP-07465,ok,reserve,9939,0,0,0,0
SP-07466,ok,reserve,29965,0,0,0,0
SP-07467,deficit,none,0,0,0,0,0
SP-07468,ok,goals+,5241,7860,8734,0,0
SP-07469,ok,debt,0,49569,0,0,19063
SP-07470,ok,goals+,0,0,18,0,0
SP-07471,ok,debt,1,12402,0,0,86243
SP-07472,ok,goals+,0,0,0,1835,424328
SP-07473,ok,reserve,1018081592,0,0,0,0
SP-07474,ok,reserve,17687,0,0,0,0
SP-07475,deficit,none,0,0,0,0,0
SP-07476,deficit,none,0,0,0,0,0
SP-07477,deficit,none,0,0,0,0,0
SP-07478,ok,reserve,1553,0,0,0,0
SP-07479,ok,debt,0,45634,0,0,86242
SP-07480,ok,reserve,27149,0,9101,0,0
SP-07481,ok,reserve,41466,0,0,0,0
SP-07482,deficit,none,0,0,0,0,0
SP-07483,ok,reserve,4560,0,0,0,0
SP-07484,ok,reserve,55949,0,2122,0,0
SP-07485,deficit,none,0,0,0,0,0
SP-07486,ok,reserve,9676,0,6450,0,0
SP-07487,ok,reserve,36188,0,4618,0,0
SP-07488,deficit,none,0,0,0,0,0
SP-07489,ok,debt,0,5901,0,0,10915
SP-07490,ok,goals+,0,0,0,5620,343572
SP-07491,ok,reserve,11835,0,0,0,0
SP-07492,ok,goals+,0,0,10537,9870,95362
SP-07493,ok,debt,0,3832,0,0,45877
SP-07494,ok,reserve,84553,0,0,0,0
SP-07495,ok,debt,0,1684,0,0,10164
SP-07496,ok,reserve,4645,0,0,0,0
SP-07497,ok,debt,0,7985,0,0,191259
SP-07498,deficit,none,0,0,0,0,109087
SP-07499,ok,debt,3600,5398,0,0,0
SP-07500,ok,goals+,0,0,36574,0,64805
SP-07501,ok,reserve,23898,0,0,0,0
SP-07502,ok,reserve,11801,0,0,0,0
SP-07503,ok,reserve,7680,0,5119,0,0
SP-07504,ok,reserve,7054,0,4702,0,0
SP-07505,ok,reserve,96055,0,35929,0,0
SP-07506,deficit,none,0,0,0,0,0
SP-07507,deficit,none,0,0,0,0,0
SP-07508,ok,reserve,64,0,0,0,0
SP-07509,ok,reserve,11373,0,7582,0,0
SP-07510,ok,goals+,0,0,15065,0,69259
SP-07511,ok,goals+,0,0,0,33782,89367
SP-07512,ok,goals+,0,0,60,43,0
SP-07513,ok,reserve,6253,0,4168,0,0
SP-07514,ok,reserve,10585,0,0,0,0
SP-07515,ok,reserve,705955963,0,565508413,0,0
SP-07516,ok,reserve,5891,0,0,0,0
SP-07517,ok,goals+,0,0,0,20996,75314
SP-07518,deficit,none,0,0,0,0,0
SP-07519,ok,goals+,818,1227,1363,0,0
SP-07520,ok,goals+,1334,2000,2222,0,0
SP-07521,ok,debt,0,41098,0,0,29058
SP-07522,ok,debt,3214,4820,1060,0,0
SP-07523,ok,reserve,21858,0,11958,0,0
SP-07524,deficit,none,0,0,0,0,0
SP-07525,deficit,none,0,0,0,0,0
SP-07526,ok,reserve,2778,0,0,0,0
SP-07527,deficit,none,0,0,0,0,0
SP-07528,ok,goals+,0,2061,3663,0,0
SP-07529,deficit,none,0,0,0,0,0
SP-07530,ok,reserve,35267,0,0,0,0
SP-07531,deficit,none,0,0,0,0,0
SP-07532,ok,debt,0,5145,0,0,8822
SP-07533,ok,reserve,5361,2769,0,0,0
SP-07534,ok,reserve,11664,0,7775,0,0
SP-07535,ok,reserve,26465,0,17643,0,0
SP-07536,ok,reserve,13249,0,0,0,0
SP-07537,ok,reserve,20563,0,0,0,0
SP-07538,ok,debt,0,13737,0,0,246359
SP-07539,ok,goals+,0,0,0,26725,1874880
SP-07540,ok,reserve,18862,0,706,0,0
SP-07541,ok,goals+,0,0,32345,0,178255
SP-07542,ok,debt,0,15779,0,0,349833
SP-07543,ok,debt,0,24386,0,0,17626
SP-07544,ok,reserve,14409,0,0,0,0
SP-07545,ok,reserve,5155,0,0,0,0
SP-07546,deficit,none,0,0,0,0,0
SP-07547,ok,reserve,17544,0,2936,0,0
SP-07548,ok,reserve,5929,0,0,0,0
SP-07549,ok,reserve,17342,0,1094,0,0
SP-07550,deficit,none,0,0,0,0,0
SP-07551,ok,reserve,15397,0,0,0,0
SP-07552,ok,reserve,3830,0,0,0,0
SP-07553,ok,reserve,394,0,0,0,0
SP-07554,ok,reserve,77,0,50,0,0
SP-07555,ok,reserve,2181,0,0,0,0
SP-07556,deficit,none,0,0,0,0,0
SP-07557,deficit,none,0,0,0,0,0
SP-07558,ok,goals+,0,0,21296,0,25617
SP-07559,ok,reserve,5281,0,0,0,0
SP-07560,deficit,none,0,0,0,0,0
SP-07561,ok,reserve,1255,0,0,0,0
SP-07562,deficit,none,0,0,0,0,0
SP-07563,ok,debt,1,111726,0,0,308051
SP-07564,ok,reserve,17517,0,0,0,0
SP-07565,ok,goals+,0,0,0,20174,62809
SP-07566,deficit,none,0,0,0,0,0
SP-07567,ok,reserve,7729,0,0,0,0
SP-07568,ok,reserve,30172,0,20114,0,0
SP-07569,deficit,none,0,0,0,0,0
SP-07570,deficit,none,0,0,0,0,0
SP-07571,ok,reserve,14357,0,0,0,0
SP-07572,ok,reserve,19001,0,0,0,0
SP-07573,ok,goals+,0,0,2925,0,277792
SP-07574,ok,goals+,0,0,22905,0,0
SP-07575,deficit,none,0,0,0,0,0
SP-07576,ok,reserve,134,0,0,0,0
SP-07577,ok,reserve,16508,0,9305,0,0
SP-07578,ok,goals+,0,0,0,8870,28498
SP-07579,ok,reserve,6847,0,0,0,0
SP-07580,ok,debt,0,7814,0,0,109989
SP-07581,ok,goals+,1,0,0,9153,6737158
SP-07582,ok,reserve,1082,0,0,0,0
SP-07583,ok,goals+,0,0,26606,0,246239
SP-07584,ok,reserve,7933,0,7665,0,0
SP-07585,ok,reserve,12107,0,0,0,0
SP-07586,ok,reserve,350,0,232,0,0
SP-07587,ok,goals+,2745,4116,4573,0,0
SP-07588,ok,goals+,3317,4974,5527,0,0
SP-07589,ok,reserve,7695,0,0,0,0
SP-07590,ok,reserve,4576,0,0,0,0
SP-07591,ok,reserve,19488,0,0,0,0
SP-07592,ok,reserve,6386,0,4257,0,0
SP-07593,ok,reserve,35984,0,23988,0,0
SP-07594,ok,debt,0,22172,0,0,16130
SP-07595,ok,debt,1,49828,0,0,249335
SP-07596,deficit,none,0,0,0,0,0
SP-07597,ok,reserve,1690,0,0,0,0
SP-07598,ok,debt,0,284,0,0,60738
SP-07599,ok,reserve,1592579743,0,424036495,0,0
SP-07600,ok,reserve,11745,0,0,0,0
SP-07601,ok,goals+,0,0,5009,0,251145
SP-07602,deficit,none,0,0,0,0,0
SP-07603,ok,reserve,25875,0,17250,0,0
SP-07604,deficit,none,0,0,0,0,0
SP-07605,ok,goals+,0,0,0,123044,56271
SP-07606,ok,goals+,0,0,0,12437,86633
SP-07607,ok,reserve,4930,0,0,0,0
SP-07608,deficit,none,0,0,0,0,0
SP-07609,ok,reserve,10012,0,0,0,0
SP-07610,ok,reserve,9928,0,0,0,0
SP-07611,deficit,none,0,0,0,0,0
SP-07612,deficit,none,0,0,0,0,0
SP-07613,ok,reserve,47460,0,31640,0,0
SP-07614,deficit,none,0,0,0,0,0
SP-07615,ok,debt,18673,28009,0,0,0
SP-07616,ok,reserve,4280,0,0,0,0
SP-07617,ok,debt,7904,11856,0,0,0
SP-07618,deficit,none,0,0,0,0,0
SP-07619,ok,debt,6807,13534,4537,0,131081
SP-07620,ok,debt,3647,5469,0,0,0
SP-07621,deficit,none,0,0,0,0,40178
SP-07622,ok,reserve,20099,0,0,0,0
SP-07623,ok,goals+,1,0,2075,68,401214
SP-07624,ok,reserve,23562,0,0,0,0
SP-07625,ok,reserve,3452,0,0,0,0
SP-07626,ok,debt,1,1915,0,0,39830
SP-07627,ok,reserve,15142,0,10094,0,0
SP-07628,ok,reserve,5530,0,3686,0,0
SP-07629,ok,reserve,6695,0,0,0,0
SP-07630,ok,debt,2769,7321,1846,0,357218
SP-07631,ok,goals+,332,0,0,18633,0
SP-07632,ok,reserve,63473,0,42314,0,0
SP-07633,ok,debt,9212,13816,0,0,217467
SP-07634,ok,reserve,6192,0,4127,0,0
SP-07635,ok,goals+,0,0,2403,0,367795
SP-07636,ok,debt,0,21154,0,0,74381
SP-07637,ok,reserve,4631,0,0,0,0
SP-07638,ok,reserve,48,0,31,0,0
SP-07639,ok,goals+,0,0,16355,0,26744
SP-07640,ok,reserve,33881,0,0,0,0
SP-07641,ok,goals+,0,0,182106075,0,2187663100
SP-07642,ok,reserve,3534,0,2355,0,0
SP-07643,ok,debt,0,11570,0,0,14783
SP-07644,deficit,none,0,0,0,0,0
SP-07645,deficit,none,0,0,0,0,0
SP-07646,ok,goals+,0,6003,10671,0,0
SP-07647,ok,goals+,0,0,40847,0,44648
SP-07648,ok,reserve,11735,0,7822,0,0
SP-07649,ok,reserve,23533,0,15116,0,0
SP-07650,deficit,none,0,0,0,0,0
SP-07651,deficit,none,0,0,0,0,0
SP-07652,deficit,none,0,0,0,0,0
SP-07653,deficit,none,0,0,0,0,0
SP-07654,ok,debt,0,34815,0,0,1973
SP-07655,ok,reserve,19289,8459,0,0,0
SP-07656,deficit,none,0,0,0,0,338623
SP-07657,ok,debt,0,8974,0,0,53126
SP-07658,ok,debt,0,21418,0,0,63160
SP-07659,deficit,none,0,0,0,0,0
SP-07660,deficit,none,0,0,0,0,0
SP-07661,ok,reserve,31162,0,0,0,0
SP-07662,ok,goals+,0,0,0,1650,83293
SP-07663,ok,reserve,4733,0,3155,0,0
SP-07664,ok,debt,0,10838,0,0,20422
SP-07665,ok,goals+,0,0,0,32394,1100873
SP-07666,ok,debt,0,34348,0,0,65012
SP-07667,ok,reserve,253,0,0,0,0
SP-07668,ok,goals+,1161,1740,1933,0,0
SP-07669,ok,goals+,16677,0,15497,1338,0
SP-07670,ok,reserve,12728,0,0,0,0
SP-07671,ok,reserve,3224,112,124,0,0
SP-07672,ok,goals+,0,0,30255,12413,107104
SP-07673,deficit,none,0,0,0,0,0
SP-07674,deficit,none,0,0,0,0,0
SP-07675,ok,reserve,5751,0,0,0,0
SP-07676,ok,reserve,15430,0,0,0,0
SP-07677,ok,reserve,1020,0,679,0,0
SP-07678,ok,reserve,22587,0,15057,0,0
SP-07679,ok,reserve,10204,0,6728,0,0
SP-07680,ok,reserve,162,0,67,0,0
SP-07681,ok,reserve,1854,0,0,0,0
SP-07682,ok,reserve,43599,0,0,0,0
SP-07683,ok,reserve,283971220,0,0,0,0
SP-07684,ok,reserve,13388,0,8924,0,0
SP-07685,ok,debt,0,3727,0,0,6398
SP-07686,deficit,none,0,0,0,0,0
SP-07687,ok,reserve,28593,0,1711,0,0
SP-07688,ok,reserve,5177,0,0,0,0
SP-07689,ok,goals+,0,0,28864,23521,33041
SP-07690,ok,reserve,30090,1675,10632,0,192566
SP-07691,ok,reserve,14966,0,9976,0,0
SP-07692,deficit,none,0,0,0,0,0
SP-07693,ok,debt,17030,19143,0,0,0
SP-07694,deficit,none,0,0,0,0,0
SP-07695,deficit,none,0,0,0,0,0
SP-07696,ok,reserve,14169,0,6375,0,0
SP-07697,ok,debt,5885,8827,0,0,0
SP-07698,ok,reserve,19803,0,13202,0,0
SP-07699,ok,debt,0,2503,0,0,41473
SP-07700,ok,goals+,0,0,957,0,26250
SP-07701,ok,reserve,9835,0,0,0,0
SP-07702,deficit,none,0,0,0,0,0
SP-07703,ok,reserve,11594,0,0,0,0
SP-07704,ok,reserve,9688,0,0,0,0
SP-07705,ok,reserve,54607,0,0,0,0
SP-07706,ok,reserve,3690,0,0,0,0
SP-07707,ok,goals+,0,0,0,17445,1444897
SP-07708,ok,goals+,0,0,5425,0,90729
SP-07709,ok,reserve,8345,0,5562,0,0
SP-07710,ok,debt,0,6947,0,0,131978
SP-07711,deficit,none,0,0,0,0,0
SP-07712,ok,reserve,5933,2569,2855,0,0
SP-07713,ok,debt,993,1489,1271,0,0
SP-07714,ok,reserve,719,0,478,0,0
SP-07715,ok,goals+,0,0,0,67178,635481
SP-07716,ok,reserve,6592,0,0,0,0
SP-07717,ok,debt,0,4458,0,2973,359818
SP-07718,ok,goals+,0,0,1028,5972,141120
SP-07719,ok,reserve,8234,0,0,0,0
SP-07720,ok,reserve,30401,0,1366,0,0
SP-07721,ok,goals+,0,0,18925,0,34673
SP-07722,ok,goals+,0,0,3,0,0
SP-07723,ok,reserve,22059,0,14706,0,0
SP-07724,ok,reserve,13704,0,8259,0,0
SP-07725,ok,goals+,0,0,856335904,0,929227687
SP-07726,ok,reserve,14563,0,7470,0,0
SP-07727,ok,reserve,26720,0,8115,0,0
SP-07728,deficit,none,0,0,0,0,0
SP-07729,ok,reserve,11895,0,7930,0,0
SP-07730,deficit,none,0,0,0,0,0
SP-07731,ok,goals+,0,14107,25080,0,21644
SP-07732,deficit,none,0,0,0,0,0
SP-07733,ok,reserve,20810,0,0,0,0
SP-07734,deficit,none,0,0,0,0,0
SP-07735,ok,reserve,2091,0,0,0,0
SP-07736,ok,goals+,4854,0,26741,5703,0
SP-07737,deficit,none,0,0,0,0,0
SP-07738,ok,reserve,8846,0,5897,0,0
SP-07739,deficit,none,0,0,0,0,0
SP-07740,ok,reserve,2034,0,1355,0,0
SP-07741,ok,reserve,1553,0,0,0,0
SP-07742,ok,reserve,12758,0,8505,0,0
SP-07743,ok,debt,3726,5589,0,0,0
SP-07744,ok,reserve,30256,0,0,0,0
SP-07745,deficit,none,0,0,0,0,0
SP-07746,ok,reserve,8505,0,0,0,0
SP-07747,ok,goals+,0,0,3163,167,175464
SP-07748,ok,goals+,0,2524,4489,0,21880
SP-07749,ok,goals+,1,4575,8133,0,542772
SP-07750,ok,reserve,2693,0,0,0,0
SP-07751,ok,goals+,0,5911,10508,0,10810
SP-07752,ok,reserve,3988,1182,1312,0,0
SP-07753,ok,reserve,5317,0,0,0,0
SP-07754,ok,reserve,1480,0,986,0,0
SP-07755,ok,debt,0,2426,0,0,98166
SP-07756,ok,goals+,0,0,9959,0,0
SP-07757,ok,goals+,18189,0,27279,0,0
SP-07758,deficit,none,0,0,0,0,0
SP-07759,ok,reserve,24565,0,4971,0,0
SP-07760,ok,goals+,1898,0,0,38906,0
SP-07761,ok,goals+,0,0,19876,0,101341
SP-07762,deficit,none,0,0,0,0,0
SP-07763,ok,reserve,11067,0,1434,0,0
SP-07764,ok,reserve,39,0,25,0,0
SP-07765,ok,reserve,5163,0,3441,0,0
SP-07766,ok,reserve,4165,0,0,0,0
SP-07767,ok,reserve,158286439,0,0,0,0
SP-07768,deficit,none,0,0,0,0,0
SP-07769,ok,goals+,0,0,0,27021,58695
SP-07770,deficit,none,0,0,0,0,0
SP-07771,ok,reserve,5914,0,0,0,0
SP-07772,ok,reserve,2199,0,0,0,0
SP-07773,ok,goals+,0,0,20507,89342,301438
SP-07774,ok,reserve,1591,0,1060,0,0
SP-07775,ok,debt,0,29599,0,0,34776
SP-07776,deficit,none,0,0,0,0,0
SP-07777,ok,debt,0,46564,0,0,6854
SP-07778,ok,reserve,15182,0,10121,0,0
SP-07779,deficit,none,0,0,0,0,0
SP-07780,ok,reserve,1424,0,0,0,0
SP-07781,ok,reserve,11402,0,7600,0,0
SP-07782,deficit,none,0,0,0,0,0
SP-07783,ok,reserve,13027,0,1209,0,0
SP-07784,ok,reserve,2897,0,1931,0,0
SP-07785,ok,reserve,7475,0,0,0,0
SP-07786,ok,goals+,5029,7543,8380,0,0
SP-07787,ok,reserve,15419,0,0,0,0
SP-07788,deficit,none,0,0,0,0,0
SP-07789,ok,reserve,68225,0,0,0,0
SP-07790,ok,reserve,9490,6586,0,0,0
SP-07791,ok,goals+,1,0,0,3727,2392800
SP-07792,ok,goals+,0,0,0,33966,133953
SP-07793,ok,goals+,4023,6033,6704,0,0
SP-07794,ok,goals+,7455,11182,12424,0,0
SP-07795,deficit,none,0,0,0,0,0
SP-07796,ok,reserve,29971,0,2555,1021,0
SP-07797,ok,reserve,12951,0,0,0,0
SP-07798,deficit,none,0,0,0,0,0
SP-07799,deficit,none,0,0,0,0,0
SP-07800,deficit,none,0,0,0,0,0
SP-07801,ok,reserve,4694,0,0,0,0
SP-07802,ok,reserve,17505,0,11670,0,0
SP-07803,ok,reserve,7280,0,0,0,0
SP-07804,ok,reserve,6458,0,0,0,0
SP-07805,ok,reserve,11834,0,0,0,0
SP-07806,ok,reserve,12,0,0,0,0
SP-07807,ok,debt,0,20464,0,0,30601
SP-07808,deficit,none,0,0,0,0,0
SP-07809,ok,reserve,41813982,0,0,0,0
SP-07810,ok,goals+,0,0,10475,0,10283
SP-07811,ok,reserve,16574,0,0,0,0
SP-07812,deficit,none,0,0,0,0,0
SP-07813,ok,debt,0,62893,0,0,3602
SP-07814,ok,debt,0,53944,0,0,47400
SP-07815,ok,goals+,0,0,19456,84478,126456
SP-07816,ok,debt,0,7295,0,0,38660
SP-07817,ok,reserve,26109,0,0,0,0
SP-07818,deficit,none,0,0,0,0,0
SP-07819,ok,reserve,7762,0,0,0,0
SP-07820,ok,reserve,15927,3079,0,0,0
SP-07821,deficit,none,0,0,0,0,0
SP-07822,ok,reserve,22632,0,1515,0,0
SP-07823,ok,debt,0,6139,0,0,28412
SP-07824,deficit,none,0,0,0,0,0
SP-07825,ok,goals+,0,0,5753,55191,255599
SP-07826,ok,reserve,1314,0,0,0,0
SP-07827,ok,reserve,5994,0,0,0,0
SP-07828,ok,reserve,9239,0,6159,0,0
SP-07829,ok,reserve,51555,0,0,0,0
SP-07830,ok,reserve,35187,8599,0,0,70047
SP-07831,ok,reserve,10240,3587,3985,0,0
SP-07832,ok,reserve,4741,0,0,0,0
SP-07833,ok,goals+,0,0,0,31861,1132272
SP-07834,ok,reserve,11897,0,0,0,0
SP-07835,ok,reserve,9726,0,0,0,0
SP-07836,ok,reserve,20572,0,0,0,0
SP-07837,ok,reserve,23396,0,0,0,0
SP-07838,ok,reserve,1162,0,0,0,0
SP-07839,ok,reserve,12485,0,0,0,0
SP-07840,ok,reserve,20114,0,0,0,0
SP-07841,deficit,none,0,0,0,0,0
SP-07842,deficit,none,0,0,0,0,0
SP-07843,deficit,none,0,0,0,0,0
SP-07844,ok,reserve,10770,0,0,0,0
SP-07845,ok,debt,0,3293,0,0,28678
SP-07846,ok,reserve,5235,0,0,0,0
SP-07847,ok,reserve,8462,0,0,0,0
SP-07848,ok,reserve,94,0,0,0,0
SP-07849,ok,reserve,5382,0,0,0,0
SP-07850,deficit,none,0,0,0,0,0
SP-07851,ok,reserve,15143364,0,0,0,0
SP-07852,deficit,none,0,0,0,0,0
SP-07853,ok,reserve,4402,0,0,0,0
SP-07854,deficit,none,0,0,0,0,0
SP-07855,deficit,none,0,0,0,0,0
SP-07856,ok,reserve,6090,0,4059,0,0
SP-07857,ok,reserve,23492,4764,0,0,0
SP-07858,ok,reserve,7368,0,0,0,0
SP-07859,ok,reserve,24224,0,0,0,0
SP-07860,deficit,none,0,0,0,0,0
SP-07861,ok,reserve,17325,0,0,0,0
SP-07862,ok,reserve,5813,0,3874,0,0
SP-07863,deficit,none,0,0,0,0,0
SP-07864,ok,reserve,42898,0,6202,0,0
SP-07865,ok,goals+,0,5770,10257,0,52886
SP-07866,ok,reserve,23921,0,15946,0,0
SP-07867,ok,reserve,16377,0,10917,0,0
SP-07868,ok,reserve,33590,0,22393,0,0
SP-07869,ok,debt,1230,1845,0,0,0
SP-07870,ok,goals+,0,0,7779,0,224503
SP-07871,deficit,none,0,0,0,0,0
SP-07872,ok,debt,0,6557,0,0,120612
SP-07873,ok,reserve,23727,0,15818,0,0
SP-07874,ok,debt,0,30135,0,0,105650
SP-07875,ok,goals+,1,0,0,13737,3203622
SP-07876,ok,reserve,10140,0,6759,0,0
SP-07877,ok,reserve,3281,0,0,0,0
SP-07878,ok,reserve,30965,0,0,0,0
SP-07879,deficit,none,0,0,0,0,0
SP-07880,ok,reserve,32604,0,0,0,0
SP-07881,ok,goals+,1027,1540,1711,0,0
SP-07882,ok,goals+,0,0,30876,10763,97733
SP-07883,ok,debt,1578,2367,0,0,0
SP-07884,deficit,none,0,0,0,0,0
SP-07885,ok,reserve,6365,2911,3235,0,0
SP-07886,ok,reserve,10266,0,0,0,0
SP-07887,ok,reserve,13575,0,9050,0,0
SP-07888,ok,reserve,17596,0,0,0,0
SP-07889,ok,reserve,27255,0,1405,0,0
SP-07890,deficit,none,0,0,0,0,0
SP-07891,ok,goals+,0,0,0,17320,71003
SP-07892,ok,goals+,0,0,0,21208,73507
SP-07893,ok,goals+,0,0,264865920,158388325,0
SP-07894,ok,goals+,0,0,18548,952,36264
SP-07895,deficit,none,0,0,0,0,0
SP-07896,deficit,none,0,0,0,0,0
SP-07897,ok,reserve,30239,0,0,0,0
SP-07898,ok,reserve,1059,0,0,0,0
SP-07899,ok,debt,0,18389,0,0,13947
SP-07900,ok,reserve,60465,0,318,0,0
SP-07901,ok,reserve,14120,0,0,0,0
SP-07902,deficit,none,0,0,0,0,0
SP-07903,ok,goals+,133,0,14366,0,0
SP-07904,deficit,none,0,0,0,0,0
SP-07905,ok,reserve,5403,0,0,0,300310
SP-07906,ok,reserve,12745,0,0,0,0
SP-07907,ok,reserve,3941,0,2626,0,0
SP-07908,ok,reserve,8434,0,0,0,0
SP-07909,ok,goals+,0,0,0,16024,731770
SP-07910,ok,goals+,6590,9884,10982,0,0
SP-07911,ok,reserve,21172,0,0,0,0
SP-07912,ok,reserve,2117,0,1410,0,0
SP-07913,ok,reserve,39768,0,26512,0,0
SP-07914,ok,reserve,513,0,0,0,0
SP-07915,deficit,none,0,0,0,0,0
SP-07916,ok,reserve,14772,0,0,0,0
SP-07917,ok,goals+,0,0,0,8251,2538355
SP-07918,ok,debt,0,37956,0,0,67023
SP-07919,ok,debt,876,20002,0,0,358514
SP-07920,ok,reserve,40344,0,20918,0,0
SP-07921,ok,reserve,48248,11103,0,0,0
SP-07922,deficit,none,0,0,0,0,0
SP-07923,ok,debt,0,1313,0,0,2136
SP-07924,ok,goals+,0,0,0,2837,29055
SP-07925,ok,goals+,1553,2329,2587,0,49384
SP-07926,deficit,none,0,0,0,0,0
SP-07927,ok,reserve,16690,9988,0,0,0
SP-07928,ok,reserve,38454,0,0,0,0
SP-07929,ok,reserve,16763,0,2914,0,0
SP-07930,ok,reserve,1564,0,0,0,0
SP-07931,ok,reserve,19489,0,0,0,0
SP-07932,ok,reserve,2,0,0,0,0
SP-07933,ok,reserve,18156,0,0,0,0
SP-07934,ok,reserve,21316,0,0,0,0
SP-07935,ok,goals+,0,0,283530280,1389162799,12455144702
SP-07936,deficit,none,0,0,0,0,0
SP-07937,ok,goals+,0,0,3100,7227,96354
SP-07938,deficit,none,0,0,0,0,0
SP-07939,deficit,none,0,0,0,0,0
SP-07940,ok,reserve,39353,0,26235,0,0
SP-07941,ok,goals+,0,0,60610,316,34735
SP-07942,ok,reserve,62630,0,4821,0,0
SP-07943,deficit,none,0,0,0,0,0
SP-07944,deficit,none,0,0,0,0,0
SP-07945,ok,reserve,19054,0,0,0,0
SP-07946,deficit,none,0,0,0,0,0
SP-07947,deficit,none,0,0,0,0,0
SP-07948,deficit,none,0,0,0,0,0
SP-07949,ok,debt,0,942,0,0,97295
SP-07950,ok,reserve,16674,0,0,0,0
SP-07951,deficit,none,0,0,0,0,64451
SP-07952,ok,reserve,2236,0,0,0,0
SP-07953,ok,reserve,4451,0,0,0,0
SP-07954,ok,reserve,293,0,0,0,0
SP-07955,ok,reserve,5547,0,3698,0,0
SP-07956,ok,reserve,19302,0,0,0,0
SP-07957,deficit,none,0,0,0,0,0
SP-07958,ok,reserve,5368,0,0,0,0
SP-07959,ok,goals+,0,0,0,14212,1444473
SP-07960,ok,debt,0,17584,0,0,1341
SP-07961,ok,debt,0,1243,0,0,37483
SP-07962,ok,reserve,18387,0,12258,0,0
SP-07963,ok,debt,0,20054,0,0,22651
SP-07964,ok,reserve,37079,0,0,0,0
SP-07965,ok,reserve,12652,0,0,0,0
SP-07966,deficit,none,0,0,0,0,0
SP-07967,ok,reserve,10054,0,0,0,0
SP-07968,ok,reserve,58975,0,0,0,0
SP-07969,ok,reserve,12590,0,0,0,0
SP-07970,ok,reserve,9749,0,0,0,0
SP-07971,ok,reserve,9138,0,0,0,0
SP-07972,ok,debt,11834,17750,0,0,0
SP-07973,ok,reserve,13540,0,7369,0,0
SP-07974,ok,goals+,0,0,12,0,0
SP-07975,ok,reserve,38406,0,25603,0,0
SP-07976,ok,reserve,15310,3582,3980,0,0
SP-07977,ok,reserve,170565401,84333331,0,0,0
SP-07978,ok,reserve,26564,0,0,0,0
SP-07979,ok,reserve,60307,0,28780,0,0
SP-07980,deficit,none,0,0,0,0,0
SP-07981,ok,reserve,76924,0,0,0,0
SP-07982,ok,debt,0,15899,0,0,13085
SP-07983,ok,reserve,84814,0,0,0,0
SP-07984,deficit,none,0,0,0,0,0
SP-07985,ok,reserve,7184,0,0,0,0
SP-07986,deficit,none,0,0,0,0,0
SP-07987,ok,reserve,4954,0,0,0,0
SP-07988,deficit,none,0,0,0,0,0
SP-07989,deficit,none,0,0,0,0,0
SP-07990,ok,reserve,23951,0,15966,0,0
SP-07991,ok,debt,0,15640,0,0,84170
SP-07992,deficit,none,0,0,0,0,0
SP-07993,ok,reserve,24339,0,0,0,0
SP-07994,ok,reserve,20472,0,0,0,0
SP-07995,ok,debt,0,18424,0,0,54245
SP-07996,ok,reserve,28177,0,0,0,0
SP-07997,ok,reserve,7701,68,75,0,0
SP-07998,ok,reserve,31602,0,0,0,0
SP-07999,ok,goals+,3506,5259,5843,0,0
SP-08000,ok,reserve,8270,0,0,0,0
SP-08001,ok,goals+,1,0,0,3566,2116779
SP-08002,ok,reserve,3990,0,2659,0,0
SP-08003,ok,goals+,0,0,10481,0,96809
SP-08004,ok,debt,0,3425,0,0,154021
SP-08005,deficit,none,0,0,0,0,0
SP-08006,ok,reserve,12726,0,0,0,0
SP-08007,ok,goals+,0,0,9355,0,348458
SP-08008,ok,reserve,19810,0,12758,0,0
SP-08009,deficit,none,0,0,0,0,0
SP-08010,ok,reserve,18108,0,0,0,0
SP-08011,ok,debt,3571,5355,0,0,0
SP-08012,ok,reserve,2408,0,0,0,0
SP-08013,ok,reserve,11116,0,0,0,0
SP-08014,deficit,none,0,0,0,0,0
SP-08015,ok,goals+,0,0,0,20568,0
SP-08016,deficit,none,0,0,0,0,0
SP-08017,deficit,none,0,0,0,0,0
SP-08018,deficit,none,0,0,0,0,0
SP-08019,ok,reserve,57825761,0,38550507,0,0
SP-08020,ok,reserve,12589,0,0,0,0
SP-08021,ok,goals+,4134,6200,6888,0,0
SP-08022,deficit,none,0,0,0,0,0
SP-08023,ok,reserve,26126,0,6222,0,0
SP-08024,ok,reserve,1575,0,1049,0,0
SP-08025,ok,debt,0,109157,0,0,30518
SP-08026,ok,reserve,21631,0,11806,0,0
SP-08027,ok,reserve,12614,0,0,0,0
SP-08028,deficit,none,0,0,0,0,0
SP-08029,deficit,none,0,0,0,0,0
SP-08030,ok,reserve,4392,0,1985,0,0
SP-08031,deficit,none,0,0,0,0,0
SP-08032,ok,reserve,18320,0,12213,0,0
SP-08033,ok,reserve,18723,0,12481,0,0
SP-08034,ok,reserve,4013,0,2674,0,0
SP-08035,deficit,none,0,0,0,0,0
SP-08036,ok,reserve,28445,0,18962,0,0
SP-08037,ok,reserve,18204,0,0,0,0
SP-08038,ok,reserve,16162,2479,0,0,0
SP-08039,ok,reserve,1038,0,692,0,0
SP-08040,ok,debt,0,17726,0,0,56477
SP-08041,ok,reserve,49536,0,0,0,0
SP-08042,ok,reserve,21707,0,0,0,0
SP-08043,deficit,none,0,0,0,0,0
SP-08044,ok,reserve,870,0,579,0,0
SP-08045,ok,debt,0,2932,0,0,134090
SP-08046,deficit,none,0,0,0,0,0
SP-08047,ok,goals+,0,0,9668,40046,395523
SP-08048,ok,goals+,0,0,0,6018,19995
SP-08049,ok,debt,0,723,0,0,64331
SP-08050,ok,goals+,0,0,16342,3064,0
SP-08051,ok,debt,0,563,0,376,86110
SP-08052,ok,reserve,33293,0,22195,0,0
SP-08053,ok,goals+,1131,1695,1884,0,0
SP-08054,ok,reserve,20746,0,0,0,0
SP-08055,ok,reserve,3978,0,0,0,0
SP-08056,ok,debt,0,12274,0,0,18446
SP-08057,ok,debt,0,13331,0,0,99110
SP-08058,ok,reserve,14,0,9,0,0
SP-08059,ok,reserve,2579,0,0,0,0
SP-08060,deficit,none,0,0,0,0,0
SP-08061,ok,reserve,808720306,0,0,0,0
SP-08062,ok,reserve,34244,561,0,0,0
SP-08063,ok,reserve,29509,0,0,0,0
SP-08064,deficit,none,0,0,0,0,0
SP-08065,ok,reserve,2977,0,1984,0,0
SP-08066,deficit,none,0,0,0,0,0
SP-08067,ok,debt,0,85748,0,0,11273
SP-08068,ok,debt,0,26791,0,0,23750
SP-08069,ok,reserve,601,0,0,0,0
SP-08070,deficit,none,0,0,0,0,0
SP-08071,ok,goals+,14708,22060,24511,0,92185
SP-08072,ok,goals+,0,0,6676,0,140832
SP-08073,ok,reserve,16850,0,11233,0,0
SP-08074,ok,debt,1,60960,0,0,181677
SP-08075,ok,reserve,41030,0,0,0,0
SP-08076,deficit,none,0,0,0,0,0
SP-08077,ok,debt,0,20497,0,13666,20061
SP-08078,ok,reserve,1863,0,1241,0,0
SP-08079,ok,reserve,22312,0,0,0,116653
SP-08080,ok,debt,0,15423,0,0,4960
SP-08081,deficit,none,0,0,0,0,299474
SP-08082,ok,reserve,10296,0,0,0,0
SP-08083,ok,reserve,15406,0,0,0,0
SP-08084,ok,reserve,19311,0,0,0,0
SP-08085,ok,goals+,1,0,0,25742,3014391
SP-08086,ok,reserve,13065,0,0,0,0
SP-08087,ok,reserve,26483,0,9075,0,0
SP-08088,ok,reserve,22904,0,15268,0,0
SP-08089,ok,reserve,6153,0,0,0,0
SP-08090,ok,debt,221,9089,0,0,0
SP-08091,ok,reserve,2307,0,1537,0,0
SP-08092,ok,goals+,0,0,3188,4617,14999
SP-08093,ok,goals+,0,0,38597,0,70773
SP-08094,deficit,none,0,0,0,0,0
SP-08095,ok,reserve,76493,0,3827,0,0
SP-08096,ok,goals+,3750,5623,6248,0,0
SP-08097,ok,reserve,43091,0,28726,0,0
SP-08098,ok,reserve,13108,0,0,0,0
SP-08099,ok,reserve,15991,0,0,0,0
SP-08100,ok,goals+,19,0,83,117,0
SP-08101,ok,goals+,0,0,7671,0,0
SP-08102,deficit,none,0,0,0,0,0
SP-08103,ok,debt,218638202,285622823,0,0,0
SP-08104,ok,reserve,4248,0,0,0,0
SP-08105,ok,reserve,10011,0,0,0,0
SP-08106,deficit,none,0,0,0,0,0
SP-08107,ok,reserve,5918,0,0,0,0
SP-08108,deficit,none,0,0,0,0,0
SP-08109,ok,goals+,0,0,80312,0,103499
SP-08110,ok,goals+,0,0,8943,0,239304
SP-08111,ok,goals+,0,0,20151,27727,0
SP-08112,deficit,none,0,0,0,0,0
SP-08113,ok,goals+,0,0,0,37084,0
SP-08114,ok,reserve,11726,0,7816,0,0
SP-08115,deficit,none,0,0,0,0,0
SP-08116,ok,reserve,53892,0,18143,0,0
SP-08117,deficit,none,0,0,0,0,0
SP-08118,ok,reserve,1547,0,1030,0,0
SP-08119,deficit,none,0,0,0,0,0
SP-08120,ok,reserve,24791,0,7820,0,0
SP-08121,ok,reserve,9405,0,0,0,0
SP-08122,ok,reserve,20779,0,0,0,0
SP-08123,ok,reserve,38671,0,0,0,0
SP-08124,ok,reserve,5100,1654,0,0,0
SP-08125,ok,reserve,5666,0,3776,0,0
SP-08126,ok,debt,0,6283,0,0,26949
SP-08127,ok,goals+,0,0,0,3631,2251992
SP-08128,ok,reserve,1294,0,0,0,0
SP-08129,ok,reserve,32394,0,15069,0,0
SP-08130,ok,goals+,0,0,42333,0,97610
SP-08131,ok,reserve,11871,0,0,0,0
SP-08132,ok,goals+,0,0,25054,0,92105
SP-08133,ok,reserve,15332,0,0,0,0
SP-08134,ok,reserve,9930,0,6620,0,0
SP-08135,ok,reserve,44961,0,0,0,0
SP-08136,ok,reserve,12855,0,3490,0,0
SP-08137,ok,reserve,15767,0,10511,0,0
SP-08138,ok,reserve,13167,0,0,0,0
SP-08139,ok,reserve,6096,0,0,0,0
SP-08140,ok,reserve,28505,0,15256,0,0
SP-08141,ok,reserve,7901,0,0,0,0
SP-08142,ok,reserve,169,0,23,0,0
SP-08143,ok,reserve,307,0,0,0,0
SP-08144,ok,reserve,8027,0,0,0,0
SP-08145,ok,reserve,1563288634,0,0,0,0
SP-08146,ok,reserve,27773,0,0,0,0
SP-08147,ok,reserve,23330,0,0,0,0
SP-08148,deficit,none,0,0,0,0,0
SP-08149,ok,reserve,17670,0,5632,0,0
SP-08150,ok,debt,0,29141,0,0,138407
SP-08151,ok,goals+,0,0,0,77337,194584
SP-08152,ok,goals+,6086,9129,10143,0,0
SP-08153,ok,reserve,34123,0,0,0,0
SP-08154,deficit,none,0,0,0,0,0
SP-08155,ok,reserve,26918,6941,0,0,0
SP-08156,ok,goals+,0,0,0,3076,193051
SP-08157,deficit,none,0,0,0,0,0
SP-08158,ok,reserve,20787,2890,0,0,0
SP-08159,ok,debt,0,728,0,0,56028
SP-08160,deficit,none,0,0,0,0,0
SP-08161,ok,reserve,6215,0,0,0,0
SP-08162,ok,debt,0,22148,0,0,217645
SP-08163,ok,reserve,55272,0,0,0,0
SP-08164,ok,reserve,25047,0,0,0,0
SP-08165,ok,reserve,21273,0,12424,0,0
SP-08166,deficit,none,0,0,0,0,0
SP-08167,ok,goals+,0,0,1881,0,89368
SP-08168,ok,reserve,5958,0,0,0,0
SP-08169,ok,goals+,0,0,7513,36873,1901632
SP-08170,deficit,none,0,0,0,0,0
SP-08171,ok,reserve,1865,0,0,0,0
SP-08172,deficit,none,0,0,0,0,0
SP-08173,ok,goals+,0,0,15997,20648,220677
SP-08174,ok,reserve,43232,0,28821,0,0
SP-08175,ok,reserve,6663,0,0,0,0
SP-08176,ok,debt,0,7943,0,0,92085
SP-08177,ok,debt,0,23900,0,0,45776
SP-08178,ok,reserve,14268,0,0,0,0
SP-08179,ok,goals+,0,0,2865,14476,0
SP-08180,ok,reserve,4883,0,3254,0,0
SP-08181,ok,reserve,20978,0,0,0,0
SP-08182,ok,goals+,3206,4807,5342,0,0
SP-08183,ok,debt,0,21151,0,0,210437
SP-08184,ok,reserve,22,0,14,0,0
SP-08185,ok,goals+,5061,7590,8434,0,0
SP-08186,ok,reserve,48467,0,0,0,0
SP-08187,ok,reserve,1226025809,0,165963536,0,0
SP-08188,ok,reserve,1349,0,899,0,0
SP-08189,ok,debt,14198,17158,0,0,0
SP-08190,deficit,none,0,0,0,0,0
SP-08191,ok,reserve,8885,0,5923,0,0
SP-08192,ok,reserve,23890,0,0,0,0
SP-08193,ok,goals+,0,0,34789,902,94982
SP-08194,ok,debt,0,51027,0,0,12690
SP-08195,ok,goals+,537,805,894,0,0
SP-08196,deficit,none,0,0,0,0,0
SP-08197,ok,debt,0,9011,0,0,10063
SP-08198,ok,reserve,27056,0,4413,0,0
SP-08199,deficit,none,0,0,0,0,0
SP-08200,deficit,none,0,0,0,0,0
SP-08201,ok,reserve,7514,1667,1852,0,0
SP-08202,ok,goals+,0,0,20803,0,167026
SP-08203,ok,goals+,0,0,16159,0,37548
SP-08204,ok,debt,4892,17689,8152,0,62843
SP-08205,ok,goals+,0,0,0,23221,82771
SP-08206,ok,debt,0,12739,0,0,14102
SP-08207,deficit,none,0,0,0,0,91920
SP-08208,ok,reserve,14702,0,0,0,0
SP-08209,ok,reserve,25919,0,3669,0,0
SP-08210,ok,reserve,15293,0,10195,0,0
SP-08211,ok,goals+,0,0,10631,0,457379
SP-08212,ok,debt,8665,18923,14439,0,240911
SP-08213,ok,reserve,6810,0,4539,0,0
SP-08214,ok,reserve,8218,0,5478,0,0
SP-08215,ok,reserve,57872,0,0,0,0
SP-08216,ok,reserve,4936,0,0,0,0
SP-08217,ok,reserve,3369,0,0,0,0
SP-08218,deficit,none,0,0,0,0,53069
SP-08219,ok,reserve,15369,0,0,0,0
SP-08220,deficit,none,0,0,0,0,0
SP-08221,ok,reserve,10139,0,0,0,0
SP-08222,deficit,none,0,0,0,0,0
SP-08223,ok,reserve,24362,0,4212,0,0
SP-08224,ok,reserve,36714,0,6846,0,0
SP-08225,ok,reserve,26341,0,1077,0,0
SP-08226,ok,reserve,65,0,42,0,0
SP-08227,ok,reserve,9426,298,332,0,0
SP-08228,ok,reserve,6662,0,0,0,0
SP-08229,ok,debt,0,103623220,0,0,126012213
SP-08230,deficit,none,0,0,0,0,0
SP-08231,deficit,none,0,0,0,0,0
SP-08232,deficit,none,0,0,0,0,0
SP-08233,ok,debt,0,29324,0,0,153096
SP-08234,ok,goals+,0,0,3318,19314,1074719
SP-08235,ok,goals+,0,0,34825,0,46747
SP-08236,ok,reserve,26024,0,0,0,0
SP-08237,ok,reserve,17308,0,9260,0,0
SP-08238,deficit,none,0,0,0,0,0
SP-08239,ok,reserve,559,0,0,0,0
SP-08240,ok,debt,0,642,0,0,23415
SP-08241,deficit,none,0,0,0,0,0
SP-08242,deficit,none,0,0,0,0,0
SP-08243,ok,reserve,23716,0,1699,0,0
SP-08244,ok,reserve,14932,0,8775,0,0
SP-08245,ok,reserve,2779,0,0,0,0
SP-08246,ok,reserve,22388,0,8530,0,0
SP-08247,ok,debt,5550,23805,0,0,0
SP-08248,ok,reserve,5255,0,0,0,0
SP-08249,ok,reserve,17824,0,0,0,0
SP-08250,ok,reserve,6875,0,0,0,0
SP-08251,ok,reserve,43860,0,6276,0,0
SP-08252,ok,goals+,0,0,30185,0,134334
SP-08253,ok,goals+,1,0,16331,0,424942
SP-08254,ok,reserve,5337,0,0,0,0
SP-08255,ok,reserve,29132,0,0,0,0
SP-08256,deficit,none,0,0,0,0,0
SP-08257,ok,debt,0,19198,0,0,47004
SP-08258,deficit,none,0,0,0,0,0
SP-08259,ok,reserve,13243,0,0,0,0
SP-08260,ok,reserve,19237,0,0,0,0
SP-08261,deficit,none,0,0,0,0,0
SP-08262,ok,goals+,0,0,0,5250,51363
SP-08263,deficit,none,0,0,0,0,0
SP-08264,ok,reserve,14887,12726,0,0,0
SP-08265,ok,reserve,2266,0,0,0,0
SP-08266,deficit,none,0,0,0,0,0
SP-08267,ok,reserve,9808,0,0,0,0
SP-08268,ok,reserve,23,0,14,0,0
SP-08269,ok,reserve,4328,0,2884,0,0
SP-08270,ok,reserve,30440,0,0,0,0
SP-08271,deficit,none,0,0,0,0,0
SP-08272,ok,goals+,0,0,0,37611,597080
SP-08273,ok,reserve,12760,0,8506,0,0
SP-08274,deficit,none,0,0,0,0,0
SP-08275,ok,debt,0,22777,0,0,376140
SP-08276,ok,reserve,1284,0,0,0,0
SP-08277,ok,goals+,0,0,0,205678,224362
SP-08278,ok,reserve,38538,0,25691,0,0
SP-08279,ok,reserve,1719,0,1145,0,0
SP-08280,deficit,none,0,0,0,0,0
SP-08281,ok,debt,0,3195,0,0,72351
SP-08282,ok,debt,0,2166,0,0,47675
SP-08283,deficit,none,0,0,0,0,0
SP-08284,deficit,none,0,0,0,0,0
SP-08285,ok,reserve,13613,0,9075,0,0
SP-08286,ok,reserve,7003,0,0,0,0
SP-08287,ok,debt,0,8314,0,0,32
SP-08288,ok,debt,0,4100,0,0,16915
SP-08289,ok,debt,11666,17499,0,0,0
SP-08290,ok,reserve,10029,0,0,0,0
SP-08291,ok,reserve,33097,0,22064,0,0
SP-08292,ok,reserve,43351,0,0,0,0
SP-08293,ok,reserve,25306,0,0,0,0
SP-08294,ok,debt,0,3222,0,0,13619
SP-08295,deficit,none,0,0,0,0,1038485
SP-08296,ok,goals+,0,0,4260,0,10002
SP-08297,ok,debt,0,1380,0,0,24097
SP-08298,ok,debt,0,7167,0,0,135061
SP-08299,ok,goals+,5051,7576,8417,0,0
SP-08300,ok,goals+,1,0,7709,0,561841
SP-08301,ok,debt,0,3746,0,0,10260
SP-08302,ok,reserve,25084,0,0,0,0
SP-08303,ok,debt,0,5541,0,0,18282
SP-08304,deficit,none,0,0,0,0,0
SP-08305,ok,reserve,37889,11535,0,0,0
SP-08306,ok,reserve,4467,0,0,0,0
SP-08307,ok,reserve,2213,0,1474,0,0
SP-08308,ok,reserve,9492,0,0,0,0
SP-08309,ok,goals+,18610,0,0,25848,0
SP-08310,ok,goals+,0,0,27,59,0
SP-08311,ok,debt,0,3813,0,0,28844
SP-08312,ok,goals+,4871,7306,8118,0,0
SP-08313,ok,debt,133130234,1200168646,221883722,0,267820096
SP-08314,ok,reserve,37778,0,1449,0,0
SP-08315,ok,debt,0,88145,0,0,26597
SP-08316,deficit,none,0,0,0,0,0
SP-08317,deficit,none,0,0,0,0,0
SP-08318,ok,reserve,13273,0,0,0,0
SP-08319,ok,goals+,1,0,97845,0,605304
SP-08320,ok,reserve,31694,0,4686,0,0
SP-08321,ok,debt,4500,6749,0,0,0
SP-08322,deficit,none,0,0,0,0,0
SP-08323,ok,reserve,24754,0,16502,0,0
SP-08324,ok,goals+,1,0,15801,0,495409
SP-08325,deficit,none,0,0,0,0,0
SP-08326,ok,reserve,22135,0,14756,0,0
SP-08327,ok,goals+,0,0,23001,58260,1073007
SP-08328,deficit,none,0,0,0,0,0
SP-08329,ok,reserve,4743,0,0,0,0
SP-08330,deficit,none,0,0,0,0,0
SP-08331,ok,reserve,8716,0,0,0,0
SP-08332,ok,reserve,48424,22696,3669,0,0
SP-08333,ok,reserve,26791,0,0,0,0
SP-08334,ok,goals+,0,0,0,40801,99923
SP-08335,ok,reserve,21176,0,14117,0,0
SP-08336,ok,reserve,7295,0,0,0,0
SP-08337,ok,goals+,0,0,0,3990,1092777
SP-08338,ok,debt,952,8224,0,0,0
SP-08339,ok,reserve,14699,0,9798,0,0
SP-08340,ok,debt,0,2340,0,0,11797
SP-08341,ok,debt,1,7706,0,0,287376
SP-08342,ok,reserve,2568,0,0,0,0
SP-08343,ok,reserve,6487,0,0,0,0
SP-08344,deficit,none,0,0,0,0,0
SP-08345,ok,reserve,28734,0,19156,0,0
SP-08346,deficit,none,0,0,0,0,0
SP-08347,ok,reserve,27804,0,18536,0,0
SP-08348,ok,reserve,20772,0,0,0,0
SP-08349,ok,goals+,3539,5308,5897,0,0
SP-08350,ok,goals+,3947,5919,6576,0,0
SP-08351,ok,reserve,10215,0,6809,0,0
SP-08352,ok,goals+,15,0,57,107,0
SP-08353,ok,reserve,21809,0,0,0,0
SP-08354,ok,reserve,4559,0,3039,0,0
SP-08355,ok,reserve,493560857,0,0,0,0
SP-08356,ok,reserve,8913,0,4379,0,0
SP-08357,deficit,none,0,0,0,0,0
SP-08358,deficit,none,0,0,0,0,0
SP-08359,ok,reserve,17394,0,11596,0,0
SP-08360,ok,reserve,10048,0,0,0,0
SP-08361,ok,goals+,0,0,65036,0,57494
SP-08362,ok,reserve,444,0,296,0,0
SP-08363,ok,debt,0,17876,0,0,11565
SP-08364,deficit,none,0,0,0,0,0
SP-08365,ok,reserve,3788,0,2525,0,0
SP-08366,deficit,none,0,0,0,0,0
SP-08367,deficit,none,0,0,0,0,0
SP-08368,deficit,none,0,0,0,0,0
SP-08369,ok,debt,0,8637,0,0,135990
SP-08370,ok,reserve,29311,0,0,0,0
SP-08371,ok,debt,0,37801,0,0,418158
SP-08372,ok,debt,0,2785,0,0,7831
SP-08373,ok,goals+,0,0,0,19916,86635
SP-08374,ok,goals+,4406,6607,7341,0,0
SP-08375,ok,reserve,12531,0,0,0,0
SP-08376,ok,reserve,951,0,0,0,0
SP-08377,ok,reserve,1598,0,0,0,0
SP-08378,ok,reserve,32104,0,0,0,0
SP-08379,ok,goals+,0,0,4394,0,750096
SP-08380,deficit,none,0,0,0,0,0
SP-08381,ok,reserve,62890,0,4310,0,0
SP-08382,ok,reserve,11270,0,7512,0,0
SP-08383,ok,reserve,13188,0,0,0,0
SP-08384,ok,reserve,1035,0,0,0,0
SP-08385,ok,debt,0,10123,0,0,202382
SP-08386,ok,goals+,0,0,15223,0,11692
SP-08387,ok,reserve,2834,0,0,0,0
SP-08388,deficit,none,0,0,0,0,0
SP-08389,ok,reserve,14295,0,0,0,0
SP-08390,ok,reserve,1204,0,0,0,0
SP-08391,ok,debt,0,10097,0,0,40588
SP-08392,ok,reserve,17660,0,0,1147,0
SP-08393,ok,debt,15428,25441,0,0,0
SP-08394,deficit,none,0,0,0,0,0
SP-08395,ok,debt,4428,44877,0,0,86323
SP-08396,ok,reserve,34460,0,0,0,0
SP-08397,ok,reserve,469453912,0,0,0,0
SP-08398,ok,goals+,0,0,4193,0,21914
SP-08399,ok,reserve,12638,0,0,0,0
SP-08400,deficit,none,0,0,0,0,0
SP-08401,ok,reserve,4964,0,0,0,0
SP-08402,ok,reserve,6063,0,0,0,0
SP-08403,ok,goals+,0,0,17036,129215,46564
SP-08404,deficit,none,0,0,0,0,0
SP-08405,ok,reserve,36350,0,0,0,0
SP-08406,deficit,none,0,0,0,0,0
SP-08407,ok,reserve,53957,0,11566,0,0
SP-08408,ok,goals+,0,0,0,5134,43201
SP-08409,deficit,none,0,0,0,0,0
SP-08410,ok,debt,5374,8059,0,0,0
SP-08411,ok,goals+,0,0,3916,0,133608
SP-08412,deficit,none,0,0,0,0,0
SP-08413,ok,reserve,8112,0,5408,0,0
SP-08414,ok,reserve,3069,0,0,0,0
SP-08415,ok,reserve,27189,0,0,0,0
SP-08416,deficit,none,0,0,0,0,0
SP-08417,ok,reserve,38349,0,25566,0,0
SP-08418,ok,reserve,3833,1986,0,0,0
SP-08419,ok,goals+,0,0,0,16217,13914
SP-08420,deficit,none,0,0,0,0,0
SP-08421,ok,goals+,0,0,1774,0,645111
SP-08422,ok,goals+,0,0,44540,0,76816
SP-08423,ok,reserve,14845,0,9896,0,0
SP-08424,ok,reserve,20580,0,13719,0,0
SP-08425,ok,reserve,33448,0,5935,0,0
SP-08426,ok,goals+,0,0,0,8274,47477
SP-08427,ok,debt,1,16064,0,0,326340
SP-08428,ok,reserve,88188,0,25251,0,0
SP-08429,ok,reserve,9530,869,965,0,0
SP-08430,ok,reserve,21929,0,9857,0,0
SP-08431,ok,reserve,4396,0,0,0,0
SP-08432,ok,reserve,54,0,0,0,0
SP-08433,ok,debt,0,3409,0,0,46513
SP-08434,ok,goals+,0,0,0,25173,79802
SP-08435,ok,reserve,4776,0,0,0,0
SP-08436,ok,reserve,155,0,44,0,0
SP-08437,deficit,none,0,0,0,0,0
SP-08438,deficit,none,0,0,0,0,0
SP-08439,ok,reserve,849798568,0,97614531,0,0
SP-08440,ok,debt,1,34892,0,0,72950
SP-08441,ok,reserve,6798,0,0,0,0
SP-08442,deficit,none,0,0,0,0,0
SP-08443,ok,reserve,15959,0,0,0,0
SP-08444,ok,reserve,18978,0,0,0,0
SP-08445,ok,goals+,0,0,62268,23016,289317
SP-08446,ok,reserve,8383,0,0,0,0
SP-08447,ok,reserve,10390,0,6926,0,80567
SP-08448,deficit,none,0,0,0,0,0
SP-08449,ok,reserve,20402,0,6434,5480,0
SP-08450,ok,reserve,32201,0,0,0,0
SP-08451,deficit,none,0,0,0,0,0
SP-08452,ok,reserve,598,0,0,0,0
SP-08453,ok,reserve,69799,0,11685,0,0
SP-08454,deficit,none,0,0,0,0,0
SP-08455,ok,reserve,6299,0,0,0,0
SP-08456,ok,reserve,8489,0,5659,0,0
SP-08457,ok,goals+,0,0,0,6147,179208
SP-08458,ok,reserve,24269,0,0,0,0
SP-08459,ok,debt,0,13913,0,0,50204
SP-08460,ok,reserve,16665,0,0,0,0
SP-08461,ok,reserve,13585,0,0,0,0
SP-08462,ok,goals+,0,0,12444,42168,58614
SP-08463,ok,goals+,0,0,24330,21863,846702
SP-08464,ok,debt,21005,69915,0,0,0
SP-08465,ok,reserve,4842,0,3227,0,0
SP-08466,ok,reserve,5729,0,0,0,0
SP-08467,ok,reserve,28047,0,0,0,0
SP-08468,ok,reserve,6734,0,0,0,0
SP-08469,ok,debt,1129,1344,0,0,0
SP-08470,ok,goals+,0,0,48340,35236,0
SP-08471,ok,reserve,4634,0,0,0,0
SP-08472,ok,reserve,31756,0,0,0,0
SP-08473,ok,debt,25,36,0,0,178011
SP-08474,ok,goals+,0,0,41538,3648,0
SP-08475,ok,reserve,39158,0,21308,0,0
SP-08476,ok,reserve,12630,0,0,0,0
SP-08477,ok,goals+,0,0,8832,0,204903
SP-08478,deficit,none,0,0,0,0,0
SP-08479,ok,debt,4151,9932,0,0,0
SP-08480,ok,goals+,32,48,52,0,0
SP-08481,ok,reserve,1286444013,0,81990659,0,0
SP-08482,ok,reserve,11466,0,0,0,0
SP-08483,ok,reserve,13420,0,0,0,0
SP-08484,deficit,none,0,0,0,0,0
SP-08485,ok,reserve,8211,0,0,0,0
SP-08486,deficit,none,0,0,0,0,0
SP-08487,ok,debt,27186,42848,6044,0,0
SP-08488,ok,reserve,28894,7587,0,0,0
SP-08489,ok,reserve,5637,0,0,0,0
SP-08490,deficit,none,0,0,0,0,0
SP-08491,deficit,none,0,0,0,0,0
SP-08492,ok,reserve,10545,0,7029,0,0
SP-08493,deficit,none,0,0,0,0,0
SP-08494,ok,reserve,26318,0,0,0,0
SP-08495,ok,reserve,2778,0,1852,0,0
SP-08496,ok,reserve,21098,0,0,0,0
SP-08497,ok,reserve,6633,0,0,0,0
SP-08498,deficit,none,0,0,0,0,0
SP-08499,ok,debt,538,806,0,0,0
SP-08500,ok,reserve,13941,0,9294,0,0
SP-08501,ok,goals+,0,0,28152,0,266257
SP-08502,deficit,none,0,0,0,0,0
SP-08503,ok,reserve,11881,2616,0,0,0
SP-08504,ok,goals+,2797,4195,4660,0,0
SP-08505,deficit,none,0,0,0,0,71316
SP-08506,ok,reserve,1715,0,1143,0,0
SP-08507,deficit,none,0,0,0,0,0
SP-08508,ok,goals+,0,0,19761,0,44690
SP-08509,ok,reserve,31387,0,0,0,0
SP-08510,ok,reserve,1049,0,699,0,0
SP-08511,ok,debt,0,2547,0,0,145829
SP-08512,ok,goals+,9919,14878,16531,0,0
SP-08513,ok,reserve,7014,0,0,0,0
SP-08514,deficit,none,0,0,0,0,0
SP-08515,ok,reserve,15908,0,9254,0,0
SP-08516,ok,reserve,1322,0,0,0,0
SP-08517,deficit,none,0,0,0,0,0
SP-08518,ok,reserve,35403,0,0,0,0
SP-08519,ok,goals+,887,1329,1477,0,0
SP-08520,ok,reserve,87,0,36,0,0
SP-08521,ok,goals+,0,0,42995,0,47337
SP-08522,ok,goals+,0,0,18147,0,72188
SP-08523,ok,reserve,740582147,0,493721431,0,0
SP-08524,ok,reserve,53417,0,945,0,0
SP-08525,ok,reserve,9564,0,0,0,0
SP-08526,deficit,none,0,0,0,0,0
SP-08527,ok,goals+,0,0,12983,9075,62110
SP-08528,ok,reserve,2248,0,0,0,0
SP-08529,ok,goals+,0,0,65551,0,367388
SP-08530,deficit,none,0,0,0,0,0
SP-08531,ok,reserve,8422,0,0,0,0
SP-08532,deficit,none,0,0,0,0,0
SP-08533,ok,reserve,12745,0,0,0,0
SP-08534,deficit,none,0,0,0,0,0
SP-08535,deficit,none,0,0,0,0,0
SP-08536,ok,reserve,16045,0,0,0,0
SP-08537,ok,reserve,39180,0,0,0,0
SP-08538,deficit,none,0,0,0,0,0
SP-08539,ok,goals+,0,795,1414,0,0
SP-08540,ok,debt,0,5809,0,0,27394
SP-08541,ok,reserve,6852,0,0,0,0
SP-08542,ok,goals+,0,0,28932,0,0
SP-08543,ok,reserve,14694,0,0,0,0
SP-08544,ok,reserve,67540,0,0,0,0
SP-08545,ok,reserve,31565,0,0,0,0
SP-08546,deficit,none,0,0,0,0,0
SP-08547,ok,goals+,0,0,19679,0,1393832
SP-08548,ok,reserve,11995,0,7996,0,0
SP-08549,ok,reserve,1854,0,0,0,0
SP-08550,ok,goals+,0,0,2219,0,69035
SP-08551,ok,reserve,13899,0,9266,0,0
SP-08552,ok,reserve,34540,0,6246,0,0
SP-08553,ok,debt,0,16456,0,0,29940
SP-08554,ok,goals+,0,0,0,35608,26117
SP-08555,deficit,none,0,0,0,0,23459
SP-08556,ok,reserve,5645,0,0,0,0
SP-08557,ok,reserve,12330,0,0,0,0
SP-08558,ok,reserve,33844,0,1617,0,0
SP-08559,ok,reserve,30577,0,17023,0,0
SP-08560,ok,reserve,7503,0,0,0,0
SP-08561,deficit,none,0,0,0,0,0
SP-08562,ok,goals+,0,0,13,70,0
SP-08563,ok,reserve,695,0,0,0,0
SP-08564,deficit,none,0,0,0,0,0
SP-08565,ok,goals+,80187558,0,164383119,389241874,0
SP-08566,ok,reserve,5846,0,3897,0,0
SP-08567,ok,reserve,34205,0,0,0,0
SP-08568,deficit,none,0,0,0,0,0
SP-08569,ok,reserve,23451,0,15633,0,0
SP-08570,deficit,none,0,0,0,0,0
SP-08571,ok,goals+,0,0,20590,0,67520
SP-08572,ok,reserve,19891,0,13260,0,0
SP-08573,ok,reserve,5091,0,3393,0,0
SP-08574,deficit,none,0,0,0,0,0
SP-08575,ok,reserve,116321,3834,4260,0,0
SP-08576,ok,reserve,38659,0,0,0,0
SP-08577,deficit,none,0,0,0,0,0
SP-08578,ok,reserve,16831,0,0,0,0
SP-08579,ok,reserve,17013,0,0,0,0
SP-08580,deficit,none,0,0,0,0,0
SP-08581,ok,debt,0,9616,0,0,35053
SP-08582,ok,goals+,0,0,5532,0,45126
SP-08583,ok,reserve,16616,0,0,0,0
SP-08584,ok,debt,0,5433,0,0,9061
SP-08585,ok,reserve,41568,0,27712,0,0
SP-08586,ok,reserve,54492,0,0,0,0
SP-08587,ok,reserve,3747,0,1356,0,0
SP-08588,ok,reserve,23049,392,0,0,0
SP-08589,ok,goals+,1,0,26493,0,475225
SP-08590,ok,reserve,11580,0,0,0,0
SP-08591,ok,reserve,24746,0,0,0,0
SP-08592,ok,reserve,285,0,0,0,0
SP-08593,deficit,none,0,0,0,0,0
SP-08594,ok,reserve,10419,0,0,0,0
SP-08595,ok,debt,0,14213,0,0,176770
SP-08596,deficit,none,0,0,0,0,0
SP-08597,ok,debt,0,22532,0,0,20399
SP-08598,ok,reserve,5917,0,3944,0,0
SP-08599,ok,reserve,26856,0,0,0,0
SP-08600,ok,goals+,3084,4624,5138,0,50759
SP-08601,ok,reserve,2624,0,1749,0,0
SP-08602,ok,reserve,3177,0,2117,0,0
SP-08603,ok,reserve,19700,0,0,0,0
SP-08604,ok,goals+,0,0,44,0,0
SP-08605,deficit,none,0,0,0,0,0
SP-08606,ok,reserve,13506,0,0,0,0
SP-08607,ok,goals+,0,0,679187391,0,0
SP-08608,ok,reserve,10414,0,6942,0,0
SP-08609,ok,reserve,30251,0,0,0,0
SP-08610,deficit,none,0,0,0,0,0
SP-08611,ok,reserve,40403,0,0,0,0
SP-08612,ok,reserve,25272,0,0,0,0
SP-08613,ok,goals+,0,0,180750,23897,275435
SP-08614,ok,reserve,30442,0,0,0,0
SP-08615,ok,reserve,10490,0,0,0,0
SP-08616,deficit,none,0,0,0,0,0
SP-08617,ok,reserve,30364,0,0,0,0
SP-08618,ok,reserve,14313,0,0,0,0
SP-08619,deficit,none,0,0,0,0,0
SP-08620,ok,reserve,8127,0,5417,0,0
SP-08621,ok,reserve,2805,0,1870,0,0
SP-08622,ok,goals+,0,0,19521,0,66984
SP-08623,ok,reserve,3006,0,2004,0,0
SP-08624,ok,debt,0,11397,0,0,21450
SP-08625,ok,debt,0,30225,0,0,8488
SP-08626,ok,reserve,12564,0,8375,0,0
SP-08627,ok,reserve,5272,0,3514,0,0
SP-08628,ok,debt,3794,13028,0,0,0
SP-08629,deficit,none,0,0,0,0,0
SP-08630,ok,reserve,8974,0,1003,0,0
SP-08631,ok,goals+,1,0,10622,4540,691618
SP-08632,deficit,none,0,0,0,0,156403
SP-08633,ok,reserve,10806,0,0,0,0
SP-08634,ok,goals+,0,0,53555,0,78904
SP-08635,ok,reserve,1822,0,1214,0,0
SP-08636,ok,goals+,0,0,3748,0,120158
SP-08637,ok,debt,0,6366,0,0,47697
SP-08638,ok,reserve,9012,0,0,0,0
SP-08639,ok,reserve,2489,0,0,0,0
SP-08640,ok,reserve,44024,0,0,0,0
SP-08641,ok,reserve,12321,0,8213,0,0
SP-08642,ok,reserve,27471,0,12313,0,0
SP-08643,ok,reserve,34688,0,0,0,0
SP-08644,ok,reserve,5735,1953,3823,0,30301
SP-08645,ok,reserve,1980,0,1320,0,0
SP-08646,ok,reserve,58,0,38,0,0
SP-08647,ok,reserve,48122,0,14164,0,0
SP-08648,ok,goals+,0,0,0,11507,356191
SP-08649,deficit,none,0,0,0,0,0
SP-08650,deficit,none,0,0,0,0,0
SP-08651,ok,debt,8760,13139,0,0,0
SP-08652,deficit,none,0,0,0,0,0
SP-08653,ok,debt,0,9417,0,0,36147
SP-08654,ok,reserve,12197,0,0,0,0
SP-08655,ok,debt,8715,29451,0,0,0
SP-08656,ok,reserve,703,0,0,0,0
SP-08657,ok,debt,0,12226,0,0,13877
SP-08658,deficit,none,0,0,0,0,0
SP-08659,ok,reserve,35448,0,0,0,0
SP-08660,ok,goals+,0,0,0,1436,126312
SP-08661,deficit,none,0,0,0,0,0
SP-08662,ok,reserve,10944,0,0,0,0
SP-08663,ok,reserve,8652,0,0,0,0
SP-08664,ok,reserve,22340,0,14893,0,0
SP-08665,ok,debt,0,11743,0,0,66849
SP-08666,ok,reserve,15199,0,0,0,0
SP-08667,ok,debt,6364,9546,0,0,0
SP-08668,ok,reserve,5012,0,3341,0,0
SP-08669,ok,goals+,4648,6971,7746,0,0
SP-08670,ok,reserve,20487,0,0,0,0
SP-08671,ok,reserve,1652,0,1100,0,0
SP-08672,ok,reserve,34764,0,23176,0,0
SP-08673,ok,goals+,0,0,7782,21841,1346417
SP-08674,ok,goals+,3362,5041,5601,0,0
SP-08675,ok,reserve,20721,0,0,0,0
SP-08676,ok,goals+,0,0,7625,0,207634
SP-08677,ok,reserve,7343,0,0,0,0
SP-08678,deficit,none,0,0,0,0,0
SP-08679,ok,reserve,10629,0,7085,0,0
SP-08680,ok,reserve,14223,0,0,0,0
SP-08681,ok,reserve,4889,0,3259,0,0
SP-08682,deficit,none,0,0,0,0,0
SP-08683,ok,goals+,3838,5756,6395,0,0
SP-08684,ok,debt,0,23375,0,0,101702
SP-08685,deficit,none,0,0,0,0,0
SP-08686,deficit,none,0,0,0,0,0
SP-08687,ok,reserve,15045,0,0,0,0
SP-08688,ok,reserve,19,0,12,0,0
SP-08689,ok,reserve,37554,0,8929,0,0
SP-08690,ok,reserve,1934,0,0,0,0
SP-08691,ok,goals+,0,0,600449244,0,4814169690
SP-08692,ok,reserve,18990,0,0,0,0
SP-08693,ok,reserve,14955,0,1816,0,0
SP-08694,deficit,none,0,0,0,0,0
SP-08695,ok,reserve,8183,0,0,0,0
SP-08696,deficit,none,0,0,0,0,0
SP-08697,ok,debt,0,102374,0,0,290331
SP-08698,ok,reserve,5664,0,3776,0,0
SP-08699,ok,reserve,5761,0,0,0,0
SP-08700,deficit,none,0,0,0,0,0
SP-08701,ok,reserve,17769,0,0,0,0
SP-08702,ok,debt,0,6696,0,0,46893
SP-08703,deficit,none,0,0,0,0,0
SP-08704,ok,reserve,43255,0,0,0,0
SP-08705,ok,reserve,13449,0,0,0,0
SP-08706,deficit,none,0,0,0,0,0
SP-08707,ok,reserve,46842,0,0,0,0
SP-08708,ok,reserve,23840,0,4602,0,0
SP-08709,ok,debt,0,4436,0,0,167105
SP-08710,ok,goals+,0,0,22925,0,47589
SP-08711,ok,reserve,5302,0,3534,0,0
SP-08712,ok,reserve,8490,0,0,0,0
SP-08713,ok,reserve,18229,0,12152,0,0
SP-08714,ok,reserve,2350,0,0,0,0
SP-08715,ok,goals+,0,0,0,32476,617241
SP-08716,ok,goals+,0,0,5028,0,0
SP-08717,ok,debt,0,2036,0,0,51436
SP-08718,deficit,none,0,0,0,0,0
SP-08719,ok,reserve,4627,0,0,0,0
SP-08720,ok,debt,0,9903,0,0,21208
SP-08721,ok,debt,0,2045,0,0,61221
SP-08722,ok,debt,0,12506,0,0,76651
SP-08723,ok,reserve,39727,0,0,0,0
SP-08724,ok,reserve,3185,0,2122,0,0
SP-08725,ok,reserve,17326,0,11550,0,0
SP-08726,ok,debt,0,13588,0,0,28140
SP-08727,ok,reserve,6861,0,1262,0,0
SP-08728,ok,reserve,39410,0,0,0,0
SP-08729,ok,debt,0,25049,0,0,12483
SP-08730,ok,reserve,81,0,14,19,0
SP-08731,ok,reserve,28180,0,7242,0,0
SP-08732,ok,goals+,0,3568,6345,0,41986
SP-08733,ok,reserve,238165262,0,0,0,0
SP-08734,ok,reserve,31608,0,0,0,0
SP-08735,ok,reserve,451,0,300,0,0
SP-08736,deficit,none,0,0,0,0,0
SP-08737,ok,reserve,34468,0,0,0,0
SP-08738,ok,reserve,5351,0,0,0,0
SP-08739,ok,goals+,0,0,50634,16472,269587
SP-08740,ok,reserve,7410,0,0,0,0
SP-08741,ok,goals+,10362,15541,17268,0,0
SP-08742,deficit,none,0,0,0,0,0
SP-08743,ok,goals+,0,0,0,5740,191303
SP-08744,ok,reserve,8907,0,5937,0,0
SP-08745,deficit,none,0,0,0,0,0
SP-08746,ok,goals+,5873,8809,9788,0,0
SP-08747,ok,reserve,9403,0,0,0,0
SP-08748,deficit,none,0,0,0,0,0
SP-08749,deficit,none,0,0,0,0,0
SP-08750,ok,debt,0,15284,0,0,12481
SP-08751,ok,reserve,4792,0,0,4648,0
SP-08752,ok,debt,0,1098,0,0,41529
SP-08753,deficit,none,0,0,0,0,0
SP-08754,ok,goals+,0,0,0,5,0
SP-08755,ok,goals+,0,0,0,40101,270642
SP-08756,ok,reserve,20081,0,0,0,0
SP-08757,ok,goals+,0,0,0,8025,2191148
SP-08758,ok,goals+,4708,7060,7844,0,0
SP-08759,ok,reserve,10691,0,0,0,0
SP-08760,ok,goals+,0,0,34455,0,85845
SP-08761,ok,reserve,5784,0,0,0,0
SP-08762,ok,reserve,50266,0,0,0,0
SP-08763,ok,reserve,5656,0,0,0,0
SP-08764,ok,reserve,17413,8900,0,0,0
SP-08765,ok,goals+,0,0,40764,0,239764
SP-08766,ok,reserve,22937,0,7327,0,0
SP-08767,ok,goals+,0,0,10536,0,147134
SP-08768,ok,goals+,0,0,0,2725,67727
SP-08769,ok,debt,0,21896,0,0,61824
SP-08770,ok,reserve,2085,0,0,0,0
SP-08771,ok,debt,0,3750,0,0,6304
SP-08772,ok,reserve,1,0,0,0,0
SP-08773,ok,goals+,0,0,44252,0,0
SP-08774,ok,goals+,0,0,17814,1057,26626
SP-08775,ok,goals+,0,0,557968231,84571121,630639528
SP-08776,ok,reserve,116031,0,0,0,0
SP-08777,ok,reserve,5470,0,0,0,0
SP-08778,deficit,none,0,0,0,0,0
SP-08779,deficit,none,0,0,0,0,0
SP-08780,ok,reserve,15061,0,0,0,0
SP-08781,ok,debt,11433,19000,0,0,0
SP-08782,ok,reserve,7736,0,0,0,0
SP-08783,ok,goals+,15428,0,22285,0,0
SP-08784,deficit,none,0,0,0,0,0
SP-08785,ok,reserve,24016,0,16010,0,0
SP-08786,ok,reserve,3197,0,2131,0,0
SP-08787,deficit,none,0,0,0,0,0
SP-08788,ok,reserve,26782,0,17356,0,0
SP-08789,ok,goals+,3607,5409,6010,0,175495
SP-08790,deficit,none,0,0,0,0,0
SP-08791,ok,reserve,4596,0,0,0,0
SP-08792,ok,reserve,9002,0,6001,0,0
SP-08793,ok,reserve,41594,0,0,0,0
SP-08794,ok,debt,0,6655,0,4438,0
SP-08795,ok,reserve,7039,0,4692,0,0
SP-08796,deficit,none,0,0,0,0,0
SP-08797,ok,debt,0,39955,0,0,43406
SP-08798,ok,reserve,7760,0,0,0,0
SP-08799,ok,goals+,0,0,18830,0,1944568
SP-08800,deficit,none,0,0,0,0,0
SP-08801,ok,reserve,3043,0,2028,0,0
SP-08802,ok,debt,0,5491,0,0,6522
SP-08803,ok,reserve,6091,48,0,0,0
SP-08804,ok,goals+,2355,3531,3923,0,0
SP-08805,ok,reserve,5521,0,0,0,0
SP-08806,ok,reserve,15756,0,10503,0,0
SP-08807,ok,reserve,563,0,375,0,0
SP-08808,deficit,none,0,0,0,0,0
SP-08809,deficit,none,0,0,0,0,0
SP-08810,deficit,none,0,0,0,0,0
SP-08811,ok,reserve,70350,0,0,0,0
SP-08812,ok,reserve,12795,0,0,0,0
SP-08813,ok,reserve,13298,0,0,0,0
SP-08814,ok,reserve,54,0,36,0,0
SP-08815,ok,reserve,34268,0,10409,0,0
SP-08816,ok,debt,0,6693,0,0,121013
SP-08817,ok,reserve,964581658,0,0,0,0
SP-08818,deficit,none,0,0,0,0,0
SP-08819,ok,debt,2175,3261,0,0,0
SP-08820,deficit,none,0,0,0,0,0
SP-08821,ok,reserve,106,0,0,0,0
SP-08822,ok,goals+,0,0,0,14768,134979
SP-08823,ok,goals+,0,0,0,145119,315887
SP-08824,ok,goals+,0,0,12478,0,0
SP-08825,ok,debt,2457,34281,0,0,0
SP-08826,deficit,none,0,0,0,0,0
SP-08827,ok,reserve,21848,0,14564,0,0
SP-08828,ok,reserve,15472,0,10314,0,0
SP-08829,deficit,none,0,0,0,0,0
SP-08830,ok,reserve,33483,0,22321,0,0
SP-08831,ok,goals+,0,0,2314,0,149178
SP-08832,deficit,none,0,0,0,0,0
SP-08833,ok,goals+,1008,1511,1678,0,0
SP-08834,ok,reserve,13892,0,0,0,0
SP-08835,ok,debt,5215,7821,0,0,0
SP-08836,ok,reserve,5121,0,418,0,0
SP-08837,ok,reserve,13457,0,8970,0,0
SP-08838,deficit,none,0,0,0,0,0
SP-08839,ok,reserve,20232,0,13488,0,0
SP-08840,ok,reserve,31444,0,0,0,0
SP-08841,deficit,none,0,0,0,0,0
SP-08842,ok,reserve,174,0,0,0,0
SP-08843,deficit,none,0,0,0,0,0
SP-08844,ok,reserve,32445,0,21630,0,0
SP-08845,ok,reserve,7293,0,4862,0,0
SP-08846,ok,goals+,0,0,4921,0,40604
SP-08847,ok,reserve,9056,0,6037,0,774043
SP-08848,ok,goals+,432,647,718,0,0
SP-08849,ok,reserve,49210,0,0,0,0
SP-08850,ok,reserve,30091,0,717,0,0
SP-08851,ok,reserve,15938,0,10625,0,0
SP-08852,ok,reserve,6601,572,0,0,0
SP-08853,ok,reserve,13598,0,0,0,0
SP-08854,deficit,none,0,0,0,0,0
SP-08855,ok,reserve,7994,0,0,0,0
SP-08856,deficit,none,0,0,0,0,0
SP-08857,ok,reserve,4257,0,0,0,0
SP-08858,ok,goals+,0,0,18850,898,104516
SP-08859,ok,goals+,45162854,67744280,75271422,0,0
SP-08860,ok,reserve,15536,0,10357,0,0
SP-08861,ok,goals+,0,0,0,11905,60055
SP-08862,deficit,none,0,0,0,0,0
SP-08863,ok,reserve,326,0,0,0,0
SP-08864,deficit,none,0,0,0,0,0
SP-08865,ok,debt,15188,20086,0,0,0
SP-08866,ok,goals+,0,0,34487,0,749932
SP-08867,ok,reserve,3485,0,2322,0,0
SP-08868,deficit,none,0,0,0,0,0
SP-08869,ok,goals+,0,0,10505,60351,115298
SP-08870,ok,reserve,2262,0,0,0,0
SP-08871,deficit,none,0,0,0,0,0
SP-08872,ok,goals+,0,0,0,26072,114309
SP-08873,ok,goals+,0,0,0,49479,167862
SP-08874,deficit,none,0,0,0,0,0
SP-08875,ok,reserve,2235,0,0,0,0
SP-08876,ok,reserve,51318,0,34212,0,0
SP-08877,ok,reserve,14428,0,0,0,0
SP-08878,ok,reserve,10800,0,0,0,0
SP-08879,ok,goals+,0,0,9167,4062,122797
SP-08880,ok,reserve,809,0,0,0,0
SP-08881,ok,reserve,3491,0,0,0,0
SP-08882,deficit,none,0,0,0,0,164123
SP-08883,ok,goals+,0,0,0,35881,1426877
SP-08884,deficit,none,0,0,0,0,0
SP-08885,ok,debt,0,3785,0,0,129837
SP-08886,ok,goals+,0,0,24570,0,150688
SP-08887,ok,reserve,26890,0,0,0,0
SP-08888,ok,reserve,12441,0,0,0,0
SP-08889,ok,reserve,6193,0,0,0,0
SP-08890,ok,reserve,26919,0,0,0,0
SP-08891,ok,debt,0,25047,0,0,10825
SP-08892,deficit,none,0,0,0,0,0
SP-08893,ok,reserve,9682,0,0,0,0
SP-08894,ok,reserve,34033,0,0,0,0
SP-08895,ok,reserve,16703,0,0,0,0
SP-08896,ok,reserve,6743,0,0,0,0
SP-08897,ok,reserve,926,0,0,0,0
SP-08898,ok,goals+,0,0,38,142,0
SP-08899,ok,reserve,22443,0,0,0,0
SP-08900,ok,goals+,0,0,0,2152,64406
SP-08901,ok,reserve,1770979588,0,0,0,0
SP-08902,ok,reserve,435,0,0,0,0
SP-08903,ok,reserve,3190,0,0,0,0
SP-08904,deficit,none,0,0,0,0,0
SP-08905,ok,reserve,6556,0,0,0,0
SP-08906,ok,reserve,25912,0,11782,0,0
SP-08907,ok,goals+,0,0,0,63861,217054
SP-08908,ok,goals+,12270,0,12953,0,0
SP-08909,ok,reserve,25721,0,0,0,0
SP-08910,deficit,none,0,0,0,0,0
SP-08911,ok,reserve,10554,0,0,0,0
SP-08912,ok,reserve,18700,0,0,0,0
SP-08913,deficit,none,0,0,0,0,0
SP-08914,ok,reserve,25948,0,15149,0,0
SP-08915,deficit,none,0,0,0,0,0
SP-08916,ok,reserve,1598,0,0,0,0
SP-08917,ok,debt,0,4348,0,0,30256
SP-08918,ok,reserve,62988,0,12390,0,0
SP-08919,ok,goals+,3891,0,0,76045,0
SP-08920,ok,reserve,10362,0,0,0,0
SP-08921,deficit,none,0,0,0,0,0
SP-08922,deficit,none,0,0,0,0,0
SP-08923,deficit,none,0,0,0,0,0
SP-08924,ok,goals+,5438,8156,9062,0,0
SP-08925,ok,goals+,1,0,0,13831,1560634
SP-08926,ok,reserve,89,0,59,0,0
SP-08927,ok,reserve,36191,0,0,0,0
SP-08928,ok,reserve,4518,0,0,0,0
SP-08929,ok,debt,0,6165,0,0,19205
SP-08930,ok,reserve,12000,0,0,0,0
SP-08931,ok,debt,0,3400,0,0,25655
SP-08932,ok,goals+,0,0,36734,0,72536
SP-08933,ok,reserve,18173,0,0,0,0
SP-08934,deficit,none,0,0,0,0,0
SP-08935,deficit,none,0,0,0,0,0
SP-08936,ok,reserve,12794,0,258,0,0
SP-08937,ok,reserve,57752,0,38500,0,0
SP-08938,ok,reserve,12424,0,0,0,0
SP-08939,ok,reserve,6398,0,0,0,0
SP-08940,ok,goals+,0,0,4,0,0
SP-08941,deficit,none,0,0,0,0,0
SP-08942,ok,reserve,25039,0,0,0,0
SP-08943,ok,goals+,0,0,0,59532325,2391743152
SP-08944,ok,goals+,0,0,0,8105,207525
SP-08945,ok,reserve,27639,0,9973,0,0
SP-08946,deficit,none,0,0,0,0,0
SP-08947,ok,reserve,5982,0,0,0,0
SP-08948,ok,goals+,13928,0,22205,0,0
SP-08949,ok,goals+,0,0,3946,59065,38883
SP-08950,ok,reserve,71388,0,8308,0,0
SP-08951,ok,reserve,19834,0,0,0,0
SP-08952,deficit,none,0,0,0,0,0
SP-08953,ok,reserve,897,0,0,0,0
SP-08954,ok,reserve,16430,0,0,0,0
SP-08955,deficit,none,0,0,0,0,0
SP-08956,ok,reserve,20434,0,0,0,0
SP-08957,ok,goals+,3669,5503,6114,0,0
SP-08958,ok,reserve,49843,0,0,0,0
SP-08959,ok,reserve,3132,0,2087,0,0
SP-08960,deficit,none,0,0,0,0,0
SP-08961,ok,reserve,7482,0,0,0,0
SP-08962,ok,debt,2573,3858,0,0,0
SP-08963,ok,reserve,11173,0,7448,0,0
SP-08964,ok,reserve,15034,0,0,0,0
SP-08965,ok,goals+,0,0,3682,0,127549
SP-08966,ok,reserve,2704,0,1802,0,0
SP-08967,ok,goals+,0,0,3419,0,2081692
SP-08968,ok,debt,0,10590,0,0,15554
SP-08969,ok,reserve,19128,1570,0,0,0
SP-08970,ok,debt,0,4117,0,0,49539
SP-08971,ok,debt,0,10936,0,0,50198
SP-08972,ok,reserve,3550,0,0,0,0
SP-08973,ok,reserve,4024,0,0,0,0
SP-08974,ok,reserve,21227,0,14150,0,0
SP-08975,ok,goals+,0,7776,13824,0,0
SP-08976,deficit,none,0,0,0,0,0
SP-08977,ok,reserve,12389,0,0,0,0
SP-08978,ok,reserve,17502,0,11668,0,523410
SP-08979,ok,debt,0,3622,0,0,125236
SP-08980,ok,reserve,10830,0,7220,0,0
SP-08981,ok,goals+,4627,6939,7710,0,0
SP-08982,ok,reserve,6,0,4,0,0
SP-08983,ok,goals+,1306,1957,2175,0,0
SP-08984,ok,reserve,7418,0,4945,0,0
SP-08985,ok,reserve,588914682,0,392609787,0,0
SP-08986,ok,debt,0,7758,0,0,81254
SP-08987,ok,debt,0,19846,0,0,3713
SP-08988,deficit,none,0,0,0,0,0
SP-08989,ok,debt,0,12276,0,0,6336
SP-08990,ok,reserve,22062,0,0,0,0
SP-08991,ok,reserve,65599,0,34747,0,0
SP-08992,ok,reserve,33832,0,0,0,0
SP-08993,ok,goals+,0,0,1163,8949,0
SP-08994,deficit,none,0,0,0,0,0
SP-08995,ok,debt,0,27238,0,0,105579
SP-08996,ok,reserve,19642,0,13094,0,0
SP-08997,deficit,none,0,0,0,0,0
SP-08998,ok,reserve,4651,0,0,0,0
SP-08999,deficit,none,0,0,0,0,0
SP-09000,deficit,none,0,0,0,0,0
SP-09001,ok,reserve,13631,0,0,0,0
SP-09002,ok,debt,0,18528,0,0,39553
SP-09003,deficit,none,0,0,0,0,0
SP-09004,ok,goals+,0,0,12838,0,178425
SP-09005,ok,goals+,0,0,25846,0,180539
SP-09006,ok,reserve,12167,0,0,0,0
SP-09007,deficit,none,0,0,0,0,0
SP-09008,deficit,none,0,0,0,0,0
SP-09009,ok,goals+,0,0,0,9898,7371411
SP-09010,ok,reserve,4659,0,0,0,0
SP-09011,ok,goals+,8158,12236,13596,0,0
SP-09012,ok,reserve,21959,0,14638,0,0
SP-09013,ok,debt,0,1207,0,0,852
SP-09014,ok,reserve,29596,0,0,0,0
SP-09015,ok,reserve,14946,0,9964,0,0
SP-09016,ok,reserve,46184,0,5842,0,0
SP-09017,ok,reserve,15733,0,0,0,0
SP-09018,deficit,none,0,0,0,0,0
SP-09019,ok,debt,0,2118,0,0,10937
SP-09020,ok,goals+,0,0,11614,12291,0
SP-09021,deficit,none,0,0,0,0,0
SP-09022,ok,goals+,726,1089,1210,0,100222
SP-09023,ok,reserve,2756,0,0,0,0
SP-09024,ok,reserve,128,0,34,0,0
SP-09025,deficit,none,0,0,0,0,0
SP-09026,ok,reserve,15500,0,0,0,0
SP-09027,ok,reserve,817551427,0,0,0,0
SP-09028,ok,goals+,0,0,25087,0,21957
SP-09029,ok,debt,0,28558,0,0,13937
SP-09030,deficit,none,0,0,0,0,0
SP-09031,ok,debt,1534,14668,0,0,0
SP-09032,ok,reserve,24336,0,2426,0,0
SP-09033,ok,goals+,0,0,0,238512,299993
SP-09034,ok,reserve,24589,0,0,0,0
SP-09035,ok,reserve,5178,4449,0,0,0
SP-09036,deficit,none,0,0,0,0,0
SP-09037,ok,reserve,15761,0,4571,0,0
SP-09038,ok,debt,0,14610,0,0,13509
SP-09039,deficit,none,0,0,0,0,0
SP-09040,ok,goals+,0,0,37180,0,58257
SP-09041,ok,debt,0,52603,0,0,23506
SP-09042,ok,reserve,7519,0,1014,0,0
SP-09043,ok,debt,1102,1653,0,0,0
SP-09044,ok,reserve,21843,0,1964,0,0
SP-09045,ok,reserve,13403,0,0,0,0
SP-09046,ok,reserve,53161,0,2040,0,252535
SP-09047,ok,reserve,5408,0,3604,0,0
SP-09048,ok,goals+,9674,0,0,19188,0
SP-09049,ok,reserve,36893,0,1662,0,0
SP-09050,ok,reserve,17659,3051,0,0,0
SP-09051,deficit,none,0,0,0,0,0
SP-09052,deficit,none,0,0,0,0,0
SP-09053,ok,reserve,6955,0,4636,0,0
SP-09054,ok,reserve,5261,0,0,0,0
SP-09055,ok,reserve,8895,0,0,0,0
SP-09056,ok,debt,9464,14195,0,0,0
SP-09057,ok,debt,0,13981,0,0,99142
SP-09058,ok,reserve,39158,0,0,0,0
SP-09059,ok,goals+,1864,2795,3106,0,0
SP-09060,ok,reserve,36614,0,0,3416,0
SP-09061,ok,reserve,12230,0,0,0,0
SP-09062,ok,reserve,11977,0,0,0,0
SP-09063,ok,debt,0,5515,0,0,2762
SP-09064,ok,reserve,10001,0,0,0,0
SP-09065,ok,reserve,7371,0,4913,0,0
SP-09066,ok,reserve,11,0,7,0,0
SP-09067,ok,reserve,47410,35052,3194,0,0
SP-09068,ok,reserve,12649,0,0,0,0
SP-09069,ok,reserve,1023225502,0,0,0,0
SP-09070,ok,reserve,9976,0,6650,0,0
SP-09071,ok,debt,0,979,0,0,48481
SP-09072,deficit,none,0,0,0,0,0
SP-09073,ok,reserve,25794,0,6937,0,0
SP-09074,ok,reserve,67043,0,0,0,0
SP-09075,ok,debt,0,34316,0,0,63117
SP-09076,ok,reserve,22435,11305,0,0,0
SP-09077,ok,reserve,8409,0,0,0,0
SP-09078,deficit,none,0,0,0,0,0
SP-09079,deficit,none,0,0,0,0,0
SP-09080,ok,goals+,10812,16216,18018,0,0
SP-09081,deficit,none,0,0,0,0,0
SP-09082,ok,goals+,0,0,0,23906,82389
SP-09083,ok,reserve,11098,0,6338,0,0
SP-09084,ok,reserve,4425,0,2949,0,0
SP-09085,ok,goals+,0,201,358,0,57491
SP-09086,ok,reserve,1005,0,0,0,0
SP-09087,ok,goals+,0,0,0,33633,57213
SP-09088,ok,debt,0,2465,0,0,6153
SP-09089,ok,debt,3290,4934,0,0,0
SP-09090,deficit,none,0,0,0,0,0
SP-09091,ok,reserve,3085,0,0,0,0
SP-09092,ok,reserve,25173,0,0,0,0
SP-09093,deficit,none,0,0,0,0,50987
SP-09094,ok,reserve,24306,0,1157,0,0
SP-09095,ok,goals+,0,0,42581,0,32548
SP-09096,ok,reserve,43053,0,0,0,0
SP-09097,ok,debt,0,9730,0,0,62123
SP-09098,ok,reserve,2182,1429,1587,0,0
SP-09099,ok,reserve,955,0,636,0,0
SP-09100,ok,goals+,1600,2400,2666,0,0
SP-09101,ok,reserve,27046,84,0,0,0
SP-09102,ok,reserve,1174,0,782,0,0
SP-09103,ok,reserve,6841,0,0,0,0
SP-09104,ok,reserve,10590,0,0,0,0
SP-09105,ok,goals+,0,0,0,26714,227812
SP-09106,deficit,none,0,0,0,0,0
SP-09107,ok,reserve,14399,0,0,0,0
SP-09108,ok,reserve,82,0,54,0,0
SP-09109,ok,goals+,0,0,16342,0,43973
SP-09110,ok,reserve,2093,0,1394,0,0
SP-09111,ok,reserve,723361285,0,0,0,0
SP-09112,ok,reserve,29865,0,0,0,0
SP-09113,ok,reserve,1471,0,0,0,0
SP-09114,deficit,none,0,0,0,0,0
SP-09115,deficit,none,0,0,0,0,0
SP-09116,ok,debt,0,16651,0,0,93111
SP-09117,ok,goals+,0,0,15914,9099,23223
SP-09118,ok,reserve,22103,0,14734,0,0
SP-09119,ok,goals+,0,1980,3521,0,19412
SP-09120,deficit,none,0,0,0,0,0
SP-09121,ok,debt,0,4586,0,0,70928
SP-09122,ok,goals+,0,0,29984,0,0
SP-09123,deficit,none,0,0,0,0,0
SP-09124,ok,reserve,13587,0,0,0,0
SP-09125,ok,reserve,15268,0,0,0,0
SP-09126,ok,reserve,13247,0,0,0,0
SP-09127,ok,reserve,860,0,0,0,0
SP-09128,ok,reserve,3552,0,0,0,0
SP-09129,ok,debt,0,23700,0,0,140845
SP-09130,ok,debt,702,1051,0,0,0
SP-09131,ok,debt,14693,26142,0,0,0
SP-09132,ok,goals+,0,0,0,23969,26063
SP-09133,ok,reserve,8052,0,0,0,0
SP-09134,ok,reserve,3584,0,2389,0,0
SP-09135,ok,goals+,0,0,0,14536,2890248
SP-09136,ok,reserve,3982,0,0,0,0
SP-09137,ok,reserve,21365,0,0,0,0
SP-09138,ok,reserve,3054,0,0,0,0
SP-09139,ok,reserve,23559,0,1551,0,0
SP-09140,deficit,none,0,0,0,0,0
SP-09141,ok,reserve,1703,0,1135,0,0
SP-09142,ok,reserve,25013,0,0,0,0
SP-09143,ok,goals+,1371,2055,2283,0,255110
SP-09144,ok,reserve,6971,0,4647,0,0
SP-09145,ok,reserve,5421,0,3614,0,0
SP-09146,ok,goals+,2256,3383,3759,0,0
SP-09147,ok,reserve,1223,0,815,0,0
SP-09148,ok,reserve,388,0,0,0,0
SP-09149,ok,debt,0,4524,0,0,22837
SP-09150,ok,goals+,0,0,39,0,0
SP-09151,ok,reserve,2146,0,1430,0,0
SP-09152,ok,debt,0,17897,0,0,181997
SP-09153,deficit,none,0,0,0,0,3212435015
SP-09154,ok,debt,0,21095,0,0,152813
SP-09155,ok,reserve,13868,0,9245,0,0
SP-09156,deficit,none,0,0,0,0,0
SP-09157,ok,goals+,0,0,9287,0,0
SP-09158,ok,debt,6044,9065,3649,0,0
SP-09159,ok,goals+,0,0,58839,0,176609
SP-09160,ok,reserve,10236,0,0,0,0
SP-09161,ok,reserve,22665,966,1073,0,0
SP-09162,deficit,none,0,0,0,0,0
SP-09163,ok,reserve,10532,0,0,0,0
SP-09164,ok,reserve,19613,0,13074,0,0
SP-09165,ok,reserve,32157,0,13251,0,0
SP-09166,ok,reserve,3016,0,0,0,0
SP-09167,ok,goals+,4693,0,7523,0,0
SP-09168,deficit,none,0,0,0,0,0
SP-09169,ok,debt,0,6382,0,0,28494
SP-09170,ok,reserve,17540,0,11693,0,0
SP-09171,ok,reserve,43389,0,0,0,0
SP-09172,ok,debt,0,39173,0,0,63736
SP-09173,ok,reserve,1737,0,1158,0,0
SP-09174,ok,reserve,5531,1238,0,0,0
SP-09175,ok,reserve,18450,0,0,0,0
SP-09176,deficit,none,0,0,0,0,0
SP-09177,ok,goals+,0,0,0,4741,2822484
SP-09178,deficit,none,0,0,0,0,0
SP-09179,ok,debt,0,22339,0,0,24071
SP-09180,deficit,none,0,0,0,0,86845
SP-09181,ok,goals+,0,0,0,15279,0
SP-09182,ok,goals+,11332,16998,18886,0,0
SP-09183,ok,debt,0,3021,0,0,37860
SP-09184,ok,reserve,16808,0,0,0,0
SP-09185,ok,goals+,0,0,0,10213,55584
SP-09186,ok,reserve,40609,0,0,0,0
SP-09187,deficit,none,0,0,0,0,0
SP-09188,ok,reserve,27440,0,0,0,0
SP-09189,ok,debt,1,27557,0,0,114470
SP-09190,ok,reserve,8170,0,0,0,0
SP-09191,ok,reserve,23320,0,0,0,0
SP-09192,ok,goals+,0,0,44,0,0
SP-09193,ok,debt,0,18213,0,0,166201
SP-09194,ok,goals+,5182,7772,8636,0,0
SP-09195,deficit,none,0,0,0,0,0
SP-09196,ok,reserve,9760,0,0,0,0
SP-09197,ok,reserve,24743,0,16494,0,0
SP-09198,deficit,none,0,0,0,0,0
SP-09199,ok,debt,0,4291,0,0,80912
SP-09200,ok,debt,0,1932,0,0,46093
SP-09201,ok,goals+,16158,24236,26928,0,0
SP-09202,ok,reserve,33104,0,3429,0,0
SP-09203,ok,reserve,15777,0,0,0,0
SP-09204,deficit,none,0,0,0,0,0
SP-09205,ok,reserve,3554,0,0,0,0
SP-09206,ok,reserve,12415,0,0,0,0
SP-09207,deficit,none,0,0,0,0,0
SP-09208,ok,debt,0,1032,0,0,235752
SP-09209,ok,reserve,24023,0,16015,0,0
SP-09210,deficit,none,0,0,0,0,0
SP-09211,ok,reserve,21741,0,0,0,0
SP-09212,ok,reserve,21284,0,0,0,0
SP-09213,ok,reserve,3433,0,0,0,0
SP-09214,ok,reserve,18458,0,0,0,0
SP-09215,ok,goals+,0,0,0,36012,375520
SP-09216,ok,reserve,18580,0,0,0,0
SP-09217,ok,debt,0,22773,0,0,108637
SP-09218,ok,reserve,48462,0,26267,0,0
SP-09219,ok,goals+,0,0,0,50,1930634
SP-09220,ok,debt,0,11344,0,0,121848
SP-09221,ok,reserve,8304,0,5536,0,0
SP-09222,ok,reserve,20450,0,0,0,0
SP-09223,ok,goals+,0,0,9935,10631,136133
SP-09224,ok,reserve,3573,0,0,0,0
SP-09225,ok,reserve,14246,0,0,0,0
SP-09226,ok,reserve,14582,0,5084,0,0
SP-09227,ok,goals+,0,0,2187,0,183901
SP-09228,ok,reserve,1325,0,0,0,0
SP-09229,ok,reserve,30252,0,20168,0,0
SP-09230,ok,debt,0,20167,0,0,45059
SP-09231,ok,reserve,8703,0,5802,0,0
SP-09232,ok,reserve,34358,0,0,0,0
SP-09233,ok,debt,11648,17472,0,0,0
SP-09234,deficit,none,0,0,0,0,0
SP-09235,ok,goals+,0,0,0,43584,231791
SP-09236,ok,goals+,0,0,14063,0,134215
SP-09237,ok,reserve,123290165,0,0,0,0
SP-09238,ok,reserve,12356,0,0,0,0
SP-09239,ok,reserve,22763,0,15175,0,0
SP-09240,deficit,none,0,0,0,0,0
SP-09241,ok,goals+,5064,7595,8438,0,0
SP-09242,ok,goals+,0,12202,21693,0,114737
SP-09243,ok,goals+,0,0,53721,0,65685
SP-09244,ok,debt,0,12217,0,0,7822
SP-09245,ok,debt,0,18827,0,0,50949
SP-09246,deficit,none,0,0,0,0,0
SP-09247,ok,reserve,7640,0,5093,0,0
SP-09248,ok,reserve,4932,0,0,0,0
SP-09249,deficit,none,0,0,0,0,0
SP-09250,ok,goals+,0,0,5124,10266,53453
SP-09251,ok,reserve,16362,0,7570,0,0
SP-09252,deficit,none,0,0,0,0,0
SP-09253,ok,goals+,0,0,0,4767,104948
SP-09254,ok,reserve,1832,0,1221,0,0
SP-09255,ok,goals+,0,0,0,20600,12688
SP-09256,ok,reserve,34560,0,0,0,0
SP-09257,ok,reserve,6180,0,0,0,0
SP-09258,deficit,none,0,0,0,0,0
SP-09259,ok,debt,0,13434,0,0,24587
SP-09260,ok,reserve,1054,0,0,0,0
SP-09261,ok,goals+,1,0,0,21489,3141022
SP-09262,deficit,none,0,0,0,0,0
SP-09263,ok,goals+,0,0,14827,0,181165
SP-09264,deficit,none,0,0,0,0,0
SP-09265,ok,reserve,11772,0,0,0,0
SP-09266,deficit,none,0,0,0,0,0
SP-09267,ok,reserve,2718,0,1812,0,0
SP-09268,ok,reserve,28852,2793,7023,0,134480
SP-09269,ok,reserve,6394,0,0,0,0
SP-09270,ok,reserve,13516,0,6360,0,0
SP-09271,ok,debt,0,6611,0,0,20853
SP-09272,ok,reserve,23798,22283,0,0,0
SP-09273,ok,reserve,20963,0,13974,0,0
SP-09274,ok,reserve,15663,0,10441,0,0
SP-09275,ok,debt,6513,9769,0,0,0
SP-09276,ok,reserve,67,0,0,0,0
SP-09277,deficit,none,0,0,0,0,0
SP-09278,ok,reserve,8129,0,5418,0,0
SP-09279,deficit,none,0,0,0,0,0
SP-09280,ok,reserve,8411,0,0,0,0
SP-09281,ok,reserve,7915,0,0,0,0
SP-09282,deficit,none,0,0,0,0,0
SP-09283,ok,reserve,20771,0,2275,0,0
SP-09284,ok,reserve,64522,0,0,0,0
SP-09285,ok,goals+,1,0,75959,0,125835
SP-09286,ok,reserve,23360,1862,2068,0,0
SP-09287,ok,reserve,19838,0,13225,0,0
SP-09288,deficit,none,0,0,0,0,0
SP-09289,ok,goals+,2117,3174,3527,0,0
SP-09290,deficit,none,0,0,0,0,0
SP-09291,deficit,none,0,0,0,0,0
SP-09292,ok,reserve,32414,0,0,0,0
SP-09293,ok,reserve,7158,0,0,0,0
SP-09294,deficit,none,0,0,0,0,0
SP-09295,deficit,none,0,0,0,0,0
SP-09296,deficit,none,0,0,0,0,0
SP-09297,ok,reserve,937,0,0,0,0
SP-09298,ok,reserve,43161,0,0,0,0
SP-09299,ok,reserve,13583,0,3190,0,0
SP-09300,ok,debt,0,11506,0,0,44357
SP-09301,ok,reserve,27029,0,0,0,0
SP-09302,ok,reserve,1176,0,784,0,0
SP-09303,ok,goals+,1,0,0,10019,916082
SP-09304,deficit,none,0,0,0,0,0
SP-09305,ok,reserve,1158,0,771,0,0
SP-09306,ok,reserve,24587,0,16390,0,0
SP-09307,ok,reserve,1242,0,0,0,0
SP-09308,ok,reserve,27765,0,0,0,0
SP-09309,ok,goals+,0,0,12828,0,310913
SP-09310,ok,reserve,22737,0,13710,0,0
SP-09311,ok,debt,0,2352,0,0,5712
SP-09312,deficit,none,0,0,0,0,0
SP-09313,ok,reserve,5466,0,3643,0,0
SP-09314,ok,goals+,1361,2041,2267,0,33288
SP-09315,ok,debt,0,4206,0,0,84024
SP-09316,ok,reserve,1265,0,843,0,0
SP-09317,ok,reserve,25281,0,0,0,0
SP-09318,ok,goals+,0,0,10,37,0
SP-09319,ok,reserve,14915,0,9943,0,0
SP-09320,ok,reserve,28837,0,13882,0,0
SP-09321,ok,debt,0,277594374,0,0,199647946
SP-09322,deficit,none,0,0,0,0,0
SP-09323,ok,reserve,21139,0,0,0,0
SP-09324,deficit,none,0,0,0,0,0
SP-09325,ok,reserve,31235,0,17184,0,0
SP-09326,ok,reserve,4017,0,0,0,0
SP-09327,ok,goals+,18087,0,45001,0,0
SP-09328,ok,reserve,5419,0,0,0,0
SP-09329,ok,reserve,17444,0,11628,0,0
SP-09330,deficit,none,0,0,0,0,0
SP-09331,ok,reserve,30796,0,0,0,0
SP-09332,ok,reserve,25693,0,0,0,0
SP-09333,deficit,none,0,0,0,0,0
SP-09334,deficit,none,0,0,0,0,0
SP-09335,ok,reserve,64433,0,0,0,0
SP-09336,deficit,none,0,0,0,0,0
SP-09337,ok,reserve,12809,0,2913,0,0
SP-09338,ok,reserve,17004,0,10,0,0
SP-09339,deficit,none,0,0,0,0,0
SP-09340,ok,goals+,3604,5406,6006,0,0
SP-09341,ok,reserve,25932,0,0,0,0
SP-09342,ok,debt,0,10409,0,0,30766
SP-09343,ok,reserve,23958,0,0,0,0
SP-09344,ok,goals+,0,0,11755,15266,34036
SP-09345,ok,goals+,0,0,0,11944,2443092
SP-09346,ok,reserve,29754,0,12462,0,0
SP-09347,ok,debt,0,14076,0,9385,65534
SP-09348,deficit,none,0,0,0,0,0
SP-09349,ok,reserve,51063,0,0,0,0
SP-09350,ok,reserve,15356,0,10164,0,0
SP-09351,ok,reserve,3804,0,0,0,0
SP-09352,ok,reserve,7561,0,0,0,0
SP-09353,ok,reserve,16843,0,0,0,0
SP-09354,ok,reserve,4723,0,1576,0,0
SP-09355,ok,reserve,3281,384,426,0,0
SP-09356,ok,goals+,0,0,0,58698,45293
SP-09357,deficit,none,0,0,0,0,0
SP-09358,ok,reserve,9804,0,0,0,0
SP-09359,ok,debt,0,51881,0,0,178906
SP-09360,ok,reserve,53,0,34,0,0
SP-09361,ok,reserve,16287,0,0,0,0
SP-09362,ok,goals+,0,0,0,12803,136819
SP-09363,ok,reserve,12291134,0,8194088,0,0
SP-09364,ok,debt,0,11309,0,0,60490
SP-09365,ok,debt,0,11289,0,0,28364
SP-09366,deficit,none,0,0,0,0,0
SP-09367,ok,reserve,48638,0,0,0,0
SP-09368,ok,debt,20870,31303,645,0,0
SP-09369,ok,goals+,1,0,52773,0,16545
SP-09370,deficit,none,0,0,0,0,0
SP-09371,ok,reserve,8004,0,5336,0,0
SP-09372,deficit,none,0,0,0,0,0
SP-09373,ok,goals+,11483,17224,19138,0,0
SP-09374,ok,reserve,4933,2656,0,0,0
SP-09375,deficit,none,0,0,0,0,0
SP-09376,ok,reserve,25883,0,3118,0,0
SP-09377,ok,debt,0,11398,0,0,106209
SP-09378,deficit,none,0,0,0,0,0
SP-09379,ok,reserve,29601,0,0,0,0
SP-09380,ok,debt,9794,14691,0,0,0
SP-09381,ok,reserve,11944,0,0,0,0
SP-09382,ok,reserve,10905,0,0,0,0
SP-09383,ok,goals+,10161,0,27689,5131,0
SP-09384,deficit,none,0,0,0,0,0
SP-09385,ok,reserve,2232,0,0,0,0
SP-09386,ok,reserve,2386,0,0,0,0
SP-09387,ok,goals+,0,446,794,0,749556
SP-09388,deficit,none,0,0,0,0,0
SP-09389,deficit,none,0,0,0,0,0
SP-09390,ok,debt,0,21639,0,0,11705
SP-09391,ok,reserve,17895,0,0,0,0
SP-09392,ok,debt,0,11112,0,0,240063
SP-09393,ok,debt,0,9828,0,0,77609
SP-09394,ok,reserve,6465,0,4310,0,0
SP-09395,ok,debt,0,16149,0,0,80187
SP-09396,ok,reserve,37868,0,0,0,0
SP-09397,ok,reserve,13454,0,275,0,0
SP-09398,deficit,none,0,0,0,0,0
SP-09399,ok,reserve,7159,0,0,0,0
SP-09400,ok,goals+,0,0,34599,0,118082
SP-09401,ok,debt,571,855,0,0,0
SP-09402,ok,goals+,0,0,18,74,0
SP-09403,ok,debt,0,17210,0,0,126475
SP-09404,ok,reserve,21019,0,0,0,0
SP-09405,ok,goals+,0,0,787677832,0,3690977550
SP-09406,ok,reserve,14896,0,9930,0,0
SP-09407,ok,reserve,22155,0,14769,0,0
SP-09408,deficit,none,0,0,0,0,0
SP-09409,ok,goals+,1534,2300,2556,0,0
SP-09410,ok,debt,0,20252,0,0,92624
SP-09411,ok,debt,12447,102716,8296,0,135807
SP-09412,deficit,none,0,0,0,0,0
SP-09413,ok,reserve,1667,0,0,0,0
SP-09414,deficit,none,0,0,0,0,0
SP-09415,ok,goals+,0,0,31291,0,0
SP-09416,ok,reserve,11436,0,7623,0,0
SP-09417,deficit,none,0,0,0,0,0
SP-09418,ok,reserve,46789,23594,26216,0,0
SP-09419,ok,reserve,22166,0,0,0,0
SP-09420,ok,reserve,20183,0,0,0,0
SP-09421,ok,goals+,0,0,14520,28028,134603
SP-09422,ok,goals+,0,0,9582,31715,0
SP-09423,ok,debt,0,22096,0,0,76735
SP-09424,deficit,none,0,0,0,0,0
SP-09425,ok,reserve,21334,0,0,0,0
SP-09426,ok,reserve,4330,0,0,0,0
SP-09427,ok,reserve,1516,0,0,0,0
SP-09428,ok,reserve,3299,0,2199,0,0
SP-09429,ok,goals+,1,0,0,5602,5039557
SP-09430,ok,reserve,8963,0,0,0,0
SP-09431,deficit,none,0,0,0,0,0
SP-09432,deficit,none,0,0,0,0,0
SP-09433,ok,debt,0,15777,0,0,71050
SP-09434,ok,reserve,29515,0,19676,0,0
SP-09435,ok,reserve,7187,0,0,0,0
SP-09436,ok,reserve,4451,0,0,0,0
SP-09437,ok,goals+,0,0,11040,0,197633
SP-09438,deficit,none,0,0,0,0,0
SP-09439,ok,debt,0,22554,0,0,40982
SP-09440,deficit,none,0,0,0,0,0
SP-09441,ok,reserve,41242,0,3463,0,0
SP-09442,ok,reserve,29699,0,0,0,0
SP-09443,ok,reserve,10380,0,6919,0,0
SP-09444,ok,goals+,0,0,46,19,0
SP-09445,ok,reserve,28215,9841,0,0,0
SP-09446,ok,reserve,7707,0,5138,0,0
SP-09447,deficit,none,0,0,0,0,0
SP-09448,ok,reserve,10010,0,6145,0,0
SP-09449,ok,debt,1386,2078,722,0,0
SP-09450,deficit,none,0,0,0,0,0
SP-09451,ok,goals+,3456,5184,5760,0,0
SP-09452,ok,goals+,1501,2251,2501,0,28350
SP-09453,ok,debt,12910,20873,0,0,21294
SP-09454,ok,reserve,9641,0,0,0,0
SP-09455,ok,debt,0,10364,0,0,351887
SP-09456,deficit,none,0,0,0,0,0
SP-09457,ok,debt,0,44858,0,0,43209
SP-09458,ok,goals+,6211,6096,6773,0,0
SP-09459,ok,reserve,365,0,242,0,0
SP-09460,deficit,none,0,0,0,0,0
SP-09461,ok,reserve,4387,0,0,0,0
SP-09462,deficit,none,0,0,0,0,0
SP-09463,ok,reserve,8613,0,0,0,0
SP-09464,ok,reserve,13967,0,7984,0,0
SP-09465,ok,debt,151,12777,0,0,0
SP-09466,ok,reserve,18583,0,0,0,0
SP-09467,ok,reserve,2100,0,0,0,0
SP-09468,ok,reserve,46368,0,0,0,0
SP-09469,ok,reserve,21066,0,14044,0,0
SP-09470,ok,reserve,8644,0,0,0,0
SP-09471,ok,goals+,0,0,24914,0,1503890
SP-09472,ok,goals+,0,0,4609,49395,29090
SP-09473,ok,reserve,23186,0,0,0,0
SP-09474,ok,reserve,5545,0,3696,0,0
SP-09475,ok,reserve,38031,0,0,0,0
SP-09476,ok,debt,0,578,0,0,29409
SP-09477,ok,debt,1387,2080,0,0,0
SP-09478,ok,reserve,22061,0,14706,0,0
SP-09479,ok,reserve,52959,0,0,0,0
SP-09480,ok,reserve,2944,0,1962,0,0
SP-09481,ok,reserve,22327,0,0,0,0
SP-09482,ok,reserve,23235,0,0,0,0
SP-09483,ok,goals+,2692,4037,4486,0,0
SP-09484,ok,debt,0,22067,0,0,274404
SP-09485,ok,reserve,28297,0,0,0,0
SP-09486,ok,goals+,0,0,81,1,0
SP-09487,ok,debt,0,1515,0,0,75640
SP-09488,ok,reserve,27174,0,18116,0,0
SP-09489,ok,reserve,138156972,0,0,0,0
SP-09490,ok,reserve,418,0,0,0,0
SP-09491,ok,reserve,25444,2914,0,0,0
SP-09492,deficit,none,0,0,0,0,0
SP-09493,ok,goals+,8995,13492,14991,0,0
SP-09494,ok,debt,1,648,0,0,84267
SP-09495,ok,goals+,0,0,49892,1173,25725
SP-09496,ok,reserve,8049,0,5366,0,0
SP-09497,ok,debt,12982,22566,0,0,0
SP-09498,deficit,none,0,0,0,0,0
SP-09499,ok,reserve,15846,0,0,0,0
SP-09500,ok,reserve,50373,0,9970,0,0
SP-09501,ok,reserve,4180,0,0,0,0
SP-09502,ok,reserve,61186,0,13331,0,0
SP-09503,ok,goals+,0,0,23677,0,105163
SP-09504,deficit,none,0,0,0,0,0
SP-09505,ok,goals+,0,0,10966,0,87072
SP-09506,ok,debt,0,7924,0,0,11279
SP-09507,ok,reserve,7797,0,0,0,0
SP-09508,ok,goals+,7408,11110,12344,0,0
SP-09509,ok,reserve,865,0,0,0,0
SP-09510,ok,debt,0,3553,0,2369,20020
SP-09511,ok,reserve,10085,0,6723,0,0
SP-09512,ok,debt,0,30735,0,0,801
SP-09513,deficit,none,0,0,0,0,0
SP-09514,ok,goals+,0,0,0,63600,86195
SP-09515,ok,reserve,5364,0,0,0,0
SP-09516,ok,reserve,39965,0,16168,0,0
SP-09517,deficit,none,0,0,0,0,0
SP-09518,ok,goals+,0,0,0,34803,38503
SP-09519,ok,goals+,0,0,20212,1410,980298
SP-09520,deficit,none,0,0,0,0,0
SP-09521,ok,goals+,276,414,460,0,0
SP-09522,ok,reserve,16133,0,0,0,0
SP-09523,ok,reserve,634,0,0,0,0
SP-09524,ok,reserve,4206,0,0,0,0
SP-09525,ok,reserve,8903,0,0,0,0
SP-09526,ok,reserve,12866,0,8577,0,0
SP-09527,ok,goals+,4826,7239,8043,0,63703
SP-09528,ok,reserve,19,0,12,0,0
SP-09529,ok,reserve,10292,0,0,0,0
SP-09530,ok,debt,4439,12592,1244,2713,0
SP-09531,ok,goals+,0,0,114835727,0,446047613
SP-09532,ok,debt,0,39582,0,0,143426
SP-09533,deficit,none,0,0,0,0,0
SP-09534,deficit,none,0,0,0,0,0
SP-09535,ok,goals+,1,0,21551,0,332432
SP-09536,ok,reserve,18200,0,0,0,0
SP-09537,ok,goals+,0,0,3970,83445,33191
SP-09538,deficit,none,0,0,0,0,0
SP-09539,deficit,none,0,0,0,0,0
SP-09540,deficit,none,0,0,0,0,0
SP-09541,ok,reserve,14025,0,9350,0,0
SP-09542,deficit,none,0,0,0,0,0
SP-09543,deficit,none,0,0,0,0,0
SP-09544,ok,goals+,0,0,28318,27504,206435
SP-09545,ok,reserve,14561,0,0,0,0
SP-09546,deficit,none,0,0,0,0,0
SP-09547,ok,reserve,6012,0,0,0,0
SP-09548,ok,reserve,26195,0,11148,0,0
SP-09549,ok,reserve,14923,0,0,0,0
SP-09550,ok,debt,17390,26084,0,0,21212
SP-09551,ok,reserve,9240,0,0,0,0
SP-09552,ok,reserve,6993,0,0,0,0
SP-09553,ok,reserve,18569,0,0,0,0
SP-09554,ok,reserve,18523,0,0,0,0
SP-09555,ok,goals+,1,0,13926,0,821239
SP-09556,ok,reserve,47224,0,0,0,0
SP-09557,ok,reserve,57842,0,0,0,0
SP-09558,ok,debt,0,62135,0,0,7551
SP-09559,ok,goals+,0,0,54038,0,20525
SP-09560,ok,reserve,3105,0,2069,0,0
SP-09561,ok,reserve,3020,0,0,0,0
SP-09562,ok,reserve,8323,0,0,0,0
SP-09563,ok,reserve,421,0,0,0,0
SP-09564,deficit,none,0,0,0,0,0
SP-09565,ok,reserve,6783,0,0,0,0
SP-09566,ok,reserve,73524,0,0,0,0
SP-09567,ok,goals+,4178,6266,6962,0,0
SP-09568,deficit,none,0,0,0,0,0
SP-09569,ok,debt,0,16673,0,0,61692
SP-09570,ok,reserve,50,0,33,0,0
SP-09571,ok,debt,0,33399,0,0,64855
SP-09572,ok,goals+,0,0,13611,0,20190
SP-09573,ok,reserve,117631284,0,0,0,0
SP-09574,deficit,none,0,0,0,0,0
SP-09575,ok,reserve,20000,0,0,0,0
SP-09576,deficit,none,0,0,0,0,0
SP-09577,ok,goals+,14302,0,15800,0,0
SP-09578,ok,reserve,49645,0,0,0,0
SP-09579,ok,goals+,0,0,0,28275,0
SP-09580,ok,reserve,16188,0,0,0,0
SP-09581,ok,reserve,88570,0,9170,0,0
SP-09582,deficit,none,0,0,0,0,0
SP-09583,ok,reserve,23869,0,0,0,0
SP-09584,ok,reserve,10777,0,0,0,0
SP-09585,deficit,none,0,0,0,0,351643
SP-09586,ok,reserve,7915,0,0,0,0
SP-09587,ok,reserve,5328,0,3552,0,0
SP-09588,deficit,none,0,0,0,0,0
SP-09589,ok,debt,0,12856,0,0,22569
SP-09590,ok,reserve,38735,0,0,0,0
SP-09591,ok,reserve,10687,0,0,0,0
SP-09592,ok,debt,0,2472,0,0,15403
SP-09593,ok,reserve,47066,0,12080,0,0
SP-09594,ok,reserve,4465,0,0,0,0
SP-09595,ok,reserve,3680,0,2452,0,0
SP-09596,ok,reserve,8844,0,0,0,0
SP-09597,ok,goals+,1,0,0,9656,472835
SP-09598,ok,goals+,0,0,0,6995,371375
SP-09599,ok,goals+,0,0,0,18411,81573
SP-09600,ok,reserve,15196,0,0,0,0
SP-09601,ok,debt,0,30262,0,0,67342
SP-09602,ok,reserve,21025,0,0,0,0
SP-09603,ok,reserve,6353,3224,0,0,0
SP-09604,ok,reserve,13619,0,0,0,0
SP-09605,ok,reserve,17673,0,0,0,0
SP-09606,ok,reserve,561,0,0,0,0
SP-09607,ok,debt,0,9411,0,0,138937
SP-09608,ok,reserve,12914,0,2003,0,0
SP-09609,ok,reserve,18981,0,7253,0,0
SP-09610,ok,reserve,3694,0,0,0,0
SP-09611,ok,debt,0,5095,0,0,6592
SP-09612,ok,reserve,47,0,21,0,0
SP-09613,ok,reserve,6893,3866,4295,0,0
SP-09614,ok,reserve,19134,0,0,0,0
SP-09615,ok,reserve,796933532,0,142779886,0,0
SP-09616,ok,reserve,26327,0,12662,0,0
SP-09617,ok,reserve,3867,0,2577,0,0
SP-09618,deficit,none,0,0,0,0,0
SP-09619,ok,reserve,19863,0,0,0,0
SP-09620,ok,reserve,2988,0,0,0,0
SP-09621,ok,goals+,12372,18557,20618,0,0
SP-09622,ok,reserve,12189,0,4689,0,0
SP-09623,ok,goals+,3030,4545,5049,0,0
SP-09624,deficit,none,0,0,0,0,0
SP-09625,ok,reserve,6086,0,0,0,0
SP-09626,ok,goals+,0,0,21885,16213,119508
SP-09627,deficit,none,0,0,0,0,0
SP-09628,ok,reserve,12612,0,0,0,0
SP-09629,ok,debt,0,12931,0,0,31171
SP-09630,deficit,none,0,0,0,0,0
SP-09631,ok,reserve,4245,0,0,0,271930
SP-09632,ok,debt,0,27171,0,0,63039
SP-09633,deficit,none,0,0,0,0,0
SP-09634,ok,reserve,14518,0,0,0,0
SP-09635,ok,reserve,30071,0,0,0,0
SP-09636,deficit,none,0,0,0,0,0
SP-09637,ok,reserve,5427,0,3617,0,0
SP-09638,ok,reserve,1308,0,0,0,0
SP-09639,ok,goals+,0,0,0,20008,526558
SP-09640,ok,debt,0,58,0,0,16566
SP-09641,ok,goals+,395,591,656,0,0
SP-09642,ok,reserve,2163,0,0,0,0
SP-09643,ok,reserve,1311,0,873,0,0
SP-09644,ok,reserve,466,0,0,0,0
SP-09645,ok,reserve,6799,0,0,0,0
SP-09646,ok,reserve,17932,0,0,0,0
SP-09647,ok,goals+,0,0,19673,0,10392
SP-09648,deficit,none,0,0,0,0,0
SP-09649,ok,reserve,19264,0,7219,0,0
SP-09650,ok,reserve,38636,0,5719,0,0
SP-09651,ok,goals+,6366,0,20920,0,0
SP-09652,ok,reserve,19730,0,0,0,0
SP-09653,ok,reserve,16270,0,4511,0,0
SP-09654,ok,reserve,245,0,17,0,0
SP-09655,ok,reserve,13764,0,9175,0,0
SP-09656,ok,reserve,2402,0,0,0,0
SP-09657,ok,reserve,568137713,0,0,0,0
SP-09658,deficit,none,0,0,0,0,0
SP-09659,deficit,none,0,0,0,0,0
SP-09660,deficit,none,0,0,0,0,0
SP-09661,ok,reserve,10652,0,7100,0,0
SP-09662,ok,reserve,13272,0,0,0,0
SP-09663,ok,goals+,0,0,7132,121977,74975
SP-09664,ok,reserve,11601,0,0,0,0
SP-09665,ok,reserve,3586,0,2390,0,0
SP-09666,deficit,none,0,0,0,0,0
SP-09667,ok,debt,0,32193,0,0,191
SP-09668,ok,goals+,0,0,4337,42171,66774
SP-09669,ok,debt,8528,12790,0,0,0
SP-09670,deficit,none,0,0,0,0,0
SP-09671,ok,reserve,1247,0,830,0,0
SP-09672,ok,reserve,16719,0,11146,0,0
SP-09673,ok,reserve,26364,0,0,0,0
SP-09674,ok,reserve,5082,0,0,0,0
SP-09675,ok,reserve,13245,0,0,0,0
SP-09676,ok,debt,4512,6768,1972,0,0
SP-09677,ok,reserve,22725,14622,16246,0,0
SP-09678,ok,reserve,16598,0,0,0,0
SP-09679,ok,reserve,10959,0,7306,0,0
SP-09680,ok,debt,0,49700,0,0,56532
SP-09681,ok,goals+,0,0,0,29398,3085766
SP-09682,ok,goals+,2730,4094,4548,0,0
SP-09683,deficit,none,0,0,0,0,0
SP-09684,ok,reserve,2957,0,1970,0,0
SP-09685,ok,debt,0,18137,0,0,9714
SP-09686,ok,goals+,0,0,6928,704,59236
SP-09687,ok,reserve,5255,0,0,0,0
SP-09688,ok,reserve,4970,0,0,0,0
SP-09689,deficit,none,0,0,0,0,0
SP-09690,deficit,none,0,0,0,0,0
SP-09691,ok,reserve,18761,0,12506,0,0
SP-09692,ok,goals+,0,0,21945,0,32536
SP-09693,ok,reserve,4942,1533,1703,0,0
SP-09694,ok,reserve,6921,0,3076,0,0
SP-09695,ok,reserve,20794,0,0,0,0
SP-09696,deficit,none,0,0,0,0,0
SP-09697,ok,reserve,12620,0,8413,0,0
SP-09698,deficit,none,0,0,0,0,0
SP-09699,ok,reserve,733505377,0,0,0,0
SP-09700,ok,reserve,12582,0,0,0,0
SP-09701,ok,goals+,0,0,8235,1552,192806
SP-09702,deficit,none,0,0,0,0,0
SP-09703,ok,debt,0,25530,0,0,542759
SP-09704,ok,debt,0,12572,0,0,63330
SP-09705,ok,debt,0,28453,0,0,68877
SP-09706,ok,debt,3178,6241,0,0,0
SP-09707,ok,reserve,21105,0,0,0,0
SP-09708,deficit,none,0,0,0,0,0
SP-09709,ok,reserve,4566,0,0,0,0
SP-09710,ok,reserve,7253,0,4834,0,0
SP-09711,deficit,none,0,0,0,0,0
SP-09712,ok,reserve,6680,0,4452,0,0
SP-09713,deficit,none,0,0,0,0,0
SP-09714,ok,reserve,22653,0,0,0,0
SP-09715,ok,reserve,11560,0,2418,0,0
SP-09716,deficit,none,0,0,0,0,0
SP-09717,ok,reserve,1990,0,0,0,0
SP-09718,ok,goals+,4138,6206,6895,0,0
SP-09719,ok,goals+,3705,0,0,48591,0
SP-09720,ok,reserve,16219,0,0,0,0
SP-09721,ok,reserve,41486,0,0,0,0
SP-09722,ok,reserve,9064,0,0,0,0
SP-09723,ok,goals+,1,0,0,6840,669710
SP-09724,ok,reserve,17842,0,7340,0,0
SP-09725,ok,goals+,5784,0,0,40886,0
SP-09726,ok,reserve,26508,0,9932,0,0
SP-09727,ok,goals+,82,121,134,0,0
SP-09728,ok,goals+,0,0,1815,0,11764
SP-09729,ok,debt,0,751,0,0,47668
SP-09730,ok,goals+,0,0,0,48408,144437
SP-09731,ok,reserve,35320,0,0,0,0
SP-09732,ok,reserve,426,0,283,0,0
SP-09733,ok,goals+,5624,8435,9372,0,0
SP-09734,ok,reserve,1194,0,0,0,0
SP-09735,ok,reserve,17543,0,0,0,0
SP-09736,ok,debt,0,24426,0,0,10171
SP-09737,ok,reserve,20252,0,0,0,0
SP-09738,ok,reserve,84,0,56,0,0
SP-09739,ok,goals+,12236,0,10169,20890,0
SP-09740,ok,debt,0,2956,0,0,289529
SP-09741,ok,reserve,280545848,0,0,0,0
SP-09742,ok,goals+,0,0,10365,2493,0
SP-09743,ok,reserve,642,0,0,0,0
SP-09744,deficit,none,0,0,0,0,0
SP-09745,ok,reserve,687,0,457,0,0
SP-09746,ok,reserve,3230,0,0,0,0
SP-09747,ok,debt,0,58229,0,0,8304
SP-09748,ok,reserve,5230,0,275,0,0
SP-09749,ok,goals+,0,0,9405,16919,307494
SP-09750,deficit,none,0,0,0,0,0
SP-09751,ok,reserve,4665,0,3109,0,0
SP-09752,ok,reserve,8933,0,5955,0,0
SP-09753,deficit,none,0,0,0,0,0
SP-09754,ok,reserve,6128,0,0,0,0
SP-09755,ok,reserve,6432,0,0,0,0
SP-09756,ok,reserve,47922,0,25277,0,0
SP-09757,ok,debt,0,4442,0,0,46357
SP-09758,ok,debt,28147,30401,0,0,0
SP-09759,ok,debt,711,1065,0,0,0
SP-09760,ok,reserve,27671,0,0,0,0
SP-09761,ok,reserve,199,0,0,0,0
SP-09762,ok,reserve,6592,5193,0,0,0
SP-09763,deficit,none,0,0,0,0,0
SP-09764,ok,reserve,10243,0,0,0,0
SP-09765,ok,goals+,0,0,0,26534,4388105
SP-09766,deficit,none,0,0,0,0,0
SP-09767,ok,reserve,16530,0,0,0,0
SP-09768,ok,reserve,2276,0,1516,0,0
SP-09769,ok,reserve,4379,0,2918,0,0
SP-09770,deficit,none,0,0,0,0,228718
SP-09771,ok,reserve,39437,0,0,0,0
SP-09772,ok,reserve,5830,0,0,0,0
SP-09773,ok,reserve,7022,0,0,0,0
SP-09774,deficit,none,0,0,0,0,0
SP-09775,deficit,none,0,0,0,0,0
SP-09776,ok,reserve,26504,0,1048,0,0
SP-09777,ok,reserve,26381,0,0,0,0
SP-09778,ok,reserve,22205,0,2776,0,0
SP-09779,ok,debt,13442,20161,0,0,0
SP-09780,ok,goals+,0,0,13,0,0
SP-09781,ok,reserve,11203,0,1999,0,0
SP-09782,ok,reserve,13337,0,8890,0,0
SP-09783,ok,reserve,107452542,0,0,0,0
SP-09784,ok,reserve,35515,0,4751,0,0
SP-09785,ok,reserve,6812,0,0,0,0
SP-09786,deficit,none,0,0,0,0,0
SP-09787,ok,goals+,0,0,30539,13084,33097
SP-09788,ok,reserve,9145,0,0,0,0
SP-09789,ok,debt,0,96203,0,0,42197
SP-09790,ok,reserve,16243,0,6036,0,0
SP-09791,ok,reserve,19334,0,0,0,0
SP-09792,deficit,none,0,0,0,0,0
SP-09793,deficit,none,0,0,0,0,0
SP-09794,ok,reserve,8349,4881,0,0,0
SP-09795,deficit,none,0,0,0,0,0
SP-09796,ok,reserve,18499,0,0,0,0
SP-09797,ok,reserve,40458,0,0,0,0
SP-09798,ok,reserve,11554,0,5300,0,0
SP-09799,ok,reserve,32954,2736,0,0,0
SP-09800,ok,reserve,8147,0,5430,0,0
SP-09801,ok,reserve,38076,0,0,0,0
SP-09802,ok,reserve,13076,0,0,0,0
SP-09803,ok,reserve,17132,0,0,0,0
SP-09804,ok,reserve,20251,0,0,0,0
SP-09805,ok,goals+,0,0,3899,10545,159087
SP-09806,ok,goals+,4038,5313,5903,0,0
SP-09807,ok,goals+,0,0,3646,25316,994354
SP-09808,ok,reserve,26629,0,601,0,0
SP-09809,ok,reserve,24102,0,6016,0,0
SP-09810,ok,reserve,49847,0,0,0,0
SP-09811,ok,reserve,28489,0,0,0,0
SP-09812,deficit,none,0,0,0,0,0
SP-09813,ok,reserve,918,0,611,0,0
SP-09814,ok,reserve,23187,0,11296,0,0
SP-09815,ok,reserve,15108,0,4898,0,0
SP-09816,ok,reserve,6574,0,0,0,0
SP-09817,ok,debt,0,16908,0,0,35288
SP-09818,ok,goals+,5222,7831,8702,0,0
SP-09819,deficit,none,0,0,0,0,0
SP-09820,ok,debt,0,24553,0,0,94755
SP-09821,ok,goals+,4581,6870,7634,0,0
SP-09822,ok,goals+,0,0,20,0,0
SP-09823,ok,goals+,0,0,7363,0,175176
SP-09824,ok,reserve,10796,0,0,0,0
SP-09825,ok,debt,0,68176692,0,0,975475532
SP-09826,ok,reserve,7202,0,0,0,0
SP-09827,ok,reserve,11938,0,0,0,0
SP-09828,deficit,none,0,0,0,0,0
SP-09829,ok,reserve,19443,15833,0,0,0
SP-09830,ok,reserve,22021,0,1828,0,0
SP-09831,ok,debt,0,51153,0,0,224769
SP-09832,ok,reserve,29100,0,0,0,0
SP-09833,ok,reserve,752,0,0,0,0
SP-09834,deficit,none,0,0,0,0,0
SP-09835,ok,reserve,6314,0,0,0,0
SP-09836,ok,reserve,7109,0,0,0,0
SP-09837,deficit,none,0,0,0,0,0
SP-09838,ok,reserve,8426,0,5617,0,0
SP-09839,deficit,none,0,0,0,0,0
SP-09840,deficit,none,0,0,0,0,0
SP-09841,ok,reserve,20142,0,13428,0,0
SP-09842,ok,debt,1334,4484,0,0,0
SP-09843,ok,reserve,3946,0,0,0,0
SP-09844,ok,reserve,6357,0,0,0,0
SP-09845,deficit,none,0,0,0,0,0
SP-09846,ok,debt,0,1508,0,0,29219
SP-09847,ok,reserve,13618,0,0,0,0
SP-09848,ok,goals+,0,0,1175,655,123938
SP-09849,ok,goals+,0,0,0,10224,495206
SP-09850,ok,debt,0,3878,0,0,223274
SP-09851,ok,reserve,25167,0,3044,0,0
SP-09852,ok,reserve,26134,8268,0,0,0
SP-09853,deficit,none,0,0,0,0,0
SP-09854,ok,reserve,7349,0,0,0,0
SP-09855,ok,reserve,18425,0,0,0,0
SP-09856,ok,reserve,1726,0,0,0,0
SP-09857,ok,reserve,6736,0,0,0,0
SP-09858,ok,reserve,25320,0,0,0,0
SP-09859,ok,reserve,5194,880,978,0,0
SP-09860,ok,reserve,14810,0,0,0,0
SP-09861,ok,reserve,77240,0,2059,0,0
SP-09862,ok,reserve,42073,0,0,0,0
SP-09863,ok,reserve,19418,0,0,0,0
SP-09864,ok,reserve,41,0,27,0,0
SP-09865,ok,reserve,5837,0,3891,0,0
SP-09866,ok,reserve,6536,0,0,0,0
SP-09867,ok,reserve,262198905,0,0,0,0
SP-09868,ok,debt,0,19713,0,0,11962
SP-09869,ok,reserve,618,0,0,0,0
SP-09870,deficit,none,0,0,0,0,0
SP-09871,ok,reserve,4733,0,3155,0,0
SP-09872,ok,reserve,43936,0,0,0,0
SP-09873,ok,goals+,0,0,35819,16594,37428
SP-09874,ok,reserve,26339,0,4641,0,0
SP-09875,deficit,none,0,0,0,0,0
SP-09876,deficit,none,0,0,0,0,0
SP-09877,ok,reserve,5501,0,0,0,0
SP-09878,ok,reserve,1441,0,0,0,0
SP-09879,deficit,none,0,0,0,0,0
SP-09880,ok,reserve,12003,0,0,0,0
SP-09881,ok,reserve,31550,0,0,0,0
SP-09882,ok,reserve,1677,0,1118,0,0
SP-09883,ok,reserve,31656,0,0,0,0
SP-09884,ok,goals+,0,0,20138,0,64183
SP-09885,ok,reserve,17479,0,0,0,0
SP-09886,ok,reserve,10728,0,0,0,0
SP-09887,ok,debt,4058,6085,0,0,0
SP-09888,ok,reserve,27328,0,0,0,0
SP-09889,ok,reserve,24379,0,0,0,0
SP-09890,ok,debt,3667,33171,0,0,0
SP-09891,ok,goals+,1,0,0,13744,7582148
SP-09892,ok,reserve,63160,0,7525,0,0
SP-09893,ok,reserve,42955,0,0,0,0
SP-09894,ok,reserve,20328,0,13552,0,0
SP-09895,deficit,none,0,0,0,0,0
SP-09896,ok,reserve,10378,0,0,0,0
SP-09897,ok,reserve,2199,0,1466,0,0
SP-09898,ok,reserve,19172,0,1524,0,0
SP-09899,ok,goals+,0,0,3994,0,47497
SP-09900,deficit,none,0,0,0,0,0
SP-09901,ok,goals+,0,0,25733,0,39007
SP-09902,ok,reserve,10950,0,0,0,0
SP-09903,ok,goals+,1950,2925,3250,0,0
SP-09904,ok,debt,0,8448,0,0,56797
SP-09905,ok,reserve,23634,0,3804,0,0
SP-09906,ok,goals+,0,0,24,80,0
SP-09907,ok,debt,0,27823,0,0,5032
SP-09908,ok,reserve,8381,0,5586,0,0
SP-09909,deficit,none,0,0,0,0,0
SP-09910,ok,reserve,2257,0,0,0,0
SP-09911,ok,debt,6883,10323,0,0,0
SP-09912,deficit,none,0,0,0,0,0
SP-09913,ok,debt,0,3697,0,0,24881
SP-09914,ok,reserve,30733,0,8994,0,0
SP-09915,ok,debt,34489,136783,0,0,0
SP-09916,ok,reserve,55302,395,439,0,0
SP-09917,ok,debt,0,3331,0,0,42221
SP-09918,deficit,none,0,0,0,0,0
SP-09919,ok,goals+,2686,4028,4475,0,0
SP-09920,ok,reserve,23680,0,1140,0,0
SP-09921,deficit,none,0,0,0,0,0
SP-09922,ok,reserve,37145,0,0,0,0
SP-09923,ok,reserve,1265,0,0,0,0
SP-09924,deficit,none,0,0,0,0,0
SP-09925,ok,debt,0,2064,0,0,25963
SP-09926,ok,reserve,4260,0,2839,0,0
SP-09927,ok,reserve,51842,0,0,0,0
SP-09928,ok,reserve,24698,0,0,0,0
SP-09929,ok,debt,0,19493,0,0,61152
SP-09930,ok,reserve,40636,0,0,0,0
SP-09931,ok,debt,0,30901,0,0,70412
SP-09932,ok,reserve,35533,0,0,0,0
SP-09933,ok,goals+,0,0,0,85290,1732968
SP-09934,ok,reserve,25843,0,0,8598,0
SP-09935,ok,debt,0,16309,0,0,24049
SP-09936,ok,reserve,12546,0,0,0,0
SP-09937,ok,reserve,13835,0,4268,0,0
SP-09938,ok,goals+,1870,2805,3116,0,0
SP-09939,ok,reserve,10967,0,0,0,0
SP-09940,ok,goals+,0,0,0,28572,149121
SP-09941,ok,debt,0,3409,0,0,61910
SP-09942,ok,reserve,21982,0,9282,0,0
SP-09943,ok,debt,0,4367,0,0,15773
SP-09944,ok,reserve,20233,0,0,0,0
SP-09945,ok,reserve,5628,0,0,0,0
SP-09946,ok,reserve,16373,0,0,0,0
SP-09947,ok,reserve,7337,0,4890,0,0
SP-09948,ok,goals+,0,0,48,0,0
SP-09949,ok,debt,0,7056,0,0,88608
SP-09950,ok,reserve,20632,15122,0,0,0
SP-09951,ok,debt,0,227134645,0,0,813865209
SP-09952,ok,debt,12396,18592,0,0,0
SP-09953,ok,goals+,1396,2092,2325,0,0
SP-09954,deficit,none,0,0,0,0,0
SP-09955,ok,debt,0,5828,0,0,18280
SP-09956,deficit,none,0,0,0,0,0
SP-09957,ok,goals+,0,0,32473,54605,69553
SP-09958,ok,debt,242,15789,0,0,0
SP-09959,ok,debt,30822,46233,0,0,0
SP-09960,deficit,none,0,0,0,0,0
SP-09961,ok,reserve,15880,0,0,0,0
SP-09962,ok,reserve,4138,0,0,0,0
SP-09963,ok,reserve,12548,0,0,0,0
SP-09964,deficit,none,0,0,0,0,0
SP-09965,ok,debt,0,12965,0,0,173351
SP-09966,ok,reserve,39433,0,0,0,0
SP-09967,ok,debt,9465,14197,10178,0,0
SP-09968,ok,reserve,7809,0,0,0,0
SP-09969,ok,reserve,1700,0,0,0,0
SP-09970,ok,reserve,8298,0,0,0,0
SP-09971,ok,goals+,0,0,0,27751,111362
SP-09972,ok,reserve,20447,4985,0,0,0
SP-09973,ok,debt,0,12226,0,0,81331
SP-09974,ok,reserve,3618,0,0,0,0
SP-09975,ok,goals+,1,0,11187,8819,1127756
SP-09976,ok,reserve,71265,0,10594,0,0
SP-09977,ok,reserve,13906,0,5257,0,0
SP-09978,ok,reserve,13119,0,0,0,0
SP-09979,ok,reserve,8657,0,5770,0,0
SP-09980,ok,reserve,10735,0,0,0,0
SP-09981,ok,reserve,7590,2182,2424,0,0
SP-09982,ok,goals+,0,0,0,60559,166416
SP-09983,ok,goals+,7074,10611,11789,0,0
SP-09984,deficit,none,0,0,0,0,0
SP-09985,ok,goals+,0,0,6345,0,318858
SP-09986,ok,reserve,13209,0,8806,0,0
SP-09987,ok,goals+,0,0,8737,0,34111
SP-09988,deficit,none,0,0,0,0,0
SP-09989,ok,reserve,22395,0,0,0,0
SP-09990,ok,reserve,2,0,1,0,0
SP-09991,ok,reserve,8873,0,5914,0,0
SP-09992,ok,reserve,7391,0,0,0,0
SP-09993,ok,goals+,0,0,0,597695364,540893954
SP-09994,ok,reserve,27331,0,0,0,0
SP-09995,ok,reserve,343,0,228,0,0
SP-09996,deficit,none,0,0,0,0,0
SP-09997,ok,goals+,634,950,1056,0,0
SP-09998,ok,goals+,0,0,8813,0,128434
SP-09999,ok,reserve,20603,24,26,0,0
SP-10000,ok,goals+,0,0,13251,0,21491
SP-10001,ok,debt,0,8830,0,0,16320
SP-10002,deficit,none,0,0,0,0,0
SP-10003,ok,goals+,0,0,0,15192,59549
SP-10004,ok,reserve,2008,0,0,0,0
SP-10005,deficit,none,0,0,0,0,0
SP-10006,ok,reserve,12912,0,0,0,0
SP-10007,ok,debt,0,6498,0,0,47638
SP-10008,ok,reserve,3796,0,2530,0,0
SP-10009,ok,reserve,26999,0,3488,0,0
SP-10010,ok,reserve,22846,0,15230,0,0
SP-10011,ok,reserve,4856,0,0,0,0
SP-10012,ok,reserve,8520,0,0,0,0
SP-10013,ok,reserve,4074,0,0,0,0
SP-10014,ok,reserve,17399,0,0,0,0
SP-10015,ok,reserve,5597,0,0,0,0
SP-10016,ok,goals+,0,0,17624,38761,168313
SP-10017,ok,goals+,0,0,0,34050,1105995
SP-10018,ok,reserve,8601,0,5733,0,0
SP-10019,ok,reserve,16757,0,0,0,0
SP-10020,ok,reserve,1448,0,964,0,0
SP-10021,ok,reserve,7605,0,0,0,0
SP-10022,ok,reserve,1221,0,0,0,0
SP-10023,ok,goals+,3528,5292,5880,0,0
SP-10024,deficit,none,0,0,0,0,0
SP-10025,ok,reserve,17965,0,8242,0,0
SP-10026,deficit,none,0,0,0,0,0
SP-10027,ok,reserve,14893,0,0,0,0
SP-10028,deficit,none,0,0,0,0,0
SP-10029,ok,goals+,3527,5289,5877,0,0
SP-10030,ok,reserve,26967,0,10195,0,0
SP-10031,ok,goals+,0,0,25085,1831,0
SP-10032,ok,reserve,62,0,40,0,0
SP-10033,deficit,none,0,0,0,0,0
SP-10034,deficit,none,0,0,0,0,0
SP-10035,ok,reserve,495382041,0,0,0,0
SP-10036,ok,reserve,6609,0,4405,0,161670
SP-10037,ok,reserve,9884,0,0,0,0
SP-10038,deficit,none,0,0,0,0,0
SP-10039,ok,reserve,25187,0,0,0,0
SP-10040,ok,reserve,23034,0,0,0,0
SP-10041,ok,goals+,0,0,7981,108268,50715
SP-10042,ok,reserve,11402,0,7600,0,0
SP-10043,ok,debt,10469,15703,3902,0,0
SP-10044,deficit,none,0,0,0,0,0
SP-10045,ok,debt,0,15949,0,0,94400
SP-10046,deficit,none,0,0,0,0,0
SP-10047,deficit,none,0,0,0,0,0
SP-10048,ok,debt,1,9730,0,0,148164
SP-10049,ok,reserve,6660,0,0,0,0
SP-10050,ok,reserve,14721,0,9813,0,0
SP-10051,ok,reserve,11043,0,0,0,0
SP-10052,ok,reserve,1152,0,0,0,0
SP-10053,ok,debt,0,7935,0,0,96530
SP-10054,ok,reserve,21471,0,14313,0,0
SP-10055,deficit,none,0,0,0,0,0
SP-10056,ok,goals+,0,0,0,1976,174803
SP-10057,ok,goals+,1694,2539,2822,0,0
SP-10058,ok,reserve,20300,0,13533,0,0
SP-10059,ok,goals+,0,0,0,57639,2412931
SP-10060,ok,reserve,4336,0,0,0,0
SP-10061,ok,debt,0,2881,0,0,390596
SP-10062,deficit,none,0,0,0,0,0
SP-10063,ok,reserve,24822,0,0,0,0
SP-10064,ok,debt,4933,15149,0,0,0
SP-10065,ok,reserve,5861,0,3906,0,0
SP-10066,deficit,none,0,0,0,0,0
SP-10067,ok,debt,0,11700,0,0,9284
SP-10068,ok,reserve,4055,0,0,0,0
SP-10069,ok,reserve,28324,0,0,0,0
SP-10070,ok,reserve,12476,0,8317,0,0
SP-10071,ok,goals+,0,6859,12193,0,160215
SP-10072,ok,reserve,27545,0,0,0,0
SP-10073,ok,reserve,4792,0,3194,0,0
SP-10074,ok,goals+,0,0,17,1,0
SP-10075,ok,reserve,4725,0,3149,0,0
SP-10076,ok,reserve,15937,0,0,0,0
SP-10077,deficit,none,0,0,0,0,0
SP-10078,ok,reserve,20090,0,0,0,0
SP-10079,ok,reserve,10171,0,0,0,0
SP-10080,deficit,none,0,0,0,0,0
SP-10081,ok,debt,0,16129,0,0,73650
SP-10082,ok,reserve,24586,0,0,0,0
SP-10083,ok,goals+,1,0,21111,11906,47161
SP-10084,ok,reserve,42868,0,0,0,0
SP-10085,ok,goals+,0,0,0,33,47251
SP-10086,deficit,none,0,0,0,0,0
SP-10087,deficit,none,0,0,0,0,0
SP-10088,ok,reserve,38617,0,0,0,0
SP-10089,ok,reserve,5307,4751,0,0,0
SP-10090,ok,reserve,2059,0,0,0,0
SP-10091,ok,reserve,1240,0,0,0,0
SP-10092,ok,reserve,6135,0,0,0,0
SP-10093,ok,reserve,8884,0,0,0,0
SP-10094,ok,reserve,50583,0,16379,0,0
SP-10095,ok,reserve,1238,0,0,0,0
SP-10096,ok,goals+,0,0,2357,0,304274
SP-10097,ok,reserve,8859,0,0,0,0
SP-10098,ok,debt,0,35529,0,0,36659
SP-10099,ok,reserve,58572,0,0,0,0
SP-10100,ok,reserve,18779,0,12518,0,0
SP-10101,ok,goals+,1,0,0,16886,1274409
SP-10102,ok,reserve,54496,0,2749,0,0
SP-10103,ok,reserve,22029,0,0,0,0
SP-10104,deficit,none,0,0,0,0,0
SP-10105,ok,reserve,17647,0,11764,0,0
SP-10106,ok,debt,0,49971,0,0,14593
SP-10107,ok,debt,0,4700,0,0,80691
SP-10108,ok,reserve,4577,0,3050,0,0
SP-10109,ok,debt,0,31844,0,0,27669
SP-10110,ok,reserve,4791,0,0,0,0
SP-10111,deficit,none,0,0,0,0,0
SP-10112,ok,reserve,14608,0,0,0,0
SP-10113,ok,reserve,363,0,242,0,0
SP-10114,ok,reserve,34310,0,0,0,0
SP-10115,ok,debt,0,34113,0,0,34109
SP-10116,ok,reserve,196,0,34,0,0
SP-10117,ok,debt,0,5631,0,0,211154
SP-10118,ok,reserve,8537,0,0,0,0
SP-10119,ok,reserve,409387866,0,0,0,0
SP-10120,ok,debt,1,14628,0,0,160603
SP-10121,ok,debt,0,109113,0,0,44067
SP-10122,deficit,none,0,0,0,0,0
SP-10123,ok,debt,2239,16005,0,0,0
SP-10124,ok,reserve,14497,0,0,0,0
SP-10125,ok,goals+,0,0,0,37472,145419
SP-10126,ok,goals+,0,0,3335,0,0
SP-10127,ok,reserve,4376,0,0,0,0
SP-10128,deficit,none,0,0,0,0,0
SP-10129,ok,reserve,7701,0,0,0,0
SP-10130,ok,reserve,6585,0,0,0,0
SP-10131,deficit,none,0,0,0,0,0
SP-10132,ok,debt,1,10160,0,0,264941
SP-10133,ok,goals+,0,0,9923,0,75103
SP-10134,ok,reserve,8890,0,0,0,0
SP-10135,ok,reserve,28055,0,0,0,0
SP-10136,ok,reserve,15529,0,0,0,0
SP-10137,deficit,none,0,0,0,0,0
SP-10138,ok,reserve,23669,0,0,0,0
SP-10139,ok,reserve,43563,0,5084,0,0
SP-10140,deficit,none,0,0,0,0,0
SP-10141,ok,reserve,13742,0,8956,0,0
SP-10142,ok,reserve,30531,0,20353,0,0
SP-10143,ok,goals+,0,0,3787,482,2200549
SP-10144,ok,reserve,5274,0,0,0,0
SP-10145,ok,goals+,0,0,8804,0,117096
SP-10146,ok,reserve,12893,0,2866,0,0
SP-10147,ok,reserve,8824,0,5882,0,0
SP-10148,ok,reserve,21650,0,0,0,0
SP-10149,ok,reserve,11051,0,0,1015,0
SP-10150,ok,reserve,5948,0,3383,0,0
SP-10151,ok,reserve,16315,0,0,0,0
SP-10152,ok,reserve,4326,0,2883,0,0
SP-10153,ok,reserve,9382,0,6254,0,0
SP-10154,deficit,none,0,0,0,0,0
SP-10155,ok,debt,0,11122,0,0,18269
SP-10156,ok,reserve,33701,0,11609,13112,0
SP-10157,ok,debt,0,1037,0,0,101628
SP-10158,ok,goals+,0,0,2,0,0
SP-10159,deficit,none,0,0,0,0,0
SP-10160,ok,reserve,31684,0,0,0,0
SP-10161,ok,reserve,1043051852,0,695367901,0,0
SP-10162,ok,reserve,2717,0,0,0,0
SP-10163,ok,debt,0,5816,0,0,194903
SP-10164,deficit,none,0,0,0,0,0
SP-10165,deficit,none,0,0,0,0,0
SP-10166,ok,reserve,93506,0,3435,0,0
SP-10167,ok,goals+,0,0,0,117698,173192
SP-10168,ok,reserve,9923,0,0,0,0
SP-10169,ok,reserve,2454,0,1635,0,0
SP-10170,deficit,none,0,0,0,0,0
SP-10171,ok,goals+,0,0,14389,0,175297
SP-10172,ok,reserve,6779,0,0,0,0
SP-10173,deficit,none,0,0,0,0,0
SP-10174,ok,reserve,19409,0,12939,0,0
SP-10175,ok,reserve,16722,0,0,0,0
SP-10176,ok,reserve,23278,0,8801,0,0
SP-10177,ok,goals+,1,0,14986,0,429939
SP-10178,ok,reserve,15010,0,10006,0,0
SP-10179,ok,reserve,7874,0,0,0,0
SP-10180,ok,reserve,492,0,0,0,0
SP-10181,deficit,none,0,0,0,0,0
SP-10182,ok,goals+,0,0,0,30671,234363
SP-10183,ok,reserve,462,0,0,0,0
SP-10184,ok,reserve,13736,0,9156,0,412500
SP-10185,ok,goals+,0,0,0,10156,456067
SP-10186,ok,reserve,4428,0,0,0,0
SP-10187,ok,reserve,17756,0,0,0,0
SP-10188,ok,reserve,6352,0,4234,0,0
SP-10189,deficit,none,0,0,0,0,0
SP-10190,ok,reserve,10227,0,6817,0,0
SP-10191,ok,reserve,5764,0,3842,0,0
SP-10192,ok,reserve,49930,0,0,0,0
SP-10193,deficit,none,0,0,0,0,0
SP-10194,deficit,none,0,0,0,0,0
SP-10195,ok,goals+,983,1473,1637,0,0
SP-10196,ok,reserve,13684,10116,0,0,0
SP-10197,ok,reserve,6251,0,4167,0,0
SP-10198,ok,debt,0,10927,0,0,61497
SP-10199,ok,reserve,9366,0,0,0,0
SP-10200,ok,reserve,36,0,24,0,0
SP-10201,ok,reserve,3511,0,0,0,0
SP-10202,ok,reserve,5752,0,3834,0,0
SP-10203,ok,goals+,0,0,0,521968484,6178543516
SP-10204,ok,reserve,27269,0,746,0,0
SP-10205,ok,reserve,38938,0,0,0,0
SP-10206,deficit,none,0,0,0,0,0
SP-10207,ok,goals+,0,0,0,11444,44938
SP-10208,ok,goals+,1,0,0,18253,1549234
SP-10209,ok,debt,0,52987,0,0,39614
SP-10210,ok,reserve,14412,0,0,0,0
SP-10211,deficit,none,0,0,0,0,0
SP-10212,deficit,none,0,0,0,0,0
SP-10213,deficit,none,0,0,0,0,0
SP-10214,ok,debt,57,84,0,0,0
SP-10215,deficit,none,0,0,0,0,0
SP-10216,ok,reserve,7950,0,5299,0,0
SP-10217,ok,reserve,65119,0,0,0,0
SP-10218,deficit,none,0,0,0,0,0
SP-10219,ok,reserve,12955,0,8636,0,0
SP-10220,deficit,none,0,0,0,0,0
SP-10221,ok,reserve,2693,0,0,0,0
SP-10222,ok,reserve,806,0,0,0,0
SP-10223,ok,goals+,2676,4014,4460,0,0
SP-10224,ok,debt,7344,11014,0,0,0
SP-10225,ok,reserve,17450,0,0,0,0
SP-10226,ok,reserve,17582,0,8715,0,0
SP-10227,ok,goals+,1,0,0,31286,1435518
SP-10228,deficit,none,0,0,0,0,0
SP-10229,ok,reserve,8727,0,0,0,0
SP-10230,deficit,none,0,0,0,0,0
SP-10231,deficit,none,0,0,0,0,0
SP-10232,ok,goals+,0,0,6724,0,145680
SP-10233,ok,reserve,452,0,0,0,0
SP-10234,ok,reserve,201,0,133,0,0
SP-10235,ok,reserve,1319,0,0,0,0
SP-10236,ok,reserve,19704,0,0,0,0
SP-10237,ok,reserve,2828,0,0,0,0
SP-10238,ok,reserve,19253,0,12834,0,0
SP-10239,ok,goals+,0,0,32271,0,51372
SP-10240,ok,reserve,20363,0,0,0,0
SP-10241,ok,goals+,0,0,9945,0,65572
SP-10242,ok,reserve,25,0,16,0,0
SP-10243,ok,debt,0,27984,0,0,71764
SP-10244,ok,reserve,27671,0,18117,0,0
SP-10245,ok,reserve,1026842902,0,0,0,0
SP-10246,ok,reserve,3613,0,0,0,0
SP-10247,ok,reserve,31489,0,0,0,0
SP-10248,deficit,none,0,0,0,0,0
SP-10249,ok,debt,0,37388,0,0,48755
SP-10250,ok,reserve,28301,0,5760,0,0
SP-10251,ok,debt,7964,45811,0,0,0
SP-10252,ok,debt,0,20120,0,0,128324
SP-10253,ok,reserve,12315,0,0,0,0
SP-10254,deficit,none,0,0,0,0,0
SP-10255,ok,reserve,31704,0,0,0,0
SP-10256,ok,debt,8137,12205,4741,0,0
SP-10257,deficit,none,0,0,0,0,143832
SP-10258,ok,debt,3597,3643,0,0,0
SP-10259,ok,reserve,49617,0,4700,0,0
SP-10260,ok,goals+,0,0,25255,0,42338
SP-10261,ok,debt,0,22095,0,0,177362
SP-10262,ok,reserve,33566,0,11512,0,0
SP-10263,ok,reserve,11310,0,0,0,0
SP-10264,ok,reserve,24092,0,0,0,0
SP-10265,ok,reserve,2366,0,1577,0,843870
SP-10266,ok,debt,333,498,0,0,0
SP-10267,deficit,none,0,0,0,0,0
SP-10268,ok,reserve,17751,0,5852,0,0
SP-10269,ok,goals+,0,0,0,23195,4940643
SP-10270,ok,reserve,62890,0,0,0,0
SP-10271,ok,debt,0,4578,0,0,110824
SP-10272,ok,reserve,29428,0,19618,0,0
SP-10273,ok,reserve,13754,0,9168,0,0
SP-10274,ok,debt,0,3425,0,0,1168329
SP-10275,ok,reserve,8092,0,0,0,0
SP-10276,ok,debt,826,10587,0,0,0
SP-10277,ok,reserve,5301,0,3534,0,0
SP-10278,deficit,none,0,0,0,0,0
SP-10279,ok,reserve,47821,0,15053,0,0
SP-10280,ok,goals+,0,0,4491,16878,248563
SP-10281,ok,reserve,13978,0,9318,0,0
SP-10282,ok,reserve,1305,0,869,0,0
SP-10283,ok,goals+,0,0,1397,0,0
SP-10284,ok,reserve,36,0,0,0,0
SP-10285,ok,reserve,9040,0,0,0,0
SP-10286,ok,reserve,19947,0,0,0,0
SP-10287,ok,debt,0,25618675,0,0,396502078
SP-10288,ok,reserve,7937,0,0,0,0
SP-10289,ok,reserve,10160,0,6773,0,0
SP-10290,deficit,none,0,0,0,0,0
SP-10291,ok,goals+,0,0,0,6099,249663
SP-10292,ok,reserve,42003,0,0,0,0
SP-10293,ok,debt,0,42716,0,0,67162
SP-10294,deficit,none,0,0,0,0,0
SP-10295,ok,debt,0,45161,0,0,289324
SP-10296,deficit,none,0,0,0,0,0
SP-10297,ok,reserve,23070,16055,0,0,0
SP-10298,ok,reserve,26170,0,2523,0,0
SP-10299,deficit,none,0,0,0,0,0
SP-10300,ok,debt,1,9781,0,0,95259
SP-10301,ok,debt,0,3531,0,0,16651
SP-10302,ok,reserve,9205,0,6136,0,0
SP-10303,deficit,none,0,0,0,0,0
SP-10304,ok,debt,0,10166,0,0,22987
SP-10305,ok,debt,0,14419,0,0,242
SP-10306,ok,debt,0,3610,0,0,27824
SP-10307,ok,reserve,9271,0,6180,0,0
SP-10308,ok,debt,7951,11926,0,0,0
SP-10309,ok,reserve,50716,0,22026,0,0
SP-10310,ok,debt,3100,4648,0,0,98136
SP-10311,ok,goals+,1,0,22280,31376,1105195
SP-10312,ok,goals+,0,0,1826,0,90066
SP-10313,ok,reserve,8528,0,0,0,0
SP-10314,ok,reserve,2238,0,1492,0,0
SP-10315,ok,goals+,6626,9939,11042,0,0
SP-10316,ok,reserve,7461,0,0,0,0
SP-10317,ok,debt,0,2365,0,0,212168
SP-10318,ok,reserve,4876,0,1918,0,187044
SP-10319,ok,reserve,15332,0,0,0,0
SP-10320,ok,reserve,13187,0,0,0,0
SP-10321,ok,reserve,9018,0,0,0,0
SP-10322,ok,debt,0,17669,0,0,609
SP-10323,deficit,none,0,0,0,0,322832
SP-10324,ok,goals+,8969,0,0,27713,0
SP-10325,ok,reserve,21210,0,0,0,0
SP-10326,ok,reserve,60,0,40,0,0
SP-10327,ok,reserve,17746,0,11830,0,0
SP-10328,ok,reserve,8651,0,5767,0,0
SP-10329,ok,debt,0,96243762,0,0,534784434
SP-10330,deficit,none,0,0,0,0,0
SP-10331,ok,reserve,6855,0,0,0,0
SP-10332,deficit,none,0,0,0,0,0
SP-10333,deficit,none,0,0,0,0,0
SP-10334,deficit,none,0,0,0,0,165096
SP-10335,ok,goals+,0,0,221,71195,176574
SP-10336,ok,reserve,4970,0,0,0,0
SP-10337,ok,reserve,28766,0,19177,0,0
SP-10338,deficit,none,0,0,0,0,0
SP-10339,ok,debt,0,8637,0,0,209795
SP-10340,ok,reserve,5305,0,0,0,0
SP-10341,deficit,none,0,0,0,0,0
SP-10342,deficit,none,0,0,0,0,0
SP-10343,ok,reserve,5469,0,0,0,0
SP-10344,ok,goals+,0,0,37265,45686,116147
SP-10345,deficit,none,0,0,0,0,0
SP-10346,deficit,none,0,0,0,0,0
SP-10347,ok,reserve,4932,0,0,0,0
SP-10348,ok,reserve,18711,0,0,0,0
SP-10349,ok,reserve,6183,0,4122,0,0
SP-10350,ok,debt,9573,14358,0,0,0
SP-10351,ok,debt,0,12253,0,0,99311
SP-10352,ok,debt,1581,2371,0,0,0
SP-10353,ok,goals+,0,0,0,34143,2039957
SP-10354,ok,reserve,18007,0,0,0,0
SP-10355,ok,reserve,4142,0,2760,0,0
SP-10356,deficit,none,0,0,0,0,0
SP-10357,ok,goals+,17355,26032,28924,0,340384
SP-10358,deficit,none,0,0,0,0,0
SP-10359,ok,goals+,315,471,523,0,0
SP-10360,ok,debt,0,10180,0,0,67789
SP-10361,ok,goals+,0,0,295,51990,147266
SP-10362,deficit,none,0,0,0,0,0
SP-10363,ok,goals+,1354,2030,2255,0,0
SP-10364,ok,reserve,961,0,0,0,0
SP-10365,ok,goals+,11706,17559,19510,0,82723
SP-10366,deficit,none,0,0,0,0,0
SP-10367,ok,reserve,16908,0,0,0,0
SP-10368,deficit,none,0,0,0,0,0
SP-10369,ok,reserve,4500,0,0,0,0
SP-10370,ok,reserve,2040,0,0,0,0
SP-10371,ok,reserve,165293019,0,110195346,0,0
SP-10372,ok,debt,0,3348,0,0,29931
SP-10373,ok,reserve,24665,0,0,0,0
SP-10374,deficit,none,0,0,0,0,0
SP-10375,ok,debt,8066,12097,0,0,0
SP-10376,ok,reserve,5036,0,0,0,0
SP-10377,ok,goals+,0,11849,21066,0,79683
SP-10378,ok,debt,7223,10833,0,0,0
SP-10379,ok,goals+,0,0,13920,0,58215
SP-10380,deficit,none,0,0,0,0,0
SP-10381,ok,reserve,56281,0,0,0,0
SP-10382,ok,reserve,12484,0,0,0,0
SP-10383,deficit,none,0,0,0,0,0
SP-10384,ok,goals+,0,0,21841,831,34742
SP-10385,ok,reserve,1419,0,945,0,0
SP-10386,ok,reserve,34000,0,22048,0,0
SP-10387,ok,reserve,12927,0,0,0,0
SP-10388,ok,reserve,19411,0,0,0,0
SP-10389,ok,reserve,23655,0,0,0,0
SP-10390,ok,goals+,0,0,0,7452,568027
SP-10391,ok,goals+,982,1472,1635,0,0
SP-10392,ok,debt,0,24106,0,0,51402
SP-10393,ok,goals+,12386,0,15070,0,0
SP-10394,ok,reserve,46656,0,0,5331,0
SP-10395,ok,goals+,0,0,0,2461,2922771
SP-10396,ok,reserve,10462,0,0,0,0
SP-10397,ok,goals+,0,0,8235,15495,36682
SP-10398,deficit,none,0,0,0,0,0
SP-10399,ok,reserve,48768,0,0,0,0
SP-10400,ok,reserve,13154,1496,0,0,0
SP-10401,ok,goals+,4713,7069,7854,0,0
SP-10402,ok,debt,56,5498,0,0,0
SP-10403,ok,debt,0,10443,0,0,136265
SP-10404,ok,reserve,10767,0,7177,0,0
SP-10405,ok,reserve,9330,0,6117,0,0
SP-10406,ok,reserve,9927,0,6618,0,0
SP-10407,deficit,none,0,0,0,0,0
SP-10408,ok,goals+,1590,2385,2649,0,0
SP-10409,deficit,none,0,0,0,0,0
SP-10410,ok,goals+,0,0,29,30,0
SP-10411,ok,debt,0,12100,0,0,25245
SP-10412,ok,reserve,2635,0,0,0,0
SP-10413,ok,goals+,91910680,137866019,153184465,0,0
SP-10414,ok,reserve,26771,0,0,0,0
SP-10415,ok,goals+,0,0,1467,16355,126270
SP-10416,deficit,none,0,0,0,0,0
SP-10417,ok,goals+,0,0,19223,16421,0
SP-10418,ok,debt,0,5917,0,0,18141
SP-10419,ok,goals+,7088,10630,11811,0,0
SP-10420,ok,debt,12761,25896,0,0,0
SP-10421,ok,debt,0,26703,0,0,43153
SP-10422,deficit,none,0,0,0,0,0
SP-10423,deficit,none,0,0,0,0,0
SP-10424,ok,debt,2845,19164,4740,0,64852
SP-10425,ok,reserve,1137,0,0,0,0
SP-10426,ok,reserve,31239,0,20826,0,0
SP-10427,deficit,none,0,0,0,0,0
SP-10428,deficit,none,0,0,0,0,0
SP-10429,deficit,none,0,0,0,0,0
SP-10430,ok,reserve,15124,0,0,0,0
SP-10431,deficit,none,0,0,0,0,0
SP-10432,deficit,none,0,0,0,0,0
SP-10433,ok,reserve,1637,0,0,0,0
SP-10434,ok,goals+,9836,0,0,45876,0
SP-10435,ok,reserve,1812,0,1208,0,0
SP-10436,deficit,none,0,0,0,0,0
SP-10437,ok,goals+,0,0,0,47505,3816078
SP-10438,ok,reserve,41613,0,0,0,0
SP-10439,ok,reserve,4264,0,2842,0,0
SP-10440,ok,reserve,2251,0,0,0,0
SP-10441,deficit,none,0,0,0,0,0
SP-10442,ok,debt,0,4305,0,2870,109739
SP-10443,ok,debt,0,12692,0,0,100337
SP-10444,deficit,none,0,0,0,0,0
SP-10445,ok,debt,0,4096,0,0,33959
SP-10446,deficit,none,0,0,0,0,0
SP-10447,deficit,none,0,0,0,0,0
SP-10448,ok,reserve,3242,0,0,0,0
SP-10449,ok,reserve,33044,0,22029,0,0
SP-10450,ok,reserve,13336,0,4829,0,0
SP-10451,ok,reserve,12656,0,8437,0,0
SP-10452,deficit,none,0,0,0,0,0
SP-10453,ok,reserve,1443,0,0,0,0
SP-10454,ok,reserve,2575,0,0,0,0
SP-10455,ok,reserve,50773145,0,0,0,0
SP-10456,ok,reserve,10691,0,0,0,0
SP-10457,ok,reserve,9764,0,6508,0,0
SP-10458,deficit,none,0,0,0,0,0
SP-10459,deficit,none,0,0,0,0,0
SP-10460,ok,goals+,0,2542,4521,0,13542
SP-10461,ok,goals+,0,0,35546,15927,23772
SP-10462,ok,reserve,8130,0,0,0,0
SP-10463,ok,debt,0,20843,0,0,51692
SP-10464,deficit,none,0,0,0,0,0
SP-10465,ok,reserve,85,0,0,0,0
SP-10466,ok,reserve,47459,0,0,0,0
SP-10467,deficit,none,0,0,0,0,0
SP-10468,ok,reserve,1761,0,0,0,0
SP-10469,ok,debt,0,27493,0,0,229865
SP-10470,deficit,none,0,0,0,0,0
SP-10471,ok,debt,615,33030,0,0,0
SP-10472,deficit,none,0,0,0,0,0
SP-10473,ok,goals+,0,0,0,42270,27194
SP-10474,ok,reserve,14132,0,3516,0,0
SP-10475,ok,reserve,105,0,70,0,0
SP-10476,ok,reserve,10488,0,0,0,0
SP-10477,deficit,none,0,0,0,0,0
SP-10478,ok,reserve,3882,0,0,0,0
SP-10479,ok,goals+,0,0,24652,0,1098402
SP-10480,ok,reserve,5391,0,0,0,0
SP-10481,ok,reserve,2955,0,0,0,0
SP-10482,deficit,none,0,0,0,0,0
SP-10483,ok,reserve,50789,0,0,0,0
SP-10484,ok,reserve,18744,0,12495,0,0
SP-10485,ok,goals+,0,0,0,709,60481
SP-10486,ok,reserve,11985,0,7990,0,0
SP-10487,ok,reserve,1940,0,0,0,0
SP-10488,ok,reserve,49696,0,1753,0,0
SP-10489,deficit,none,0,0,0,0,0
SP-10490,ok,reserve,18345,0,0,0,0
SP-10491,ok,reserve,33364,0,0,0,0
SP-10492,ok,reserve,1226,0,816,0,0
SP-10493,ok,reserve,3151,0,0,0,0
SP-10494,ok,goals+,0,0,29,0,0
SP-10495,ok,goals+,3090,4634,5148,0,0
SP-10496,ok,reserve,3559,3031,3368,0,0
SP-10497,deficit,none,0,0,0,0,0
SP-10498,ok,reserve,26637,0,17758,0,0
SP-10499,ok,reserve,10634,0,0,0,0
SP-10500,deficit,none,0,0,0,0,0
SP-10501,ok,reserve,4237,0,0,0,0
SP-10502,ok,reserve,11636,0,7442,0,0
SP-10503,ok,reserve,28764,0,25991,0,425651
SP-10504,ok,reserve,25116,0,1548,0,0
SP-10505,ok,reserve,1732,0,0,0,0
SP-10506,deficit,none,0,0,0,0,0
SP-10507,deficit,none,0,0,0,0,0
SP-10508,deficit,none,0,0,0,0,0
SP-10509,deficit,none,0,0,0,0,54959
SP-10510,ok,reserve,16259,0,10838,0,0
SP-10511,ok,debt,1,18489,0,0,83236
SP-10512,ok,reserve,7680,0,0,0,0
SP-10513,ok,debt,0,10882,0,0,133043
SP-10514,ok,goals+,158,236,262,0,0
SP-10515,ok,reserve,43106,0,0,0,0
SP-10516,ok,reserve,20586,0,0,0,0
SP-10517,ok,reserve,14451,0,5084,0,0
SP-10518,ok,reserve,9896,0,0,0,0
SP-10519,ok,debt,0,8998,0,0,102741
SP-10520,ok,reserve,11911,0,7940,0,0
SP-10521,deficit,none,0,0,0,0,0
SP-10522,ok,reserve,28907,0,0,0,0
SP-10523,ok,reserve,14634,0,2660,0,0
SP-10524,ok,reserve,17261,0,11507,0,0
SP-10525,ok,debt,0,19681,0,0,92192
SP-10526,ok,debt,0,34940,0,0,217834
SP-10527,ok,reserve,5712,0,3808,0,0
SP-10528,ok,reserve,15396,0,0,0,0
SP-10529,ok,reserve,49275,0,0,0,0
SP-10530,deficit,none,0,0,0,0,0
SP-10531,deficit,none,0,0,0,0,0
SP-10532,deficit,none,0,0,0,0,0
SP-10533,ok,reserve,17486,0,11656,0,0
SP-10534,deficit,none,0,0,0,0,0
SP-10535,ok,goals+,0,0,6724,37455,55018
SP-10536,ok,goals+,10,0,34,2,0
SP-10537,ok,debt,0,18013,0,0,14907
SP-10538,ok,reserve,4574,0,0,0,20814
SP-10539,ok,goals+,0,0,1365465330,0,7156215639
SP-10540,ok,reserve,7698,0,0,0,0
SP-10541,ok,goals+,0,0,4211,0,57018
SP-10542,deficit,none,0,0,0,0,0
SP-10543,ok,reserve,11435,0,867,0,0
SP-10544,ok,reserve,3397,0,0,0,0
SP-10545,ok,goals+,0,0,15189,53794,49234
SP-10546,ok,reserve,4918,0,0,0,0
SP-10547,ok,reserve,21204,0,0,0,0
SP-10548,deficit,none,0,0,0,0,0
SP-10549,deficit,none,0,0,0,0,0
SP-10550,ok,reserve,14536,0,8700,0,0
SP-10551,deficit,none,0,0,0,0,0
SP-10552,deficit,none,0,0,0,0,0
SP-10553,ok,reserve,15985,0,4456,0,0
SP-10554,deficit,none,0,0,0,0,0
SP-10555,ok,reserve,12944,0,8629,0,0
SP-10556,ok,reserve,45377,0,30251,0,0
SP-10557,ok,reserve,11317,0,0,0,0
SP-10558,ok,debt,0,1433,0,0,23535
SP-10559,ok,reserve,7204,0,0,0,0
SP-10560,ok,reserve,6474,0,0,0,0
SP-10561,ok,goals+,0,0,0,13785,110302
SP-10562,ok,reserve,51550,0,0,0,0
SP-10563,ok,goals+,1,0,21390,0,734651
SP-10564,ok,reserve,54740,0,2307,0,0
SP-10565,ok,reserve,5517,0,0,4915,0
SP-10566,ok,reserve,22527,0,15018,0,0
SP-10567,deficit,none,0,0,0,0,0
SP-10568,ok,reserve,24999,0,0,0,0
SP-10569,ok,debt,0,10088,0,0,80585
SP-10570,ok,debt,0,32335,0,0,592
SP-10571,ok,goals+,4063,6093,6770,0,0
SP-10572,deficit,none,0,0,0,0,0
SP-10573,ok,reserve,4764,0,0,0,0
SP-10574,ok,goals+,0,0,17563,0,74139
SP-10575,deficit,none,0,0,0,0,0
SP-10576,ok,reserve,10921,0,1050,0,0
SP-10577,ok,debt,0,11564,0,0,3828
SP-10578,ok,reserve,13,0,8,0,0
SP-10579,ok,reserve,3979,0,2652,0,0
SP-10580,ok,reserve,6534,0,0,0,0
SP-10581,ok,reserve,767293981,33052969,0,0,0
SP-10582,ok,reserve,9561,0,0,0,0
SP-10583,ok,goals+,1831,2746,3051,0,180304
SP-10584,deficit,none,0,0,0,0,0
SP-10585,ok,reserve,33476,0,0,0,0
SP-10586,ok,reserve,22935,0,15290,0,0
SP-10587,ok,goals+,0,0,0,171590,454443
SP-10588,ok,reserve,7919,0,2999,0,0
SP-10589,ok,goals+,22,31,35,0,0
SP-10590,deficit,none,0,0,0,0,0
SP-10591,ok,reserve,14046,0,0,0,0
SP-10592,ok,reserve,1709,0,0,0,0
SP-10593,ok,reserve,39123,0,0,0,0
SP-10594,deficit,none,0,0,0,0,73389
SP-10595,ok,reserve,7470,0,4979,0,0
SP-10596,deficit,none,0,0,0,0,0
SP-10597,ok,reserve,13084,0,0,0,0
SP-10598,ok,reserve,8822,0,0,0,0
SP-10599,ok,reserve,13335,0,0,0,0
SP-10600,ok,goals+,0,0,0,34596,27208
SP-10601,deficit,none,0,0,0,0,0
SP-10602,ok,reserve,4401,0,0,0,0
SP-10603,ok,reserve,8423,0,0,0,0
SP-10604,ok,debt,0,31697,0,0,20073
SP-10605,ok,goals+,1,0,0,41984,1743431
SP-10606,ok,goals+,0,0,15500,0,32697
SP-10607,ok,reserve,69629,0,0,0,0
SP-10608,deficit,none,0,0,0,0,0
SP-10609,deficit,none,0,0,0,0,0
SP-10610,ok,goals+,0,0,19301,0,79853
SP-10611,ok,debt,0,5357,0,0,11099
SP-10612,deficit,none,0,0,0,0,0
SP-10613,ok,reserve,25122,0,0,0,0
SP-10614,deficit,none,0,0,0,0,0
SP-10615,ok,reserve,9163,0,0,0,0
SP-10616,ok,reserve,17505,0,11669,0,0
SP-10617,ok,reserve,4745,0,3163,0,0
SP-10618,deficit,none,0,0,0,0,0
SP-10619,ok,reserve,16618,0,0,0,0
SP-10620,ok,reserve,8,0,0,0,0
SP-10621,ok,debt,0,14736,0,0,72797
SP-10622,ok,debt,0,35743,0,0,142591
SP-10623,ok,reserve,567196165,0,0,0,0
SP-10624,ok,reserve,3396,0,0,0,0
SP-10625,ok,reserve,19709,0,9263,7063,0
SP-10626,deficit,none,0,0,0,0,0
SP-10627,ok,reserve,5859,0,0,0,0
SP-10628,ok,reserve,20354,0,0,0,0
SP-10629,ok,goals+,0,0,8981,125334,116729
SP-10630,deficit,none,0,0,0,0,0
SP-10631,ok,goals+,0,0,0,15810,65076
SP-10632,deficit,none,0,0,0,0,0
SP-10633,ok,reserve,27775,0,0,0,0
SP-10634,ok,reserve,8997,0,0,0,0
SP-10635,deficit,none,0,0,0,0,0
SP-10636,ok,debt,4219,6328,0,0,0
SP-10637,ok,goals+,0,0,6606,0,35710
SP-10638,deficit,none,0,0,0,0,0
SP-10639,deficit,none,0,0,0,0,0
SP-10640,ok,reserve,12893,0,5636,0,0
SP-10641,ok,reserve,337,0,0,0,0
SP-10642,ok,reserve,27523,5463,6070,0,0
SP-10643,deficit,none,0,0,0,0,0
SP-10644,ok,reserve,64938,0,0,0,0
SP-10645,ok,debt,0,746,0,0,131273
SP-10646,ok,debt,0,27240,0,0,153533
SP-10647,deficit,none,0,0,0,0,0
SP-10648,ok,goals+,2880,4319,4798,0,0
SP-10649,ok,reserve,43,0,0,0,0
SP-10650,ok,goals+,0,0,19666,0,114954
SP-10651,ok,reserve,3372,0,0,0,0
SP-10652,ok,reserve,14563,0,9708,0,0
SP-10653,ok,reserve,1608,0,1071,0,0
SP-10654,ok,goals+,0,0,15319,0,0
SP-10655,ok,reserve,28906,0,0,0,0
SP-10656,ok,reserve,11974,0,0,0,0
SP-10657,ok,reserve,24182,0,16120,0,0
SP-10658,ok,reserve,7102,0,0,0,0
SP-10659,ok,goals+,3020,4530,5032,0,0
SP-10660,ok,reserve,14477,0,0,0,0
SP-10661,deficit,none,0,0,0,0,0
SP-10662,ok,reserve,12,0,7,0,0
SP-10663,ok,reserve,18015,0,12010,0,0
SP-10664,ok,debt,0,2969,0,0,44933
SP-10665,ok,goals+,16602305,24903456,27670506,0,0
SP-10666,ok,debt,0,20966,0,0,50071
SP-10667,ok,reserve,29228,0,3384,0,0
SP-10668,deficit,none,0,0,0,0,0
SP-10669,ok,goals+,0,4614,8202,0,0
SP-10670,ok,reserve,22635,0,15089,0,50296
SP-10671,ok,goals+,11355,0,20587,0,0
SP-10672,deficit,none,0,0,0,0,0
SP-10673,ok,reserve,23917,0,5222,0,0
SP-10674,deficit,none,0,0,0,0,0
SP-10675,ok,reserve,48310,0,0,0,0
SP-10676,ok,goals+,0,0,0,73798,230276
SP-10677,ok,reserve,2476,0,0,0,0
SP-10678,ok,debt,0,11072,0,0,44306
SP-10679,ok,reserve,20062,0,9281,0,0
SP-10680,ok,goals+,0,0,3508,0,487042
SP-10681,ok,reserve,10934,848,0,0,0
SP-10682,ok,goals+,0,0,28603,0,0
SP-10683,deficit,none,0,0,0,0,0
SP-10684,ok,reserve,2061,0,0,0,0
SP-10685,ok,reserve,9846,0,6564,0,0
SP-10686,ok,reserve,3442,0,0,1474,0
SP-10687,ok,reserve,797,0,0,0,0
SP-10688,ok,goals+,0,0,9539,0,32063
SP-10689,deficit,none,0,0,0,0,0
SP-10690,ok,debt,0,13933,0,0,32545
SP-10691,ok,reserve,23328,0,0,0,0
SP-10692,deficit,none,0,0,0,0,0
SP-10693,ok,goals+,0,0,21662,0,36122
SP-10694,deficit,none,0,0,0,0,0
SP-10695,ok,debt,0,11549,0,0,7695
SP-10696,deficit,none,0,0,0,0,0
SP-10697,ok,goals+,0,0,31239,0,285236
SP-10698,deficit,none,0,0,0,0,0
SP-10699,ok,reserve,14703,4917,0,0,0
SP-10700,ok,reserve,3968,0,2644,0,0
SP-10701,ok,reserve,55185,1486,0,0,0
SP-10702,ok,reserve,55409,0,0,0,0
SP-10703,ok,reserve,17084,0,11389,0,0
SP-10704,ok,reserve,86,0,2,0,0
SP-10705,deficit,none,0,0,0,0,0
SP-10706,ok,goals+,0,0,12573,15978,94889
SP-10707,ok,reserve,468208069,0,0,0,0
SP-10708,ok,goals+,0,0,0,30807,114733
SP-10709,ok,debt,2177,11037,0,0,26830
SP-10710,deficit,none,0,0,0,0,0
SP-10711,ok,reserve,8973,0,0,0,0
SP-10712,ok,debt,0,392,0,0,45634
SP-10713,ok,debt,0,32973,0,0,2667
SP-10714,ok,reserve,26036,0,0,0,0
SP-10715,ok,reserve,45529,0,0,0,0
SP-10716,deficit,none,0,0,0,0,0
SP-10717,ok,reserve,7557,0,0,0,0
SP-10718,ok,reserve,10024,0,0,0,0
SP-10719,deficit,none,0,0,0,0,0
SP-10720,ok,reserve,19741,0,0,0,0
SP-10721,deficit,none,0,0,0,0,0
SP-10722,ok,reserve,11806,0,1394,0,0
SP-10723,ok,reserve,3662,0,0,0,0
SP-10724,ok,reserve,9650,0,0,0,0
SP-10725,ok,reserve,59127,0,0,0,0
SP-10726,ok,debt,0,4213,0,0,13699
SP-10727,ok,reserve,9751,0,0,0,0
SP-10728,ok,reserve,8840,0,0,0,0
SP-10729,ok,debt,0,5447,0,0,18759
SP-10730,ok,goals+,0,0,33499,8357,306083
SP-10731,ok,goals+,0,12024,21377,0,779871
SP-10732,ok,debt,0,16224,0,0,47372
SP-10733,ok,goals+,3620,5429,6032,0,0
SP-10734,ok,reserve,550,0,0,0,0
SP-10735,ok,reserve,14118,0,0,0,0
SP-10736,ok,reserve,5111,0,1999,0,0
SP-10737,ok,reserve,536,0,357,0,0
SP-10738,ok,goals+,0,0,12965,3409,83726
SP-10739,ok,goals+,1,0,13673,6750,79974
SP-10740,ok,reserve,26161,0,0,0,0
SP-10741,ok,reserve,11252,0,7500,0,0
SP-10742,ok,debt,0,6733,0,0,78489
SP-10743,ok,debt,1,55686,0,0,192041
SP-10744,ok,reserve,44777,0,1373,0,0
SP-10745,ok,reserve,9662,0,0,0,0
SP-10746,ok,reserve,24,0,0,0,0
SP-10747,ok,reserve,31697,0,0,0,0
SP-10748,ok,goals+,0,0,0,15008,69448
SP-10749,deficit,none,0,0,0,0,0
SP-10750,ok,reserve,16036,0,0,0,0
SP-10751,ok,reserve,10362,0,2569,0,0
SP-10752,deficit,none,0,0,0,0,0
SP-10753,ok,goals+,0,5257,9346,0,92035
SP-10754,ok,reserve,32932,0,0,0,0
SP-10755,ok,debt,1,53478,0,0,91487
SP-10756,ok,reserve,5412,0,0,0,0
SP-10757,ok,debt,0,14759,0,0,21194
SP-10758,deficit,none,0,0,0,0,0
SP-10759,ok,reserve,15987,0,10658,0,0
SP-10760,ok,goals+,5256,7883,8758,0,0
SP-10761,deficit,none,0,0,0,0,0
SP-10762,ok,reserve,28417,0,310,0,0
SP-10763,ok,reserve,29610,0,0,0,0
SP-10764,deficit,none,0,0,0,0,0
SP-10765,ok,reserve,26152,0,17434,0,0
SP-10766,ok,goals+,8033,12049,13387,0,0
SP-10767,ok,reserve,16816,0,0,0,0
SP-10768,ok,reserve,21230,0,14153,0,0
SP-10769,ok,reserve,26802,0,4980,18851,0
SP-10770,ok,reserve,11002,0,0,0,0
SP-10771,ok,reserve,84567,0,0,0,0
SP-10772,ok,reserve,18771,0,0,0,0
SP-10773,deficit,none,0,0,0,0,0
SP-10774,deficit,none,0,0,0,0,0
SP-10775,ok,reserve,6326,0,4217,0,0
SP-10776,ok,reserve,10094,0,5860,0,0
SP-10777,ok,reserve,16042,0,0,0,0
SP-10778,deficit,none,0,0,0,0,0
SP-10779,ok,reserve,1033,0,0,0,0
SP-10780,ok,debt,1379,2068,0,0,0
SP-10781,ok,reserve,17606,0,0,0,0
SP-10782,deficit,none,0,0,0,0,0
SP-10783,ok,reserve,16236,0,10824,0,0
SP-10784,ok,debt,0,1192,0,0,25190
SP-10785,ok,reserve,39074,0,0,0,0
SP-10786,ok,goals+,0,4550,8089,0,69875
SP-10787,ok,goals+,2064,0,2808,2337,0
SP-10788,ok,reserve,25,0,0,0,0
SP-10789,ok,reserve,34692,0,7859,0,0
SP-10790,ok,goals+,3536,0,35958,7468,0
SP-10791,ok,debt,0,272955396,0,0,875348078
SP-10792,ok,reserve,11192,0,0,0,0
SP-10793,ok,goals+,0,0,18792,0,22856
SP-10794,deficit,none,0,0,0,0,0
SP-10795,ok,reserve,28959,2500,0,0,0
SP-10796,deficit,none,0,0,0,0,0
SP-10797,ok,goals+,0,0,2366,90050,229643
SP-10798,ok,reserve,14404,0,0,0,0
SP-10799,ok,reserve,3288,0,0,0,0
SP-10800,deficit,none,0,0,0,0,0
SP-10801,ok,reserve,21323,0,0,0,0
SP-10802,ok,reserve,175,0,0,0,0
SP-10803,deficit,none,0,0,0,0,0
SP-10804,ok,debt,0,25295,0,0,20041
SP-10805,ok,reserve,19530,0,13020,0,0
SP-10806,ok,reserve,6055,0,0,0,0
SP-10807,ok,debt,0,611,0,0,24225
SP-10808,ok,reserve,45340,0,0,0,0
SP-10809,ok,debt,871,1305,0,0,0
SP-10810,ok,reserve,58,0,0,0,0
SP-10811,ok,goals+,0,0,31782,4632,93830
SP-10812,deficit,none,0,0,0,0,0
SP-10813,ok,debt,0,35025,0,0,42607
SP-10814,ok,reserve,14458,0,0,0,0
SP-10815,ok,goals+,0,0,0,28021,1921208
SP-10816,ok,reserve,16427,0,10951,0,0
SP-10817,ok,goals+,803,1203,1337,0,0
SP-10818,ok,reserve,22589,0,0,0,0
SP-10819,ok,goals+,0,0,2,0,0
SP-10820,ok,reserve,4896,0,0,0,0
SP-10821,ok,reserve,12148,0,0,0,0
SP-10822,ok,reserve,44233,0,18207,0,0
SP-10823,ok,reserve,19886,0,0,0,0
SP-10824,ok,reserve,6121,0,0,0,0
SP-10825,ok,reserve,2043,0,1362,0,0
SP-10826,ok,reserve,16721,0,4273,0,0
SP-10827,ok,goals+,0,0,0,10570,515626
SP-10828,ok,debt,573,859,0,0,0
SP-10829,ok,reserve,15181,0,0,0,0
SP-10830,ok,reserve,93,0,61,0,0
SP-10831,ok,reserve,16459,0,0,0,0
SP-10832,ok,goals+,0,0,24549,0,82236
SP-10833,ok,reserve,178910216,0,0,0,0
SP-10834,ok,goals+,3773,5658,6287,0,0
SP-10835,deficit,none,0,0,0,0,0
SP-10836,deficit,none,0,0,0,0,0
SP-10837,ok,reserve,57504,0,0,0,0
SP-10838,ok,goals+,0,2314,4116,0,120673
SP-10839,ok,goals+,0,0,40819,0,0
SP-10840,ok,reserve,815,0,0,0,0
SP-10841,ok,reserve,7384,0,0,0,0
SP-10842,deficit,none,0,0,0,0,0
SP-10843,ok,reserve,40578,0,0,0,0
SP-10844,ok,reserve,3910,0,2606,0,0
SP-10845,deficit,none,0,0,0,0,0
SP-10846,ok,reserve,11418,0,0,0,0
SP-10847,ok,reserve,7665,0,0,0,0
SP-10848,deficit,none,0,0,0,0,0
SP-10849,ok,goals+,0,0,3443,5664,51082
SP-10850,ok,reserve,853,0,0,0,0
SP-10851,ok,debt,0,2968,0,0,34835
SP-10852,ok,reserve,3000,0,1999,0,0
SP-10853,ok,debt,0,30268,0,0,48965
SP-10854,ok,reserve,30412,0,0,0,0
SP-10855,ok,reserve,10427,0,6951,0,0
SP-10856,deficit,none,0,0,0,0,0
SP-10857,ok,goals+,1,0,0,43993,3059776
SP-10858,ok,reserve,7413,0,0,0,0
SP-10859,ok,reserve,16361,3305,0,0,0
SP-10860,ok,reserve,17138,0,10796,0,0
SP-10861,deficit,none,0,0,0,0,0
SP-10862,ok,reserve,15570,0,0,0,0
SP-10863,ok,reserve,1473,0,0,0,0
SP-10864,ok,reserve,38335,0,0,0,0
SP-10865,ok,reserve,12029,0,8018,0,0
SP-10866,ok,goals+,0,0,18398,0,11059
SP-10867,ok,debt,0,16136,0,0,39938
SP-10868,ok,debt,0,14059,0,0,970
SP-10869,ok,reserve,17706,0,0,0,0
SP-10870,ok,reserve,17848,0,7455,0,0
SP-10871,ok,reserve,22129,0,0,0,0
SP-10872,ok,reserve,141,0,0,0,0
SP-10873,ok,goals+,0,0,0,22626,285756
SP-10874,ok,reserve,20131,0,13231,0,0
SP-10875,ok,reserve,433464661,0,0,279388678,0
SP-10876,ok,goals+,0,0,1751,14273,23998
SP-10877,ok,debt,0,12117,0,0,28300
SP-10878,deficit,none,0,0,0,0,0
SP-10879,ok,reserve,14056,0,9370,0,0
SP-10880,deficit,none,0,0,0,0,0
SP-10881,ok,reserve,14581,0,7611,0,0
SP-10882,ok,debt,0,14894,0,0,27588
SP-10883,ok,goals+,0,0,17757,6546,51375
SP-10884,deficit,none,0,0,0,0,0
SP-10885,ok,reserve,14846,0,0,0,0
SP-10886,ok,reserve,887,0,591,0,0
SP-10887,deficit,none,0,0,0,0,0
SP-10888,deficit,none,0,0,0,0,0
SP-10889,ok,reserve,19232,0,12821,0,0
SP-10890,deficit,none,0,0,0,0,0
SP-10891,ok,goals+,0,0,27728,0,131486
SP-10892,ok,goals+,0,0,18743,33139,176977
SP-10893,ok,goals+,0,0,0,21397,152068
SP-10894,ok,reserve,31118,0,7621,0,0
SP-10895,ok,reserve,16853,0,7726,0,0
SP-10896,ok,debt,0,12503,0,8336,150797
SP-10897,ok,reserve,4695,0,0,0,0
SP-10898,ok,reserve,23160,0,5159,0,0
SP-10899,deficit,none,0,0,0,0,0
SP-10900,ok,goals+,0,0,10967,0,111670
SP-10901,deficit,none,0,0,0,0,0
SP-10902,ok,debt,0,4566,0,0,24412
SP-10903,ok,reserve,3949,0,2632,0,0
SP-10904,ok,goals+,0,0,6256,0,104547
SP-10905,ok,reserve,14024,0,0,0,0
SP-10906,ok,goals+,3751,5625,6250,0,46401
SP-10907,ok,reserve,21338,0,725,0,0
SP-10908,ok,reserve,5841,0,0,0,0
SP-10909,ok,reserve,434,0,289,0,0
SP-10910,deficit,none,0,0,0,0,0
SP-10911,ok,goals+,0,10197,18129,0,54951
SP-10912,ok,reserve,4310,1514,0,0,0
SP-10913,ok,debt,0,30869,0,0,39764
SP-10914,deficit,none,0,0,0,0,0
SP-10915,ok,reserve,16222,0,0,0,0
SP-10916,ok,reserve,6457,0,4304,0,0
SP-10917,ok,reserve,469633466,0,0,0,0
SP-10918,ok,reserve,17561,0,11706,0,0
SP-10919,ok,reserve,21398,0,0,0,0
SP-10920,deficit,none,0,0,0,0,0
SP-10921,deficit,none,0,0,0,0,0
SP-10922,ok,goals+,0,0,27968,5544,0
SP-10923,ok,goals+,0,0,48490,28132,57178
SP-10924,ok,reserve,41292,0,0,0,0
SP-10925,ok,reserve,19287,0,0,0,0
SP-10926,deficit,none,0,0,0,0,0
SP-10927,ok,goals+,0,0,28201,0,110327
SP-10928,ok,reserve,15412,0,0,0,0
SP-10929,ok,reserve,12408,0,0,0,0
SP-10930,ok,reserve,3437,0,0,0,0
SP-10931,ok,reserve,92946,0,0,0,0
SP-10932,deficit,none,0,0,0,0,0
SP-10933,ok,reserve,2421,0,0,0,0
SP-10934,ok,reserve,22144,0,0,0,0
SP-10935,ok,reserve,15594,0,0,0,0
SP-10936,ok,debt,0,7620,0,0,24230
SP-10937,ok,reserve,23876,0,4242,0,0
SP-10938,ok,reserve,37146,0,0,0,0
SP-10939,ok,reserve,148,0,0,0,0
SP-10940,ok,debt,0,2230,0,0,64951
SP-10941,ok,debt,0,6011,0,0,358017
SP-10942,ok,reserve,27553,0,0,0,0
SP-10943,ok,reserve,38659,0,25772,0,0
SP-10944,ok,reserve,3658,0,2438,0,0
SP-10945,ok,reserve,26756,0,0,0,0
SP-10946,ok,debt,2022,3031,0,0,0
SP-10947,ok,reserve,489,0,0,0,0
SP-10948,ok,reserve,21803,0,0,0,0
SP-10949,ok,reserve,5461,0,0,0,0
SP-10950,ok,reserve,9911,0,6606,0,0
SP-10951,deficit,none,0,0,0,0,0
SP-10952,ok,reserve,3094,0,2062,0,0
SP-10953,ok,reserve,10950,521,0,0,0
SP-10954,ok,debt,10580,32269,0,0,0
SP-10955,ok,reserve,11423,964,0,0,0
SP-10956,ok,reserve,95,0,62,0,0
SP-10957,ok,reserve,21195,0,14129,0,0
SP-10958,ok,reserve,3100,0,807,0,0
SP-10959,ok,reserve,441530250,0,0,0,0
SP-10960,deficit,none,0,0,0,0,212807
SP-10961,ok,reserve,1428,0,952,0,0
SP-10962,deficit,none,0,0,0,0,0
SP-10963,ok,reserve,3554,0,0,0,0
SP-10964,ok,reserve,26371,0,17580,0,0
SP-10965,ok,reserve,78365,0,39016,0,0
SP-10966,ok,goals+,0,0,13831,0,120633
SP-10967,ok,reserve,15379,0,0,0,0
SP-10968,deficit,none,0,0,0,0,0
SP-10969,ok,debt,0,15278,0,0,87477
SP-10970,ok,reserve,7942,0,0,0,0
SP-10971,deficit,none,0,0,0,0,0
SP-10972,ok,reserve,7862,0,0,0,0
SP-10973,ok,reserve,6210,0,4139,0,0
SP-10974,deficit,none,0,0,0,0,0
SP-10975,ok,reserve,14952,0,0,0,0
SP-10976,ok,reserve,28580,0,0,0,0
SP-10977,ok,reserve,62554,0,0,0,0
SP-10978,ok,reserve,20449,0,0,0,0
SP-10979,ok,reserve,62484,0,16387,0,0
SP-10980,ok,goals+,0,0,0,21704,209887
SP-10981,ok,reserve,20064,0,3127,0,0
SP-10982,ok,goals+,0,0,33246,0,228931
SP-10983,ok,goals+,0,0,0,10266,2223446
SP-10984,ok,reserve,18523,0,12348,0,0
SP-10985,ok,goals+,5943,8913,9904,0,0
SP-10986,ok,reserve,7617,0,5077,0,0
SP-10987,ok,debt,0,10493,0,0,99938
SP-10988,ok,reserve,14319,0,0,0,0
SP-10989,ok,debt,0,18057,0,0,22948
SP-10990,ok,reserve,5618,0,0,0,0
SP-10991,ok,debt,12752,19127,6810,0,0
SP-10992,ok,reserve,2718,0,0,0,0
SP-10993,ok,reserve,16743,0,2439,0,0
SP-10994,ok,reserve,13579,0,0,0,0
SP-10995,ok,goals+,0,8040,14295,0,26193
SP-10996,ok,reserve,1829,0,0,0,0
SP-10997,ok,goals+,0,0,16815,0,346416
SP-10998,ok,goals+,0,0,18,0,0
SP-10999,ok,reserve,26808,0,0,0,0
SP-11000,ok,debt,0,4824,0,0,19685
SP-11001,ok,debt,0,362428071,0,0,66974833
SP-11002,ok,reserve,6577,0,0,0,0
SP-11003,ok,reserve,10562,0,7040,0,0
SP-11004,deficit,none,0,0,0,0,0
SP-11005,ok,debt,0,29009,0,0,154234
SP-11006,ok,reserve,8181,0,0,0,0
SP-11007,ok,debt,5885,173435,0,0,0
SP-11008,ok,debt,0,1846,0,0,119842
SP-11009,ok,reserve,13494,0,0,0,0
SP-11010,deficit,none,0,0,0,0,0
SP-11011,ok,reserve,421,0,0,0,0
SP-11012,ok,debt,0,1040,0,0,824
SP-11013,deficit,none,0,0,0,0,31377
SP-11014,ok,reserve,11454,5551,0,0,0
SP-11015,ok,goals+,0,0,0,38595,22411
SP-11016,ok,reserve,9759,0,0,0,0
SP-11017,ok,reserve,7674,0,5115,0,0
SP-11018,ok,reserve,8674,0,120,0,0
SP-11019,ok,reserve,12457,0,0,0,0
SP-11020,ok,reserve,10151,0,0,0,0
SP-11021,ok,reserve,16334,0,0,0,0
SP-11022,ok,reserve,3586,0,0,2334,0
SP-11023,ok,reserve,12160,0,0,0,0
SP-11024,deficit,none,0,0,0,0,0
SP-11025,ok,goals+,0,0,0,5913,3212149
SP-11026,deficit,none,0,0,0,0,0
SP-11027,ok,reserve,7576,2391,0,0,0
SP-11028,ok,reserve,4496,0,2997,0,0
SP-11029,ok,goals+,0,0,36611,0,148345
SP-11030,ok,debt,0,12796,0,0,10646
SP-11031,ok,reserve,2241,0,0,0,0
SP-11032,ok,debt,0,5979,0,0,25673
SP-11033,ok,reserve,8807,0,5871,0,0
SP-11034,deficit,none,0,0,0,0,0
SP-11035,ok,goals+,1,0,0,129120,636321
SP-11036,ok,reserve,206,0,0,0,0
SP-11037,ok,reserve,1225,0,816,0,0
SP-11038,ok,reserve,6017,0,3504,0,0
SP-11039,ok,debt,0,42075,0,0,492
SP-11040,ok,reserve,76,0,50,0,0
SP-11041,ok,reserve,54262,0,0,0,0
SP-11042,deficit,none,0,0,0,0,0
SP-11043,ok,reserve,1000058350,146752897,163058774,0,0
SP-11044,ok,reserve,2439,0,1626,0,0
SP-11045,ok,reserve,23809,0,15872,0,0
SP-11046,deficit,none,0,0,0,0,0
SP-11047,ok,reserve,40359,0,0,0,0
SP-11048,deficit,none,0,0,0,0,0
SP-11049,ok,reserve,25038,0,8672,0,0
SP-11050,ok,reserve,25512,0,10723,0,0
SP-11051,ok,reserve,33536,0,0,0,0
SP-11052,deficit,none,0,0,0,0,0
SP-11053,ok,reserve,16250,0,0,0,0
SP-11054,ok,goals+,0,0,86757,0,113558
SP-11055,deficit,none,0,0,0,0,0
SP-11056,ok,reserve,21858,0,0,0,0
SP-11057,ok,goals+,0,0,15883,0,29881
SP-11058,ok,reserve,9468,0,6312,0,0
SP-11059,ok,goals+,0,0,0,1306,748943
SP-11060,ok,goals+,0,0,29707,0,20513
SP-11061,ok,reserve,3983,0,0,0,0
SP-11062,ok,reserve,17109,0,0,0,0
SP-11063,deficit,none,0,0,0,0,0
SP-11064,ok,goals+,0,0,0,19095,0
SP-11065,ok,goals+,0,0,29855,0,69920
SP-11066,ok,debt,2370,9089,0,0,0
SP-11067,ok,goals+,1,0,0,20256,1443300
SP-11068,ok,reserve,26282,0,17520,0,0
SP-11069,deficit,none,0,0,0,0,242518
SP-11070,ok,reserve,28271,1080,1200,0,0
SP-11071,ok,debt,0,12518,0,0,233804
SP-11072,ok,debt,1303,21350,0,0,0
SP-11073,ok,debt,0,7031,0,0,47463
SP-11074,deficit,none,0,0,0,0,0
SP-11075,ok,reserve,11445,0,0,0,0
SP-11076,ok,reserve,36729,0,0,0,0
SP-11077,ok,reserve,8088,0,0,0,0
SP-11078,ok,reserve,35274,0,0,0,0
SP-11079,ok,reserve,3271,0,2180,0,0
SP-11080,ok,debt,0,4551,0,0,15247
SP-11081,deficit,none,0,0,0,0,0
SP-11082,ok,goals+,0,0,32,0,0
SP-11083,ok,reserve,26132,25025,0,0,0
SP-11084,ok,reserve,24383,0,0,0,0
SP-11085,ok,reserve,140729559,0,93819706,0,0
SP-11086,ok,goals+,0,12636,22463,0,0
SP-11087,deficit,none,0,0,0,0,0
SP-11088,deficit,none,0,0,0,0,0
SP-11089,deficit,none,0,0,0,0,0
SP-11090,ok,reserve,17136,0,0,0,0
SP-11091,ok,reserve,21276,19662,0,0,0
SP-11092,ok,reserve,26395,0,16264,0,0
SP-11093,deficit,none,0,0,0,0,0
SP-11094,deficit,none,0,0,0,0,0
SP-11095,ok,reserve,9825,0,6549,0,0
SP-11096,ok,reserve,11720,0,7813,0,0
SP-11097,deficit,none,0,0,0,0,0
SP-11098,ok,debt,5719,23981,0,0,0
SP-11099,ok,goals+,0,0,13587,0,73105
SP-11100,deficit,none,0,0,0,0,0
SP-11101,ok,reserve,23839,0,0,0,0
SP-11102,ok,reserve,25783,0,0,0,0
SP-11103,ok,reserve,36975,0,0,0,0
SP-11104,ok,reserve,1592,0,1061,0,0
SP-11105,ok,reserve,18054,0,0,0,0
SP-11106,ok,reserve,12511,0,0,0,0
SP-11107,deficit,none,0,0,0,0,0
SP-11108,ok,reserve,22845,0,15229,0,0
SP-11109,ok,goals+,0,0,0,28131,1651034
SP-11110,ok,reserve,15548,0,5320,0,0
SP-11111,ok,reserve,4490,0,2992,0,0
SP-11112,ok,debt,0,12524,0,0,94984
SP-11113,deficit,none,0,0,0,0,0
SP-11114,ok,reserve,4385,0,0,0,0
SP-11115,ok,debt,2153,3228,0,0,0
SP-11116,deficit,none,0,0,0,0,0
SP-11117,ok,reserve,13300,0,0,0,0
SP-11118,ok,reserve,26761,0,0,0,0
SP-11119,ok,reserve,21209,0,3726,0,0
SP-11120,ok,reserve,78191,0,0,0,0
SP-11121,ok,goals+,0,0,2471,0,125091
SP-11122,ok,goals+,1225,0,10133,0,0
SP-11123,ok,reserve,14236,0,9490,0,0
SP-11124,ok,reserve,38,0,10,0,0
SP-11125,ok,reserve,7277,0,4850,0,0
SP-11126,ok,reserve,501,0,0,0,0
SP-11127,ok,reserve,615911997,0,0,0,0
SP-11128,ok,goals+,0,0,0,45677,32181
SP-11129,ok,reserve,4337,679,755,0,0
SP-11130,deficit,none,0,0,0,0,0
SP-11131,ok,goals+,9020,0,11676,0,0
SP-11132,ok,reserve,11048,0,7365,0,0
SP-11133,ok,goals+,0,0,0,57492,57041
SP-11134,ok,reserve,312,0,0,0,0
SP-11135,ok,goals+,0,0,0,39949,240596
SP-11136,deficit,none,0,0,0,0,0
SP-11137,ok,reserve,11076,0,0,0,0
SP-11138,ok,reserve,665,0,0,0,0
SP-11139,deficit,none,0,0,0,0,0
SP-11140,ok,reserve,1377,0,917,0,0
SP-11141,ok,reserve,13935,0,0,0,0
SP-11142,ok,reserve,52643,0,0,0,0
SP-11143,ok,reserve,19836,0,3892,0,0
SP-11144,ok,reserve,29585,0,0,0,0
SP-11145,ok,debt,0,4507,0,0,137951
SP-11146,ok,reserve,20796,0,0,0,0
SP-11147,ok,reserve,14103,0,9401,0,0
SP-11148,ok,reserve,10743,0,0,0,0
SP-11149,deficit,none,0,0,0,0,348595
SP-11150,ok,reserve,1414,0,0,0,0
SP-11151,ok,goals+,0,0,17664,236,737142
SP-11152,ok,goals+,0,0,14369,0,43008
SP-11153,ok,reserve,59186,0,0,0,0
SP-11154,ok,reserve,13063,0,0,0,0
SP-11155,ok,reserve,2878,2418,0,0,0
SP-11156,ok,reserve,94056,0,0,0,0
SP-11157,ok,goals+,400,598,664,0,0
SP-11158,deficit,none,0,0,0,0,0
SP-11159,ok,reserve,35157,0,7871,0,0
SP-11160,ok,reserve,16658,0,6142,0,0
SP-11161,deficit,none,0,0,0,0,0
SP-11162,ok,reserve,15737,0,1476,0,0
SP-11163,ok,reserve,19641,0,0,0,0
SP-11164,ok,reserve,33639,0,0,0,0
SP-11165,ok,reserve,37304,0,10648,0,0
SP-11166,ok,goals+,0,0,28,0,0
SP-11167,ok,debt,0,13285,0,0,18553
SP-11168,ok,reserve,6720,0,0,0,0
SP-11169,ok,goals+,0,0,0,1072741924,2560097059
SP-11170,deficit,none,0,0,0,0,397656
SP-11171,ok,reserve,3383,0,2254,0,0
SP-11172,deficit,none,0,0,0,0,0
SP-11173,ok,reserve,18322,0,12214,0,0
SP-11174,ok,goals+,0,0,6887,0,43456
SP-11175,ok,goals+,0,0,0,79450,97861
SP-11176,ok,reserve,165476,0,0,0,0
SP-11177,ok,reserve,75942,0,485,0,0
SP-11178,deficit,none,0,0,0,0,0
SP-11179,deficit,none,0,0,0,0,0
SP-11180,ok,reserve,22148,0,0,0,0
SP-11181,deficit,none,0,0,0,0,167124
SP-11182,ok,debt,1,43432,0,0,276458
SP-11183,ok,debt,0,6292,0,0,147598
SP-11184,deficit,none,0,0,0,0,0
SP-11185,ok,reserve,30437,0,0,0,0
SP-11186,ok,debt,1,893,0,0,95919
SP-11187,ok,reserve,18465,0,0,0,0
SP-11188,ok,reserve,10443,9424,586,0,0
SP-11189,ok,debt,2494,11399,0,0,0
SP-11190,ok,reserve,3085,0,0,0,0
SP-11191,ok,reserve,2863,0,0,0,0
SP-11192,ok,debt,0,15641,0,0,67900
SP-11193,ok,goals+,1,0,0,40597,1491971
SP-11194,ok,goals+,7642,0,0,35670,0
SP-11195,ok,reserve,17586,0,0,0,0
SP-11196,ok,goals+,0,0,13956,0,0
SP-11197,ok,reserve,16582,0,0,0,0
SP-11198,ok,reserve,11044,0,0,0,0
SP-11199,ok,reserve,7144,0,0,0,0
SP-11200,ok,reserve,58049,9296,0,0,0
SP-11201,ok,goals+,0,0,0,9155,61629
SP-11202,ok,reserve,34224,0,22815,0,0
SP-11203,ok,reserve,7950,0,5299,0,0
SP-11204,deficit,none,0,0,0,0,0
SP-11205,ok,reserve,40504,0,14864,0,0
SP-11206,ok,debt,0,16203,0,0,64559
SP-11207,ok,reserve,13538,0,9024,0,0
SP-11208,ok,reserve,13,0,8,0,0
SP-11209,ok,reserve,39647,0,0,0,0
SP-11210,ok,reserve,40345,0,0,0,0
SP-11211,ok,reserve,53792987,0,0,0,0
SP-11212,ok,reserve,14340,0,9559,0,0
SP-11213,ok,reserve,16099,0,10732,0,0
SP-11214,deficit,none,0,0,0,0,0
SP-11215,ok,reserve,46529,0,2360,0,0
SP-11216,ok,debt,0,2692,0,0,65893
SP-11217,ok,debt,3837,27058,7893,0,3440
SP-11218,ok,reserve,45099,0,12003,0,0
SP-11219,ok,reserve,1802,0,1201,0,0
SP-11220,deficit,none,0,0,0,0,0
SP-11221,ok,debt,7565,11347,0,0,0
SP-11222,ok,goals+,0,0,13885,0,52631
SP-11223,deficit,none,0,0,0,0,0
SP-11224,ok,reserve,16926,4010,0,0,0
SP-11225,ok,reserve,17349,0,11565,0,0
SP-11226,ok,reserve,38797,0,4278,0,0
SP-11227,ok,debt,0,29974,0,0,115324
SP-11228,ok,debt,6374,32108,0,15032,0
SP-11229,deficit,none,0,0,0,0,0
SP-11230,ok,reserve,23457,0,0,0,0
SP-11231,ok,reserve,8119,0,5412,0,0
SP-11232,ok,debt,2112,19778,0,0,0
SP-11233,ok,debt,0,34164,0,0,27223
SP-11234,ok,reserve,1109,0,0,0,0
SP-11235,deficit,none,0,0,0,0,335135
SP-11236,ok,reserve,6928,0,4618,0,0
SP-11237,ok,reserve,22686,0,15123,0,0
SP-11238,ok,goals+,442,663,736,0,0
SP-11239,ok,reserve,6409,0,4272,0,0
SP-11240,ok,reserve,59964,0,0,0,0
SP-11241,ok,debt,0,17792,0,0,160833
SP-11242,ok,reserve,22487,0,7409,0,0
SP-11243,ok,reserve,11376,0,0,0,0
SP-11244,ok,reserve,37837,0,0,0,0
SP-11245,ok,reserve,25342,0,3391,0,0
SP-11246,ok,reserve,7673,0,0,0,0
SP-11247,ok,reserve,61947,0,0,0,0
SP-11248,ok,reserve,21597,3452,0,0,0
SP-11249,ok,reserve,1674,0,0,0,0
SP-11250,deficit,none,0,0,0,0,0
SP-11251,ok,debt,3649,5472,0,0,0
SP-11252,ok,reserve,2907,0,0,0,0
SP-11253,ok,reserve,49043796,0,0,0,0
SP-11254,deficit,none,0,0,0,0,0
SP-11255,ok,goals+,0,0,14080,0,24364
SP-11256,deficit,none,0,0,0,0,0
SP-11257,ok,reserve,23320,0,11412,0,0
SP-11258,ok,reserve,7346,0,4896,0,0
SP-11259,ok,reserve,21882,0,0,0,0
SP-11260,ok,debt,5007,7510,0,0,70283
SP-11261,ok,reserve,10148,0,0,0,0
SP-11262,deficit,none,0,0,0,0,0
SP-11263,deficit,none,0,0,0,0,0
SP-11264,ok,goals+,0,0,0,9402,188591
SP-11265,deficit,none,0,0,0,0,0
SP-11266,ok,goals+,2076,3114,3459,0,0
SP-11267,ok,reserve,23423,0,0,0,0
SP-11268,ok,reserve,13392,0,8928,0,0
SP-11269,ok,reserve,25962,0,0,0,0
SP-11270,ok,debt,7885,11826,0,0,0
SP-11271,ok,reserve,4402,0,0,0,0
SP-11272,deficit,none,0,0,0,0,0
SP-11273,ok,goals+,0,0,54113,0,16440
SP-11274,ok,reserve,50763,0,0,0,0
SP-11275,deficit,none,0,0,0,0,0
SP-11276,ok,reserve,9321,0,0,0,0
SP-11277,ok,goals+,1,0,17958,0,703537
SP-11278,deficit,none,0,0,0,0,0
SP-11279,ok,reserve,22184,0,14788,0,0
SP-11280,ok,reserve,2597,0,1731,0,0
SP-11281,ok,debt,7800,15463,0,0,0
SP-11282,ok,reserve,5651,0,0,0,0
SP-11283,ok,goals+,377,564,627,0,0
SP-11284,ok,debt,0,31605,0,0,20463
SP-11285,ok,reserve,23797,0,0,0,0
SP-11286,ok,reserve,10975,0,7316,0,0
SP-11287,ok,debt,1,13675,0,0,84026
SP-11288,ok,reserve,18874,0,10695,0,0
SP-11289,ok,reserve,7020,0,0,0,0
SP-11290,ok,reserve,1079,0,719,0,0
SP-11291,ok,reserve,2975,0,0,0,0
SP-11292,ok,reserve,125,0,3,0,0
SP-11293,ok,reserve,15166,0,0,0,0
SP-11294,ok,reserve,26988,0,0,0,0
SP-11295,ok,goals+,89118032,133677048,148530052,0,0
SP-11296,ok,debt,0,16064,0,0,61922
SP-11297,ok,goals+,3117,4674,5194,0,0
SP-11298,deficit,none,0,0,0,0,0
SP-11299,deficit,none,0,0,0,0,0
SP-11300,ok,goals+,0,0,28821,0,63280
SP-11301,ok,goals+,0,0,0,54131,340350
SP-11302,ok,reserve,722,0,0,0,0
SP-11303,ok,goals+,3198,4796,5329,0,0
SP-11304,deficit,none,0,0,0,0,0
SP-11305,ok,goals+,3187,4780,5310,0,0
SP-11306,ok,goals+,0,0,15071,0,13070
SP-11307,deficit,none,0,0,0,0,0
SP-11308,ok,reserve,8585,0,0,0,0
SP-11309,ok,reserve,99078,0,21062,0,0
SP-11310,deficit,none,0,0,0,0,0
SP-11311,ok,reserve,4937,0,0,0,0
SP-11312,ok,reserve,10402,0,6934,0,0
SP-11313,ok,debt,0,1705,0,0,17025
SP-11314,ok,reserve,579,0,0,0,0
SP-11315,ok,reserve,3424,0,0,0,0
SP-11316,ok,reserve,45889,0,0,0,0
SP-11317,ok,reserve,44086,0,15310,0,0
SP-11318,ok,debt,0,26665,0,0,81236
SP-11319,ok,goals+,1,0,5876,33914,979824
SP-11320,ok,reserve,7977,0,919,0,0
SP-11321,ok,goals+,0,0,33440,0,85439
SP-11322,ok,debt,0,1803,0,0,7290
SP-11323,deficit,none,0,0,0,0,0
SP-11324,ok,reserve,17237,7134,0,0,0
SP-11325,ok,reserve,5152,0,0,0,0
SP-11326,ok,debt,0,27963,0,0,89360
SP-11327,ok,debt,3026,4538,2574,0,0
SP-11328,ok,reserve,26305,0,0,0,0
SP-11329,ok,reserve,15031,0,0,0,0
SP-11330,ok,reserve,44404,0,786,0,0
SP-11331,deficit,none,0,0,0,0,0
SP-11332,ok,reserve,21576,0,0,0,0
SP-11333,ok,goals+,962,1443,1602,0,0
SP-11334,ok,reserve,108,0,0,0,0
SP-11335,deficit,none,0,0,0,0,85928
SP-11336,ok,reserve,25564,0,17042,0,0
SP-11337,ok,reserve,8705583,0,5803721,0,0
SP-11338,ok,reserve,11149,0,7432,0,0
SP-11339,ok,goals+,0,0,27859,0,55377
SP-11340,deficit,none,0,0,0,0,0
SP-11341,ok,reserve,18082,0,0,0,0
SP-11342,ok,reserve,10929,0,7285,0,0
SP-11343,ok,goals+,0,0,0,101456,320582
SP-11344,ok,reserve,12213,0,8141,0,0
SP-11345,ok,reserve,6080,0,4053,0,0
SP-11346,deficit,none,0,0,0,0,0
SP-11347,ok,debt,0,7407,0,0,274165
SP-11348,deficit,none,0,0,0,0,0
SP-11349,deficit,none,0,0,0,0,0
SP-11350,ok,reserve,1836,0,1223,0,0
SP-11351,ok,debt,4252,6377,0,0,0
SP-11352,deficit,none,0,0,0,0,0
SP-11353,ok,reserve,10882,0,0,0,0
SP-11354,deficit,none,0,0,0,0,154243
SP-11355,deficit,none,0,0,0,0,0
SP-11356,ok,reserve,25564,0,0,0,0
SP-11357,ok,reserve,76576,0,9803,0,0
SP-11358,deficit,none,0,0,0,0,0
SP-11359,ok,debt,1,7566,0,0,204982
SP-11360,ok,reserve,13452,0,0,0,0
SP-11361,ok,goals+,0,0,0,27343,2133924
SP-11362,ok,debt,0,33756,0,0,14989
SP-11363,ok,reserve,3461,0,0,0,0
SP-11364,ok,reserve,14838,0,0,0,0
SP-11365,ok,debt,0,41597,0,0,33097
SP-11366,ok,reserve,22982,0,0,0,0
SP-11367,ok,debt,0,20499,0,0,41494
SP-11368,ok,debt,0,104131,0,0,10245
SP-11369,ok,debt,2539,3807,0,0,0
SP-11370,ok,reserve,5263,0,0,0,0
SP-11371,ok,debt,0,6420,0,0,26379
SP-11372,ok,goals+,0,0,0,27966,119179
SP-11373,deficit,none,0,0,0,0,0
SP-11374,ok,goals+,0,0,22304,8707,42009
SP-11375,deficit,none,0,0,0,0,0
SP-11376,ok,reserve,24,0,16,0,0
SP-11377,ok,reserve,19009,0,0,0,0
SP-11378,ok,reserve,16634,4497,0,0,0
SP-11379,ok,reserve,263833020,0,175888680,0,0
SP-11380,ok,reserve,7994,0,0,0,0
SP-11381,ok,reserve,36376,0,24250,0,0
SP-11382,deficit,none,0,0,0,0,0
SP-11383,ok,reserve,39306,0,0,0,0
SP-11384,ok,reserve,10006,0,0,0,0
SP-11385,ok,reserve,24189,0,0,0,0
SP-11386,ok,debt,0,3984,0,0,6284
SP-11387,ok,reserve,16088,0,0,0,0
SP-11388,deficit,none,0,0,0,0,0
SP-11389,ok,reserve,20473,6336,7040,0,0
SP-11390,ok,goals+,0,0,8469,2965,0
SP-11391,deficit,none,0,0,0,0,0
SP-11392,ok,reserve,14814,0,9876,0,0
SP-11393,ok,reserve,5658,0,0,0,0
SP-11394,ok,reserve,1264,0,0,0,0
SP-11395,ok,reserve,32153,0,0,0,0
SP-11396,ok,debt,0,7139,0,0,113357
SP-11397,ok,reserve,12758,0,0,0,0
SP-11398,ok,reserve,2963,0,1975,0,0
SP-11399,ok,reserve,6495,0,0,0,0
SP-11400,deficit,none,0,0,0,0,113242
SP-11401,ok,reserve,1958,0,0,0,0
SP-11402,ok,debt,0,6252,0,4168,0
SP-11403,ok,goals+,1,0,23871,0,726013
SP-11404,deficit,none,0,0,0,0,0
SP-11405,ok,reserve,17294,0,7848,0,0
SP-11406,ok,reserve,17043,0,0,0,0
SP-11407,deficit,none,0,0,0,0,0
SP-11408,deficit,none,0,0,0,0,0
SP-11409,ok,goals+,7704,11555,12838,0,0
SP-11410,ok,reserve,34169,0,0,0,0
SP-11411,ok,goals+,3760,5639,6266,0,0
SP-11412,ok,reserve,10780,0,7186,0,0
SP-11413,ok,reserve,2524,0,0,0,0
SP-11414,ok,reserve,22475,0,0,0,0
SP-11415,ok,reserve,11603,0,7735,0,0
SP-11416,ok,reserve,10296,0,0,0,0
SP-11417,ok,reserve,34530,0,0,0,0
SP-11418,ok,reserve,60,0,31,0,0
SP-11419,ok,reserve,17258,0,11504,0,0
SP-11420,ok,debt,0,50,0,0,4613
SP-11421,ok,reserve,310740471,0,0,0,0
SP-11422,ok,reserve,14278,0,9518,0,0
SP-11423,ok,reserve,29385,0,0,0,0
SP-11424,deficit,none,0,0,0,0,0
SP-11425,ok,reserve,7401,0,0,0,0
SP-11426,ok,reserve,783,0,0,0,0
SP-11427,ok,debt,0,55248,0,0,1644
SP-11428,ok,reserve,4963,0,0,0,0
SP-11429,ok,reserve,2782,0,0,0,0
SP-11430,deficit,none,0,0,0,0,0
SP-11431,ok,debt,2752,4127,894,0,0
SP-11432,ok,debt,11687,21435,0,0,0
SP-11433,deficit,none,0,0,0,0,0
SP-11434,ok,reserve,5237,0,0,0,0
SP-11435,ok,reserve,12148,2245,2494,0,0
SP-11436,deficit,none,0,0,0,0,0
SP-11437,ok,goals+,0,0,2758,0,48633
SP-11438,ok,reserve,4747,0,0,0,0
SP-11439,ok,reserve,4721,0,0,0,0
SP-11440,ok,reserve,3760,0,0,0,0
SP-11441,ok,reserve,8984,0,0,0,0
SP-11442,deficit,none,0,0,0,0,0
SP-11443,ok,debt,4788,24403,0,0,0
SP-11444,ok,goals+,9715,0,15263,0,0
SP-11445,ok,goals+,1,0,0,29435,2147936
SP-11446,ok,reserve,19716,0,0,0,0
SP-11447,ok,reserve,972,0,648,0,0
SP-11448,ok,reserve,27597,0,18397,0,0
SP-11449,ok,reserve,5695,0,0,0,0
SP-11450,ok,goals+,0,0,0,28230,716075
SP-11451,ok,debt,0,795,0,0,251076
SP-11452,ok,reserve,23688,0,0,0,0
SP-11453,ok,debt,0,3131,0,0,17723
SP-11454,ok,reserve,42273,0,0,0,0
SP-11455,ok,reserve,32846,0,0,0,0
SP-11456,ok,reserve,21104,0,5114,0,0
SP-11457,ok,reserve,32705,0,0,0,0
SP-11458,ok,goals+,0,0,0,8725,148832
SP-11459,ok,reserve,22334,0,14888,0,0
SP-11460,ok,goals+,0,0,1,0,0
SP-11461,ok,reserve,8638,0,0,0,0
SP-11462,ok,goals+,0,0,2207,0,132862
SP-11463,ok,reserve,366960365,0,0,0,0
SP-11464,ok,reserve,3968,0,1087,0,0
SP-11465,deficit,none,0,0,0,0,0
SP-11466,deficit,none,0,0,0,0,0
SP-11467,ok,reserve,3284,0,0,0,0
SP-11468,ok,reserve,1579,0,0,0,0
SP-11469,ok,debt,0,36708,0,0,61209
SP-11470,deficit,none,0,0,0,0,0
SP-11471,ok,reserve,2009,0,0,0,0
SP-11472,deficit,none,0,0,0,0,0
SP-11473,ok,reserve,20582,2425,2694,0,0
SP-11474,ok,debt,6512,9767,0,0,0
SP-11475,deficit,none,0,0,0,0,0
SP-11476,ok,reserve,4692,0,0,0,0
SP-11477,ok,reserve,4880,0,2080,0,0
SP-11478,ok,reserve,25535,0,0,0,0
SP-11479,ok,reserve,8421,0,5614,0,0
SP-11480,deficit,none,0,0,0,0,0
SP-11481,ok,reserve,9817,0,0,0,0
SP-11482,ok,reserve,2144,0,0,0,0
SP-11483,ok,reserve,17060,0,0,0,0
SP-11484,ok,reserve,38377,0,0,34407,0
SP-11485,ok,debt,0,24496,0,0,37408
SP-11486,ok,debt,1469,2203,0,0,0
SP-11487,ok,goals+,1,0,0,10293,3561667
SP-11488,ok,reserve,4890,0,3260,0,0
SP-11489,ok,reserve,24419,0,0,0,0
SP-11490,ok,debt,0,3730,0,0,8617
SP-11491,ok,debt,0,2702,0,0,12762
SP-11492,ok,debt,1,17712,0,0,75033
SP-11493,ok,reserve,5726,0,0,0,0
SP-11494,ok,goals+,0,0,16776,0,121600
SP-11495,ok,reserve,33745,0,0,0,0
SP-11496,deficit,none,0,0,0,0,0
SP-11497,ok,reserve,4701,0,3133,0,146978
SP-11498,ok,debt,22282,29520,0,0,0
SP-11499,deficit,none,0,0,0,0,48423
SP-11500,ok,reserve,25119,0,16745,0,0
SP-11501,ok,reserve,5759,0,3838,0,0
SP-11502,ok,reserve,54,0,35,0,0
SP-11503,ok,reserve,26851,0,17900,0,0
SP-11504,deficit,none,0,0,0,0,0
SP-11505,ok,reserve,928233806,0,0,0,0
SP-11506,ok,reserve,44682,0,20131,0,0
SP-11507,ok,debt,7823,11733,0,0,0
SP-11508,deficit,none,0,0,0,0,0
SP-11509,ok,goals+,8092,12138,13486,0,0
SP-11510,ok,reserve,14864,0,983,0,0
SP-11511,ok,reserve,29906,13027,0,0,0
SP-11512,ok,debt,0,13359,0,0,52725
SP-11513,ok,reserve,24280,0,16186,0,0
SP-11514,deficit,none,0,0,0,0,0
SP-11515,ok,reserve,3054,0,2035,0,0
SP-11516,ok,reserve,4450,0,0,0,0
SP-11517,ok,reserve,4677,0,0,0,0
SP-11518,ok,reserve,31751,0,0,0,0
SP-11519,ok,reserve,2965,0,0,0,0
SP-11520,ok,reserve,15320,0,0,0,0
SP-11521,ok,reserve,15156,2457,2729,0,0
SP-11522,ok,goals+,0,0,0,57102,22507
SP-11523,ok,reserve,14896,0,0,0,0
SP-11524,deficit,none,0,0,0,0,0
SP-11525,ok,reserve,6153,182,0,0,0
SP-11526,ok,reserve,22895,0,0,0,0
SP-11527,ok,reserve,8757,0,0,0,0
SP-11528,ok,reserve,32720,0,0,25446,0
SP-11529,ok,goals+,1,0,7918,45067,1230114
SP-11530,ok,reserve,15021,0,3542,0,0
SP-11531,ok,reserve,6357,0,0,0,0
SP-11532,ok,reserve,34401,0,22934,0,0
SP-11533,ok,reserve,6157,0,0,0,0
SP-11534,ok,goals+,4170,6253,6948,0,40453
SP-11535,ok,goals+,851,1275,1416,0,0
SP-11536,ok,reserve,71613,0,44880,0,0
SP-11537,ok,reserve,29804,0,0,0,0
SP-11538,ok,goals+,0,0,26238,0,254999
SP-11539,ok,reserve,1734,0,0,0,0
SP-11540,ok,reserve,6577,0,0,0,0
SP-11541,deficit,none,0,0,0,0,0
SP-11542,deficit,none,0,0,0,0,0
SP-11543,ok,reserve,12918,0,8611,0,0
SP-11544,ok,goals+,0,0,14,6,0
SP-11545,ok,debt,0,21058,0,0,936
SP-11546,ok,reserve,1610,0,1072,0,0
SP-11547,ok,reserve,272714587,0,0,0,0
SP-11548,ok,goals+,6710,10065,11183,0,0
SP-11549,ok,reserve,3321,0,0,0,0
SP-11550,deficit,none,0,0,0,0,0
SP-11551,ok,debt,0,25820,0,0,22094
SP-11552,ok,reserve,15260,5180,0,0,0
SP-11553,ok,debt,0,40010,0,0,132449
SP-11554,ok,reserve,73201,0,27202,9570,0
SP-11555,ok,reserve,4155,0,0,0,0
SP-11556,deficit,none,0,0,0,0,0
SP-11557,ok,reserve,25879,0,0,0,0
SP-11558,deficit,none,0,0,0,0,0
SP-11559,ok,reserve,3308,0,0,0,0
SP-11560,deficit,none,0,0,0,0,0
SP-11561,ok,reserve,22153,0,9558,0,0
SP-11562,ok,reserve,5953,0,0,0,0
SP-11563,ok,reserve,54014,0,0,0,0
SP-11564,deficit,none,0,0,0,0,0
SP-11565,ok,reserve,13210,0,0,0,0
SP-11566,ok,reserve,7041,0,4694,0,0
SP-11567,ok,debt,6720,22007,0,0,0
SP-11568,ok,reserve,3944,0,0,0,0
SP-11569,ok,reserve,5502,0,3667,0,0
SP-11570,ok,reserve,39404,0,0,0,0
SP-11571,ok,goals+,0,0,0,16548,4131310
SP-11572,ok,goals+,0,12894,22924,0,231330
SP-11573,ok,reserve,10242,0,0,0,0
SP-11574,ok,debt,0,12057,0,0,10729
SP-11575,ok,reserve,31921,0,0,0,0
SP-11576,ok,goals+,0,0,0,32620,17584
SP-11577,ok,reserve,445,0,0,0,0
SP-11578,ok,reserve,49187,0,0,0,0
SP-11579,ok,reserve,18618,0,6008,0,0
SP-11580,deficit,none,0,0,0,0,0
SP-11581,ok,reserve,2533,0,0,0,0
SP-11582,ok,reserve,30783,0,20522,0,0
SP-11583,ok,debt,0,23458,0,0,36828
SP-11584,ok,reserve,26227,0,0,0,0
SP-11585,ok,reserve,16000,0,0,0,0
SP-11586,ok,reserve,62,0,40,0,0
SP-11587,deficit,none,0,0,0,0,0
SP-11588,ok,debt,0,11161,0,0,89951
SP-11589,ok,reserve,156872241,0,0,0,0
SP-11590,ok,reserve,118731,0,974,0,0
SP-11591,ok,reserve,38121,0,25413,0,0
SP-11592,deficit,none,0,0,0,0,0
SP-11593,ok,reserve,27377,0,5331,0,0
SP-11594,ok,reserve,18323,0,12214,0,0
SP-11595,ok,reserve,44331,0,0,0,0
SP-11596,ok,reserve,22836,0,0,0,0
SP-11597,ok,reserve,11604,0,0,0,0
SP-11598,deficit,none,0,0,0,0,0
SP-11599,ok,reserve,9994,0,0,0,0
SP-11600,ok,debt,1900,9521,0,0,0
SP-11601,ok,goals+,0,0,1453,0,52093
SP-11602,ok,reserve,23476,0,0,0,0
SP-11603,ok,reserve,13397,0,8931,0,0
SP-11604,deficit,none,0,0,0,0,0
SP-11605,ok,reserve,15943,0,0,0,0
SP-11606,ok,reserve,13489,0,0,0,0
SP-11607,ok,reserve,10347,0,0,0,0
SP-11608,ok,debt,0,22962,0,0,100971
SP-11609,ok,debt,0,241,0,0,56270
SP-11610,ok,reserve,2785,0,0,0,0
SP-11611,ok,reserve,17067,11075,0,0,0
SP-11612,ok,reserve,39206,0,0,0,0
SP-11613,ok,goals+,1,0,0,9401,830691
SP-11614,ok,reserve,34944,0,0,0,0
SP-11615,deficit,none,0,0,0,0,0
SP-11616,ok,reserve,9830,0,0,0,0
SP-11617,ok,reserve,3179,0,0,0,0
SP-11618,ok,reserve,17020,0,0,0,0
SP-11619,ok,debt,900,1350,0,0,0
SP-11620,ok,debt,0,53727,0,0,7380
SP-11621,ok,reserve,23863,0,15908,0,0
SP-11622,ok,reserve,8238,0,5491,0,0
SP-11623,ok,reserve,10065,0,6710,0,0
SP-11624,ok,reserve,8446,0,0,0,0
SP-11625,ok,reserve,21257,0,14170,0,0
SP-11626,ok,goals+,0,0,0,21416,559261
SP-11627,ok,reserve,14947,0,1668,0,0
SP-11628,ok,reserve,38,0,24,0,0
SP-11629,ok,reserve,7190,0,4792,0,0
SP-11630,ok,debt,0,15528,0,0,175271
SP-11631,ok,reserve,349835525,0,233223683,0,0
SP-11632,ok,reserve,7213,0,4808,0,0
SP-11633,ok,reserve,1551,0,0,0,0
SP-11634,deficit,none,0,0,0,0,0
SP-11635,deficit,none,0,0,0,0,0
SP-11636,ok,goals+,0,0,0,1919,16814
SP-11637,ok,goals+,1,0,40175,49609,425197
SP-11638,ok,goals+,0,0,115,0,353202
SP-11639,ok,reserve,13315,0,0,0,0
SP-11640,deficit,none,0,0,0,0,0
SP-11641,deficit,none,0,0,0,0,0
SP-11642,ok,reserve,5765,0,3842,0,0
SP-11643,deficit,none,0,0,0,0,0
SP-11644,ok,reserve,10799,0,0,0,0
SP-11645,ok,reserve,14137,0,9424,0,0
SP-11646,deficit,none,0,0,0,0,0
SP-11647,ok,reserve,8383,0,1796,0,0
SP-11648,ok,goals+,0,0,9182,30346,0
SP-11649,ok,debt,6324,9486,0,0,0
SP-11650,ok,reserve,570,0,0,0,0
SP-11651,ok,reserve,5852,0,0,0,0
SP-11652,deficit,none,0,0,0,0,0
SP-11653,ok,reserve,7696,0,0,0,0
SP-11654,ok,reserve,20796,0,0,0,0
SP-11655,ok,goals+,0,0,0,17208,517346
SP-11656,ok,reserve,27042,0,0,0,0
SP-11657,ok,reserve,11721,0,7813,0,0
SP-11658,ok,reserve,5375,0,0,0,0
SP-11659,ok,reserve,4455,0,0,0,0
SP-11660,ok,reserve,13020,0,8680,0,0
SP-11661,ok,reserve,11292,0,0,0,0
SP-11662,ok,reserve,8493,0,5661,0,0
SP-11663,ok,goals+,0,3036,5397,0,99531
SP-11664,ok,reserve,46,0,30,0,0
SP-11665,ok,reserve,12861,0,8574,0,0
SP-11666,ok,debt,0,23146,0,0,23711
SP-11667,ok,goals+,8682,13022,14469,0,0
SP-11668,ok,reserve,5527,0,0,0,0
SP-11669,ok,reserve,30068,0,0,0,0
SP-11670,ok,reserve,132,0,0,0,0
SP-11671,deficit,none,0,0,0,0,0
SP-11672,ok,reserve,11535,0,0,0,0
SP-11673,deficit,none,0,0,0,0,0
SP-11674,ok,reserve,10976,0,0,0,0
SP-11675,ok,debt,0,6840,0,4560,0
SP-11676,deficit,none,0,0,0,0,0
SP-11677,ok,reserve,22799,0,1963,0,0
SP-11678,ok,reserve,10232,0,6821,0,0
SP-11679,ok,goals+,0,0,24108,29728,147920
SP-11680,deficit,none,0,0,0,0,0
SP-11681,ok,goals+,133,0,26810,6272,0
SP-11682,deficit,none,0,0,0,0,0
SP-11683,deficit,none,0,0,0,0,0
SP-11684,ok,debt,0,22533,0,0,29837
SP-11685,deficit,none,0,0,0,0,0
SP-11686,ok,reserve,48882,0,0,0,0
SP-11687,deficit,none,0,0,0,0,0
SP-11688,ok,reserve,12235,0,0,0,0
SP-11689,ok,reserve,13003,0,0,0,0
SP-11690,ok,goals+,0,0,0,25420,0
SP-11691,ok,reserve,13532,0,0,0,0
SP-11692,ok,reserve,796,0,0,0,0
SP-11693,deficit,none,0,0,0,0,0
SP-11694,ok,goals+,1,0,0,39775,311766
SP-11695,ok,reserve,35089,680,0,0,0
SP-11696,ok,reserve,19753,0,0,0,0
SP-11697,ok,goals+,0,0,0,23036,2150608
SP-11698,ok,reserve,7117,0,0,0,0
SP-11699,ok,reserve,38004,2101,1203,0,0
SP-11700,ok,reserve,1896,0,0,0,0
SP-11701,deficit,none,0,0,0,0,0
SP-11702,ok,reserve,20550,2560,0,0,0
SP-11703,ok,debt,0,2176,0,0,27518
SP-11704,ok,reserve,45076,0,30050,0,0
SP-11705,deficit,none,0,0,0,0,0
SP-11706,ok,reserve,2971,0,1980,0,0
SP-11707,ok,goals+,7393,0,46270,0,0
SP-11708,ok,reserve,35451,0,0,818,0
SP-11709,ok,reserve,22844,0,0,0,0
SP-11710,ok,reserve,4996,0,0,0,0
SP-11711,ok,reserve,8877,0,0,0,0
SP-11712,ok,goals+,6,0,51,0,0
SP-11713,ok,reserve,2220,0,0,0,0
SP-11714,ok,debt,0,12776,0,8518,47205
SP-11715,ok,reserve,2822514944,0,243041643,0,0
SP-11716,ok,debt,0,2740,0,0,47525
SP-11717,ok,debt,11152,44735,0,0,0
SP-11718,deficit,none,0,0,0,0,0
SP-11719,ok,reserve,14637,0,7104,0,0
SP-11720,ok,reserve,24016,17846,0,0,0
SP-11721,ok,reserve,22867,7381,0,0,0
SP-11722,ok,reserve,19280,0,6525,0,0
SP-11723,ok,goals+,0,0,1730,0,169935
SP-11724,deficit,none,0,0,0,0,0
SP-11725,ok,reserve,14267,0,0,0,0
SP-11726,ok,reserve,18633,0,7367,0,0
SP-11727,deficit,none,0,0,0,0,0
SP-11728,deficit,none,0,0,0,0,0
SP-11729,ok,reserve,12287,0,0,0,0
SP-11730,ok,reserve,12841,0,8560,0,0
SP-11731,ok,reserve,17427,0,0,0,0
SP-11732,ok,reserve,10085,0,6722,0,0
SP-11733,ok,debt,454,680,0,0,0
SP-11734,ok,reserve,5703,0,3801,0,0
SP-11735,ok,debt,20416,24766,0,0,0
SP-11736,ok,debt,0,546,0,365,0
SP-11737,ok,debt,0,6112,0,0,23831
SP-11738,ok,reserve,8361,0,5574,0,0
SP-11739,ok,goals+,1,0,0,13448,841052
SP-11740,ok,reserve,3665,0,0,0,0
SP-11741,ok,reserve,2759,0,0,0,0
SP-11742,ok,reserve,12467,0,0,0,0
SP-11743,ok,reserve,17861,0,0,0,0
SP-11744,ok,reserve,33138,3079,3421,0,0
SP-11745,ok,reserve,2478,0,1651,0,0
SP-11746,deficit,none,0,0,0,0,0
SP-11747,ok,reserve,27800,0,4441,0,0
SP-11748,ok,reserve,16568,0,11045,0,0
SP-11749,ok,goals+,2163,0,19349,0,0
SP-11750,ok,reserve,7334,0,0,0,0
SP-11751,ok,reserve,5936,0,0,0,0
SP-11752,ok,goals+,0,0,3550,0,69524
SP-11753,ok,reserve,37097,0,24731,0,0
SP-11754,ok,reserve,47,0,39,0,0
SP-11755,ok,debt,0,16917,0,0,3538
SP-11756,ok,reserve,15181,0,0,0,0
SP-11757,deficit,none,0,0,0,0,0
SP-11758,ok,reserve,3873,0,0,0,0
SP-11759,ok,reserve,16688,0,11124,0,0
SP-11760,deficit,none,0,0,0,0,0
SP-11761,ok,goals+,0,0,0,11772,216999
SP-11762,ok,debt,0,3572,0,0,55504
SP-11763,ok,goals+,0,0,0,134227,139475
SP-11764,ok,reserve,16803,0,0,0,0
SP-11765,ok,reserve,29193,0,8372,0,0
SP-11766,deficit,none,0,0,0,0,0
SP-11767,deficit,none,0,0,0,0,0
SP-11768,ok,reserve,17261,0,0,0,0
SP-11769,deficit,none,0,0,0,0,0
SP-11770,ok,reserve,8093,0,5394,0,0
SP-11771,deficit,none,0,0,0,0,0
SP-11772,deficit,none,0,0,0,0,0
SP-11773,ok,reserve,3885,0,0,0,0
SP-11774,ok,reserve,19496,0,12997,0,0
SP-11775,ok,reserve,12489,0,0,0,0
SP-11776,deficit,none,0,0,0,0,0
SP-11777,ok,reserve,2262,0,0,0,0
SP-11778,ok,reserve,40506,0,0,0,0
SP-11779,deficit,none,0,0,0,0,0
SP-11780,ok,reserve,4488,0,0,0,0
SP-11781,ok,goals+,0,0,0,36384,1252732
SP-11782,ok,reserve,24775,0,7394,0,0
SP-11783,ok,debt,0,11269,0,0,296284
SP-11784,ok,reserve,8672,0,0,0,0
SP-11785,ok,reserve,8142,0,0,0,0
SP-11786,ok,reserve,13988,0,9325,0,0
SP-11787,ok,reserve,8991,0,0,0,0
SP-11788,deficit,none,0,0,0,0,0
SP-11789,ok,reserve,48485,0,0,0,0
SP-11790,ok,reserve,37256,0,24837,0,0
SP-11791,ok,reserve,16695,3292,0,0,0
SP-11792,ok,reserve,971,0,647,0,0
SP-11793,ok,reserve,5298,0,0,0,0
SP-11794,ok,debt,0,5755,0,0,15565
SP-11795,ok,reserve,11052,0,0,0,0
SP-11796,ok,goals+,0,0,38,131,0
SP-11797,ok,reserve,22444,0,0,0,0
SP-11798,ok,reserve,13067,0,8710,0,0
SP-11799,ok,reserve,494784005,0,0,0,0
SP-11800,ok,debt,0,2413,0,0,62350
SP-11801,ok,reserve,28967,0,0,0,0
SP-11802,deficit,none,0,0,0,0,0
SP-11803,ok,reserve,8750,0,0,0,0
SP-11804,ok,reserve,6638,0,0,0,0
SP-11805,ok,goals+,0,0,25168,0,0
SP-11806,ok,reserve,13359,0,8905,0,0
SP-11807,ok,reserve,11598,0,0,0,0
SP-11808,deficit,none,0,0,0,0,0
SP-11809,ok,reserve,2535,0,0,0,0
SP-11810,ok,debt,0,7916,0,0,28891
SP-11811,deficit,none,0,0,0,0,0
SP-11812,ok,reserve,19379,0,0,0,0
SP-11813,ok,reserve,3377,0,2251,0,0
SP-11814,deficit,none,0,0,0,0,0
SP-11815,ok,reserve,11231,0,3046,0,0
SP-11816,ok,reserve,8431,0,0,0,0
SP-11817,ok,reserve,89,0,0,0,0
SP-11818,ok,reserve,21163,0,9897,0,0
SP-11819,ok,debt,0,98552,0,0,24330
SP-11820,ok,reserve,2383,0,0,0,0
SP-11821,ok,debt,0,32610,0,0,99183
SP-11822,ok,reserve,6011,0,0,0,0
SP-11823,ok,goals+,0,0,0,20936,1049132
SP-11824,deficit,none,0,0,0,0,0
SP-11825,deficit,none,0,0,0,0,125840
SP-11826,ok,reserve,17316,0,11544,0,0
SP-11827,ok,reserve,20371,0,0,0,0
SP-11828,deficit,none,0,0,0,0,0
SP-11829,ok,debt,0,8115,0,0,39906
SP-11830,deficit,none,0,0,0,0,0
SP-11831,ok,reserve,7986,0,0,0,0
SP-11832,deficit,none,0,0,0,0,0
SP-11833,ok,debt,704,40577,0,0,0
SP-11834,ok,reserve,14209,0,0,0,0
SP-11835,ok,reserve,4389,0,0,0,0
SP-11836,ok,goals+,2752,4127,4585,0,0
SP-11837,ok,reserve,7690,0,0,0,0
SP-11838,ok,goals+,0,0,2,0,0
SP-11839,ok,reserve,8781,0,0,0,0
SP-11840,ok,goals+,0,0,0,6548,56012
SP-11841,ok,reserve,1370648780,0,148355362,0,0
SP-11842,ok,goals+,0,0,4769,0,124481
SP-11843,ok,reserve,27523,0,1100,0,0
SP-11844,deficit,none,0,0,0,0,0
SP-11845,ok,reserve,16914,0,5254,0,0
SP-11846,ok,reserve,16829,0,0,0,0
SP-11847,ok,goals+,0,0,48764,0,129229
SP-11848,ok,reserve,45719,0,0,0,0
SP-11849,ok,debt,0,5533,0,0,45689
SP-11850,deficit,none,0,0,0,0,0
SP-11851,ok,debt,0,6408,0,0,1567
SP-11852,ok,reserve,21244,0,0,0,0
SP-11853,deficit,none,0,0,0,0,0
SP-11854,ok,reserve,15839,0,0,0,0
SP-11855,ok,reserve,10471,0,0,0,0
SP-11856,deficit,none,0,0,0,0,0
SP-11857,ok,reserve,10495,0,6996,0,0
SP-11858,ok,debt,0,19820,0,0,120620
SP-11859,ok,goals+,0,0,0,44814,25791
SP-11860,ok,debt,0,4546,0,0,8848
SP-11861,ok,reserve,9041,0,0,0,0
SP-11862,ok,goals+,1,0,0,5677,184077
SP-11863,ok,reserve,15872,0,10580,0,0
SP-11864,ok,goals+,9040,0,19192,306,157668
SP-11865,ok,goals+,0,0,0,6676,362991
SP-11866,deficit,none,0,0,0,0,0
SP-11867,ok,debt,0,17986,0,0,86054
SP-11868,ok,reserve,784,0,522,0,0
SP-11869,ok,debt,1,2357,0,0,133541
SP-11870,ok,reserve,15338,0,0,0,0
SP-11871,ok,reserve,2751,0,1834,0,0
SP-11872,ok,debt,0,6004,0,0,46381
SP-11873,ok,reserve,13519,0,0,0,0
SP-11874,ok,reserve,85098,0,0,0,0
SP-11875,ok,reserve,21477,0,0,0,0
SP-11876,ok,goals+,0,0,35826,0,362966
SP-11877,ok,reserve,17382,0,11587,0,0
SP-11878,ok,reserve,78553,0,7039,0,0
SP-11879,ok,debt,0,11158,6378,1062,10969
SP-11880,ok,reserve,65,0,42,0,0
SP-11881,ok,reserve,20222,0,13481,0,0
SP-11882,ok,goals+,0,0,0,68880,95021
SP-11883,ok,debt,456030114,684045169,0,0,0
SP-11884,ok,reserve,17983,0,0,0,0
SP-11885,ok,reserve,6301,0,0,0,0
SP-11886,deficit,none,0,0,0,0,0
SP-11887,ok,reserve,1821,0,1213,0,0
SP-11888,ok,reserve,14628,0,0,0,0
SP-11889,ok,debt,1,59111,0,0,306740
SP-11890,ok,reserve,1912,0,0,0,0
SP-11891,ok,reserve,5613,0,3742,0,0
SP-11892,deficit,none,0,0,0,0,0
SP-11893,deficit,none,0,0,0,0,0
SP-11894,ok,debt,248,372,0,0,0
SP-11895,deficit,none,0,0,0,0,0
SP-11896,ok,reserve,18153,0,0,0,0
SP-11897,ok,debt,0,2760,0,0,22809
SP-11898,ok,reserve,19313,0,0,0,0
SP-11899,ok,reserve,8025,0,0,0,0
SP-11900,ok,reserve,204,0,0,0,0
SP-11901,ok,reserve,10855,0,0,0,0
SP-11902,ok,reserve,7239,0,0,0,0
SP-11903,ok,debt,0,1511,0,0,9658
SP-11904,ok,debt,0,28727,0,0,17137
SP-11905,ok,reserve,5819,0,0,0,0
SP-11906,deficit,none,0,0,0,0,0
SP-11907,ok,goals+,0,0,0,22452,847259
SP-11908,ok,reserve,29223,0,27127,0,0
SP-11909,ok,reserve,5982,0,2806,0,0
SP-11910,ok,reserve,5972,0,0,0,0
SP-11911,ok,goals+,0,0,22212,0,56475
SP-11912,ok,reserve,5827,0,3884,0,0
SP-11913,ok,reserve,5046,0,3363,0,0
SP-11914,deficit,none,0,0,0,0,0
SP-11915,ok,reserve,50881,0,0,0,0
SP-11916,ok,reserve,51414,0,15364,0,0
SP-11917,ok,reserve,1292,0,0,0,0
SP-11918,ok,goals+,0,0,9230,0,25904
SP-11919,ok,debt,0,2280,0,0,42416
SP-11920,ok,reserve,15824,0,0,0,0
SP-11921,ok,goals+,0,0,42063,0,72912
SP-11922,ok,reserve,12,0,0,0,0
SP-11923,ok,reserve,21588,0,0,0,0
SP-11924,ok,goals+,414,0,19172,0,0
SP-11925,ok,debt,0,20896329,0,0,63207094
SP-11926,ok,reserve,2461,0,0,0,0
SP-11927,ok,reserve,16267,0,3902,0,0
SP-11928,deficit,none,0,0,0,0,0
SP-11929,deficit,none,0,0,0,0,0
SP-11930,ok,goals+,0,0,5049,15447,458109
SP-11931,ok,reserve,37107,0,27553,0,0
SP-11932,deficit,none,0,0,0,0,0
SP-11933,deficit,none,0,0,0,0,0
SP-11934,deficit,none,0,0,0,0,0
SP-11935,ok,debt,0,2465,0,0,187069
SP-11936,ok,debt,0,4019,0,2680,55548
SP-11937,ok,reserve,5648,0,0,0,0
SP-11938,ok,reserve,14959,0,0,0,0
SP-11939,ok,debt,2013,3018,0,0,0
SP-11940,ok,reserve,35789,0,23858,0,0
SP-11941,ok,goals+,0,0,13121,0,14923
SP-11942,ok,reserve,51915,0,0,0,0
SP-11943,ok,goals+,0,0,0,21992,131979
SP-11944,ok,reserve,25101,0,16733,0,0
SP-11945,ok,reserve,15002,0,10001,0,0
SP-11946,ok,debt,0,16290,0,0,7311
SP-11947,ok,reserve,24315,3354,3727,0,0
SP-11948,ok,goals+,0,0,0,3128,511271
SP-11949,ok,goals+,0,0,0,13286,1753976
SP-11950,ok,reserve,11944,0,7962,0,0
SP-11951,ok,debt,0,72884,0,0,59855
SP-11952,ok,reserve,12501,0,3637,0,0
SP-11953,ok,reserve,27813,0,0,0,0
SP-11954,ok,reserve,7033,0,4688,0,0
SP-11955,ok,reserve,6055,0,0,0,0
SP-11956,ok,reserve,845,0,0,0,0
SP-11957,deficit,none,0,0,0,0,0
SP-11958,ok,reserve,17110,0,11406,0,0
SP-11959,ok,reserve,14462,0,0,0,0
SP-11960,ok,goals+,0,0,16060,1005,151856
SP-11961,ok,reserve,17635,0,0,0,0
SP-11962,deficit,none,0,0,0,0,0
SP-11963,deficit,none,0,0,0,0,0
SP-11964,ok,none,0,0,0,0,0
SP-11965,ok,reserve,15404,0,10269,0,0
SP-11966,ok,reserve,8322,0,0,0,0
SP-11967,ok,reserve,733592643,0,0,0,0
SP-11968,ok,reserve,21870,0,0,0,0
SP-11969,ok,goals+,0,0,33964,0,137520
SP-11970,deficit,none,0,0,0,0,0
SP-11971,ok,reserve,1456,0,0,0,0
SP-11972,ok,reserve,5894,0,0,0,0
SP-11973,ok,goals+,0,0,14082,176950,572333
SP-11974,ok,reserve,13371,0,0,0,0
SP-11975,ok,reserve,11669,729,0,0,0
SP-11976,deficit,none,0,0,0,0,0
SP-11977,ok,reserve,6417,0,0,0,0
SP-11978,ok,reserve,23208,0,0,0,0
SP-11979,deficit,none,0,0,0,0,0
SP-11980,ok,reserve,18859,0,16746,0,0
SP-11981,ok,goals+,0,0,6784,19107,49480
SP-11982,deficit,none,0,0,0,0,0
SP-11983,deficit,none,0,0,0,0,0
SP-11984,ok,reserve,1200,0,0,0,0
SP-11985,ok,debt,944,1414,0,0,0
SP-11986,deficit,none,0,0,0,0,0
SP-11987,ok,debt,0,26028,0,0,17912
SP-11988,ok,reserve,22437,0,0,0,0
SP-11989,ok,goals+,6882,0,0,14863,0
SP-11990,ok,debt,4957,42146,0,0,0
SP-11991,ok,goals+,0,0,1170,9389,728530
SP-11992,ok,goals+,0,0,2123,32559,24337
SP-11993,ok,reserve,3729,0,0,0,0
SP-11994,ok,goals+,988,1482,1646,0,0
SP-11995,deficit,none,0,0,0,0,0
SP-11996,ok,reserve,86941,0,0,0,0
SP-11997,ok,reserve,3050,0,0,0,0
SP-11998,ok,goals+,1757,2634,2927,0,170398
SP-11999,ok,reserve,21354,0,0,0,0
