"Registration number","Date and number of the decision","The complete and reduced name","OGRN, INN","Information on compulsory liability insurance contracts for causing losses to the debtor","The address","Address of the website","Email address","Restrictions on the methods of interaction, the period of validity of the restriction","Decision date and number about an exception of information","Risk category of harm (damage) (1 - low, 2 - medium, 3 - significant, 4 - high)"
"1","29.12.2016, 1/16/77000-СЗ","Общество с ограниченной ответственностью Профессиональная коллекторская организация «Сентинел Кредит Менеджмент», ООО ПКО «СКМ»","ОГРН 1096315004720, ИНН 6315626402","АО «АльфаСтрахование», период действия договора с 15.01.2026 по 14.01.2027","123376,  г. Москва, вн.тер.г. муниципальный округ Дорогомилово, наб. Тараса Шевченко, д. 23А, помещ. 1","sentinelcredit.ru","info@sentinelcredit.ru","","","3"
"2","29.12.2016,  2/16/77000-СЗ","Общество с ограниченной ответственностью Профессиональная коллекторская организация «АктивБизнесКонсалт», ООО ПКО «АБК»","ОГРН 1137746390572, ИНН 7736659589","СПАО «Ингосстрах», период действия договора с 05.02.2026 по 04.02.2027","121170,  г. Москва,  вн.тер. г. муниципальный округ Дорогомилово,  ул. Поклонная,  д. 3, к. 3","activebc.ru","info@activebc.ru","","","4"
"3","29.12.2016,  3/16/77000-СЗ","Непубличное акционерное общество Профессиональная коллекторская организация «Первое клиентское бюро», НАО ПКО «ПКБ»","ОГРН 1092723000446, ИНН 2723115222","СПАО «Ингосстрах», период действия договора с 24.04.2026 по 23.04.2027","108811,  г. Москва,  пос. Московский, км 22-й, (Киевское ш.), двлд. 6, стр.1","pkbonline.ru","info@pkbonline.ru","","","4"
"4","29.12.2016,  4/16/77000-СЗ","Общество с ограниченной ответственностью Профессиональная коллекторская организация НСВ, ООО ПКО НСВ","ОГРН 1057748047675,  ИНН 7727551797","СПАО «Ингосстрах», период действия договора с 24.04.2026 по 23.04.2027","108811,  г. Москва,  вн.тер.г. муниципальный округ Солнцево ш. Киевское,  км 22-й, двлд. 6, стр. 1","nrservice.ru","inform@NRService.ru","","","4"
"5","29.12.2016,  5/16/77000-СЗ","Общество с ограниченной ответственностью «Агентство Кредит Финанс», ООО «АКФ»","ОГРН 5147746351352,  ИНН 9715005807","ОАО «АльфаСтрахование», период действия договора с 16.12.2016 по 15.12.2017","127576,  г. Москва,  ул. Илимская, д. 5, корп. 2","credfinagency.ru","office@credfinagency.ru","","13.04.2017, 77922/17/120183-КЛ",""
"6","29.12.2016,  6/16/77000-СЗ","Акционерное общество Профессиональная коллекторская организация «Финансовое Агентство по Сбору Платежей», АО ПКО «ФАСП»","ОГРН 1047796582305,  ИНН 7704527702","АО «АльфаСтрахование», период действия договора с 10.08.2025 по 09.08.2026","129085,  г. Москва, вн.тер.г. муниципальный округ Останкинский, пр-т Мира, д. 105, стр.1, помещ. 1/1","fasp.ru","info@fasp.ru","","","3"
"7","29.12.2016,  7/16/77000-СЗ","Общество с ограниченной ответственностью «Центр ЮСБ-М»,  ООО «Центр ЮСБ-М»","ОГРН 1097746188924,  ИНН 7736602060","ООО СК «Уралсиб Страхование», период действия договора с 31.07.2023 по 30.07.2024","117335,  г. Москва,  ул. Вавилова, д. 79, корп. 1, офис 4","usb-m.ru","sna@usb-collector.ru","","31.08.2023, 77922/23/1597741-НК",""
"8","29.12.2016,  8/16/77000-СЗ","Общество с ограниченной ответственностью «Профессиональная коллекторская организация «М.Б.А. Финансы», ООО «ПКО «М.Б.А. Финансы»","ОГРН 1097746177693, ИНН 7726626680","СПАО «Ингосстрах», период действия договора с 13.02.2026 до 12.02.2027","115280,  г. Москва,  ул. Мастеркова, д. 4,  этаж 15, помещ. I, ком. 35","mbafin.ru","support@mbafin.ru","","","4"
"9","29.12.2016,  9/16/77000-СЗ","Акционерное общество «СЕКВОЙЯ КРЕДИТ КОНСОЛИДЕЙШН», АО «СЕКВОЙЯ КРЕДИТ КОНСОЛИДЕЙШН»","ОГРН 1047796702557,  ИНН 7705618889","ООО СК «Уралсиб Страхование», период действия договора с 01.06.2018 по 31.05.2019","127473,  г. Москва,  ул. Краснопролетарская,  д. 16, стр. 2","sequoia.ru","mail@sequoia.ru","","28.11.2018, 1220",""
"10","29.12.2016,  10/16/77000-СЗ","Общество с ограниченной ответственностью «Центр ЮСБ», ООО «Центр ЮСБ»","ОГРН 1037727003621,  ИНН 7727237125","ООО СК «Уралсиб Страхование», период действия договора с 23.05.2023 по 22.05.2024","117335,  г. Москва, ул. Вавилова, д. 79, корп. 1, офис 4","usbcollector.ru","client@usb-collector.ru","","08.11.2023, 77922/23/3408011-НК",""
"11","09.01.2017,  43918/17/20-СЖ","Общество с ограниченной ответственностью Профессиональная коллекторская организация «ГК Финансовые услуги», ООО ПКО «ГК ФИН»","ОГРН 1127746465120, ИНН 7707778366","АО «АльфаСтрахование», период действия договора с 11.12.2025 по 10.12.2026","610017,  Кировская область,  г. Киров, ул. Альберта Лиханова, д. 62, пом. 29","gk-fin.ru","vopros@gk-fin.ru","","","1"
"12","11.01.2017,  38918/17/2033-ТМ","Общество с ограниченной ответственностью Профессиональная коллекторская организация Траст», ООО «ПКО Траст»","ОГРН 1063801051203, ИНН 3801084488","СПАО «Ингосстрах», период действия договора с 01.01.2026 по 31.12.2026","665801,  Иркутская область, г.о. Ангарский, г. Ангарск,  Квартал 252,  стр. 19, офис 202","catrust.ru","trust@catrust.ru","","","1"
"13","11.01.2017,  38918/17/2034-ТМ","Общество с ограниченной ответственностью «Профессиональная коллекторская организация Траст-Западная Сибирь», ООО «ПКО Траст-Западная Сибирь»","ОГРН 1143801000463, ИНН 3801128449","СПАО «Ингосстрах», период действия договора с 01.01.2026 по 31.12.2026","665801,  Иркутская область, г.о. Ангарский, г. Ангарск,  Квартал 252,  стр. 19, офис 203","trust-zs.ru","trust@catrust.ru","","","1"
"14","11.01.2017,  38918/17/2035-ТМ","Общество с ограниченной ответственностью «Профессиональная коллекторская организация Управляющая компания Траст», ООО «ПКО Управляющая компания Траст»","ОГРН 1103801002909, ИНН 3801109213","СПАО «Ингосстрах», период действия договора с 01.01.2026 по 31.12.2026","665801,  Иркутская область, г.о. Ангарский, г. Ангарск,  Квартал 252,  стр. 19, офис 207","trust-uk.ru","trust@catrust.ru","","","1"
"15","11.01.2017,  38918/17/2036-ТМ","Общество с ограниченной ответственностью «Профессиональная коллекторская организация Компания Траст», ООО « ПКО Компания Траст»","ОГРН 1103801001963, ИНН 3801108273","СПАО «Ингосстрах», период действия договора с 01.01.2026 по 31.12.2026","665801,  Иркутская область, г.о. Ангарский, г. Ангарск,  Квартал 252,  стр. 19, офис 208","trust-k.ru","trust@catrust.ru","","","1"
"16","11.01.2017,  50904/17/520-ЛН","Общество с ограниченной ответственностью Профессиональная коллекторская организация «Долговое агентство «Центр кредитной безопасности», ООО ПКО «ДА-ЦКБ»","ОГРН 1075038012060,  ИНН 5042094666","ПАО СК «Росгосстрах», период действия договора с 29.12.2025 по 28.12.2026","141304,  Московская область, Сергиево-Посадский район,  г. Сергиево-Посад, Московское ш., д. 6","dackb.ru","info@dackb.ru","","","1"
"17","11.01.2017,  78922/17/3720-АЛ","Общество с ограниченной ответственностью Профессиональная коллекторская организация «Филберт», ООО ПКО «Филберт»","ОГРН 1107847250961,  ИНН 7841430420","АО «АльфаСтрахование», период действия договора с 24.08.2025 по 23.08.2026","198028,  г. Санкт-Петербург,  ул. Маршала Говорова,  д. 35, корп. 5, лит. Ж","filbert.su; Filbert.pro","debt@filbert.pro","","","4"
"18","12.01.2017,  1/17/77000-СЗ","Общество с ограниченной ответственностью Профессиональная коллекторская организация «Бюро кредитной безопасности «РУССКОЛЛЕКТОР», ООО ПКО ""Бюро кредитной безопасности «РУССКОЛЛЕКТОР»","ОГРН 1067746233455,  ИНН 7714634848","СПАО «Ингосстрах», период действия договора с 15.03.2026 по 14.03.2027","129515,  г. Москва, ул. Академика Королева,  д. 13, стр. 1, эт. 2, ком. 14, помещ. II","russcollector.ru","info@russcollector.ru","","","1"
"19","12.01.2017,  2/17/77000-СЗ","Общество с ограниченной ответственностью профессиональная коллекторская организация «Агентство Региональная организация по сбору долгов», ООО ПКО «Агентство Р.О.С.долгЪ»","ОГРН 1097746191410,  ИНН 7704724468","ООО «Абсолют Страхование», период действия договора с 01.01.2025 по 31.12.2025","125252,  г. Москва, вн.тер.г. муниципальный округ Хорошевский, ул. Авиаконструктора Микояна, д. 12,  помещ. 12/3","rosdolg.com","info@rosdolg.com zapros@rosdolg.su","","12.11.2025, 77922/25/208178-НК",""
"20","12.01.2017,  3/17/77000-СЗ","Общество с ограниченной ответственностью Профессиональная коллекторская организация «Столичное агентство по возврату долгов», ООО ПКО «Столичное АВД»","ОГРН 1057746413922,  ИНН 7717528291","ООО «Абсолют Страхование», период действия договора с 30.03.2026 по 29.03.2027","125212,  г. Москва,  вн.тер.г. муниципальный округ Головинский,  б-р Кронштадтский,  д. 7А, помещ. 11/5","stcollector.ru","avdcc@stcollector.ru Info@stcollector.ru","","","4"
"21","12.01.2017,  4/17/77000-СЗ","Общество с ограниченной ответственностью «Профессиональная коллекторская организация «Кредит Инкасо Рус», ООО «ПКО «Кредит Инкасо Рус»","ОГРН 1035006495171,  ИНН 5032094681","ООО «Абсолют Страхование», период действия договора с 20.12.2025 по 19.12.2026","127273,  г. Москва,  Березовая аллея, д. 5А,  стр. 7, помещ. 4","kredytinkaso.ru","office_moscow@kredytinkaso.ru","","","1"
"22","12.01.2017,  5/17/77000-СЗ","Общество с ограниченной ответственностью Профессиональная коллекторская организация «Кредитэкспресс Финанс», ООО ПКО «КЭФ»","ОГРН 1127747190152,  ИНН 7707790885","ПАО СК «Росгосстрах», период действия договора с 29.03.2025 по 28.03.2027","127055,  г. Москва, вн.тер.г. муниципальный округ Тверской, Бутырский Вал, д. 68/70,  стр. 1, этаж 4, помещ. I, ком. 44","creditexpress.ru","legal@creditexpress.ru","","","4"
"23","12.01.2017,  6/17/77000-СЗ","Общество с ограниченной ответственностью Профессиональная коллекторская организация «Феникс», ООО ПКО «Феникс»","ОГРН 1147746920144,  ИНН 7713793524","СПАО «Ингосстрах», период действия договора с 29.12.2025 по 28.12.2026","127287,  г. Москва,  ул. 2-я Хуторская,  д. 38 а, стр. 26","phoenix-ca.ru","claim@phoenix-ca.ru","","","4"
"24","12.01.2017,  7/17/77000-СЗ","Общество с ограниченной ответственностью Профессиональная коллекторская организация «ЭВЕРЕСТ», ООО ПКО «ЭВЕРЕСТ»","ОГРН 1147746052475, ИНН 7716764909","ООО «Абсолют Страхование», период действия договора с 28.12.2025 по 27.12.2026","117342,  г. Москва, вн.тер.г.муниципальный округ Коньково,  ул. Бутлерова, д.17, помещ. 112/4","everestcollect.ru","contact@everestcollect.ru","","","4"
"25","12.01.2017,  8/17/77000-СЗ","Общество с ограниченной ответственностью «ЦЗ инвест», ООО «ЦЗ инвест»","ОГРН 1073255000312, ИНН 3255054921","АО АСК «Инвестстрах», период действия договора с 29.12.2017 по 28.12.2018","241050,  Брянская область,  г. Брянск,  Проезд Центральный,  стр. 5/1, офис 1","czfinance.ru","contact-rt@czfinance.ru","","22.01.2019,  322906/19/819-ВО",""
"26","12.01.2017,  59922/17/573-ИК","Общество с ограниченной ответственностью «Профессиональная коллекторская организация «Камелот», ООО «ПКО «Камелот»","ОГРН 1075902008445, ИНН 5902160058","АО «Совкомбанк страхование»,  период действия договора с 30.04.2024 по 29.04.2027","614000,  Пермский край,  г. Пермь,  ул. Ленина,  д. 38, офис 307","kamelotperm.ru","kamelot.al@mail.ru","","","1"
"27","12.01.2017,  59922/17/569-ИК","Общество с ограниченной ответственностью Профессиональная коллекторская организация «Агентство юридического взыскания и сопровождения», ООО ПКО «Агентство ЮВС»","ОГРН 1065904113109, ИНН 5904144541","СПАО «Ингосстрах», период действия договора с 15.01.2026 по 14.01.2027","614000,  Пермский край,  г. Пермь,  ул. Краснофлотская,  д. 28","lcs-agency.ru","mail@lcs-agency.ru","","","1"
"28","13.01.2017,  61918/17/2529-ЮР","Общество с ограниченной ответственностью  «Л-КОЛЛЕКШН», ООО «ЛК»","ОГРН 1096154001900,  ИНН 6154560469","АО «АльфаСтрахование», период действия договора с 17.04.2018 по 16.04.2019","347900,  Ростовская область,  г. Таганрог,  Пер. Тургеневский, д. 34,  кв. 2","kalazer.ru","","","09.04.2019,  61919/19/21709-ЕК",""
"29","13.01.2017,  61918/17/2527-ЮР","Общество с ограниченной ответственностью «П.Р.Е.С.К.О.», ООО «П.Р.Е.С.К.О.»","ОГРН 1147746699022, ИНН 7714938194","ООО «Абсолют Страхование», период действия договора с 26.04.2022 по 25.04.2023","344002,  Ростовская область,  г. Ростов-на-Дону,  ул. Московская, д. 55А, помещ. 1Б, 1В, 1Г, 2","prescogroup.com.ru","","","10.02.2023, 61922/22/14219-ЕК",""
"30","18.01.2017,  78922/17/3721-АЛ","Общество с ограниченной ответственностью «Профессиональная коллекторская организация «НОРД КОЛЛЕКТ», ООО «ПКО «НОРД КОЛЛЕКТ»","ОГРН 1167847054484,  ИНН 7802560095","ООО «Зетта Страхование», период действия договора с 19.12.2025 по 18.12.2026","195277,  г. Санкт-Петербург,  пр-кт Финляндский, д. 4, литера А,  помещ. 14-Н-627-629, офис 209.","nordcollect.ru","legal@nordcollect.ru","","","1"
"31","18.01.2017,  9/17/77000-СЗ","Общество с ограниченной ответственностью Профессиональная коллекторская организация «ВИНГО», ООО ПКО «ВИНГО»","ОГРН 1127746767202,  ИНН 7715936506","ПАО СК «Росгосстрах», период действия договора с 24.02.2026 по 23.02.2027","117420,  г. Москва,  ул. Профсоюзная, д. 57, офис эт. 4, помещ. III, ком. 114","wingocollect.ru","moscow@primocollect.ru","","","1"
"32","18.01.2017,  10/17/77000-СЗ","Общество с ограниченной ответственностью «ЮрБизнес-М», ООО «ЮрБизнес-М»","ОГРН 1117746031226,  ИНН 7716680078","СПАО «Ингосстрах», период действия договора с 29.12.2016 по 28.12.2017","123060,  г. Москва,  ул. Расплетина, д. 13,  помещ. IIа","yb-m.ru","","","21.12.2017, 77922/17/197462-СЗ",""
"33","18.01.2017,  11/17/77000-СЗ","Общество с ограниченной ответственностью «ДОЛГОВОЙ ЦЕНТР», ООО «ДОЛГОВОЙ ЦЕНТР»","ОГРН 1127747137055,  ИНН 7720765937","ООО «Зетта Страхование», период действия договора с 13.01.2022 по 12.01.2023","107078,  г. Москва, вн. тер. г. муниципальный округ Красносельский, пер. Орликов, д. 5, стр. 2, эт. 7, помещ. 34, офис В","dcmkb.ru","","","10.04.2023, 83963/23/598908-НК",""
"34","20.01.2017,  16905/17/2551-РИ","Общество с ограниченной ответственностью «Служба взыскания «Редут», ООО «СВР»","ОГРН 1111690048711, ИНН 1655218105","ОАО «АльфаСтрахование», период действия договора с 11.01.2017 по 12.01.2018","420021,  Республика Татарстан  г. Казань,  ул. Ахтямова, д. 1,  этаж 2, помещ. 4А","svredut.ru","info@svredut.ru","","06.07.2017, 16922/17/28113-РИ",""
"35","23.01.2017,  78922/17/3722-АЛ","Общество с ограниченной ответственностью «КОНСТАНТА», ООО «КОНСТАНТА»","ОГРН 1147847057214,  ИНН 7840502513","ООО СК «Экип», период действия договора с 27.12.2017 по 26.12.2018","195043,  г. Санкт-Петербург, Рябовское шоссе,  д. 120, лит. А, помещ. 210","sk2.su","glazkova@constantdolr.ru","","07.05.2018, 204",""
"36","25.01.2017,  61918/17/2549-ЮР","Общество с ограниченной ответственностью «Профессиональная Коллекторская Организация «Сила Права», ООО «ПКО «СП»","ОГРН 1066164002354,  ИНН 6164244208","АО «АльфаСтрахование», период действия договора с 01.01.2026 по 31.12.2026","344013,  Ростовская область,  г. Ростов-на-Дону,  ул. Мечникова, д. 39В","dolgrostov.ru","sp@dolgrostov.ru","","","1"
"37","25.01.2017,  52922/17/1922-ИК","Общество с ограниченной ответственностью профессиональная коллекторская организация «Бэтта», ООО ПКО «Бэтта»","ОГРН 1065260108430,  ИНН 5260181171","ООО «Абсолют Страхование», период действия договора с 28.03.2026 по 27.03.2027","603005,  Нижегородская область, г. Нижний Новгород,  ул. Ковалихинская, д. 72,  кв. 71","betta-nn.ru","Info@betta-nn.ru","","","1"
"38","25.01.2017,  25918/17/2200-АК","Общество с ограниченной ответственностью Профессиональная коллекторская организация «Премьер Авто», ООО ПКО «Премьер Авто»","ОГРН 1142536006898,  ИНН 2536275392","СПАО «Ингосстрах», период действия договора с 01.01.2026 по 31.12.2026","690001,  Приморский край,  г. Владивосток  ул. Светланская, д. 85,  помещ. X","premier25.ru","corp@premier25.ru","","","1"
"39","26.01.2017,  78922/17/3723-АЛ","Общество с ограниченной ответственностью «профессиональная коллекторская организация «АГЕНТСТВО ФИНАНСОВОЙ И ПРАВОВОЙ БЕЗОПАСНОСТИ», ООО «ПКО «АФПБ»","ОГРН 1077847215820,  ИНН 7842355430","СПАО «Ингосстрах», период действия договора с 07.04.2026 по 06.04.2027","195009,  г. Санкт-Петербург, просп. Кондратьевский, д. 2, литер Л, офис 301","afpb.agency","mail@afpb.ru","","","1"
"40","26.01.2017,  58906/17990-ЕП","Общество с ограниченной ответственностью «Профессиональная коллекторская организация «Лайф», ООО ПКО «Лайф»","ОГРН 1125836004667,  ИНН 5836652784","ООО «Абсолют Страхование», период действия договора с 01.01.2026 по 31.12.2027","440000,  Пензенская область  г. Пенза,  ул. Пушкина, д. 3,  офис 506","CFB2012.ru","235566L@mail.ru","","","1"
"41","27.01.2017,  37901/17/1210-СД","Общество с ограниченной ответственностью «Компания региональный Долговой Центр», ООО «КРДЦ»","ОГРН 1143702006931, ИНН 3702724465","СПАО «Ингосстрах», период действия договора с 01.01.2023 по 31.12.2023","153000,  Ивановская область,  г. Иваново,  ул. Степанова, д. 17","regiondolg.ru","regiondolg@mail.ru","","29.12.2023, 37907/23/41694-АЧ",""
"42","31.01.2017,  50904/17/3966-СЩ","Общество с ограниченной ответственностью Профессиональная коллекторская организация «ЦКБ-Финанс», ООО ПКО «ЦКБ-Финанс»","ОГРН 1115042007960,  ИНН 5042122070","ПАО СК «Росгосстрах», период действия договора с 17.01.2024 по 16.01.2025","141304,  Московская область, Сергиево-Посадский район,  г. Хотьково, ул. Майолик, д.6","debtpatrol.ru","gkh@debtpatrol.ru","","24.02.2025, 50922/25/60137-СБ",""
"43","31.01.2017,  34918/17/3794-ВЗ","Общество с ограниченной ответственностью «Дженерал Коллекшн Групп», ООО «Джи Си Джи»","ОГРН 1163443070746,  ИНН 3460064633","ОАО «АльфаСтрахование», период действия договора с 01.01.2018 по 31.12.2018","400074,  Волгоградская область, г. Волгоград,  ул. Барикадная, д. 1, ком. 20","generalcg.ru","info@generalcg.ru","","26.08.2019,  34922/19/38119-ВЕ",""
"44","01.02.2017,  19907/17/1341-ИК","Общество с ограниченной ответственностью Профессиональная коллекторская организация «БВД, ООО ПКО «БВД»","ОГРН 1111901004940,  ИНН 1901104600","АО «Совкомбанк страхование», период действия договора с 21.05.2026 по 20.05.2027","655001,  Республика Хакасия,  г. Абакан,  ул. Крылова,  д. 96, кв. 130","bvd19.ru","ngv@bvd19.ru","","","1"
"45","02.02.2017,  73922/17/2596-АТ","Общество с ограниченной ответственностью «Финколлект», ООО «Быстроденьги ФК»","ОГРН 1157325001910,  ИНН 7325135420","СПАО «Ингосстрах», период действия договора с 01.01.2018 по 31.12.2018","432001,  Ульяновская область,  г. Ульяновск,  ул. Карла Маркса, д. 13 А, корп. 1","fincollect.ru","info@fincollect.ru","","09.11.2018, 322",""
"46","02.02.2017,  77922/17/945531-СЗ","Общество с ограниченной ответственностью Профессиональная коллекторская организация «Юридическая компания «Группа СВС», ООО ПКО «ЮК «Группа СВС»","ОГРН 1097746059003,  ИНН 7709824836","СПАО «Ингосстрах», период действия договора с 31.03.2026 по 30.03.2027","115114,  г. Москва,  Дербеневская наб., д. 11, этаж 9, помещ. Б","uk-svs.ru","info@uk-svs.ru","","","1"
"47","02.02.2017,  77922/17/945533-СЗ","Общество с ограниченной ответственностью Профессиональная коллекторская организация «ЭОС», ООО ПКО «ЭОС»","ОГРН 1077758117117,  ИНН 7714704125","АО «АльфаСтрахование», период действия договора с 01.03.2026 по 29.02.2027","17638,  г. Москва, вн.тер.г.муниципальный округ Зюзино,  ул. Одесская,  д. 2, помещ. 1/12","oooeos.ru","eos@oooeos.ru info@eos-solutions.ru","","","1"
"48","02.02.2017,  77922/17/945532-СЗ","Общество с ограниченной ответственностью «Проф коллекшн», ООО «Проф коллекшн»","ОГРН 1157746563347,  ИНН 9715202234","ООО «Зетта Страхование», период действия договора с 01.11.2022 по 31.10.2023","354037,  Краснодарский край,  г. Сочи, пер. Виноградный, д. 2А, офис 12","prof-collection.ru","info@prof-collection.ru","","04.07.2023, 325",""
"49","02.02.2017,  77922/17/945530-СЗ","Общество с ограниченной ответственностью Профессиональная коллекторская организация «МИНДОЛГ», ООО ПКО «МИНДОЛГ»","ОГРН 1117746354110,  ИНН 7718846561","ООО «Абсолют Страхование», период действия договора с 17.01.2026 по 16.01.2027","119019,  г. Москва,  вн.тер.г. муниципальный округ Арбат, ул. Арбат,  д. 6/2, помещ. 1/1/4","mindolg.com","info@mindolg.com","","","1"
"50","02.02.2017,  77922/17/945528-СЗ","Общество с ограниченной ответственностью «Долговое агентство ДЕЛЬТА М», ООО «Долговое агентство «ДЕЛЬТА М»","ОГРН 1146193004748,  ИНН 6166095992","ООО «Зетта Страхование», период действия договора с 01.09.2021 по 31.08.2022","105120,  г. Москва,  Мельницкий пер., д. 1,  ком. 2В","delta-m.net","","","29.08.2022, 77922/22/8513217-СЗ",""
"51","02.02.2017,  77922/17945526-СЗ","Общество с ограниченной ответственностью Профессиональная коллекторская организация «Центр исполнения судебных решений», ООО ПКО «Центр исполнения судебных решений»","ОГРН 5077746295402,  ИНН 7731563442","ООО «Абсолют Страхование», период действия договора с 30.04.2024 по 29.04.2025","115114,  г. Москва,  Дербеневская наб., д. 11, помещ. 81, офис 1А-504","cisrlaw.com","info@cisrlaw.com","","06.09.2024, 77922/24/430009-НК",""
"52","06.02.2017,  59922/17/4259-ИК","Общество с ограниченной ответственностью Профессиональная коллекторская организация «Вела», ООО ПКО «Вела»","ОГРН 1145958042702,  ИНН 5907998189","СПАО «Ингосстрах», период действия договора с 17.01.2026 по 16.01.2027","614030,  Пермский край,  г. Пермь,  ул. Кабельщиков, д. 6","vela-perm.ru","vela_perm@mail.ru","","","1"
"53","06.02.2017,  78922/17/10669-АЛ","Общество с ограниченной ответственностью «Клевер», ООО «Клевер»","ОГРН 1127847416730,  ИНН 7806483807","СПАО «Ингосстрах», период действия договора с 01.01.2022 по 31.12.2022","195027,  г. Санкт-Петербург, вн.тер.г. муниципальный округ Большая Охта, пр-т Шаумяна,  д. 4, корп. 1, литера А, помещ. 3-Н,  офис 315","clevercollect.ru","info@dca.ru","","16.06.2023, 78922/23/773087-АЛ",""
"54","07.02.2017,  78922/17/10726-АЛ","Общество с ограниченной ответственностью «ЭйБиСи Финанс», ООО «ЭйБиСи Финанс»","ОГРН 1117847513365,  ИНН 7820326919","ООО «Страховая компания «Орбита», срок действия договора с 01.01.2019 по 31.12.2019","195279,  г. Санкт-Петербург,  ш. Революции д. 69  лит. А, офис 222","abc-fin.com","info@abc-fin.com","","30.04.2019,  78922/19/20859-АЛ",""
"55","07.02.2017,  56922/17/1919-АО","Общество с ограниченной ответственностью Профессиональная коллекторская организация «Правовой Центр «ОДА», ООО ПКО «Правовой центр «ОДА»","ОГРН 1085658001813,  ИНН 5609065998","АО «АльфаСтрахование», период действия договора с 16.01.2026 по 15.01.2027","460000,  Оренбургская область,  г. Оренбург,  ул. Гая, д. 3","oda56.ru","center@oda56.ru","","","1"
"56","07.02.2017,  61919/17/4309-ЮР","Общество с ограниченной ответственностью «Агентство правовых услуг», ООО «АПУ»","ОГРН 1136194001602,  ИНН 6168064037","АО «Акционерная СК «РОСМЕД», период действия договора с 01.01.2017 по 31.12.2017","344091,  Ростовская область,  г. Ростов-на-Дону,  ул. Малиновского,  д. 3Д, офис 31","ag-pu.ru","","","10.01.2018,  61919/18/194-ЮР",""
"57","08.02.2017,  66922/17/4827-ВО","Общество с ограниченной ответственностью «Профессиональная коллекторская организация «Авантаж», ООО «ПКО «Авантаж»","ОГРН 1086672016925,  ИНН 6672274395","СПАО «Ингосстрах», период действия договора с 30.12.2025 по 29.12.2026","620073,  Свердловская область, г. Екатеринбург,  ул. Крестинского, д. 53Б","LLC-Avantage.ru","LLC-Avantage@mail.ru","","","1"
"58","09.02.2017,  77922/17/951142-СЗ","Общество с ограниченной ответственностью «КОНТРАСТ-КРЕДИТ МЕНЕДЖМЕНТ», ООО «ККМ»","ОГРН 1107746642167,  ИНН 7710872418","ООО «Зетта Страхование», период действия договора с 15.01.2018 по 14.01.2019","115088,  г. Москва,  ул. Угрешская, д. 2,  стр. 2, ком. 16, 23,  офис В","contrust-cm.ru","","","12.12.2018,  77922/18/146549-СЗ",""
"59","10.02.2017,  78922/17/11245-АЛ","Общество с ограниченной ответственностью «КИТ Финанс Капитал», ООО «КИТ Финанс Капитал»","ОГРН 1097847236310,  ИНН 7840417963","АО «АльфаСтрахование», период действия договора с 01.01.2018 по 31.12.2018","197101,  г. Санкт-Петербург,  ул. Дивенская, д. 1,  лит. А","kitkapital.ru","info@kitkapital.ru","","13.11.2018,  78922/18/40205-АЛ",""
"60","10.02.2017,  699007/17/2599-МС","Общество с ограниченной ответственностью Профессиональная коллекторская организация «ЛЕКС», ООО ПКО «ЛЕКС»","ОГРН 1086952029339,  ИНН 6950094350","ООО «Абсолют Страхование», период действия договора с 16.01.2026 по 15.01.2027","170006,  Тверская область,  г. Тверь,  ул. Брагина, д. 6А,  офис 307","pkolex.ru","info@sodeistvie-tv.ru","","","1"
"61","13.02.2017,  02922/17/3758 -ИМ","Общество с ограниченной ответственностью Профессиональная коллекторская организация «УралДолгНадзор», ООО ПКО «УДН»","ОГРН 1080276008581,  ИНН 0276118240","СПАО «Ингосстрах», период действия договора с 24.01.2026 по 23.01.2027","450059,,  Республика Башкортостан, г.о. город Уфа, г. Уфа,  ул. Рихарда Зорге,  д. 34, кв. 19","uraldolgnadzor.ru","uraldolgnadzor@yandex.ru","","","1"
"62","13.02.2017,  10907/17/2508-АГ","Общество с ограниченной ответственностью «Профессиональная коллекторская организация «ИЛМА», ООО «ПКО «ИЛМА»","ОГРН 1091001002509,  ИНН 1001219735","АО «Зетта Страхование», период действия договора с 20.12.2025 по 19.12.2026","185035,  Республика Карелия,  г. Петрозаводск,  ул. Гоголя, д. 58, 2 этаж","dolgovoeagentstvo.pro","sud@ilma.me","","","2"
"63","13.02.2017,  82906/17/2275-ЮЧ","Общество с ограниченной ответственностью «ФИНСОЮЗ АКТИВ ЮГ», ООО «ФИНСОЮЗ АКТИВ ЮГ»","ОГРН 1159102132750,  ИНН 9102201986","ООО «ИНКОР Страхование», период действия договора с 12.01.2018 по 11.01.2019","295034,  Республика Крым,  г. Симферополь,  просп. Кирова, д. 29/1,  офис 413-Б","finsoyuz.ru","info@finsoyuz.ru","","28.08.2018,  82906/18/16129-ИР",""
"64","13.02.2017,  82906/17/2276-ЮЧ","Общество с ограниченной ответственностью «ПРОГРЕСС СЕРВИС», ООО «ПРОГРЕСС СЕРВИС»","ОГРН 1159102131760,  ИНН 9102201601","АО «Акционерная СК «РОСМЕД», период действия  с 12.01.2017 по 11.01.2018","295000,  Республика Крым,  г. Симферополь,  ул. Петропавловская,  д. 3, офис 314","progres-servis.ru","info@progress-srv.ru","","06.03.2018, 82906/18/3824-ИР",""
"65","13.02.2017,  82906/17/2277-ЮЧ","Общество с ограниченной ответственностью «ПРИОРИТЕТ», ООО «ПРИОРИТЕТ»","ОГРН 1159102128921,  ИНН 9102200252","ООО «Абсолют Страхование», период действия договора с 25.03.2021 по 24.03.2022","344033,  Ростовская область,  г.о. город Ростов-на-Дону,  г. Ростов-на-Дону,  ул. Магнитогорская,  д. 1Б, ком. 41","prioritet-org.ru","","","28.07.2021, 61922/21/75320-МЧ",""
"66","13.02.2017,  82906/17/2278-ЮЧ","Общество с ограниченной ответственностью «ПЕРСОНАЛ АКТИВ ПЛЮС ЮГ», ООО «ПЕРСОНАЛ АКТИВ ПЛЮС ЮГ»","ОГРН 1159102132771,  ИНН 9102202041","АО «Акционерная страховая компания «РОСМЕД», период действия договора с 12.01.2017 по 11.01.2018","295034,  Республика Крым,  г. Симферополь,  просп. Кирова, д. 29/1,  офис 413-Б","personalaktiv.ru","info@personalaktiv.ru","","20.02.2018, 82906/18/2813-ИР",""
"67","13.02.2017,  82906/17/2280-ЮЧ","Общество с ограниченной ответственностью «Профессиональная коллекторская организация КОНТРОЛЬ», ООО «ПКО КОНТРОЛЬ»","ОГРН 1159102130549,  ИНН 9102201009","ПАО СК «Росгосстрах», период действия договора с 25.03.2026 по 24.03.2027","358000,  Республика Калмыкия,  г.о. город Элиста, г. Элиста, ул. В.И. Ленина, д. 240, офис 306","ooo-kontrol.com","info@ooo-kontrol.com","","",""
"68","14.02.2017,  77922/17/97890-СЗ","Общество с ограниченной ответственностью «Профессиональная коллекторская организация «Долговое агентство ВЕРУС», ООО «ПКО «Долговое агентство ВЕРУС»","ОГРН 1147746559707,  ИНН 7727834940","ООО «Абсолют Страхование», период действия договора с 23.03.2026 по 22.03.2027","109382,  г. Москва,  ул. Судакова, д. 10,  офис 213","daverus.ru","vozvrat@daverus.ru","","","1"
"69","14.02.2017,  77922/17/97840-СЗ","Общество с ограниченной ответственностью Профессиональная коллекторская организация «Стратегия», ООО ПКО «Стратегия»","ОГРН 1097746070267,  ИНН 7723706312","ООО «Зетта Страхование», период действия договора с 14.09.2025 по 13.09.2026","111033,  г. Москва, вн.тер.г. муниципальный округ Лефортово, ул. Золоторожский вал,  д. 11, стр. 21, этаж 4,  помещ./оф. V, ком. 409","strategiya.msk.ru","info@strategiya.msk.ru","","","1"
"70","15.02.2017,  09907/17/1421-РУ","Общество с ограниченной ответственностью Коллекторское агентство «Диалог-Финанс», ООО КА «Диалог-Финанс»","ОГРН 1140916001060,  ИНН 0916009139","ООО «Абсолют страхование», период действия договора с 23.01.2026 по 22.01.2027","369000,  Карачаево-Черкесская Республика,  г. Черкесск,  ул. Ставропольская, д. 40-А, офис 1-3","kadialogfinans.umi.ru","kadialogfinans@mail.ru","","","1"
"71","15.02.2017,  77922/17/96159-СЗ","Общество с ограниченной ответственностью «Профессиональная коллекторская организация «Группа СВС», ООО «ПКО «Группа СВС»","ОГРН 1037716007780,  ИНН 7716228295","СПАО «Ингосстрах», период действия договора с 26.03.2025 по 25.03.2026","129344,  г. Москва,  ул. Верхоянская, д. 18,  корп. 2, помещ. 2, офис 141","svs-group.ru","info@svs-group.ru","","","1"
"72","15.02.2017,  77922/17/96182-СЗ","Общество с ограниченной ответственностью Профессиональная коллекторская организация «РегионКонсалт», ООО ПКО «РегионКонсалт»","ОГРН 5087746292585,  ИНН 7702686930","ПАО СК «Росгосстрах», период действия договора с 25.01.2026 по 24.01.2027","117218,  г. Москва,  ул. Кржижановского,  д. 15, корп. 5, офис 208","regionc.ru","info@regionc.ru","","","1"
"73","17.02.2017,  54922/17/4318-ВЭ","Общество с ограниченной ответственностью «Профессиональная коллекторская организация «Форвард»», ООО «ПКО «Форвард»","ОГРН 1145476156055,  ИНН 5406796664","СПАО «Ингосстрах», период действия договора с 19.01.2026 по 18.01.2027","630099,  Новосибирская область, г.о. город Новосибирск,  г. Новосибирск,  ул. Урицкого,  д. 21, этаж 3,  помещ. 7,9,10,11,12,13,14,15,16","caforward.ru","dolg.info@caforward.ru","","","1"
"74","17.02.2017,  64922/17/6460-ОТ","Общество с ограниченной ответственностью «Профессиональная коллекторская организация «Триада», ООО «ПКО «Триада»","ОГРН 1086455000521,  ИНН 6455047081","АО «АльфаСтрахование», период действия договора с 01.02.2026 по 31.01.2027","410056,  Саратовская область,  г. Саратов,  ул. им. Пугачева Е.И.,  д. 54/62, лит. Г, помещ. 3","avdtriada.ru","avd_triada@mail.ru","","","1"
"75","20.02.2017,  63922/17/6377-ВК","Общество с ограниченной ответственностью «Профессиональная коллекторская организация «Легал Коллекшн», ООО «Профессиональная коллекторская организация «Легал Коллекшн»","ОГРН 1166313083265,  ИНН 6316220412","АО «Совкомбанк страхование», период действия договора с 11.05.2026 по 10.05.2027","443079,  Самарская область,  г. Самара,  ул. Революциионная, д. 111, этаж 1","legalc.ru","valeriy.chernov@legalc.ru","","","1"
"76","20.02.2017,  52922/17/4725 -АЛ","Общество с ограниченной ответственностью профессиональная коллекторская организация «ЖилКомИнкасо-Нижний Новгород"", ООО ПКО «ЖКИ-НН»","ОГРН 1105257006216,  ИНН 5257119624","ООО «Зетта Страхование», период действия договора с 01.01.2024 по 31.12.2027","603005,  Нижегородская область,  г. Нижний Новгород,  ул. Пискунова, д. 21/2,  помещ. 31","zhki-nn.ru","SolomenkovaEL@yandex.ru","","","1"
"77","20.02.2017,  65907/17/2827-ДС","Общество с ограниченной ответственностью профессиональная коллекторская организация «Мегасах», ООО ПКО «Мегасах»","ОГРН 1166501051166,  ИНН 6501281184","АО «АльфаСтрахование», период действия договора с 20.01.2026 по 19.01.2027","693023,  Сахалинская область,  г. Южно-Сахалинск,  ул. Алексея Максимовича Горького, д. 23","megasakh.ru","office@megasakh.ru","","","3"
"78","21.02.2017,  37901/17/2283-НТ","Общество с ограниченной ответственностью «Профессиональная коллекторская организация «Агентство по работе с долгами»,  ООО «ПКО «АРД»","ОГРН 1093702019300,  ИНН 3702593710","ООО «Зетта Страхование», период действия договора с 30.01.2025 по 29.01.2026","153000,  Ивановская область  г. Иваново,  ул. Богдана Хмельницкого, д. 83, офис 5","ard-iv.ru","Аrd-ivanovo@mail.ru","","29.01.2026, 37907/26/986-АЧ",""
"79","22.02.2017,  52922/17/5098 -ИК","Общество с ограниченной ответственностью Профессиональная коллекторская организация «Специализированное Агентство Аналитики и Безопасноти», ООО ПКО «СААБ»","ОГРН 1155260007209,  ИНН 5260410400","САО «ВСК», период действия договора с 21.10.2024 по 20.10.2027","603087,  Нижегородская область,  г. Нижний Новгород,  ул. Казанское шоссе,  д. 10, корп.3, офис 2","ooosaab.ru","Info@zaosaab.ru","","","1"
"80","22.02.2017,  52922/17/51000 -ИК","Общество с ограниченной ответственностью Профессиональная коллекторская организация «Агентство Финансового Контроля"",  ООО ПКО «АФК»","ОГРН 1137746368847,  ИНН 7702814010","САО «ВСК», период действия договора с 13.01.2024 по 12.01.2027","603087,  Нижегородская область,  г. Нижний Новгород, Казанское шоссе, д. 10, корп.3, офис 2","oooafk.ru","Info@oooafk.ru","","","1"
"81","01.03.2017,  52922/17/5566-ИК","Общество с ограниченной ответственностью «Агентство ликвидации долгов», ООО «АЛД»","ОГРН 1145262008980,  ИНН 5262304647","СПАО «Ингосстрах», период действия договора с 06.02.2018 по 05.02.2019","603022,  Нижегородская область,  г. Нижний Новгород,  ул. Тимирязева, д. 15,  корп. 2, офис 302","adebt.ru","ald@debt.ru","","17.01.2019,  33",""
"82","01.03.2017,  77922/17/99844-СЗ","Общество с ограниченной ответственностью Профессиональная коллекторская организация «Национальное агентство по сбору долгов», ООО ПКО «НАСД»","ОГРН 1097746780460,  ИНН 7728718713","АО «Совкомбанк страхование», период действия договора с 21.02.2026 по 20.02.2027","127220,  г. Москва,  вн.тер.г.муниципальный округ Савеловский,  ул. Писцовая,  д. 15, помещ. 5/1","nasd.su","info@nasd.su","","","1"
"83","06.03.2017,  82906/17/3299-ЮЧ","Общество с ограниченной ответственностью «ПЕРСПЕКТИВА», ООО «ПЕРСПЕКТИВА»","ОГРН 1169102089221,  ИНН 9102220668","ООО «Росгосстрах», период действия договора с 25.03.2023 по 24.03.2024","295034,  Республика Крым,  г. Симферополь,  просп. Кирова, д. 29/1,  офис 416-А","перспектива.click","xn@80adiapl6abiko.click","","06.07.2023, 82907/23/30694-ЮМ",""
"84","07.03.2017,  77922/17/103701-СЗ","Общество с ограниченной ответственностью «КОЛЛЕКТИВ», ООО «КОЛЛЕКТИВ»","ОГРН 5167746285890,  ИНН 7751030812","ООО СК «Уралсиб Страхование», период действия договора с 21.02.2020 по 19.02.2021","123298,  г. Москва,  ул. Хорошевская 3-я,  д. 13, корп. 1, помещ. 5, 6","collective.msk.ru","","","02.12.2022, 77922/22/9617596-ВК",""
"85","07.03.2017,  77922/17/103700-СЗ","Общество с ограниченной ответственностью «Профессиональная коллекторская организация «Агентство банковского возврата», ООО Профессиональная коллекторская организация «АБВ»","ОГРН 1067760708949,  ИНН 7736551151","АО «Совкомбанк страхование», период действия договора с 22.02.2025 по 21.02.2026","119119,  г. Москва,  просп. Ленинский,  д. 42, корп 1,2,3,  этаж 1, помещ. I, ком. 88","abv-collection.ru","info@abv-collection.ru","","","1"
"86","10.03.2017,  66922/17/10315-ВО","Общество с ограниченной ответственностью Профессиональная коллекторская организация «Югория», ООО ПКО «Югория»","ОГРН 1098601001124,  ИНН 8601038645","СПАО «Ингосстрах», период действия договора с 30.01.2026 по 29.01.2027","620000,  Свердловская область, г.о. город Екатеринбург, г. Екатеринбург,  ул. Горького, стр. 63, офис 527","ugra-collector.ru","agency@ugra-collector.ru","","","1"
"87","10.03.2017,  66922/17/10316-ВО","Общество с ограниченной ответственностью Профессиональная коллекторская организация «АРС ФИНАНС» ,  ООО ПКО «АРС ФИНАНС»","ОГРН 1156658072340,  ИНН 6685099905","СПАО «Ингосстрах», период действия договора с 25.01.2026 по 24.01.2027","620014,  Свердловская область,  г. Екатеринбург,  ул. Добролюбова,  д. 16, офис 717","arsfinance.ru","legal@arsfinance.ru","","","1"
"88","14.03.2017,  1/17/86000-ИФ","Общество с ограниченной ответственностью Профессиональная коллекторская организация «Регион», ООО ПКО «Регион»","ОГРН 1148602007840,  ИНН 8602219436","СПАО «Ингосстрах», период действия договора с 17.02.2026 по 16.02.2027","625002,  Тюменская область,  г.о. город Тюмень,  ул. Комсомольская, д. 49,  офис 401","region-collector.ru","agency@region-col.ru","","","1"
"89","14.03.2017,  62907/17/2730-ОБ","Общество с ограниченной ответственностью профессиональная коллекторская организация «СпецСнаб71», ООО ПКО «СпецСнаб71»","ОГРН 1146230003127,  ИНН 6230085345","СПАО «Ингосстрах», период действия договора с 25.01.2025 по 24.01.2026","390037,  Рязанская область,  г. Рязань,  ул. Большая, д. 106, помещ. Н11","specsnab71.ru","info@specsnab71.ru","","","1"
"90","15.03.2017,  64922/17/11963-ОТ","Общество с ограниченной ответственностью профессиональная коллекторская организация «Платан», ООО ПКО «Платан»","ОГРН 1126449003262,  ИНН 6449066167","АО «АльфаСтрахование», период действия договора с 10.02.2026 по 09.02.2027","413116,  Саратовская область,  г. Энгельс,  просп. Строителей, д. 82","platan64.ru","direct@platan64.ru","","","1"
"91","14.03.2017,  77000/17/105799-НБ","Общество с ограниченной ответственностью Профессиональная коллекторская организация «Региональная Служба Взыскания», ООО ПКО «РСВ»","ОГРН 1127746618768,  ИНН 7707782563","ПАО СК «Росгосстрах», период действия договора с 21.02.2025 по 20.02.2027","127055,  г. Москва,  ул. Бутырский Вал,  д. 68/70, стр. 1, этаж 2,  помещ. 1, ком. 4","rsvcollection.ru","legal@rsvcollection.ru","","","4"
"92","16.03.2017,  02922/17/7331-ЛК","Общество с ограниченной ответственностью Профессиональная коллекторская организация «Аргумент», ООО ПКО «Аргумент»","ОГРН 1080276001926,  ИНН 0276114446","АО «АльфаСтрахование», период действия договора с 21.07.2025 по 20.07.2026","450055,  Республика Башкортостан, г.о. город Уфа  г. Уфа,  ул. Российская, д. 22,  офис. 3","kollektor-rus.ru","kollektor-rus@mail.ru","","","1"
"93","17.03.2017,  24922/17/9717-ЕЛ","Общество с ограниченной ответственностью профессиональная коллекторская организация «Колизей», ООО ПКО «Колизей»","ОГРН 1132468028912,  ИНН 2462226285","СПАО «Ингосстрах», период действия договора с 01.01.2026 по 31.12.2026","660017,  Красноярский край,  г. Красноярск,  просп. Мира, д. 94,  помещ. 501, офис 3","kolizey24.ru","oookolizei01@yandex.ru","","","1"
"94","17.03.2017,  23922/17/15917-АК","Общество с ограниченной ответственностью Профессиональная коллекторская организация «Центр ЮСБ ЮФО», ООО ПКО «Центр ЮСБ ЮФО»","ОГРН 1072312013245,  ИНН 2312143512","АО «Совкомбанк страхование», период действия договора с 23.02.2026 по 22.02.2027","350911,  Краснодарский край,  г. Краснодар,  ул. Трамвайная, д. 25,  офис 9","usbufo.ru","info@usbufo.ru","","","1"
"95","17.03.2017,  23922/17/15916-АК","Общество с ограниченной ответственностью «Независимая экспертная палата», ООО «Независимая экспертная палата»","ОГРН 1152308005222,  ИНН 2308219173","СПАО «Ингосстрах», период действия договора с 05.06.2018 по 04.06.2019","350020,  Краснодарский край,  г. Краснодар,  ул. Красная, д. 139, л. А2, помещ. 21","Collector-nep.ru","director@collector-nep.ru","","18.04.2019,  23922/19/59549-ДТ",""
"96","20.03.2017,  86922/17/5132-ИФ","Общество с ограниченной ответственностью Профессиональная коллекторская организация «Экспресс-Кредит», ООО ПКО «Экспресс-Кредит»","ОГРН 1118602006786,  ИНН 8602183821","СПАО «Ингосстрах», период действия договора с 28.01.2026 по 27.01.2027","628404,  ХМАО-Югра,  г. Сургут,  ул. Григория Кукуевицкого,  д. 15, офис 305","expresskd.ru","info@expresskd.ru","","","1"
"97","20.03.2017,  66922/17/11649-ВО","Общество с ограниченной ответственностью «Профессиональная коллекторская организация «Юридические технологии», ООО «ПКО «ЮрТех»","ОГРН 1146658012896,  ИНН 6658459228","СПАО «Ингосстрах», период действия договора с 23.01.2026 по 22.01.2027","620034,  Свердловская область,  г. Екатеринбург,  ул. Бебеля, д. 108, кв. 50","urteh-ekb.ru","av.rodin@bk.ru","","","1"
"98","22.03.2017,  63922/17/10027-ВК","Общество с ограниченной ответственностью «Профессиональная коллекторская организация «Правовая защита», ООО «ПКО «Правовая защита»","ОГРН 1146316007793,  ИНН 6316201956","СПАО «Ингосстрах», период действия договора с 18.01.2026 по 17.01.2027","443080, Самарская область, г.о. Самара, г. Самара, вн. р-н Октябрьский, ул. Революционная, д. 70, литера 3, помещ. 25","pravza.com","pzsamara@gmail.com","","","3"
"99","21.03.2017,  77922/17/109617-СЗ","Общество с ограниченной ответственностью «ПФБ Коллекшн», ООО «ПФБ Коллекшн»","ОГРН 1147748149251,  ИНН 7715141813","ООО СК «Уралсиб Страхование», период действия договора с 05.02.2018 по 04.02.2019","127015,  г. Москва,  ул. Большая Новодмитровская,  д. 23, стр. 6","pfbcollection.ru","","","27.09.2019,  1101",""
"100","21.03.2017,  77922/17/109616-СЗ","Общество с ограниченной ответственностью «Логг», ООО «Логг»","ОГРН 1157746620206, ИНН 7709462946","СПАО «Ингосстрах», период действия договора с 22.02.2017 по 21.02.2018","125130,  г. Москва, Старопетровский проезд,  д. 7А, стр. 25, офис 2","loggcollection.ru","","","19.07.2018,  77922/18/72445-СЗ",""
"101","27.03.2017,  78922/17/28216-ВГ","Общество с ограниченной ответственностью профессиональная коллекторская организация «ДОЛГОВОЕ АГЕНТСТВО «ФЕМИДА», ООО ПКО «ДА «ФЕМИДА»","ОГРН 1147847101577,  ИНН 7805646537","ООО «Абсолют Страхование», период действия договора с 30.04.2026 по 29.04.2027","197374,  г. Санкт-Петербург,  ул. Мебельная, д. 12,  корп. 1, литер А, помещ. 55-Н, офис 420","dafemida.ru","info@dafemida.ru","","","1"
"102","29.03.2017,  50922/17/34354-СЩ","Общество с ограниченной ответственностью «Профессиональная коллекторская организация «АКЦЕПТ», ООО «ПКО «АКЦЕПТ»","ОГРН 1057749697587, ИНН 7709653027","АО «Совкомбанк страхование», период действия договора с 15.03.2026 по 14.03.2027","140180,  Московская область,  г. Жуковский,  ул. Гагарина, д. 85В, помещ. 1","accept-debts.ru","accept@scoring-accept.ru","","","1"
"103","30.03.2017,  54922/17/8982-ЭБ","Общество с ограниченной ответственностью «Профессиональная коллекторская организация «Партнёр-НСК», ООО «ПКО «Партнёр-НСК»","ОГРН 1087451014474,  ИНН 7451274751","АО «Совкомбанк страхование», период действия договора с 25.03.2026 по 24.03.2027","633011,  Новосибирская область, г.о. город Бердск,  г. Бердск,  ул. Комсомольская,  д. 14","partner-group.org","manager@partner-group.org","","","1"
"104","31.03.2017,  34918/17/13503-ВЗ","Общество с ограниченной ответственностью Профессиональная коллекторская организация «Юридический центр «Мегаполис Консалт и Сервис», ООО ПКО «Юридический центр «МКС»","ОГРН 1163443069415,  ИНН 3443130766","СПАО «Ингосстрах», период действия договора с 22.03.2026 по 21.03.2027","400117,  Волгоградская область,  г. Волгоград,  ул. им. Землячки, д. 66 А,  офис 106","ucmks.ru","utist@ucmks.ru","","","1"
"105","04.04.2017,  37907/17/4481-НТ","Общество с ограниченной ответственностью «Профессиональная коллекторская организация «Кредит Коллект», ООО ПКО «Кредит Коллект»","ОГРН 1153702020053,  ИНН 3702118432","ООО «Зетта Страхование», период действия договора с 01.03.2026 по 28.02.2027","155900,  Ивановская область,  г. Шуя,  ул. Свердлова, д. 104, кв. 90","kreditkollekt.ru","Kredit-kollekt@mail.ru","","","1"
"106","05.04.2017,  77922/17/116001-СЗ","Общество с ограниченной ответственностью «Алгоритм Юридические Услуги», ООО «Алгоритм Юридические Услуги»","ОГРН 1117746010733,  ИНН 7703735555","АО «АльфаСтрахование», период действия договора с 05.02.2018 по 04.02.2019","123022,  г. Москва,  ул. 2-я Звенигородская,  д. 13, стр. 15","algo.msk.ru","","","19.09.2018,  77922/18/100667-НБ",""
"107","05.04.2017,  77922/17/115997-СЗ","Общество с ограниченной ответственностью Профессиональная коллекторская организация «АВРОРА Консалт», ООО ПКО «АВРОРА Консалт»","ОГРН 1157746706776,  ИНН 7735145855","ООО СК «Гелиос», период действия договора с 01.01.2026 по 31.12.2026","124482, г. Москва, вн. тер. г. муниципальный округ Савелки, г. Зеленоград, Савёлкинский проезд,  д. 4, помещ. 4/21","avrora-consult.ru","avrora-consult@mail.ru","","","1"
"108","05.04.2017,  77922/17/116002-СЗ","Общество с ограниченной ответственностью «КВЕСТОР», ООО «КВЕСТОР»","ОГРН 1167746430125,  ИНН 9705066046","АО «АбсолютСтрахование», период действия договора с 30.04.2023 по 29.04.2024","119334,  г. Москва, вн. тер. г. муниципальный округ Хорошевский, ул. Авиаконструктора Микояна, д.12, этаж 4, помещ. Б","kvestor.org","info@kvestor.org","","05.06.2024, 77922/24/2207187-НК",""
"109","06.04.2017,  52922/17/9237-ИК","Общество с ограниченной ответственностью «Профессиональная коллекторская организация «Горизонт», ООО «ПКО «Горизонт»","ОГРН 1125261002151,  ИНН 5261080970","ООО «Абсолют Страхование», период действия договора с 25.01.2026 по 24.01.2027","603138,  Нижегородская область,  г. Нижний Новгород,  ул. Краснодонцев, д. 21,  корп. 2, кв. 76","pravo-horizont.ru","horizont-pravo@mail.ru","","","1"
"110","11.04.2017,  66922/17/15597-ЕС","Общество с ограниченной ответственностью Профессиональная коллекторская организация «Возврат», ООО ПКО «Возврат»","ОГРН 1126658009378,  ИНН 6658408512","СПАО «Ингосстрах», период действия договора с 16.01.2026 по 15.01.2027","620073,  Свердловская область,  г. Екатеринбург,  ул. Крестинского,  стр. 46А, офис 708","kavozvrat.ru","info@kavozvrat.ru","","","1"
"111","11.04.2017,  76907/17/6518-ЮА","Общество с ограниченной ответственностью Профессиональная коллекторская организация «Эксперт-Финанс», ООО ПКО «Эксперт-Финанс»","ОГРН 1077606006521,  ИНН 7606066933","АО «Абсолют Страхование», период действия договора с 08.02.2025 по 07.02.2026","117303,  г. Москва, вн.тер.г. муниципальный округ Зюзино,  ул. Малая Юшуньская, д. 1, корп. 1,  помещ. 1/Ц","dolg24.ru","info@dolg24.ru","","","1"
"112","11.04.2017,  76907/17/6519-ЮА","Общество с ограниченной ответственностью Профессиональная коллекторская организация «МФИ Коллекшн», ООО ПКО «МФИ Коллекшн»","ОГРН 5137746123500,  ИНН 7743908123","АО «АльфаСтрахование», период действия договора с 25.01.2026 по 24.01.2027","150000,  Ярославская область,  г. Ярославль,  ул. Большая Октябрьская,  д. 29, офис 335","PKO-MFICOLLECTION.RU","mficollection@mail.ru","","","1"
"113","13.04.2017,  66922/17/16171-ЕС","Общество с ограниченной ответственностью «ГРУППА КОМПАНИЙ ВЗЫСКАНИЯ ДОЛГОВ», ООО «ГКВД»","ОГРН 1156658000641, ИНН 6658465775","ОАО «АльфаСтрахование», период действия договора с 20.01.2017 по 19.01.2018","620036,  Свердловская область,  г. Екатеринбург,  пос. Мичуринский,  ул. Широкореченская, д. 6","gcvd.su","","","09.02.2018, 66922/18/4914-ВО",""
"114","13.04.2017,  61919/17/15087-ЮР","Общество с ограниченной ответственностью профессиональная коллекторская организация «ЮГ-КОЛЛЕКШН», ООО «ПКО «ЮГ-КОЛЛЕКШН»","ОГРН 1136193003693,  ИНН 6166087617","СПАО «Ингосстрах», период действия договора с 26.03.2026 по 25.03.2027","344056,  Ростовская область,  г. Ростов-на-Дону,  ул. Белорусская,  д. 44/71, офис 1","юг-коллекшн.рф","vopros@collecshn.ru","","","1"
"115","19.04.2017,  50922/17/38656-СЩ","Общество с ограниченной ответственностью «Профессиональная коллекторская организация «ЖИЛИЩНИК-ПРО», ООО «ПКО «ЖИЛИЩНИК-ПРО»","ОГРН 1155074005569, ИНН 5036150841","ООО «Абсолют Страхование», период действия договора с 29.04.2026 по 28.04.2027","142116,  Московская область,  г. Подольск, ул. Лобачева, д. 13,  офис 425","долганет.рф","dolganetgkh@mail.ru","","","1"
"116","21.04.2017,  66922/17/17665-ЕС","Общество с ограниченной ответственностью Служба безопасности «Цербер», ООО СБ «Цербер»","ОГРН 1116671009608,  ИНН 6671357634","ООО «Ингосстрах», период действия договора с 20.03.2022 по 19.03.2023","620144,  Свердловская область,  г. Екатеринбург,  ул. Куйбышева, д. 55,  офис 402","sbcerber.ru","bush@sbcerber.ru","","28.08.2023, 66922/23/1287429-ОХ",""
"117","28.04.2017,  16906/17/17687-РИ","Общество с ограниченной ответственностью «Профессиональная коллекторская организация «Редут», ООО «ПКО «Редут»","ОГРН 1171690027585,  ИНН 1659180290","СПАО «Ингосстрах», период действия договора с 05.04.2026 по 04.04.2027","420021,  Республика Татарстан  г. Казань,  ул. Братьев Петряевых,  д. 5, помещ. 407","redut16.ru","info@redut16.ru","","","1"
"118","28.04.2017,  78922/17/48427-ВГ","Общество с ограниченной ответственностью «профессиональная коллекторская организация «Балтийская Служба Взыскания», ООО «ПКО «БСВ»","ОГРН 1167847425283,  ИНН 7804581580","СПАО «Ингосстрах», период действия договора с 15.02.2026 по 14.02.2027","195009,  г. Санкт-Петербург,  просп. Кондратьевский,  д. 2, лит. Л, помещ. 302","baltsv.ru","info@baltsv.ru","","","1"
"119","10.05.2017,  76907/17/8176-ЮА","Общество с ограниченной ответственностью Профессиональная коллекторская организация «Партнер-Финанс», ООО ПКО «Партнер-Финанс»","ОГРН 1147606006514,  ИНН 7606096399","АО «Совкомбанк страхование», период действия договора с 25.01.2026 по 24.01.2027","150062,  Ярославская область, г.о. город Ярославль,  г. Ярославль,  ул. Космонавтов, д. 11, пом. ко. 2.9","pfinance24.ru","info@pfinance24.ru","","","1"
"120","10.05.2017,  77922/17/131314-СЗ","Общество с ограниченной ответственностью «БИЗНЕС-ЦЕНТР» «СКОРАЯ ЮРИДИЧЕСКАЯ ПОМОЩЬ», ООО «БИЗНЕС-ЦЕНТР» «СКОРАЯ ЮРИДИЧЕСКАЯ ПОМОЩЬ»","ОГРН 1027700550525,  ИНН 7720033700","СПАО «Ингосстрах», период действия договора с 12.04.2020 по 11.04.2021","105066,  г. Москва,  ул. Спартаковская,  д. 19, стр. 3А, этаж 1,  помещ. 118, офис 3Т","jure.ru","","","09.04.2021,  77922/21/761776-СЗ",""
"121","11.05.2017,  59922/17/18031-ИК","Общество с ограниченной ответственностью Профессиональная коллекторская организация «Юридическая Практика», ООО ПКО «Юр-Практика»","ОГРН 1155958063910,  ИНН 5903116703","ООО «Зетта Страхование», период действия договора с 14.04.2026 по 13.04.2027","614000,  Пермский край,  г. Пермь,  ул. Пожарная,  д. 18, офис 3","yur-praktika.ru","yur-praktik@yandex.ru","","","1"
"122","26.05.2017,  21906/17/8428-АИ","Общество с ограниченной ответственностью Профессиональная коллекторская организация «Гироскоп», ООО ПКО «Гироскоп»","ОГРН 1062130013186,  ИНН 2130008501","ООО «Абсолют Страхование», период действия договора с 05.02.2026 по 04.02.2027","428024,  Чувашская Республика — Чувашия,  г. Чебоксары,  ул. Хевешская, д. 1А,  офис 207","gskop.ru","info@gskop.ru","","","1"
"123","29.05.2017,  18907/17/9119-ИН","Общество с ограниченной ответственностью Профессиональная коллекторская организация «ГНК-Инвест», ООО ПКО «ГНК-Инвест»","ОГРН 1101841005782,  ИНН 1841013546","СПАО «Ингосстрах», период действия договора с 01.01.2026 по 31.12.2026","426003,  Удмуртская Республика,  г. Ижевск,  ул. Красноармейская, д. 61,офис 27","gnkinvest.ru","908423@gnk18.ru","","","1"
"124","29.05.2017,  77922/17138773-СЗ","Акционерное общество Профессиональная коллекторская организация «РИТМ-ФИНАНС», АО ПКО «РИТМ-ФИНАНС»","ОГРН 5147746313699,  ИНН 7721851353","ООО «БСД», период действия договора с 20.01.2026 по 19.01.2027","117292,  г. Москва, вн.тер.г.муниципальный округ Академический,  ул. Шверника,  д. 6, к. 1, помещ. 5П","rythmfinance.ru","contact@rythmfinance.ru zapros@rythmfinance.ru","","","1"
"125","31.05.2017,  38922/17/14412-ТМ","Общество с ограниченной ответственностью «Барс», ООО «Барс»","ОГРН 1143850051400,  ИНН 3804999885","СПАО «Ингосстрах», период действия договора с 22.05.2017 по 21.05.2018","665719,  Иркутская область,  г. Братск,  ж/р Центральный,  ул. Советская, д. 20,  помещ.1001","asd-bars.ru","","","26.06.2018,  38922/18/19899-ТМ",""
"126","06.06.2017,  59922/17/22358-ИК","Общество с ограниченной ответственностью «Профессиональная коллекторская организация «Партнер», ООО «ПКО «Партнер»","ОГРН 1155958021306,  ИНН 5921031594","СПАО «Ингосстрах», период действия договора с 25.01.2026 по 24.01.2027","618270,  Пермский край,  г. Гремячинск,  ул. Свердлова, д. 7","59partner.ru","info@59partner.ru","","","1"
"127","09.06.2017,  78922/17/53109-ВГ","Общество с ограниченной ответственностью «Профессиональная коллекторская организация «Агентство Судебного Взыскания», ООО «ПКО «АСВ»","ОГРН 1157847071073,  ИНН 7841019595","АО «Абсолют Страхование», период действия договора с 24.11.2025 по 23.11.2026","194044,  г. Санкт-Петербург, вн.тер.г. муниципальный округ Сампсониевское, просп. Большой Сампсониевский,  д. 28, к. 2, лит. Д,  офис 642","legalcollection.ru","info@legalca.ru","","","3"
"128","15.06.2017,  77922/17/144101-СЗ","Общество с ограниченной ответственностью «Профессиональная коллекторская организация «Стоунхедж», ООО «ПКО «Стоунхедж»","ОГРН 1157746705490,  ИНН 7719420624","АО «Зетта Страхование», период действия договора с 01.01.2026 по 31.12.2026","107023,  г. Москва,  пер. Семеновский, д. 15, помещ. 1, комн. 21","svdolg.com","hiv@svdolg.com","","","1"
"129","19.06.2017,  61919/17/26108-ЮР","Общество с ограниченной ответственностью «Система Малого Кредитования», ООО «Система Малого Кредитования»","ОГРН 1106164005496,  ИНН 6164300903","ООО «ИНКОР Страхование», период действия договора с 04.04.2019 по 03.05.2019","344011,  Ростовская область,  г. Ростов-на-Дону,  ул. Текучева, д.162 а,  ком. 1А","uzajmy.ru","","","26.04.2019,  61919/19/25436-ЕК",""
"130","22.06.2017, 59922/17/24829-ОН","Общество с ограниченной ответственностью Профессиональная коллекторская организация «Легал Плюс», ООО ПКО «Легал Плюс»","ОГРН 1175958008335,  ИНН 5948053468","АО «Совкомбанк Страхование», период действия договора с 22.05.2026 по 21.05.2027","614064,  Пермский край,  г.Пермь,  ул. Окулова, зд. 75, к. 2, офис 215","legal-plus.ru","Legal-plus.perm@yandex.ru","","","1"
"131","06.07.2017,  77922/17/151820-НБ","Общество с ограниченной ответственностью Профессиональная коллекторская организация «Центр эффективного взыскания», ООО ПКО «Центр эффективного взыскания»","ОГРН 1147746529600,  ИНН 7723908284","АО «Зетта Страхование», период действия договора с 26.01.2026 по 25.01.2027","109316,  г. Москва, вн.тер.г. муниципальный округ Нижегородский, Волгоградский просп., д. 35, этаж 4, помещ. 409","collectorcev.ru","pyur-cev@bk.ru","","","1"
"132","10.07.2017,  63922/17/24860-ВК","Общество с ограниченной ответственностью «АГЕНТСТВО ДИПЛОМАТ», ООО «АГЕНТСТВО ДИПЛОМАТ»","ОГРН 1116317003692,  ИНН 6314034957","ООО «Абсолют Страхование», период действия договора с 27.03.2022 по 26.03.2023","443100,  Самарская область,  г. Самара,  ул. Галактионовская, д. 150, ком. 502","collector-diplomat.ru","notarius163@gmail.com","","24.05.2023, № 313",""
"133","10.07.2017,  63922/17/24859-ВК","Общество с ограниченной ответственностью «Объединенное коллекторское агентство», ООО «ОКА»","ОГРН 1126324004905,  ИНН 6324029025","СПАО «Ингосстрах», период действия договора с 01.06.2022 по 31.05.2023","443069,  Самарская область,  г. Самара,  ул. Революционная,  д. 76, лит. В7, этаж 2, ком. 4","collectors63.ru","lilia8200912@mail.ru","","26.06.2024, 63922/24/407791-ЗМ",""
"134","12.07.2017,  50922/17/54503-СЩ","Общество с ограниченной ответственностью «Профессиональное коллекторское бюро», ООО «Профессиональное Коллекторское Бюро»","ОГРН 1175050002357,  ИНН 5038126322","ООО «Абсолют Страхование», период действия договора с 22.05.2021 по 21.05.2022","143404,  Московская область,  г. Красногорск,  ул. Парковая, д. 1,  этаж цоколь, помещ. 5","prof-coll.ru","info@profcoll.ru","","30.03.2022, 50922/59441-НК",""
"135","13.07.2017,  77922/17/153850-СГ","Общество с ограниченной ответственностью «Альтима», ООО «Альтима»","ОГРН 5167746208185,  ИНН 7722378570","ООО «Зетта Страхование», период действия договора с 30.01.2022 по 29.01.2023","109316,  г. Москва, вн.тер.г. муниципальный округ Лефортово, ул. Авиамоторная,  д. 55, к. 31, этаж 3, помещ. 3516","altima-debt.ru","","","30.01.2023, 77922/23/15039-НК",""
"136","19.07.2017,  58906/17/9987-ЕП","Общество с ограниченной ответственностью «Профессиональная коллекторская организация «Право», ООО «ПКО «Право»","ОГРН 1135836004446,  ИНН 5836658948","ООО «АльфаСтрахование», период действия договора с 30.04.2026 до 29.04.2027","440020,  Пензенская область,  г. Пенза,  ул. Володарского, стр. 23","оооправо.рф","ooopravo58@mail.ru","","","1"
"137","20.07.2017,  16922/17/30103-РИ","Общество с ограниченной ответственностью Профессиональная коллекторская организация «Вин Лэвел Капитал», ООО ПКО «Вин Лэвел Капитал»","ОГРН 1151650008201,  ИНН 1650308002","СПАО «Ингосстрах», период действия договора с 16.05.202 по 15.05.2027","423815,  Республика Татарстан  г. Набережные Челны,  пр-т. им. Вахитова, д. 20Б","winlevel.ru","support@winlevel.ru","","","1"
"138","27.07.2017,  77922/17/153044-СЗ","Общество с ограниченной ответственностью Профессиональная коллекторская организация «Интер-Прайм», ООО ПКО «Интер-Прайм»","ОГРН 1107746809719,  ИНН 7715831246","СПАО «Ингосстрах», период действия договора с 01.03.2026 по 29.02.2027","127015,  г. Москва,  ул. Б. Новодмитровская,  д. 23, стр. 3","Inter-prime.org","info@Inter-prime.org","","","1"
"139","03.08.2017,  77922/17/160301-НБ","Общество с ограниченной ответственностью Профессиональная коллекторская организация «РМК-Коллектинг», ООО ПКО «РМК-Коллектинг»","ОГРН 5157746145123,  ИНН 7714365867","ООО «Абсолют Страхование», период действия договора с 14.02.2026 по 13.02.2027","123007,  г. Москва,  Хорошёвское шоссе,  д. 35, корп. 1, помещ. 7","rmc-collecting.ru","amorozov@rmc-collecting.ru","","","1"
"140","10.08.2017,  77922/17/162804-СЗ","Общество с ограниченной ответственностью «Центральная служба взыскания», ООО «ЦСВ»","ОГРН 1177746095559,  ИНН 9718046431","ООО «АльфаСтрахование», период действия договора с 05.08.2021 по 04.08.2022","127254,  г. Москва,  ул. Огородный проезд, д. 14, этаж 4, комн. 423","centrsv.ru","","","03.11.2022, 77922/22/9242291-СЗ",""
"141","10.08.2017,  77922/17/162815-СЗ","Общество с ограниченной ответственностью «Центр взыскания», ООО «Центр взыскания»","ОГРН 1137746180770,  ИНН 7724866608","СПАО «Ингосстрах», период действия договора с 27.12.2019 по 26.12.2020","119180,  г. Москва,  пер. Старомонетный, д. 14, стр. 2, помещ. 4","centrvziska.com","","","26.01.2021,  77922/21/603391-СЗ",""
"142","15.08.2017,  16922/17/33874-РИ","Общество с ограниченной ответственностью «ДАГ+», ООО «ДАГ+»","ОГРН 1171690015793, ИНН 1660288940","СПАО «Ингосстрах», период действия договора с 01.08.2023 по 31.07.2024","420140,  Республика Татарстан, г.о.город Казань, г. Казань,  ул. Сибирский Тракт,  д. 38В, к.2,  помещ. 1039,  офис 480","rudag.ru","mdm@rudag.ru","","11.01.2024, 16922/24/260-АЗ",""
"143","18.08.2017,  43918/17/12582-СШ","Общество с ограниченной ответственностью «Профессиональная коллекторская организация «НБК», ООО «ПКО «НБК»","ОГРН 1074345040857,  ИНН 4345197098","АО «АльфаСтрахование», период действия договора с 25.01.2026 по 24.01.2027","610001,  Кировская область,  г. Киров,  ул. Красина, д. 5, корп. 4","zakon43.ru","INFO@PKONBK.RU","","","4"
"144","23.08.2017,  66922/17/37438-ВО","Общество с ограниченной ответственностью Профессиональная коллекторская организация «Урало-Сибирский расчетно-долговой центр», ООО ПКО «Урало-Сибирский расчетно-долговой центр»","ОГРН 1046603137096,  ИНН 6659101869","СПАО «Ингосстрах», период действия договора с 07.08.2025 по 06.08.2026","620026,  Свердловская область,  г. Екатеринбург,  ул. Куйбышева, д. 48Г, кв. 17","usrdc.ru","info@usrdc.ru","","","1"
"145","04.09.2017,  26919/17/27070-НК","Общество с ограниченной ответственностью профессиональная коллекторская организация «Межрегиональный консалтинговый центр», ООО ПКО «МКЦ»","ОГРН 1172651008078,  ИНН 2635227255","АО «Совкомбанк страхование», период действия договора с 15.08.2025 по 14.08.2026","355003,  Ставропольский край,  г. Ставрополь,  ул. Дзержинского,  д. 160, помещ. 177","mkc-collection.ru","info@mkc-collection.ru","","","1"
"146","11.09.2017,  68906/17/9477-ОЯ","Общество с ограниченной ответственностью профессиональная коллекторская организация «Кредитный Арбитр», ООО ПКО «Кредитный Арбитр»","ОГРН 1166820050616,  ИНН 6829117690","СПАО «Ингосстрах»,  период действия договора  с 04.09.2025 по 03.09.2026","392000,  Тамбовская область,  г. Тамбов,  ул. Пионерская, д. 18, помещ. 62","ka-tmb.ru","kr.arbitr@mail.ru","","","1"
"147","14.09.2017,  77922/17/170995-НБ","Общество с ограниченной ответственностью «Профессиональная коллекторская организация «Вальтер и партнеры», ООО «ПКО «Вальтер и партнеры»","ОГРН 1157746821946,  ИНН 7728312015","СПАО «Ингосстрах», период действия договора с 19.03.2026 по 18.03.2027","143005, Московская область,  г. Одинцово,  Можайское шоссе, стр. 80Б, оф. 306","valter-collect.ru","valter.comp@mail.ru","","","1"
"148","19.09.2017,  78922/17/74219-АЛ","Общество с ограниченной ответственностью профессиональная коллекторская организация «Коллекторское агентство «Северная столица», ООО ПКО «КА Северная столица»","ОГРН 1177847220000,  ИНН 7811653557","СПАО «Ингосстрах», период действия договора с 14.08.2025 по 13.08.2026","197342,  г. Санкт-Петербург, вн.тер.г. муниципальный округ Ланское, ул. Торжковская, д.5, лит. А, помещ. 13-Н, комн. 104, офис 408","kass.spb.ru","info@kass.spb.ru","","","1"
"149","21.09.2017,  77922/17/172647-СЗ","Общество с ограниченной ответственностью «Бизнес-Альянс», ООО «Бизнес-Альянс»","ОГРН 1167746753899,  ИНН 7731324349","СПАО «Ингосстрах», период действия договора с 15.06.2024 по 14.06.2025","105118,  г. Москва, вн.тер.г. муниципальный округ Соколиная Гора, ул. Кирпичная, д. 20, стр. 7","biznes-alyans.ru","info@biznes-alyans.ru","","16.05.2025, 77922/25/93151-НК",""
"150","21.09.2017,  77922/17/172648-СЗ","Общество с ограниченной ответственностью Профессиональная коллекторская организация «АНТЕЙ», ООО ПКО «АНТЕЙ»","ОГРН 5147746235786,  ИНН 7701410819","СПАО «Ингосстрах», период действия договора с 05.02.2026 по 04.02.2027","117105,  г. Москва, вн.тер.г. муниципальный округ Донской, ш. Варшавское, д. 16, корп.1, этаж 1, помещ. II, ком. 1-9","antey-collection.com","info@antey-collection.com","","","1"
"151","25.09.2017,  69907/17/17478-АТ","Общество с ограниченной ответственностью Коллекторское агентство «Реверс», ООО Коллекторское агентство «Реверс»","ОГРН 1086952016205,  ИНН 6950085733","ПАО «Ингосстрах», период действия договора C 18.09.2018 по 17.09.2019","170001,  Тверская область,  г. Тверь,  ул. Спартака, д. 42, помещ. 6","revers-tver.ru","badaninserg@yandex.ru","","25.04.2019,  69907/19/9238-НС",""
"152","26.09.2017,  16922/17/40513-ИБ","Общество с ограниченной ответственностью Профессиональная коллекторская организация «Фабула», ООО ПКО «Фабула»","ОГРН 1151690071741,  ИНН 1657199916","СПАО «Ингосстрах», период действия договора с 21.08.2025 по 20.08.2026","421044,  Республика Татарстан  г. Казань,  пр. Ямашева, д. 36д,  офис 15","kafabula.ru","nm@5kapitalov.ru","","","1"
"153","09.10.2017,  28907/17/23496377-ЛМ","Общество с ограниченной ответственностью «Сириус-Трейд», ООО «Сириус-Трейд»","ОГРН 1092801011600,  ИНН 2801146767","СПАО «Ингосстрах», период действия договора с 01.01.2021 по 31.12.2021","630082,  Новосибирская область,  г. Новосибирск,  ул. Дуси Ковальчук,  д. 250, помещ. 202","serioustrade.ru","serious@serioustrade.ru","","26.04.2021,  246",""
"154","09.10.2017, 59922/17/41495-ИК","Общество с ограниченной ответственностью Профессиональная коллекторская организация «ОЛАНД» , ООО ПКО «ОЛАНД»","ОГРН 1165958078087,  ИНН 5904335578","АО «АльфаСтрахование», период действия договора с 18.09.2025 по 17.09.2026","614000,  Пермский край, г.о. Пермский,  г. Пермь,  ул. Монастырская,  д. 61, офис 525","oland59.ru","olandperm@yandex.ru","","","1"
"155","10.10.2017,  21906/17/16400-АИ","Общество с ограниченной ответственностью Профессиональная коллекторская организация «Инкасс Коллект», ООО ПКО «Инкасс Коллект»","ОГРН 1162130053953,  ИНН 2130168738","СПАО «Ингосстрах», период действия договора с 27.01.2026 по 26.01.2027","428022,  Чувашская Республика — Чувашия, г.о. город Чебоксары, г. Чебоксары,  ул. 50 лет Октября, д. 4, помещ. 3","incollect.ru","fssp@incollect.ru","","","4"
"156","12.10.2017,  77922/17/177522-СЗ","Общество с ограниченной ответственностью Профессиональная коллекторская организация «Столичная Сервисная Компания», ООО ПКО «ССК»","ОГРН 1057747813837,  ИНН 7705680245","АО «АльфаСтрахование», период действия договора с 01.06.2026 по 31.05.2027","121609,  г. Москва, вн.тер.г. муниципальный округ Крылатское, бульвар Осенний,  д. 23","capitalca.ru","CapitalCA@svea-cca.ru","","","1"
"157","12.10.2017,  77922/17/177524-СЗ","Общество с ограниченной ответственностью профессиональная коллекторская организация «АйДи Коллект», ООО ПКО «АйДи Коллект»","ОГРН 1177746355225,  ИНН 7730233723","ПАО СК «Росгосстрах», период действия договора с 26.06.2026 по 25.06.2027","121096,  г. Москва,  ул. Василисы Кожиной,  д. 1, офис Д13.","idcollect.ru","info@idcollect.ru","","","2"
"158","12.10.2017,  54922/17/35608-ВЭ","Общество с ограниченной ответственностью профессиональная коллекторская организация «ССПВ», ООО ПКО «ССПВ»","ОГРН 1165476201384,  ИНН 5404048840","ООО «Абсолют Страхование», период действия договора с 30.04.2025 по 29.04.2026","630108,  Новосибирская область,  г. Новосибирск,  ул. Станционная, д. 30А,  каб. 901","sspv.pro","sspv@sspv.pro","","","1"
"159","30.10.2017,  36906/17/33877-ВП","Общество с ограниченной ответственностью профессиональная коллекторская организация Юридическая фирма «НЕРИС», ООО ПКО ЮФ «НЕРИС»","ОГРН 1173668018501,  ИНН 3664227526","СПАО «Ингосстрах», период действия договора с 12.10.2025 по 11.10.2026","394006,  Воронежская область,  г. Воронеж,  ул. 20-летия Октября,  д. 90 Б, офис 414","нерис.рф","neris-vrn@mail.ru","","","1"
"160","16.11.2017,  77922/17/186846-СЗ","Общество с ограниченной ответственностью «Прайм Коллекшен», ООО «Прайм Коллекшен»","ОГРН 1147746200062,  ИНН 7717777530","СПАО «Ингосстрах», период действия договора с 27.03.2022 по 26.03.2023","127247,  г. Москва,  Дмитровское шоссе,  д. 100, стр. 2, этаж 5,  помещ. 4506","primecollection.ru","","","14.04.2023, 77922/23/618608-НК",""
"161","22.11.2017,  78922/17/81888-ВГ","Общество с ограниченной ответственностью Профессиональная коллекторская организация «Центр Прогресс», ООО ПКО «Центр Прогресс»","ОГРН 1177847203566,  ИНН 7813280879","ООО «Зетта Страхование», период действия договора с 25.12.2025 по 24.12.2026","123557,  г. Москва, вн.тер.г. муниципальный округ Южнопортовый, пр-т Волгоградский,  д. 26, стр. 1, этаж 8, ком. 811","cprogress.ru","centr-progress@outlook.com","","","1"
"162","23.11.2017,  77922/17/189151-СЗ","Общество с ограниченной ответственностью Профессиональная коллекторская организация «КредитКонсалт», ООО ПКО «КредитКонсалт»","ОГРН 1087746857835,  ИНН 7728665652","ПАО СК «Росгосстрах» период действия договора с 17.10.2025 по 16.10.2026","109428,  г. Москва, вн. тер. г. муниципальный округ Рязанский, просп. Рязанский,  д. 8А, стр. 14, помещ. 1/11","creditconsalt.ru","creditconsalt08@mail.ru","","","1"
"163","23.11.2017,  77922/17/189156-СЗ","Общество с ограниченной ответственностью Профессиональная коллекторская организация «АЛЬФА», ООО ПКО «АЛЬФА»","ОГРН 1177746530158,  ИНН 7716859501","ООО «Зетта Страхование», период действия договора с 08.09.2025 по 07.09.2026","129346,  г. Москва, вн.тер.г. муниципальный округ Лосиноостровский, ул. Изумрудная, д. 18,  этаж 5, помещ. XIII, ком. 20","alfacollection.ru","info@alfacollection.ru","","","4"
"164","23.11.2017,  66922/17/51063-ВО","Общество с ограниченной ответственностью Профессиональная коллекторская организация «ДЕМОКРИТ», ООО ПКО «ДЕМОКРИТ»","ОГРН 1176658080554, ИНН 6671077740","ООО «Зетта Страхование», период действия договора с 10.11.2025 по 09.11.2026","620110,  Свердловская область,  г. Екатеринбург,  ул. Чкалова, д. 239, кв. 299","demokrit.su","ooo-demokrit@yandex.ru","","","1"
"165","08.12.2017,  54922/17/43027-ВЭ","Общество с ограниченной ответственностью «Сибирь консалтинг групп», ООО «СКГ»","ОГРН 1155476138586,  ИНН 5407950809","СПАО «Ингосстрах», период действия договора с 11.09.2018 по 10.09.2019","630102,  Новосибирская область,  г. Новосибирск,  ул. Нижегородская,  д. 6А, офис 401","scgroup.su","zapros@scgroup.su","","28.08.2019,  678",""
"166","08.12.2017,  38922/17/37823-ТМ","Общество с ограниченной ответственностью Профессиональная коллекторская организация «Гранд Капитал», ООО ПКО «Гранд Капитал»","ОГРН 1170327009412,  ИНН 0326554597","СПАО «Ингосстрах», период действия договора с 27.10.2025 по 26.10.2026","670031,  Республика Бурятия,  г. Улан-Удэ,  ул. Бабушкина,  д. 34, офис 306","ka-grandkapital.ru","grand.kapital.17@mail.ru","","","1"
"167","11.12.2017,  31907/17/19672-ПМ","Общество с ограниченной ответственностью «Консолидейшн», ООО «АФК»","ОГРН 1153123007982,  ИНН 3123365906","ООО «Абсолют Страхование», период действия договора с 24.02.2021 по 23.02.2022","308012,  Белгородская область,  г. Белгород,  ул. Костюкова, д. 34-В,  офис 302","консолидейшн.рф","","","04.04.2025, 31907/25/11901-ДК",""
"168","15.12.2017,  64922/17/46490-ИР","Общество с ограниченной ответственностью профессиональная коллекторская организация «Защита», ООО ПКО «Защита»","ОГРН 1176451025410,  ИНН 6449088107","АО «АльфаСтрахование», период действия договора с 15.11.2025 по 14.11.2026","413100,  Саратовская область,  г. Энгельс,  ул. Пролетарская,  д. 1, офис 31","zashchita64.ru","ooozashitaooo@yandex.ru","","","1"
"169","20.12.2017,  75907/17/29569-БД","Общество с ограниченной ответственностью ПРОФЕССИОНАЛЬНАЯ КОЛЛЕКТОРСКАЯ ОРГАНИЗАЦИЯ «СЕВИНКОМ», ООО ПКО «СЕВИНКОМ»","ОГРН 1127536003297,  ИНН 7536127121","АО «АльфаСтрахование», период действия договора с 25.01.2026 по 24.01.2027","672040,  Забайкальский край,  г. Чита,  ул. Ватутина,  д. 20, кв. 79","севинком. рф","sevincom@yandex.ru","","","1"
"170","20.12.2017,  52922/17/357788-ИК","Общество с ограниченной ответственностью «Центрум», ООО «Центрум»","ОГРН 1125260003175,  ИНН 5260324077","СПАО «Ингосстрах», период действия договора с 20.11.2018 по 19.11.2019","603000,  Нижегородская область,  г. Нижний Новгород,  ул. Белинского, д. 9/1,  помещ. П 7","centrum-nn.ru","info@centrum-nn.ru","","09.10.2019,  52922/19/54836-ЛМ",""
"171","22.12.2017,  34918/17/63765-ВЗ","Общество с ограниченной ответственностью «Единый Центр Взыскания», ООО «ЕЦВ»","ОГРН 1057747958344,  ИНН 7704568339","СПАО «Ингосстрах», период действия договора с 25.12.2019 по 24.12.2020","400001,  Волгоградская область,  г. Волгоград,  ул. им. Циолковского,  д. 9А, этаж 2, помещ. 6.1","Leader-ecv.ru","info@ecv-vlg.ru","","03.02.2021,  34922/21/30642-ЮБ",""
"172","27.12.2017,  74910/17/46118-АС","Общество с ограниченной ответственностью Профессиональная Коллекторская Организация «ЭВАЗ Консалтинг», ООО ПКО «ЭВАЗ Консалтинг»","ОГРН 1027402702139,  ИНН 7449007276","АО «Зетта Страхование», период действия договора с 31.12.2025 по 30.12.2026","454091,  Челябинская область,  г.о. Челябинск, г. Челябинск, ул. Энгельса,  д. 26А, помещ. 20/1","Uca-74.ru","info@uca-74.ru","","","1"
"173","28.12.2017,  24922/17/52606-ЕЛ","Общество с ограниченной ответственностью «Единый расчетно-кассовый центр», ООО «ЕРКЦ»","ОГРН 1132459000310,  ИНН 2456001967","СПАО «Ингосстрах», период действия договора с 21.12.2018 по 20.12.2019","662200,  Красноярский край,  г. Назарово,  ул. Арбузова,  д. 83, помещ. 17","naz-erkz.ru","naz-erkz@yandex.ru","","19.02.2020,  24922/20/13296-ВВ",""
"174","10.01.2018,  26919/18/211-МЗ","Общество с ограниченой ответственностью «Профессиональная коллекторская организация «СБР-ЮГ», ООО «ПКО «СБР-ЮГ»","ОГРН 1142651029608,  ИНН 2632814015","АО «АльфаСтрахование», период действий договора с 11.01.2026 по 10.01.2027","355003,  Ставропольский край,  г. Ставрополь,  ул. Дзержинского,  д. 160","ooo-sbr-yug.ru","sber-director@mail.ru","","","1"
"175","16.01.2018,  906/18/802-РП","Общество с ограниченной ответственностью профессиональная коллекторская организация «ЮРАРТ», ООО ПКО «ЮРАРТ»","ОГРН 1173668043801,  ИНН 3662252862","АО «АльфаСтрахование», период действий договора с 18.12.2025 по 17.12.2026","394088,  Воронежская область,  г. Воронеж,  ул. Владимира Невского,  д. 19А, кв. 224","urart-vrn.com","urart-vrn@mail.ru","","","1"
"176","18.01.2018,  14907/18/724-НГ","Общество с ограниченной ответственностью Профессиональная коллекторская организация «Кондор», ООО ПКО «Кондор»","ОГРН 1161447062622,  ИНН 1435312504","ООО «Абсолют Страхование», период действия договора с 30.11.2025 по 29.11.2026","677000,  Республика Саха (Якутия), г. Якутск,  ул. Пояркова,  д. 20, корп. 1, кв. 88","pko-kondor.ru","kondorplyus14@mail.ru","","","1"
"177","25.01.2018,  77922/18/195285-МН","Общество с ограниченной ответственностью Профессиональная коллекторская организация «Юридическое Агентство «Иск-Трейд» ООО ПКО «ЮАИТ»","ОГРН 1147746334559,  ИНН 7704860164","ООО «Абсолют Страхование», период действия договора с 10.02.2026 по 09.02.2027","115114,  г. Москва, вн.тер.г.муниципальный округ Замоскворечье,  ул. Летниковская,  д. 10, стр. 4, помещ. 8/7","isk-trade.com","ISK-TRADE@yandex.ru","","","1"
"178","25.01.2018,  77922/18/195284-МН","Общество с ограниченной ответственностью Профессиональная коллекторская организация «Долгофф», ООО ПКО «Долгофф»","ОГРН 1097746423752,  ИНН 7707707982","ООО «Абсолют Страхование», период действия договора с 08.02.2026 по 07.02.2027","127030,  г. Москва,  ул. Долгоруковская,  д. 35","collector-dolgoff.ru","boss@dfpg.ru","","","1"
"179","25.01.2018,  77922/18/195286-МН","Общество с ограниченной ответственностью «Профессиональная коллекторская организация Миктум», ООО «ПКО Миктум»","ОГРН 1107746119227,  ИНН 7724737722","ООО «РСО «Евроинс», период действия договора с 10.11.2025 по 09.11.2026","127051,  г. Москва, вн.тер.г.муниципальный округ Замоскворечье, пер. Средний Овчинниковский, д. 12, помещ. 1/5","miktum.ru","mail@miktum.ru","","","1"
"180","30.01.2018,  36906/18/2640-СЯ","Общество с ограниченной ответственностью профессиональная коллекторская организация «АЛЬЯНС ГРУПП», ООО ПКО «АЛЬЯНС ГРУПП»","ОГРН 1163668050732,  ИНН 3664214573","ООО «Абсолют Страхование», период действия договора с 13.10.2025 по 12.10.2026","394068,  Воронежская область,  г. Воронеж,  ул. Хользунова, д. 4, помещ. 3/1","alliancegroup-vrn.ru","610-116@mail.ru","","","1"
"181","31.01.2018,  34918/18/3528-ЮБ","Общество с ограниченной ответственностью «Профессиональная коллекторская организация «Лидер», ООО «ПКО «Лидер»","ОГРН 1083461003933,  ИНН 3448045000","ООО РСО «Евроинс», период действия договора с 20.01.2026 по 19.01.2027","400074,  Волгоградская область, г.о. город-герой Волгоград, г. Волгоград,  ул. им. Циолковского,  д. 39, этаж 1","лидервлг.рф","andomino34@yandex.ru","","","1"
"182","31.01.2018,  59922/18/4119-ИК","Общество с ограниченной ответственностью Профессиональная коллекторская организация «Агентство по урегулированию споров», ООО ПКО «АУС»","ОГРН 1145958040348,  ИНН 5908998590","СПАО «Ингосстрах», период действия договора с 22.01.2025 по 21.01.2027","614031,  Пермский край,  г. Пермь,  ул. Костычева, д. 17, кв. 47","agentsporov.ru","agentsporov@yandex.ru","","","1"
"183","07.02.2018,  36906/18/3679-РП","Общество с ограниченной ответственностью «Агентство взысканий», ООО «Агентство взысканий»","ОГРН 1173668055956,  ИНН 3666223446","АО «АльфаСтрахование», период действия договора с 05.12.2022 по 04.12.2023","394036,  Воронежская область,  г. Воронеж,  ул. Сакко и Ванцетти, д. 78А, офис 1","agent-v.ru","info@agent-v.ru","","30.06.2023, 36907/23/35512-РП",""
"184","13.02.2018,  18907/18/2786-ИН","Общество с ограниченной ответственностью Профессиональная коллекторская организация «Центр Правовой Поддержки», ООО ПКО «Центр Правовой Поддержки»","ОГРН 1161832074744,  ИНН 1831181333","АО «АльфаСтрахование», период действия договора с 07.02.2026 по 06.02.2027","426057,  Удмуртская Республика,  г. Ижевск,  ул. Красногеройская,  д. 14, офис 79","tspp18.ru","kiriller111@mail.ru","","","1"
"185","12.02.2018,  61919/18/6246-ЮР","Общество с ограниченной ответственностью профессиональная коллекторская организация «Сатис Консалтинг», ООО ПКО «Сатис Консалтинг»","ОГРН 1156196031595,  ИНН 6168074571","ПАО СК «Рососстрах», период действия договора с 25.12.2025 по 24.12.2026","344016,  Ростовская область,  г. Ростов-на-Дону,  ул. Буровая, зд. 46","satisconsulting.ru","satis.consulting@yandex.ru","","","1"
"186","20.02.2018,  86922/18/4332-ОА","Общество с ограниченной ответственностью «Долговой консалтинг — агентство сбора коммунальных платежей,  ООО «Долговой консалтинг — АСКП»","ОГРН 1148602002757,  ИНН 8602214460","СПАО «Ингосстрах», период действия договора с 10.01.2023 по 09.01.2024","628408, ХМАО-Югра,  г. Сургут,  ул. Сергея Безверхова, д. 4/4, помещ. 5","dk-askp.ru","askp86@mail.ru","","17.01.2024, 86922/24/1406-ЕЛ",""
"187","20.02.2018,  46907/18/2998-ИВ","Общество с ограниченной ответственностью «Профессиональная коллекторская организация Центр Альтернативного Финансирования», ООО «ПКО Центр Альтернативного Финансирования»","ОГРН 1144632011380,  ИНН 4632195224","СПАО «Ингосстрах», период действия договора с 12.01.2026 по 11.01.2027","305000,  Курская область, г.о. город Курск, г. Курск,  ул. Марата, д. 21, этаж 2, помещ. I","alternativacentr.ru","info@alternativacentr.ru","","","1"
"188","27.02.2018,  25922/18/8289-ИК","Общество с ограниченной ответственностью Профессиональная коллекторская организация «КАЙТ ГРУПП»,  ООО ПКО «КАЙТ ГРУПП»","ОГРН 1142536008548,  ИНН 2536276999","СПАО «Ингосстрах», период действия договора с 07.12.2025 по 06.12.2026","690091,  Приморский край, г. Владивосток,  ул. Светланская, д. 55В","кайтгрупп.рф","kaitgroup.vl@gmail.com","","","1"
"189","28.02.2018,  24922/18/7383-СН","Общество с ограниченной ответственностью профессиональная коллекторская организация «Арглегал», ООО ПКО «Арглегал»","ОГРН 1152468033024,  ИНН 2465128720","ООО «Зетта Страхование», период действия договора с 16.02.2026 по 15.02.2027","660049,  Красноярский край, г. Красноярск,  ул. Карла Маркса, д. 95,  корп. 1, помещ. 83, ком. 320","argumlegal.ru","info@argumlegal.ru","","","3"
"190","05.03.2018,  52922/18/7206-ВС","Общество с ограниченной ответственностью Профессиональная коллекторская организация «КПА Групп», ООО ПКО «КПА Групп»","ОГРН 1125259001592,  ИНН 5259100410","СПАО «Ингосстрах», период действия договора с 25.01.2026 по 24.01.2027","603014,  Нижегородская область,  г. Нижний Новогорд,  ул. Коминтерна, д. 14, кв. 52","kpagrupp.ru","kpagrupp@mail.ru","","","1"
"191","06.03.2018,  77922/18/7739-СЗ","Общество с ограниченной ответственностью Профессиональная коллекторская организация «Центр финансовых решений», ООО ПКО «Центр финансовых решений»","ОГРН 1167746832186,  ИНН 7733298863","СПАО «Ингосстрах», период действия договора с 15.03.2026 по 14.03.2027","125464,  г. Москва, вн.тер.г.муниципальый округ Митино, Волоколамское шоссе,  д. 142, помещ. 2/1","cfr.moscow","cfr_msk@mail.ru","","","1"
"192","07.03.2018,  54922/18/11254-ВЭ","Общество с ограниченной ответственностью «Кобрин», ООО «Кобрин»","ОГРН 1165476110029,  ИНН 5406610327","СПАО «Ингосстрах», период действия договора с 21.11.2018 по 20.11.2019","630055,  Новосибирская область,  г. Новосибирск,  ул. Мусы Джалиля,  д. 3/1, офис 15","kobrin54.ru","gneushevnv@kobrin54.ru","","03.06.2020,  54922/20/34426-ЭБ",""
"193","13.03.2018,  36906/18/7693-СЯ","Общество с ограниченной ответственностью Юридический центр «Бизнес. Недвижимость. Право» (профессиональная коллекторская организация), ООО ЮЦ «Б.Н.П.» (ПКО)","ОГРН 1023601544108,  ИНН 3666100821","АО «АльфаСтрахование», период действия договора с 25.01.2026 по 24.01.2027","394036,  Воронежская область,  г. Воронеж,  просп. Революции,  д. 1В, офис 406","bepaid.ru","info@bepaid.ru","","","1"
"194","14.03.2018,  46907/18/4155-ИВ","Общество с ограниченной ответственностью профессиональная коллекторская организация «Правовой центр Черноземья», ООО ПКО «Правовой центр Черноземья»","ОГРН 1154632001700,  ИНН 4632200234","ПАО СК «Росгосстрах», период действия договора с 03.10.2025 по 02.10.2026","305023,  Курская область,  г. Курск,  ул. Прогонная 1-я, д. 1, офис 206","pc-chernozemya.ru","ooo.pc.chernozemya@mail.ru","","","1"
"195","14.03.2018,  36906/18/7795-СЯ","Общество с ограниченной ответственностью Профессиональная коллекторская организация «Юрисконсульт», ООО ПКО «Юрисконсульт»","ОГРН 1133668050317,  ИНН 3625013023","СПАО «Ингосстрах», период действия договора с 13.02.2025 по 12.02.2026","394054,  Воронежская область,  г. Воронеж,  мкр. Жилой массив Олимпийский,  д. 17, кв. 924","yuriskonsult36.ru","oooyuriskonsult@mail.ru","","","4"
"196","16.03.2018,  18907/18/5075-ИН","Общество с ограниченной ответственностью Профессиональная коллекторская организация «Экспресс Коллекшн», ООО ПКО «Экспресс Коллекшн»","ОГРН 1141831003192,  ИНН 1831167427","СПАО «Ингосстрах», период действия договора с 27.02.2026 по 26.02.2027","426006,  Удмуртская Республика,  г. Ижевск,  ул. Ленина, д.45, помещ. 31","EC18.RU","collect@ec18.ru","","","1"
"197","20.03.2018,  52922/18/8664-ВС","Общество с ограниченной ответственностью Профессиональная коллекторская организация «ФинЭффект», ООО ПКО «ФинЭффект»","ОГРН 1145260018144,  ИНН 5260402511","АО «АльфаСтрахование», период действия договора с 14.02.2024 по 13.02.2028","603163,  Нижегородская область,  г. Нижний Новгород,  ул. Верхне-Печерская,  д. 1, кв. 140","fineff.ru","info@fineff.ru","","","1"
"198","27.03.2018,  78922/18/9282-АЛ","Общество с ограниченной ответственностью «Коллекторское агентство «Деньги Будут», ООО «КА «Деньги Будут»","ОГРН 1177847398585,  ИНН 7811674941","СПАО «Ингосстрах», период действия договора с 17.01.2020 по 16.01.2021","192029,  г. Санкт-Петербург,  просп. Обуховской Обороны,  д. 70, корп. 2, офис 308","kadengibudut.ru","clients@kadengibudut.ru","","30.10.2020,  78922/20/51492-АЛ",""
"199","27.03.2018,  54922/18/13521-АЛ","Общество с ограниченной ответственностью профессиональная коллекторская организация «Центр профессионального взыскания», ООО ПКО «Центр профессионального взыскания»","ОГРН 1175476029739,  ИНН 5406972623","СПАО «Ингосстрах», период действия договора с 27.06.2025 до 26.06.2026","630007,  Новосибирская область, г.о. Новосибирск, г. Новосибирск,  ул. Коммунистическая,  д. 35, к.1","zentrv.ru","dir@zentrv.ru","","","1"
"200","02.04.2018,  18907/18/6192-ОВ","Общество с ограниченной ответственностью Профессиональная коллекторская организация «Гранит Плюс», ООО ПКО «Гранит Плюс»","ОГРН 1161832051402,  ИНН 1831177672","СПАО «Ингосстрах», период действия договора с 18.12.2025 по 17.12.2026","427627,  Удмуртская Республика,  г. Глазов,  ул. Юкаменская, д. 39,  офис 1","granit.plus","mail@granit.plus","","","1"
"201","03.04.2018,  23922/18/23371-АК","Общество с ограниченной ответственностью Профессиональная коллекторская организация «ВИП-КОЛЛЕКШН», ООО ПКО «ВИП-К»","ОГРН 1182375005878,  ИНН 2311252460","СПАО «Ингосстрах», период действия договора с 16.03.2025 по 15.03.2026","350072,  Краснодарский край,  г. Краснодар,  ул. Московская,  д. 81/1, литер А,  офис 419","вип-к.рф","vipkrd2017@gmail.com","","","1"
"202","10.04.2018,  24922/18/13612-ЕЛ","Общество с ограниченной ответственностью профессиональная коллекторская организация «Долг-контроль», ООО ПКО «Долг-контроль»","ОГРН 1132468067621, ИНН 2465304196","АО «АльфаСтрахование», период действия договора с 15.02.2026 по 14.02.2027","660022,  Красноярский край,  г. Красноярск,  ул. Партизана Железняка,  д. 18, офис 521","dolgkontol.ru","dolgkontrol@gmail.com","","","3"
"203","08.05.2018,  78922/18/15070-АЛ","Общество с ограниченной ответственностью «Профессиональная коллекторская организация «Юридическая безопасность бизнеса», ООО «ПКО «ЮББ»","ОГРН 1107847355000,  ИНН 7813484544","ООО «Абсолют Страхование», период действия договора с 12.04.2025 по 11.04.2026","197110,  г. Санкт-Петербург,  просп. Левашовский,  д. 12, лит. А, ком. 356","ubbltd.ru","ubbltd@yandex.ru","","","1"
"204","08.05.2018,  78922/18/15069-АЛ","Общество с ограниченной ответственностью «профессиональная коллекторская организация «Главколлект», ООО «Профессиональная коллекторская организация «Главколлект»","ОГРН 1177847391501,  ИНН 7810716571","СПАО «Ингосстрах», период действия договора с 22.01.2026 по 21.01.2027","196006,  г. Санкт-Петербург,  ул. Заставская,  д. 15, лит. В, помещ. 5-Н","glavkollekt.ru","info@glavkollekt.ru","","","1"
"205","10.05.2018,  77922/18/36086-СЗ","Общество с ограниченной ответственностью Профессиональная коллекторская организация «Юридическая фирма «Гошин Групп», ООО ПКО «ЮФ «Гошин Групп»","ОГРН 1117746938880,  ИНН 7708750910","ПАО СК «Росгосстрах», период действия договора с 30.09.2025 по 29.09.2026","127051,  г. Москва,  Большой Каретный пер.,  д. 24, стр. 2, помещ. 4,  каб. 2","goshin.ru","info@goshin.ru","","","1"
"206","15.05.2018,  78922/18/15792-АЛ","Общество с ограниченной ответственностью «Профессиональная коллекторская организация Юнона», ООО «ПКО Юнона»","ОГРН 1167847404053,  ИНН 7806253521","ООО «Зетта Страхование», период действия договора с 04.05.2025 по 03.05.2026","195027,  г. Санкт-Петербург, вн. тер. г. муниципальный округ Большая Охта,  ул. Магнитогорская, д. 23, корп. 1, лит. А, офис 332, комн. 43-Н","iunona.su","info@iunona.su","","","3"
"207","16.05.2018,  30907/18/6334-СШ","Общество с ограниченной ответственностью «Первая коллекторская компания», ООО «Первая коллекторская компания»","ОГРН 1173025007979,  ИНН 3025031831","СПАО «Ингосстрах», период действия договора с 25.01.2018 по 24.01.2019","416370,  Астраханская область,  с. Икряное,  ул. Северная, д. 14","1collector.ru","1collector30@gmail.com","","26.07.2019,  30907/19/15645-АЮ",""
"208","28.05.2018,  54922/18/22438-ВЭ","Общество с ограниченной ответственностью Профессиональная Коллекторская Организация «БУСТЭР», ООО ПКО «БУСТЭР»","ОГРН 1185476022709,  ИНН 5407969670","АО «Зетта Страхование», период действия договора с 24.04.2026 по 23.04.2027","630005,  Новосибирская область, г.о. Новосибирск,  г. Новосибирск,  ул. Гоголя,  д. 38","boostr.ru","info@boostr.ru","","","1"
"209","30.05.2018,  54922/18/22809-ВЭ","Общество с ограниченной ответственностью Профессиональная коллекторская организация «Пойдём!», ООО ПКО «Пойдём!»","ОГРН 1175476124493,  ИНН 5402038765","ООО «Абсолют Страхование», период действия договора с 01.03.2026 по 29.02.2027","630075,  Новосибирская область,  г. Новосибирск,  ул. Фрунзе, д. 49/3, офис 9","legalcollector.ru","info@legalcollector.ru","","","1"
"210","30.05.2018,  77922/18/46665-СЗ","Общество с ограниченной ответственностью «Юридическая компания «Легист», ООО «ЮК «Легист»","ОГРН 1167746816896,  ИНН 7734389898","СПАО «Ингосстрах», период действия договора с 29.12.2018 по 28.12.2019","129164,  г. Москва,  ул. Маломосковская,  д. 16, стр. 1, помещ. 27,  этаж 2","uklegist.ru","","","21.04.2021,  77922/21/775044-СЗ",""
"211","18.06.2018,  66922/18/25774-ВО","Общество с ограниченной ответственностью «Профессиональная коллекторская организация «Голиаф», ООО ПКО «Голиаф»","ОГРН 1176658096306,  ИНН 6658506936","СПАО «Ингосстрах», период действия договора с 20.10.2025 по 19.10.2026","620000,  Свердловская область, г.о. город Екатеринбург,  г. Екатеринбург,  ул. Мамина-Сибиряка, стр. 101, офис 5.17","ka-goliaf.ru","legal@ka-goliaf.ru","","","3"
"212","19.06.2018,  78922/18/19501-АЛ","Общество с ограниченной ответственностью «Группа компаний «Юрфининвест», ООО «ГК «Юрфининвест»","ОГРН 1137847308642,  ИНН 7810450515","ООО «Абсолют Страхование», период действия договора с 31.05.2020 по 30.05.2021","115088,  г. Москва,  ул. Машиностроения 2-я,  д. 17, стр. 1, этаж 2, помещ. 1, ком. 63,  офис 60","gk-ufi.ru","gk.ufi@yandex.ru","","30.09.2021, 77922/21/379296-СЗ",""
"213","21.06.2018,  77922/18/58044-СЗ","Общество с ограниченной ответственностью «Профессиональная коллекторская организация «БизнесКонсалтингГрупп», ООО «ПКО «БКГ»","ОГРН 1157746486798,  ИНН 7710496844","АО «Совкомбанк страхование» период действия договора с 04.06.2026 по 03.06.2027","121087,  г. Москва,  ул. Барклая, д. 6, стр. 5,  ком. 23Д, этаж 5","bcg-collect.ru","info@bcg-collect.ru","","","1"
"214","28.06.2018,  86922/18/16065-ОА","Общество с ограниченной ответственностью «Долговое бюро», ООО «Долговое бюро»","ОГРН 1188617006599,  ИНН 8602285887","СПАО «Ингосстрах», период действия договора с 02.06.2019 по 01.06.2020","628416,  ХМАО-Югра,  г. Сургут,  просп. Ленина, д. 21, офис 523","dolgovoeburo.ru","info@dolgovoeburo.ru","","13.04.2020,  86922/20/10578-ВВ",""
"215","04.07.2018,  77922/18/64323-СЗ","Общество с ограниченной ответственностью «Центр Взыскания Задолженности», ООО «ЦВЗ»","ОГРН 1187746409510,  ИНН 9723045810","ООО «Абсолют Страхование», период действия договора с 15.05.2024 по 14.05.2025","117105,  г. Москва,  Варшавское шоссе, д. 1,  стр. 1-2, этаж 4, ком. 33","cvz.msk.ru","info@cvz.msk.ru","","","1"
"216","16.07.2018,  78922/18/23556-АЛ","Общество с ограниченной ответственностью профессиональная коллекторская организация «Невская Финансовая Компания», ООО ПКО «Невская Финансовая Компания»","ОГРН 1187847064580,  ИНН 7841071972","АО «Зетта Страхование», период действия договора с 15.06.2025 по 14.06.2026","191186,  г. Санкт-Петербург,  ул. Миллионная, д. 38, кв. 9","nfcompany.ru","info@nfcompany.ru","","29.01.2026, 78922/26/208854-ОК",""
"217","01.08.2018,  75999/18/18236-БД","Общество с ограниченной ответственностью «Легия», ООО «Легия»","ОГРН 1187536003027,  ИНН 7536171709","ООО СК «Уралсиб Страхование», период действия договора с 19.06.2020 по 18.06.2021","672038,  Забайкальский край,  г. Чита,  ул. Кочеткова, д. 82,  кв. 47","legia75.wixsite.com/mysite","legia75@yandex.ru","","30.06.2021, 75907/21/23851-БД",""
"218","09.08.2018,  77922/18/81670-СЗ","Общество с ограниченной ответственностью «Эникомп», ООО «Эникомп»","ОГРН 1107746246222,  ИНН 7708716965","СПАО «Ингосстрах», период действия договора с 07.05.2022 по 06.05.2023","125284,  г. Москва, вн.тер.г. муниципальный округ Беговой, Ленинградский просп.,  д. 31 «А»,стр. 1, эт.25, помещ. 1/25/4","dolgrf.ru","","","14.02.2023, 77922/23/289312-НК",""
"219","09.08.2018,  77922/18/81667-СЗ","Общество с ограниченной ответственностью Профессиональная коллекторская организация «Нэйва», ООО ПКО «Нэйва»","ОГРН 1167746657033,  ИНН 7734387354","ПАО СК «Росгосстрах», период действия договора с 20.04.2026 по 19.04.2027","117218,  г. Москва,  ул. Кржижановского,  д. 15, корп. 5, офис 402","нэйва.рф","info@neiva.group","","","1"
"220","16.08.2018,  77922/18/84822-СЗ","Акционерное общество Профессиональная коллекторская организация «Центр Долгового Управления», АО ПКО «ЦДУ»","ОГРН 5087746390353,  ИНН 7730592401","САО «ВСК», период действия договора с 12.04.2026 по 11.04.2027","117420,  г. Москва, вн.тер.г. муниципальный округ Черемушки, ул. Наметкина,  д. 15, эт/помещ./ком. 1/I/12","gkcdu.ru","info@gkcdu.ru","","","3"
"221","13.09.2018,  26919/18/25374-МЗ","Общество с ограниченной ответственностью профессиональная коллекторская организация «Агентство Консул-КМВ», ООО ПКО «Агентство Консул-КМВ»","ОГРН 1172651022136,  ИНН 2632109422","СПАО «Росгосстрах», период действия договора с 24.01.2026 по 23.01.2027","357502,  Ставропольский край,  г. Пятигорск,  проезд Оранжерейный,  д. 14, помещ. 50 Б","kmv-konsul.ru","konsul-kmv@bk.ru","","","1"
"222","19.09.2018,  18907/18/19184-ИН","Общество с ограниченной ответственностью Профессиональная коллекторская организация «СВД», ООО ПКО «СВД»","ОГРН 1181832017058,  ИНН 1831191109","СПАО «Ингосстрах», период действия договора с 13.08.2025 по 12.08.2026","426008,  Удмуртская Республика, г.о. город Ижевск, г. Ижевск,  ул. Пушкинская, д. 268, литер Д,  офис 201","svd18.ru","contact@svd18.ru","","","1"
"223","03.10.2018,  74910/18/40100-АС","Общество с ограниченной ответственностью «Национальное Бюро Финансового Контроля», ООО «НБФК»","ОГРН 1187456020840,  ИНН 7453321220","СПАО «Ингосстрах», период действия договора с 07.09.2021 по 06.09.2022","454080,  Челябинская область, г.о. Челябинский, вн. р-н Центральный, г. Челябинск,  ул. Энтузиастов,  д. 26Б, офис 302","nbfk.ru","ooonbfk@yandex.ru.","","04.08.2022. 74910/22/53467-ЮТ",""
"224","12.10.2018,  55922/18/28907-АК","Общество с ограниченной ответственностью «Профессиональная коллекторская организация «ИнБГ-Право», ООО «ПКО «ИнБГ-Право»","ОГРН 1065503010495,  ИНН 5503096629","СПАО «Ингосстрах», период действия договора с 14.09.2025 по 13.09.2028","644099,  Омская область,  г. Омск,  ул. Красногвардейская,  д. 49","inbg-pravo.ru","info@inbg-pravo.ru","","","1"
"225","26.10.2018,  16922/18/42917-ИБ","Общество с ограниченной ответственностью Профессиональная коллекторская организация «Консалтинг и Инвестиции», ООО ПКО «Консалтинг и Инвестиции»","ОГРН 1151690042338, ИНН 1660244037","ООО «Абсолют Страхование», период действия договора с 27.04.2026 по 26.04.2027","420073,  Республика Татарстан,  г. Казань,  ул. Шуртыгина, д. 24, офис 6","consult-investments.ru","mail@consult-investments.ru","","","1"
"226","14.11.2018,  18907/18/25498-ИН","Общество с ограниченной ответственностью Профессиональная коллекторская организация «21 век», ООО Профессиональная коллекторская организация «21 век»","ОГРН 1131831003754,  ИНН 1831161312","ООО «Абсолют Страхование», период действия договора с 15.10.2025 по 14.10.2026","426057,  Удмуртская Республика,  г. Ижевск,  ул. Бородина, д. 21, офис 409А","dolg18.ru","office@dolg18.ru","","","1"
"227","15.11.2018,  77922/18/130191-СЗ","Общество с ограниченной ответственностью Профессиональная коллекторская организация «А.Сторм», ООО ПКО «А.Сторм»","ОГРН 1137746463690,  ИНН 7727806036","АО «АльфаСтрахование», период действия договора с 03.09.2025 по 02.09.2026","121596,  г. Москва,  ул. Горбунова,  д. 2 стр. 3, эт. 8,  помещ. II, ком. 4","storm-security.ru","info@storm-security.ru legal@storm-security.ru","","","1"
"228","20.11.2018,  66922/18/58622-ВО","Общество с ограниченной ответственностью «Финнекс», ООО «Финнекс»","ОГРН 1176658113983,  ИНН 6671081182","СПАО «Ингосстрах», период действия договора с 24.10.2018 по 23.10.2019","620142,  Свердловская область,  г. Екатеринбург,  ул. 8 Марта, д. 49,  офис 600","finnex24.ru","info@finnex24.ru","","23.10.2019,  66922/19/60948-АС",""
"229","22.11.2018,  73922/18/32436-АТ","Общество с ограниченной ответственностью «Финпротект», ООО «Финпротект»","ОГРН 1187325018143,  ИНН 7325162705","СПАО «Ингосстрах», период действия договора с 29.10.2019 по 28.10.2020","432071,  Ульяновская область,  г. Ульяновск,  ул. Карла Маркса, д. 13А,  корп. 1, помещ. 1, 2, 3","финпротект5.рф","partner@finprotekt.ru","","18.06.2020,  73922/20/20858-АТ",""
"230","27.11.2018,  78922/18/42403-АЛ","Общество с ограниченной ответственностью профессиональная коллекторская организация «Долговой Консультант», ООО ПКО «ДОК»","ОГРН 1187847227270,  ИНН 7806547391","ООО «Зетта Страхование», период действия договора с 06.11.2025 по 05.11.2026","192019, г. Санкт-Петербург,  ул. Профессора Качалова,  д. 7, литер А,  помещ./офис 16-Н/711","dolgcons.ru","info@dolgcons.ru","","","1"
"231","28.11.2018,  50922/18/69028-НК","Общество с ограниченной ответственностью «Профессиональная коллекторская организация «САРМАТ», ООО «ПКО «САРМАТ»","ОГРН 1185053007611,  ИНН 5024184814","АО «Совкомбанк стахование», период действия договора с 06.07.2025 по 05.07.2026","143402,  Московская область,  г. Красногорск,  пер. Оптический, д. 1А,  эт. 2, помещ. VIII","sarmat.top","info@sarmat.top","","","1"
"232","11.12.2018,  59922/18/65573-ИК","Общество с ограниченной ответственностью Профессиональная коллекторская организация «СоберЛик», ООО ПКО «СоберЛик»","ОГРН 1145958087043,  ИНН 5906015326","СПАО «Ингосстрах», период действия договора с 01.09.2025 по 31.08.2026","614036,  Пермский край, г.о. Пермский, г. Пермь,  ул. Газеты Звезда,  д. 13, этаж 4, помещ. 8","соберлик.рф","soberlik@mail.ru","","","1"
"233","12.12.2018,  43918/18/24143-СШ","Общество с ограниченной ответственностью профессиональная коллекторская организация «Центр помощи по взысканию задолженности», ООО ПКО «Центр помощи по взысканию задолженности»","ОГРН 1144345007872,  ИНН 4345383175","АО «АльфаСтрахование», период действия договора с 04.12.2025 по 03.12.2026","610017,  Кировская область,  г. Киров,  ул. Маклина,  д. 31, офис 302","долгикиров.com","cpvz@inbox.ru","","","1"
"234","17.12.2018,  22922/18/51722-ДЛ","Общество с ограниченной ответственностью профессиональная коллекторская организация Агентство «Экономической Безопасности», ООО ПКО «АЭБ»","ОГРН 1102223004740,  ИНН 2222787939","СК «Росгосстрах», период действия договора с 25.01.2026 по 24.01.2027","656058,  Алтайский край,  г. Барнаул,  ул. Попова, д. 139,  кв. 36","aeb22agency.ru","es22agency@mail.ru","","","1"
"235","25.12.2018,  77922/18/154002-СЗ","Общество с ограниченной ответственностью «Профессиональная коллекторская организация «Изи Коллекшн Инвестмент», ООО «ПКО «ИКОИ»","ОГРН 1167746456547,  ИНН 7719446380","АО «Совкомбанк стахование», период действия договора с 21.03.2026 по 20.03.2027","127566,  г. Москва,  Алтуфьевское шоссе,  д. 48, корпус 1, этаж 3,  помещ.1","easycoi.ru","info@easycoi.ru","","","1"
"236","25.12.2018,  77922/18/154000-СЗ","Общество с ограниченной ответственностью «Правовой центр «Паритет», ООО «Правовой центр «Паритет»","ОГРН 1137746393432,  ИНН 7718931947","СПАО «Ингосстрах», период действия договора с 01.06.2022 по 31.05.2023","111033,  г. Москва, вн. тер. г. муниципальный округ Лефортово ул. Золоторожский вал,  д. 32, стр. 4, помещ. 405","centreparitet.ru","","","29.08.2022, 77922/22/8513218-СЗ",""
"237","09.01.2019,  78922/19/92-ОК","Общество с ограниченной ответственностью «Светлый путь», ООО «Светлый путь»","ОГРН 1157847315438,  ИНН 7801289355","ООО «ИНКОР Страхование», период действия договора с 10.10.2019 по 09.10.2020","191024,  г. Санкт-Петербург,  ул. 4-я Советская, д. 40,  лит. Ж, офис 12","hypothecs.ru","Info@ur365.ru","","29.07.2020,  78922/20/310906-АЛ",""
"238","21.01.2019,  52922/19/2101-ЛМ","Общество с ограниченной ответственностью «Свобода от долгов», ООО «Свобода от долгов»","ОГРН 1185275062411, ИНН 5262360056","СПАО ""Ингосстрах"",  период действия договора с 10.12.2021 по 09.12.2022","603022,  Нижегородская область,  г. Нижний Новгород,  ул. Тимирязева, д. 9, корп. 1, помещ. П332","debtfree.ru","svoboda@debtfree.ru","","10.11.2022, 52922/22/55044-ЛМ",""
"239","31.01.2019,  50922/19/8288-НК","Общество с ограниченной ответственностью «Гарант», ООО «Гарант»","ОГРН 1165050050736,  ИНН 5050123462","ООО «Абсолют Страхование», период действия договора с 30.03.2021 по 29.03.2022","141109,  Московская область, Щелковский р-он,  г. Щелково,  ул. Космодемьянская, д. 10А, помещ. 8","garant-recovery.ru","dolg_info@inbox.ru","","20.08.2021, 50922/21/174029-НК",""
"240","31.01.2019,  77922/19/145015-СЗ","Общество с ограниченной ответственностью Профессиональная коллекторская организация «ВладФинанс», ООО ПКО «ВладФинанс»","ОГРН 5137746043628, ИНН 7704849509","АО ""АльфаСтрахование"",  период действия договора с 15.01.2026 по 14.01.2027","121099,  г. Москва,  вн.тер.г. муниципальный округ Арбат,  ул. Новый Арбат,  д. 27, помещ. 7Б/П","vladfinans.ru","office@vladfinans.ru","","","1"
"241","01.02.2019,  72922/19/3698-КХ","Общество с ограниченной ответственностью профессиональная коллекторская организация «Зевс», ООО ПКО «Зевс»","ОГРН 1147232051230,  ИНН 7203326272","АО ""АльфаСтрахование"",  период действия договора с 11.01.2026 по 10.01.2027","625003,  Тюменская область,  г. Тюмень,  ул. Ленина, д. 2А,  офис 602","zevs-tmn.ru","7203326272@mail.ru","","","1"
"242","07.02.2019,  77922/19/152330-СЗ","Общество с ограниченной ответственностью «Профессиональная коллекторская организация «Альтафинанс», ООО «ПКО «Альтафинанс»","ОГРН 1187746969684, ИНН 7706462338","СПАО «Ингосстрах», период действия договора с 17.12.2025 по 16.12.2026","117630,  г. Москва,  вн. тер. г. муниципальный округ Обручевский, Старокалужское ш., д. 62,помещ. 1/3","altafinance.ru","altafinance@mail.ru","","","1"
"243","13.02.2019,  78922/19/5635-АЛ","Общество с ограниченной ответственностью «профессиональная коллекторская организация «Инари», ООО «ПКО «Инари»","ОГРН 1147847545702, ИНН 7811001255","АО «Абсолют Страхование», период действия договора с 07.06.2026 по 06.06.2027","192029,  г. Санкт-Петербург,  просп. Большой Смоленский,  д. 2, помещ. 417","inarispb.ru","info@inarispb.ru","","","1"
"244","15.02.2019,  18907/19/4803-ИН","Общество с ограниченной ответственностью «Капитал», ООО «Капитал»","ОГРН 1161832062677, ИНН 1841062617","СПАО «Ингосстрах», период действия договора с 10.01.2024 по 09.01.2025","426069,  Удмуртская Республика, г. Ижевск,  ул. Нижняя, д. 18,офис 202А","kapitaludm.ru","kapitaludm@gmail.com","","26.01.2024, 18922/24/7833-ИН",""
"245","18.02.2019,  78922/19/6084-АЛ","Общество с ограниченной ответственностью «Центр АвтоФинансовых технологий», ООО «ЦАФТ»","ОГРН 1177847277255,  ИНН 7813286084","СПАО «Ингосстрах», период действия договора с 01.02.2023 по 31.01.2024","196084,  г. Санкт-Петербург, вн. тер. г. Муниципальный округ Московская застава, ул. Черниговская,  д. 8, литера А, помещ. 29-Н, 81Н","caftauto.ru","gur_@mail.ru","","07.11.2023, 78922/23/6098313-АП",""
"246","28.02.2019,  56922/19/4715-АО","Общество с ограниченной ответственности «АЕ ГРУПП», ООО «АЕГ»","ОГРН 1175658016731,  ИНН 5650011464","СПАО «Ингосстрах», период действия договора с 05.02.2019 по 04.02.2020","460028,  Оренбургская область,  г. Оренбург,  ул. Хабаровская, д. 53,  этаж 3","aegroup.moscow","aegroup.moscow@mail.ru","","27.11.2019,  56922/19/28500-АО",""
"247","06.03.2019,  16922/19/43693-ИБ","Общество с ограниченной ответственностью ственностью Профессиональная коллекторская организация «Верное решение», ООО ПКО «Верное решение»","ОГРН 1081690065490,  ИНН 1657079792","СПАО «Ингосстрах», период действия договора с 13.02.2026 по 12.02.2027","420059,  Республика Татарстан, г. Казань,  ул. Оренбургский тракт, д. 20, офис 312","kgvernoe.ru","ofis-312@mail.ru","","","1"
"248","06.03.2019, 77922/19/184898-СЗ","Общество с ограниченной ответственностью Профессиональная коллекторская организация «Норд Стар», ООО ПКО «Норд Стар»","ОГРН 5177746087020, ИНН 7725399508","ООО «Зетта Страхование», период действия договора с 10.12.2025 по 09.12.2026","115114,  г. Москва,  Дербеневская наб.,  д. 7,стр. 2, этаж 2,  помещ. I, ком. 41","ka-nordstar.ru","info@ka-nordstar.ru","","","1"
"249","26.03.2019,  66922/19/16473-ЕС","Общество с ограниченной ответственностью «РС КРЕДИТ ГРУПП»,  ООО РС «КРЕДИТ ГРУПП»","ОГРН 1196658007193, ИНН 6685158879","ООО «ИНКОР Страхование», период действия договора с 20.02.2019 по 19.02.2020","620142,  Свердловская область,  г. Екатеринбург,  ул. Щорса, д. 7А,  офис 434","rscredit.ru","rbv@rsgroup66.ru","","30.03.2021,  66922/21/32364-АС",""
"250","26.03.2019,  16922/19/9501-ИБ","Общество с ограниченной ответственностью «Профессиональная коллекторская организация «Верум», ООО «ПКО «Верум»","ОГРН 1151690069046,  ИНН 1655335916","СПАО «Ингосстрах», период действия договора с 11.02.2026 по 10.02.2027","420059,  Республика Татарстан,  г. Казань,  ул. Оренбургский тракт, д. 24В, помещ. 1006","verumcollect.ru","info@verumcollect.ru","","","1"
"251","27.03.2019,  43918/19/5875-АН","Общество с ограниченной ответственностью Профессиональная коллекторская организация «Кировская Финансовая Компания», ООО ПКО «КФК»","ОГРН 1144345009104,  ИНН 4345384394","ООО «Абсолют Страхование», период действия договора с 30.01.2026 по 29.01.2027","610029,  Кировская обл.,  г.о. город Киров,  п. Ганино,  пер. Школьный,  д. 16","www.kfcompany.org","kfcompany@mail.ru","","","1"
"252","28.03.2019,  31907/19/12474-ДК","Общество с ограниченной ответственностью «Профессиональная коллекторская организация «Центр урегулирования долга», ООО ПКО «ЦУД»","ОГРН 1183123036689,  ИНН 3123447980","СПАО «Ингосстрах», период действия договора с 01.02.2026 по 31.01.2027","308009,  Белгородская область,  г. Белгород,  Народный бульвар,  д. 70, офис 688","cudolg.ru","","","","1"
"253","01.04.2019,  59922/19/21157-ИК","Общество с ограниченной ответственностью профессиональная коллекторская организация «Айса», ООО ПКО «Айса»","ОГРН 1185958071694,  ИНН 5904369714","ООО «Зетта Страхование», период действия договора с 27.04.2025 по 26.04.2026","614990,  Пермский край,  г. Пермь,  ул. Героев Хасана, д. 9,  офис 17/1","айса.рф","aysa.perm@ya.ru","","","1"
"254","04.04.2019,  68918/19/7075-ВН","Общество с ограниченной ответственностью профессиональная коллекторская организация «Генезис», ООО ПКО «Генезис»","ОГРН 1196820000860, ИНН 6821000354","СПАО «Ингосстрах», период действия договора с 06.03.2026 по 05.03.2027","392000,  Тамбовская область, г. Тамбов, ул. Советская, д. 191, офис 333","tkbgenezis68.ru","tkb.genezis@mail.ru","","","1"
"255","12.04.2019,  22922/19/21213-СК","Общество с ограниченной ответственностью «Профессиональная коллекторская организация «Алтай», ООО ПКО «Алтай»","ОГРН 1152225029417,  ИНН 2207010288","СПАО «Ингосстрах», период действия договора с 29.11.2025 по 28.11.2026","656067,  Алтайский край,  г. Барнаул,  ул. Попова, д. 220 Б","altaicollector.ru","info@altaicollector.ru","","","1"
"256","12.04.2019,  02922/19/20558-ИМ","Общество с ограниченной ответственностью Профессиональная коллекторская организация «Юристъ», ООО ПКО «Юристъ»","ОГРН 1060278105161,  ИНН 0278124947","АО «Зетта Страхование», период действия договора с 20.03.2026 по 19.03.2027","452000,  Республика Башкортостан,  г.о. город Уфа, г. Уфа, ул. Кирова,  д. 107, помещ. 501","юристъ24.рф","payirist@mail.ru","","","1"
"257","16.04.2019,  76918/19/9160-СВ","Общество с ограниченной ответственностью Профессиональная коллекторская организация «Юридическая компания «Уна Лекс», ООО ПКО «Юридическая компания «Уна Лекс»","ОГРН 1197627003705,  ИНН 7606119487","ООО «Зетта Страхование», период действия договора с 25.02.2026 по 24.02.2027","150062,  Ярославская область, г.о. город Ярославль,  г. Ярославль,  ул. Космонавтов,  д. 11, помещ. КО 2.5","unalex.ru","info@unalex.ru","","","1"
"258","17.04.2019,  63922/19/23196-ЛД","Общество с ограниченной ответственностью «Юридическая компания № 1», ООО «Юридическая компания № 1»","ОГРН 1166313150464,  ИНН 6316228122","СПАО «Ингосстрах», период действия договора с 11.02.2022 по 10.02.2023","443093,  Самарская область,  г. Самара,  ул. Мориса Тореза, д. 1,  корп. А, офис 513","legalcompany63.com","","","25.08.2022, 63922/22/74855-ЗМ",""
"259","18.04.2019,  23922/19/59561-ДТ","Общество с ограниченной ответственностью «Профессиональная коллекторская организация «Акцепт-Краснодар», ООО «ПКО «Акцепт-Краснодар»","ОГРН 1072312012794  ИНН 2312143061","ООО «Русское страховое общество «ЕВРОИНС», период действия договора с 25.03.2024 по 24.03.2025","350015,  Краснодарский край, г.о. город Краснодар, г. Краснодар,  ул. им. Митрофана Седина, д. 150","accept-krasnodar.ru","nfo@zakonoff.ru","","26.03.2025, 23922/25/60812-ГК",""
"260","24.04.2019,  77922/19/215204-СЗ","Общество с ограниченной ответственностью Профессиональная коллекторская организация «Юридический центр Защита», ООО ПКО «ЮЦ Защита»","ОГРН 1167746596687,  ИНН 9729013879","ПАО СК «Росгосстрах», период действия договора с 23.03.2026 по 22.03.2027","119192,  г. Москва,  муниципальный округ Раменки вн. тер. г., ул. Мосфильмовская, д. 74Б., этаж 24,  апарт./ком. 01-24/3","uczt.ru","mail@uczt.ru","","","1"
"261","25.04.2019,  66922/19/21973-АС","Общество с ограниченной ответственностью Профессиональная коллекторская организация «Рестант», ООО ПКО «Рестант»","ОГРН 1176658038700,  ИНН 6671071890","АО «Совкомбанк Страхование», период действия договора с 15.05.2026 по 14.05.2027","620078,  Свердловская область,  г.о. город Екатеринбург, г. Екатеринбург,  ул. Лодыгина, д. 8, кв.153","pko-restant.ru","nplvp@ya.ru","","","1"
"262","25.04.2019,  54922/19/21748-ЭБ","Общество с ограниченной ответственностью Профессиональная коллекторская организация «Региональное Бюро Взысканий», ООО ПКО «РБВ»","ОГРН 1135483002214,  ИНН 5446015412","ООО «Абсолют Страхование», период действия договора с 16.03.2026 по 15.03.2027","633209,  Новосибирская область,  г. Искитим,  ул. Пушкина, д. 24","рбв54.рф","support@rbv54.ru","","","1"
"263","26.04.2019,  21906/19/22830-АЗ","Общество с ограниченной ответственностью «Профессиональная коллекторская организация «Вектор», ООО «ПКО «Вектор»","ОГРН 1192130003152,  ИНН 2130208814","ООО «Зетта Страхование», период действия договора с 26.03.2026 по 25.03.2027","428034,  Чувашская Республика — Чувашия,  г. Чебоксары,  пр. Московский, д. 19,  корп. 5, помещ. 16","вектор21.рф","vektorcheb@mail.ru","","","1"
"264","26.04.2019,  61919/19/25435-ЕК","Общество с ограниченной ответственностью «Профессиональная коллекторская организация БАСТИОН», ООО «ПКО БАСТИОН»","ОГРН 1146194004296,  ИНН 6168073264","ПАО СК «Росгосстрах», период действия договора с 25.03.2025 по 24.03.2026","426009,  Удмуртская Республика,  г. Ижевск,  ул. Ухтомского, д. 24, помещ. 29","ooo-bastion.ru","info@ooobastion.ru","","09.09.2025, 18922/25/344071-ИН",""
"265","26.04.2019,  61919/19/25437-ЕК","Общество с ограниченной ответственностью «Профессиональная коллекторская организация «АРМ-КАПИТАЛ», ООО «Профессиональная коллекторская организация «АРМ-КАПИТАЛ»","ОГРН 1156196050449,  ИНН 6166094406","СПАО «Ингосстрах», период действия договора с 01.04.2024 по 31.03.2025","344004,  Ростовская область,  г. Ростов-на-Дону,  пл. Рабочая, д. 25,  этаж 1, ком. 1","arm-capital.ru","Arm-capital@mail.ru","","03.04.2025, 61922/25/36033-МЧ",""
"266","29.04.2019,  52922/19/25695-ЛМ","Общество с ограниченной ответственностью ПРОФЕССИОНАЛЬНАЯ КОЛЛЕКТОРСКАЯ ОРГАНИЗАЦИЯ «АРТЕ ГРУПП»,  ООО ПКО «АРТЕ ГРУПП»","ОГРН 1185275038376,  ИНН 5260456250","СПАО «Ингосстрах», период действия договора с 05.04.2025 по 04.04.2028","603093,  Нижегородская область,  г. Нижний Новгород,  ул. Родионова, д. 27, кв. 66","artegrupp.ru","info@artegrupp.ru","","","1"
"267","29.04.2019,  52922/19/25694-ЛМ","Общество с ограниченной ответственностью «Профессиональная коллекторская организация «Аламо Коллект»,  ООО «ПКО «Аламо Коллект»","ОГРН 1185275060915,  ИНН 5257185200","АО «Совкомбанк страхование», период действия договора с 17.04.2026 по 16.04.2027","428031,  Чувашская Республика – Чувашия, г.о. город Чебоксары, г. Чебоксары,  ул. Ленинского Комсомола д. 25, к. 1,  помещ. 10.04","alamo-collect.ru","AlamoCollect@mail.ru","","","1"
"268","29.04.2019,  59922/19/27068-АТ","Общество с ограниченной ответственностью «Профессиональная коллекторская организация «Колибри-КЭПитал», ООО «ПКО «Колибри-КЭПитал»","ОГРН 5147746075450,  ИНН 7733894231","АО «Совкомбанк страхование»,  период действия договора с 24.04.2026 по 23.04.2027","618540,  Пермский край,  г. Соликамск,  ул. Северная, д. 46, кв. 69","colibrica.ru","info@colibrica.ru","","","1"
"269","06.05.2019,  38922/19/16801-ТМ","Общество с ограниченной ответственностью Профессиональная Коллекторская Организация «Центр Поддержки Бизнеса», ООО ПКО «ЦПБ»","ОГРН 1193850009506,  ИНН 3801148029","ООО ""Абсолют Страхование"",  период действия договора с 01.05.2025 по 30.04.2026","664007,  Иркутская область,  г. Иркутск,  ул. Горная, д. 24,  офис 19","cpb38.ru","cpb138@mail.ru","","23.04.2026, 38922/26/32637-ТБ",""
"270","15.05.2019,  34922/19/34257-ВЕ","Общество с ограниченной ответственностью «Профессиональная коллекторская организация «Поволжский центр урегулирования убытков», ООО «ПКО «ПЦУУ»","ОГРН 1153443019740,  ИНН 3443124314","АО «АльфаСтрахование», период действия договора с 20.02.2026 по 19.02.2027","400048,  Волгоградская область,  г. Волгоград,  просп. им. Маршала Советского Союза  Г.К. Жукова,  д. 135, офис 5","ptsu34.ru","volga3175@mail.ru","","","1"
"271","15.05.2019,  77922/19/223071-СЗ","Общество с ограниченной ответственностью «Кредо Финанс», ООО «Кредо Финанс»","ОГРН 1187746783355,  ИНН 7722466428","ООО «Зетта Страхование», период действия договора с 13.12.2023 по 12.12.2024","123290,  г. Москва, вн.тер.г. муниципальный округ Пресненский, ул. Ермакова роща,  д. 7Б, стр. 6, этаж 3, ком. 9","crfinance.ru","info@crfinance.ru","","20.08.2025, 77922/25/154704-АН",""
"272","22.05.2019,  77922/19/226885-СЗ","Общество с ограниченной ответственностью Профессиональная коллекторская организация «Стандарт», ООО ПКО «Стандарт»","ОГРН 1157746820142,  ИНН 9705047854","ПАО СК «Росгосстрах», период действия договора с 01.07.2026 по 30.06.2027","115054,  г. Москва, вн.тер.г. муниципальный округ Замоскворечье, пер. 5-й Монетчиковский, д.16, этаж 0, помещ. II, ком. 2, офис 51","kas.cash","info@kas.cash","","","1"
"273","30.05.2019,  77922/19/231750-НБ","Общество с ограниченной ответственностью Профессиональная коллекторская организация «Долговые Инвестиции», ООО ПКО «Долговые Инвестиции»","ОГРН 1097746346500,  ИНН 7730611414","САО «ВСК», период действия договора с 22.04.2026 по 21.04.2027","117420,  г. Москва,  ул. Намёткина, д. 15, этаж 1, помещ. I,  ком. 14-17","debt-invest.ru","info@debt-invest.ru","","","1"
"274","31.05.2019,  21906/19/25261-АЗ","Общество с ограниченной ответственностью «Профессиональная коллекторская организация «Альянс Поволжье», ООО ПКО «Альянс Поволжье»","ОГРН 1142130004180,  ИНН 2130134993","АО «АльфаСтрахование», период действия договора с 06.03.2026 до 05.03.2027","428003,  Чувашская Республика — Чувашия,  г. Чебоксары,  ул. Афанасьева, д. 8,  офис 206","ап21.рф","apv21@bk.ru","","","1"
"275","04.06.2019,  77922/19/233973-СЗ","Общество с ограниченной ответственностью «Профессиональная коллекторская организация «Автоматизированные Бизнес Системы», ООО «ПКО «АБС»","ОГРН 1087746460295,  ИНН 7715695240","СПАО «Ингосстрах», период действия договора с 14.01.2026 по 13.01.2027","109028,  г. Москва, вн.тер.г. муниципальный округ Таганский, наб. Серебряническая,  д. 29","abs-dolg.ru","abs@abscc.ru","","","1"
"276","04.06.2019,  62907/19/8167-ВР","Общество с ограниченной ответственность «РУССКАЯ КОРОНА», ООО «РУССКАЯ КОРОНА»","ОГРН 1037739018206,  ИНН 7724017756","ООО РСО «ЕВРОИНС»  период действия договора с 09.01.2022 по 08.01.2023","390046,  Рязанская обл.,  г. Рязань,  проезд Машиностроителей,  д. 4А","ruskorona.ru","ruskorona@ruskorona.ru","","07.06.2022, 62907/22/15397-МН",""
"277","10.06.2019,  22922/19/30157-ДЛ","Общество с ограниченной ответственностью Профессиональная коллекторская организация «Бюро судебного взыскания», ООО ПКО «БСВ»","ОГРН 1122225006056,  ИНН 2225130330","СПАО «Ингосстрах», период действия договора с 14.01.2026 по 13.01.2027","630099,  Новосибирская область,  г.о.город Новосибирск,  г. Новосибирск,  ул. Добролюбова,  д. 10/2","bsv-nsk.ru","info@bsv.legal","","","1"
"278","17.06.2019,  77922/19/240833-СЗ","Общество с ограниченной ответственностью «Профессиональная коллекторская организация «Национальная Фабрика Ипотеки»,  ООО «ПКО «Национальная Фабрика Ипотеки»","ОГРН 1177746942020,  ИНН 7706450420","АО «АльфаСтрахование», период действия договора с 25.02.2026 по 24.02.2027","107140, г. Москва,  ул. Верхняя Красносельская,  д. 11 А, стр. 1, этаж 2, помещ. II, ком. 45","ipoteka24.ru","info@ipoteka24.ru","","","1"
"279","25.06.2019,  18907/19/18303-ИН","Общество с ограниченной ответственностью Профессиональная коллекторская организация «СмартЗадолженность», ООО ПКО «СмартЗадолженность»","ОГРН 1111841011590,  ИНН 1841021272","СПАО «Ингосстрах», период действия договора С 01.04.2026 по 31.03.2027","426063,  Удмуртская Республика,  г. Ижевск,  ул. Союзная, д. 75, офис 1","smartdolg.ru","smartdolg@yandex.ru","","","1"
"280","26.06.2019,  54922/19/33880-ЭБ","Общество с ограниченной ответственностью «Профессиональная коллекторская организация «Сибиряк Плюс», ООО «ПКО «Сибиряк Плюс»","ОГРН 1185476108223,  ИНН 5405034430","ООО «Зетта Страхование», период действия договора с 20.06.2026 по 19.06.2027","630009,  Новосибирская область,  г. Новосибирск,  ул. Никитина, д. 20, этаж 3, офис 307","sibiryak-plus.com","kurdyukov_1982@bk.ru","","","1"
"281","27.06.2019,  23922/19/75564-МН","Общество с ограниченной ответственностью Профессиональная коллекторская организация «Интек», ООО ПКО «Интек»","ОГРН 1192375017757,  ИНН 2312280830","ООО СК «Гелиос», период действия договора с 08.07.2024 по 07.07.2025","350075,  Краснодарский край,  г. Краснодар,  ул. им. Селезнева, д. 4/3, помещ. 54/1","intek23.ru","intek23@mail.ru","","","1"
"282","02.07.2019,  66922/19/36403-АС","Общество с ограниченной ответственностью Профессиональная коллекторская организация «Патриот», ООО ПКО «Патриот»","ОГРН 1106659011359,  ИНН 6659210466","ООО «Абсолют страхование», период действия договора с 22.05.2026 по 21.05.2027","620034,  Свердловская область,  г. Екатеринбург,  ул. Колмогорова, стр. 3,  офис 601","капатриот.рф","2887907@mail.ru","","","1"
"283","04.07.2019,  31907/19/21458-ДК","Общество с ограниченной ответственностью «Вектор Белгород», ООО «Вектор Белгород»","ОГРН 1163123063510,  ИНН 3123387280","СПАО «Ингосстрах», период действия договора с 22.04.2026 по 21.04.2027","308014,  Белгородская область,  г. Белгород,  ул. Попова, д. 58, офис 206","вектор31.рф","","","","1"
"284","05.07.2019,  77922/19/253258-НБ","Общество с ограниченной ответственностью Профессиональная коллекторская организация «Московское Агентство Судебного Взыскания», ООО ПКО «МАСВ»","ОГРН 1125027004431,  ИНН 5027185213","ООО «Абсолют Страхование», период действия договора с 30.05.2025 по 29.05.2026","111674,  г. Москва, вн. тер. г. муниципальный округ Некрасовка, ул. Рождественская, д. 14, этаж 1, помещ. V, комната 9","mosasv.ru","ooomasv@yandex.ru","","","1"
"285","08.07.2019, 71907/19/14510-ЕК","Общество с ограниченной ответственностью Профессиональная коллекторская организация «Дебит Коллекшн», ООО ПКО «ДЕКОЛЛ»","ОГРН 1187154026180,  ИНН 7107129634","АО «АльфаСтрахование», период действия договора с 12.04.2026 по 11.04.2027","300041,  Тульская область,  г. Тула,  ул. Пушкинская, д. 23,  офис 1","dekoll.ru","info@dekoll.ru","","","1"
"286","12.07.2019,  37907/19/11451-НТ","Общество с ограниченной ответственностью «Профессиональная коллекторская организация» «ДС Логистик», ООО ПКО «ДС Логистик»","ОГРН 1143702026247,  ИНН 3702742986","ПАО СК «Росгосстрах», период действия договора с 22.05.2026 по 21.05.2027","153012,  Ивановская область,  г. Иваново,  ул. Марии Рябининой,  д. 5, офис 2","dslogistik.ru","dslogistik37@gmail.com","","","1"
"287","17.07.2019,  27910/19/18405-АК","Общество с ограниченной ответственностью «КОМПАНИЯ ВОСТОК», ООО «КОМПАНИЯ ВОСТОК»","ОГРН 1132721006681,  ИНН 2721204357","СПАО «Ингосстрах», период действия договора с 01.05.2022 по 30.04.2023","680000,  Хабаровский край,  г. Хабаровск,  ул. Мухина, д. 12, помещ. 1","vostok.pw","vostokd@bk.ru","","10.04.2023, 27922/23/17791-АК",""
"288","24.07.2019,  18907/19/21610-ИН","Общество с ограниченной ответственностью Профессиональная коллекторская организация «СИТ», ООО ПКО «СИТ»","ОГРН 1021801436007,  ИНН 1832032790","СПАО «Ингосстрах», период действия договора с 18.06.2026 по 17.06.2027","426011,  Удмуртская Республика, г.о. город Ижевск, г. Ижевск,  ул. Холмогорова,  д. 11Б, этаж 4, офис 7","sitcollector.ru","zam-director@sitfinans.ru","","","1"
"289","24.07.2019,  40907/19/13886-ИЗ","Общество с ограниченной ответственностью «Профессиональная коллекторская организация «Решение»,  ООО «ПКО «Решение»","ОГРН 1134027001470,  ИНН 4027113714","СПАО «Ингосстрах», период действия договора с 10.05.2025 по 09.05.2026","248016,  Калужская область,  г. Калуга,  ул. Карла Либкнехта,  д. 29, стр. 12, офис 6","ооо-решение.рф","ooo.reshenie@bk.ru","","","1"
"290","30.07.2019,  77922/19/267273-ВС","Общество с ограниченной ответственностью «Профессиональная коллекторская организация «Рублёв-Финанс», ООО «ПКО «Рублёв-Финанс»","ОГРН 5077746740946,  ИНН 7701720659","ПАО СК «Росгосстрах», период действия договора с 20.05.2026 по19.05.2027","121087,  г. Москва, вн.тер.г. муниципальный округ Филевский, проезд Багратионовский,  д. 7, корп. 20В, офис 517","rublev-finance.ru","info@rfinance.su","","","1"
"291","30.07.2019,  20906/19/4098-АА","Общество с ограниченной ответственностью «Профессиональная коллекторская организация «РБ-КОНСАЛТ», ООО ПКО «РБ-КОНСАЛТ»","ОГРН 1172036002918,  ИНН 2014015480","СПАО «Ингосстрах», период действия договора с 21.03.2026 по 20.03.2027","364014,  Чеченская Республика,  г. Грозный,  ул. Тверская, д.15, офис 2","rb-konsalt.ru","rb-konsalt@bk.ru","","","1"
"292","02.08.2019,  18907/19/22444-ИН","Общество с ограниченной ответственностью Профессиональная коллекторская организация «Брокер-КА», ООО ПКО «Брокер-КА»","ОГРН 1191832008026,  ИНН 1831193931","СПАО «Ингосстрах», период действия договора с 01.05.2025 по 30.04.2026","426008,  Удмуртская Республика, г.о. город Ижевск, г. Ижевск,  ул. Пушкинская, д. 266,  офис 108","broker-ka.ru","contact@broker-ka.ru","","16.06.2025, 18922/25/329569-ИН",""
"293","05.08.2019,  25922/19/30219-ЭП","Общество с ограниченной ответственностью «РУБЕЖ», ООО «РУБЕЖ»","ОГРН 1192536012460,  ИНН 2536316747","АО «АльфаСтрахование», период действия договора с 01.06.2019 по 31.05.2020","690001,  Приморский край,  г. Владивосток,  ул. Муравьева-Амурского, д. 1Б, этаж 8, помещ. 4","rubezhvl.ru","soloveva.natalya@vld.v-lazer.com","","27.01.2020,  25922/20/3319-ЭП",""
"294","06.08.2019,  03906/19/21008-АК","Общество с ограниченной ответственностью Профессиональная коллекторская организация «Технология-комфорт», ООО ПКО «Технология-комфорт»","ОГРН 1120327018382,  ИНН 0326510261","СПАО «Ингосстрах», период действия договора с 22.07.2025 по 21.07.2026","670000,  Республика Бурятия,  г. Улан-Удэ,  ул. Смолина,  д. 67 Б, кабинет 11","comfort-tkt.nethouse.ru","comfort-tkt@mail.ru","","","1"
"295","12.08.2019,  16922/19/73291-ИБ","Общество с ограниченной ответственностью «Профессиональная коллекторская организация «Валькирия», ООО «ПКО «Валькирия»","ОГРН 1191690032423,  ИНН 1656107334","СПАО «Ингосстрах», период действия договора C 03.07.2024 по 02.07.2025","420095,  Республика Татарстан, г.о. город Казань, г. Казань,  ул. Васильченко, зд. 1, к.2, офис 228, помещ. 1001","valkiriya24.ru","valkiriya19@bk.ru","","11.03.2025, 16922/25/150851-АЗ",""
"296","16.08.2019,  77922/19/276499-СЗ","Общество с ограниченной ответственностью Профессиональная коллекторская организация Территория диалога», ООО ПКО Территория диалога»","ОГРН 1197746379379,  ИНН 7719492957","АО «Совкомбанк страхование», период действия договора с 25.08.2025 по 24.08.2026","121087,  г. Москва,  вн. тер. муниципальный округ Филевский парк, пр-т Багратионовский, д.12А","sudcollect.ru","info@sudcollect.ru","","","1"
"297","26.08.2019,  78922/19/58277-АЛ","Общество с ограниченной ответственностью «Профессиональная коллекторская организация «Центр Финансовой помощи», ООО «ПКО «ЦФП»","ОГРН 1197847017862,  ИНН 7842168078","СПАО «Ингосстрах», срок действия договора с 10.06.2026 по 09.06.2027","191144,  г. Санкт-Петербург,  ул. 8-я Советская,  д. 48, лит. А, помещ. 14-Н,  офис 7","fhcenter.ru","debt@fhcenter.ru","","","1"
"298","29.08.2019,  56922/19/21001-АО","Общество с ограниченной ответственности Профессиональная коллекторская организация «Вернём», ООО ПКО «Вернём»","ОГРН 1135658002149,  ИНН 5611067262","СПАО «Ингосстрах», период действия договора с 29.07.2025 по 28.07.2026","650000,  Кемеровская область – Кузбасс,  г. Кемерово,  ул. 50 лет Октября,  д. 11, ком. 818","вернём.рф","info@citiuscollect.ru","","","3"
"299","30.08.2019,  25922/19/33492-ЭП","Общество с ограниченной ответственностью Профессиональная коллекторская организация «ЭНЕРГИЯ»,  ООО ПКО «ЭНЕРГИЯ»","ОГРН 1162536056198,  ИНН 2543091389","АО «АльфаСтрахование», период действия договора с 21.06.2025 по 20.06.2026","690105,  Приморский край,  г. Владивосток,  ул. Бородинская, д. 46/50, к. 1,  офис 802","salreyngr.wixsite.com/collector25","energy_office@mail.ru","","","1"
"300","30.08.2019,  37907/19/14388-НТ","Общество с ограниченной ответственностью Профессиональная коллекторская организация «Агентство по возврату долгов»,  ООО ПКО «АВД»","ОГРН 1183702001988,  ИНН 3702193020","ПАО СК «Росгосстрах», период действия договора с 24.06.2025 по 23.06.2026","153002,  Ивановская область,  г. Иваново,  просп. Ленина,  д. 92, офис 65","avdolg.ru","agent-avd@mail.ru","","","1"
"301","02.09.2019,  66922/19/50499-АС","Общество с ограниченной ответственностью Профессиональная коллекторская организация «Организация по работе с проблемной задолженностью», ООО ПКО «ОРПЗ»","ОГРН 1156658063011,  ИНН 6671021289","СПАО «Ингосстрах», период действия договора с 01.06.2026 по 31.05.2027","620010,  Свердловская область, г.о. город Екатеринбург, г. Екатеринбург,  ул. Черняховского,  стр. 86, офис 306","orpz.ru","orpz2015@mail.ru","","","1"
"302","03.09.2019,  33906/19/29101-ВА","Общество с ограниченной ответственностью профессиональная коллекторская организация «Владимирское правовое агентство»,  ООО ПКО «ВПА»","ОГРН 1113327005472,  ИНН 3327104074","АО «АльфаСтрахование», период действия договора с 01.08.2025 по 31.07.2030","600021,  Владимирская область,  г. Владимир,  ул. Красноармейская, д. 43-Б, офис 6, помещ. 2","vpa33.ru","info@vpa33.ru","","","1"
"303","13.09.2019,  18907/19/26732-ИН","Общество с ограниченной ответственностью Профессиональная коллекторская организация «Эксперт Сибирь», ООО ПКО «Эксперт Сибирь»","ОГРН 1165476089635,  ИНН 5406606578","АО «АльфаСтрахование», период действия договора с 04.02.2026 по 03.02.2027","426000,  Удмуртская Республика, г. Ижевск,  ул. Карла Маркса,  д. 268, помещ. 1-4","credittex.ru","2016_sibir@mail.ru","","","1"
"304","18.09.2019,  43918/19/19368-АН","Общество с ограниченной ответственностью «Профессиональная коллекторская организация «РХС Инвест»,  ООО «ПКО «РХС Инвест»","ОГРН 1194350008599,  ИНН 4345493869","СПАО «Ингосстрах», период действия договора с 09.08.2025 по 08.08.2026","610007,  Кировская область,  г. Киров,  ул. Ленина, д. 193,  корп. 1, кв. 22","www.рхсинвест.рф","rhsinvest@yandex.ru","","","1"
"305","18.09.2019,  48907/19/16002-ВД","Общество с ограниченной ответственностью «БП-Финанс», ООО «БП-Финанс»","ОГРН 1154827015100,  ИНН 4826108534","СПАО «Ингосстрах», период действия договора с 19.08.2021 по 18.08.2022","398043,  Липецкая область,  г. Липецк,  ул. Валентины Терешковой,  д. 32/3, помещ. 5","bp-finans.ru","vvm048@mail.ru","","08.08.2022, 48907/22/18693-ВФ",""
"306","23.09.2019,  55922/19/39302-ГТ","Общество с ограниченной ответственностью «Профессиональная коллекторская организация «Центр юридических решений», ООО «ПКО «ЦЮР»","ОГРН 1175543031740,  ИНН 5507257404","СПАО «Ингосстрах», период действия договора с 02.09.2025 по 01.09.2026","644122,  Омская область,  г.о. город Омск,  г. Омск,  ул. Орджоникидзе,  д. 45, помещ. 14 Пщ. 9/7П","tsurr.ru","cur.omsk@gmail.ru","","","1"
"307","04.10.2019,  77922/19/302434-СЗ","Общество с ограниченной ответственностью Профессиональная коллекторская организация «Вербоконнект», ООО ПКО «Вербоконнект»","ОГРН 1137746115968,  ИНН 7728833297","СПАО «Ингосстрах», период действия договора с 12.08.2025 по 11.08.2026","108811,  г. Москва,  пос. Московский, км 22-й, (Киевское ш.), двлд. 6, стр.1","verboconnect.ru","sales@verboconnect.ru","","","1"
"308","25.10.2019,  72922/19/37778-КХ","Общество с ограниченной ответственностью профессиональная коллекторская организация «Карат», ООО ПКО «Карат»","ОГРН 1147232047577,  ИНН 7203323338","АО «Совкомбанк страхование», период действия договора с 23.04.2026 по 22.04.2027","625051,  Тюменская область,  г. Тюмень,  ул.30 лет Победы д. 89, офис 204","karat-collector.ru","office@karat-collector.ru","","","1"
"309","28.10.2019,  30907/19/23255-СШ","Общество с ограниченной ответственностью Профессиональная коллекторская организация «АСТКОЛЛЕКТ ГРУПП», ООО ПКО «АК ГРУПП»","ОГРН 1193025003852,  ИНН 3015115352","ООО «Абсолют Страхование», период действия договора с 23.09.2024 по 22.09.2025","414000,  Астраханская область,  г. Астрахань,  ул. Бабушкина, д. 60,  лит. Б, офис 11","astkg.ru","ak-g30@yandex.ru","","",""
"310","30.10.2019,  61919/19/67263-ДБ","Общество с ограниченной ответственностью профессиональная коллекторская организация «Профессиональное управление долгами», ООО ПКО «ПУД»","ОГРН 1056168026826,  ИНН 6168004398","ООО ""Зетта Страхование"",  период действия договора с 22.04.2025 по 21.04.2026","344041,  Ростовская область,  г. Ростов-на-Дону,  ул. Доватора, д. 142А/37","pyd.su","7@pyd.su","","","1"
"311","06.11.2019,  21906/19/39437-АЗ","Общество с ограниченной ответственностью профессиональная коллекторская организация «Киберникс», ООО ПКО «Киберникс»","ОГРН 1102130000631,  ИНН 2130067786","АО «Совкомбанк», период действия договора с 07.10.2025 по 06.10.2026","428024,  Чувашская Республика — Чувашия,  г. Чебоксары,  просп. Мира, д. 9,  офис 222 «А»","kibernix.ru","kibernix@inbox.ru","","","1"
"312","06.11.2019,  75999/19/32222-БД","Общество с ограниченной ответственностью профессиональная коллекторская организация «Смарт Коллекшн», ООО ПКО «Смарт Коллекшн»","ОГРН 1177536006944, ИНН 7536168865","АО «АльфаСтрахование», период действия договора с 12.10.2025 по 11.10.2026","672000,  Забайкальский край, г.Чита,  ул. Анохина,  д. 120 А., кв. 112","smartcoll.ru","info@smartcoll.ru","","","3"
"313","08.11.2019,  34922/19/59166-ВЕ","Общество с ограниченной ответственностью «Профессиональная Коллекторская Организация «ТРЭК», ООО «Профессиональная Коллекторская Организация «ТРЭК»","ОГРН 1193443010111,  ИНН 3459079025","АО «АльфаСтрахование», период действия договора с 27.09.2025 по 26.09.2026","400005, Волгоградская область,  г. Волгоград,  просп. им. В.И. Ленина,  д. 86, этаж 7, ком. 6,  офис 701","ka-traсk.ru","contact@ka-track.ru","","","1"
"314","19.11.2019,  64922/19/60331-ИР","Общество с ограниченной ответственностью «Профессиональная коллекторская организация СТАБИЛЬНОСТЬ БИЗНЕСА», ООО «ПКО СТАБИЛЬНОСТЬ БИЗНЕСА»","ОГРН 1156451026269,  ИНН 6451008162","АО «АльфаСтрахование», период действия договора с 17.10.2025 по 16.10.2026","410004,  Саратовская область, г. Саратов,  ул. Чернышевского Н.Г., зд. 60/62, помещ. 7","sbdebt.ru","sbdebt.adm@yandex.ru","","","1"
"315","26.11.2019, 16922/19/97033-ИБ","Общество с ограниченной ответственностью «Профессиональная коллекторская организация «Айсберг», ООО «ПКО «Айсберг»","ОГРН 1171690075864,  ИНН 1655390040","СПАО «Ингосстрах», период действия договора с 05.11.2025 по 04.11.2026","420111,  Республика Татарстан,  г. Казань,  ул. Чернышевского, д. 30Б,  офис 018Ц","айсберг-коллект.рф","iceberg-collect@yandex.ru","","","1"
"316","02.12.2019,  54922/19/61466-ЭБ","Общество с ограниченной ответственностью Профессиональная коллекторская организация «Право онлайн», ООО ПКО «Право онлайн»","ОГРН 1195476020343,  ИНН 5407973997","СПАО «Ингосстрах», период действия договора с 14.08.2025 по 13.08.2026","630005,  Новосибирская область,  г.о. город Новосибирск, г. Новосибирск,  ул. Фрунзе, зд. 88,  этаж 2, офис 21","pvonline.ru","help@pvonline.ru","","","1"
"317","04.12.2019,  22922/19/59215-ДЛ","Общество с ограниченной ответственностью «Профессиональная коллекторская организация «Центр независимых гарантий», ООО «ПКО «ЦНГ»","ОГРН 1152225010244,  ИНН 2221220819","АО «АльфаСтрахование», период действия договора с 21.08.2025 по 20.08.2026","656006,  Алтайский край, г.о. город Барнаул, г. Барнаул,  ул. Малахова, д. 154, помещ. 28/1","ooocng.ru","info@ooocng.ru","","","1"
"318","05.12.2019,  76918/19/23232-СВ","Общество с ограниченной ответственностью Профессиональная коллекторская организация «СЕГМЕНТ», ООО «ПКО» СЕГМЕНТ»","ОГРН 1197627004970, ИНН 7627051864","АО «Совкомбанк Страхование», период действия договора с 21.10.2025 по 20.10.2026","150002,  Ярославская область,  г. Ярославль,  ул. Будкина, д. 7,  офис 3","pkosegment.ru","info@dolg24.com","","","1"
"319","12.12.2019,  02922/19/74242-СК","Общество с ограниченной ответственностью «Династия», ООО «Династия»","ОГРН 1180280061246,  ИНН 0274941112","АО «АльфаСтрахование», период действия договора с 16.09.2020 по 15.09.2021","450076,  Республика Башкортостан,  г. Уфа,  ул. Урицкого, д. 16,  офис 12/2","dinastiya.co","office@dinastiya.co","","20.12.2021, 02922/21/138771-ИМ",""
"320","18.12.2019,  20906/19/7080-АА","Общество с ограниченной ответственностью «Профессиональная коллекторская организация «СБ-Консалт», ООО ПКО «СБ-Консалт»","ОГРН 1152036002513,  ИНН 2014010500","СПАО «Ингосстрах», период действия договора с 05.12.2025 по 04.12.2026","364034,  Чеченская Республика,  г. Грозный, ул. Шейха Али Митаева, д.3","sberkonsalt.ru","sberkonsalt@yandex.ru","","","1"
"321","23.12.2019,  77922/19/350320-СЗ","Общество с ограниченной ответственностью «Сервис Рефинанс.ру», ООО «Сервис Рефинанс.ру»","ОГРН 1197746606804,  ИНН 7728488121","СПАО «Ингосстрах», период действия договора с 22.11.2021 по 21.11.2022","125009,  г. Москва, вн.тер.г. муниципальный округ Тверской, ул. Тверская, д. 9, стр.7, этаж 4, помещ.1","refinanse.ru","","","13.01.2023, 77922/23/9438-НК",""
"322","27.12.2019,  34922/19/71513-ВЕ","Общество с ограниченной ответственностью «ПРОФЕССИОНАЛЬНАЯ КОЛЛЕКТОРСКАЯ ОРГАНИЗАЦИЯ «АКТИВ+», ООО «ПКО «АКТИВ+»","ОГРН 1143443015407,  ИНН 3444214786","СПАО «Ингосстрах», период действия договора с 09.09.2025 по 08.09.2026","400119,  Волгоградская область,  г. Волгоград,  ул. Авиаторская, д. 1Б,  офис 4","activplyus.ru","activplyus@yandex.ru","","","1"
"323","09.01.2020,  17907/20/17-ОД","Общество с ограниченной ответственностью Профессиональная коллекторская организация «Омега», ООО ПКО «Омега»","ОГРН 1181719001100,  ИНН 1701061236","СПАО «Ингосстрах», период действия договора с 11.11.2025 по 10.11.2026","667010,  Республика Тыва,  г. Кызыл,  ул. Московская, д. 24,  этаж 2, офис 11Б","omega-collector.ru","okollektor@mail.ru","","","1"
"324","10.01.2020,  78922/20/201-ОК","Общество с ограниченной ответственностью «Коллекторское агентство «Невский долговой центр», ООО «Коллекторское агентство «Невский долговой центр»","ОГРН 1187847314544,  ИНН 7801653780","АО «Альфастрахование», период действия договора с 09.08.2021 по 08.08.2022","199406,  г. Санкт-Петербург,  ул. Гаванская,  д. 34, лит. А., помещ. 1Н,  офис 32","ndc.spb.ru","nevskydolgovoi@ya.ru","","23.08.2022, 78922/22/73027-АП",""
"325","16.01.2020,  52922/20/2350-ЛМ","Общество с ограниченной ответственностью Профессиональная коллекторская организация «Центр Фискального содействия субъектам предпринимательства», ООО ПКО «Центр Фискального содействия субъектам предпринимательства»","ОГРН 1195275056866,  ИНН 5257193554","ПАО СК «Росгосстрах», период действия договора с 20.12.2025 по 19.12.2026","603086,  Нижегородская область,  г. Нижний Новгород,  ул. Стрелка, д. 4,  помещ. П8, ком. 204","cfssp.ru","info@cfssp.ru","","","1"
"326","24.01.2020,  77922/20/13492-СЗ","Общество с ограниченной ответственностью Профессиональная коллекторская организация «РимБорсо»,  ООО ПКО «РБР»","ОГРН 1197746655468,  ИНН 9705138572","АО «Совкомбанк Страхование», период действия договора с 18.12.2025 по 17.12.2026","107023,  г. Москва, вн.тер.г. муниципальный округ Преображенское, ул. Электрозаводская,  д. 24, стр. 1, этаж 4, ком. 401","rim-borso.ru","info@rim-borso.ru","","","3"
"327","27.01.2020,  23922/20/6313-ДТ","Общество с ограниченной ответственностью Профессиональная коллекторская организация «Здравый смысл»,  ООО ПКО «Здравый смысл»","ОГРН 1192375072273,  ИНН 2308269294","АО «Абсолют Страховое», период действия договора с 16.03.2026 по 15.03.2027","350051,  Краснодарский край,  г. Краснодар,  ул. Рашпилевская,  д. 321, лит. А, этаж 4, офис 6","comsen-llc.com","MAIL@COMSEN-LLC.COM","","","1"
"328","28.01.2020,  16922/20/3198-ИБ","Общество с ограниченной ответственностью «Байпас Финанс», ООО «Байпас Финанс»","ОГРН 1191690085388,  ИНН 1656110175","АО «АльфаСтрахование», период действия договора с 20.12.2020 по 19.12.2021","420030,  Республика Татарстан,  г. Казань,  ул. Адмиралтейская, д. 3,  помещ. 1026","байпасфинанс.рф","info-bk-finans@bk.ru","","05.12.2022, 233",""
"329","29.01.2020,  72922/20/2953-КХ","Общество с ограниченной ответственность «Капитоль Кредит», ООО «Капитоль Кредит»","ОГРН 1167232066110,  ИНН 7203382407","АО ""АльфаСтрахование"", период действия договора с 26.12.2023 по 25.12.2024","625000, Тюменская область, г.Тюмень,  ул.Герцена, д.64,  офис 806","kapitol72.ru","consultant@kapitol72.ru","","12.03.2024, 72922/24/13492-КХ",""
"330","30.01.2020,  26919/20/3554-МЗ","Общество с ограниченной ответственностью профессиональная коллекторская организация «Многофункциональное консалтинговое объединение»,  ООО ПКО «МКО»","ОГРН 1192651015347,  ИНН 2634105423","АО «Совкомбанк страхование», период действия договора с 15.11.2025 по 14.11.2026","355013,  Ставропольский край,  г. Ставрополь,  ул. Мимоз, д. 16, офис 1А","mko-yug.ru","info@mko-yug.ru","","","1"
"331","31.01.2020,  78922/20/2576-АЛ","Общество с ограниченной ответственностью «Основа», ООО «Основа»","ОГРН 1137847224459,  ИНН 7810464726","ООО РСО «Евроинс», период действия договора с 03.12.2021 по 02.12.2022","191015,  г. Санкт-Петербург, вн. тер. г. Муниципальный округ Смольнинское, ул. Таврическая, д.17, литера А, помещ. 20-Н, офис 324","ка-основа.рф","info@ka-osnova.ru","","17.11.2022, 78922/22/113255-АЛ",""
"332","20.02.2020,  73922/20/6753-АТ","Общество с ограниченной ответственностью «Профессиональная коллекторская организация «Бюро взыскания «Правёж», ООО «ПКО «БВ «Правёж»","ОГРН 1207300000148,  ИНН 7327093648","ООО «Абсолют Страхование», период действия договора с 07.04.2025 по 06.04.2026","432045,  Ульяновская область,  г. Ульяновск,  Московское шоссе, д. 40А,  стр. 4, офис 202","bv-pravezh.ru","info@pravezh.ru","","","1"
"333","02.03.2020,  31907/20/6264-ДК","Общество с ограниченной ответственностью «Коллекшн Консалт», ООО «Коллекшн Консалт»","ОГРН 1193123020452,  ИНН 3123458484","ООО «Абсолют Страхование», период действия договора с 03.04.2023 по 02.04.2024","308009,  Белгородская область,  г. Белгород,  Народный бульвар, д. 79,  офис 514","kollekshn-konsalt.ru","","","18.10.2024, 31907/24/67356-ДК",""
"334","02.03.2020,  23922/20/16031-ДТ","Общество с ограниченной ответственностью «Профессиональная коллекторская организация ККБ», ООО «ПКО ККБ»","ОГРН 1192375014061,  ИНН 2311284630","СПАО «Ингосстрах», период действия договора с 18.03.2024 по 17.03.2025","350005,  Краснодарский край, г. Краснодар,  ул. Кореновская, д. 2,  корп. 4, офис 41717","colburo.ru","info@colburo.ru","","31.10.2024, 23922/24/257566-ГК",""
"335","04.03.2020,  21906/20/8636-АЗ","Общество с ограниченной ответственностью «Профессиональная коллекторская организация «Финансово-правовая компания», ООО ПКО «ФПК»","ОГРН 1192130009708,  ИНН 2130213500","АО «Совкомбанк страхование», период действия договора с 09.05.2026 по 08.05.2027","428024,  Чувашская Республика — Чувашия,  г. Чебоксары,  просп. Мира, д. 90, корп. 1, помещ. 305","fpk21.ru","373614@gmail.com","","","1"
"336","05.03.2020,  42922/20/10469-ДТ","Общество с ограниченной ответственностью «Профессиональная коллекторская организация «Столичный экспресс», ООО «Профессиональная коллекторская организация «Столичный экспресс»","ОГРН 1194205020613,  ИНН 4205384683","АО «АльфаСтрахование», период действия договора С 13.02.2026 по 12.02.2027","650025,  Кемеровская область – Кузбасс,  г. Кемерово,  просп. Ленина., д. 1, кв. 102","stolichnyexpress.ru","security@stolichnyexpress.ru","","","1"
"337","18.03.2020,  12907/20/3741-АИ","Общество с ограниченной ответственностью Профессиональная коллекторская организация «Стимул», ООО ПКО «Стимул»","ОГРН 1171215002331,  ИНН 1215217189","АО «АльфаСтрахование», период действия договора с 22.01.2026 по 21.01.2027","424006,  Республика Марий Эл,  г. Йошкар-Ола,  ул. Панфилова д. 41,  офис 705","стимул12.рф","stimul-ka@mail.ru","","",""
"338","30.03.2020,  77922/20/4948809-СЗ","Общество с ограниченной ответственностью Профессиональная коллекторская организация «ДоброЗайм», ООО ПКО «ДоброЗайм»","ОГРН 5147746190851,  ИНН 7717795970","СПАО «Ингосстрах», период действия договора с 07.10.2025 по 06.10.2026","119180,  г. Москва,  пер. Старомонетный,  д. 14, стр. 2, помещ. 6-2","pko-dbrz.ru","info@kadobrozaim.ru","","",""
"339","31.03.2020,  36906/20/10857-РП","Общество с ограниченной ответственностью Профессиональная коллекторская организация «Агентство правовой помощи «Ключ», ООО ПКО «Ключ»","ОГРН 1193668019797,  ИНН 3620014866","СПАО «Ингосстрах», период действия договора с 01.08.2025 по 31.07.2026","396420, Воронежская область, Павловский район,  г. Павловск,  ул. 40 лет Октября, д. 1","finkluch.ru","kluch_ooo@mail.ru","","","1"
"340","14.04.2020,  39918/20/8496-ВВ","ООО «АГЕНТСТВО РЕСТРУКТУРИЗАЦИИ ДОЛГОВЫХ ОБЯЗАТЕЛЬСТВ», ООО «АРДО»","ОГРН 1193926006933, ИНН 3906380188","САО «ВСК», период действия договора с 12.03.2023 по 11.03.2024","236010,  Калининградская область,  г. Калининград,  ул. Вагоностроительная,  д. 3-5, литера VI, каб. 7","ardo.su","","","08.08.2023, 39907/23/23378-АК",""
"341","15.04.2020,  64922/20/20985-ИР","Общество с ограниченной ответственностью Профессиональная коллекторская организация «ЮККА», ООО ПКО «ЮККА»","ОГРН 1206400001807,  ИНН 6449096161","АО «АльфаСтрахование», период действия договора с 23.03.2026 по 22.03.2027","413111,  Саратовская область,  г. Энгельс,  Проспект Строителей,  д. 7А, офис 512","юкка64.рф","64ukka@gmail.com","","","1"
"342","06.05.2020,  32906/20/7370-ЕБ","Общество с ограниченной ответственностью «Контакт», ООО «Контакт»","ОГРН 1123256013429,  ИНН 3250532162","СПАО «Ингосстрах», период действия договора с 10.04.2021 по 09.04.2022","241013,  Брянская область,  г. Брянск,  ул. 22 Съезда КПСС, д. 88","kontakt-bryansk.ru","info@kontakt-bryansk.ru","","05.03.2022, 32907/22/4445-ЕБ",""
"343","06.05.2020,  59922/20/37489-СН","Общество с ограниченной ответственностью Профессиональная коллекторская организация «СТАБЭКС», ООО ПКО «СТАБЭКС»","ОГРН 1205900000041,  ИНН 5904379790","ООО «Абсолют Страхование», период действия договора с 14.02.2026 по 13.02.2027","614039,  Пермский край, г. Пермь, ул. Сибирская, д. 47 А,  офис 500","stabex.com","info@stabex.com","","","1"
"344","12.05.2020,  34922/20/33550-ВЕ","Общество с ограниченной ответственностью профессиональная коллекторская организация «Юридическая компания «Бюро кредитных решений», ООО ПКО «ЮК «БКР»","ОГРН 1203400002772,  ИНН 3444273894","АО «АльфаСтрахование», период действия договора с 01.04.2026 по 31.03.2027","400066,  Волгоградская область,  г.о. город-герой Волгоград, г. Волгоград,  ул. Донецкая,  д. 16, эт. 3, ком. 303","uk-bkr.ru","collector@uk-bkr.ru","","","1"
"345","21.05.2020,  13907/20/8166-ЮМ","Общество с ограниченной ответственностью Профессиональная коллекторская организация «ПРОФИТ», ООО ПКО «ПРОФИТ»","ОГРН 1161326058607, ИНН 1327029000","АО «АльфаСтрахование», период действия договора с 24.03.2025 по 23.03.2026","430016,  Республика Мордовия, г. Саранск,  ул. Терешковой, д. 7А,  помещ. 602А","profit-2020.ru","profit-2020@bk.ru","","","1"
"346","21.05.2020,  77922/20/412240-НБ","Общество с ограниченной ответственностью «РСХБ-Трейд», ООО «РСХБ-Трейд»","ОГРН 1177746117273,  ИНН 7704391032","СПАО «Ингосстрах», период действия договора с 15.04.2022 по 14.04.2023","119034,  г. Москва, вн.тер.г. муниципальный округ Хамовники, Пер. Гагаринский, д. 3,  ком. 9, помещ. I","rshb-traid.ru","","","14.04.2023, 77922/23/618605-НК",""
"347","08.06.2020,  73922/20/19768-АТ","Общество с ограниченной ответственностью Профессиональная коллекторская организация «Алькрим Плюс», ООО ПКО «Алькрим Плюс»","ОГРН 1157328002721,  ИНН 7328084572","СПАО «Ингосстрах», период действия договора с 30.04.2026 по 29.04.2027","432071,  Ульяновская область,  г. Ульяновск,  ул. Гончарова, д. 27,  каб. 405","www.alkrim.ru","Alkrim.plus@yandex.ru","","","1"
"348","11.06.2020,  59922/20/45885-СН","Общество с ограниченной ответственностью «Право Кредитора», ООО «Право Кредитора»","ОГРН 1195958017860,  ИНН 5904373943","СПАО «Ингосстрах», период действия договора с 07.07.2022 по 06.07.2023","614039,  Пермский край,  г. Пермь,  ул. Тимирязева, д. 30,  офис 302","pravokreditora.ru","pravokreditora@yandex.ru","","27.01.2023, 59922/22/13659-АА",""
"349","19.06.2020,  21907/20/20193-ММ","Общество с ограниченной ответственностью «Профессиональная коллекторская организация «ЮКАНКО», ООО ПКО «ЮКАНКО»","ОГРН 1202100002323,  ИНН 2124046971","ООО «Абсолют Страхование», период действия договора с 28.04.2026 по 27.04.2027","429960,  Чувашская Республика — Чувашия,  г. Новочебоксарск,  ул. Строителей, д. 62,  офис 62","ykanko.ru","ykanko@list.ru","","","1"
"350","29.06.2020,  69907/20/14972-НС","Общество с ограниченной ответственностью «ПРОФЕССИОНАЛЬНАЯ КОЛЛЕКТОРСКАЯ ОРГАНИЗАЦИЯ РПСК», ООО «ПРОФЕССИОНАЛЬНАЯ КОЛЛЕКТОРСКАЯ ОРГАНИЗАЦИЯ РПСК»","ОГРН 1166952072748,  ИНН 6952009752","ООО «РСО «ЕВРОИНС», период действия договора с 01.07.2025 по 30.06.2026","170100,  Тверская область,  г. Тверь,  ул. Симеоновская, д. 39,  офис 303","рпск.рф","pko_rpsk@mail.ru","","","1"
"351","30.06.2020,  26919/20/25354-МЗ","Общество с ограниченной ответственностью профессиональная коллекторская организация «РусДолгЪ-КМВ», ООО ПКО «РусДолгЪ-КМВ»,","ОГРН 1202600002990,  ИНН 2629012893","СПАО «Ингосстрах», период действия договора с 25.05.2026 по 24.05.2027","357340,  Ставропольский край,  г. Лермонтов,  ул. Матвиенко, д. 1","rusdolg-kmv.ru","info@rusdolg-kmv.ru","","","1"
"352","03.07.2020,  16922/20/62951-АЗ","Общество с ограниченной ответственностью «Профессиональная коллекторская организация «РефундНЧ», ООО «ПКО «РефундНЧ»","ОГРН 1141650010150,  ИНН 1650286567","СПАО «Ингосстрах», период действия договора с 28.05.2026 по 27.05.2027","423822, Республика Татарстан, г. Набережные Челны, пр. Набережночелнинский, зд. 27 Б, помещ. 403","вернутьдолг.рф","refundnch@mail.ru","","","1"
"353","08.07.2020,  54922/20/42665-ЭБ","Общество с ограниченной ответственностью Профессиональная коллекторская организация «Защита Онлайн», ООО ПКО «Защита Онлайн»","ОГРН 1195476015085,  ИНН 5407973637","СПАО «Ингосстрах», период действия договора с 17.04.2026 по 16.04.2027","630005,  Новосибирская область,  г.о. город Новосибирск, г. Новосибирск,  ул. Фрунзе, зд. 88,  этаж 3, офис 31","zonlain.ru","help@zonline.ru","","",""
"354","10.07.2020,  34922/20/45640-ВЕ","Общество с ограниченной ответственностью Профессиональная коллекторская организация «Профинанс Групп», ООО ПКО «ПФГ»","ОГРН 1193443008010,  ИНН 3461065100","АО «АльфаСтрахование», период действия договора с 02.07.2025 по 01.07.2026","443100,  Самарская обл,  г.о. Самара,  г. Самара, ул. Самарская,  д. 270, помещ. 3Н","profinansgroup.ru","profinansgrupp@yandex.ru info@profinansgroup.ru","","","1"
"355","13.07.2020,  77922/20/441353-СЗ","Общество с ограниченной ответственностью «Потерна», ООО «Потерна»","ОГРН 1207700168664,  ИНН 9721098327","АО «АльфаСтрахование», период действия договора с 18.06.2020 по 17.06.2021","109428,  г. Москва,  просп. Рязанский, д. 24,  корп. 2, этаж 4, помещ. IX,  ком. 19","poterna77.ru","","","17.05.2022, 77922/22/695182-СЗ",""
"356","22.07.2020,  11922/20/19349-ДК","Общество с ограниченной ответственностью «Юрист Центр», ООО «ПКО «ЮЦ»","ОГРН 1141101003042,  ИНН 1101150188","САО «ВСК», период действия договора с 07.04.2026 до 06.04.2027","167005,  Республика Коми,  г. Сыктывкар,  Октябрьский проспект,  д. 170, кв.128","www.юристцентр11.рф","nast1984@lenta.ru","","","1"
"357","27.07.2020,  82907/20/19905-ГТ","Общество с ограниченной ответственностью «ПРОГРЕСС СЕРВИС», ООО «ПРОГРЕСС СЕРВИС»","ОГРН 1159102131760,  ИНН 9102201601","ООО «Абсолют Страхование», период действия договора с 10.06.2022 по 09.10.2023","426009,  Удмуртская Республика, г.о. город Ижевск,  г. Ижевск,  ул. Ухтомского,  д. 24, этаж 1,офис 21","progress-srv.ru","info@progress-srv.ru","","13.09.2022, 359",""
"358","28.07.2020,  21907/20/23589-ММ","Общество с ограниченной ответственностью Профессиональная коллекторская организация «ДЖИ ТИ КОЛЛЕКШН ГРУПП», ООО ПКО «ДЖИ ТИ»","ОГРН 1192130008707,  ИНН 2130212835","АО «Совкомбанк Страхование», период действия договора с 11.09.2025 по 10.09.2026","117105,  г. Москва,  вн.тер.г. муниципальный округ Нагатино-Садовники,  Варшавское шоссе, д. 35, стр. 1","gtcollection.ru","info@gtcollector.ru","","","3"
"359","29.07.2020,  78922/20/310899-АЛ","Общество с ограниченной ответственностью «профессиональная коллекторская организация «Красная звезда», ООО «ПКО «Красная звезда»","ОГРН 1207800000033,  ИНН 7805761120","ООО «Зетта Страхование», период действия договора с 23.03.2026 по 22.03.2027","195160,  г. Санкт-Петербург, вн.тер.г.муниципальный округ Большая Охта,  наб. Свердловская,  д. 60, литера В,  помещ.1-Н,  помещ. 143/каб 211","krzvezda.ru","info@krzvezda.ru","","","1"
"360","30.07.2020,  77922/20/456182-СЗ","Общество с ограниченной ответственностью Профессиональная коллекторская организация «ЦДУ Инвест», ООО ПКО «ЦДУ Инвест»","ОГРН 5147746158632,  ИНН 7727844641","САО «ВСК», период действия договора с 04.03.2026 по 03.03.2027","117420, г. Москва,  ул. Наметкина, д. 15, этаж 1, помещ. I, ком. 12","cdu-invest.ru","sp@gkcdu.ru info@cdu-invest.ru","","","3"
"361","04.08.2020,  77922/20/462832-СЗ","Общество с ограниченной ответственностью «Коллекторское Агенство «Щит», ООО «Коллекторское Агенство «Щит»","ОГРН 1207700071402,  ИНН 7727439837","ООО «Абсолют Страхование», период действия договора с 18.05.2024 по 17.05.2025","117452,  г. Москва,  ул. Азовская,  д. 35, корп. 3, П I, этаж 2Ч, ком. 7","shield-agency.ru","info@shield-agensy.ru","","","1"
"362","06.08.2020,  77922/20/465660-СЗ","Общество с ограниченной ответственностью «Профессиональная коллекторская организация «Коллект Солюшенс», ООО «ПКО «Коллект Солюшенс»","ОГРН 1207700116513,  ИНН 7720498833","АО «АльфаСтрахование», период действия договора с 26.06.2025 по 25.06.2026","111588,  г. Москва, вн. тер. г. муниципальный округ Новогиреево, пр-кт. Свободный,  д. 21/2, помещ. 1/1","scollect.ru","info@scollect.ru","","","1"
"363","13.08.2020,  59922/20/61042-СН","Общество с ограниченной ответственностью Профессиональная коллекторская организация «Мой юрист капитал», ООО ПКО «Мой юрист капитал»","ОГРН 1205900015892,  ИНН 5919030473","АО «Совкомбанк страхование», период действия договора с 15.07.2025 по 14.07.2026","618546,  Пермский край,  г. Соликамск,  пр-т. Ленина, д. 30, кв. 103","mlcapital.ru","SITEINFO@MLCAPITAL.RU","","","1"
"364","13.08.2020,  22922/20/49942-ДЛ","Общество с ограниченной ответственностью профессиональная коллекторская организация «ПДП ГРУПП», ООО ПКО «ПДП ГРУПП»","ОГРН 1132224006914,  ИНН 2224163527","СПАО «Ингосстрах», период действия договора с 09.06.2026 по 08.06.2027","656038,  Алтайский край,  г. Барнаул,  просп. Комсомольский, д. 120, офис 104","pdpgrupp.ru","ekfin@bk.ru","","","1"
"365","14.08.2020, 77922/20/472023-СЗ","Общество с ограниченной ответственностью Профессиональная коллекторская организация «Финэкс», ООО ПКО «Финэкс»","ОГРН 1207700002520,  ИНН 9706004571","АО «АльфаСтрахование», период действия договора с 30.07.2025 по 29.07.2026","119180,  г. Москва,  ул. Большая Полянка,  д. 51А/9, этаж 8, помещ. I, ком. 1, офис А5М","finexlegal.ru","post@finexlegal.ru","","","1"
"366","31.08.2020,  17907/20/13653-ОД","Общество с ограниченной ответственностью профессиональная коллекторская организация «Центр юридических и финансовых услуг», ООО ПКО «ЦЮФУ»","ОГРН 1171719001706,  ИНН 1701060338","ООО «Абсолют Страхование», период действия договора с 11.03.2025 по 10.03.2026","667004,  Республика Тыва,  г. Кызыл,  ул. Новостроек, д. 1","center-collector.ru","center-collector@mail.ru","","04.08.2025, 17907/25/21594-ОД",""
"367","02.09.2020,  25922/20/39160-ЭП","Общество с ограниченной ответственностью Профессиональная коллекторская организация «ДВ Капитал», ООО ПКО «ДВК»","ОГРН 1192536018619,  ИНН 2536317839","СПАО «Ингосстрах», период действия договора с 17.09.2025 по 16.09.2026","690091,  Приморский край,  г. Владивосток,  ул. Светланская, д. 51, офис 3","dv-capital.ru","info@dv-capital.ru","","","1"
"368","08.09.2020,  56922/20/25935-ГК","Общество с ограниченной ответственности «Профессиональная коллекторская организация «АЕ ГРУПП», ООО «ПКО «АЕГ»","ОГРН 1175658016731,  ИНН 5650011464","СПАО «Ингосстрах», период действия договора с 07.08.2025 по 06.08.2026","460052,  Оренбургская область,  г. Оренбург,  ул. Автомобилистов,  д. 2/2, помещ. 6","aegroup.su","aegroup.moscow@mail.ru","","","1"
"369","15.09.2020,  78922/20/39860-АЛ","Общество с ограниченной ответственностью Профессиональная коллекторская организация «Агентство К «Примирение», ООО ПКО «Агентство К «Примирение»","ОГРН 1187847309066,  ИНН 7804630189","ООО «Абсолют Страхование», период действия договора с 23.05.2026 по 22.05.2027","196128,  г. Санкт-Петербург,  ул. Кузнецовская,  д. 11, литер А,  помещ. 40-Н","kprimirenie.ru","info@kprimirenie.ru","","","1"
"370","15.09.2020,  21907/20/29195-ЕН","Общество с ограниченной ответственностью «Профессиональная коллекторская организация «Поволжское агентство по взысканию долгов», ООО «ПКО «Поволжское агентство по взысканию долгов»","ОГРН 1202100001751,  ИНН 2117003208","АО «Совкомбанк Страхование», период действия договора с 01.08.2025 по 31.07.2026","429170,  Чувашская Республика – Чувашия,  Шемуршинский район, с. Шемурша,  ул. Ленина, д. 27А","павд.рф","pavd21@bk.ru","","","1"
"371","17.09.2020,  50922/20/103782-НК","Общество с ограниченной ответственностью Профессиональная Коллекторская Организация «Альфа», ООО ПКО «Альфа»","ОГРН 1205000042774, ИНН 5024204901","АО «Совкомбанк страхование», период действия договора с 01.08.2025 по 31.07.2026","143402,  Московская область,  г. Красногорск,  ул. Пионерская, д. 10,  помещ. 1, ком. 2","alfa.credit","mail@alfa.credit","","","1"
"372","23.09.2020,  32907/20/17622-ЕБ","Общество с ограниченной ответственностью Профессиональная коллекторская организация «МКС», ООО ПКО «МКС»","ОГРН 1063255001886, ИНН 3255049294","ООО «Абсолют Страхование», период действия договора с 15.06.2025 по 14.06.2026","241013,  Брянская область,  г. Брянск,  ул. Ульянова, д. 103,  офис 11","mks32.ru","mks.32@yandex.ru","","","1"
"373","29.09.2020,  56922/20/28920-ГК","Общество с ограниченной ответственностью «Профессиональная коллекторская организация «Статус», ООО «ПКО «Статус»","ОГРН 1165658072887,  ИНН 5612165093","ООО «Абсолют Страхование», период действия договора с 16.02.2026 по 15.02.2027","460018,  Оренбургская область,  г. Оренбург,  ул. Расковой,  влад. 10А","k-a-c.ru","kac.status@yandex.ru","","","1"
"374","05.10.2020,  77922/20/511168-СЗ","Общество с ограниченной ответственностью «Профессиональная коллекторская организация «Цербер», ООО «ПКО «Цербер»","ОГРН 1147746738028,  ИНН 7709957219","ООО «Абсолют Страхование», период действия договора с 16.04.2026 по 15.04.2027","117342,  г. Москва, вн.тер.г. муниципальный округ Коньково,  ул. Бутлерова, д. 17, помещ. 95/3","kacerber.ru","legal@kacerber.ru","","","1"
"375","06.10.2020,  21907/20/31642-ДБ","Акционерное общество «Профессиональная коллекторская организация «Инвест Групп», АО «ПКО «Инвест Групп»","ОГРН 1247800047703,  ИНН 7807277797","«Абсолют Страхование», срок действия договора С 26.09.2024 по 25.09.2025","198206,  г. Санкт-Петербург, вн.тер.г. муниципальный округ Сосновая Поляна, ш. Петергофское, д. 73, литера Т,  помещ. 1-Н, офис 17/4, рабочее место 3","invest-gr.ru.com","info@invest-grupp.com","","","1"
"376","14.10.2020,  72922/20/46265-КХ","Общество с ограниченной ответственностью «Профессиональная коллекторская организация «Аскалон», ООО «ПКО «Аскалон»","ОГРН 1197232028388,  ИНН 7203492939","СПАО «Ингосстрах», период действия договора с 23.01.2026 по 22.01.2027","628403,  ХМАО-Югра,  г. Сургут,  ул. 30 лет Победы,  зд.44 А, офис 8/1","dolgi72.ru","askalon.me@yandex.ru","","","1"
"377","15.10.2020,  19907/20/22626-АР","Общество с ограниченной ответственностью профессиональная коллекторская организация «Андрушонок и Партнеры», ООО ПКО «Андрушонок и Партнеры»","ОГРН 1161901056492,  ИНН 1901132653","АО «АльфаСтрахование», период действия договора с 23.09.2025 по 22.09.2026","655017, Республика Хакасия,  г. Абакан,  ул. Маршала Жукова,  стр. 46, литера А,  помещ. 2Н, каб. 214","andrushonok.ru","nandrushonok@mail.ru","","","1"
"378","20.10.2020,  54922/20/69563-ЭБ","Общество с ограниченной ответственностью Профессиональная Коллекторская Организация «Бустер.Ру», ООО ПКО «Бустер.Ру»","ОГРН 1205400014467,  ИНН 5406805083","ООО «Зетта Страхование», период действия договора с 02.10.2025 по 01.10.2026","630099,  Новосибирская область, г.о. город Новосибирск, г. Новосибирск,  ул. Советская, д. 23","BOOSTR-RU.RU","info@ca-mir.ru","","","1"
"379","28.10.2020,  66922/20/113117-АС","Общество с ограниченной ответственностью Профессиональная коллекторская организация «АСТРА ФИНАНС», ООО ПКО «АСТРА ФИНАНС»","ОГРН 1026601724665,  ИНН 6629013284","ООО «Абсолют Страхование», период действия договора с 19.03.2026 по 18.03.2027","624132,  Свердловская область,  г. Новоуральск,  ул. Фрунзе, дом 5","astrafin.ru","info@astrafin.ru","","","1"
"380","13.11.2020,  54922/20/77096-ЭБ","Общество с ограниченной ответственностью Профессиональная коллекторская организация «Интел коллект», ООО ПКО «Интел коллект»","ОГРН 1205400001399, ИНН5407977286","СПАО «Ингосстрах», период действия договора с 28.02.2026 по 27.02.2027","630099,  Новосибирская область, г.о. город Новосибирск,  г. Новосибирск,  ул. Максима Горького, д. 24","intelcollect.ru","support@intelcollect.ru","","",""
"381","18.11.2020,  37907/20/27976-НТ","Общество с ограниченной ответственностью «Профессиональная коллекторская организация ВПК-Капитал», ООО «ПКО ВПК-Капитал»","ОГРН 1203700004375,  ИНН 3702239395","ПАО СК «Росгосстрах», период действия договора с 05.10.2025 по 04.10.2026","155000, Ивановская область,  г. Иваново,  ул. Красногвардейская, д. 3, офис 3001","vpk-capital.ru","info@vpk-capital.ru","","","1"
"382","19.11.2020,  77922/20/551078-СЗ","Общество с ограниченной ответственностью Профессиональная коллекторская организация «Гарнет-Финанс», ООО ПКО «Гарнет-Финанс»","ОГРН 1187746915740,  ИНН 7704464202","ООО «Абсолют Страхование», период действия договора с 25.10.2024 по 24.10.2025","125080,  г. Москва,  ул. Сурикова, д. 24,  цокольный этаж,  помещ. IV, ком. 2","boostcollect.ru","info@garnet24.com","","","1"
"383","19.11.2020,  77922/20/551091-СЗ","Общество с ограниченной ответственностью Профессиональная коллекторская организация «Консалт Плюс», ООО ПКО «Консалт Плюс»","ОГРН 5147746341199,  ИНН 7722862647","АО «Совкомбанк страхование», период действия договора с 05.10.2025 по 04.10.2026","115088,  г.Москва,  ул.Шарикоподшипниковская,  д. 4, корп. 3Б, этаж 1, помещ. II,  ком. 15, 16, 20-24","consaltplusmsk.ru","info@consaltplusmsk.ru","","","1"
"384","25.11.2020,  52922/20/76471-ЛМ","Общество с ограниченной ответственностью «Профессиональная коллекторская организация Финансовая группа «Альтернатива», ООО «ПКО ФГ «Альтернатива»","ОГРН 1205200034445,  ИНН 5257198753","АО «АльфаСтрахование», период действия договора с 07.10.2025 по 06.10.2026","603028,  Нижегородская область,  г. Нижний Новгород,  ул. Комсомольское шоссе,  д. 5, помещ. 7,  офис 412","fg-alt.ru","ncernov679@gmail.com","","","1"
"385","01.12.2020,  77922/20/560543-СЗ","Общество с ограниченной ответственностью Профессиональная коллекторская организация «Тристар», ООО ПКО «Тристар»","ОГРН 1117746013065,  ИНН 7701903564","СПАО «Ингосстрах», период действия договора с 14.08.2024 по 13.08.2025","105064,  г. Москва,  ул. Земляной Вал,  д. 36, офис 504","tristar-kollector.ru","tristar.ooo@yandex.ru","","","1"
"386","02.12.2020,  18922/20/39294-ИН","Общество с ограниченной ответственностью Профессиональная коллекторская организация «ЭВЕНТУС», ООО ПКО «ЭВЕНТУС»","ОГРН 1131840000412,  ИНН 1840014201","СПАО «Ингосстрах», период действия договора с 02.11.2025 по 01.11.2026","426008,  Удмуртская Республика, г.о. город Ижевск,  г. Ижевск,  ул. Пушкинская,  д. 266","18eventus.ru","18eventus@gmail.com","","","1"
"387","07.12.2020,  74910/20/83048-ЮТ","Общество с ограниченной ответственностью Профессиональная коллекторская организация «ЕвАрти», ООО ПКО «ЕвАрти»","ОГРН 1207400023830,  ИНН 7456045628","АО «АльфаСтрахование», период действия договора с 27.08.2025 по 26.08.2026","455017,  Челябинская область,  г.о. Магнитогорский,  г. Магнитогорск,  ул. Советская, д. 40, офис 2","evarti.ru","help@evarti.ru","","","1"
"388","10.12.2020,  34922/20/101564-ВЕ","Общество с ограниченной ответственностью Профессиональная коллекторская организация «Автомани», ООО ПКО «Автомани»","ОГРН 1143443023459,  ИНН 3459011764","АО «АльфаСтрахование», период действия договора с 09.11.2025 по 08.11.2026","400048,  Волгоградская область,  г. Волгоград,  ул. Авторемонтная,  д. 10А, офис 1","am-collector.ru","ooo.avtomani@yandex.ru","","","1"
"389","16.12.2020, 34922/20/102878-ВЕ","Общество с ограниченной ответственностью Профессиональная коллекторская организация «АБР-Групп»,  ООО ПКО «АБР-Групп»","ОГРН 1193443005018,  ИНН 3461064925","ООО СК «Гелиос», период действия договора с 01.12.2025 по 30.11.2026","443099,  Самарская область,  г.о. Самара,  вн. р-н Самарский г. Самара,  ул. Фрунзе.  д. 72, офис 11","pko-abrg.ru","info@abrgryp.ru","","","1"
"390","17.12.2020,  77922/20/574103-СЗ","Общество с ограниченной ответственностью «Профессиональная коллекторская организация «Антарес», ООО «ПКО «Антарес»","ОГРН 1207700362540,  ИНН 9709065653","АО «АльфаСтрахование», период действия договора с 25.11.2025 по 24.11.2026","430027,  Республика Мордовия, г.о. Саранск, г. Саранск, ул. Гагарина,  д. 99А, офис 203","kb-antares.ru","kb-antares@yandex.ru","","17.06.2026, 13907/26/12997-ВБ",""
"391","17.12.2020,  77922/20/574104-СЗ","Общество с ограниченной ответственностью «Профессиональная коллекторская организация «Альфа-Легион», ООО «ПКО «Альфа-Легион»","ОГРН 1207700394340,  ИНН 9728016108","СПАО «Ингосстрах», период действия договора с 01.12.2025 по 30.11.2026","117630, г. Москва, вн.тер.г. муниципальный округ Обручевский, ш. Старокалужское, д.62, этаж 3, помещ. 332","pko-alfalegion.ru","pko-alfalegion@mail.ru","","","1"
"392","18.12.2020,  76907/20/43853-СВ","Общество с ограниченной ответственностью Профессиональная коллекторская организация «АРКА», ООО ПКО «АРКА»","ОГРН 1207600007350,  ИНН 7627053269","АО «Совкомбанк Страхование», период действия договора с 01.08.2025 по 31.07.2026","150008,  Ярославская область, Ярославский р-н,  д. Мологино,  ул. 4-я Изумрудная,  д. 36","pkoarka.ru","info@pkoarka.ru","","","1"
"393","22.12.2020,  16922/20/48487717-АЗ","Общество с ограниченной ответственностью Профессиональная коллекторская организация «Гамаль», ООО ПКО «Гамаль»","ОГРН 1191690067821,  ИНН 1655422277","АО «Боровицкое страховое общество», период действия договора с 14.12.2025 по 13.12.2026","420111,  Республика Татарстан, г. Казань,  ул. Островского  д. 35А, офис 214","гамаль.рф","skgamal@mail.ru","","","3"
"394","25.12.2020,  40907/20/27789-ИЗ","Общество с ограниченной ответственностью Профессиональная коллекторская организация «РУСФИНАЛЬЯНС», ООО ПКО «РУСФИНАЛЬЯНС»","ОГРН 1204000005263,  ИНН 4027143645","ООО «Абсолют Страхование», период действия договора с 01.01.2024 по 31.12.2024","248002,  Калужская область,  г. Калуга,  ул. Болдина, зд. 71, офис 213","rus-finalyans.ru","info@rusfinalyans.ru","","29.10.2024, 40907/24/46532-БН",""
"395","25.12.2020,  54922/20/92045-ЭБ","Общество с ограниченной ответственностью «Профессиональная коллекторская организация «СЛУЖБА АКТИВНОГО ВЗЫСКАНИЯ», ООО «ПКО «САВ»","ОГРН 1145476047980,  ИНН 5403358084","СПАО «Ингосстрах», период действия договора с 01.07.2025 по 30.06.2026","630089,  Новосибирская область,  г. Новосибирск,  ул. Бориса Богаткова,  д. 248а, офис 13","ooo-sav.ru","sav_ooo@mail.ru","","","1"
"396","25.12.2020,  54922/20/92051-ЭБ","Общество с ограниченной ответственностью Профессиональная коллекторская организация «Сопровождение плюс», ООО ПКО «Сопровождение плюс»","ОГРН 1145476091848, ИНН 5433198695","СПАО «Ингосстрах», период действия договора с 23.07.2025 по 22.07.2026","630512,  Новосибирская область, район Новосибирский, поселок Тулинский,  ул. Центральная, д. 9а","splus-nsk.ru","novosib_sp@mail.ru","","","1"
"397","29.12.2020,  64922/20/76388-ИР","Общество с ограниченной ответственностью Профессиональная коллекторская организация «Резон-АНС», ООО ПКО «Резон-АНС»","ОГРН 1026403683349,  ИНН 6455031846","АО «АльфаСтрахование», период действия договора с 11.11.2024 по 10.11.2025","108824,  г. Москва, вн.тер.г.поселение «Рязановское»,  ул. Логинова,  д. 7, к. 2, помещ. 5Н","rezon-ans64.ru","rezon-ans64@yandex.ru","","","1"
"398","29.12.2020,  50922/20/161494-НК","Общество с ограниченной ответственностью профессиональная коллекторская организация «Коллекторское Бюро 911», ООО ПКО «КБ 911»","ОГРН 1205000057778,  ИНН 5017123578","ООО «Абсолют Страхование», период действия договора с 23.11.2025 по 22.11.2026","143500,  Московская область,  г. Истра,  д. Андреевское,  ул. Луговая, д. 69","kb911.su","kb911@kb911.su","","","1"
"399","29.12.2020,  18922/20/46875-ИН","Общество с ограниченной ответственностью Профессиональная коллекторская организация СИРИУС», ООО ПКО «СИРИУС»","ОГРН 1184632009143,  ИНН 4632245370","СПАО «Ингосстрах», период действия договора с 01.09.2025 по 31.08.2026","426006,  Удмуртская Республика,  г. Ижевск,  проезд им. Дерябина, д. 3,офис 402","cfr-sirius.ru","info@cfr-sirius.ru","","","1"
"400","02.02.2021,  18922/21/4132-ИН","Общество с ограниченной ответственностью Профессиональная коллекторская организация «Грифон», ООО ПКО «Грифон»","ОГРН 1181832017180,  ИНН 1831191162","СПАО «Ингосстрах», период действия договора с 14.12.2025 по 13.12.2026","426004,  Удмуртская Республика, г.о. город Ижевск, г. Ижевск,  ул. Ленина,  д. 46","grif-on.ru","info@grif-on.ru","","","1"
"401","04.02.2021,  11922/21/4038-ДК","Общество с ограниченной ответственностью «Профессиональная коллекторская организация «Долг Консалтинг», ООО «ПКО «Долг Консалтинг»","ОГРН 1201100004600,  ИНН 1101169887","ООО «Абсолют Страхование», период действия договора с 15.11.2025 до 14.11.2026","167000,  Республика Коми, г. Сыктывкар, ул. Ленина,  д. 74, пом. Н-53","www.dolgconsalting.ru","Nenev.rv@gmail.com","","","1"
"402","04.02.2021,  34922/21/14459-ЮБ","Общество с ограниченной ответственностью ПРОФЕССИОНАЛЬНАЯ КОЛЛЕКТОРСКАЯ ОРГАНИЗАЦИЯ «ЭНЕРГИЯ», ООО ПКО «ЭНЕРГИЯ»","ОГРН 1123443004343,  ИНН 3443117300","АО «АльфаСтрахование», период действия договора с 13.01.2026 до 12.01.2027","400078,  Волгоградская область,  г.о. Город-герой Волгоград, г. Волгоград,  пр-т им. В.И. Ленина, д. 100, офис 4.17","urictenergy.ru","urict.energy@gmail.com","","","1"
"403","15.02.2021,  66922/21/14678-АС","Общество с ограниченной ответственностью «Профессиональная коллекторская организация «Синара партнер», ООО «ПКО «Синара партнер»","ОГРН 1196658076196,  ИНН 6685168732","ООО «АМТ Страхование», период действия договора с 10.09.2025 по 09.09.2026","620026,  Свердловская область,  г. Екатеринбург,  ул. Куйбышева, стр. 58,  ком. 203","lcc-partner.ru","info@lcc-partner.ru","","","1"
"404","16.02.2021; 77922/21/721031-СЗ","Общество с ограниченной ответственностью «Профессиональная коллекторская организация «Бизнес содействие консалт», ООО «ПКО «БСК»","ОГРН 1207700206889,  ИНН 9705144752","АО «АльфаСтрахование», период действия договора с 01.12.2025 по 30.11.2026","115172, г. Москва, вн.тер.г. муниципальный округ Таганский, ул. Гончарная, д.30, стр.1","bsk-agency.ru","businessodeystvieconsult@gmail.com","","","1"
"405","19.02.2021,  18922/21/9632-ИН","«Профессиональная коллекторская организация» Общество с ограниченной ответственностью «Юридическая Финзащита», «ПКО» ООО «Юридическая Финзащита»","ОГРН 1141841007285,  ИНН 1841045690","АО «Совкомбанк страхование», период действия договора с 25.05.2025 по 24.05.2026","426006,  Удмуртская Республика,  г.о. город Ижевск,  г. Ижевск ул. Пушкинская, д. 169, кв. 22","yuridfinans.ru","urid-finans@mail.ru","","19.03.2026, 18922/26/14053-ИН",""
"406","24.02.2021,  66922/21/19098-АС","Общество с ограниченной ответственностью «РЕГОЛА», ООО «РЕГОЛА»","ОГРН 1196658043900,  ИНН 6686116656","СПАО «Ингосстрах», период действия договора с 10.12.2021 по 09.12.2022","620057,  Свердловская область,  г. Екатеринбург,  ул. Фрезеровщиков, д. 78, кв. 71","regolaek.ru","regolaekt@yandex.ru","","29.11.2022, 66922/22/101334-АС",""
"407","01.03.2021,  21907/21/7405-ДБ","Общество с ограниченной ответственностью Профессиональная коллекторская организация «Удача», ООО ПКО «Удача»","ОГРН 1202100008021,  ИНН 2130221558","ООО «Абсолют Страхование» период действия договора с 15.11.2025 по 14.11.2026","428027,  Чувашская Республика – Чувашия, г.о. город Чебоксары, г. Чебоксары,  ул. Хузангая, д. 14, офис 512 А","udaca.ru","mail@udaca.ru","","","1"
"408","03.03.2021,  52922/21/14152-ЛМ","Общество с ограниченной ответственностью профессиональная коллекторская организация «Финансовая компания «Конгломерат», ООО ПКО «ФК «Конгломерат»","ОГРН 1205200046226,  ИНН 5260474996","АО «Зетта Страхование», период действия договора с 08.02.2025 по 07.02.2027","603000,  Нижегородская область, г.Нижний Новгород,  ул. Звездинка, д. 20А,  помещ. 2, этаж 1","fk-conglomerate.ru","fk-conglomerate@yandex.ru","","","1"
"409","03.03.2021,  77922/21/734168-СЗ","Общество с ограниченной ответственностью «Профессиональная коллекторская организация «Результат», ООО «Профессиональная коллекторская организация «Результат»","ОГРН 1207700211510,  ИНН 9715385482","ПАО СК «Росгосстрах», период действия договора с 21.10.2025 по 20.10.2026","127015,  г. Москва, вн.тер.г.муниципальный округ Бутырский,  ул. Новодмитровская,  д. 2, корп. 1, помещ. 8/10","resultat.cash","Timur0302@inbox.ru","","","1"
"410","09.03.2021,  14907/21/10406-АР","Общество с ограниченной ответственностью Профессиональная коллекторская организация «Агентство по реструктуризации долгов», ООО ПКО «АРСД»","ОГРН 1191447013229,  ИНН 1435346165","АО «АльфаСтрахование», период действия договора с 08.11.2025 по 07.11.2026","677000,  Республика Саха (Якутия),  г. Якутск,  ул. Кирова, д.12, каб. 3052","arsd-ykt.ru","ard-ykt@mail.ru","","","1"
"411","16.03.2021,  74910/21/23813-ЮТ","Общество с ограниченной ответственностью «Финансовая перспектива», ООО «Финансовая перспектива»","ОГРН 1157453006963,  ИНН 7453284280","СПАО «Ингосстрах», период действия договора с 08.06.2021по 07.06.2022","454080,  Челябинская область,  г. Челябинск,  ул. Энтузиастов, д. 15Г, офис 4","finpersp.ru","finpersp@mail.ru","","09.06.2022, 74910/22/38259-ЮТ",""
"412","16.03.2021,  77922/21/742960-СЗ","Общество с ограниченной ответственностью Профессиональная коллекторская организация «Гольфстрим-Р», ООО ПКО «Гольфстрим-Р»","ОГРН 1187746489204,  ИНН 7735174895","СПАО «Ингосстрах», период действия договора с 14.12.2023 по 13.12.2024","123112,  г. Москва, вн.тер.г. муниципальный округ Пресненский, наб. Пресненская, д. 10, стр. 2, помещ. 88","golfstream-r.ru","info@gs-r.ru","","","1"
"413","17.03.2021,  24922/21/4-ВВ","Общество с ограниченной ответственностью профессиональная коллекторская организация «Эксперт», ООО ПКО «Эксперт»","ОГРН 1112468078931,  ИНН 2465265116","СПАО «Ингосстрах», период действия договора с 08.02.2026 по 07.02.2027","660020,  Красноярский край,  г. Красноярск,  ул. Спандаряна, зд. 13,  помещ. 15","collector24.ru","mailto@collector24.ru","","","3"
"414","18.03.2021,  03907/21/7474-АА","Общество с ограниченной ответственностью «НИКА», ООО «НИКА»","ОГРН 1180327011512,  ИНН 0326563288","СПАО «Ингосстрах», период действия договора с 18.11.2021 по 17.11.2022","670000,  Республика Бурятия,  г.Улан-Удэ,  ул. Борсоева, 33А, каб. 201","ooonika03.nethouse.ru","ooo_nika03@mail.ru","","02.11.2022, 03907/22/117595-КЩ",""
"415","24.03.2021,  61922/21/30417-ЕК","Общество с ограниченной ответственностью профессиональная коллекторская организация «Премьер», ООО ПКО «Премьер»","ОГРН 1196196052865,  ИНН 6161090133","ООО «Ингосстрах», период действия договора с 18.01.2026 по 17.01.2027","344092,  Ростовская область,  г. Ростов-на-Дону,  пр. Королева, д. 7/19, офис 601","prcll.ru","premierkompani@bk.ru","","","1"
"416","24.03.2021, 61922/21/30418-ЕК","Общество с ограниченной ответственностью профессиональная коллекторская организация «ЮГ-ПАРТНЁРС», ООО «ПКО «ЮГ-ПАРТНЁРС»","ОГРН 1117847266767,  ИНН 7841447135","АО «АльфаСтрахование», период действия договора с 21.12.2025 по 20.12.2026","344056,  Ростовская область, г. Ростов-на-Дону,  ул. Белорусская, д. 44/71,  офис 1","юг-партнёрс.рф","vopros_partners@collecshn.ru","","","1"
"417","24.03.2021,  77922/21/606820-СЗ","Общество с ограниченной ответственностью «Профессиональная коллекторская организация Единая Служба Взыскания», ООО «ПКО ЕСВ»","ОГРН 1107746881087, ИНН 7709864388","СПАО «Ингосстрах», период действия договора с 02.11.2025 по 01.11.2026","107031, г. Москва, вн.тер.г. муниципальный округ Мещанский, ул. Неглинная,  д. 14, стр. 1А,  помещ. 1/3","center-invest.com","info@pro-esv.ru","","","1"
"418","24.03.2021,  50922/21/56473-НК","Общество с ограниченной ответственностью «Профессиональная коллекторская организация «СИКУРА», ООО «ПКО «СИКУРА»","ОГРН 1205000062035, ИНН 5017123610","ООО «Абсолют Страхование», период действия договора с 11.09.2025 по 10.09.2026","143082,  Московская область,  г.о. Одинцовский,  д. Жуковка,  ш. Рублево-Успенское,  д. 72, помещ. 1/15","sikura.ru","post@sikura.ru","","","1"
"419","06.04.2021,  66922/21/35145-АС","Общество с ограниченной ответственностью Профессиональная коллекторская организация «МИР», ООО ПКО «МИР»","ОГРН 1186658058476, ИНН 6678094769","СПАО «Ингосстрах», период действия договора с 29.03.2026 по 28.03.2027","620014,  Свердловская область,  г. Екатеринбург,  ул. Шейнкмана, стр. 32А,  офис 404","ooomir196.ru","ooomir196@gmail.com","","","1"
"420","29.04.2021,  21907/21/15191-ДБ","Общество с ограниченной ответственностью «Профессиональная коллекторская организация «Аркан», ООО «ПКО «Аркан»","ОГРН 1092133000178,  ИНН 2105005264","ООО «Абсолют Страхование», период действия договора с 08.03.2026 по 07.03.2027","428020,  Чувашская Республика – Чувашия,  г. Чебоксары,  ул. Щорса, д. 4А","arkan21.ru","arkan.21@mail.ru","","","1"
"421","29.04.2021,  23922/21/83540-ДТ","Общество с ограниченной ответственностью «Черноморинвест», ООО «Черноморинвест»","ОГРН 1202300046211,  ИНН 2311308754","АО «АльфаСтрахование», период действия договора с 27.11.2020 по 26.11.2021","350005,  Краснодарский край,  г. Краснодар,  ул. им. 40-летия Победы, д. 144/4, помещ. 19","chernomorinvest.ru","pereverzev_art@inbox.ru","","18.08.2022, 23922/22/107562-ДТ",""
"422","06.05.2021,  66922/21/55725-АС","Общество с ограниченной ответственностью «Профессиональная коллекторская организация «ФинТраст», ООО «ПКО «ФинТраст»","ОГРН 1096672015648,  ИНН 6672302726","СПАО «Ингосстрах», период действия договора с 01.02.2026 по 31.01.2027","620026,  Свердловская область, г.о.город Екатеринбург, г. Екатеринбург,  ул. Куйбышева, стр. 95,  офис 405","cafintrust.ru","support@cafintrust.ru","","","1"
"423","11.05.2021,  77922/21/790839-ВК","Акционерное обществоПрофессиональная коллекторская организация «Смарт Финансы», АО ПКО «СФ»","ОГРН 1207700397255,  ИНН 9725038110","ООО «Абсолют Страхование», период действия договора с 15.02.2026 по 14.02.2027","115093,  г. Москва, вн. тер.г. муниципальный округ Лефортово, ул. Золоторожский Вал, д. 11, стр.26, офис А61/13","smartfinansi.ru","info@smartfinansi.ru","","","1"
"424","11.05.2021,  77922/21/790843-ВК","Общество с ограниченной ответственностью «Коллекторское агенство «Вернуть долги», ООО «Коллекторское агенство «Вернуть долги»","ОГРН 1217700134860,  ИНН 9703030100","СПАО «Ингосстрах», период действия договора с 12.04.2024 по 11.04.2025","123557,  г. Москва, вн.тер.г. муниципальный округ Пресненский, пер. Электрический , д. 3/10, стр. 1, помещ. 1Н/6","verdolg.ru","info@verdolg.ru","","","1"
"425","11.05.2021,  77922/21/790855-ВВ","Общество с ограниченной ответственностью Профессиональная коллекторская организация «Анелан», ООО ПКО «Анелан»","ОГРН 1157746718953,  ИНН 7733244339","АО «АльфаСтрахование», период действия договора с 08.04.2026 по 07.04.2027","108828,  г. Москва,  вн.тер.г. муниципальный округ Краснопахорский, с. Былово,  ул. Клёны, д. 4","anelan.ru","kes@anelan.ru","","","1"
"426","11.05.2021,  61922/21/49837-ЕК","Общество с ограниченной ответственностью профессиональная коллекторская организация «ФиЛнекст», ООО ПКО «ФиЛнекст»","ОГРН 1206100031928, ИНН 6165226716","АО «АльфаСтрахование», период действия договора с 20.01.2026 по 19.01.2027","344038,  Ростовская область, г.о. город Ростов-на-Дону, г. Ростов-на-Дону,  ул. Нансена, д. 103М, помещ. 5","cafilnext.ru","ca@filnext.ru","","","1"
"427","25.05.2021, 11922/21/21332-ДК","Общество с ограниченной ответственностью «Профессиональная коллекторская организация «Диалог», ООО «ПКО «Диалог»","ОГРН 1211100000935, ИНН 1101170931","ООО «Абсолют Страхование», период действия договора с 16.03.2026 по 15.03.2027","167000,  Республика Коми, г.о. Сыктывкар, г. Сыктывкар,  ул. Первомайская,  стр. 92, офис 318","dialog-komi.ru","dialog-komi@mail.ru","","","1"
"428","01.06.2021, 28907/21/22560-СЗ","Общество с ограниченной ответственностью профессиональная коллекторская организация «Благие Намерения», ООО ПКО «БН»","ОГРН 1172801000118, ИНН 2808001506","СПАО «Ингосстрах», период действия договора с 01.02.2026 по 31.01.2027","675001,  Амурская область,  г.о. город Благовещенск, г. Благовещенск, ул. Пионерская, д. 66, помещ. 31","простозайм28.рф","89638002090@mail.ru","","","1"
"429","07.06.2021, 77922/21/817074-АГ","Акционерное общество Профессиональная коллекторская организация «Юридическое Бюро ФАКТОРИУС», АО ПКО «Юридическое Бюро ФАКТОРИУС»","ОГРН 1207700477390, ИНН 9725041272","ООО «Абсолют Страхование», период действия договора с 12.04.2026 по 11.04.2027","119049,  г. Москва, вн.тер.г.муниципальный округ Якиманка,  ул. Коровий Вал,  д. 7, стр. 1, помещ. 9Н/2","factoriys.ru","info@factoriys.ru ubfactoriys@gmail.com","","","1"
"430","07.06.2021, 77922/21/817042-АГ","Общество с ограниченной ответственностью Профессиональная коллекторская организация «Юридическая компания «Легата», ООО ПКО «ЮК «Легата»","ОГРН 1117746870515, ИНН 7724810411","ПАО СК «Росгосстрах», период действия договора с 19.04.2025 по 18.04.2026","115418,  г. Москва, вн.тер.г. муниципальный округ Донской, проезд 2-ой Рощинский, д. 8, стр. 2, этаж 2, помещ. X, ком. 1","легата.рус","info@legata.su","","17.04.2026, 77922/26/150357-НК",""
"431","10.06.2021, 52922/21/85876-ЛМ","Общество с ограниченной ответственностью «Профессиональная коллекторская организация «Финансовая Независимость», ООО «ПКО «Финансовая Независимость»","ОГРН 1215200013270, ИНН 5258150585","СПАО «Ингосстрах», период действия договора с 20.05.2026 по 19.05.2027","603076,  Нижегородская область,  г. Нижний Новгород,  пр. Ленина, д. 36, ком. 140","freefinans.ru","do@freefinans.ru","","","1"
"432","15.06.2021,  42922/21/36717-ДТ","Общество с ограниченной ответственностью Профессиональная коллекторская организация «Пони», ООО ПКО «Пони»","ОГРН 1104205014187, ИНН 4205205863","СПАО «Ингосстрах», период действия договора с 05.04.2026 по 04.04.2027","650000,  Кемеровская область – Кузбасс,  г. Кемерово,  пр. 50 лет Октября, стр. 11, помещ. 607","elcollect.ru","info@elcollect.ru","","","1"
"433","22.06.2021, 41907/21/13590-ДС","Общество с ограниченной ответственностью Профессиональная коллекторская организация «Правовой консалтинг», ООО ПКО «Правовой консалтинг»","ОГРН 1144101035924, ИНН 4101167155","СПАО «Ингосстрах», период действия договора с 09.03.2025 по 08.03.2026","683002, Камчатский край, г. Петропавловск-Камчатский, ул.Виталия Кручины, д. 6, кв. 36","consult41.ru","legalkonsalt@inbox.ru","","",""
"434","30.06.2021, 24922/21/5-ВВ","Общество с ограниченной ответственностью профессиональная коллекторская организация «Талион», ООО ПКО «Талион»","ОГРН 1212400014310, ИНН 2465340050","АО «АльфаСтрахование», период действия договора с 17.06.2025 по 16.06.2026","660001,  Красноярский край,  г.о. город Красноярск,  г. Красноярск,  ул. Ладо Кецховели,  д. 22 А, помещ. 392","talion.expert","talion.expert@mail.ru","","","3"
"435","29.06.2021,  64922/21/40584-ИР","Общество с ограниченной ответственностью профессиональная коллекторская организация «К2», ООО ПКО «К2»","ОГРН 1216400002103, ИНН 6449099613","АО «АльфаСтрахование», период действия договора с 07.06.2025 по 06.06.2026","413100,  Саратовская область,  г. Энгельс,  ул. Льва Кассиля, д.47, офис 209","к2.com","Eduard.Gal85@yandex.ru","","","1"
"436","02.07.2021,  23922/21/112522-ДТ","Общество с ограниченной ответственностью Профессиональная коллекторская организация Межрегиональный центр взыскания «ВИН», ООО ПКО МЦ «ВИН»","ОГРН 1192375037909, ИНН 2310214574","АО «Абсолют Страхование», период действия договора с 31.03.2026 по 30.03.2027","350002,  Краснодарский край,  г. Краснодар,  ул. Северная,  д. 353, офис 406","мц-вин.рф","info@mcvin.ru","","","1"
"437","19.07.2021, 16922/21/118267-АЗ","Общество с ограниченной ответственностью «Профессиональная коллекторская организация «Киберколлект», ООО «ПКО «Киберколлект»","ОГРН 1161690117852, ИНН 1655364579","СПАО «Ингосстрах», период действия договора c 05.04.2026 по 04.04.2027","420043,  Республика Татарстан, г.о. город Казань, г. Казань, ул. Вишневского, д. 22, помещ. 9","cybercollect.ru","compliance@cybercollect.ru","","","1"
"438","19.07.2021, 77922/21/847314-СЗ","Акционерное общество «Технологии Бизнеса», АО «Технологии Бизнеса»","ОГРН 1217700057200, ИНН 9704047900","АО «АльфаСтрахование», период действия договора с 07.06.2024 по 06.06.2025","119121, г. Москва, вн. тер. г .муниципальный округ Хамовники, пер. 2-й Вражский, д. 1, корп. 1, помещ. 1/1","ao-tb.ru","info@ao-tb.ru","","04.12.2024, 77922/24/1134080-НК",""
"439","27.07.2021, 21907/21/25913-ДБ","Общество с ограниченной ответственностью Профессиональная коллекторская организация «Юридическая Компания «НЕВИС», ООО ПКО «ЮК «НЕВИС»","ОГРН 1212100003554,  ИНН 2130225249","ООО «Абсолют Страхование», период действия договора с 23.06.2025 по 22.06.2026","115407,  г. Москва,  вн.тер.г. муниципальный округ Нагатинский затон, ул. Судостроительная,  д. 51, помещ. 1П,","uknevis.ru","mail@uknevis.ru","","","3"
"440","28.07.2021,  54922/21/135426-ЭБ","Общество с ограниченной ответственностью «ИнтИнвест», ООО «ИнтИнвест»","ОГРН 1215400000254, ИНН 5407980426","ООО СК «Уралсиб Страхование», период действия договора с 03.03.2023 по 02.03.2024","630007, Новосибирская область, г.о. город Новосибирск, г. Новосибирск,  ул. Фабричная, д. 4, офис 412","intcollect.ru","info@intcollect.ru","","24.08.2023, 54922/23/76183-СН",""
"441","29.07.2021, 76907/21/22706-АА","Общество с ограниченной ответственностью Профессиональная коллекторская организация «Конструктив», ООО ПКО «Конструктив»","ОГРН 1177627017215, ИНН 7604326142","АО «АльфаСтрахование», период действия договора с 14.04.2026 по 13.04.2027","150000,  Ярославская область, г.о. город Ярославль, г. Ярославль,  Московский пр-т,  д. 119, корп. 2, помещ. 5","konstruktiv76.ru","info@konstruktiv76.ru","","","1"
"442","11.08.2021, 77922/21/859221-СЗ","ООО «Профессиональная коллекторская организация «Финансовое урегулирование»,  ООО «ПКО «Финур»","ОГРН 1217700164021, ИНН 9703031707","ООО «Абсолют Страхование», период действия договора с 01.07.2025 по 30.06.2026","129128, г. Москва, вн.тер.г. муниципальный округ Ростокино, ул. Малахитовая, влд. 27, стр. 1","pkofinur.ru","pkofinur@yandex.ru","","","1"
"443","11.08.2021, 77922/21/859223-СЗ","Общество с ограниченной ответственностью Профессиональная коллекторская организация ""Агентство кредитных решений»,  ООО ПКО «АКР»","ОГРН 1217700089386, ИНН 9702030161","САО «ВСК», период действия договора с 31.05.2026 по 30.05.2027","129090,  г. Москва, вн.тер.г. муниципальный округ Мещанский, пер. Ботанический,  д. 5, этаж 5,  помещ. XV/ком. 17К","csa.com.ru","AKR_COLL@MAIL.RU","","","1"
"444","25.08.2021, 54922/21/142766-ФП","Общество с ограниченной ответственностью Профессиональная коллекторская организация «Сибирское коллекторское агентство», ООО ПКО «СКА»","ОГРН 1121901001958, ИНН 1901107255","СПАО «Ингосстрах», период действия договора с 08.07.2026 по 07.07.2027","630049, Новосибирская область, г.о. город Новосибирск, г. Новосибирск, ул. Кропоткина, д.92/3","Sib-collector.ru","info@sib-collector.ru","","",""
"445","27.08.2021, 59922/21/70726-СН","Общество с ограниченной ответственностью Профессиональная коллекторская организация «Новый Взгляд», ООО «ПКО «Новый Взгляд»","ОГРН 1185958061585, ИНН 5903139443","СПАО ""Ингосстрах"" период действия договора с 22.06.2025 по 21.06.2026","614067, г. Пермь,  ул. Машинистов,  д. 49/9, офис 214","новыйвзгляд59.рф","ooo.novyivzglyad@yandex.ru","","","1"
"446","08.09.2021, 66922/21/92139-АС","Общество с ограниченной ответственностью «Профессиональная коллекторская организация «Хитен», ООО «Профессиональная коллекторская организация «Хитен»","ОГРН 1176658093963, ИНН 6685140617","СПАО «Ингосстрах» период действия договора с 26.05.2026 по 25.05.2027","620026, Свердловская область, г.о. город Екатеринбург, г. Екатеринбург, ул. Черкасская, ст. 10, офис 302","khuiten.com","kahiten@mail.ru","","","1"
"447","17.09.2021, 40907/21/33269-ИЗ","Общество с ограниченной ответственностью Профессиональная коллекторская организация «Гарант40», ООО ПКО «Гарант40»","ОГРН 1204000001809,  ИНН 4029062021","АО «АльфаСтрахование», период действия договора с 25.06.2023 по 24.06.2024","248032,  Калужская область,  г. Калуга,  ул. 5 линия, д. 1,  этаж 0, офис 3","garant-kaluga.ru","kaluga.garant@yandex.ru","","24.06.2024, 40907/24/19862-БЭ",""
"448","20.09.2021, 32907/21/24657-ЕБ","Общество с  ограниченной  ответственностью Профессиональная коллекторская организация «Эксперт Центр», ООО ПКО «Эксперт Центр»","ОГРН 1127536003187, ИНН 7536126992","СПАО «Ингосстрах», период действия договора с 01.06.2025 по 31.05.2026","630049, Новосибирская область, г.о. город Новосибирск, г. Новосибирск, ул. Кропоткина, д.92/3","ka-expert.online","info@ka-expert.online","","","3"
"449","23.09.2021, 77922/21/375148-СЗ","Общество с ограниченной ответственностью Профессиональная коллекторская организация «Вива Коллект», ООО ПКО «Вива Коллект»","ОГРН 1217700225148, ИНН 7727465322","ООО «Абсолют Страхование», период действия договора с 31.07.2025 по 30.07.2026","117218, г. Москва, вн.тер.г. муниципальный округ Котловка, ул. Кржижановского, д. 29, корп. 2, эт. 2, помещ. VIII, ком. 13","vivacollect.ru","vivacollect@yandex.ru","","","1"
"450","28.09.2021, 16922/21/139041-АЗ","Общество с ограниченной ответственностью «Профессиональная коллекторская организация КРЕПОСТЬ»,  ООО ПКО «КРЕПОСТЬ»","ОГРН 1211600044072, ИНН 1655459196","ПАО СК «Росгосстрах», период действия договора с 13.07.2025 по 12.07.2026","358000, Республика Калмыкия, г.о. город Элиста, г. Элиста, ул. В.И. Ленина, д. 240, офис 3021","KREPOST-KA.RU","inf@krepost-ka.ru","","09.09.2025, 08907/25/16620-БМ",""
"451","30.09.2021, 78922/21/104644-АЛ","Общество с ограниченной ответственностью «Коллекторское агенство «Медиатор», ООО «КА «Медиатор»","ОГРН 1217800010768, ИНН 7839135883","АО «Абсолют Страхование», период действия договора с 19.04.2022 по 18.04.2023","192102, г. Санкт- Петербург,  вн. тер. г. Муниципальный округ Волковское, ул. Бухарестская, д.8, лит. А, офис 467, помещ. 1-Н","mediator-ka.ru","femida-2021@yandex.ru","","30.12.2022, 78922/22/367549-АЛ",""
"452","07.10.2021, 78922/21/106167-АЛ","Общество с ограниченной ответственностью «Профессиональная коллекторская организация «Медиация» , ООО «ПКО «Медиация»","ОГРН 1127847380990, ИНН 7841467565","ООО «Абсолют Страхование», срок действия договора с 04.08.2025 по 03.08.2026","191123 г. Санкт-Петербург,  ул. Захарьевская, д. 15, литер А, помещ. 7Н,","mediaciaspb.ru","alians10.2012@mail.ru","","","1"
"453","11.10.2021, 56922/21/45731-РШ","«Профессиональная коллекторская организация общество с ограниченной ответственностью «Центр корпоративной безопасности», ПКО ООО « ЦКБ»","ОГРН 1165658081270, ИНН 5609184233","АО «АльфаСтрахование», период действия договора с 24.08.2025 по 23.08.2026","460048, Оренбургская область, г. Оренбург,  пр-д Автоматики, д. 10/3, оф. 2","цкб56.рф","ckb-orenburg@mail.ru","","","1"
"454","12.10.2021, 76907/21/31565-РР","Общество с ограниченной ответственностью «Профессиональная коллекторская организация «Орбита», ООО «ПКО «Орбита»","ОГРН 1197627004860, ИНН 7603071727","АО «Совкомбанк страхование», период действия договора с 15.06.2026 по 14.06.2027","150062, Ярославская область, г.о. Ярославль, г. Ярославль, ул. Космонавтов,  д. 11, помещ. ко.2.5","pkoorbita.ru","info@pkoorbita.ru","","","1"
"455","13.10.2021, 54922/21/153478-ЭБ","Общество с ограниченной ответственностью «Профессиональная коллекторская организация «ТАНТАЛ», ООО «ПКО «ТАНТАЛ»","ОГРН 1195476051253, ИНН 5401994091","СПАО «Ингосстрах», период действия договора с 20.08.2025 по 19.08.2026","630089,  г. Новосибирск,  ул. Бориса Богаткова, д. 248а, офис 10","pko-tantal.ru","ka.tantal@yandex.ru","","","1"
"456","13.10.2021, 54922/21/153659-ЭБ","Общество с ограниченной ответственностью Профессиональная коллекторская организация «Агентство финансовых решений»,  ООО ПКО «Агентство финансовых решений»","ОГРН 1175476034150, ИНН 5406973190","СПАО «Ингосстрах», период действия договора  с 17.09.2025 по 16.09.2026","630102,  Новосибирская область, г.о. город Новосибирск, г. Новосибирск,  ул. Бориса Богаткова, д. 22","KA-AFR.RU","info@ka-afr.ru","","","1"
"457","18.10.2021, 77922/21/388805-СЗ","Общество с ограниченной ответственностью «Инфорс-Право»,  ООО «Инфорс-Право»","ОГРН 1217700289377, ИНН 9723118667","АО «МАКС», период действия договора с 06.09.2021 по 05.09.2022","109341,  г. Москва, Муниципальный округ Марьино вн. тер.,  ул. Люблинская,  д. 151, этаж 2, помещ. 201","enfpv.ru","","","08.09.2022, 77922/22/8631719-ВК",""
"458","26.10.2021, 61922/21/102396-ЕК","Акционерное общество «Профессиональная коллекторская организация ЮРИДИЧЕСКАЯ СЛУЖБА ВЗЫСКАНИЯ», АО «ПКО ЮСВ»","ОГРН 1266100008900, ИНН 6162093144","СК «Росгосстрах», период действия договора с 06.08.2025 по 05.08.2026","344101, Ростовская область,  г. Ростов-на-Дону,  ул. Ленинградская, зд. 7, помещ. 25","usv-ka.ru","inf@usv-ka.ru","","","1"
"459","27.10.2021, 77922/21/398675-СЗ","Общество с ограниченной ответственностью Коллекторское агентство «АЭК»,  ООО КА «АЭК»","ОГРН 1107746998369, ИНН 7728757215","СПАО «Ингосстрах», период действия договора с 01.09.2023 по 31.08.2024","123290,  г. Москва,  вн. тер. г. муниципальный округ Хорошевский, туп. 1-й Магистральный, д. 11, стр. 10, помещ. 1, ком. 2","kaaek.ru","info@kaaek.ru","","23.07.2024, 77922/24/390092-НК",""
"460","28.10.2021, 31907/21/54057-ДК","Общество с ограниченной ответственностью «Профессиональная коллекторская организация СИНГЛ», ООО «ПКО СИНГЛ»","ОГРН 1213100008659, ИНН 3128149962","ПАО СК «Росгосстрах», период действия договора с 13.07.2024 по 12.07.2025","309518,  Белгородская область, г.о.Старооскольский, г.Старый Оскол, ул. Ватутина, д.1, офис 915","singl-ka.ru","","","02.06.2025. 31907/25/25528-ДК",""
"461","02.11.2021, 66922/21/117181-АС","Общество с ограниченной ответственностью «Профессиональная коллекторская организация ДолгЛимит», ООО «ПКО ДолгЛимит»","ОГРН 1216600029997, ИНН 6685187140","ПАО СК «Росгосстрах», период действия договора  с 04.06.2026 по 03.06.2027","620102, Свердловская область, г.о. город Екатеринбург, г. Екатеринбург, ул. Ясная,  д. 22-Б, эт. 2, помещ. 7","DOLG-LIMIT.ru","inf@dolg-limit.ru","","10.06.2026, 66922/26/142969-АС",""
"462","24.11.2021, 21907/21/37764-ДБ","Общество с ограниченной ответственностью Профессиональная коллекторская организация «Современные коллекторские решения», ООО ПКО «СКР»","ОГРН 1212100003147, ИНН 2124048263","ООО «Абсолют Страхование», период действия договора с 29.04.2025 по 28.04.2026","428000, Чувашская Республика — Чувашия, г.о. город Чебоксары, г. Чебоксары, ул. Текстильщиков, зд. 38 офис 304","skr21.ru","skr21@list.ru","","","1"
"463","25.11.2021, 66922/21/110474-АС","Общество с ограниченной ответственностью Профессиональная коллекторская организация «Авангард», ООО ПКО «Авангард»","ОГРН 1196658052414, ИНН 6685165403","АО «АльфаСтрахование», период действия договора с 20.09.2025 по 19.09.2026","620014, Свердловская область, г.о. город Екатеринбург, г. Екатеринбург, пр-т. Ленина, д. 24/8, офис 541","AVANGARD66.PRO","info@avangard66.pro","","","3"
"464","06.12.2021, 64922/21/69476-ИР","Общество с ограниченной ответственностью профессиональная коллекторская организация «Межрегиональный Долговой Центр», ООО ПКО «МДЦ»","ОГРН 1216400013983, ИНН 6450113735","АО «Зетта Страхование»,  период действия договора с 15.11.2025 по 14.11.2026","410031,  Саратовская область,  г. Саратов,  ул. Комсомольская,  д. 52","Llc-idc.ru","LLC.IDC@yandex.ru","","","1"
"465","08.12.2021, 61922/21/116674-ЕК","Общество с ограниченной ответственностью «ПРОФЕССИОНАЛЬНАЯ КОЛЛЕКТОРСКАЯ ОРГАНИЗАЦИЯ ЦЕНТР ПРАВОВОГО СОДЕЙСТВИЯ» ООО « ПКО ЦПС»","ОГРН 1156196073549, ИНН 6102064540","ООО «Абсолют Страхование», период действия договора с 30.08.2025 по 29.08.2026","344022, Ростовская область, г.о. Ростов-на-Дону, г. Ростов-на-Дону, ул. Социалистическая, зд. 74, помещ. 1111","cps-pko.ru","cps@dasmail.ru","","","1"
"466","15.12.2021, 34922/21/129009-ГК","Общество с ограниченной ответственностью «ПРОФЕССИОНАЛЬНАЯ КОЛЛЕКТОРСКАЯ ОРГАНИЗАЦИЯ «АРРИАРС», ООО «ПКО «АРРИАРС»","ОГРН 1213400010042, ИНН 3443147600","ООО «Абсолют Страхование», период действия договора с 09.04.2026 по 08.04.2027","400075,  Волгоградская область, г.о. Город-Герой Волгоград, г. Волгоград, ул. Историческая д. 181, офис. 3.5","arriars.ru","oooarriars@yandex.ru","","","1"
"467","20.12.2021, 21907/21/40478-ДБ","Общество с ограниченной ответственностью Профессиональная коллекторская организация «Волга», ООО ПКО «Волга»","ОГРН 1212100007679, ИНН 2130228345","ООО «Абсолют Страхование», период действия договора с 25.11.2025 по 24.11.2026","428000, Чувашская Республика — Чувашия, г.о. город Чебоксары г. Чебоксары, ул. Текстильщиков, зд. 8, офис 216","collectvolga.ru","collectvolga@mail.ru","","","1"
"468","23.12.2021, 46907/21/49960-ЕШ","Общество с ограниченной ответственностью « Профессиональная коллекторская организация Лира», ООО ПКО «Лира»","ОГРН 1214600006334, ИНН 4632281610","ПАО СК «Росгосстрах», период действия договора с 18.06.2025 по 17.06.2026","305004, Курская область, г.о. город Курск, г. Курск, ул. Садовая, д. 10А, этаж 2, помещ. 26","lira-ka.ru","inf@lira-ka.ru","","30.01.2026, 46907/26/7066-ПЛ",""
"469","28.12.2021, 77922/21/443214-СЗ","Общество с ограниченной ответственностью Профессиональная коллекторская организация «КА Финур», ООО ПКО «КА Финур»","ОГРН 1217700226061, ИНН 7716956819","АО «АльфаСтрахование», период действия договора с 10.08.2025 по 09.08.2026","129329,  г. Москва, вн.тер.г.муниципальный округ Свиблово, ул. Вересковая, д. 10, этаж/помещ. 1/I, ком. 10","kafinur.ru","info@kafinur.ru","","","1"
"470","17.01.2022, 52922/22/1051-ГЛ","Общество с ограниченной ответственностью профессиональная коллекторская организация «СПВ», ООО ПКО «СПВ»","ОГРН 1215200027184, ИНН 5260478969","СПАО ""Ингосстрах"", период действия договора с 01.10.2025 по 30.09.2026","603000, Нижегородская область, г. Нижний Новгород, ул. Пискунова, д. 29, помещ. П. 42","spv-c.ru","info@spv-c.ru","","","1"
"471","17.01.2022, 77922/22/5258-СЗ","Общество с ограниченной ответственностью «Профессиональная коллекторская организация «Модус Вивенди», ООО «ПКО «Модус Вивенди»","ОГРН 1217700401940, ИНН 9703045548","АО «АльфаСтрахование», период действия договора с 27.12.2025 по 26.12.2026","123112,  г. Москва, вн.тер.г.муниципальный округ Пресненский,  наб. Пресненская,  д. 12, помещ. 1/4","modus-vivendi.ru","Info@modus-vivendi.ru","","","1"
"472","01.02.2022, 65907/22/1835-АК","Общество с ограниченной ответственностью профессиональная коллекторская организация «О-КАНЭ»,  ООО ПКО «О-КАНЭ»","ОГРН 1216500002498, ИНН 6501314383","ООО «Абсолют Страхование», период действия договора с 10.08.2025 по 09.08.2026","295023, Республика Крым, г.о. Симферополь, г. Симферополь, ул. Бориса Хохлова, д.90/92","okane65.ru","302559@list.ru","","","1"
"473","02.02.2022, 23922/22/13687-ВР","Общество с ограниченной ответственностью Профессиональная коллекторская организация «Аврора», ООО ПКО «Аврора»","ОГРН 1192375070304, ИНН 2312287049","СПАО «Ингосстрах», период действия договора с 24.12.2025 по 23.12.2026","350010, Краснодарский край, г.о. город Краснодар, г. Краснодар, ул. им. Ленина, д. 27, кв.5","auroralex.net","auroralex@bk.ru","","","1"
"474","10.02.2022, 61922/22/13685-ЕК","Общество с ограниченной ответственностью профессиональная коллекторская организация «ТОРОС», ООО ПКО «ТОРОС»","ОГРН 1216100031124, ИНН 6161095357","СПАО «Ингосстрах», период действия договора с 14.01.2024 по 13.01.2025","443086, Самарская область, г.о. Самара, вн. р-н Октябрьский, г. Самара, ул. Ерошевского, д. 3, офис 1А","toros163.ru","mail@toros163.ru","","04.06.2024, №63922/24/260110-ЗМ",""
"475","14.02.2022, 37907/22/4743-НТ","Общество с ограниченной ответственностью «Профессиональная коллекторская организация «Финансовая Служба Контроля Платежей», ООО ПКО «ФСКП»","ОГРН 1213700006068, ИНН 3702258398","АО «АльфаСтрахование», период действия договора с 14.08.2025 по 13.08.2026","153003, Ивановская область, г. Иваново, ул. Наговицыной-Икрянистовой, д. 6, офис 60","fskp-dolg.ru","fskp-dolg@mail.ru","","","1"
"476","15.02.2022, 29922/22/5531-ИЮ","Общество с ограниченной ответственностью Профессиональная коллекторская организация «БЮРО ПРОБЛЕМНЫХ АКТИВОВ», ООО ПКО «БПА»","ОГРН 1212900003238, ИНН 2901305805","АО «Боровицкое страховое общество», период действия договора с 01.11.2025 по 31.10.2026","163000,  Архангельская область, г. о. г. Архангельск, г Архангельск, ул. Воскресенская, д. 8","бюропроблемныхактивов.рф","bpa-arh@ya.ru","","","1"
"477","15.02.2022, 76907/22/4024-РР","Общество с ограниченной ответственностью Профессиональная коллекторская организация «Максимум», ООО ПКО «Максимум»","ОГРН 1217600018305, ИНН 7606125346","АО «АльфаСтрахование», период действия договора с 28.12.2025 по 27.12.2026","150064, Ярославская область, г. Ярославль, г.о. Ярославль, г. Ярославль ул. Панина, д. 12В, офис 7","maximum-ka.ru","info@maximum-ka.ru","","","1"
"478","16.03.2022, 50922/22/53814-НК","Общество с ограниченной ответственностью профессиональная коллекторская организация «Межрегиональный центр финансовой безопасности», ООО ПКО «МЦФБ»","ОГРН 1215000075091, ИНН 5074070442","ООО «Абсолют Страхование», период действия договора  с 04.08.2025 по 03.08.2026","143005, Московская область, г. о. Одинцовский, г. Одинцово, ул. Маршала Бирюзова, д. 13, помещ. 68К","мцфб24.рф","mcenterfb@gmail.com","","","1"
"479","21.03.2022, 23922/22/35875-ДТ","Общество с ограниченной ответственностью Профессиональная коллекторская организация «ГАЛ», ООО ПКО «ГАЛ»","ОГРН 1212300048476, ИНН 2311322999","АО «Зетта Страхование», период действия договора с 25.12.2024 по 24.12.2025","350022, Краснодарский край, г.о. город Краснодар, г. Краснодар, ул. Коммунаров, д. 237/1, помещ. 4","galfin.ru","info@galfin.ru","","31.07.2025, №23922/25/121653-ОД",""
"480","23.03.2022, 76907/22/7312-АА","Общество с ограниченной ответственностью Профессиональная коллекторская организация «Бикэш», ООО ПКО «Бикэш»","ОГРН 1217600021836, ИНН 7604381915","АО «Абсолют страхование», период действия договора с 16.02.2026 по 15.02.2027","443080, Самарская область, г. Самара, ул. Революционная, д. 70, литера 1, ком. 407","be-cash.ru","becash.collection@gmail.com","","","4"
"481","29.03.2022, 24922/22/5-ВВ","Общество с ограниченной ответственностью «Честное коллекторское агентство», ООО «ЧеКА»","ОГРН 1212400007566, ИНН 2463123589","СПАО «Ингосстрах», период действия договора с 17.05.2021 по 16.05.2022","660062, Красноярский край, г. Красноярск, ул. Высотная, д. 2, стр. 4, помещ. 4, офис 212","faircollect.ru","info@faircollect.ru","","26.09.2022, 24922/22/7-ВВ",""
"482","05.04.2022, 33907/22/13541-АТ","Общество с ограниченной ответственностью «Владимирский региональный юридический центр», ООО «ВРЮЦ»","ОГРН 1083328003967, ИНН 3328459231","АО «Абсолют Страхование», период действия договора с 01.07.2025 по 30.06.2026","600017,  Владимирская область, г. Владимир, ул. Мира, д. 22, помещ. 26, этаж 1","врюц.рф","services@врюц.рф","","","1"
"483","13.04.2022, 66922/22/16950-АС","Общество с ограниченной ответственностью Профессиональная коллекторская организация «Эдикт», ООО «ПКО «Эдикт»","ОГРН 1206600043605, ИНН 6658536641","АО «Абсолют Страхование», период действия договора с 28.02.2026 по 27.02.2027","620034, Свердловская область, г. о. город Екатеринбург, г. Екатеринбург,  ул. Колмогорова, стр. 3, офис 610","ка-эдикт.рф","2436612@mail.ru","","","1"
"484","20.04.2022, 77922/22/338708-СЗ","Общество с ограниченной ответственностью «Профессиональная коллекторская организация «Маршал», ООО «ПКО «Маршал»","ОГРН 1217700626483, ИНН 7734449219","ООО «Абсолют Страхование», период действия договора с 07.02.2026 по 06.02.2027","123423, г. Москва, вн.тер.г. муниципальный округ Хорошево- Мневники, ул. Народного Ополчения, д. 34, стр. 1, помещ. 1/1","kbmarshal.ru","info@kbmarshal.ru","","","1"
"485","21.04.2022, 66922/22/19379-АС","Общество с ограниченной ответственностью «Профессиональная коллекторская организация «Бизнес перспектива», ООО «ПКО «Бизнес перспектива»","ОГРН 1216600070785, ИНН 6670505449","СПАО «Ингосстрах», период действия договора с 16.03.2026 по 15.03.2027","620000, Свердловская область, г. о. город Екатеринбург, г. Екатеринбург, ул. Мамина-Сибиряка, д. 104, помещ. 1-8","bpcollection.ru","info@bpcollection.ru","","","1"
"486","28.04.2022, 71907/22/65206-ЭК","Общество с ограниченной ответственностью Профессиональная коллекторская организация «ТОР», ООО ПКО «ТОР»","ОГРН 1207100012096, ИНН 7104085442","АО «АльфаСтрахование», период действия договора с 14.03.2025 по 13.03.2028","300025, Тульская область, г. Тула, пр-т Ленина, д. 102, корп. 4, офис 410","torrf.ru","info@torrf.ru","","","1"
"487","28.04.2022, 31907/22/16543-ДК","Общество с ограниченной ответственностью «Финансовые системы», ООО «Финансовые системы»","ОГРН 1213100005359, ИНН 3123478956","ООО «Абсолют Страхование», период действия договора с 17.05.2026 по 16.05.2027","308009, Белгородская область, г. Белгород, ул. Шаландина, д.4, корп.3, стр. 2","finsistem.ru","","","","1"
"488","17.05.2022, 77922/22/695170-СЗ","Общество с ограниченной ответственностью Профессиональная коллекторская организация «БазисИнвест», ООО ПКО «БазисИнвест»","ОГРН 1207700016391, ИНН 7726461766","АО «Альфа Страхование», период действия договора с 25.03.2026 по 24.03.2027","117105, г.Москва, вн.тер.г. муниципальный округ Донской, ш. Варшавское, д. 1А, ком. 50, оф. А3М","bazisinvest.com","invest-bazis@mail.ru","","","1"
"489","17.05.2022, 77922/22/695175-СЗ","Общество с ограниченной ответственностью Профессиональная Коллекторская Организация «Центр урегулирования задолженностей», ООО ПКО «ЦУЗ»","ОГРН 1127746132832, ИНН 7713743435","АО «Альфа Страхование», период действия договора с 15.11.2025 по 14.11.2026","125284, г. Москва, вн.тер.г. муниципальный округ Беговой пр-кт Ленинградский, д. 31, стр. 3","tsyz.ru","info@tsyz.ru","","","1"
"490","17.05.2022, 77922/22/695177-СЗ","Общество с ограниченной ответственностью Служба экономической безопасности «Альянс», ООО СЭБ «Альянс»","ОГРН 1227700010086, ИНН 9725071502","АО «Альфа Страхование», период действия договора с 05.04.2024 по 04.04.2025","115280, г. Москва, вн.тер.г. муниципальный округ Даниловский, ул. Ленинская Слобода, д. 19, стр. 1, этаж 3, помещ. 57, оф. 309","seb-alliance.ru","89251292790@mail.ru","","","1"
"491","08.06.2022, 18922/22/25005-ИН","Общество с ограниченной ответственностью «Профессиональная коллекторская организация Залог-финанс», ООО «ПКО Залог-финанс»","ОГРН 1159102121331, ИНН 9102196550","ПАО СК «Росгосстрах», период действия договора с 25.08.2025 по 24.08.2026","426009, Удмуртская Республика, г.о. город Ижевск, г. Ижевск, ул. Ухтомского, д. 24, этаж 1,офис 29","zalogfin.ru","info@zalogfin.ru","15.05.2026, 18922/26/24243-МП","",""
"492","09.06.2022, 74910/22/38250-ЮТ","Общество с ограниченной ответственностью Профессиональная Коллекторская организация «Компания Урал Дебт», ООО ПКО «Компания Урал Дебт»","ОГРН 1177456034623, ИНН 7430028307","ООО «Абсолют Страхование», период действия договора с 21.02.2026 по 20.02.2027","456610, Челябинская область, г.о. Копейский, г. Копейск, ул. Калинина, д.15Б, помещ. 5","ural-debt.ru","ural-debt@yandex.ru","","","1"
"493","15.06.2022, 77922/22/734492-СЗ","Общество с ограниченной ответственностью «Профессиональная коллекторская организация Альянс»,  ООО «ПКО Альянс»","ОГРН 1217700266211, ИНН 7726478287","ООО «Абсолют Страхование», период действия договора с 01.04.2026 по 31.03.2027","115191, г. Москва, вн.тер.г. муниципальный округ Донской, пер. Духовской, д. 17, стр. 15, этаж 2, комн. 11, оф. 132","vzyskanie-alyans.ru","vzyskanie_msk@mail.ru","","","1"
"494","04.07.2022, 66922/22/129558-АС","Общество с ограниченной ответственностью Профессиональная коллекторская организация «Кредит Клаб.Консалт», ООО ПКО «КК.Консалт»","ОГРН 1176658123223, ИНН 6678089423","АО «Совкомбанк страхование», период действия договора с 15.03.2026 по 14.03.2027","620000, Свердловская область, г. Екатеринбург, ул. Малышева, стр. 51, оф. 26/14","KK-KONSALT.RU","consalt@credit.club","","","1"
"495","08.07.2022, 05907/22/14426-АА","Общество с ограниченной ответственностью Профессиональная коллекторская организация «Агентство Солидарного Взыскания-Регион», ООО ПКО «АСВ-Регион»","ОГРН 1200500000084, ИНН 0573013480","ООО «Абсолют Страхование», период действия договора с 10.12.2025 по 09.12.2026","367027, Республика Дагестан, г. Махачкала, ул. Магомедтагирова, д.161, оф. 303","asv-region.ru","kadiev.1983@list.ru","","","1"
"496","12.07.2022, 77922/22/7702262-СЗ","Общество с ограниченной ответственностью «Профессиональная коллекторская организация «Центурион», ООО ПКО «Центурион»","ОГРН 1227700215467, ИНН 9709079818","ООО «Абсолют Страхование», период действия договора с 15.05.2024 по 14.05.2025","410012,  Саратовская обл,  г.о. Саратов,  г. Саратов,  ул. Рабочая,  3Д, 145А","centuryon.ru","info@centuryon.ru","","","1"
"497","12.07.2022, 42922/22/42907-ДТ","Общество с ограниченной ответственностью Профессиональная коллекторская организация  «ЭкоФинансы», ООО ПКО «ЭкоФинансы»","ОГРН 1224200005886, ИНН 4205405157","ООО «Абсолют Страхование», период действия договора С 16.05.2025 по 15.05.2026","650004, Кемеровская область — Кузбасс, г.о. Кемеровский, г. Кемерово, ул. Соборная, д. 12, помещ. 1","24ecofinance.ru","smart_finance@inbox.ru","","","1"
"498","15.07.2022, 58918/22/20292-НИ","Общество с ограниченной ответственностью «Профессиональная коллекторская организация «Апгрейд-Финанс», ООО « ПКО «Апгрейд-Финанс»","ОГРН 1225800003681, ИНН 5837082086","АО «Совкомбанк страхование», период действия договора с 01.06.2025 по 31.05.2026","302040, Орловская область, г.о. город Орел, г. Орел, ул. Максима Горького, д. 63а, кв. 61","апгрейдфинанс.рф","info@upfi.ru","","","1"
"499","18.08.2022, 02922/22/76395-ИМ","Общество с ограниченной ответственностью Профессиональная коллекторская организация «Современная коллекторская компания», ООО ПКО «СКК»","ОГРН 1220200002440, ИНН 0274970586","ООО «Зетта Страхование», период действия договора с 14.03.2026 по 13.03.2027","450047, Республика Башкортостан, г.о. город Уфа, г. Уфа, ул. Бакалинская, д. 19, офис 27","ooo-skk.ru","scc2022@yandex.ru","","","1"
"500","18.08.2022, 78922/22/72297-АП","Общество с ограниченной ответственностью «профессиональная коллекторская организация «Гамма», ООО «ПКО «Гамма»","ОГРН 1227800040742, ИНН 7810944190","ООО «Абсолют Страхование», срок действия договора с 01.05.2026 по 30.04.2027","191119, г. Санкт-Петербург, вн.тер.г. муниципальный округ Владимирский округ, ул. Тюшина, д. 8, литера А, помещ. 2-Н, помещ. 1-1","pkogamma.ru","ka_gamma@mail.ru","","","1"
"501","31.08.2022, 58918/22/25893-АК","Общество с ограниченной ответственностью Профессиональная коллекторская организация «ЭС Консалт Менеджмент», ООО ПКО «ЭС КМ»","ОГРН 1215800010018, ИНН 5837081420","ПАО СК «Росгосстрах», период действия договора с 17.03.2026 до 16.03.2027","440068, Пензенская область, г.о. город Пенза, г. Пенза, ул. Перспективная, стр. 7, помещ. 2","skonsalt.ru","skonsalt-info@yandex.ru","","","1"
"502","31.08.2022, 23922/22/113019-ДТ","Общество с ограниченной ответственностью Профессиональная коллекторская организация «Служба защиты активов», ООО ПКО «СЗА»","ОГРН 1162375059758, ИНН 2310197022","ООО ""Абсолют Страхование», период действия договора с 28.07.2025 по 27.07.2026","350000, Краснодарский край, г.о. город Краснодар, г. Краснодар, ул. Коммунаров, д.76, офис 365/2","szacollect.ru","info@szacollect.ru","","","1"
"503","05.09.2022, 77922/22/8518888-ВК","Общество с ограниченной ответственностью Профессиональная коллекторская организация «Национальное агентство по взысканию задолженности», ООО ПКО «НАВЗ»","ОГРН 1217700334521, ИНН 7751201553","АО «АльфаСтрахование», период действия договора с 30.06.2024 по 29.06.2025","108801, г. Москва, вн.тер.г. поселение Сосенское, п. Коммунарка, ул. Потаповская роща, д. 2, к. 1, этаж/пом подвальный/1-3А","navzgroupp.ru","dolgiagent@yandex.ru","","","1"
"504","06.09.2022, 77922/22/8629814-ВК","Акционерное общество «Профессиональная коллекторская организация «АТАКОР. Антикризисное управление», АО «ПКО «АТАКОР. Антикризисное управление»","ОГРН 1167746695423, ИНН 7743165125","СПАО «Ингосстрах», период действия договора с 01.08.2025 по 31.07.2026","125080, г. Москва, ш. Волоколамское, д. 1, стр. 1 эт/пом/ком 5/VI/30Б, оф. 53","atakor.ru","ivanmotin@yandex.ru","","","1"
"505","09.09.2022, 77922/22/8632851-ВК","Общество с ограниченной ответственностью «Стоун», ООО «Стоун»","ОГРН 1227700431969, ИНН 9727003956","АО «Совкомбанк страхование», период действия договора с 22.08.2026 по 21.08.2027","117624, г. Москва, вн.тер.г. муниципальный округ Южное Бутово, ул. Изюмская, д. 37, к. 2, помещ. XII, ком. 1-2","ca-stone.ru","ooo.stone2022@gmail.com","","","1"
"506","13.09.2022, 21907/22/29691-ДБ","Общество с ограниченной ответственностью Профессиональная коллекторская организация «Тайм Коллекшн», ООО ПКО «Тайм Коллекшн»","ОГРН 1222100005995, ИНН 2130233698","АО «Совкомбанк страхование», период действия договора с 16.08.2025 по 15.08.2026","428034, Чувашская Республика – Чувашия, г.о. город Чебоксары, г. Чебоксары, ул. Университетская, д. 36, помещ. 1","teamcollect.ru","dolgnici@timecollect.ru","","","1"
"507","14.09.2022, 77922/22/8747120-СЗ","Общество с ограниченной ответственностью Профессиональная коллекторская организация «Омега групп», ООО ПКО «Омега групп»","ОГРН 1197746458139, ИНН 9725016460","АО «Совкомбанк страхование», период действия договора с 20.08.2025 по 19.08.2026","105523, г. Москва, Щёлковское шоссе, д. 92, к. 6, кв. 5.","dolgi-omega.ru","dolgi-omega@bk.ru","","","1"
"508","16.09.2022, 77922/22/8748484-СЗ","Общество с ограниченной ответственностью Профессиональная Коллекторская Организация «ПРОМ-ТОРГ», ООО ПКО «ПРОМ-ТОРГ»","ОГРН 1157746696238, ИНН 9715208490","СПАО «Ингосстрах», период действия договора с 16.06.2025 по 15.06.2026","117246, г. Москва, пр-д Научный, д. 17, этаж 14, пом. 34А","prom-torg.info","Oooprom-torg@mail.ru","","","1"
"509","30.09.2022, 63922/22/803777-ЗМ","Общество с ограниченной ответственностью профессиональная коллекторская организация «Юстива», ООО ПКО «Юстива»","ОГРН 1226300000057, ИНН 6316276246","СПАО «Ингосстрах», период действия договора с 07.07.2025 по 06.07.2026","443086, Самарская область, г.о. Самара, вн. р-н Октябрьский, г. Самара, ул. Ерошевского, д. 3, офис 12","ustiva.ru","bitcoin.22@mail.ru","","","4"
"510","06.10.2022, 54922/22/71825-ЭБ","Общество с ограниченной ответственностью Профессиональная коллекторская организация «МАРК», ООО ПКО «МАРК»","ОГРН 1201600019202, ИНН 1656113306","СПАО «Ингосстрах», период действия договора с 23.09.2025 по 22.09.2026","630099, Новосибирская область, г.о. город Новосибирск, г.Новосибирск, ул. Орджоникидзе, д. 47, офис 106","redmark.pro","inform@redmark.pro","","","1"
"511","17.10.2022, 54922/22/74616-ЭБ","Общество с ограниченной ответственностью «Профессиональная коллекторская организация «ЭквИта-Капитал», ООО «ПКО «ЭквИта-Капитал»","ОГРН 1225400025410, ИНН 5405074715","ООО «Зета Страхование», период действия договора с 15.08.2025 по 14.08.2026","121087, г. Москва, вн. тер. г. муниципальный округ Филёвский парк, ул. Барклая, д. 6, стр. 5, помещ. 22И/6","ekvitakapital.ru","ekvita.kapital@mail.ru","","",""
"512","31.10.2022, 66922/22/93331-АС","Общество с ограниченной ответственностью Профессиональная коллекторская организация «Атмосфера», ООО ПКО «Атмосфера»","ОГРН 1226600052293, ИНН 6670510671","АО «Совкомбанк страхование», период действия договора с 08.09.2025 по 07.09.2026","620062, Свердловская область, г. Екатеринбург, ул. Мамина-Сибиряка, стр. 101, оф. 3.04","DOLGI66.RU","info@dolgi66.ru","","","1"
"513","14.11.2022, 77922/22/9480564-СЗ","Общество с ограниченной ответственностью Профессиональная коллекторская организация «ВИЛДОН ИНВЕСТМЕНТ», ООО ПКО «ВИЛДОН ИНВЕСТМЕНТ»","ОГРН 1167746593321, ИНН 7725321396","ПАО СК «Росгосстрах», период действия договора с 03.10.2025 по 02.10.2026","115280, г. Москва, ул. Ленинская Слобода, д. 19, ком. 21У","wildon.ru","info@wildon.ru dk@wildon.ru","","","1"
"514","14.11.2022, 50922/22/245823-НК","Общество с ограниченной ответственностью Профессиональная коллекторская организация «ЯРД», ООО ПКО «ЯРД»","ОГРН 1185053033890, ИНН 5024189682","ООО «Абсолют Страхование», период действия договора с 25.08.2025 по 24.08.2026","143800, Московская область, г.о. Лотошино, рп. Лотошино, ул. Школьная, д. 26, помещ. 1, этаж 1","yard-invest.com","bisnessyard@gmail.com","","","1"
"515","06.12.2022, 77922/22/9621491-СЗ","Общество с ограниченной ответственностью Профессиональная коллекторская организация «ДЕКСТФИН», ООО ПКО «ДЕКСТФИН»","ОГРН 1227700409200, ИНН 9725088961","АО «АльфаСтрахование», период действия договора с 23.11.2024 по 22.11.2025","115280, г. Москва, вн.тер.г. муниципальный округ Даниловский, ул. Ленинская Слобода, д. 19, стр. 1, ком. 31Б","dekstfin.ru","dekstfin@dekstfin.ru","","","1"
"516","06.12.2022, 63922/22/98109-ЗМ","Общество с ограниченной ответственностью Профессиональная коллекторская организация «Агентство юридических и консалтинговых решений», ООО ПКО «Агентство юридических и консалтинговых решений»","ОГРН 1216300028944, ИНН 6316272629","АО «АльфаСтрахование», период действия договора с 18.07.2024 по 17.07.2025","443110, Самарская область, г.о. Самара, вн. р-н Октябрьский, г. Самара, ул. Ново-Садовая, д. 18, ком. 30","aflacs.ru","aflacs63@gmail.com","","","1"
"517","08.12.2022, 76907/22/34252-РР","Общество с ограниченной ответственностью Профессиональная коллекторская организация «Артель сейм», ООО ПКО «Артель сейм»","ОГРН 1217600009725, ИНН 7604376792","АО «Совкомбанк страхование», период действия договора с 01.10.2025 по 30.09.2026","150049, Ярославская область, г.о. город Ярославль, г. Ярославль, пр-д. Мышкинский, д. 10, помещ. 118","ARTELSEIM.RU","info@artelseim.ru","","","1"
"518","13.12.2022, 77922/22/9748134-СЗ","Общество с ограниченной ответственностью «Доверие Лигал Солюшнз», ООО «Доверие Лигал Солюшнз»","ОГРН 1227700611093, ИНН 9728074741","АО «АльфаСтрахование», период действия договора с 01.11.2025 по 31.10.2026","117342, г. Москва, вн.тер.г. муниципальный округ Коньково, ул. Бутлерова, д. 17Б, помещ. 60Ж/11/2, офис 7","dovlegalsolutions.ru","konsaltfin@gmail.com","","","1"
"519","16.12.2022, 77922/22/9752557-СЗ","Общество с ограниченной ответственностью Профессиональная коллекторская организация «Саммит», ООО ПКО «Саммит»","ОГРН 1227700543256, ИНН 9706025860","СПАО «Ингосстрах», период действия договора с 01.11.2025 по 31.10.2026","119180, г. Москва, вн.тер.г. муниципальный округ Якиманка, пер. Старомонетный, д. 14, стр. 2, помещ. 5-6","pkosummit.ru","info@kasummit.ru","","","1"
"520","28.12.2022, 77922/22/9957434-СЗ","Общество с ограниченной ответственностью «Профессиональная коллекторская организация «Центр долга», ООО ПКО «Центр долга»","ОГРН 5187746032832, ИНН 9731021073","ООО «Абсолют Страхование», период действия договора с 21.11.2024 по 20.11.2025","107023, г. Москва, вн.тер.г. муниципальный округ Соколиная Гора, пер. Семёновский, д. 19, этаж 1, офис 5","centrdolga.ru","info@centrdolga.ru","","","3"
"521","03.02.2023, 52922/23/7183-АЛ","Общество с ограниченной ответственностью Профессиональная коллекторская организация «ТИМ ФИНАНСНН», ООО ПКО «ТИМ ФИНАНСНН»","ОГРН 1225200042165, ИНН 5262389030","ООО «Абсолют Страхование», период действия договора с 27.12.2025 по 26.12.2026","603081, Нижегородская область, г. Нижний Новгород, ул. Нартова, д. 29, кв. 16","team-fin.ru","info@team-fin.ru","","","1"
"522","10.02.2023, 61922/23/14220-ЕК","Общество с ограниченной ответственностью «Профессиональная коллекторская организация СОЛ», ООО «ПКО СОЛ»","ОГРН 1226100025029, ИНН 6164139228","ПАО СК «Росгосстрах», период действия договора с 18.11.2025 по 17.11.2026","344082, Ростовская область, г.о. Ростов-на-Дону, г. Ростов-на-Дону, Пер. Халтуринский, д. 4, оф. 25","ka-sol.ru","inf@ka-sol.ru","","","3"
"523","21.02.2023, 699007/23/5628-НС;","Общество с ограниченной ответственностью «Коллекторское агентство «Шамиль и партнеры», ООО «КА «ШИП»","ОГРН 1216900005805, ИНН 6908019416","ООО «Абсолют Страхование», период действия договора с 30.06.2025 по 29.06.2026","170100, Тверская область, г.Тверь, ул. Андрея Дементьева, д. 3, офис 801","ka-ship.ru","shamil.collector@gmail.com","","","1"
"524","06.03.2023, 77922/23/397591-НК","Общество с ограниченной ответственностью «Профессиональная коллекторская организация «Адмирал», ООО «ПКО «Адмирал»","ОГРН 1227700353803, ИНН 7734455653","ООО «Абсолют Страхование», период действия договора с 13.02.2026 по 12.02.2027","123290, г. Москва, вн.тер.г. муниципальный округ Хорошевский, туп. 1-й Магистральный, д. 11, стр. 1","kbadmiral.ru","kbadmiral@mail.ru","","","1"
"525","21.03.2023, 78922/23/24483-АП","Общество с ограниченной ответственностью профессиональная коллекторская организация «ЦЕССИОНАРИЙ С-З», ООО ПКО «ЦЕССИОНАРИЙ С-З»","ОГРН 1237800013175, ИНН 7801720701","АО «АльфаСтрахование», срок действия договора с 21.03.2025 по 20.03.2026","199155, г. Санкт-Петербург, вн.тер.г. муниципальный округ Остров Декабристов, ул.Уральская , д. 2, стр. 1, помещ. 12-н, офис 11","цессионарий.рус","cessionary78@gmail.com","","10.04.2026, 78922/26/2581-ОК",""
"526","13.04.2023, 64922/23/25806-ВШ","Общество с ограниченной ответственностью « Профессиональная коллекторская организация «Межрегиональное долговое агентство», ООО «ПКО «МДА»","ОГРН 1146450008792, ИНН 6450085277","АО «АльфаСтрахование», период действия договора с 06.02.2026 по 05.02.2027","410028, Саратовская область, г. Саратов, ул. Советская, д. 25А","debt-agency.ru","info@debt-agency.ru","","","3"
"527","25.04.2023, 16922/23/23541-АЗ","Общество с ограниченной ответственностью «Профессиональная коллекторская организация «Монолит»,  ООО «ПКО «Монолит»","ОГРН 1121650012835, ИНН 1650245810","ООО «Абсолют Страхование», период действия договора с 21.03.2026 по 20.03.2027","423832, Республика Татарстан, г. Набережные Челны, пр. Набережночелнинский, д. 84, офис 21","monolitcollector.ru","monolit24@internet.ru","","","1"
"528","03.05.2023, 78922/23/287567-АЛ","Общество с ограниченной ответственностью «Профессиональная коллекторская организация «Балтийский центр консультаций», ООО «ПКО «БЦК»","ОГРН 1237800017916, ИНН 7811785088","АО «АльфаСтрахование», пениод действия договора с 01.04.2026 по 31.03.2027","199225,  г. Санкт-Петербург, вн.тер.г. муниципальный округ Гавань,  пр-кт Крузенштерна,  д. 2, стр. 1, кв. 79","bck-spb.ru","bck-spb@mail.ru","","","1"
"529","03.05.2023, 21907/23/16248-ДБ","Общество с ограниченной ответственностью Профессиональная коллекторская организация «Центр судебного взыскания», ООО ПКО «ЦСВ»","ОГРН 1232100002078, ИНН 2100005567","ООО «Абсолют Страхование», период действия договора с 07.04.2026 по 06.04.2027","428028, Чувашская Республика – Чувашия, г.о. город Чебоксары, г. Чебоксары, пр-кт Тракторостроителей, д. 63/21, кв. 138","цсв21.рф","csv21@bk.ru","","","1"
"530","15.05.2023, 59922/23/1521537-АА","Общество с ограниченной ответственностью Профессиональная коллекторская организация «СФТ», ООО ПКО «СФТ»","ОГРН 1235900006650; ИНН 5902065220","СПАО ""Ингосстрах"", период действия договора с 25.04.2026 по 24.04.2027","614000, Пермский край, г. о. Пермский, г. Пермь,  ул. Советская,  д. 94, пом. 6","SFT-K.RU","pco_sft@mail.ru","","","1"
"531","25.05.2023, 50922/23/173539-АТ","Общество с ограниченной ответственностью Профессиональная коллекторская организация ""КВАНТ», ООО ПКО «КВАНТ»","ОГРН 1235000017482, ИНН 5032353255","АО «Зетта Страхование», период действия договора с 05.04.2026 по 04.04.2027","143005, Московская область, г.о. Одинцовский, г. Одинцово, Можайское ш., стр. 80Б, офис 205","quantcollect.ru","info@quantcollect.ru","","","1"
"532","25.05.2023, 34922/23/33514-ГК","Общество с ограниченной ответственностью Профессиональная коллекторская организация «Диджитал Груп», ООО ПКО «ДГ»","ОГРН 1233400003264, ИНН 3444279198","ООО «Абсолют Страхование», период действия договора, с 18.04.2026 по 17.04.2027","123022, г. Москва, вн.тер.г. муниципальный округ Пресненский, ул. 2-я Звенигородская, д. 13, стр.43, помещ. 2/1","digital-group.tech","savinov@digital-group.tech info@digital-group.tech","","","1"
"533","09.06.2023, 77922/23/218968-НБ","Общество с ограниченной ответственностью Профессиональная коллекторская организация «Дата Коллект», ООО ПКО «Дата Коллект»","ОГРН 1237700291828, ИНН 9709093097","СПАО «Ингосстрах», период действия договора с 30.05.2025 по 29.05.2026","603022, Нижегородская область, г.о. город Нижний Новгород, г. Нижний Новгород, ул. Тимирязева, д. 15, к. 2, помещ. П408","datacollectors.ru","datacollectors@inbox.ru","","","1"
"534","13.06.2023, 29922/23/21800-ИЮ","Общество с ограниченной ответственностью ПРОФЕССИОНАЛЬНАЯ КОЛЛЕКТОРСКАЯ ОРГАНИЗАЦИЯ ""ПРАВИЛЬНЫЙ ВЫБОР"", ООО ПКО ""ПРАВИЛЬНЫЙ ВЫБОР""","ОГРН 1132932002642, ИНН 2902077051","ООО «Абсолют Страхование», период действия договора с 02.11.2025 по 01.11.2026","164514, Архангельская область, г. Северодвинск, ул. Карла Маркса,  д. 46, офис 404","prav-vibor.ru","info@prav-vibor.ru","","","1"
"535","29.06.2023, 39907/23/19442-АК","Общество с ограниченной ответственностью ПРОФЕССИОНАЛЬНАЯ КОЛЛЕКТОРСКАЯ ОРГАНИЗАЦИЯ «БАЛТИЙСКИЙ КОЛЛЕКТОР», ООО «ПКО «БАЛТИЙСКИЙ КОЛЛЕКТОР»","ОГРН 1223900003480, ИНН 3906411936","ООО «Абсолют Страхование», период действия договора с 08.08.2025 по 07.08.2026","428003, Чувашская Республика – Чувашия, г.о. город Чебоксары, г. Чебоксары, пер. Бабушкина, д. 9, помещ. 2","balcol.ru","balcol@bk.ru","","","1"
"536","05.07.2023,  74922/23/48157-ЮТ","Общество с ограниченной ответственностью Профессиональная Коллекторская организация «Фрейр», ООО ПКО «Фрейр»","ОГРН 1227400029779, ИНН 7404075364","СПАО «Ингосстрах», период действия договора с 27.06.2025 по 26.06.2026","456205,  Челябинская область, г.о.Златоустовский, г. Златоуст, ул. им. Е.И. Пугачева, д. 10, кв. 73","freyr.su","Freirzlat@mail.ru","","","1"
"537","07.07.2023,  58918/23/23605-НИ","Общество с ограниченной ответственностью Профессиональная коллекторская организация «Каста Групп», ООО ПКО «Каста Групп»","ОГРН 1215800009303,  ИНН 5837081290","ООО «Абсолют Страхование», период действия договора с 30.11.2025 по 29.11.2026","440046,  Пензенская область, г.о. город Пенза, г. Пенза, г. Пенза, ул. Мира, д. 44а, офис 216","Долги58.рф","kgpnz58@mail.ru","","","1"
"538","12.07.2023 26919/23/45852-МЗ","Общество с ограниченной ответственностью профессиональная коллекторская организация «Финансовый омбудсмен», ООО ПКО «Финансовый омбудсмен»","ОГРН 1152651011314, ИНН 2635209961","ООО «Абсолют Страхование», период действия договора с 04.06.2026 по 03.06.2027","355000,  Ставропольский край, ул. Дзержинского,  д. 160, пом. 172","fin-ombudsmen.ru","info@fin-ombudsmen.ru","","","1"
"539","01.08.2023, 59922/23/1543609-ЕК","Общество с ограниченной ответственностью Профессиональная коллекторская организация «Базовые инвестиции», ООО ПКО «БИ»","ОГРН 1135904012166, ИНН 5904291793","ПАО СК ""Росгосстрах"", период действия договора с 08.07.2025 по 07.07.2026","614016, Пермский край, г. Пермь, ул. Куйбышева, д. 71","mediatorinfo.ru","mail@mediatorinfo.ru","","","1"
"540","01.08.2023, 77922/23/1143923-НБ","Общество с ограниченной ответственностью «Профессиональная коллекторская организация «Правовой центр Лидер», ООО «ПКО «Правовой центр Лидер»","ОГРН 1197746364133, ИНН 7726453892","ООО «Абсолют Страхование», период действия договора с 20.07.2025 по 19.07.2026","17570, г. Москва, ул. Чертановская, д. 48, к. 2, кв. 503, ком. 2","ooopcl.ru","ooopcl@mail.ru","","","1"
"541","01.08.2023, 77922/23/1143922-НБ","Общество с ограниченной ответственностью «Профессиональная коллекторская организация «Кредитор», ООО «ПКО «Кредитор»","ОГРН 1197746143473, ИНН 7716932938","САО «ВСК», период действия договора с 11.04.2025 по 10.04.2026","15172, г. Москва, Котельническая наб., д. 25, стр. 1, офис 15","dolgi-pgr.ru","x05@rambler.ru","","","1"
"542","02.08.2023, 76907/23/28887-РР","Общество с ограниченной ответственностью Профессиональная коллекторская организация «Содействие Коллект», ООО ПКО «Содействие Коллект»","ОГРН 1237600003585, ИНН 7627058108","ООО «Абсолют страхование», период действия договора с 18.07.2025 по 17.07.2026","427960, Удмуртская Республика г.о. город Сарапул, г. Сарапул, ул. Гагарина,  зд. 26, офис 1","pkosodcollect.ru","sodeistviekollekt@mail.ru","","","1"
"543","04.08.2023, 47922/23/27977-ИК","Общество с ограниченной ответственностью «ПРОФЕССИОНАЛЬНАЯ КОЛЛЕКТОРСКАЯ ОРГАНИЗАЦИЯ «АСВ.УСЛУГИ», ООО «ПКО «АСВ.УСЛУГИ»","ОГРН 1234700003867, ИНН 4706056997","ООО «Абсолют Страхование», период действия договора с 11.04.2026 по 10.04.2027","188669,  Ленинградская область, м.р-н Всеволожский,  г.п. Муринское,  г. Мурино,  ул. Центральная, д. 46","ASV-USLUGI.RU","main@asv-uslugi.ru, collection@asv-uslugi.ru","","","1"
"544","07.08.2023, 64922/23/66987-ИР","Общество с ограниченной ответственностью Профессиональная коллекторская организация «Эгида», ООО ПКО «Эгида»","ОГРН 1236400005335, ИНН 6449105426","АО «АльфаСтрахование», период действия договора с 15.06.2026 по 14.06.2027","413116, Саратовская область,  г. Энгельс, ул. Промышленная, д. 3, офис 308","egida64.ru","oooegida2023@mail.ru","","","1"
"545","22.08.2023, 34922/23/53987-ГК","Общество с ограниченной ответственностью Профессиональная коллекторская организация «ЗОРГ», ООО ПКО «ЗОРГ»","ОГРН 1233400007060, ИНН 3444279776","ООО «Абсолют Страхование», период действия договора с 04.08.20235по 03.08.2026","358004, Республика Калмыкия, г.о. Элиста, г. Элиста, ул. Физкультурная, д. 25, помещ. 1","zorg.org.ru","org@zorg.org.ru","","","1"
"546","30.08.2023, 77922/23/1596865-НК","Общество с ограниченной ответственностью Профессиональная коллекторская организация «Кремлин Групп», ООО ПКО «К-Групп»","ОГРН 1237700261050, ИНН 9714008058","АО «АльфаСтрахование», период действия договора с 03.07.2024 по 02.07.2025","125124, г. Москва, вн.тер.г. муниципальный округ Беговой, ул. 5-я Ямского поля, д. 7, к. 2, помещ. 1А","k-gr.ru","branishti@k-gr.ru","","","1"
"547","31.08.2023, 77922/231597742-НК","Акционерное общество «Профессиональная коллекторская организация «РЦБ», АО «ПКО «РЦБ»","ОГРН 1227700624491, ИНН 9726023244","ООО «Абсолют Страхование», период действия договора с 07.08.2025 по 06.08.2026","117152, г. Москва, вн.тер.г. муниципальный округ Донской, пр-кт Севастопольский, д. 9, к. 2, подв./помещ./ком. -/II/2А","rcb-collect.ru","info@rcbankrot.com","","20.05.2026, 77922/26/169277-АТ",""
"548","13.09.2023, 34922/23/58181-НЖ","Общество с ограниченной ответственностью ПРОФЕССИОНАЛЬНАЯ КОЛЛЕКТОРСКАЯ ОРГАНИЗАЦИЯ «БК», ООО ПКО «БК»","ОГРН 1233400007785, ИНН 3444279945","ООО «Абсолют Страхование», период действия договора с 25.08.2025 по 24.08.2026","400005, Волгоградская область, г.о. Город-герой Волгоград, г. Волгоград, ул. Советская, д. 28, помещ. 4","bk.org.ru","ooo_bk33@bk.ru org@bk.org.ru","","","1"
"549","15.09.2023, 77922/23/2043761-НК","Общество с ограниченной ответственностью «Профессиональная коллекторская организация «Справедливость», ООО «ПКО Справедливость»","ОГРН 1237700341251, ИНН 7734477671","ООО Абсолют Страхование, период действия договора с 19.08.2025 по 18.08.2026","105082,  г. Москва,  вн.тер.г. муниципальный округ Басманный,  ул. Большая Почтовая, д. 18Б","kaspravedlivost.ru","info@kaspravedlivost.ru","","","1"
"550","15.09.2023, 77922/23/2043762-НК","Общество с ограниченной ответственностью «Профессиональная коллекторская организация «Доверие», ООО «ПКО «Доверие»","ОГРН 1237700369653, ИНН 9731115437","ООО Абсолют Страхование, период действия договора с 19.09.2025 по 18.09.2026","121087,  г. Москва,  вн.тер.г.муниципальный округ Филевский парк, ул. Барклая, д. 6, стр. 5, помещ. 22И","uadoverie.ru","uadoverie@mail.ru","","","1"
"551","25.09.2023, 21907/23/29205-СР","Общество с ограниченной ответственностью «Профессиональная коллекторская организация «Морган», ООО ПКО «Морган»","ОГРН 1202100009792, ИНН 2130222826","СПАО «Ингосстрах», период действия договора с 10.08.2025 по 09.08.2026","428003, Чувашская Республика – Чувашия, г.о. город Чебоксары, г. Чебоксары, ул. Энгельса, д. 18, помещ. 1, офис 3","e-morgan.ru","info@e-morgan.ru","","","1"
"552","26.09.2023 № 66922/23/1486939-АС","Общество с ограниченной ответственностью Профессиональная коллекторская организация «МАЯК КОЛЛЕКТ», ООО ПКО «МАЯК КОЛЛЕКТ»","ОГРН 1236600049795,  ИНН 6671280460","АО «Совкомбанк страхование» период действия договора с 01.08.2025 по 31.07.2026","620014,  Свердловская область, г. Екатеринбург,  ул. Малышева, д. 19, оф. 2313","mayak-kollekt.ru","contact@mayak-kollekt.ru  Info@mayak-kollekt.ru","","","1"
"553","27.09.2023, 77922/23/2342101-НК","Общество с ограниченной ответственностью Профессиональная коллекторская организация «Кредитный оздоровитель»,  ООО ПКО «Кредитный оздоровитель»","ОГРН 5117746002039,  ИНН 7715895257","ООО «Абсолют Страхование», период действия договора с 21.09.2024 по 20.09.2025","115191, г. Москва,  ул. Малая Тульская, д. 2/1, к. 5","oookolaw.ru","lav_1@mail.ru oookolaw@mail.ru","","","1"
"554","27.09.2023, 54922/23/116769-СН","Обществ с ограниченной ответственностью Профессиональная коллекторская организация «Фридом-Инвест»,  ООО ПКО «Фридом-Инвест»","ОГРН 1185476068755,  ИНН 5402045635","АО «Совкомбанк страхование», период действия договора с 29.08.2025 по 28.08.2026","630082,  Новосибирская область,  г.о. город Новосибирск, г. Новосибирск, ул. Дачная,  зд. 60А, помещ. 208","free-inv.ru","1inv@bk.ru","","","1"
"555","11.10.2023, 77922/23/3052383-НК","Общество с ограниченной ответственностью Профессиональная коллекторская организация «Ваш долг»,  ООО ПКО «Ваш долг»","ОГРН 1237700607352,  ИНН 9726053295","СПАО «Ингосстрах», период действия договора с 25.09.2025 по 24.09.2026","141100,  Московская область, г.о. Щёлково, г. Щёлково, пер. 1-й Советский, стр. 25Б, к. 3, помещ. 6","vash-dolg.ru","vashdolg2023@mail.ru","","","3"
"556","12.10.2023 56922/23/51803-АЩ","Общество с ограниченной ответственностью профессиональная коллекторская организация «ПрофиКоллект»,  ООО ПКО «ПрофиКоллект»","ОГРН 1195658017906, ИНН 5611085180","АО «Совкомбанк страхование», период действия договора c 02.09.2025 по 01.09.2026","460035,  Оренбургская область, г. Оренбург, ул. Орская, д. 14","profikollekt.ru","profikollekt@mail.ru","","","1"
"557","19.10.2023, 63922/23/263766-ЗМ","Общество с ограниченной ответственностью профессиональная коллекторская организация «Куратор», ООО ПКО «Куратор»","ОГРН 1236300017557, ИНН 6316284222","СПАО «Ингосстрах», период действия договора c 25.08.2025 по 24.08.2026","443086,  Самарская область, г.о. Самара вн.р-н Октябрьский, г. Самара, ул. Ерошевского,  д. 3, офис 10","qurator.ru","kurator-ka@mail.ru","","12.12.2025, 63922/25/89821",""
"558","23.10.2023, 51907/23/94222-АМ","Общество с ограниченной ответственностью «Профессиональная коллекторская организация «Санколлект»,  ООО «ПКО «Санколлект»","ОГРН 1235100002158, ИНН 5190095134","000 «Абсолют Страхование», пеирод действия договора с 01.06.2024 по 31.05.2025","183038, Мурманская область, г. Мурманск,  ул. Траловая, д. 38, офис 6","suncollekt.ru","PRAVEZHUA@GMAIL.COM","","","1"
"559","03.11.2023, 71907/23/634400-ЭК","Общество с ограниченной ответственностью профессиональная коллекторская организация «ТЛГ», ООО ПКО «ТЛГ»","ОГРН 1227100010092, ИНН 7100025192","СПАО «Ингосстрах», период действия договора с 01.09.2025 по 31.08.2026","300000,  Тульская область. г.Тула, ул. Каминского, д. 6/36, оф. 2, эт. 2, литер Л","dialogtl.ru","email@dialogtl.ru","","","1"
"560","14.11.2023, 73922/23/43303-ЕВ","Общество с ограниченной ответственностью «Профессиональная коллекторская организация «Финэква», ООО «ПКО «Финэква»","ОГРН 1237300009561, ИНН 7300023241","СПАО «Ингосстрах», период действия договора с 01.10.2025 по 30.09.2026","432071, Ульяновская область, г.о. город Ульяновск,  г Ульяновск,  ул Карла Маркса,  д. 13А, к. 1, помещ./этаж 47/3,","fineqva.ru","info@fineqva.ru","","","1"
"561","14.11.2023, 48907/23/302938-ГМ","Общество с ограниченной ответственностью «Профессиональная коллекторская организация «Негосударственный судебный исполнитель», ООО «Профессиональная коллекторская организация «НСИ»","ОГРН 1234800006308, ИНН 4800007806","СПАО «Ингосстрах», период действия договора с 12.10.2025 по 11.10.2026","398050,  Липецкая область, г.о. город Липецк, г. Липецк,  площадь имени Г.В. Плеханова,  д. 1Б, помещ. 5,  литера А, офис 506-7","collector-rus.ru","konsi48@rambler.ru","","","3"
"562","21.11.2023, 05907/23/30935-АА","Общество с ограниченной ответственностью Профессиональная коллекторская организация «Айва», ООО ПКО «Айва»","ОГРН 1220500014558,  ИНН 0572032070","ООО «Абсолют Страхование», период действия договора с 30.10.2025 по 29.10. 2026","367000,  Республика Дагестан, г.о. город Махачкала, г. Махачкала, вн.р-н Советский район,  ул Дзержинского,  д. 17, к. Б, офис 804","aiwaka.ru","info@aiwaka.ru","","","1"
"563","23.11.2023, 77922/23/3359269-НК","Общество с ограниченной ответственностью Профессиональная коллекторская организация «РБ Коллект» ООО ПКО «РБ Коллект»","ОГРН 1207700264090, ИНН 7743344357","СПАО «Ингосстрах», период действия договора с 19.10.2025 по 18.10.2026","127287,  г. Москва, вн.тер.г.муниципальный округ Савеловский, ул. Хуторская 2-я,  д.38 а, стр. 26","rbcollect.ru","rbc_mailbox@tbank.ru","","","1"
"564","05.12.2023, 18922/23/94376-ИН","Общество с ограниченной ответственностью Профессиональная коллекторская организация «ЗАЙМ ЭКСПРЕСС», ООО ПКО «ЗАЙМ ЭКСПРЕСС»","ОГРН 1231800011497,  ИНН 1800001206","ООО «Абсолют Страхование», период действия договора с 15.08.2025 по 14.08.2026","427440,  Удмуртская Республика,  г.о. город Воткинск,  г. Воткинск,  ул. Кирова, д. 70, помещение 18","zaimvot.ru","info@zaimvot.ru","","","1"
"565","07.12.2023,  59922/23/1580960-АА","Общество с ограниченной ответственностью Профессиональная коллекторская организация «Альберо»,  ООО ПКО «Альберо»","ОГРН 1235900020751,  ИНН 5903158566","СПАО «Ингосстрах», период действия договора с 21.11.2025 по 20.11.2026","614094,  Пермский край,  г.о. Пермский, г. Пермь, ул. Горняков, д. 6,  кв. 16","albero-perm.ru","89028000900@mail.ru","","","1"
"566","12.12.2023, 08907/23/21968-РМ","Общество с ограниченной ответственностью «Профессиональная коллекторская организация «ХАРД», ООО «ПКО «ХАРД»","ОГРН 1230800005292, ИНН 0800010907","ООО «Абсолют Страхование», период действия договора с 20.09.2025 по 19.09.2026","660075, Красноярский край, г. Красноярск, ул. Маерчака,  д.8, стр. 9, офис 413","PKOHARD.RU","pkohard@bk.ru","","","1"
"567","12.12.2023, 08907/23/21969-РМ","Общество с ограниченной ответственностью «Профессиональная коллекторская организация «СОФТ», ООО «ПКО «СОФТ»","ОГРН 1230800005259, ИНН 0800010872","ООО «Абсолют Страхование», период действия договора с 20.09.2025 по 19.09.2026","121087,  г. Москва, вн.тер.г.муниципальный округ Филевский парк, ул, Барклая,  д. 6, стр. 5,  помещ. 22И/4","PKOSOFT.RU","pkosoft@bk.ru","","",""
"568","19.12.2023, 18922/23/96526-ИН","Общество с ограниченной ответственностью Профессиональная коллекторская организация «Надежда-18», ООО ПКО «Надежда-18»","ОГРН 1141838001700, ИНН 1838016040","СПАО «Ингосстрах», период действия договора с 05.07.2025 по 04.07.2026","427960,  Удмуртская Республика, г.о. город Сарапул, г. Сарапул,  ул. Советская, д. 5","твоидолги.рф","nadezhda-collection@bk.ru","","","1"
"569","20.12.2023, 63922/23/470592-СК","Общество с ограниченной ответственностью профессиональная коллекторская организация «Контур», ООО ПКО «Контур»","ОГРН 1236300017546, ИНН 6311196251","АО «СПАО «Ингосстрах», период действия договора с 08.11.2025 по 07.11.2026","443093,  Самарская область, г.о. Самара, вн.р-н Железнодорожный,  г. Самара,  ул. Мориса Тореза,  д. 1А, офис 511.","kontur7.ru","expired@kontur7.ru","","","4"
"570","28.12.2023, 14907/23/450965-СЧ","Общество с ограниченной ответственностью Профессиональная коллекторская организация «Восход», ООО ПКО «Восход»","ОГРН 1161447055879, ИНН 1435307582","САО «ВСК», период действия договора с 09.12.2025 по 08.12.2026","677000, Республика Саха (Якутия), г. Якутск, ул. Петра Алексеева, д.21 кв. 2","vsxd.ru","ooo_voskhod_ykt@mail.ru","","","1"
"571","15.01.2024, 77922/24/965-НК","Общество с ограниченной ответственностью Профессиональная коллекторская организация «Управляющая компания «Ф»»,  ООО ПКО «Управляющая компания «Ф»»","ОГРН 1237700412146,  ИНН 9710116140","ООО «Абсолют Страхование», период действия договора с 18.09.2025 по 17.09.2026","123001,  г. Москва, вн.тер.г. муниципальный округ Пресненский, пер. Трёхпрудный, д. 11/13, стр. 2,помещ. 4/1","fmc-collector.ru","fmc-collector@mail.ru","","","1"
"572","16.01.2024, 34922/24/3141-ГК","Общество с ограниченной ответственностью «ПРОФЕССИОНАЛЬНАЯ КОЛЛЕКТОРСКАЯ ОРГАНИЗАЦИЯ «А1»», ООО «ПКО «А1»»","ОГРН 1233400010777, ИНН 3444280242","ПАО «Росгосстрах» период действия договора с 28.11.2025 по 27.11.2026","400074, Волгоградская область,  г.о. город-герой Волгоград, г. Волгоград,  ул. Рабоче-Крестьянская,  д. 48, этаж 2, помещ. 6-8","pkoa1.ru","info@pkoa1.ru","","","4"
"573","26.01.2024, 18922/24/7893-ИН","Общество с ограниченной ответственностью Профессиональная коллекторская организация «ВИВ»,  ООО ПКО «ВИВ»","ОГРН 1211800010256, ИНН 1840104688","СПАО «Ингосстрах», период действия договора с 19.12.2025 по 18.12.2026","427848,  Удмуртская Республика М.О. Киясовский район, с. Подгорное,  ул. Ленина, д. 59, кв. 2","kaviv.ru","oookaviv@yandex.ru","","","1"
"574","02.02.2024, 65907/24/1550-АК","Общество с ограниченной ответственностью профессиональная коллекторская организация «Лекс и Партнёры», ООО ПКО «Лекс и Партнёры»","ОГРН 1236500003981, ИНН 6500011347","СПАО «Ингосстрах»,  период действия договора  с 10.11.2025 по 09.11.2026","693023,  Сахалинская область,  г.о. город Южно-Сахалинск,  г. Южно-Сахалинск,  ул. Комсомольская,  д. 245В, кв. 1","lex65.ru","lex.yura@mail.ru","","","3"
"575","06.03.2024, 54922/24/126405-СН","Общество с ограниченной ответственностью профессиональная коллекторская организация «Самлер»,  ООО «Самлер»","ОГРН 1235400040897, ИНН 5410147743","АО «Абсолют страхование», период действия договора С 12.02.2026 11.02.2027","630559,  Новосибирская область, г. о. Рабочий Поселок Кольцово, рп. Кольцово, ул. Технопарковая, д. 5, кв. 247","samler.ru","info@samler.ru","","","1"
"576","13.03.2024, 54922/24/127836-СН","Общество с ограниченной ответственностью Профессиональная коллекторская организация «Коала Коллекшн», ООО ПКО «Коала Коллекшн»","ОГРН 1245400000273, ИНН 5473013580","АО «АльфаСтрахование», период действия договора с 08.02.2026 по 07.02.2027","630055, Новосибирская область, г. о. город Новосибирск, г. Новосибирск, ул. Гнесиных, д. 10/1","koala-c.ru","koala-collection@yandex.ru","","","1"
"577","14.03.2024, 16922/24/12833-АЗ","Общество с ограниченной ответственностью «Профессиональная коллекторская организация «Дебт Коллект», ООО «ПКО «Дебт Коллект»","ОГРН 1241600002236, ИНН 1650431310","СПАО «Ингосстрах», период действия договора с 13.02.2026 по 12.02.2027","423815 Республика Татарстан, г. Набережные Челны, пр. им. Вахитова, д. 20Б, каб. 6, 7","debtcoll.ru","debtcoll@yandex.ru","","","1"
"578","14.03.2023, 16922/24/12863-АЗ","Общество с ограниченной ответственностью «Профессиональная коллекторская организация «Финотека», ООО «ПКО «Финотека»","ОГРН 1121690004776, ИНН 1660162659","СПАО «Ингосстрах», период действия договора с 01.01.2026 по 31.12.2026","421001,  Республика Татарстан, г. Казань,  ул. Чистопольская,  д. 61Д, помещ. 2014","пко-финотека.рф","finoteka.ooopko@yandex.ru","","","1"
"579","15.03.2024, 77922/24/279635-НК","Общество с ограниченной ответственностью «Профессиональная коллекторская организация «Крокс-М» ООО «ПКО «Крокс-М»","ОГРН 1237700637217, ИНН 7751268808","СПАО «Ингосстрах», период действия договора с 08.12.2025 по 07.12.2026","109004, г. Москва, вн.тер.г. муниципальный округ Таганский, пер. Большой Дровяной,  д. 6","krocs-m.ru","pko_krocs-m@mail.ru","","","1"
"580","20.03.2024, 66922/24/542524-АС","Общество с ограниченной ответственностью «ПРОФЕССИОНАЛЬНАЯ КОЛЛЕКТОРСКАЯ ОРГАНИЗАЦИЯ ВОКСИС»,  ООО «ПКО ВОКСИС»","ОГРН 1046603500426, ИНН 6670056296","СПАО «Ингосстрах», период действия договора  с 01.03.2026 по 28.02.2027","117342, г. Москва, вн.тер.г. муниципальный округ Коньково, ул. Бутлерова, д. 17,помещ. 112/4","voxyscollect.ru","info@voxyscollect.ru","","","3"
"581","21.03.2024, 54922/24/13147 6-СН","Общество с ограниченной ответственностью Профессиональная коллекторская организация «ЭРГОН», ООО ПКО «ЭРГОН»","ОГРН 1245400000647 ИНН 5402081270","АО «Зетта Страхование», период действия договора с 06.03.2026 по 05.03.2027","630049, Новосибирская область, г. о. город Новосибирск, г. Новосибирск,  ул. Линейная, зд. 28, помещ. 311А","ergonconsult.ru","info@ergoncollect.ru","","","1"
"582","22.03.2024, 11922/24/11275-ДК","Общество с ограниченной ответственностью ""Профессиональная коллекторская организация «ЖЭУ 9"",  ООО ПКО «ЖЭУ 9»","ОГРН 1141103001027, ИНН 1103012673","ООО «Абсолют Страхование», период действия договора с 17.10.2025 до 16.10.2026","167000, Республика Коми, г. Сыктывкар, ул. Первомайская, д. 149, помещ 321","dolg9.ru","biteh2012@gmail.com","","","1"
"583","16.04.2024, 33907/24/13997-ЕП","Общество с ограниченной ответственностью профессиональная коллекторская организация «Центр Правовых Услуг», ООО ПКО ЦПУ","ОГРН1163328050930, ИНН 3327131529","АО «АльфаСтрахование», период действия договора, с 01.04.2025 по 31.03.2030","600021, Владимирская область,  г. Владимир,  ул. Красноармейская, д. 43-Б, офис 6, помещ. 1","cpu33.ru","info@cpu33.ru","","","1"
"584","17.04.2024,  03907/24/78344-КЩ","Общество с ограниченной ответственностью «Профессиональная коллекторская организация ТАЛААН»","ОГРН 1230300004549,  ИНН 0300015086","СПАО «Ингосстрах», период действия договора с 01.04.2026 по 31.03.2027","670047, Республика Бурятия,  г. Улан-Удэ,  ул. Сахьяновой д.5, офис 3,4,5 (4-й этаж)","talaan03.ru","oootalaan@gmail.com","","","1"
"585","22.04.2024, 52922/24/22995-АЮ","Общество с ограниченной ответственностью «Профессиональная коллекторская организация «Займ-Коллект»,  ООО «ПКО «Займ-Коллект»","ОГРН 1245200005555, ИНН 5260494128","САО «ВСК», период действия договора, с 25.03.2026 по 24.03.2027","603093,  Нижегородская область, г. Нижний Новгород,  ул. Ковровская,  д. 21А, помещ. 517","zaymcollect.ru","zaimcollect@yandex.ru","","","1"
"586","27.04.2024, 54922/24/14258 1-СН","Общество с ограниченной ответственностью «Профессиональная коллекторская организация «Астрент», ООО «ПКО «Астрент»","ОГРН 1235400049092, ИНН 5406836892","ООО «Абсолют Страхование», период действия договора  с 01.04.2026 по 31.03.2027","630091,  Новосибирская область, г.о. город Новосибирск,  г. Новосибирск,  ул. Фрунзе, зд. 5","astrent-nsk.ru","info@astrent-nsk.ru","","","1"
"587","15.05.2024 26922/24/32709-МЗ","Общество с ограниченной ответственностью профессиональная коллекторская организация информационно-консалтинговый центр «Правило», ООО ПКО ИКЦ «Правило»","ОГРН 1232600009707, ИНН 2635258239","АО «Совкомбанк страхование», период действия договора с 07.03.2026 по 06.03.2027","355037, Ставропольский край, г. Ставрополь, ул. Доваторцев, д. 30Б","Ikc-pravilo.ru","pravilo.26@yandex.ru","","","1"
"588","16.05.2024 26922/24/32899-МЗ","Общество с ограниченной ответственностью Профессиональная коллекторская организация «Центр финансово-юридического консалтинга», ООО ПКО «ЦФК»","ОГРН 1232600007848, ИНН 2635257732","АО «Совкомбанк страхование», период действия договора с 15.04.2026 по 14.04.2027","355029, Ставропольский край, г.о. город Ставрополь, г. Ставрополь, ул. Ленина, д. 468","cfk-collection.ru","cfk026@gmail.com","","","1"
"589","16.05.2024, 77922/24/1454674-НК","Общество с ограниченной ответственностью Профессиональная коллекторская организация «Сервисный ипотечный агент», ООО ПКО «СИА»","ОГРН 1237700408307, ИНН 9704214076","СПАО «Ингосстрах», период действия договора с 11.03.2025 по 10.03.2026","119285,  г. Москва, вн.тер.г.муниципальный округ Раменки,  5-й км МЖД Киевское, д.1, стр.1","siagent.ru","info@siagent.ru","","","1"
"590","24.05.2024, 59922/24/49643-АТ","Общество с ограниченной ответственностью «Профессиональная коллекторская организация «ХГФ», ООО «ПКО «ХГФ»","ОГРН 1245900003249, ИНН 5919033548","АО «Совкомбанк страхование»,  период действия договора с 08.04.2025 по 06.04.2026","618547,  Пермский край,  г. о. Соликамский,  г. Соликамск,  ул. Володарского,  д. 12, кв. 40","HG-FINANCE.RU","dk@happy-phone.ru","","","1"
"591","30.05.2024, 52922/24/56976-АЮ","Общество с ограниченной ответственностью «Профессиональная коллекторская организация ЭРА»,  ООО «ПКО ЭРА»","ОГРН 1245200008734, ИНН 5258157478","ПАО СК «Росгосстрах»,  период действия договора с 17.04.2026 по 16.04.2027","603140,  Нижегородская область, г. Нижний Новгород,  пр-кт. Ленина, д. 16 Б, помещ. 513","ka-era.ru","inf@ka-era.ru","","","1"
"592","04.06.2024, 16922/24/162172-АЗ","Общество с ограниченной ответственностью «Профессиональная коллекторская организация «Фон развития инфраструктурных проектов», ООО «ПКО «ФРИП»","ОГРН 1211600047064, ИНН 1659216290","САО «ВСК», период действия договора с 30.06.2025 по 29.06.2026","420054,  Республика Татарстан, г.о. город Казань,  г. Казань,  ул. Промысловая,  д. 5, помещ. 1005","центрвзыскания.рф","fondrazvitiya2mail","","","1"
"593","26.06.2024, 78922/24/1172688-АЛ","Общество с ограниченной ответственностью Профессиональная коллекторская организация «Быстрые долговые решения», ООО ПКО «БЫСТРЫЕ ДОЛГОВЫЕ РЕШЕНИЯ»","ОГРН 1247800046559, ИНН 7842222335","ПАО СК «Росгосстрах», период действия договора с 04.06.202 по 03.06.2027","1991123, г. Санкт-Петербург,  вн.тер.г. муниципальный округ Смольнинское,  ул. Чайковского, д. 40, литер А, помещ. 8-Н,  офис № 2","PKODOLGAM.NET","info@pkodolgam.net","","","1"
"594","09.07.2024, 02922/24/1327698-ИМ","Общество с ограниченной ответственностью Профессиональная коллекторская организация «БЗ-групп»,  ООО ПКО «БЗ-групп»","ОГРН 1120280007044, ИНН 0276137789","АО «Зетта Страхование,  период действия договора с 27.06.2026 по 26.06.2027","450096,  Республика Башкортостан, г. Уфа,  ул. Комсомольская, д. 148","pkobzgroup.ru","info@pkobzgroup.ru","","","1"
"595","18.07.2024, 77922/24/532757-НК","Общество с ограниченной ответственностью «Профессиональная коллекторская организация «Юридический центр Савари»,  ООО «ПКО «ЮЦ Савари»","ОГРН 1187746146312, ИНН 9710048701","ООО «Абсолют Страхование», период действия договора с 16.05.2025 по 15.05.2026","123056,  г. Москва,  пер. Большой Кондратьевский, д. 4,  стр. 1, кв. 104","ucsavari.ru","ucsavari@mail.ru","","","1"
"596","19.07.2024 26922/24/78093-АА","Общество с ограниченной ответственностью «Профессиональная коллекторская организация «Агентство по возврату задолженности», ООО «ПКО «АВЗ»","ОГРН 1242600005570, ИНН 2635261351","СПАО «Ингоcстрах»,  период действия договора с 10.05.2026 по 09.05.2027","355035,  Ставропольский край, г. Ставрополь, пр-кт. Кулакова, д. 8Б","pko-avz.ru","info@pko-avz.ru","","","1"
"597","26.07.2024, 78922/24/1022975-АЛ","Общество с ограниченной ответственностью «Профессиональная коллекторская организация «Реалист ипотека»,  ООО «ПКО «Реалист ипотека»","ОГРН 1247800048760. ИНН 7801733771","АО «АльфаСтрахование», период действия договора с 01.07.2025 по 30.06.2026","199106,  г. Санкт-Петербург, вн.тер.г. муниципальный округ Гавань,  пр-кт Средний В.О.,  д. 88, литера А,  помещ. 40-Н, офис 705","pko-aft.ru","info@pko-aft.ru","","","1"
"598","06.08.2024, 77922/24/418146-НК","Общество с ограниченной ответственностью «Профессиональная коллекторская организация «ХОРОШИЙ ГОД»,  ООО «ПКО «ХОРОШИЙ ГОД»","ОГРН 1107746275229, ИНН 7709851710","АО «Зетта Страхование», период действия договора с 05.07.2025 по 04.07.2026","109428,  г. Москва,  пр-кт Рязанский,  д. 30/15, офис 206/3","пкохорошийгод.рф","pcogoodyear@mail.ru","","","1"
"599","09.08.2024, 61922/24/314486-ЕК","Общество с ограниченной ответственностью «Профессиональная коллекторская организация «Система Коллект»,  ООО «ПКО «СК»","ОГРН 1246100004611, ИНН 6161150583","СПАО «Ингосстрах», период действия договора с 15.07.2025 по 14.07.2026","344096, Ростовская область, г.о. Ростов-на-Дону, г. Ростов-на-Дону, пр-кт Королева, зд. 7/19, оф. 608","коллект.online","SYSTEMCOLLECTRND@MAIL.RU","","","4"
"600","05.09.2024, 77922/24/439821- НК","Общество с ограниченной ответственностью Профессиональная коллекторская организация «Легал Групп»,  ООО ПКО «Легал Групп»","ОГРН 1247700418580, ИНН 9724193314","ООО «Абсолют Страхование», период действия договора, С 09.08.2025 по 08.08.2026","115573,  г. Москва,  вн.тер.г. муниципальный округ Зябликово,  проезд Ореховый, д. 39, к. 2, кв. 449","legalgrupp.ru","Legalgrupp77@yandex.ru","","","1"
"601","11.09.2024, 77922/24/444648- НК","Общество с ограниченной ответственностью «Профессиональная коллекторская организация «Инвестиционная компания РАНТЬЕ»,  ООО «ПКО «ИК РАНТЬЕ»","ОГРН 5147746339857, ИНН 7725848489","ООО «Абсолют Страхование», период действия договора, С 05.07.2025 по 04.07.2026","109443,  г. Москва,  ул. Юных Ленинцев,  д. 89, корп. 1,  этаж/комн цоколь/3","рантье.москва","R5003399@yandex.ru","","","1"
"602","19.09.2024, 77922/24/453211- НК","Общество с ограниченной ответственностью Профессиональная коллекторская организация «БиКлевер Коллект»,  ООО ПКО «БиКлевер Коллект»","ОГРН 1247700479630, ИНН 9719070211","АО «АльфаСтрахование», период действия договора С 28.08.2025 по 27.08.2026","105066,  г. Москва, вн.тер.г.муниципальный округ Басманный,  ул. Нижняя Красносельская,  д. 40/12, к. 5","beeclevercollect.ru","info@beeclevercollect.ru","","","1"
"603","19.09.2024, 77922/24/453275- НК","Общество с ограниченной ответственностью Профессиональная коллекторская организация «Медиатор», ООО ПКО «Медиатор»","ОГРН 1247700495240, ИНН 9718263193","ООО «Абсолют Страхование», период действия договора С 02.08.2025 по 01.08.2026","107061,  г. Москва,  вн.тер.г. муниципальный округ Преображенское, пл. Преображенская,  д. 8","PKOMEDIATOR.RU","info@pkomediator.ru","","","1"
"604","20.09.2024,  03907/24/152201-ПЕ","Общество с ограниченной ответственностью «Профессиональная коллекторская организация Фин Спец Бюро»","ОГРН 1240300002172,  ИНН 0300021964","СПАО ""Ингосстрах"" период действия договора С 08.04.2026 по 07.04.2027","670042,  Республика Бурятия,  г. Улан-Удэ,  ул. 3-й уч-к Дивизионная, д.836 кв.58","FINSPECBURO.RU","finspecburo@mail.ru","","","1"
"605","27.09.2024 26922/24/103242-АА","Общество с ограниченной ответственностью «Профессиональная коллекторская организация «Диоген», ООО «ПКО «Диоген»","ОГРН 1242600007540, ИНН 2635261859","СПАО «Ингоcстрах»,  Период действия договора С 18.08.2025 по 17.08.2026","355037,  Ставропольский край, г. Ставрополь, ул. Доваторцев, д. 44Д","диоген.space.ru","diogen.2024@mail.ru","","","4"
"606","27.09.2024, 42922/24/58868-ДТ","Общество с ограниченной ответственностью Профессиональная коллекторская организация «ПроФи», ООО ПКО «ПроФи»","ОГРН 1244200008557, ИНН 4205422890","СПАО «Ингосстрах», период действия договора с 30.08.2025 по 29.08.2026","650000, Кемеровская область – Кузбасс, г.о. Кемеровский, г. Кемерово, пр-кт. Советский, д. 2/7","pkoprofee.ru","info@pkoprofee.ru","","","1"
"607","30.09.2024, 34922/24/68704-ГК","Общество с ограниченной ответственностью «Профессиональная коллекторская организация «Интеграл», ООО «ПКО «Интеграл»","ОГРН 1243400005166, ИНН 3459086819","СПАО «Ингосстрах», период действия договора с 19.08.2025 по 18.08.2026","400078, Волгоградская область, г.о. город-герой Волгоград, г. Волгоград,  просп. им. В.И. Ленина,  д. 98, офис 418","интеграл.space.ru","integral2025@bk.ru","","",""
"608","01.10.2024,  74922/24/65053-ЮТ","Общество с ограниченной ответственностью Профессиональная Коллекторская организация «Уральский дом», ООО ПКО «Уральский дом»","ОГРН 1157460005724, ИНН 7460024758","ООО «Абсолют Страхование», период действия договора С 01.09.2025 по 31.08.2026","454008,  Челябинская область,  г. Челябинск,  пр-кт Комсомольский,  д. 14, офис 401","pkoud.ru","pkoud@mail.rup","","","1"
"609","11.11.2024, 22922/24/138652-ДЛ","Общество с ограниченной ответственностью Профессиональная коллекторская организация «АлтайТендер-Консалтинг»,  OOO ПКО «АлтайТендер-Консалтинг»","ОГРН1142225014810, ИНН 2225153627","СПАО «Ингосстрах»,  период действия договора с 08.08.2025 по 07.08.2026","656043,  Алтайский край,  г. Барнаул,  пр-кт Красноармейский, д. 15, пом. Н16,","altcons.ru","paucfo22kam@yandex.ru","","","1"
"610","15.11.2024, 54922/24/262662-СН","Общество с ограниченной ответственностью профессиональная коллекторская организация «Б-Коллект», ООО ПКО «Б-Коллект»","ОГРН 1245400031381, ИНН 5406843025","СПАО «Ингосстрах»,  период действия договора с 05.11.2025 по 04.11.2026","125493,  г. Москва,  вн.тер.г. муниципальный округ Левобережный,  ул. Флотская,  д. 5 к. А, помещ. 15/1","bcollect.ru","info@bcollect.ru.","","","1"
"611","25.11.2024, 78922/24/1145192-АЛ","общества с ограниченной ответственностью «Профессиональная коллекторская организация «ФИНАНС КОЛЛЕКШН»,  ООО ""ПКО ""ФК""","ОГРН 1247800100998, ИНН 7840115899","АО «АльфаСтрахование», период действия договора с 01.11.2025 по 30.04.2026","199106,  г.Санкт-Петербург, вн.тер.г. муниципальный округ Гавань, пр-т Средний В.О.,  д. 88, литера А,  пом. 40-Н","pko-fk.ru","info@pko-fk.ru","","","1"
"612","04.12.2024, 18922/24/264106-ИН","Общество с ограниченной ответственностью Профессиональная коллекторская организация «Союз»,  ООО ПКО «Союз»","ОГРН 1151832017105,  ИНН 1841056860","СПАО «Ингосстрах», период действия договора с 12.09.2025 по 11.09.2026","426068,  Удмуртская Республика, г.о. город Ижевск,  г. Ижевск,  ул. им. Петрова,  д. 51, офис 3","union18.ru","unionv18@yandex.ru","","","1"
"613","05.12.2024, 16922/24/192839-НТ","Общество с ограниченной ответственностью «Профессиональная коллекторская организация «Компас», ООО «ПКО «Компас»","ОГРН 1211600001821, ИНН 1656117090","СПАО «Ингосстрах», период действия договора с 21.11.2025 по 20.11.2026","420054,  Республика Татарстан, г.о. город Казань, г. Казань, ул. Лукницкого, д. 2, кабинет 713","pko-kompass.ru","pko.kompass@mail.ru","","","4"
"614","12.12.2024, 77922/24/1140862-НК","Общество с ограниченной ответственностью «Профессиональная коллекторская организация «ПЭЙБЭК», ООО «ПКО «ПЭЙБЭК»","ОГРН 1247700619946, ИНН 9704250356","АО «АльфаСтрахование», период действия договора с 15.11.2025 по 14.11.2026","119021,  г. Москва,  вн.тер.г. муниципальный округ Хамовники,  пер. Оболенский,  д. 9, к. 3, помещ. 2/П","пэйбэк.рф","5919133@mail.ru","","","1"
"615","12.12.2024, 77922/24/1140863-НК","Общество с ограниченной ответственностью «Профессиональная коллекторская организация «ФИНПРАВСЕКЬЮРИТИ», ООО «ПКО «ФПС»","ОГРН 1247700552330, ИНН 7708440146","СПАО «Ингосстрах», период действия договора с 08.11.2025 по 07.11.2026","129090,  г. Москва,  вн. тер. г. муниципальный округ Красносельский, пер. Грохольский,  д. 29, к. 1","finpravsecurity.ru","info@finpravsecurity.ru","","","1"
"616","13.12.2024, 18922/24/268545-ИН","Общество с ограниченной ответственностью Профессиональная коллекторская организация «БлицФинанс»,  ООО ПКО «БлицФинанс»","ОГРН 1241800013553, ИНН 1800024700","АО «Совкомбанк страхование», период действия договора с 21.10.2025 по 20.10.2026","427962,  Удмуртская Республика, г.о. город Сарапул,  г. Сарапул,  ул. Советская,  д. 17 а","kollektorbf.ru","dir@kollektorbf.ru","","","1"
"617","19.12.2024, 349222/24/150473-ДТ","Общество с ограниченной ответственностью Профессиональная коллекторская организация «Волга-Коллект», ООО «ПКО «Волга-Коллект»","ОГРН 1243400009600, ИНН 3459087354","АО «АльфаСтрахование»,  период действия договора  с 08.11.2025 по 07.11.2026","400007,  Волгоградская область, г.о. город-герой Волгоград, г. Волгоград,  пр-кт им. В.И. Ленина,  д. 85, офис 2","vlgkollekt34.ru","PKO.Volga-Kollekt@yandex.ru","","","1"
"618","23.12.2024, 77922/24/1159068-НК","Общество с ограниченной ответственностью «Профессиональная коллекторская организация «ФОРТ»», ООО «ПКО «ФОРТ»»","ОГРН 1247700720838, ИНН 9724206796","ООО «Абсолют Страхование», период действия договора с 12.11.2025 по 11.11.2026","115551,  г. Москва,  вн.тер.г. муниципальный округ Орехово-Борисово Северное,  проезд Шипиловский,  д. 47, помещ. 13Н","pkofort.ru","fort-collekt@mail.ru","","","3"
"619","29.01.2025, 36907/25/6369-РП","Общество с ограниченной ответственностью профессиональная коллекторская организация «ФКС» ,  ООО ПКО «ФКС»","ОГРН 1243600017088, ИНН 3665828745","СПАО «Ингострах» , период действия договора с 23.01.2026 по 22.01.2027","394006,  Воронежская область, г.Воронеж,  ул. 20-летия Октября, д.90б, оф.412","fks-vrn.ru","fks-vrn@mail.ru","","","1"
"620","03.02.2025, 77922/25/33831-НК","Акционерное общество «Профессиональная коллекторская организация «ГОРКОЛЛЕКТ» АО «ПКО «ГОРКОЛЛЕКТ»","ОГРН 1247700771394, ИНН 9714064623","СПАО «Ингосстрах», период действия договора с 05.12.2025 по 04.12.2026","123007,  г. Москва,  вн.тер.г. муниципальный округ Хорошевский,  ш. Хорошёвское,  д. 13А, к. 3, помещ. 4П","gorcollect.pro","pco.collect@gmail.com","","","1"
"621","10.03.2025, 77922/25/54325-НК","Общество с ограниченной ответственностью «Профессиональная коллекторская организация «Бэст Инвест Консалтинг»,  ООО «ПКО «Бэст Инвест Консалтинг»","ОГРН 1247700287878, ИНН 7708434569","ООО «Абсолют Страхование», период действия договора, с 20.02.2025 по 19.02.2026","107078,  г. Москва,  вн.тер.г. муниципальный округ Красносельский, пр-д Красноворотский,  д. 3, стр. 1, пом. 1/М","pco-bestsinvestkonsalt.ru","bs-invest@inbox.ru","","","1"
"622","19.03.2025, 21907/25/8352-СР","Общество с ограниченной ответственностью Профессиональная коллекторская организация «Сигма Коллект», ООО ПКО «Сигма Коллект»","ОГРН 1242100008590, ИНН 2100021544","ООО «Абсолют Страхование», период действия договора с 05.03.2026 по 04.03.2027","428000,  Чувашская Республика – Чувашия,  г.о. город Чебоксары, г. Чебоксары, ул. Афанасьева,  д. 8, офис 302","sigma-collekt.ru","sigma-collekt@mail.ru","","","1"
"623","19.03.2025, 77922/25/60754-НК","Общество с ограниченной ответственностью профессиональная коллекторская организация «Ругевит»,  ООО ПКО «Ругевит»","ОГРН 1247700606757, ИНН 9722083732","ПАО СК «Росгосстрах», период действия договора с 06.11.2025 по 05.11.2026","115088,  г. Москва,  вн.тер.г.муниципальный округ Южнопортовый,  ул. 1-ая Дубровская,  д. 13А, стр. 2","rugevit.com","info@rugevit.com","","","1"
"624","28.03.2025, 54922/25/43776-СН","Общество с ограниченной ответственностью Профессиональная коллекторская организация «Служба финансовой поддержки»,  ООО ПКО «СФП»","ОГРН 1155476000855, ИНН 5402001331","СПАО «Ингосстрах»,  период действия договора с 05.03.2026 по 04.03.2027","121352,  г. Москва, вн. тер. г. муниципальный округ Фили-Давыдково,  ул. Давыдковская, д. 18, кв. 78","pko-avantage.ru","info@pko-avantage.ru","","","1"
"625","31.03.2025, 76907/25/15679-ПА","Общество с ограниченной ответственностью Профессиональная коллекторская организация «Рубикон»","ОГРН 1247600011526, ИНН 7627061196","АО «Совкомбанк страхование», период действия договора  с 05.03.2026 по 04.03.2027","454004,  Челябинская область,  г.о. Челябинский,  г. Челябинск,  ул. Академика Королева, д. 48, кв. 63","pkorubikon.ru","info@pkorubikon.ru","","","1"
"626","03.04.2025, 77922/25/67465-НК","Общество с ограниченной ответственностью Профессиональная Коллекторская Организация «ХАБЕР», ООО ПКО «ХАБЕР»","ОГРН 1187746377411, ИНН 7743250388","СПАО «Ингосстрах», период действия договора с 30.12.2025 по 29.12.2026","125212,  г. Москва,  вн.тер.г. муниципальный округ Головинский,  б-р Кронштадтский,  д. 7А, помещ. 1/1","hublegal.ru","info@hublegal.ru","","","1"
"627","07.04.2025, 52922/25/38502-АЮ","Общество с ограниченной ответственностью Профессиональная коллекторская организация «Финдолг», ООО ПКО «Финдолг»","ОГРН 1232100004542, ИНН 2100008039","СПАО «Ингосстрах»,  период действия договора с 10.03.2026 по 09.03.2027","603022,  Нижегородская область, г. Нижний Новгород,  ул. Тимирязева,  д. 15, корп. 2, помещ. П33","pkofindolg.ru","vektor21223@yandex.ru","","","1"
"628","09.04.2025, 70907/25/15781-ЮД","Общество с ограниченной ответственностью Профессиональная коллекторская организация «ИНКРЕДИТ», ООО ПКО «ИНКРЕДИТ»","ОГРН 1237000005990, ИНН 7000008612","СПАО «Ингосстрах», период действия договора с 18.01.2026 по 17.01.2027","634034,  Томская область,  г Томск,  ул Кулева,  д. 24, офис 302","incredit.su","increditorg@mail.ru","","","1"
"629","09.04.2025, 78922/25/164900-АЛ","Общество с ограниченной ответственностью «Профессиональная коллекторская организация «Центр взыскания»,  ООО «ПКО «Центр взыскания»","ОГРН 1247800118224, ИНН 7842226280","АО «АльфаСтрахование», период действия договора с 27.12.2025 по 26.12.2026","191015,  г. Санкт-Петербург, вн.тер.г. муниципальный округ Смольнинское,  ул. Шпалерная,  д. 54/2, литера А,  офис 416","пкоцв.рф","centrvzyskania@xmail.ru","","","1"
"630","21.04.2025, 77922/25/79874-НК","Общество с ограниченной ответственностью Профессиональная коллекторская организация «МТК КОЛЛЕКТ»,  ООО ПКО «МТК КОЛЛЕКТ»","ОГРН 1247700787179, ИНН 9704254664","ООО «БСД», период действия договора с 19.03.2025 по 18.03.2026","119019,  г. Москва,  вн. тер. г.муниципальный округ Арбат,  пер. Староваганьковский, д. 19, стр. 7.","мткколлект.рф","vsnooze@gmail.com","","","1"
"631","29.04.2025, 54922/25/53199-СН","Общество с ограниченной ответственностью профессиональная коллекторская организация «Человек в законе»,  ООО ПКО «Человек в законе»","ОГРН 1255400009358, ИНН 5402087120","АО «АльфаСтрахование», период действия договора с 22.04.2026 по 21.04.2027","630049,  Новосибирская область, г.о. город Новосибирск,  г. Новосибирск,  пр-т Красный,  д. 167/3","человеквзаконе.рф","chelovekvzakonr@bk.ru","","","1"
"632","29.04.2025, 52922/25/43856-АЮ","Общество с ограниченной ответственностью Профессиональная коллекторская организация «Правозащитник», ООО ПКО «Правозащитник»","ОГРН 1125263003711, ИНН 5263092667","СПАО «Ингосстрах», период действия договора с 21.04.2026 по 20.04.2027","603040,  Нижегородская область, г. Нижний Новгород,  ул. Бурнаковская,  д. 53, кв. 16","pko-pravozaschitnik.ru","pko@bankrotim.pro","","","1"
"633","14.05.2025, 50922/25/117192-АТ","Общество с ограниченной ответственностью Профессиональная коллекторская организация «Сириус-Трейд», ООО ПКО «Сириус-Трейд»","ОГРН 1092801011600, ИНН 2801146767","СПАО «Ингосстрах», период действия договора с 30.01.2026 по 29.01.2027","143080,  Московская область, г.о. Одинцовский,  дп Лесной городок,  ул. Школьная, д. 1, помещ. 17 этаж 7","serioustrade.ru","serious@serioustrade.ru","","","1"
"634","15.05.2025, 50922/25/117792-АТ","Общество с ограниченной ответственностью «Профессиональная коллекторская организация «Юридический центр Эталон», ООО «ПКО «ЮЦ ЭТАЛОН»","ОГРН 1215000125152, ИНН 5032335873","АО «Совкомбанк страхование», период действия договора с 11.02.2026 по 10.02.2027","143001,  Московская область, г.о. Одинцовский, г. Одинцово,  ул. Сколковская, д. 5А, кв. 492","pkoetalon.ru","uc.etalon@mail.ru","","","1"
"635","23.05.2025, 08907/25/9785-РМ","Общество с ограниченной ответственностью «Профессиональная коллекторская организация «ЭЛИСТА ИНВЕСТ», ООО ПКО «ЭЛИСТА ИНВЕСТ»","ОГРН 1250800003717, ИНН 0800029295","ООО «Абсолют Страхование», период действия страхования  с 07.05.2025 по 06.05.2026","358014,  Республика Калмыкия, г.о. город Элиста. г. Элиста,  ул. им. М.З. Аккочкарова, д. 25, помещ. 8.","PKOEI.RU","info@pkoei.ru","","","1"
"636","23.05.2025, 08907/25/9786-РМ","Общество с ограниченной ответственностью «Профессиональная коллекторская организация «ИВА ГРУПП», ООО «Профессиональная коллекторская организация «ИВА ГРУПП»","ОГРН 1250800003673, ИНН 0800029256","ООО «Абсолют Страхование», период действия страхования с 07.05.2025 по 06.05.2026","358014,  Республика Калмыкия, г. Элиста,  ул. им. М.З. Аккочкарова, д. 32, помещ. 1.","PKOIG.RU","pkoivagroup@mail.ru","","","1"
"637","02.06.2025, 78922/25/179355-АЛ","Общество с ограниченной ответственность Профессиональная коллекторская организация «Аворд»,  ООО ПКО «Аворд»","ОГРН 1257800028310, ИНН 7814850070","АО «Ингосстрах», период действия договора с 15.04.2026 по 14.04.2027","197342, г. Санкт-Петербург, вн.тер.г. муниципальный округ Ланское,  ул. Торжковская,  д. 5, литера А,  помещ. 13-Н, ком. 93","pko-aword.ru","george_pc@bk.ru","","","1"
"638","06.06.2025,  38922/25/42930-ТБ","Общество с ограниченной ответственностью Профессиональная коллекторская организация «Байкал», ООО ПКО «Байкал»","ОГРН 1253800003490,  ИНН 3849106877","СПАО ""Ингосстрах"",  период действия договора с 01.04.2026 по 31.03.2027","664047,  Иркутская область,  г.о. город Иркутск,  г. Иркутск,  ул. Карла Либкнехта,  д. 121, офис 507","pkobaikal.ru","pkobaykal@mail.ru","","","1"
"639","11.06.2025, 63922/25/43379-СК","Общество с ограниченной ответственностью Профессиональная коллекторская организация «Эквити Групп», ООО ПКО «Эквити Групп»","ОГРН 1256300009943, ИНН 6318076228","САО «ВСК», период действия договора с 06.05.2026 по 05.05.2027","443090,  Самарская область,  г.о. Самара,  вн. р-н Октябрьский,  г. Самара,  ул. Советской Армии,  д. 180, стр. 3","equity-group.ru","phoequity@ro.ru","","","1"
"640","16.06.2025,  74922/25/51314-ЮТ","Общество с ограниченной ответственностью Профессиональная Коллекторская организация «АВД Урал», ООО ПКО «АВД Урал»","ОГРН 1257400009195,  ИНН 7453364200","СПАО «Ингосстрах», период действия договора с 29.05.2026 по 28.05.2027","454020,  Челябинская область,  г.о. Челябинский, г. Челябинск,  ул. Энтузиастов,  д. 30, помещ. 26","avdural.ru","avdural@bk.ru","","","1"
"641","16.06.2025, 61922/25/62581-ЕК","Общество с ограниченной ответственностью «gрофессиональная коллекторская организация «Набат»,  ООО «ПКО «Набат»","ОГРН 1256100007393, ИНН 61652423090","СПАО «Ингосстрах», период действия договора с 24.04.2026 по 23.04.2027","344064, Ростовская область, г.о. Ростов-на-Дону, г. Ростов-на-Дону, пр-кт Королева, зд. 1Ю, ком. 19","bp-3-nabat.ru","nabat.pko@bk.ru","","","1"
"642","26.06.2025 № 54922/25/68413-СН","Общество с ограниченной ответственностью «Профессиональная коллекторская организация «Алькор»,  ООО «ПКО «Алькор»","ОГРН 1255400010645, ИНН 5406847326","СПАО «Ингосстрах»,  период действия договора  с 24.04.2026 по 23.04.2027","630007,  Новосибирская область,  г.о. город Новосибирск,  г. Новосибирск,  ул. Серебренниковская,  д. 14, офис 202","bp3alkor.ru","ooopko.alkor@mail.ru","","","1"
"643","03.07.2025, 18922/25/332658-ИН","Общества с ограниченной ответственностью «Профессиональная коллекторская организация «РУСФИНАНСГРУПП», ООО «ПКО РФГ»","ОГРН12118000027, ИНН 1832159860","АО «Альфа Страхование», период действия договора с 17.07.2025 по 16.07.2026","426006,  Удмуртская Республика, г.о. город Ижевск, г. Ижевск,  ул. Телегина,  д. 30, оф. 208.","rfgcompany.ru","rfg.company@mail.ru","","","1"
"644","09.07.2025, 34922/25/43295-ДТ","Общество с ограниченной ответственностью «профессиональная коллекторская организация «Мирам», ООО «ПКО «Мирам»","ОГРН 1253400002316, ИНН 3459088044","СПАО «Ингосстрах», период действия договора с 24.04.2026 по 23.04.2027","400078,  Волгоградская область, г.о. город-герой Волгоград,  г. Волгоград,  пр-кт им. В.И. Ленина,  д. 98, офис 504-508","bp3miram.ru","miram.pko@bk.ru","","","1"
"645","16.07.2025, 50922/25/154522-АТ","Общество с ограниченной ответственностью «Профессиональная коллекторская организация «Б2», ООО «ПКО «Б2»","ОГРН 1245000124346, ИНН 5003166395","ПАО СК «Росгосстрах», период действия договора с 21.03.2026 по 20.03.2027","143080,  Московская область, г.о. Одинцовский,  пгт. Лесной Городок, ул. Центральная д. 65/1","pkob2.ru","collection@pko.b2.ru","","","1"
"646","05.08.2025, 74922/25/64598-ЮТ","Общество с ограниченной ответственностью Профессиональная коллекторская организация «БЮРО», ООО ПКО «БЮРО»","ОГРН 1247400021967, ИНН 7449154545","АО «АльфаСтрахование», период действия договора с 21.07.2025 по 20.07.2026","454090,  Челябинская область, Челябинский г.о., г. Челябинск, ул. Красноармейская, д. 109","pko-buro.ru","info@pkoburo.ru","","","1"
"647","22.08.2025, 61922/25/92282-МЧ","ОБЩЕСТВО С ОГРАНИЧЕННОЙ ОТВЕТСТВЕННОСТЬЮ ПРОФЕССИОНАЛЬНАЯ КОЛЛЕКТОРСКАЯ ОРГАНИЗАЦИЯ «АСТРИЯ»,  ООО ПКО «АСТРИЯ»","ОГРН 1246100031143,  ИНН 6165241369","ООО ""Абсолют Страхование"", период действия договора с 30.05.2025 по 29.05.2026","344038,  Ростовская область,  г.о. город Ростов-на-Дону,  г. Ростов-на-Дону,  пр-кт Михаила Нагибина, зд. 14А, помещ.1","astriya.ru","astriya@internet.ru","","","1"
"648","26.08.2025, № 77922/25/158250-НК","Общество с ограниченной ответственностью Профессиональная коллекторская организация «ИСТПРОФ»,  ООО ПКО «ИСТПРОФ»","ОГРН 1217700524766, ИНН 9724061540","АО «Зетта Страхование», период действия договора  С10.06.2025 по 09.06.2026","115230  г. Москва,  вн.тер.г. муниципальный округ Нагатино-Садовники,  проезд Хлебозаводский,  д. 7, стр. 9,  помещ. 9/Н","istproff.ru","istproff@yandex.ru","","","1"
"649","01.09.2025, 08907/25/16059-РМ","Общество с ограниченной ответственностью Профессиональная коллекторская организация «НАСЛЕДИЕ», ООО ПКО «НАСЛЕДИЕ»","ОГРН 0800031713,  ИНН 1250800006137","ООО «Абсолют страхование», период действия договора  с 11.08.2025 по 10.08.2026","358014,  Республика Калмыкия, г. Элиста,  ул. им. М.З. Аккочкарова, д. 32, помещ. 2.","pkonasledie.ru","pkonasledie@mail.ru","","","1"
"650","15.09.2025, 08907/25/17075-РМ","Общество с ограниченной ответственностью Профессиональная коллекторская организация «МИРА», ПКО «МИРА»","ОГРН 1246300004301, ИНН 6311197544","СПАО «Ингосстрах»,  период действия договора с 14.08.2025 по 13.08.2026","358000,  Республика Калмыкия,  г.о. город Элиста, г. Элиста,  ул. В.И. Ленина, д. 240, помещ. 402","мира.online","ooo.mira.00@bk.ru","","","1"
"651","19.09.2025, 14907/25/35279-СЧ","Общество с ограниченной ответственностью Профессиональная коллекторская организация «Финансовый поток»","ОГРН 1251400005977, ИНН 1400048714","СПАО «Ингосстрах», период действия договора С 31.07.2025 по 30.07.2026","677000, Республика Саха (Якутия), г. Якутск, ул. Дзержинского, д.11 помещ.4","finpotok.ru","finpotok2025@bk.ru","","","1"
"652","22.09.2025, 78922/25/132101-АЛ","Общество с ограниченной ответственность Профессиональная коллекторская организация «Превенция»,  ООО ПКО «Превенция»","ОГРН 1227800001637, ИНН 7801708180","АО «Совкомбанк Страхование», период действия договора с 01.08.2025 по 31.07.2026.","195279,  г. Санкт-Петербург, вн.тер.г. муниципальный округ Пороховые,  пр-кт Индустриальный,  д. 44, литера А,  помещ. 1-Н, каб. 315","PKOPREV.RU","office@pkoprev.ru","","","1"
"653","06.10.2025, 77922/25/183751-НК","Общество с ограниченной ответственностью «Профессиональная коллекторская организация «Эквити Лаб»,  ООО «ПКО «Эквити Лаб»","ОГРН 1237700009360, ИНН 7707481573","СПАО «Ингосстрах»,  период действия договора  с 01.08.2025 по 31.07.2026","121087,  г. Москва,  вн.тер.г. муниципальный округ Филевский парк,  ул. Барклая,  д. 6, стр. 5, помещ. 22И/4","эквитилаб.рф","ekvitilab@yandex.ru","","","1"
"654","21.10.2025, 18922/25/350821-ИН","Общество с ограниченной ответственностью Профессиональная коллекторская организация «ВИД»,  ООО ПКО «ВИД»","ОГРН 1251800010923, ИНН 1800039961","ООО «Абсолют Страхование». период действия договора с 05.09.2025 по 04.09.2026","427960,  Удмуртская Республика,  г.о. город Сарапул, г. Сарапул,  ул. Советская,  д. 2, помещ. 12","pkovid.ru.","pkovid@rosmail.su","","","1"
"655","07.11.2025,  69907/25/38816-ИМ","Общество с ограниченной ответственностью Профессиональная коллекторская организация «ВИРА»","ОГРН 1196952005040,  ИНН 6950227988","АО «АльфаСтрахование», период действия договора с 28.04.2026 по 27.04.2027","170041,  Тверская область,  г.о. город Тверь,  г. Тверь,  пр-кт Комсомольский, д.17/56, ком. 17,  помещ. XIV","pko-vira.ru","ds-ooovira@yandex.ru","","","1"
"656","11.11.2025, 52922/25/100401-АЮ","Общество с ограниченной ответственность. «Профессиональная коллекторская организация «Банкрот-НН»,  ООО «ПКО «Банкрот-НН»","ОГРН 1205200028120, ИНН 5257198055","ООО ""Абсолют Страхование"",  период действия договора с 15.07.2025 по 14.07.2026","603159,  Нижегородская область,  г. Нижний Новгород, Волжская наб.,  д. 23, кв. 5","bankrnn.ru","info@bankrnn.ru","","","1"
"657","13.11.2025 63922/25/81394-ЗМ","Общество с ограниченной ответственностью «Профессиональная коллекторская организация «Региональное взыскание долгов», ООО «ПКО «РВД»","ОГРН 1126320012830, ИНН 6321295413","СПАО «Ингосстрах», период действия договора С 05.11.2025 по 04.11.2026","445057,  Самарская область,  г. Тольятти,  ул. Спортивная,  влд. 9","https://rvdcollect.ru/","rvd.collect@yandex.ru","","","1"
"658","26.11.2025, 54922/25/104318-СН","Общество с ограниченной ответственностью профессиональная коллекторская организация «Агентство финансово-правовых решений»,  ООО ПКО «АФПР»","ОГРН 1255400022811, ИНН 5406849429","ООО «Абсолют страхование», период действия договора  с 12.11.2025 по 11.11.2026","630099,  Новосибирская область, г.о. город Новосибирск,  г. Новосибирск,  ул. Каменская,  д. 7","afpr54.ru","AFPR54@mail.ru","","","1"
"659","26.11.2025, 77922/25/217361-НК","Общество с ограниченной ответственностью «Профессиональная коллекторская организация «ГАРАНТ»,  ООО «ПКО «ГАРАНТ»","ОГРН 1257700417810, ИНН9715516424","АО АльфаСтрахование,  период действия договора с 16.10.2025 по 15.10.2025","127018,  г. Москва,  вн.тер.г. муниципальный округ Бутырский,  ул. Складочная,  д. 1, стр. 1.","pkogarant.ru","info@pkogarant.ru","","","1"
"660","26.11.2025, 77922/25/217363-НК","Общество с ограниченной ответственностью «Профессиональная коллекторская организация «АРГОН»,  ООО «ПКО «АРГОН»","ОГРН 1257700410593, ИНН: 9727113660","ПАО СК «Росгосстрах»,  период действия договора с 29.10.2025 по 28.10.2026","117452, г. Москва,  вн.тер.г. муниципальный округ Зюзино, Черноморский б-р,  д. 17, к. 1, помещ. 4/2/5","pcoargon.ru","pcoargon@yandex.ru","","","1"
"661","23.12.2025, 05907/25/50457-АА","Общество с ограниченной ответственностью Профессиональная коллекторская организация «НЗ» (ООО ПКО «НЗ»)","ОГРН 1161690089527, ИНН 1655356722","СПАО «Ингосстрах», период действия договора с 19 сентября 2025 по 18 сентября 2026","367000,  Республика Дагестан,  г.о. город Махачкала, вн.р-н Ленинский Район,  г Махачкала,  ул Ирчи Казака,  д. 49 А, помещ. 8.","pkonz.ru","director@pkonz.ru","","","1"
"662","24.12.2025, 38922/25/86354-ТБ","Общество с ограниченной ответственностью Профессиональная коллекторская организация «Ригель», ООО ПКО «Ригель»","ОГРН 1253800014456, ИНН 3849110062","СПАО ""Ингосстрах"",  период действия договора с 06.10.25 по 05.10.2026","664009,  Иркутская область,  г. Иркутск, ул. Култукская, д. 13","karigel.ru","ooo.pko.rigel@mail.ru","","","1"
"663","25.12.2025, 63922/25/93897-ЗМ","Общество с ограниченной ответственностью Профессиональная коллекторская организация «Метод», ООО ПКО «Метод»","ОГРН 1256300026465, ИНН 6319267987","СПАО «Ингосстрах», период действия договора С 17.11.2025 по 16.11.2026;","443056, Самарская область, г.о. Самара,  г. Самара,  ул. Подшипниковая,  д. 8","pco-method.ru","info@pco-method.ru","","","1"
"664","29.12.2025, 34922/25/83147-ДТ","Общество с ограниченной ответственностью «профессиональная коллекторская организация «ЦКР», ООО «ПКО «ЦКР»","ОГРН 1133443028575, ИНН 3444209313","СПАО «Ингосстрах», период действия договора с 04.08.2025 по 03.08.2026","400078,  Волгоградская область, г.о. город-герой Волгоград,  г. Волгоград,  ул. им. Кузнецова,  д. 18, кв. 20","ckr-vlg.ru","ckr-vlgt@mail.ru","","","1"
"665","05.02.2026 56922/26/7724-РШ","Общество с ограниченной ответственностью «Профессиональная коллекторская организация «ВБ Коллект»,  ООО «ПКО «ВБ Коллект»","ОГРН 1255600011578, ИНН 5609209760","СПАО «Ингострах», период действия договора с 20.01.2026 по 19.01.2027","460052,  Оренбургская область,  г. Оренбург,  ул. Автомобилистов,  д. 2/1, помещ. 4","wb-collect.ru","wbcollect@mail.ru","","","1"
"666","13.02.2026 №78922/26/3584-ОК","Общество с ограниченной ответственностью Профессиональная коллекторская организация «Новое коллекторское бюро», ООО ПКО «НКБ»","ОГРН 1257800096377, ИНН 7840121765","ООО «Абсолют Страхование», период действия договора с 26.11.2025 по 25.11.2026","191040,  Санкт-Петербург, вн.тер.г. муниципальный округ Владимирский округ,  ул. Пушкинская,  д. 14, литера А,  помещ. 6-Н, ком. 4","PKONKB.RU","mail@pkonkb.ru","","","1"
"667","05.03.2026 77922/26/42498-НК","Общество с ограниченной ответственностью «Профессиональная коллекторская организация «Финансовые Решения», ООО ПКО «Финансовые Решения»","ОГРН 1257700459400, ИНН 9726105916","СПАО «Ингосстрах», период действия договора с 06.11.2025 по 05.11.2026","117556 Москва, вн.тер.г муниципальный округ Нагорный, Нахимовский пр-кт, д. 1, к. 1, помещ. 2/1","fin-solution.ru","info@fin-solution.ru","","","1"
"668","20.03.2026, 78922/26/19223-ОК","Общество с ограниченной ответственность Профессиональная коллекторская организация «Синергия», ООО ПКО «Синергия»","ОГРН 1187847372020, ИНН 7816687422,","СПАО «Ингосстрах»,  период действия договора с 16.09.2025 по 15.09.2026","199178,  г. Санкт-Петербург, вн.тер.г. муниципальный округ Васильевский, линия 17-я В.О.,  д.. 66, литера В,  помещ. 1-Н,  офис 2-20-02","Sinergy.spb.ru","info@sinergy.spb.ru","","","1"
"669","27.03.2026, 40907/26/13534-БН","Общество с ограниченной ответственностью Профессиональная коллекторская организация «Баланс»,  ООО ПКО «Баланс»","OГРН 1264000000153, ИНН 4000034053","ООО «Абсолют Страхование»,  период действия договора с 01.02.2026 по 31.01.2027","249034,  Калужская область,  г. Обнинск,  ул. Молодёжная,  д. 8","PKOBALANCE.RU","pkobalans@mail.ru","","","1"
"670","03.04.2026, 77922/26/72454-НК","Общество с ограниченной ответственностью Профессиональная коллекторская организация «Платформа Взыскания», ООО ПКО «ПВ»","ОГРН 1267700032710, ИНН 9728169200","ООО ""Абсолют Страхование"", период действия договора С 01.03.2026 по 28.02.2027","117630. г. Москва,  вн.тер.г муниципальный округ Обручевский,  ул, Обручева,  д. 23, к. 3","platformacollect.ru","mironychev@pvcollect.ru","","","1"
"671","10.04.2026, 66922/26/110190-АС","Общество с ограниченной ответственностью Профессиональная коллекторская организация «МОЛЛ», ООО ПКО «МОЛЛ»","ОГРН 1195275038815, ИНН 5254493920","ООО «Абсолют Страхование»,  период действия договора  с 01.03.2026 по 28.02.2027","620014,  Свердловская область, г.о. город Екатеринбург,  г. Екатеринбург,  ул. Радищева,  стр. 6А, этаж 2,  офис 206","lot4rent.ru","info@lot4rent.ru","","","1"
"672","23.04.2026, 78922/26/29528-ОК","Общество с ограниченной ответственностью Профессиональная коллекторская организация «Система», ООО ПКО «Система»","ОГРН 1197847250424, ИНН 7806568440","САО «ВСК»,  период действия договора с 30.01.2026 по 29.01.2027","198095,  г. Санкт-Петербург, вн.тер.г. муниципальный округ Нарвский округ, ул. Балтийская,  д. 52-54, литера Д, помещ. 1Н, кабинет 20","sistema112.ru","pro@sistema112.ru","","","1"
"673","28.04.2026, 1/2026","Общество с ограниченной ответственностью «Профессиональная коллекторская организация ""СОЮЗ ФИНАНСОВОЙ БЕЗОПАСНОСТИ"",  ООО ПКО «Союз финансовой безопасности»","ОГРН 1213200003279, ИНН 3257079946","СПАО «Ингосстрах»,  период действия договора с 23.03.2026 по 22.03.2027","241050, Брянская область,  г.о. город Брянск, г. Брянск,  ул. Дуки,  д. 59/11, пом. VIII","SFB-PKO.RU","sfb-pko@mail.ru","","","1"
"674","28.04.2026, 39907/26/35229-ВТ","Общество с ограниченной ответственностью профессиональная коллекторская организация «Воксис. Вестор», ООО ПКО «Воксис. Вестор»","ОГРН 1253900012948, ИНН 3900048378","ООО Абсолют Страхование, период действия договора с 25.02.2026 по 24.02.2027","236006, Калининградская область, г. Калининград, пр-кт Гвардейский,  д. 22","voxys-vestor.ru","info@voxys-vestor.ru","","","1"
"675","06.05.2026, 08907/26/8388-РМ","Общества с ограниченной ответственностью «Профессиональная коллекторская организация «ДЕНУМ ФАКТОР»","ОГРН 1260800001879, ИНН 0800038074","ООО Абсолют Страхование, период действия договора с 13.04.2026 по 12.04.2027","358001,  Республика Калмыкия, г.о. город Элиста,  г. Элиста,  ул. В.И.Ленина,  д. 7Г","denumfactor.ru","info@denumfactor.ru","","","1"
"676","15.05.2026, 43907/26/26266-ДБ","Общество с ограниченной ответственностью профессиональная коллекторская организация «Темида», ООО ПКО «Темида»","ОГРН 1264300001668, ИНН 4345542481","СПАО «Ингосстрах», период действия договора  с 01.04.2026 по 31.03.2027","610000,  Кировская область,  г.о. Киров,  г. Киров,  ул. Спасская,  д. 43/3, помещ. 16","pkotemida.ru","artsalnikov77@yandex.ru","","","1"
"677","14.05.2026, 63922/26/30850-ЗМ","Общество с ограниченной ответственностью Профессиональная коллекторская организация «Солидфинанс», ООО ПКО «Солидфинанс»","ОГРН 1256300013639, ИНН 6318076468,","СПАО «Ингосстрах», период действия договора С 28.07.2025 по 27.07.2026","443090, Самарская область,  г. Самара, ул. Антонова-Овсеенко, д. 44А, помещ. 12Н","solid-finances.ru","info@solid-finances.ru","","","1"
"678","20.05.2026 77922/26/169279-АТ","Общество с ограниченной ответственностью Профессиональная коллекторская организация «ТачКоллект»,  ООО ПКО «ТачКоллект»","ОГРН 1257700581270, ИНН 9734021755","СПАО Ингосстрах,  период действия договора  с 21.01.2026 по 20.01.2027","123060,  Москва,  вн.тер.г. муниципальный округ Щукино,  ул. Маршала Рыбалко,  д. 2, к. 6, помещ. 20/1/11","touchcollect@yandex.ru","пко-тачколлект.рф","","","1"
"679","21.05.2026, 68907/26/20147-ВН","Общество с ограниченной ответственностью профессиональная коллекторская организация «Т-Коллект», ООО ПКО «Т-Коллект»","ОГРН 1226800006443, ИНН 6800001043","СПАО «Ингосстрах», период действия договора С 04.09.2025 по 03.09.2026","393192, Тамбовская область, г. Котовск, ул. Советская, д.15","t-collekt.ru","t-collekt@yandex.ru","","","1"
"680","08.06.2026. 54922/26/112050-СН","Общество с ограниченной ответственностью профессиональная коллекторская организация «Парма», ООО ПКО «Парма»","ОГРН 1265400005584, ИНН 5406853270","СПАО «Ингосстрах»,  период действия договора с 02.04.2026 по 01.04.2027","630099,  Новосибирская область, г.о. город Новосибирск, г. Новосибирск,  ул. Орджоникидзе,  д. 40, помещ. 3511","pkopm.ru","info@pkopm.ru","","","1"
"681","09.06.2026, 42922/26/45285-АП","Общество с ограниченной ответственностью Профессиональная коллекторская организация «Партнер Инвест Финанс», ООО ПКО «ПИФ»","ОГРН 1114205033931, ИНН 4205226408","АО «АльфаСтрахование», период действия договора с 15.12.2025 по 14.12.2026","650000, Кемеровская область – Кузбасс, г.о. Кемеровский, г. Кемерово, ул. 50 лет Октября,  стр. 11","pif-collect.ru","info@partner-invest.com","","","1"
"682","11.06.2026 16922/26/31304","Общество с ограниченной ответственностью Профессиональная коллекторская организация «Точка погашения», ООО ПКО «Точка погашения»","ОГРН 1261600013036, ИНН 1683032254","СПАО «Ингосстрах»,  период действия договора  с 19.05.2026 по 18.05.2027","420021,  Республика Татарстан  г. Казань,  ул. Лукницкого,  д. 2, каб. 1031","pogasi.onlain","pro.ooo@yandex.ru","","","1"
"683","11.06.2026, 61922/26/508304-ЮВ","Общество с ограниченной ответственностью Профессиональная коллекторская организация «КРАЦ», ООО ПКО «КРАЦ»","ОГРН 1266100004697, ИНН 6161154309","СПАО «Ингосстрах»,  период действия договора с 02.04.2026 по 01.04.2027","344038,  Ростовская область,  г.о. город Ростов-на-Дону,  г. Ростов-на-Дону,  пр-кт Михаила Нагибина, юсвзд. 14А, помещ. 23","kratz.ru","info@Kratz.ru","","","1"