id,status,dom,res,debt,goal,inv,lump,confidence
SP5-00000,deficit,none,0.00,0.00,0.00,0.00,0.00,4
SP5-00001,deficit,none,0.00,0.00,0.00,0.00,0.00,4
SP5-00002,ok,reserve,9250.75,6167.17,0.00,0.00,0.00,2
SP5-00003,ok,reserve,13226.12,0.00,0.00,0.00,0.00,3
SP5-00004,ok,debt,7727.74,18031.39,0.00,0.00,0.00,3
SP5-00005,ok,debt,0.00,399626.87,0.00,0.00,2111389.59,2
SP5-00006,deficit,none,0.00,0.00,0.00,0.00,6168644.04,5
SP5-00007,ok,reserve,2605.80,0.00,0.00,0.00,0.00,3
SP5-00008,deficit,none,0.00,0.00,0.00,0.00,0.00,4
SP5-00009,ok,debt,3711.48,5567.22,0.00,0.00,9262.73,2
SP5-00010,ok,reserve,2488.48,0.00,0.00,0.00,0.00,5
SP5-00011,invalid,none,0.00,0.00,0.00,0.00,0.00,5
SP5-00012,ok,reserve,48963.15,0.00,0.00,0.00,0.00,3
SP5-00013,deficit,none,0.00,0.00,0.00,0.00,0.00,4
SP5-00014,ok,reserve,2325.54,0.00,0.00,0.00,0.00,4
SP5-00015,ok,debt,22291.49,52013.46,0.00,0.00,0.00,2
SP5-00016,deficit,none,0.00,0.00,0.00,0.00,0.00,4
SP5-00017,ok,goals+,0.00,0.00,19026.09,103.66,123074.64,3
SP5-00018,deficit,none,0.00,0.00,0.00,0.00,0.00,4
SP5-00019,deficit,none,0.00,0.00,0.00,0.00,4836880.19,5
SP5-00020,deficit,none,0.00,0.00,0.00,0.00,0.00,4
SP5-00021,ok,reserve,9617.24,0.00,0.00,0.00,0.00,4
SP5-00022,deficit,none,0.00,0.00,0.00,0.00,44484926.33,5
SP5-00023,invalid,none,0.00,0.00,0.00,0.00,0.00,5
SP5-00024,deficit,none,0.00,0.00,0.00,0.00,0.00,4
SP5-00025,deficit,none,0.00,0.00,0.00,0.00,0.00,4
SP5-00026,ok,goals+,0.00,0.00,15953.41,1749.60,32279.53,3
SP5-00027,ok,reserve,25454.53,0.00,0.00,0.00,0.00,5
SP5-00028,ok,debt,0.00,6010.54,0.00,0.00,141410.30,3
SP5-00029,ok,reserve,8404.47,0.00,0.00,0.00,0.00,4
SP5-00030,ok,reserve,3670.97,0.00,0.00,0.00,0.00,5
SP5-00031,deficit,none,0.00,0.00,0.00,0.00,0.00,4
SP5-00032,ok,reserve,2777.86,1851.90,0.00,0.00,0.00,2
SP5-00033,ok,none,0.00,0.00,0.00,0.00,0.00,5
SP5-00034,deficit,none,0.00,0.00,0.00,0.00,0.00,4
SP5-00035,deficit,none,0.00,0.00,0.00,0.00,63845668.14,5
SP5-00036,ok,goals+,0.00,0.00,1502360.88,680904.28,88434285.51,2
SP5-00037,ok,goals+,0.00,0.00,910095.15,0.00,16909276.19,2
SP5-00038,deficit,none,0.00,0.00,0.00,0.00,246421.00,5
SP5-00039,ok,debt,404.03,942.73,0.00,0.00,0.00,3
SP5-00040,ok,reserve,24993.15,0.00,0.00,0.00,0.00,4
SP5-00041,ok,reserve,1367.47,0.00,0.00,0.00,0.00,5
SP5-00042,deficit,none,0.00,0.00,0.00,0.00,31809670.85,5
SP5-00043,ok,reserve,12197.43,8131.62,0.00,0.00,10235.55,2
SP5-00044,deficit,none,0.00,0.00,0.00,0.00,0.00,4
SP5-00045,ok,debt,13857.86,32335.02,2431.20,0.00,0.00,3
SP5-00046,invalid,none,0.00,0.00,0.00,0.00,0.00,5
SP5-00047,ok,debt,1829.04,2743.56,0.00,0.00,76821.76,2
SP5-00048,deficit,none,0.00,0.00,0.00,0.00,27002.71,5
SP5-00049,ok,reserve,5337.30,0.00,0.00,0.00,0.00,2
SP5-00050,deficit,none,0.00,0.00,0.00,0.00,62752.89,5
SP5-00051,ok,debt,437445.36,1020705.84,1291.58,0.00,0.00,2
SP5-00052,ok,debt,1937.62,4521.11,0.00,0.00,0.00,3
SP5-00053,ok,reserve,1461.93,3.46,0.00,0.00,0.00,5
SP5-00054,deficit,none,0.00,0.00,0.00,0.00,0.00,4
SP5-00055,deficit,none,0.00,0.00,0.00,0.00,9784313.42,5
SP5-00056,deficit,none,0.00,0.00,0.00,0.00,110305.90,5
SP5-00057,deficit,none,0.00,0.00,0.00,0.00,0.00,4
SP5-00058,invalid,none,0.00,0.00,0.00,0.00,0.00,5
SP5-00059,ok,reserve,3463.61,0.00,0.00,0.00,0.00,4
SP5-00060,ok,debt,0.00,16037.78,0.00,0.00,47931.53,1
SP5-00061,ok,reserve,39117.16,0.00,0.00,0.00,0.00,5
SP5-00062,ok,reserve,14816.24,0.00,0.00,0.00,0.00,3
SP5-00063,deficit,none,0.00,0.00,0.00,0.00,6206378.10,5
SP5-00064,ok,goals+,0.00,0.00,0.00,10568.52,11854.28,3
SP5-00065,ok,reserve,5775.06,0.00,0.00,0.00,0.00,5
SP5-00066,ok,goals+,0.00,0.00,70992.56,0.00,0.00,2
SP5-00067,ok,goals+,0.00,0.00,148499.48,73209.49,5477720.82,2
SP5-00068,deficit,none,0.00,0.00,0.00,0.00,3359425.36,5
SP5-00069,ok,reserve,6427.92,0.00,0.00,0.00,0.00,5
SP5-00070,ok,goals+,0.00,0.00,4868910.54,1185911.25,9917648.26,2
SP5-00071,invalid,none,0.00,0.00,0.00,0.00,0.00,5
SP5-00072,ok,debt,204.34,476.80,0.00,0.00,0.00,4
SP5-00073,deficit,none,0.00,0.00,0.00,0.00,0.00,4
SP5-00074,ok,goals+,0.00,0.00,16890.27,1044.02,349193.07,3
SP5-00075,ok,goals+,0.00,0.00,88732.62,0.00,3712298.14,3
SP5-00076,deficit,none,0.00,0.00,0.00,0.00,0.00,4
SP5-00077,ok,goals+,0.00,0.00,12351.57,26558.07,120792.41,3
SP5-00078,deficit,none,0.00,0.00,0.00,0.00,0.00,4
SP5-00079,ok,reserve,24000.19,0.00,0.00,0.00,0.00,3
SP5-00080,ok,reserve,96481.46,0.00,0.00,0.00,0.00,2
SP5-00081,deficit,none,0.00,0.00,0.00,0.00,0.00,4
SP5-00082,ok,reserve,2710.87,0.00,0.00,0.00,0.00,5
SP5-00083,deficit,none,0.00,0.00,0.00,0.00,0.00,4
SP5-00084,deficit,none,0.00,0.00,0.00,0.00,397977.68,5
SP5-00085,ok,debt,952.86,2223.35,0.00,0.00,0.00,3
SP5-00086,deficit,none,0.00,0.00,0.00,0.00,0.00,4
SP5-00087,ok,reserve,3505.99,0.00,0.00,0.00,0.00,5
SP5-00088,deficit,none,0.00,0.00,0.00,0.00,0.00,4
SP5-00089,ok,goals+,0.00,0.00,12327.18,0.00,489270.13,3
SP5-00090,ok,goals+,1242.62,0.00,19637.84,0.00,0.00,2
SP5-00077,ok,reserve,18188.93,9528.74,0.00,0.00,0.00,5
SP5-00092,ok,goals+,0.00,0.00,40713.83,39344.24,344310.42,3
SP5-00093,ok,debt,0.00,1079172.94,41778.99,0.00,490908.04,2
SP5-00094,ok,goals+,0.00,0.00,866396.17,843165.26,10735872.76,2
SP5-00095,ok,debt,911176.14,2821723.25,0.00,0.00,0.00,2
SP5-00096,deficit,none,0.00,0.00,0.00,0.00,0.00,4
SP5-00097,invalid,none,0.00,0.00,0.00,0.00,0.00,5
SP5-00098,ok,goals+,0.00,0.00,660331145.47,0.00,5000000.00,2
SP5-00099,deficit,none,0.00,0.00,0.00,0.00,0.00,4
SP5-00100,ok,goals+,0.00,0.00,11275.61,0.00,81489.27,2
SP5-00101,deficit,none,0.00,0.00,0.00,0.00,0.00,4
SP5-00102,deficit,none,0.00,0.00,0.00,0.00,166655729.42,5
SP5-00103,deficit,none,0.00,0.00,0.00,0.00,0.00,4
SP5-00104,ok,goals+,0.00,0.00,45600.60,25269.91,704010.66,3
SP5-00105,ok,reserve,12400.95,0.00,0.00,0.00,0.00,5
SP5-00106,deficit,none,0.00,0.00,0.00,0.00,0.00,4
SP5-00107,invalid,none,0.00,0.00,0.00,0.00,0.00,5
SP5-00108,deficit,none,0.00,0.00,0.00,0.00,0.00,4
SP5-00109,deficit,none,0.00,0.00,0.00,0.00,0.00,4
SP5-00110,ok,reserve,119212.25,20294.85,0.00,0.00,0.00,5
SP5-00111,ok,debt,0.00,4694498.11,0.00,0.00,396326.16,2
SP5-00112,ok,debt,0.00,1697304.04,21403.14,0.00,2471181.31,2
SP5-00113,ok,reserve,35832.57,0.00,0.00,0.00,0.00,4
SP5-00114,ok,goals+,0.00,0.00,6197.68,0.00,2474510.75,2
SP5-00110,ok,debt,0.00,79953.81,0.00,0.00,25714.33,3
SP5-00116,deficit,none,0.00,0.00,0.00,0.00,2591.74,5
SP5-00117,deficit,none,0.00,0.00,0.00,0.00,6981088.44,5
SP5-00118,ok,debt,5656.77,13199.12,0.00,0.00,0.00,3
SP5-00119,ok,reserve,6944.81,0.00,0.00,0.00,0.00,4
SP5-00120,ok,goals+,0.00,0.00,795185814.87,354482175.40,2141581592.70,2
SP5-00121,ok,reserve,18701.35,12467.57,0.00,0.00,0.00,2
SP5-00122,deficit,none,0.00,0.00,0.00,0.00,0.00,4
SP5-00123,ok,reserve,16391.71,0.00,0.00,0.00,0.00,3
SP5-00124,invalid,none,0.00,0.00,0.00,0.00,0.00,5
SP5-00125,ok,debt,0.00,17472.25,0.00,0.00,87089.85,3
SP5-00110,ok,goals+,0.00,0.00,6154.29,3638.22,968689.30,3
SP5-00127,deficit,none,0.00,0.00,0.00,0.00,0.00,4
SP5-00128,ok,reserve,19011.88,0.00,0.00,0.00,0.00,4
SP5-00129,ok,reserve,18041.78,0.00,0.00,0.00,0.00,4
SP5-00130,ok,debt,0.00,2730469.27,0.00,0.00,304234.84,2
SP5-00128,ok,reserve,6580.00,0.00,0.00,0.00,0.00,4
SP5-00132,ok,reserve,31392.82,20928.55,0.00,0.00,0.00,2
SP5-00133,ok,debt,0.00,123414.81,6495.52,0.00,1438169.31,2
SP5-00134,ok,goals+,0.00,0.00,21194.53,3547.54,214839.87,4
SP5-00135,ok,reserve,64831.96,0.00,0.00,0.00,0.00,4
SP5-00136,ok,reserve,946.81,631.21,83.05,0.00,0.00,2
SP5-00137,ok,reserve,91477.15,0.00,0.00,0.00,0.00,5
SP5-00138,ok,goals+,0.00,0.00,16877.03,15235.69,871596.62,3
SP5-00139,ok,debt,0.00,993.28,0.00,0.00,146961.43,3
SP5-00140,ok,debt,9552.36,22288.84,0.00,0.00,0.00,3
SP5-00141,ok,goals+,0.00,0.00,22567.87,0.00,0.00,1
SP5-00142,deficit,none,0.00,0.00,0.00,0.00,0.00,4
SP5-00143,ok,reserve,30978.97,0.00,0.00,0.00,0.00,5
SP5-00144,ok,debt,14085.70,32866.62,0.00,0.00,0.00,3
SP5-00128,ok,reserve,163144.28,0.00,0.00,0.00,0.00,4
SP5-00146,ok,reserve,7374.19,0.00,0.00,0.00,0.00,5
SP5-00147,ok,goals+,0.00,0.00,470759465.38,159989009.93,5160361388.98,2
SP5-00148,ok,debt,0.00,227521.10,0.00,0.00,472517.61,2
SP5-00149,ok,reserve,4433.98,0.00,0.00,0.00,0.00,5
SP5-00150,ok,debt,0.00,5318.69,0.00,0.00,18623.76,3
SP5-00151,ok,reserve,159283.08,0.00,0.00,0.00,0.00,3
SP5-00152,ok,reserve,1389.32,926.22,0.00,0.00,0.00,2
SP5-00153,ok,reserve,25743.08,0.00,0.00,0.00,0.00,5
SP5-00154,deficit,none,0.00,0.00,0.00,0.00,0.00,4
SP5-00155,ok,reserve,1389.32,926.22,0.00,0.00,0.00,2
SP5-00156,ok,reserve,19104.93,0.00,0.00,0.00,0.00,5
SP5-00157,invalid,none,0.00,0.00,0.00,0.00,0.00,5
SP5-00158,ok,reserve,6463.73,6158.38,0.00,0.00,0.00,3
SP5-00159,ok,reserve,4647.14,3098.10,0.00,0.00,10064.81,2
SP5-00160,ok,debt,0.00,1114351.30,0.00,0.00,1100439.67,2
SP5-00161,ok,reserve,12825.06,0.00,0.00,0.00,0.00,4
SP5-00162,ok,reserve,4814.06,3209.37,0.00,0.00,23038.93,2
SP5-00163,ok,reserve,19046.81,0.00,0.00,0.00,0.00,3
SP5-00164,ok,reserve,37154.43,0.00,0.00,0.00,0.00,5
SP5-00165,ok,goals+,0.00,0.00,13880.16,0.00,0.00,2
SP5-00166,deficit,none,0.00,0.00,0.00,0.00,1251444.73,5
SP5-00167,ok,goals+,0.00,0.00,1136360.59,122718.11,0.00,2
SP5-00168,ok,reserve,19104.93,0.00,0.00,0.00,0.00,5
SP5-00169,ok,reserve,2760.81,0.00,0.00,0.00,0.00,2
SP5-00170,ok,reserve,5725.08,0.00,0.00,0.00,0.00,4
SP5-00171,deficit,none,0.00,0.00,0.00,0.00,77221530.83,5
SP5-00172,ok,reserve,1067.53,711.69,0.00,0.00,0.00,2
SP5-00173,ok,debt,599265.08,1398285.19,78969.72,0.00,0.00,2
SP5-00174,ok,none,0.00,0.00,0.00,0.00,0.00,2
SP5-00175,deficit,none,0.00,0.00,0.00,0.00,40385819.63,5
SP5-00176,ok,reserve,65493.35,0.00,0.00,0.00,0.00,5
SP5-00177,deficit,none,0.00,0.00,0.00,0.00,4878143.44,5
SP5-00178,ok,goals+,0.00,0.00,7662.03,0.00,227835.35,3
SP5-00179,invalid,none,0.00,0.00,0.00,0.00,0.00,5
SP5-00180,ok,debt,0.00,106238.92,0.00,0.00,1683222.96,2
SP5-00181,deficit,none,0.00,0.00,0.00,0.00,45243.59,5
SP5-00182,deficit,none,0.00,0.00,0.00,0.00,0.00,4
SP5-00183,ok,goals+,0.00,0.00,330921246.86,120486559.26,692551346.73,2
SP5-00184,deficit,none,0.00,0.00,0.00,0.00,0.00,4
SP5-00185,ok,debt,0.00,50870.47,0.00,0.00,39425.77,3
SP5-00186,deficit,none,0.00,0.00,0.00,0.00,97225.90,5
SP5-00187,ok,reserve,23210.81,0.00,20104.04,0.00,0.00,5
SP5-00188,ok,reserve,13689.74,0.00,0.00,0.00,0.00,3
SP5-00189,ok,reserve,799.05,532.70,0.00,0.00,0.00,2
SP5-00190,ok,none,0.00,0.00,0.00,0.00,0.00,2
SP5-00191,ok,debt,5492.82,12816.57,4482.76,0.00,0.00,1
SP5-00192,ok,reserve,4974.58,3316.38,0.00,0.00,0.00,2
SP5-00193,ok,goals+,0.00,0.00,29179.52,0.00,5935.19,2
SP5-00194,ok,reserve,9231.06,0.00,0.00,0.00,0.00,3
SP5-00195,ok,debt,8412.53,12618.80,0.00,0.00,245038.62,2
SP5-00196,ok,goals+,0.00,0.00,7628.20,0.00,114750.81,4
SP5-00197,ok,reserve,5151.39,0.00,0.00,0.00,0.00,5
SP5-00198,ok,reserve,54335.63,0.00,0.00,0.00,0.00,5
SP5-00199,deficit,none,0.00,0.00,0.00,0.00,45243.59,5
SP5-00200,ok,debt,7373.39,11060.09,0.00,0.00,12438.87,2
SP5-00201,ok,reserve,3065.42,0.00,0.00,0.00,0.00,5
SP5-00202,deficit,none,0.00,0.00,0.00,0.00,0.00,4
SP5-00203,ok,goals+,0.00,0.00,3446308.09,525209.56,1866733.49,2
SP5-00204,deficit,none,0.00,0.00,0.00,0.00,0.00,4
SP5-00205,deficit,none,0.00,0.00,0.00,0.00,6837.47,5
SP5-00206,deficit,none,0.00,0.00,0.00,0.00,6362216.15,5
SP5-00207,deficit,none,0.00,0.00,0.00,0.00,35606835.47,5
SP5-00208,deficit,none,0.00,0.00,0.00,0.00,1446069.13,5
SP5-00209,ok,debt,19235.69,28853.53,0.00,0.00,6398.68,2
SP5-00210,ok,reserve,4270.15,0.00,0.00,0.00,0.00,5
SP5-00211,ok,goals+,704.47,0.00,1257.31,0.00,0.00,2
SP5-00212,ok,goals+,0.00,0.00,27247.81,8537.50,242281.14,3
SP5-00213,invalid,none,0.00,0.00,0.00,0.00,0.00,5
SP5-00214,ok,reserve,14561.04,9707.36,0.00,0.00,0.00,2
SP5-00215,ok,reserve,9421.76,0.00,0.00,0.00,0.00,4
SP5-00216,deficit,none,0.00,0.00,0.00,0.00,0.00,4
SP5-00217,deficit,none,0.00,0.00,0.00,0.00,161119.62,5
SP5-00218,ok,none,0.00,0.00,0.00,0.00,0.00,5
SP5-00219,ok,debt,0.00,435665.05,0.00,0.00,1522984.57,3
SP5-00220,ok,reserve,13728.26,0.00,0.00,0.00,0.00,3
SP5-00221,ok,reserve,2165.76,1443.84,0.00,0.00,0.00,2
SP5-00222,deficit,none,0.00,0.00,0.00,0.00,105258.66,5
SP5-00223,ok,goals+,0.00,0.00,12466.92,510.45,212308.02,3
SP5-00224,ok,reserve,19771.16,0.00,0.00,0.00,0.00,4
SP5-00225,invalid,none,0.00,0.00,0.00,0.00,0.00,5
SP5-00226,deficit,none,0.00,0.00,0.00,0.00,10906354.43,5
SP5-00227,ok,debt,0.00,831434.12,43759.69,0.00,1472039.30,2
SP5-00228,invalid,none,0.00,0.00,0.00,0.00,0.00,5
SP5-00229,ok,reserve,27.48,18.32,0.00,0.00,0.00,2
SP5-00230,deficit,none,0.00,0.00,0.00,0.00,0.00,4
SP5-00231,ok,goals+,0.00,0.00,1013215.89,960094.90,2670611.60,2
SP5-00232,ok,debt,3239.92,7559.80,0.00,0.00,8652.49,3
SP5-00233,deficit,none,0.00,0.00,0.00,0.00,307976.51,5
SP5-00234,deficit,none,0.00,0.00,0.00,0.00,105367.39,5
SP5-00235,ok,reserve,1943.53,1295.68,0.00,0.00,0.00,2
SP5-00236,deficit,none,0.00,0.00,0.00,0.00,0.00,4
SP5-00237,ok,goals+,0.00,0.00,518.65,0.00,968648.76,3
SP5-00238,ok,goals+,0.00,0.00,169331.97,209741.29,5619250.37,2
SP5-00239,ok,reserve,39559.07,0.00,0.00,0.00,73340.93,3
SP5-00240,ok,debt,4250.27,9917.29,0.00,0.00,0.00,3
SP5-00241,deficit,none,0.00,0.00,0.00,0.00,517994.44,5
SP5-00242,deficit,none,0.00,0.00,0.00,0.00,8371556.76,5
SP5-00243,ok,reserve,17497.69,0.00,8391.84,0.00,0.00,2
SP5-00244,ok,reserve,33270.84,0.00,0.00,0.00,0.00,5
SP5-00245,deficit,none,0.00,0.00,0.00,0.00,0.00,4
SP5-00246,deficit,none,0.00,0.00,0.00,0.00,0.00,4
SP5-00247,ok,reserve,3261.77,0.00,0.00,0.00,0.00,2
SP5-00248,deficit,none,0.00,0.00,0.00,0.00,0.00,4
SP5-00249,ok,reserve,2016.43,1344.28,0.00,0.00,0.00,2
SP5-00250,deficit,none,0.00,0.00,0.00,0.00,60097.38,5
SP5-00251,ok,reserve,41069.97,0.00,0.00,0.00,0.00,4
SP5-00252,ok,reserve,12784.88,0.00,0.00,0.00,0.00,4
SP5-00253,deficit,none,0.00,0.00,0.00,0.00,34617380.15,5
SP5-00254,ok,reserve,2151.71,0.00,0.00,0.00,0.00,5
SP5-00255,ok,reserve,40798.64,27199.09,0.00,0.00,0.00,2
SP5-00256,deficit,none,0.00,0.00,0.00,0.00,1027993.54,5
SP5-00257,deficit,none,0.00,0.00,0.00,0.00,32931.25,5
SP5-00258,ok,debt,1612.73,3763.05,0.00,0.00,0.00,4
SP5-00259,deficit,none,0.00,0.00,0.00,0.00,0.00,4
SP5-00260,ok,debt,453576.55,1463001.16,0.00,0.00,0.00,2
SP5-00261,deficit,none,0.00,0.00,0.00,0.00,0.00,4
SP5-00262,ok,goals+,0.00,0.00,615176.88,271160.32,48053943.55,2
SP5-00263,ok,debt,0.00,5037.11,0.00,0.00,81879.80,3
SP5-00264,ok,goals+,0.00,0.00,9452.18,0.00,70255.65,3
SP5-00265,ok,debt,0.00,26400.37,0.00,0.00,45320.68,3
SP5-00266,deficit,none,0.00,0.00,0.00,0.00,421600.57,5
SP5-00267,ok,goals+,0.00,0.00,2244.63,0.00,37992.96,3
SP5-00268,ok,goals+,0.00,0.00,2747364.56,2551483.58,25157865.34,2
SP5-00269,deficit,none,0.00,0.00,0.00,0.00,0.00,4
SP5-00270,ok,goals+,0.00,0.00,2437.59,0.00,0.00,1
SP5-00271,ok,reserve,2016.43,1344.28,0.00,0.00,0.00,2
SP5-00272,invalid,none,0.00,0.00,0.00,0.00,0.00,5
SP5-00273,deficit,none,0.00,0.00,0.00,0.00,0.00,4
SP5-00274,deficit,none,0.00,0.00,0.00,0.00,203731.10,5
SP5-00275,ok,debt,1640.23,3827.19,0.00,0.00,0.00,3
SP5-00276,deficit,none,0.00,0.00,0.00,0.00,0.00,4
SP5-00277,ok,reserve,11414.28,0.00,0.00,0.00,0.00,5
SP5-00278,ok,debt,728730.63,1700371.48,0.00,0.00,0.00,2
SP5-00279,ok,goals+,0.00,0.00,8388.54,0.00,0.00,4
SP5-00280,ok,reserve,13050.09,6249.57,0.00,0.00,0.00,5
SP5-00281,ok,reserve,3507.80,0.00,0.00,0.00,0.00,2
SP5-00282,deficit,none,0.00,0.00,0.00,0.00,0.00,4
SP5-00230,ok,goals+,0.00,0.00,102934.70,0.00,0.00,2
SP5-00284,ok,goals+,0.00,0.00,183780.77,289225.38,13450842.20,2
SP5-00285,ok,reserve,2543.73,0.00,0.00,0.00,0.00,3
SP5-00286,deficit,none,0.00,0.00,0.00,0.00,0.00,4
SP5-00287,deficit,none,0.00,0.00,0.00,0.00,208549.78,5
SP5-00288,ok,reserve,20118.23,0.00,0.00,0.00,0.00,3
SP5-00289,deficit,none,0.00,0.00,0.00,0.00,0.00,4
SP5-00290,ok,debt,0.00,4993348.12,0.00,0.00,2521971.01,2
SP5-00291,ok,debt,17107.23,25660.85,0.00,0.00,191626.94,2
SP5-00292,ok,reserve,4972.84,0.00,0.00,0.00,0.00,5
SP5-00293,ok,goals+,0.00,0.00,15142.95,10707.14,19451.08,3
SP5-00294,ok,reserve,30805.05,0.00,0.00,0.00,0.00,5
SP5-00295,deficit,none,0.00,0.00,0.00,0.00,8653343.40,5
SP5-00296,ok,goals+,0.00,0.00,13142.05,0.00,149345.58,3
SP5-00297,ok,reserve,13329.69,0.00,0.00,0.00,0.00,4
SP5-00298,ok,goals+,0.00,0.00,30465.01,4920.63,160000.11,3
SP5-00299,ok,goals+,0.00,0.00,10280.23,410.78,110869.76,3
SP5-00300,invalid,none,0.00,0.00,0.00,0.00,0.00,5
SP5-00301,ok,reserve,575.75,383.84,50.51,0.00,23862.99,2
SP5-00302,deficit,none,0.00,0.00,0.00,0.00,0.00,4
SP5-00303,ok,debt,6573.91,9860.86,0.00,0.00,17961.75,2
SP5-00304,ok,goals+,0.00,0.00,818356.65,0.00,14423341.16,2
SP5-00305,ok,reserve,13245.68,0.00,0.00,0.00,0.00,5
SP5-00306,ok,reserve,13402.15,0.00,4787.06,0.00,0.00,3
SP5-00307,deficit,none,0.00,0.00,0.00,0.00,0.00,4
SP5-00308,ok,goals+,0.00,0.00,3558484.33,499011.77,2523983.52,2
SP5-00309,ok,debt,453499.10,1058164.57,0.00,0.00,0.00,2
SP5-00310,ok,goals+,0.00,0.00,1048820.27,1452072.59,1431766.10,2
SP5-00311,deficit,none,0.00,0.00,0.00,0.00,1802637.30,5
SP5-00312,deficit,none,0.00,0.00,0.00,0.00,0.00,4
SP5-00313,ok,reserve,7042.48,0.00,0.00,0.00,0.00,5
SP5-00314,ok,reserve,1825.71,0.00,0.00,0.00,0.00,3
SP5-00315,ok,goals+,0.00,0.00,1118457.42,482234.64,941989.14,2
SP5-00316,ok,reserve,73010.89,0.00,13476.58,23137.96,0.00,3
SP5-00317,ok,reserve,14589.61,0.00,11960.61,0.00,0.00,2
SP5-00318,deficit,none,0.00,0.00,0.00,0.00,391501.65,5
SP5-00319,ok,debt,4232.70,6349.04,0.00,0.00,6420.23,2
SP5-00320,deficit,none,0.00,0.00,0.00,0.00,0.00,4
SP5-00321,invalid,none,0.00,0.00,0.00,0.00,0.00,5
SP5-00322,deficit,none,0.00,0.00,0.00,0.00,0.00,4
SP5-00323,ok,reserve,30438.11,0.00,0.00,0.00,83978.74,4
SP5-00324,ok,debt,755893.83,1763752.26,27479.36,0.00,0.00,2
SP5-00325,ok,goals+,0.00,0.00,873094.22,376143.14,56886418.12,2
SP5-00326,ok,debt,1425987.95,3327305.20,0.00,0.00,0.00,2
SP5-00327,ok,goals+,0.00,0.00,0.00,9032.50,18833.92,5
SP5-00328,ok,goals+,0.00,0.00,3569881.62,1392843.91,27429480.55,2
SP5-00329,ok,reserve,18594.21,0.00,0.00,0.00,0.00,3
SP5-00330,ok,reserve,39157.02,0.00,33519.24,0.00,0.00,5
SP5-00331,ok,goals+,3054.81,0.00,3676.90,0.00,0.00,1
SP5-00332,deficit,none,0.00,0.00,0.00,0.00,5232870.92,5
SP5-00333,invalid,none,0.00,0.00,0.00,0.00,0.00,5
SP5-00334,ok,debt,0.00,34978.38,0.00,0.00,148338.28,3
SP5-00335,ok,goals+,0.00,0.00,304650.09,49206.31,4376764.35,2
SP5-00336,deficit,none,0.00,0.00,0.00,0.00,21044.95,5
SP5-00337,ok,goals+,0.00,0.00,10726.58,0.00,0.00,2
SP5-00338,ok,reserve,24040.52,16027.02,0.00,0.00,0.00,2
SP5-00339,invalid,none,0.00,0.00,0.00,0.00,0.00,5
SP5-00340,ok,goals+,0.00,0.00,8344.22,2866.13,11580.19,3
SP5-00341,deficit,none,0.00,0.00,0.00,0.00,0.00,4
SP5-00342,deficit,none,0.00,0.00,0.00,0.00,7937218.61,5
SP5-00343,ok,reserve,23323.08,0.00,0.00,0.00,0.00,5
SP5-00344,ok,debt,1838.48,2757.72,0.00,0.00,4962.46,2
SP5-00345,deficit,none,0.00,0.00,0.00,0.00,69312.19,5
SP5-00346,ok,reserve,50146.34,33430.90,0.00,0.00,0.00,2
SP5-00347,deficit,none,0.00,0.00,0.00,0.00,36364.81,5
SP5-00348,ok,debt,681.83,1590.92,0.00,0.00,0.00,3
SP5-00349,ok,goals+,0.00,0.00,199363.72,0.00,0.00,4
SP5-00350,ok,reserve,1653.79,1102.53,0.00,0.00,0.00,2
SP5-00351,ok,debt,0.00,1809.53,0.00,0.00,6914.29,3
SP5-00352,ok,goals+,0.00,0.00,0.00,15324.53,36537.73,5
SP5-00353,deficit,none,0.00,0.00,0.00,0.00,0.00,4
SP5-00354,deficit,none,0.00,0.00,0.00,0.00,0.00,4
SP5-00355,ok,goals+,1229.14,819.42,6793.03,0.00,0.00,2
SP5-00356,deficit,none,0.00,0.00,0.00,0.00,36364.81,5
SP5-00357,ok,goals+,0.00,0.00,1801183.00,0.00,28955797.20,2
SP5-00358,invalid,none,0.00,0.00,0.00,0.00,0.00,5
SP5-00359,deficit,none,0.00,0.00,0.00,0.00,0.00,4
SP5-00360,deficit,none,0.00,0.00,0.00,0.00,8219.81,5
SP5-00361,ok,debt,0.00,3466057.13,0.00,0.00,1906480.33,2
SP5-00362,ok,reserve,40204.90,0.00,0.00,0.00,0.00,5
SP5-00363,ok,reserve,10304.32,0.00,0.00,0.00,0.00,3
SP5-00364,ok,goals+,0.00,0.00,9398.55,0.00,1777817.73,3
SP5-00365,ok,reserve,29436.25,0.00,0.00,0.00,0.00,5
SP5-00366,ok,goals+,0.00,0.00,13093.01,0.00,19388691.90,2
SP5-00367,ok,goals+,0.00,0.00,22828.23,11304.48,55519.00,3
SP5-00368,ok,reserve,2954.88,0.00,0.00,0.00,0.00,3
SP5-00369,ok,goals+,0.00,0.00,3673.70,0.00,0.00,2
SP5-00370,ok,debt,0.00,4298874.38,0.00,0.00,851988.13,2
SP5-00371,deficit,none,0.00,0.00,0.00,0.00,541343.64,5
SP5-00372,ok,reserve,9033.61,3591.13,0.00,0.00,0.00,5
SP5-00373,ok,goals+,0.00,0.00,9086.71,0.00,57771.93,4
SP5-00374,ok,reserve,4241.42,0.00,0.00,0.00,0.00,3
SP5-00375,ok,goals+,0.00,0.00,815088.85,125176.00,3029682.48,2
SP5-00376,ok,debt,4593.24,6889.86,0.00,0.00,3650.70,2
SP5-00377,ok,goals+,0.00,0.00,30933.08,19854.71,146665.58,3
SP5-00378,deficit,none,0.00,0.00,0.00,0.00,3896058.59,5
SP5-00379,deficit,none,0.00,0.00,0.00,0.00,0.00,4
SP5-00380,invalid,none,0.00,0.00,0.00,0.00,0.00,5
SP5-00381,ok,debt,4593.24,6889.86,0.00,0.00,3650.70,2
SP5-00382,ok,reserve,17249.82,11499.88,0.00,0.00,0.00,2
SP5-00383,ok,goals+,35499.06,0.00,523871.09,0.00,0.00,2
SP5-00384,ok,goals+,0.00,0.00,19704.85,0.00,9022240.66,3
SP5-00385,ok,reserve,4514.70,0.00,0.00,0.00,0.00,5
SP5-00386,ok,reserve,10287.96,6858.64,0.00,0.00,29666.47,2
SP5-00387,ok,goals+,0.00,0.00,21378.57,0.00,0.00,2
SP5-00388,deficit,none,0.00,0.00,0.00,0.00,0.00,4
SP5-00389,deficit,none,0.00,0.00,0.00,0.00,0.00,4
SP5-00390,ok,goals+,0.00,0.00,0.00,23885.72,19004.86,3
SP5-00391,ok,debt,0.00,7386.57,0.00,0.00,27770.63,3
SP5-00392,ok,goals+,0.00,0.00,25910.62,0.00,38809.67,2
SP5-00393,ok,reserve,55519.30,0.00,0.00,0.00,0.00,4
SP5-00394,deficit,none,0.00,0.00,0.00,0.00,8778597.48,5
SP5-00395,ok,reserve,16476.20,0.00,0.00,0.00,0.00,4
SP5-00396,ok,debt,2950.22,4425.32,0.00,0.00,13400.99,2
SP5-00397,ok,reserve,18227.35,0.00,0.00,0.00,0.00,4
SP5-00398,ok,goals+,0.00,0.00,7097.95,0.00,0.00,1
SP5-00359,ok,reserve,22091.97,14727.98,0.00,0.00,0.00,2
SP5-00400,ok,reserve,18439.19,12292.80,0.00,0.00,0.00,2
SP5-00401,ok,reserve,3373.80,1295.05,0.00,0.00,0.00,3
SP5-00402,ok,reserve,1689.08,0.00,0.00,0.00,0.00,3
SP5-00403,ok,reserve,0.60,0.40,0.00,0.00,0.00,2
SP5-00404,deficit,none,0.00,0.00,0.00,0.00,376912.20,5
SP5-00405,invalid,none,0.00,0.00,0.00,0.00,0.00,5
SP5-00406,ok,reserve,3789.85,2526.57,0.00,0.00,0.00,2
SP5-00407,ok,reserve,0.60,0.40,0.00,0.00,0.00,2
SP5-00408,deficit,none,0.00,0.00,0.00,0.00,440342.87,5
SP5-00409,ok,reserve,10287.96,6858.64,0.00,0.00,29666.47,2
SP5-00410,invalid,none,0.00,0.00,0.00,0.00,0.00,5
SP5-00411,ok,debt,0.00,3512.94,0.00,0.00,0.00,3
SP5-00412,ok,reserve,9647.40,0.00,0.00,0.00,0.00,4
SP5-00413,ok,reserve,34067.15,0.00,0.00,0.00,0.00,5
SP5-00414,ok,debt,24314.94,56734.86,4265.78,0.00,0.00,3
SP5-00415,ok,debt,3346.47,7808.42,0.00,0.00,0.00,3
SP5-00416,ok,reserve,23228.60,15485.73,0.00,0.00,85725.44,2
SP5-00417,ok,reserve,19038.49,0.00,0.00,0.00,0.00,5
SP5-00418,ok,goals+,0.00,0.00,106625.06,0.00,2208271.33,3
SP5-00419,ok,goals+,0.00,0.00,2075.66,0.00,92322.71,3
SP5-00420,ok,goals+,0.00,0.00,44228.28,9414.59,561862.64,4
SP5-00421,ok,goals+,0.00,0.00,9092.91,0.00,0.00,2
SP5-00422,ok,goals+,0.00,0.00,0.00,49288.33,8997.71,5
SP5-00423,ok,reserve,6957.40,4638.27,0.00,0.00,0.00,2
SP5-00424,ok,goals+,0.00,0.00,199741598.17,25052999.68,10000000.00,2
SP5-00425,ok,goals+,0.00,0.00,52461.42,157240.58,753017.99,2
SP5-00426,deficit,none,0.00,0.00,0.00,0.00,952405.96,5
SP5-00427,deficit,none,0.00,0.00,0.00,0.00,0.00,4
SP5-00428,invalid,none,0.00,0.00,0.00,0.00,0.00,5
SP5-00429,deficit,none,0.00,0.00,0.00,0.00,1739898.42,5
SP5-00359,ok,reserve,9197.68,6131.79,0.00,0.00,0.00,2
SP5-00431,ok,goals+,0.00,0.00,13838.68,0.00,17113.69,3
SP5-00432,ok,reserve,1012862.16,0.00,147687.92,102223.93,0.00,2
SP5-00433,ok,goals+,0.00,0.00,5723.90,0.00,32634.46,2
SP5-00434,ok,goals+,0.00,0.00,0.00,187959.88,0.00,4
SP5-00435,ok,goals+,0.00,0.00,1471.33,0.00,0.00,4
SP5-00436,ok,goals+,0.00,0.00,32344.39,0.00,0.00,2
SP5-00437,ok,reserve,7726.35,4376.47,0.00,0.00,0.00,3
SP5-00438,ok,reserve,19763.89,0.00,0.00,0.00,0.00,4
SP5-00439,ok,reserve,9842.97,0.00,0.00,0.00,83308.71,4
SP5-00440,ok,reserve,37080.19,0.00,0.00,0.00,0.00,5
SP5-00441,ok,reserve,7726.35,4376.47,0.00,0.00,0.00,3
SP5-00442,deficit,none,0.00,0.00,0.00,0.00,37566.22,5
SP5-00443,deficit,none,0.00,0.00,0.00,0.00,1318730.37,5
SP5-00444,ok,debt,6273.77,14638.80,0.00,0.00,0.00,4
SP5-00445,deficit,none,0.00,0.00,0.00,0.00,0.00,4
SP5-00446,ok,debt,6273.77,14638.80,0.00,0.00,0.00,4
SP5-00447,ok,reserve,9079.72,6053.15,0.00,0.00,0.00,2
SP5-00448,ok,debt,0.00,31008.59,0.00,0.00,314991.21,3
SP5-00449,ok,reserve,6984.84,0.00,0.00,0.00,0.00,5
SP5-00450,deficit,none,0.00,0.00,0.00,0.00,0.00,4
SP5-00451,deficit,none,0.00,0.00,0.00,0.00,0.00,4
SP5-00452,ok,goals+,0.00,0.00,15162.31,0.00,0.00,2
SP5-00453,ok,debt,0.00,311109.43,16374.18,0.00,5409662.63,2
SP5-00454,ok,goals+,0.00,0.00,744475.69,0.00,9126687.48,2
SP5-00455,deficit,none,0.00,0.00,0.00,0.00,681725.23,5
SP5-00456,ok,reserve,2778.38,0.00,0.00,0.00,0.00,3
SP5-00457,ok,reserve,6210.26,2284.32,0.00,0.00,0.00,3
SP5-00458,ok,reserve,92391.74,0.00,0.00,0.00,0.00,5
SP5-00459,ok,reserve,20446.50,0.00,0.00,0.00,0.00,5
SP5-00460,deficit,none,0.00,0.00,0.00,0.00,0.00,4
SP5-00461,ok,reserve,23484.65,15656.44,0.00,0.00,0.00,2
SP5-00462,ok,reserve,10204.38,0.00,0.00,0.00,91349.62,4
SP5-00463,ok,goals+,25035.06,16690.04,39207.92,0.00,39806.61,2
SP5-00464,ok,reserve,29083.28,0.00,0.00,0.00,0.00,3
SP5-00465,deficit,none,0.00,0.00,0.00,0.00,0.00,4
SP5-00466,ok,goals+,0.00,0.00,0.00,24491.56,22997.52,5
SP5-00467,ok,goals+,0.00,0.00,5464.41,3814.31,210259.77,3
SP5-00468,ok,goals+,0.00,0.00,0.00,8350.09,454977.07,5
SP5-00469,ok,debt,0.00,5418.33,0.00,0.00,108447.17,3
SP5-00470,ok,reserve,60024.45,0.00,39248.43,0.00,0.00,3
SP5-00471,ok,reserve,20993.25,13995.50,0.00,0.00,0.00,2
SP5-00472,ok,reserve,13543.15,0.00,0.00,0.00,0.00,3
SP5-00473,deficit,none,0.00,0.00,0.00,0.00,4113564.85,5
SP5-00474,deficit,none,0.00,0.00,0.00,0.00,0.00,4
SP5-00475,ok,debt,1912.76,4463.10,335.57,0.00,0.00,3
SP5-00476,ok,reserve,9048.10,0.00,0.00,0.00,0.00,5
SP5-00477,ok,debt,4726.41,11028.29,0.00,0.00,0.00,4
SP5-00478,ok,reserve,12096.35,0.00,0.00,0.00,0.00,5
SP5-00479,ok,goals+,0.00,0.00,4675.96,0.00,227219.47,4
SP5-00480,ok,goals+,0.00,0.00,1874.48,392.97,475440.42,3
SP5-00481,deficit,none,0.00,0.00,0.00,0.00,4426600.15,5
SP5-00415,deficit,none,0.00,0.00,0.00,0.00,0.00,4
SP5-00483,ok,reserve,30650.53,20433.68,0.00,0.00,0.00,2
SP5-00484,deficit,none,0.00,0.00,0.00,0.00,407353.51,5
SP5-00485,ok,goals+,0.00,0.00,0.00,4518563.84,23111355.54,2
SP5-00486,ok,reserve,1925.64,1283.76,0.00,0.00,0.00,2
SP5-00487,ok,reserve,56915.61,37943.74,0.00,0.00,0.00,2
SP5-00488,ok,goals+,0.00,0.00,15246.47,0.00,0.00,1
SP5-00489,ok,goals+,0.00,0.00,984.35,0.00,38485.60,3
SP5-00490,ok,goals+,0.00,0.00,6541.48,0.00,1173114.31,3
SP5-00491,ok,debt,0.00,17881.39,0.00,0.00,3541.79,3
SP5-00492,deficit,none,0.00,0.00,0.00,0.00,8970124.21,5
SP5-00493,deficit,none,0.00,0.00,0.00,0.00,0.00,4
SP5-00494,ok,goals+,0.00,0.00,1234307.07,2586939.12,66729720.18,2
SP5-00495,deficit,none,0.00,0.00,0.00,0.00,328477.70,5
SP5-00496,ok,none,0.00,0.00,0.00,0.00,0.00,2
SP5-00497,ok,reserve,719.25,0.00,0.00,0.00,0.00,4
SP5-00498,deficit,none,0.00,0.00,0.00,0.00,5632711.89,5
SP5-00499,ok,reserve,7112.94,0.00,0.00,0.00,0.00,3
SP5-00500,ok,goals+,0.00,0.00,0.00,5998.75,3270.55,3
SP5-00501,ok,reserve,7112.94,0.00,0.00,0.00,0.00,3
SP5-00502,deficit,none,0.00,0.00,0.00,0.00,5642813.75,5
SP5-00503,ok,reserve,2105.44,1403.63,0.00,0.00,0.00,2
SP5-00504,ok,goals+,0.00,0.00,14569.27,3468.49,173392.14,3
SP5-00505,ok,goals+,0.00,0.00,3611.19,3486.29,104077.61,3
SP5-00506,ok,debt,5743.13,13400.62,0.00,0.00,0.00,3
SP5-00507,ok,reserve,12798.13,0.00,0.00,0.00,0.00,3
SP5-00508,invalid,none,0.00,0.00,0.00,0.00,0.00,5
SP5-00509,ok,reserve,33652.44,0.00,0.00,0.00,0.00,3
SP5-00510,ok,reserve,21054.42,14036.28,0.00,0.00,0.00,2
SP5-00511,ok,goals+,0.00,0.00,2282844.09,0.00,392135.05,2
SP5-00512,ok,reserve,20307.05,0.00,0.00,0.00,0.00,5
SP5-00513,invalid,none,0.00,0.00,0.00,0.00,0.00,5
SP5-00514,ok,reserve,6014.65,4009.77,0.00,0.00,0.00,2
SP5-00515,ok,goals+,0.00,0.00,1109199.72,199621.71,837255.55,2
SP5-00516,ok,goals+,19276.31,0.00,23865.81,0.00,0.00,3
SP5-00517,ok,goals+,0.00,0.00,10467.43,0.00,0.00,2
SP5-00518,ok,debt,491443.96,4882558.80,0.00,0.00,0.00,2
SP5-00519,ok,goals+,0.00,0.00,609151713.40,572303580.91,5240978413.53,2
SP5-00520,ok,goals+,0.00,0.00,0.00,11558.30,97027.18,5
SP5-00521,deficit,none,0.00,0.00,0.00,0.00,0.00,4
SP5-00522,deficit,none,0.00,0.00,0.00,0.00,140955.58,5
SP5-00523,ok,goals+,0.00,0.00,28428.66,0.00,8434.26,2
SP5-00524,ok,goals+,0.00,0.00,15110.52,4586.40,97892.55,3
SP5-00525,deficit,none,0.00,0.00,0.00,0.00,0.00,4
SP5-00526,ok,reserve,810.01,540.01,0.00,0.00,0.00,2
SP5-00527,ok,debt,0.00,55675.75,0.00,0.00,128731.19,3
SP5-00528,ok,goals+,0.00,0.00,3165922.94,662623.04,0.00,2
SP5-00524,ok,reserve,34980.08,23320.05,0.00,0.00,0.00,2
SP5-00530,ok,reserve,4527.48,0.00,0.00,0.00,0.00,4
SP5-00531,ok,reserve,6298.35,0.00,0.00,0.00,0.00,3
SP5-00532,ok,reserve,4310.02,0.00,0.00,0.00,0.00,4
SP5-00533,deficit,none,0.00,0.00,0.00,0.00,4075445.03,5
SP5-00534,ok,reserve,49317.13,0.00,0.00,0.00,0.00,3
SP5-00535,ok,reserve,3627.65,0.00,0.00,0.00,0.00,3
SP5-00536,deficit,none,0.00,0.00,0.00,0.00,0.00,4
SP5-00537,ok,reserve,4246.01,2830.67,0.00,0.00,0.00,2
SP5-00538,ok,debt,5259.65,6466.03,0.00,0.00,0.00,3
SP5-00539,ok,goals+,0.00,0.00,2251.71,914.08,1343544.64,3
SP5-00540,ok,debt,6486.33,9729.50,0.00,0.00,13702.63,2
SP5-00541,ok,reserve,21307.76,0.00,0.00,0.00,0.00,3
SP5-00542,ok,goals+,0.00,0.00,0.00,106864.57,0.00,2
SP5-00543,ok,goals+,1151.76,0.00,24845.66,0.00,0.00,1
SP5-00544,ok,reserve,69598.13,22585.38,0.00,0.00,0.00,5
SP5-00545,deficit,none,0.00,0.00,0.00,0.00,0.00,4
SP5-00546,deficit,none,0.00,0.00,0.00,0.00,584840.13,5
SP5-00547,ok,goals+,0.00,0.00,212863117.87,363861817.40,2910626987.49,2
SP5-00548,deficit,none,0.00,0.00,0.00,0.00,42778.75,5
SP5-00549,ok,reserve,29315.72,0.00,0.00,0.00,0.00,5
SP5-00550,ok,reserve,2553.31,1702.20,0.00,0.00,0.00,2
SP5-00551,ok,reserve,14889.66,0.00,0.00,0.00,0.00,5
SP5-00552,ok,goals+,0.00,0.00,0.00,10754.11,12482.64,5
SP5-00553,ok,debt,0.00,3377892.10,0.00,0.00,576625.35,2
SP5-00554,deficit,none,0.00,0.00,0.00,0.00,12260580.43,5
SP5-00555,ok,goals+,0.00,0.00,9904.40,8185.37,795612.30,3
SP5-00556,ok,debt,16364.38,24546.58,0.00,0.00,162589.43,2
SP5-00557,ok,goals+,0.00,0.00,330052500.67,225326425.24,1340574811.07,2
SP5-00558,ok,reserve,3040485.44,0.00,935351.30,177471.40,0.00,2
SP5-00559,ok,reserve,7978.58,0.00,5213.20,0.00,0.00,3
SP5-00560,deficit,none,0.00,0.00,0.00,0.00,4971305.31,5
SP5-00561,ok,reserve,1402.27,934.85,123.01,0.00,0.00,2
SP5-00562,ok,goals+,0.00,0.00,308767.74,0.00,21506965.45,2
SP5-00563,ok,debt,0.00,1885857.44,50243.44,0.00,70159.71,2
SP5-00564,ok,reserve,10261.27,0.00,0.00,0.00,0.00,4
SP5-00565,deficit,none,0.00,0.00,0.00,0.00,10309160.68,5
SP5-00566,ok,debt,1047.27,2443.64,0.00,0.00,0.00,3
SP5-00567,ok,debt,5610.10,13090.22,0.00,0.00,0.00,3
SP5-00568,deficit,none,0.00,0.00,0.00,0.00,489957.09,5
SP5-00476,ok,debt,0.00,3605.23,0.00,0.00,19900.28,3
SP5-00570,ok,debt,9024.72,21057.69,0.00,0.00,477371.96,3
SP5-00571,ok,reserve,17260.93,0.00,0.00,0.00,0.00,4
SP5-00572,ok,debt,0.00,13652.72,0.00,0.00,2470.77,3
SP5-00573,deficit,none,0.00,0.00,0.00,0.00,0.00,4
SP5-00574,ok,reserve,1229.12,0.00,0.00,0.00,0.00,4
SP5-00575,ok,goals+,0.00,0.00,4824350.72,1029743.58,0.00,2
SP5-00576,ok,goals+,0.00,0.00,3446.86,0.00,0.00,2
SP5-00577,ok,reserve,11299.21,0.00,0.00,0.00,0.00,5
SP5-00578,ok,debt,24828.30,37242.45,0.00,0.00,81322.83,2
SP5-00579,ok,reserve,69426.98,46284.65,6090.09,0.00,0.00,2
SP5-00580,ok,debt,2521.86,13042.78,0.00,0.00,0.00,3
SP5-00581,deficit,none,0.00,0.00,0.00,0.00,70603.35,5
SP5-00582,ok,reserve,21863.22,12160.28,0.00,0.00,0.00,5
SP5-00583,ok,none,0.00,0.00,0.00,0.00,0.00,5
SP5-00584,deficit,none,0.00,0.00,0.00,0.00,0.00,4
SP5-00585,ok,reserve,5937.74,0.00,0.00,0.00,0.00,5
SP5-00586,ok,reserve,6390.69,0.00,0.00,0.00,0.00,4
SP5-00587,ok,goals+,0.00,0.00,1508790.42,1181871.43,2009421.38,2
SP5-00588,ok,goals+,0.00,0.00,14371.98,0.00,0.00,2
SP5-00589,ok,debt,1484.77,3464.45,0.00,0.00,0.00,3
SP5-00590,ok,reserve,20480.21,13653.48,0.00,0.00,0.00,2
SP5-00591,ok,debt,1027810.38,2398224.21,180317.61,0.00,0.00,2
SP5-00592,deficit,none,0.00,0.00,0.00,0.00,0.00,4
SP5-00593,deficit,none,0.00,0.00,0.00,0.00,72534.71,5
SP5-00594,ok,goals+,0.00,0.00,297.68,0.00,140955.58,3
SP5-00595,ok,reserve,64389.42,0.00,0.00,0.00,0.00,3
SP5-00596,deficit,none,0.00,0.00,0.00,0.00,0.00,4
SP5-00597,ok,reserve,1745.09,0.00,0.00,0.00,0.00,3
SP5-00598,ok,reserve,2571.37,0.00,0.00,0.00,0.00,2
SP5-00599,ok,debt,728155.50,1699029.51,0.00,0.00,0.00,2
SP5-00600,ok,reserve,4914.68,0.00,0.00,0.00,0.00,3
SP5-00601,deficit,none,0.00,0.00,0.00,0.00,61395632.49,5
SP5-00602,invalid,none,0.00,0.00,0.00,0.00,0.00,5
SP5-00603,ok,debt,310067.06,723489.81,0.00,0.00,0.00,2
SP5-00604,deficit,none,0.00,0.00,0.00,0.00,0.00,4
SP5-00605,deficit,none,0.00,0.00,0.00,0.00,1943808.20,5
SP5-00606,ok,goals+,0.00,0.00,54422.17,117317.94,3869784.75,3
SP5-00607,deficit,none,0.00,0.00,0.00,0.00,1523523.42,5
SP5-00608,ok,goals+,0.00,0.00,3178.73,2659.69,150624.43,3
SP5-00609,ok,reserve,367.23,244.82,0.00,0.00,0.00,2
SP5-00610,deficit,none,0.00,0.00,0.00,0.00,6028911.79,5
SP5-00611,ok,debt,284.27,663.28,49.87,0.00,0.00,3
SP5-00612,ok,debt,5298.49,7947.73,0.00,0.00,147134.69,2
SP5-00613,ok,reserve,7338.88,4892.59,0.00,0.00,10152.92,1
SP5-00614,ok,goals+,0.00,0.00,0.00,10559.69,384752.55,3
SP5-00615,ok,goals+,0.00,0.00,5717.06,0.00,111104.67,3
SP5-00616,deficit,none,0.00,0.00,0.00,0.00,0.00,4
SP5-00617,ok,reserve,5066.45,0.00,0.00,0.00,0.00,4
SP5-00618,deficit,none,0.00,0.00,0.00,0.00,63956971.99,5
SP5-00619,ok,goals+,0.00,0.00,13883.94,6921.94,768265.12,3
SP5-00592,deficit,none,0.00,0.00,0.00,0.00,0.00,4
SP5-00621,deficit,none,0.00,0.00,0.00,0.00,0.00,4
SP5-00622,ok,goals+,0.00,0.00,19409.41,4964.14,464078.59,3
SP5-00623,deficit,none,0.00,0.00,0.00,0.00,0.00,4
SP5-00624,deficit,none,0.00,0.00,0.00,0.00,15544268.07,5
SP5-00625,ok,reserve,9862.38,6574.92,0.00,0.00,5600.41,2
SP5-00626,deficit,none,0.00,0.00,0.00,0.00,0.00,4
SP5-00627,deficit,none,0.00,0.00,0.00,0.00,5213.86,5
SP5-00628,ok,reserve,1403.86,0.00,0.00,0.00,0.00,2
SP5-00629,ok,debt,0.00,1432.78,0.00,0.00,54611.95,3
SP5-00630,deficit,none,0.00,0.00,0.00,0.00,11879619.95,5
SP5-00631,ok,goals+,0.00,0.00,17701.35,16647.23,247145.28,3
SP5-00632,deficit,none,0.00,0.00,0.00,0.00,0.00,4
SP5-00633,deficit,none,0.00,0.00,0.00,0.00,0.00,4
SP5-00634,ok,goals+,0.00,0.00,229115.13,0.00,0.00,2
SP5-00635,deficit,none,0.00,0.00,0.00,0.00,58026.69,5
SP5-00636,deficit,none,0.00,0.00,0.00,0.00,615847.26,5
SP5-00637,deficit,none,0.00,0.00,0.00,0.00,0.00,4
SP5-00638,ok,debt,4421.58,10317.03,0.00,0.00,0.00,3
SP5-00639,ok,reserve,8099.10,0.00,0.00,0.00,0.00,3
SP5-00640,ok,reserve,16326.96,0.00,0.00,0.00,0.00,3
SP5-00641,ok,debt,0.00,2370212.77,0.00,0.00,1537885.90,2
SP5-00642,ok,reserve,3457.90,0.00,0.00,0.00,0.00,1
SP5-00643,ok,reserve,11147.65,0.00,0.00,0.00,0.00,5
SP5-00644,ok,debt,2975.80,4463.69,0.00,0.00,13326.34,2
SP5-00645,ok,goals+,0.00,0.00,605646592.91,738794360.38,4288198787.02,2
SP5-00646,ok,reserve,40940.35,27293.56,0.00,0.00,0.00,2
SP5-00647,ok,reserve,23463.74,17860.75,0.00,0.00,0.00,3
SP5-00648,deficit,none,0.00,0.00,0.00,0.00,0.00,4
SP5-00649,ok,reserve,12045.94,8030.63,0.00,0.00,0.00,2
SP5-00650,ok,reserve,2183.29,0.00,0.00,0.00,0.00,5
SP5-00651,ok,reserve,518.84,0.00,0.00,0.00,8466.95,4
SP5-00652,ok,goals+,0.00,0.00,221718.47,0.00,13272147.47,2
SP5-00653,ok,goals+,0.00,0.00,0.00,20084.13,0.00,5
SP5-00654,ok,goals+,0.00,0.00,25861.13,0.00,231818.19,2
SP5-00655,deficit,none,0.00,0.00,0.00,0.00,19705.87,5
SP5-00656,deficit,none,0.00,0.00,0.00,0.00,0.00,4
SP5-00657,deficit,none,0.00,0.00,0.00,0.00,97695097.85,5
SP5-00658,deficit,none,0.00,0.00,0.00,0.00,1377726.32,5
SP5-00659,ok,reserve,33651.44,0.00,0.00,0.00,0.00,4
SP5-00660,ok,goals+,0.00,0.00,17975.51,15718.86,344400.35,3
SP5-00661,ok,reserve,10458.45,0.00,0.00,0.00,0.00,5
SP5-00662,ok,reserve,60830.97,0.00,0.00,0.00,0.00,5
SP5-00663,ok,reserve,8602.05,5734.70,754.57,0.00,0.00,2
SP5-00664,ok,reserve,4797.43,0.00,0.00,0.00,0.00,4
SP5-00665,deficit,none,0.00,0.00,0.00,0.00,3893852.36,5
SP5-00666,ok,reserve,5250.74,0.00,0.00,0.00,0.00,5
SP5-00667,ok,reserve,9482.05,6321.36,0.00,0.00,0.00,2
SP5-00668,ok,goals+,0.00,0.00,18620.11,9514.86,171275.79,3
SP5-00669,ok,reserve,14825.51,0.00,0.00,0.00,0.00,4
SP5-00670,ok,reserve,5769.93,130.31,0.00,0.00,0.00,3
SP5-00671,ok,goals+,0.00,0.00,16680.37,0.00,26691.83,3
SP5-00672,deficit,none,0.00,0.00,0.00,0.00,3322193.10,5
SP5-00673,ok,goals+,0.00,0.00,6667.33,0.00,3244353.07,3
SP5-00674,ok,reserve,3749.15,2499.43,0.00,0.00,0.00,2
SP5-00675,ok,goals+,0.00,0.00,816742.60,0.00,0.00,2
SP5-00676,ok,debt,3053.05,7123.78,0.00,0.00,0.00,3
SP5-00677,ok,reserve,7881.39,0.00,0.00,0.00,0.00,5
SP5-00678,ok,goals+,0.00,0.00,2299.85,0.00,5210.82,3
SP5-00679,deficit,none,0.00,0.00,0.00,0.00,45028.69,5
SP5-00680,deficit,none,0.00,0.00,0.00,0.00,0.00,4
SP5-00681,ok,reserve,4173.60,2782.40,0.00,0.00,0.00,2
SP5-00682,ok,reserve,17039.32,0.00,0.00,0.00,0.00,5
SP5-00683,ok,goals+,0.00,0.00,1542196.90,2295622.52,3111210.20,2
SP5-00684,ok,goals+,0.00,0.00,41015.13,78123.40,9943602.61,2
SP5-00685,ok,goals+,0.00,0.00,6335265.00,0.00,13703691.54,2
SP5-00686,deficit,none,0.00,0.00,0.00,0.00,2200217.30,5
SP5-00687,ok,debt,0.00,272984.23,0.00,0.00,413321.17,3
SP5-00688,ok,debt,587.42,1370.64,0.00,0.00,0.00,3
SP5-00689,ok,none,0.00,0.00,0.00,0.00,0.00,5
SP5-00690,deficit,none,0.00,0.00,0.00,0.00,42632095.25,5
SP5-00691,ok,goals+,0.00,0.00,10225.10,0.00,842205.54,3
SP5-00692,ok,debt,65959.07,4312089.42,0.00,0.00,0.00,2
SP5-00693,ok,goals+,0.00,0.00,71870.67,7741.61,86436.57,4
SP5-00694,deficit,none,0.00,0.00,0.00,0.00,126962.30,5
SP5-00695,ok,debt,13602.85,31739.99,0.00,0.00,204788.04,3
SP5-00696,ok,reserve,1438.25,0.00,0.00,0.00,0.00,1
SP5-00697,ok,goals+,0.00,0.00,11761.66,0.00,44035.46,3
SP5-00698,deficit,none,0.00,0.00,0.00,0.00,0.00,4
SP5-00699,ok,reserve,12781.65,0.00,0.00,0.00,0.00,5
SP5-00700,ok,reserve,4949.82,0.00,0.00,0.00,0.00,5
SP5-00701,ok,goals+,0.00,0.00,12536.44,17573.28,61214.23,3
SP5-00702,deficit,none,0.00,0.00,0.00,0.00,0.00,4
SP5-00703,deficit,none,0.00,0.00,0.00,0.00,615847.26,5
SP5-00704,deficit,none,0.00,0.00,0.00,0.00,28376.30,5
SP5-00705,deficit,none,0.00,0.00,0.00,0.00,580646.06,5
SP5-00706,deficit,none,0.00,0.00,0.00,0.00,0.00,4
SP5-00707,ok,reserve,3697.75,2465.16,0.00,0.00,0.00,2
SP5-00708,ok,reserve,3512.86,2341.90,308.15,0.00,0.00,2
SP5-00709,deficit,none,0.00,0.00,0.00,0.00,98241507.58,5
SP5-00710,ok,goals+,0.00,0.00,8286.90,5843.84,28267.92,3
SP5-00711,ok,reserve,20043.04,13362.02,0.00,0.00,0.00,2
SP5-00712,invalid,none,0.00,0.00,0.00,0.00,0.00,5
SP5-00713,ok,goals+,0.00,0.00,127.25,0.00,0.00,1
SP5-00714,ok,reserve,2618.03,0.00,0.00,0.00,0.00,3
SP5-00715,ok,reserve,44168.29,2990.63,0.00,0.00,0.00,2
SP5-00716,deficit,none,0.00,0.00,0.00,0.00,11056616.07,5
SP5-00717,ok,goals+,0.00,0.00,18963.26,0.00,3285197.89,2
SP5-00718,ok,reserve,3324.17,0.00,0.00,0.00,0.00,3
SP5-00719,deficit,none,0.00,0.00,0.00,0.00,292697.55,5
SP5-00720,ok,reserve,9.55,0.00,0.00,0.00,0.00,4
SP5-00721,ok,reserve,6207.07,4138.05,0.00,0.00,0.00,2
SP5-00722,ok,debt,0.00,15594.68,0.00,0.00,135102.32,3
SP5-00680,ok,goals+,0.00,0.00,73758.03,0.00,18759.88,3
SP5-00724,deficit,none,0.00,0.00,0.00,0.00,59940.85,5
SP5-00725,deficit,none,0.00,0.00,0.00,0.00,277924.95,5
SP5-00726,deficit,none,0.00,0.00,0.00,0.00,0.00,4
SP5-00727,ok,reserve,25195.38,16796.92,0.00,0.00,0.00,2
SP5-00728,ok,none,0.00,0.00,0.00,0.00,0.00,5
SP5-00729,invalid,none,0.00,0.00,0.00,0.00,0.00,5
SP5-00730,deficit,none,0.00,0.00,0.00,0.00,0.00,4
SP5-00731,ok,goals+,0.00,0.00,6304.05,0.00,353862.04,3
SP5-00732,ok,reserve,87554.49,0.00,0.00,0.00,0.00,5
SP5-00733,ok,goals+,0.00,0.00,22083.75,40602.87,380338.40,4
SP5-00734,ok,debt,3435.35,8015.82,602.69,0.00,36009.35,3
SP5-00735,ok,reserve,2518.23,0.00,0.00,0.00,0.00,2
SP5-00736,ok,reserve,7710.57,0.00,0.00,0.00,0.00,5
SP5-00737,ok,goals+,0.00,0.00,2273140.01,541117.40,0.00,2
SP5-00738,deficit,none,0.00,0.00,0.00,0.00,238595.58,5
SP5-00739,deficit,none,0.00,0.00,0.00,0.00,118098.46,5
SP5-00740,ok,goals+,4349.68,0.00,4616.74,0.00,0.00,5
SP5-00741,deficit,none,0.00,0.00,0.00,0.00,0.00,4
SP5-00742,ok,reserve,30052.29,5304.31,0.00,0.00,0.00,5
SP5-00743,deficit,none,0.00,0.00,0.00,0.00,0.00,4
SP5-00744,deficit,none,0.00,0.00,0.00,0.00,0.00,4
SP5-00745,ok,debt,34080.62,79521.44,0.00,0.00,0.00,3
SP5-00746,ok,debt,1875.63,4376.48,0.00,0.00,0.00,4
SP5-00747,ok,reserve,2287.66,1525.10,0.00,0.00,0.00,2
SP5-00748,ok,goals+,0.00,0.00,1018764.78,1847226.30,29923591.81,2
SP5-00749,ok,reserve,26708.76,64.04,0.00,0.00,0.00,5
SP5-00750,invalid,none,0.00,0.00,0.00,0.00,0.00,5
SP5-00751,ok,reserve,7380.04,4920.03,0.00,0.00,0.00,2
SP5-00752,ok,goals+,0.00,0.00,3772.86,0.00,0.00,2
SP5-00753,ok,goals+,0.00,0.00,836729.95,385514.82,20582596.93,2
SP5-00754,ok,goals+,0.00,0.00,0.00,27977.93,9289441.64,2
SP5-00755,deficit,none,0.00,0.00,0.00,0.00,152053.74,5
SP5-00756,deficit,none,0.00,0.00,0.00,0.00,23653961.01,5
SP5-00757,ok,reserve,14546.95,9697.96,0.00,0.00,0.00,2
SP5-00758,deficit,none,0.00,0.00,0.00,0.00,13224.99,5
SP5-00759,ok,debt,2728.95,4093.42,0.00,0.00,21837.54,2
SP5-00760,ok,reserve,9.55,0.00,0.00,0.00,0.00,4
SP5-08545,invalid,none,0.00,0.00,0.00,0.00,0.00,5
SP5-00762,invalid,none,0.00,0.00,0.00,0.00,0.00,5
SP5-00763,ok,debt,3013.01,7030.35,0.00,0.00,0.00,3
SP5-00764,ok,goals+,0.00,0.00,380912598.76,113233835.08,3412112359.27,2
SP5-00765,ok,reserve,5797.74,0.00,0.00,0.00,0.00,5
SP5-00766,ok,reserve,13290.56,0.00,6525.52,0.00,0.00,3
SP5-00767,ok,reserve,4973.97,0.00,0.00,0.00,0.00,5
SP5-00768,deficit,none,0.00,0.00,0.00,0.00,593460.23,5
SP5-00769,ok,goals+,0.00,0.00,10933.10,0.00,0.00,1
SP5-00770,deficit,none,0.00,0.00,0.00,0.00,0.00,4
SP5-00771,ok,none,0.00,0.00,0.00,0.00,0.00,2
SP5-00772,ok,reserve,2562.92,0.00,0.00,0.00,0.00,5
SP5-00773,deficit,none,0.00,0.00,0.00,0.00,16313852.28,5
SP5-00774,ok,reserve,921.56,0.00,0.00,0.00,0.00,3
SP5-00775,ok,goals+,0.00,0.00,9981.68,6446.75,1000611.98,3
SP5-00776,ok,debt,4301.48,6452.23,0.00,0.00,50935.95,2
SP5-00777,invalid,none,0.00,0.00,0.00,0.00,0.00,5
SP5-00778,ok,reserve,3652.25,0.00,0.00,0.00,0.00,5
SP5-00779,ok,goals+,0.00,0.00,12548.26,22150.75,54486.70,3
SP5-00774,ok,goals+,0.00,0.00,6589.31,0.00,57066.18,3
SP5-00781,deficit,none,0.00,0.00,0.00,0.00,0.00,4
SP5-00782,ok,goals+,0.00,0.00,8650.63,2126.12,3413496.82,3
SP5-00783,deficit,none,0.00,0.00,0.00,0.00,3195942.19,5
SP5-00784,deficit,none,0.00,0.00,0.00,0.00,0.00,4
SP5-00785,deficit,none,0.00,0.00,0.00,0.00,0.00,4
SP5-00786,ok,reserve,17594.42,1302.86,994.59,0.00,0.00,5
SP5-00787,deficit,none,0.00,0.00,0.00,0.00,686668.33,5
SP5-00788,ok,debt,0.00,3479.66,0.00,0.00,6078.57,3
SP5-00789,deficit,none,0.00,0.00,0.00,0.00,0.00,4
SP5-00790,deficit,none,0.00,0.00,0.00,0.00,1866345.79,5
SP5-00791,deficit,none,0.00,0.00,0.00,0.00,159433047.14,5
SP5-00792,ok,debt,30010.36,70024.17,5264.98,0.00,0.00,3
SP5-00793,ok,goals+,0.00,0.00,7765.80,0.00,15559.69,3
SP5-00794,ok,goals+,183.71,428.67,6339.70,0.00,0.00,1
SP5-00795,ok,reserve,49116.01,24498.02,0.00,0.00,0.00,3
SP5-00796,deficit,none,0.00,0.00,0.00,0.00,0.00,4
SP5-00797,ok,reserve,1355.49,0.00,0.00,0.00,0.00,5
SP5-00798,ok,debt,255010.24,2044062.10,0.00,0.00,0.00,2
SP5-00799,ok,reserve,60919.90,0.00,0.00,0.00,0.00,3
SP5-00800,ok,reserve,223.13,0.00,0.00,0.00,0.00,3
SP5-00801,invalid,none,0.00,0.00,0.00,0.00,0.00,5
SP5-00802,deficit,none,0.00,0.00,0.00,0.00,602729.24,5
SP5-00803,deficit,none,0.00,0.00,0.00,0.00,5550020.73,5
SP5-00804,ok,goals+,0.00,0.00,2445646.43,2862551.14,12451878.92,2
SP5-00805,ok,goals+,0.00,0.00,2214724.81,599615.07,31373303.89,2
SP5-00806,ok,debt,0.00,7192.60,378.56,0.00,80047.78,3
SP5-00807,ok,goals+,0.00,0.00,8092.32,4415.39,24250.70,3
SP5-00808,deficit,none,0.00,0.00,0.00,0.00,7278739.25,5
SP5-00809,ok,reserve,3652.25,0.00,0.00,0.00,0.00,5
SP5-00810,ok,debt,8439.16,19691.37,0.00,0.00,0.00,3
SP5-00811,ok,goals+,0.00,0.00,169825.36,83287.40,10814522.91,2
SP5-00812,ok,goals+,0.00,0.00,491488.29,337412.65,1187982.60,2
SP5-00813,ok,debt,185.95,433.89,0.00,0.00,141963.20,3
SP5-00814,deficit,none,0.00,0.00,0.00,0.00,3102083.50,5
SP5-00815,ok,reserve,13809.28,0.00,446.97,446.97,0.00,3
SP5-00816,ok,debt,4419.71,10312.66,0.00,0.00,0.00,4
SP5-00817,ok,goals+,0.00,0.00,3481415.39,0.00,9272625.43,2
SP5-00818,ok,goals+,0.00,0.00,1662711.52,0.00,57103447.72,2
SP5-00819,ok,goals+,0.00,0.00,0.00,1316.58,308841.11,5
SP5-00820,deficit,none,0.00,0.00,0.00,0.00,112267.27,5
SP5-00821,ok,debt,1064.53,1596.79,0.00,0.00,2346.06,2
SP5-00822,deficit,none,0.00,0.00,0.00,0.00,0.00,4
SP5-00823,ok,goals+,0.00,0.00,601053472.61,601058729.05,2525704880.52,2
SP5-00824,ok,debt,2358.11,13974.84,0.00,0.00,0.00,3
SP5-00825,ok,reserve,6695.14,4463.42,0.00,0.00,0.00,2
SP5-00826,ok,goals+,0.00,0.00,7633.96,464.24,227781.29,4
SP5-00827,ok,goals+,0.00,0.00,5887827.92,0.00,73788069.47,2
SP5-00828,ok,reserve,39011.66,0.00,0.00,0.00,0.00,5
SP5-00829,deficit,none,0.00,0.00,0.00,0.00,5248708.47,5
SP5-00830,deficit,none,0.00,0.00,0.00,0.00,0.00,4
SP5-00831,ok,goals+,0.00,0.00,0.00,194314.86,439241.46,2
SP5-00832,ok,goals+,0.00,0.00,993628.68,161682.38,13409726.29,2
SP5-00833,deficit,none,0.00,0.00,0.00,0.00,0.00,4
SP5-00834,ok,goals+,0.00,0.00,30272.44,126336.60,6801595.30,2
SP5-00835,ok,reserve,27628.87,0.00,0.00,0.00,0.00,2
SP5-00836,ok,reserve,6720.30,0.00,0.00,0.00,0.00,3
SP5-00837,deficit,none,0.00,0.00,0.00,0.00,0.00,4
SP5-00838,ok,goals+,0.00,0.00,1011273843.81,0.00,5529188509.57,2
SP5-00839,invalid,none,0.00,0.00,0.00,0.00,0.00,5
SP5-00840,ok,reserve,10302.87,6868.58,0.00,0.00,0.00,2
SP5-00841,ok,reserve,6417.60,681.71,0.00,0.00,0.00,5
SP5-00842,ok,reserve,23917.03,0.00,0.00,0.00,0.00,5
SP5-00843,ok,goals+,0.00,0.00,0.00,39362.48,51467.26,5
SP5-00844,ok,goals+,0.00,0.00,6682.62,0.00,0.00,3
SP5-00845,ok,goals+,0.00,0.00,55723.02,0.00,647057.92,3
SP5-00846,ok,reserve,288.72,0.00,0.00,0.00,0.00,3
SP5-00847,ok,goals+,0.00,0.00,885761273.51,109673423.01,310630736.04,2
SP5-00848,deficit,none,0.00,0.00,0.00,0.00,0.00,4
SP5-00849,deficit,none,0.00,0.00,0.00,0.00,0.00,4
SP5-00850,ok,goals+,0.00,0.00,17602.06,0.00,813418.56,2
SP5-00851,ok,goals+,0.00,0.00,12010.38,0.00,6850.17,1
SP5-00852,ok,goals+,0.00,0.00,0.00,24660.49,562599.90,3
SP5-00853,ok,debt,43317.42,64143.17,0.00,0.00,0.00,3
SP5-00854,ok,goals+,0.00,0.00,1506715.78,532922.46,50106264.95,2
SP5-00855,ok,goals+,0.00,0.00,0.00,13000.90,127916.21,5
SP5-00856,ok,none,0.00,0.00,0.00,0.00,0.00,5
SP5-00857,deficit,none,0.00,0.00,0.00,0.00,0.00,4
SP5-00858,ok,reserve,34129.27,0.00,0.00,0.00,0.00,4
SP5-00859,ok,reserve,36618.82,0.00,0.00,0.00,0.00,4
SP5-00860,deficit,none,0.00,0.00,0.00,0.00,108553.98,5
SP5-00861,ok,goals+,0.00,0.00,405980.49,445081.37,4635797.90,2
SP5-00862,ok,goals+,0.00,0.00,142535.90,0.00,2229284.86,2
SP5-00863,ok,goals+,0.00,0.00,0.00,290769.32,10996115.67,2
SP5-00864,ok,goals+,0.00,0.00,14831.64,5813.33,26274.04,3
SP5-00865,ok,reserve,62798.95,0.00,0.00,0.00,0.00,4
SP5-00866,deficit,none,0.00,0.00,0.00,0.00,26139.28,5
SP5-00867,ok,goals+,2116.62,1411.08,45291.93,0.00,53383.50,2
SP5-00868,deficit,none,0.00,0.00,0.00,0.00,0.00,4
SP5-00869,ok,goals+,0.00,0.00,35174.88,162243.25,1241027.25,3
SP5-00870,deficit,none,0.00,0.00,0.00,0.00,2710874.74,5
SP5-00871,ok,reserve,12914.75,0.00,2602.46,0.00,0.00,3
SP5-00872,ok,none,0.00,0.00,0.00,0.00,0.00,5
SP5-00873,ok,reserve,220961.57,0.00,0.00,0.00,0.00,3
SP5-00874,ok,reserve,88705.45,0.00,0.00,0.00,0.00,2
SP5-00875,ok,goals+,0.00,0.00,41369.20,132481.07,119555.23,3
SP5-00876,ok,debt,4059.37,6089.05,0.00,0.00,14522.70,2
SP5-00877,ok,reserve,229490.76,0.00,0.00,0.00,0.00,4
SP5-00853,deficit,none,0.00,0.00,0.00,0.00,350005.19,5
SP5-00879,ok,reserve,608.94,0.00,0.00,0.00,0.00,5
SP5-00880,ok,debt,0.00,4322968.59,0.00,0.00,2034696.17,2
SP5-00881,deficit,none,0.00,0.00,0.00,0.00,8179429.51,5
SP5-00882,ok,reserve,9624.78,0.00,0.00,0.00,0.00,5
SP5-00883,deficit,none,0.00,0.00,0.00,0.00,3569359.68,5
SP5-00884,ok,reserve,1126476.05,0.00,13443.44,0.00,0.00,2
SP5-00885,ok,debt,148.20,345.80,0.00,0.00,0.00,3
SP5-00886,invalid,none,0.00,0.00,0.00,0.00,0.00,5
SP5-00887,ok,goals+,0.00,0.00,2910.39,0.00,14695.94,3
SP5-00888,ok,reserve,31562.81,0.00,0.00,0.00,0.00,3
SP5-00889,ok,reserve,13619.77,0.00,0.00,0.00,0.00,5
SP5-00890,deficit,none,0.00,0.00,0.00,0.00,0.00,4
SP5-00891,ok,debt,25153.62,33664.21,0.00,0.00,0.00,3
SP5-00892,deficit,none,0.00,0.00,0.00,0.00,0.00,4
SP5-00893,ok,reserve,13692.08,9128.05,0.00,0.00,0.00,2
SP5-00894,ok,reserve,6664.53,4443.02,0.00,0.00,0.00,2
SP5-00895,ok,debt,25153.62,33664.21,0.00,0.00,0.00,3
SP5-00896,ok,goals+,0.00,0.00,724852.30,0.00,11504923.04,2
SP5-00897,deficit,none,0.00,0.00,0.00,0.00,0.00,4
SP5-00898,ok,goals+,0.00,0.00,11897.80,0.00,2572764.30,3
SP5-00899,ok,reserve,5002.08,0.00,0.00,0.00,0.00,4
SP5-00900,ok,none,0.00,0.00,0.00,0.00,0.00,2
SP5-00901,ok,reserve,3061.64,0.00,2701.17,0.00,0.00,2
SP5-00902,ok,reserve,13193.96,8795.98,1157.37,0.00,0.00,2
SP5-00903,ok,reserve,6958.82,0.00,0.00,0.00,0.00,4
SP5-00904,ok,reserve,943.89,0.00,0.00,0.00,0.00,3
SP5-00905,deficit,none,0.00,0.00,0.00,0.00,0.00,4
SP5-00906,ok,reserve,15987.86,10658.58,0.00,0.00,11483.65,2
SP5-00907,ok,reserve,15245.87,0.00,0.00,0.00,0.00,4
SP5-00908,ok,reserve,5458.36,3638.90,0.00,0.00,0.00,2
SP5-00909,deficit,none,0.00,0.00,0.00,0.00,6091405.49,5
SP5-00910,invalid,none,0.00,0.00,0.00,0.00,0.00,5
SP5-00911,ok,goals+,0.00,0.00,11068.50,0.00,5847.15,2
SP5-00912,ok,reserve,47776.29,4688.01,0.00,0.00,0.00,5
SP5-00913,ok,reserve,4323.20,0.00,0.00,0.00,0.00,5
SP5-00914,ok,reserve,4397.04,0.00,0.00,0.00,0.00,1
SP5-00915,ok,reserve,12497.83,0.00,0.00,0.00,0.00,4
SP5-00916,ok,reserve,5002.08,0.00,0.00,0.00,0.00,4
SP5-00917,ok,reserve,13133.87,8755.91,1152.09,0.00,0.00,2
SP5-00918,deficit,none,0.00,0.00,0.00,0.00,32415251.82,5
SP5-00919,deficit,none,0.00,0.00,0.00,0.00,0.00,4
SP5-00920,ok,reserve,115177.36,0.00,0.00,0.00,0.00,4
SP5-00921,ok,reserve,8788.03,5858.69,0.00,0.00,0.00,2
SP5-00922,ok,reserve,16006.66,0.00,0.00,0.00,0.00,3
SP5-00923,ok,reserve,9621.29,0.00,0.00,0.00,0.00,3
SP5-00924,ok,none,0.00,0.00,0.00,0.00,0.00,5
SP5-00925,deficit,none,0.00,0.00,0.00,0.00,341232.39,5
SP5-00926,deficit,none,0.00,0.00,0.00,0.00,29980919.61,5
SP5-00927,ok,goals+,0.00,0.00,298953919.17,221927158.45,6824516971.27,2
SP5-00928,ok,debt,3247.76,4871.64,0.00,0.00,0.00,2
SP5-00929,deficit,none,0.00,0.00,0.00,0.00,0.00,4
SP5-00930,invalid,none,0.00,0.00,0.00,0.00,0.00,5
SP5-00931,ok,none,0.00,0.00,0.00,0.00,0.00,2
SP5-00932,ok,goals+,0.00,0.00,662639717.07,118626131.20,0.00,2
SP5-00933,ok,reserve,15097.64,0.00,0.00,0.00,0.00,4
SP5-00934,invalid,none,0.00,0.00,0.00,0.00,0.00,5
SP5-00935,deficit,none,0.00,0.00,0.00,0.00,0.00,4
SP5-00936,ok,reserve,41532.12,0.00,0.00,0.00,0.00,3
SP5-00937,ok,reserve,5713.52,0.00,0.00,0.00,0.00,5
SP5-00938,invalid,none,0.00,0.00,0.00,0.00,0.00,5
SP5-00939,deficit,none,0.00,0.00,0.00,0.00,0.00,4
SP5-00940,ok,debt,338711.67,790327.24,30704.69,0.00,0.00,2
SP5-00941,deficit,none,0.00,0.00,0.00,0.00,1681439.50,5
SP5-00942,ok,reserve,9833.02,6555.35,862.55,0.00,0.00,2
SP5-00943,ok,goals+,0.00,0.00,62254.88,0.00,0.00,4
SP5-00944,ok,reserve,271011.41,0.00,0.00,0.00,0.00,5
SP5-00945,ok,reserve,3340.93,0.00,0.00,0.00,0.00,3
SP5-00946,ok,debt,536.38,1251.54,94.10,0.00,12999.06,3
SP5-00947,ok,goals+,0.00,0.00,14416.81,12425.01,241604.01,3
SP5-00948,deficit,none,0.00,0.00,0.00,0.00,463458.47,5
SP5-00949,ok,goals+,0.00,0.00,0.00,1191039.50,25531756.74,2
SP5-00950,ok,goals+,0.00,0.00,11800.02,0.00,186362.10,4
SP5-00951,ok,goals+,0.00,0.00,352064.88,229190.30,26368484.32,2
SP5-00952,invalid,none,0.00,0.00,0.00,0.00,0.00,5
SP5-00953,ok,reserve,29807.53,16035.27,0.00,0.00,0.00,5
SP5-00954,ok,reserve,8240.28,0.00,0.00,0.00,0.00,3
SP5-00955,deficit,none,0.00,0.00,0.00,0.00,11047896.06,5
SP5-00956,deficit,none,0.00,0.00,0.00,0.00,92839137.15,5
SP5-00957,ok,goals+,0.00,0.00,11289.90,5269.22,198149.23,3
SP5-00958,ok,debt,0.00,32172.83,0.00,0.00,64516.06,3
SP5-00959,ok,reserve,23375.52,0.00,0.00,0.00,396639.98,1
SP5-00960,ok,reserve,2293.40,1528.93,0.00,0.00,0.00,2
SP5-00961,invalid,none,0.00,0.00,0.00,0.00,0.00,5
SP5-00962,ok,goals+,0.00,0.00,152326.93,318402.25,6826056.62,2
SP5-00963,deficit,none,0.00,0.00,0.00,0.00,5000.00,5
SP5-00964,ok,debt,712.81,1663.22,0.00,0.00,0.00,3
SP5-00965,ok,goals+,0.00,0.00,2428566.65,1321087.20,18566943.42,2
SP5-00966,ok,goals+,0.00,0.00,282454.15,494777.76,3915342.28,2
SP5-00967,deficit,none,0.00,0.00,0.00,0.00,257322.26,5
SP5-00968,deficit,none,0.00,0.00,0.00,0.00,1676077.39,5
SP5-00969,deficit,none,0.00,0.00,0.00,0.00,0.00,4
SP5-00970,deficit,none,0.00,0.00,0.00,0.00,712455.82,5
SP5-00971,deficit,none,0.00,0.00,0.00,0.00,1557799.41,5
SP5-00972,ok,goals+,0.00,0.00,9970.60,0.00,484154.10,3
SP5-00973,invalid,none,0.00,0.00,0.00,0.00,0.00,5
SP5-00974,ok,reserve,38960.15,0.00,0.00,0.00,0.00,3
SP5-00975,ok,reserve,6280.93,4187.29,0.00,0.00,0.00,2
SP5-00976,ok,debt,0.00,233403.17,0.00,0.00,45869.17,5
SP5-00977,ok,goals+,0.00,0.00,12538.75,7573.48,6255591.74,2
SP5-00978,deficit,none,0.00,0.00,0.00,0.00,0.00,4
SP5-00979,deficit,none,0.00,0.00,0.00,0.00,0.00,4
SP5-00980,ok,debt,712.81,1663.22,0.00,0.00,0.00,3
SP5-00981,deficit,none,0.00,0.00,0.00,0.00,115240.95,5
SP5-00982,ok,reserve,12456.27,0.00,0.00,0.00,0.00,4
SP5-00983,deficit,none,0.00,0.00,0.00,0.00,381409.64,5
SP5-00984,ok,reserve,1491.95,994.64,130.87,0.00,0.00,2
SP5-00985,ok,goals+,0.00,0.00,0.00,11266.60,592303.68,5
SP5-00986,ok,reserve,1985.66,1323.77,0.00,0.00,0.00,2
SP5-00987,ok,reserve,11033.66,7355.77,0.00,0.00,0.00,2
SP5-00988,ok,reserve,1985.66,1323.77,0.00,0.00,0.00,2
SP5-00989,ok,goals+,0.00,0.00,0.00,12397.74,106854.16,3
SP5-00990,deficit,none,0.00,0.00,0.00,0.00,0.00,4
SP5-00991,ok,reserve,3117.40,562.27,0.00,0.00,0.00,3
SP5-00992,deficit,none,0.00,0.00,0.00,0.00,8998871.74,5
SP5-00993,ok,goals+,477.61,318.41,27711.35,0.00,0.00,2
SP5-00994,deficit,none,0.00,0.00,0.00,0.00,430562.18,5
SP5-00995,ok,debt,0.00,22859.07,0.00,0.00,808633.06,3
SP5-00996,ok,debt,1880.21,2820.31,0.00,0.00,100401.90,1
SP5-00997,ok,goals+,0.00,0.00,28061.68,0.00,0.00,4
SP5-00998,ok,goals+,0.00,0.00,2493.09,0.00,0.00,2
SP5-00999,invalid,none,0.00,0.00,0.00,0.00,0.00,5
SP5-01000,ok,goals+,0.00,0.00,0.00,46169.69,173467.46,5
SP5-01001,ok,goals+,0.00,0.00,3873.93,8430.63,308424.81,3
SP5-01002,deficit,none,0.00,0.00,0.00,0.00,164004.50,5
SP5-01003,invalid,none,0.00,0.00,0.00,0.00,0.00,5
SP5-01004,deficit,none,0.00,0.00,0.00,0.00,5102877.47,5
SP5-01005,deficit,none,0.00,0.00,0.00,0.00,0.00,4
SP5-01006,ok,reserve,1357592.49,815362.10,0.00,0.00,0.00,2
SP5-01007,ok,reserve,7705.76,0.00,0.00,0.00,0.00,3
SP5-01008,ok,reserve,9488.23,0.00,0.00,0.00,0.00,5
SP5-01009,ok,debt,15046.06,22569.10,0.00,0.00,18692.46,2
SP5-01010,ok,goals+,0.00,0.00,1317997.78,697029.44,8432153.54,2
SP5-01011,ok,goals+,0.00,0.00,24672.56,17289.27,4405.48,3
SP5-01012,deficit,none,0.00,0.00,0.00,0.00,0.00,4
SP5-01013,ok,goals+,6501.21,4334.14,16070.14,0.00,0.00,2
SP5-01014,deficit,none,0.00,0.00,0.00,0.00,169101.15,5
SP5-01015,deficit,none,0.00,0.00,0.00,0.00,2588319.30,5
SP5-01016,ok,debt,7010.80,16358.53,0.00,0.00,0.00,3
SP5-01017,ok,reserve,7633.99,4047.78,0.00,0.00,0.00,5
SP5-01018,ok,reserve,10392.41,0.00,0.00,0.00,0.00,3
SP5-01019,ok,goals+,0.00,0.00,41466.09,27833.25,139009.76,3
SP5-01020,deficit,none,0.00,0.00,0.00,0.00,240678.03,5
SP5-01021,ok,debt,0.00,20634.66,1086.03,0.00,24610.75,3
SP5-01022,ok,debt,0.00,4382764.73,0.00,0.00,674610.03,2
SP5-01023,deficit,none,0.00,0.00,0.00,0.00,46374.82,5
SP5-01024,ok,debt,1622.63,3786.14,0.00,0.00,0.00,3
SP5-01025,ok,goals+,0.00,0.00,11104.25,0.00,0.00,2
SP5-01026,deficit,none,0.00,0.00,0.00,0.00,2076015.29,5
SP5-01027,ok,reserve,5791.99,0.00,0.00,0.00,12738.65,3
SP5-01028,ok,debt,6822.19,10233.28,0.00,0.00,40317.11,2
SP5-01029,ok,debt,0.00,22859.07,0.00,0.00,818914.03,3
SP5-01030,ok,debt,521.55,1216.96,0.00,0.00,5855.66,3
SP5-01031,invalid,none,0.00,0.00,0.00,0.00,0.00,5
SP5-01032,ok,goals+,0.00,0.00,668551.74,134638.53,165890.59,2
SP5-01033,ok,reserve,11153.62,0.00,0.00,0.00,0.00,3
SP5-01034,ok,goals+,492.90,0.00,27395.02,0.00,0.00,2
SP5-01035,deficit,none,0.00,0.00,0.00,0.00,0.00,4
SP5-01036,ok,debt,44572.37,104002.20,0.00,0.00,0.00,2
SP5-01037,ok,debt,60534.63,2168717.30,0.00,0.00,0.00,2
SP5-01038,ok,debt,310023.80,723388.87,0.00,0.00,0.00,2
SP5-01039,ok,debt,0.00,747189.94,0.00,0.00,273393.83,2
SP5-01040,ok,reserve,25431.91,0.00,0.00,0.00,0.00,4
SP5-01041,deficit,none,0.00,0.00,0.00,0.00,2184671.62,5
SP5-01042,ok,goals+,0.00,0.00,16864.99,0.00,0.00,3
SP5-01043,ok,goals+,0.00,0.00,917.94,0.00,272575.71,3
SP5-01044,deficit,none,0.00,0.00,0.00,0.00,0.00,4
SP5-01045,ok,reserve,121380.49,0.00,0.00,0.00,0.00,4
SP5-01046,invalid,none,0.00,0.00,0.00,0.00,0.00,5
SP5-01047,deficit,none,0.00,0.00,0.00,0.00,0.00,4
SP5-01048,ok,reserve,21094.10,14062.74,0.00,0.00,5476.62,2
SP5-01049,ok,goals+,0.00,0.00,1717388.56,955818.22,4492783.77,2
SP5-01050,deficit,none,0.00,0.00,0.00,0.00,1172567.85,5
SP5-01051,ok,debt,1445.86,3373.68,0.00,0.00,0.00,3
SP5-01052,ok,goals+,0.00,0.00,6098.19,15602.12,644015.36,3
SP5-01053,ok,reserve,49889.39,0.00,0.00,0.00,0.00,5
SP5-01054,ok,goals+,0.00,0.00,14803.84,0.00,103309.63,4
SP5-01055,ok,reserve,18648.59,0.00,0.00,0.00,0.00,5
SP5-01056,ok,goals+,0.00,0.00,0.00,27040.63,0.00,4
SP5-01057,ok,reserve,70.09,0.00,0.00,0.00,0.00,3
SP5-01058,ok,reserve,2974.78,2650.77,0.00,0.00,0.00,3
SP5-01059,ok,reserve,9242.86,0.00,0.00,0.00,0.00,3
SP5-01060,ok,goals+,0.00,0.00,6760.94,0.00,1399820.11,3
SP5-01061,invalid,none,0.00,0.00,0.00,0.00,0.00,5
SP5-01062,ok,debt,5215.53,12169.57,0.00,0.00,58556.60,2
SP5-01063,ok,reserve,5824.63,0.00,0.00,0.00,0.00,5
SP5-01064,ok,reserve,326.95,0.00,0.00,0.00,0.00,3
SP5-01065,deficit,none,0.00,0.00,0.00,0.00,0.00,4
SP5-01066,ok,reserve,22764.36,0.00,0.00,0.00,0.00,3
SP5-01067,ok,debt,1917.65,4474.51,0.00,0.00,0.00,3
SP5-01068,ok,reserve,53953.78,0.00,0.00,0.00,0.00,5
SP5-01069,ok,goals+,0.00,0.00,0.00,27299.51,0.00,5
SP5-01070,deficit,none,0.00,0.00,0.00,0.00,24408904.89,5
SP5-01071,ok,reserve,8899.22,0.00,0.00,0.00,0.00,4
SP5-01072,deficit,none,0.00,0.00,0.00,0.00,410725.30,5
SP5-01073,ok,goals+,0.00,0.00,25104.93,0.00,39473.71,4
SP5-01074,ok,goals+,0.00,0.00,2773.40,0.00,0.00,4
SP5-01075,ok,goals+,0.00,0.00,2386.37,12080.29,89250.08,3
SP5-01076,ok,goals+,0.00,0.00,13801.50,0.00,0.00,1
SP5-01077,ok,debt,1641366.54,2416696.89,0.00,0.00,0.00,2
SP5-01078,ok,goals+,0.00,0.00,27293.31,130332.68,87202.23,4
SP5-01079,deficit,none,0.00,0.00,0.00,0.00,4884154.39,5
SP5-01080,ok,reserve,41876.54,27917.69,0.00,0.00,0.00,2
SP5-01081,ok,reserve,14794.82,0.00,0.00,0.00,0.00,3
SP5-01082,ok,goals+,0.00,0.00,14752.07,3215.95,1066174.71,3
SP5-01083,ok,debt,0.00,889561.54,0.00,0.00,5076762.46,2
SP5-01084,deficit,none,0.00,0.00,0.00,0.00,61139.51,5
SP5-01085,deficit,none,0.00,0.00,0.00,0.00,0.00,4
SP5-01086,ok,debt,912055.40,2128129.28,0.00,0.00,0.00,2
SP5-01087,ok,reserve,3177.03,0.00,0.00,0.00,0.00,3
SP5-01088,ok,debt,0.00,423707.02,0.00,0.00,475929.42,2
SP5-01089,ok,reserve,23836.33,15890.89,0.00,0.00,0.00,2
SP5-01090,ok,reserve,2058.30,0.00,0.00,0.00,0.00,3
SP5-01091,ok,goals+,0.00,0.00,13986.09,0.00,17185.62,3
SP5-01092,deficit,none,0.00,0.00,0.00,0.00,539234.64,5
SP5-01093,deficit,none,0.00,0.00,0.00,0.00,0.00,4
SP5-01094,ok,reserve,17953.66,0.00,0.00,0.00,0.00,2
SP5-01095,ok,reserve,2041.56,1361.04,0.00,0.00,0.00,2
SP5-01096,invalid,none,0.00,0.00,0.00,0.00,0.00,5
SP5-01097,deficit,none,0.00,0.00,0.00,0.00,1731632.98,5
SP5-01098,deficit,none,0.00,0.00,0.00,0.00,1741723.56,5
SP5-01099,ok,goals+,0.00,0.00,3318.52,0.00,228927.35,3
SP5-01100,ok,goals+,0.00,0.00,21723.05,0.00,23984.22,2
SP5-01101,ok,debt,619.49,1445.46,0.00,0.00,0.00,3
SP5-01102,deficit,none,0.00,0.00,0.00,0.00,175193.17,5
SP5-01103,ok,goals+,0.00,0.00,42177.56,14924.33,68759.99,3
SP5-01104,ok,reserve,27495.65,18330.43,0.00,0.00,0.00,2
SP5-01105,ok,reserve,304895.29,81142.82,0.00,0.00,0.00,2
SP5-01106,ok,goals+,0.00,0.00,1923489.24,446031.99,2999121.20,2
SP5-01107,deficit,none,0.00,0.00,0.00,0.00,0.00,4
SP5-01108,deficit,none,0.00,0.00,0.00,0.00,15705.41,5
SP5-01109,deficit,none,0.00,0.00,0.00,0.00,660595.73,5
SP5-01110,ok,goals+,0.00,0.00,3714.40,0.00,0.00,2
SP5-01111,ok,reserve,7040.25,0.00,0.00,0.00,0.00,5
SP5-01112,deficit,none,0.00,0.00,0.00,0.00,0.00,4
SP5-01113,ok,reserve,29085.68,0.00,0.00,0.00,0.00,4
SP5-01114,ok,debt,9689.85,22609.65,0.00,0.00,0.00,3
SP5-01115,ok,goals+,0.00,0.00,7307.86,0.00,7120.98,3
SP5-01116,ok,goals+,0.00,0.00,796910048.37,296255527.97,4202438762.78,2
SP5-01117,ok,goals+,3924.88,0.00,0.00,4434.58,0.00,3
SP5-01118,ok,goals+,0.00,0.00,399788.93,936851.67,6336157.75,2
SP5-01119,ok,debt,8654.58,12981.86,0.00,0.00,20636.39,2
SP5-01120,ok,reserve,21313.45,0.00,0.00,0.00,0.00,5
SP5-01121,ok,goals+,0.00,0.00,1921059.01,0.00,15994924.43,2
SP5-01122,deficit,none,0.00,0.00,0.00,0.00,3338496.07,5
SP5-01123,deficit,none,0.00,0.00,0.00,0.00,10466477.58,5
SP5-01124,ok,debt,8654.58,12981.86,0.00,0.00,20636.39,2
SP5-01125,ok,reserve,107846.98,0.00,0.00,0.00,128241.54,3
SP5-01126,deficit,none,0.00,0.00,0.00,0.00,2399671.36,5
SP5-01127,ok,goals+,0.00,0.00,275.47,0.00,1295698.84,3
SP5-01128,ok,reserve,7875.15,0.00,0.00,0.00,0.00,5
SP5-01129,deficit,none,0.00,0.00,0.00,0.00,17576468.49,5
SP5-01130,ok,none,0.00,0.00,0.00,0.00,0.00,5
SP5-01131,ok,reserve,8409.00,0.00,0.00,0.00,0.00,5
SP5-01132,ok,reserve,72410.43,0.00,0.00,0.00,0.00,4
SP5-01133,ok,reserve,19024.44,0.00,0.00,0.00,0.00,4
SP5-01134,ok,goals+,0.00,0.00,4854.27,0.00,10821.10,2
SP5-01135,deficit,none,0.00,0.00,0.00,0.00,0.00,4
SP5-01136,ok,reserve,8409.00,0.00,0.00,0.00,0.00,5
SP5-01137,deficit,none,0.00,0.00,0.00,0.00,2350549.61,5
SP5-01138,ok,reserve,20018.41,0.00,0.00,0.00,0.00,3
SP5-01139,ok,debt,8816.22,20571.18,0.00,0.00,0.00,4
SP5-01140,ok,goals+,0.00,0.00,1636114.66,3536502.24,8569003.53,2
SP5-01141,ok,reserve,29173.69,19449.13,0.00,0.00,0.00,2
SP5-01142,ok,goals+,0.00,0.00,42896.70,0.00,338808.79,3
SP5-01143,ok,reserve,9462.73,0.00,6034.39,0.00,0.00,2
SP5-01144,ok,goals+,0.00,0.00,1251.41,0.00,0.00,2
SP5-01145,ok,reserve,45899.93,0.00,0.00,0.00,0.00,5
SP5-01146,ok,reserve,12526.03,0.00,0.00,0.00,97154.32,3
SP5-01147,ok,reserve,3048.82,0.00,0.00,0.00,0.00,3
SP5-01148,ok,debt,0.00,20774.35,0.00,0.00,57537.68,3
SP5-01149,deficit,none,0.00,0.00,0.00,0.00,0.00,4
SP5-01150,deficit,none,0.00,0.00,0.00,0.00,34979304.47,5
SP5-01151,ok,debt,0.00,222.98,0.00,0.00,202469.52,3
SP5-01152,ok,reserve,4119.84,0.00,0.00,0.00,0.00,5
SP5-01153,deficit,none,0.00,0.00,0.00,0.00,17448804.70,5
SP5-01154,ok,reserve,49829.72,0.00,0.00,0.00,0.00,5
SP5-01155,deficit,none,0.00,0.00,0.00,0.00,105833628.18,5
SP5-00476,ok,reserve,13453.75,0.00,0.00,0.00,0.00,5
SP5-01157,ok,reserve,4369.30,0.00,0.00,0.00,0.00,4
SP5-01158,ok,goals+,0.00,0.00,146070.79,209584.94,11089430.54,2
SP5-01159,ok,goals+,370.23,246.82,20402.37,0.00,0.00,2
SP5-01160,ok,goals+,0.00,0.00,202331.80,370200.77,21534320.90,2
SP5-01161,deficit,none,0.00,0.00,0.00,0.00,27247.07,5
SP5-01162,deficit,none,0.00,0.00,0.00,0.00,23468256.47,5
SP5-01163,ok,debt,8887.33,20737.11,0.00,0.00,0.00,3
SP5-01164,ok,goals+,0.00,0.00,2780478.82,316554.81,121332998.10,2
SP5-01165,ok,reserve,5302.74,0.00,0.00,0.00,0.00,5
SP5-01166,invalid,none,0.00,0.00,0.00,0.00,0.00,5
SP5-01167,invalid,none,0.00,0.00,0.00,0.00,0.00,5
SP5-01168,ok,reserve,24043.85,0.00,0.00,0.00,0.00,3
SP5-01169,ok,reserve,8250.62,0.00,0.00,0.00,0.00,4
SP5-01170,ok,reserve,2171.36,0.00,0.00,0.00,0.00,5
SP5-01171,ok,reserve,10330.58,0.00,0.00,0.00,0.00,5
SP5-01172,ok,goals+,0.00,0.00,20777.05,12269.18,23330.44,3
SP5-01173,ok,reserve,12945.91,0.00,0.00,0.00,0.00,3
SP5-01174,ok,debt,5319.55,12412.28,0.00,0.00,24971.66,3
SP5-01175,ok,reserve,1523.99,1015.99,0.00,0.00,0.00,2
SP5-01176,ok,goals+,0.00,0.00,760.24,0.00,0.00,4
SP5-01177,ok,debt,60588.00,2565031.33,0.00,0.00,0.00,2
SP5-01178,ok,reserve,4172.18,2781.46,0.00,0.00,0.00,2
SP5-01179,ok,goals+,0.00,0.00,18578.91,0.00,0.00,4
SP5-01180,ok,debt,0.00,222.98,0.00,0.00,202469.52,3
SP5-01181,deficit,none,0.00,0.00,0.00,0.00,990362.74,5
SP5-01182,ok,reserve,22037.00,14691.34,0.00,0.00,0.00,2
SP5-01183,deficit,none,0.00,0.00,0.00,0.00,16947075.28,5
SP5-01184,ok,goals+,10172.59,0.00,16121.52,0.00,0.00,3
SP5-01185,ok,goals+,0.00,0.00,213738.30,450352.50,1122090.11,2
SP5-01186,ok,reserve,59598.39,0.00,14343.35,0.00,0.00,4
SP5-01187,deficit,none,0.00,0.00,0.00,0.00,7064.93,5
SP5-01188,deficit,none,0.00,0.00,0.00,0.00,0.00,4
SP5-01189,deficit,none,0.00,0.00,0.00,0.00,79526.18,5
SP5-01190,deficit,none,0.00,0.00,0.00,0.00,0.00,4
SP5-01191,ok,debt,0.00,18168.26,0.00,0.00,10444.33,3
SP5-01192,invalid,none,0.00,0.00,0.00,0.00,0.00,5
SP5-01193,ok,goals+,0.00,0.00,0.00,36704.98,340457.03,3
SP5-01194,ok,goals+,0.00,0.00,0.00,114386.02,136062.09,5
SP5-01195,ok,reserve,52700.99,0.00,0.00,0.00,0.00,3
SP5-01196,ok,goals+,0.00,0.00,8858.59,0.00,2216793.58,2
SP5-01197,ok,reserve,9447.24,0.00,0.00,0.00,33396.84,4
SP5-01198,ok,goals+,0.00,0.00,1421918.40,582547.59,36342706.68,2
SP5-01199,deficit,none,0.00,0.00,0.00,0.00,1433473.24,5
SP5-01200,ok,reserve,6252.21,0.00,0.00,0.00,0.00,5
SP5-01201,ok,reserve,34704.11,0.00,0.00,0.00,0.00,4
SP5-01202,ok,debt,2016.28,4704.64,0.00,0.00,10981.37,3
SP5-01203,deficit,none,0.00,0.00,0.00,0.00,0.00,4
SP5-01204,ok,goals+,0.00,0.00,1402105.64,0.00,5279234.18,2
SP5-01205,ok,reserve,18172.97,0.00,0.00,0.00,0.00,4
SP5-01206,deficit,none,0.00,0.00,0.00,0.00,0.00,4
SP5-01207,ok,goals+,0.00,0.00,20290.13,87584.60,7871927.45,2
SP5-01208,ok,debt,355901.99,2784870.84,0.00,0.00,0.00,2
SP5-01209,deficit,none,0.00,0.00,0.00,0.00,373235.97,5
SP5-01210,deficit,none,0.00,0.00,0.00,0.00,0.00,4
SP5-01211,ok,reserve,59563.35,0.00,0.00,0.00,0.00,3
SP5-01212,ok,reserve,18094.33,0.00,0.00,0.00,0.00,5
SP5-01213,invalid,none,0.00,0.00,0.00,0.00,0.00,5
SP5-01214,deficit,none,0.00,0.00,0.00,0.00,0.00,4
SP5-01215,deficit,none,0.00,0.00,0.00,0.00,0.00,4
SP5-01216,invalid,none,0.00,0.00,0.00,0.00,0.00,5
SP5-01217,ok,goals+,0.00,0.00,36673.39,8362.77,66950.12,3
SP5-01218,ok,goals+,0.00,0.00,785779777.96,1939819.66,7549426290.20,2
SP5-01219,ok,goals+,0.00,0.00,295999.51,0.00,34661249.52,2
SP5-01220,ok,goals+,0.00,0.00,0.00,2534093.55,4800981.98,2
SP5-01221,ok,reserve,27877.78,0.00,0.00,0.00,0.00,4
SP5-01222,ok,reserve,962.02,641.35,0.00,0.00,0.00,2
SP5-01223,ok,reserve,26294.11,0.00,0.00,0.00,0.00,4
SP5-01224,deficit,none,0.00,0.00,0.00,0.00,108745636.71,5
SP5-01225,ok,debt,0.00,9542.84,0.00,0.00,15936.50,3
SP5-01226,ok,reserve,45811.62,0.00,0.00,0.00,0.00,5
SP5-01227,ok,debt,0.00,6698.00,0.00,0.00,134596.67,3
SP5-01125,deficit,none,0.00,0.00,0.00,0.00,167614.99,5
SP5-01229,deficit,none,0.00,0.00,0.00,0.00,0.00,4
SP5-01230,ok,goals+,0.00,0.00,3322205.27,327720.13,0.00,2
SP5-01231,ok,goals+,0.00,0.00,2138927.49,437369.85,897427.00,2
SP5-01232,ok,debt,6454.30,9681.44,0.00,0.00,29012.20,2
SP5-01233,deficit,none,0.00,0.00,0.00,0.00,57693.49,5
SP5-01234,ok,reserve,48554.46,0.00,0.00,0.00,0.00,5
SP5-01235,ok,goals+,0.00,0.00,415543739.04,0.00,5687695121.65,2
SP5-01236,ok,reserve,10313.91,0.00,0.00,0.00,0.00,4
SP5-01237,deficit,none,0.00,0.00,0.00,0.00,824930.90,5
SP5-01238,ok,goals+,0.00,0.00,51010.81,0.00,14019314.15,2
SP5-01239,ok,reserve,38188.25,0.00,0.00,0.00,0.00,1
SP5-01240,ok,reserve,7308.96,0.00,0.00,0.00,0.00,3
SP5-01241,deficit,none,0.00,0.00,0.00,0.00,0.00,4
SP5-01242,ok,goals+,0.00,0.00,17044.03,13969.51,349692.24,3
SP5-01243,deficit,none,0.00,0.00,0.00,0.00,0.00,4
SP5-01244,ok,goals+,0.00,0.00,1748379.81,7046.01,0.00,2
SP5-01245,ok,debt,2517.49,3776.23,0.00,0.00,16404.89,2
SP5-01246,deficit,none,0.00,0.00,0.00,0.00,0.00,4
SP5-01247,ok,reserve,30477.12,0.00,0.00,0.00,0.00,4
SP5-01248,invalid,none,0.00,0.00,0.00,0.00,0.00,5
SP5-01249,ok,debt,0.00,9542.84,0.00,0.00,17689.76,3
SP5-01250,ok,reserve,7228.09,4818.73,0.00,0.00,0.00,2
SP5-01251,deficit,none,0.00,0.00,0.00,0.00,81171.81,5
SP5-01252,ok,reserve,9667.27,0.00,0.00,0.00,0.00,5
SP5-01253,deficit,none,0.00,0.00,0.00,0.00,0.00,4
SP5-01254,ok,goals+,0.00,24502.12,51611.33,0.00,543890.64,2
SP5-01255,ok,reserve,20418.37,0.00,0.00,0.00,0.00,5
SP5-01256,ok,reserve,929.18,0.00,0.00,0.00,0.00,5
SP5-01257,ok,reserve,18528.61,0.00,0.00,0.00,0.00,5
SP5-01258,ok,reserve,10733.02,0.00,0.00,0.00,0.00,4
SP5-01259,deficit,none,0.00,0.00,0.00,0.00,0.00,4
SP5-01260,deficit,none,0.00,0.00,0.00,0.00,0.00,4
SP5-01261,deficit,none,0.00,0.00,0.00,0.00,0.00,4
SP5-01262,ok,goals+,0.00,0.00,38982.60,0.00,0.00,3
SP5-01263,ok,reserve,15227.90,0.00,0.00,0.00,0.00,4
SP5-01264,ok,goals+,0.00,0.00,2892.01,0.00,132042.85,3
SP5-01265,deficit,none,0.00,0.00,0.00,0.00,923451.05,5
SP5-01266,invalid,none,0.00,0.00,0.00,0.00,0.00,5
SP5-01267,ok,goals+,0.00,0.00,17847.11,0.00,217975.71,3
SP5-01268,deficit,none,0.00,0.00,0.00,0.00,770490.55,5
SP5-01269,ok,reserve,3501.26,0.00,0.00,0.00,0.00,5
SP5-01270,ok,goals+,0.00,0.00,4795.97,0.00,0.00,2
SP5-01271,ok,debt,6635.96,15483.90,0.00,0.00,0.00,3
SP5-01272,ok,goals+,0.00,0.00,0.00,30875.98,2509651.89,2
SP5-01273,ok,debt,25025.19,3011545.75,0.00,0.00,0.00,2
SP5-01274,deficit,none,0.00,0.00,0.00,0.00,52788297.63,5
SP5-01275,ok,reserve,17429.74,0.00,0.00,0.00,121905.21,4
SP5-01276,ok,reserve,10191.25,6794.16,893.97,0.00,0.00,2
SP5-01277,ok,reserve,9058.29,0.00,0.00,0.00,0.00,5
SP5-01278,deficit,none,0.00,0.00,0.00,0.00,0.00,4
SP5-01279,ok,goals+,0.00,0.00,4093.78,0.00,1695708.20,3
SP5-01280,deficit,none,0.00,0.00,0.00,0.00,0.00,4
SP5-01281,deficit,none,0.00,0.00,0.00,0.00,3120524.65,5
SP5-01282,ok,reserve,4156.69,0.00,0.00,0.00,0.00,5
SP5-01283,ok,goals+,0.00,0.00,1676187.42,1215044.48,41487812.31,2
SP5-01284,ok,reserve,13302.67,0.00,0.00,0.00,0.00,3
SP5-01285,ok,goals+,0.00,0.00,562.06,0.00,155894.76,1
SP5-01286,ok,reserve,2915.11,0.00,0.00,0.00,0.00,4
SP5-01287,deficit,none,0.00,0.00,0.00,0.00,0.00,4
SP5-01288,deficit,none,0.00,0.00,0.00,0.00,0.00,4
SP5-01289,ok,goals+,0.00,0.00,8038.79,0.00,6257.74,3
SP5-01290,ok,goals+,0.00,0.00,15170.49,14214.15,112495.84,3
SP5-01291,ok,goals+,0.00,0.00,9004.02,0.00,82759.97,1
SP5-01292,ok,reserve,24215.12,0.00,0.00,0.00,0.00,3
SP5-01232,ok,reserve,7312.33,0.00,0.00,0.00,0.00,5
SP5-01294,deficit,none,0.00,0.00,0.00,0.00,12473.52,5
SP5-01295,ok,reserve,3989.02,0.00,0.00,0.00,0.00,4
SP5-01296,ok,reserve,16498.97,0.00,0.00,0.00,0.00,4
SP5-01297,ok,reserve,1651.91,0.00,0.00,0.00,0.00,5
SP5-01298,deficit,none,0.00,0.00,0.00,0.00,94844.81,5
SP5-01299,deficit,none,0.00,0.00,0.00,0.00,43226835.37,5
SP5-01300,deficit,none,0.00,0.00,0.00,0.00,6910256.21,5
SP5-01301,deficit,none,0.00,0.00,0.00,0.00,3210497.98,5
SP5-01302,deficit,none,0.00,0.00,0.00,0.00,7357.65,5
SP5-01303,ok,goals+,0.00,0.00,4424.32,0.00,291587.82,3
SP5-01304,invalid,none,0.00,0.00,0.00,0.00,0.00,5
SP5-01305,ok,reserve,1252.92,835.28,0.00,0.00,0.00,2
SP5-01306,ok,debt,1135330.75,4075044.48,0.00,0.00,0.00,2
SP5-01307,deficit,none,0.00,0.00,0.00,0.00,92035157.58,5
SP5-01308,ok,goals+,0.00,0.00,22366.04,0.00,0.00,2
SP5-01309,deficit,none,0.00,0.00,0.00,0.00,1253523.12,5
SP5-01310,deficit,none,0.00,0.00,0.00,0.00,0.00,4
SP5-01311,ok,reserve,818.95,545.97,0.00,0.00,0.00,2
SP5-01312,invalid,none,0.00,0.00,0.00,0.00,0.00,5
SP5-01313,deficit,none,0.00,0.00,0.00,0.00,0.00,4
SP5-01314,ok,debt,0.00,3808757.00,0.00,0.00,505983.40,2
SP5-01315,deficit,none,0.00,0.00,0.00,0.00,0.00,4
SP5-01316,ok,reserve,3026.18,2017.45,0.00,0.00,0.00,2
SP5-01317,deficit,none,0.00,0.00,0.00,0.00,0.00,4
SP5-01318,ok,goals+,0.00,0.00,3068.71,0.00,15480.12,2
SP5-01232,ok,reserve,12493.62,0.00,0.00,0.00,0.00,5
SP5-01320,ok,reserve,11680.38,0.00,0.00,0.00,0.00,4
SP5-01321,ok,debt,0.00,30973.54,1630.19,0.00,219169.40,3
SP5-01322,ok,reserve,45071.03,28776.13,0.00,0.00,0.00,3
SP5-01323,ok,goals+,0.00,0.00,32293.94,0.00,8997221.51,2
SP5-01324,ok,debt,1840.79,4295.19,0.00,0.00,0.00,4
SP5-01325,deficit,none,0.00,0.00,0.00,0.00,0.00,4
SP5-01326,ok,goals+,0.00,0.00,1678918.82,778036.71,12270283.46,2
SP5-01327,ok,reserve,1.00,0.00,0.00,0.00,0.00,5
SP5-01328,ok,reserve,448.56,299.04,39.35,0.00,0.00,2
SP5-01329,deficit,none,0.00,0.00,0.00,0.00,0.00,4
SP5-01330,ok,goals+,0.00,0.00,883532355.70,0.00,1500566788.12,2
SP5-01331,ok,reserve,0.60,0.40,0.00,0.00,0.00,2
SP5-01332,ok,goals+,0.00,0.00,6494.35,12365.96,86783.97,3
SP5-01333,deficit,none,0.00,0.00,0.00,0.00,615114.53,5
SP5-01334,ok,goals+,0.00,0.00,477139.37,250264.13,2647772.72,2
SP5-01335,ok,debt,1682.12,3924.93,0.00,0.00,0.00,3
SP5-01336,deficit,none,0.00,0.00,0.00,0.00,0.00,4
SP5-01337,ok,reserve,2097.44,0.00,0.00,0.00,0.00,3
SP5-01338,ok,debt,29622.07,44433.11,0.00,0.00,52147.79,2
SP5-01339,ok,reserve,15331.16,0.00,0.00,0.00,0.00,5
SP5-01340,ok,goals+,0.00,0.00,5039.50,0.00,0.00,2
SP5-01341,ok,reserve,8353.95,5569.30,732.80,0.00,37690.97,2
SP5-01342,ok,goals+,0.00,0.00,0.00,27143.71,218662.34,5
SP5-01343,ok,reserve,38798.39,0.00,0.00,0.00,0.00,5
SP5-01344,ok,reserve,10392.58,0.00,0.00,0.00,0.00,5
SP5-01345,ok,reserve,8748.91,0.00,0.00,0.00,0.00,2
SP5-01346,ok,debt,0.00,34050.93,0.00,0.00,366205.02,3
SP5-01347,deficit,none,0.00,0.00,0.00,0.00,0.00,4
SP5-01348,ok,goals+,0.00,0.00,1073149.83,0.00,4546329.90,2
SP5-01349,deficit,none,0.00,0.00,0.00,0.00,0.00,4
SP5-01350,deficit,none,0.00,0.00,0.00,0.00,47885038.60,5
SP5-01351,invalid,none,0.00,0.00,0.00,0.00,0.00,5
SP5-01352,ok,reserve,40967.78,0.00,0.00,0.00,0.00,4
SP5-01353,ok,reserve,143057.91,20259.43,0.00,0.00,0.00,5
SP5-01354,ok,reserve,5683.48,3788.98,0.00,0.00,0.00,2
SP5-01355,deficit,none,0.00,0.00,0.00,0.00,0.00,4
SP5-01356,invalid,none,0.00,0.00,0.00,0.00,0.00,5
SP5-01357,deficit,none,0.00,0.00,0.00,0.00,0.00,4
SP5-01358,ok,reserve,14543.08,0.00,0.00,0.00,0.00,5
SP5-01359,ok,reserve,9055.95,0.00,0.00,0.00,0.00,5
SP5-01360,ok,goals+,0.00,0.00,12882.89,0.00,0.00,2
SP5-01361,ok,debt,0.00,12620.70,0.00,0.00,184082.75,3
SP5-01362,ok,goals+,0.00,0.00,1316457.90,289062.10,13289154.10,2
SP5-01363,deficit,none,0.00,0.00,0.00,0.00,3867911.07,5
SP5-01364,deficit,none,0.00,0.00,0.00,0.00,0.00,4
SP5-01365,deficit,none,0.00,0.00,0.00,0.00,1482639.19,5
SP5-01366,ok,reserve,21023.51,0.00,0.00,0.00,0.00,3
SP5-01367,ok,goals+,0.00,0.00,0.00,13106.51,54325.55,5
SP5-01368,ok,reserve,942.33,0.00,0.00,0.00,0.00,5
SP5-01369,deficit,none,0.00,0.00,0.00,0.00,0.00,4
SP5-01370,deficit,none,0.00,0.00,0.00,0.00,0.00,4
SP5-01371,ok,reserve,4355.74,0.00,0.00,0.00,0.00,5
SP5-01372,ok,reserve,126974.09,0.00,0.00,0.00,0.00,4
SP5-01373,ok,debt,1957.32,4567.09,0.00,0.00,0.00,4
SP5-01374,ok,debt,4157.34,9700.45,0.00,0.00,0.00,3
SP5-01375,deficit,none,0.00,0.00,0.00,0.00,158431.62,5
SP5-01376,ok,goals+,0.00,0.00,482113343.68,378892758.80,3776104566.61,2
SP5-01377,invalid,none,0.00,0.00,0.00,0.00,0.00,5
SP5-01378,ok,reserve,5585.01,3723.34,0.00,0.00,0.00,2
SP5-01379,ok,goals+,0.00,0.00,7172.87,0.00,0.00,2
SP5-01380,ok,debt,3723.34,5585.01,0.00,0.00,7363.56,2
SP5-01381,deficit,none,0.00,0.00,0.00,0.00,742543.74,5
SP5-01382,ok,reserve,12952.42,0.00,0.00,0.00,0.00,5
SP5-01383,ok,reserve,30158.31,0.00,0.00,0.00,0.00,5
SP5-01384,deficit,none,0.00,0.00,0.00,0.00,81344.57,5
SP5-01385,ok,reserve,10148.41,0.00,0.00,0.00,0.00,3
SP5-01386,deficit,none,0.00,0.00,0.00,0.00,0.00,4
SP5-01387,ok,debt,3225.19,4837.78,0.00,0.00,2176.93,2
SP5-01388,ok,reserve,13764.13,0.00,0.00,0.00,0.00,5
SP5-01389,ok,goals+,0.00,0.00,3478.37,326.46,0.00,4
SP5-01390,ok,goals+,0.00,0.00,705230.33,807086.27,10619165.18,2
SP5-01391,ok,reserve,8289.28,0.00,0.00,0.00,0.00,5
SP5-01392,ok,reserve,2618.90,0.00,0.00,0.00,11858.33,4
SP5-10774,invalid,none,0.00,0.00,0.00,0.00,0.00,5
SP5-01394,ok,goals+,0.00,0.00,4054.59,0.00,0.00,3
SP5-01395,ok,none,0.00,0.00,0.00,0.00,44291.43,5
SP5-01396,deficit,none,0.00,0.00,0.00,0.00,11245.46,5
SP5-01397,ok,goals+,0.00,0.00,880441.99,120124.64,2259982.78,2
SP5-01398,ok,goals+,0.00,0.00,0.00,26067.77,288484.02,5
SP5-01399,ok,goals+,0.00,0.00,2520.45,0.00,0.00,3
SP5-01400,ok,goals+,0.00,0.00,235739.57,74169.31,4936821.19,2
SP5-01401,deficit,none,0.00,0.00,0.00,0.00,7033822.79,5
SP5-01402,deficit,none,0.00,0.00,0.00,0.00,4054877.33,5
SP5-01403,ok,goals+,0.00,0.00,0.00,685564.97,56333212.13,2
SP5-01404,deficit,none,0.00,0.00,0.00,0.00,0.00,4
SP5-01405,ok,debt,0.00,4433.73,0.00,0.00,23261.24,3
SP5-01406,ok,debt,3666.71,8555.67,0.00,0.00,0.00,3
SP5-01407,deficit,none,0.00,0.00,0.00,0.00,0.00,4
SP5-01408,ok,goals+,0.00,0.00,28477.02,53450.85,475243.85,3
SP5-01409,ok,reserve,4495.82,0.00,0.00,0.00,0.00,3
SP5-01410,ok,goals+,0.00,0.00,3491.80,17848.91,406733.18,3
SP5-01411,ok,reserve,2444.61,0.00,0.00,0.00,0.00,5
SP5-01412,ok,reserve,38083.39,0.00,0.00,0.00,14895.45,4
SP5-01413,ok,reserve,2444.61,0.00,0.00,0.00,0.00,5
SP5-01414,ok,debt,5926.01,8889.02,0.00,0.00,20441.79,2
SP5-01415,invalid,none,0.00,0.00,0.00,0.00,0.00,5
SP5-01416,deficit,none,0.00,0.00,0.00,0.00,0.00,4
SP5-01417,ok,debt,0.00,1959729.21,36641.08,0.00,1454379.45,2
SP5-01418,ok,debt,561284.47,1309663.76,35418.61,0.00,0.00,2
SP5-01419,ok,none,0.00,0.00,0.00,0.00,152953.19,5
SP5-01420,ok,reserve,22364.93,0.00,0.00,0.00,0.00,4
SP5-01421,ok,goals+,0.00,0.00,0.00,104175.49,1431013.64,3
SP5-01422,ok,goals+,0.00,0.00,6171.31,0.00,669167.23,3
SP5-01423,ok,goals+,0.00,0.00,6171.31,0.00,669167.23,3
SP5-01424,ok,reserve,3633.73,0.00,0.00,0.00,0.00,4
SP5-01425,invalid,none,0.00,0.00,0.00,0.00,0.00,5
SP5-01426,ok,goals+,0.00,0.00,377650986.02,812103996.36,5342386224.81,2
SP5-01427,ok,debt,0.00,37111.70,1953.25,0.00,214382.86,3
SP5-01428,ok,goals+,0.00,0.00,24160.73,0.00,0.00,2
SP5-01278,ok,reserve,69512.18,0.00,0.00,0.00,0.00,3
SP5-01430,deficit,none,0.00,0.00,0.00,0.00,171413.84,5
SP5-01431,ok,reserve,10978.25,7318.83,0.00,0.00,5184.71,2
SP5-01432,ok,goals+,43580.54,0.00,28961.76,41525.43,0.00,3
SP5-01433,deficit,none,0.00,0.00,0.00,0.00,785624.85,5
SP5-01431,deficit,none,0.00,0.00,0.00,0.00,0.00,4
SP5-01435,ok,goals+,0.00,0.00,5839.98,553.13,62392.59,3
SP5-01436,ok,goals+,0.00,0.00,19468.49,0.00,0.00,3
SP5-01437,ok,reserve,6468.88,0.00,0.00,0.00,0.00,5
SP5-01438,ok,reserve,1446.89,964.59,0.00,0.00,0.00,2
SP5-01439,ok,goals+,0.00,0.00,2012.68,0.00,17760.84,3
SP5-01440,deficit,none,0.00,0.00,0.00,0.00,0.00,4
SP5-01441,deficit,none,0.00,0.00,0.00,0.00,2000000.00,5
SP5-01442,deficit,none,0.00,0.00,0.00,0.00,0.00,4
SP5-01443,deficit,none,0.00,0.00,0.00,0.00,40665.34,5
SP5-01444,ok,goals+,2375.61,0.00,10195.36,0.00,0.00,2
SP5-01445,deficit,none,0.00,0.00,0.00,0.00,58521.67,5
SP5-01446,ok,goals+,0.00,0.00,238393.36,0.00,72140057.15,2
SP5-01447,ok,reserve,6675.91,1422.13,426.21,0.00,0.00,5
SP5-01448,deficit,none,0.00,0.00,0.00,0.00,0.00,4
SP5-01449,ok,goals+,0.00,0.00,1337.66,0.00,105228.01,3
SP5-01450,ok,reserve,33862.48,16030.98,2625.97,0.00,0.00,5
SP5-01451,ok,debt,7248.22,16912.51,0.00,0.00,0.00,3
SP5-01452,ok,reserve,7513.35,0.00,0.00,0.00,0.00,5
SP5-01453,ok,goals+,0.00,0.00,292.08,0.00,3450300.56,3
SP5-01454,deficit,none,0.00,0.00,0.00,0.00,59445.34,5
SP5-01455,ok,debt,748006.90,1810081.00,0.00,0.00,0.00,2
SP5-01456,ok,debt,0.00,75669.17,3982.59,0.00,231211.13,3
SP5-01457,deficit,none,0.00,0.00,0.00,0.00,11841.24,5
SP5-01458,ok,debt,1896.43,4424.99,0.00,0.00,0.00,3
SP5-01459,deficit,none,0.00,0.00,0.00,0.00,1694089.90,5
SP5-01460,ok,reserve,6578.56,4385.70,0.00,0.00,14753.09,2
SP5-01461,ok,goals+,0.00,0.00,91245.44,13654.43,0.00,4
SP5-01462,ok,reserve,2623.84,0.00,0.00,0.00,0.00,3
SP5-01463,ok,goals+,0.00,0.00,6331.09,0.00,444435.19,2
SP5-01464,ok,debt,0.00,10266.44,0.00,0.00,30969.04,3
SP5-01465,ok,goals+,0.00,0.00,8545.48,0.00,0.00,2
SP5-01466,ok,reserve,1314.79,0.00,0.00,0.00,0.00,4
SP5-01467,deficit,none,0.00,0.00,0.00,0.00,75029953.76,5
SP5-01468,deficit,none,0.00,0.00,0.00,0.00,0.00,4
SP5-01469,ok,goals+,0.00,0.00,3521.20,0.00,41181.20,4
SP5-01470,ok,debt,1100.22,2567.19,0.00,0.00,0.00,3
SP5-01471,ok,debt,3960.41,9240.97,0.00,0.00,0.00,4
SP5-01472,ok,reserve,12753.82,0.00,0.00,0.00,0.00,5
SP5-01473,ok,debt,2693.83,6285.60,0.00,0.00,0.00,3
SP5-01474,invalid,none,0.00,0.00,0.00,0.00,0.00,5
SP5-01475,ok,reserve,9081.05,0.00,0.00,0.00,0.00,3
SP5-01476,ok,goals+,0.00,0.00,1784274.69,3033307.56,18791701.46,2
SP5-01477,ok,reserve,22341.45,14894.30,1959.78,0.00,0.00,2
SP5-01478,deficit,none,0.00,0.00,0.00,0.00,0.00,4
SP5-01479,ok,reserve,10339.76,0.00,0.00,0.00,0.00,5
SP5-01480,deficit,none,0.00,0.00,0.00,0.00,0.00,4
SP5-01481,ok,reserve,1750.30,0.00,0.00,0.00,0.00,4
SP5-01482,ok,reserve,6020.00,4013.34,0.00,0.00,0.00,2
SP5-01483,ok,reserve,2596.36,0.00,0.00,0.00,0.00,5
SP5-01484,deficit,none,0.00,0.00,0.00,0.00,4979.71,5
SP5-01485,ok,debt,0.00,35386.82,0.00,0.00,1110.38,3
SP5-01486,deficit,none,0.00,0.00,0.00,0.00,0.00,4
SP5-01487,deficit,none,0.00,0.00,0.00,0.00,0.00,4
SP5-01488,deficit,none,0.00,0.00,0.00,0.00,0.00,4
SP5-01489,ok,goals+,0.00,0.00,61021.59,0.00,868560.88,3
SP5-01490,deficit,none,0.00,0.00,0.00,0.00,341991.51,5
SP5-01491,ok,reserve,2596.36,0.00,0.00,0.00,0.00,5
SP5-01492,deficit,none,0.00,0.00,0.00,0.00,771529.20,5
SP5-01493,ok,debt,5038.88,7558.33,0.00,0.00,26212.95,2
SP5-01494,ok,goals+,0.00,0.00,5474037.35,0.00,0.00,2
SP5-01495,invalid,none,0.00,0.00,0.00,0.00,0.00,5
SP5-01496,ok,reserve,102.11,0.00,0.00,0.00,0.00,3
SP5-01497,ok,reserve,5937.69,666.55,0.00,0.00,0.00,4
SP5-01498,ok,goals+,0.00,0.00,623314.56,0.00,78988121.00,2
SP5-01499,ok,debt,0.00,1922.87,0.00,0.00,50431.08,3
SP5-01500,ok,reserve,50435.19,23249.55,0.00,0.00,0.00,3
SP5-01501,invalid,none,0.00,0.00,0.00,0.00,0.00,5
SP5-01502,ok,reserve,125972.10,0.00,0.00,0.00,328349.20,2
SP5-01503,ok,debt,3002.89,7006.75,0.00,0.00,0.00,4
SP5-01504,ok,reserve,11594.42,7729.61,0.00,0.00,11009.21,2
SP5-01505,deficit,none,0.00,0.00,0.00,0.00,0.00,4
SP5-01506,deficit,none,0.00,0.00,0.00,0.00,0.00,4
SP5-01507,ok,debt,0.00,1483648.07,0.00,0.00,1575584.42,2
SP5-01508,deficit,none,0.00,0.00,0.00,0.00,0.00,4
SP5-01509,deficit,none,0.00,0.00,0.00,0.00,0.00,4
SP5-01510,ok,debt,2801.46,4202.18,0.00,0.00,0.00,1
SP5-01511,deficit,none,0.00,0.00,0.00,0.00,3960600.94,5
SP5-01512,ok,reserve,24471.55,0.00,0.00,0.00,0.00,4
SP5-01513,deficit,none,0.00,0.00,0.00,0.00,0.00,4
SP5-01514,ok,goals+,0.00,0.00,25072.73,88856.37,633373.35,3
SP5-07547,invalid,none,0.00,0.00,0.00,0.00,0.00,5
SP5-01516,deficit,none,0.00,0.00,0.00,0.00,344534.36,5
SP5-01517,ok,debt,4957.66,11567.87,0.00,0.00,0.00,3
SP5-01518,ok,debt,0.00,443524.89,23343.42,0.00,799304.09,2
SP5-01519,ok,reserve,11228.41,7485.60,0.00,0.00,0.00,2
SP5-01520,deficit,none,0.00,0.00,0.00,0.00,1097168.06,5
SP5-01521,deficit,none,0.00,0.00,0.00,0.00,1054913.61,5
SP5-01522,ok,goals+,0.00,0.00,3183.61,0.00,136475.08,3
SP5-01523,ok,goals+,0.00,0.00,68409.56,0.00,0.00,2
SP5-01524,ok,debt,5331.55,12440.28,0.00,0.00,0.00,3
SP5-01525,deficit,none,0.00,0.00,0.00,0.00,123989.16,5
SP5-01526,invalid,none,0.00,0.00,0.00,0.00,0.00,5
SP5-01527,ok,goals+,479465.98,0.00,1564898.42,790386.64,0.00,2
SP5-01528,deficit,none,0.00,0.00,0.00,0.00,0.00,4
SP5-01454,ok,debt,1044.34,2436.80,0.00,0.00,0.00,3
SP5-01530,ok,reserve,11838.62,0.00,0.00,0.00,0.00,5
SP5-01531,ok,reserve,2864.68,0.00,0.00,0.00,0.00,5
SP5-01532,ok,debt,0.00,6829.75,359.46,0.00,2358.86,3
SP5-01533,deficit,none,0.00,0.00,0.00,0.00,0.00,4
SP5-01534,deficit,none,0.00,0.00,0.00,0.00,18228.82,5
SP5-01535,ok,reserve,10250.32,6833.55,0.00,0.00,0.00,2
SP5-01536,deficit,none,0.00,0.00,0.00,0.00,195583620.84,5
SP5-01537,ok,reserve,12694.36,8462.90,0.00,0.00,0.00,2
SP5-01538,ok,goals+,0.00,0.00,0.00,69378.71,99575.68,3
SP5-01539,ok,debt,3852.63,5778.95,0.00,0.00,12545.20,2
SP5-01540,ok,goals+,0.00,0.00,251555.63,0.00,6664981.24,2
SP5-01541,ok,goals+,0.00,0.00,2973.92,0.00,194452.64,3
SP5-01542,deficit,none,0.00,0.00,0.00,0.00,25465.42,5
SP5-01543,deficit,none,0.00,0.00,0.00,0.00,0.00,4
SP5-01544,ok,reserve,3768.76,0.00,0.00,0.00,0.00,4
SP5-01545,ok,reserve,4949.30,0.00,0.00,0.00,0.00,2
SP5-01546,deficit,none,0.00,0.00,0.00,0.00,16254.82,5
SP5-01547,ok,debt,0.00,17660.32,0.00,0.00,98580.88,3
SP5-01548,invalid,none,0.00,0.00,0.00,0.00,0.00,5
SP5-01549,ok,goals+,0.00,0.00,14221.74,1796.10,0.00,4
SP5-01550,deficit,none,0.00,0.00,0.00,0.00,6212.55,5
SP5-01551,invalid,none,0.00,0.00,0.00,0.00,0.00,5
SP5-01552,deficit,none,0.00,0.00,0.00,0.00,2119856.33,5
SP5-01553,ok,debt,0.00,1.00,0.00,0.00,283074.18,3
SP5-01554,ok,goals+,0.00,0.00,1400065.90,876813.39,1945286.88,2
SP5-01555,ok,reserve,15183.15,0.00,0.00,0.00,0.00,3
SP5-01556,ok,goals+,0.00,0.00,2353.36,0.00,253220.45,3
SP5-01557,ok,reserve,83200.91,0.00,0.00,0.00,0.00,5
SP5-01558,ok,goals+,0.00,0.00,0.00,119953.58,3656736.97,2
SP5-01559,ok,goals+,0.00,0.00,43966.60,415.59,0.00,4
SP5-01560,ok,goals+,0.00,0.00,10808.65,0.00,28451.83,2
SP5-01561,deficit,none,0.00,0.00,0.00,0.00,0.00,4
SP5-01562,deficit,none,0.00,0.00,0.00,0.00,25919519.61,5
SP5-01563,ok,debt,901.97,2104.59,0.00,0.00,0.00,3
SP5-01564,ok,debt,901.97,2104.59,0.00,0.00,0.00,3
SP5-01565,ok,none,0.00,0.00,0.00,0.00,0.00,2
SP5-01566,ok,reserve,2542.91,1695.27,223.06,0.00,0.00,2
SP5-01567,ok,goals+,0.00,0.00,2899.83,0.00,1274428.76,3
SP5-01568,ok,reserve,2796227.09,0.00,0.00,0.00,0.00,2
SP5-01569,deficit,none,0.00,0.00,0.00,0.00,0.00,4
SP5-01570,ok,goals+,0.00,0.00,1632890.42,738459.65,36914953.28,2
SP5-01571,ok,goals+,2401.33,0.00,3911.88,0.00,0.00,3
SP5-01572,deficit,none,0.00,0.00,0.00,0.00,5251945.34,5
SP5-01573,ok,goals+,0.00,0.00,38665.23,0.00,43172.68,3
SP5-01574,ok,reserve,19601.46,0.00,0.00,0.00,0.00,5
SP5-01575,ok,reserve,1049.12,640.94,0.00,0.00,0.00,3
SP5-01576,ok,goals+,0.00,0.00,3977.34,581.94,94898.55,3
SP5-01577,ok,debt,529.74,1236.06,92.94,0.00,0.00,3
SP5-01578,ok,debt,1523.93,3555.84,0.00,0.00,0.00,3
SP5-01579,deficit,none,0.00,0.00,0.00,0.00,0.00,4
SP5-01580,ok,goals+,3231.36,2154.24,13724.91,0.00,0.00,2
SP5-01581,ok,debt,4658.75,10870.40,0.00,0.00,0.00,3
SP5-01582,ok,goals+,0.00,0.00,570043.97,0.00,385029.10,2
SP5-01583,ok,goals+,0.00,0.00,1529462.51,1198134.09,2011838.98,2
SP5-01584,ok,debt,0.00,15207.19,0.00,0.00,739922.77,3
SP5-01585,deficit,none,0.00,0.00,0.00,0.00,587887.43,5
SP5-01586,ok,none,0.00,0.00,0.00,0.00,0.00,2
SP5-01587,ok,goals+,0.00,0.00,117950.70,68706.71,19672220.16,2
SP5-01588,deficit,none,0.00,0.00,0.00,0.00,0.00,4
SP5-01589,ok,reserve,1697.32,0.00,0.00,0.00,0.00,5
SP5-01590,deficit,none,0.00,0.00,0.00,0.00,0.00,4
SP5-01591,ok,debt,0.00,991953.70,0.00,0.00,656092.66,2
SP5-01592,ok,goals+,0.00,0.00,5601.64,0.00,614464.17,3
SP5-01593,ok,debt,1672.11,3901.58,293.35,0.00,0.00,3
SP5-01594,ok,reserve,12942.91,0.00,0.00,0.00,0.00,3
SP5-01595,ok,goals+,0.00,0.00,13266.64,0.00,0.00,2
SP5-01596,ok,reserve,311358.49,207572.32,0.00,0.00,0.00,2
SP5-01597,ok,reserve,7150.78,0.00,0.00,0.00,0.00,5
SP5-01598,deficit,none,0.00,0.00,0.00,0.00,671926.39,5
SP5-01599,deficit,none,0.00,0.00,0.00,0.00,18516882.15,5
SP5-01600,deficit,none,0.00,0.00,0.00,0.00,0.00,4
SP5-01601,ok,goals+,0.00,0.00,5630.84,0.00,353199.09,3
SP5-01602,deficit,none,0.00,0.00,0.00,0.00,10255983.90,5
SP5-01603,deficit,none,0.00,0.00,0.00,0.00,0.00,4
SP5-01604,ok,debt,0.00,1201688.08,0.00,0.00,1181097.25,2
SP5-01605,deficit,none,0.00,0.00,0.00,0.00,54852083.93,5
SP5-01606,deficit,none,0.00,0.00,0.00,0.00,0.00,4
SP5-01607,deficit,none,0.00,0.00,0.00,0.00,0.00,4
SP5-01608,invalid,none,0.00,0.00,0.00,0.00,0.00,5
SP5-01609,ok,reserve,6196.89,517.69,0.00,0.00,0.00,4
SP5-01610,ok,goals+,0.00,0.00,824345.13,809867.42,4549463.69,2
SP5-01611,ok,goals+,0.00,0.00,1501508.46,0.00,14923065.90,2
SP5-01612,ok,reserve,11253.85,0.00,0.00,0.00,0.00,4
SP5-01613,ok,goals+,0.00,0.00,0.00,91727.03,772184.73,5
SP5-01614,ok,goals+,0.00,0.00,31221.58,23862.36,276177.38,3
SP5-01615,deficit,none,0.00,0.00,0.00,0.00,0.00,4
SP5-01616,deficit,none,0.00,0.00,0.00,0.00,139236.72,5
SP5-01617,ok,goals+,0.00,0.00,3435.77,0.00,7706.49,3
SP5-01618,ok,reserve,18185.82,0.00,0.00,0.00,0.00,2
SP5-01593,ok,goals+,0.00,0.00,59553.84,0.00,33325.03,2
SP5-01620,ok,goals+,0.00,0.00,0.00,4060.81,702884.77,3
SP5-01621,ok,reserve,2124.28,1416.19,186.34,0.00,0.00,2
SP5-01622,deficit,none,0.00,0.00,0.00,0.00,1851734.92,5
SP5-01623,ok,reserve,14488.81,2665.69,0.00,0.00,0.00,5
SP5-01624,ok,reserve,1413.64,0.00,0.00,0.00,0.00,3
SP5-01625,ok,goals+,0.00,0.00,17302.38,0.00,0.00,2
SP5-01626,ok,goals+,0.00,0.00,969514.42,3236.19,1866425.17,2
SP5-01627,ok,goals+,0.00,0.00,9473.67,0.00,0.00,4
SP5-01628,ok,goals+,0.00,0.00,14989.90,805.41,68679.64,3
SP5-01629,ok,goals+,0.00,0.00,4065.34,7228.26,3724.97,3
SP5-01630,ok,reserve,31086.47,0.00,0.00,0.00,0.00,4
SP5-01631,deficit,none,0.00,0.00,0.00,0.00,0.00,4
SP5-01632,ok,goals+,0.00,0.00,13401.59,0.00,0.00,4
SP5-01633,deficit,none,0.00,0.00,0.00,0.00,0.00,4
SP5-01634,ok,goals+,0.00,0.00,297955144.56,103043514.60,5744607990.04,2
SP5-01635,ok,goals+,2014.18,0.00,0.00,3256.10,0.00,3
SP5-01636,ok,goals+,0.00,0.00,24660.57,27992.54,745706.84,3
SP5-01637,ok,goals+,0.00,0.00,2826918.51,548079.80,0.00,2
SP5-01638,deficit,none,0.00,0.00,0.00,0.00,303104.37,5
SP5-01639,ok,reserve,22335.14,14890.09,0.00,0.00,0.00,2
SP5-01640,deficit,none,0.00,0.00,0.00,0.00,164582094.12,5
SP5-01641,deficit,none,0.00,0.00,0.00,0.00,0.00,4
SP5-01642,ok,goals+,0.00,0.00,22946.63,11238.91,254132.95,3
SP5-01643,ok,debt,0.00,2731.20,0.00,0.00,39554.01,3
SP5-01644,ok,reserve,1946.82,0.00,0.00,0.00,0.00,5
SP5-01645,ok,goals+,0.00,0.00,99602.00,28566.23,4248931.84,2
SP5-01646,ok,reserve,11501.79,0.00,0.00,0.00,0.00,5
SP5-01647,ok,reserve,85622.57,0.00,0.00,0.00,0.00,3
SP5-01648,ok,goals+,0.00,0.00,10185.76,0.00,27489.39,2
SP5-01649,ok,goals+,0.00,0.00,16474.77,0.00,0.00,2
SP5-01650,ok,reserve,18123.90,0.00,0.00,0.00,0.00,5
SP5-01651,invalid,none,0.00,0.00,0.00,0.00,0.00,5
SP5-01652,deficit,none,0.00,0.00,0.00,0.00,128566.57,5
SP5-01653,deficit,none,0.00,0.00,0.00,0.00,1091077.52,5
SP5-01654,deficit,none,0.00,0.00,0.00,0.00,3778477.46,5
SP5-01655,ok,goals+,0.00,0.00,236738.74,0.00,24109870.74,2
SP5-01656,ok,debt,0.00,2353612.56,0.00,0.00,1949680.26,2
SP5-01657,deficit,none,0.00,0.00,0.00,0.00,0.00,4
SP5-01658,ok,goals+,0.00,0.00,8684.53,0.00,1204152.83,3
SP5-01659,ok,reserve,7243.31,4828.88,635.38,0.00,0.00,2
SP5-01660,ok,reserve,11628.49,0.00,0.00,0.00,0.00,4
SP5-01661,invalid,none,0.00,0.00,0.00,0.00,0.00,5
SP5-01662,ok,reserve,14192.98,9461.98,0.00,0.00,0.00,2
SP5-01663,ok,debt,1548.16,2322.23,0.00,0.00,19211.77,2
SP5-01664,ok,reserve,224664.33,0.00,0.00,0.00,0.00,2
SP5-01665,deficit,none,0.00,0.00,0.00,0.00,353572.54,5
SP5-01666,deficit,none,0.00,0.00,0.00,0.00,0.00,4
SP5-01667,ok,goals+,0.00,0.00,1887691.87,834551.45,856700.31,2
SP5-01668,ok,reserve,3517.48,0.00,0.00,0.00,0.00,5
SP5-01669,deficit,none,0.00,0.00,0.00,0.00,0.00,4
SP5-01670,ok,debt,0.00,2793218.55,35716.86,0.00,1992404.69,2
SP5-01671,ok,reserve,5886.81,732.90,0.00,0.00,0.00,5
SP5-01672,ok,goals+,0.00,0.00,222943.71,0.00,0.00,2
SP5-01673,deficit,none,0.00,0.00,0.00,0.00,34665535.00,5
SP5-01674,ok,reserve,12796.18,0.00,0.00,0.00,0.00,3
SP5-01675,ok,debt,0.00,3274.00,0.00,0.00,87437.81,3
SP5-01676,ok,reserve,771116.38,514077.58,0.00,0.00,0.00,2
SP5-01677,deficit,none,0.00,0.00,0.00,0.00,2016122.95,5
SP5-01678,ok,debt,676.52,1578.55,0.00,0.00,0.00,3
SP5-01679,deficit,none,0.00,0.00,0.00,0.00,21877359.68,5
SP5-01680,ok,goals+,0.00,0.00,7535.48,0.00,139328.23,3
SP5-01681,ok,goals+,0.00,0.00,4656.70,0.00,10549.99,3
SP5-01682,deficit,none,0.00,0.00,0.00,0.00,2296154.94,5
SP5-01683,ok,debt,0.00,10869.23,0.00,0.00,142736.03,3
SP5-01684,ok,debt,3957.43,9234.00,0.00,0.00,0.00,3
SP5-01685,ok,goals+,0.00,0.00,99876.25,0.00,0.00,2
SP5-01686,ok,goals+,0.00,0.00,890744.45,4685057.23,81827499.01,2
SP5-01687,ok,goals+,0.00,0.00,40799.79,2760.13,781982.79,3
SP5-01688,deficit,none,0.00,0.00,0.00,0.00,12354448.22,5
SP5-01689,ok,reserve,38978.61,0.00,0.00,0.00,0.00,4
SP5-01690,ok,reserve,32975.63,0.00,0.00,0.00,0.00,3
SP5-01691,ok,reserve,815.57,543.72,0.00,0.00,0.00,2
SP5-01692,deficit,none,0.00,0.00,0.00,0.00,64170641.67,5
SP5-01693,deficit,none,0.00,0.00,0.00,0.00,0.00,4
SP5-01694,ok,reserve,22012.06,0.00,0.00,0.00,17688.63,3
SP5-01695,deficit,none,0.00,0.00,0.00,0.00,521006.64,5
SP5-01696,ok,reserve,20472.48,0.00,0.00,0.00,0.00,5
SP5-01697,ok,reserve,5394.26,0.00,0.00,0.00,0.00,4
SP5-01698,ok,goals+,0.00,0.00,7498.46,27664.70,2158962.66,3
SP5-01699,deficit,none,0.00,0.00,0.00,0.00,0.00,4
SP5-01700,deficit,none,0.00,0.00,0.00,0.00,0.00,4
SP5-01701,ok,goals+,0.00,3365.36,14733.74,0.00,299639.24,1
SP5-01702,ok,debt,558127.83,1302298.27,0.00,0.00,0.00,2
SP5-01703,ok,goals+,0.00,0.00,5741.09,0.00,1512.43,3
SP5-01704,ok,reserve,3488.15,2325.43,0.00,0.00,0.00,2
SP5-01705,ok,debt,3819.27,8911.64,0.00,0.00,13477.06,3
SP5-01706,ok,reserve,37025.32,24683.54,0.00,0.00,0.00,2
SP5-01707,ok,goals+,0.00,0.00,12619.65,0.00,865055.54,3
SP5-01708,ok,reserve,2663.32,0.00,0.00,0.00,0.00,3
SP5-01709,ok,reserve,7198.00,0.00,0.00,0.00,0.00,4
SP5-01710,ok,goals+,0.00,0.00,15303.18,24363.39,26951.30,4
SP5-01711,ok,reserve,81487.49,0.00,0.00,0.00,0.00,5
SP5-01712,ok,reserve,15177.91,10118.61,0.00,0.00,0.00,2
SP5-01713,ok,goals+,0.00,0.00,0.00,8673.67,79028.95,3
SP5-01714,ok,reserve,3059.40,2039.60,0.00,0.00,0.00,2
SP5-01647,ok,reserve,20899.32,0.00,0.00,0.00,9711.70,3
SP5-01716,invalid,none,0.00,0.00,0.00,0.00,0.00,5
SP5-01717,ok,debt,0.00,10869.23,0.00,0.00,142736.03,3
SP5-01718,ok,reserve,16205.57,0.00,0.00,0.00,0.00,3
SP5-01719,deficit,none,0.00,0.00,0.00,0.00,115226796.01,5
SP5-01720,ok,debt,83.23,194.21,0.00,0.00,0.00,3
SP5-01721,ok,debt,0.00,6516.13,0.00,0.00,16794.82,3
SP5-01722,ok,goals+,0.00,0.00,10569.63,16077.67,92782.51,3
SP5-01723,ok,goals+,0.00,0.00,235249.95,177351.38,11336148.08,2
SP5-01386,ok,debt,3514.85,5272.27,0.00,0.00,64587.30,2
SP5-01725,ok,reserve,18331.13,0.00,0.00,0.00,0.00,4
SP5-01726,invalid,none,0.00,0.00,0.00,0.00,0.00,5
SP5-01727,deficit,none,0.00,0.00,0.00,0.00,19455.39,5
SP5-01728,ok,reserve,1098.20,732.13,0.00,0.00,0.00,2
SP5-01729,deficit,none,0.00,0.00,0.00,0.00,0.00,4
SP5-01730,ok,reserve,1098.20,732.13,0.00,0.00,0.00,2
SP5-01731,deficit,none,0.00,0.00,0.00,0.00,109903418.05,5
SP5-01732,deficit,none,0.00,0.00,0.00,0.00,0.00,4
SP5-01733,invalid,none,0.00,0.00,0.00,0.00,0.00,5
SP5-01734,deficit,none,0.00,0.00,0.00,0.00,6947558.77,5
SP5-01735,deficit,none,0.00,0.00,0.00,0.00,0.00,4
SP5-01736,ok,reserve,9264.37,0.00,5779.82,0.00,0.00,2
SP5-01737,deficit,none,0.00,0.00,0.00,0.00,0.00,4
SP5-01738,ok,debt,0.00,144223.56,0.00,0.00,4104782.98,5
SP5-01739,ok,goals+,0.00,0.00,2771025.10,0.00,10000000.00,2
SP5-01740,ok,reserve,21060.25,0.00,0.00,0.00,0.00,4
SP5-01741,ok,goals+,0.00,0.00,6736.61,0.00,1271055.54,2
SP5-01742,deficit,none,0.00,0.00,0.00,0.00,0.00,4
SP5-01743,ok,reserve,11689.55,0.00,0.00,0.00,0.00,5
SP5-01744,deficit,none,0.00,0.00,0.00,0.00,0.00,4
SP5-01745,invalid,none,0.00,0.00,0.00,0.00,0.00,5
SP5-01746,ok,goals+,9411.39,0.00,31581.68,0.00,0.00,5
SP5-01747,ok,debt,0.00,406.22,0.00,0.00,6418.35,3
SP5-01748,deficit,none,0.00,0.00,0.00,0.00,15071165.34,5
SP5-01749,ok,debt,0.00,574.44,0.00,0.00,6418.35,3
SP5-01750,ok,debt,369.30,13102.42,0.00,0.00,0.00,3
SP5-01751,ok,debt,369.30,13102.42,0.00,0.00,0.00,3
SP5-01725,deficit,none,0.00,0.00,0.00,0.00,0.00,4
SP5-01753,ok,reserve,70792.53,0.00,0.00,0.00,0.00,4
SP5-01754,ok,reserve,1178.76,785.84,0.00,0.00,0.00,2
SP5-01755,deficit,none,0.00,0.00,0.00,0.00,53184.18,5
SP5-01756,ok,debt,3644.04,8502.75,0.00,0.00,0.00,3
SP5-01757,ok,goals+,0.00,0.00,1122387.11,3742483.64,52014620.91,2
SP5-01758,ok,goals+,0.00,0.00,188433149.87,434122521.65,933366977.15,2
SP5-01759,ok,goals+,0.00,0.00,39724.61,0.00,0.00,3
SP5-01760,invalid,none,0.00,0.00,0.00,0.00,0.00,5
SP5-01761,ok,debt,386383.31,2817812.66,0.00,0.00,0.00,2
SP5-01762,ok,goals+,0.00,0.00,132380.35,0.00,13967828.03,2
SP5-01763,deficit,none,0.00,0.00,0.00,0.00,1580294.45,5
SP5-01764,ok,reserve,1143.53,0.00,0.00,0.00,0.00,3
SP5-01765,ok,reserve,20791.88,0.00,0.00,0.00,0.00,4
SP5-01766,ok,goals+,0.00,0.00,20569.92,2341.30,33097.15,3
SP5-01767,ok,reserve,14741.67,0.00,0.00,0.00,0.00,4
SP5-01768,deficit,none,0.00,0.00,0.00,0.00,506355.21,5
SP5-01769,deficit,none,0.00,0.00,0.00,0.00,86985.69,5
SP5-01770,ok,debt,0.00,168008.37,0.00,0.00,6277110.98,2
SP5-01771,ok,reserve,4553.85,3035.90,0.00,0.00,0.00,2
SP5-01772,deficit,none,0.00,0.00,0.00,0.00,374518.45,5
SP5-01773,ok,reserve,1.00,0.00,0.00,0.00,0.00,5
SP5-01774,deficit,none,0.00,0.00,0.00,0.00,0.00,4
SP5-01775,ok,reserve,70756.84,47171.23,0.00,0.00,0.00,2
SP5-01776,ok,reserve,39698.43,0.00,0.00,0.00,0.00,5
SP5-01777,ok,goals+,0.00,0.00,3487337.67,2070871.84,134585.66,2
SP5-01778,invalid,none,0.00,0.00,0.00,0.00,0.00,5
SP5-01779,ok,reserve,4912.12,0.00,0.00,0.00,0.00,2
SP5-01780,ok,debt,0.00,105352.49,0.00,0.00,61115.92,3
SP5-01781,ok,goals+,0.00,0.00,24114.26,6005.81,356921.99,3
SP5-01782,ok,debt,872413.45,2035631.38,153054.99,0.00,0.00,2
SP5-01783,ok,goals+,0.00,0.00,16701.79,0.00,205769.54,3
SP5-01784,deficit,none,0.00,0.00,0.00,0.00,0.00,4
SP5-01785,deficit,none,0.00,0.00,0.00,0.00,4683.66,5
SP5-01786,invalid,none,0.00,0.00,0.00,0.00,0.00,5
SP5-01787,ok,goals+,0.00,0.00,245037.63,0.00,0.00,4
SP5-01788,ok,reserve,10547.96,0.00,0.00,0.00,0.00,3
SP5-01789,invalid,none,0.00,0.00,0.00,0.00,0.00,5
SP5-01790,ok,reserve,15366.97,5828.98,0.00,0.00,0.00,5
SP5-01791,ok,goals+,0.00,0.00,527988395.96,0.00,994124577.16,2
SP5-01792,ok,reserve,12296.82,0.00,0.00,0.00,0.00,4
SP5-01793,ok,reserve,71880.59,47920.39,0.00,0.00,0.00,2
SP5-01794,deficit,none,0.00,0.00,0.00,0.00,33239.93,5
SP5-01795,ok,goals+,0.00,0.00,2039887.61,2449915.01,2630560.50,2
SP5-01796,ok,reserve,3404.36,0.00,0.00,0.00,0.00,5
SP5-01797,ok,reserve,16796.04,0.00,0.00,0.00,0.00,5
SP5-01386,ok,reserve,8731.18,0.00,0.00,0.00,0.00,5
SP5-01799,ok,debt,0.00,1033812.78,0.00,0.00,3396983.73,2
SP5-01800,ok,reserve,6005.44,0.00,0.00,0.00,0.00,4
SP5-01801,ok,reserve,4211.43,0.00,0.00,0.00,0.00,4
SP5-01802,ok,reserve,991.08,660.72,0.00,0.00,12113.62,2
SP5-01803,ok,debt,7293.52,17018.21,1279.57,0.00,0.00,3
SP5-01804,ok,reserve,1.00,0.00,0.00,0.00,0.00,3
SP5-01805,ok,goals+,0.00,0.00,124159.87,69691.52,987155.99,3
SP5-01806,ok,reserve,6397.53,4265.02,0.00,0.00,0.00,2
SP5-01807,ok,reserve,17963.05,11975.37,0.00,0.00,0.00,2
SP5-01808,ok,goals+,0.00,0.00,0.00,20704.94,206324.78,3
SP5-01809,ok,goals+,0.00,0.00,763.20,0.00,63622.67,3
SP5-01810,ok,reserve,8277.55,0.00,0.00,0.00,0.00,5
SP5-01811,ok,debt,403.66,941.86,0.00,0.00,13792.87,3
SP5-01812,ok,reserve,356.36,0.00,0.00,0.00,0.00,5
SP5-01813,ok,debt,21912.40,32868.60,0.00,0.00,50950.70,2
SP5-01814,ok,reserve,3041.69,0.00,0.00,0.00,0.00,5
SP5-01815,ok,reserve,13925.71,0.00,0.00,0.00,0.00,5
SP5-01816,ok,reserve,56891.27,0.00,0.00,0.00,0.00,4
SP5-01817,deficit,none,0.00,0.00,0.00,0.00,29148.86,5
SP5-01818,ok,goals+,0.00,0.00,22516.25,11013.26,86040.01,3
SP5-01819,ok,goals+,0.00,0.00,1896176.79,4512045.82,35066839.56,2
SP5-01820,ok,goals+,0.00,0.00,2238101.53,348920.41,12949450.96,2
SP5-01821,ok,reserve,18451.59,0.00,0.00,0.00,0.00,3
SP5-01822,deficit,none,0.00,0.00,0.00,0.00,259669.13,5
SP5-01823,ok,debt,28475.57,66442.98,0.00,0.00,0.00,2
SP5-01824,deficit,none,0.00,0.00,0.00,0.00,0.00,4
SP5-01825,ok,none,0.00,0.00,0.00,0.00,0.00,5
SP5-01826,ok,debt,2675.54,6242.94,0.00,0.00,0.00,4
SP5-01827,ok,goals+,0.00,0.00,47847.51,0.00,0.00,3
SP5-01828,ok,reserve,12988.03,0.00,0.00,0.00,0.00,4
SP5-01829,ok,reserve,51889.53,0.00,0.00,0.00,0.00,3
SP5-01830,ok,goals+,0.00,0.00,0.00,19006.51,2180328.45,3
SP5-01831,ok,debt,553638.54,1291823.26,12994.63,0.00,0.00,2
SP5-01832,ok,debt,0.00,434619.34,22874.70,0.00,102550.40,2
SP5-01833,ok,reserve,1.00,0.00,0.00,0.00,0.00,3
SP5-01834,deficit,none,0.00,0.00,0.00,0.00,0.00,4
SP5-01835,ok,goals+,0.00,0.00,28376.42,26312.10,152768.97,3
SP5-01836,ok,goals+,0.00,0.00,9057.89,7853.97,305733.41,3
SP5-01837,ok,debt,850.93,1985.50,0.00,0.00,0.00,3
SP5-01838,ok,reserve,17963.05,11975.37,0.00,0.00,0.00,2
SP5-01839,ok,debt,6741.34,10112.00,0.00,0.00,27340.97,2
SP5-01840,ok,reserve,13093.38,0.00,0.00,0.00,0.00,5
SP5-01841,ok,reserve,10464.89,0.00,0.00,0.00,0.00,3
SP5-01842,deficit,none,0.00,0.00,0.00,0.00,0.00,4
SP5-01843,ok,debt,3290.42,7677.65,0.00,0.00,0.00,4
SP5-01844,ok,debt,5175.52,12076.21,0.00,0.00,0.00,3
SP5-01845,ok,reserve,82075.79,0.00,0.00,0.00,0.00,4
SP5-01846,ok,goals+,0.00,0.00,423276810.83,169815662.36,3059199344.23,2
SP5-01847,deficit,none,0.00,0.00,0.00,0.00,522166.66,5
SP5-01848,ok,goals+,0.00,0.00,14486.27,0.00,104533.60,3
SP5-01849,ok,goals+,0.00,0.00,26422.29,29412.29,1551646.27,3
SP5-01850,ok,debt,0.00,16404.39,863.39,0.00,21400.55,3
SP5-01851,deficit,none,0.00,0.00,0.00,0.00,0.00,4
SP5-01852,ok,goals+,415325.83,0.00,2983852.60,0.00,0.00,2
SP5-01853,ok,none,0.00,0.00,0.00,0.00,0.00,2
SP5-01854,ok,reserve,47939.08,0.00,0.00,0.00,0.00,3
SP5-01855,deficit,none,0.00,0.00,0.00,0.00,785805.02,5
SP5-01856,ok,reserve,12504.90,0.00,1221.07,0.00,0.00,3
SP5-01857,ok,debt,2342.53,5465.91,410.97,0.00,12286.99,3
SP5-01858,ok,goals+,0.00,0.00,1002196.95,247707.19,0.00,2
SP5-01859,ok,goals+,0.00,0.00,185390.75,0.00,37826620.25,2
SP5-01860,ok,debt,1017.45,2374.04,0.00,0.00,0.00,3
SP5-01861,ok,reserve,47607.70,0.00,0.00,0.00,0.00,5
SP5-01862,ok,reserve,2710.07,0.00,0.00,0.00,0.00,4
SP5-01863,ok,goals+,0.00,0.00,261565.17,0.00,0.00,2
SP5-01864,ok,goals+,0.00,0.00,0.00,224134.14,10890594.66,2
SP5-01865,ok,goals+,0.00,0.00,1306755.06,741445.95,6631093.68,2
SP5-01866,deficit,none,0.00,0.00,0.00,0.00,3661.49,5
SP5-01867,ok,goals+,0.00,0.00,265519.89,196149.69,31611735.61,2
SP5-01868,deficit,none,0.00,0.00,0.00,0.00,0.00,4
SP5-01869,invalid,none,0.00,0.00,0.00,0.00,0.00,5
SP5-01870,ok,goals+,0.00,0.00,7230.15,0.00,8859.56,2
SP5-01871,ok,goals+,2251.13,0.00,3405.14,0.00,0.00,2
SP5-01872,ok,none,0.00,0.00,0.00,0.00,0.00,5
SP5-01873,deficit,none,0.00,0.00,0.00,0.00,0.00,4
SP5-01874,ok,goals+,0.00,0.00,952193.18,131862.46,28413964.41,2
SP5-01875,deficit,none,0.00,0.00,0.00,0.00,313518.02,5
SP5-01876,ok,reserve,9551.68,0.00,0.00,0.00,0.00,5
SP5-01877,ok,debt,0.00,7652.91,402.79,0.00,139070.69,3
SP5-01878,deficit,none,0.00,0.00,0.00,0.00,0.00,4
SP5-01879,ok,reserve,44568.76,0.00,0.00,0.00,0.00,3
SP5-01880,ok,reserve,14422.81,9615.21,0.00,0.00,0.00,2
SP5-01881,ok,reserve,10997.85,0.00,0.00,0.00,0.00,4
SP5-01882,ok,reserve,6813.23,0.00,0.00,0.00,0.00,3
SP5-01883,ok,debt,0.00,7962.73,0.00,0.00,382559.87,3
SP5-01884,ok,reserve,8696.37,0.00,6131.47,0.00,0.00,1
SP5-01885,deficit,none,0.00,0.00,0.00,0.00,0.00,4
SP5-01886,ok,reserve,16334.34,0.00,0.00,0.00,0.00,4
SP5-01887,invalid,none,0.00,0.00,0.00,0.00,0.00,5
SP5-01888,ok,reserve,37.65,0.00,0.00,0.00,0.00,3
SP5-01839,ok,reserve,20747.81,0.00,0.00,0.00,0.00,4
SP5-01890,invalid,none,0.00,0.00,0.00,0.00,0.00,5
SP5-01891,ok,goals+,0.00,0.00,543.45,0.00,0.00,4
SP5-01892,ok,reserve,4612.32,0.00,0.00,0.00,0.00,3
SP5-01893,ok,goals+,0.00,0.00,206096.34,866219.57,9736710.73,2
SP5-01894,ok,goals+,0.00,0.00,27020.59,0.00,88299.64,2
SP5-01895,deficit,none,0.00,0.00,0.00,0.00,74284.64,5
SP5-01896,deficit,none,0.00,0.00,0.00,0.00,74284.64,5
SP5-01897,ok,reserve,3352.13,0.00,0.00,0.00,0.00,3
SP5-01898,ok,goals+,0.00,0.00,24091.77,0.00,106954.57,2
SP5-01899,ok,reserve,266.98,0.00,0.00,0.00,0.00,4
SP5-01900,ok,debt,4963.94,7445.91,0.00,0.00,19644.04,2
SP5-01901,ok,goals+,0.00,0.00,465907254.57,152201352.01,371901033.86,2
SP5-01902,ok,debt,1874.13,4372.97,328.79,0.00,12933.37,3
SP5-01903,ok,reserve,6126.29,4084.19,0.00,0.00,0.00,2
SP5-01904,deficit,none,0.00,0.00,0.00,0.00,0.00,4
SP5-01905,ok,goals+,0.00,0.00,1841186.42,0.00,6744280.27,2
SP5-01906,ok,goals+,0.00,0.00,1593981.70,762263.72,29617166.38,2
SP5-01907,ok,reserve,4817.20,1264.75,320.10,0.00,0.00,5
SP5-01908,ok,debt,6559.92,9839.89,0.00,0.00,46805.58,2
SP5-01909,ok,reserve,56030.13,0.00,0.00,0.00,0.00,3
SP5-01910,ok,goals+,0.00,0.00,12267.10,9733.26,600546.40,3
SP5-01911,ok,debt,0.00,25533.10,0.00,0.00,220802.64,3
SP5-01912,ok,reserve,6817.85,0.00,0.00,0.00,0.00,5
SP5-01913,ok,reserve,1065.42,0.00,0.00,0.00,0.00,5
SP5-01914,ok,reserve,6198.14,0.00,0.00,0.00,0.00,4
SP5-01915,deficit,none,0.00,0.00,0.00,0.00,0.00,4
SP5-01916,deficit,none,0.00,0.00,0.00,0.00,0.00,4
SP5-01917,ok,reserve,8831.49,0.00,0.00,0.00,0.00,5
SP5-01918,ok,goals+,584642.66,0.00,1520574.19,265639.18,0.00,2
SP5-01919,ok,reserve,22350.25,0.00,0.00,0.00,0.00,5
SP5-01920,invalid,none,0.00,0.00,0.00,0.00,0.00,5
SP5-01921,ok,reserve,18527.47,0.00,0.00,0.00,0.00,5
SP5-01922,ok,debt,0.00,5289.22,0.00,0.00,11326.03,3
SP5-01923,deficit,none,0.00,0.00,0.00,0.00,0.00,4
SP5-01924,deficit,none,0.00,0.00,0.00,0.00,3446.45,5
SP5-01925,deficit,none,0.00,0.00,0.00,0.00,0.00,4
SP5-01926,ok,debt,698929.23,1630834.88,22308.17,0.00,0.00,2
SP5-01927,ok,goals+,900.97,0.00,19181.13,0.00,0.00,5
SP5-01928,ok,reserve,1070.51,0.00,0.00,0.00,0.00,5
SP5-01929,ok,reserve,23423.89,15615.93,0.00,0.00,0.00,2
SP5-01930,deficit,none,0.00,0.00,0.00,0.00,672657.09,5
SP5-01931,deficit,none,0.00,0.00,0.00,0.00,0.00,4
SP5-01932,ok,debt,396710.35,590857.50,0.00,0.00,0.00,2
SP5-01933,ok,reserve,4396.67,0.00,0.00,0.00,0.00,5
SP5-01934,deficit,none,0.00,0.00,0.00,0.00,151606.89,5
SP5-01935,ok,goals+,0.00,0.00,474.94,0.00,680564.87,3
SP5-01936,deficit,none,0.00,0.00,0.00,0.00,47595.61,5
SP5-01937,ok,reserve,196360.94,0.00,0.00,0.00,0.00,5
SP5-01938,deficit,none,0.00,0.00,0.00,0.00,56084474.35,5
SP5-01939,ok,reserve,60328.73,0.00,0.00,0.00,0.00,5
SP5-01940,deficit,none,0.00,0.00,0.00,0.00,0.00,4
SP5-01941,ok,debt,30581.35,71356.49,0.00,0.00,39408.67,4
SP5-01942,deficit,none,0.00,0.00,0.00,0.00,0.00,4
SP5-01943,ok,reserve,13889.28,1856.55,0.00,0.00,0.00,5
SP5-01944,ok,debt,10863.26,25347.60,0.00,0.00,0.00,3
SP5-01945,deficit,none,0.00,0.00,0.00,0.00,22940580.51,5
SP5-01946,ok,reserve,6178.07,4118.71,0.00,0.00,0.00,2
SP5-01947,ok,goals+,0.00,0.00,1831517.51,3058683.81,1685087.34,2
SP5-01948,ok,goals+,0.00,0.00,23787.27,4267.24,0.00,4
SP5-01949,ok,reserve,25184.16,0.00,0.00,0.00,0.00,5
SP5-01950,deficit,none,0.00,0.00,0.00,0.00,47595.61,5
SP5-01951,ok,debt,809605.49,3249000.71,0.00,0.00,0.00,2
SP5-01952,ok,reserve,10750.80,0.00,0.00,0.00,0.00,3
SP5-01953,deficit,none,0.00,0.00,0.00,0.00,1505107.69,5
SP5-01954,ok,reserve,13354.59,0.00,0.00,0.00,0.00,4
SP5-01955,ok,goals+,0.00,0.00,2179.94,0.00,67058.71,1
SP5-01956,ok,debt,5378.42,12549.64,0.00,0.00,0.00,3
SP5-01957,ok,goals+,0.00,0.00,1367.63,0.00,11194.67,4
SP5-01958,deficit,none,0.00,0.00,0.00,0.00,0.00,4
SP5-01959,ok,reserve,5908.18,0.00,0.00,0.00,0.00,4
SP5-01960,ok,goals+,0.00,0.00,50208.04,0.00,0.00,2
SP5-01961,ok,reserve,40.52,0.00,0.00,0.00,0.00,4
SP5-01962,ok,reserve,2626.34,0.00,0.00,0.00,0.00,5
SP5-01963,deficit,none,0.00,0.00,0.00,0.00,5280735.27,5
SP5-01964,ok,reserve,131277.69,2268.21,0.00,0.00,0.00,2
SP5-01965,ok,goals+,0.00,0.00,5982.44,0.00,3829.85,2
SP5-01966,ok,debt,0.00,32323.50,0.00,0.00,189647.66,3
SP5-01967,ok,reserve,1859.38,1239.58,0.00,0.00,0.00,2
SP5-01968,deficit,none,0.00,0.00,0.00,0.00,0.00,4
SP5-01969,ok,reserve,18397.93,8935.91,0.00,0.00,0.00,5
SP5-01970,deficit,none,0.00,0.00,0.00,0.00,0.00,4
SP5-01971,ok,reserve,2182.16,1454.77,0.00,0.00,0.00,2
SP5-01972,ok,debt,201.05,469.11,0.00,0.00,0.00,3
SP5-01973,deficit,none,0.00,0.00,0.00,0.00,12033286.69,5
SP5-01974,ok,goals+,0.00,0.00,107585.09,25662.96,0.00,4
SP5-01975,ok,goals+,0.00,0.00,1254077.64,1733953.35,6234288.31,2
SP5-01976,ok,goals+,5968.91,0.00,6225.90,0.00,0.00,3
SP5-01977,ok,none,0.00,0.00,0.00,0.00,0.00,5
SP5-01817,ok,reserve,10848.52,7232.35,951.62,0.00,0.00,2
SP5-01979,ok,reserve,14180.82,0.00,0.00,0.00,0.00,3
SP5-01980,ok,debt,435990.17,1017310.38,0.00,0.00,0.00,2
SP5-01981,deficit,none,0.00,0.00,0.00,0.00,20899170.84,5
SP5-01982,ok,reserve,8880.93,0.00,0.00,0.00,0.00,4
SP5-01983,deficit,none,0.00,0.00,0.00,0.00,3746104.60,5
SP5-01984,deficit,none,0.00,0.00,0.00,0.00,0.00,4
SP5-01985,ok,reserve,8107.35,0.00,0.00,0.00,0.00,4
SP5-01986,ok,goals+,0.00,0.00,72436.35,17389.55,0.00,3
SP5-01987,ok,goals+,0.00,0.00,0.00,54697.67,26966322.62,3
SP5-01988,ok,reserve,155358.14,0.00,0.00,0.00,0.00,2
SP5-01989,ok,goals+,0.00,0.00,0.00,24768.45,85039.89,3
SP5-01990,ok,goals+,0.00,0.00,5474.67,2653.01,481952.01,3
SP5-01991,deficit,none,0.00,0.00,0.00,0.00,461444.40,5
SP5-01992,ok,reserve,5755.80,3837.20,0.00,0.00,0.00,2
SP5-01993,ok,goals+,0.00,0.00,2314016.43,2169322.48,199552.31,2
SP5-01994,ok,debt,1915.13,4468.62,0.00,0.00,0.00,3
SP5-01995,deficit,none,0.00,0.00,0.00,0.00,0.00,4
SP5-01996,deficit,none,0.00,0.00,0.00,0.00,0.00,4
SP5-01997,ok,debt,6655.65,15529.85,0.00,0.00,0.00,4
SP5-01998,ok,debt,0.00,39832.92,0.00,0.00,72998.02,3
SP5-01999,ok,goals+,0.00,0.00,0.00,30439.79,303535.96,5
SP5-02000,deficit,none,0.00,0.00,0.00,0.00,0.00,4
SP5-02001,ok,goals+,0.00,0.00,85785.52,133388.05,55896161.30,2
SP5-02002,invalid,none,0.00,0.00,0.00,0.00,0.00,5
SP5-02003,ok,goals+,0.00,0.00,265782.88,261405.36,715923.70,2
SP5-02004,ok,reserve,16666.60,11111.06,0.00,0.00,64401.20,2
SP5-02005,ok,debt,0.00,2451.67,0.00,0.00,3047.51,3
SP5-02006,ok,none,0.00,0.00,0.00,0.00,0.00,5
SP5-02007,deficit,none,0.00,0.00,0.00,0.00,3899095.43,5
SP5-02008,ok,goals+,0.00,0.00,786145.12,696168.21,3003974.80,2
SP5-02009,ok,goals+,0.00,0.00,1632834.17,46860.61,102274468.99,2
SP5-02010,ok,reserve,3459.71,0.00,0.00,0.00,0.00,3
SP5-02011,deficit,none,0.00,0.00,0.00,0.00,0.00,4
SP5-02012,ok,goals+,0.00,0.00,173036.79,848917.45,20178614.17,2
SP5-02013,ok,goals+,0.00,0.00,592478.94,218613.13,3121790.66,2
SP5-02014,ok,reserve,14639.84,0.00,0.00,0.00,0.00,4
SP5-02015,ok,reserve,22804.16,0.00,0.00,0.00,0.00,3
SP5-02016,deficit,none,0.00,0.00,0.00,0.00,0.00,4
SP5-02017,deficit,none,0.00,0.00,0.00,0.00,0.00,4
SP5-02018,ok,goals+,0.00,0.00,61033.16,0.00,460972.63,3
SP5-02019,deficit,none,0.00,0.00,0.00,0.00,1093511.43,5
SP5-02020,ok,reserve,25780.49,0.00,0.00,0.00,0.00,5
SP5-02021,ok,goals+,0.00,0.00,1747141.63,403201.94,249505.67,2
SP5-02022,ok,goals+,0.00,0.00,657144.01,806649.27,9052129.46,2
SP5-02023,ok,reserve,5670.71,0.00,0.00,0.00,0.00,3
SP5-02024,ok,reserve,3948.79,2632.53,346.39,0.00,0.00,2
SP5-02025,ok,reserve,18851.88,0.00,0.00,0.00,10814.74,3
SP5-02026,ok,goals+,0.00,0.00,15895.06,6678.04,794157.74,3
SP5-02027,deficit,none,0.00,0.00,0.00,0.00,31284.12,5
SP5-02028,ok,reserve,19362.77,0.00,0.00,0.00,0.00,3
SP5-02029,ok,goals+,0.00,0.00,23566.60,0.00,0.00,2
SP5-02030,ok,reserve,9661.28,0.00,0.00,0.00,0.00,4
SP5-02031,ok,reserve,5914.30,0.00,0.00,0.00,0.00,2
SP5-02032,ok,debt,0.00,968.67,50.98,0.00,42627.73,3
SP5-02033,deficit,none,0.00,0.00,0.00,0.00,598306.47,5
SP5-02034,ok,debt,703181.27,1640756.30,0.00,0.00,0.00,2
SP5-02035,ok,debt,0.00,1037.77,0.00,0.00,276302.16,3
SP5-02036,deficit,none,0.00,0.00,0.00,0.00,3233127.61,5
SP5-02037,ok,debt,776860.95,1812675.54,33345.55,0.00,0.00,2
SP5-02038,deficit,none,0.00,0.00,0.00,0.00,0.00,4
SP5-02039,ok,goals+,0.00,0.00,196645.06,271452.31,332688.06,2
SP5-02040,deficit,none,0.00,0.00,0.00,0.00,0.00,4
SP5-02041,ok,goals+,0.00,0.00,1186622.96,0.00,37936531.42,2
SP5-02042,deficit,none,0.00,0.00,0.00,0.00,0.00,4
SP5-02043,deficit,none,0.00,0.00,0.00,0.00,56590.56,5
SP5-02044,ok,debt,11049.45,25782.05,0.00,0.00,0.00,3
SP5-02045,ok,reserve,8537.72,5691.82,0.00,0.00,0.00,2
SP5-02046,invalid,none,0.00,0.00,0.00,0.00,0.00,5
SP5-02047,ok,reserve,4995.73,0.00,0.00,0.00,0.00,5
SP5-02048,deficit,none,0.00,0.00,0.00,0.00,6124517.70,5
SP5-02049,ok,debt,2626.33,6128.09,460.76,0.00,0.00,3
SP5-01817,deficit,none,0.00,0.00,0.00,0.00,0.00,4
SP5-02051,ok,debt,1386.62,3235.45,0.00,0.00,0.00,3
SP5-02052,ok,reserve,37413.15,0.00,0.00,0.00,0.00,3
SP5-02053,deficit,none,0.00,0.00,0.00,0.00,74852.64,5
SP5-02054,ok,goals+,0.00,0.00,0.00,1862319.30,41350680.94,2
SP5-02055,ok,goals+,0.00,0.00,205672.47,0.00,10688410.37,2
SP5-02056,ok,debt,1386.62,3235.45,0.00,0.00,0.00,3
SP5-02057,ok,debt,2182.01,5091.36,0.00,0.00,0.00,4
SP5-02058,ok,goals+,0.00,0.00,611972.60,1634010.17,29096810.27,2
SP5-02059,ok,debt,0.00,2361332.40,1384.36,0.00,500303.70,2
SP5-02060,deficit,none,0.00,0.00,0.00,0.00,1317075.00,5
SP5-02061,ok,goals+,0.00,0.00,21128.13,22690.84,11854.02,3
SP5-02062,deficit,none,0.00,0.00,0.00,0.00,62568.94,5
SP5-02063,ok,goals+,0.00,0.00,317931.31,165166.00,4760865.73,2
SP5-02064,deficit,none,0.00,0.00,0.00,0.00,13932948.59,5
SP5-02065,ok,goals+,0.00,0.00,4778.27,16.21,126221.32,3
SP5-02066,ok,reserve,7832.55,0.00,0.00,0.00,0.00,4
SP5-02067,ok,reserve,24435.17,16290.12,0.00,0.00,0.00,2
SP5-02068,ok,goals+,0.00,0.00,18647.22,0.00,0.00,4
SP5-02069,ok,reserve,16216.13,7224.32,0.00,0.00,0.00,5
SP5-02070,ok,goals+,0.00,0.00,2554.43,0.00,24494754.11,2
SP5-02071,ok,reserve,60276.26,0.00,0.00,0.00,0.00,5
SP5-02072,ok,reserve,34110.11,0.00,0.00,0.00,0.00,2
SP5-02073,ok,reserve,68256.71,0.00,0.00,0.00,0.00,4
SP5-02074,invalid,none,0.00,0.00,0.00,0.00,0.00,5
SP5-02075,ok,goals+,0.00,0.00,5365.34,0.00,86906.77,2
SP5-02076,ok,debt,0.00,35946.22,0.00,0.00,355236.95,3
SP5-02077,ok,goals+,0.00,0.00,11646.34,0.00,0.00,2
SP5-02078,ok,goals+,0.00,0.00,131024.88,28318.37,180106.22,3
SP5-02079,deficit,none,0.00,0.00,0.00,0.00,3069901.13,5
SP5-02080,deficit,none,0.00,0.00,0.00,0.00,15631040.26,5
SP5-02081,deficit,none,0.00,0.00,0.00,0.00,0.00,4
SP5-02082,deficit,none,0.00,0.00,0.00,0.00,343442.03,5
SP5-02083,ok,reserve,12924.11,0.00,0.00,0.00,0.00,3
SP5-02084,deficit,none,0.00,0.00,0.00,0.00,4594071.40,5
SP5-02085,deficit,none,0.00,0.00,0.00,0.00,18969798.17,5
SP5-02086,ok,reserve,2844.80,0.00,0.00,0.00,0.00,3
SP5-02087,ok,goals+,13503.04,0.00,25551.27,13480.03,0.00,3
SP5-02088,ok,goals+,0.00,0.00,1920.46,0.00,298707.26,3
SP5-02089,ok,reserve,5931.64,3954.42,0.00,0.00,0.00,2
SP5-02090,deficit,none,0.00,0.00,0.00,0.00,2996478.51,5
SP5-02091,ok,reserve,25287.07,0.00,0.00,0.00,0.00,3
SP5-02092,deficit,none,0.00,0.00,0.00,0.00,13207241.12,5
SP5-02093,ok,reserve,532.73,0.00,0.00,0.00,0.00,1
SP5-02094,ok,reserve,32261.70,0.00,0.00,0.00,0.00,2
SP5-02095,ok,reserve,98.65,0.00,0.00,0.00,0.00,5
SP5-02096,ok,reserve,59829.34,0.00,33336.02,0.00,0.00,5
SP5-02097,ok,goals+,0.00,0.00,12315.76,8824.96,1573374.72,3
SP5-02098,ok,goals+,0.00,0.00,45929.17,21125.91,193992.52,3
SP5-02099,ok,reserve,2844.80,0.00,0.00,0.00,0.00,3
SP5-02100,ok,debt,4633.33,6950.00,0.00,0.00,0.00,2
SP5-02101,ok,debt,16309.39,38055.23,0.00,0.00,0.00,3
SP5-02102,ok,goals+,0.00,0.00,466.46,0.00,5927.00,3
SP5-02103,ok,reserve,18078.43,0.00,0.00,0.00,0.00,3
SP5-02104,ok,none,0.00,0.00,0.00,0.00,0.00,5
SP5-02105,deficit,none,0.00,0.00,0.00,0.00,0.00,4
SP5-02106,ok,goals+,0.00,0.00,0.00,46200.38,109486.18,5
SP5-02107,deficit,none,0.00,0.00,0.00,0.00,0.00,4
SP5-02108,ok,debt,366874.36,856040.16,0.00,0.00,0.00,2
SP5-01937,ok,reserve,26781.34,10401.47,0.00,0.00,0.00,5
SP5-02110,ok,debt,6307.08,9460.61,0.00,0.00,3245.25,2
SP5-02111,ok,goals+,8639.11,5759.40,56524.32,0.00,0.00,2
SP5-02112,ok,reserve,3730.60,0.00,0.00,0.00,0.00,3
SP5-02113,deficit,none,0.00,0.00,0.00,0.00,0.00,4
SP5-02114,deficit,none,0.00,0.00,0.00,0.00,32724372.71,5
SP5-02115,ok,goals+,0.00,0.00,2412.09,0.00,0.00,2
SP5-02116,ok,goals+,0.00,0.00,47413.74,0.00,0.00,2
SP5-02117,deficit,none,0.00,0.00,0.00,0.00,42247374.07,5
SP5-02118,deficit,none,0.00,0.00,0.00,0.00,0.00,4
SP5-02119,ok,reserve,13743.41,0.00,0.00,0.00,74917.86,3
SP5-02120,ok,reserve,45683.43,0.00,0.00,0.00,0.00,5
SP5-02121,ok,goals+,0.00,0.00,1535650.46,0.00,14497420.95,2
SP5-02122,ok,reserve,42675.42,572.00,0.00,0.00,0.00,5
SP5-02123,ok,reserve,6980.57,0.00,0.00,0.00,0.00,3
SP5-02124,ok,goals+,0.00,0.00,1577417.68,4488205.76,33937324.38,2
SP5-02125,ok,goals+,51355.67,0.00,54265.49,11860.82,0.00,3
SP5-02126,deficit,none,0.00,0.00,0.00,0.00,511207.69,5
SP5-02127,ok,reserve,1356.63,0.00,521.61,0.00,0.00,2
SP5-02128,ok,goals+,0.00,0.00,0.00,10830.16,3219959.11,3
SP5-02129,ok,debt,0.00,11044.52,0.00,0.00,240770.20,3
SP5-02130,deficit,none,0.00,0.00,0.00,0.00,57365054.08,5
SP5-02131,deficit,none,0.00,0.00,0.00,0.00,0.00,4
SP5-02132,deficit,none,0.00,0.00,0.00,0.00,0.00,4
SP5-02133,ok,debt,8021.12,18715.93,0.00,0.00,0.00,3
SP5-02134,deficit,none,0.00,0.00,0.00,0.00,24769557.63,5
SP5-02135,ok,reserve,4317.84,0.00,0.00,0.00,35273.52,3
SP5-02136,deficit,none,0.00,0.00,0.00,0.00,93931.09,5
SP5-02137,ok,reserve,8006.27,5337.52,0.00,0.00,0.00,2
SP5-02138,deficit,none,0.00,0.00,0.00,0.00,241725.27,5
SP5-02139,ok,goals+,0.00,0.00,7409.22,6717.96,149361.12,3
SP5-02140,deficit,none,0.00,0.00,0.00,0.00,15253177.48,5
SP5-02141,ok,reserve,6190.20,0.00,0.00,0.00,0.00,4
SP5-02142,deficit,none,0.00,0.00,0.00,0.00,58708.81,5
SP5-02143,ok,goals+,0.00,0.00,479307.95,0.00,2573514.59,2
SP5-02144,deficit,none,0.00,0.00,0.00,0.00,0.00,4
SP5-02145,invalid,none,0.00,0.00,0.00,0.00,0.00,5
SP5-02146,ok,reserve,14542.25,1831.00,0.00,0.00,0.00,4
SP5-02147,deficit,none,0.00,0.00,0.00,0.00,0.00,4
SP5-02148,deficit,none,0.00,0.00,0.00,0.00,483926.86,5
SP5-02149,invalid,none,0.00,0.00,0.00,0.00,0.00,5
SP5-02150,deficit,none,0.00,0.00,0.00,0.00,0.00,4
SP5-02151,ok,goals+,0.00,0.00,157.17,0.00,23306.87,4
SP5-02152,ok,reserve,11958.79,0.00,0.00,0.00,0.00,5
SP5-02153,ok,reserve,6822.95,0.00,0.00,0.00,0.00,4
SP5-02154,ok,debt,1878.39,4382.91,0.00,0.00,0.00,4
SP5-02155,ok,reserve,2988.75,1992.50,0.00,0.00,0.00,2
SP5-02156,ok,debt,5854.52,13660.56,0.00,0.00,0.00,3
SP5-02157,ok,debt,3331.21,7772.82,0.00,0.00,0.00,3
SP5-02158,deficit,none,0.00,0.00,0.00,0.00,19398.00,5
SP5-02159,ok,debt,0.00,10060.71,0.00,0.00,12856.88,3
SP5-02160,ok,goals+,23382.41,0.00,2682133.48,1994580.89,0.00,2
SP5-02161,ok,goals+,0.00,0.00,0.00,468496.69,6734217.62,2
SP5-02162,ok,goals+,0.00,0.00,17478.46,10164.80,311270.35,3
SP5-02163,ok,goals+,0.00,0.00,154022.44,23153.28,0.00,4
SP5-02164,ok,reserve,15690.03,0.00,0.00,0.00,0.00,3
SP5-02165,deficit,none,0.00,0.00,0.00,0.00,0.00,4
SP5-02166,deficit,none,0.00,0.00,0.00,0.00,0.00,4
SP5-02167,invalid,none,0.00,0.00,0.00,0.00,0.00,5
SP5-02168,ok,goals+,0.00,0.00,1031827.48,538678.05,11815844.43,2
SP5-02169,ok,reserve,16146.90,0.00,0.00,0.00,0.00,3
SP5-02170,ok,goals+,0.00,0.00,54908.57,0.00,0.00,2
SP5-02171,invalid,none,0.00,0.00,0.00,0.00,0.00,5
SP5-02172,ok,goals+,0.00,0.00,7928.68,0.00,0.00,2
SP5-02173,ok,reserve,184.57,123.04,0.00,0.00,0.00,2
SP5-02174,ok,reserve,16590.39,0.00,0.00,0.00,6329.09,4
SP5-02175,ok,debt,0.00,3561273.38,0.00,0.00,3537290.59,2
SP5-02176,deficit,none,0.00,0.00,0.00,0.00,321577.22,5
SP5-02177,ok,reserve,8134.19,0.00,0.00,0.00,0.00,2
SP5-02178,invalid,none,0.00,0.00,0.00,0.00,0.00,5
SP5-02179,deficit,none,0.00,0.00,0.00,0.00,725169.99,5
SP5-02180,ok,goals+,0.00,0.00,1562987.95,978802.88,29312643.03,2
SP5-02181,deficit,none,0.00,0.00,0.00,0.00,189570.54,5
SP5-02182,ok,reserve,1700.97,0.00,0.00,0.00,0.00,5
SP5-02183,deficit,none,0.00,0.00,0.00,0.00,84601884.18,5
SP5-02184,deficit,none,0.00,0.00,0.00,0.00,34644797.91,5
SP5-02185,ok,debt,0.00,6581.08,0.00,0.00,197151.71,3
SP5-02186,ok,goals+,0.00,0.00,547814606.12,0.00,4653110821.17,2
SP5-02187,deficit,none,0.00,0.00,0.00,0.00,0.00,4
SP5-02188,deficit,none,0.00,0.00,0.00,0.00,61628393.64,5
SP5-02189,ok,goals+,0.00,0.00,2077.13,0.00,23762.46,3
SP5-02190,ok,reserve,23375.02,0.00,0.00,0.00,0.00,4
SP5-02191,ok,debt,1764.36,2646.55,0.00,0.00,12880.47,2
SP5-02192,ok,goals+,0.00,0.00,7332.79,0.00,0.00,3
SP5-02193,ok,reserve,43035.05,0.00,0.00,0.00,0.00,4
SP5-02194,ok,goals+,0.00,0.00,0.00,46086.19,0.00,2
SP5-02195,deficit,none,0.00,0.00,0.00,0.00,7216.37,5
SP5-02196,deficit,none,0.00,0.00,0.00,0.00,4007681.37,5
SP5-02197,ok,none,0.00,0.00,0.00,0.00,0.00,5
SP5-02198,ok,debt,92.28,215.33,0.00,0.00,0.00,3
SP5-02199,invalid,none,0.00,0.00,0.00,0.00,0.00,5
SP5-02200,deficit,none,0.00,0.00,0.00,0.00,30324157.77,5
SP5-02201,ok,debt,628.95,1467.56,1377.29,0.00,0.00,2
SP5-02202,ok,reserve,2891.47,1927.64,0.00,0.00,0.00,2
SP5-02203,ok,reserve,18146.15,0.00,0.00,0.00,0.00,5
SP5-02204,ok,goals+,0.00,0.00,16387.37,0.00,1419179.86,3
SP5-02205,ok,debt,385586.85,899702.64,0.00,0.00,0.00,2
SP5-02206,ok,debt,8171.44,19066.70,0.00,0.00,0.00,3
SP5-02207,ok,reserve,33469.58,0.00,0.00,0.00,0.00,5
SP5-02208,ok,goals+,0.00,0.00,437684.58,104599.54,23634464.26,2
SP5-02209,deficit,none,0.00,0.00,0.00,0.00,387248.33,5
SP5-02141,deficit,none,0.00,0.00,0.00,0.00,0.00,4
SP5-02211,ok,none,0.00,0.00,0.00,0.00,0.00,5
SP5-02212,ok,reserve,16507.24,0.00,0.00,0.00,0.00,4
SP5-02057,ok,reserve,13780.86,0.00,0.00,0.00,0.00,5
SP5-02214,ok,debt,7514.67,11272.00,0.00,0.00,23410.53,2
SP5-02215,ok,reserve,12701.00,0.00,0.00,0.00,26634.48,4
SP5-02216,deficit,none,0.00,0.00,0.00,0.00,16069937.96,5
SP5-02217,deficit,none,0.00,0.00,0.00,0.00,69711.17,5
SP5-02218,ok,goals+,0.00,0.00,11850.01,0.00,0.00,2
SP5-02219,deficit,none,0.00,0.00,0.00,0.00,0.00,4
SP5-02220,ok,goals+,0.00,0.00,346386.23,231078.51,72331998.54,2
SP5-02221,ok,reserve,181461.50,0.00,0.00,0.00,0.00,2
SP5-02222,ok,reserve,24645.21,0.00,0.00,0.00,0.00,5
SP5-02223,ok,goals+,0.00,0.00,0.00,17220.37,18423657.94,3
SP5-02224,ok,reserve,81925.28,0.00,0.00,0.00,0.00,5
SP5-02225,deficit,none,0.00,0.00,0.00,0.00,4112662.79,5
SP5-02226,ok,goals+,0.00,0.00,25902.07,6273.37,422524.09,3
SP5-02227,ok,goals+,0.00,0.00,312322867.05,0.00,0.00,2
SP5-02228,deficit,none,0.00,0.00,0.00,0.00,0.00,4
SP5-02229,ok,reserve,2271.03,0.00,0.00,0.00,0.00,4
SP5-02230,ok,reserve,11304.48,0.00,0.00,0.00,0.00,4
SP5-02231,invalid,none,0.00,0.00,0.00,0.00,0.00,5
SP5-02232,ok,reserve,10134.04,0.00,0.00,0.00,0.00,5
SP5-02233,deficit,none,0.00,0.00,0.00,0.00,0.00,4
SP5-02234,ok,goals+,0.00,0.00,505877.54,0.00,39986006.55,2
SP5-02235,ok,goals+,0.00,0.00,1272768.61,674885.79,4448855.86,2
SP5-02236,ok,goals+,0.00,0.00,26071.00,0.00,9580120.03,2
SP5-02237,ok,reserve,60508.74,0.00,0.00,0.00,0.00,3
SP5-02238,ok,goals+,0.00,0.00,0.00,16951.86,39290.39,5
SP5-02239,deficit,none,0.00,0.00,0.00,0.00,2317719.68,5
SP5-02240,ok,reserve,39623.48,0.00,0.00,0.00,0.00,5
SP5-02241,deficit,none,0.00,0.00,0.00,0.00,608971.01,5
SP5-02242,deficit,none,0.00,0.00,0.00,0.00,0.00,4
SP5-02243,ok,reserve,11878.37,0.00,0.00,0.00,0.00,5
SP5-02244,ok,goals+,0.00,0.00,0.00,4984.64,150689.06,3
SP5-02245,deficit,none,0.00,0.00,0.00,0.00,512478.37,5
SP5-02246,ok,goals+,0.00,0.00,231637.10,0.00,491660.62,3
SP5-02247,ok,reserve,3780.86,0.00,0.00,0.00,0.00,3
SP5-02248,ok,goals+,0.00,0.00,4637.33,0.00,6743.75,3
SP5-02249,ok,goals+,0.00,0.00,63272.99,19397.60,1458550.26,3
SP5-02250,invalid,none,0.00,0.00,0.00,0.00,0.00,5
SP5-02251,ok,reserve,18438.13,0.00,0.00,0.00,0.00,3
SP5-02252,ok,goals+,0.00,0.00,371762.49,0.00,35843430.68,2
SP5-02253,ok,debt,1024013.57,2389364.99,0.00,0.00,0.00,2
SP5-02254,deficit,none,0.00,0.00,0.00,0.00,5080338.65,5
SP5-02255,ok,reserve,7712.77,0.00,0.00,0.00,0.00,5
SP5-02256,invalid,none,0.00,0.00,0.00,0.00,0.00,5
SP5-02257,ok,goals+,0.00,0.00,3568.80,0.00,0.00,3
SP5-02258,deficit,none,0.00,0.00,0.00,0.00,30470.89,5
SP5-02259,deficit,none,0.00,0.00,0.00,0.00,116970870.62,5
SP5-02260,ok,debt,0.00,5134828.68,8868.05,0.00,625133.88,2
SP5-02261,deficit,none,0.00,0.00,0.00,0.00,141730.19,5
SP5-02262,ok,goals+,3135.71,0.00,11952.28,0.00,0.00,2
SP5-02263,deficit,none,0.00,0.00,0.00,0.00,0.00,4
SP5-02264,ok,reserve,31462.70,0.00,0.00,0.00,0.00,5
SP5-02265,ok,reserve,28394.04,26335.49,0.00,0.00,0.00,3
SP5-02266,ok,reserve,6355.46,0.00,0.00,0.00,0.00,3
SP5-02267,ok,reserve,6932.48,0.00,0.00,0.00,0.00,4
SP5-02268,ok,goals+,0.00,0.00,1194451.39,1277114.09,59444986.32,2
SP5-02269,ok,goals+,0.00,0.00,9863.05,1067.68,2037.57,3
SP5-02270,ok,reserve,20484.54,0.00,12078.42,0.00,0.00,3
SP5-02271,ok,goals+,0.00,0.00,476700.32,337365.81,31819885.80,2
SP5-02272,ok,goals+,1670.79,0.00,39948.61,0.00,0.00,3
SP5-02273,ok,debt,0.00,38122.06,0.00,0.00,29531.72,3
SP5-02274,ok,goals+,0.00,0.00,16351.76,33422.17,1307178.25,3
SP5-02275,deficit,none,0.00,0.00,0.00,0.00,5225777.64,5
SP5-02276,ok,reserve,10012.04,0.00,0.00,0.00,0.00,3
SP5-02277,deficit,none,0.00,0.00,0.00,0.00,1186768.98,5
SP5-02278,ok,goals+,0.00,0.00,6134.31,9061.55,2127023.84,3
SP5-02279,ok,reserve,9759.68,6506.46,0.00,0.00,0.00,2
SP5-02280,ok,reserve,3429.64,2286.42,0.00,0.00,0.00,2
SP5-02281,ok,debt,0.00,37905.73,1995.04,0.00,72325.68,3
SP5-02282,ok,goals+,0.00,0.00,17274.63,44735.15,1340011.59,3
SP5-02283,ok,debt,3013.44,4520.17,0.00,0.00,11062.39,2
SP5-02284,ok,debt,9668.87,14503.30,0.00,0.00,10137.19,1
SP5-02285,deficit,none,0.00,0.00,0.00,0.00,2355750.65,5
SP5-02286,ok,reserve,35393.52,0.00,0.00,0.00,0.00,3
SP5-02287,ok,debt,0.00,3210446.84,0.00,0.00,1149916.84,2
SP5-02288,ok,goals+,0.00,0.00,55845.57,175362.62,144473.63,3
SP5-02289,invalid,none,0.00,0.00,0.00,0.00,0.00,5
SP5-02290,deficit,none,0.00,0.00,0.00,0.00,0.00,4
SP5-02291,ok,reserve,23778.98,0.00,0.00,0.00,0.00,5
SP5-02292,ok,reserve,28074.61,0.00,2105.62,0.00,0.00,3
SP5-02293,ok,debt,5.13,11.97,0.00,0.00,0.00,4
SP5-02294,ok,reserve,33720.79,22480.52,0.00,0.00,0.00,2
SP5-02295,ok,debt,3329.04,4993.57,0.00,0.00,52290.70,2
SP5-02296,deficit,none,0.00,0.00,0.00,0.00,1920645.82,5
SP5-02297,ok,goals+,0.00,0.00,19950.41,0.00,0.00,3
SP5-02298,deficit,none,0.00,0.00,0.00,0.00,5327846.66,5
SP5-02299,ok,goals+,0.00,0.00,11573.05,0.00,35593.47,3
SP5-02300,ok,reserve,7681.12,5120.74,673.78,0.00,0.00,2
SP5-02301,deficit,none,0.00,0.00,0.00,0.00,0.00,4
SP5-02302,ok,reserve,14325.53,9550.35,0.00,0.00,0.00,2
SP5-02303,ok,goals+,0.00,0.00,24761.50,1448.62,1281211.25,3
SP5-02304,deficit,none,0.00,0.00,0.00,0.00,0.00,4
SP5-02305,invalid,none,0.00,0.00,0.00,0.00,0.00,5
SP5-02306,deficit,none,0.00,0.00,0.00,0.00,3274990.77,5
SP5-02307,deficit,none,0.00,0.00,0.00,0.00,379110.27,5
SP5-02308,ok,reserve,5960.02,0.00,0.00,0.00,0.00,4
SP5-02309,deficit,none,0.00,0.00,0.00,0.00,0.00,4
SP5-02310,ok,reserve,13728.11,0.00,0.00,0.00,0.00,4
SP5-02311,deficit,none,0.00,0.00,0.00,0.00,675350.51,5
SP5-02312,deficit,none,0.00,0.00,0.00,0.00,9065917.40,5
SP5-02313,ok,reserve,9062.85,0.00,0.00,0.00,0.00,4
SP5-02314,ok,reserve,44090.70,0.00,0.00,0.00,0.00,5
SP5-02315,ok,debt,0.00,10105.09,0.00,0.00,45791.05,3
SP5-02316,ok,goals+,0.00,0.00,22891.40,0.00,3901130.74,3
SP5-02317,deficit,none,0.00,0.00,0.00,0.00,11526379.59,5
SP5-02318,deficit,none,0.00,0.00,0.00,0.00,2655058.85,5
SP5-02319,deficit,none,0.00,0.00,0.00,0.00,0.00,4
SP5-02320,invalid,none,0.00,0.00,0.00,0.00,0.00,5
SP5-02321,ok,reserve,514767.79,0.00,0.00,0.00,0.00,2
SP5-02322,deficit,none,0.00,0.00,0.00,0.00,57929.41,5
SP5-02323,deficit,none,0.00,0.00,0.00,0.00,0.00,4
SP5-02324,ok,reserve,15034.11,0.00,0.00,0.00,0.00,4
SP5-02325,ok,reserve,7347.95,0.00,0.00,0.00,0.00,3
SP5-02326,ok,goals+,0.00,0.00,0.00,127111.31,60424947.50,2
SP5-02327,ok,goals+,0.00,0.00,450.44,0.00,0.00,4
SP5-02328,deficit,none,0.00,0.00,0.00,0.00,0.00,4
SP5-02329,ok,debt,12156.44,18234.67,0.00,0.00,7476.30,2
SP5-02330,deficit,none,0.00,0.00,0.00,0.00,57929.41,5
SP5-02331,ok,debt,0.00,7014.23,0.00,0.00,23774.35,3
SP5-02332,ok,reserve,50465.03,0.00,0.00,0.00,0.00,4
SP5-02333,ok,reserve,29880.40,0.00,0.00,0.00,0.00,5
SP5-02334,ok,debt,6827.30,10240.94,0.00,0.00,73404.17,2
SP5-02335,deficit,none,0.00,0.00,0.00,0.00,186812.70,5
SP5-02336,ok,goals+,0.00,0.00,12220.81,6963.40,29324.63,3
SP5-02337,ok,reserve,102705.38,0.00,0.00,0.00,0.00,4
SP5-02338,deficit,none,0.00,0.00,0.00,0.00,0.00,4
SP5-02339,ok,reserve,15184.67,10123.11,0.00,0.00,0.00,2
SP5-02340,ok,goals+,0.00,0.00,1827147.17,878661.99,30696324.60,2
SP5-02341,invalid,none,0.00,0.00,0.00,0.00,0.00,5
SP5-02342,ok,reserve,12036.38,0.00,0.00,0.00,0.00,4
SP5-02343,ok,debt,4603.02,10740.39,807.55,0.00,0.00,3
SP5-02344,ok,debt,22844.60,53304.05,4007.82,0.00,0.00,3
SP5-02345,ok,debt,3195.26,7455.61,0.00,0.00,0.00,4
SP5-02346,invalid,none,0.00,0.00,0.00,0.00,0.00,5
SP5-02347,deficit,none,0.00,0.00,0.00,0.00,3371.99,5
SP5-02348,deficit,none,0.00,0.00,0.00,0.00,2438769.14,5
SP5-02349,ok,reserve,9232.11,0.00,0.00,0.00,0.00,5
SP5-02350,ok,goals+,0.00,0.00,27337.92,33094.50,7277346.12,2
SP5-02351,ok,goals+,0.00,0.00,809868.01,678295.56,25211255.47,2
SP5-02352,deficit,none,0.00,0.00,0.00,0.00,0.00,4
SP5-02353,ok,debt,6148.69,14346.93,0.00,0.00,0.00,3
SP5-02354,ok,debt,0.00,4956123.81,0.00,0.00,1836731.60,2
SP5-02355,ok,reserve,54557.78,0.00,0.00,0.00,0.00,5
SP5-02356,ok,goals+,0.00,0.00,1739789.02,0.00,0.00,2
SP5-02357,deficit,none,0.00,0.00,0.00,0.00,13650.21,5
SP5-02358,ok,debt,2500.97,3751.45,0.00,0.00,23098.07,2
SP5-02359,ok,debt,0.00,58515.82,0.00,0.00,60841.30,3
SP5-02360,ok,reserve,7478.65,4985.77,0.00,0.00,0.00,2
SP5-02361,ok,goals+,0.00,0.00,1017.90,0.00,189316.44,3
SP5-02362,deficit,none,0.00,0.00,0.00,0.00,1293671.39,5
SP5-02363,ok,goals+,0.00,0.00,1330.61,0.00,2419412.70,3
SP5-02364,ok,reserve,32657.30,0.00,0.00,0.00,0.00,5
SP5-02365,ok,reserve,63723.97,5335.62,0.00,0.00,0.00,5
SP5-02366,ok,goals+,18176.82,0.00,20318.31,0.00,0.00,3
SP5-02367,invalid,none,0.00,0.00,0.00,0.00,0.00,5
SP5-02368,ok,reserve,3732.05,0.00,0.00,0.00,0.00,4
SP5-02369,ok,debt,12261.58,18392.37,0.00,0.00,51234.30,2
SP5-02370,ok,goals+,0.00,0.00,1334922.41,1852406.41,1798438.02,2
SP5-02371,ok,reserve,60480.84,0.00,0.00,0.00,0.00,4
SP5-02372,deficit,none,0.00,0.00,0.00,0.00,655402.74,5
SP5-02373,ok,reserve,9626.42,6417.61,0.00,0.00,0.00,2
SP5-02374,ok,reserve,5311.55,0.00,0.00,0.00,0.00,4
SP5-02375,ok,goals+,0.00,0.00,3310.76,0.00,0.00,4
SP5-02376,ok,reserve,59717.61,0.00,0.00,0.00,0.00,4
SP5-02377,ok,goals+,0.00,0.00,11321.30,2282.49,19497.95,4
SP5-02378,deficit,none,0.00,0.00,0.00,0.00,0.00,4
SP5-02379,ok,reserve,3411.23,1902.93,0.00,0.00,0.00,5
SP5-02380,ok,reserve,19449.73,0.00,0.00,0.00,0.00,3
SP5-02381,ok,debt,0.00,1.00,0.00,0.00,302167.85,3
SP5-02382,deficit,none,0.00,0.00,0.00,0.00,0.00,4
SP5-02383,ok,goals+,3290.31,2193.54,16013.20,0.00,0.00,2
SP5-02384,ok,debt,2500.97,3751.45,0.00,0.00,23098.07,2
SP5-02385,ok,reserve,29414.56,0.00,0.00,0.00,0.00,3
SP5-02386,deficit,none,0.00,0.00,0.00,0.00,0.00,4
SP5-02387,ok,reserve,9582.24,0.00,0.00,0.00,0.00,5
SP5-02388,deficit,none,0.00,0.00,0.00,0.00,9259773.77,5
SP5-02389,ok,reserve,12578.29,0.00,0.00,0.00,0.00,4
SP5-02390,deficit,none,0.00,0.00,0.00,0.00,0.00,4
SP5-02391,ok,reserve,7198.73,4799.15,631.47,0.00,0.00,2
SP5-02392,ok,debt,94477.07,220446.51,0.00,0.00,0.00,2
SP5-02393,deficit,none,0.00,0.00,0.00,0.00,0.00,4
SP5-02394,ok,reserve,2978.33,1985.56,0.00,0.00,0.00,2
SP5-02395,ok,goals+,0.00,0.00,81167.36,35579.07,84609777.18,2
SP5-02396,deficit,none,0.00,0.00,0.00,0.00,18086164.91,5
SP5-02397,ok,goals+,0.00,0.00,1430247.75,488673.28,17361509.38,2
SP5-02273,deficit,none,0.00,0.00,0.00,0.00,11151.00,5
SP5-02399,deficit,none,0.00,0.00,0.00,0.00,2138783.41,5
SP5-02400,deficit,none,0.00,0.00,0.00,0.00,0.00,4
SP5-02401,ok,goals+,0.00,0.00,0.00,996683.18,0.00,2
SP5-02402,ok,reserve,727081.73,0.00,129900.04,220572.36,0.00,2
SP5-02403,ok,debt,0.00,14654.80,0.00,0.00,97427.53,3
SP5-02404,deficit,none,0.00,0.00,0.00,0.00,0.00,4
SP5-02405,ok,reserve,10139.43,0.00,0.00,0.00,0.00,4
SP5-02406,deficit,none,0.00,0.00,0.00,0.00,274456.57,5
SP5-02407,ok,reserve,39230.78,0.00,0.00,0.00,0.00,3
SP5-02408,ok,reserve,5193.95,0.00,0.00,0.00,0.00,1
SP5-02409,ok,debt,144285.37,1398662.57,0.00,0.00,0.00,2
SP5-02410,ok,reserve,46626.05,0.00,0.00,0.00,0.00,3
SP5-02411,ok,goals+,0.00,0.00,488750.87,2103292.43,15087291.41,2
SP5-02412,deficit,none,0.00,0.00,0.00,0.00,249143.80,5
SP5-02413,ok,goals+,0.00,0.00,0.00,1062308.07,2526711.05,2
SP5-02414,ok,goals+,0.00,0.00,50289.94,0.00,3313475.22,2
SP5-02415,ok,goals+,0.00,0.00,478273.50,132674.72,24606605.16,2
SP5-02416,deficit,none,0.00,0.00,0.00,0.00,33648.50,5
SP5-02417,ok,reserve,18224.02,5625.48,0.00,0.00,0.00,5
SP5-02418,ok,goals+,0.00,0.00,10627.41,0.00,99110.61,3
SP5-02419,deficit,none,0.00,0.00,0.00,0.00,0.00,4
SP5-02420,ok,reserve,17108.17,0.00,0.00,0.00,23874.32,3
SP5-02421,ok,debt,0.00,66695.98,3510.31,0.00,75147.39,3
SP5-02422,ok,goals+,0.00,0.00,22352.06,13260.26,325993.82,3
SP5-02423,ok,reserve,6263.55,0.00,0.00,0.00,0.00,4
SP5-02424,ok,debt,0.00,7263.01,0.00,0.00,161255.35,3
SP5-02425,ok,reserve,16093.20,0.00,0.00,0.00,0.00,3
SP5-02426,ok,debt,0.00,29038.79,0.00,0.00,157917.89,3
SP5-02427,ok,goals+,0.00,0.00,111902.43,0.00,6607560.53,2
SP5-02428,ok,reserve,4173.74,0.00,0.00,0.00,0.00,4
SP5-02429,deficit,none,0.00,0.00,0.00,0.00,541215.44,5
SP5-02430,ok,goals+,0.00,0.00,0.00,2185412.06,42383018.63,2
SP5-02431,ok,reserve,2311.84,0.00,0.00,0.00,0.00,5
SP5-02432,ok,reserve,13104.55,8736.37,0.00,0.00,12690.60,2
SP5-02433,ok,reserve,9224.36,6149.57,0.00,0.00,0.00,2
SP5-02434,deficit,none,0.00,0.00,0.00,0.00,166307.07,5
SP5-02435,ok,reserve,20070.85,0.00,12275.02,0.00,0.00,2
SP5-02436,ok,reserve,2606.63,1737.76,0.00,0.00,0.00,2
SP5-02437,deficit,none,0.00,0.00,0.00,0.00,0.00,4
SP5-02438,ok,goals+,0.00,0.00,15184.47,0.00,0.00,3
SP5-02439,ok,reserve,6600.04,3828.32,0.00,0.00,0.00,3
SP5-02440,ok,goals+,10412.57,0.00,12376.35,0.00,0.00,5
SP5-02441,deficit,none,0.00,0.00,0.00,0.00,4691735.83,5
SP5-02442,ok,debt,5540.99,12928.99,0.00,0.00,0.00,4
SP5-02443,ok,reserve,22576.86,0.00,0.00,0.00,0.00,5
SP5-02444,ok,goals+,0.00,0.00,10044.62,9048.75,62127.27,3
SP5-02445,ok,reserve,10198.66,0.00,0.00,0.00,0.00,4
SP5-02446,ok,goals+,7614.42,11421.62,27305.97,0.00,75352.44,2
SP5-02404,ok,reserve,26143.22,0.00,4365.20,0.00,0.00,4
SP5-02448,deficit,none,0.00,0.00,0.00,0.00,0.00,4
SP5-02449,ok,reserve,27763.05,0.00,0.00,0.00,13482.05,4
SP5-02450,ok,reserve,44996.13,0.00,0.00,0.00,0.00,3
SP5-02451,deficit,none,0.00,0.00,0.00,0.00,389350.66,5
SP5-02452,ok,reserve,16288.36,7783.22,1266.93,0.00,0.00,5
SP5-02453,ok,debt,1077.91,2515.12,0.00,0.00,0.00,3
SP5-02454,ok,goals+,0.00,0.00,10275.65,0.00,0.00,3
SP5-02455,ok,goals+,0.00,0.00,387458.67,368928.48,5710954.07,2
SP5-02456,deficit,none,0.00,0.00,0.00,0.00,0.00,4
SP5-02457,ok,none,0.00,0.00,0.00,0.00,10719.72,5
SP5-02458,deficit,none,0.00,0.00,0.00,0.00,0.00,4
SP5-02459,ok,debt,580.31,1354.04,0.00,0.00,0.00,3
SP5-02460,ok,reserve,3538.74,0.00,0.00,0.00,0.00,5
SP5-02461,ok,reserve,39613.08,0.00,0.00,0.00,0.00,5
SP5-02462,deficit,none,0.00,0.00,0.00,0.00,0.00,4
SP5-02463,deficit,none,0.00,0.00,0.00,0.00,0.00,4
SP5-02464,ok,goals+,0.00,0.00,624369.10,0.00,0.00,2
SP5-02465,invalid,none,0.00,0.00,0.00,0.00,0.00,5
SP5-02466,ok,debt,0.00,2556974.06,28315.43,0.00,2672508.07,2
SP5-02467,deficit,none,0.00,0.00,0.00,0.00,0.00,4
SP5-02468,ok,goals+,0.00,0.00,206019.52,952008.42,28805306.96,2
SP5-02469,ok,reserve,1846.44,0.00,0.00,0.00,0.00,5
SP5-02470,deficit,none,0.00,0.00,0.00,0.00,32488401.39,5
SP5-02471,deficit,none,0.00,0.00,0.00,0.00,3276409.93,5
SP5-02472,ok,reserve,15188.83,9631.05,0.00,0.00,0.00,5
SP5-02473,deficit,none,0.00,0.00,0.00,0.00,407539.04,5
SP5-02474,ok,goals+,0.00,0.00,53936.41,7785.94,435641.20,3
SP5-02475,ok,reserve,200440.41,0.00,0.00,0.00,0.00,2
SP5-02476,ok,reserve,16412.71,0.00,0.00,0.00,0.00,5
SP5-02477,invalid,none,0.00,0.00,0.00,0.00,0.00,5
SP5-02478,ok,goals+,0.00,0.00,5093.19,0.00,53232.44,3
SP5-02479,ok,goals+,15124.22,0.00,51586.98,0.00,0.00,2
SP5-02480,ok,goals+,0.00,0.00,5093.19,0.00,53232.44,3
SP5-02481,ok,goals+,0.00,0.00,692443227.74,0.00,6471054018.62,2
SP5-02482,ok,reserve,4768.86,0.00,0.00,0.00,0.00,2
SP5-02483,deficit,none,0.00,0.00,0.00,0.00,0.00,4
SP5-02484,deficit,none,0.00,0.00,0.00,0.00,360137.78,5
SP5-02485,ok,reserve,65607.44,0.00,0.00,0.00,0.00,5
SP5-02486,deficit,none,0.00,0.00,0.00,0.00,6177243.65,5
SP5-02487,deficit,none,0.00,0.00,0.00,0.00,26837356.52,5
SP5-02488,deficit,none,0.00,0.00,0.00,0.00,0.00,4
SP5-02489,ok,reserve,13177.52,0.00,0.00,0.00,0.00,2
SP5-02490,ok,goals+,0.00,0.00,0.00,25431.13,753142.71,3
SP5-02491,ok,debt,7942.72,2565911.76,0.00,0.00,0.00,2
SP5-02492,ok,debt,7739.71,18059.31,0.00,0.00,0.00,3
SP5-02493,ok,goals+,0.00,0.00,370373.87,353211.78,37060428.99,2
SP5-02494,ok,debt,3733.09,8710.55,0.00,0.00,23477.04,4
SP5-02495,ok,goals+,0.00,0.00,7803.22,20821.64,159724.65,3
SP5-02496,deficit,none,0.00,0.00,0.00,0.00,0.00,4
SP5-02497,ok,reserve,36742.67,0.00,0.00,0.00,0.00,5
SP5-02498,deficit,none,0.00,0.00,0.00,0.00,0.00,4
SP5-02499,ok,reserve,24881.15,0.00,0.00,0.00,0.00,3
SP5-02500,deficit,none,0.00,0.00,0.00,0.00,0.00,4
SP5-02501,ok,goals+,0.00,0.00,15269.78,7724.11,726419.74,3
SP5-02502,ok,goals+,0.00,0.00,93131.23,0.00,0.00,2
SP5-02503,ok,debt,0.00,2080831.73,0.00,0.00,349157.32,2
SP5-02504,ok,goals+,3701.29,0.00,36687.05,0.00,0.00,2
SP5-02505,deficit,none,0.00,0.00,0.00,0.00,323417.01,5
SP5-02506,deficit,none,0.00,0.00,0.00,0.00,12817903.69,5
SP5-02507,deficit,none,0.00,0.00,0.00,0.00,0.00,4
SP5-02508,ok,goals+,0.00,0.00,3123.00,0.00,461483.19,3
SP5-02509,ok,reserve,6714.58,0.00,3604.41,0.00,0.00,2
SP5-02510,ok,reserve,130139.09,0.00,0.00,0.00,0.00,3
SP5-02511,ok,reserve,9316.57,0.00,0.00,0.00,0.00,4
SP5-02512,ok,reserve,22362.42,0.00,0.00,0.00,0.00,4
SP5-02513,ok,reserve,13177.52,0.00,0.00,0.00,0.00,5
SP5-02514,deficit,none,0.00,0.00,0.00,0.00,0.00,4
SP5-02515,ok,reserve,7294.42,3356.81,0.00,0.00,0.00,5
SP5-02516,ok,debt,0.00,531.62,0.00,0.00,18919.06,3
SP5-02517,deficit,none,0.00,0.00,0.00,0.00,52865029.49,5
SP5-02518,deficit,none,0.00,0.00,0.00,0.00,4533715.26,5
SP5-02519,deficit,none,0.00,0.00,0.00,0.00,0.00,4
SP5-02520,ok,debt,0.00,1886632.98,0.00,0.00,1492973.36,2
SP5-02521,ok,debt,0.00,33521.92,0.00,0.00,58859.95,3
SP5-02522,ok,reserve,23252.07,0.00,0.00,0.00,0.00,4
SP5-02523,deficit,none,0.00,0.00,0.00,0.00,53008.12,5
SP5-02524,ok,reserve,11348.44,0.00,0.00,0.00,0.00,5
SP5-02525,ok,reserve,21407.83,14271.89,3571.14,0.00,0.00,2
SP5-02526,ok,debt,0.00,3202.34,0.00,0.00,166469.29,3
SP5-02527,ok,reserve,21677.25,0.00,0.00,0.00,0.00,4
SP5-02528,ok,reserve,11355.49,0.00,0.00,0.00,0.00,4
SP5-02529,deficit,none,0.00,0.00,0.00,0.00,0.00,4
SP5-02530,ok,reserve,55488.95,36992.63,48813.26,0.00,0.00,2
SP5-02531,deficit,none,0.00,0.00,0.00,0.00,32139.74,5
SP5-02532,ok,reserve,12650.56,0.00,0.00,0.00,0.00,3
SP5-02533,ok,goals+,0.00,0.00,21629.36,0.00,0.00,3
SP5-02534,ok,debt,0.00,11629.23,0.00,0.00,68701.52,3
SP5-02535,ok,goals+,0.00,0.00,295663.74,34305.67,1863201.15,4
SP5-02536,ok,goals+,0.00,0.00,0.00,41929.06,0.00,5
SP5-02537,ok,reserve,3767.78,2511.85,0.00,0.00,0.00,2
SP5-02538,deficit,none,0.00,0.00,0.00,0.00,8707.09,5
SP5-02539,ok,reserve,1853.77,1235.84,0.00,0.00,0.00,2
SP5-02540,deficit,none,0.00,0.00,0.00,0.00,0.00,4
SP5-02541,ok,goals+,0.00,0.00,25088.96,0.00,57796.80,3
SP5-02542,deficit,none,0.00,0.00,0.00,0.00,10226893.40,5
SP5-02543,ok,goals+,0.00,0.00,42403.80,0.00,0.00,4
SP5-02449,ok,debt,0.00,37646.92,0.00,0.00,12349.16,3
SP5-02545,ok,debt,0.00,2499107.31,0.00,0.00,2221106.38,2
SP5-02546,ok,debt,0.00,1018546.92,0.00,0.00,2540751.31,2
SP5-02547,ok,goals+,1485272.03,0.00,1811713.23,616225.69,0.00,2
SP5-02548,ok,reserve,6328.39,0.00,1171.22,0.00,0.00,3
SP5-02549,deficit,none,0.00,0.00,0.00,0.00,0.00,4
SP5-02550,ok,goals+,0.00,0.00,16276.89,0.00,1681611.25,3
SP5-02551,ok,reserve,5872.70,0.00,0.00,0.00,12075.41,4
SP5-02552,ok,reserve,42314.89,0.00,0.00,0.00,0.00,4
SP5-02553,ok,reserve,838.82,559.22,0.00,0.00,0.00,2
SP5-02554,deficit,none,0.00,0.00,0.00,0.00,3915653.61,5
SP5-02555,ok,reserve,82502.01,0.00,0.00,0.00,0.00,3
SP5-02556,ok,reserve,13102.55,0.00,0.00,0.00,0.00,3
SP5-02557,deficit,none,0.00,0.00,0.00,0.00,37543.96,5
SP5-02558,ok,goals+,0.00,0.00,16635.53,9384.13,148735.14,3
SP5-02559,ok,reserve,20906.78,0.00,0.00,0.00,0.00,4
SP5-02560,ok,reserve,26796.60,0.00,0.00,0.00,0.00,3
SP5-02561,ok,goals+,0.00,0.00,6195.40,9087.03,913388.77,3
SP5-02562,deficit,none,0.00,0.00,0.00,0.00,20641617.56,5
SP5-02563,deficit,none,0.00,0.00,0.00,0.00,5186567.93,5
SP5-02564,ok,reserve,2326.34,0.00,0.00,0.00,0.00,5
SP5-02565,ok,debt,255.47,596.10,0.00,0.00,0.00,3
SP5-02566,ok,goals+,0.00,0.00,44188.29,20395.60,1984557.73,3
SP5-02567,deficit,none,0.00,0.00,0.00,0.00,0.00,4
SP5-02568,deficit,none,0.00,0.00,0.00,0.00,0.00,4
SP5-02569,ok,reserve,7432.49,0.00,0.00,0.00,0.00,5
SP5-02570,deficit,none,0.00,0.00,0.00,0.00,0.00,4
SP5-02571,ok,reserve,60883.49,0.00,0.00,0.00,0.00,2
SP5-02572,ok,debt,0.00,116292.30,0.00,0.00,687015.20,3
SP5-02573,ok,reserve,20190.55,13460.37,0.00,0.00,17454.81,2
SP5-02574,ok,reserve,1440.91,0.00,0.00,0.00,0.00,5
SP5-02057,deficit,none,0.00,0.00,0.00,0.00,96152.09,5
SP5-02576,ok,goals+,0.00,0.00,87861.02,74251.18,1016322.50,2
SP5-02577,ok,goals+,0.00,0.00,833742261.48,0.00,4081357867.31,2
SP5-02578,ok,reserve,10584.68,0.00,0.00,0.00,0.00,5
SP5-02579,ok,reserve,36970.97,0.00,0.00,0.00,0.00,5
SP5-02580,ok,debt,1514.12,3532.94,0.00,0.00,0.00,3
SP5-02581,ok,none,0.00,0.00,0.00,0.00,0.00,5
SP5-02582,deficit,none,0.00,0.00,0.00,0.00,0.00,4
SP5-02583,ok,goals+,0.00,0.00,6490.30,0.00,733437.76,3
SP5-02584,deficit,none,0.00,0.00,0.00,0.00,3127760.45,5
SP5-02585,ok,goals+,0.00,0.00,17679.29,81884.84,82280.79,4
SP5-02586,ok,reserve,4069.32,0.00,0.00,0.00,93475.75,4
SP5-02587,deficit,none,0.00,0.00,0.00,0.00,0.00,4
SP5-02588,ok,reserve,5581.40,3720.94,0.00,0.00,0.00,2
SP5-02589,deficit,none,0.00,0.00,0.00,0.00,1306860.33,5
SP5-02590,ok,reserve,2025732.80,0.00,0.00,0.00,0.00,2
SP5-02591,ok,reserve,18168.33,0.00,0.00,0.00,0.00,4
SP5-02592,ok,reserve,1.00,0.00,0.00,0.00,0.00,5
SP5-02593,ok,reserve,4705.71,3137.14,0.00,0.00,0.00,2
SP5-02594,ok,reserve,21532.78,0.00,0.00,0.00,0.00,4
SP5-02595,ok,goals+,0.00,0.00,249071.89,101116.81,3148871.02,2
SP5-02596,deficit,none,0.00,0.00,0.00,0.00,6438111.74,5
SP5-02597,ok,reserve,75518.00,0.00,0.00,0.00,0.00,3
SP5-02598,ok,reserve,14879.40,0.00,0.00,0.00,0.00,5
SP5-02599,ok,goals+,0.00,0.00,2427.12,6415.92,67037.26,3
SP5-02600,deficit,none,0.00,0.00,0.00,0.00,25225.39,5
SP5-02601,ok,reserve,18181.77,0.00,0.00,0.00,0.00,4
SP5-02602,ok,goals+,1981.35,4623.16,12227.67,0.00,0.00,2
SP5-02603,ok,reserve,13361.77,0.00,0.00,0.00,0.00,5
SP5-02604,ok,debt,0.00,2935.62,0.00,0.00,27413.55,3
SP5-02605,ok,goals+,0.00,0.00,903.17,0.00,98076.43,3
SP5-02606,ok,debt,6325.10,9487.65,0.00,0.00,68911.03,2
SP5-02607,ok,reserve,40714.51,0.00,0.00,0.00,0.00,3
SP5-02608,ok,reserve,7433.33,0.00,0.00,0.00,0.00,5
SP5-02609,ok,goals+,2741.22,0.00,1758.15,6483.96,0.00,3
SP5-02610,ok,reserve,6480.80,0.00,0.00,0.00,0.00,2
SP5-02611,invalid,none,0.00,0.00,0.00,0.00,0.00,5
SP5-02612,deficit,none,0.00,0.00,0.00,0.00,0.00,4
SP5-02613,ok,debt,0.00,9469.68,0.00,0.00,289403.45,3
SP5-02614,deficit,none,0.00,0.00,0.00,0.00,0.00,4
SP5-02615,deficit,none,0.00,0.00,0.00,0.00,31752589.52,5
SP5-02616,ok,reserve,77302.88,0.00,0.00,0.00,0.00,4
SP5-02617,ok,goals+,2429.47,5668.75,12227.67,0.00,0.00,2
SP5-02618,ok,goals+,0.00,0.00,2708.50,1900.16,197316.56,3
SP5-02619,ok,reserve,473.06,315.37,0.00,0.00,19051.93,2
SP5-02620,ok,goals+,0.00,0.00,14505.54,1044.23,131432.84,4
SP5-02621,deficit,none,0.00,0.00,0.00,0.00,0.00,4
SP5-02622,ok,debt,410179.67,3515320.51,0.00,0.00,0.00,2
SP5-02623,ok,goals+,0.00,0.00,1549572.03,1978171.06,30584834.53,2
SP5-02624,ok,goals+,0.00,0.00,16418.59,0.00,2191.91,3
SP5-02625,ok,goals+,0.00,0.00,3468.43,0.00,192662.90,3
SP5-02626,ok,reserve,12650.76,0.00,0.00,0.00,0.00,4
SP5-02627,ok,goals+,0.00,0.00,615.29,0.00,0.00,2
SP5-02628,ok,debt,17926.10,41827.56,0.00,0.00,0.00,3
SP5-02629,deficit,none,0.00,0.00,0.00,0.00,46242102.45,5
SP5-02630,ok,goals+,0.00,0.00,200785.61,25969.39,11474677.09,2
SP5-02631,ok,reserve,3089.05,2059.36,0.00,0.00,7802.61,2
SP5-02632,deficit,none,0.00,0.00,0.00,0.00,398983.58,5
SP5-02633,ok,reserve,1.00,0.00,0.00,0.00,0.00,3
SP5-02634,ok,reserve,23556.42,0.00,0.00,0.00,0.00,5
SP5-02635,ok,reserve,24441.32,0.00,0.00,0.00,0.00,3
SP5-02636,ok,reserve,11706.47,0.00,0.00,0.00,0.00,3
SP5-02637,ok,goals+,0.00,0.00,54797.06,9119.29,1774468.60,2
SP5-02638,deficit,none,0.00,0.00,0.00,0.00,243278.93,5
SP5-02639,ok,reserve,15875.98,10583.98,0.00,0.00,0.00,2
SP5-02640,ok,reserve,2902.44,0.00,0.00,0.00,0.00,3
SP5-02641,deficit,none,0.00,0.00,0.00,0.00,0.00,4
SP5-02642,ok,debt,0.30,0.70,0.00,0.00,0.00,3
SP5-02643,deficit,none,0.00,0.00,0.00,0.00,0.00,4
SP5-02644,ok,goals+,0.00,0.00,16126.67,0.00,470314.08,3
SP5-02645,deficit,none,0.00,0.00,0.00,0.00,0.00,4
SP5-02646,ok,goals+,0.00,0.00,553808.95,0.00,0.00,2
SP5-02647,ok,goals+,7034.35,0.00,13250.27,0.00,0.00,3
SP5-02648,ok,goals+,0.00,0.00,0.00,21126.98,1488218.87,3
SP5-02649,deficit,none,0.00,0.00,0.00,0.00,0.00,4
SP5-02650,ok,goals+,0.00,0.00,31006.43,34347.93,722243.29,3
SP5-02651,ok,goals+,0.00,0.00,30190.54,6175.21,1390191.80,2
SP5-02652,ok,debt,5951.90,8927.86,0.00,0.00,1845.86,2
SP5-02653,ok,debt,6545.14,15271.98,0.00,0.00,0.00,3
SP5-02654,ok,reserve,4942.82,108.98,0.00,0.00,0.00,5
SP5-02655,deficit,none,0.00,0.00,0.00,0.00,0.00,4
SP5-02656,ok,none,0.00,0.00,0.00,0.00,0.00,2
SP5-02657,deficit,none,0.00,0.00,0.00,0.00,709862.00,5
SP5-02658,ok,goals+,0.00,0.00,14264.18,9462.62,227675.20,3
SP5-02659,ok,reserve,51718.68,0.00,0.00,0.00,0.00,2
SP5-02660,deficit,none,0.00,0.00,0.00,0.00,0.00,4
SP5-02661,deficit,none,0.00,0.00,0.00,0.00,60408713.99,5
SP5-02662,deficit,none,0.00,0.00,0.00,0.00,229064.06,5
SP5-02663,ok,debt,0.00,1453727.32,0.00,0.00,880583.08,2
SP5-02664,ok,reserve,1964.72,1309.81,0.00,0.00,0.00,2
SP5-02665,deficit,none,0.00,0.00,0.00,0.00,0.00,4
SP5-02666,deficit,none,0.00,0.00,0.00,0.00,0.00,4
SP5-02667,deficit,none,0.00,0.00,0.00,0.00,371454.77,5
SP5-02668,ok,reserve,6766.81,0.00,0.00,0.00,0.00,3
SP5-02669,deficit,none,0.00,0.00,0.00,0.00,0.00,4
SP5-02670,ok,goals+,0.00,0.00,14111.67,0.00,732961.43,3
SP5-02671,ok,debt,0.00,614.58,0.00,0.00,11595.75,3
SP5-02672,ok,goals+,0.00,0.00,0.00,10621.03,7856.76,3
SP5-02673,ok,debt,7513.67,17531.88,0.00,0.00,0.00,3
SP5-02674,ok,debt,3645.52,8506.22,0.00,0.00,5000.00,3
SP5-02675,ok,reserve,4074.58,2716.38,0.00,0.00,0.00,2
SP5-02676,ok,reserve,3096.08,0.00,0.00,0.00,0.00,3
SP5-02677,ok,reserve,30353.26,20235.51,0.00,0.00,0.00,2
SP5-02678,ok,goals+,0.00,0.00,194671.38,75817.68,1724315.82,3
SP5-02679,invalid,none,0.00,0.00,0.00,0.00,0.00,5
SP5-02680,deficit,none,0.00,0.00,0.00,0.00,0.00,4
SP5-02681,invalid,none,0.00,0.00,0.00,0.00,0.00,5
SP5-02682,ok,reserve,1308.77,0.00,0.00,0.00,0.00,5
SP5-02683,ok,goals+,221522.48,0.00,2925074.70,891722.11,0.00,2
SP5-02684,ok,reserve,17912.70,0.00,17854.27,0.00,0.00,5
SP5-02685,deficit,none,0.00,0.00,0.00,0.00,0.00,4
SP5-02686,ok,reserve,1308.77,0.00,0.00,0.00,0.00,5
SP5-02687,ok,goals+,0.00,0.00,48447.41,19478.19,7352872.44,2
SP5-02688,ok,goals+,0.00,0.00,322.63,0.00,294382.42,2
SP5-02689,ok,goals+,0.00,0.00,4594.82,0.00,81582.33,3
SP5-02690,ok,reserve,14223.67,0.00,0.00,0.00,0.00,3
SP5-02691,ok,debt,0.00,5698157.17,0.00,0.00,1001736.56,2
SP5-02692,invalid,none,0.00,0.00,0.00,0.00,0.00,5
SP5-02693,ok,reserve,12380.73,0.00,0.00,0.00,0.00,3
SP5-02694,ok,goals+,0.00,0.00,6796.16,0.00,59161.71,3
SP5-02695,ok,goals+,0.00,0.00,5315311.62,0.00,10604971.27,2
SP5-02696,ok,goals+,0.00,0.00,18194.81,0.00,127729.27,3
SP5-02697,deficit,none,0.00,0.00,0.00,0.00,0.00,4
SP5-02698,ok,goals+,0.00,0.00,4261.36,1529.14,184887.35,3
SP5-02699,deficit,none,0.00,0.00,0.00,0.00,35005791.46,5
SP5-02700,deficit,none,0.00,0.00,0.00,0.00,0.00,4
SP5-02701,ok,debt,2644.89,6171.40,0.00,0.00,5047.72,3
SP5-02702,ok,reserve,1506.07,0.00,0.00,0.00,0.00,5
SP5-02703,deficit,none,0.00,0.00,0.00,0.00,12101428.85,5
SP5-02704,invalid,none,0.00,0.00,0.00,0.00,0.00,5
SP5-02705,ok,goals+,0.00,0.00,7841.87,0.00,220406.82,3
SP5-02706,deficit,none,0.00,0.00,0.00,0.00,0.00,4
SP5-02707,deficit,none,0.00,0.00,0.00,0.00,0.00,4
SP5-02708,deficit,none,0.00,0.00,0.00,0.00,0.00,4
SP5-02709,ok,reserve,88925.60,0.00,0.00,0.00,0.00,1
SP5-02710,ok,goals+,0.00,0.00,9549.65,0.00,0.00,3
SP5-02711,ok,goals+,0.00,0.00,3229.31,0.00,45339.92,3
SP5-02712,deficit,none,0.00,0.00,0.00,0.00,324796.17,5
SP5-02713,ok,debt,2159.36,5038.51,0.00,0.00,9913.29,4
SP5-02714,ok,reserve,13563.99,0.00,0.00,0.00,0.00,5
SP5-02715,deficit,none,0.00,0.00,0.00,0.00,0.00,4
SP5-02716,deficit,none,0.00,0.00,0.00,0.00,737626.67,5
SP5-02717,deficit,none,0.00,0.00,0.00,0.00,15570369.92,5
SP5-02718,deficit,none,0.00,0.00,0.00,0.00,36165676.06,5
SP5-02719,ok,goals+,0.00,0.00,2604.76,0.00,1052370.98,3
SP5-02720,ok,reserve,16992.29,0.00,0.00,0.00,0.00,4
SP5-02721,deficit,none,0.00,0.00,0.00,0.00,0.00,4
SP5-02722,deficit,none,0.00,0.00,0.00,0.00,681527.76,5
SP5-02723,ok,reserve,5794.04,0.00,0.00,0.00,83696.28,3
SP5-02724,deficit,none,0.00,0.00,0.00,0.00,433874.58,5
SP5-02725,ok,reserve,37367.08,0.00,0.00,0.00,0.00,5
SP5-02726,deficit,none,0.00,0.00,0.00,0.00,6611.23,5
SP5-02727,deficit,none,0.00,0.00,0.00,0.00,5042123.86,5
SP5-02728,ok,goals+,0.00,0.00,18194.81,0.00,127729.27,3
SP5-02729,deficit,none,0.00,0.00,0.00,0.00,0.00,4
SP5-02730,ok,reserve,2550.30,0.00,0.00,0.00,63591.33,3
SP5-02593,ok,reserve,30849.78,0.00,0.00,0.00,0.00,5
SP5-02732,ok,goals+,0.00,0.00,9622.80,0.00,5365.64,3
SP5-02733,ok,goals+,0.00,0.00,58425.74,5599.68,104896.80,1
SP5-02734,ok,goals+,0.00,0.00,96787.20,73041.23,5226123.33,2
SP5-02735,ok,reserve,6159.91,0.00,0.00,0.00,0.00,5
SP5-02736,deficit,none,0.00,0.00,0.00,0.00,742403.75,5
SP5-02737,ok,reserve,84243.11,0.00,0.00,0.00,0.00,5
SP5-02738,ok,none,0.00,0.00,0.00,0.00,298711.27,5
SP5-02739,ok,reserve,925.46,0.00,0.00,0.00,0.00,5
SP5-02740,ok,reserve,13296.72,0.00,5168.42,0.00,0.00,3
SP5-02741,ok,goals+,0.00,0.00,1630119.17,378076.11,0.00,2
SP5-02742,invalid,none,0.00,0.00,0.00,0.00,0.00,5
SP5-02743,ok,goals+,0.00,0.00,37663.12,0.00,386538.14,3
SP5-02744,ok,reserve,12856.00,8570.66,0.00,0.00,0.00,2
SP5-02745,ok,goals+,0.00,0.00,0.00,1032076.80,2421095.57,2
SP5-02746,ok,reserve,10242.82,0.00,0.00,0.00,0.00,4
SP5-02747,deficit,none,0.00,0.00,0.00,0.00,814806.14,5
SP5-02748,deficit,none,0.00,0.00,0.00,0.00,46097.59,5
SP5-02749,ok,goals+,0.00,0.00,11526.37,0.00,0.00,3
SP5-02750,ok,goals+,0.00,0.00,0.00,7247.47,70471.22,5
SP5-02751,ok,reserve,124729.66,0.00,0.00,0.00,0.00,4
SP5-02752,deficit,none,0.00,0.00,0.00,0.00,18989.18,5
SP5-02753,ok,goals+,0.00,0.00,6899.34,0.00,100442.83,2
SP5-02754,ok,goals+,0.00,0.00,109714.00,22658.04,280125.31,3
SP5-02755,deficit,none,0.00,0.00,0.00,0.00,16031577.70,5
SP5-02756,ok,goals+,0.00,0.00,68323.71,0.00,0.00,2
SP5-02757,deficit,none,0.00,0.00,0.00,0.00,435961.66,5
SP5-02758,ok,goals+,0.00,0.00,1900878.42,1042990.44,2359810.65,2
SP5-02759,ok,debt,1206426.35,2814994.83,0.00,0.00,0.00,2
SP5-02760,ok,goals+,0.00,0.00,3822.35,0.00,125844.17,3
SP5-02761,ok,debt,35670.52,42537.70,0.00,0.00,0.00,3
SP5-02762,deficit,none,0.00,0.00,0.00,0.00,0.00,4
SP5-02763,deficit,none,0.00,0.00,0.00,0.00,2015.01,5
SP5-02764,ok,reserve,54780.77,0.00,0.00,0.00,0.00,3
SP5-02765,ok,reserve,29448.58,19632.38,0.00,0.00,0.00,2
SP5-02766,deficit,none,0.00,0.00,0.00,0.00,0.00,4
SP5-02767,ok,debt,8802.90,13204.36,0.00,0.00,7596.61,2
SP5-02768,ok,debt,16004.94,24007.42,0.00,0.00,26875.85,2
SP5-02769,ok,reserve,9471.91,6314.61,0.00,0.00,12495.82,2
SP5-02770,ok,goals+,3719.80,0.00,0.00,38128.71,0.00,3
SP5-02771,ok,reserve,4791.99,0.00,0.00,0.00,0.00,5
SP5-02772,deficit,none,0.00,0.00,0.00,0.00,0.00,4
SP5-02773,ok,reserve,57682.03,0.00,0.00,0.00,0.00,5
SP5-00930,invalid,none,0.00,0.00,0.00,0.00,0.00,5
SP5-02775,ok,goals+,0.00,0.00,4696.74,0.00,0.00,2
SP5-02776,ok,debt,0.00,2846007.87,35945.41,0.00,2806936.67,2
SP5-02777,invalid,none,0.00,0.00,0.00,0.00,0.00,5
SP5-02778,ok,reserve,15643.61,0.00,14873.10,0.00,0.00,3
SP5-02779,ok,goals+,0.00,0.00,6229.62,2188.74,98802.30,3
SP5-02780,deficit,none,0.00,0.00,0.00,0.00,0.00,4
SP5-02781,deficit,none,0.00,0.00,0.00,0.00,17814.42,5
SP5-02782,ok,reserve,21307.73,0.00,0.00,0.00,0.00,3
SP5-02783,ok,debt,1468.38,3426.23,0.00,0.00,0.00,3
SP5-02784,ok,goals+,0.00,0.00,1026223.86,0.00,17522274.91,2
SP5-02785,deficit,none,0.00,0.00,0.00,0.00,40858.89,5
SP5-02786,deficit,none,0.00,0.00,0.00,0.00,0.00,4
SP5-02787,deficit,none,0.00,0.00,0.00,0.00,3111764.64,5
SP5-02788,deficit,none,0.00,0.00,0.00,0.00,8119834.46,5
SP5-02789,deficit,none,0.00,0.00,0.00,0.00,0.00,4
SP5-02790,ok,debt,7098.45,16563.05,0.00,0.00,19172.47,3
SP5-02791,ok,goals+,0.00,0.00,46663.81,0.00,1078920.33,3
SP5-02792,ok,goals+,0.00,0.00,0.00,21506.27,27557.53,5
SP5-02793,ok,reserve,14659.06,0.00,0.00,0.00,0.00,5
SP5-02794,deficit,none,0.00,0.00,0.00,0.00,0.00,4
SP5-02795,invalid,none,0.00,0.00,0.00,0.00,0.00,5
SP5-02796,ok,reserve,1408.52,0.00,0.00,0.00,0.00,5
SP5-02797,ok,goals+,0.00,0.00,96372.19,17296.15,0.00,2
SP5-02798,ok,goals+,0.00,0.00,14130.31,0.00,0.00,4
SP5-02799,ok,goals+,1028.90,0.00,4614.11,2396.80,0.00,3
SP5-02800,ok,reserve,26813.62,0.00,0.00,0.00,0.00,5
SP5-02801,deficit,none,0.00,0.00,0.00,0.00,587893.64,5
SP5-02802,ok,reserve,34138.50,0.00,0.00,0.00,0.00,5
SP5-02803,ok,debt,0.00,1485009.39,78158.39,0.00,2306479.95,2
SP5-02804,ok,none,0.00,0.00,0.00,0.00,0.00,5
SP5-02805,ok,reserve,9955.15,6636.77,0.00,0.00,0.00,2
SP5-02806,ok,reserve,64216.51,0.00,0.00,0.00,0.00,4
SP5-02807,ok,goals+,0.00,0.00,0.00,593312.39,0.00,2
SP5-02808,ok,goals+,0.00,0.00,1716.12,0.00,22549.90,3
SP5-02809,ok,reserve,6192.07,0.00,0.00,0.00,0.00,5
SP5-02810,ok,goals+,0.00,0.00,6899.34,0.00,104829.40,2
SP5-02811,ok,debt,0.00,2027.86,106.73,0.00,112461.89,3
SP5-02812,deficit,none,0.00,0.00,0.00,0.00,0.00,4
SP5-02813,ok,goals+,0.00,0.00,0.00,96669.66,1684060.11,3
SP5-02814,ok,goals+,0.00,0.00,5832.41,117.95,0.00,4
SP5-02815,ok,reserve,6687.88,0.00,0.00,0.00,0.00,3
SP5-02816,ok,reserve,727.97,0.00,0.00,0.00,0.00,5
SP5-02817,ok,goals+,0.00,0.00,220699.71,42430.07,18108476.97,2
SP5-02818,ok,goals+,0.00,0.00,0.00,3527.17,2130220.49,3
SP5-02819,invalid,none,0.00,0.00,0.00,0.00,0.00,5
SP5-02820,ok,reserve,3957.25,2638.17,0.00,0.00,0.00,2
SP5-02821,deficit,none,0.00,0.00,0.00,0.00,0.00,4
SP5-02822,ok,debt,7534.49,11301.73,0.00,0.00,11569.29,2
SP5-02823,deficit,none,0.00,0.00,0.00,0.00,732440.95,5
SP5-02824,ok,goals+,0.00,0.00,0.00,7547.77,140201.15,3
SP5-02825,ok,goals+,0.00,0.00,338143351.79,288721544.98,7055754890.05,2
SP5-02826,deficit,none,0.00,0.00,0.00,0.00,0.00,4
SP5-02827,ok,reserve,1895.56,1263.71,0.00,0.00,0.00,2
SP5-02828,invalid,none,0.00,0.00,0.00,0.00,0.00,5
SP5-02829,ok,reserve,987.66,658.44,0.00,0.00,0.00,2
SP5-02830,ok,debt,8021.42,12032.12,0.00,0.00,11569.29,2
SP5-02831,ok,goals+,0.00,0.00,9334.01,4699.51,133562.27,3
SP5-02832,invalid,none,0.00,0.00,0.00,0.00,0.00,5
SP5-02833,deficit,none,0.00,0.00,0.00,0.00,3226906.55,5
SP5-02834,ok,goals+,0.00,0.00,27231.14,0.00,0.00,1
SP5-02835,ok,reserve,17695.57,0.00,0.00,0.00,0.00,2
SP5-02836,ok,debt,1541.88,3597.73,0.00,0.00,14599.83,3
SP5-02837,deficit,none,0.00,0.00,0.00,0.00,211648.46,5
SP5-02838,ok,goals+,0.00,0.00,13541.45,4048.84,209719.19,3
SP5-02839,ok,debt,20550.54,25871.75,0.00,0.00,0.00,3
SP5-02840,ok,reserve,21731.60,0.00,0.00,0.00,0.00,5
SP5-02841,ok,goals+,0.00,0.00,0.00,18745.25,0.00,4
SP5-02842,deficit,none,0.00,0.00,0.00,0.00,3904468.38,5
SP5-02843,ok,goals+,0.00,0.00,45248.42,0.00,96819.94,1
SP5-02844,ok,goals+,0.00,0.00,25653.70,0.00,0.00,2
SP5-02845,ok,goals+,0.00,0.00,1470585.85,0.00,40130540.56,2
SP5-02846,deficit,none,0.00,0.00,0.00,0.00,31001.13,5
SP5-02847,ok,goals+,0.00,0.00,7293.87,0.00,0.00,3
SP5-02848,ok,reserve,50711.15,0.00,0.00,0.00,0.00,5
SP5-02849,ok,reserve,21731.60,0.00,0.00,0.00,0.00,5
SP5-02850,ok,goals+,0.00,0.00,1042202.57,1185920.87,6087665.35,2
SP5-02851,ok,reserve,4250.32,0.00,0.00,0.00,0.00,4
SP5-02852,ok,reserve,19782.82,0.00,0.00,0.00,0.00,3
SP5-02853,ok,goals+,0.00,0.00,1799951.21,581591.91,43035197.07,2
SP5-02854,ok,goals+,0.00,0.00,644046.98,83073.09,7571757.42,2
SP5-02855,deficit,none,0.00,0.00,0.00,0.00,3242784.20,5
SP5-02856,deficit,none,0.00,0.00,0.00,0.00,6530.48,5
SP5-02857,ok,goals+,0.00,0.00,0.00,861849.41,154892724.05,2
SP5-02858,ok,reserve,6282.83,0.00,0.00,0.00,0.00,2
SP5-02859,deficit,none,0.00,0.00,0.00,0.00,0.00,4
SP5-02860,ok,reserve,28342.69,0.00,0.00,0.00,0.00,5
SP5-02861,ok,goals+,0.00,0.00,13722.40,0.00,0.00,2
SP5-02862,ok,debt,101930.51,237837.84,0.00,0.00,0.00,2
SP5-02863,ok,reserve,374.91,0.00,0.00,0.00,0.00,4
SP5-02864,deficit,none,0.00,0.00,0.00,0.00,0.00,4
SP5-02865,ok,reserve,21920.59,14613.73,0.00,0.00,0.00,2
SP5-02866,ok,goals+,0.00,0.00,125407.43,224984.08,6179980.06,2
SP5-02867,ok,reserve,1863596.14,0.00,0.00,0.00,0.00,2
SP5-02868,ok,goals+,0.00,0.00,32976.41,9959.20,542195.81,3
SP5-02869,ok,goals+,0.00,0.00,2195609.65,1347713.54,1075822.64,2
SP5-02870,ok,reserve,239900.63,0.00,0.00,0.00,0.00,2
SP5-02871,ok,reserve,39591.91,0.00,0.00,0.00,0.00,4
SP5-02872,ok,debt,3832.63,8942.81,0.00,0.00,0.00,3
SP5-02873,deficit,none,0.00,0.00,0.00,0.00,0.00,4
SP5-02874,ok,goals+,0.00,0.00,10169.91,0.00,0.00,3
SP5-02875,ok,goals+,35755.79,0.00,15283.17,37094.97,0.00,3
SP5-02876,ok,reserve,491.82,0.00,0.00,0.00,0.00,4
SP5-02877,deficit,none,0.00,0.00,0.00,0.00,134836.63,5
SP5-02878,ok,reserve,88098.22,0.00,0.00,0.00,0.00,3
SP5-02879,deficit,none,0.00,0.00,0.00,0.00,0.00,4
SP5-02880,ok,debt,2633.57,6144.99,0.00,0.00,5073.19,3
SP5-02881,ok,goals+,0.00,0.00,212442.00,0.00,0.00,2
SP5-02882,ok,reserve,42583.15,0.00,0.00,0.00,0.00,4
SP5-02883,ok,reserve,2068.78,0.00,0.00,0.00,0.00,5
SP5-02884,ok,reserve,8183.26,5455.50,0.00,0.00,0.00,2
SP5-02885,deficit,none,0.00,0.00,0.00,0.00,814049.42,5
SP5-02886,ok,none,0.00,0.00,0.00,0.00,0.00,5
SP5-02887,ok,reserve,374.91,0.00,0.00,0.00,0.00,4
SP5-02888,invalid,none,0.00,0.00,0.00,0.00,0.00,5
SP5-02889,ok,debt,1144.96,2671.56,200.87,0.00,0.00,3
SP5-02890,ok,goals+,0.00,0.00,15414.74,0.00,340326.96,1
SP5-02891,deficit,none,0.00,0.00,0.00,0.00,15550893.50,5
SP5-02892,deficit,none,0.00,0.00,0.00,0.00,5054622.88,5
SP5-02893,ok,goals+,0.00,0.00,483384.62,104953.71,504655.64,4
SP5-02894,deficit,none,0.00,0.00,0.00,0.00,10260.69,5
SP5-02895,ok,reserve,248057.89,0.00,0.00,0.00,0.00,2
SP5-02896,ok,reserve,25926.21,0.00,0.00,0.00,0.00,5
SP5-02897,deficit,none,0.00,0.00,0.00,0.00,0.00,4
SP5-02898,ok,reserve,11645.94,7763.96,0.00,0.00,0.00,2
SP5-02899,invalid,none,0.00,0.00,0.00,0.00,0.00,5
SP5-02900,deficit,none,0.00,0.00,0.00,0.00,0.00,4
SP5-02901,ok,reserve,6958.19,0.00,0.00,0.00,0.00,5
SP5-02902,ok,reserve,37322.07,0.00,0.00,0.00,0.00,5
SP5-02903,ok,reserve,7848.86,3606.40,0.00,0.00,0.00,3
SP5-02904,deficit,none,0.00,0.00,0.00,0.00,303053.62,5
SP5-02905,ok,debt,172444.98,402371.63,0.00,0.00,0.00,2
SP5-02906,ok,goals+,0.00,0.00,216042.67,0.00,31287940.70,2
SP5-02907,ok,reserve,664.12,442.75,0.00,0.00,0.00,2
SP5-02908,ok,reserve,81961.93,10021.10,0.00,0.00,0.00,5
SP5-02909,ok,goals+,0.00,0.00,1263.70,0.00,5171193.90,2
SP5-02910,ok,goals+,0.00,0.00,0.00,62849.82,147201.12,3
SP5-02911,deficit,none,0.00,0.00,0.00,0.00,109121.31,5
SP5-02912,ok,reserve,2114.78,0.00,0.00,0.00,0.00,3
SP5-02913,deficit,none,0.00,0.00,0.00,0.00,0.00,4
SP5-02914,ok,reserve,2829.15,0.00,0.00,0.00,0.00,4
SP5-02915,invalid,none,0.00,0.00,0.00,0.00,0.00,5
SP5-02916,deficit,none,0.00,0.00,0.00,0.00,0.00,4
SP5-02917,deficit,none,0.00,0.00,0.00,0.00,8672979.96,5
SP5-02918,ok,reserve,2760.48,1840.32,0.00,0.00,0.00,2
SP5-02919,ok,reserve,770.42,0.00,0.00,0.00,0.00,4
SP5-02920,ok,debt,0.00,10372.37,0.00,0.00,2482004.67,2
SP5-02921,ok,goals+,0.00,0.00,436665.67,519234.15,8417768.87,2
SP5-02922,ok,reserve,1067.18,0.00,0.00,0.00,0.00,4
SP5-02923,deficit,none,0.00,0.00,0.00,0.00,75669394.87,5
SP5-02924,ok,goals+,0.00,0.00,1212121.79,261247.45,740179.83,2
SP5-02925,ok,reserve,17627.34,0.00,0.00,0.00,0.00,4
SP5-02926,deficit,none,0.00,0.00,0.00,0.00,4268637.04,5
SP5-02796,deficit,none,0.00,0.00,0.00,0.00,33712.07,5
SP5-02928,deficit,none,0.00,0.00,0.00,0.00,0.00,4
SP5-02929,ok,debt,1351.44,3153.35,237.09,0.00,0.00,3
SP5-02930,ok,debt,1803.65,4208.51,0.00,0.00,0.00,3
SP5-02931,ok,reserve,23636.99,0.00,0.00,0.00,0.00,5
SP5-02932,ok,reserve,38.94,25.96,0.00,0.00,16999.83,2
SP5-02933,deficit,none,0.00,0.00,0.00,0.00,19641404.77,5
SP5-02934,ok,goals+,0.00,0.00,16554.67,12576.35,76117.97,3
SP5-02935,invalid,none,0.00,0.00,0.00,0.00,0.00,5
SP5-02936,deficit,none,0.00,0.00,0.00,0.00,259809.63,5
SP5-02937,ok,debt,0.00,1581.42,0.00,0.00,2616.70,3
SP5-02938,ok,reserve,765.69,0.00,0.00,0.00,0.00,4
SP5-02939,ok,reserve,7822.07,0.00,0.00,0.00,0.00,3
SP5-02940,ok,reserve,1791.77,1194.51,0.00,0.00,0.00,2
SP5-02941,ok,reserve,234172.02,0.00,0.00,0.00,0.00,3
SP5-02942,ok,goals+,0.00,0.00,0.00,564347.45,18553256.13,2
SP5-02943,ok,reserve,141.47,94.32,0.00,0.00,0.00,2
SP5-02944,ok,reserve,11249.14,0.00,0.00,0.00,0.00,3
SP5-02945,ok,goals+,0.00,0.00,5416.60,0.00,0.00,2
SP5-02946,ok,debt,2268.51,3402.77,0.00,0.00,130492.21,2
SP5-02947,deficit,none,0.00,0.00,0.00,0.00,0.00,4
SP5-02948,ok,reserve,30363.81,0.00,0.00,0.00,0.00,3
SP5-02949,ok,reserve,3030.58,2020.38,0.00,0.00,25553.94,2
SP5-02950,ok,reserve,765.69,0.00,0.00,0.00,0.00,4
SP5-02951,ok,goals+,0.00,0.00,14489.96,0.00,0.00,4
SP5-02952,ok,debt,1209442.76,2822033.10,0.00,0.00,0.00,2
SP5-02953,deficit,none,0.00,0.00,0.00,0.00,0.00,4
SP5-02954,ok,goals+,0.00,0.00,1892774.86,322141.30,1734195.54,2
SP5-02955,ok,reserve,19011.16,12674.11,0.00,0.00,0.00,2
SP5-02956,deficit,none,0.00,0.00,0.00,0.00,0.00,4
SP5-02957,deficit,none,0.00,0.00,0.00,0.00,0.00,4
SP5-02958,deficit,none,0.00,0.00,0.00,0.00,1077766.56,5
SP5-02959,ok,goals+,0.00,0.00,2264878.52,1545436.33,12534154.95,2
SP5-02960,deficit,none,0.00,0.00,0.00,0.00,2154085.20,5
SP5-02961,ok,reserve,42704.43,0.00,0.00,0.00,35071.23,3
SP5-02962,ok,reserve,105209.88,0.00,0.00,0.00,0.00,4
SP5-02963,ok,goals+,0.00,0.00,1071110.09,757408.90,89145962.27,2
SP5-02964,ok,reserve,48157.97,0.00,0.00,0.00,0.00,2
SP5-02965,ok,debt,1469.27,3428.29,0.00,0.00,0.00,3
SP5-02966,deficit,none,0.00,0.00,0.00,0.00,56375.85,5
SP5-02967,ok,reserve,65851.21,0.00,0.00,0.00,0.00,5
SP5-02968,deficit,none,0.00,0.00,0.00,0.00,6472820.26,5
SP5-02969,deficit,none,0.00,0.00,0.00,0.00,0.00,4
SP5-02970,ok,reserve,1100.54,0.00,0.00,0.00,0.00,3
SP5-02971,ok,debt,0.00,1387.91,0.00,0.00,235365.51,3
SP5-02972,invalid,none,0.00,0.00,0.00,0.00,0.00,5
SP5-02973,ok,reserve,3275.08,2183.38,0.00,0.00,7306.28,2
SP5-02974,ok,reserve,26907.53,5289.14,0.00,0.00,0.00,5
SP5-02975,ok,reserve,11698.62,0.00,0.00,0.00,0.00,5
SP5-02976,ok,reserve,83.05,55.37,0.00,0.00,0.00,2
SP5-02977,invalid,none,0.00,0.00,0.00,0.00,0.00,5
SP5-02978,invalid,none,0.00,0.00,0.00,0.00,0.00,5
SP5-02979,ok,reserve,26907.53,5289.14,0.00,0.00,0.00,5
SP5-02980,ok,debt,0.00,17913.06,942.79,0.00,178776.00,3
SP5-02981,ok,reserve,27524.12,6555.25,0.00,0.00,0.00,4
SP5-02982,ok,goals+,0.00,0.00,751047.99,1983907.94,13677419.49,2
SP5-02983,deficit,none,0.00,0.00,0.00,0.00,0.00,4
SP5-02984,ok,reserve,62857.24,0.00,0.00,0.00,0.00,4
SP5-02985,ok,goals+,9519.61,0.00,26837.95,4389.97,0.00,3
SP5-02986,ok,goals+,0.00,0.00,0.00,512523.47,0.00,2
SP5-02987,ok,reserve,9026.25,6017.50,0.00,0.00,0.00,2
SP5-02988,ok,reserve,9026.25,6017.50,0.00,0.00,0.00,2
SP5-02989,ok,reserve,5156.61,3437.74,452.33,0.00,0.00,2
SP5-02990,deficit,none,0.00,0.00,0.00,0.00,0.00,4
SP5-02991,ok,goals+,0.00,0.00,12420.94,968.17,4799271.28,3
SP5-02992,ok,goals+,0.00,0.00,0.00,1676.22,28589.13,3
SP5-02993,deficit,none,0.00,0.00,0.00,0.00,5166.58,5
SP5-02994,ok,debt,865405.51,3832091.07,0.00,0.00,0.00,2
SP5-02995,deficit,none,0.00,0.00,0.00,0.00,0.00,4
SP5-02996,ok,reserve,5885.97,0.00,0.00,0.00,6059.51,3
SP5-02997,ok,goals+,0.00,0.00,5256.53,0.00,3680697.03,3
SP5-02998,ok,goals+,727.62,485.08,20375.04,0.00,0.00,2
SP5-02999,ok,goals+,0.00,0.00,3554.88,0.00,333169.53,3
SP5-03000,deficit,none,0.00,0.00,0.00,0.00,0.00,4
SP5-03001,invalid,none,0.00,0.00,0.00,0.00,0.00,5
SP5-03002,ok,debt,1692.95,3950.23,0.00,0.00,0.00,4
SP5-03003,ok,goals+,0.00,0.00,53128.16,0.00,0.00,3
SP5-03004,deficit,none,0.00,0.00,0.00,0.00,0.00,4
SP5-03005,ok,goals+,0.00,0.00,12163.28,0.00,37453.43,2
SP5-03006,ok,reserve,43835.83,0.00,0.00,0.00,0.00,5
SP5-03007,ok,reserve,51097.90,0.00,0.00,0.00,0.00,2
SP5-03008,ok,goals+,0.00,0.00,48172.92,0.00,29437445.14,2
SP5-03009,ok,debt,0.00,5850.24,0.00,0.00,950414.84,3
SP5-03010,deficit,none,0.00,0.00,0.00,0.00,629049.02,5
SP5-03011,ok,reserve,3143.27,0.00,0.00,0.00,0.00,3
SP5-03012,deficit,none,0.00,0.00,0.00,0.00,0.00,4
SP5-03013,ok,reserve,4548.56,0.00,0.00,0.00,0.00,3
SP5-03014,deficit,none,0.00,0.00,0.00,0.00,485537.96,5
SP5-03015,deficit,none,0.00,0.00,0.00,0.00,102320.55,5
SP5-03016,deficit,none,0.00,0.00,0.00,0.00,31356.35,5
SP5-03017,ok,goals+,0.00,0.00,33303.91,0.00,2684393.52,3
SP5-03018,ok,reserve,80069.10,0.00,0.00,0.00,0.00,3
SP5-03019,ok,goals+,0.00,0.00,3875.24,0.00,0.00,1
SP5-03020,ok,goals+,0.00,0.00,5745.49,0.00,0.00,4
SP5-03021,ok,reserve,21376.93,0.00,0.00,0.00,0.00,5
SP5-03022,deficit,none,0.00,0.00,0.00,0.00,629049.02,5
SP5-03023,deficit,none,0.00,0.00,0.00,0.00,472822.05,5
SP5-03024,ok,reserve,75602.44,0.00,0.00,0.00,0.00,4
SP5-03025,deficit,none,0.00,0.00,0.00,0.00,0.00,4
SP5-03026,ok,reserve,8160.41,0.00,0.00,0.00,0.00,3
SP5-03027,ok,reserve,5169.13,0.00,0.00,0.00,0.00,4
SP5-03028,ok,reserve,8273.15,0.00,0.00,0.00,0.00,4
SP5-03029,invalid,none,0.00,0.00,0.00,0.00,0.00,5
SP5-03030,ok,goals+,0.00,0.00,10222.19,0.00,0.00,2
SP5-03031,ok,reserve,8626.81,5751.20,0.00,0.00,0.00,2
SP5-03032,ok,reserve,33188.14,4803.88,0.00,0.00,0.00,5
SP5-03033,ok,reserve,5539.34,3692.90,0.00,0.00,0.00,2
SP5-03034,ok,goals+,0.00,0.00,284036713.97,255139068.25,7041943220.03,2
SP5-03035,ok,reserve,12806.65,0.00,0.00,0.00,0.00,3
SP5-02846,deficit,none,0.00,0.00,0.00,0.00,258265.56,5
SP5-03037,ok,goals+,0.00,0.00,7557.94,630.35,0.00,4
SP5-03038,ok,goals+,0.00,0.00,22098.18,0.00,3527638.19,3
SP5-03039,ok,debt,568882.33,1327392.09,0.00,0.00,0.00,2
SP5-03040,ok,reserve,3639.21,0.00,0.00,0.00,0.00,5
SP5-03041,ok,reserve,2385.55,0.00,0.00,0.00,0.00,4
SP5-03042,ok,goals+,0.00,0.00,6099.42,0.00,431847.64,3
SP5-03043,deficit,none,0.00,0.00,0.00,0.00,813534.65,5
SP5-03044,ok,reserve,7548.25,0.00,0.00,0.00,0.00,3
SP5-03045,ok,reserve,19589.13,0.00,0.00,0.00,0.00,2
SP5-03046,ok,goals+,0.00,0.00,4284.29,0.00,0.00,3
SP5-03047,deficit,none,0.00,0.00,0.00,0.00,0.00,4
SP5-03048,ok,goals+,0.00,0.00,130599.26,0.00,11795871.43,2
SP5-03049,deficit,none,0.00,0.00,0.00,0.00,41241047.06,5
SP5-03050,deficit,none,0.00,0.00,0.00,0.00,5766550.26,5
SP5-03051,deficit,none,0.00,0.00,0.00,0.00,23441.08,5
SP5-03052,deficit,none,0.00,0.00,0.00,0.00,0.00,4
SP5-03053,ok,reserve,2933.14,0.00,0.00,0.00,9847.13,4
SP5-03054,ok,debt,32393.88,4827741.98,0.00,0.00,0.00,2
SP5-03055,deficit,none,0.00,0.00,0.00,0.00,0.00,4
SP5-03056,ok,debt,0.00,3412923.41,0.00,0.00,60565.23,2
SP5-07940,invalid,none,0.00,0.00,0.00,0.00,0.00,5
SP5-03058,ok,reserve,28637.21,0.00,0.00,0.00,0.00,3
SP5-03059,ok,goals+,0.00,0.00,574506692.02,189842288.84,6171092796.17,2
SP5-03060,ok,goals+,0.00,0.00,12774.70,1817.05,54836.45,3
SP5-03061,ok,reserve,17253.51,0.00,0.00,0.00,0.00,4
SP5-03062,ok,goals+,0.00,0.00,1887778.30,2031064.00,30049859.86,2
SP5-03063,ok,goals+,0.00,0.00,1318687.89,204185.86,0.00,2
SP5-03064,ok,goals+,0.00,0.00,9998.81,0.00,4614.64,3
SP5-03065,deficit,none,0.00,0.00,0.00,0.00,0.00,4
SP5-03066,ok,reserve,13810.65,7262.57,0.00,0.00,0.00,3
SP5-03067,ok,reserve,5713.07,0.00,0.00,0.00,0.00,5
SP5-03068,ok,reserve,27253.69,0.00,0.00,0.00,0.00,4
SP5-03069,deficit,none,0.00,0.00,0.00,0.00,169714.23,5
SP5-03070,ok,debt,0.00,1855.80,0.00,0.00,6296.82,3
SP5-03071,ok,reserve,1981.75,0.00,0.00,0.00,0.00,5
SP5-03072,ok,goals+,0.00,0.00,1471594.85,0.00,32458289.79,2
SP5-03073,ok,goals+,20383.20,0.00,13274.52,19363.85,0.00,3
SP5-03074,ok,reserve,40087.22,0.00,0.00,0.00,0.00,3
SP5-03075,ok,reserve,43549.69,0.00,0.00,0.00,0.00,3
SP5-03076,ok,reserve,34438.10,0.00,0.00,0.00,0.00,4
SP5-03077,deficit,none,0.00,0.00,0.00,0.00,68156.45,5
SP5-03078,ok,goals+,0.00,0.00,4808.85,0.00,76658.97,3
SP5-03079,ok,debt,0.00,255144.49,13428.66,0.00,2072828.02,2
SP5-03080,ok,reserve,24100.52,0.00,0.00,0.00,0.00,4
SP5-03081,deficit,none,0.00,0.00,0.00,0.00,10156.25,5
SP5-03082,ok,goals+,0.00,0.00,4322.55,0.00,189340.14,4
SP5-03083,ok,reserve,10539.18,0.00,0.00,0.00,5497.64,4
SP5-03084,ok,reserve,28004.33,0.00,0.00,0.00,0.00,5
SP5-03085,ok,goals+,0.00,0.00,4340855.42,2283574.08,30955357.41,2
SP5-03086,deficit,none,0.00,0.00,0.00,0.00,77012.69,5
SP5-03087,ok,reserve,27057.05,0.00,0.00,0.00,0.00,5
SP5-03088,ok,goals+,0.00,0.00,2827.84,0.00,0.00,3
SP5-03089,ok,reserve,9825.85,0.00,0.00,0.00,0.00,2
SP5-03090,ok,reserve,14986.25,0.00,0.00,0.00,0.00,5
SP5-03091,ok,reserve,6334.05,0.00,0.00,0.00,0.00,4
SP5-03092,ok,goals+,0.00,0.00,15134.08,0.00,0.00,2
SP5-03093,ok,goals+,0.00,0.00,3539.90,1152.14,180172.25,3
SP5-03094,deficit,none,0.00,0.00,0.00,0.00,0.00,4
SP5-03095,ok,reserve,7548.25,0.00,0.00,0.00,0.00,3
SP5-03096,deficit,none,0.00,0.00,0.00,0.00,0.00,4
SP5-03097,ok,goals+,0.00,0.00,4559.67,0.00,0.00,2
SP5-03098,ok,reserve,1319.46,0.00,0.00,0.00,0.00,5
SP5-03099,deficit,none,0.00,0.00,0.00,0.00,237826.76,5
SP5-03100,deficit,none,0.00,0.00,0.00,0.00,4418715.06,5
SP5-03101,ok,reserve,12713.27,413.83,0.00,0.00,0.00,4
SP5-03102,deficit,none,0.00,0.00,0.00,0.00,11906609.76,5
SP5-03103,ok,reserve,1628.45,1085.64,142.85,0.00,0.00,2
SP5-03104,ok,goals+,2326.01,0.00,5017.47,0.00,0.00,3
SP5-03105,ok,debt,574.64,1340.83,0.00,0.00,0.00,3
SP5-03106,ok,goals+,0.00,0.00,169256.56,0.00,4450225.10,3
SP5-03107,invalid,none,0.00,0.00,0.00,0.00,0.00,5
SP5-03108,ok,reserve,8952.80,5968.53,785.33,0.00,0.00,2
SP5-03109,ok,reserve,6392.89,4261.93,0.00,0.00,0.00,2
SP5-03110,ok,goals+,0.00,0.00,4870.03,4046.39,3698554.05,3
SP5-03111,deficit,none,0.00,0.00,0.00,0.00,1161645.17,5
SP5-03112,deficit,none,0.00,0.00,0.00,0.00,290431.91,5
SP5-03113,ok,reserve,31732.47,0.00,0.00,0.00,0.00,3
SP5-03114,ok,reserve,6049.13,0.00,0.00,0.00,0.00,3
SP5-03115,ok,reserve,5769.98,0.00,0.00,0.00,0.00,5
SP5-03116,ok,reserve,13970.02,0.00,0.00,0.00,0.00,3
SP5-03117,invalid,none,0.00,0.00,0.00,0.00,0.00,5
SP5-03118,ok,goals+,0.00,0.00,5704.29,0.00,3117574.47,3
SP5-03119,ok,goals+,0.00,0.00,6044.18,0.00,46147.06,3
SP5-03120,ok,reserve,26806.25,6019.03,0.00,0.00,0.00,5
SP5-03121,deficit,none,0.00,0.00,0.00,0.00,1102608.92,5
SP5-03122,ok,reserve,3174.93,1489.98,245.52,0.00,0.00,5
SP5-03123,ok,debt,0.00,15568.57,819.40,0.00,9247.97,3
SP5-03124,ok,debt,331.14,772.66,0.00,0.00,0.00,4
SP5-03125,ok,debt,231071.24,2865695.79,0.00,0.00,0.00,2
SP5-03126,ok,goals+,0.00,0.00,8436.74,0.00,622000.11,3
SP5-03127,ok,goals+,0.00,0.00,50122.11,12137.12,1677043.68,2
SP5-03128,ok,debt,3604.34,8410.11,0.00,0.00,66279.37,3
SP5-03129,ok,reserve,1712436.01,0.00,1081466.53,173653.39,0.00,2
SP5-03130,ok,reserve,20129.48,0.00,0.00,0.00,0.00,3
SP5-03131,ok,reserve,54105.48,36070.32,0.00,0.00,0.00,2
SP5-03132,deficit,none,0.00,0.00,0.00,0.00,0.00,4
SP5-03133,ok,reserve,54105.48,36070.32,0.00,0.00,0.00,2
SP5-03134,deficit,none,0.00,0.00,0.00,0.00,528746.86,5
SP5-03135,deficit,none,0.00,0.00,0.00,0.00,0.00,4
SP5-03136,ok,reserve,46179.13,0.00,0.00,0.00,0.00,5
SP5-03137,ok,reserve,4426.96,0.00,0.00,0.00,0.00,5
SP5-03138,ok,debt,0.00,199.58,0.00,0.00,26199.63,3
SP5-03139,deficit,none,0.00,0.00,0.00,0.00,0.00,4
SP5-03140,ok,debt,0.00,2219676.19,0.00,0.00,417565.15,2
SP5-03141,deficit,none,0.00,0.00,0.00,0.00,0.00,4
SP5-03142,ok,reserve,14045.72,0.00,0.00,0.00,0.00,5
SP5-03143,deficit,none,0.00,0.00,0.00,0.00,0.00,4
SP5-03144,deficit,none,0.00,0.00,0.00,0.00,71481.99,5
SP5-03145,ok,reserve,22010.24,0.00,0.00,0.00,0.00,5
SP5-03146,ok,goals+,0.00,0.00,1253090.63,844432.52,1529949.62,2
SP5-02796,deficit,none,0.00,0.00,0.00,0.00,0.00,4
SP5-03148,ok,goals+,8586.25,0.00,14723.41,0.00,0.00,2
SP5-03149,ok,reserve,8363.18,5575.46,0.00,0.00,0.00,2
SP5-03150,deficit,none,0.00,0.00,0.00,0.00,238730.39,5
SP5-03151,ok,goals+,4081.04,0.00,14878.72,7207.41,0.00,3
SP5-03152,ok,goals+,0.00,0.00,42350.01,23867.54,702371.99,3
SP5-03153,ok,reserve,14045.72,0.00,0.00,0.00,0.00,5
SP5-03154,ok,goals+,0.00,0.00,534.29,0.00,598084.86,3
SP5-03155,invalid,none,0.00,0.00,0.00,0.00,0.00,5
SP5-03156,ok,reserve,50008.48,0.00,0.00,0.00,0.00,3
SP5-03157,ok,goals+,0.00,0.00,15034.54,0.00,129799.31,2
SP5-03158,ok,goals+,0.00,0.00,1591918.67,2485274.53,593148.55,2
SP5-03159,ok,goals+,2789.51,0.00,16167.49,6437.98,0.00,3
SP5-03160,ok,goals+,0.00,0.00,603424.82,0.00,74152226.15,2
SP5-03161,ok,reserve,2212.29,1474.86,0.00,0.00,6855.20,2
SP5-03162,ok,goals+,0.00,0.00,31762.31,0.00,167760.80,3
SP5-03163,ok,goals+,0.00,0.00,83060.42,0.00,0.00,2
SP5-03164,ok,reserve,16040.80,0.00,0.00,0.00,0.00,4
SP5-03165,ok,goals+,0.00,0.00,21366.00,1145.27,107432.13,4
SP5-03166,ok,goals+,0.00,0.00,0.00,38143.29,409641.83,5
SP5-03167,ok,reserve,14734.04,9822.69,0.00,0.00,0.00,2
SP5-03168,ok,debt,8951.64,13427.47,0.00,0.00,58047.46,2
SP5-03169,deficit,none,0.00,0.00,0.00,0.00,0.00,4
SP5-03170,ok,goals+,0.00,0.00,1832.86,0.00,273884.26,3
SP5-03171,ok,reserve,3603.30,0.00,0.00,0.00,0.00,5
SP5-03172,ok,goals+,0.00,0.00,2549626.01,0.00,29818762.77,2
SP5-03173,ok,goals+,0.00,0.00,32663.53,0.00,0.00,3
SP5-03174,deficit,none,0.00,0.00,0.00,0.00,12159.12,5
SP5-03175,ok,reserve,11560.68,0.00,0.00,0.00,0.00,5
SP5-03176,deficit,none,0.00,0.00,0.00,0.00,25343065.16,5
SP5-03177,deficit,none,0.00,0.00,0.00,0.00,17278.55,5
SP5-03178,ok,reserve,11560.68,0.00,0.00,0.00,0.00,5
SP5-03179,ok,reserve,5039.06,1934.75,0.00,0.00,0.00,5
SP5-03180,ok,reserve,8095.27,795.94,0.00,0.00,0.00,4
SP5-03181,deficit,none,0.00,0.00,0.00,0.00,0.00,4
SP5-03182,ok,reserve,30208.02,0.00,0.00,0.00,0.00,4
SP5-03183,deficit,none,0.00,0.00,0.00,0.00,0.00,4
SP5-03184,ok,goals+,0.00,0.00,507.74,2877.22,588809.56,3
SP5-03185,invalid,none,0.00,0.00,0.00,0.00,0.00,5
SP5-03186,ok,reserve,6612.11,4408.08,580.01,0.00,0.00,2
SP5-03187,deficit,none,0.00,0.00,0.00,0.00,0.00,4
SP5-03188,ok,reserve,147.55,0.00,0.00,0.00,0.00,3
SP5-03189,ok,reserve,4655.59,3103.73,0.00,0.00,0.00,2
SP5-03190,deficit,none,0.00,0.00,0.00,0.00,223529.40,5
SP5-03191,ok,debt,0.00,9938.65,0.00,0.00,0.00,3
SP5-03192,ok,goals+,0.00,0.00,0.00,54970.89,302166.20,5
SP5-03193,ok,goals+,29264.01,0.00,227836.95,0.00,0.00,3
SP5-03194,ok,reserve,9711.81,0.00,0.00,0.00,0.00,1
SP5-03195,ok,goals+,0.00,0.00,17759.66,6583.30,22868.79,3
SP5-03196,ok,reserve,4369.12,2912.75,383.26,0.00,0.00,2
SP5-03197,ok,goals+,0.00,0.00,10091.26,8743.53,182706.14,3
SP5-03198,ok,reserve,18009.86,0.00,0.00,0.00,0.00,2
SP5-03199,ok,goals+,0.00,0.00,1577810.44,1342665.02,64029378.01,2
SP5-03200,deficit,none,0.00,0.00,0.00,0.00,767165.44,5
SP5-03201,deficit,none,0.00,0.00,0.00,0.00,0.00,4
SP5-03202,invalid,none,0.00,0.00,0.00,0.00,0.00,5
SP5-03203,ok,debt,6356.93,14832.84,0.00,0.00,0.00,4
SP5-03204,ok,reserve,28330.11,0.00,0.00,0.00,0.00,5
SP5-03205,invalid,none,0.00,0.00,0.00,0.00,0.00,5
SP5-03206,ok,debt,1982.73,4626.38,0.00,0.00,0.00,4
SP5-03207,ok,goals+,0.00,0.00,15149.34,5837.98,58742.21,3
SP5-03208,deficit,none,0.00,0.00,0.00,0.00,2602.90,5
SP5-03209,ok,goals+,0.00,0.00,326496.23,90645.59,10124810.82,2
SP5-03210,ok,reserve,9610.91,0.00,0.00,0.00,0.00,4
SP5-03211,ok,debt,15301.82,22952.73,0.00,0.00,335310.63,2
SP5-03212,ok,goals+,0.00,0.00,219031.68,203143.84,3738848.16,3
SP5-03213,ok,goals+,0.00,0.00,768844.48,33332.34,1299233.57,2
SP5-03214,ok,reserve,8020.95,870.26,0.00,0.00,0.00,4
SP5-03215,invalid,none,0.00,0.00,0.00,0.00,0.00,5
SP5-03216,ok,reserve,1661.17,0.00,0.00,0.00,0.00,3
SP5-03217,ok,reserve,5871.76,1695.91,398.30,0.00,0.00,5
SP5-03218,deficit,none,0.00,0.00,0.00,0.00,15936862.48,5
SP5-03219,ok,debt,0.00,278.58,0.00,0.00,249993.96,3
SP5-03220,ok,reserve,4341.80,2894.53,380.86,0.00,0.00,2
SP5-03221,ok,reserve,18320.38,3351.65,0.00,0.00,0.00,5
SP5-03222,deficit,none,0.00,0.00,0.00,0.00,0.00,4
SP5-03223,ok,debt,0.00,33967.84,0.00,0.00,29205.22,3
SP5-03224,ok,reserve,26207.34,0.00,0.00,0.00,0.00,2
SP5-03225,deficit,none,0.00,0.00,0.00,0.00,300317.56,5
SP5-03226,ok,goals+,0.00,0.00,0.00,863.63,65168.26,3
SP5-03227,ok,reserve,3397.14,2264.76,0.00,0.00,0.00,2
SP5-03228,ok,goals+,0.00,0.00,204735.38,0.00,36113877.20,2
SP5-03229,deficit,none,0.00,0.00,0.00,0.00,55461.67,5
SP5-03230,ok,goals+,0.00,0.00,18152.87,0.00,3527712.72,2
SP5-03231,deficit,none,0.00,0.00,0.00,0.00,79819316.59,5
SP5-03232,ok,reserve,14417.75,9611.84,0.00,0.00,0.00,2
SP5-03233,deficit,none,0.00,0.00,0.00,0.00,2623823.61,5
SP5-03234,ok,goals+,0.00,0.00,2745670.20,478265.06,699219.12,2
SP5-03235,ok,reserve,14309.39,0.00,0.00,0.00,0.00,3
SP5-03206,ok,goals+,0.00,0.00,0.00,11142.57,282050.93,5
SP5-03237,ok,debt,1550.85,3618.66,272.08,0.00,0.00,3
SP5-03238,deficit,none,0.00,0.00,0.00,0.00,1026307.48,5
SP5-03239,ok,debt,0.00,13835.15,0.00,0.00,205334.72,3
SP5-03240,ok,debt,728.66,1700.19,0.00,0.00,0.00,3
SP5-03241,ok,goals+,0.00,0.00,88945.71,0.00,22133.65,2
SP5-03242,ok,reserve,28433.72,0.00,5909.62,0.00,0.00,5
SP5-03243,ok,debt,3577.19,8346.77,627.58,0.00,0.00,3
SP5-03244,ok,goals+,0.00,0.00,2300309.56,890632.58,48318416.18,2
SP5-03245,ok,goals+,0.00,0.00,5862.03,0.00,12204973.39,3
SP5-03246,ok,goals+,0.00,0.00,0.00,1.00,0.00,3
SP5-03247,deficit,none,0.00,0.00,0.00,0.00,76779944.95,5
SP5-03248,ok,goals+,0.00,0.00,5444.24,0.00,4722167.88,3
SP5-03249,ok,reserve,18314.13,0.00,0.00,0.00,0.00,3
SP5-03250,deficit,none,0.00,0.00,0.00,0.00,0.00,4
SP5-03251,ok,goals+,0.00,0.00,0.00,9536.32,82530.87,3
SP5-03252,ok,goals+,0.00,0.00,0.00,1890.75,230121.64,3
SP5-03253,ok,goals+,0.00,0.00,1426536.13,586353.92,32876968.63,2
SP5-03254,ok,reserve,10098.90,0.00,0.00,0.00,0.00,5
SP5-03255,ok,debt,0.00,1539035.33,0.00,0.00,1454966.18,2
SP5-03256,ok,reserve,21793.30,0.00,0.00,0.00,0.00,5
SP5-03257,ok,reserve,5832.86,3888.57,0.00,0.00,0.00,2
SP5-03258,deficit,none,0.00,0.00,0.00,0.00,291061.13,5
SP5-03259,ok,goals+,0.00,0.00,30321.76,0.00,0.00,3
SP5-03260,ok,debt,6164.95,9247.43,0.00,0.00,32382.78,2
SP5-03261,ok,goals+,0.00,0.00,37219.20,0.00,0.00,2
SP5-03262,ok,reserve,983.71,655.81,0.00,0.00,0.00,2
SP5-03263,ok,debt,182425.82,5347332.46,0.00,0.00,0.00,2
SP5-03264,ok,reserve,1.00,0.00,0.00,0.00,0.00,5
SP5-03265,deficit,none,0.00,0.00,0.00,0.00,923644.76,5
SP5-03266,ok,goals+,0.00,0.00,15301.05,12435.05,2170468.78,3
SP5-03267,ok,goals+,7508.56,0.00,59493.84,0.00,0.00,5
SP5-03268,invalid,none,0.00,0.00,0.00,0.00,0.00,5
SP5-03269,ok,goals+,0.00,0.00,3674535.60,0.00,0.00,2
SP5-03270,ok,goals+,17765.43,0.00,244307.97,0.00,0.00,2
SP5-03271,ok,goals+,0.00,0.00,19924.38,2445.82,166598.54,3
SP5-03272,deficit,none,0.00,0.00,0.00,0.00,2676804.70,5
SP5-03273,ok,debt,0.00,15324.68,0.00,0.00,131822.66,3
SP5-03274,ok,reserve,6914.93,0.00,0.00,0.00,0.00,5
SP5-03275,ok,debt,272132.39,634975.59,0.00,0.00,0.00,2
SP5-03276,ok,goals+,0.00,0.00,42643.95,6699.55,26482.41,4
SP5-03277,ok,reserve,5499.46,0.00,0.00,0.00,0.00,4
SP5-03278,ok,reserve,10572.54,0.00,0.00,0.00,0.00,5
SP5-03279,ok,goals+,0.00,0.00,199542.56,101180.34,29154904.44,2
SP5-03280,deficit,none,0.00,0.00,0.00,0.00,0.00,4
SP5-03281,ok,reserve,1672.13,0.00,0.00,0.00,0.00,5
SP5-03282,invalid,none,0.00,0.00,0.00,0.00,0.00,5
SP5-03283,deficit,none,0.00,0.00,0.00,0.00,0.00,4
SP5-03284,ok,debt,95.67,223.22,0.00,0.00,0.00,3
SP5-03285,ok,reserve,1064.30,709.53,0.00,0.00,0.00,2
SP5-03286,ok,goals+,0.00,0.00,460142.69,233901.34,7139542.91,2
SP5-03287,deficit,none,0.00,0.00,0.00,0.00,60704.15,5
SP5-03288,ok,reserve,8172.22,0.00,0.00,0.00,0.00,5
SP5-03289,ok,goals+,2502.23,0.00,3017.93,0.00,0.00,2
SP5-03290,ok,debt,0.00,14621.74,0.00,0.00,66848.84,3
SP5-03291,ok,reserve,1241.21,0.00,0.00,0.00,0.00,5
SP5-03292,ok,goals+,0.00,0.00,6148.63,0.00,781942.73,3
SP5-03293,ok,debt,9190.29,21444.00,0.00,0.00,0.00,3
SP5-03294,ok,goals+,0.00,0.00,2166569.36,0.00,4635729.65,2
SP5-03295,ok,reserve,22233.09,4251.95,0.00,0.00,0.00,5
SP5-03296,ok,debt,6416.42,14971.63,0.00,0.00,93133.76,1
SP5-03297,ok,goals+,1933.80,0.00,23252.69,14759.41,0.00,3
SP5-03298,deficit,none,0.00,0.00,0.00,0.00,19501301.16,5
SP5-03299,ok,debt,0.00,2066399.69,0.00,0.00,71533.98,2
SP5-03300,ok,debt,0.00,17087.43,0.00,0.00,131822.66,3
SP5-03301,ok,goals+,0.00,0.00,389208275.96,124063269.45,756831954.97,2
SP5-03302,ok,debt,0.00,3355476.86,0.00,0.00,833952.83,2
SP5-03303,ok,reserve,8839.31,5892.87,0.00,0.00,0.00,2
SP5-03304,ok,reserve,11169.68,0.00,0.00,0.00,0.00,3
SP5-03305,ok,debt,427.20,996.80,0.00,0.00,0.00,4
SP5-03073,deficit,none,0.00,0.00,0.00,0.00,0.00,4
SP5-03307,ok,debt,1207.37,2817.21,0.00,0.00,0.00,4
SP5-03308,ok,goals+,0.00,0.00,4614225.55,0.00,4276253.42,2
SP5-03309,ok,reserve,7527.20,0.00,0.00,0.00,0.00,3
SP5-03310,ok,goals+,0.00,0.00,14071.61,856.74,7764.21,4
SP5-03311,deficit,none,0.00,0.00,0.00,0.00,0.00,4
SP5-03312,ok,debt,0.00,7345.40,0.00,0.00,33573.37,3
SP5-03313,deficit,none,0.00,0.00,0.00,0.00,51367.55,5
SP5-03314,deficit,none,0.00,0.00,0.00,0.00,0.00,4
SP5-03315,deficit,none,0.00,0.00,0.00,0.00,0.00,4
SP5-03316,deficit,none,0.00,0.00,0.00,0.00,0.00,4
SP5-03317,ok,debt,378.48,883.13,66.40,0.00,0.00,3
SP5-03318,ok,goals+,0.00,0.00,26548.49,47022.36,219367.08,3
SP5-03319,invalid,none,0.00,0.00,0.00,0.00,0.00,5
SP5-03320,ok,goals+,0.00,0.00,22268.68,0.00,0.00,2
SP5-03321,deficit,none,0.00,0.00,0.00,0.00,0.00,4
SP5-03322,ok,reserve,7957.72,2676.18,0.00,0.00,0.00,5
SP5-03323,ok,reserve,6420.49,0.00,0.00,0.00,0.00,4
SP5-03324,deficit,none,0.00,0.00,0.00,0.00,277254.04,5
SP5-03325,ok,goals+,0.00,0.00,907.53,0.00,0.00,2
SP5-03326,ok,reserve,39502.37,0.00,0.00,0.00,0.00,5
SP5-03206,ok,reserve,6366.68,0.00,0.00,0.00,0.00,4
SP5-03328,deficit,none,0.00,0.00,0.00,0.00,0.00,4
SP5-03329,ok,reserve,130074.37,0.00,0.00,0.00,0.00,3
SP5-03330,deficit,none,0.00,0.00,0.00,0.00,49073.42,5
SP5-03331,ok,goals+,0.00,0.00,1241626.01,1276746.89,388895.07,2
SP5-03332,ok,goals+,0.00,0.00,27428.77,0.00,108981.19,3
SP5-03333,ok,reserve,30187.37,20124.92,2648.02,0.00,0.00,2
SP5-03334,deficit,none,0.00,0.00,0.00,0.00,3719154.25,5
SP5-03335,ok,reserve,3077.50,2754.37,0.00,0.00,0.00,3
SP5-03336,ok,debt,3394.88,5092.33,0.00,0.00,15111.47,2
SP5-03337,ok,goals+,0.00,0.00,22841.55,0.00,0.00,4
SP5-03338,ok,debt,40518.45,3650102.26,139483.65,0.00,0.00,2
SP5-03339,ok,reserve,1690.15,1126.76,0.00,0.00,0.00,2
SP5-03340,ok,reserve,45092.08,0.00,0.00,0.00,0.00,5
SP5-03341,deficit,none,0.00,0.00,0.00,0.00,0.00,4
SP5-03342,deficit,none,0.00,0.00,0.00,0.00,73573046.99,5
SP5-03343,ok,reserve,947.65,631.77,0.00,0.00,0.00,2
SP5-03344,ok,goals+,0.00,0.00,11126.26,0.00,0.00,1
SP5-03345,ok,reserve,10132.49,6755.00,0.00,0.00,0.00,2
SP5-03346,ok,goals+,14454.78,9636.52,38676.06,0.00,0.00,2
SP5-03347,ok,goals+,0.00,0.00,12800.74,0.00,0.00,2
SP5-03348,ok,goals+,887.66,591.78,15533.82,0.00,0.00,2
SP5-03349,ok,goals+,0.00,0.00,13833.63,0.00,20229.79,3
SP5-03350,ok,reserve,10132.49,6755.00,0.00,0.00,0.00,2
SP5-03351,ok,reserve,27439.67,0.00,0.00,0.00,0.00,3
SP5-03352,ok,goals+,0.00,0.00,60650.10,0.00,0.00,2
SP5-03353,ok,reserve,11987.40,7991.60,1051.53,0.00,0.00,2
SP5-03354,invalid,none,0.00,0.00,0.00,0.00,0.00,5
SP5-03355,ok,goals+,0.00,0.00,21978.73,0.00,146608.07,4
SP5-03356,deficit,none,0.00,0.00,0.00,0.00,709837.69,5
SP5-03357,invalid,none,0.00,0.00,0.00,0.00,0.00,5
SP5-03358,ok,goals+,0.00,0.00,5706.51,0.00,0.00,4
SP5-03359,ok,reserve,23374.53,0.00,0.00,0.00,0.00,5
SP5-03360,ok,goals+,0.00,0.00,52890.93,88523.14,1378275.24,3
SP5-03361,deficit,none,0.00,0.00,0.00,0.00,0.00,4
SP5-03362,deficit,none,0.00,0.00,0.00,0.00,0.00,4
SP5-03363,ok,goals+,0.00,0.00,59559.86,6705.92,0.00,4
SP5-03364,ok,reserve,18156.07,0.00,0.00,0.00,0.00,3
SP5-03365,ok,reserve,11094.23,0.00,0.00,0.00,0.00,5
SP5-03366,ok,goals+,0.00,0.00,1628.60,0.00,0.00,2
SP5-03367,deficit,none,0.00,0.00,0.00,0.00,2131147.05,5
SP5-03368,ok,debt,861.65,2010.52,0.00,0.00,0.00,4
SP5-03369,ok,reserve,4435.45,0.00,0.00,0.00,0.00,5
SP5-03370,ok,reserve,2961.47,1974.31,0.00,0.00,0.00,2
SP5-03371,ok,goals+,0.00,0.00,17519.23,0.00,192926.85,2
SP5-03372,ok,goals+,84155.63,0.00,3004314.17,957411.84,0.00,2
SP5-03373,ok,debt,1013.93,3595.36,0.00,0.00,0.00,3
SP5-03374,ok,reserve,110067.89,0.00,0.00,0.00,0.00,5
SP5-03375,ok,none,0.00,0.00,0.00,0.00,0.00,5
SP5-03376,ok,reserve,4613.54,1274.75,0.00,0.00,0.00,5
SP5-03377,ok,reserve,31587.93,0.00,0.00,7349.92,0.00,3
SP5-03378,deficit,none,0.00,0.00,0.00,0.00,292701.65,5
SP5-03379,deficit,none,0.00,0.00,0.00,0.00,80546.21,5
SP5-03380,ok,goals+,0.00,0.00,9537.23,0.00,0.00,2
SP5-03381,ok,debt,1108.87,2587.35,0.00,0.00,67230.88,3
SP5-03382,invalid,none,0.00,0.00,0.00,0.00,0.00,5
SP5-03383,deficit,none,0.00,0.00,0.00,0.00,1964697.35,5
SP5-03384,ok,reserve,7445.97,0.00,0.00,0.00,0.00,2
SP5-03385,ok,reserve,26681.14,0.00,0.00,0.00,0.00,4
SP5-03386,ok,debt,1480.72,3455.00,0.00,0.00,0.00,3
SP5-03387,deficit,none,0.00,0.00,0.00,0.00,0.00,4
SP5-03388,ok,reserve,5433.46,0.00,0.00,0.00,0.00,3
SP5-03389,ok,goals+,0.00,0.00,54369.34,33326.03,190738.00,3
SP5-03390,deficit,none,0.00,0.00,0.00,0.00,162529.98,5
SP5-03391,ok,reserve,12354.91,8236.60,1083.76,0.00,0.00,2
SP5-03392,ok,reserve,154984.97,0.00,0.00,0.00,0.00,2
SP5-03393,ok,goals+,0.00,0.00,573760.29,236667.54,18244768.83,2
SP5-03394,invalid,none,0.00,0.00,0.00,0.00,0.00,5
SP5-03395,ok,reserve,34896.38,0.00,27516.93,0.00,0.00,5
SP5-03396,ok,reserve,14427.23,9618.15,4675.19,0.00,0.00,2
SP5-03397,ok,goals+,0.00,0.00,137865.88,9459.10,3482925.29,3
SP5-03398,deficit,none,0.00,0.00,0.00,0.00,4438352.55,5
SP5-03399,deficit,none,0.00,0.00,0.00,0.00,0.00,4
SP5-03400,ok,reserve,4379220.71,0.00,771280.37,0.00,0.00,2
SP5-03401,ok,debt,0.00,1981593.46,0.00,0.00,1678955.34,2
SP5-03402,ok,reserve,6494.56,4329.70,0.00,0.00,0.00,2
SP5-03403,ok,reserve,11958.79,7972.52,0.00,0.00,0.00,2
SP5-03404,ok,debt,0.00,1773057.62,19645.58,0.00,2451379.82,2
SP5-03405,ok,goals+,0.00,0.00,0.00,5651.11,181748.83,3
SP5-03406,ok,goals+,0.00,0.00,33081.18,0.00,0.00,4
SP5-03407,ok,reserve,7927.62,0.00,0.00,0.00,0.00,5
SP5-03330,ok,reserve,3575.20,0.00,0.00,0.00,0.00,5
SP5-03409,ok,reserve,277141.60,0.00,0.00,0.00,0.00,2
SP5-03410,invalid,none,0.00,0.00,0.00,0.00,0.00,5
SP5-03411,ok,debt,186.49,12502.30,0.00,0.00,10106.16,3
SP5-03412,ok,reserve,82677.86,0.00,0.00,0.00,0.00,4
SP5-03413,invalid,none,0.00,0.00,0.00,0.00,0.00,5
SP5-03414,deficit,none,0.00,0.00,0.00,0.00,6875651.67,5
SP5-03415,ok,debt,1013.93,3595.36,0.00,0.00,0.00,3
SP5-03416,ok,debt,0.00,68732.31,0.00,0.00,1882059.64,3
SP5-03417,ok,goals+,0.00,0.00,1413.66,5496.81,474335.50,3
SP5-03418,ok,debt,1767.54,4124.25,0.00,0.00,0.00,3
SP5-03419,ok,debt,3240.74,4861.10,0.00,0.00,11919.75,2
SP5-03420,deficit,none,0.00,0.00,0.00,0.00,0.00,4
SP5-03421,ok,debt,25965.99,38948.98,0.00,0.00,124325.61,2
SP5-03422,ok,reserve,8174.00,0.00,0.00,0.00,0.00,5
SP5-03423,ok,goals+,0.00,0.00,5621.93,0.00,150192.78,3
SP5-03424,ok,reserve,48382.52,0.00,0.00,0.00,0.00,2
SP5-03425,deficit,none,0.00,0.00,0.00,0.00,834252.55,5
SP5-03426,deficit,none,0.00,0.00,0.00,0.00,18074.46,5
SP5-03427,ok,debt,3240.74,4861.10,0.00,0.00,11919.75,2
SP5-03428,ok,debt,0.00,962342.57,0.00,0.00,391999.23,2
SP5-03429,invalid,none,0.00,0.00,0.00,0.00,0.00,5
SP5-03430,ok,debt,683.41,1594.62,0.00,0.00,0.00,3
SP5-03431,ok,reserve,38497.56,0.00,0.00,0.00,0.00,5
SP5-03432,ok,goals+,0.00,0.00,5555.31,0.00,937460.10,3
SP5-03433,ok,goals+,0.00,0.00,1872368.97,0.00,0.00,2
SP5-03434,ok,debt,0.00,9226.27,0.00,0.00,178145.58,3
SP5-03435,ok,goals+,0.00,0.00,3264.01,0.00,1351174.87,3
SP5-03436,ok,goals+,0.00,0.00,2325184.99,1520218.93,29584600.79,2
SP5-03437,ok,debt,22330.87,52105.35,0.00,0.00,0.00,3
SP5-03438,ok,reserve,10232.42,0.00,0.00,0.00,0.00,4
SP5-03439,ok,goals+,0.00,0.00,114678.29,2744.10,525706.87,3
SP5-03440,deficit,none,0.00,0.00,0.00,0.00,2342322.40,5
SP5-03441,ok,goals+,0.00,0.00,15473.11,4811.15,47385.50,3
SP5-03442,ok,reserve,4908.20,0.00,0.00,0.00,0.00,4
SP5-03443,deficit,none,0.00,0.00,0.00,0.00,11403.79,5
SP5-03444,invalid,none,0.00,0.00,0.00,0.00,0.00,5
SP5-03445,deficit,none,0.00,0.00,0.00,0.00,0.00,4
SP5-03446,deficit,none,0.00,0.00,0.00,0.00,0.00,4
SP5-03447,deficit,none,0.00,0.00,0.00,0.00,106598.89,5
SP5-03448,deficit,none,0.00,0.00,0.00,0.00,0.00,4
SP5-03449,ok,reserve,62108.92,0.00,0.00,0.00,0.00,4
SP5-03450,ok,goals+,0.00,0.00,18564.18,2500.38,1022696.08,3
SP5-03451,deficit,none,0.00,0.00,0.00,0.00,0.00,4
SP5-03452,ok,goals+,0.00,0.00,706780.01,134968.45,0.00,2
SP5-03453,ok,debt,1805.82,4213.57,316.81,0.00,6085.43,3
SP5-03454,ok,debt,17565.69,40986.62,0.00,0.00,0.00,3
SP5-03455,ok,goals+,0.00,0.00,0.00,612.33,490039.98,3
SP5-03456,ok,debt,4780.38,11154.22,0.00,0.00,0.00,3
SP5-03457,ok,reserve,4170.76,0.00,0.00,0.00,0.00,5
SP5-03458,ok,goals+,0.00,0.00,4396.20,5184.26,499899.63,3
SP5-03459,deficit,none,0.00,0.00,0.00,0.00,0.00,4
SP5-03460,ok,reserve,17107.03,0.00,0.00,0.00,0.00,3
SP5-03461,ok,goals+,0.00,0.00,50596.01,7549.98,0.00,4
SP5-03462,ok,reserve,3756.90,0.00,0.00,0.00,0.00,5
SP5-03463,ok,goals+,0.00,0.00,57066.12,0.00,619814.90,3
SP5-03464,ok,goals+,0.00,0.00,3773.99,0.00,39355597.26,2
SP5-03465,deficit,none,0.00,0.00,0.00,0.00,0.00,4
SP5-03466,ok,debt,2629.20,6134.80,0.00,0.00,0.00,3
SP5-03467,ok,reserve,1202.00,0.00,0.00,0.00,0.00,5
SP5-03468,ok,reserve,9229.41,0.00,0.00,0.00,0.00,2
SP5-03469,ok,debt,1678.29,4418.12,0.00,0.00,28676.37,3
SP5-03470,ok,goals+,0.00,0.00,3885.86,0.00,445216.71,3
SP5-03471,ok,goals+,0.00,0.00,2859633.33,2271551.14,23238649.40,2
SP5-03472,ok,goals+,0.00,0.00,110860.54,0.00,0.00,3
SP5-03473,ok,reserve,1.00,0.00,0.00,0.00,0.00,3
SP5-03474,ok,goals+,0.00,0.00,4536.66,5975.57,355468.00,3
SP5-03475,ok,goals+,0.00,0.00,0.00,1379460.68,18769088.51,2
SP5-03476,ok,reserve,34385.27,0.00,18914.86,0.00,0.00,1
SP5-03477,deficit,none,0.00,0.00,0.00,0.00,166239.60,5
SP5-03478,deficit,none,0.00,0.00,0.00,0.00,0.00,4
SP5-03479,invalid,none,0.00,0.00,0.00,0.00,0.00,5
SP5-03480,deficit,none,0.00,0.00,0.00,0.00,451581.73,5
SP5-03481,deficit,none,0.00,0.00,0.00,0.00,38081.31,5
SP5-03482,ok,reserve,21270.34,14180.22,0.00,0.00,0.00,2
SP5-03483,ok,reserve,18551.69,8686.50,0.00,0.00,0.00,5
SP5-03484,ok,goals+,0.00,0.00,8575.99,0.00,0.00,3
SP5-03485,deficit,none,0.00,0.00,0.00,0.00,1661679.92,5
SP5-03486,ok,debt,190713.91,3969818.30,0.00,0.00,0.00,2
SP5-03487,ok,reserve,15823.25,0.00,0.00,0.00,0.00,4
SP5-03488,ok,reserve,1.00,0.00,0.00,0.00,0.00,3
SP5-03489,ok,none,0.00,0.00,0.00,0.00,0.00,5
SP5-03490,invalid,none,0.00,0.00,0.00,0.00,0.00,5
SP5-03491,ok,debt,920284.37,2147330.20,0.00,0.00,0.00,2
SP5-03492,deficit,none,0.00,0.00,0.00,0.00,232411.82,5
SP5-03493,ok,goals+,0.00,0.00,479360.56,1389920.08,28175530.46,2
SP5-03494,ok,debt,517.95,1208.55,0.00,0.00,0.00,3
SP5-03386,deficit,none,0.00,0.00,0.00,0.00,0.00,4
SP5-03496,deficit,none,0.00,0.00,0.00,0.00,0.00,4
SP5-03497,ok,reserve,5522.58,3681.72,0.00,0.00,0.00,2
SP5-03498,ok,reserve,18180.18,0.00,0.00,0.00,0.00,4
SP5-03499,ok,debt,3443.39,8034.56,5980.76,0.00,0.00,2
SP5-03500,ok,debt,1763.38,4114.54,309.36,0.00,0.00,3
SP5-03501,ok,goals+,0.00,0.00,9299.74,339.35,0.00,2
SP5-03502,ok,debt,0.00,1669212.07,0.00,0.00,930489.68,2
SP5-03503,ok,goals+,0.00,0.00,1827.49,0.00,622082.10,3
SP5-03504,ok,goals+,0.00,0.00,11710.04,0.00,12512.19,2
SP5-03505,ok,goals+,0.00,0.00,36888.37,0.00,64279.54,1
SP5-03506,invalid,none,0.00,0.00,0.00,0.00,0.00,5
SP5-03507,ok,debt,0.00,2949604.93,0.00,0.00,1724128.16,2
SP5-03508,ok,goals+,0.00,0.00,23302.87,15047.64,5516104.34,3
SP5-03509,ok,goals+,0.00,0.00,11774.95,0.00,0.00,3
SP5-03510,ok,goals+,0.00,0.00,83394.62,37283.59,701355.08,3
SP5-03511,ok,goals+,0.00,0.00,14887.18,5397.08,47385.50,3
SP5-03512,ok,goals+,0.00,0.00,11488.37,1619.17,1205768.96,3
SP5-03513,ok,reserve,11466.70,0.00,0.00,0.00,0.00,4
SP5-03514,ok,reserve,11236.19,7490.79,985.63,0.00,344420.60,2
SP5-03515,ok,reserve,78308.28,0.00,45364.84,0.00,0.00,3
SP5-03516,deficit,none,0.00,0.00,0.00,0.00,0.00,4
SP5-03517,ok,reserve,35083.09,0.00,0.00,0.00,0.00,3
SP5-03518,deficit,none,0.00,0.00,0.00,0.00,300878.29,5
SP5-03519,ok,goals+,0.00,0.00,394801.63,20699.04,0.00,2
SP5-03520,deficit,none,0.00,0.00,0.00,0.00,0.00,4
SP5-03521,ok,debt,8470.59,19764.70,0.00,0.00,0.00,3
SP5-03522,ok,goals+,0.00,0.00,2982276.47,393315.88,6600460.38,2
SP5-03523,ok,debt,1977.17,2965.76,0.00,0.00,25232.97,2
SP5-03524,ok,goals+,0.00,0.00,261353.53,1098311.82,603040.65,2
SP5-03525,invalid,none,0.00,0.00,0.00,0.00,0.00,5
SP5-03526,ok,reserve,8923.62,0.00,0.00,0.00,0.00,5
SP5-03527,ok,goals+,0.00,0.00,632119481.00,36038620.08,6000000.00,2
SP5-03528,deficit,none,0.00,0.00,0.00,0.00,0.00,4
SP5-03529,ok,reserve,47692.33,0.00,0.00,0.00,0.00,5
SP5-03530,deficit,none,0.00,0.00,0.00,0.00,0.00,4
SP5-03531,deficit,none,0.00,0.00,0.00,0.00,0.00,4
SP5-03532,ok,goals+,0.00,0.00,7310.48,0.00,0.00,2
SP5-03533,deficit,none,0.00,0.00,0.00,0.00,43735770.06,5
SP5-03534,ok,reserve,26197.13,17464.75,0.00,0.00,0.00,2
SP5-03535,ok,reserve,14501.14,0.00,0.00,0.00,0.00,2
SP5-03536,invalid,none,0.00,0.00,0.00,0.00,0.00,5
SP5-03537,deficit,none,0.00,0.00,0.00,0.00,0.00,4
SP5-03538,ok,debt,1977.17,2965.76,0.00,0.00,26013.11,2
SP5-03539,ok,reserve,6843.76,0.00,0.00,0.00,0.00,5
SP5-03540,ok,goals+,0.00,0.00,44762.93,0.00,4994974.70,3
SP5-03541,deficit,none,0.00,0.00,0.00,0.00,0.00,4
SP5-03542,deficit,none,0.00,0.00,0.00,0.00,1886374.01,5
SP5-03543,ok,reserve,18931.46,7471.53,0.00,0.00,0.00,5
SP5-03544,deficit,none,0.00,0.00,0.00,0.00,0.00,4
SP5-03545,ok,goals+,0.00,0.00,0.00,16811.90,273300.63,5
SP5-03546,deficit,none,0.00,0.00,0.00,0.00,1203376.87,5
SP5-03547,deficit,none,0.00,0.00,0.00,0.00,0.00,4
SP5-03548,ok,reserve,21043.39,14028.92,0.00,0.00,0.00,2
SP5-03549,ok,debt,559884.77,1306397.81,0.00,0.00,0.00,2
SP5-03550,ok,goals+,0.00,0.00,266036.02,325439.33,34138741.15,2
SP5-03551,ok,reserve,7825.42,0.00,0.00,0.00,0.00,3
SP5-03552,deficit,none,0.00,0.00,0.00,0.00,26951962.04,5
SP5-03553,deficit,none,0.00,0.00,0.00,0.00,0.00,4
SP5-03554,ok,reserve,5313.10,0.00,0.00,0.00,0.00,5
SP5-03555,ok,reserve,33406.84,0.00,0.00,0.00,0.00,5
SP5-03386,ok,reserve,13160.43,8773.62,0.00,0.00,0.00,2
SP5-03557,deficit,none,0.00,0.00,0.00,0.00,360638.78,5
SP5-03558,ok,reserve,66015.81,17508.47,0.00,0.00,0.00,5
SP5-03559,ok,reserve,1439.77,0.00,0.00,0.00,0.00,1
SP5-03560,ok,goals+,0.00,0.00,47197.74,74976.09,5235173.43,1
SP5-03561,deficit,none,0.00,0.00,0.00,0.00,0.00,4
SP5-03562,ok,goals+,0.00,0.00,2174.16,213.70,168221.54,3
SP5-03563,ok,goals+,0.00,0.00,13982.84,0.00,0.00,2
SP5-03564,ok,reserve,4856.47,0.00,0.00,0.00,0.00,5
SP5-03565,ok,debt,0.00,3764.41,1659.94,0.00,1312.46,2
SP5-03566,ok,debt,1460.34,3407.46,0.00,0.00,0.00,4
SP5-03567,ok,reserve,53131.00,0.00,0.00,0.00,0.00,2
SP5-03568,ok,debt,1391.97,1437.42,0.00,0.00,0.00,3
SP5-03569,ok,reserve,9431.08,0.00,4743.56,0.00,0.00,1
SP5-03570,ok,debt,1106.62,2582.11,0.00,0.00,5298.57,3
SP5-03571,ok,goals+,0.00,0.00,5073.35,0.00,0.00,3
SP5-03394,invalid,none,0.00,0.00,0.00,0.00,0.00,5
SP5-03573,ok,goals+,0.00,0.00,16763.80,0.00,146757.78,3
SP5-03574,ok,goals+,0.00,0.00,0.00,22253.89,10481.18,5
SP5-03575,invalid,none,0.00,0.00,0.00,0.00,0.00,5
SP5-03576,ok,goals+,0.00,0.00,1164052.18,134916.97,0.00,2
SP5-03577,ok,goals+,0.00,0.00,17763.59,0.00,146757.78,3
SP5-03578,ok,debt,2646.06,3969.10,0.00,0.00,18760.77,2
SP5-03579,deficit,none,0.00,0.00,0.00,0.00,0.00,4
SP5-03580,deficit,none,0.00,0.00,0.00,0.00,1641541.07,5
SP5-03581,ok,reserve,24041.81,0.00,0.00,0.00,0.00,5
SP5-03582,ok,reserve,9383.59,0.00,0.00,0.00,0.00,2
SP5-03583,ok,reserve,5003.54,2764.22,0.00,0.00,0.00,5
SP5-03584,deficit,none,0.00,0.00,0.00,0.00,2914695.55,5
SP5-03585,deficit,none,0.00,0.00,0.00,0.00,5042933.24,5
SP5-03586,deficit,none,0.00,0.00,0.00,0.00,112173700.57,5
SP5-03587,ok,debt,0.00,7738.81,0.00,0.00,141826.90,3
SP5-03588,invalid,none,0.00,0.00,0.00,0.00,0.00,5
SP5-03589,ok,reserve,53334.69,0.00,0.00,0.00,0.00,3
SP5-03590,ok,reserve,6780.10,0.00,0.00,0.00,0.00,5
SP5-03591,ok,goals+,0.00,0.00,18722.81,0.00,70201.74,2
SP5-03592,deficit,none,0.00,0.00,0.00,0.00,375368.55,5
SP5-04756,invalid,none,0.00,0.00,0.00,0.00,0.00,5
SP5-03594,ok,goals+,0.00,0.00,4142.51,9470.96,174797.89,3
SP5-03595,deficit,none,0.00,0.00,0.00,0.00,3121096.87,5
SP5-03596,ok,reserve,61367.59,0.00,0.00,0.00,0.00,4
SP5-03597,ok,reserve,10986.76,0.00,0.00,0.00,0.00,5
SP5-03598,ok,reserve,8441.13,0.00,0.00,0.00,0.00,4
SP5-03599,ok,reserve,2173888.09,0.00,188076.64,99902.70,0.00,2
SP5-03600,ok,goals+,290962.22,678911.86,1376587.09,0.00,0.00,2
SP5-03601,invalid,none,0.00,0.00,0.00,0.00,0.00,5
SP5-03602,deficit,none,0.00,0.00,0.00,0.00,10416008.48,5
SP5-03603,ok,goals+,0.00,0.00,0.00,64617.04,6261.54,3
SP5-03604,ok,goals+,0.00,0.00,145094.58,165547.98,1653068.51,3
SP5-03605,deficit,none,0.00,0.00,0.00,0.00,0.00,4
SP5-03606,deficit,none,0.00,0.00,0.00,0.00,0.00,4
SP5-03607,ok,reserve,13194.95,0.00,0.00,0.00,0.00,4
SP5-03608,deficit,none,0.00,0.00,0.00,0.00,1854242.93,5
SP5-03609,ok,reserve,13844.41,9229.60,1214.42,0.00,0.00,2
SP5-03610,invalid,none,0.00,0.00,0.00,0.00,0.00,5
SP5-03611,ok,debt,2646.06,3969.10,0.00,0.00,18760.77,2
SP5-03612,ok,reserve,6892.42,0.00,0.00,0.00,0.00,2
SP5-03613,ok,reserve,99765.59,0.00,0.00,0.00,0.00,5
SP5-03614,deficit,none,0.00,0.00,0.00,0.00,0.00,4
SP5-03615,ok,reserve,144306.93,0.00,0.00,0.00,0.00,2
SP5-03616,deficit,none,0.00,0.00,0.00,0.00,0.00,4
SP5-03617,ok,reserve,3865.11,0.00,0.00,0.00,0.00,2
SP5-03618,ok,reserve,6924.64,0.00,0.00,0.00,0.00,2
SP5-03619,ok,goals+,0.00,0.00,1546467.03,523791.15,1974578.94,2
SP5-03620,deficit,none,0.00,0.00,0.00,0.00,132962.99,5
SP5-03621,ok,reserve,7440.40,0.00,0.00,0.00,0.00,4
SP5-03622,ok,goals+,450.57,300.38,34053.96,0.00,0.00,2
SP5-03623,deficit,none,0.00,0.00,0.00,0.00,0.00,4
SP5-03624,deficit,none,0.00,0.00,0.00,0.00,108742.99,5
SP5-03625,invalid,none,0.00,0.00,0.00,0.00,0.00,5
SP5-03626,ok,reserve,20314.54,0.00,0.00,0.00,0.00,5
SP5-03615,ok,reserve,25866.34,0.00,0.00,0.00,0.00,5
SP5-03628,ok,goals+,450.57,300.38,34053.96,0.00,0.00,2
SP5-03629,deficit,none,0.00,0.00,0.00,0.00,880490.97,5
SP5-03630,ok,goals+,0.00,0.00,5703.26,0.00,52758.12,3
SP5-03631,ok,goals+,0.00,0.00,721.69,0.00,0.00,2
SP5-03632,deficit,none,0.00,0.00,0.00,0.00,0.00,4
SP5-03633,deficit,none,0.00,0.00,0.00,0.00,0.00,4
SP5-03634,ok,goals+,0.00,0.00,2159.68,0.00,1312923.15,3
SP5-03635,ok,reserve,816.35,0.00,0.00,0.00,0.00,5
SP5-03636,deficit,none,0.00,0.00,0.00,0.00,0.00,4
SP5-03637,deficit,none,0.00,0.00,0.00,0.00,9927788.90,5
SP5-03638,deficit,none,0.00,0.00,0.00,0.00,0.00,4
SP5-03639,deficit,none,0.00,0.00,0.00,0.00,0.00,4
SP5-03640,invalid,none,0.00,0.00,0.00,0.00,0.00,5
SP5-03641,invalid,none,0.00,0.00,0.00,0.00,0.00,5
SP5-03642,ok,debt,0.00,3007031.53,0.00,0.00,289574.51,2
SP5-03643,ok,reserve,13903.38,0.00,4629.63,1234.08,0.00,4
SP5-03644,deficit,none,0.00,0.00,0.00,0.00,747969.98,5
SP5-03645,invalid,none,0.00,0.00,0.00,0.00,0.00,5
SP5-03646,ok,goals+,0.00,0.00,25407.13,11716.84,64329.71,4
SP5-03647,ok,reserve,9213.03,6142.02,0.00,0.00,28764.94,2
SP5-03648,ok,reserve,163.76,0.00,0.00,0.00,0.00,4
SP5-03649,ok,goals+,0.00,0.00,17078.69,767.46,253836.21,3
SP5-03650,deficit,none,0.00,0.00,0.00,0.00,0.00,4
SP5-03651,deficit,none,0.00,0.00,0.00,0.00,0.00,4
SP5-03652,ok,reserve,1394.57,929.71,0.00,0.00,0.00,2
SP5-03653,deficit,none,0.00,0.00,0.00,0.00,1193752.29,5
SP5-03654,deficit,none,0.00,0.00,0.00,0.00,0.00,4
SP5-03655,ok,reserve,52286.39,265.13,0.00,0.00,0.00,4
SP5-03656,deficit,none,0.00,0.00,0.00,0.00,7903.13,5
SP5-03657,deficit,none,0.00,0.00,0.00,0.00,0.00,4
SP5-03658,ok,debt,0.00,480958.20,0.00,0.00,2435765.63,2
SP5-03659,ok,reserve,34802.25,0.00,0.00,0.00,0.00,4
SP5-03660,ok,reserve,28615.39,5712.95,0.00,0.00,0.00,4
SP5-03661,ok,goals+,0.00,0.00,19045.79,4171.94,20590.80,3
SP5-03662,ok,goals+,0.00,0.00,13438.06,0.00,10230.20,3
SP5-03663,ok,goals+,0.00,0.00,768043.53,258651.08,18127936.23,2
SP5-03664,ok,debt,0.00,68261.13,0.00,0.00,41687.29,3
SP5-03665,ok,reserve,39936.74,0.00,0.00,0.00,0.00,3
SP5-03666,deficit,none,0.00,0.00,0.00,0.00,4424034.34,5
SP5-03667,deficit,none,0.00,0.00,0.00,0.00,0.00,4
SP5-03668,ok,reserve,3902.44,0.00,0.00,0.00,0.00,5
SP5-03669,ok,debt,0.00,13613.34,716.49,0.00,195036.70,3
SP5-03670,deficit,none,0.00,0.00,0.00,0.00,2693804.95,5
SP5-03671,deficit,none,0.00,0.00,0.00,0.00,533638.33,5
SP5-03672,ok,reserve,4657.12,3104.74,0.00,0.00,0.00,2
SP5-03673,deficit,none,0.00,0.00,0.00,0.00,0.00,4
SP5-03674,deficit,none,0.00,0.00,0.00,0.00,0.00,4
SP5-03675,ok,debt,2028.21,3042.32,0.00,0.00,2690.33,1
SP5-03676,ok,goals+,0.00,0.00,2616256.03,2571744.14,11354059.46,2
SP5-03677,ok,goals+,0.00,0.00,0.00,543979.24,0.00,2
SP5-03678,ok,reserve,498.21,0.00,0.00,0.00,0.00,3
SP5-03679,ok,reserve,240958.93,0.00,0.00,0.00,9538.63,3
SP5-03680,ok,debt,0.00,37790.21,0.00,0.00,24673.06,3
SP5-03681,ok,debt,0.00,8641.72,454.83,0.00,60121.55,3
SP5-03682,deficit,none,0.00,0.00,0.00,0.00,0.00,4
SP5-03683,deficit,none,0.00,0.00,0.00,0.00,0.00,4
SP5-03684,deficit,none,0.00,0.00,0.00,0.00,5080.76,5
SP5-03685,ok,reserve,44938.67,0.00,2077.90,0.00,0.00,3
SP5-03686,deficit,none,0.00,0.00,0.00,0.00,0.00,4
SP5-03615,ok,goals+,0.00,0.00,9342.51,0.00,0.00,3
SP5-03688,deficit,none,0.00,0.00,0.00,0.00,535574.40,5
SP5-03689,ok,debt,4499.87,10499.68,789.45,0.00,0.00,3
SP5-03690,deficit,none,0.00,0.00,0.00,0.00,932969.68,5
SP5-03691,deficit,none,0.00,0.00,0.00,0.00,0.00,4
SP5-03692,ok,reserve,8907.43,5938.28,0.00,0.00,0.00,2
SP5-03693,deficit,none,0.00,0.00,0.00,0.00,0.00,4
SP5-03694,deficit,none,0.00,0.00,0.00,0.00,3456073.86,5
SP5-03695,ok,reserve,849.61,566.40,0.00,0.00,10257.12,2
SP5-03696,deficit,none,0.00,0.00,0.00,0.00,1728957.72,5
SP5-03697,ok,reserve,5388.59,1405.40,0.00,0.00,0.00,5
SP5-03698,invalid,none,0.00,0.00,0.00,0.00,0.00,5
SP5-03699,ok,goals+,0.00,0.00,7807.28,0.00,271302.54,3
SP5-03700,invalid,none,0.00,0.00,0.00,0.00,0.00,5
SP5-03701,ok,goals+,0.00,0.00,138796.36,287450.12,24392623.09,2
SP5-03702,ok,goals+,0.00,0.00,1877.74,0.00,0.00,2
SP5-03703,ok,reserve,2291.56,0.00,0.00,0.00,0.00,3
SP5-03704,ok,goals+,9143.13,0.00,25283.33,4341.85,0.00,3
SP5-03705,ok,debt,2568.01,5992.03,0.00,0.00,0.00,3
SP5-03706,ok,reserve,14123.81,0.00,0.00,0.00,0.00,4
SP5-03707,ok,reserve,5521.05,312.42,307.02,0.00,0.00,5
SP5-03708,deficit,none,0.00,0.00,0.00,0.00,0.00,4
SP5-03709,deficit,none,0.00,0.00,0.00,0.00,10260711.84,5
SP5-03710,deficit,none,0.00,0.00,0.00,0.00,0.00,4
SP5-03711,ok,goals+,0.00,0.00,32900.13,97452.60,816559.46,3
SP5-03712,deficit,none,0.00,0.00,0.00,0.00,0.00,4
SP5-03713,invalid,none,0.00,0.00,0.00,0.00,0.00,5
SP5-03714,deficit,none,0.00,0.00,0.00,0.00,0.00,4
SP5-03715,ok,reserve,5590.29,0.00,0.00,0.00,0.00,5
SP5-03716,ok,debt,31336.60,47004.91,0.00,0.00,114702.10,2
SP5-03717,ok,debt,5742.24,25169.21,1626.92,0.00,0.00,3
SP5-03718,ok,debt,0.00,1221.18,0.00,0.00,14577.65,3
SP5-03719,ok,goals+,0.00,0.00,2347421.56,0.00,27431660.67,2
SP5-03720,ok,reserve,1.00,0.00,0.00,0.00,0.00,5
SP5-03721,ok,reserve,11317.35,0.00,0.00,0.00,0.00,3
SP5-03722,ok,debt,3043.11,7100.58,533.88,0.00,0.00,3
SP5-03723,ok,goals+,0.00,0.00,330778.83,131800.26,6456077.08,2
SP5-03724,deficit,none,0.00,0.00,0.00,0.00,0.00,4
SP5-03725,ok,reserve,29494.20,0.00,0.00,0.00,0.00,4
SP5-03726,invalid,none,0.00,0.00,0.00,0.00,0.00,5
SP5-03710,ok,debt,2317.51,5407.53,0.00,0.00,0.00,3
SP5-03728,deficit,none,0.00,0.00,0.00,0.00,797695.04,5
SP5-03729,ok,goals+,439.39,0.00,8673.93,0.00,0.00,2
SP5-03730,deficit,none,0.00,0.00,0.00,0.00,80290234.89,5
SP5-03731,ok,reserve,25473.67,0.00,0.00,0.00,0.00,4
SP5-03732,deficit,none,0.00,0.00,0.00,0.00,0.00,4
SP5-03733,invalid,none,0.00,0.00,0.00,0.00,0.00,5
SP5-03734,deficit,none,0.00,0.00,0.00,0.00,1267890.49,5
SP5-03735,ok,reserve,5609.72,1802.18,0.00,0.00,0.00,5
SP5-03736,ok,reserve,4768.31,0.00,0.00,0.00,0.00,3
SP5-03737,ok,debt,1033761.67,2412110.55,0.00,0.00,0.00,2
SP5-03738,ok,goals+,0.00,0.00,29327.39,0.00,0.00,2
SP5-03739,ok,reserve,12093.11,0.00,0.00,0.00,0.00,3
SP5-03740,ok,debt,0.00,10352.28,0.00,0.00,17790.89,3
SP5-03741,deficit,none,0.00,0.00,0.00,0.00,4635864.50,5
SP5-03742,ok,reserve,49787.12,0.00,0.00,0.00,0.00,4
SP5-03743,ok,reserve,6827.13,0.00,0.00,0.00,0.00,5
SP5-03744,ok,reserve,56289.45,0.00,0.00,0.00,0.00,5
SP5-03745,ok,goals+,0.00,0.00,3962148.15,0.00,33162938.58,2
SP5-03746,ok,goals+,0.00,0.00,4112.71,0.00,0.00,2
SP5-03747,invalid,none,0.00,0.00,0.00,0.00,0.00,5
SP5-03748,deficit,none,0.00,0.00,0.00,0.00,0.00,4
SP5-03749,ok,goals+,0.00,0.00,5506.76,1542.85,940605.69,3
SP5-03750,deficit,none,0.00,0.00,0.00,0.00,0.00,4
SP5-03751,deficit,none,0.00,0.00,0.00,0.00,0.00,4
SP5-03752,ok,goals+,0.00,0.00,340.83,0.00,119310.95,3
SP5-03753,ok,goals+,0.00,0.00,551169.50,672843.05,151065707.27,2
SP5-03754,ok,goals+,0.00,0.00,8594.42,0.00,0.00,2
SP5-03755,ok,goals+,0.00,0.00,20292.78,2962.83,27802.15,3
SP5-03756,deficit,none,0.00,0.00,0.00,0.00,946367.17,5
SP5-03757,ok,goals+,180.39,0.00,7669.24,0.00,0.00,2
SP5-03758,ok,reserve,39359.11,0.00,0.00,0.00,0.00,3
SP5-03759,ok,reserve,13280.56,0.00,0.00,0.00,0.00,5
SP5-03760,deficit,none,0.00,0.00,0.00,0.00,42040283.27,5
SP5-03761,deficit,none,0.00,0.00,0.00,0.00,19081466.86,5
SP5-03762,ok,reserve,182.60,0.00,0.00,0.00,0.00,3
SP5-03763,ok,goals+,0.00,0.00,13438.75,0.00,0.00,3
SP5-03710,ok,reserve,45500.11,0.00,0.00,0.00,0.00,5
SP5-03765,deficit,none,0.00,0.00,0.00,0.00,0.00,4
SP5-03766,ok,debt,2568.01,5992.03,0.00,0.00,0.00,3
SP5-03767,ok,reserve,75294.07,50196.04,0.00,0.00,0.00,2
SP5-03768,deficit,none,0.00,0.00,0.00,0.00,14901979.13,5
SP5-03769,ok,reserve,5962.01,0.00,0.00,0.00,0.00,3
SP5-03770,ok,goals+,0.00,0.00,354173.24,0.00,38787982.67,2
SP5-03771,deficit,none,0.00,0.00,0.00,0.00,455302.54,5
SP5-03772,ok,reserve,117151.15,78100.77,0.00,0.00,0.00,2
SP5-03773,ok,goals+,0.00,0.00,20718.89,0.00,0.00,2
SP5-03774,ok,goals+,0.00,0.00,2465267.88,3509551.01,700252.17,2
SP5-03775,deficit,none,0.00,0.00,0.00,0.00,0.00,4
SP5-03776,ok,goals+,0.00,0.00,2451662.44,1109428.62,19963410.10,2
SP5-03777,ok,reserve,14953.54,9969.02,0.00,0.00,0.00,2
SP5-03778,ok,debt,874748.54,2041079.93,0.00,0.00,0.00,2
SP5-03779,ok,reserve,6233.92,0.00,4897.32,0.00,86922.08,3
SP5-03780,deficit,none,0.00,0.00,0.00,0.00,0.00,4
SP5-03781,ok,debt,0.00,28910.39,0.00,0.00,169694.52,3
SP5-03782,ok,reserve,28006.14,0.00,0.00,0.00,0.00,5
SP5-03783,deficit,none,0.00,0.00,0.00,0.00,226570.52,5
SP5-03784,ok,goals+,0.00,0.00,3202779.77,1094927.98,24289450.20,2
SP5-03785,ok,debt,0.00,436092.72,0.00,0.00,889232.08,2
SP5-03786,deficit,none,0.00,0.00,0.00,0.00,0.00,4
SP5-03787,invalid,none,0.00,0.00,0.00,0.00,0.00,5
SP5-03788,ok,goals+,0.00,0.00,262211.74,61221.16,1743496.73,4
SP5-03789,ok,goals+,0.00,0.00,1557683.97,321231.08,19039072.65,2
SP5-03790,ok,debt,0.00,3923891.28,0.00,0.00,13710959.30,2
SP5-03791,ok,debt,0.00,289103.90,0.00,0.00,4012149.45,2
SP5-03792,deficit,none,0.00,0.00,0.00,0.00,0.00,4
SP5-03793,ok,debt,0.00,15979.83,841.04,0.00,25863.23,3
SP5-03794,ok,debt,23117.45,53940.71,0.00,0.00,0.00,3
SP5-03795,ok,goals+,0.00,0.00,47.66,0.00,981757.00,3
SP5-03796,ok,goals+,0.00,0.00,0.00,7989.96,22743.56,3
SP5-03797,ok,reserve,828.76,552.51,0.00,0.00,0.00,2
SP5-03798,ok,reserve,13761.43,0.00,0.00,0.00,0.00,3
SP5-03544,ok,debt,3492.83,8149.93,0.00,0.00,0.00,3
SP5-03800,ok,goals+,0.00,0.00,18082.42,19734.08,579666.14,3
SP5-03801,ok,reserve,24172.42,0.00,0.00,0.00,0.00,5
SP5-03802,ok,goals+,0.00,0.00,0.00,9540.55,449054.58,3
SP5-03803,deficit,none,0.00,0.00,0.00,0.00,9347433.05,5
SP5-03804,ok,debt,7755.15,11632.72,0.00,0.00,36426.90,2
SP5-03805,ok,goals+,0.00,0.00,10722.19,0.00,638534.59,3
SP5-03806,ok,goals+,0.00,0.00,1094414.32,27221.17,6314511.96,2
SP5-03807,deficit,none,0.00,0.00,0.00,0.00,128165201.29,5
SP5-03808,ok,reserve,51932.22,0.00,0.00,0.00,0.00,4
SP5-03809,ok,none,0.00,0.00,0.00,0.00,0.00,2
SP5-03810,ok,reserve,4583.37,0.00,0.00,0.00,14382.44,4
SP5-03811,ok,reserve,18596.40,0.00,0.00,0.00,0.00,4
SP5-03812,deficit,none,0.00,0.00,0.00,0.00,266378.71,5
SP5-03813,ok,reserve,50068.81,0.00,0.00,0.00,0.00,5
SP5-03814,ok,goals+,0.00,0.00,63217.88,8428.70,0.00,3
SP5-03815,ok,reserve,4407.08,0.00,0.00,0.00,0.00,5
SP5-03816,deficit,none,0.00,0.00,0.00,0.00,79487.60,5
SP5-03817,ok,debt,0.00,3334819.42,0.00,0.00,163709.27,2
SP5-03818,ok,reserve,48285.76,28840.17,4059.26,0.00,0.00,5
SP5-03819,deficit,none,0.00,0.00,0.00,0.00,0.00,4
SP5-03820,ok,reserve,19432.49,0.00,0.00,0.00,0.00,4
SP5-03821,ok,reserve,110033.42,0.00,0.00,0.00,0.00,5
SP5-03822,ok,goals+,0.00,0.00,2602878.96,0.00,36902445.02,2
SP5-03823,ok,goals+,0.00,0.00,9700.38,0.00,0.00,2
SP5-03824,ok,goals+,0.00,0.00,14236.71,0.00,0.00,4
SP5-03825,deficit,none,0.00,0.00,0.00,0.00,0.00,4
SP5-03826,ok,goals+,0.00,0.00,38651.95,9147.33,111684.47,4
SP5-03827,ok,debt,0.00,60661.45,3192.71,0.00,154741.72,3
SP5-03828,ok,goals+,0.00,0.00,98385.06,22261.49,0.00,4
SP5-03829,ok,debt,0.00,3790.96,0.00,0.00,35102.72,3
SP5-03830,deficit,none,0.00,0.00,0.00,0.00,0.00,4
SP5-03831,ok,debt,0.00,8258.79,0.00,0.00,174332.52,3
SP5-03832,deficit,none,0.00,0.00,0.00,0.00,6077488.76,5
SP5-03833,deficit,none,0.00,0.00,0.00,0.00,10815765.39,5
SP5-03834,ok,reserve,5653.17,3768.78,0.00,0.00,0.00,2
SP5-03835,ok,reserve,2608.03,0.00,0.00,0.00,15979.06,3
SP5-03836,ok,goals+,0.00,0.00,395427.38,0.00,49509764.97,2
SP5-03837,ok,reserve,4469.35,2979.56,0.00,0.00,0.00,2
SP5-03838,ok,goals+,0.00,0.00,79017.36,156455.06,1552288.30,3
SP5-03839,ok,reserve,39473.15,0.00,0.00,0.00,0.00,4
SP5-03840,ok,reserve,2887.95,1925.30,0.00,0.00,0.00,2
SP5-03841,ok,reserve,127277.92,84851.95,0.00,0.00,0.00,2
SP5-03842,ok,debt,2348.55,3522.83,0.00,0.00,3226.12,2
SP5-03843,ok,goals+,0.00,0.00,0.00,835947.79,3894813.18,2
SP5-03844,ok,debt,780137.19,1907581.11,0.00,0.00,0.00,2
SP5-03845,ok,reserve,5887.37,0.00,0.00,0.00,0.00,4
SP5-03846,deficit,none,0.00,0.00,0.00,0.00,0.00,4
SP5-03847,ok,goals+,0.00,0.00,19683.05,0.00,4805746.99,3
SP5-03848,ok,goals+,0.00,0.00,11111.85,0.00,638534.59,3
SP5-03849,ok,debt,0.00,1113.22,0.00,0.00,62772.03,3
SP5-03850,ok,debt,8291.97,19347.94,0.00,0.00,0.00,3
SP5-03851,ok,reserve,67101.88,0.00,0.00,0.00,0.00,3
SP5-03852,ok,goals+,0.00,0.00,130400.65,6463.75,373249.72,2
SP5-03853,ok,reserve,5423.40,3615.60,0.00,0.00,104901.33,2
SP5-03854,ok,reserve,8658.28,0.00,286.12,1621.36,0.00,4
SP5-03855,ok,reserve,49129.05,0.00,0.00,0.00,0.00,5
SP5-03856,deficit,none,0.00,0.00,0.00,0.00,0.00,4
SP5-03857,ok,goals+,0.00,0.00,82743.97,37476.66,269429.17,3
SP5-03858,ok,reserve,14056.10,9370.74,0.00,0.00,0.00,2
SP5-03859,ok,reserve,7850.92,0.00,0.00,0.00,0.00,3
SP5-03860,ok,goals+,0.00,0.00,275041.87,16485.92,0.00,4
SP5-03861,ok,goals+,0.00,0.00,98174.70,0.00,364859.10,3
SP5-03862,deficit,none,0.00,0.00,0.00,0.00,0.00,4
SP5-03863,ok,reserve,17577.16,11718.11,0.00,0.00,0.00,2
SP5-03864,ok,goals+,0.00,0.00,154064.78,108659.80,1922868.03,2
SP5-03865,ok,reserve,29471.61,0.00,0.00,0.00,0.00,5
SP5-03866,ok,reserve,14796.61,9864.41,1297.95,0.00,0.00,2
SP5-03867,ok,reserve,17577.16,11718.11,0.00,0.00,0.00,2
SP5-03868,ok,reserve,33037.49,0.00,0.00,0.00,0.00,4
SP5-03869,ok,reserve,51471.63,0.00,0.00,0.00,0.00,3
SP5-03870,ok,reserve,24298.36,0.00,0.00,0.00,0.00,5
SP5-03871,ok,goals+,0.00,0.00,3808453.01,737748.68,32199756.92,2
SP5-03872,ok,goals+,0.00,0.00,26811.12,0.00,691158.55,3
SP5-03873,ok,reserve,52386.46,0.00,0.00,0.00,0.00,5
SP5-03874,invalid,none,0.00,0.00,0.00,0.00,0.00,5
SP5-03875,ok,reserve,21802.62,0.00,0.00,0.00,0.00,4
SP5-03876,invalid,none,0.00,0.00,0.00,0.00,0.00,5
SP5-03877,deficit,none,0.00,0.00,0.00,0.00,3468.04,5
SP5-03878,deficit,none,0.00,0.00,0.00,0.00,73625.23,5
SP5-03879,ok,reserve,2497.46,0.00,0.00,0.00,0.00,5
SP5-03880,ok,reserve,22.62,0.00,0.00,0.00,0.00,4
SP5-03881,deficit,none,0.00,0.00,0.00,0.00,21030176.86,5
SP5-03882,ok,debt,0.00,1509574.11,0.00,0.00,2331829.87,2
SP5-03883,ok,debt,1476.11,3444.25,0.00,0.00,0.00,3
SP5-03884,deficit,none,0.00,0.00,0.00,0.00,1925781.97,5
SP5-03885,ok,goals+,0.00,0.00,4155.35,295.47,0.00,4
SP5-03886,ok,debt,0.00,56181.75,0.00,0.00,17752.45,3
SP5-03887,deficit,none,0.00,0.00,0.00,0.00,0.00,4
SP5-03888,ok,goals+,0.00,0.00,20541.32,0.00,98332.80,3
SP5-03889,invalid,none,0.00,0.00,0.00,0.00,0.00,5
SP5-03890,deficit,none,0.00,0.00,0.00,0.00,1966568.52,5
SP5-03891,ok,reserve,13701.07,9134.05,0.00,0.00,0.00,2
SP5-03892,deficit,none,0.00,0.00,0.00,0.00,3594172.00,5
SP5-03893,invalid,none,0.00,0.00,0.00,0.00,0.00,5
SP5-03894,ok,reserve,8877.36,0.00,0.00,0.00,0.00,3
SP5-03895,ok,goals+,0.00,0.00,26811.12,0.00,691158.55,3
SP5-03896,deficit,none,0.00,0.00,0.00,0.00,0.00,4
SP5-03897,ok,reserve,11076.55,0.00,0.00,0.00,0.00,4
SP5-03898,deficit,none,0.00,0.00,0.00,0.00,3526.37,5
SP5-03899,ok,debt,0.00,1076626.68,0.00,0.00,972793.12,2
SP5-03900,deficit,none,0.00,0.00,0.00,0.00,0.00,4
SP5-03901,ok,goals+,0.00,0.00,46557.09,27317.24,2472297.13,2
SP5-03902,deficit,none,0.00,0.00,0.00,0.00,0.00,4
SP5-03903,ok,reserve,1782.39,1188.26,0.00,0.00,0.00,2
SP5-03904,deficit,none,0.00,0.00,0.00,0.00,553179.95,5
SP5-03905,ok,reserve,30641.76,0.00,0.00,0.00,0.00,3
SP5-03906,deficit,none,0.00,0.00,0.00,0.00,0.00,4
SP5-03907,ok,goals+,0.00,0.00,15755.05,19214.72,208084.94,3
SP5-03908,ok,goals+,0.00,0.00,6117.49,0.00,0.00,3
SP5-03909,deficit,none,0.00,0.00,0.00,0.00,0.00,4
SP5-03910,ok,goals+,0.00,0.00,12424.60,1860.76,117055.56,4
SP5-03911,ok,debt,2981.54,4472.32,0.00,0.00,23301.43,2
SP5-03912,ok,goals+,0.00,0.00,0.00,49350.46,727931.24,3
SP5-03913,deficit,none,0.00,0.00,0.00,0.00,0.00,4
SP5-03914,ok,goals+,0.00,0.00,100352.37,26548.08,404823.88,2
SP5-03915,deficit,none,0.00,0.00,0.00,0.00,107978.34,5
SP5-03916,ok,reserve,6385.84,0.00,0.00,0.00,0.00,3
SP5-03917,ok,reserve,29671.75,0.00,0.00,0.00,0.00,5
SP5-03918,deficit,none,0.00,0.00,0.00,0.00,0.00,4
SP5-03919,deficit,none,0.00,0.00,0.00,0.00,0.00,4
SP5-03920,deficit,none,0.00,0.00,0.00,0.00,0.00,4
SP5-03921,deficit,none,0.00,0.00,0.00,0.00,0.00,4
SP5-03922,deficit,none,0.00,0.00,0.00,0.00,0.00,4
SP5-03923,ok,goals+,0.00,0.00,728091.73,2277633.97,31439545.30,2
SP5-03924,ok,debt,748201.99,1745804.63,0.00,0.00,0.00,2
SP5-03925,ok,debt,0.00,3935.07,0.00,0.00,6956.96,3
SP5-03926,ok,reserve,13882.38,0.00,0.00,0.00,0.00,5
SP5-03927,ok,reserve,1.00,0.00,0.00,0.00,0.00,3
SP5-03890,deficit,none,0.00,0.00,0.00,0.00,11889.54,5
SP5-03929,ok,reserve,5313.78,0.00,0.00,0.00,0.00,5
SP5-03930,ok,debt,1433.89,3345.73,0.00,0.00,0.00,3
SP5-03931,deficit,none,0.00,0.00,0.00,0.00,0.00,4
SP5-03932,deficit,none,0.00,0.00,0.00,0.00,7704761.70,5
SP5-03933,ok,debt,0.00,1756416.88,0.00,0.00,2560592.96,2
SP5-03934,deficit,none,0.00,0.00,0.00,0.00,0.00,4
SP5-03935,ok,reserve,14651.91,0.00,0.00,0.00,0.00,4
SP5-03936,invalid,none,0.00,0.00,0.00,0.00,0.00,5
SP5-03937,ok,reserve,5313.78,0.00,0.00,0.00,0.00,5
SP5-03938,deficit,none,0.00,0.00,0.00,0.00,0.00,4
SP5-03939,ok,reserve,32093.24,21395.49,0.00,0.00,0.00,2
SP5-03940,ok,goals+,0.00,0.00,7032.04,0.00,0.00,1
SP5-03941,ok,goals+,0.00,0.00,140815.38,0.00,0.00,2
SP5-03942,ok,goals+,0.00,0.00,25395.75,0.00,0.00,4
SP5-03943,ok,reserve,31446.50,0.00,0.00,0.00,0.00,4
SP5-03944,ok,reserve,153770.78,0.00,0.00,0.00,0.00,5
SP5-03945,deficit,none,0.00,0.00,0.00,0.00,1547303.51,5
SP5-03946,ok,reserve,9757.40,0.00,0.00,0.00,0.00,3
SP5-03947,ok,debt,2726.81,6362.54,478.39,0.00,0.00,3
SP5-03948,ok,debt,9193.50,21451.51,0.00,0.00,0.00,4
SP5-03949,deficit,none,0.00,0.00,0.00,0.00,0.00,4
SP5-03950,deficit,none,0.00,0.00,0.00,0.00,0.00,4
SP5-03951,ok,goals+,0.00,0.00,3479.32,1700.45,4414.93,1
SP5-03952,deficit,none,0.00,0.00,0.00,0.00,0.00,4
SP5-03953,deficit,none,0.00,0.00,0.00,0.00,268507.72,5
SP5-03954,ok,goals+,0.00,0.00,16723.32,3905.94,69098.88,3
SP5-03955,ok,goals+,0.00,0.00,10688.49,38102.94,1075777.21,3
SP5-03956,ok,goals+,0.00,0.00,0.00,13144.54,1458568.97,5
SP5-03957,deficit,none,0.00,0.00,0.00,0.00,90588.31,5
SP5-03958,ok,debt,323.86,755.68,0.00,0.00,0.00,3
SP5-03959,deficit,none,0.00,0.00,0.00,0.00,352038.34,5
SP5-03960,ok,goals+,0.00,0.00,347412.71,460957.38,34841037.91,2
SP5-03961,deficit,none,0.00,0.00,0.00,0.00,1986126.74,5
SP5-03962,ok,goals+,0.00,0.00,0.00,18704.48,230838.10,5
SP5-03963,deficit,none,0.00,0.00,0.00,0.00,259564.36,5
SP5-03964,ok,goals+,0.00,0.00,94972.95,88015.66,168835.89,3
SP5-03965,ok,goals+,1197.90,1796.84,14689.63,0.00,41745.95,2
SP5-03966,ok,reserve,58940.29,0.00,0.00,0.00,0.00,3
SP5-03967,deficit,none,0.00,0.00,0.00,0.00,17066.55,5
SP5-03968,ok,goals+,0.00,0.00,8101.02,256.95,3643.23,3
SP5-03969,deficit,none,0.00,0.00,0.00,0.00,0.00,4
SP5-03970,invalid,none,0.00,0.00,0.00,0.00,0.00,5
SP5-03971,ok,debt,430059.99,1003473.32,0.00,0.00,0.00,2
SP5-03972,ok,goals+,0.00,0.00,10833.05,2090.19,0.00,4
SP5-03973,ok,goals+,0.00,0.00,177621.71,0.00,595701.01,3
SP5-03974,ok,goals+,0.00,0.00,6060.24,0.00,0.00,4
SP5-03975,deficit,none,0.00,0.00,0.00,0.00,434557.78,5
SP5-03976,ok,goals+,0.00,0.00,1465982.68,3621333.56,3921102.76,2
SP5-03977,ok,reserve,5162.34,0.00,0.00,0.00,0.00,3
SP5-03978,ok,debt,1895.61,4423.10,332.56,0.00,0.00,3
SP5-03979,invalid,none,0.00,0.00,0.00,0.00,0.00,5
SP5-03980,ok,reserve,41366.41,27577.61,0.00,0.00,0.00,2
SP5-03981,ok,goals+,0.00,0.00,4583.42,0.00,1886726.50,3
SP5-03982,ok,debt,1429.44,2144.15,0.00,0.00,17175.15,2
SP5-03983,ok,reserve,2869.15,1912.77,0.00,0.00,0.00,2
SP5-03984,ok,goals+,0.00,0.00,8383.25,0.00,52668.62,3
SP5-03985,deficit,none,0.00,0.00,0.00,0.00,0.00,4
SP5-03986,ok,debt,0.00,2398395.66,0.00,0.00,220208.56,2
SP5-03987,ok,goals+,0.00,0.00,7270.87,0.00,25176.76,1
SP5-03988,ok,goals+,0.00,0.00,728.24,0.00,0.00,2
SP5-03989,ok,reserve,1496.11,0.00,0.00,0.00,0.00,2
SP5-03990,ok,goals+,0.00,0.00,7260.42,3051.42,16889.34,3
SP5-03991,invalid,none,0.00,0.00,0.00,0.00,0.00,5
SP5-03992,deficit,none,0.00,0.00,0.00,0.00,4895274.69,5
SP5-03993,ok,reserve,8290.86,849.40,0.00,0.00,0.00,5
SP5-03994,ok,reserve,11082.12,1912.40,0.00,0.00,0.00,4
SP5-03995,ok,reserve,6276.57,0.00,0.00,0.00,0.00,4
SP5-03996,deficit,none,0.00,0.00,0.00,0.00,6812431.68,5
SP5-03997,ok,debt,0.00,1007265.12,0.00,0.00,552926.64,2
SP5-03998,deficit,none,0.00,0.00,0.00,0.00,3455.63,5
SP5-03999,deficit,none,0.00,0.00,0.00,0.00,326015.27,5
SP5-04000,ok,reserve,15623.55,0.00,0.00,0.00,0.00,5
SP5-04001,ok,reserve,1226.78,817.86,0.00,0.00,0.00,2
SP5-04002,ok,debt,7336.29,17118.00,1287.07,0.00,0.00,3
SP5-04003,deficit,none,0.00,0.00,0.00,0.00,0.00,4
SP5-04004,ok,reserve,28467.22,0.00,0.00,0.00,0.00,4
SP5-04005,deficit,none,0.00,0.00,0.00,0.00,380035.69,5
SP5-04006,deficit,none,0.00,0.00,0.00,0.00,19397870.82,5
SP5-04007,ok,goals+,0.00,0.00,10935.48,35523.64,275969.95,4
SP5-04008,deficit,none,0.00,0.00,0.00,0.00,13172160.93,5
SP5-04009,ok,reserve,30537.91,0.00,0.00,0.00,0.00,5
SP5-04010,ok,reserve,4471.55,0.00,0.00,0.00,0.00,5
SP5-04011,deficit,none,0.00,0.00,0.00,0.00,0.00,4
SP5-04012,ok,goals+,0.00,0.00,33116.27,0.00,0.00,2
SP5-04013,invalid,none,0.00,0.00,0.00,0.00,0.00,5
SP5-04014,ok,debt,0.00,3868.36,0.00,0.00,18926.42,3
SP5-04015,ok,debt,464.60,1084.08,0.00,0.00,0.00,4
SP5-04016,deficit,none,0.00,0.00,0.00,0.00,0.00,4
SP5-04017,deficit,none,0.00,0.00,0.00,0.00,0.00,4
SP5-04018,deficit,none,0.00,0.00,0.00,0.00,352834.27,5
SP5-04019,ok,reserve,10593.07,0.00,0.00,0.00,0.00,3
SP5-04020,ok,reserve,12423.67,0.00,0.00,0.00,0.00,5
SP5-04021,deficit,none,0.00,0.00,0.00,0.00,0.00,4
SP5-04022,deficit,none,0.00,0.00,0.00,0.00,23333.72,5
SP5-04023,ok,reserve,34812.81,0.00,0.00,6451.70,0.00,3
SP5-04024,deficit,none,0.00,0.00,0.00,0.00,1127281.41,5
SP5-04025,ok,reserve,54367.24,1869.04,0.00,0.00,0.00,5
SP5-04026,deficit,none,0.00,0.00,0.00,0.00,56749669.72,5
SP5-04027,ok,reserve,16608.65,0.00,0.00,0.00,0.00,4
SP5-04028,invalid,none,0.00,0.00,0.00,0.00,0.00,5
SP5-04029,ok,goals+,0.00,0.00,1818953.41,938904.35,74953613.97,2
SP5-04030,ok,goals+,0.00,0.00,20693.60,0.00,117758.49,2
SP5-04031,ok,debt,17147.86,40011.66,0.00,0.00,0.00,3
SP5-04032,ok,debt,830574.71,1938007.66,0.00,0.00,0.00,2
SP5-04033,ok,goals+,0.00,0.00,995931.63,193704.75,0.00,2
SP5-04034,ok,goals+,0.00,0.00,16034.45,1277.97,49638.94,3
SP5-04035,ok,debt,477340.38,3478817.71,0.00,0.00,0.00,2
SP5-04036,ok,goals+,0.00,0.00,3343.75,0.00,0.00,2
SP5-04037,ok,reserve,6716.24,0.00,0.00,0.00,0.00,5
SP5-04038,ok,reserve,4021.22,0.00,0.00,0.00,0.00,5
SP5-04039,ok,goals+,0.00,0.00,0.00,3825011.72,32681011.56,2
SP5-04040,invalid,none,0.00,0.00,0.00,0.00,0.00,5
SP5-04041,ok,reserve,19765.45,0.00,0.00,0.00,0.00,3
SP5-04042,ok,goals+,1162874.42,0.00,1428629.81,151963.86,0.00,2
SP5-04043,deficit,none,0.00,0.00,0.00,0.00,587632.34,5
SP5-04044,ok,reserve,683824.75,0.00,0.00,0.00,0.00,2
SP5-04045,ok,debt,7213.26,10819.88,0.00,0.00,17372.44,2
SP5-04046,deficit,none,0.00,0.00,0.00,0.00,0.00,4
SP5-04047,ok,goals+,0.00,0.00,32698.65,0.00,3850555.38,3
SP5-04048,ok,reserve,1915.35,124.82,0.00,0.00,0.00,5
SP5-04049,deficit,none,0.00,0.00,0.00,0.00,0.00,4
SP5-04050,ok,goals+,0.00,0.00,3360833.67,1101080.29,60786688.30,2
SP5-04051,ok,goals+,0.00,0.00,1602232.01,2930832.64,47649279.79,2
SP5-04052,ok,reserve,3840.48,0.00,0.00,0.00,0.00,3
SP5-04053,ok,debt,3200.87,8434.57,0.00,0.00,0.00,3
SP5-04054,deficit,none,0.00,0.00,0.00,0.00,0.00,4
SP5-04055,ok,goals+,0.00,0.00,2222357.84,2117158.47,7967100.52,2
SP5-04056,ok,reserve,2189.31,0.00,0.00,0.00,0.00,3
SP5-04057,ok,goals+,0.00,0.00,141193.00,61587.15,13398901.15,2
SP5-04058,ok,reserve,8580.09,0.00,0.00,0.00,17832.45,3
SP5-04059,ok,debt,935135.94,2181983.85,0.00,0.00,0.00,2
SP5-04060,ok,debt,696702.58,1625639.35,0.00,0.00,0.00,2
SP5-04061,deficit,none,0.00,0.00,0.00,0.00,94631.83,5
SP5-04062,ok,reserve,7854.75,0.00,0.00,0.00,0.00,2
SP5-04063,deficit,none,0.00,0.00,0.00,0.00,0.00,4
SP5-04064,ok,reserve,18435.53,5416.78,0.00,0.00,0.00,5
SP5-04065,deficit,none,0.00,0.00,0.00,0.00,11815.57,5
SP5-04066,ok,debt,1568972.21,3660935.14,24729.93,0.00,0.00,2
SP5-04067,deficit,none,0.00,0.00,0.00,0.00,373435.07,5
SP5-04068,deficit,none,0.00,0.00,0.00,0.00,0.00,4
SP5-04069,ok,reserve,39887.22,0.00,0.00,0.00,0.00,5
SP5-04070,ok,reserve,56.36,0.00,0.00,0.00,0.00,5
SP5-04071,ok,debt,579557.97,1554761.45,0.00,0.00,0.00,2
SP5-04072,ok,debt,10368.47,15552.71,0.00,0.00,1014.68,2
SP5-04073,deficit,none,0.00,0.00,0.00,0.00,60530677.82,5
SP5-04074,ok,reserve,4021.22,0.00,0.00,0.00,0.00,5
SP5-04075,ok,reserve,9146.41,0.00,0.00,0.00,0.00,4
SP5-04076,ok,reserve,7077.05,0.00,0.00,0.00,0.00,4
SP5-04077,ok,goals+,0.00,0.00,906918.64,138292.98,4940870.48,2
SP5-04078,ok,goals+,0.00,0.00,14571.15,11711.72,289070.47,3
SP5-04079,ok,goals+,0.00,0.00,85971.88,0.00,9675698.28,2
SP5-04080,ok,goals+,0.00,0.00,0.00,493653.67,101632123.54,2
SP5-04081,ok,reserve,5755.30,0.00,0.00,0.00,0.00,4
SP5-04082,ok,debt,1890.90,4412.09,0.00,0.00,0.00,3
SP5-04083,ok,reserve,26365.21,0.00,0.00,0.00,0.00,3
SP5-04084,ok,goals+,0.00,0.00,0.00,15532.62,223486.42,3
SP5-04085,ok,reserve,32659.56,0.00,0.00,0.00,0.00,4
SP5-04086,ok,reserve,14797.60,9865.07,0.00,0.00,461101.46,2
SP5-04087,ok,debt,93690.38,461292.57,0.00,0.00,0.00,2
SP5-04088,ok,goals+,0.00,0.00,3948.61,0.00,2176939.23,3
SP5-04089,deficit,none,0.00,0.00,0.00,0.00,24267.31,5
SP5-04090,ok,debt,0.00,33428.74,0.00,0.00,499268.19,3
SP5-04091,ok,reserve,37864.96,0.00,0.00,0.00,0.00,5
SP5-04092,deficit,none,0.00,0.00,0.00,0.00,0.00,4
SP5-04093,ok,none,0.00,0.00,0.00,0.00,0.00,5
SP5-04094,ok,reserve,26009.32,0.00,0.00,0.00,0.00,3
SP5-04095,deficit,none,0.00,0.00,0.00,0.00,0.00,4
SP5-04096,ok,goals+,0.00,0.00,963219.30,405844.84,6330750.08,2
SP5-04097,ok,reserve,145763.70,0.00,11736.38,0.00,0.00,2
SP5-04031,ok,reserve,1264.35,0.00,0.00,0.00,0.00,5
SP5-04099,ok,goals+,0.00,0.00,97113.63,0.00,0.00,2
SP5-04100,deficit,none,0.00,0.00,0.00,0.00,732459.00,5
SP5-04101,ok,goals+,0.00,0.00,9446.57,0.00,1205611.75,3
SP5-04102,ok,goals+,0.00,0.00,22938.76,7901.73,847844.11,3
SP5-04103,deficit,none,0.00,0.00,0.00,0.00,0.00,4
SP5-04104,deficit,none,0.00,0.00,0.00,0.00,0.00,4
SP5-04105,ok,goals+,0.00,0.00,80782.57,34853.54,3048423.27,2
SP5-04106,deficit,none,0.00,0.00,0.00,0.00,152776.49,5
SP5-04107,ok,goals+,0.00,0.00,50534.81,43668.36,96846.57,3
SP5-04108,ok,goals+,0.00,0.00,775271.15,299804.58,63993614.83,2
SP5-04109,invalid,none,0.00,0.00,0.00,0.00,0.00,5
SP5-04110,ok,reserve,27258.38,0.00,14142.17,0.00,0.00,3
SP5-04111,deficit,none,0.00,0.00,0.00,0.00,1271732.24,5
SP5-04112,ok,debt,29.92,44.87,0.00,0.00,13140.55,2
SP5-04113,invalid,none,0.00,0.00,0.00,0.00,0.00,5
SP5-04114,ok,goals+,0.00,0.00,0.00,64343.19,695709.31,5
SP5-04115,invalid,none,0.00,0.00,0.00,0.00,0.00,5
SP5-04116,ok,reserve,44170.95,0.00,3776.19,0.00,0.00,5
SP5-04117,ok,reserve,12095.26,0.00,0.00,0.00,0.00,4
SP5-04118,ok,goals+,0.00,0.00,6495.96,3898.05,678960.69,3
SP5-04119,ok,goals+,0.00,0.00,10073.73,5193.48,865179.44,3
SP5-04120,ok,goals+,4075.16,0.00,0.00,9499.51,0.00,3
SP5-04121,deficit,none,0.00,0.00,0.00,0.00,7786883.23,5
SP5-04122,ok,goals+,0.00,0.00,476545470.53,59981389.48,8000000.00,2
SP5-04123,ok,debt,1358.41,2037.61,0.00,0.00,14901.17,2
SP5-04124,deficit,none,0.00,0.00,0.00,0.00,28394.60,5
SP5-03834,ok,goals+,0.00,0.00,3576.33,0.00,100145.09,3
SP5-04126,ok,none,0.00,0.00,0.00,0.00,2095006.08,5
SP5-04127,deficit,none,0.00,0.00,0.00,0.00,0.00,4
SP5-04128,ok,reserve,6388.52,4259.02,0.00,0.00,0.00,2
SP5-04129,ok,reserve,1884.60,0.00,0.00,0.00,0.00,5
SP5-04130,ok,goals+,0.00,0.00,3889.39,0.00,180632.59,3
SP5-04131,ok,goals+,0.00,0.00,2027.01,0.00,50469.28,3
SP5-04132,ok,reserve,5064.75,0.00,2666.93,0.00,0.00,2
SP5-04133,ok,reserve,68010.67,0.00,0.00,0.00,0.00,3
SP5-04134,ok,debt,0.00,4748777.80,0.00,0.00,1963072.85,2
SP5-04135,ok,reserve,39054.23,0.00,0.00,0.00,0.00,3
SP5-04136,ok,reserve,989.69,0.00,0.00,0.00,0.00,3
SP5-04137,ok,reserve,13676.20,0.00,0.00,0.00,48382.45,4
SP5-04138,ok,reserve,4724.45,0.00,0.00,0.00,0.00,4
SP5-04139,deficit,none,0.00,0.00,0.00,0.00,71541901.37,5
SP5-04140,deficit,none,0.00,0.00,0.00,0.00,0.00,4
SP5-04141,ok,reserve,1255724.94,837149.96,0.00,0.00,0.00,2
SP5-04142,ok,debt,10489.37,14355.24,0.00,0.00,0.00,3
SP5-04143,ok,goals+,0.00,0.00,0.00,138872.73,506800.82,2
SP5-04144,ok,goals+,3900.51,0.00,7058.20,0.00,0.00,3
SP5-04145,ok,goals+,0.00,0.00,150353.42,0.00,8136769.53,2
SP5-04146,ok,goals+,899.04,1348.56,14858.62,0.00,5715.17,2
SP5-04147,deficit,none,0.00,0.00,0.00,0.00,58338.64,5
SP5-04148,ok,debt,503694.97,1480720.87,0.00,0.00,0.00,2
SP5-04149,ok,reserve,62379.01,0.00,0.00,0.00,0.00,5
SP5-04150,ok,debt,12731.44,29706.70,12560.72,0.00,0.00,2
SP5-04151,ok,debt,15761.26,23641.90,0.00,0.00,4208.11,2
SP5-04152,ok,debt,6937.55,10406.32,0.00,0.00,28013.53,2
SP5-04153,ok,debt,0.00,220291.51,11594.29,0.00,1246356.24,2
SP5-04154,ok,reserve,21668.74,0.00,0.00,0.00,0.00,4
SP5-04155,invalid,none,0.00,0.00,0.00,0.00,0.00,5
SP5-04156,ok,goals+,0.00,0.00,10161.69,0.00,0.00,1
SP5-04157,deficit,none,0.00,0.00,0.00,0.00,0.00,4
SP5-04158,ok,debt,1008.51,2353.19,0.00,0.00,0.00,3
SP5-04159,ok,goals+,0.00,0.00,1172336.47,481748.32,26288764.31,2
SP5-04160,ok,goals+,0.00,0.00,901592.89,143234.04,3000000.00,2
SP5-04161,ok,debt,27701.33,64636.44,0.00,0.00,0.00,3
SP5-04162,deficit,none,0.00,0.00,0.00,0.00,708055.03,5
SP5-04163,ok,reserve,13964.65,9309.76,0.00,0.00,0.00,2
SP5-04164,ok,debt,2700.84,15297.91,0.00,0.00,0.00,3
SP5-04165,ok,goals+,0.00,0.00,33916.76,0.00,50276.69,2
SP5-04166,ok,goals+,0.00,0.00,0.00,726076.68,0.00,2
SP5-04167,deficit,none,0.00,0.00,0.00,0.00,1140772.23,5
SP5-04168,ok,reserve,12817.11,0.00,0.00,0.00,0.00,4
SP5-04169,ok,reserve,1881.63,0.00,0.00,0.00,0.00,2
SP5-04170,ok,debt,0.00,3906962.20,0.00,0.00,2699525.96,2
SP5-04171,ok,reserve,19877.27,13251.51,0.00,0.00,0.00,2
SP5-04172,ok,goals+,0.00,0.00,503140.59,305910.93,8888374.97,2
SP5-04173,deficit,none,0.00,0.00,0.00,0.00,0.00,4
SP5-04174,ok,reserve,7556.53,5037.69,0.00,0.00,0.00,2
SP5-04175,deficit,none,0.00,0.00,0.00,0.00,0.00,4
SP5-04176,ok,debt,2032.42,3048.62,0.00,0.00,2096.20,2
SP5-04177,ok,debt,4018.73,9377.02,0.00,0.00,21502.42,3
SP5-04178,ok,goals+,0.00,0.00,63029.90,0.00,2413139.42,2
SP5-04179,ok,reserve,50956.16,0.00,0.00,0.00,0.00,3
SP5-04180,deficit,none,0.00,0.00,0.00,0.00,372024.98,5
SP5-04181,deficit,none,0.00,0.00,0.00,0.00,0.00,4
SP5-04182,ok,goals+,0.00,0.00,3240.27,0.00,183641.94,3
SP5-04183,ok,reserve,35656.67,0.00,0.00,0.00,0.00,5
SP5-04184,ok,debt,0.00,4140.46,0.00,0.00,50617.85,3
SP5-04185,ok,debt,1654817.75,3861241.40,0.00,0.00,0.00,2
SP5-04186,ok,goals+,0.00,0.00,0.00,3202.13,127231.25,3
SP5-04187,ok,reserve,10562.75,0.00,0.00,0.00,37288.52,3
SP5-04188,ok,goals+,0.00,0.00,51397.48,0.00,2220634.31,2
SP5-04189,ok,reserve,36806.49,0.00,0.00,0.00,0.00,5
SP5-04190,ok,goals+,0.00,0.00,1419247.04,1301137.85,21429437.34,2
SP5-04191,ok,goals+,0.00,0.00,10020.73,5598.31,791560.45,3
SP5-04192,ok,debt,1697.46,3960.73,0.00,0.00,0.00,3
SP5-04193,ok,goals+,0.00,0.00,28127.92,0.00,0.00,4
SP5-04194,ok,goals+,0.00,0.00,66257.64,0.00,2953864.25,3
SP5-04195,deficit,none,0.00,0.00,0.00,0.00,0.00,4
SP5-04196,ok,reserve,3880.60,0.00,0.00,0.00,0.00,3
SP5-04197,deficit,none,0.00,0.00,0.00,0.00,1889600.06,5
SP5-04198,ok,goals+,0.00,0.00,2640.84,0.00,0.00,1
SP5-04199,ok,reserve,37514.27,0.00,0.00,0.00,0.00,5
SP5-04200,ok,debt,3638.22,5457.34,0.00,0.00,9805.02,2
SP5-04201,deficit,none,0.00,0.00,0.00,0.00,5414491.87,5
SP5-04202,deficit,none,0.00,0.00,0.00,0.00,12633714.50,5
SP5-04203,ok,debt,1366.10,2049.16,0.00,0.00,25694.81,2
SP5-04204,ok,reserve,34911.08,0.00,0.00,0.00,0.00,3
SP5-04205,ok,goals+,0.00,0.00,11658.45,3206.36,1565692.58,3
SP5-04206,ok,reserve,55523.55,831.29,0.00,0.00,0.00,1
SP5-04207,ok,debt,1425029.07,4112958.57,0.00,0.00,0.00,2
SP5-04208,ok,debt,0.00,4041200.91,526894.05,0.00,944312.05,2
SP5-04209,deficit,none,0.00,0.00,0.00,0.00,392027.66,5
SP5-04210,invalid,none,0.00,0.00,0.00,0.00,0.00,5
SP5-04211,ok,debt,336115.07,3421591.35,0.00,0.00,0.00,2
SP5-04212,ok,reserve,2966.14,0.00,0.00,0.00,0.00,4
SP5-04213,ok,reserve,3880.60,0.00,0.00,0.00,0.00,3
SP5-04214,ok,debt,0.00,936173.70,0.00,0.00,1047193.63,2
SP5-04215,deficit,none,0.00,0.00,0.00,0.00,2911.09,5
SP5-04216,ok,goals+,0.00,0.00,107475.60,14164.28,2193423.84,3
SP5-04217,deficit,none,0.00,0.00,0.00,0.00,68126.08,5
SP5-04218,deficit,none,0.00,0.00,0.00,0.00,0.00,4
SP5-04219,ok,reserve,4263.95,2842.64,0.00,0.00,0.00,2
SP5-04220,ok,debt,795336.89,1855786.09,0.00,0.00,0.00,2
SP5-04221,ok,goals+,0.00,0.00,3260.68,707.53,209727.31,3
SP5-04222,ok,debt,2610.20,6090.45,457.93,0.00,0.00,3
SP5-04223,ok,goals+,0.00,0.00,19866.75,11235.15,359234.98,3
SP5-04224,invalid,none,0.00,0.00,0.00,0.00,0.00,5
SP5-04225,invalid,none,0.00,0.00,0.00,0.00,0.00,5
SP5-04226,ok,debt,4416.16,10304.36,774.76,0.00,0.00,3
SP5-04227,ok,reserve,4263.95,2842.64,0.00,0.00,0.00,2
SP5-04228,ok,reserve,44566.93,0.00,0.00,0.00,0.00,4
SP5-04229,ok,goals+,0.00,0.00,37674.19,0.00,0.00,3
SP5-04230,ok,reserve,25948.24,0.00,0.00,0.00,0.00,5
SP5-04231,ok,goals+,0.00,0.00,0.00,146952.62,72762243.61,2
SP5-04232,ok,goals+,0.00,0.00,5869.53,2662.38,123199.93,3
SP5-04233,ok,reserve,29155.53,0.00,0.00,0.00,0.00,3
SP5-04234,ok,reserve,4847.36,0.00,0.00,0.00,0.00,4
SP5-04235,ok,debt,0.00,1645138.54,0.00,0.00,308867.11,2
SP5-04236,ok,reserve,24618.09,0.00,0.00,0.00,0.00,3
SP5-04237,ok,reserve,4767.60,0.00,0.00,0.00,0.00,5
SP5-04238,ok,reserve,3462.09,0.00,0.00,0.00,0.00,5
SP5-04239,ok,goals+,0.00,0.00,2527.76,0.00,1006599.19,3
SP5-04240,ok,reserve,22045.78,1865.54,0.00,0.00,0.00,5
SP5-04241,deficit,none,0.00,0.00,0.00,0.00,341176.32,5
SP5-04242,deficit,none,0.00,0.00,0.00,0.00,398412.41,5
SP5-04243,ok,reserve,25042.20,1954.19,0.00,0.00,0.00,5
SP5-04244,deficit,none,0.00,0.00,0.00,0.00,89098.04,5
SP5-04245,ok,goals+,0.00,0.00,66.16,0.00,0.00,4
SP5-04246,ok,reserve,6915.97,0.00,0.00,0.00,0.00,5
SP5-04247,ok,reserve,11890.45,6050.52,0.00,0.00,0.00,5
SP5-04248,deficit,none,0.00,0.00,0.00,0.00,0.00,4
SP5-04249,ok,goals+,0.00,0.00,660060.68,0.00,8929162.81,2
SP5-04250,ok,goals+,5166.10,0.00,51396.25,0.00,0.00,3
SP5-04251,ok,goals+,0.00,0.00,2642922.66,2253476.70,31918913.98,2
SP5-04252,ok,debt,10912.79,16369.18,0.00,0.00,1523.71,2
SP5-04253,ok,debt,0.00,2374457.59,25661.07,0.00,239919.12,2
SP5-04254,ok,debt,16208.23,16210.15,0.00,0.00,0.00,3
SP5-04255,ok,debt,3064.63,7150.80,0.00,0.00,0.00,3
SP5-04256,ok,goals+,2019.70,1346.47,5104.74,0.00,0.00,2
SP5-04257,ok,goals+,0.00,0.00,0.00,1634192.41,131895.13,2
SP5-04258,deficit,none,0.00,0.00,0.00,0.00,398728.13,5
SP5-04259,ok,debt,0.00,11101.89,0.00,0.00,206279.28,3
SP5-04260,ok,reserve,18000.19,10343.88,0.00,0.00,0.00,3
SP5-04261,deficit,none,0.00,0.00,0.00,0.00,0.00,4
SP5-04262,ok,debt,5446.77,8170.16,0.00,0.00,97717.23,2
SP5-04263,deficit,none,0.00,0.00,0.00,0.00,2762660.63,5
SP5-04264,ok,goals+,0.00,0.00,131306.22,23584.20,0.00,3
SP5-04265,deficit,none,0.00,0.00,0.00,0.00,9452860.13,5
SP5-04266,ok,goals+,0.00,0.00,5.41,0.00,1043562.83,3
SP5-04267,ok,reserve,45723.23,23172.32,0.00,0.00,0.00,5
SP5-04268,ok,reserve,19849.86,0.00,0.00,0.00,0.00,5
SP5-04269,ok,reserve,3152.04,0.00,0.00,0.00,0.00,5
SP5-04270,ok,debt,0.00,2591139.08,0.00,0.00,163400.82,2
SP5-04271,deficit,none,0.00,0.00,0.00,0.00,0.00,4
SP5-04272,deficit,none,0.00,0.00,0.00,0.00,394108.37,5
SP5-04273,ok,goals+,0.00,0.00,19528.28,1331.90,1911896.10,3
SP5-04274,deficit,none,0.00,0.00,0.00,0.00,10199211.91,5
SP5-04275,deficit,none,0.00,0.00,0.00,0.00,0.00,4
SP5-04276,ok,reserve,4632.68,3088.46,406.38,0.00,0.00,2
SP5-04277,ok,debt,0.00,38485.83,2025.57,0.00,20766.73,3
SP5-04278,ok,debt,0.00,1355.22,0.00,0.00,0.00,3
SP5-04279,ok,reserve,5641.43,0.00,0.00,0.00,0.00,5
SP5-04280,ok,debt,0.00,10411.39,547.97,0.00,31706.60,3
SP5-04281,ok,goals+,0.00,0.00,2249.86,442.12,133600.64,3
SP5-04282,ok,reserve,2025.44,1350.30,0.00,0.00,0.00,2
SP5-04283,deficit,none,0.00,0.00,0.00,0.00,0.00,4
SP5-04284,ok,goals+,0.00,0.00,146755.24,55145.03,4260397.25,2
SP5-04285,ok,reserve,12717.74,0.00,0.00,0.00,0.00,5
SP5-04286,deficit,none,0.00,0.00,0.00,0.00,2861222.80,5
SP5-04287,deficit,none,0.00,0.00,0.00,0.00,0.00,4
SP5-04288,ok,goals+,0.00,0.00,990113.82,220083.55,2250613.74,2
SP5-04289,ok,reserve,20888.00,13925.34,0.00,0.00,0.00,2
SP5-04290,ok,debt,9374.87,21874.68,0.00,0.00,0.00,3
SP5-04291,ok,debt,0.00,10143.16,0.00,0.00,152216.27,3
SP5-04292,ok,goals+,0.00,0.00,20097.91,0.00,33517.36,4
SP5-04293,ok,reserve,24086.12,15580.99,0.00,0.00,0.00,5
SP5-04294,invalid,none,0.00,0.00,0.00,0.00,0.00,5
SP5-04295,ok,goals+,0.00,0.00,5424.19,0.00,0.00,2
SP5-04296,ok,reserve,4269.21,0.00,0.00,0.00,0.00,3
SP5-04297,ok,goals+,0.00,0.00,518351.81,1860963.04,21538373.56,2
SP5-04298,deficit,none,0.00,0.00,0.00,0.00,0.00,4
SP5-04299,deficit,none,0.00,0.00,0.00,0.00,25235835.70,5
SP5-04300,ok,reserve,5139.47,0.00,0.00,0.00,0.00,3
SP5-04301,ok,reserve,3979.56,0.00,0.00,0.00,0.00,4
SP5-04302,ok,goals+,0.00,0.00,10912.41,0.00,0.00,1
SP5-04303,ok,goals+,0.00,0.00,6180.59,0.00,45130.61,2
SP5-04304,deficit,none,0.00,0.00,0.00,0.00,0.00,4
SP5-04305,deficit,none,0.00,0.00,0.00,0.00,72177.64,5
SP5-04306,ok,debt,1093.13,2550.62,0.00,0.00,0.00,3
SP5-04307,deficit,none,0.00,0.00,0.00,0.00,0.00,4
SP5-04308,ok,goals+,5793.12,0.00,19980.81,0.00,0.00,2
SP5-04309,deficit,none,0.00,0.00,0.00,0.00,0.00,4
SP5-04310,ok,goals+,237676.23,0.00,614802.20,41536.75,0.00,3
SP5-04311,ok,goals+,0.00,0.00,432034.16,99850.94,7191624.91,2
SP5-04312,ok,goals+,0.00,0.00,1312376.95,1517195.13,2547749.39,2
SP5-04313,ok,goals+,0.00,0.00,160340.40,0.00,194876360.92,2
SP5-04314,ok,goals+,0.00,0.00,894959.52,199472.59,4681565.73,2
SP5-04315,ok,reserve,27232.79,0.00,0.00,0.00,0.00,3
SP5-04316,ok,debt,0.00,2173562.03,21252.41,0.00,2728696.94,2
SP5-04317,deficit,none,0.00,0.00,0.00,0.00,49391339.08,5
SP5-04318,deficit,none,0.00,0.00,0.00,0.00,384741.90,5
SP5-04319,deficit,none,0.00,0.00,0.00,0.00,0.00,4
SP5-04320,deficit,none,0.00,0.00,0.00,0.00,1000000.00,5
SP5-04321,deficit,none,0.00,0.00,0.00,0.00,21345671.42,5
SP5-04322,ok,goals+,7082.03,0.00,7802.01,0.00,0.00,3
SP5-04323,ok,goals+,0.00,0.00,5553.26,0.00,4999476.96,2
SP5-04324,ok,goals+,0.00,0.00,28617.30,6203.35,0.00,4
SP5-04325,deficit,none,0.00,0.00,0.00,0.00,18516.05,5
SP5-04326,ok,goals+,0.00,0.00,4588.66,0.00,0.00,3
SP5-04327,ok,reserve,5289.28,0.00,0.00,0.00,0.00,3
SP5-04328,ok,reserve,8264.20,3344.67,0.00,0.00,0.00,5
SP5-04329,ok,debt,576607.89,1345418.41,0.00,0.00,0.00,2
SP5-04330,ok,goals+,0.00,0.00,8551.64,1218.12,38958.36,3
SP5-04331,deficit,none,0.00,0.00,0.00,0.00,0.00,4
SP5-04332,ok,goals+,0.00,0.00,262928.18,46544.65,10114947.49,2
SP5-04333,ok,reserve,16343.10,0.00,0.00,0.00,0.00,3
SP5-04334,deficit,none,0.00,0.00,0.00,0.00,0.00,4
SP5-04335,ok,reserve,8106.24,0.00,0.00,0.00,0.00,2
SP5-04336,deficit,none,0.00,0.00,0.00,0.00,71313830.17,5
SP5-04337,ok,debt,0.00,2814544.33,122696.82,0.00,360704.87,2
SP5-04338,ok,reserve,13452.22,0.00,0.00,0.00,0.00,2
SP5-04339,deficit,none,0.00,0.00,0.00,0.00,3979555.71,5
SP5-04340,deficit,none,0.00,0.00,0.00,0.00,1910737.07,5
SP5-04341,ok,reserve,19555.36,0.00,0.00,0.00,0.00,4
SP5-04342,ok,reserve,44384.33,0.00,0.00,0.00,0.00,3
SP5-04343,ok,goals+,0.00,0.00,27039.03,0.00,0.00,3
SP5-04344,deficit,none,0.00,0.00,0.00,0.00,22788.00,5
SP5-04345,ok,goals+,0.00,0.00,0.00,52389.82,1323817.90,3
SP5-04346,ok,debt,8132.32,18975.40,0.00,0.00,0.00,3
SP5-04347,invalid,none,0.00,0.00,0.00,0.00,0.00,5
SP5-04348,ok,goals+,932.46,0.00,3343.60,0.00,0.00,1
SP5-04349,deficit,none,0.00,0.00,0.00,0.00,106989.80,5
SP5-04350,ok,reserve,6558.60,3497.08,0.00,0.00,0.00,5
SP5-04351,ok,goals+,0.00,0.00,3691.78,652.28,60209.64,3
SP5-04352,deficit,none,0.00,0.00,0.00,0.00,2374194.76,5
SP5-04353,ok,debt,236.67,552.22,0.00,0.00,0.00,3
SP5-04354,deficit,none,0.00,0.00,0.00,0.00,3444509.96,5
SP5-04355,ok,goals+,0.00,0.00,77079.15,0.00,367325.77,2
SP5-04356,ok,debt,914365.98,3108603.52,0.00,0.00,0.00,2
SP5-04357,ok,goals+,0.00,0.00,12077.17,0.00,0.00,3
SP5-04358,deficit,none,0.00,0.00,0.00,0.00,151398602.27,5
SP5-04359,ok,goals+,0.00,0.00,1076264.59,0.00,8238238.77,2
SP5-04360,ok,reserve,20155.44,0.00,0.00,0.00,0.00,5
SP5-04361,deficit,none,0.00,0.00,0.00,0.00,54169.89,5
SP5-04277,ok,reserve,2913.81,0.00,0.00,0.00,0.00,3
SP5-04363,ok,goals+,0.00,0.00,23976.19,0.00,0.00,2
SP5-04364,ok,debt,1089.48,2542.13,0.00,0.00,0.00,4
SP5-04365,ok,reserve,41563.19,0.00,0.00,0.00,0.00,4
SP5-04366,ok,goals+,0.00,0.00,0.00,30998.34,89792.80,3
SP5-03834,ok,goals+,0.00,0.00,21717.27,4335.81,10265.03,3
SP5-04368,deficit,none,0.00,0.00,0.00,0.00,0.00,4
SP5-04369,deficit,none,0.00,0.00,0.00,0.00,0.00,4
SP5-04370,ok,goals+,0.00,0.00,1.00,0.00,0.00,3
SP5-04371,deficit,none,0.00,0.00,0.00,0.00,1387868.36,5
SP5-04372,deficit,none,0.00,0.00,0.00,0.00,0.00,4
SP5-04373,ok,none,0.00,0.00,0.00,0.00,0.00,2
SP5-04374,ok,goals+,0.00,0.00,42399.38,8905.45,0.00,4
SP5-04375,ok,debt,1826.88,4262.71,0.00,0.00,0.00,2
SP5-04376,ok,reserve,10576.56,0.00,0.00,0.00,0.00,4
SP5-04377,deficit,none,0.00,0.00,0.00,0.00,0.00,4
SP5-04378,ok,goals+,0.00,0.00,890519.11,744645.83,807258.60,2
SP5-10335,invalid,none,0.00,0.00,0.00,0.00,0.00,5
SP5-04380,deficit,none,0.00,0.00,0.00,0.00,0.00,4
SP5-04381,deficit,none,0.00,0.00,0.00,0.00,289379.44,5
SP5-04382,ok,debt,236.67,552.22,0.00,0.00,0.00,3
SP5-04383,ok,goals+,0.00,0.00,1721535.04,411886.53,0.00,2
SP5-04384,ok,reserve,6722.04,4481.36,0.00,0.00,0.00,2
SP5-04385,ok,goals+,0.00,0.00,8703.80,4506.11,254791.25,3
SP5-04386,deficit,none,0.00,0.00,0.00,0.00,18222857.73,5
SP5-04387,ok,reserve,204919.93,0.00,0.00,0.00,0.00,3
SP5-04388,ok,goals+,0.00,0.00,0.00,21666.65,35106.10,5
SP5-04389,ok,reserve,9395.63,6263.75,0.00,0.00,0.00,2
SP5-04390,ok,reserve,1447.76,965.17,127.00,0.00,0.00,2
SP5-04391,deficit,none,0.00,0.00,0.00,0.00,0.00,4
SP5-04392,ok,reserve,4108.74,1407.21,0.00,0.00,0.00,5
SP5-04393,ok,debt,0.00,120738.88,0.00,0.00,90640.07,3
SP5-04394,deficit,none,0.00,0.00,0.00,0.00,0.00,4
SP5-04395,invalid,none,0.00,0.00,0.00,0.00,0.00,5
SP5-04396,ok,reserve,195747.20,0.00,0.00,0.00,0.00,2
SP5-04397,invalid,none,0.00,0.00,0.00,0.00,0.00,5
SP5-04398,deficit,none,0.00,0.00,0.00,0.00,0.00,4
SP5-04399,invalid,none,0.00,0.00,0.00,0.00,0.00,5
SP5-04400,ok,reserve,34889.82,0.00,0.00,0.00,0.00,5
SP5-04401,ok,goals+,0.00,0.00,27079.28,0.00,97496.38,3
SP5-04402,deficit,none,0.00,0.00,0.00,0.00,360108.27,5
SP5-04403,deficit,none,0.00,0.00,0.00,0.00,16559437.53,5
SP5-04404,ok,debt,2053.99,4792.63,0.00,0.00,0.00,3
SP5-04405,deficit,none,0.00,0.00,0.00,0.00,2545305.65,5
SP5-04406,deficit,none,0.00,0.00,0.00,0.00,0.00,4
SP5-04407,ok,reserve,21428.77,0.00,0.00,0.00,0.00,3
SP5-04408,deficit,none,0.00,0.00,0.00,0.00,0.00,4
SP5-04409,ok,reserve,23988.06,0.00,0.00,0.00,0.00,5
SP5-04410,ok,reserve,20096.11,0.00,0.00,0.00,0.00,4
SP5-04411,ok,debt,1266.86,2956.00,0.00,0.00,0.00,3
SP5-04412,deficit,none,0.00,0.00,0.00,0.00,0.00,4
SP5-04413,deficit,none,0.00,0.00,0.00,0.00,0.00,4
SP5-04414,deficit,none,0.00,0.00,0.00,0.00,135885523.90,5
SP5-04415,ok,reserve,34470.83,0.00,0.00,0.00,0.00,3
SP5-04416,ok,goals+,0.00,0.00,17020.73,0.00,0.00,2
SP5-04417,ok,goals+,0.00,0.00,249356.27,219619.38,36011543.86,2
SP5-04418,ok,debt,0.00,3881.92,0.00,0.00,53255.46,3
SP5-04419,ok,debt,227.99,341.99,0.00,0.00,217945.66,2
SP5-04420,ok,reserve,30099.66,0.00,0.00,0.00,0.00,5
SP5-04421,ok,debt,6335.56,9503.33,0.00,0.00,0.00,2
SP5-04422,ok,goals+,0.00,0.00,2306279.44,862846.05,108025219.18,2
SP5-04423,ok,debt,369.06,553.58,0.00,0.00,30177.60,2
SP5-04424,deficit,none,0.00,0.00,0.00,0.00,0.00,4
SP5-04425,ok,reserve,37328.07,0.00,0.00,0.00,0.00,5
SP5-04426,ok,reserve,23998.87,15999.24,0.00,0.00,0.00,2
SP5-04427,invalid,none,0.00,0.00,0.00,0.00,0.00,5
SP5-04428,ok,reserve,1043865.18,0.00,0.00,0.00,0.00,2
SP5-04429,ok,goals+,0.00,0.00,3481.81,0.00,0.00,2
SP5-04430,ok,reserve,18876.72,0.00,0.00,0.00,0.00,3
SP5-04431,ok,reserve,11277.90,0.00,0.00,0.00,0.00,5
SP5-04432,ok,goals+,0.00,0.00,23739.93,0.00,2955552.84,3
SP5-04433,invalid,none,0.00,0.00,0.00,0.00,0.00,5
SP5-04434,ok,goals+,593358.54,0.00,1786285.06,0.00,0.00,2
SP5-04435,deficit,none,0.00,0.00,0.00,0.00,40571253.77,5
SP5-04436,deficit,none,0.00,0.00,0.00,0.00,122469839.98,5
SP5-04437,ok,goals+,0.00,0.00,0.00,96308.48,0.00,2
SP5-04438,deficit,none,0.00,0.00,0.00,0.00,0.00,4
SP5-04439,ok,reserve,3201.22,2134.14,0.00,0.00,0.00,2
SP5-04440,deficit,none,0.00,0.00,0.00,0.00,0.00,4
SP5-04441,ok,goals+,0.00,0.00,41914.79,0.00,0.00,2
SP5-04442,ok,debt,3187.49,7437.48,0.00,0.00,0.00,3
SP5-04443,deficit,none,0.00,0.00,0.00,0.00,0.00,4
SP5-04444,deficit,none,0.00,0.00,0.00,0.00,2110947.56,5
SP5-04445,ok,goals+,0.00,0.00,16636.22,0.00,0.00,2
SP5-04446,deficit,none,0.00,0.00,0.00,0.00,0.00,4
SP5-04447,ok,debt,13843.84,32302.28,0.00,0.00,0.00,3
SP5-04448,deficit,none,0.00,0.00,0.00,0.00,0.00,4
SP5-04449,deficit,none,0.00,0.00,0.00,0.00,218021.22,5
SP5-04450,ok,reserve,6722.04,4481.36,0.00,0.00,0.00,2
SP5-04451,invalid,none,0.00,0.00,0.00,0.00,0.00,5
SP5-04452,ok,reserve,7059.24,0.00,0.00,0.00,6368.42,3
SP5-04453,invalid,none,0.00,0.00,0.00,0.00,0.00,5
SP5-04454,ok,goals+,0.00,0.00,0.00,3024.19,59885.39,5
SP5-04455,deficit,none,0.00,0.00,0.00,0.00,0.00,4
SP5-04456,ok,debt,4245.21,9905.49,0.00,0.00,0.00,4
SP5-04457,ok,reserve,31741.07,0.00,0.00,0.00,0.00,5
SP5-04458,deficit,none,0.00,0.00,0.00,0.00,0.00,4
SP5-04459,ok,debt,44505.86,55817.99,50214.03,0.00,0.00,2
SP5-04460,ok,reserve,14830.54,0.00,0.00,0.00,0.00,4
SP5-04461,ok,reserve,24767.93,0.00,0.00,0.00,0.00,5
SP5-04462,ok,reserve,16593.28,9414.53,0.00,0.00,0.00,5
SP5-04463,ok,reserve,70592.40,0.00,0.00,0.00,63684.20,3
SP5-04464,ok,goals+,0.00,0.00,7013.43,3127.52,92181.95,3
SP5-04465,ok,reserve,8821.42,5880.94,0.00,0.00,0.00,2
SP5-04466,ok,goals+,0.00,0.00,987.73,5597.13,193639.24,3
SP5-04467,ok,goals+,0.00,0.00,11979.94,0.00,159535.49,3
SP5-04468,ok,goals+,0.00,0.00,2259815.90,190464.40,0.00,2
SP5-04469,ok,debt,0.00,701075.84,0.00,0.00,2832043.40,2
SP5-04470,ok,reserve,6152.99,0.00,0.00,0.00,0.00,5
SP5-04471,ok,reserve,41272.64,0.00,0.00,0.00,0.00,5
SP5-04472,ok,goals+,0.00,0.00,17842.02,0.00,0.00,2
SP5-04473,ok,debt,7338.86,27101.32,0.00,0.00,0.00,3
SP5-04474,ok,reserve,45158.91,0.00,0.00,0.00,0.00,5
SP5-04475,ok,goals+,0.00,0.00,786150.57,0.00,51164176.97,2
SP5-04476,deficit,none,0.00,0.00,0.00,0.00,39079490.19,5
SP5-04477,deficit,none,0.00,0.00,0.00,0.00,21350.55,5
SP5-04478,ok,debt,11848.26,27645.95,0.00,0.00,0.00,4
SP5-04479,ok,reserve,982.46,654.98,0.00,0.00,0.00,2
SP5-04480,deficit,none,0.00,0.00,0.00,0.00,58541.87,5
SP5-04481,ok,none,0.00,0.00,0.00,0.00,133118.86,5
SP5-04482,ok,debt,0.00,175403.48,0.00,0.00,659138.49,2
SP5-04483,ok,reserve,3170.29,0.00,0.00,0.00,0.00,5
SP5-04484,ok,goals+,12401.96,0.00,0.00,34385.35,0.00,3
SP5-04485,deficit,none,0.00,0.00,0.00,0.00,0.00,4
SP5-04486,ok,reserve,552812.55,0.00,0.00,0.00,0.00,2
SP5-04487,ok,reserve,1.00,0.00,0.00,0.00,0.00,3
SP5-04488,ok,reserve,986.54,0.00,0.00,0.00,0.00,2
SP5-04489,ok,reserve,3815.59,0.00,0.00,0.00,0.00,5
SP5-04490,ok,reserve,11069.45,0.00,0.00,0.00,0.00,5
SP5-04491,deficit,none,0.00,0.00,0.00,0.00,0.00,4
SP5-04492,ok,goals+,0.00,0.00,340398637.98,184369237.20,779089482.14,2
SP5-04493,ok,debt,18522.09,27783.13,0.00,0.00,83449.78,2
SP5-04494,ok,goals+,0.00,0.00,477383.25,244289.33,1404685.51,2
SP5-04495,ok,reserve,6606.24,0.00,576.44,0.00,0.00,2
SP5-04496,ok,reserve,18028.57,0.00,0.00,0.00,0.00,3
SP5-04497,ok,goals+,0.00,0.00,44203.86,16148.28,374919.73,3
SP5-04498,deficit,none,0.00,0.00,0.00,0.00,803770.54,5
SP5-04499,ok,debt,674782.92,1574493.48,118382.97,0.00,0.00,2
SP5-04500,deficit,none,0.00,0.00,0.00,0.00,0.00,4
SP5-04501,ok,reserve,1346.77,0.00,0.00,0.00,0.00,5
SP5-04502,ok,reserve,5477.23,3651.49,480.46,0.00,0.00,2
SP5-04503,ok,reserve,4124.23,0.00,0.00,0.00,0.00,5
SP5-04504,ok,debt,0.00,15062.07,0.00,0.00,33614.90,3
SP5-04505,ok,goals+,0.00,0.00,1680509.42,777993.06,59260253.33,2
SP5-04506,ok,goals+,0.00,0.00,37578.59,0.00,1367103.44,3
SP5-04507,deficit,none,0.00,0.00,0.00,0.00,0.00,4
SP5-04508,ok,reserve,27365.40,0.00,0.00,0.00,0.00,5
SP5-04509,ok,goals+,0.00,0.00,1926707.24,537162.23,2947790.88,2
SP5-04510,ok,reserve,4749.19,3166.12,0.00,0.00,16278.01,2
SP5-04511,ok,goals+,0.00,0.00,3453.69,877.85,53915.60,3
SP5-04512,deficit,none,0.00,0.00,0.00,0.00,101867667.36,5
SP5-04513,ok,goals+,0.00,0.00,2782.20,10748.18,76119.98,3
SP5-04514,ok,reserve,145.34,0.00,0.00,0.00,0.00,4
SP5-04515,invalid,none,0.00,0.00,0.00,0.00,0.00,5
SP5-04516,ok,goals+,0.00,0.00,953390.96,462166.44,45220520.83,2
SP5-04517,ok,reserve,123565.72,0.00,0.00,0.00,0.00,2
SP5-04518,ok,goals+,0.00,0.00,402928458.62,65147103.23,3000000.00,2
SP5-04519,ok,goals+,0.00,0.00,2438.87,0.00,317382.82,3
SP5-04520,ok,debt,579046.24,1351107.90,0.00,0.00,0.00,2
SP5-04521,ok,goals+,1995867.02,0.00,2725657.73,745812.52,0.00,2
SP5-04522,deficit,none,0.00,0.00,0.00,0.00,2987353.22,5
SP5-04523,deficit,none,0.00,0.00,0.00,0.00,2447213.80,5
SP5-04524,ok,goals+,0.00,0.00,2135745.55,1315876.70,100389817.92,2
SP5-04525,ok,debt,141.83,330.93,0.00,0.00,0.00,3
SP5-04526,invalid,none,0.00,0.00,0.00,0.00,0.00,5
SP5-04527,deficit,none,0.00,0.00,0.00,0.00,0.00,4
SP5-04528,ok,goals+,0.00,0.00,14578.43,0.00,0.00,2
SP5-04529,ok,reserve,6684.85,4456.56,0.00,0.00,7978.48,2
SP5-04530,ok,goals+,0.00,0.00,2438.87,0.00,317382.82,3
SP5-04531,ok,reserve,10689.58,0.00,0.00,0.00,0.00,3
SP5-04532,ok,goals+,0.00,0.00,53475.69,101174.79,620536.65,4
SP5-04533,ok,goals+,0.00,0.00,687886.62,0.00,70242100.71,2
SP5-04534,deficit,none,0.00,0.00,0.00,0.00,0.00,4
SP5-04535,ok,reserve,21558.38,0.00,0.00,0.00,0.00,3
SP5-04536,ok,goals+,0.00,0.00,92732.75,41108.27,576855.68,3
SP5-04537,ok,reserve,2.61,0.00,0.00,0.00,0.00,3
SP5-04538,deficit,none,0.00,0.00,0.00,0.00,253150.33,5
SP5-04539,ok,goals+,0.00,0.00,16787.63,3365.51,226370.36,3
SP5-04540,ok,reserve,10689.58,0.00,0.00,0.00,0.00,3
SP5-04541,invalid,none,0.00,0.00,0.00,0.00,0.00,5
SP5-04542,ok,reserve,42057.26,0.00,0.00,0.00,0.00,4
SP5-04543,ok,reserve,54097.46,36064.98,4745.39,0.00,0.00,2
SP5-04544,deficit,none,0.00,0.00,0.00,0.00,0.00,4
SP5-04545,ok,reserve,4229.92,0.00,0.00,0.00,0.00,5
SP5-04546,deficit,none,0.00,0.00,0.00,0.00,0.00,4
SP5-04547,ok,goals+,0.00,0.00,4288.62,0.00,338315.01,3
SP5-04548,deficit,none,0.00,0.00,0.00,0.00,165010532.45,5
SP5-04549,deficit,none,0.00,0.00,0.00,0.00,20108613.87,5
SP5-04550,ok,debt,1684.54,2526.80,0.00,0.00,19602.05,2
SP5-04551,deficit,none,0.00,0.00,0.00,0.00,7663.46,5
SP5-04552,ok,none,0.00,0.00,0.00,0.00,0.00,5
SP5-04553,invalid,none,0.00,0.00,0.00,0.00,0.00,5
SP5-04554,ok,goals+,0.00,0.00,0.00,207576.44,3699501.36,2
SP5-04555,ok,reserve,9149.76,0.00,0.00,0.00,0.00,5
SP5-04556,deficit,none,0.00,0.00,0.00,0.00,0.00,4
SP5-04557,ok,goals+,0.00,0.00,891.33,0.00,2217241.96,3
SP5-04558,ok,goals+,0.00,0.00,13726.12,0.00,329775.84,3
SP5-04559,ok,reserve,13807.45,0.00,5053.72,7382.25,0.00,3
SP5-04560,ok,reserve,36671.21,0.00,0.00,0.00,0.00,5
SP5-04561,ok,goals+,0.00,0.00,53755.25,17963.97,10869.86,3
SP5-04562,ok,reserve,4687.73,0.00,0.00,0.00,0.00,3
SP5-04563,deficit,none,0.00,0.00,0.00,0.00,0.00,4
SP5-04564,deficit,none,0.00,0.00,0.00,0.00,100488802.12,5
SP5-04565,ok,reserve,14985.02,0.00,0.00,0.00,0.00,5
SP5-04566,deficit,none,0.00,0.00,0.00,0.00,70729.53,5
SP5-04567,ok,reserve,3237.04,1986.79,0.00,0.00,0.00,5
SP5-04568,ok,debt,60187.04,1191215.13,0.00,0.00,0.00,2
SP5-04569,ok,reserve,12495.81,0.00,0.00,0.00,0.00,3
SP5-04570,ok,reserve,7653.85,5102.56,0.00,0.00,0.00,2
SP5-04571,ok,reserve,8373.68,0.00,0.00,0.00,0.00,4
SP5-04572,ok,reserve,15569.01,0.00,0.00,0.00,8679.97,4
SP5-04535,ok,reserve,6123.97,0.00,0.00,0.00,0.00,5
SP5-04574,ok,reserve,24195.80,0.00,0.00,0.00,0.00,4
SP5-04575,ok,debt,0.00,5650.72,0.00,0.00,106772.27,3
SP5-04576,ok,none,0.00,0.00,0.00,0.00,0.00,2
SP5-04577,deficit,none,0.00,0.00,0.00,0.00,0.00,4
SP5-04578,ok,reserve,24960.72,0.00,0.00,0.00,0.00,5
SP5-04579,ok,debt,3567.25,5350.87,0.00,0.00,1499.33,2
SP5-04580,ok,goals+,0.00,0.00,45266.62,1192.71,0.00,3
SP5-04581,ok,goals+,0.00,0.00,8149.70,0.00,49375.37,3
SP5-04582,invalid,none,0.00,0.00,0.00,0.00,0.00,5
SP5-04583,ok,debt,0.00,5650.72,0.00,0.00,106772.27,3
SP5-04584,ok,reserve,58928.14,0.00,0.00,0.00,54759.18,4
SP5-04585,ok,reserve,5628.56,1560.00,0.00,0.00,0.00,5
SP5-04586,ok,goals+,0.00,0.00,9517.29,0.00,0.00,1
SP5-04587,ok,reserve,14142.67,0.00,0.00,0.00,0.00,5
SP5-04588,ok,reserve,16838.34,11225.56,0.00,0.00,0.00,2
SP5-04589,ok,reserve,11490.08,0.00,0.00,0.00,0.00,3
SP5-04590,deficit,none,0.00,0.00,0.00,0.00,0.00,4
SP5-04591,ok,goals+,0.00,0.00,1707424.35,0.00,11000000.00,2
SP5-04592,ok,reserve,22715.10,0.00,0.00,0.00,0.00,3
SP5-04593,deficit,none,0.00,0.00,0.00,0.00,0.00,4
SP5-04594,invalid,none,0.00,0.00,0.00,0.00,0.00,5
SP5-04595,deficit,none,0.00,0.00,0.00,0.00,38180414.67,5
SP5-04596,ok,reserve,13008.92,8672.62,0.00,0.00,0.00,2
SP5-04597,ok,reserve,31524.35,0.00,0.00,0.00,0.00,4
SP5-04598,ok,reserve,2955.27,1970.18,0.00,0.00,0.00,2
SP5-04599,ok,goals+,0.00,0.00,991364.99,613208.80,12608484.97,2
SP5-04600,ok,debt,326.07,760.83,0.00,0.00,0.00,4
SP5-04601,ok,reserve,10545.45,0.00,0.00,0.00,0.00,4
SP5-03645,invalid,none,0.00,0.00,0.00,0.00,0.00,5
SP5-04603,ok,goals+,0.00,0.00,6595.05,11348.29,387364.23,3
SP5-04604,deficit,none,0.00,0.00,0.00,0.00,2182425.67,5
SP5-04605,ok,reserve,6963.65,4642.43,0.00,0.00,0.00,2
SP5-04606,ok,reserve,6963.65,4642.43,0.00,0.00,0.00,2
SP5-04607,deficit,none,0.00,0.00,0.00,0.00,0.00,4
SP5-04608,ok,goals+,0.00,0.00,465419.95,0.00,0.00,2
SP5-04609,ok,goals+,0.00,0.00,48628.91,40758.24,4543799.70,2
SP5-04610,ok,debt,0.00,1408994.94,0.00,0.00,598943.26,2
SP5-04611,deficit,none,0.00,0.00,0.00,0.00,0.00,4
SP5-04612,ok,debt,0.00,25.46,0.00,0.00,233607.69,3
SP5-04613,deficit,none,0.00,0.00,0.00,0.00,1213251.15,5
SP5-04614,ok,debt,11460.42,26740.98,0.00,0.00,0.00,3
SP5-04615,deficit,none,0.00,0.00,0.00,0.00,494536.44,5
SP5-04616,ok,debt,0.00,5861.00,0.00,0.00,199380.91,3
SP5-04617,ok,goals+,0.00,0.00,7274.10,13182.95,945627.61,3
SP5-04618,ok,debt,7655.89,11483.83,0.00,0.00,0.00,2
SP5-04619,deficit,none,0.00,0.00,0.00,0.00,172780852.61,5
SP5-04620,ok,debt,0.00,912452.79,0.00,0.00,2845130.62,2
SP5-04621,deficit,none,0.00,0.00,0.00,0.00,38335.55,5
SP5-04622,ok,goals+,0.00,0.00,70711.15,0.00,5377141.81,2
SP5-04623,deficit,none,0.00,0.00,0.00,0.00,0.00,4
SP5-04624,ok,reserve,18293.75,0.00,0.00,2401.18,0.00,3
SP5-04625,deficit,none,0.00,0.00,0.00,0.00,0.00,4
SP5-04626,deficit,none,0.00,0.00,0.00,0.00,0.00,4
SP5-04627,ok,debt,3824.54,8923.94,0.00,0.00,0.00,4
SP5-04628,deficit,none,0.00,0.00,0.00,0.00,695524.80,5
SP5-04629,ok,goals+,0.00,0.00,0.00,469378.33,105714409.96,2
SP5-04630,ok,debt,1482.90,3460.11,0.00,0.00,0.00,3
SP5-04631,ok,debt,0.00,1825568.44,0.00,0.00,1331023.43,2
SP5-04632,invalid,none,0.00,0.00,0.00,0.00,0.00,5
SP5-04633,deficit,none,0.00,0.00,0.00,0.00,0.00,4
SP5-04634,ok,reserve,39605.50,0.00,32770.76,0.00,0.00,2
SP5-04635,ok,reserve,10576.24,0.00,0.00,0.00,0.00,5
SP5-04636,ok,goals+,0.00,0.00,1716505.58,47683.56,0.00,2
SP5-04637,ok,none,0.00,0.00,0.00,0.00,0.00,2
SP5-04638,ok,goals+,0.00,0.00,6972.79,1083.61,630162.87,3
SP5-04639,ok,goals+,0.00,0.00,53514.26,12215.97,0.00,4
SP5-04640,ok,reserve,120452.64,0.00,0.00,0.00,0.00,2
SP5-04641,ok,goals+,0.00,0.00,12254.43,10151.68,513558.09,3
SP5-04642,ok,reserve,2406.91,1604.61,0.00,0.00,0.00,2
SP5-04643,ok,reserve,48438.51,0.00,0.00,0.00,0.00,5
SP5-04644,ok,debt,1267.00,1900.49,0.00,0.00,8215.13,2
SP5-04645,ok,debt,0.00,2795477.65,25534.52,0.00,14933.21,2
SP5-04646,ok,debt,1482.90,3460.11,0.00,0.00,0.00,3
SP5-04647,invalid,none,0.00,0.00,0.00,0.00,0.00,5
SP5-04648,deficit,none,0.00,0.00,0.00,0.00,0.00,4
SP5-04649,deficit,none,0.00,0.00,0.00,0.00,0.00,4
SP5-04650,ok,reserve,31764.02,0.00,0.00,0.00,0.00,3
SP5-04651,deficit,none,0.00,0.00,0.00,0.00,0.00,4
SP5-04652,ok,reserve,55714.04,0.00,0.00,0.00,0.00,3
SP5-04653,ok,goals+,0.00,0.00,2878.34,0.00,71317.50,3
SP5-04654,deficit,none,0.00,0.00,0.00,0.00,0.00,4
SP5-04655,deficit,none,0.00,0.00,0.00,0.00,0.00,4
SP5-04656,deficit,none,0.00,0.00,0.00,0.00,18648749.45,5
SP5-04657,deficit,none,0.00,0.00,0.00,0.00,0.00,4
SP5-04658,ok,goals+,0.00,0.00,1762598.82,435237.80,279318.23,2
SP5-04659,deficit,none,0.00,0.00,0.00,0.00,17295.77,5
SP5-04660,invalid,none,0.00,0.00,0.00,0.00,0.00,5
SP5-04661,ok,reserve,5912.18,2577.30,0.00,0.00,0.00,5
SP5-04662,ok,goals+,0.00,0.00,1021.58,0.00,4108.80,2
SP5-04663,ok,debt,1144.20,2669.79,200.74,0.00,0.00,3
SP5-04664,invalid,none,0.00,0.00,0.00,0.00,0.00,5
SP5-04665,ok,goals+,0.00,0.00,17610.38,9047.82,646814.35,3
SP5-04666,deficit,none,0.00,0.00,0.00,0.00,647564.94,5
SP5-04667,deficit,none,0.00,0.00,0.00,0.00,0.00,4
SP5-04668,ok,reserve,28297.80,0.00,0.00,0.00,0.00,4
SP5-04669,deficit,none,0.00,0.00,0.00,0.00,0.00,4
SP5-04670,ok,reserve,16547.94,0.00,2698.55,0.00,0.00,1
SP5-04671,invalid,none,0.00,0.00,0.00,0.00,0.00,5
SP5-04672,deficit,none,0.00,0.00,0.00,0.00,0.00,4
SP5-04673,deficit,none,0.00,0.00,0.00,0.00,0.00,4
SP5-04674,ok,goals+,0.00,0.00,105210.80,0.00,0.00,2
SP5-04675,ok,reserve,14121.55,9414.37,0.00,0.00,0.00,2
SP5-04676,ok,debt,560.62,13299.71,0.00,0.00,0.00,3
SP5-04677,ok,reserve,9361.46,0.00,0.00,0.00,0.00,5
SP5-04678,ok,debt,0.00,4094875.21,0.00,0.00,877351.35,2
SP5-04679,deficit,none,0.00,0.00,0.00,0.00,1097168.72,5
SP5-04680,ok,reserve,16701.65,0.00,0.00,0.00,0.00,5
SP5-04681,ok,goals+,0.00,0.00,3270464.13,0.00,3609110.74,2
SP5-04682,deficit,none,0.00,0.00,0.00,0.00,0.00,4
SP5-04683,ok,debt,1043596.44,2435058.37,0.00,0.00,0.00,2
SP5-04684,invalid,none,0.00,0.00,0.00,0.00,0.00,5
SP5-04685,deficit,none,0.00,0.00,0.00,0.00,640722.22,5
SP5-04686,ok,reserve,105351.86,0.00,0.00,0.00,0.00,3
SP5-04687,invalid,none,0.00,0.00,0.00,0.00,0.00,5
SP5-04688,ok,debt,521147.52,1216010.88,0.00,0.00,0.00,2
SP5-04689,ok,reserve,7597.00,0.00,0.00,0.00,0.00,4
SP5-04690,ok,goals+,0.00,0.00,69809.91,81517.37,660890.18,3
SP5-04691,invalid,none,0.00,0.00,0.00,0.00,0.00,5
SP5-04692,deficit,none,0.00,0.00,0.00,0.00,0.00,4
SP5-04693,ok,goals+,0.00,0.00,392086.87,320194.68,17027993.62,2
SP5-04694,deficit,none,0.00,0.00,0.00,0.00,2734043.68,5
SP5-04695,deficit,none,0.00,0.00,0.00,0.00,123305.43,5
SP5-04696,ok,debt,5606.20,132997.10,0.00,0.00,0.00,3
SP5-04697,ok,reserve,8686.05,2656.75,0.00,0.00,0.00,5
SP5-04698,invalid,none,0.00,0.00,0.00,0.00,0.00,5
SP5-04699,ok,reserve,34813.77,23209.18,0.00,0.00,0.00,2
SP5-04700,deficit,none,0.00,0.00,0.00,0.00,0.00,4
SP5-04701,ok,debt,0.00,5977.70,0.00,0.00,5393.36,3
SP5-04702,ok,debt,2220.86,3331.28,0.00,0.00,28318.49,2
SP5-04703,deficit,none,0.00,0.00,0.00,0.00,1568508.11,5
SP5-04704,ok,goals+,0.00,0.00,71993.27,25588.56,4317454.06,2
SP5-04705,ok,goals+,0.00,0.00,104686.59,93212.05,235091.22,2
SP5-04706,deficit,none,0.00,0.00,0.00,0.00,0.00,4
SP5-04707,ok,debt,0.00,6323.94,0.00,0.00,5393.36,3
SP5-04708,deficit,none,0.00,0.00,0.00,0.00,1336130.82,5
SP5-04709,deficit,none,0.00,0.00,0.00,0.00,1056480.04,5
SP5-04710,deficit,none,0.00,0.00,0.00,0.00,14279.52,5
SP5-04711,ok,goals+,11449.14,0.00,16288.60,0.00,0.00,3
SP5-04712,ok,goals+,0.00,0.00,3088.21,2966.54,45526.06,3
SP5-04713,ok,goals+,0.00,0.00,1527.93,122.16,0.00,4
SP5-04714,ok,reserve,21901.03,0.00,19140.80,0.00,0.00,1
SP5-04715,ok,debt,1150300.68,2684034.93,14474.33,0.00,0.00,2
SP5-04716,ok,reserve,51993.11,0.00,0.00,0.00,0.00,3
SP5-04717,ok,debt,0.00,21071.89,1109.05,0.00,100436.37,3
SP5-04718,ok,reserve,8849.94,0.00,0.00,0.00,0.00,5
SP5-04719,ok,reserve,3898.84,0.00,0.00,0.00,0.00,4
SP5-04720,ok,debt,8351.97,19487.92,1465.26,0.00,26662.87,3
SP5-04721,deficit,none,0.00,0.00,0.00,0.00,0.00,4
SP5-04722,ok,reserve,8384.69,0.00,0.00,0.00,0.00,3
SP5-04723,ok,goals+,0.00,0.00,21289.54,0.00,0.00,2
SP5-04724,ok,reserve,1896.48,0.00,0.00,0.00,0.00,5
SP5-04725,ok,reserve,7709.87,0.00,0.00,0.00,0.00,4
SP5-04726,ok,reserve,9067.86,0.00,0.00,0.00,0.00,5
SP5-04727,ok,reserve,122843.35,0.00,0.00,0.00,0.00,3
SP5-04728,ok,goals+,0.00,0.00,32936.70,0.00,3952429.12,3
SP5-04729,ok,reserve,6912.13,0.00,0.00,0.00,0.00,5
SP5-04730,ok,reserve,32954.76,0.00,0.00,0.00,0.00,4
SP5-04731,invalid,none,0.00,0.00,0.00,0.00,0.00,5
SP5-04732,ok,reserve,6979.62,0.00,0.00,0.00,0.00,4
SP5-04733,ok,reserve,1.00,0.00,0.00,0.00,0.00,5
SP5-04734,ok,reserve,14729.64,9819.76,0.00,0.00,0.00,2
SP5-04735,deficit,none,0.00,0.00,0.00,0.00,111933.94,5
SP5-04736,invalid,none,0.00,0.00,0.00,0.00,0.00,5
SP5-04737,ok,none,0.00,0.00,0.00,0.00,0.00,5
SP5-04738,ok,reserve,254.04,0.00,0.00,0.00,0.00,5
SP5-04739,ok,reserve,45028.10,0.00,0.00,0.00,0.00,4
SP5-04740,ok,goals+,0.00,0.00,399563.24,0.00,22655477.62,2
SP5-04741,ok,debt,1416.36,2124.53,0.00,0.00,1660.56,2
SP5-04742,ok,reserve,34983.16,0.00,0.00,0.00,0.00,3
SP5-04743,ok,reserve,33842.69,22561.79,2968.66,0.00,0.00,2
SP5-04744,deficit,none,0.00,0.00,0.00,0.00,0.00,4
SP5-04745,ok,reserve,26273.53,0.00,0.00,0.00,0.00,5
SP5-04746,ok,debt,0.00,35158.64,0.00,0.00,468631.34,3
SP5-04747,deficit,none,0.00,0.00,0.00,0.00,2740390.87,5
SP5-04748,ok,goals+,0.00,0.00,4530.18,0.00,0.00,2
SP5-04749,deficit,none,0.00,0.00,0.00,0.00,0.00,4
SP5-04750,deficit,none,0.00,0.00,0.00,0.00,21905886.71,5
SP5-04751,ok,goals+,0.00,0.00,22600.83,11954.05,992929.41,3
SP5-04752,ok,debt,5791.37,8687.06,0.00,0.00,54560.27,2
SP5-04753,ok,reserve,1589.19,0.00,0.00,0.00,0.00,5
SP5-04754,ok,goals+,0.00,0.00,28458.78,0.00,589005.68,3
SP5-04755,ok,debt,6846.39,10269.58,0.00,0.00,37199.82,2
SP5-04756,deficit,none,0.00,0.00,0.00,0.00,20588582.03,5
SP5-04757,ok,goals+,0.00,0.00,53121.24,19912.71,89718.96,3
SP5-04758,deficit,none,0.00,0.00,0.00,0.00,66436.47,5
SP5-04759,invalid,none,0.00,0.00,0.00,0.00,0.00,5
SP5-04760,deficit,none,0.00,0.00,0.00,0.00,367925.23,5
SP5-04761,ok,debt,668.05,1558.78,0.00,0.00,0.00,3
SP5-04762,deficit,none,0.00,0.00,0.00,0.00,0.00,4
SP5-04763,ok,debt,3133.21,4699.81,0.00,0.00,4033.81,2
SP5-04764,deficit,none,0.00,0.00,0.00,0.00,0.00,4
SP5-11375,invalid,none,0.00,0.00,0.00,0.00,0.00,5
SP5-04766,ok,goals+,0.00,0.00,1503234.43,911690.42,1813111.41,2
SP5-04767,deficit,none,0.00,0.00,0.00,0.00,485519.30,5
SP5-04768,ok,none,0.00,0.00,0.00,0.00,0.00,5
SP5-04769,ok,reserve,14257.86,0.00,0.00,0.00,0.00,4
SP5-04770,ok,none,0.00,0.00,0.00,0.00,0.00,5
SP5-04771,ok,reserve,1.00,0.00,0.00,0.00,0.00,5
SP5-04772,ok,reserve,1.00,0.00,0.00,0.00,0.00,5
SP5-04773,deficit,none,0.00,0.00,0.00,0.00,11464819.56,5
SP5-04774,ok,reserve,12608.68,8405.78,0.00,0.00,0.00,2
SP5-04775,ok,goals+,0.00,0.00,324823.27,43312.50,14763690.02,2
SP5-04776,ok,debt,5160.90,12042.09,0.00,0.00,0.00,3
SP5-04777,deficit,none,0.00,0.00,0.00,0.00,451224.74,5
SP5-04778,deficit,none,0.00,0.00,0.00,0.00,811208.25,5
SP5-04779,ok,reserve,8156.56,0.00,0.00,0.00,14172.09,3
SP5-04780,ok,reserve,14257.86,0.00,0.00,0.00,0.00,4
SP5-04781,ok,goals+,0.00,0.00,942.45,0.00,18349.97,2
SP5-04782,deficit,none,0.00,0.00,0.00,0.00,1879088.95,5
SP5-04783,deficit,none,0.00,0.00,0.00,0.00,980300.82,5
SP5-04784,ok,reserve,21463.15,0.00,0.00,0.00,0.00,4
SP5-04785,ok,debt,4167.54,6251.32,0.00,0.00,14393.06,2
SP5-04786,ok,goals+,9250.67,0.00,7996.85,9611.04,0.00,3
SP5-04787,deficit,none,0.00,0.00,0.00,0.00,115593123.95,5
SP5-04788,deficit,none,0.00,0.00,0.00,0.00,0.00,4
SP5-04789,ok,goals+,0.00,0.00,442293.93,1977145.35,30592670.23,2
SP5-04790,deficit,none,0.00,0.00,0.00,0.00,0.00,4
SP5-04791,ok,goals+,0.00,0.00,6940.75,0.00,0.00,4
SP5-04792,ok,reserve,49314.46,0.00,0.00,0.00,0.00,3
SP5-04793,ok,goals+,0.00,0.00,5766.27,0.00,229794.59,3
SP5-04794,ok,goals+,0.00,0.00,9764.24,0.00,218032.39,3
SP5-04795,ok,goals+,0.00,0.00,529914.45,36530.77,1928727.61,2
SP5-04796,ok,goals+,0.00,0.00,0.00,3080.07,46631.81,5
SP5-04797,ok,reserve,2949.47,0.00,0.00,0.00,0.00,4
SP5-04798,ok,reserve,9886.21,6590.80,0.00,0.00,0.00,2
SP5-04799,deficit,none,0.00,0.00,0.00,0.00,0.00,4
SP5-04800,ok,reserve,41621.57,0.00,0.00,0.00,0.00,4
SP5-04801,ok,goals+,0.00,0.00,76484.31,15550.76,0.00,4
SP5-04802,deficit,none,0.00,0.00,0.00,0.00,0.00,4
SP5-04803,ok,goals+,0.00,0.00,669258.23,0.00,106914976.57,2
SP5-04804,deficit,none,0.00,0.00,0.00,0.00,0.00,4
SP5-04805,deficit,none,0.00,0.00,0.00,0.00,0.00,4
SP5-04806,ok,reserve,1.00,0.00,0.00,0.00,0.00,5
SP5-04807,ok,goals+,0.00,0.00,0.00,965.84,12168.31,4
SP5-04808,ok,reserve,406.52,0.00,0.00,0.00,0.00,3
SP5-04809,deficit,none,0.00,0.00,0.00,0.00,0.00,4
SP5-04810,ok,reserve,8803.49,4157.39,0.00,0.00,0.00,5
SP5-04811,ok,reserve,65629.14,0.00,0.00,0.00,0.00,5
SP5-04812,ok,debt,3244.92,4867.37,0.00,0.00,17657.29,2
SP5-04813,ok,reserve,32369.13,0.00,0.00,0.00,50070.79,3
SP5-04814,ok,goals+,0.00,0.00,122528.50,650982.18,11980714.79,2
SP5-04815,ok,goals+,0.00,0.00,97714.00,53180.85,56354294.46,2
SP5-04816,ok,goals+,0.00,0.00,636228.60,251261.10,9977158.20,2
SP5-04817,deficit,none,0.00,0.00,0.00,0.00,0.00,4
SP5-04818,deficit,none,0.00,0.00,0.00,0.00,166333409.41,5
SP5-04819,ok,debt,1545.10,3605.24,0.00,0.00,0.00,3
SP5-04820,deficit,none,0.00,0.00,0.00,0.00,67188.23,5
SP5-04821,ok,reserve,29367.49,0.00,0.00,0.00,0.00,5
SP5-04822,deficit,none,0.00,0.00,0.00,0.00,0.00,4
SP5-04823,ok,goals+,0.00,0.00,12017.47,0.00,7192234.88,2
SP5-04824,ok,goals+,0.00,0.00,8582.69,0.00,0.00,2
SP5-04825,ok,debt,1794.73,2692.10,0.00,0.00,0.00,2
SP5-04826,deficit,none,0.00,0.00,0.00,0.00,1478983.76,5
SP5-04827,deficit,none,0.00,0.00,0.00,0.00,1356546.22,5
SP5-04828,ok,reserve,25861.17,0.00,0.00,0.00,0.00,4
SP5-04829,invalid,none,0.00,0.00,0.00,0.00,0.00,5
SP5-04830,ok,reserve,86.07,0.00,0.00,0.00,0.00,3
SP5-04831,deficit,none,0.00,0.00,0.00,0.00,0.00,4
SP5-04832,ok,goals+,0.00,0.00,397.41,0.00,200384.56,3
SP5-04833,deficit,none,0.00,0.00,0.00,0.00,895949.12,5
SP5-04834,ok,reserve,45895.50,0.00,0.00,0.00,0.00,3
SP5-04835,ok,debt,1173.43,1760.15,0.00,0.00,24048.28,2
SP5-04836,ok,reserve,27480.69,0.00,0.00,0.00,0.00,4
SP5-04837,ok,reserve,13152.74,7604.17,0.00,0.00,0.00,3
SP5-04838,ok,reserve,3643.72,2429.14,319.62,0.00,10933.49,2
SP5-04839,ok,reserve,4566.84,2794.58,0.00,0.00,0.00,5
SP5-04840,ok,debt,20288.18,30432.26,0.00,0.00,24467.51,2
SP5-04841,ok,debt,11645.99,17468.99,0.00,0.00,66422.56,2
SP5-04842,ok,debt,0.00,3096909.54,0.00,0.00,1040548.45,2
SP5-04843,ok,goals+,0.00,0.00,3070349.12,1331072.14,29278870.71,2
SP5-04844,deficit,none,0.00,0.00,0.00,0.00,0.00,4
SP5-04845,deficit,none,0.00,0.00,0.00,0.00,0.00,4
SP5-04846,deficit,none,0.00,0.00,0.00,0.00,484327.50,5
SP5-04847,deficit,none,0.00,0.00,0.00,0.00,0.00,4
SP5-04542,ok,reserve,62414.75,0.00,0.00,0.00,0.00,5
SP5-04849,ok,reserve,18299.96,0.00,0.00,0.00,0.00,3
SP5-04850,ok,goals+,0.00,0.00,3100307.68,757426.94,344455.40,2
SP5-04851,ok,goals+,1255.48,0.00,5052.72,0.00,0.00,2
SP5-04852,ok,reserve,20472.23,13648.15,1795.81,0.00,0.00,2
SP5-04853,deficit,none,0.00,0.00,0.00,0.00,1709859.21,5
SP5-04854,ok,debt,0.00,1718378.97,0.00,0.00,1888517.75,2
SP5-04855,ok,reserve,4287.11,2021.09,0.00,0.00,0.00,5
SP5-04856,ok,reserve,2812.73,1875.15,246.73,0.00,0.00,2
SP5-04857,ok,reserve,19672.39,0.00,0.00,0.00,0.00,5
SP5-04858,ok,debt,0.00,1719234.93,0.00,0.00,2543540.21,2
SP5-04859,deficit,none,0.00,0.00,0.00,0.00,71509.17,5
SP5-04860,deficit,none,0.00,0.00,0.00,0.00,380582.00,5
SP5-04861,deficit,none,0.00,0.00,0.00,0.00,1250156.19,5
SP5-04862,deficit,none,0.00,0.00,0.00,0.00,7320191.00,5
SP5-04863,ok,goals+,0.00,0.00,13761.99,13025.43,219916.39,3
SP5-04864,deficit,none,0.00,0.00,0.00,0.00,34679264.21,5
SP5-04865,ok,goals+,33611.88,0.00,24999.74,37263.03,0.00,3
SP5-04866,ok,reserve,13329.30,0.00,0.00,0.00,0.00,3
SP5-04867,ok,goals+,0.00,0.00,56916.50,0.00,376510.40,4
SP5-04868,ok,reserve,87973.05,0.00,0.00,0.00,0.00,3
SP5-04869,ok,none,0.00,0.00,0.00,0.00,0.00,5
SP5-04870,ok,reserve,5099.49,0.00,0.00,0.00,0.00,3
SP5-04871,ok,reserve,52882.27,0.00,0.00,0.00,0.00,3
SP5-04872,ok,reserve,848.10,565.40,0.00,0.00,0.00,2
SP5-04873,ok,goals+,0.00,0.00,0.00,33909.34,98928.35,3
SP5-04874,ok,reserve,11060.61,0.00,0.00,0.00,0.00,5
SP5-04875,ok,reserve,4384.89,0.00,0.00,0.00,0.00,5
SP5-04876,ok,reserve,91639.10,0.00,37235.93,0.00,0.00,3
SP5-04877,deficit,none,0.00,0.00,0.00,0.00,510261.46,5
SP5-04878,deficit,none,0.00,0.00,0.00,0.00,27117699.30,5
SP5-04879,ok,goals+,0.00,0.00,17350.62,0.00,13966.42,2
SP5-04880,invalid,none,0.00,0.00,0.00,0.00,0.00,5
SP5-04881,ok,goals+,0.00,0.00,5575.62,0.00,0.00,2
SP5-04882,ok,reserve,5961.61,0.00,0.00,0.00,0.00,4
SP5-04883,ok,goals+,0.00,0.00,1268938.44,328755.36,60728066.49,2
SP5-04884,deficit,none,0.00,0.00,0.00,0.00,51518.04,5
SP5-04885,deficit,none,0.00,0.00,0.00,0.00,0.00,4
SP5-04886,ok,goals+,0.00,0.00,12100.14,0.00,1169554.46,3
SP5-04887,deficit,none,0.00,0.00,0.00,0.00,7980875.62,5
SP5-04888,ok,reserve,1314.94,0.00,0.00,0.00,0.00,4
SP5-04889,ok,reserve,2020.87,0.00,0.00,0.00,0.00,3
SP5-04829,invalid,none,0.00,0.00,0.00,0.00,0.00,5
SP5-04891,ok,reserve,12294.15,0.00,0.00,0.00,0.00,3
SP5-04892,ok,goals+,0.00,0.00,5066.65,0.00,2788390.43,3
SP5-04893,ok,reserve,35924.67,0.00,0.00,0.00,37962.08,3
SP5-04894,deficit,none,0.00,0.00,0.00,0.00,0.00,4
SP5-04895,deficit,none,0.00,0.00,0.00,0.00,0.00,4
SP5-04896,deficit,none,0.00,0.00,0.00,0.00,507093.60,5
SP5-04897,ok,debt,413082.97,963860.26,0.00,0.00,0.00,2
SP5-04898,deficit,none,0.00,0.00,0.00,0.00,0.00,4
SP5-04899,deficit,none,0.00,0.00,0.00,0.00,0.00,4
SP5-04900,ok,debt,293235.87,1702915.82,0.00,0.00,0.00,2
SP5-04901,deficit,none,0.00,0.00,0.00,0.00,253508.40,5
SP5-04902,ok,reserve,87973.05,0.00,0.00,0.00,0.00,3
SP5-04903,invalid,none,0.00,0.00,0.00,0.00,0.00,5
SP5-04904,invalid,none,0.00,0.00,0.00,0.00,0.00,5
SP5-04905,ok,goals+,0.00,0.00,0.96,0.00,927059.09,3
SP5-04906,ok,reserve,67655.51,0.00,0.00,0.00,0.00,3
SP5-04907,ok,goals+,0.00,0.00,812002.80,1119958.51,22683947.47,2
SP5-04908,ok,goals+,0.00,0.00,11870.10,0.00,0.00,3
SP5-04909,ok,reserve,1824.69,625.14,0.00,0.00,0.00,5
SP5-04910,deficit,none,0.00,0.00,0.00,0.00,135800.33,5
SP5-04911,ok,goals+,0.00,0.00,28944.07,12415.21,75542.02,3
SP5-04912,invalid,none,0.00,0.00,0.00,0.00,0.00,5
SP5-04913,ok,debt,254435.10,593681.89,0.00,0.00,0.00,2
SP5-04914,deficit,none,0.00,0.00,0.00,0.00,0.00,4
SP5-04915,ok,goals+,0.00,0.00,37438.01,0.00,452657.50,2
SP5-04916,ok,goals+,0.00,0.00,929559.51,3467311.93,31424894.71,2
SP5-04917,ok,reserve,6232.05,0.00,0.00,0.00,0.00,5
SP5-04918,ok,goals+,0.00,0.00,519836.86,837882.25,21589687.16,2
SP5-04919,deficit,none,0.00,0.00,0.00,0.00,0.00,4
SP5-04920,ok,debt,0.00,3017.98,0.00,0.00,127397.26,3
SP5-04921,ok,reserve,14537.17,0.00,0.00,0.00,0.00,3
SP5-04922,deficit,none,0.00,0.00,0.00,0.00,53167702.89,5
SP5-04923,ok,goals+,0.00,0.00,21733.24,0.00,0.00,2
SP5-04924,deficit,none,0.00,0.00,0.00,0.00,20066494.15,5
SP5-04925,ok,reserve,1251.94,0.00,0.00,0.00,0.00,3
SP5-04926,ok,debt,1921.67,2882.50,0.00,0.00,28799.44,2
SP5-04927,ok,reserve,114903.10,0.00,16916.60,10356.88,0.00,3
SP5-04928,ok,reserve,11911.00,7940.66,1044.82,0.00,22407.04,2
SP5-04929,ok,goals+,0.00,0.00,0.00,2792687.42,20899195.77,2
SP5-04930,deficit,none,0.00,0.00,0.00,0.00,4675.59,5
SP5-04931,ok,reserve,36123.09,0.00,0.00,0.00,0.00,5
SP5-04932,ok,goals+,0.00,0.00,10588.20,0.00,21397.16,3
SP5-04933,deficit,none,0.00,0.00,0.00,0.00,131741.42,5
SP5-04934,ok,debt,998.90,1498.34,0.00,0.00,20626.58,2
SP5-04935,invalid,none,0.00,0.00,0.00,0.00,0.00,5
SP5-04936,invalid,none,0.00,0.00,0.00,0.00,0.00,5
SP5-04937,ok,reserve,1798.55,1199.03,0.00,0.00,0.00,2
SP5-04938,ok,reserve,12639.50,8426.34,1108.73,0.00,0.00,2
SP5-04939,deficit,none,0.00,0.00,0.00,0.00,94580.82,5
SP5-04940,invalid,none,0.00,0.00,0.00,0.00,0.00,5
SP5-04941,ok,reserve,36112.31,0.00,0.00,0.00,0.00,3
SP5-04942,ok,goals+,2023.10,0.00,3608.75,0.00,0.00,2
SP5-04943,ok,reserve,1743.71,706.12,0.00,0.00,0.00,5
SP5-04944,ok,debt,3221.60,7517.06,0.00,0.00,0.00,3
SP5-04945,ok,goals+,0.00,0.00,139201.32,395238.54,43860788.13,2
SP5-04946,deficit,none,0.00,0.00,0.00,0.00,679449.21,5
SP5-04947,ok,goals+,0.00,0.00,27655.98,0.00,198653.68,3
SP5-04948,ok,debt,731853.95,1707659.21,0.00,0.00,0.00,2
SP5-04949,deficit,none,0.00,0.00,0.00,0.00,0.00,4
SP5-05088,invalid,none,0.00,0.00,0.00,0.00,0.00,5
SP5-04951,invalid,none,0.00,0.00,0.00,0.00,0.00,5
SP5-04952,deficit,none,0.00,0.00,0.00,0.00,10058341.70,5
SP5-04953,ok,debt,1985.15,4632.01,586.69,0.00,0.00,2
SP5-04954,deficit,none,0.00,0.00,0.00,0.00,0.00,4
SP5-04955,deficit,none,0.00,0.00,0.00,0.00,0.00,4
SP5-04956,ok,reserve,86988.18,0.00,0.00,0.00,0.00,5
SP5-04957,ok,reserve,16819.38,234.97,0.00,0.00,0.00,4
SP5-04958,ok,goals+,0.00,0.00,369942.41,110415.01,9338895.85,2
SP5-04959,ok,reserve,9472.68,0.00,0.00,0.00,0.00,3
SP5-04960,deficit,none,0.00,0.00,0.00,0.00,62360.02,5
SP5-04961,invalid,none,0.00,0.00,0.00,0.00,0.00,5
SP5-04962,ok,reserve,3765.71,0.00,0.00,0.00,0.00,4
SP5-04963,ok,reserve,19172.46,0.00,0.00,0.00,0.00,4
SP5-04542,ok,reserve,9221.78,0.00,0.00,0.00,0.00,3
SP5-04965,ok,reserve,9789.91,0.00,0.00,0.00,0.00,3
SP5-04966,deficit,none,0.00,0.00,0.00,0.00,0.00,4
SP5-04967,ok,debt,0.00,4303.35,0.00,0.00,5480.21,3
SP5-04968,deficit,none,0.00,0.00,0.00,0.00,0.00,4
SP5-04969,ok,goals+,0.00,0.00,4763.37,0.00,0.00,1
SP5-04970,deficit,none,0.00,0.00,0.00,0.00,0.00,4
SP5-04971,deficit,none,0.00,0.00,0.00,0.00,64853.66,5
SP5-04972,ok,goals+,0.00,0.00,7676.07,10775.65,266848.16,3
SP5-04973,deficit,none,0.00,0.00,0.00,0.00,13430040.87,5
SP5-04974,ok,reserve,5938.26,3958.84,520.90,0.00,33413.71,2
SP5-04975,ok,reserve,10911.98,0.00,0.00,0.00,0.00,3
SP5-04976,ok,goals+,0.00,0.00,30718.11,0.00,154729.04,3
SP5-04977,ok,goals+,0.00,0.00,42225.39,0.00,263176.30,3
SP5-04978,invalid,none,0.00,0.00,0.00,0.00,0.00,5
SP5-04979,deficit,none,0.00,0.00,0.00,0.00,7950.60,5
SP5-04980,deficit,none,0.00,0.00,0.00,0.00,17995.29,5
SP5-04981,ok,reserve,49710.19,0.00,0.00,0.00,0.00,5
SP5-04982,ok,debt,958175.54,2235742.94,0.00,0.00,0.00,2
SP5-04983,ok,reserve,6993.17,4662.12,613.44,0.00,32321.79,2
SP5-04984,ok,goals+,0.00,0.00,4322.07,0.00,0.00,1
SP5-04985,ok,debt,0.00,3291413.32,0.00,0.00,575392.13,2
SP5-04986,ok,debt,31910.14,74456.99,0.00,0.00,0.00,3
SP5-04987,deficit,none,0.00,0.00,0.00,0.00,0.00,4
SP5-04988,ok,reserve,16483.25,0.00,0.00,0.00,0.00,3
SP5-04989,ok,goals+,0.00,0.00,2666.32,0.00,0.00,2
SP5-04990,deficit,none,0.00,0.00,0.00,0.00,0.00,4
SP5-04991,ok,goals+,0.00,0.00,2164714.50,403868.37,7000000.00,2
SP5-04992,ok,goals+,43291.18,0.00,0.00,352373.00,0.00,2
SP5-04993,ok,reserve,4701.83,2022.54,353.91,0.00,0.00,5
SP5-04994,ok,debt,0.00,5030594.60,0.00,0.00,659090.80,2
SP5-04995,ok,goals+,0.00,0.00,475.19,0.00,68428.80,3
SP5-04996,deficit,none,0.00,0.00,0.00,0.00,2029688.86,5
SP5-04997,ok,reserve,5254.92,0.00,0.00,0.00,0.00,3
SP5-04998,deficit,none,0.00,0.00,0.00,0.00,583297.68,5
SP5-04999,ok,reserve,5198.73,0.00,0.00,0.00,0.00,4
SP5-05000,ok,debt,3513.70,8198.63,616.44,0.00,0.00,3
SP5-05001,ok,reserve,12040.10,8026.73,1056.15,0.00,0.00,2
SP5-05002,ok,reserve,109119.80,0.00,0.00,0.00,0.00,2
SP5-05003,ok,debt,1820.43,4247.68,0.00,0.00,5244.74,3
SP5-05004,deficit,none,0.00,0.00,0.00,0.00,0.00,4
SP5-05005,ok,reserve,5451.10,0.00,0.00,0.00,0.00,3
SP5-05006,ok,reserve,4978.58,0.00,0.00,0.00,0.00,5
SP5-05007,deficit,none,0.00,0.00,0.00,0.00,611654.77,5
SP5-05008,invalid,none,0.00,0.00,0.00,0.00,0.00,5
SP5-05009,ok,reserve,1594.17,1062.78,0.00,0.00,0.00,2
SP5-05010,ok,reserve,14464.89,0.00,0.00,0.00,77667.89,4
SP5-05011,deficit,none,0.00,0.00,0.00,0.00,4189344.45,5
SP5-05012,ok,reserve,7068.57,0.00,0.00,0.00,0.00,5
SP5-05013,deficit,none,0.00,0.00,0.00,0.00,65462.47,5
SP5-05014,ok,goals+,0.00,0.00,12020.32,0.00,0.00,2
SP5-05015,ok,reserve,3663.12,0.00,0.00,0.00,0.00,5
SP5-05016,ok,debt,0.00,104125.54,5480.29,0.00,311642.61,3
SP5-05017,ok,reserve,8686.21,0.00,0.00,0.00,0.00,3
SP5-05018,ok,goals+,0.00,0.00,100868.57,0.00,308711.10,3
SP5-05019,deficit,none,0.00,0.00,0.00,0.00,0.00,4
SP5-05020,deficit,none,0.00,0.00,0.00,0.00,0.00,4
SP5-05021,ok,goals+,0.00,0.00,8978.44,0.00,11722.18,2
SP5-05022,ok,reserve,42.61,0.00,0.00,0.00,0.00,4
SP5-05023,ok,reserve,73483.94,0.00,5664.74,0.00,0.00,3
SP5-05024,ok,reserve,16205.30,0.00,0.00,0.00,0.00,4
SP5-05025,ok,reserve,4597.38,0.00,0.00,0.00,0.00,5
SP5-05026,ok,goals+,0.00,0.00,0.00,3293.38,63379.21,3
SP5-05027,ok,debt,1087.31,2537.07,190.76,0.00,0.00,3
SP5-05028,ok,goals+,0.00,0.00,61676.08,127784.46,1744930.15,3
SP5-05029,ok,reserve,21316.10,0.00,0.00,0.00,0.00,4
SP5-05030,ok,goals+,1253.57,0.00,17424.82,0.00,0.00,2
SP5-05031,ok,debt,0.00,18862.53,992.76,0.00,203072.16,3
SP5-05032,ok,reserve,2289.17,1526.12,0.00,0.00,0.00,2
SP5-05033,deficit,none,0.00,0.00,0.00,0.00,1656670.79,5
SP5-05034,ok,reserve,97568.48,0.00,0.00,0.00,0.00,3
SP5-05035,ok,reserve,18934.19,0.00,0.00,0.00,0.00,5
SP5-05036,deficit,none,0.00,0.00,0.00,0.00,2405067.48,5
SP5-05037,ok,debt,2825.97,6593.94,0.00,0.00,0.00,4
SP5-05038,ok,goals+,0.00,0.00,352551.82,2789.79,3636119.32,3
SP5-05039,deficit,none,0.00,0.00,0.00,0.00,4392831.87,5
SP5-05040,ok,reserve,12289.21,0.00,0.00,0.00,0.00,4
SP5-05041,deficit,none,0.00,0.00,0.00,0.00,0.00,4
SP5-04830,deficit,none,0.00,0.00,0.00,0.00,0.00,4
SP5-05043,deficit,none,0.00,0.00,0.00,0.00,0.00,4
SP5-05044,ok,goals+,0.00,0.00,0.00,496554.25,0.00,2
SP5-05045,ok,reserve,18934.19,0.00,0.00,0.00,0.00,4
SP5-05046,deficit,none,0.00,0.00,0.00,0.00,111479383.89,5
SP5-05047,deficit,none,0.00,0.00,0.00,0.00,0.00,4
SP5-05048,deficit,none,0.00,0.00,0.00,0.00,1234929.21,5
SP5-05049,invalid,none,0.00,0.00,0.00,0.00,0.00,5
SP5-05050,ok,goals+,0.00,0.00,0.00,285490.18,2975022.11,3
SP5-05051,ok,debt,1704.19,3976.44,298.98,0.00,0.00,3
SP5-05052,deficit,none,0.00,0.00,0.00,0.00,65375536.19,5
SP5-05053,ok,debt,8128.85,18967.31,0.00,0.00,0.00,3
SP5-05054,deficit,none,0.00,0.00,0.00,0.00,0.00,4
SP5-05055,deficit,none,0.00,0.00,0.00,0.00,145782.96,5
SP5-05056,ok,goals+,0.00,0.00,30154.94,0.00,0.00,2
SP5-05057,ok,debt,0.00,38228.67,0.00,0.00,184743.08,3
SP5-05058,ok,debt,0.00,65320.83,0.00,0.00,67707.90,3
SP5-05059,deficit,none,0.00,0.00,0.00,0.00,0.00,4
SP5-05060,deficit,none,0.00,0.00,0.00,0.00,100637.90,5
SP5-05061,deficit,none,0.00,0.00,0.00,0.00,120901.90,5
SP5-05062,ok,debt,204.04,476.10,0.00,0.00,0.00,3
SP5-05063,ok,reserve,54351.18,0.00,0.00,0.00,0.00,5
SP5-05064,ok,goals+,822.16,0.00,16568.23,0.00,0.00,1
SP5-05065,deficit,none,0.00,0.00,0.00,0.00,39086996.42,5
SP5-05066,ok,reserve,8997.25,0.00,6685.45,0.00,0.00,3
SP5-05067,ok,debt,0.00,66110.27,0.00,0.00,493556.48,2
SP5-05068,ok,reserve,9933.46,4814.03,0.00,0.00,0.00,5
SP5-05069,ok,goals+,0.00,0.00,1178141.75,187544.80,2989643.07,2
SP5-05070,ok,debt,1784.86,4164.68,0.00,0.00,0.00,4
SP5-05071,ok,debt,0.00,10034.21,0.00,0.00,79339.16,3
SP5-05072,ok,goals+,0.00,0.00,4833.64,0.00,0.00,4
SP5-05073,ok,reserve,1262.59,841.73,1196.42,0.00,0.00,2
SP5-05074,ok,debt,15948.27,37212.63,0.00,0.00,0.00,3
SP5-05075,ok,debt,2869.05,4303.58,0.00,0.00,0.00,2
SP5-05076,ok,debt,9866.04,23020.77,0.00,0.00,20628.14,3
SP5-05077,deficit,none,0.00,0.00,0.00,0.00,2387363.57,5
SP5-05078,deficit,none,0.00,0.00,0.00,0.00,0.00,4
SP5-05079,ok,goals+,0.00,0.00,1889.11,0.00,15612.30,2
SP5-05080,ok,reserve,17428.09,11618.72,0.00,0.00,89764.26,2
SP5-05081,ok,reserve,25823.05,0.00,448.56,0.00,0.00,2
SP5-05082,ok,goals+,0.00,0.00,15278.92,0.00,656611.19,3
SP5-05083,ok,reserve,34533.42,0.00,30090.86,0.00,0.00,5
SP5-05084,ok,debt,6985.87,10478.80,0.00,0.00,1198.56,2
SP5-05085,ok,reserve,24933.15,0.00,0.00,0.00,0.00,5
SP5-05086,ok,reserve,5323.46,0.00,0.00,0.00,0.00,4
SP5-05087,ok,goals+,0.00,0.00,0.00,24286.12,0.00,5
SP5-05088,ok,debt,0.00,8154.69,429.19,0.00,6046.35,3
SP5-05089,ok,reserve,3099.25,2066.17,0.00,0.00,0.00,2
SP5-05090,ok,debt,0.30,0.70,0.00,0.00,0.00,3
SP5-05091,ok,reserve,107372.14,0.00,0.00,0.00,0.00,3
SP5-05071,deficit,none,0.00,0.00,0.00,0.00,0.00,4
SP5-05093,ok,debt,14570.45,33997.71,0.00,0.00,0.00,2
SP5-05094,deficit,none,0.00,0.00,0.00,0.00,0.00,4
SP5-05095,deficit,none,0.00,0.00,0.00,0.00,4403977.65,5
SP5-05096,ok,reserve,42054.02,0.00,0.00,0.00,0.00,5
SP5-05097,deficit,none,0.00,0.00,0.00,0.00,100637.90,5
SP5-05098,deficit,none,0.00,0.00,0.00,0.00,0.00,4
SP5-05099,deficit,none,0.00,0.00,0.00,0.00,23812033.74,5
SP5-05100,ok,reserve,1504.21,1002.80,0.00,0.00,0.00,2
SP5-05101,ok,reserve,171933.00,0.00,40971.08,0.00,0.00,4
SP5-05102,ok,reserve,7377.05,4918.03,0.00,0.00,0.00,2
SP5-05103,ok,goals+,0.00,0.00,1356014.56,714010.85,8056162.17,2
SP5-05104,ok,reserve,13471.94,0.00,0.00,0.00,0.00,5
SP5-05105,ok,reserve,26559.88,0.00,0.00,0.00,0.00,4
SP5-05106,deficit,none,0.00,0.00,0.00,0.00,118513.89,5
SP5-05107,ok,reserve,39316.87,0.00,0.00,0.00,0.00,5
SP5-05108,invalid,none,0.00,0.00,0.00,0.00,0.00,5
SP5-05107,ok,reserve,21702.93,0.00,0.00,0.00,0.00,5
SP5-05110,ok,debt,0.00,21586.18,0.00,0.00,201506.11,3
SP5-05111,ok,goals+,0.00,0.00,0.00,12755.97,0.00,5
SP5-05112,ok,goals+,0.00,0.00,51174.86,0.00,2464970.46,3
SP5-05113,deficit,none,0.00,0.00,0.00,0.00,17001333.82,5
SP5-05114,ok,reserve,18568.21,0.00,0.00,0.00,0.00,3
SP5-05115,deficit,none,0.00,0.00,0.00,0.00,120514.20,5
SP5-05116,deficit,none,0.00,0.00,0.00,0.00,0.00,4
SP5-05117,ok,reserve,19280.09,0.00,0.00,0.00,0.00,2
SP5-05118,ok,goals+,0.00,0.00,48229.60,0.00,0.00,2
SP5-05119,ok,goals+,0.00,0.00,16154.41,0.00,81191.68,4
SP5-05120,invalid,none,0.00,0.00,0.00,0.00,0.00,5
SP5-05121,deficit,none,0.00,0.00,0.00,0.00,0.00,4
SP5-05122,ok,reserve,25156.45,0.00,2999.38,0.00,0.00,3
SP5-05123,ok,reserve,2332732.80,0.00,25953.03,0.00,0.00,2
SP5-05124,ok,reserve,8687.35,0.00,0.00,0.00,0.00,3
SP5-05125,ok,reserve,21480.68,0.00,0.00,0.00,0.00,4
SP5-05126,ok,reserve,26063.19,0.00,0.00,0.00,31193.23,4
SP5-05127,deficit,none,0.00,0.00,0.00,0.00,0.00,4
SP5-05128,ok,goals+,0.00,0.00,33101.38,729.53,1747997.32,3
SP5-05129,ok,debt,2186.52,5101.88,0.00,0.00,0.00,3
SP5-05130,deficit,none,0.00,0.00,0.00,0.00,0.00,4
SP5-05131,ok,goals+,0.00,0.00,9199.14,0.00,2231.79,2
SP5-05132,ok,reserve,58372.58,0.00,42200.35,0.00,0.00,3
SP5-05133,deficit,none,0.00,0.00,0.00,0.00,118423.46,5
SP5-05134,deficit,none,0.00,0.00,0.00,0.00,7444920.21,5
SP5-05135,deficit,none,0.00,0.00,0.00,0.00,0.00,4
SP5-05136,deficit,none,0.00,0.00,0.00,0.00,9731851.61,5
SP5-05137,ok,reserve,18636.82,12424.55,0.00,0.00,0.00,2
SP5-05138,ok,none,0.00,0.00,0.00,0.00,284344.54,5
SP5-05139,deficit,none,0.00,0.00,0.00,0.00,0.00,4
SP5-05140,ok,goals+,0.00,0.00,3411.82,0.00,0.00,2
SP5-05141,ok,goals+,0.00,0.00,106794.40,0.00,7273157.36,2
SP5-05142,ok,debt,0.00,47011.41,2474.28,0.00,130404.55,3
SP5-05143,ok,reserve,2497.48,1664.99,0.00,0.00,0.00,2
SP5-05107,ok,goals+,0.00,0.00,9883.82,561.00,0.00,4
SP5-05145,ok,goals+,0.00,0.00,5556.35,323.33,668396.87,3
SP5-05146,ok,reserve,5790.35,0.00,0.00,0.00,0.00,4
SP5-05147,ok,goals+,0.00,0.00,1224388.06,780319.28,12712390.78,2
SP5-05148,ok,goals+,0.00,0.00,1310.21,0.00,304931.90,3
SP5-05149,ok,goals+,0.00,0.00,0.00,432763.31,78179172.54,2
SP5-05150,ok,goals+,0.00,0.00,29.15,0.00,5503991.43,3
SP5-05151,invalid,none,0.00,0.00,0.00,0.00,0.00,5
SP5-05152,deficit,none,0.00,0.00,0.00,0.00,0.00,4
SP5-05153,ok,goals+,0.00,0.00,0.00,34016.39,9591821.77,2
SP5-05154,ok,reserve,28808.80,0.00,0.00,0.00,0.00,3
SP5-05155,ok,goals+,0.00,0.00,42395.28,0.00,0.00,2
SP5-05156,deficit,none,0.00,0.00,0.00,0.00,29458975.04,5
SP5-05157,ok,goals+,0.00,0.00,9052.09,8571.23,21855.86,3
SP5-05158,ok,debt,2502.56,5839.29,439.05,0.00,0.00,3
SP5-05159,deficit,none,0.00,0.00,0.00,0.00,4646467.80,5
SP5-05160,ok,reserve,97186.15,0.00,0.00,0.00,0.00,4
SP5-05161,ok,reserve,8226.24,0.00,0.00,0.00,0.00,5
SP5-05162,deficit,none,0.00,0.00,0.00,0.00,6000000.00,5
SP5-05163,ok,goals+,3670.86,0.00,7998.05,0.00,0.00,5
SP5-05164,deficit,none,0.00,0.00,0.00,0.00,4719070.79,5
SP5-05165,ok,goals+,0.00,0.00,0.00,655.46,186438.05,3
SP5-05166,ok,reserve,16278.03,0.00,0.00,0.00,65081.94,3
SP5-05167,ok,none,0.00,0.00,0.00,0.00,0.00,5
SP5-05168,ok,reserve,7881.97,0.00,0.00,0.00,0.00,4
SP5-05169,ok,goals+,0.00,0.00,12523.61,0.00,5682.05,3
SP5-05170,ok,reserve,10051.75,6701.16,881.73,0.00,0.00,2
SP5-05171,ok,reserve,1595.76,0.00,0.00,0.00,0.00,5
SP5-05172,ok,goals+,0.00,0.00,29056.95,0.00,5799000.57,2
SP5-05173,ok,goals+,0.00,0.00,9106.14,0.00,0.00,2
SP5-05174,ok,goals+,0.00,0.00,2825182.23,0.00,17441917.33,2
SP5-05175,ok,reserve,28740.10,0.00,0.00,0.00,0.00,3
SP5-05176,ok,goals+,0.00,0.00,2144.37,0.00,0.00,2
SP5-05177,ok,reserve,1864.93,0.00,0.00,0.00,0.00,2
SP5-05178,deficit,none,0.00,0.00,0.00,0.00,0.00,4
SP5-05179,ok,reserve,8923.37,0.00,0.00,0.00,0.00,5
SP5-05180,ok,debt,21444.78,32167.18,0.00,0.00,344592.33,2
SP5-05181,deficit,none,0.00,0.00,0.00,0.00,0.00,4
SP5-05182,ok,goals+,0.00,0.00,489029.72,0.00,6973073.00,2
SP5-05183,deficit,none,0.00,0.00,0.00,0.00,0.00,4
SP5-05184,deficit,none,0.00,0.00,0.00,0.00,5329244.43,5
SP5-05185,ok,reserve,19893.62,0.00,0.00,0.00,0.00,3
SP5-05186,ok,goals+,0.00,0.00,137041.69,53357.71,14328832.05,2
SP5-05187,ok,debt,3110.03,7256.75,0.00,0.00,0.00,3
SP5-05188,deficit,none,0.00,0.00,0.00,0.00,5000.00,5
SP5-05189,ok,debt,10546.95,15820.43,0.00,0.00,14150.77,2
SP5-05190,ok,reserve,26738.57,0.00,0.00,0.00,0.00,5
SP5-05191,deficit,none,0.00,0.00,0.00,0.00,26801658.96,5
SP5-05192,ok,reserve,34192.01,0.00,0.00,0.00,0.00,4
SP5-05193,ok,reserve,13341.13,2024.60,0.00,0.00,0.00,5
SP5-05194,ok,goals+,0.00,0.00,11985.72,5038.02,112446.66,3
SP5-05195,invalid,none,0.00,0.00,0.00,0.00,0.00,5
SP5-05196,deficit,none,0.00,0.00,0.00,0.00,0.00,4
SP5-05197,deficit,none,0.00,0.00,0.00,0.00,0.00,4
SP5-05198,ok,debt,8624.10,12936.14,0.00,0.00,157122.78,1
SP5-05199,ok,debt,5336.66,8005.00,0.00,0.00,35268.41,2
SP5-05200,ok,reserve,3282.23,2188.16,0.00,0.00,0.00,2
SP5-05201,ok,reserve,469.96,313.30,41.22,0.00,0.00,2
SP5-05202,ok,goals+,0.00,0.00,119558.02,56716.77,12484784.30,2
SP5-05203,deficit,none,0.00,0.00,0.00,0.00,8692406.95,5
SP5-05204,deficit,none,0.00,0.00,0.00,0.00,41648792.29,5
SP5-05205,ok,goals+,1235.59,0.00,8516.48,0.00,0.00,3
SP5-05206,ok,reserve,23121.27,14052.79,1956.53,0.00,0.00,5
SP5-05207,ok,reserve,2308.78,0.00,0.00,0.00,0.00,4
SP5-05208,ok,goals+,0.00,0.00,6806.20,894.77,0.00,4
SP5-05209,ok,goals+,0.00,0.00,91213.38,13747.36,0.00,4
SP5-05210,deficit,none,0.00,0.00,0.00,0.00,960226.67,5
SP5-05211,ok,goals+,0.00,0.00,32639.60,7019.08,377994.49,3
SP5-05212,ok,reserve,1504.21,1002.80,0.00,0.00,0.00,2
SP5-05213,ok,reserve,53219.97,0.00,0.00,0.00,0.00,5
SP5-05214,ok,reserve,8483.82,0.00,0.00,0.00,0.00,3
SP5-05215,ok,goals+,0.00,0.00,3692.38,0.00,42636.29,3
SP5-05216,ok,debt,0.00,31532.22,0.00,0.00,25289.68,3
SP5-05217,ok,reserve,823.67,549.12,0.00,0.00,0.00,2
SP5-05218,ok,goals+,0.00,0.00,13226.82,61517.75,211106.48,3
SP5-05219,deficit,none,0.00,0.00,0.00,0.00,548532.78,5
SP5-05220,deficit,none,0.00,0.00,0.00,0.00,17146180.99,5
SP5-05221,deficit,none,0.00,0.00,0.00,0.00,364558.79,5
SP5-05222,ok,reserve,28179.58,18786.38,0.00,0.00,0.00,2
SP5-05223,ok,goals+,0.00,0.00,21650.07,642.55,0.00,4
SP5-04951,invalid,none,0.00,0.00,0.00,0.00,0.00,5
SP5-05225,ok,reserve,6977.11,0.00,0.00,0.00,0.00,2
SP5-05226,ok,reserve,29135.39,0.00,0.00,0.00,0.00,5
SP5-05227,deficit,none,0.00,0.00,0.00,0.00,43230145.05,5
SP5-05228,deficit,none,0.00,0.00,0.00,0.00,0.00,4
SP5-05229,ok,reserve,4700.11,0.00,0.00,0.00,0.00,3
SP5-05230,ok,goals+,0.00,0.00,3979312.64,600988.69,19850361.67,2
SP5-05231,ok,reserve,31195.66,0.00,6483.78,0.00,0.00,2
SP5-05232,ok,reserve,15958.91,10639.27,10211.84,0.00,0.00,2
SP5-05233,deficit,none,0.00,0.00,0.00,0.00,3648614.29,5
SP5-05234,invalid,none,0.00,0.00,0.00,0.00,0.00,5
SP5-05235,deficit,none,0.00,0.00,0.00,0.00,0.00,4
SP5-05236,deficit,none,0.00,0.00,0.00,0.00,0.00,4
SP5-05237,ok,reserve,35522.78,0.00,0.00,0.00,0.00,4
SP5-05238,ok,reserve,40699.81,0.00,0.00,0.00,0.00,5
SP5-05239,ok,debt,203.48,305.23,0.00,0.00,25231.55,2
SP5-05240,ok,reserve,15511.42,0.00,4979.11,0.00,0.00,3
SP5-05241,ok,reserve,3607.91,0.00,0.00,0.00,0.00,4
SP5-05242,ok,reserve,1387.90,925.26,0.00,0.00,15463.80,2
SP5-05243,ok,goals+,0.00,0.00,381.74,0.00,49918.50,3
SP5-05244,deficit,none,0.00,0.00,0.00,0.00,0.00,4
SP5-05245,ok,debt,805987.72,1942616.45,144663.38,0.00,0.00,2
SP5-05246,ok,goals+,0.00,0.00,23694.41,3869.50,634355.79,3
SP5-05247,ok,goals+,0.00,0.00,8149.91,0.00,44819.54,2
SP5-05248,ok,goals+,0.00,0.00,8782.51,1913.43,19897.41,4
SP5-05249,ok,reserve,2847.19,1898.13,0.00,0.00,0.00,2
SP5-05250,ok,debt,0.00,1.00,0.00,0.00,7758.64,3
SP5-05251,ok,debt,0.00,917347.73,0.00,0.00,877024.17,2
SP5-05252,ok,goals+,0.00,0.00,9006.11,31002.62,290511.76,3
SP5-05253,deficit,none,0.00,0.00,0.00,0.00,229172.71,5
SP5-05254,deficit,none,0.00,0.00,0.00,0.00,2618394.84,5
SP5-05255,ok,reserve,34011.91,0.00,0.00,0.00,0.00,3
SP5-05256,ok,reserve,8372.84,0.00,0.00,0.00,0.00,3
SP5-05257,ok,reserve,28179.58,18786.38,0.00,0.00,0.00,2
SP5-05258,deficit,none,0.00,0.00,0.00,0.00,0.00,4
SP5-05259,ok,reserve,562.03,0.00,0.00,0.00,0.00,5
SP5-05260,deficit,none,0.00,0.00,0.00,0.00,0.00,4
SP5-05261,ok,goals+,0.00,0.00,36737.43,41065.00,906407.62,3
SP5-05262,ok,none,0.00,0.00,0.00,0.00,0.00,5
SP5-05263,ok,goals+,0.00,0.00,42727.71,2191.20,0.00,3
SP5-05264,ok,goals+,881.43,0.00,24476.09,0.00,0.00,2
SP5-05265,ok,debt,305.92,713.81,0.00,0.00,0.00,3
SP5-05266,ok,debt,1344.10,3136.22,0.00,0.00,0.00,3
SP5-05267,ok,goals+,0.00,0.00,128932.29,108856.24,13240533.14,2
SP5-05268,ok,goals+,0.00,0.00,1139366.47,395893.96,6487955.44,2
SP5-05269,ok,goals+,0.00,0.00,1133.10,0.00,70303.53,2
SP5-05270,deficit,none,0.00,0.00,0.00,0.00,0.00,4
SP5-05271,ok,goals+,0.00,0.00,30685.18,32561.85,9942559.79,3
SP5-05272,ok,reserve,1415.22,0.00,0.00,0.00,0.00,5
SP5-05273,deficit,none,0.00,0.00,0.00,0.00,3069146.18,5
SP5-05274,deficit,none,0.00,0.00,0.00,0.00,3496455.91,5
SP5-05275,ok,debt,1344.10,3136.22,0.00,0.00,0.00,3
SP5-05276,ok,reserve,11468.07,0.00,0.00,0.00,0.00,3
SP5-05277,ok,debt,0.00,37013.55,0.00,0.00,54279.59,3
SP5-05278,ok,reserve,15435.89,0.00,0.00,0.00,0.00,4
SP5-05279,ok,reserve,7551.50,5034.34,0.00,0.00,0.00,2
SP5-05280,ok,goals+,0.00,0.00,33761.17,11914.06,216438.27,3
SP5-05281,ok,reserve,10111.37,0.00,0.00,0.00,0.00,5
SP5-05282,ok,none,0.00,0.00,0.00,0.00,0.00,5
SP5-05283,ok,debt,832433.18,2653676.99,0.00,0.00,0.00,2
SP5-05284,ok,reserve,3460.27,0.00,0.00,0.00,0.00,5
SP5-05285,ok,goals+,0.00,0.00,23132.21,0.00,8846201.61,2
SP5-05286,ok,reserve,14734.35,0.00,0.00,0.00,0.00,3
SP5-05287,ok,reserve,27748.11,0.00,11688.27,0.00,0.00,2
SP5-05288,ok,goals+,0.00,0.00,0.00,14604.37,42217.81,5
SP5-05289,deficit,none,0.00,0.00,0.00,0.00,0.00,4
SP5-05290,ok,reserve,550.07,366.71,0.00,0.00,0.00,2
SP5-05291,ok,goals+,0.00,0.00,25885.63,5414.82,0.00,4
SP5-05292,deficit,none,0.00,0.00,0.00,0.00,22395.98,5
SP5-05293,deficit,none,0.00,0.00,0.00,0.00,0.00,4
SP5-05294,deficit,none,0.00,0.00,0.00,0.00,0.00,4
SP5-05295,deficit,none,0.00,0.00,0.00,0.00,97765.13,5
SP5-05296,ok,debt,0.00,1536109.04,0.00,0.00,3807145.29,2
SP5-05297,ok,goals+,0.00,0.00,7780.49,29413.48,4450524.79,3
SP5-05298,ok,goals+,0.00,0.00,3658.67,0.00,241593.73,3
SP5-05299,deficit,none,0.00,0.00,0.00,0.00,0.00,4
SP5-05300,ok,debt,0.00,44616.17,0.00,0.00,248596.96,3
SP5-05301,ok,reserve,16071.50,0.00,0.00,0.00,0.00,5
SP5-05302,ok,reserve,13367.85,0.00,0.00,0.00,5967.69,3
SP5-05303,ok,goals+,0.00,0.00,9064.77,1980.09,0.00,4
SP5-05304,ok,debt,0.00,1212470.44,0.00,0.00,2545573.56,2
SP5-05305,ok,reserve,1541.73,0.00,0.00,0.00,0.00,5
SP5-05306,invalid,none,0.00,0.00,0.00,0.00,0.00,5
SP5-05307,ok,goals+,0.00,0.00,2217658.19,2358014.67,5221468.82,2
SP5-05308,deficit,none,0.00,0.00,0.00,0.00,0.00,4
SP5-05309,ok,goals+,0.00,0.00,471.89,0.00,0.00,2
SP5-05310,ok,reserve,3156.90,0.00,0.00,0.00,0.00,4
SP5-05094,ok,debt,6527.51,15230.87,0.00,0.00,0.00,3
SP5-05312,invalid,none,0.00,0.00,0.00,0.00,0.00,5
SP5-05313,ok,debt,1378.33,3216.09,0.00,0.00,0.00,3
SP5-05314,ok,reserve,52675.95,0.00,8016.08,0.00,0.00,4
SP5-05315,ok,goals+,0.00,0.00,15733.53,40278.06,1135141.93,3
SP5-05316,ok,debt,883170.86,2060732.00,0.00,0.00,0.00,2
SP5-05317,deficit,none,0.00,0.00,0.00,0.00,21490339.90,5
SP5-05318,deficit,none,0.00,0.00,0.00,0.00,1432070.79,5
SP5-05319,ok,reserve,26654.24,0.00,0.00,0.00,0.00,3
SP5-05320,deficit,none,0.00,0.00,0.00,0.00,0.00,4
SP5-05321,ok,debt,7289.93,10934.90,0.00,0.00,3172.26,2
SP5-05322,ok,goals+,0.00,0.00,77504.89,1785.54,731607.45,3
SP5-05323,ok,debt,0.00,140811.37,0.00,0.00,247603.64,2
SP5-05324,ok,reserve,80446.34,0.00,0.00,0.00,0.00,5
SP5-05325,ok,debt,1195003.83,2788342.28,0.00,0.00,0.00,2
SP5-05326,ok,reserve,8428.94,5619.29,0.00,0.00,0.00,2
SP5-05327,ok,reserve,16276.84,0.00,0.00,0.00,60816.64,3
SP5-05328,ok,goals+,0.00,0.00,23995.47,11619.17,269055.73,3
SP5-05329,deficit,none,0.00,0.00,0.00,0.00,2560247.01,5
SP5-05330,deficit,none,0.00,0.00,0.00,0.00,611098.20,5
SP5-05331,invalid,none,0.00,0.00,0.00,0.00,0.00,5
SP5-05332,deficit,none,0.00,0.00,0.00,0.00,2148595.02,5
SP5-05333,deficit,none,0.00,0.00,0.00,0.00,0.00,4
SP5-05334,invalid,none,0.00,0.00,0.00,0.00,0.00,5
SP5-05335,deficit,none,0.00,0.00,0.00,0.00,1839208.73,5
SP5-05336,ok,goals+,0.00,0.00,16001.46,0.00,38235.77,3
SP5-05337,ok,goals+,0.00,0.00,21927.63,48906.79,954576.41,3
SP5-05338,invalid,none,0.00,0.00,0.00,0.00,0.00,5
SP5-05339,ok,reserve,776526.41,517684.28,0.00,0.00,0.00,2
SP5-05340,deficit,none,0.00,0.00,0.00,0.00,0.00,4
SP5-05341,ok,goals+,0.00,0.00,557017.84,70353.21,2169421.90,2
SP5-05342,ok,debt,0.00,1888.78,0.00,0.00,130928.96,3
SP5-05343,deficit,none,0.00,0.00,0.00,0.00,387733.03,5
SP5-05344,ok,reserve,8142.02,0.00,0.00,0.00,0.00,5
SP5-05345,ok,goals+,0.00,0.00,11639.22,15087.02,92319.92,3
SP5-05346,ok,reserve,19720.05,0.00,0.00,0.00,0.00,4
SP5-05347,ok,goals+,0.00,0.00,21630.05,1747.70,1376742.90,3
SP5-05348,ok,debt,0.00,2108.16,0.00,0.00,194455.32,3
SP5-05349,ok,debt,12282.39,18423.59,0.00,0.00,181455.15,2
SP5-05350,ok,reserve,64674.92,0.00,0.00,0.00,7491.85,3
SP5-05351,deficit,none,0.00,0.00,0.00,0.00,78057.66,5
SP5-05352,invalid,none,0.00,0.00,0.00,0.00,0.00,5
SP5-05353,ok,debt,286.05,429.08,0.00,0.00,1999.57,2
SP5-05354,ok,goals+,0.00,0.00,70290.63,16862.44,679254.99,4
SP5-05355,ok,reserve,54667.78,0.00,0.00,0.00,0.00,4
SP5-05356,deficit,none,0.00,0.00,0.00,0.00,0.00,4
SP5-05357,ok,debt,4938.36,11522.83,0.00,0.00,0.00,3
SP5-05358,ok,debt,815.18,1902.10,0.00,0.00,0.00,4
SP5-05359,deficit,none,0.00,0.00,0.00,0.00,0.00,4
SP5-05360,ok,reserve,12749.42,8499.62,0.00,0.00,0.00,2
SP5-05361,deficit,none,0.00,0.00,0.00,0.00,1079313.62,5
SP5-05362,ok,reserve,104603.28,0.00,0.00,0.00,0.00,5
SP5-05363,ok,goals+,0.00,0.00,1129003.99,0.00,9767611.11,2
SP5-05364,ok,debt,2438.01,5688.70,427.72,0.00,0.00,3
SP5-05365,ok,reserve,2262.03,0.00,0.00,0.00,0.00,3
SP5-05366,deficit,none,0.00,0.00,0.00,0.00,25297582.43,5
SP5-05367,ok,reserve,9832.43,0.00,0.00,0.00,0.00,4
SP5-05368,deficit,none,0.00,0.00,0.00,0.00,4476818.86,5
SP5-05369,ok,debt,4340.96,10128.89,0.00,0.00,0.00,3
SP5-05370,deficit,none,0.00,0.00,0.00,0.00,340465.06,5
SP5-05371,deficit,none,0.00,0.00,0.00,0.00,3707470.13,5
SP5-05372,ok,reserve,14937.65,0.00,0.00,0.00,0.00,5
SP5-05373,ok,goals+,0.00,0.00,169678786.78,151420779.99,4548936245.42,2
SP5-05374,deficit,none,0.00,0.00,0.00,0.00,4825.09,5
SP5-05375,ok,goals+,0.00,0.00,23666.52,5744.22,135132.34,3
SP5-05376,deficit,none,0.00,0.00,0.00,0.00,0.00,4
SP5-05377,ok,goals+,165468.81,0.00,483892.95,0.00,0.00,2
SP5-05378,ok,debt,0.00,413715.72,21774.51,0.00,4891576.08,2
SP5-05379,deficit,none,0.00,0.00,0.00,0.00,45735.43,5
SP5-05380,ok,goals+,0.00,0.00,1607754.20,339808.63,30025719.13,2
SP5-05381,ok,debt,0.00,46665.81,8771.34,0.00,159502.86,2
SP5-05382,ok,goals+,0.00,0.00,339415.56,0.00,13172016.98,2
SP5-05383,ok,goals+,0.00,0.00,0.00,74666.64,0.00,5
SP5-05384,deficit,none,0.00,0.00,0.00,0.00,0.00,4
SP5-05385,deficit,none,0.00,0.00,0.00,0.00,561759.40,5
SP5-05386,invalid,none,0.00,0.00,0.00,0.00,0.00,5
SP5-05387,ok,goals+,0.00,0.00,477257.33,60578.29,763011.69,2
SP5-05388,deficit,none,0.00,0.00,0.00,0.00,1401282.17,5
SP5-05389,deficit,none,0.00,0.00,0.00,0.00,0.00,4
SP5-05390,ok,goals+,0.00,0.00,236665.17,57442.23,1478140.07,2
SP5-05391,deficit,none,0.00,0.00,0.00,0.00,15455.63,5
SP5-05392,deficit,none,0.00,0.00,0.00,0.00,0.00,4
SP5-05393,ok,reserve,273236.00,0.00,0.00,0.00,0.00,2
SP5-05394,ok,reserve,7358.17,0.00,0.00,0.00,0.00,5
SP5-05395,ok,reserve,4191.00,2794.00,367.63,0.00,89610.88,2
SP5-05396,ok,debt,0.00,5283.77,0.00,0.00,78514.64,3
SP5-05397,deficit,none,0.00,0.00,0.00,0.00,42014.22,5
SP5-05398,ok,debt,2292.23,5348.55,0.00,0.00,5000.00,4
SP5-05399,ok,debt,0.00,8719.48,0.00,0.00,52112.55,3
SP5-05400,ok,reserve,87984.11,0.00,0.00,0.00,0.00,5
SP5-05401,ok,reserve,9778.30,0.00,0.00,0.00,0.00,5
SP5-05402,ok,reserve,26612.10,0.00,0.00,0.00,0.00,3
SP5-05403,deficit,none,0.00,0.00,0.00,0.00,1470558.04,5
SP5-05404,ok,debt,219869.06,513027.80,0.00,0.00,0.00,2
SP5-05405,invalid,none,0.00,0.00,0.00,0.00,0.00,5
SP5-05406,deficit,none,0.00,0.00,0.00,0.00,12657.25,5
SP5-05407,ok,debt,36930.78,55396.17,0.00,0.00,26107.83,2
SP5-05408,ok,debt,0.00,3484225.79,43502.04,0.00,441246.21,2
SP5-05409,ok,debt,883.01,2060.36,0.00,0.00,0.00,4
SP5-05410,ok,goals+,0.00,0.00,1214563.68,0.00,24865276.16,2
SP5-05411,ok,reserve,6.55,0.00,0.00,0.00,0.00,3
SP5-05412,ok,none,0.00,0.00,0.00,0.00,0.00,5
SP5-05413,ok,debt,0.00,1881973.32,0.00,0.00,683595.75,2
SP5-05414,ok,reserve,12732.33,0.00,0.00,0.00,0.00,4
SP5-05415,ok,reserve,34584.61,0.00,0.00,0.00,0.00,3
SP5-05416,invalid,none,0.00,0.00,0.00,0.00,0.00,5
SP5-05417,deficit,none,0.00,0.00,0.00,0.00,0.00,4
SP5-05418,ok,reserve,48666.01,0.00,0.00,0.00,0.00,4
SP5-05419,ok,reserve,9268.64,6179.10,0.00,0.00,0.00,2
SP5-05420,invalid,none,0.00,0.00,0.00,0.00,0.00,5
SP5-05421,ok,debt,5874.88,13708.06,1030.68,0.00,0.00,3
SP5-05422,ok,reserve,2108.66,0.00,0.00,0.00,0.00,3
SP5-05423,ok,reserve,18179.35,12119.56,0.00,0.00,0.00,2
SP5-05424,ok,reserve,27870.92,0.00,0.00,0.00,0.00,5
SP5-05425,ok,reserve,8709.18,0.00,0.00,0.00,0.00,4
SP5-05426,ok,goals+,0.00,0.00,1267423.69,3654185.50,37167960.00,2
SP5-05427,ok,reserve,18313.79,0.00,2858.68,0.00,0.00,4
SP5-05428,ok,goals+,0.00,0.00,2191124.61,2675720.45,1480711.85,2
SP5-05429,ok,reserve,1723.08,1148.72,0.00,0.00,0.00,2
SP5-05430,ok,goals+,0.00,0.00,1044857.17,1711683.14,4487369.02,2
SP5-05431,ok,reserve,116739.49,0.00,0.00,0.00,0.00,4
SP5-05432,ok,debt,0.00,3154.41,0.00,0.00,45013.25,3
SP5-05433,ok,reserve,7449.88,0.00,0.00,0.00,0.00,3
SP5-05434,ok,goals+,0.00,0.00,20192.70,33810.63,200487.23,3
SP5-05435,ok,goals+,0.00,0.00,198418.81,167010.96,26012819.43,2
SP5-05436,deficit,none,0.00,0.00,0.00,0.00,14071289.16,5
SP5-05437,ok,goals+,1051.34,0.00,108246.47,100569.36,0.00,3
SP5-05438,invalid,none,0.00,0.00,0.00,0.00,0.00,5
SP5-05439,ok,reserve,16782.21,0.00,0.00,0.00,0.00,5
SP5-05440,ok,reserve,12032.37,0.00,0.00,0.00,0.00,3
SP5-05441,ok,goals+,0.00,0.00,6856.52,1825.67,227083.62,3
SP5-05442,ok,reserve,29797.88,0.00,0.00,0.00,0.00,5
SP5-05443,deficit,none,0.00,0.00,0.00,0.00,437312.63,5
SP5-05444,deficit,none,0.00,0.00,0.00,0.00,1635302.39,5
SP5-05445,deficit,none,0.00,0.00,0.00,0.00,45801.24,5
SP5-05446,ok,reserve,78472.03,0.00,17322.95,0.00,0.00,3
SP5-05447,ok,reserve,20334.18,0.00,0.00,0.00,0.00,4
SP5-05448,ok,goals+,0.00,0.00,1247785.70,1159859.74,30454870.96,2
SP5-05449,ok,goals+,0.00,0.00,348955950.59,430957617.67,2049076709.21,2
SP5-05450,ok,reserve,27389.98,0.00,0.00,0.00,0.00,5
SP5-05451,ok,reserve,4393.91,0.00,0.00,0.00,0.00,3
SP5-05452,ok,reserve,31723.83,0.00,0.00,0.00,0.00,3
SP5-05453,deficit,none,0.00,0.00,0.00,0.00,100847.87,5
SP5-05454,ok,goals+,0.00,0.00,1895849.34,1019847.14,17759733.18,2
SP5-05455,deficit,none,0.00,0.00,0.00,0.00,39345.99,5
SP5-05456,ok,goals+,0.00,0.00,43269.27,10371.62,7987939.67,3
SP5-05457,ok,reserve,21671.82,0.00,0.00,0.00,0.00,5
SP5-05458,ok,debt,0.00,3759270.42,0.00,0.00,1234432.49,2
SP5-05459,ok,debt,0.00,2387.52,0.00,0.00,116814.87,3
SP5-05460,deficit,none,0.00,0.00,0.00,0.00,0.00,4
SP5-05461,deficit,none,0.00,0.00,0.00,0.00,56309710.18,5
SP5-05462,deficit,none,0.00,0.00,0.00,0.00,58774.83,5
SP5-05463,ok,goals+,0.00,0.00,2319.85,5240.11,2077539.20,3
SP5-05464,ok,reserve,25198.48,0.00,0.00,0.00,0.00,5
SP5-05465,deficit,none,0.00,0.00,0.00,0.00,0.00,4
SP5-05466,deficit,none,0.00,0.00,0.00,0.00,78496.22,5
SP5-05467,deficit,none,0.00,0.00,0.00,0.00,14349429.91,5
SP5-05468,ok,debt,0.00,9258.37,0.00,0.00,206900.53,3
SP5-05469,ok,goals+,0.00,0.00,340040.66,136814.97,37352345.19,2
SP5-05470,ok,debt,0.00,4683.08,0.00,0.00,2147.39,3
SP5-05471,ok,goals+,713366.89,0.00,869417.57,0.00,0.00,2
SP5-05472,ok,reserve,42216.20,0.00,0.00,0.00,44599.51,4
SP5-05473,ok,debt,922504.91,2552253.16,0.00,0.00,0.00,2
SP5-05474,deficit,none,0.00,0.00,0.00,0.00,16336610.73,5
SP5-05475,deficit,none,0.00,0.00,0.00,0.00,13521230.07,5
SP5-05476,ok,reserve,244.24,0.00,0.00,0.00,0.00,5
SP5-05477,ok,goals+,0.00,0.00,118858.66,85345.50,2397968.63,3
SP5-05478,invalid,none,0.00,0.00,0.00,0.00,0.00,5
SP5-05479,ok,reserve,1.00,0.00,0.00,0.00,0.00,5
SP5-05480,ok,goals+,0.00,0.00,5009.16,0.00,1817626.95,3
SP5-05481,ok,debt,0.00,65216.67,0.00,0.00,6918.60,3
SP5-05482,deficit,none,0.00,0.00,0.00,0.00,0.00,4
SP5-05483,invalid,none,0.00,0.00,0.00,0.00,0.00,5
SP5-05484,invalid,none,0.00,0.00,0.00,0.00,0.00,5
SP5-05485,ok,goals+,0.00,0.00,1660.34,0.00,551395.13,3
SP5-05486,ok,reserve,13388.38,3285.54,0.00,0.00,0.00,3
SP5-05487,deficit,none,0.00,0.00,0.00,0.00,708406.95,5
SP5-05488,deficit,none,0.00,0.00,0.00,0.00,0.00,4
SP5-05489,deficit,none,0.00,0.00,0.00,0.00,0.00,4
SP5-05490,ok,reserve,14056.64,0.00,0.00,0.00,0.00,5
SP5-05491,ok,reserve,66265.91,0.00,0.00,0.00,0.00,5
SP5-05492,ok,goals+,0.00,0.00,18274.41,9276.93,391514.83,3
SP5-05493,ok,reserve,69266.94,0.00,0.00,0.00,0.00,3
SP5-05494,ok,goals+,0.00,0.00,763005.65,2050477.12,30527.21,2
SP5-05495,ok,debt,0.00,3674.16,0.00,0.00,6334.39,3
SP5-05496,ok,debt,2869.82,6696.25,503.48,0.00,0.00,3
SP5-05497,deficit,none,0.00,0.00,0.00,0.00,0.00,4
SP5-05498,ok,reserve,22057.31,0.00,0.00,0.00,51958.18,3
SP5-05499,deficit,none,0.00,0.00,0.00,0.00,0.00,4
SP5-05500,ok,goals+,0.00,0.00,419776.28,333471.78,8251148.41,2
SP5-05501,deficit,none,0.00,0.00,0.00,0.00,2763260.45,5
SP5-05502,deficit,none,0.00,0.00,0.00,0.00,392881.70,5
SP5-05503,ok,reserve,7428.77,0.00,0.00,0.00,0.00,5
SP5-05504,ok,debt,2635.76,6150.12,0.00,0.00,0.00,4
SP5-05505,ok,reserve,66014.31,16670.73,0.00,0.00,0.00,5
SP5-05506,deficit,none,0.00,0.00,0.00,0.00,0.00,4
SP5-05507,ok,reserve,3110.13,2073.42,0.00,0.00,0.00,2
SP5-05508,ok,reserve,3360.16,0.00,0.00,0.00,0.00,5
SP5-05509,ok,goals+,0.00,0.00,6032.54,3152.36,206367.42,3
SP5-05510,ok,reserve,28746.31,0.00,0.00,0.00,36803.06,3
SP5-05511,ok,goals+,0.00,0.00,1042401879.15,142171575.62,5000000.00,2
SP5-05512,deficit,none,0.00,0.00,0.00,0.00,577280.82,5
SP5-05513,ok,goals+,0.00,0.00,3017.89,533.91,0.00,4
SP5-05514,ok,reserve,23176.48,0.00,0.00,0.00,0.00,4
SP5-05515,ok,debt,8188.12,12282.18,0.00,0.00,138124.96,2
SP5-05516,ok,goals+,0.00,0.00,140053.91,72241.63,1015680.87,2
SP5-05517,ok,reserve,4132.64,2755.09,362.51,0.00,0.00,2
SP5-05518,ok,debt,2228.17,13704.97,838.59,0.00,0.00,3
SP5-05519,ok,reserve,32670.99,12466.36,0.00,0.00,0.00,5
SP5-05520,deficit,none,0.00,0.00,0.00,0.00,0.00,4
SP5-05521,deficit,none,0.00,0.00,0.00,0.00,0.00,4
SP5-05522,ok,reserve,4541.90,0.00,0.00,0.00,0.00,3
SP5-05523,ok,goals+,0.00,0.00,776723210.24,318987315.25,1095387337.76,2
SP5-05524,deficit,none,0.00,0.00,0.00,0.00,107252.33,5
SP5-05525,deficit,none,0.00,0.00,0.00,0.00,0.00,4
SP5-05526,ok,reserve,35181.89,0.00,0.00,0.00,0.00,3
SP5-05527,ok,goals+,0.00,0.00,92246.50,263663.38,6962058.27,2
SP5-05528,ok,goals+,0.00,0.00,0.00,54285.90,533732.77,5
SP5-05529,ok,debt,156783.74,3152266.56,0.00,0.00,0.00,2
SP5-05530,ok,reserve,11336.56,7557.70,994.43,0.00,0.00,2
SP5-05531,ok,reserve,1964.29,0.00,0.00,0.00,0.00,4
SP5-05532,ok,goals+,0.00,0.00,7805.16,0.00,98066.65,3
SP5-05533,ok,reserve,15048.22,0.00,0.00,0.00,0.00,5
SP5-05534,invalid,none,0.00,0.00,0.00,0.00,0.00,5
SP5-05535,ok,debt,11036.34,25751.47,0.00,0.00,0.00,4
SP5-05536,ok,goals+,0.00,0.00,16673.39,0.00,97157.76,3
SP5-05537,ok,goals+,0.00,0.00,1770.53,0.00,67554.77,3
SP5-05538,ok,goals+,0.00,0.00,5128.77,0.00,732394.17,3
SP5-05539,deficit,none,0.00,0.00,0.00,0.00,0.00,4
SP5-05540,ok,reserve,39324.90,26216.60,0.00,0.00,0.00,2
SP5-05541,ok,reserve,16363.51,10909.00,0.00,0.00,0.00,2
SP5-05542,ok,reserve,6098.68,0.00,0.00,0.00,5000.00,3
SP5-05543,ok,goals+,0.00,0.00,7325.42,0.00,679467.40,3
SP5-05544,ok,goals+,0.00,0.00,96906.02,223988.69,6373331.63,2
SP5-05545,deficit,none,0.00,0.00,0.00,0.00,3166826.11,5
SP5-05546,deficit,none,0.00,0.00,0.00,0.00,4924671.80,5
SP5-05547,ok,reserve,9333.34,0.00,0.00,0.00,0.00,1
SP5-05548,ok,goals+,0.00,0.00,3670.13,0.00,369304.35,3
SP5-05549,ok,debt,2476.46,5778.40,0.00,0.00,49491.42,3
SP5-05550,ok,goals+,9656.73,0.00,14662.48,0.00,0.00,1
SP5-05551,ok,debt,0.00,2769623.21,0.00,0.00,59339.62,2
SP5-05552,deficit,none,0.00,0.00,0.00,0.00,419590.51,5
SP5-05553,invalid,none,0.00,0.00,0.00,0.00,0.00,5
SP5-05554,ok,reserve,3865.28,0.00,0.00,0.00,0.00,4
SP5-05555,ok,none,0.00,0.00,0.00,0.00,0.00,5
SP5-05556,ok,debt,10525.00,24558.34,0.00,0.00,0.00,3
SP5-05557,ok,debt,0.00,6468.49,0.00,0.00,43950.50,3
SP5-05558,ok,goals+,0.00,0.00,2082.02,0.00,110235.62,3
SP5-05559,ok,reserve,5531.93,0.00,0.00,0.00,0.00,4
SP5-05560,deficit,none,0.00,0.00,0.00,0.00,91511.92,5
SP5-05561,deficit,none,0.00,0.00,0.00,0.00,427077.37,5
SP5-05562,ok,reserve,3110.13,2073.42,0.00,0.00,0.00,2
SP5-05563,deficit,none,0.00,0.00,0.00,0.00,4815356.82,5
SP5-05564,ok,debt,6071.78,14167.49,1065.22,0.00,0.00,3
SP5-05565,ok,goals+,0.00,0.00,449512.69,580139.17,9472176.49,2
SP5-05566,ok,reserve,39331.11,0.00,0.00,0.00,0.00,5
SP5-05567,ok,reserve,39208.85,0.00,0.00,0.00,0.00,3
SP5-05568,invalid,none,0.00,0.00,0.00,0.00,0.00,5
SP5-05569,ok,reserve,5353.62,0.00,0.00,0.00,0.00,3
SP5-05570,ok,goals+,0.00,0.00,35647.15,0.00,0.00,4
SP5-05571,ok,debt,0.00,36697.81,0.00,0.00,368858.44,3
SP5-05572,deficit,none,0.00,0.00,0.00,0.00,3418006.11,5
SP5-05573,ok,reserve,37528.03,13789.33,0.00,0.00,0.00,5
SP5-05574,ok,goals+,0.00,0.00,27305.13,0.00,31254.16,3
SP5-05575,deficit,none,0.00,0.00,0.00,0.00,0.00,4
SP5-05576,deficit,none,0.00,0.00,0.00,0.00,146224.02,5
SP5-05577,ok,debt,0.00,3638.81,0.00,0.00,143330.49,3
SP5-05578,ok,reserve,18206.25,0.00,0.00,0.00,0.00,5
SP5-05579,deficit,none,0.00,0.00,0.00,0.00,634134.72,5
SP5-05580,ok,debt,124046.82,3689167.66,0.00,0.00,0.00,2
SP5-05581,ok,reserve,7686.04,0.00,2106.96,0.00,0.00,5
SP5-05582,deficit,none,0.00,0.00,0.00,0.00,9021543.17,5
SP5-05583,ok,debt,7585.17,17698.73,0.00,0.00,0.00,3
SP5-05584,deficit,none,0.00,0.00,0.00,0.00,13349.15,5
SP5-05585,ok,debt,3858.68,9003.59,0.00,0.00,0.00,3
SP5-05586,ok,debt,923.57,1385.35,0.00,0.00,20097.02,2
SP5-05587,ok,goals+,0.00,0.00,0.00,3337563.57,51839344.84,2
SP5-05588,ok,goals+,0.00,0.00,25312.39,8049.66,329129.48,3
SP5-05589,ok,reserve,31562.99,0.00,0.00,0.00,89286.52,3
SP5-05590,deficit,none,0.00,0.00,0.00,0.00,0.00,4
SP5-05591,ok,none,0.00,0.00,0.00,0.00,0.00,5
SP5-05592,ok,reserve,7760.87,5173.92,0.00,0.00,0.00,2
SP5-05593,ok,goals+,0.00,0.00,0.00,4921.07,101187.47,4
SP5-05594,ok,goals+,0.00,0.00,1801174.81,2723349.75,3967188.30,2
SP5-05595,ok,debt,7173.53,16738.25,0.00,0.00,0.00,3
SP5-05596,ok,reserve,22424.93,14949.96,0.00,0.00,0.00,2
SP5-05597,ok,debt,1537.67,3587.91,269.77,0.00,0.00,3
SP5-05598,deficit,none,0.00,0.00,0.00,0.00,234094.02,5
SP5-05599,ok,reserve,1628.67,1085.78,0.00,0.00,0.00,2
SP5-05600,deficit,none,0.00,0.00,0.00,0.00,0.00,4
SP5-05601,deficit,none,0.00,0.00,0.00,0.00,60693.51,5
SP5-05602,ok,debt,8584.77,20031.14,1506.10,0.00,24148.87,3
SP5-05603,ok,debt,39962.92,59944.37,0.00,0.00,958537.88,2
SP5-05604,ok,reserve,3261.36,2174.24,0.00,0.00,0.00,2
SP5-05605,deficit,none,0.00,0.00,0.00,0.00,143216.94,5
SP5-05606,deficit,none,0.00,0.00,0.00,0.00,37086.10,5
SP5-05607,deficit,none,0.00,0.00,0.00,0.00,0.00,4
SP5-05608,ok,goals+,0.00,0.00,14433.82,4255.96,43463.36,3
SP5-05609,deficit,none,0.00,0.00,0.00,0.00,21421.56,5
SP5-05610,ok,debt,0.00,36697.81,0.00,0.00,368858.44,3
SP5-05611,ok,reserve,5246.69,0.00,0.00,0.00,0.00,5
SP5-05612,ok,reserve,7205.32,4803.55,0.00,0.00,0.00,2
SP5-05432,ok,goals+,954.38,636.25,4120.51,0.00,0.00,2
SP5-05614,ok,reserve,5891.83,1821.72,0.00,0.00,0.00,5
SP5-05615,ok,debt,926.49,2161.81,0.00,0.00,0.00,4
SP5-05616,ok,reserve,2253.19,1502.12,0.00,0.00,0.00,2
SP5-05617,ok,reserve,51121.88,0.00,0.00,0.00,0.00,5
SP5-05618,ok,reserve,18566.72,6671.66,0.00,0.00,0.00,5
SP5-05619,ok,goals+,0.00,0.00,113407.71,0.00,400327.96,4
SP5-05620,ok,reserve,11896.76,7931.17,0.00,0.00,0.00,2
SP5-05621,ok,goals+,0.00,0.00,15680.15,0.00,0.00,4
SP5-05622,deficit,none,0.00,0.00,0.00,0.00,0.00,4
SP5-05323,ok,reserve,83732.44,55821.63,0.00,0.00,0.00,2
SP5-05624,ok,reserve,24852.19,0.00,0.00,0.00,0.00,4
SP5-05625,ok,debt,926.49,2161.81,0.00,0.00,0.00,4
SP5-05626,ok,reserve,44218.90,0.00,0.00,0.00,0.00,5
SP5-05627,ok,reserve,4229.05,2819.36,0.00,0.00,0.00,2
SP5-05628,ok,debt,0.00,43507.90,0.00,0.00,16081.76,3
SP5-05629,deficit,none,0.00,0.00,0.00,0.00,0.00,4
SP5-05630,ok,goals+,0.00,0.00,10121.54,2146.76,0.00,4
SP5-05631,ok,debt,26246.04,39369.05,0.00,0.00,15944.90,2
SP5-05632,ok,debt,3339.68,7792.57,0.00,0.00,0.00,3
SP5-05633,ok,goals+,0.00,0.00,7105.13,4034.27,68032.31,3
SP5-05634,ok,reserve,7184.75,0.00,0.00,0.00,0.00,4
SP5-05635,ok,debt,5005.38,7508.07,0.00,0.00,6649.82,2
SP5-05636,deficit,none,0.00,0.00,0.00,0.00,5716781.23,5
SP5-05637,ok,reserve,15681.72,0.00,0.00,0.00,0.00,1
SP5-05638,ok,reserve,16149.56,0.00,0.00,0.00,0.00,4
SP5-05639,ok,debt,2860.90,6675.44,0.00,0.00,0.00,3
SP5-05640,ok,reserve,12165.21,0.00,0.00,0.00,0.00,5
SP5-05641,deficit,none,0.00,0.00,0.00,0.00,8533168.39,5
SP5-05642,ok,reserve,935.65,0.00,0.00,0.00,0.00,3
SP5-05643,ok,goals+,0.00,0.00,1745.84,2905.81,175940.50,3
SP5-05644,deficit,none,0.00,0.00,0.00,0.00,7980914.54,5
SP5-05645,ok,debt,268.49,626.47,0.00,0.00,0.00,3
SP5-05646,ok,reserve,15728.09,0.00,0.00,0.00,0.00,2
SP5-05647,ok,reserve,7573.98,0.00,0.00,0.00,0.00,3
SP5-05648,deficit,none,0.00,0.00,0.00,0.00,0.00,4
SP5-05649,deficit,none,0.00,0.00,0.00,0.00,1076664.83,5
SP5-05650,ok,goals+,0.00,0.00,1758490.16,1723176.70,9600268.75,2
SP5-05651,ok,goals+,0.00,0.00,3840093.31,466874.61,2679168.18,2
SP5-05652,ok,debt,2321.62,6970.31,0.00,0.00,0.00,3
SP5-05653,ok,goals+,0.00,0.00,27079.37,0.00,0.00,2
SP5-05654,ok,goals+,0.00,0.00,208563.04,0.00,110176.87,3
SP5-05655,ok,goals+,0.00,0.00,309612124.65,179234469.05,3589706676.11,2
SP5-05656,ok,goals+,0.00,0.00,20250.46,72888.33,1246609.15,3
SP5-05657,invalid,none,0.00,0.00,0.00,0.00,0.00,5
SP5-05658,ok,debt,84775.21,1856318.35,0.00,0.00,0.00,2
SP5-05659,ok,goals+,0.00,0.00,87348.57,7332.00,55533.54,3
SP5-05660,deficit,none,0.00,0.00,0.00,0.00,0.00,4
SP5-05661,ok,reserve,7460.05,0.00,0.00,0.00,0.00,5
SP5-05662,ok,reserve,4632.89,2843.28,393.48,0.00,0.00,5
SP5-05663,ok,reserve,4164.47,2776.32,0.00,0.00,0.00,2
SP5-05664,ok,goals+,0.00,0.00,86962.01,165549.33,403650.45,3
SP5-05665,invalid,none,0.00,0.00,0.00,0.00,0.00,5
SP5-05666,ok,goals+,0.00,0.00,9934.64,3749.83,215363.44,3
SP5-05667,ok,goals+,0.00,0.00,14235.33,5578.83,152332.76,3
SP5-05668,ok,debt,0.00,2628096.34,76356.97,0.00,28249.83,2
SP5-05669,invalid,none,0.00,0.00,0.00,0.00,0.00,5
SP5-05670,ok,debt,0.00,4573.10,240.69,0.00,36407.36,3
SP5-05671,deficit,none,0.00,0.00,0.00,0.00,521200.71,5
SP5-05672,ok,reserve,15705.32,0.00,0.00,0.00,78596.36,3
SP5-05673,deficit,none,0.00,0.00,0.00,0.00,0.00,4
SP5-05674,ok,reserve,28307.92,0.00,0.00,12950.79,0.00,3
SP5-05675,ok,reserve,26210.81,17473.87,2299.19,0.00,0.00,2
SP5-05676,deficit,none,0.00,0.00,0.00,0.00,93643.46,5
SP5-05677,ok,reserve,1204.68,0.00,0.00,0.00,0.00,5
SP5-05678,deficit,none,0.00,0.00,0.00,0.00,0.00,4
SP5-05679,deficit,none,0.00,0.00,0.00,0.00,24979.52,5
SP5-05680,ok,reserve,8025.21,0.00,0.00,0.00,0.00,3
SP5-05681,deficit,none,0.00,0.00,0.00,0.00,67028636.17,5
SP5-05682,deficit,none,0.00,0.00,0.00,0.00,7050245.61,5
SP5-05683,deficit,none,0.00,0.00,0.00,0.00,1068716.57,5
SP5-05684,ok,reserve,781.07,520.71,0.00,0.00,0.00,2
SP5-05685,ok,debt,3427.94,7998.52,0.00,0.00,0.00,3
SP5-05686,ok,goals+,0.00,0.00,1382048.22,431032.46,67267599.78,2
SP5-05687,ok,goals+,0.00,0.00,6140.69,0.00,0.00,1
SP5-05688,ok,goals+,0.00,0.00,2690.68,1577.01,192669.18,3
SP5-05689,deficit,none,0.00,0.00,0.00,0.00,279409.18,5
SP5-05690,deficit,none,0.00,0.00,0.00,0.00,66163.90,5
SP5-05691,ok,goals+,0.00,0.00,753.00,0.00,0.00,4
SP5-05692,ok,debt,0.00,2716018.33,0.00,0.00,1112914.59,2
SP5-05693,ok,goals+,0.00,0.00,3770470.27,1878138.27,74827737.50,2
SP5-05694,ok,debt,184.11,429.59,0.00,0.00,0.00,4
SP5-05695,ok,reserve,619613.70,219470.51,0.00,0.00,0.00,2
SP5-05696,ok,goals+,0.00,0.00,81005.49,33072.03,12387001.60,2
SP5-05697,ok,reserve,2071.16,0.00,0.00,0.00,0.00,3
SP5-05698,deficit,none,0.00,0.00,0.00,0.00,6215053.41,5
SP5-05699,deficit,none,0.00,0.00,0.00,0.00,0.00,4
SP5-05700,deficit,none,0.00,0.00,0.00,0.00,1765958.09,5
SP5-05701,ok,reserve,20281.22,0.00,0.00,0.00,0.00,3
SP5-05702,deficit,none,0.00,0.00,0.00,0.00,0.00,4
SP5-05703,ok,reserve,24673.75,0.00,0.00,0.00,0.00,3
SP5-05704,deficit,none,0.00,0.00,0.00,0.00,0.00,4
SP5-05705,ok,goals+,0.00,0.00,17386.25,13734.79,44644.23,3
SP5-05706,ok,goals+,3287.70,0.00,12319.81,0.00,0.00,1
SP5-05707,ok,reserve,63787.86,0.00,0.00,0.00,0.00,5
SP5-05708,invalid,none,0.00,0.00,0.00,0.00,0.00,5
SP5-05709,ok,goals+,0.00,0.00,3913201.11,0.00,0.00,2
SP5-05710,ok,goals+,0.00,0.00,7472.33,0.00,2012604.83,3
SP5-05711,ok,reserve,781.07,520.71,0.00,0.00,0.00,2
SP5-05712,ok,goals+,0.00,0.00,748.26,0.00,397219.44,3
SP5-05713,deficit,none,0.00,0.00,0.00,0.00,291350.92,5
SP5-05714,ok,reserve,7519.97,5013.31,0.00,0.00,0.00,2
SP5-05715,ok,goals+,0.00,0.00,1058.06,0.00,1712372.16,3
SP5-05716,ok,debt,1319.17,3078.06,0.00,0.00,0.00,3
SP5-05717,invalid,none,0.00,0.00,0.00,0.00,0.00,5
SP5-05718,ok,reserve,7973.11,0.00,0.00,0.00,0.00,5
SP5-05719,ok,goals+,722.99,0.00,3674.26,0.00,0.00,3
SP5-05720,ok,goals+,0.00,0.00,46873.23,11623.52,0.00,4
SP5-05721,deficit,none,0.00,0.00,0.00,0.00,0.00,4
SP5-05690,deficit,none,0.00,0.00,0.00,0.00,0.00,4
SP5-05020,invalid,none,0.00,0.00,0.00,0.00,0.00,5
SP5-05724,ok,goals+,0.00,0.00,7513.93,0.00,20400.41,3
SP5-05725,deficit,none,0.00,0.00,0.00,0.00,546343.37,5
SP5-05726,ok,goals+,0.00,0.00,7995.60,1808.13,33087.62,3
SP5-05727,ok,reserve,12374.60,0.00,0.00,0.00,0.00,5
SP5-05728,ok,debt,0.00,1583.28,0.00,0.00,30504.79,3
SP5-05729,ok,goals+,0.00,0.00,0.00,1698840.55,37853015.83,2
SP5-05730,ok,reserve,9038.76,0.00,0.00,0.00,0.00,3
SP5-05731,ok,debt,3215.19,7502.12,0.00,0.00,0.00,4
SP5-05732,deficit,none,0.00,0.00,0.00,0.00,0.00,4
SP5-05733,ok,reserve,7273.98,4849.32,0.00,0.00,0.00,2
SP5-05734,ok,debt,5648.54,8472.81,0.00,0.00,83335.71,2
SP5-05735,deficit,none,0.00,0.00,0.00,0.00,0.00,4
SP5-05736,ok,reserve,4776.66,3184.44,419.01,0.00,0.00,2
SP5-05737,ok,reserve,34284.20,0.00,0.00,0.00,0.00,3
SP5-05738,ok,reserve,14160.42,0.00,0.00,0.00,0.00,1
SP5-05739,deficit,none,0.00,0.00,0.00,0.00,425060.95,5
SP5-05740,deficit,none,0.00,0.00,0.00,0.00,0.00,4
SP5-05741,ok,reserve,8593.73,0.00,0.00,0.00,0.00,3
SP5-05742,ok,goals+,0.00,0.00,27774.52,0.00,668213.18,3
SP5-05743,ok,debt,0.00,91162.27,4798.01,0.00,397631.89,3
SP5-05744,ok,goals+,0.00,0.00,1454755.17,629730.44,37907247.58,2
SP5-05745,ok,goals+,0.00,0.00,168854.52,0.00,22554056.13,2
SP5-05746,ok,goals+,0.00,0.00,42396.95,0.00,333714.89,3
SP5-05747,deficit,none,0.00,0.00,0.00,0.00,0.00,4
SP5-05748,ok,goals+,0.00,0.00,20168.95,0.00,0.00,2
SP5-05749,deficit,none,0.00,0.00,0.00,0.00,0.00,4
SP5-05750,deficit,none,0.00,0.00,0.00,0.00,0.00,4
SP5-05751,ok,reserve,20408.97,0.00,0.00,0.00,0.00,5
SP5-05752,ok,reserve,5399.46,0.00,0.00,0.00,0.00,4
SP5-05753,deficit,none,0.00,0.00,0.00,0.00,298778.30,5
SP5-05754,ok,reserve,28225.44,0.00,0.00,0.00,0.00,4
SP5-05755,ok,reserve,9670.66,6447.11,848.30,0.00,0.00,2
SP5-05756,ok,goals+,0.00,0.00,56274.50,26026.68,622488.80,3
SP5-05757,ok,debt,3477.28,8113.66,0.00,0.00,0.00,4
SP5-05758,ok,debt,6934.41,10401.61,0.00,0.00,9423.38,2
SP5-05759,ok,reserve,30510.33,0.00,0.00,0.00,0.00,5
SP5-05760,ok,debt,1294.90,3021.42,227.18,0.00,0.00,3
SP5-05761,deficit,none,0.00,0.00,0.00,0.00,0.00,4
SP5-05762,deficit,none,0.00,0.00,0.00,0.00,0.00,4
SP5-05763,ok,reserve,25658.99,0.00,0.00,0.00,0.00,5
SP5-05764,deficit,none,0.00,0.00,0.00,0.00,10622371.62,5
SP5-05765,ok,goals+,12617.81,0.00,15114.02,0.00,0.00,3
SP5-05766,deficit,none,0.00,0.00,0.00,0.00,7289885.91,5
SP5-05767,ok,reserve,4837.70,3225.14,0.00,0.00,0.00,2
SP5-05768,ok,debt,465.82,698.72,0.00,0.00,8029.39,2
SP5-05769,ok,goals+,0.00,0.00,2549.98,817.87,108013.63,3
SP5-05770,ok,reserve,32558.49,0.00,0.00,0.00,0.00,5
SP5-05771,deficit,none,0.00,0.00,0.00,0.00,348557.03,5
SP5-05772,ok,goals+,0.00,0.00,159617.88,0.00,19859795.25,2
SP5-05773,ok,goals+,0.00,0.00,231675.01,0.00,18954157.50,2
SP5-05774,ok,goals+,0.00,0.00,363542.88,0.00,39612244.53,2
SP5-05775,ok,debt,714921.11,1668149.26,0.00,0.00,0.00,2
SP5-05776,ok,goals+,0.00,0.00,1103.82,0.00,0.00,2
SP5-05777,ok,reserve,8754.48,0.00,0.00,0.00,7888.97,4
SP5-05778,ok,reserve,6616.02,4410.68,0.00,0.00,0.00,2
SP5-05779,ok,goals+,0.00,0.00,7230.89,0.00,60603.41,3
SP5-08536,invalid,none,0.00,0.00,0.00,0.00,0.00,5
SP5-05781,ok,debt,6501.20,15169.46,0.00,0.00,0.00,3
SP5-05782,ok,goals+,0.00,0.00,0.00,24977.83,130980.24,5
SP5-05783,deficit,none,0.00,0.00,0.00,0.00,0.00,4
SP5-05784,ok,reserve,4343.54,2895.69,0.00,0.00,0.00,2
SP5-05785,deficit,none,0.00,0.00,0.00,0.00,71076.49,5
SP5-05786,deficit,none,0.00,0.00,0.00,0.00,0.00,4
SP5-05432,ok,goals+,0.00,0.00,2852.56,0.00,0.00,3
SP5-05788,ok,reserve,28178.03,0.00,0.00,0.00,400824.34,2
SP5-05789,ok,debt,136067.19,317490.11,0.00,0.00,44589.96,2
SP5-05790,ok,goals+,705305.93,0.00,1413648.46,0.00,0.00,2
SP5-05791,ok,reserve,9847.65,0.00,0.00,0.00,0.00,3
SP5-05792,invalid,none,0.00,0.00,0.00,0.00,0.00,5
SP5-05793,ok,debt,0.00,17320.65,911.61,0.00,178039.11,3
SP5-05794,deficit,none,0.00,0.00,0.00,0.00,3169385.09,5
SP5-05795,ok,goals+,0.00,0.00,0.00,19602.63,0.00,5
SP5-05796,ok,goals+,0.00,0.00,2305.44,0.00,3266.94,2
SP5-05797,ok,reserve,4504.65,3003.10,0.00,0.00,0.00,2
SP5-05798,ok,reserve,7857.10,0.00,0.00,0.00,0.00,4
SP5-05799,deficit,none,0.00,0.00,0.00,0.00,161781.20,5
SP5-05800,ok,goals+,0.00,0.00,27407.87,0.00,0.00,3
SP5-05801,ok,reserve,12741.21,0.00,0.00,0.00,0.00,3
SP5-05802,invalid,none,0.00,0.00,0.00,0.00,0.00,5
SP5-05803,ok,reserve,5518.63,3679.08,0.00,0.00,0.00,2
SP5-05804,ok,debt,6205.16,9307.74,0.00,0.00,4395.33,2
SP5-05805,ok,debt,4386.12,6579.19,0.00,0.00,22340.54,2
SP5-05806,invalid,none,0.00,0.00,0.00,0.00,0.00,5
SP5-05807,ok,goals+,0.00,0.00,254.30,0.00,139954.52,3
SP5-05808,deficit,none,0.00,0.00,0.00,0.00,0.00,4
SP5-05809,ok,goals+,0.00,0.00,31250.89,0.00,10043.55,2
SP5-05810,ok,reserve,3458.30,2305.53,0.00,0.00,0.00,2
SP5-05811,deficit,none,0.00,0.00,0.00,0.00,0.00,4
SP5-05812,deficit,none,0.00,0.00,0.00,0.00,1429232.55,5
SP5-05813,ok,goals+,0.00,0.00,254.30,0.00,139954.52,3
SP5-05814,ok,goals+,0.00,0.00,241691.71,64069.69,26436530.56,2
SP5-05815,deficit,none,0.00,0.00,0.00,0.00,0.00,4
SP5-05816,deficit,none,0.00,0.00,0.00,0.00,1770014.67,5
SP5-05817,ok,reserve,4566.51,0.00,0.00,0.00,6666.12,4
SP5-05818,deficit,none,0.00,0.00,0.00,0.00,568813.09,5
SP5-05819,deficit,none,0.00,0.00,0.00,0.00,32353743.88,5
SP5-05820,deficit,none,0.00,0.00,0.00,0.00,0.00,4
SP5-05821,ok,reserve,41954.85,0.00,0.00,0.00,0.00,5
SP5-05822,deficit,none,0.00,0.00,0.00,0.00,0.00,4
SP5-05823,ok,reserve,12983.44,0.00,0.00,0.00,0.00,5
SP5-05824,ok,goals+,0.00,0.00,88762.73,0.00,2021628.35,3
SP5-05825,ok,goals+,0.00,0.00,2012.07,0.00,223267.73,3
SP5-05826,deficit,none,0.00,0.00,0.00,0.00,97366.98,5
SP5-05827,ok,goals+,0.00,0.00,3076.99,0.00,0.00,2
SP5-05828,ok,goals+,0.00,0.00,112214.11,0.00,6794664.88,2
SP5-05829,ok,goals+,0.00,0.00,525.06,0.00,1240323.99,3
SP5-05830,ok,goals+,0.00,0.00,64567.92,0.00,0.00,3
SP5-05831,deficit,none,0.00,0.00,0.00,0.00,4639207.41,5
SP5-05832,ok,reserve,64437.29,0.00,0.00,0.00,0.00,3
SP5-05833,ok,goals+,0.00,0.00,58907.18,200156.42,75599.29,3
SP5-05834,deficit,none,0.00,0.00,0.00,0.00,48159.03,5
SP5-05835,ok,reserve,18870.46,0.00,0.00,0.00,0.00,4
SP5-05836,ok,reserve,15823.16,0.00,0.00,0.00,0.00,3
SP5-05837,ok,debt,212.30,495.37,0.00,0.00,0.00,3
SP5-05838,ok,reserve,87805.05,10563.46,0.00,0.00,0.00,5
SP5-05839,ok,goals+,0.00,0.00,88762.73,0.00,2021628.35,3
SP5-05840,ok,reserve,3302.84,0.00,0.00,0.00,0.00,5
SP5-05841,ok,reserve,3835.10,0.00,0.00,0.00,0.00,3
SP5-05842,ok,goals+,0.00,0.00,1296192.09,842565.36,5151096.91,2
SP5-05843,ok,reserve,12423.25,0.00,0.00,0.00,0.00,3
SP5-05844,deficit,none,0.00,0.00,0.00,0.00,0.00,4
SP5-05845,ok,goals+,0.00,0.00,44739.27,12811.15,238840.24,3
SP5-05846,ok,goals+,0.00,0.00,73092.50,0.00,8799823.26,2
SP5-05847,ok,none,0.00,0.00,0.00,0.00,0.00,5
SP5-05848,ok,reserve,19385.43,0.00,0.00,0.00,0.00,3
SP5-05849,ok,goals+,0.00,0.00,577230.73,0.00,0.00,2
SP5-05850,ok,reserve,4083.17,0.00,0.00,0.00,0.00,5
SP5-05851,invalid,none,0.00,0.00,0.00,0.00,0.00,5
SP5-05852,ok,debt,0.00,5543.62,0.00,0.00,1994.23,3
SP5-05853,ok,goals+,0.00,0.00,5743.18,215.92,427642.33,3
SP5-05854,ok,debt,547649.52,1277848.89,0.00,0.00,0.00,2
SP5-05855,ok,goals+,0.00,0.00,9266.05,1321.58,128650.48,3
SP5-05856,ok,reserve,11650.10,0.00,0.00,0.00,0.00,5
SP5-05857,ok,reserve,40076.43,0.00,0.00,0.00,0.00,3
SP5-05858,deficit,none,0.00,0.00,0.00,0.00,1141.15,5
SP5-05859,deficit,none,0.00,0.00,0.00,0.00,0.00,4
SP5-05860,ok,reserve,30992.95,20661.97,0.00,0.00,0.00,2
SP5-05861,ok,goals+,0.00,0.00,10661.92,19747.91,3984.19,3
SP5-05862,ok,reserve,13911.22,0.00,0.00,0.00,0.00,4
SP5-05863,ok,reserve,1389.52,926.35,0.00,0.00,0.00,2
SP5-05864,ok,reserve,32269.70,0.00,0.00,0.00,0.00,5
SP5-05865,ok,goals+,0.00,0.00,2290.50,0.00,104674.11,1
SP5-05866,ok,debt,0.00,5400.09,0.00,0.00,11699.64,3
SP5-05867,ok,reserve,7760.62,5173.75,0.00,0.00,0.00,2
SP5-05868,ok,debt,1438.01,3355.37,0.00,0.00,0.00,3
SP5-05869,ok,goals+,0.00,0.00,1188722.03,526337.04,5902435.25,2
SP5-05870,ok,reserve,8526.82,5684.54,0.00,0.00,0.00,2
SP5-05871,ok,reserve,3138.14,0.00,0.00,0.00,0.00,3
SP5-05872,deficit,none,0.00,0.00,0.00,0.00,299617.63,5
SP5-05873,ok,reserve,29517.36,0.00,0.00,0.00,0.00,5
SP5-05874,ok,reserve,6536.75,0.00,0.00,0.00,0.00,4
SP5-05875,ok,reserve,7718.51,0.00,0.00,0.00,0.00,5
SP5-05876,ok,goals+,0.00,0.00,1232.88,407.94,630661.91,3
SP5-05877,ok,debt,9749.44,22748.69,0.00,0.00,0.00,3
SP5-05878,deficit,none,0.00,0.00,0.00,0.00,0.00,4
SP5-05879,ok,debt,0.00,2597300.52,34563.45,0.00,98212.14,2
SP5-05880,invalid,none,0.00,0.00,0.00,0.00,0.00,5
SP5-05881,ok,reserve,19308.41,0.00,0.00,0.00,0.00,5
SP5-05882,deficit,none,0.00,0.00,0.00,0.00,0.00,4
SP5-05883,ok,debt,6805.65,15879.85,0.00,0.00,0.00,4
SP5-05884,ok,reserve,4663.46,3108.98,0.00,0.00,0.00,2
SP5-05885,ok,goals+,0.00,0.00,0.00,13798.02,27922.75,5
SP5-05886,deficit,none,0.00,0.00,0.00,0.00,0.00,4
SP5-05887,ok,reserve,2270.35,1513.56,0.00,0.00,0.00,2
SP5-05888,ok,reserve,8858.27,0.00,0.00,0.00,0.00,4
SP5-05889,deficit,none,0.00,0.00,0.00,0.00,0.00,4
SP5-05890,ok,goals+,1624364.18,0.00,1928721.66,228985.21,0.00,2
SP5-05891,ok,debt,528.20,1232.48,0.00,0.00,0.00,3
SP5-05892,deficit,none,0.00,0.00,0.00,0.00,0.00,4
SP5-05893,invalid,none,0.00,0.00,0.00,0.00,0.00,5
SP5-05894,deficit,none,0.00,0.00,0.00,0.00,822228.94,5
SP5-05895,ok,reserve,5897.54,3931.69,0.00,0.00,0.00,2
SP5-05896,deficit,none,0.00,0.00,0.00,0.00,25884.13,5
SP5-05897,ok,reserve,30992.95,20661.97,0.00,0.00,0.00,2
SP5-05898,deficit,none,0.00,0.00,0.00,0.00,0.00,4
SP5-05899,ok,goals+,0.00,0.00,1932749.24,249061.67,0.00,2
SP5-05900,deficit,none,0.00,0.00,0.00,0.00,0.00,4
SP5-05901,ok,reserve,1257.58,0.00,0.00,0.00,0.00,5
SP5-05902,ok,reserve,1257.58,0.00,0.00,0.00,0.00,5
SP5-05903,deficit,none,0.00,0.00,0.00,0.00,0.00,4
SP5-05904,ok,debt,0.00,27139.67,0.00,0.00,3348.60,3
SP5-05905,ok,goals+,0.00,0.00,27939.18,6543.55,95409.43,3
SP5-05906,ok,goals+,0.00,0.00,440695.39,0.00,0.00,2
SP5-05907,ok,goals+,0.00,0.00,4096.82,0.00,471547.98,3
SP5-05908,ok,goals+,0.00,0.00,0.00,54260.08,2033078.33,3
SP5-05909,ok,goals+,0.00,0.00,22507.13,0.00,52769857.87,2
SP5-05910,deficit,none,0.00,0.00,0.00,0.00,2729801.01,5
SP5-05911,ok,goals+,0.00,0.00,13519.28,9088.58,3025146.39,3
SP5-05912,deficit,none,0.00,0.00,0.00,0.00,1671446.26,5
SP5-05913,ok,reserve,7515.40,5010.26,0.00,0.00,0.00,2
SP5-05914,deficit,none,0.00,0.00,0.00,0.00,0.00,4
SP5-05915,ok,goals+,0.00,0.00,5270.87,12878.68,210200.19,3
SP5-05916,ok,reserve,83126.77,55417.85,3646.15,0.00,0.00,2
SP5-05917,deficit,none,0.00,0.00,0.00,0.00,41885.35,5
SP5-05918,ok,reserve,9752.70,6501.80,0.00,0.00,0.00,2
SP5-05919,ok,reserve,17416.69,3228.66,0.00,0.00,0.00,5
SP5-05920,ok,reserve,6913.59,0.00,0.00,0.00,0.00,4
SP5-05921,ok,goals+,0.00,0.00,368274844.16,5681842.81,0.00,2
SP5-05922,ok,reserve,45347.03,30231.35,0.00,0.00,0.00,2
SP5-05923,ok,goals+,0.00,0.00,3941.44,1494.31,73056.50,3
SP5-05924,deficit,none,0.00,0.00,0.00,0.00,390333.16,5
SP5-05925,ok,reserve,6439.59,0.00,4318.89,0.00,0.00,2
SP5-05926,deficit,none,0.00,0.00,0.00,0.00,838709.93,5
SP5-05927,deficit,none,0.00,0.00,0.00,0.00,24575995.74,5
SP5-05928,deficit,none,0.00,0.00,0.00,0.00,669493.73,5
SP5-05929,ok,goals+,0.00,0.00,826897270.83,85421865.35,6466760269.15,2
SP5-05930,ok,debt,0.00,27139.67,0.00,0.00,6789.35,3
SP5-05931,ok,goals+,0.00,0.00,440251.02,107421.74,0.00,2
SP5-05932,ok,reserve,834.22,0.00,0.00,0.00,6715.06,3
SP5-05933,ok,reserve,8498.53,0.00,0.00,0.00,0.00,2
SP5-05934,ok,reserve,497.57,0.00,0.00,0.00,0.00,5
SP5-05935,deficit,none,0.00,0.00,0.00,0.00,0.00,4
SP5-05936,ok,debt,0.00,18168.08,0.00,0.00,290090.50,3
SP5-05937,ok,reserve,10155.67,0.00,0.00,0.00,0.00,3
SP5-05938,ok,reserve,11071.20,0.00,0.00,0.00,0.00,3
SP5-05939,ok,reserve,13195.99,0.00,0.00,0.00,0.00,5
SP5-05940,ok,reserve,80330.55,0.00,0.00,11004.61,0.00,3
SP5-05941,deficit,none,0.00,0.00,0.00,0.00,0.00,4
SP5-05942,deficit,none,0.00,0.00,0.00,0.00,63218400.96,5
SP5-05943,ok,reserve,101556.70,0.00,0.00,0.00,0.00,2
SP5-05944,ok,reserve,2252.48,0.00,0.00,0.00,0.00,5
SP5-05945,ok,reserve,5835.90,0.00,0.00,0.00,0.00,4
SP5-05946,ok,goals+,0.00,0.00,40456.95,5272.22,548023.87,3
SP5-05947,ok,goals+,0.00,0.00,589224.82,73759.28,0.00,2
SP5-05948,ok,reserve,9905.12,0.00,0.00,0.00,0.00,3
SP5-05949,ok,debt,17823.13,41587.29,0.00,0.00,0.00,3
SP5-05950,ok,reserve,7588.04,0.00,0.00,0.00,0.00,4
SP5-05951,ok,debt,0.00,19378.54,0.00,0.00,310632.72,3
SP5-05952,deficit,none,0.00,0.00,0.00,0.00,0.00,4
SP5-05953,ok,goals+,0.00,0.00,4443645.06,0.00,37991072.17,2
SP5-05954,deficit,none,0.00,0.00,0.00,0.00,6092754.70,5
SP5-05955,ok,goals+,0.00,0.00,1110310.63,325897.45,24024229.43,2
SP5-05956,ok,reserve,15553.38,0.00,0.00,0.00,31778.20,3
SP5-05957,deficit,none,0.00,0.00,0.00,0.00,89824.73,5
SP5-05958,deficit,none,0.00,0.00,0.00,0.00,72429041.07,5
SP5-05959,ok,reserve,20373.64,0.00,0.00,0.00,0.00,2
SP5-05960,ok,goals+,0.00,0.00,535387.67,376175.88,2482130.80,3
SP5-05961,ok,debt,7352.62,17156.12,0.00,0.00,0.00,3
SP5-05962,deficit,none,0.00,0.00,0.00,0.00,0.00,4
SP5-05963,ok,debt,1177800.03,2748200.07,0.00,0.00,0.00,2
SP5-05964,deficit,none,0.00,0.00,0.00,0.00,0.00,4
SP5-05965,ok,goals+,0.00,0.00,6273.98,5832.87,995864.15,3
SP5-05966,deficit,none,0.00,0.00,0.00,0.00,12893882.28,5
SP5-05967,ok,reserve,81034.27,0.00,0.00,0.00,0.00,3
SP5-05968,invalid,none,0.00,0.00,0.00,0.00,0.00,5
SP5-05969,invalid,none,0.00,0.00,0.00,0.00,0.00,5
SP5-05970,ok,goals+,0.00,0.00,0.00,8266.69,132085.93,3
SP5-05971,ok,reserve,6226.61,4151.07,0.00,0.00,0.00,2
SP5-05972,ok,goals+,0.00,0.00,14125.36,0.00,0.00,2
SP5-05973,ok,debt,326.95,490.43,0.00,0.00,46091.12,2
SP5-05974,ok,goals+,0.00,0.00,0.00,64641.33,398476.24,5
SP5-05975,deficit,none,0.00,0.00,0.00,0.00,0.00,4
SP5-05976,ok,goals+,0.00,0.00,1775412.66,3053570.79,1607825.91,2
SP5-05977,invalid,none,0.00,0.00,0.00,0.00,0.00,5
SP5-05978,ok,reserve,6693.22,0.00,0.00,0.00,0.00,4
SP5-05979,ok,reserve,2460.75,0.00,0.00,0.00,0.00,5
SP5-05980,deficit,none,0.00,0.00,0.00,0.00,0.00,4
SP5-05981,ok,reserve,106477.88,0.00,0.00,0.00,0.00,5
SP5-05982,invalid,none,0.00,0.00,0.00,0.00,0.00,5
SP5-05983,deficit,none,0.00,0.00,0.00,0.00,0.00,4
SP5-05984,deficit,none,0.00,0.00,0.00,0.00,3149.70,5
SP5-05985,deficit,none,0.00,0.00,0.00,0.00,0.00,4
SP5-05986,ok,goals+,0.00,0.00,61111.29,0.00,2318211.22,3
SP5-05987,ok,reserve,110.92,0.00,0.00,0.00,0.00,3
SP5-05988,ok,goals+,0.00,0.00,1133602.16,0.00,5254991.08,2
SP5-05989,ok,reserve,2072.77,1381.85,0.00,0.00,28174.60,2
SP5-05990,ok,goals+,0.00,0.00,5912.80,0.00,124458.75,3
SP5-05991,deficit,none,0.00,0.00,0.00,0.00,59928.93,5
SP5-05992,deficit,none,0.00,0.00,0.00,0.00,109993.24,5
SP5-05993,ok,reserve,2393.24,0.00,0.00,0.00,0.00,2
SP5-05994,deficit,none,0.00,0.00,0.00,0.00,0.00,4
SP5-05995,ok,goals+,0.00,0.00,0.00,14005.92,24460.84,5
SP5-05996,ok,reserve,1332.75,0.00,0.00,0.00,0.00,5
SP5-05997,deficit,none,0.00,0.00,0.00,0.00,336354.35,5
SP5-05998,deficit,none,0.00,0.00,0.00,0.00,0.00,4
SP5-05999,deficit,none,0.00,0.00,0.00,0.00,0.00,4
SP5-06000,ok,reserve,8780.20,5853.46,0.00,0.00,0.00,2
SP5-06001,deficit,none,0.00,0.00,0.00,0.00,0.00,4
SP5-06002,deficit,none,0.00,0.00,0.00,0.00,0.00,4
SP5-06003,ok,goals+,0.00,0.00,15247.95,66184.88,725629.74,3
SP5-06004,ok,reserve,6432.86,0.00,0.00,0.00,0.00,5
SP5-06005,deficit,none,0.00,0.00,0.00,0.00,0.00,4
SP5-06006,ok,goals+,0.00,0.00,0.00,2523969.88,0.00,2
SP5-06007,deficit,none,0.00,0.00,0.00,0.00,2451438.88,5
SP5-06008,invalid,none,0.00,0.00,0.00,0.00,0.00,5
SP5-06009,deficit,none,0.00,0.00,0.00,0.00,0.00,4
SP5-06010,ok,goals+,0.00,0.00,1013283.66,71845.63,4519617.38,2
SP5-06011,ok,debt,10731.53,16097.29,0.00,0.00,80608.62,2
SP5-06012,ok,goals+,0.00,0.00,1221641.09,0.00,19061962.03,2
SP5-06013,ok,debt,0.00,5066.67,0.00,0.00,72552.20,3
SP5-06014,ok,reserve,15782.48,0.00,0.00,0.00,0.00,5
SP5-06015,ok,goals+,0.00,0.00,1536908.91,0.00,12643176.24,2
SP5-06016,deficit,none,0.00,0.00,0.00,0.00,32238.67,5
SP5-06017,ok,goals+,0.00,0.00,322516.92,171293.43,34588315.07,2
SP5-06018,deficit,none,0.00,0.00,0.00,0.00,6418691.73,5
SP5-06019,deficit,none,0.00,0.00,0.00,0.00,38489060.54,5
SP5-06020,deficit,none,0.00,0.00,0.00,0.00,0.00,4
SP5-06021,ok,reserve,30.75,0.00,0.00,0.00,0.00,3
SP5-06022,deficit,none,0.00,0.00,0.00,0.00,0.00,4
SP5-06023,ok,debt,2212.95,3319.43,0.00,0.00,6911.69,2
SP5-06024,ok,goals+,0.00,0.00,1905578.75,687603.33,9445320.16,2
SP5-06025,ok,reserve,38659.51,0.00,0.00,0.00,0.00,5
SP5-06026,deficit,none,0.00,0.00,0.00,0.00,50958634.69,5
SP5-06027,ok,reserve,88556.75,0.00,0.00,0.00,0.00,3
SP5-06028,ok,goals+,0.00,0.00,574683598.10,100273945.85,8000000.00,2
SP5-06029,ok,reserve,14082.19,0.00,0.00,0.00,0.00,4
SP5-06030,ok,reserve,61380.32,0.00,0.00,0.00,0.00,3
SP5-06031,deficit,none,0.00,0.00,0.00,0.00,0.00,4
SP5-06032,ok,debt,2651.11,6185.93,465.11,0.00,35153.60,2
SP5-06033,ok,goals+,0.00,0.00,12359.15,10194.22,13571.88,3
SP5-06034,deficit,none,0.00,0.00,0.00,0.00,2061.44,5
SP5-05755,ok,debt,5744.52,13403.88,0.00,0.00,0.00,4
SP5-06036,ok,reserve,1439.51,0.00,0.00,0.00,0.00,4
SP5-06037,invalid,none,0.00,0.00,0.00,0.00,0.00,5
SP5-06038,deficit,none,0.00,0.00,0.00,0.00,1039240.73,5
SP5-06039,ok,goals+,0.00,0.00,15922.91,34360.06,5012097.86,2
SP5-06040,ok,reserve,2012.11,0.00,439.52,0.00,0.00,2
SP5-06041,deficit,none,0.00,0.00,0.00,0.00,32970.28,5
SP5-06042,invalid,none,0.00,0.00,0.00,0.00,0.00,5
SP5-06043,ok,reserve,7696.41,0.00,0.00,0.00,0.00,4
SP5-06044,ok,goals+,0.00,0.00,2616.93,6710.80,167974.68,3
SP5-06045,ok,reserve,1004.94,0.00,0.00,0.00,0.00,4
SP5-06046,ok,reserve,12254.02,8169.34,0.00,0.00,0.00,2
SP5-06047,ok,none,0.00,0.00,0.00,0.00,0.00,5
SP5-06048,invalid,none,0.00,0.00,0.00,0.00,0.00,5
SP5-06049,ok,goals+,0.00,0.00,4567151.51,0.00,0.00,2
SP5-06050,ok,none,0.00,0.00,0.00,0.00,0.00,5
SP5-06051,deficit,none,0.00,0.00,0.00,0.00,82187061.37,5
SP5-06052,invalid,none,0.00,0.00,0.00,0.00,0.00,5
SP5-06053,ok,goals+,0.00,0.00,119496.67,7383.71,303588.23,3
SP5-06054,ok,goals+,0.00,0.00,716116.15,0.00,5189772.09,2
SP5-06055,deficit,none,0.00,0.00,0.00,0.00,169839.25,5
SP5-06056,ok,debt,0.00,53931.03,0.00,0.00,115565.53,3
SP5-06057,deficit,none,0.00,0.00,0.00,0.00,811106.15,5
SP5-06058,ok,debt,3692.11,5538.16,0.00,0.00,83207.26,2
SP5-06059,deficit,none,0.00,0.00,0.00,0.00,0.00,4
SP5-06060,invalid,none,0.00,0.00,0.00,0.00,0.00,5
SP5-06061,ok,goals+,0.00,0.00,857053.55,1251575.53,29076636.51,2
SP5-06062,ok,goals+,0.00,0.00,7507.13,0.00,68151.09,3
SP5-06063,ok,goals+,0.00,0.00,155421.53,156828.63,7229505.98,2
SP5-06064,deficit,none,0.00,0.00,0.00,0.00,71199.67,5
SP5-06065,ok,goals+,0.00,0.00,5761.81,0.00,3215198.32,3
SP5-06066,ok,debt,473797.04,1105526.43,34212.45,0.00,0.00,2
SP5-06067,deficit,none,0.00,0.00,0.00,0.00,22872444.72,5
SP5-06068,deficit,none,0.00,0.00,0.00,0.00,811106.15,5
SP5-06069,ok,reserve,87156.42,0.00,0.00,0.00,1000000.00,4
SP5-06070,ok,goals+,0.00,0.00,132178.88,26302.44,495399.33,4
SP5-06071,invalid,none,0.00,0.00,0.00,0.00,0.00,5
SP5-06072,deficit,none,0.00,0.00,0.00,0.00,232562.38,5
SP5-06073,deficit,none,0.00,0.00,0.00,0.00,18779.12,5
SP5-06074,deficit,none,0.00,0.00,0.00,0.00,0.00,4
SP5-06075,ok,reserve,22730.66,15153.77,0.00,0.00,0.00,2
SP5-06076,ok,goals+,0.00,0.00,220706.49,0.00,0.00,2
SP5-06077,ok,goals+,0.00,0.00,0.00,11548.96,104789.03,3
SP5-06078,ok,reserve,8652.17,5768.11,0.00,0.00,65314.51,2
SP5-06079,ok,debt,0.00,5357.07,0.00,0.00,70188.98,3
SP5-06080,ok,goals+,0.00,0.00,9713.64,0.00,15646.24,2
SP5-06081,deficit,none,0.00,0.00,0.00,0.00,203616.65,5
SP5-06082,deficit,none,0.00,0.00,0.00,0.00,247611.08,5
SP5-06083,ok,reserve,10197.70,0.00,0.00,0.00,0.00,5
SP5-06084,ok,reserve,678.44,0.00,0.00,0.00,0.00,4
SP5-06085,ok,reserve,5135.54,0.00,0.00,0.00,0.00,5
SP5-06086,deficit,none,0.00,0.00,0.00,0.00,0.00,4
SP5-06087,ok,reserve,11524.33,0.00,0.00,0.00,0.00,4
SP5-06088,deficit,none,0.00,0.00,0.00,0.00,347202.12,5
SP5-06089,ok,debt,0.00,5172996.15,0.00,0.00,22447.21,2
SP5-06090,ok,reserve,5011.39,3340.92,439.60,0.00,0.00,2
SP5-06091,ok,goals+,0.00,0.00,115268.70,0.00,2149078.79,3
SP5-06092,ok,reserve,11524.33,0.00,0.00,0.00,0.00,4
SP5-06075,ok,reserve,84877.17,56584.78,0.00,0.00,52301.05,2
SP5-06094,deficit,none,0.00,0.00,0.00,0.00,12133429.72,5
SP5-06095,ok,debt,249.43,581.99,0.00,0.00,0.00,3
SP5-05851,invalid,none,0.00,0.00,0.00,0.00,0.00,5
SP5-06097,deficit,none,0.00,0.00,0.00,0.00,0.00,4
SP5-06098,ok,reserve,32424.89,0.00,0.00,0.00,0.00,5
SP5-06099,invalid,none,0.00,0.00,0.00,0.00,0.00,5
SP5-06100,ok,goals+,4519.15,3012.76,33242.78,0.00,73429.80,2
SP5-06101,ok,reserve,23473.83,0.00,0.00,0.00,51685.58,3
SP5-06102,deficit,none,0.00,0.00,0.00,0.00,81154.04,5
SP5-06103,deficit,none,0.00,0.00,0.00,0.00,50952.34,5
SP5-06104,ok,debt,0.30,0.70,0.00,0.00,0.00,3
SP5-06105,ok,goals+,0.00,0.00,1230.59,0.00,0.00,2
SP5-06106,ok,goals+,0.00,0.00,45920.72,835.79,0.00,4
SP5-06107,ok,reserve,9190.15,0.00,0.00,0.00,0.00,4
SP5-06108,ok,debt,10166.32,23721.40,0.00,0.00,0.00,3
SP5-06109,ok,goals+,0.00,0.00,944.37,0.00,0.00,2
SP5-06110,ok,goals+,0.00,0.00,0.00,3728.77,147592.28,3
SP5-06111,ok,goals+,0.00,0.00,12180.24,10611.87,364167.01,3
SP5-06112,ok,reserve,1153.35,737.96,0.00,0.00,0.00,5
SP5-06113,ok,debt,7933.07,18510.51,0.00,0.00,0.00,3
SP5-06114,deficit,none,0.00,0.00,0.00,0.00,368407.51,5
SP5-06115,ok,none,0.00,0.00,0.00,0.00,36022.58,2
SP5-06116,ok,reserve,3365.31,0.00,0.00,0.00,0.00,3
SP5-06117,invalid,none,0.00,0.00,0.00,0.00,0.00,5
SP5-06118,deficit,none,0.00,0.00,0.00,0.00,1303018.43,5
SP5-06119,ok,reserve,177.55,118.37,15.58,0.00,0.00,2
SP5-06120,ok,reserve,20476.09,0.00,10039.13,955.78,0.00,3
SP5-06121,ok,debt,24152450.51,658379585.26,0.00,0.00,1000000.00,2
SP5-06122,ok,goals+,0.00,0.00,526907.99,8322.22,9365815.43,2
SP5-06123,ok,debt,16171.95,37734.56,0.00,0.00,0.00,3
SP5-06124,ok,goals+,0.00,0.00,5990.01,5693.46,152440.17,3
SP5-06125,ok,reserve,5704.04,3802.69,0.00,0.00,0.00,2
SP5-06126,ok,debt,6070.37,14164.18,0.00,0.00,0.00,3
SP5-06127,ok,none,0.00,0.00,0.00,0.00,202887.61,5
SP5-06128,ok,reserve,20287.34,13524.90,1779.59,0.00,0.00,2
SP5-06129,ok,reserve,1.00,0.00,0.00,0.00,0.00,3
SP5-06130,ok,reserve,2329.61,0.00,0.00,0.00,0.00,3
SP5-06131,deficit,none,0.00,0.00,0.00,0.00,480357.39,5
SP5-06132,ok,goals+,0.00,0.00,402330.13,211158.89,11457746.12,2
SP5-06133,ok,goals+,0.00,0.00,953037.91,1519406.98,3199819.56,2
SP5-06134,ok,reserve,17293.23,0.00,0.00,0.00,0.00,4
SP5-06135,ok,reserve,9199.30,6132.86,0.00,0.00,0.00,2
SP5-06136,ok,none,0.00,0.00,0.00,0.00,0.00,5
SP5-06137,deficit,none,0.00,0.00,0.00,0.00,12715.77,5
SP5-06138,deficit,none,0.00,0.00,0.00,0.00,0.00,4
SP5-06139,ok,reserve,22779.31,15186.21,0.00,0.00,0.00,2
SP5-06140,ok,goals+,0.00,0.00,11528.67,0.00,2788.46,3
SP5-06141,ok,goals+,0.00,0.00,469551134.15,0.00,2220691066.26,2
SP5-06142,ok,goals+,0.00,0.00,1530176.10,256735.80,2309478.33,2
SP5-06143,ok,debt,0.00,17726.82,0.00,0.00,67200.32,3
SP5-06144,ok,debt,3271.72,4907.58,0.00,0.00,9781.72,2
SP5-06145,deficit,none,0.00,0.00,0.00,0.00,17702584.47,5
SP5-06146,ok,debt,1463.81,3415.56,0.00,0.00,0.00,4
SP5-06147,ok,goals+,0.00,0.00,77473.45,13507.66,1021951.66,4
SP5-06148,invalid,none,0.00,0.00,0.00,0.00,0.00,5
SP5-06149,ok,goals+,0.00,0.00,17668.94,2599.70,61428.18,4
SP5-06150,deficit,none,0.00,0.00,0.00,0.00,15741573.27,5
SP5-06151,ok,reserve,137561.34,0.00,0.00,0.00,0.00,3
SP5-06152,ok,reserve,5704.04,3802.69,0.00,0.00,0.00,2
SP5-06153,deficit,none,0.00,0.00,0.00,0.00,0.00,4
SP5-06154,ok,goals+,0.00,0.00,1244.63,3140.48,46509.11,3
SP5-06155,ok,debt,1649.18,3848.09,0.00,0.00,0.00,4
SP5-06156,invalid,none,0.00,0.00,0.00,0.00,0.00,5
SP5-06157,ok,reserve,6182.60,4121.74,542.33,0.00,0.00,2
SP5-06158,ok,goals+,0.00,0.00,137324.92,77483.77,202257.79,3
SP5-06159,ok,debt,5455.78,8183.66,0.00,0.00,27489.92,2
SP5-06160,ok,reserve,19467.86,0.00,0.00,0.00,0.00,3
SP5-06161,invalid,none,0.00,0.00,0.00,0.00,0.00,5
SP5-06162,ok,reserve,7332.42,0.00,0.00,0.00,0.00,5
SP5-06163,deficit,none,0.00,0.00,0.00,0.00,0.00,4
SP5-06164,deficit,none,0.00,0.00,0.00,0.00,69833907.57,5
SP5-06165,deficit,none,0.00,0.00,0.00,0.00,0.00,4
SP5-06166,ok,debt,1649.18,3848.09,0.00,0.00,0.00,4
SP5-06167,ok,goals+,0.00,0.00,779516.61,0.00,102878276.22,2
SP5-06168,ok,reserve,18278.34,0.00,0.00,0.00,0.00,5
SP5-06169,deficit,none,0.00,0.00,0.00,0.00,0.00,4
SP5-06170,ok,reserve,1558.06,0.00,0.00,0.00,0.00,5
SP5-06171,ok,reserve,1880044.68,0.00,580163.79,0.00,0.00,2
SP5-06172,deficit,none,0.00,0.00,0.00,0.00,88182.90,5
SP5-06173,deficit,none,0.00,0.00,0.00,0.00,88182.90,5
SP5-06174,ok,goals+,0.00,0.00,1351964.07,2634418.46,44000349.28,2
SP5-06175,ok,reserve,5880.86,3920.57,515.87,0.00,24580.86,2
SP5-06176,ok,reserve,3629.18,0.00,0.00,0.00,0.00,5
SP5-06177,deficit,none,0.00,0.00,0.00,0.00,41635.18,5
SP5-06178,ok,reserve,1488.31,0.00,0.00,0.00,0.00,4
SP5-06179,deficit,none,0.00,0.00,0.00,0.00,0.00,4
SP5-06180,deficit,none,0.00,0.00,0.00,0.00,0.00,4
SP5-06181,ok,reserve,22272.35,0.00,0.00,0.00,0.00,4
SP5-06178,ok,reserve,3062.15,0.00,0.00,0.00,0.00,3
SP5-06183,ok,goals+,0.00,0.00,596074.29,0.00,328249.52,2
SP5-06184,deficit,none,0.00,0.00,0.00,0.00,0.00,4
SP5-06185,ok,reserve,115804.79,77203.19,0.00,0.00,0.00,2
SP5-06186,deficit,none,0.00,0.00,0.00,0.00,0.00,4
SP5-06187,deficit,none,0.00,0.00,0.00,0.00,12664816.68,5
SP5-06188,ok,debt,4766.04,7149.05,0.00,0.00,1793.63,1
SP5-06189,ok,reserve,21338.59,14225.72,0.00,0.00,0.00,2
SP5-06190,ok,goals+,0.00,0.00,658273.42,434008.44,64084922.70,2
SP5-06191,ok,goals+,0.00,0.00,45007.91,9691.08,0.00,4
SP5-06192,ok,reserve,36588.02,0.00,0.00,0.00,0.00,4
SP5-06193,ok,none,0.00,0.00,0.00,0.00,91169.69,5
SP5-06194,ok,reserve,34036.17,0.00,0.00,0.00,0.00,4
SP5-06195,ok,debt,0.00,167766.19,0.00,0.00,2967544.97,2
SP5-06196,ok,debt,0.00,30108.78,0.00,0.00,459876.22,3
SP5-06197,ok,goals+,0.00,0.00,2920.20,0.00,0.00,2
SP5-06198,ok,reserve,2512.84,0.00,0.00,0.00,0.00,3
SP5-06199,deficit,none,0.00,0.00,0.00,0.00,35758.17,5
SP5-06200,deficit,none,0.00,0.00,0.00,0.00,210306.94,5
SP5-06201,ok,debt,1712.45,3995.72,0.00,0.00,0.00,4
SP5-06202,ok,goals+,0.00,0.00,638683.82,528290.86,6522809.22,2
SP5-06203,ok,reserve,6432.16,0.00,0.00,0.00,0.00,4
SP5-06204,ok,goals+,0.00,0.00,44243.16,18191.31,76565.22,3
SP5-06205,ok,reserve,6387.73,4258.48,0.00,0.00,0.00,1
SP5-06206,ok,reserve,7616.63,0.00,0.00,0.00,0.00,3
SP5-06207,ok,debt,602.12,1404.94,0.00,0.00,0.00,3
SP5-06208,ok,reserve,11940.20,0.00,0.00,0.00,0.00,3
SP5-06209,ok,goals+,0.00,0.00,31265.43,0.00,0.00,4
SP5-06210,ok,goals+,0.00,0.00,8424.67,3150.94,1034424.06,3
SP5-06211,deficit,none,0.00,0.00,0.00,0.00,355517.96,5
SP5-06212,deficit,none,0.00,0.00,0.00,0.00,1653313.37,5
SP5-06213,ok,goals+,0.00,0.00,9913.24,0.00,21812.04,3
SP5-06214,ok,goals+,0.00,0.00,33971.28,2631.56,602972.55,3
SP5-06215,ok,reserve,16430.75,10953.84,0.00,0.00,0.00,2
SP5-06216,deficit,none,0.00,0.00,0.00,0.00,0.00,4
SP5-06217,ok,reserve,40628.75,0.00,0.00,0.00,0.00,4
SP5-06218,ok,goals+,1026743.24,0.00,1339057.99,84068.04,0.00,2
SP5-06219,ok,goals+,0.00,0.00,240723.18,60364.62,7219778.20,2
SP5-06220,ok,reserve,11575.32,0.00,0.00,0.00,0.00,4
SP5-06221,ok,goals+,0.00,0.00,0.00,2207889.50,0.00,2
SP5-06222,deficit,none,0.00,0.00,0.00,0.00,0.00,4
SP5-06223,ok,goals+,0.00,0.00,1210880.49,844108.56,64376153.88,2
SP5-06224,ok,debt,508859.35,1187338.47,0.00,0.00,0.00,2
SP5-06225,ok,reserve,5571.51,3714.34,0.00,0.00,10318.61,2
SP5-06226,ok,reserve,14608.59,0.00,0.00,0.00,0.00,4
SP5-06227,ok,reserve,17485.10,0.00,0.00,0.00,0.00,4
SP5-06228,ok,debt,0.00,87642.73,0.00,0.00,56232.09,3
SP5-06229,ok,reserve,6477.97,4318.64,0.00,0.00,35923.36,2
SP5-06230,ok,reserve,27213.56,0.00,0.00,0.00,0.00,5
SP5-06231,deficit,none,0.00,0.00,0.00,0.00,9115071.10,5
SP5-06232,ok,goals+,0.00,0.00,90722.46,17666.29,3050721.26,2
SP5-06233,ok,reserve,26084.71,17389.81,0.00,0.00,0.00,2
SP5-06234,ok,reserve,30019.29,0.00,16495.79,12474.10,0.00,3
SP5-06235,ok,goals+,0.00,0.00,22262.84,0.00,0.00,3
SP5-06236,deficit,none,0.00,0.00,0.00,0.00,0.00,4
SP5-06237,ok,reserve,34755.08,0.00,0.00,0.00,0.00,4
SP5-06238,invalid,none,0.00,0.00,0.00,0.00,0.00,5
SP5-06239,deficit,none,0.00,0.00,0.00,0.00,554391.42,5
SP5-06240,ok,goals+,0.00,0.00,4957.04,0.00,988413.56,3
SP5-06241,ok,goals+,0.00,0.00,24065.39,15956.95,222288.19,3
SP5-06242,invalid,none,0.00,0.00,0.00,0.00,0.00,5
SP5-06243,ok,reserve,2495.06,0.00,0.00,0.00,0.00,5
SP5-06244,deficit,none,0.00,0.00,0.00,0.00,2697585.60,5
SP5-06245,ok,reserve,18447.71,0.00,0.00,0.00,0.00,5
SP5-06246,ok,debt,38680.27,58020.40,0.00,0.00,155769.63,2
SP5-06247,ok,goals+,0.00,0.00,1257793.33,1540856.30,12544367.27,2
SP5-06248,invalid,none,0.00,0.00,0.00,0.00,0.00,5
SP5-06249,ok,debt,2264.25,5283.25,0.00,0.00,0.00,3
SP5-06250,ok,reserve,159705.62,0.00,2239.36,0.00,0.00,1
SP5-06251,deficit,none,0.00,0.00,0.00,0.00,4166585.85,5
SP5-06252,ok,goals+,0.00,0.00,3202599.39,0.00,0.00,2
SP5-06253,ok,reserve,19051.63,0.00,0.00,0.00,0.00,5
SP5-06254,ok,reserve,32798.54,0.00,0.00,0.00,0.00,4
SP5-06255,ok,reserve,53036.69,0.00,0.00,0.00,0.00,3
SP5-06256,deficit,none,0.00,0.00,0.00,0.00,0.00,4
SP5-06257,deficit,none,0.00,0.00,0.00,0.00,39595314.58,5
SP5-06258,deficit,none,0.00,0.00,0.00,0.00,0.00,4
SP5-06259,ok,debt,516909.05,1206121.10,0.00,0.00,0.00,2
SP5-06260,ok,reserve,54676.49,36450.99,0.00,0.00,295822.39,2
SP5-06261,ok,reserve,68551.85,0.00,0.00,0.00,0.00,5
SP5-06262,deficit,none,0.00,0.00,0.00,0.00,3479522.93,5
SP5-06263,ok,reserve,22272.55,0.00,0.00,0.00,0.00,3
SP5-06264,ok,reserve,1558.29,0.00,0.00,0.00,0.00,5
SP5-06265,ok,reserve,14061.31,0.00,0.00,0.00,0.00,4
SP5-06266,invalid,none,0.00,0.00,0.00,0.00,0.00,5
SP5-06267,ok,debt,1023674.53,3461875.22,0.00,0.00,0.00,2
SP5-06268,ok,goals+,848.63,0.00,1728.98,0.00,10609.71,3
SP5-06269,deficit,none,0.00,0.00,0.00,0.00,0.00,4
SP5-06270,ok,debt,0.00,15574.22,0.00,0.00,117112.46,3
SP5-06271,ok,goals+,0.00,0.00,8210.95,0.00,20282777.25,2
SP5-06272,ok,debt,4779.43,11152.00,0.00,0.00,0.00,3
SP5-06273,ok,debt,20966.21,48921.14,0.00,0.00,0.00,3
SP5-06274,deficit,none,0.00,0.00,0.00,0.00,8444.01,5
SP5-06275,ok,reserve,17140.58,0.00,0.00,0.00,87157.95,3
SP5-06276,ok,debt,0.00,17912.53,942.76,0.00,225362.78,3
SP5-06277,ok,reserve,3388.88,0.00,0.00,0.00,0.00,2
SP5-06278,ok,goals+,0.00,0.00,51911.07,0.00,0.00,3
SP5-06279,ok,reserve,18033.54,0.00,0.00,0.00,0.00,4
SP5-06280,deficit,none,0.00,0.00,0.00,0.00,0.00,4
SP5-06281,ok,goals+,0.00,0.00,8763.05,0.00,4554952.46,2
SP5-06282,ok,reserve,2941.43,0.00,0.00,0.00,13584.26,3
SP5-06283,ok,goals+,0.00,0.00,0.00,40972.87,73504.18,5
SP5-06284,deficit,none,0.00,0.00,0.00,0.00,0.00,4
SP5-06285,ok,debt,0.00,4244603.81,0.00,0.00,2427488.86,2
SP5-06286,ok,goals+,0.00,0.00,2141.24,0.00,8500.81,4
SP5-06287,ok,reserve,4356.02,0.00,0.00,0.00,0.00,3
SP5-06288,ok,reserve,37685.22,0.00,0.00,0.00,0.00,5
SP5-06289,deficit,none,0.00,0.00,0.00,0.00,0.00,4
SP5-06290,ok,reserve,24763.17,0.00,0.00,0.00,0.00,3
SP5-06291,ok,reserve,11615.50,0.00,0.00,0.00,0.00,4
SP5-06292,deficit,none,0.00,0.00,0.00,0.00,33468222.69,5
SP5-06293,ok,debt,11777.33,27480.43,0.00,0.00,0.00,3
SP5-06294,ok,reserve,1.00,0.00,0.00,0.00,0.00,3
SP5-06295,deficit,none,0.00,0.00,0.00,0.00,5152316.05,5
SP5-06296,ok,reserve,6338.37,0.00,0.00,0.00,0.00,3
SP5-06297,ok,reserve,9425.88,0.00,0.00,0.00,11305.60,3
SP5-06298,deficit,none,0.00,0.00,0.00,0.00,53545.11,5
SP5-06299,deficit,none,0.00,0.00,0.00,0.00,9156804.39,5
SP5-06300,ok,reserve,8739.32,0.00,0.00,0.00,0.00,3
SP5-06301,ok,goals+,0.00,0.00,18987.53,1693.22,0.00,4
SP5-06302,invalid,none,0.00,0.00,0.00,0.00,0.00,5
SP5-06303,deficit,none,0.00,0.00,0.00,0.00,0.00,4
SP5-06304,ok,goals+,13104.69,0.00,19796.75,0.00,0.00,3
SP5-06305,deficit,none,0.00,0.00,0.00,0.00,1978066.49,5
SP5-06306,ok,reserve,2941.43,0.00,0.00,0.00,13584.26,3
SP5-06307,ok,goals+,0.00,0.00,22655.63,6065.33,507244.33,3
SP5-06308,deficit,none,0.00,0.00,0.00,0.00,60621902.42,5
SP5-06309,ok,goals+,0.00,0.00,0.00,17127.04,1647390.97,3
SP5-06310,deficit,none,0.00,0.00,0.00,0.00,6332905.10,5
SP5-06311,ok,goals+,0.00,0.00,21619.73,0.00,4377695.88,2
SP5-06312,ok,reserve,25697.23,0.00,0.00,0.00,0.00,5
SP5-06313,ok,none,0.00,0.00,0.00,0.00,0.00,5
SP5-06314,deficit,none,0.00,0.00,0.00,0.00,0.00,4
SP5-06315,ok,goals+,0.00,0.00,3743.06,2939.43,34218.59,3
SP5-06316,ok,goals+,0.00,0.00,10418.73,0.00,0.00,2
SP5-06317,ok,debt,0.00,97514.74,0.00,0.00,172317.24,2
SP5-06318,ok,reserve,37735.39,25156.92,0.00,0.00,0.00,2
SP5-06319,ok,reserve,23157.98,13340.36,0.00,0.00,0.00,5
SP5-06320,ok,goals+,0.00,0.00,12000.15,0.00,0.00,4
SP5-06321,ok,debt,1996.58,2994.87,0.00,0.00,7220.25,2
SP5-06322,ok,reserve,1442.38,0.00,0.00,0.00,22823.17,4
SP5-06323,ok,reserve,5180.51,3453.68,0.00,0.00,0.00,2
SP5-06324,ok,reserve,20777.77,13851.85,0.00,0.00,0.00,2
SP5-06325,deficit,none,0.00,0.00,0.00,0.00,50774.09,5
SP5-06326,ok,reserve,2433.55,1622.36,0.00,0.00,58729.96,2
SP5-06327,invalid,none,0.00,0.00,0.00,0.00,0.00,5
SP5-06328,ok,reserve,26115.36,0.00,0.00,0.00,0.00,5
SP5-06329,ok,reserve,109085.30,0.00,0.00,0.00,0.00,5
SP5-06330,ok,goals+,0.00,0.00,56902.09,12275.28,0.00,4
SP5-06331,ok,goals+,0.00,0.00,28826.83,0.00,31517387.59,2
SP5-06332,ok,goals+,0.00,0.00,7000.82,0.00,0.00,2
SP5-06333,ok,debt,10325.51,24092.85,1811.49,0.00,0.00,3
SP5-06334,deficit,none,0.00,0.00,0.00,0.00,0.00,4
SP5-06335,ok,goals+,0.00,0.00,4920.62,8292.83,39222.97,3
SP5-06336,ok,goals+,6874.12,0.00,15574.94,0.00,0.00,2
SP5-06337,ok,goals+,0.00,0.00,0.00,39051.55,165567.18,3
SP5-06338,deficit,none,0.00,0.00,0.00,0.00,0.00,4
SP5-06339,ok,reserve,33010.36,0.00,0.00,0.00,0.00,5
SP5-06340,invalid,none,0.00,0.00,0.00,0.00,0.00,5
SP5-06341,ok,reserve,241.11,160.74,0.00,0.00,0.00,2
SP5-06342,ok,none,0.00,0.00,0.00,0.00,22042.60,5
SP5-06343,deficit,none,0.00,0.00,0.00,0.00,0.00,4
SP5-06344,ok,reserve,19713.85,0.00,0.00,0.00,0.00,5
SP5-06345,deficit,none,0.00,0.00,0.00,0.00,42459950.29,5
SP5-06346,deficit,none,0.00,0.00,0.00,0.00,209122.86,5
SP5-06347,ok,goals+,0.00,0.00,22210.89,0.00,0.00,4
SP5-06280,ok,goals+,0.00,0.00,11656.31,0.00,145379.76,3
SP5-06349,ok,debt,0.00,7829.17,0.00,0.00,12770.84,3
SP5-06350,ok,debt,10533.82,15800.73,0.00,0.00,21877.08,2
SP5-06351,deficit,none,0.00,0.00,0.00,0.00,0.00,4
SP5-06352,deficit,none,0.00,0.00,0.00,0.00,99600264.20,5
SP5-06353,ok,reserve,6446.15,0.00,0.00,0.00,0.00,3
SP5-06354,ok,debt,5922.38,13818.90,0.00,0.00,0.00,3
SP5-06355,deficit,none,0.00,0.00,0.00,0.00,22795.30,5
SP5-06356,ok,goals+,0.00,0.00,25040.42,0.00,1467304.46,3
SP5-06357,ok,reserve,47182.15,0.00,0.00,0.00,0.00,3
SP5-06358,ok,reserve,27390.93,0.00,0.00,0.00,0.00,2
SP5-06359,ok,goals+,0.00,0.00,7856.48,2168.41,9211.16,3
SP5-06360,ok,goals+,192.46,0.00,541.40,0.00,0.00,2
SP5-06361,ok,reserve,25407.62,0.00,0.00,0.00,0.00,5
SP5-06362,ok,reserve,1564.75,0.00,0.00,0.00,178599.76,4
SP5-06363,deficit,none,0.00,0.00,0.00,0.00,0.00,4
SP5-06364,ok,reserve,1050.49,0.00,0.00,0.00,0.00,3
SP5-06365,ok,reserve,22572.98,0.00,2143.54,0.00,0.00,2
SP5-06366,ok,reserve,14058.92,0.00,0.00,0.00,0.00,4
SP5-06367,invalid,none,0.00,0.00,0.00,0.00,0.00,5
SP5-06368,ok,debt,0.00,3048564.32,0.00,0.00,330305.19,2
SP5-06369,invalid,none,0.00,0.00,0.00,0.00,0.00,5
SP5-06370,deficit,none,0.00,0.00,0.00,0.00,10920.96,5
SP5-06371,ok,reserve,16157.06,0.00,0.00,0.00,0.00,3
SP5-06372,deficit,none,0.00,0.00,0.00,0.00,0.00,4
SP5-06373,deficit,none,0.00,0.00,0.00,0.00,13266619.63,5
SP5-06374,deficit,none,0.00,0.00,0.00,0.00,0.00,4
SP5-06375,ok,goals+,0.00,0.00,28229.37,25821.08,569691.68,3
SP5-06376,ok,reserve,20862.54,0.00,0.00,0.00,0.00,4
SP5-06377,ok,reserve,2599.13,0.00,0.00,0.00,0.00,1
SP5-06378,deficit,none,0.00,0.00,0.00,0.00,11440425.21,5
SP5-06379,invalid,none,0.00,0.00,0.00,0.00,0.00,5
SP5-06372,ok,reserve,3539.46,0.00,0.00,0.00,0.00,4
SP5-06381,ok,debt,365.92,853.81,0.00,0.00,0.00,3
SP5-06382,ok,debt,0.00,5462329.49,0.00,0.00,7550326.30,2
SP5-06383,deficit,none,0.00,0.00,0.00,0.00,0.00,4
SP5-06384,ok,goals+,0.00,0.00,166332.95,19793.31,2071496.70,2
SP5-06385,ok,reserve,5981.18,0.00,0.00,0.00,0.00,5
SP5-06386,invalid,none,0.00,0.00,0.00,0.00,0.00,5
SP5-06387,ok,debt,802846.64,1873308.82,0.00,0.00,0.00,2
SP5-06388,ok,reserve,5042.80,0.00,0.00,0.00,0.00,2
SP5-06389,deficit,none,0.00,0.00,0.00,0.00,0.00,4
SP5-06390,deficit,none,0.00,0.00,0.00,0.00,1494202.13,5
SP5-06391,deficit,none,0.00,0.00,0.00,0.00,11797056.64,5
SP5-06392,deficit,none,0.00,0.00,0.00,0.00,2191015.70,5
SP5-06393,ok,goals+,0.00,0.00,19770.08,0.00,0.00,2
SP5-06394,deficit,none,0.00,0.00,0.00,0.00,0.00,4
SP5-06395,ok,debt,0.00,2765722.01,145564.32,0.00,1739680.34,2
SP5-06396,ok,reserve,10728.27,0.00,0.00,0.00,0.00,5
SP5-06397,ok,goals+,0.00,0.00,218660.87,296795.39,2557178.07,2
SP5-06398,ok,reserve,14939.11,0.00,0.00,0.00,0.00,5
SP5-06399,ok,goals+,0.00,0.00,682827.94,244300.43,164156865.09,2
SP5-06400,ok,goals+,0.00,0.00,17401.71,0.00,0.00,2
SP5-06401,ok,debt,0.00,16093.89,0.00,0.00,5365.26,3
SP5-06402,ok,reserve,52024.79,0.00,0.00,0.00,0.00,5
SP5-06403,ok,reserve,1168.20,778.80,0.00,0.00,0.00,2
SP5-06404,deficit,none,0.00,0.00,0.00,0.00,0.00,4
SP5-06405,ok,reserve,23625.00,0.00,0.00,0.00,0.00,4
SP5-06406,ok,debt,5157.20,12033.46,0.00,0.00,0.00,3
SP5-06407,ok,reserve,537085.42,0.00,103797.36,38226.16,0.00,2
SP5-06408,ok,goals+,0.00,0.00,8942.53,0.00,112672.49,3
SP5-06300,ok,goals+,0.00,0.00,13448.24,0.00,64105.24,3
SP5-06410,ok,reserve,24494.36,0.00,0.00,0.00,0.00,3
SP5-06411,ok,debt,0.00,582914.82,0.00,0.00,1492125.44,2
SP5-06412,ok,reserve,3459.55,1603.79,0.00,0.00,0.00,5
SP5-06413,ok,none,0.00,0.00,0.00,0.00,16219.48,5
SP5-06414,ok,reserve,4083.54,0.00,0.00,0.00,0.00,3
SP5-06415,ok,reserve,80725.66,0.00,0.00,0.00,0.00,3
SP5-06416,ok,goals+,0.00,0.00,2183631.49,420373.59,8184907.98,2
SP5-06417,ok,goals+,0.00,0.00,9380.31,0.00,0.00,2
SP5-06418,ok,reserve,18237.69,0.00,0.00,0.00,0.00,3
SP5-06419,ok,reserve,26929.40,0.00,0.00,0.00,0.00,4
SP5-06420,deficit,none,0.00,0.00,0.00,0.00,0.00,4
SP5-06421,ok,reserve,9356.10,0.00,0.00,0.00,0.00,4
SP5-06422,ok,reserve,4191.96,0.00,0.00,0.00,0.00,3
SP5-06423,ok,goals+,0.00,0.00,10914.89,0.00,96534.09,2
SP5-06424,deficit,none,0.00,0.00,0.00,0.00,0.00,4
SP5-06425,ok,reserve,21.26,0.00,0.00,0.00,0.00,2
SP5-06426,ok,debt,19236.66,28855.00,0.00,0.00,25378.90,2
SP5-06427,ok,reserve,10874.55,0.00,0.00,0.00,0.00,3
SP5-06428,ok,reserve,17697.88,0.00,0.00,0.00,0.00,4
SP5-06429,ok,reserve,6627.49,4418.32,0.00,0.00,0.00,2
SP5-06430,ok,reserve,4147.41,0.00,0.00,0.00,0.00,5
SP5-06431,ok,goals+,0.00,0.00,377338704.80,3162928.03,2694640733.96,2
SP5-06432,ok,reserve,2643.41,0.00,0.00,0.00,0.00,2
SP5-06433,deficit,none,0.00,0.00,0.00,0.00,0.00,4
SP5-06434,ok,goals+,0.00,0.00,16047.67,42176.12,375759.08,3
SP5-06435,deficit,none,0.00,0.00,0.00,0.00,973660.81,5
SP5-06436,ok,debt,0.00,8185.33,0.00,0.00,34774.29,3
SP5-06437,ok,debt,0.00,541912.73,0.00,0.00,5663294.41,2
SP5-06438,ok,goals+,2946.34,0.00,24680.55,0.00,0.00,5
SP5-06439,ok,reserve,10728.27,0.00,0.00,0.00,0.00,5
SP5-06440,ok,reserve,16888.64,0.00,0.00,0.00,0.00,3
SP5-06441,ok,reserve,7031.52,0.00,0.00,0.00,0.00,4
SP5-06442,ok,reserve,5115.41,0.00,0.00,0.00,0.00,5
SP5-06443,ok,goals+,0.00,0.00,27257.33,0.00,0.00,2
SP5-06444,ok,reserve,3376.22,2250.82,0.00,0.00,0.00,2
SP5-06445,ok,reserve,10287.77,0.00,0.00,0.00,0.00,3
SP5-06446,ok,reserve,14249.92,0.00,0.00,0.00,0.00,3
SP5-06447,ok,reserve,19562.01,10297.90,0.00,0.00,0.00,3
SP5-06448,ok,reserve,18107.86,0.00,0.00,0.00,0.00,4
SP5-06449,ok,goals+,0.00,0.00,931587.85,2880511.89,8715866.70,2
SP5-06450,ok,goals+,0.00,0.00,501026.30,1843871.68,13313603.76,2
SP5-06451,ok,goals+,0.00,0.00,73619.13,45956.89,6775345.82,2
SP5-06452,ok,goals+,0.00,0.00,414393.28,143213.84,117204717.12,2
SP5-06453,ok,reserve,9134.59,0.00,3089.71,0.00,0.00,2
SP5-06454,deficit,none,0.00,0.00,0.00,0.00,657720.61,5
SP5-06455,ok,none,0.00,0.00,0.00,0.00,0.00,5
SP5-06456,invalid,none,0.00,0.00,0.00,0.00,0.00,5
SP5-06457,ok,goals+,0.00,0.00,4213.21,0.00,94891.09,3
SP5-06458,deficit,none,0.00,0.00,0.00,0.00,1319327.80,5
SP5-06459,ok,reserve,19562.01,10297.90,0.00,0.00,0.00,3
SP5-06460,ok,reserve,9763.11,0.00,0.00,0.00,0.00,3
SP5-06461,ok,reserve,3349.28,0.00,0.00,0.00,0.00,2
SP5-06462,invalid,none,0.00,0.00,0.00,0.00,0.00,5
SP5-06463,ok,goals+,0.00,0.00,40746.06,19024.98,4586064.00,2
SP5-06464,ok,reserve,9875.40,0.00,0.00,0.00,0.00,3
SP5-06465,ok,goals+,0.00,0.00,283441480.78,348171404.37,3202136386.05,2
SP5-06466,deficit,none,0.00,0.00,0.00,0.00,0.00,4
SP5-06467,ok,reserve,10588.53,0.00,0.00,0.00,0.00,3
SP5-06468,deficit,none,0.00,0.00,0.00,0.00,1242555.95,5
SP5-06469,ok,reserve,9131.95,6087.96,801.05,0.00,0.00,2
SP5-06470,ok,debt,0.00,1777449.23,0.00,0.00,3898822.92,2
SP5-06471,ok,goals+,0.00,0.00,0.00,59119.59,733698.44,3
SP5-06472,ok,debt,8212.91,19163.45,0.00,0.00,0.00,3
SP5-06473,ok,debt,11930.81,27838.55,0.00,0.00,0.00,3
SP5-06474,ok,reserve,203248.69,0.00,0.00,0.00,0.00,2
SP5-06475,deficit,none,0.00,0.00,0.00,0.00,11355510.30,5
SP5-06476,ok,goals+,0.00,0.00,183685.53,70529.12,7887467.62,2
SP5-06477,ok,reserve,23935.36,0.00,7469.85,0.00,0.00,3
SP5-06478,ok,debt,0.00,208709.69,0.00,0.00,358860.62,3
SP5-06479,ok,debt,8212.91,19163.45,0.00,0.00,0.00,3
SP5-06480,deficit,none,0.00,0.00,0.00,0.00,0.00,4
SP5-06481,ok,reserve,17188.11,0.00,0.00,0.00,0.00,4
SP5-06482,ok,goals+,0.00,0.00,703823120.80,59782833.31,4122126549.20,2
SP5-06483,ok,reserve,38299.40,25532.93,0.00,0.00,0.00,2
SP5-06415,deficit,none,0.00,0.00,0.00,0.00,0.00,4
SP5-06485,deficit,none,0.00,0.00,0.00,0.00,0.00,4
SP5-06486,deficit,none,0.00,0.00,0.00,0.00,69279.00,5
SP5-06487,deficit,none,0.00,0.00,0.00,0.00,39889422.01,5
SP5-06488,deficit,none,0.00,0.00,0.00,0.00,0.00,4
SP5-06489,ok,goals+,1750059.99,0.00,1486052.60,758982.53,0.00,2
SP5-06490,deficit,none,0.00,0.00,0.00,0.00,0.00,4
SP5-06491,ok,reserve,27111.89,14105.83,0.00,0.00,0.00,5
SP5-06492,ok,goals+,0.00,0.00,1163401.82,101204.69,4747412.63,2
SP5-06493,ok,goals+,0.00,0.00,256515.04,200715.96,9913469.88,2
SP5-06494,ok,reserve,3558063.46,1801038.21,0.00,0.00,0.00,2
SP5-06300,ok,reserve,28157.72,0.00,0.00,0.00,0.00,3
SP5-06496,invalid,none,0.00,0.00,0.00,0.00,0.00,5
SP5-06497,ok,reserve,11335.63,0.00,0.00,0.00,0.00,5
SP5-06498,ok,debt,0.00,11551.23,0.00,0.00,205972.05,3
SP5-06499,ok,goals+,0.00,0.00,4393.74,0.00,7275.65,2
SP5-06500,ok,debt,0.00,14046.06,0.00,0.00,33491.12,3
SP5-06501,ok,debt,0.00,11551.23,0.00,0.00,211214.35,3
SP5-06502,invalid,none,0.00,0.00,0.00,0.00,0.00,5
SP5-06503,deficit,none,0.00,0.00,0.00,0.00,0.00,4
SP5-06504,ok,debt,0.00,799809.56,0.00,0.00,3573340.45,2
SP5-06505,ok,reserve,167.95,0.00,0.00,0.00,0.00,5
SP5-06506,ok,reserve,21921.58,0.00,0.00,256.21,0.00,4
SP5-06507,deficit,none,0.00,0.00,0.00,0.00,21409366.17,5
SP5-06508,ok,reserve,8906.20,5937.46,0.00,0.00,0.00,2
SP5-06509,ok,reserve,25937.66,0.00,0.00,0.00,0.00,4
SP5-06510,ok,debt,8499.00,19831.01,0.00,0.00,0.00,3
SP5-06511,deficit,none,0.00,0.00,0.00,0.00,810049.23,5
SP5-06512,ok,reserve,60520.42,0.00,0.00,0.00,0.00,5
SP5-06513,deficit,none,0.00,0.00,0.00,0.00,127028.71,5
SP5-06514,deficit,none,0.00,0.00,0.00,0.00,89371763.97,5
SP5-06515,ok,debt,0.00,1906466.13,0.00,0.00,3009197.79,2
SP5-06516,deficit,none,0.00,0.00,0.00,0.00,0.00,4
SP5-06517,ok,reserve,19485.97,0.00,0.00,0.00,0.00,5
SP5-06518,deficit,none,0.00,0.00,0.00,0.00,0.00,4
SP5-06519,ok,reserve,16698.68,163.15,0.00,0.00,0.00,5
SP5-06520,deficit,none,0.00,0.00,0.00,0.00,0.00,4
SP5-06521,deficit,none,0.00,0.00,0.00,0.00,0.00,4
SP5-06522,ok,goals+,4167.82,6251.73,6601.18,0.00,5268.26,2
SP5-06523,deficit,none,0.00,0.00,0.00,0.00,0.00,4
SP5-06524,ok,debt,2735.29,4102.93,0.00,0.00,46695.56,2
SP5-06525,deficit,none,0.00,0.00,0.00,0.00,96247.70,5
SP5-06526,ok,reserve,1992.94,1328.63,0.00,0.00,8520.34,2
SP5-06527,ok,reserve,1173443.84,0.00,493424.27,0.00,0.00,2
SP5-06528,ok,goals+,0.00,0.00,178947.06,89783.57,898327.60,2
SP5-06529,ok,debt,44530.98,103905.62,0.00,0.00,0.00,2
SP5-06530,ok,reserve,1834.84,0.00,0.00,0.00,0.00,5
SP5-06531,ok,goals+,0.00,0.00,1967219.58,0.00,1459094.10,2
SP5-06532,ok,goals+,0.00,0.00,18355.55,14344.06,1470902.92,3
SP5-06533,ok,reserve,39060.95,0.00,0.00,0.00,0.00,4
SP5-06534,ok,goals+,0.00,0.00,21646.22,9730.33,412645.24,3
SP5-06535,ok,reserve,15723.40,62.10,0.00,0.00,0.00,5
SP5-06536,ok,reserve,40559.07,0.00,0.00,0.00,0.00,5
SP5-06537,ok,reserve,91583.29,0.00,0.00,0.00,0.00,5
SP5-06538,ok,reserve,10134.51,0.00,0.00,0.00,0.00,4
SP5-06539,ok,goals+,0.00,0.00,850699.06,139660.63,7748847.37,2
SP5-06540,ok,debt,0.00,4723744.77,0.00,0.00,315185.21,2
SP5-06541,ok,reserve,2105.18,0.00,0.00,0.00,0.00,5
SP5-06542,ok,goals+,0.00,0.00,1498.23,654.14,55637.06,3
SP5-06543,ok,reserve,34227.27,0.00,0.00,0.00,0.00,3
SP5-06544,ok,debt,8504.75,12757.12,0.00,0.00,16232.78,2
SP5-06545,ok,reserve,11973.35,0.00,0.00,0.00,0.00,3
SP5-06546,deficit,none,0.00,0.00,0.00,0.00,0.00,4
SP5-06547,deficit,none,0.00,0.00,0.00,0.00,0.00,4
SP5-06548,deficit,none,0.00,0.00,0.00,0.00,0.00,4
SP5-06549,ok,debt,8714.57,13071.85,0.00,0.00,16232.78,2
SP5-06550,ok,reserve,7222.01,0.00,0.00,0.00,0.00,2
SP5-06551,ok,goals+,0.00,0.00,376807395.20,224898001.64,3090446987.52,2
SP5-06552,ok,goals+,0.00,0.00,46061.55,0.00,19327.24,2
SP5-06553,ok,goals+,0.00,0.00,46061.55,0.00,19327.24,2
SP5-06554,ok,debt,4707.00,10983.01,825.79,0.00,0.00,3
SP5-06555,deficit,none,0.00,0.00,0.00,0.00,0.00,4
SP5-06556,ok,goals+,0.00,0.00,12080.35,0.00,432900.05,3
SP5-06557,ok,reserve,8651.61,0.00,0.00,0.00,0.00,4
SP5-06558,ok,goals+,0.00,0.00,0.00,1380.93,6550365.84,3
SP5-06559,ok,reserve,38903.17,25935.44,0.00,0.00,0.00,2
SP5-06560,invalid,none,0.00,0.00,0.00,0.00,0.00,5
SP5-06561,ok,goals+,0.00,0.00,5352.44,0.00,32020.94,3
SP5-06562,deficit,none,0.00,0.00,0.00,0.00,325864.69,5
SP5-06563,deficit,none,0.00,0.00,0.00,0.00,128493.19,5
SP5-06564,ok,goals+,3230.65,0.00,6861.82,0.00,0.00,5
SP5-06565,deficit,none,0.00,0.00,0.00,0.00,128493.19,5
SP5-06566,ok,goals+,0.00,0.00,8093.17,559.99,104813.61,3
SP5-06567,ok,reserve,14524.39,5401.10,1048.71,0.00,0.00,5
SP5-06568,deficit,none,0.00,0.00,0.00,0.00,0.00,4
SP5-06569,deficit,none,0.00,0.00,0.00,0.00,0.00,4
SP5-06570,ok,goals+,0.00,0.00,8980.51,33033.38,34812.59,4
SP5-06571,deficit,none,0.00,0.00,0.00,0.00,0.00,4
SP5-06572,deficit,none,0.00,0.00,0.00,0.00,2453264.66,5
SP5-06573,ok,reserve,3789.61,0.00,0.00,0.00,0.00,4
SP5-06574,ok,reserve,33800.84,0.00,688.17,0.00,0.00,3
SP5-06575,ok,reserve,1659.57,0.00,0.00,0.00,0.00,4
SP5-06576,ok,debt,596.23,1391.19,0.00,0.00,0.00,3
SP5-06577,deficit,none,0.00,0.00,0.00,0.00,0.00,4
SP5-06578,ok,debt,4250.36,9917.49,0.00,0.00,0.00,3
SP5-06579,deficit,none,0.00,0.00,0.00,0.00,54496708.73,5
SP5-06580,ok,goals+,0.00,0.00,35205.39,0.00,1771880.68,3
SP5-06581,ok,goals+,0.00,0.00,8066.79,0.00,219309.67,3
SP5-06582,ok,goals+,0.00,0.00,608.49,0.00,326726.43,3
SP5-06583,ok,goals+,0.00,0.00,11354.55,4596.77,242025.58,3
SP5-06584,ok,reserve,25345.95,0.00,0.00,0.00,0.00,3
SP5-06585,ok,goals+,0.00,0.00,9564.17,0.00,0.00,4
SP5-06586,ok,debt,4872.97,11370.25,0.00,0.00,0.00,3
SP5-06587,deficit,none,0.00,0.00,0.00,0.00,298702.23,5
SP5-06588,ok,goals+,0.00,0.00,206287.57,167851.61,5094788.75,2
SP5-06589,deficit,none,0.00,0.00,0.00,0.00,0.00,4
SP5-06590,ok,goals+,0.00,0.00,1019100.29,109804.85,2004583.00,2
SP5-06591,ok,debt,15119.30,22678.96,0.00,0.00,184011.30,2
SP5-06592,deficit,none,0.00,0.00,0.00,0.00,0.00,4
SP5-06593,ok,debt,60.78,141.81,0.00,0.00,0.00,3
SP5-06594,invalid,none,0.00,0.00,0.00,0.00,0.00,5
SP5-06595,deficit,none,0.00,0.00,0.00,0.00,7442871.80,5
SP5-06596,ok,debt,3499.54,8165.59,0.00,0.00,0.00,3
SP5-06597,ok,debt,0.60,1.40,0.11,0.00,0.00,3
SP5-06598,deficit,none,0.00,0.00,0.00,0.00,0.00,4
SP5-06599,deficit,none,0.00,0.00,0.00,0.00,0.00,4
SP5-06600,deficit,none,0.00,0.00,0.00,0.00,0.00,4
SP5-06601,ok,reserve,20398.04,0.00,0.00,0.00,0.00,3
SP5-06602,deficit,none,0.00,0.00,0.00,0.00,0.00,4
SP5-06603,deficit,none,0.00,0.00,0.00,0.00,4575412.50,5
SP5-06604,ok,goals+,0.00,0.00,0.00,16632.02,25307.26,3
SP5-06605,ok,reserve,14922.97,0.00,0.00,0.00,0.00,4
SP5-06606,deficit,none,0.00,0.00,0.00,0.00,0.00,4
SP5-06607,ok,debt,1213.31,2831.07,0.00,0.00,5132.10,3
SP5-06608,ok,reserve,2567.31,0.00,0.00,0.00,10353.50,4
SP5-06609,deficit,none,0.00,0.00,0.00,0.00,1453938.94,5
SP5-06610,ok,reserve,10342.99,6895.33,0.00,0.00,0.00,2
SP5-06611,ok,reserve,16163.66,0.00,0.00,0.00,0.00,5
SP5-06612,ok,goals+,0.00,0.00,61392.09,4670.50,111967.83,3
SP5-06613,ok,goals+,0.00,0.00,67250.01,0.00,3515040.91,3
SP5-06614,invalid,none,0.00,0.00,0.00,0.00,0.00,5
SP5-06615,ok,goals+,0.00,0.00,1398479.24,388779.27,5178422.57,2
SP5-06616,deficit,none,0.00,0.00,0.00,0.00,0.00,4
SP5-06617,ok,reserve,6097.31,0.00,0.00,0.00,0.00,4
SP5-06618,invalid,none,0.00,0.00,0.00,0.00,0.00,5
SP5-06619,ok,debt,6645.72,9968.58,0.00,0.00,51655.10,2
SP5-06620,ok,goals+,0.00,0.00,344808.91,0.00,13833791.97,2
SP5-06621,invalid,none,0.00,0.00,0.00,0.00,0.00,5
SP5-06622,invalid,none,0.00,0.00,0.00,0.00,0.00,5
SP5-06623,ok,goals+,0.00,0.00,0.00,34943.42,223223.57,3
SP5-06624,deficit,none,0.00,0.00,0.00,0.00,2410677.03,5
SP5-06625,ok,debt,0.00,8450.87,0.00,0.00,179570.13,3
SP5-06626,deficit,none,0.00,0.00,0.00,0.00,65991.81,5
SP5-06627,ok,debt,1325457.94,3092735.20,17112.29,0.00,0.00,2
SP5-06628,ok,debt,913197.89,2130795.06,0.00,0.00,0.00,2
SP5-06629,ok,reserve,21759.18,0.00,0.00,0.00,0.00,4
SP5-06630,deficit,none,0.00,0.00,0.00,0.00,34394166.20,5
SP5-06631,invalid,none,0.00,0.00,0.00,0.00,0.00,5
SP5-06632,ok,debt,0.00,3880.95,0.00,0.00,2499.70,3
SP5-06633,ok,goals+,0.00,0.00,30151.50,0.00,50586231.46,2
SP5-06634,ok,debt,0.00,20296.45,0.00,0.00,86575.71,3
SP5-06635,ok,reserve,70105.15,0.00,0.00,0.00,0.00,3
SP5-06636,deficit,none,0.00,0.00,0.00,0.00,12355.71,5
SP5-06637,ok,reserve,1529.67,0.00,0.00,0.00,0.00,5
SP5-06638,ok,reserve,2288.88,0.00,0.00,0.00,0.00,5
SP5-06639,ok,reserve,49538.51,33025.68,0.00,0.00,0.00,2
SP5-06640,ok,reserve,19124.61,0.00,0.00,0.00,0.00,5
SP5-06641,deficit,none,0.00,0.00,0.00,0.00,0.00,4
SP5-06642,ok,reserve,41688.64,0.00,0.00,0.00,0.00,5
SP5-06643,ok,debt,9990.44,14985.66,0.00,0.00,183134.94,2
SP5-06644,ok,reserve,14576.00,0.00,9942.05,0.00,0.00,2
SP5-06645,deficit,none,0.00,0.00,0.00,0.00,503202.64,5
SP5-06646,ok,reserve,31521.11,0.00,0.00,0.00,0.00,5
SP5-06647,ok,goals+,0.00,0.00,0.00,2889678.96,54434691.03,2
SP5-06648,deficit,none,0.00,0.00,0.00,0.00,0.00,4
SP5-06649,ok,reserve,45015.34,30010.22,0.00,0.00,0.00,2
SP5-06650,ok,goals+,0.00,0.00,8812.97,0.00,146816.94,3
SP5-06651,deficit,none,0.00,0.00,0.00,0.00,134478.17,5
SP5-06652,ok,debt,80.57,187.99,0.00,0.00,0.00,3
SP5-06653,deficit,none,0.00,0.00,0.00,0.00,8061.93,5
SP5-06654,deficit,none,0.00,0.00,0.00,0.00,74135.54,5
SP5-06655,deficit,none,0.00,0.00,0.00,0.00,8061.93,5
SP5-06656,ok,reserve,1366.38,910.92,0.00,0.00,5672.84,2
SP5-06657,ok,reserve,21345.96,0.00,0.00,0.00,0.00,5
SP5-06658,deficit,none,0.00,0.00,0.00,0.00,2936796.67,5
SP5-06659,ok,reserve,820521.46,0.00,39902.15,0.00,1000000.00,2
SP5-06660,deficit,none,0.00,0.00,0.00,0.00,0.00,4
SP5-06661,ok,goals+,0.00,0.00,4596514.18,45565.69,83859578.24,2
SP5-06662,ok,debt,28957.30,43435.95,0.00,0.00,228913.32,2
SP5-06663,ok,debt,0.00,2881764.11,0.00,0.00,2388631.75,2
SP5-06664,ok,goals+,0.00,0.00,910559.75,3160225.50,25302294.81,2
SP5-06665,ok,goals+,0.00,0.00,355407.14,342831.46,39566868.27,2
SP5-06666,invalid,none,0.00,0.00,0.00,0.00,0.00,5
SP5-06667,deficit,none,0.00,0.00,0.00,0.00,0.00,4
SP5-06668,ok,debt,4238.18,9889.08,0.00,0.00,0.00,3
SP5-06669,ok,debt,5007.20,11683.47,0.00,0.00,0.00,4
SP5-06670,ok,debt,0.00,1056.74,0.00,0.00,141860.43,3
SP5-06671,ok,goals+,0.00,0.00,260580.13,322.81,0.00,2
SP5-06672,ok,goals+,0.00,0.00,343985.30,459797.27,18992675.37,2
SP5-06673,ok,goals+,0.00,0.00,6027.09,0.00,183760.36,3
SP5-06674,ok,goals+,0.00,0.00,5737.44,9266.90,23651.27,3
SP5-06675,ok,goals+,0.00,0.00,0.00,34820.76,176533.86,5
SP5-06676,deficit,none,0.00,0.00,0.00,0.00,1746615.32,5
SP5-06677,ok,reserve,3140.05,0.00,0.00,0.00,0.00,4
SP5-06678,invalid,none,0.00,0.00,0.00,0.00,0.00,5
SP5-06679,deficit,none,0.00,0.00,0.00,0.00,47881779.39,5
SP5-06680,invalid,none,0.00,0.00,0.00,0.00,0.00,5
SP5-06681,ok,goals+,0.00,0.00,318713.32,40266.12,4368870.92,2
SP5-06682,ok,goals+,0.00,0.00,4592.70,0.00,0.00,4
SP5-06683,deficit,none,0.00,0.00,0.00,0.00,5000000.00,5
SP5-06684,deficit,none,0.00,0.00,0.00,0.00,0.00,4
SP5-06685,ok,goals+,0.00,0.00,250791718.46,0.00,1764135700.16,2
SP5-06686,ok,reserve,5568.22,0.00,0.00,0.00,0.00,2
SP5-06687,deficit,none,0.00,0.00,0.00,0.00,142209.93,5
SP5-06688,ok,goals+,0.00,0.00,11328.82,5455.16,447532.46,3
SP5-06689,ok,goals+,0.00,0.00,88695.17,44098.06,113211.26,3
SP5-06690,ok,goals+,2722.34,4083.50,18210.61,0.00,12776.47,2
SP5-06691,deficit,none,0.00,0.00,0.00,0.00,92987.27,5
SP5-06692,ok,reserve,1678.37,1118.91,147.23,0.00,0.00,2
SP5-06693,ok,none,0.00,0.00,0.00,0.00,0.00,5
SP5-06694,ok,goals+,0.00,0.00,18441.08,0.00,749696.54,3
SP5-06695,deficit,none,0.00,0.00,0.00,0.00,0.00,4
SP5-06696,deficit,none,0.00,0.00,0.00,0.00,5883.02,5
SP5-06697,ok,goals+,0.00,0.00,23919.35,0.00,878436.99,3
SP5-06698,ok,reserve,2860.04,0.00,0.00,0.00,0.00,3
SP5-06699,ok,goals+,0.00,0.00,23330.62,0.00,5383.19,3
SP5-06700,ok,goals+,0.00,0.00,5939.99,1973.56,204093.97,3
SP5-06701,ok,debt,35620.62,83114.78,0.00,0.00,0.00,4
SP5-06702,deficit,none,0.00,0.00,0.00,0.00,0.00,4
SP5-06703,ok,reserve,1366.38,910.92,0.00,0.00,5672.84,2
SP5-06704,deficit,none,0.00,0.00,0.00,0.00,0.00,4
SP5-06705,ok,debt,5439.08,8158.62,0.00,0.00,75879.49,2
SP5-06706,ok,goals+,0.00,0.00,18291.73,0.00,0.00,2
SP5-06707,deficit,none,0.00,0.00,0.00,0.00,0.00,4
SP5-06708,deficit,none,0.00,0.00,0.00,0.00,146894127.34,5
SP5-06709,deficit,none,0.00,0.00,0.00,0.00,0.00,4
SP5-06710,ok,reserve,45155.78,0.00,0.00,0.00,0.00,3
SP5-06711,ok,reserve,3394.91,2263.28,0.00,0.00,0.00,2
SP5-06712,ok,debt,1374.29,2061.43,0.00,0.00,15013.46,2
SP5-06713,ok,goals+,0.00,0.00,7497.77,0.00,0.00,2
SP5-06714,deficit,none,0.00,0.00,0.00,0.00,816914.12,5
SP5-06715,ok,goals+,0.00,0.00,39438.47,12031.44,209978.99,3
SP5-06716,ok,reserve,10940.46,0.00,0.00,0.00,0.00,3
SP5-06717,ok,reserve,44813.01,29875.34,0.00,0.00,0.00,2
SP5-06718,ok,debt,0.00,281061.68,0.00,0.00,1240903.91,2
SP5-06719,ok,goals+,0.00,0.00,257369.01,505940.01,2557664.70,2
SP5-06720,deficit,none,0.00,0.00,0.00,0.00,0.00,4
SP5-06721,ok,reserve,8368.97,5579.31,734.12,0.00,0.00,2
SP5-06722,ok,goals+,0.00,0.00,5669.70,0.00,19392.84,2
SP5-06723,deficit,none,0.00,0.00,0.00,0.00,537675.72,5
SP5-06724,deficit,none,0.00,0.00,0.00,0.00,8761769.05,5
SP5-06725,ok,none,0.00,0.00,0.00,0.00,0.00,2
SP5-06726,ok,goals+,0.00,0.00,4118044.93,155391.91,31405161.03,2
SP5-06727,ok,debt,0.00,1700361.29,0.00,0.00,3863510.16,2
SP5-06728,deficit,none,0.00,0.00,0.00,0.00,0.00,4
SP5-06729,ok,debt,52830.05,79245.08,0.00,0.00,338809.28,2
SP5-06730,ok,reserve,5515.58,3677.05,0.00,0.00,0.00,2
SP5-06731,ok,debt,408335.15,972923.78,0.00,0.00,0.00,2
SP5-06732,deficit,none,0.00,0.00,0.00,0.00,1269757.54,5
SP5-06733,deficit,none,0.00,0.00,0.00,0.00,453113.73,5
SP5-06734,ok,reserve,19183.12,0.00,0.00,0.00,0.00,3
SP5-06735,invalid,none,0.00,0.00,0.00,0.00,0.00,5
SP5-06736,ok,goals+,0.00,0.00,42054.36,0.00,0.00,4
SP5-06737,deficit,none,0.00,0.00,0.00,0.00,0.00,4
SP5-06738,deficit,none,0.00,0.00,0.00,0.00,589749.60,5
SP5-06739,ok,goals+,0.00,0.00,188534.12,30938.85,0.00,2
SP5-06740,ok,reserve,12777.16,0.00,2905.96,0.00,0.00,3
SP5-06741,ok,reserve,141342.69,0.00,0.00,0.00,0.00,2
SP5-06742,ok,reserve,9535.75,0.00,0.00,0.00,0.00,4
SP5-06743,ok,reserve,7511.59,5007.73,658.91,0.00,0.00,2
SP5-06744,deficit,none,0.00,0.00,0.00,0.00,306881.56,5
SP5-06745,ok,goals+,0.00,0.00,4468.58,0.00,0.00,4
SP5-06746,ok,goals+,0.00,0.00,831280.73,25784.95,598664.95,2
SP5-06747,invalid,none,0.00,0.00,0.00,0.00,0.00,5
SP5-06748,deficit,none,0.00,0.00,0.00,0.00,39750.13,5
SP5-06749,deficit,none,0.00,0.00,0.00,0.00,11591.04,5
SP5-06750,ok,reserve,1869.48,1246.32,0.00,0.00,0.00,2
SP5-06751,deficit,none,0.00,0.00,0.00,0.00,38263.22,5
SP5-06752,deficit,none,0.00,0.00,0.00,0.00,91383.81,5
SP5-06753,ok,debt,0.00,2155276.43,0.00,0.00,713757.16,2
SP5-06754,ok,reserve,60866.22,0.00,0.00,0.00,0.00,5
SP5-06755,ok,reserve,109404.60,0.00,0.00,0.00,0.00,2
SP5-06756,deficit,none,0.00,0.00,0.00,0.00,6094705.45,5
SP5-06757,ok,debt,14137.59,21206.38,0.00,0.00,5817.92,2
SP5-06758,deficit,none,0.00,0.00,0.00,0.00,30138.75,5
SP5-06759,deficit,none,0.00,0.00,0.00,0.00,0.00,4
SP5-06760,deficit,none,0.00,0.00,0.00,0.00,0.00,4
SP5-06761,ok,reserve,12516.41,0.00,0.00,0.00,0.00,5
SP5-06762,ok,debt,12864.67,19297.01,0.00,0.00,18064.91,2
SP5-06763,ok,debt,2497.14,5826.65,0.00,0.00,0.00,3
SP5-06764,ok,reserve,5186.31,0.00,0.00,0.00,32028.33,3
SP5-06765,invalid,none,0.00,0.00,0.00,0.00,0.00,5
SP5-06766,invalid,none,0.00,0.00,0.00,0.00,0.00,5
SP5-06767,deficit,none,0.00,0.00,0.00,0.00,0.00,4
SP5-06768,deficit,none,0.00,0.00,0.00,0.00,77409.32,5
SP5-06769,deficit,none,0.00,0.00,0.00,0.00,0.00,4
SP5-06770,ok,reserve,49424.37,0.00,0.00,0.00,0.00,5
SP5-06771,ok,reserve,2623.38,1748.92,0.00,0.00,11503.78,2
SP5-06772,ok,debt,0.00,2894034.42,0.00,0.00,1196498.00,2
SP5-06773,ok,goals+,0.00,0.00,269505.84,0.00,1688178.79,2
SP5-06774,ok,reserve,21627.70,0.00,0.00,0.00,0.00,3
SP5-06775,ok,debt,4193.89,9785.75,0.00,0.00,0.00,4
SP5-09722,invalid,none,0.00,0.00,0.00,0.00,0.00,5
SP5-06777,ok,debt,1543.30,3601.03,0.00,0.00,0.00,3
SP5-06778,ok,goals+,0.00,0.00,104153.85,98270.12,734503.79,2
SP5-06779,ok,debt,0.00,22923.71,1206.51,0.00,122442.20,3
SP5-06780,ok,goals+,0.00,0.00,0.00,47044.63,2247419.84,3
SP5-06781,ok,debt,2632.35,6142.16,0.00,0.00,0.00,4
SP5-06782,deficit,none,0.00,0.00,0.00,0.00,0.00,4
SP5-06783,deficit,none,0.00,0.00,0.00,0.00,97566.60,5
SP5-06784,deficit,none,0.00,0.00,0.00,0.00,59095.98,5
SP5-06785,ok,reserve,16894.50,0.00,0.00,0.00,0.00,3
SP5-06786,ok,goals+,0.00,0.00,8650.55,0.00,0.00,4
SP5-06787,ok,goals+,0.00,0.00,14181.39,17727.16,635226.97,3
SP5-06788,ok,reserve,15574.02,0.00,0.00,0.00,0.00,3
SP5-06789,deficit,none,0.00,0.00,0.00,0.00,5646974.44,5
SP5-06790,ok,goals+,0.00,0.00,377746240.86,1434924.08,4944899952.60,2
SP5-06791,deficit,none,0.00,0.00,0.00,0.00,2547006.01,5
SP5-06792,ok,reserve,4978.32,3318.88,0.00,0.00,0.00,2
SP5-06793,ok,reserve,19132.07,0.00,0.00,0.00,0.00,5
SP5-06794,ok,reserve,4760.61,0.00,0.00,0.00,0.00,3
SP5-06795,deficit,none,0.00,0.00,0.00,0.00,510592.54,5
SP5-06796,deficit,none,0.00,0.00,0.00,0.00,48741.62,5
SP5-06797,ok,reserve,31359.53,0.00,0.00,0.00,0.00,5
SP5-06798,ok,goals+,0.00,0.00,42012.61,18708.46,443596.37,3
SP5-06799,deficit,none,0.00,0.00,0.00,0.00,69501.07,5
SP5-06800,ok,reserve,11883.56,0.00,0.00,0.00,0.00,3
SP5-06801,deficit,none,0.00,0.00,0.00,0.00,0.00,4
SP5-06802,ok,reserve,7592.40,5061.60,0.00,0.00,0.00,2
SP5-06803,ok,reserve,8316.97,0.00,0.00,0.00,0.00,4
SP5-06804,ok,debt,1249.26,1873.88,0.00,0.00,4001.45,2
SP5-06805,ok,reserve,3263.36,0.00,0.00,0.00,0.00,4
SP5-06806,ok,reserve,1302.10,0.00,0.00,0.00,0.00,5
SP5-06807,deficit,none,0.00,0.00,0.00,0.00,519249.91,5
SP5-06808,ok,debt,0.00,3709290.17,0.00,0.00,1431081.92,2
SP5-06809,ok,debt,10062.81,15094.22,0.00,0.00,259800.84,2
SP5-06810,ok,debt,0.00,3417221.99,0.00,0.00,934521.92,2
SP5-06811,ok,reserve,1.00,0.00,0.00,0.00,0.00,3
SP5-06812,ok,reserve,9644.55,6429.70,0.00,0.00,0.00,2
SP5-06813,ok,debt,0.00,1538216.65,0.00,0.00,417792.89,2
SP5-06814,ok,reserve,4978.32,3318.88,0.00,0.00,0.00,2
SP5-06815,deficit,none,0.00,0.00,0.00,0.00,0.00,4
SP5-06816,ok,debt,0.00,3468.70,0.00,0.00,125723.73,3
SP5-06817,ok,reserve,7776.01,0.00,0.00,0.00,0.00,3
SP5-06818,ok,goals+,0.00,0.00,51372.42,0.00,0.00,2
SP5-06819,ok,goals+,0.00,0.00,0.00,23782.60,5984.36,5
SP5-06820,ok,debt,16128.12,37632.29,0.00,0.00,0.00,3
SP5-06821,deficit,none,0.00,0.00,0.00,0.00,72290.69,5
SP5-06822,ok,reserve,9128.58,0.00,0.00,0.00,0.00,3
SP5-06823,ok,none,0.00,0.00,0.00,0.00,0.00,2
SP5-06824,deficit,none,0.00,0.00,0.00,0.00,0.00,4
SP5-06825,deficit,none,0.00,0.00,0.00,0.00,90342.72,5
SP5-06826,ok,debt,25099.98,37649.97,0.00,0.00,201551.74,1
SP5-06827,invalid,none,0.00,0.00,0.00,0.00,0.00,5
SP5-06828,invalid,none,0.00,0.00,0.00,0.00,0.00,5
SP5-06829,deficit,none,0.00,0.00,0.00,0.00,430895.64,5
SP5-06830,ok,debt,1609.01,3754.35,282.28,0.00,61614.19,3
SP5-06831,invalid,none,0.00,0.00,0.00,0.00,0.00,5
SP5-06832,deficit,none,0.00,0.00,0.00,0.00,0.00,4
SP5-06833,ok,goals+,0.00,0.00,16393.19,15517.10,1535759.94,3
SP5-06834,ok,reserve,10232.41,0.00,0.00,0.00,0.00,5
SP5-06835,deficit,none,0.00,0.00,0.00,0.00,0.00,4
SP5-06836,ok,goals+,0.00,0.00,6255.93,15749.04,291363.03,3
SP5-06837,deficit,none,0.00,0.00,0.00,0.00,0.00,4
SP5-06838,ok,debt,2387.58,5571.02,0.00,0.00,0.00,3
SP5-06839,ok,reserve,40587.11,27058.08,0.00,0.00,0.00,2
SP5-06840,ok,goals+,0.00,0.00,2640724.86,1248819.46,932177.23,2
SP5-06841,ok,goals+,0.00,0.00,0.00,68930.29,85465.80,5
SP5-06842,invalid,none,0.00,0.00,0.00,0.00,0.00,5
SP5-06843,ok,debt,384.85,577.27,0.00,0.00,171861.72,1
SP5-06748,ok,reserve,15617.89,10411.93,0.00,0.00,0.00,2
SP5-06845,ok,goals+,0.00,0.00,6787.95,0.00,0.00,3
SP5-06846,ok,reserve,3449.56,2299.71,0.00,0.00,0.00,2
SP5-06847,ok,reserve,27255.56,0.00,5525.90,2302.87,0.00,3
SP5-06848,deficit,none,0.00,0.00,0.00,0.00,1363972.37,5
SP5-06849,ok,goals+,0.00,0.00,48561.00,505.93,0.00,3
SP5-06850,ok,goals+,0.00,0.00,1233866.65,1570068.49,3003265.81,2
SP5-06851,ok,goals+,0.00,0.00,0.00,111446.56,6588896.79,2
SP5-06852,ok,debt,7864.56,11796.83,0.00,0.00,67667.97,2
SP5-06853,ok,reserve,15608.79,0.00,0.00,0.00,0.00,4
SP5-06854,ok,debt,0.00,22580.89,0.00,0.00,255812.30,3
SP5-06855,ok,reserve,32937.72,0.00,0.00,0.00,0.00,5
SP5-06856,ok,goals+,0.00,0.00,9069.50,0.00,10550.53,2
SP5-06857,invalid,none,0.00,0.00,0.00,0.00,0.00,5
SP5-06858,invalid,none,0.00,0.00,0.00,0.00,0.00,5
SP5-06859,ok,reserve,83558.07,0.00,0.00,0.00,0.00,3
SP5-06860,deficit,none,0.00,0.00,0.00,0.00,33345.42,5
SP5-06861,ok,reserve,25575.53,0.00,0.00,0.00,0.00,5
SP5-06862,ok,goals+,0.00,0.00,5335.03,10918.52,2562746.20,3
SP5-06863,ok,debt,6667.06,15556.47,0.00,0.00,0.00,3
SP5-06864,ok,reserve,19698.99,0.00,0.00,0.00,0.00,3
SP5-06865,ok,reserve,29892.51,9684.01,2082.97,0.00,0.00,5
SP5-06866,ok,debt,176279.38,4857690.28,0.00,0.00,0.00,2
SP5-06867,ok,reserve,5628.91,0.00,0.00,0.00,0.00,3
SP5-06868,ok,reserve,15400.13,0.00,0.00,0.00,0.00,4
SP5-06869,ok,goals+,0.00,0.00,0.00,204466.98,10069662.94,2
SP5-06870,deficit,none,0.00,0.00,0.00,0.00,17419.35,5
SP5-06871,ok,goals+,0.00,0.00,26182.58,0.00,40545.02,3
SP5-06872,deficit,none,0.00,0.00,0.00,0.00,123737277.18,5
SP5-06873,deficit,none,0.00,0.00,0.00,0.00,415025.84,5
SP5-06874,ok,reserve,66262.76,0.00,0.00,0.00,0.00,4
SP5-06875,ok,goals+,0.00,0.00,2388.74,0.00,0.00,3
SP5-06876,invalid,none,0.00,0.00,0.00,0.00,0.00,5
SP5-06877,ok,reserve,1965.86,0.00,0.00,0.00,0.00,3
SP5-06878,ok,reserve,11035.72,0.00,0.00,0.00,0.00,3
SP5-06879,deficit,none,0.00,0.00,0.00,0.00,300198.42,5
SP5-06880,ok,reserve,87783.86,0.00,0.00,0.00,0.00,3
SP5-06881,ok,goals+,0.00,0.00,788671.38,17512.76,2196136.35,2
SP5-06882,deficit,none,0.00,0.00,0.00,0.00,1013966.99,5
SP5-06883,ok,reserve,22051.98,8512.05,1608.63,0.00,0.00,5
SP5-06884,ok,goals+,0.00,0.00,6083.62,3077.42,35348.93,3
SP5-06885,deficit,none,0.00,0.00,0.00,0.00,0.00,4
SP5-06886,deficit,none,0.00,0.00,0.00,0.00,0.00,4
SP5-06887,ok,reserve,5885.18,3923.45,516.24,0.00,0.00,2
SP5-06888,ok,goals+,0.00,0.00,1170563.77,137918.09,26800622.18,2
SP5-06889,ok,reserve,14558.10,0.00,0.00,0.00,0.00,5
SP5-06890,ok,reserve,2857.71,1905.14,0.00,0.00,0.00,2
SP5-06891,ok,debt,3583.86,5375.80,0.00,0.00,21021.96,2
SP5-06892,deficit,none,0.00,0.00,0.00,0.00,0.00,4
SP5-06893,deficit,none,0.00,0.00,0.00,0.00,16261.98,5
SP5-06894,deficit,none,0.00,0.00,0.00,0.00,0.00,4
SP5-06895,ok,goals+,0.00,0.00,4170041.63,836059.91,0.00,2
SP5-06896,ok,reserve,21347.45,0.00,0.00,0.00,0.00,5
SP5-06897,ok,goals+,0.00,0.00,19569.63,0.00,340680.80,3
SP5-06771,deficit,none,0.00,0.00,0.00,0.00,0.00,4
SP5-06899,deficit,none,0.00,0.00,0.00,0.00,0.00,4
SP5-06900,ok,reserve,20043.20,0.00,0.00,0.00,0.00,3
SP5-06901,deficit,none,0.00,0.00,0.00,0.00,0.00,4
SP5-06902,ok,reserve,60393.97,0.00,0.00,0.00,0.00,4
SP5-06903,deficit,none,0.00,0.00,0.00,0.00,150462.68,5
SP5-06904,ok,goals+,0.00,0.00,0.00,648487.41,1000000.00,2
SP5-06905,ok,goals+,0.00,0.00,3755.55,0.00,286709.90,3
SP5-06906,ok,debt,5951.92,13887.80,0.00,0.00,0.00,3
SP5-06907,ok,reserve,105558.77,0.00,0.00,0.00,0.00,3
SP5-06908,deficit,none,0.00,0.00,0.00,0.00,0.00,4
SP5-06909,ok,goals+,0.00,0.00,169909.67,24640.86,5568551.16,2
SP5-06910,ok,reserve,34570.49,0.00,17995.94,0.00,0.00,3
SP5-06911,invalid,none,0.00,0.00,0.00,0.00,0.00,5
SP5-06912,ok,goals+,0.00,0.00,19090.41,0.00,0.00,4
SP5-06913,invalid,none,0.00,0.00,0.00,0.00,0.00,5
SP5-06914,ok,goals+,0.00,0.00,73934.75,0.00,1588729.61,3
SP5-06915,invalid,none,0.00,0.00,0.00,0.00,0.00,5
SP5-06916,ok,reserve,10599.32,0.00,0.00,0.00,0.00,5
SP5-06917,deficit,none,0.00,0.00,0.00,0.00,0.00,4
SP5-06918,ok,goals+,0.00,0.00,434424.77,0.00,2626331.57,2
SP5-06919,ok,reserve,10398.94,0.00,0.00,0.00,0.00,5
SP5-06920,ok,goals+,0.00,0.00,89079.80,37838.93,824124.30,3
SP5-06921,deficit,none,0.00,0.00,0.00,0.00,565126.23,5
SP5-06922,ok,reserve,18608.88,0.00,0.00,0.00,0.00,5
SP5-06923,deficit,none,0.00,0.00,0.00,0.00,20224.41,5
SP5-06924,ok,reserve,5912.06,3941.37,518.60,0.00,0.00,2
SP5-06925,deficit,none,0.00,0.00,0.00,0.00,0.00,4
SP5-06926,ok,goals+,0.00,0.00,5661.09,0.00,7672.55,4
SP5-06927,invalid,none,0.00,0.00,0.00,0.00,0.00,5
SP5-06928,deficit,none,0.00,0.00,0.00,0.00,182893.60,5
SP5-06929,deficit,none,0.00,0.00,0.00,0.00,506100.50,5
SP5-06930,ok,reserve,6176.20,0.00,0.00,0.00,0.00,5
SP5-06931,deficit,none,0.00,0.00,0.00,0.00,0.00,4
SP5-06932,ok,debt,0.00,6821.88,359.05,0.00,115564.46,3
SP5-06933,ok,debt,5292.57,12349.32,0.00,0.00,0.00,3
SP5-06934,ok,goals+,0.00,0.00,25456.03,0.00,0.00,2
SP5-06935,ok,debt,0.00,67354.11,0.00,0.00,23194.63,3
SP5-06936,deficit,none,0.00,0.00,0.00,0.00,39063650.30,5
SP5-06937,ok,reserve,5456.51,3637.68,0.00,0.00,0.00,2
SP5-06938,ok,goals+,0.00,0.00,416680.58,94622.17,2805710.88,2
SP5-06939,ok,goals+,0.00,0.00,97046.03,0.00,221109.79,3
SP5-06940,ok,goals+,0.00,0.00,3209.07,331.16,631553.38,3
SP5-06941,ok,goals+,0.00,0.00,3963.32,3952.52,152112.61,3
SP5-06942,deficit,none,0.00,0.00,0.00,0.00,12797947.56,5
SP5-06943,ok,goals+,0.00,0.00,23515.12,2651.87,54458.60,4
SP5-06944,deficit,none,0.00,0.00,0.00,0.00,30151359.19,5
SP5-06945,ok,goals+,0.00,0.00,468313.27,604830.46,44702531.15,2
SP5-06946,ok,goals+,0.00,0.00,4864.49,0.00,32621487.78,2
SP5-06947,ok,debt,3003.51,7008.18,0.00,0.00,0.00,3
SP5-06948,ok,reserve,23392.56,0.00,0.00,0.00,0.00,4
SP5-06949,ok,reserve,28896.31,0.00,0.00,0.00,0.00,5
SP5-06950,ok,debt,28198.83,42298.24,0.00,0.00,24083.43,2
SP5-06951,deficit,none,0.00,0.00,0.00,0.00,0.00,4
SP5-06952,ok,goals+,0.00,0.00,138129.32,7966.38,8710243.30,2
SP5-06953,deficit,none,0.00,0.00,0.00,0.00,64680.92,5
SP5-06954,ok,debt,6667.06,15556.47,0.00,0.00,0.00,3
SP5-06955,ok,reserve,13757.12,0.00,0.00,0.00,0.00,4
SP5-06956,ok,goals+,0.00,0.00,827762.60,1040820.58,3559574.29,2
SP5-06957,deficit,none,0.00,0.00,0.00,0.00,22518140.15,5
SP5-06958,ok,reserve,11789.14,7859.43,0.00,0.00,21863.82,2
SP5-06959,ok,reserve,11789.14,7859.43,0.00,0.00,21863.82,2
SP5-06960,ok,none,0.00,0.00,0.00,0.00,0.00,5
SP5-06961,ok,reserve,17339.10,0.00,0.00,0.00,0.00,5
SP5-06962,ok,reserve,17634.80,0.00,0.00,0.00,0.00,5
SP5-06963,ok,goals+,0.00,0.00,404904.42,340354.38,40808403.64,2
SP5-06964,ok,goals+,0.00,0.00,188888.77,71379.12,7056478.03,2
SP5-06965,deficit,none,0.00,0.00,0.00,0.00,96359.92,5
SP5-06966,ok,reserve,19141.04,0.00,8060.03,0.00,0.00,4
SP5-06967,ok,goals+,0.00,0.00,1763.73,232.40,31085.80,4
SP5-06968,deficit,none,0.00,0.00,0.00,0.00,201117.61,5
SP5-06969,ok,reserve,3219.42,0.00,0.00,0.00,0.00,4
SP5-06970,ok,debt,7109.83,16589.60,0.00,0.00,0.00,3
SP5-06971,deficit,none,0.00,0.00,0.00,0.00,302315.89,5
SP5-06972,ok,goals+,0.00,0.00,621966.55,903552.28,27659520.81,2
SP5-06973,ok,goals+,0.00,0.00,76204.14,83988.04,188915.08,4
SP5-06974,ok,reserve,3735.78,0.00,0.00,0.00,0.00,5
SP5-06975,ok,goals+,0.00,0.00,21635.51,0.00,214651.08,3
SP5-06976,ok,goals+,0.00,0.00,11817.91,0.00,0.00,2
SP5-06977,deficit,none,0.00,0.00,0.00,0.00,1419839.31,5
SP5-06978,ok,goals+,0.00,0.00,396944.47,0.00,4407272.78,2
SP5-06979,ok,reserve,12497.23,0.00,0.00,0.00,0.00,3
SP5-06980,ok,goals+,0.00,0.00,13908.21,3663.36,298982.37,3
SP5-06981,deficit,none,0.00,0.00,0.00,0.00,96359.92,5
SP5-06982,deficit,none,0.00,0.00,0.00,0.00,0.00,4
SP5-06983,ok,debt,4565.64,10653.17,0.00,0.00,0.00,3
SP5-06984,ok,goals+,0.00,0.00,1034327.12,384549.03,9193888.23,2
SP5-06985,ok,reserve,4411.33,2940.89,0.00,0.00,0.00,2
SP5-06986,deficit,none,0.00,0.00,0.00,0.00,1080521.79,5
SP5-06987,ok,goals+,8612.02,0.00,26514.36,0.00,0.00,5
SP5-06988,ok,reserve,53577.12,0.00,0.00,0.00,0.00,3
SP5-06989,ok,goals+,6159.18,0.00,0.00,14847.26,0.00,3
SP5-06990,ok,goals+,0.00,0.00,2996296.90,0.00,0.00,2
SP5-06991,deficit,none,0.00,0.00,0.00,0.00,0.00,4
SP5-06992,ok,reserve,619.14,0.00,0.00,0.00,0.00,5
SP5-06993,deficit,none,0.00,0.00,0.00,0.00,537471.60,5
SP5-06994,ok,reserve,37906.78,10129.34,0.00,0.00,0.00,5
SP5-06995,deficit,none,0.00,0.00,0.00,0.00,286550.66,5
SP5-06827,invalid,none,0.00,0.00,0.00,0.00,0.00,5
SP5-06997,ok,reserve,45526.20,0.00,0.00,0.00,0.00,3
SP5-06998,deficit,none,0.00,0.00,0.00,0.00,29626029.36,5
SP5-06999,ok,goals+,0.00,0.00,96256.79,67411.42,4407445.78,2
SP5-07000,ok,goals+,0.00,0.00,991.09,0.00,0.00,2
SP5-07001,ok,goals+,0.00,0.00,187333.11,40189.39,12347443.33,2
SP5-07002,ok,reserve,1.00,0.00,0.00,0.00,0.00,3
SP5-07003,ok,reserve,4411.33,2940.89,0.00,0.00,0.00,2
SP5-07004,ok,reserve,31738.03,13713.82,0.00,0.00,0.00,5
SP5-07005,ok,goals+,0.00,0.00,43143.48,0.00,0.00,4
SP5-07006,ok,goals+,0.00,0.00,3656436.01,1638755.83,45921753.69,2
SP5-07007,ok,reserve,26982.47,7849.07,0.00,0.00,0.00,3
SP5-07008,deficit,none,0.00,0.00,0.00,0.00,86787.64,5
SP5-07009,ok,reserve,16339.28,0.00,0.00,0.00,0.00,5
SP5-07010,invalid,none,0.00,0.00,0.00,0.00,0.00,5
SP5-07011,deficit,none,0.00,0.00,0.00,0.00,0.00,4
SP5-07012,ok,debt,3490.86,8145.34,0.00,0.00,0.00,3
SP5-07013,deficit,none,0.00,0.00,0.00,0.00,0.00,4
SP5-07014,deficit,none,0.00,0.00,0.00,0.00,0.00,4
SP5-07015,ok,goals+,0.00,0.00,13418.05,0.00,0.00,4
SP5-07016,deficit,none,0.00,0.00,0.00,0.00,157389.74,5
SP5-07017,ok,goals+,0.00,0.00,335686.35,83622.12,7355093.98,2
SP5-07018,ok,goals+,0.00,0.00,125209.54,92739.00,12922259.99,2
SP5-07019,ok,goals+,579.83,0.00,7799.33,0.00,0.00,2
SP5-07020,deficit,none,0.00,0.00,0.00,0.00,0.00,4
SP5-07021,ok,goals+,0.00,0.00,478502877.47,725887214.71,4954859646.77,2
SP5-07022,deficit,none,0.00,0.00,0.00,0.00,486121.49,5
SP5-07023,deficit,none,0.00,0.00,0.00,0.00,0.00,4
SP5-07024,ok,reserve,8038.41,0.00,0.00,0.00,0.00,5
SP5-07025,invalid,none,0.00,0.00,0.00,0.00,0.00,5
SP5-07026,ok,goals+,0.00,0.00,5887.81,4970.54,668939.54,3
SP5-07027,deficit,none,0.00,0.00,0.00,0.00,12066.44,5
SP5-07028,deficit,none,0.00,0.00,0.00,0.00,1165717.59,5
SP5-07029,ok,reserve,593.05,395.37,0.00,0.00,23661.08,2
SP5-07030,ok,reserve,8083.57,0.00,0.00,0.00,0.00,4
SP5-07031,ok,reserve,20674.88,0.00,0.00,0.00,0.00,5
SP5-07032,ok,reserve,18709.07,0.00,0.00,0.00,0.00,2
SP5-07033,ok,goals+,0.00,0.00,51794.26,87700.82,296864.39,3
SP5-07034,ok,reserve,14308.65,0.00,3637.01,0.00,0.00,4
SP5-07035,ok,debt,5708.69,8563.03,0.00,0.00,38227.23,2
SP5-07036,ok,debt,0.00,10322.85,0.00,0.00,64492.05,3
SP5-07037,ok,debt,0.00,11511.33,0.00,0.00,349173.84,3
SP5-07038,deficit,none,0.00,0.00,0.00,0.00,1163742.80,5
SP5-07039,ok,debt,3934.87,9181.37,0.00,0.00,0.00,3
SP5-07040,deficit,none,0.00,0.00,0.00,0.00,30080481.55,5
SP5-07041,ok,reserve,6203.29,0.00,0.00,0.00,0.00,3
SP5-07042,ok,goals+,3055.66,2037.10,14669.54,0.00,0.00,2
SP5-07043,ok,goals+,0.00,0.00,5473.11,0.00,40329.17,4
SP5-07044,ok,goals+,0.00,0.00,12645.06,0.00,3354788.77,3
SP5-07045,ok,reserve,9687.54,0.00,0.00,0.00,0.00,4
SP5-07046,ok,reserve,10939.09,0.00,396.09,0.00,0.00,3
SP5-07047,ok,reserve,36583.18,0.00,0.00,0.00,31118.04,3
SP5-07048,ok,goals+,0.00,0.00,1939751.36,37921.39,45176792.51,2
SP5-07049,deficit,none,0.00,0.00,0.00,0.00,41281855.21,5
SP5-07050,ok,goals+,0.00,0.00,4308.45,4741.67,168343.71,3
SP5-07051,ok,goals+,0.00,0.00,0.00,3182.44,36615.89,3
SP5-07052,deficit,none,0.00,0.00,0.00,0.00,1701253.55,5
SP5-03028,invalid,none,0.00,0.00,0.00,0.00,0.00,5
SP5-07054,deficit,none,0.00,0.00,0.00,0.00,9444392.37,5
SP5-07055,ok,reserve,5895.76,0.00,0.00,0.00,0.00,3
SP5-07056,ok,debt,6260.89,9391.33,0.00,0.00,20603.55,2
SP5-07057,ok,debt,0.00,635228.03,0.00,0.00,172195.35,3
SP5-07058,deficit,none,0.00,0.00,0.00,0.00,626346.21,5
SP5-07059,ok,debt,34908.60,81453.40,0.00,0.00,0.00,3
SP5-07060,deficit,none,0.00,0.00,0.00,0.00,2517945.10,5
SP5-07061,ok,goals+,0.00,0.00,16672.41,0.00,0.00,2
SP5-07062,ok,goals+,0.00,0.00,99204.44,0.00,10544022.25,2
SP5-07063,ok,reserve,17794.78,0.00,0.00,0.00,0.00,3
SP5-07064,ok,goals+,0.00,0.00,7019.44,0.00,77742.20,1
SP5-07065,ok,reserve,5607.05,0.00,0.00,0.00,0.00,3
SP5-07066,ok,debt,2296.04,5357.43,0.00,0.00,0.00,3
SP5-07067,ok,debt,0.00,2037.98,0.00,0.00,261721.32,3
SP5-07068,ok,goals+,0.00,0.00,15238.87,0.00,13042.66,3
SP5-07069,ok,reserve,4535.25,0.00,0.00,0.00,0.00,4
SP5-07070,deficit,none,0.00,0.00,0.00,0.00,0.00,4
SP5-07071,ok,debt,1504.06,2256.10,0.00,0.00,44303.46,2
SP5-07072,ok,goals+,0.00,0.00,5430.13,0.00,101726.10,3
SP5-06748,ok,reserve,49833.18,0.00,0.00,0.00,0.00,3
SP5-07074,ok,reserve,4056.24,0.00,0.00,0.00,0.00,3
SP5-07075,ok,reserve,13090.42,0.00,0.00,0.00,0.00,3
SP5-07076,ok,goals+,0.00,0.00,750548.63,1951176.16,90632800.45,2
SP5-07077,ok,debt,0.00,3609016.81,0.00,0.00,162496.58,2
SP5-07078,invalid,none,0.00,0.00,0.00,0.00,0.00,5
SP5-07079,ok,reserve,20744.26,0.00,0.00,0.00,0.00,1
SP5-07080,ok,debt,400714.55,3812294.16,0.00,0.00,0.00,2
SP5-07081,ok,goals+,0.00,0.00,1338.92,0.00,8400.09,2
SP5-07082,ok,debt,1060.53,2474.56,0.00,0.00,0.00,3
SP5-07083,ok,goals+,0.00,0.00,89774.08,90176.53,1379005.06,3
SP5-07084,ok,reserve,653.24,435.49,0.00,0.00,0.00,2
SP5-07085,ok,reserve,2508.72,0.00,0.00,0.00,0.00,2
SP5-07086,deficit,none,0.00,0.00,0.00,0.00,279112.95,5
SP5-07087,deficit,none,0.00,0.00,0.00,0.00,57369.90,5
SP5-07088,deficit,none,0.00,0.00,0.00,0.00,235317.42,5
SP5-07089,deficit,none,0.00,0.00,0.00,0.00,0.00,4
SP5-07090,ok,reserve,9774.05,4209.16,0.00,0.00,0.00,5
SP5-07091,ok,goals+,0.00,0.00,22853.22,0.00,0.00,1
SP5-07092,ok,reserve,9627.55,6418.37,844.52,0.00,0.00,2
SP5-07093,ok,reserve,2937.04,0.00,0.00,0.00,0.00,5
SP5-07094,deficit,none,0.00,0.00,0.00,0.00,13052602.31,5
SP5-07095,ok,goals+,0.00,0.00,39018.98,88665.77,175198.52,3
SP5-07096,ok,reserve,5257.81,0.00,0.00,0.00,0.00,5
SP5-07097,ok,reserve,54123.96,0.00,3682.77,0.00,0.00,4
SP5-07098,ok,goals+,0.00,0.00,804554.62,1007031.73,1905144.46,2
SP5-07099,ok,reserve,20905.13,0.00,0.00,0.00,0.00,3
SP5-07100,ok,goals+,0.00,0.00,65014.24,44058.78,34444.33,4
SP5-07101,deficit,none,0.00,0.00,0.00,0.00,0.00,4
SP5-07102,ok,goals+,0.00,0.00,9592.02,0.00,0.00,3
SP5-07103,deficit,none,0.00,0.00,0.00,0.00,0.00,4
SP5-07104,ok,reserve,1981.81,0.00,0.00,0.00,0.00,3
SP5-07105,ok,debt,4833.49,11278.15,0.00,0.00,0.00,3
SP5-07106,ok,reserve,13879.61,0.00,0.00,0.00,0.00,5
SP5-07107,ok,reserve,8116.42,0.00,0.00,0.00,0.00,3
SP5-07108,deficit,none,0.00,0.00,0.00,0.00,1956925.59,5
SP5-07109,ok,goals+,0.00,0.00,2612.21,0.00,169090.12,3
SP5-07110,ok,reserve,17947.96,11965.30,0.00,0.00,0.00,2
SP5-07111,ok,reserve,8576.19,0.00,0.00,0.00,0.00,3
SP5-07112,ok,debt,2111.94,3167.91,0.00,0.00,41335.47,2
SP5-07113,ok,goals+,0.00,0.00,10996.72,18826.14,64498.90,3
SP5-07114,ok,reserve,12374.99,4734.78,7522.02,0.00,0.00,2
SP5-07115,deficit,none,0.00,0.00,0.00,0.00,30107284.47,5
SP5-07116,deficit,none,0.00,0.00,0.00,0.00,0.00,4
SP5-07117,ok,reserve,222.73,0.00,0.00,0.00,0.00,3
SP5-07118,ok,goals+,0.00,0.00,207735.13,48418.69,533754.17,4
SP5-07119,deficit,none,0.00,0.00,0.00,0.00,961550.93,5
SP5-07120,deficit,none,0.00,0.00,0.00,0.00,0.00,4
SP5-07121,ok,debt,223.07,520.48,39.13,0.00,0.00,3
SP5-07122,ok,reserve,35348.47,0.00,0.00,0.00,0.00,5
SP5-07123,deficit,none,0.00,0.00,0.00,0.00,94540.38,5
SP5-07124,ok,debt,9170.52,13755.78,0.00,0.00,68801.73,2
SP5-07125,deficit,none,0.00,0.00,0.00,0.00,1556104.09,5
SP5-07126,ok,reserve,5995.25,0.00,0.00,0.00,0.00,4
SP5-07127,ok,goals+,0.00,0.00,2320720.85,983466.99,173283.38,2
SP5-07128,deficit,none,0.00,0.00,0.00,0.00,0.00,4
SP5-07129,ok,debt,12106.56,16110.91,0.00,0.00,0.00,3
SP5-07130,ok,goals+,0.00,0.00,34981.23,0.00,216922.05,2
SP5-07131,deficit,none,0.00,0.00,0.00,0.00,3025038.42,5
SP5-07132,ok,reserve,29017.95,19345.30,0.00,0.00,0.00,2
SP5-07133,deficit,none,0.00,0.00,0.00,0.00,343322.90,5
SP5-07134,ok,debt,5225.33,12192.43,0.00,0.00,0.00,3
SP5-07135,deficit,none,0.00,0.00,0.00,0.00,0.00,4
SP5-07136,ok,reserve,3021.97,0.00,0.00,0.00,0.00,3
SP5-07137,ok,reserve,48698.38,0.00,0.00,0.00,0.00,4
SP5-07138,ok,reserve,10748.89,0.00,0.00,0.00,0.00,4
SP5-07139,ok,goals+,0.00,0.00,6307.35,0.00,8677797.63,3
SP5-07140,ok,reserve,32773.39,21848.92,0.00,0.00,0.00,2
SP5-07141,deficit,none,0.00,0.00,0.00,0.00,100907789.08,5
SP5-07142,deficit,none,0.00,0.00,0.00,0.00,0.00,4
SP5-07143,ok,goals+,0.00,0.00,850270.92,0.00,28285679.43,2
SP5-07144,ok,reserve,5486.62,0.00,0.00,0.00,0.00,5
SP5-07145,ok,debt,0.00,9578.93,0.00,0.00,36886.61,3
SP5-07146,deficit,none,0.00,0.00,0.00,0.00,0.00,4
SP5-07147,ok,reserve,25194.62,16796.42,0.00,0.00,0.00,2
SP5-07148,invalid,none,0.00,0.00,0.00,0.00,0.00,5
SP5-07149,ok,reserve,2394.13,0.00,0.00,0.00,0.00,2
SP5-07150,ok,reserve,1449.50,0.00,0.00,0.00,0.00,2
SP5-07151,ok,reserve,222.73,0.00,0.00,0.00,0.00,3
SP5-07152,deficit,none,0.00,0.00,0.00,0.00,1178505.60,5
SP5-07153,ok,goals+,0.00,0.00,20517.39,0.00,145355.66,3
SP5-07154,ok,debt,0.00,128036.52,0.00,0.00,1206888.02,2
SP5-07155,ok,reserve,2068.31,1378.88,0.00,0.00,0.00,2
SP5-07156,ok,goals+,0.00,0.00,621589545.23,68232632.76,3000000.00,2
SP5-07157,ok,debt,11701.99,17552.99,0.00,0.00,40029.34,2
SP5-07158,ok,reserve,2156.54,1437.69,189.17,0.00,0.00,2
SP5-07159,ok,reserve,23159.16,0.00,2754.78,0.00,0.00,3
SP5-07160,ok,reserve,5020.10,0.00,0.00,0.00,84339.45,3
SP5-07161,ok,reserve,4762.58,0.00,0.00,0.00,0.00,5
SP5-07162,deficit,none,0.00,0.00,0.00,0.00,0.00,4
SP5-07163,ok,reserve,9118.21,6078.81,799.84,0.00,0.00,2
SP5-07164,deficit,none,0.00,0.00,0.00,0.00,58942705.69,5
SP5-07165,deficit,none,0.00,0.00,0.00,0.00,0.00,4
SP5-07166,ok,goals+,0.00,0.00,39438.63,0.00,670093.38,3
SP5-07167,deficit,none,0.00,0.00,0.00,0.00,0.00,4
SP5-07168,ok,goals+,0.00,0.00,0.00,36433.65,283418.36,5
SP5-07169,ok,reserve,6089.56,4059.70,0.00,0.00,0.00,2
SP5-07170,ok,reserve,147686.19,0.00,0.00,0.00,0.00,5
SP5-07171,ok,debt,14676.09,34244.22,0.00,0.00,0.00,3
SP5-07172,invalid,none,0.00,0.00,0.00,0.00,0.00,5
SP5-07173,invalid,none,0.00,0.00,0.00,0.00,0.00,5
SP5-07174,ok,goals+,0.00,0.00,12590.67,0.00,0.00,2
SP5-07175,deficit,none,0.00,0.00,0.00,0.00,0.00,4
SP5-07176,ok,reserve,36343.67,0.00,0.00,0.00,0.00,4
SP5-07177,ok,debt,0.00,8582.00,0.00,0.00,3803.65,3
SP5-07178,ok,goals+,0.00,0.00,5469.34,0.00,7251.81,2
SP5-07179,ok,goals+,0.00,0.00,2378.70,0.00,375855.33,3
SP5-07180,deficit,none,0.00,0.00,0.00,0.00,0.00,4
SP5-07181,ok,goals+,0.00,0.00,13399.01,22242.02,83894.98,3
SP5-07182,deficit,none,0.00,0.00,0.00,0.00,133525.76,5
SP5-07183,ok,debt,6003.13,14007.31,0.00,0.00,0.00,4
SP5-07184,ok,reserve,16718.38,0.00,0.00,0.00,0.00,5
SP5-07185,deficit,none,0.00,0.00,0.00,0.00,227651.42,5
SP5-07186,ok,goals+,0.00,0.00,3919.81,0.00,267033.29,3
SP5-07187,ok,goals+,0.00,0.00,25673.07,0.00,214798.03,3
SP5-07188,ok,reserve,1.00,0.00,0.00,0.00,0.00,3
SP5-07189,ok,reserve,11388.66,7592.44,999.01,0.00,0.00,2
SP5-07190,ok,reserve,5454.32,0.00,0.00,0.00,0.00,3
SP5-07191,ok,reserve,1824.44,959.97,0.00,0.00,0.00,5
SP5-07192,deficit,none,0.00,0.00,0.00,0.00,29893127.72,5
SP5-07193,ok,reserve,134503.70,0.00,0.00,0.00,0.00,4
SP5-07194,deficit,none,0.00,0.00,0.00,0.00,13292.79,5
SP5-07195,ok,reserve,2203.51,0.00,0.00,0.00,0.00,4
SP5-07196,deficit,none,0.00,0.00,0.00,0.00,64819442.02,5
SP5-07197,ok,reserve,8123.03,5415.36,0.00,0.00,0.00,2
SP5-07198,deficit,none,0.00,0.00,0.00,0.00,277806.82,5
SP5-07199,ok,reserve,1580.58,0.00,0.00,0.00,0.00,5
SP5-07200,ok,debt,7594.91,17721.44,0.00,0.00,0.00,3
SP5-07201,deficit,none,0.00,0.00,0.00,0.00,0.00,4
SP5-07202,ok,reserve,8259.80,5506.54,724.54,0.00,0.00,2
SP5-07203,ok,reserve,17640.56,11760.37,0.00,0.00,0.00,2
SP5-07204,ok,goals+,0.00,0.00,4367465.15,0.00,29950985.00,2
SP5-07205,ok,reserve,12669.83,0.00,0.00,0.00,0.00,5
SP5-07206,ok,reserve,3069.01,2046.01,0.00,0.00,0.00,2
SP5-07207,ok,goals+,0.00,0.00,191527.44,0.00,7882762.35,2
SP5-07208,invalid,none,0.00,0.00,0.00,0.00,0.00,5
SP5-07209,deficit,none,0.00,0.00,0.00,0.00,0.00,4
SP5-07210,ok,debt,0.00,22672.89,1193.31,0.00,62018.28,3
SP5-07211,ok,debt,35603.87,83075.70,0.00,0.00,19075.76,3
SP5-07212,ok,debt,7594.91,17721.44,0.00,0.00,0.00,3
SP5-07213,deficit,none,0.00,0.00,0.00,0.00,0.00,4
SP5-07214,ok,reserve,4709.19,3139.46,0.00,0.00,0.00,2
SP5-07215,deficit,none,0.00,0.00,0.00,0.00,76984.91,5
SP5-07216,ok,none,0.00,0.00,0.00,0.00,0.00,2
SP5-07217,ok,reserve,18499.71,0.00,0.00,0.00,0.00,5
SP5-07218,ok,reserve,1966.35,706.90,0.00,0.00,0.00,5
SP5-07219,ok,goals+,0.00,0.00,0.00,11578.97,1319192.46,3
SP5-07220,ok,debt,5520.77,8281.16,0.00,0.00,35080.17,2
SP5-07221,ok,goals+,0.00,0.00,350321.52,43305.08,2631630.99,2
SP5-07222,ok,reserve,14157.40,3527.59,930.79,0.00,0.00,5
SP5-07223,ok,reserve,58890.96,0.00,0.00,0.00,0.00,5
SP5-07224,ok,goals+,0.00,0.00,0.00,7906.19,279200.27,5
SP5-07225,ok,goals+,0.00,0.00,203937.11,36526.98,0.00,4
SP5-07226,ok,reserve,1023.59,0.00,0.00,0.00,0.00,4
SP5-07227,ok,reserve,11437.07,7624.71,0.00,0.00,0.00,2
SP5-07228,ok,goals+,0.00,0.00,10890.76,0.00,0.00,2
SP5-07229,ok,reserve,5636.90,0.00,0.00,0.00,0.00,3
SP5-07230,ok,reserve,21682.04,0.00,0.00,0.00,185007.65,4
SP5-07231,ok,goals+,0.00,0.00,14690.38,19819.99,246266.43,3
SP5-07232,ok,reserve,6305.20,3457.43,0.00,0.00,0.00,3
SP5-07233,ok,goals+,0.00,0.00,417245.09,1649142.94,38097773.98,2
SP5-07234,ok,debt,5520.77,8281.16,0.00,0.00,35080.17,2
SP5-07235,ok,reserve,1083.04,0.00,0.00,0.00,0.00,5
SP5-07236,invalid,none,0.00,0.00,0.00,0.00,0.00,5
SP5-07237,ok,goals+,0.00,0.00,18127.85,6028.21,50769.57,3
SP5-07238,ok,goals+,0.00,0.00,980.87,0.00,0.00,3
SP5-07239,deficit,none,0.00,0.00,0.00,0.00,23613614.56,5
SP5-07240,ok,goals+,0.00,0.00,4343.11,20609.17,439771.57,3
SP5-07241,ok,goals+,0.00,0.00,7068.55,0.00,36959.51,2
SP5-07242,deficit,none,0.00,0.00,0.00,0.00,1165212.55,5
SP5-07243,ok,reserve,13068.09,2496.60,0.00,0.00,0.00,5
SP5-07244,ok,reserve,26879.25,0.00,0.00,0.00,0.00,4
SP5-07245,ok,goals+,0.00,0.00,695.00,0.00,0.00,3
SP5-07246,ok,reserve,3502.05,0.00,0.00,0.00,0.00,4
SP5-07247,ok,reserve,14700.84,9800.56,0.00,0.00,0.00,2
SP5-07248,ok,reserve,25307.60,16871.74,0.00,0.00,0.00,2
SP5-07249,ok,reserve,104127.28,0.00,53642.01,0.00,0.00,2
SP5-07250,ok,goals+,0.00,0.00,3493801.02,0.00,20217416.10,2
SP5-07251,ok,reserve,45984.08,0.00,0.00,0.00,0.00,4
SP5-07252,ok,goals+,0.00,0.00,1276929.03,0.00,13833590.21,2
SP5-07253,deficit,none,0.00,0.00,0.00,0.00,0.00,4
SP5-07254,ok,goals+,0.00,0.00,20397.08,40501.94,77893.57,4
SP5-07255,ok,goals+,0.00,0.00,472454.29,626448.68,14587523.44,2
SP5-07256,ok,goals+,0.00,0.00,4097.04,0.00,0.00,2
SP5-07257,ok,debt,13.41,20.12,0.00,0.00,175194.35,2
SP5-07258,ok,goals+,520044.27,1213436.62,2304215.22,0.00,0.00,2
SP5-07259,ok,goals+,0.00,0.00,15266.62,0.00,45324.38,2
SP5-07260,ok,goals+,0.00,0.00,872292.11,118292.38,34801096.75,2
SP5-07261,deficit,none,0.00,0.00,0.00,0.00,0.00,4
SP5-07262,ok,goals+,0.00,0.00,421365.91,139594.01,27672955.09,2
SP5-07263,ok,debt,906705.31,2115645.72,0.00,0.00,0.00,2
SP5-07264,invalid,none,0.00,0.00,0.00,0.00,0.00,5
SP5-07265,ok,reserve,2683.65,1789.10,0.00,0.00,0.00,2
SP5-07266,ok,reserve,69879.72,0.00,0.00,0.00,0.00,4
SP5-07267,ok,goals+,0.00,0.00,0.00,358418.14,2134555.56,2
SP5-07268,ok,reserve,16377.23,10918.16,0.00,0.00,0.00,2
SP5-07269,deficit,none,0.00,0.00,0.00,0.00,0.00,4
SP5-07270,ok,reserve,32491.66,800.95,0.00,0.00,0.00,4
SP5-07271,ok,goals+,0.00,0.00,24435.30,3583.58,61707.98,4
SP5-07272,deficit,none,0.00,0.00,0.00,0.00,84529500.38,5
SP5-07273,ok,debt,852.06,1988.14,149.48,0.00,20615.72,3
SP5-07274,deficit,none,0.00,0.00,0.00,0.00,0.00,4
SP5-07275,ok,reserve,218.71,0.00,0.00,0.00,0.00,3
SP5-07276,ok,reserve,8423.41,5615.61,0.00,0.00,6386.69,2
SP5-07277,deficit,none,0.00,0.00,0.00,0.00,0.00,4
SP5-07278,ok,reserve,7109.99,0.00,0.00,0.00,0.00,5
SP5-07279,ok,goals+,0.00,0.00,8458.85,6029.39,22663.87,3
SP5-07280,ok,debt,0.00,2672.33,0.00,0.00,537049.79,3
SP5-07281,ok,debt,0.00,5074.01,267.05,0.00,1996755.40,2
SP5-07282,ok,reserve,1083.04,0.00,0.00,0.00,0.00,5
SP5-07283,deficit,none,0.00,0.00,0.00,0.00,455002.94,5
SP5-07284,invalid,none,0.00,0.00,0.00,0.00,0.00,5
SP5-07285,ok,goals+,0.00,0.00,0.00,233353.25,2197067.21,3
SP5-07286,ok,goals+,0.00,0.00,555789.46,137077.97,0.00,2
SP5-07287,ok,reserve,39202.88,0.00,0.00,0.00,0.00,5
SP5-07288,ok,goals+,0.00,0.00,1927206.38,382307.38,2680489.97,2
SP5-07289,ok,goals+,0.00,0.00,12500.78,0.00,231522.27,3
SP5-07290,ok,reserve,8045.05,0.00,0.00,0.00,0.00,4
SP5-07291,deficit,none,0.00,0.00,0.00,0.00,0.00,4
SP5-07292,ok,debt,0.00,3066047.09,0.00,0.00,2801223.71,2
SP5-07293,ok,reserve,13493.75,0.00,0.00,0.00,0.00,4
SP5-07294,ok,goals+,1750.76,0.00,4487.60,0.00,0.00,1
SP5-07295,invalid,none,0.00,0.00,0.00,0.00,0.00,5
SP5-07296,deficit,none,0.00,0.00,0.00,0.00,434375.86,5
SP5-07297,ok,debt,1074.94,2508.18,0.00,0.00,0.00,3
SP5-07298,ok,goals+,0.00,0.00,2105373.09,3962099.86,65951325.10,2
SP5-07299,deficit,none,0.00,0.00,0.00,0.00,612437.73,5
SP5-07300,ok,debt,0.29,0.66,0.05,0.00,0.00,3
SP5-07301,ok,debt,8210.90,19158.77,1440.51,0.00,0.00,3
SP5-07302,deficit,none,0.00,0.00,0.00,0.00,135960.28,5
SP5-07303,ok,reserve,8593.35,0.00,0.00,0.00,0.00,5
SP5-07304,ok,debt,0.00,14642.58,0.00,0.00,348274.25,3
SP5-07305,ok,reserve,41005.29,0.00,0.00,0.00,0.00,3
SP5-07306,ok,goals+,0.00,0.00,329643.34,0.00,3129279.61,2
SP5-07307,deficit,none,0.00,0.00,0.00,0.00,0.00,4
SP5-07308,ok,reserve,12845.99,8564.00,0.00,0.00,0.00,2
SP5-07309,ok,goals+,0.00,0.00,16779.95,0.00,158064.96,3
SP5-07310,deficit,none,0.00,0.00,0.00,0.00,0.00,4
SP5-07311,deficit,none,0.00,0.00,0.00,0.00,59076672.10,5
SP5-07312,deficit,none,0.00,0.00,0.00,0.00,0.00,4
SP5-07313,deficit,none,0.00,0.00,0.00,0.00,3964185.58,5
SP5-07314,deficit,none,0.00,0.00,0.00,0.00,70375.32,5
SP5-07039,ok,reserve,8319.49,0.00,0.00,0.00,0.00,4
SP5-07316,ok,goals+,0.00,0.00,594706056.78,330234405.62,4291729101.06,2
SP5-07317,ok,debt,715.10,1668.55,0.00,0.00,0.00,3
SP5-07318,ok,reserve,25292.87,0.00,0.00,0.00,0.00,1
SP5-07319,deficit,none,0.00,0.00,0.00,0.00,1889171.66,5
SP5-07320,ok,reserve,0.60,0.40,0.00,0.00,0.00,2
SP5-07321,ok,reserve,14898.12,0.00,0.00,0.00,0.00,4
SP5-07322,deficit,none,0.00,0.00,0.00,0.00,0.00,4
SP5-07323,deficit,none,0.00,0.00,0.00,0.00,382828.38,5
SP5-07324,ok,reserve,2011.06,0.00,0.00,0.00,0.00,4
SP5-07325,ok,goals+,0.00,0.00,486066.64,1854928.45,8541315.48,2
SP5-07326,ok,reserve,141565.56,0.00,0.00,0.00,0.00,2
SP5-07327,ok,goals+,0.00,0.00,69092.23,26540.54,5440643.54,2
SP5-07328,ok,debt,1036740.85,2419061.98,0.00,0.00,0.00,2
SP5-07329,deficit,none,0.00,0.00,0.00,0.00,0.00,4
SP5-07330,ok,reserve,1679235.16,548364.76,0.00,0.00,0.00,2
SP5-07331,deficit,none,0.00,0.00,0.00,0.00,259033.48,5
SP5-07332,ok,reserve,3319.53,295.42,0.00,0.00,0.00,5
SP5-07333,ok,goals+,0.00,0.00,12925.72,911.04,0.00,4
SP5-07334,deficit,none,0.00,0.00,0.00,0.00,0.00,4
SP5-07335,ok,debt,0.00,39346.76,0.00,0.00,84698.34,3
SP5-07336,ok,reserve,11757.39,0.00,0.00,0.00,0.00,3
SP5-07337,deficit,none,0.00,0.00,0.00,0.00,2540628.84,5
SP5-07338,deficit,none,0.00,0.00,0.00,0.00,393330.06,5
SP5-07339,ok,goals+,0.00,0.00,39039.31,9638.62,208379.21,4
SP5-07340,deficit,none,0.00,0.00,0.00,0.00,1613254.09,5
SP5-07341,ok,goals+,0.00,0.00,288763.29,0.00,1861208.39,2
SP5-07342,deficit,none,0.00,0.00,0.00,0.00,15790.16,5
SP5-07343,ok,reserve,21689.70,14459.80,0.00,0.00,0.00,2
SP5-07344,invalid,none,0.00,0.00,0.00,0.00,0.00,5
SP5-07345,ok,reserve,64955.08,0.00,0.00,0.00,0.00,5
SP5-07346,deficit,none,0.00,0.00,0.00,0.00,0.00,4
SP5-07347,ok,goals+,0.00,0.00,93482.76,186862.14,7817064.06,2
SP5-07345,deficit,none,0.00,0.00,0.00,0.00,0.00,4
SP5-07349,ok,goals+,5486.25,0.00,28475.75,0.00,0.00,2
SP5-07350,ok,reserve,6549.98,1612.02,0.00,0.00,0.00,5
SP5-07351,ok,reserve,21718.15,0.00,0.00,0.00,0.00,4
SP5-07352,ok,debt,5585.76,8378.63,0.00,0.00,0.00,2
SP5-07353,ok,reserve,13428.37,0.00,0.00,0.00,0.00,3
SP5-07354,ok,goals+,0.00,0.00,303730.37,0.00,41998947.32,2
SP5-07355,ok,goals+,0.00,0.00,178109.46,65195.10,5014246.10,2
SP5-07356,ok,reserve,9996.73,0.00,0.00,0.00,0.00,3
SP5-07357,deficit,none,0.00,0.00,0.00,0.00,0.00,4
SP5-07358,ok,goals+,0.00,0.00,13947.45,0.00,0.00,3
SP5-07359,invalid,none,0.00,0.00,0.00,0.00,0.00,5
SP5-07360,ok,debt,201153.46,2464331.17,0.00,0.00,0.00,2
SP5-07361,ok,reserve,8807.27,0.00,0.00,0.00,0.00,5
SP5-07362,ok,goals+,0.00,0.00,82533.01,29588.51,3768214.35,2
SP5-07363,ok,reserve,7468.78,0.00,0.00,0.00,0.00,5
SP5-07364,ok,reserve,12345.90,0.00,0.00,0.00,0.00,4
SP5-07365,invalid,none,0.00,0.00,0.00,0.00,0.00,5
SP5-07366,ok,goals+,0.00,0.00,27017.31,0.00,0.00,3
SP5-07367,ok,goals+,0.00,0.00,2284789.06,231114.86,39579812.28,2
SP5-07368,ok,reserve,48541.07,0.00,0.00,0.00,0.00,3
SP5-07369,ok,reserve,10038.98,0.00,0.00,0.00,8277.80,4
SP5-07370,invalid,none,0.00,0.00,0.00,0.00,0.00,5
SP5-07371,deficit,none,0.00,0.00,0.00,0.00,8581929.37,5
SP5-07372,ok,goals+,0.00,0.00,0.00,72473.32,356631.95,3
SP5-07373,ok,goals+,0.00,0.00,46454.08,0.00,38110914.58,2
SP5-07374,ok,reserve,10309.63,0.00,0.00,0.00,8277.80,4
SP5-07375,ok,goals+,0.00,0.00,0.00,5496.18,1450729.41,3
SP5-07376,ok,reserve,19921.90,13281.26,0.00,0.00,0.00,2
SP5-07377,ok,reserve,161.15,0.00,0.00,0.00,0.00,4
SP5-07378,deficit,none,0.00,0.00,0.00,0.00,19396551.31,5
SP5-07379,ok,reserve,55475.75,0.00,0.00,0.00,0.00,3
SP5-07380,ok,reserve,435940.62,290627.08,0.00,0.00,0.00,2
SP5-07381,ok,goals+,0.00,0.00,21694.26,0.00,1557164.06,3
SP5-07382,ok,reserve,10051.22,6700.81,0.00,0.00,17318.09,2
SP5-07383,ok,goals+,0.00,0.00,88888.63,0.00,295549.46,2
SP5-07384,ok,reserve,1981.19,0.00,0.00,0.00,0.00,5
SP5-07385,ok,debt,0.00,5330000.88,0.00,0.00,1543230.83,2
SP5-07386,deficit,none,0.00,0.00,0.00,0.00,0.00,4
SP5-07387,ok,debt,0.00,5497695.32,0.00,0.00,628039.80,2
SP5-07388,ok,goals+,0.00,0.00,1.00,0.00,43441.36,3
SP5-07389,deficit,none,0.00,0.00,0.00,0.00,0.00,4
SP5-07390,ok,reserve,11929.19,0.00,0.00,0.00,0.00,3
SP5-07391,ok,goals+,0.00,0.00,2785967.41,910197.46,19711576.35,2
SP5-07392,ok,debt,0.00,2354455.78,0.00,0.00,293310.41,2
SP5-07393,ok,goals+,0.00,0.00,0.00,2359291.91,5493740.09,2
SP5-07394,ok,debt,0.00,216021.77,0.00,0.00,3081092.92,2
SP5-07395,deficit,none,0.00,0.00,0.00,0.00,0.00,4
SP5-07396,deficit,none,0.00,0.00,0.00,0.00,0.00,4
SP5-07397,ok,goals+,0.00,0.00,17779.62,6088.32,132311.53,3
SP5-07398,ok,goals+,0.00,0.00,14374.99,8616.78,69403.08,3
SP5-07399,ok,goals+,0.00,0.00,5583.91,0.00,0.00,3
SP5-07400,deficit,none,0.00,0.00,0.00,0.00,0.00,4
SP5-07401,ok,reserve,10044.83,6696.56,0.00,0.00,0.00,2
SP5-07402,invalid,none,0.00,0.00,0.00,0.00,0.00,5
SP5-07403,ok,reserve,304.22,0.00,0.00,0.00,0.00,2
SP5-07404,invalid,none,0.00,0.00,0.00,0.00,0.00,5
SP5-07405,deficit,none,0.00,0.00,0.00,0.00,0.00,4
SP5-07406,ok,goals+,0.00,0.00,2713.98,12593.25,2176650.90,3
SP5-07407,ok,goals+,0.00,0.00,1865466.21,0.00,2119499.27,2
SP5-07408,ok,goals+,0.00,0.00,2134021.34,3011651.90,37733278.50,2
SP5-07409,deficit,none,0.00,0.00,0.00,0.00,182084.19,5
SP5-07410,deficit,none,0.00,0.00,0.00,0.00,201739.20,5
SP5-07411,ok,goals+,0.00,0.00,88778.01,69407.34,3246341.92,3
SP5-07412,ok,debt,0.00,40873.62,0.00,0.00,118932.14,3
SP5-07413,ok,reserve,12027.17,8018.11,0.00,0.00,0.00,2
SP5-07414,ok,goals+,0.00,0.00,22948.26,9001.56,226277.15,3
SP5-07415,ok,goals+,0.00,0.00,7493.50,0.00,0.00,2
SP5-07416,ok,debt,0.00,21151.95,0.00,0.00,229619.58,3
SP5-07417,ok,debt,1350.32,15853.49,0.00,0.00,0.00,3
SP5-07418,ok,goals+,0.00,0.00,1096514.86,1917793.04,77629875.81,2
SP5-07419,ok,goals+,0.00,0.00,145296.41,26601.72,0.00,2
SP5-07420,ok,goals+,0.00,0.00,1089325.00,1613200.49,16397942.28,2
SP5-07421,deficit,none,0.00,0.00,0.00,0.00,93161.35,5
SP5-07422,ok,debt,0.00,3029557.62,0.00,0.00,124244.18,2
SP5-07423,deficit,none,0.00,0.00,0.00,0.00,0.00,4
SP5-07424,ok,goals+,0.00,0.00,0.00,12899.27,81705.43,3
SP5-07425,ok,goals+,0.00,0.00,63341.73,12559.81,287158.16,3
SP5-07426,ok,reserve,1644.15,1096.10,0.00,0.00,0.00,2
SP5-07427,deficit,none,0.00,0.00,0.00,0.00,0.00,4
SP5-07428,invalid,none,0.00,0.00,0.00,0.00,0.00,5
SP5-07429,ok,debt,60175.15,90262.72,0.00,0.00,5965.92,2
SP5-07430,ok,goals+,0.00,0.00,1017.96,0.00,0.00,3
SP5-07431,deficit,none,0.00,0.00,0.00,0.00,0.00,4
SP5-07432,ok,reserve,39715.90,0.00,0.00,0.00,0.00,3
SP5-07433,ok,debt,0.00,11467.03,0.00,0.00,27457.95,3
SP5-07434,ok,reserve,11577.70,0.00,0.00,0.00,0.00,3
SP5-07435,ok,goals+,0.00,0.00,216617.73,0.00,2619879.01,3
SP5-07436,deficit,none,0.00,0.00,0.00,0.00,0.00,4
SP5-07437,ok,reserve,1744.67,0.00,0.00,0.00,0.00,1
SP5-07438,ok,reserve,410.87,273.92,0.00,0.00,0.00,2
SP5-07439,deficit,none,0.00,0.00,0.00,0.00,4927350.85,5
SP5-07440,ok,debt,0.00,32236.47,0.00,0.00,83910.85,3
SP5-07441,ok,reserve,19780.53,0.00,0.00,0.00,0.00,3
SP5-07442,ok,reserve,28129.74,0.00,0.00,0.00,0.00,3
SP5-07443,ok,reserve,91889.26,0.00,0.00,0.00,0.00,4
SP5-07444,ok,reserve,4981.49,0.00,0.00,0.00,0.00,4
SP5-07445,ok,reserve,12453.79,0.00,0.00,0.00,0.00,5
SP5-07446,ok,debt,1562.60,3646.08,0.00,0.00,0.00,3
SP5-07447,ok,goals+,0.00,0.00,7513.78,17715.16,152842.37,3
SP5-07448,ok,debt,258009.67,2556880.28,0.00,0.00,0.00,2
SP5-07449,ok,goals+,0.00,0.00,6585.58,0.00,892347.38,3
SP5-07450,deficit,none,0.00,0.00,0.00,0.00,1513671.74,5
SP5-07451,ok,goals+,0.00,0.00,659687.67,6753.05,0.00,2
SP5-07452,ok,reserve,5147.25,0.00,0.00,0.00,0.00,5
SP5-07453,ok,reserve,304.22,0.00,0.00,0.00,0.00,2
SP5-07454,ok,goals+,0.00,0.00,0.00,5476323.16,70061798.56,2
SP5-07455,ok,goals+,0.00,0.00,18742.62,0.00,117576.41,3
SP5-07456,ok,reserve,34968.72,0.00,0.00,0.00,0.00,3
SP5-07457,deficit,none,0.00,0.00,0.00,0.00,154244.76,5
SP5-07458,ok,goals+,0.00,0.00,7003.49,1852.98,21245.27,3
SP5-07459,ok,reserve,26360.11,4699.71,0.00,0.00,0.00,5
SP5-07460,deficit,none,0.00,0.00,0.00,0.00,12380710.90,5
SP5-07461,ok,reserve,1.00,0.00,0.00,0.00,0.00,3
SP5-07462,ok,goals+,0.00,0.00,0.00,289153.56,0.00,2
SP5-07463,deficit,none,0.00,0.00,0.00,0.00,3517097.68,5
SP5-07464,ok,debt,0.00,22440.77,0.00,0.00,76786.69,3
SP5-07440,ok,debt,0.00,1627.97,0.00,0.00,163275.84,3
SP5-07466,ok,debt,0.00,66696.79,0.00,0.00,46768.98,3
SP5-07467,ok,reserve,5472.51,0.00,0.00,385.22,0.00,3
SP5-07468,deficit,none,0.00,0.00,0.00,0.00,0.00,4
SP5-07469,deficit,none,0.00,0.00,0.00,0.00,0.00,4
SP5-07470,ok,goals+,0.00,0.00,34406.72,27028.73,1361468.15,3
SP5-07471,ok,goals+,0.00,0.00,35516.54,0.00,21462.99,3
SP5-07472,ok,reserve,54732.94,0.00,0.00,0.00,0.00,5
SP5-07473,ok,debt,0.00,30351.34,0.00,0.00,64825.50,3
SP5-07474,ok,reserve,56737.03,0.00,0.00,0.00,0.00,2
SP5-07475,ok,reserve,29947.09,0.00,0.00,0.00,0.00,3
SP5-07476,ok,goals+,0.00,0.00,78809.47,0.00,0.00,3
SP5-07477,deficit,none,0.00,0.00,0.00,0.00,914805.53,5
SP5-07478,ok,reserve,24492.59,0.00,0.00,0.00,0.00,5
SP5-07479,deficit,none,0.00,0.00,0.00,0.00,783100.21,5
SP5-07480,ok,reserve,138920.66,0.00,0.00,0.00,0.00,4
SP5-07481,ok,debt,675346.28,1575808.00,0.00,0.00,0.00,2
SP5-07482,ok,reserve,24691.71,0.00,0.00,0.00,0.00,4
SP5-07483,invalid,none,0.00,0.00,0.00,0.00,0.00,5
SP5-07484,ok,goals+,0.00,0.00,8093.10,7541.46,6054288.53,3
SP5-07485,ok,debt,14001.63,32670.46,0.00,0.00,0.00,3
SP5-07486,ok,goals+,0.00,0.00,8856.77,0.00,1557946.95,2
SP5-07487,ok,debt,0.00,8570.55,0.00,0.00,91509.06,3
SP5-07488,deficit,none,0.00,0.00,0.00,0.00,45642.29,5
SP5-07489,ok,debt,0.00,31748.70,0.00,0.00,505894.76,3
SP5-07490,ok,reserve,6524.49,4349.66,572.32,0.00,20044.36,2
SP5-07491,ok,goals+,0.00,0.00,3039.70,0.00,29908.48,2
SP5-07492,deficit,none,0.00,0.00,0.00,0.00,0.00,4
SP5-07493,ok,reserve,11763.08,0.00,0.00,0.00,0.00,2
SP5-07494,ok,reserve,20662.96,0.00,12578.79,324.13,0.00,3
SP5-07495,ok,goals+,0.00,0.00,17238.11,0.00,4770.99,3
SP5-07496,ok,debt,0.00,30351.34,0.00,0.00,64825.50,3
SP5-07497,ok,debt,3348.72,7813.69,0.00,0.00,0.00,3
SP5-07498,deficit,none,0.00,0.00,0.00,0.00,0.00,4
SP5-07499,ok,reserve,9187.23,2301.86,0.00,0.00,0.00,5
SP5-07500,ok,debt,1907.04,2860.56,0.00,0.00,75607.38,2
SP5-07501,deficit,none,0.00,0.00,0.00,0.00,0.00,4
SP5-07502,ok,goals+,0.00,0.00,24154.36,0.00,0.00,2
SP5-07503,ok,reserve,20385.21,0.00,0.00,0.00,0.00,4
SP5-07504,ok,goals+,0.00,0.00,821038.65,905546.52,17557717.36,2
SP5-07505,ok,goals+,0.00,0.00,282941.67,29516.69,10220009.51,2
SP5-07506,ok,goals+,0.00,0.00,2594495.18,795653.36,60455150.51,2
SP5-07507,ok,goals+,0.00,0.00,74519.87,0.00,23058244.61,2
SP5-07508,ok,debt,1678.44,2517.66,0.00,0.00,5799.54,2
SP5-07509,ok,debt,688439.69,1606359.29,0.00,0.00,0.00,2
SP5-07510,ok,goals+,0.00,0.00,42003.54,0.00,0.00,4
SP5-07511,ok,debt,222.86,334.30,0.00,0.00,16470.43,2
SP5-07512,ok,reserve,501.21,334.14,0.00,0.00,0.00,2
SP5-07513,ok,goals+,0.00,0.00,49901.37,0.00,8503612.46,2
SP5-07514,ok,goals+,0.00,0.00,2475990.87,343242.31,0.00,2
SP5-07515,ok,debt,2489.70,5809.31,0.00,0.00,0.00,3
SP5-07516,ok,debt,0.00,129644.82,0.00,0.00,113134.50,3
SP5-07517,deficit,none,0.00,0.00,0.00,0.00,278755.66,5
SP5-07518,deficit,none,0.00,0.00,0.00,0.00,0.00,4
SP5-07519,deficit,none,0.00,0.00,0.00,0.00,0.00,4
SP5-07520,ok,reserve,11936.07,0.00,0.00,0.00,0.00,5
SP5-07521,ok,reserve,25673.66,0.00,0.00,0.00,0.00,4
SP5-07522,ok,debt,423108.29,3701712.16,14576.41,0.00,0.00,2
SP5-07523,deficit,none,0.00,0.00,0.00,0.00,236040.89,5
SP5-07524,ok,goals+,0.00,0.00,1.00,0.00,431572.25,3
SP5-07525,ok,goals+,0.00,0.00,0.00,8681.20,69572.08,5
SP5-07526,ok,goals+,0.00,0.00,82811.90,26692.85,1447456.01,3
SP5-07527,deficit,none,0.00,0.00,0.00,0.00,515730.36,5
SP5-07528,deficit,none,0.00,0.00,0.00,0.00,0.00,4
SP5-07529,ok,reserve,11740.54,7827.02,1029.87,0.00,17440.49,2
SP5-07530,ok,debt,4724.86,11024.68,0.00,0.00,0.00,3
SP5-07531,ok,reserve,8291.50,821.55,0.00,0.00,0.00,5
SP5-07532,deficit,none,0.00,0.00,0.00,0.00,105077.58,5
SP5-07533,invalid,none,0.00,0.00,0.00,0.00,0.00,5
SP5-07534,deficit,none,0.00,0.00,0.00,0.00,31491648.40,5
SP5-07535,ok,debt,0.00,6465.43,0.00,0.00,390131.90,3
SP5-07536,ok,reserve,14004.39,0.00,0.00,0.00,0.00,5
SP5-07537,ok,reserve,1408.02,192.47,0.00,0.00,0.00,5
SP5-07538,deficit,none,0.00,0.00,0.00,0.00,0.00,4
SP5-07539,ok,reserve,39437.51,26291.68,0.00,0.00,0.00,2
SP5-07540,ok,debt,0.00,106816.81,0.00,0.00,1259119.95,2
SP5-07541,ok,debt,0.00,1479645.90,0.00,0.00,2875892.69,2
SP5-07542,ok,debt,3275.13,7641.97,0.00,0.00,0.00,3
SP5-07543,ok,reserve,8180.11,747.28,185.66,0.00,0.00,5
SP5-07544,ok,reserve,21354.48,7361.48,0.00,0.00,0.00,5
SP5-07545,deficit,none,0.00,0.00,0.00,0.00,56808.10,5
SP5-07546,ok,goals+,0.00,0.00,81743.84,0.00,38998650.00,2
SP5-07547,deficit,none,0.00,0.00,0.00,0.00,16557.70,5
SP5-07548,deficit,none,0.00,0.00,0.00,0.00,15788056.18,5
SP5-07549,ok,goals+,0.00,0.00,15605.48,0.00,86376.16,3
SP5-07550,ok,debt,1667.98,2501.96,0.00,0.00,26939.21,2
SP5-07551,ok,reserve,4242.76,2828.51,0.00,0.00,0.00,2
SP5-07440,ok,goals+,0.00,0.00,43410.59,4132.56,321445.25,3
SP5-07553,deficit,none,0.00,0.00,0.00,0.00,3349.42,5
SP5-07554,ok,goals+,0.00,0.00,349028.00,418763.27,25368275.80,2
SP5-07555,deficit,none,0.00,0.00,0.00,0.00,0.00,4
SP5-07556,ok,reserve,16632.37,0.00,558.64,0.00,0.00,3
SP5-07557,ok,goals+,0.00,0.00,39415.94,18730.67,262091.91,3
SP5-07558,deficit,none,0.00,0.00,0.00,0.00,52894.94,5
SP5-07559,ok,goals+,0.00,0.00,17576.41,0.00,193569.54,3
SP5-07560,deficit,none,0.00,0.00,0.00,0.00,36623825.88,5
SP5-07561,ok,goals+,1085.92,1628.88,2147.38,0.00,8094.24,2
SP5-07562,ok,reserve,1882.30,1140.86,159.11,0.00,0.00,5
SP5-07563,ok,goals+,0.00,0.00,55886.32,0.00,0.00,4
SP5-07564,deficit,none,0.00,0.00,0.00,0.00,0.00,4
SP5-07565,ok,goals+,3131.63,0.00,0.00,11345.69,0.00,3
SP5-07566,ok,reserve,9098.12,0.00,0.00,0.00,0.00,5
SP5-07567,ok,debt,1559.49,3638.82,0.00,0.00,0.00,4
SP5-07568,ok,reserve,199.09,0.00,0.00,0.00,0.00,4
SP5-07569,ok,reserve,8617.90,5745.27,755.96,0.00,0.00,2
SP5-07570,ok,reserve,49155.20,7267.18,0.00,0.00,0.00,4
SP5-07571,ok,reserve,199.09,0.00,0.00,0.00,0.00,4
SP5-07572,deficit,none,0.00,0.00,0.00,0.00,0.00,4
SP5-07573,ok,reserve,1694.40,1129.60,0.00,0.00,0.00,2
SP5-07574,ok,none,0.00,0.00,0.00,0.00,0.00,5
SP5-07575,ok,reserve,16043.80,10695.87,0.00,0.00,0.00,2
SP5-07576,deficit,none,0.00,0.00,0.00,0.00,0.00,4
SP5-07577,ok,reserve,19605.57,0.00,0.00,0.00,0.00,5
SP5-07578,deficit,none,0.00,0.00,0.00,0.00,82185.84,5
SP5-07579,deficit,none,0.00,0.00,0.00,0.00,37033241.31,5
SP5-07580,ok,reserve,4615.46,3076.97,0.00,0.00,0.00,2
SP5-07581,ok,goals+,1131.01,0.00,2165.72,0.00,0.00,3
SP5-07582,deficit,none,0.00,0.00,0.00,0.00,10107073.07,5
SP5-07583,ok,goals+,5688.29,0.00,8806.37,0.00,0.00,2
SP5-07584,deficit,none,0.00,0.00,0.00,0.00,503770.73,5
SP5-07585,ok,reserve,16043.80,10695.87,0.00,0.00,0.00,2
SP5-07586,ok,reserve,16847.54,0.00,0.00,0.00,0.00,5
SP5-07587,ok,goals+,0.00,0.00,9504.33,25335.35,685745.61,3
SP5-07588,deficit,none,0.00,0.00,0.00,0.00,2306540.06,5
SP5-07589,deficit,none,0.00,0.00,0.00,0.00,7496003.14,5
SP5-07590,ok,goals+,0.00,0.00,5818.30,439.17,511369.06,3
SP5-07383,ok,goals+,0.00,0.00,10121.02,0.00,5968.11,3
SP5-07592,ok,reserve,24886.24,5612.92,0.00,0.00,0.00,5
SP5-07593,ok,goals+,0.00,0.00,5951.01,0.00,113819.99,3
SP5-07594,ok,none,0.00,0.00,0.00,0.00,0.00,2
SP5-07595,deficit,none,0.00,0.00,0.00,0.00,214443.91,5
SP5-07596,ok,reserve,33438.09,0.00,0.00,0.00,0.00,4
SP5-07597,ok,goals+,0.00,0.00,31631.89,0.00,715061.09,3
SP5-07598,deficit,none,0.00,0.00,0.00,0.00,0.00,4
SP5-07599,ok,reserve,6233.49,4155.66,0.00,0.00,0.00,2
SP5-07600,deficit,none,0.00,0.00,0.00,0.00,7416808.08,5
SP5-07601,ok,reserve,25801.83,3591.88,1547.04,0.00,0.00,5
SP5-07602,ok,debt,0.00,6017.53,316.71,0.00,4090.51,3
SP5-07603,deficit,none,0.00,0.00,0.00,0.00,750659.60,5
SP5-07604,ok,debt,0.00,5127970.36,0.00,0.00,1081963.45,2
SP5-07605,ok,debt,12861.78,19292.66,0.00,0.00,10126.11,2
SP5-07606,ok,debt,0.00,98657.18,0.00,0.00,29084.24,2
SP5-07607,deficit,none,0.00,0.00,0.00,0.00,0.00,4
SP5-07608,ok,goals+,0.00,0.00,48649.19,0.00,3698418.52,3
SP5-07609,ok,none,0.00,0.00,0.00,0.00,5264.45,5
SP5-07610,deficit,none,0.00,0.00,0.00,0.00,250869.92,5
SP5-07611,deficit,none,0.00,0.00,0.00,0.00,54291.80,5
SP5-07612,deficit,none,0.00,0.00,0.00,0.00,0.00,4
SP5-07613,ok,reserve,51802.09,0.00,25489.61,217.01,0.00,3
SP5-07614,ok,reserve,4053.40,0.00,0.00,0.00,0.00,5
SP5-07615,ok,goals+,0.00,0.00,750.26,0.00,202719.75,3
SP5-07616,ok,goals+,0.00,0.00,37607.01,10746.38,48361.59,3
SP5-07617,ok,goals+,0.00,0.00,71817.02,0.00,800669.41,2
SP5-07618,ok,goals+,0.00,0.00,513906.58,261180.52,3217303.10,2
SP5-07619,deficit,none,0.00,0.00,0.00,0.00,0.00,4
SP5-07620,ok,goals+,0.00,0.00,265559.47,112024.30,16085464.65,2
SP5-07621,ok,goals+,0.00,0.00,6746.22,0.00,0.00,2
SP5-07622,ok,goals+,0.00,0.00,2661263.17,0.00,29417481.27,2
SP5-07623,ok,debt,0.00,37452.57,1971.19,0.00,169926.85,3
SP5-07623,deficit,none,0.00,0.00,0.00,0.00,178755.11,5
SP5-07625,ok,goals+,0.00,0.00,157117932.24,188286533.47,4931163834.16,2
SP5-07626,invalid,none,0.00,0.00,0.00,0.00,0.00,5
SP5-07627,ok,reserve,4327.67,0.00,0.00,0.00,0.00,5
SP5-07628,deficit,none,0.00,0.00,0.00,0.00,1426101.07,5
SP5-07629,ok,goals+,35897.99,0.00,25335.64,25488.56,0.00,3
SP5-07630,deficit,none,0.00,0.00,0.00,0.00,0.00,4
SP5-07631,ok,debt,6291.27,14679.64,1103.73,0.00,0.00,3
SP5-07632,deficit,none,0.00,0.00,0.00,0.00,1139531.31,5
SP5-07633,ok,reserve,1770.59,0.00,0.00,0.00,0.00,3
SP5-07634,ok,debt,4963.25,11580.90,870.74,0.00,0.00,3
SP5-07635,ok,goals+,0.00,0.00,0.00,3806681.88,30313372.09,2
SP5-07636,ok,reserve,11076.94,7384.63,0.00,0.00,0.00,2
SP5-07637,deficit,none,0.00,0.00,0.00,0.00,122903.01,5
SP5-07638,ok,goals+,0.00,0.00,13188.11,0.00,1102666.02,3
SP5-07639,ok,goals+,0.00,0.00,29767.00,0.00,0.00,2
SP5-07640,ok,goals+,0.00,0.00,259446.38,0.00,1063625.14,4
SP5-07641,ok,goals+,0.00,0.00,2439013.26,0.00,2508092.29,2
SP5-07642,ok,reserve,4279.79,2853.20,0.00,0.00,0.00,2
SP5-07643,ok,debt,12502.30,29172.04,0.00,0.00,0.00,3
SP5-07644,ok,reserve,71208.36,0.00,0.00,0.00,0.00,4
SP5-07645,ok,debt,677.20,1015.81,0.00,0.00,9102.09,2
SP5-07646,deficit,none,0.00,0.00,0.00,0.00,5748486.36,5
SP5-07647,ok,debt,0.00,5671286.90,0.00,0.00,453482.08,2
SP5-07648,deficit,none,0.00,0.00,0.00,0.00,0.00,4
SP5-07649,ok,reserve,15269.73,10179.82,0.00,0.00,0.00,2
SP5-07650,ok,reserve,34129.14,0.00,0.00,0.00,0.00,5
SP5-07651,deficit,none,0.00,0.00,0.00,0.00,427178.93,5
SP5-07652,deficit,none,0.00,0.00,0.00,0.00,0.00,4
SP5-07653,ok,goals+,0.00,0.00,25898.19,55153.88,386684.07,3
SP5-07654,invalid,none,0.00,0.00,0.00,0.00,0.00,5
SP5-07655,ok,goals+,0.00,0.00,28645.49,0.00,229829.75,3
SP5-07656,ok,goals+,0.00,0.00,0.00,16012.10,35758.24,3
SP5-07657,deficit,none,0.00,0.00,0.00,0.00,51017.83,5
SP5-07658,ok,reserve,1127.87,0.00,0.00,0.00,0.00,5
SP5-07659,ok,goals+,0.00,0.00,24399.68,0.00,0.00,3
SP5-07660,ok,goals+,0.00,0.00,12053.15,945.65,22026.38,3
SP5-07661,deficit,none,0.00,0.00,0.00,0.00,0.00,4
SP5-07662,ok,goals+,3302.94,0.00,37488.61,0.00,0.00,2
SP5-07663,ok,goals+,0.00,0.00,343053169.18,384423368.35,1164258906.02,2
SP5-07664,ok,debt,319.80,479.70,0.00,0.00,186728.69,2
SP5-07665,deficit,none,0.00,0.00,0.00,0.00,6153589.75,5
SP5-07643,deficit,none,0.00,0.00,0.00,0.00,0.00,4
SP5-07667,ok,debt,0.00,13823.64,0.00,0.00,19361.39,3
SP5-07668,ok,goals+,0.00,0.00,0.00,1431936.94,7042615.05,2
SP5-07669,ok,reserve,8178.28,0.00,0.00,0.00,0.00,5
SP5-07670,ok,goals+,0.00,0.00,0.00,40106.05,73517.35,5
SP5-07671,ok,goals+,0.00,0.00,11113.03,24766.42,423440.68,3
SP5-07672,ok,goals+,0.00,0.00,405529.03,0.00,29070477.11,2
SP5-07673,ok,goals+,0.00,0.00,6023.95,0.00,82406.29,3
SP5-07674,ok,goals+,0.00,0.00,0.00,26354.35,115450.09,5
SP5-07675,deficit,none,0.00,0.00,0.00,0.00,0.00,4
SP5-07676,deficit,none,0.00,0.00,0.00,0.00,0.00,4
SP5-07677,ok,goals+,0.00,0.00,1190444.56,0.00,6922252.34,2
SP5-07678,ok,reserve,25701.02,0.00,0.00,0.00,0.00,5
SP5-07679,ok,goals+,0.00,0.00,0.00,55359.57,12118757.48,2
SP5-07680,ok,reserve,10980.05,0.00,3512.72,0.00,0.00,2
SP5-07681,ok,reserve,886.68,591.12,0.00,0.00,0.00,2
SP5-07682,ok,goals+,0.00,0.00,39140.11,0.00,8573129.57,2
SP5-07683,ok,debt,0.00,5009.69,0.00,0.00,50356.48,3
SP5-07684,deficit,none,0.00,0.00,0.00,0.00,22944.19,5
SP5-07685,invalid,none,0.00,0.00,0.00,0.00,0.00,5
SP5-07686,ok,goals+,0.00,0.00,13758.17,2635.36,260184.08,3
SP5-07687,ok,reserve,18562.07,0.00,0.00,0.00,0.00,4
SP5-07688,ok,reserve,22874.23,0.00,0.00,0.00,0.00,5
SP5-07689,ok,goals+,0.00,0.00,0.00,23099.48,0.00,5
SP5-07690,ok,goals+,0.00,0.00,15148.97,0.00,179062.09,3
SP5-07691,ok,debt,5622.83,13119.95,0.00,0.00,0.00,4
SP5-07692,deficit,none,0.00,0.00,0.00,0.00,40607.39,5
SP5-07693,deficit,none,0.00,0.00,0.00,0.00,13092029.08,5
SP5-07694,ok,reserve,11196.84,0.00,0.00,0.00,0.00,5
SP5-07695,ok,goals+,6596.03,0.00,9776.11,0.00,0.00,5
SP5-07696,deficit,none,0.00,0.00,0.00,0.00,0.00,4
SP5-07697,deficit,none,0.00,0.00,0.00,0.00,1900567.02,5
SP5-07698,deficit,none,0.00,0.00,0.00,0.00,21048203.00,5
SP5-07699,ok,reserve,7067.93,0.00,0.00,0.00,0.00,4
SP5-07700,deficit,none,0.00,0.00,0.00,0.00,1721247.57,5
SP5-07701,deficit,none,0.00,0.00,0.00,0.00,690518.65,5
SP5-07702,deficit,none,0.00,0.00,0.00,0.00,12011804.04,5
SP5-07703,ok,goals+,0.00,0.00,64815.89,0.00,10666144.32,2
SP5-07704,deficit,none,0.00,0.00,0.00,0.00,0.00,4
SP5-07705,ok,goals+,0.00,0.00,39605.50,0.00,0.00,3
SP5-07706,ok,reserve,10182.92,0.00,0.00,0.00,0.00,3
SP5-07707,deficit,none,0.00,0.00,0.00,0.00,388010.85,5
SP5-07708,invalid,none,0.00,0.00,0.00,0.00,0.00,5
SP5-07709,ok,goals+,0.00,0.00,8172.05,15016.29,2030673.18,3
SP5-07710,ok,goals+,0.00,0.00,20480.51,0.00,0.00,4
SP5-07711,ok,goals+,20050.44,0.00,19656.84,32902.24,0.00,3
SP5-07712,ok,debt,0.00,18844.63,0.00,0.00,30024.58,3
SP5-07713,invalid,none,0.00,0.00,0.00,0.00,0.00,5
SP5-07714,deficit,none,0.00,0.00,0.00,0.00,3375790.58,5
SP5-07715,deficit,none,0.00,0.00,0.00,0.00,0.00,4
SP5-07716,ok,reserve,20604.98,0.00,0.00,0.00,0.00,3
SP5-07717,ok,reserve,23940.52,0.00,0.00,0.00,0.00,2
SP5-07718,ok,reserve,125572.18,0.00,0.00,0.00,0.00,2
SP5-07719,deficit,none,0.00,0.00,0.00,0.00,0.00,4
SP5-07720,ok,reserve,5066.26,0.00,0.00,0.00,0.00,5
SP5-07721,deficit,none,0.00,0.00,0.00,0.00,0.00,4
SP5-07722,deficit,none,0.00,0.00,0.00,0.00,0.00,4
SP5-07723,ok,debt,0.00,3975629.66,0.00,0.00,2126104.29,2
SP5-07724,ok,goals+,0.00,0.00,28852.74,2557.44,273599.63,4
SP5-07725,ok,goals+,0.00,0.00,18526.84,0.00,12811651.21,3
SP5-07726,ok,reserve,2515.34,0.00,0.00,0.00,0.00,3
SP5-07727,ok,reserve,5354.88,0.00,0.00,0.00,0.00,3
SP5-07728,invalid,none,0.00,0.00,0.00,0.00,0.00,5
SP5-07729,ok,goals+,0.00,0.00,2587.20,0.00,0.00,2
SP5-07730,ok,goals+,0.00,0.00,843065.44,0.00,27166703.93,2
SP5-07731,deficit,none,0.00,0.00,0.00,0.00,22944.19,5
SP5-07634,ok,reserve,33051.53,0.00,0.00,0.00,0.00,4
SP5-07733,invalid,none,0.00,0.00,0.00,0.00,0.00,5
SP5-07734,ok,reserve,47410.39,3399.69,1245.90,0.00,0.00,5
SP5-07735,ok,reserve,13267.20,6625.44,0.00,0.00,0.00,5
SP5-07736,ok,reserve,1841.40,0.00,0.00,0.00,0.00,5
SP5-07737,deficit,none,0.00,0.00,0.00,0.00,7697869.15,5
SP5-07738,ok,reserve,2964.49,1976.33,0.00,0.00,0.00,2
SP5-07739,deficit,none,0.00,0.00,0.00,0.00,5835073.88,5
SP5-07740,ok,debt,0.00,2614291.03,0.00,0.00,1637886.29,2
SP5-07741,ok,goals+,0.00,0.00,39547.85,0.00,4051758.86,2
SP5-07742,ok,reserve,13267.20,6625.44,0.00,0.00,0.00,5
SP5-07743,ok,goals+,0.00,0.00,2181.46,0.00,253051.90,3
SP5-07744,ok,debt,0.00,93075.42,0.00,0.00,937038.06,3
SP5-07745,ok,reserve,3386.80,0.00,0.00,0.00,0.00,1
SP5-07746,ok,goals+,0.00,0.00,9916.22,6143.56,95835.55,3
SP5-07747,deficit,none,0.00,0.00,0.00,0.00,433332.36,5
SP5-07748,ok,reserve,3480.56,0.00,0.00,0.00,0.00,4
SP5-07749,deficit,none,0.00,0.00,0.00,0.00,6105558.58,5
SP5-07750,ok,reserve,4638.04,2310.34,0.00,0.00,0.00,5
SP5-07751,deficit,none,0.00,0.00,0.00,0.00,0.00,4
SP5-07752,ok,reserve,18586.13,0.00,0.00,0.00,0.00,2
SP5-07753,ok,debt,876.56,2045.32,0.00,0.00,0.00,3
SP5-07754,deficit,none,0.00,0.00,0.00,0.00,0.00,4
SP5-07755,ok,goals+,0.00,0.00,0.00,1362587.00,13250712.18,2
SP5-07756,deficit,none,0.00,0.00,0.00,0.00,0.00,4
SP5-07757,ok,goals+,0.00,0.00,0.00,93821.37,0.00,4
SP5-07758,ok,goals+,0.00,0.00,9576.92,6482.86,95835.55,3
SP5-07759,ok,goals+,0.00,0.00,10245.33,0.00,0.00,2
SP5-07760,ok,goals+,0.00,0.00,4364780.85,953544.04,0.00,2
SP5-07761,deficit,none,0.00,0.00,0.00,0.00,40802124.52,5
SP5-07762,ok,reserve,70525.73,0.00,0.00,0.00,448686.87,4
SP5-07763,invalid,none,0.00,0.00,0.00,0.00,0.00,5
SP5-07764,ok,reserve,57391.90,38261.26,0.00,0.00,0.00,2
SP5-07765,ok,debt,0.00,9626.90,0.00,0.00,11952.37,3
SP5-07766,ok,goals+,0.00,0.00,3212.19,5121.16,343301.06,3
SP5-07767,ok,reserve,57391.90,38261.26,0.00,0.00,0.00,2
SP5-07768,ok,goals+,0.00,0.00,0.00,269434.28,603405.90,5
SP5-07769,ok,goals+,0.00,0.00,0.00,105443.46,0.00,2
SP5-07770,ok,debt,898218.12,3123606.83,0.00,0.00,0.00,2
SP5-07771,deficit,none,0.00,0.00,0.00,0.00,686927.54,5
SP5-07772,ok,debt,570404.70,1330944.30,100071.00,0.00,0.00,2
SP5-07773,ok,reserve,839534.00,0.00,636015.15,42336.41,0.00,2
SP5-07774,invalid,none,0.00,0.00,0.00,0.00,0.00,5
SP5-07775,ok,goals+,0.00,0.00,0.00,627126.72,13305834.84,2
SP5-07776,ok,goals+,0.00,0.00,11561.39,0.00,10282.61,2
SP5-07777,deficit,none,0.00,0.00,0.00,0.00,446439.98,5
SP5-07778,deficit,none,0.00,0.00,0.00,0.00,7352.12,5
SP5-07779,ok,goals+,0.00,0.00,8658.41,0.00,173220.99,3
SP5-07780,ok,reserve,43083.95,0.00,0.00,0.00,0.00,5
SP5-07781,deficit,none,0.00,0.00,0.00,0.00,0.00,4
SP5-07782,deficit,none,0.00,0.00,0.00,0.00,763506.24,5
SP5-07783,ok,goals+,0.00,0.00,139559.96,0.00,16112500.34,2
SP5-07784,ok,goals+,0.00,0.00,37307.77,13164.60,3355614.86,3
SP5-07785,ok,goals+,0.00,0.00,27340.01,350.55,32901.78,4
SP5-07786,deficit,none,0.00,0.00,0.00,0.00,41371.70,5
SP5-07787,ok,reserve,5310.65,3540.43,2177.88,0.00,0.00,2
SP5-07788,ok,goals+,0.00,0.00,31450.89,0.00,0.00,3
SP5-07789,ok,reserve,65051.75,0.00,0.00,0.00,0.00,5
SP5-07790,ok,reserve,31055.74,0.00,0.00,0.00,0.00,4
SP5-07791,deficit,none,0.00,0.00,0.00,0.00,45713.19,5
SP5-07792,ok,reserve,23618.31,0.00,0.00,0.00,0.00,3
SP5-07793,ok,reserve,39322.50,0.00,0.00,0.00,0.00,4
SP5-07794,ok,debt,0.00,1883289.03,0.00,0.00,3589350.67,2
SP5-07795,ok,goals+,0.00,0.00,1108326.45,230872.95,12602296.23,2
SP5-07796,ok,debt,407.91,951.79,71.56,0.00,0.00,3
SP5-07797,deficit,none,0.00,0.00,0.00,0.00,1095129.88,5
SP5-07798,ok,debt,0.00,369303.54,0.00,0.00,1232192.66,3
SP5-07799,deficit,none,0.00,0.00,0.00,0.00,194166.12,5
SP5-07800,ok,goals+,0.00,0.00,0.00,677576.72,37489259.33,2
SP5-07801,deficit,none,0.00,0.00,0.00,0.00,0.00,4
SP5-07802,deficit,none,0.00,0.00,0.00,0.00,0.00,4
SP5-07803,deficit,none,0.00,0.00,0.00,0.00,54022.59,5
SP5-07804,deficit,none,0.00,0.00,0.00,0.00,355406.98,5
SP5-07805,ok,goals+,0.00,0.00,14815.62,3634.55,358795.99,3
SP5-07806,ok,reserve,256.53,0.00,0.00,0.00,0.00,4
SP5-07807,ok,reserve,13213.14,0.00,0.00,0.00,0.00,4
SP5-07808,deficit,none,0.00,0.00,0.00,0.00,0.00,4
SP5-07809,ok,goals+,0.00,0.00,765889.24,370589.26,31141561.79,2
SP5-07810,deficit,none,0.00,0.00,0.00,0.00,83801554.65,5
SP5-07811,invalid,none,0.00,0.00,0.00,0.00,0.00,5
SP5-07812,ok,reserve,43500.37,0.00,0.00,0.00,242348.48,3
SP5-07813,ok,debt,2599.63,6065.79,0.00,0.00,0.00,3
SP5-07814,ok,goals+,0.00,0.00,18819.78,0.00,158696.00,3
SP5-07815,deficit,none,0.00,0.00,0.00,0.00,152456.20,5
SP5-07816,ok,reserve,775.20,0.00,0.00,0.00,0.00,5
SP5-07817,invalid,none,0.00,0.00,0.00,0.00,0.00,5
SP5-07818,ok,reserve,15496.62,10331.08,0.00,0.00,0.00,2
SP5-07819,ok,reserve,5579.65,0.00,0.00,0.00,0.00,5
SP5-07820,invalid,none,0.00,0.00,0.00,0.00,0.00,5
SP5-07821,deficit,none,0.00,0.00,0.00,0.00,1726462.32,5
SP5-07822,invalid,none,0.00,0.00,0.00,0.00,0.00,5
SP5-07823,ok,reserve,15417.98,0.00,0.00,0.00,0.00,3
SP5-07824,ok,goals+,0.00,0.00,5235.38,14867.07,238539.37,3
SP5-07825,ok,reserve,3464.64,0.00,0.00,0.00,0.00,4
SP5-07826,ok,reserve,20677.14,0.00,0.00,0.00,0.00,3
SP5-07827,ok,goals+,0.00,0.00,10963.71,17826.05,7029882.44,3
SP5-07828,deficit,none,0.00,0.00,0.00,0.00,0.00,4
SP5-07829,ok,reserve,15496.62,10331.08,0.00,0.00,0.00,2
SP5-07830,ok,debt,5181.01,7771.52,0.00,0.00,33439.63,2
SP5-07831,ok,reserve,2524.68,1683.12,0.00,0.00,0.00,2
SP5-07832,deficit,none,0.00,0.00,0.00,0.00,0.00,4
SP5-07833,ok,goals+,1620.93,0.00,7390.44,0.00,0.00,5
SP5-07834,ok,debt,17942.53,26913.80,0.00,0.00,2359.50,2
SP5-07835,invalid,none,0.00,0.00,0.00,0.00,0.00,5
SP5-07836,ok,debt,2960.46,6907.75,0.00,0.00,0.00,3
SP5-07837,ok,reserve,6531.97,0.00,0.00,0.00,0.00,4
SP5-07838,invalid,none,0.00,0.00,0.00,0.00,0.00,5
SP5-07839,deficit,none,0.00,0.00,0.00,0.00,1152858.23,5
SP5-07840,deficit,none,0.00,0.00,0.00,0.00,0.00,4
SP5-07841,ok,debt,29604.63,69077.47,0.00,0.00,0.00,3
SP5-07842,ok,reserve,6146.13,0.00,0.00,0.00,0.00,4
SP5-07843,ok,goals+,0.00,0.00,349743.10,50889.33,1931646.99,2
SP5-07844,ok,reserve,47089.89,0.00,0.00,0.00,0.00,4
SP5-07845,ok,goals+,0.00,0.00,0.00,4659.75,113455.59,3
SP5-07846,deficit,none,0.00,0.00,0.00,0.00,0.00,4
SP5-07847,ok,reserve,4984.33,3322.89,0.00,0.00,0.00,2
SP5-07848,ok,debt,0.00,30137.28,0.00,0.00,244402.53,3
SP5-07849,deficit,none,0.00,0.00,0.00,0.00,0.00,4
SP5-07850,deficit,none,0.00,0.00,0.00,0.00,440365.35,5
SP5-07851,invalid,none,0.00,0.00,0.00,0.00,0.00,5
SP5-07852,ok,debt,0.00,11785.87,0.00,0.00,76834.18,3
SP5-07853,ok,reserve,4736.01,3157.34,0.00,0.00,11218.16,2
SP5-07854,ok,reserve,17282.40,0.00,0.00,0.00,0.00,4
SP5-07855,ok,goals+,0.00,0.00,29120.43,0.00,363632.67,3
SP5-07856,ok,reserve,24909.01,0.00,0.00,0.00,0.00,5
SP5-07857,ok,debt,0.00,34799.48,0.00,0.00,187297.37,3
SP5-07858,ok,goals+,0.00,0.00,20656.51,24292.98,557811.95,3
SP5-07859,ok,reserve,9825.69,0.00,0.00,0.00,0.00,4
SP5-07860,ok,goals+,372092.26,0.00,2187514.33,1524970.76,0.00,2
SP5-07861,ok,goals+,0.00,0.00,12509.46,574.35,85024.90,3
SP5-07862,deficit,none,0.00,0.00,0.00,0.00,102872.25,5
SP5-07863,ok,debt,26416.05,61637.45,0.00,0.00,0.00,4
SP5-07864,ok,reserve,423.66,282.44,0.00,0.00,0.00,2
SP5-07865,ok,goals+,0.00,0.00,11289.01,0.00,59530.10,3
SP5-07866,invalid,none,0.00,0.00,0.00,0.00,0.00,5
SP5-07867,ok,debt,1175.29,2742.34,0.00,0.00,0.00,3
SP5-07868,deficit,none,0.00,0.00,0.00,0.00,6011258.99,5
SP5-07869,ok,debt,1805.11,4211.92,0.00,0.00,0.00,3
SP5-07870,ok,debt,0.00,33309.72,0.00,0.00,307825.25,2
SP5-07871,ok,reserve,8308.11,2505.07,0.00,0.00,0.00,5
SP5-07872,deficit,none,0.00,0.00,0.00,0.00,6511.41,5
SP5-07873,ok,goals+,0.00,0.00,1260576.34,0.00,8832939.76,2
SP5-07874,invalid,none,0.00,0.00,0.00,0.00,0.00,5
SP5-07875,ok,reserve,4774.23,0.00,0.00,0.00,0.00,5
SP5-07876,ok,debt,5530.61,12904.74,0.00,0.00,0.00,3
SP5-07877,ok,reserve,8145.14,0.00,0.00,0.00,0.00,5
SP5-07878,deficit,none,0.00,0.00,0.00,0.00,0.00,4
SP5-07879,ok,goals+,0.00,0.00,995.24,0.00,10468.09,3
SP5-07880,ok,goals+,0.00,0.00,196089.03,55418.40,5720170.38,2
SP5-07881,ok,goals+,0.00,0.00,18276.29,41551.77,32070.78,4
SP5-07882,ok,goals+,0.00,0.00,456026.94,204275.24,33226063.52,2
SP5-07883,ok,debt,0.00,10857.87,0.00,0.00,13410.96,3
SP5-07884,deficit,none,0.00,0.00,0.00,0.00,0.00,4
SP5-07885,ok,reserve,12275.89,8183.93,0.00,0.00,0.00,2
SP5-07886,ok,reserve,39324.19,0.00,0.00,0.00,0.00,4
SP5-07887,ok,debt,7162.85,16713.33,0.00,0.00,109740.95,3
SP5-07888,ok,reserve,5719.39,0.00,0.00,0.00,0.00,5
SP5-07889,deficit,none,0.00,0.00,0.00,0.00,0.00,4
SP5-07890,ok,reserve,4826.56,3217.70,0.00,0.00,11218.16,2
SP5-07891,ok,reserve,4261.94,0.00,0.00,0.00,0.00,2
SP5-07892,ok,reserve,20794.95,0.00,0.00,0.00,0.00,4
SP5-07893,deficit,none,0.00,0.00,0.00,0.00,0.00,4
SP5-07894,ok,goals+,0.00,0.00,244246.58,195106.07,17126902.83,2
SP5-07895,ok,reserve,11856.28,0.00,0.00,0.00,0.00,5
SP5-07896,ok,reserve,20347.97,0.00,0.00,0.00,0.00,5
SP5-07897,ok,goals+,0.00,0.00,4124835.54,807609.10,8580597.71,2
SP5-07898,ok,goals+,0.00,0.00,13365.78,0.00,3140973.72,3
SP5-07899,ok,reserve,1128.50,752.34,0.00,0.00,0.00,2
SP5-07900,invalid,none,0.00,0.00,0.00,0.00,0.00,5
SP5-07901,ok,reserve,2280.39,0.00,0.00,0.00,0.00,4
SP5-07902,ok,reserve,6036.25,4024.17,0.00,0.00,0.00,2
SP5-07903,ok,goals+,0.00,0.00,14105.71,0.00,8651.82,2
SP5-07904,deficit,none,0.00,0.00,0.00,0.00,336968.38,5
SP5-07905,ok,debt,11206.77,26149.14,0.00,0.00,0.00,3
SP5-07906,deficit,none,0.00,0.00,0.00,0.00,32568.10,5
SP5-07907,ok,goals+,0.00,0.00,3110.13,4445.25,243929.83,3
SP5-07908,deficit,none,0.00,0.00,0.00,0.00,171041.53,5
SP5-07909,ok,reserve,5051.13,0.00,0.00,0.00,0.00,3
SP5-07910,ok,reserve,4031.62,877.27,0.00,0.00,0.00,5
SP5-07911,invalid,none,0.00,0.00,0.00,0.00,0.00,5
SP5-07912,invalid,none,0.00,0.00,0.00,0.00,0.00,5
SP5-07913,ok,reserve,10892.69,0.00,0.00,0.00,0.00,4
SP5-07914,ok,reserve,4261.94,0.00,0.00,0.00,0.00,2
SP5-07915,ok,none,0.00,0.00,0.00,0.00,26646.23,2
SP5-07916,deficit,none,0.00,0.00,0.00,0.00,8908409.19,5
SP5-07917,deficit,none,0.00,0.00,0.00,0.00,0.00,4
SP5-07918,ok,debt,1319.76,3079.43,0.00,0.00,0.00,3
SP5-07919,ok,reserve,7425.61,4950.40,0.00,0.00,17927.88,2
SP5-07920,invalid,none,0.00,0.00,0.00,0.00,0.00,5
SP5-07921,ok,reserve,6330.43,4220.28,0.00,0.00,0.00,2
SP5-07922,deficit,none,0.00,0.00,0.00,0.00,4139665.44,5
SP5-07923,ok,reserve,6330.43,4220.28,0.00,0.00,0.00,2
SP5-07924,deficit,none,0.00,0.00,0.00,0.00,333001.74,5
SP5-07925,ok,reserve,8419.86,0.00,0.00,0.00,0.00,3
SP5-07926,invalid,none,0.00,0.00,0.00,0.00,0.00,5
SP5-07927,ok,goals+,0.00,0.00,1094435.86,0.00,27258481.43,2
SP5-07928,ok,debt,0.00,29493.20,0.00,0.00,250748.88,3
SP5-07929,ok,reserve,62051.12,11439.54,0.00,0.00,0.00,5
SP5-07930,ok,goals+,0.00,0.00,9760.64,5168.51,9111.30,3
SP5-07931,ok,reserve,12392.15,0.00,0.00,0.00,0.00,3
SP5-07932,ok,reserve,24656.90,0.00,0.00,0.00,0.00,5
SP5-07933,ok,reserve,10608.19,0.00,0.00,0.00,0.00,3
SP5-07934,ok,goals+,0.00,0.00,761015.42,690898.02,11902597.44,2
SP5-07935,ok,goals+,0.00,0.00,54254.62,24871.01,1524468.70,3
SP5-07936,ok,debt,0.00,2170567.42,0.00,0.00,643614.36,2
SP5-07937,deficit,none,0.00,0.00,0.00,0.00,34960928.96,5
SP5-07938,ok,goals+,2196.77,0.00,7495.21,14846.57,0.00,3
SP5-07939,ok,reserve,62305.76,0.00,0.00,0.00,0.00,5
SP5-07940,ok,reserve,10085.83,6723.88,0.00,0.00,16119.74,2
SP5-07941,ok,goals+,0.00,0.00,0.00,23855.64,52511.96,5
SP5-07942,deficit,none,0.00,0.00,0.00,0.00,64397.47,5
SP5-07943,ok,goals+,0.00,0.00,20764.06,0.00,0.00,2
SP5-07944,ok,goals+,0.00,0.00,351895.64,0.00,880053.60,2
SP5-07945,ok,goals+,0.00,0.00,43253.73,0.00,1911685.39,3
SP5-07946,deficit,none,0.00,0.00,0.00,0.00,7120.06,5
SP5-07947,ok,debt,3873.90,5810.86,0.00,0.00,15148.15,2
SP5-07948,invalid,none,0.00,0.00,0.00,0.00,0.00,5
SP5-07949,ok,reserve,12653.40,0.00,0.00,0.00,0.00,4
SP5-07950,deficit,none,0.00,0.00,0.00,0.00,6485927.60,5
SP5-07951,ok,goals+,0.00,0.00,109057407.97,200553491.24,7224593522.79,2
SP5-07952,ok,reserve,34012.40,0.00,0.00,0.00,0.00,4
SP5-07953,invalid,none,0.00,0.00,0.00,0.00,0.00,5
SP5-07954,deficit,none,0.00,0.00,0.00,0.00,7406501.65,5
SP5-07955,ok,goals+,0.00,0.00,0.00,326150.32,10517406.00,2
SP5-07956,ok,goals+,0.00,0.00,36725.73,38946.52,430327.43,3
SP5-07957,deficit,none,0.00,0.00,0.00,0.00,2801037.91,5
SP5-07958,ok,debt,1617165.95,3773387.21,0.00,0.00,0.00,2
SP5-07959,deficit,none,0.00,0.00,0.00,0.00,0.00,4
SP5-07960,ok,reserve,8419.86,0.00,0.00,0.00,0.00,3
SP5-07961,ok,goals+,0.00,0.00,3544.99,0.00,275688.11,3
SP5-07962,ok,debt,380.09,886.87,0.00,0.00,0.00,3
SP5-07963,ok,goals+,0.00,0.00,373677.69,0.00,3792988.64,2
SP5-07964,ok,reserve,2179.85,0.00,0.00,0.00,0.00,3
SP5-07965,ok,goals+,0.00,0.00,2675275.23,498711.18,0.00,2
SP5-07966,ok,goals+,0.00,0.00,87182.30,0.00,38433751.27,2
SP5-07967,deficit,none,0.00,0.00,0.00,0.00,485801.38,5
SP5-07968,ok,reserve,19226.31,0.00,0.00,0.00,0.00,5
SP5-07969,ok,reserve,14323.37,0.00,0.00,0.00,0.00,4
SP5-07970,ok,goals+,0.00,0.00,39023.25,14421.38,3571.68,3
SP5-07971,ok,reserve,9335.72,0.00,0.00,0.00,0.00,5
SP5-07972,deficit,none,0.00,0.00,0.00,0.00,0.00,4
SP5-07973,ok,reserve,16519.14,0.00,0.00,0.00,0.00,3
SP5-07974,deficit,none,0.00,0.00,0.00,0.00,5215.46,5
SP5-07975,ok,goals+,0.00,0.00,112258.57,286383.30,7463778.17,2
SP5-07976,ok,goals+,0.00,0.00,332671.05,108812.15,17465413.28,2
SP5-07977,ok,reserve,2671.06,301.19,0.00,0.00,0.00,5
SP5-07634,ok,debt,1277.86,2981.67,0.00,0.00,5363.76,3
SP5-07979,deficit,none,0.00,0.00,0.00,0.00,0.00,4
SP5-07980,ok,debt,0.00,10619.61,0.00,0.00,34176.92,3
SP5-07981,deficit,none,0.00,0.00,0.00,0.00,145761.76,5
SP5-07982,deficit,none,0.00,0.00,0.00,0.00,248273.40,5
SP5-07983,ok,reserve,2358.13,1572.09,0.00,0.00,0.00,2
SP5-07984,ok,debt,3840.18,8960.43,673.72,0.00,0.00,3
SP5-07985,invalid,none,0.00,0.00,0.00,0.00,0.00,5
SP5-07986,ok,reserve,23238.82,0.00,0.00,0.00,0.00,4
SP5-07987,ok,reserve,12971.73,0.00,0.00,0.00,0.00,3
SP5-07988,ok,reserve,19226.31,0.00,0.00,0.00,0.00,5
SP5-07989,ok,goals+,0.00,0.00,360726.21,455841.20,24880820.92,2
SP5-07990,ok,goals+,0.00,0.00,5983.70,12041.13,682777.77,3
SP5-07991,deficit,none,0.00,0.00,0.00,0.00,28789293.44,5
SP5-07992,ok,debt,1818.79,4243.85,0.00,0.00,0.00,4
SP5-07993,ok,debt,5682.92,8524.39,0.00,0.00,58283.70,2
SP5-07994,ok,debt,3794.77,8854.45,0.00,0.00,0.00,3
SP5-07995,invalid,none,0.00,0.00,0.00,0.00,0.00,5
SP5-07996,ok,reserve,2732.69,231.86,0.00,0.00,0.00,4
SP5-07997,ok,goals+,0.00,0.00,5983.70,12041.13,692282.45,3
SP5-07998,deficit,none,0.00,0.00,0.00,0.00,285883.51,5
SP5-07999,deficit,none,0.00,0.00,0.00,0.00,0.00,4
SP5-08000,ok,goals+,0.00,0.00,515876.28,0.00,5920554.80,2
SP5-08001,ok,reserve,1701.20,0.00,0.00,0.00,0.00,5
SP5-08002,ok,goals+,0.00,0.00,28299.93,0.00,270271.70,3
SP5-08003,ok,debt,318939.93,1975169.28,0.00,0.00,0.00,2
SP5-08004,ok,debt,5232.01,7848.01,0.00,0.00,18873.00,2
SP5-08005,deficit,none,0.00,0.00,0.00,0.00,0.00,4
SP5-08006,deficit,none,0.00,0.00,0.00,0.00,3739765.67,5
SP5-08007,deficit,none,0.00,0.00,0.00,0.00,0.00,4
SP5-08008,ok,goals+,0.00,0.00,426901.53,0.00,0.00,2
SP5-08009,ok,debt,5921.93,13817.83,0.00,0.00,0.00,3
SP5-08010,ok,reserve,59437.13,35770.73,0.00,0.00,0.00,5
SP5-08011,deficit,none,0.00,0.00,0.00,0.00,12764798.92,5
SP5-08012,deficit,none,0.00,0.00,0.00,0.00,9793478.06,5
SP5-08013,deficit,none,0.00,0.00,0.00,0.00,506655.30,5
SP5-08014,ok,goals+,0.00,0.00,21350.18,0.00,0.00,2
SP5-08015,deficit,none,0.00,0.00,0.00,0.00,65053.21,5
SP5-08016,ok,goals+,0.00,0.00,17161.27,0.00,0.00,4
SP5-08017,invalid,none,0.00,0.00,0.00,0.00,0.00,5
SP5-08018,ok,reserve,51438.25,0.00,0.00,0.00,0.00,5
SP5-08019,invalid,none,0.00,0.00,0.00,0.00,0.00,5
SP5-08020,deficit,none,0.00,0.00,0.00,0.00,0.00,4
SP5-08021,ok,reserve,9297.27,0.00,0.00,0.00,0.00,5
SP5-08022,ok,debt,26961.88,27573.60,0.00,0.00,0.00,3
SP5-08023,deficit,none,0.00,0.00,0.00,0.00,0.00,4
SP5-08024,ok,goals+,0.00,0.00,2393959.96,0.00,17096965.76,2
SP5-08025,ok,goals+,0.00,0.00,483964.91,842035.31,16209951.78,2
SP5-08026,ok,reserve,3273.55,2182.36,0.00,0.00,0.00,2
SP5-08027,deficit,none,0.00,0.00,0.00,0.00,0.00,4
SP5-08028,ok,reserve,20450.00,0.00,0.00,0.00,0.00,5
SP5-08029,deficit,none,0.00,0.00,0.00,0.00,379160.55,5
SP5-08030,deficit,none,0.00,0.00,0.00,0.00,0.00,4
SP5-08031,ok,debt,92824.29,216590.00,0.00,0.00,0.00,2
SP5-08032,ok,goals+,0.00,0.00,23174.56,5757.96,0.00,4
SP5-08033,ok,debt,4506.95,10516.23,0.00,0.00,0.00,3
SP5-08034,ok,reserve,19501.62,0.00,0.00,0.00,0.00,5
SP5-08035,ok,reserve,27334.38,0.00,0.00,0.00,0.00,3
SP5-08036,ok,goals+,0.00,0.00,731457.43,1491707.27,100658261.81,2
SP5-08037,ok,goals+,0.00,0.00,91598.04,0.00,371377.29,3
SP5-08038,ok,debt,4040.75,6061.12,0.00,0.00,165317.53,2
SP5-08039,deficit,none,0.00,0.00,0.00,0.00,901613.40,5
SP5-08040,deficit,none,0.00,0.00,0.00,0.00,146514.24,5
SP5-08041,ok,debt,0.00,30843.97,0.00,0.00,71232.81,3
SP5-08042,ok,debt,2835.50,4253.26,0.00,0.00,0.00,2
SP5-08043,ok,debt,0.00,22751.00,0.00,0.00,142286.99,3
SP5-08044,deficit,none,0.00,0.00,0.00,0.00,900740.09,5
SP5-08045,ok,reserve,8071.03,5380.69,0.00,0.00,59954.72,2
SP5-08046,ok,none,0.00,0.00,0.00,0.00,0.00,5
SP5-08047,ok,reserve,12237.21,0.00,0.00,0.00,0.00,3
SP5-08048,ok,debt,890.35,2077.48,0.00,0.00,0.00,3
SP5-08049,ok,none,0.00,0.00,0.00,0.00,0.00,5
SP5-08050,ok,reserve,845.98,0.00,0.00,0.00,0.00,5
SP5-08051,ok,debt,2893.78,4340.66,0.00,0.00,14510.03,2
SP5-08052,ok,debt,892867.07,2083356.50,0.00,0.00,0.00,2
SP5-08053,ok,goals+,0.00,0.00,0.00,19511.09,5272464.87,3
SP5-08054,ok,debt,0.00,1418.01,0.00,0.00,73340.19,3
SP5-08055,ok,debt,1016.41,2371.61,0.00,0.00,0.00,3
SP5-08056,ok,goals+,0.00,0.00,41752.51,38759.12,6311041.43,3
SP5-08057,ok,debt,46114.36,107600.16,0.00,0.00,0.00,2
SP5-07828,ok,reserve,21371.50,0.00,0.00,0.00,0.00,5
SP5-08059,invalid,none,0.00,0.00,0.00,0.00,0.00,5
SP5-08060,ok,goals+,0.00,0.00,203689.27,33874.03,0.00,4
SP5-08061,ok,debt,29.83,69.61,0.00,0.00,0.00,4
SP5-08062,ok,goals+,0.00,0.00,1990.28,0.00,2940693.56,3
SP5-08063,ok,reserve,1551019.15,0.00,1080274.03,43653.62,0.00,2
SP5-08064,ok,debt,0.00,68601.45,0.00,0.00,586398.61,3
SP5-08065,ok,reserve,12142.16,0.00,0.00,0.00,0.00,3
SP5-08066,ok,goals+,0.00,0.00,1048218.54,741348.87,4215522.05,2
SP5-08067,ok,reserve,6559.78,4373.18,0.00,0.00,0.00,2
SP5-08068,ok,debt,2503.36,5841.17,0.00,0.00,0.00,3
SP5-08069,deficit,none,0.00,0.00,0.00,0.00,1003340.28,5
SP5-08070,ok,goals+,0.00,0.00,18276.43,7183.97,73336.78,3
SP5-08071,ok,goals+,0.00,0.00,759215.21,0.00,4386655.35,2
SP5-08072,ok,goals+,0.00,0.00,190216.62,34347.45,7858191.10,2
SP5-08073,ok,reserve,6860.45,4573.64,0.00,0.00,0.00,2
SP5-08074,ok,reserve,3680.18,0.00,0.00,0.00,0.00,5
SP5-08075,ok,reserve,2065.93,0.00,0.00,0.00,0.00,3
SP5-08076,ok,goals+,0.00,0.00,156668.59,14458.94,1549472.36,3
SP5-08077,ok,debt,20665.04,48218.41,0.00,0.00,0.00,1
SP5-08078,ok,reserve,18428.87,12285.92,0.00,0.00,0.00,2
SP5-08079,ok,reserve,7003.58,4669.05,0.00,0.00,0.00,2
SP5-08080,ok,reserve,89556.86,59704.57,0.00,0.00,0.00,2
SP5-08081,ok,none,0.00,0.00,0.00,0.00,10111.62,2
SP5-08082,deficit,none,0.00,0.00,0.00,0.00,25347.99,5
SP5-08083,ok,goals+,0.00,0.00,24745.62,0.00,0.00,3
SP5-08084,ok,goals+,0.00,0.00,2423839.71,321168.00,0.00,2
SP5-08085,deficit,none,0.00,0.00,0.00,0.00,0.00,4
SP5-08086,ok,reserve,27479.28,0.00,0.00,0.00,0.00,3
SP5-08087,ok,reserve,17565.94,0.00,0.00,0.00,0.00,4
SP5-08088,invalid,none,0.00,0.00,0.00,0.00,0.00,5
SP5-08089,deficit,none,0.00,0.00,0.00,0.00,0.00,4
SP5-08090,deficit,none,0.00,0.00,0.00,0.00,873028.93,5
SP5-08091,ok,reserve,12022.09,0.00,0.00,0.00,0.00,5
SP5-08092,ok,goals+,0.00,0.00,506.18,0.00,10582.51,3
SP5-08093,deficit,none,0.00,0.00,0.00,0.00,0.00,4
SP5-08094,ok,reserve,581414.65,368186.84,0.00,0.00,0.00,2
SP5-08095,ok,goals+,0.00,0.00,14992.10,0.00,1222063.58,3
SP5-08096,ok,goals+,0.00,0.00,12985.93,0.00,295005.37,3
SP5-08097,ok,goals+,0.00,12330.72,18520.37,0.00,374588.38,1
SP5-08098,ok,reserve,31473.76,0.00,0.00,0.00,0.00,2
SP5-08099,ok,reserve,16982.04,0.00,0.00,0.00,0.00,4
SP5-08100,ok,goals+,0.00,0.00,0.00,78857.30,1765662.71,5
SP5-08101,ok,goals+,0.00,0.00,82216.42,0.00,22348629.11,2
SP5-08102,invalid,none,0.00,0.00,0.00,0.00,0.00,5
SP5-08103,ok,goals+,0.00,0.00,0.00,566642.64,17879570.53,2
SP5-08104,ok,reserve,8900.35,5933.57,0.00,0.00,0.00,2
SP5-08105,deficit,none,0.00,0.00,0.00,0.00,0.00,4
SP5-08106,ok,debt,0.00,29293.75,0.00,0.00,49884.90,3
SP5-08107,ok,goals+,0.00,0.00,0.00,52386.79,13993.30,5
SP5-08108,ok,goals+,0.00,0.00,10623.12,6283.21,189300.13,3
SP5-08109,ok,goals+,0.00,0.00,25202.73,33792.35,1518585.80,3
SP5-08110,ok,goals+,30692.63,0.00,33182.01,0.00,0.00,3
SP5-08111,ok,none,0.00,0.00,0.00,0.00,18717.75,5
SP5-08112,deficit,none,0.00,0.00,0.00,0.00,38938895.88,5
SP5-08113,ok,goals+,0.00,0.00,470313.63,716385.85,26763293.64,2
SP5-08114,ok,goals+,0.00,0.00,27212.71,6454.18,0.00,4
SP5-08115,ok,goals+,0.00,0.00,7124.00,6031.06,68114.10,3
SP5-08116,ok,debt,0.00,28173.56,0.00,0.00,483503.39,3
SP5-08117,deficit,none,0.00,0.00,0.00,0.00,8873902.29,5
SP5-08118,ok,goals+,0.00,0.00,282315.49,224080.41,32131973.23,2
SP5-08119,deficit,none,0.00,0.00,0.00,0.00,11356313.58,5
SP5-08120,ok,goals+,0.00,0.00,119014.84,60254.31,6640982.08,2
SP5-08121,ok,reserve,1127.85,751.90,0.00,0.00,0.00,2
SP5-08122,ok,goals+,0.00,0.00,35463.60,0.00,41702.95,2
SP5-08123,deficit,none,0.00,0.00,0.00,0.00,9513784.23,5
SP5-08124,ok,reserve,6140.73,0.00,0.00,0.00,0.00,5
SP5-08125,ok,goals+,0.00,0.00,0.00,66306.95,0.00,2
SP5-08126,invalid,none,0.00,0.00,0.00,0.00,0.00,5
SP5-08127,deficit,none,0.00,0.00,0.00,0.00,0.00,4
SP5-08128,ok,goals+,0.00,0.00,994297.96,1641053.94,32260012.86,2
SP5-08129,ok,debt,2757.33,6433.76,0.00,0.00,0.00,3
SP5-08130,ok,reserve,38155.93,0.00,0.00,0.00,0.00,1
SP5-08131,deficit,none,0.00,0.00,0.00,0.00,10169554.60,5
SP5-08132,ok,reserve,16181.55,0.00,0.00,0.00,0.00,5
SP5-08133,ok,goals+,0.00,0.00,2395815.18,0.00,46402994.43,2
SP5-08134,ok,none,0.00,0.00,0.00,0.00,0.00,5
SP5-08135,ok,goals+,0.00,0.00,333053.23,105294.28,17978424.19,2
SP5-08136,ok,goals+,0.00,0.00,571543.98,1157804.67,89101011.61,2
SP5-08137,ok,reserve,1127.85,751.90,0.00,0.00,0.00,2
SP5-08138,ok,reserve,26217.39,0.00,0.00,0.00,0.00,5
SP5-08139,deficit,none,0.00,0.00,0.00,0.00,0.00,4
SP5-08140,ok,goals+,0.00,0.00,0.00,553085.31,5742963.46,2
SP5-08141,invalid,none,0.00,0.00,0.00,0.00,0.00,5
SP5-08142,ok,debt,0.00,900942.23,0.00,0.00,1843401.47,2
SP5-08143,ok,reserve,5118.15,0.00,0.00,0.00,0.00,4
SP5-08144,deficit,none,0.00,0.00,0.00,0.00,0.00,4
SP5-08145,ok,reserve,37790.96,0.00,0.00,0.00,0.00,4
SP5-08146,ok,goals+,0.00,0.00,226895.58,0.00,162725764.02,2
SP5-08147,ok,goals+,0.00,0.00,235509.86,530983.19,23149424.79,2
SP5-08148,ok,debt,1408.94,2113.42,0.00,0.00,2388.09,2
SP5-08149,ok,goals+,2360.46,0.00,5766.08,0.00,0.00,3
SP5-08150,ok,debt,0.00,41475.49,0.00,0.00,27928.25,3
SP5-08151,deficit,none,0.00,0.00,0.00,0.00,10000000.00,5
SP5-08152,deficit,none,0.00,0.00,0.00,0.00,125525.78,5
SP5-08153,ok,debt,0.00,1632868.68,0.00,0.00,364336.95,2
SP5-08154,deficit,none,0.00,0.00,0.00,0.00,6800.01,5
SP5-08155,ok,goals+,0.00,0.00,1110523.94,260562.38,0.00,2
SP5-08156,ok,goals+,0.00,0.00,0.00,4372519.50,0.00,2
SP5-08157,invalid,none,0.00,0.00,0.00,0.00,0.00,5
SP5-08158,deficit,none,0.00,0.00,0.00,0.00,15735243.12,5
SP5-08159,ok,reserve,13017.17,0.00,0.00,0.00,0.00,4
SP5-08160,ok,goals+,0.00,0.00,13518.99,0.00,223251.84,4
SP5-08161,ok,goals+,0.00,0.00,13418.35,30791.93,2170607.16,3
SP5-08162,ok,reserve,12560.84,8373.89,0.00,0.00,0.00,2
SP5-08163,ok,reserve,2485.91,1657.28,0.00,0.00,0.00,2
SP5-08164,ok,reserve,37790.96,0.00,0.00,0.00,0.00,4
SP5-08165,ok,debt,2176.13,5077.65,0.00,0.00,0.00,4
SP5-08166,deficit,none,0.00,0.00,0.00,0.00,1024577.26,5
SP5-08167,ok,goals+,0.00,0.00,671932.93,1185833.85,26557551.37,2
SP5-08168,ok,goals+,0.00,0.00,14691.91,0.00,0.00,3
SP5-08169,deficit,none,0.00,0.00,0.00,0.00,0.00,4
SP5-08170,ok,goals+,0.00,0.00,0.00,15022.37,96460.69,5
SP5-08171,ok,reserve,23842.33,0.00,13057.27,0.00,0.00,3
SP5-08172,deficit,none,0.00,0.00,0.00,0.00,0.00,4
SP5-08173,deficit,none,0.00,0.00,0.00,0.00,0.00,4
SP5-08174,ok,goals+,7331.63,0.00,4824.10,16144.94,0.00,3
SP5-08175,ok,goals+,0.00,0.00,3410817.53,1362761.18,48568573.91,2
SP5-08176,ok,goals+,0.00,0.00,303076.23,0.00,1884988.17,2
SP5-08177,ok,reserve,6093.44,4062.30,0.00,0.00,5000.00,2
SP5-08178,ok,reserve,14656.82,9771.22,1285.69,0.00,6690.82,2
SP5-08179,deficit,none,0.00,0.00,0.00,0.00,0.00,4
SP5-08180,ok,goals+,0.00,0.00,2552.32,0.00,2332921.69,3
SP5-08181,deficit,none,0.00,0.00,0.00,0.00,47204.42,5
SP5-08182,ok,goals+,0.00,0.00,20992.90,5119.71,658329.31,3
SP5-08183,ok,reserve,32981.73,0.00,0.00,0.00,0.00,4
SP5-08184,deficit,none,0.00,0.00,0.00,0.00,0.00,4
SP5-08185,ok,reserve,2866.37,1910.92,0.00,0.00,0.00,2
SP5-08186,ok,reserve,10386.23,0.00,0.00,0.00,0.00,3
SP5-08187,ok,goals+,0.00,0.00,5429.60,0.00,187823.45,3
SP5-08188,ok,goals+,0.00,0.00,0.00,83535.52,4544800.98,2
SP5-08189,invalid,none,0.00,0.00,0.00,0.00,0.00,5
SP5-08190,ok,goals+,0.00,0.00,4405922.96,924862.40,0.00,2
SP5-08191,ok,reserve,26264.07,757.34,0.00,0.00,0.00,4
SP5-08192,ok,reserve,10527.58,4250.80,0.00,0.00,0.00,3
SP5-08193,ok,goals+,107256.48,0.00,118526.08,22697.64,0.00,3
SP5-08194,ok,goals+,0.00,0.00,1363.24,431.76,216133.30,3
SP5-08195,ok,reserve,996.84,664.56,0.00,0.00,0.00,2
SP5-08196,ok,reserve,3823.81,2549.21,0.00,0.00,0.00,2
SP5-08197,ok,reserve,10386.23,0.00,0.00,0.00,0.00,3
SP5-08198,deficit,none,0.00,0.00,0.00,0.00,0.00,4
SP5-08125,ok,goals+,577.33,0.00,30454.24,0.00,0.00,2
SP5-08200,deficit,none,0.00,0.00,0.00,0.00,24016934.76,5
SP5-08201,ok,debt,0.00,7022.43,0.00,0.00,84758.58,3
SP5-08202,ok,reserve,72749.75,48499.83,0.00,0.00,109662.80,2
SP5-08203,invalid,none,0.00,0.00,0.00,0.00,0.00,5
SP5-08204,ok,reserve,3143.62,2095.75,275.76,0.00,0.00,2
SP5-08205,ok,reserve,11354.27,7569.51,995.99,0.00,0.00,2
SP5-08206,deficit,none,0.00,0.00,0.00,0.00,10563949.25,5
SP5-08207,deficit,none,0.00,0.00,0.00,0.00,0.00,4
SP5-08208,ok,debt,2060.84,4808.61,0.00,0.00,0.00,3
SP5-08209,ok,debt,4135.08,6202.63,0.00,0.00,6182.68,2
SP5-08210,ok,reserve,1.00,0.00,0.00,0.00,0.00,3
SP5-08211,deficit,none,0.00,0.00,0.00,0.00,72908.10,5
SP5-08212,deficit,none,0.00,0.00,0.00,0.00,311152.73,5
SP5-08213,ok,goals+,0.00,0.00,36418.14,10281.16,507283.63,3
SP5-08214,deficit,none,0.00,0.00,0.00,0.00,4094980.70,5
SP5-08215,deficit,none,0.00,0.00,0.00,0.00,296863.82,5
SP5-08216,deficit,none,0.00,0.00,0.00,0.00,1059102.90,5
SP5-08217,ok,debt,2511.92,3767.89,0.00,0.00,108763.13,2
SP5-08218,deficit,none,0.00,0.00,0.00,0.00,0.00,4
SP5-08219,ok,reserve,4911.13,0.00,0.00,0.00,0.00,3
SP5-08220,deficit,none,0.00,0.00,0.00,0.00,975821.97,5
SP5-08221,deficit,none,0.00,0.00,0.00,0.00,0.00,4
SP5-08222,ok,reserve,17295.58,0.00,0.00,0.00,0.00,5
SP5-08223,ok,goals+,0.00,0.00,22743.10,0.00,50081.53,2
SP5-08224,deficit,none,0.00,0.00,0.00,0.00,3839322.65,5
SP5-08225,ok,goals+,0.00,0.00,759374.45,152132.08,43373555.11,2
SP5-08226,invalid,none,0.00,0.00,0.00,0.00,0.00,5
SP5-08227,ok,reserve,47078.55,0.00,0.00,0.00,0.00,5
SP5-08228,invalid,none,0.00,0.00,0.00,0.00,0.00,5
SP5-08229,ok,reserve,51988.82,0.00,0.00,0.00,0.00,3
SP5-08230,ok,debt,0.00,1617615.36,0.00,0.00,6007220.33,2
SP5-08231,ok,goals+,0.00,0.00,4947510.34,0.00,13740813.25,2
SP5-08232,ok,reserve,8145.40,0.00,0.00,0.00,0.00,1
SP5-08233,ok,reserve,6941.29,1678.52,0.00,0.00,0.00,5
SP5-08234,ok,goals+,0.00,0.00,292332.42,0.00,19556685.41,2
SP5-08235,ok,goals+,0.00,0.00,337254.57,361048.44,3362038.38,2
SP5-08236,deficit,none,0.00,0.00,0.00,0.00,237235.79,5
SP5-08237,ok,reserve,8938.56,0.00,0.00,0.00,0.00,4
SP5-08238,ok,goals+,0.00,0.00,3128.24,0.00,146231.93,3
SP5-08239,ok,none,0.00,0.00,0.00,0.00,0.00,2
SP5-08240,ok,reserve,76143.60,0.00,0.00,0.00,0.00,4
SP5-08241,ok,reserve,22626.45,761.47,0.00,0.00,0.00,4
SP5-08242,deficit,none,0.00,0.00,0.00,0.00,428984.15,5
SP5-08243,ok,goals+,0.00,0.00,0.00,12226.95,869594.71,3
SP5-08244,ok,reserve,15305.12,0.00,0.00,0.00,0.00,5
SP5-08245,ok,reserve,9350.82,0.00,0.00,0.00,0.00,4
SP5-08246,ok,reserve,33990.14,0.00,0.00,0.00,0.00,4
SP5-08247,deficit,none,0.00,0.00,0.00,0.00,0.00,4
SP5-08248,ok,reserve,2448.15,1632.10,0.00,0.00,0.00,2
SP5-08249,ok,debt,814.20,1899.79,0.00,0.00,5607.10,3
SP5-08250,deficit,none,0.00,0.00,0.00,0.00,0.00,4
SP5-08251,invalid,none,0.00,0.00,0.00,0.00,0.00,5
SP5-08252,deficit,none,0.00,0.00,0.00,0.00,714806.18,5
SP5-08253,ok,goals+,1796.28,0.00,2319.55,0.00,0.00,2
SP5-08254,ok,reserve,10816.79,0.00,0.00,0.00,0.00,5
SP5-08255,deficit,none,0.00,0.00,0.00,0.00,0.00,4
SP5-08256,ok,debt,0.00,38814.24,2042.85,0.00,81250.02,3
SP5-08257,ok,reserve,1.00,0.00,0.00,0.00,0.00,3
SP5-08258,invalid,none,0.00,0.00,0.00,0.00,0.00,5
SP5-08259,ok,debt,5096.11,11890.92,894.05,0.00,35643.59,3
SP5-08260,ok,reserve,22057.17,0.00,0.00,0.00,0.00,3
SP5-08261,ok,reserve,5294.11,12.21,0.00,0.00,0.00,5
SP5-08262,ok,debt,0.00,36635.89,0.00,0.00,1047855.62,3
SP5-08263,deficit,none,0.00,0.00,0.00,0.00,308212.55,5
SP5-08264,ok,reserve,18146.24,0.00,0.00,0.00,0.00,5
SP5-08265,ok,reserve,3495.56,0.00,0.00,0.00,0.00,5
SP5-08266,ok,debt,5833.09,13610.54,0.00,0.00,0.00,3
SP5-08267,ok,goals+,0.00,0.00,6044.14,5855.71,297675.24,3
SP5-08268,ok,goals+,0.00,0.00,476091.77,456700.06,10826467.06,2
SP5-08269,ok,goals+,0.00,0.00,2261.01,0.00,248074.33,3
SP5-08270,deficit,none,0.00,0.00,0.00,0.00,4515416.94,5
SP5-08271,ok,reserve,26875.64,0.00,0.00,0.00,0.00,4
SP5-08272,ok,reserve,2004.62,0.00,0.00,0.00,0.00,4
SP5-08273,ok,goals+,0.00,0.00,0.00,3308109.63,31886693.93,2
SP5-08274,ok,goals+,6992.72,0.00,93019.49,0.00,0.00,4
SP5-08275,ok,goals+,0.00,0.00,1230740.69,211781.72,23195811.60,2
SP5-08276,ok,reserve,1434.56,956.38,0.00,0.00,0.00,2
SP5-08277,ok,reserve,43647.79,0.00,0.00,0.00,0.00,3
SP5-08278,deficit,none,0.00,0.00,0.00,0.00,114007.36,5
SP5-08279,ok,reserve,21103.62,0.00,0.00,0.00,0.00,4
SP5-08280,ok,goals+,0.00,0.00,0.00,451303.92,6054626.68,2
SP5-08281,deficit,none,0.00,0.00,0.00,0.00,922674.88,5
SP5-08282,ok,debt,3439.00,5158.51,0.00,0.00,10522.23,2
SP5-08283,ok,goals+,0.00,0.00,28497.17,0.00,514842.53,3
SP5-08284,ok,none,0.00,0.00,0.00,0.00,0.00,5
SP5-08285,ok,goals+,0.00,0.00,1153835.45,539819.22,38466187.54,2
SP5-08286,ok,debt,0.00,1457176.44,0.00,0.00,355107.23,2
SP5-08287,ok,reserve,42063.86,0.00,0.00,0.00,0.00,3
SP5-08288,deficit,none,0.00,0.00,0.00,0.00,61581.72,5
SP5-08289,ok,debt,0.00,3007.26,158.28,0.00,40988.07,3
SP5-08290,ok,goals+,0.00,0.00,0.00,5108.37,1866109.88,3
SP5-08291,ok,debt,5833.09,13610.54,0.00,0.00,0.00,3
SP5-08292,ok,goals+,4608.16,6912.24,11324.38,0.00,23250.28,1
SP5-08293,ok,reserve,12804.58,0.00,0.00,0.00,0.00,5
SP5-08294,ok,goals+,0.00,0.00,12059.96,0.00,0.00,2
SP5-08295,ok,reserve,11183.03,0.00,203.11,0.00,0.00,5
SP5-08296,ok,goals+,0.00,0.00,2235227.67,1372843.69,12147688.21,2
SP5-08297,ok,reserve,2495.35,1663.57,0.00,0.00,0.00,2
SP5-08298,ok,goals+,0.00,0.00,2921071.06,1561939.75,71485725.13,2
SP5-08299,ok,none,0.00,0.00,0.00,0.00,0.00,2
SP5-08300,ok,debt,0.00,31291.98,0.00,0.00,139679.37,3
SP5-08301,ok,reserve,9387.68,0.00,0.00,0.00,0.00,5
SP5-08302,ok,goals+,0.00,0.00,1085363.53,298182.08,1497410.23,2
SP5-08303,deficit,none,0.00,0.00,0.00,0.00,0.00,4
SP5-08304,ok,reserve,10817.73,0.00,0.00,0.00,0.00,5
SP5-08305,ok,goals+,0.00,0.00,35493.94,51047.40,909104.90,3
SP5-08306,deficit,none,0.00,0.00,0.00,0.00,0.00,4
SP5-08307,ok,goals+,0.00,0.00,18061.27,4302.76,122146.04,3
SP5-08308,ok,goals+,0.00,0.00,4607.86,0.00,322925.08,3
SP5-08309,ok,debt,0.00,1797804.71,0.00,0.00,833528.09,2
SP5-08310,ok,goals+,0.00,0.00,19125.98,7106.09,11931.21,3
SP5-08311,ok,goals+,1351.55,3153.63,21176.92,0.00,0.00,2
SP5-08312,ok,reserve,24787.45,0.00,0.00,0.00,0.00,5
SP5-08313,ok,debt,18557.78,43301.49,0.00,0.00,0.00,4
SP5-08314,ok,reserve,37627.22,25084.82,0.00,0.00,0.00,2
SP5-08315,ok,goals+,0.00,0.00,202705.00,103930.61,1203576.55,3
SP5-08316,ok,reserve,19803.24,0.00,0.00,0.00,0.00,5
SP5-08317,ok,debt,2735.40,6382.59,0.00,0.00,0.00,3
SP5-08318,ok,debt,572.66,1336.21,0.00,0.00,9016.14,4
SP5-08319,ok,goals+,0.00,0.00,7507.78,39804.76,201921.14,3
SP5-08320,deficit,none,0.00,0.00,0.00,0.00,212054.02,5
SP5-08321,ok,goals+,0.00,0.00,6161.98,0.00,0.00,2
SP5-08322,ok,reserve,11816.74,7877.82,0.00,0.00,0.00,2
SP5-08323,ok,reserve,3832.15,0.00,0.00,0.00,68227.41,3
SP5-08324,ok,goals+,0.00,0.00,17928.78,49798.42,161868.98,3
SP5-08325,invalid,none,0.00,0.00,0.00,0.00,0.00,5
SP5-08326,deficit,none,0.00,0.00,0.00,0.00,0.00,4
SP5-08311,ok,reserve,50652.17,0.00,0.00,0.00,0.00,3
SP5-08328,ok,goals+,0.00,0.00,1315520.43,0.00,27657391.87,2
SP5-08329,ok,goals+,0.00,0.00,54016.29,0.00,22372.77,2
SP5-08330,ok,none,0.00,0.00,0.00,0.00,0.00,5
SP5-08331,deficit,none,0.00,0.00,0.00,0.00,0.00,4
SP5-08332,ok,debt,0.00,10604.52,0.00,0.00,86174.09,3
SP5-08333,deficit,none,0.00,0.00,0.00,0.00,45693550.61,5
SP5-08334,deficit,none,0.00,0.00,0.00,0.00,51486.52,5
SP5-08335,ok,goals+,0.00,0.00,10194.78,1624.44,378852.80,3
SP5-08336,ok,goals+,0.00,0.00,3183969.89,0.00,26626974.23,2
SP5-08337,ok,reserve,9893.22,6595.48,867.83,0.00,0.00,2
SP5-08338,deficit,none,0.00,0.00,0.00,0.00,0.00,4
SP5-08339,ok,debt,18557.78,43301.49,0.00,0.00,0.00,4
SP5-08340,ok,reserve,4331.29,2887.52,379.94,0.00,0.00,2
SP5-08341,ok,reserve,9303.11,0.00,0.00,0.00,0.00,4
SP5-08342,ok,reserve,41258.20,0.00,0.00,0.00,0.00,3
SP5-08343,ok,reserve,34384.22,0.00,0.00,0.00,0.00,3
SP5-08344,invalid,none,0.00,0.00,0.00,0.00,0.00,5
SP5-08345,deficit,none,0.00,0.00,0.00,0.00,1253936.27,5
SP5-08346,deficit,none,0.00,0.00,0.00,0.00,0.00,4
SP5-08347,ok,reserve,21703.10,1085.74,0.00,0.00,0.00,5
SP5-08348,ok,reserve,17715.14,11810.10,0.00,0.00,0.00,2
SP5-08349,invalid,none,0.00,0.00,0.00,0.00,0.00,5
SP5-08350,ok,goals+,0.00,0.00,438014.14,0.00,40106378.80,2
SP5-08351,invalid,none,0.00,0.00,0.00,0.00,0.00,5
SP5-08352,deficit,none,0.00,0.00,0.00,0.00,113126799.26,5
SP5-08353,ok,reserve,13757.86,7935.21,0.00,0.00,0.00,5
SP5-08354,ok,goals+,3021.44,0.00,5130.17,0.00,0.00,2
SP5-08355,ok,goals+,0.00,0.00,301573774.27,0.00,3545053102.88,2
SP5-08356,ok,reserve,9303.11,0.00,0.00,0.00,0.00,4
SP5-08357,ok,reserve,16889.07,743.44,928.03,0.00,0.00,5
SP5-08358,ok,debt,660580.64,4948686.16,0.00,0.00,0.00,2
SP5-08359,ok,reserve,18736.73,0.00,0.00,0.00,0.00,5
SP5-08360,ok,reserve,108.43,0.00,0.00,0.00,0.00,3
SP5-08361,ok,reserve,15633.09,0.00,0.00,0.00,0.00,5
SP5-08362,invalid,none,0.00,0.00,0.00,0.00,0.00,5
SP5-08363,ok,goals+,0.00,0.00,5170.30,0.00,1656137.70,3
SP5-08364,deficit,none,0.00,0.00,0.00,0.00,0.00,4
SP5-08365,ok,debt,0.00,36044.04,1897.06,0.00,192264.45,3
SP5-08366,ok,goals+,0.00,0.00,2591970.41,0.00,17962838.61,2
SP5-08367,ok,goals+,0.00,0.00,4270.16,0.00,658269.62,3
SP5-08368,ok,reserve,5333.27,0.00,0.00,0.00,0.00,3
SP5-08369,ok,reserve,15344.80,10229.87,0.00,0.00,0.00,2
SP5-08370,ok,goals+,0.00,0.00,19408.76,3826.15,50445.01,3
SP5-08371,deficit,none,0.00,0.00,0.00,0.00,41249.08,5
SP5-08372,ok,reserve,5443.48,0.00,0.00,0.00,0.00,4
SP5-08373,ok,reserve,4941.59,3294.39,0.00,0.00,0.00,2
SP5-08374,deficit,none,0.00,0.00,0.00,0.00,0.00,4
SP5-08375,deficit,none,0.00,0.00,0.00,0.00,0.00,4
SP5-08376,ok,debt,11571.98,17357.96,0.00,0.00,54169.81,2
SP5-08377,ok,reserve,5951.18,0.00,0.00,0.00,0.00,4
SP5-08378,ok,goals+,0.00,0.00,125323.73,7991.87,21432599.01,2
SP5-08379,ok,debt,0.00,23135.76,0.00,0.00,70358.10,3
SP5-08380,ok,reserve,11513.27,0.00,0.00,0.00,0.00,3
SP5-08381,ok,debt,26027.63,60731.14,0.00,0.00,0.00,4
SP5-08382,ok,reserve,9964.49,0.00,0.00,0.00,0.00,4
SP5-08383,ok,reserve,1055.38,703.59,0.00,0.00,0.00,2
SP5-08384,deficit,none,0.00,0.00,0.00,0.00,0.00,4
SP5-08385,ok,goals+,0.00,0.00,1487499.74,0.00,37938238.31,2
SP5-08386,ok,goals+,0.00,0.00,1439559.11,1198085.06,23603999.00,2
SP5-08387,deficit,none,0.00,0.00,0.00,0.00,0.00,4
SP5-08388,deficit,none,0.00,0.00,0.00,0.00,4489633.38,5
SP5-08389,ok,debt,0.00,34145.96,0.00,0.00,27740.00,3
SP5-08390,deficit,none,0.00,0.00,0.00,0.00,0.00,4
SP5-08391,deficit,none,0.00,0.00,0.00,0.00,305731.38,5
SP5-08392,invalid,none,0.00,0.00,0.00,0.00,0.00,5
SP5-08393,ok,reserve,95823.24,0.00,0.00,0.00,0.00,5
SP5-08394,deficit,none,0.00,0.00,0.00,0.00,10468987.57,5
SP5-08395,deficit,none,0.00,0.00,0.00,0.00,0.00,4
SP5-08396,deficit,none,0.00,0.00,0.00,0.00,316474.45,5
SP5-08397,deficit,none,0.00,0.00,0.00,0.00,6880075.04,5
SP5-08398,deficit,none,0.00,0.00,0.00,0.00,0.00,4
SP5-08399,ok,goals+,0.00,0.00,754095528.52,5082995.42,10000000.00,2
SP5-08400,deficit,none,0.00,0.00,0.00,0.00,22419657.74,5
SP5-08401,deficit,none,0.00,0.00,0.00,0.00,0.00,4
SP5-08402,deficit,none,0.00,0.00,0.00,0.00,1364313.56,5
SP5-08403,ok,goals+,0.00,0.00,10112.93,0.00,101677.86,2
SP5-08404,ok,reserve,5129.86,0.00,0.00,0.00,0.00,3
SP5-08405,ok,goals+,0.00,0.00,767627.01,38036.26,33898812.33,2
SP5-08406,ok,reserve,16906.36,0.00,0.00,0.00,0.00,5
SP5-08407,ok,reserve,7442.42,0.00,0.00,0.00,0.00,3
SP5-08408,ok,reserve,110240.73,0.00,0.00,0.00,0.00,4
SP5-08409,deficit,none,0.00,0.00,0.00,0.00,766823.27,5
SP5-08410,ok,goals+,0.00,0.00,103280.39,0.00,0.00,2
SP5-08411,deficit,none,0.00,0.00,0.00,0.00,154812.39,5
SP5-08412,ok,reserve,16511.40,4652.66,0.00,0.00,0.00,5
SP5-08413,ok,debt,0.00,391.52,0.00,0.00,19590.03,3
SP5-08414,ok,reserve,22140.61,0.00,0.00,0.00,0.00,3
SP5-08415,invalid,none,0.00,0.00,0.00,0.00,0.00,5
SP5-08416,ok,goals+,0.00,0.00,1671389.81,1650586.84,30203283.97,2
SP5-08417,ok,goals+,0.00,0.00,9766.54,16301.73,2631056.48,3
SP5-08418,ok,reserve,144163.51,0.00,0.00,0.00,0.00,4
SP5-08419,ok,goals+,0.00,0.00,1412573.10,0.00,4909983.62,2
SP5-08420,ok,debt,12352.78,28823.15,0.00,0.00,0.00,3
SP5-08421,ok,goals+,0.00,0.00,25576.34,5431.02,28109.17,4
SP5-08422,ok,reserve,12975.15,8650.10,0.00,0.00,0.00,2
SP5-08423,ok,debt,1576283.95,4363949.98,0.00,0.00,0.00,2
SP5-08424,ok,debt,0.00,3957.04,0.00,0.00,18628.99,3
SP5-08425,ok,reserve,71913.54,0.00,0.00,0.00,0.00,3
SP5-08426,ok,goals+,0.00,0.00,249857.52,221737.05,2948787.45,2
SP5-08427,ok,reserve,9520.57,0.00,0.00,0.00,48115.60,4
SP5-08428,deficit,none,0.00,0.00,0.00,0.00,5633175.49,5
SP5-08429,deficit,none,0.00,0.00,0.00,0.00,519657.64,5
SP5-08430,ok,goals+,0.00,0.00,147761.39,23554.02,0.00,3
SP5-08431,ok,debt,0.00,3618542.38,0.00,0.00,459626.96,2
SP5-08432,ok,reserve,12859.67,0.00,0.00,0.00,0.00,3
SP5-08433,ok,debt,0.00,13214.59,0.00,0.00,10356.74,3
SP5-08434,deficit,none,0.00,0.00,0.00,0.00,0.00,4
SP5-08435,deficit,none,0.00,0.00,0.00,0.00,0.00,4
SP5-08436,ok,goals+,0.00,0.00,12986.10,0.00,7695232.77,3
SP5-08437,ok,debt,3422.99,7986.96,0.00,0.00,0.00,3
SP5-08438,deficit,none,0.00,0.00,0.00,0.00,48543.96,5
SP5-08439,ok,goals+,0.00,0.00,2425265.07,206187.19,0.00,2
SP5-08440,ok,goals+,0.00,0.00,112831.26,0.00,0.00,2
SP5-08441,ok,reserve,108374.61,0.00,0.00,0.00,0.00,4
SP5-08442,ok,reserve,16269.67,0.00,0.00,0.00,0.00,4
SP5-08443,deficit,none,0.00,0.00,0.00,0.00,12027.18,5
SP5-08444,deficit,none,0.00,0.00,0.00,0.00,17479.92,5
SP5-08445,ok,debt,7406.50,11109.74,0.00,0.00,5312.53,2
SP5-08446,ok,none,0.00,0.00,0.00,0.00,0.00,2
SP5-08447,ok,debt,9051.29,21119.66,0.00,0.00,0.00,3
SP5-08448,ok,reserve,2873.98,1915.99,2261.83,0.00,0.00,2
SP5-08449,ok,reserve,31866.23,21244.16,0.00,0.00,0.00,2
SP5-08450,ok,goals+,0.00,0.00,0.00,19989.56,288555.19,3
SP5-08451,ok,goals+,0.00,0.00,36011.18,47575.72,201621.09,3
SP5-08452,ok,reserve,24578.27,16385.52,2155.99,0.00,0.00,2
SP5-08453,ok,reserve,3310.17,0.00,0.00,0.00,0.00,5
SP5-08454,deficit,none,0.00,0.00,0.00,0.00,0.00,4
SP5-08438,ok,goals+,0.00,0.00,53139.47,57484.53,64012.90,3
SP5-08456,ok,debt,3337.38,7787.22,0.00,0.00,0.00,4
SP5-08457,ok,goals+,0.00,0.00,37827.14,37827.15,708374.61,3
SP5-08458,ok,reserve,40679.67,0.00,0.00,0.00,0.00,5
SP5-08459,ok,reserve,24699.24,0.00,0.00,0.00,0.00,4
SP5-08460,invalid,none,0.00,0.00,0.00,0.00,0.00,5
SP5-08461,ok,goals+,0.00,0.00,1375248.79,711988.74,2021809.42,2
SP5-08462,deficit,none,0.00,0.00,0.00,0.00,0.00,4
SP5-08463,ok,debt,13091.11,19636.67,0.00,0.00,47650.20,2
SP5-08464,deficit,none,0.00,0.00,0.00,0.00,0.00,4
SP5-08465,ok,reserve,1625.77,1083.85,0.00,0.00,0.00,2
SP5-08466,deficit,none,0.00,0.00,0.00,0.00,0.00,4
SP5-08467,ok,reserve,3655.05,0.00,0.00,0.00,0.00,5
SP5-08468,ok,goals+,0.00,0.00,0.00,36138.78,15915.58,5
SP5-08469,deficit,none,0.00,0.00,0.00,0.00,0.00,4
SP5-08470,ok,goals+,0.00,0.00,37335.27,49211.47,736559.20,3
SP5-08471,ok,reserve,1507.25,1004.83,0.00,0.00,0.00,2
SP5-08472,ok,debt,0.00,772607.33,0.00,0.00,173501.98,2
SP5-08473,ok,debt,0.00,391.52,0.00,0.00,22060.22,3
SP5-08474,ok,goals+,0.00,0.00,1838.11,1235.35,9835.17,3
SP5-08475,ok,goals+,0.00,0.00,5903.55,6771.79,86769.73,3
SP5-08476,ok,reserve,9463.22,0.00,0.00,0.00,0.00,4
SP5-08477,deficit,none,0.00,0.00,0.00,0.00,0.00,4
SP5-08478,ok,debt,0.00,20214.87,0.00,0.00,21156.04,3
SP5-08479,deficit,none,0.00,0.00,0.00,0.00,0.00,4
SP5-08480,deficit,none,0.00,0.00,0.00,0.00,0.00,4
SP5-08481,ok,debt,0.00,35708.58,0.00,0.00,24948.79,3
SP5-08482,ok,reserve,22989.49,0.00,0.00,0.00,28231.16,4
SP5-08483,deficit,none,0.00,0.00,0.00,0.00,366095.07,5
SP5-08484,deficit,none,0.00,0.00,0.00,0.00,53550343.07,5
SP5-08485,ok,goals+,0.00,0.00,4584.14,0.00,0.00,2
SP5-08486,ok,reserve,7726.76,5151.18,0.00,0.00,0.00,2
SP5-08487,ok,goals+,0.00,0.00,867144217.02,361175677.35,6484064985.00,2
SP5-08488,ok,reserve,6281.25,0.00,0.00,0.00,0.00,5
SP5-08489,deficit,none,0.00,0.00,0.00,0.00,0.00,4
SP5-08490,invalid,none,0.00,0.00,0.00,0.00,0.00,5
SP5-08491,ok,reserve,302470.40,0.00,0.00,0.00,0.00,5
SP5-08492,ok,goals+,0.00,0.00,21540.71,0.00,0.00,2
SP5-08493,ok,reserve,18438.16,0.00,0.00,0.00,0.00,5
SP5-08494,ok,debt,1201.68,1802.51,0.00,0.00,24223.13,2
SP5-08495,ok,debt,0.00,667879.25,0.00,0.00,53045.19,2
SP5-08496,deficit,none,0.00,0.00,0.00,0.00,6453.24,5
SP5-08497,ok,debt,0.00,1481822.12,0.00,0.00,2918715.52,2
SP5-08498,ok,reserve,8814.50,0.00,0.00,0.00,0.00,4
SP5-08499,deficit,none,0.00,0.00,0.00,0.00,128476335.23,5
SP5-08500,ok,reserve,12214.21,0.00,0.00,0.00,0.00,5
SP5-08501,ok,reserve,64104.65,42736.43,0.00,0.00,0.00,2
SP5-08480,deficit,none,0.00,0.00,0.00,0.00,0.00,4
SP5-08503,ok,goals+,0.00,0.00,0.00,30880.75,103113.40,5
SP5-08504,ok,goals+,0.00,0.00,15759.39,0.00,392518.89,3
SP5-08505,ok,reserve,14318.14,9545.42,0.00,0.00,10913.30,2
SP5-08506,ok,reserve,8499.46,0.00,0.00,0.00,0.00,5
SP5-08507,ok,none,0.00,0.00,0.00,0.00,0.00,2
SP5-08508,deficit,none,0.00,0.00,0.00,0.00,375617.00,5
SP5-08509,ok,goals+,0.00,0.00,13508.87,43338.37,107091.27,4
SP5-08510,deficit,none,0.00,0.00,0.00,0.00,0.00,4
SP5-08511,ok,reserve,1738.52,1159.02,0.00,0.00,0.00,2
SP5-08512,ok,debt,0.00,1623.99,0.00,0.00,79645.00,3
SP5-08513,ok,reserve,28530.81,0.00,0.00,0.00,0.00,3
SP5-08514,deficit,none,0.00,0.00,0.00,0.00,5031502.48,5
SP5-08515,invalid,none,0.00,0.00,0.00,0.00,0.00,5
SP5-08516,ok,reserve,9025.96,0.00,0.00,0.00,0.00,4
SP5-08517,ok,reserve,38288.18,0.00,0.00,0.00,0.00,4
SP5-08518,ok,goals+,775813.03,0.00,685094.45,179030.40,0.00,2
SP5-08519,ok,debt,38633.82,90145.58,0.00,0.00,0.00,2
SP5-08520,deficit,none,0.00,0.00,0.00,0.00,0.00,4
SP5-08521,ok,reserve,3760.76,0.00,0.00,0.00,0.00,5
SP5-08522,ok,debt,436005.10,2856013.44,0.00,0.00,0.00,2
SP5-08523,ok,goals+,0.00,0.00,40265.21,0.00,296318.72,3
SP5-08524,ok,debt,5082.93,7624.40,0.00,0.00,68458.66,2
SP5-08525,ok,reserve,17420.95,0.00,0.00,0.00,0.00,3
SP5-08526,ok,goals+,63837.16,0.00,208821.30,0.00,0.00,5
SP5-08527,ok,reserve,30351.64,0.00,0.00,0.00,0.00,5
SP5-08528,ok,reserve,4805.41,3203.61,0.00,0.00,97176.87,2
SP5-08529,deficit,none,0.00,0.00,0.00,0.00,0.00,4
SP5-08530,ok,goals+,0.00,0.00,676591090.52,86902938.68,10000000.00,2
SP5-08531,ok,goals+,0.00,0.00,619.33,0.00,0.00,2
SP5-08532,ok,reserve,45547.43,0.00,0.00,0.00,0.00,3
SP5-08533,ok,reserve,1113.67,0.00,0.00,0.00,0.00,3
SP5-08534,ok,reserve,4896.10,0.00,0.00,0.00,0.00,5
SP5-08535,ok,reserve,25298.08,16865.38,2219.13,0.00,0.00,2
SP5-08536,ok,reserve,4089.67,0.00,0.00,0.00,0.00,3
SP5-08537,ok,reserve,24298.24,0.00,0.00,0.00,0.00,3
SP5-08538,deficit,none,0.00,0.00,0.00,0.00,747437.56,5
SP5-08539,ok,reserve,61183.33,0.00,0.00,0.00,0.00,5
SP5-08540,ok,reserve,1231.49,820.99,0.00,0.00,0.00,2
SP5-08541,ok,debt,0.00,16518.07,869.37,0.00,239909.11,3
SP5-08542,ok,debt,2071.22,3106.83,0.00,0.00,55308.83,2
SP5-08543,ok,reserve,1786.79,0.00,0.00,0.00,0.00,1
SP5-08544,ok,goals+,27949.48,0.00,15800.59,12301.32,0.00,3
SP5-08545,ok,goals+,0.00,0.00,1373.23,1765.16,112408.38,3
SP5-08546,ok,reserve,7079.04,0.00,0.00,0.00,0.00,5
SP5-08547,deficit,none,0.00,0.00,0.00,0.00,1575154.95,5
SP5-08548,invalid,none,0.00,0.00,0.00,0.00,0.00,5
SP5-08549,deficit,none,0.00,0.00,0.00,0.00,0.00,4
SP5-08550,ok,debt,0.00,9750.69,513.19,0.00,353743.33,3
SP5-08551,ok,reserve,10932.58,0.00,0.00,0.00,0.00,4
SP5-08552,ok,goals+,0.00,0.00,1028429.72,140170.14,1974079.28,2
SP5-08553,ok,reserve,6697.63,4465.08,0.00,0.00,63062.59,2
SP5-08554,ok,debt,4103.82,9575.59,0.00,0.00,0.00,3
SP5-08555,ok,debt,2268.66,3403.00,0.00,0.00,55308.83,2
SP5-08556,ok,goals+,0.00,0.00,4166.51,551.27,0.00,4
SP5-08557,ok,debt,15893.94,37085.86,0.00,0.00,0.00,4
SP5-08558,ok,debt,0.00,31876.91,0.00,0.00,391333.28,3
SP5-08559,ok,reserve,28307.86,0.00,0.00,0.00,0.00,5
SP5-08559,deficit,none,0.00,0.00,0.00,0.00,0.00,4
SP5-08561,ok,reserve,36412.48,24274.99,3194.08,0.00,0.00,2
SP5-08562,ok,reserve,4384.40,0.00,0.00,0.00,0.00,5
SP5-08563,ok,reserve,4384.40,0.00,0.00,0.00,0.00,5
SP5-08564,ok,reserve,7004.03,4669.36,0.00,0.00,0.00,2
SP5-08565,ok,goals+,7387.83,17238.28,17349.12,0.00,0.00,2
SP5-08566,ok,reserve,32298.47,0.00,0.00,0.00,0.00,4
SP5-08567,deficit,none,0.00,0.00,0.00,0.00,9721134.04,5
SP5-08568,ok,reserve,1906.55,0.00,0.00,0.00,0.00,4
SP5-08569,ok,reserve,6679.30,0.00,0.00,0.00,12559.79,4
SP5-08570,ok,debt,556.85,1299.33,0.00,0.00,0.00,3
SP5-08571,deficit,none,0.00,0.00,0.00,0.00,0.00,4
SP5-08572,ok,goals+,0.00,0.00,19328.05,8254.07,3135742.22,3
SP5-08573,deficit,none,0.00,0.00,0.00,0.00,10328624.19,5
SP5-08574,ok,debt,3744.95,8738.20,0.00,0.00,0.00,3
SP5-08575,ok,reserve,7004.03,4669.36,0.00,0.00,0.00,2
SP5-08576,ok,debt,14673.22,22009.82,0.00,0.00,14206.75,2
SP5-08577,deficit,none,0.00,0.00,0.00,0.00,121889899.42,5
SP5-08578,ok,reserve,11643.20,7762.13,0.00,0.00,0.00,2
SP5-08579,deficit,none,0.00,0.00,0.00,0.00,0.00,4
SP5-08580,ok,goals+,0.00,0.00,8029.71,0.00,354847.44,3
SP5-08581,ok,goals+,0.00,0.00,0.00,4740.01,730490.67,3
SP5-08582,deficit,none,0.00,0.00,0.00,0.00,12754632.77,5
SP5-08583,deficit,none,0.00,0.00,0.00,0.00,526808.55,5
SP5-08584,ok,debt,0.00,48884.19,0.00,0.00,93747.87,3
SP5-08585,ok,reserve,46547.33,31031.55,0.00,0.00,0.00,2
SP5-08586,ok,goals+,0.00,0.00,1823174.16,2047398.33,20319157.74,2
SP5-08587,ok,goals+,0.00,0.00,939069.90,1118050.09,5407977.21,2
SP5-08588,ok,debt,516.12,774.18,0.00,0.00,25461.90,2
SP5-08589,ok,goals+,0.00,0.00,27757.63,13449.78,4301119.00,3
SP5-08590,deficit,none,0.00,0.00,0.00,0.00,0.00,4
SP5-08591,ok,debt,516.12,774.18,0.00,0.00,25461.90,2
SP5-08592,ok,reserve,4694.40,0.00,0.00,0.00,0.00,3
SP5-08593,deficit,none,0.00,0.00,0.00,0.00,0.00,4
SP5-08594,ok,goals+,0.00,0.00,9493.96,11561.36,5303012.45,3
SP5-08595,ok,reserve,8254.79,0.00,0.00,0.00,0.00,5
SP5-08596,ok,debt,0.00,404213.31,0.00,0.00,4887328.19,2
SP5-08597,deficit,none,0.00,0.00,0.00,0.00,0.00,4
SP5-08598,ok,reserve,16800.93,0.00,0.00,0.00,0.00,4
SP5-08599,deficit,none,0.00,0.00,0.00,0.00,20986.60,5
SP5-08600,deficit,none,0.00,0.00,0.00,0.00,0.00,4
SP5-08601,ok,reserve,36398.22,0.00,0.00,0.00,0.00,3
SP5-08602,deficit,none,0.00,0.00,0.00,0.00,0.00,4
SP5-08603,deficit,none,0.00,0.00,0.00,0.00,708047.94,5
SP5-08604,invalid,none,0.00,0.00,0.00,0.00,0.00,5
SP5-08605,ok,debt,0.00,4481218.94,0.00,0.00,2713436.87,2
SP5-08606,deficit,none,0.00,0.00,0.00,0.00,0.00,4
SP5-08607,ok,reserve,4694.40,0.00,0.00,0.00,0.00,3
SP5-08608,deficit,none,0.00,0.00,0.00,0.00,0.00,4
SP5-08609,ok,reserve,42539.85,0.00,0.00,0.00,0.00,5
SP5-08610,ok,reserve,6514.57,0.00,0.00,0.00,0.00,5
SP5-08611,deficit,none,0.00,0.00,0.00,0.00,152618234.12,5
SP5-08612,ok,reserve,13068.33,0.00,0.00,0.00,0.00,5
SP5-08613,deficit,none,0.00,0.00,0.00,0.00,6537108.36,5
SP5-08614,ok,reserve,2176.36,1450.91,190.91,0.00,0.00,2
SP5-08615,deficit,none,0.00,0.00,0.00,0.00,146585998.34,5
SP5-08616,deficit,none,0.00,0.00,0.00,0.00,0.00,4
SP5-08617,invalid,none,0.00,0.00,0.00,0.00,0.00,5
SP5-08618,ok,goals+,0.00,0.00,1586224.99,2555503.38,10274899.67,2
SP5-08619,ok,debt,2898.80,6763.85,0.00,0.00,0.00,3
SP5-08620,ok,goals+,0.00,0.00,0.00,17626.65,13752.84,5
SP5-08621,deficit,none,0.00,0.00,0.00,0.00,1479808.34,5
SP5-08622,ok,goals+,449.52,0.00,601.21,0.00,0.00,3
SP5-08623,ok,reserve,9414.25,6276.16,0.00,0.00,0.00,2
SP5-08624,deficit,none,0.00,0.00,0.00,0.00,1273128.14,5
SP5-08625,invalid,none,0.00,0.00,0.00,0.00,0.00,5
SP5-08626,ok,goals+,0.00,0.00,283579.83,0.00,23028983.07,2
SP5-08627,ok,none,0.00,0.00,0.00,0.00,0.00,5
SP5-08628,ok,debt,307936.04,1293893.19,0.00,0.00,0.00,2
SP5-08629,ok,reserve,26775.08,0.00,0.00,0.00,0.00,4
SP5-08630,ok,goals+,0.00,0.00,1959.31,0.00,35686.51,3
SP5-08631,ok,goals+,0.00,0.00,2859735.89,166916.23,0.00,2
SP5-08632,invalid,none,0.00,0.00,0.00,0.00,0.00,5
SP5-08633,ok,goals+,0.00,0.00,39658.30,0.00,0.00,1
SP5-08634,ok,reserve,7157.84,4771.89,0.00,0.00,0.00,2
SP5-08635,invalid,none,0.00,0.00,0.00,0.00,0.00,5
SP5-08636,ok,goals+,638.95,0.00,15148.69,0.00,0.00,2
SP5-08637,ok,debt,602955.26,1406895.60,105781.62,0.00,0.00,2
SP5-08638,ok,reserve,4610.81,0.00,0.00,0.00,0.00,5
SP5-08639,invalid,none,0.00,0.00,0.00,0.00,0.00,5
SP5-08640,ok,debt,133277.68,310981.25,0.00,0.00,0.00,2
SP5-08641,ok,goals+,0.00,0.00,1001237.74,153570.09,6819860.18,2
SP5-08642,ok,reserve,1093.88,0.00,0.00,0.00,0.00,5
SP5-08643,ok,reserve,6902.67,0.00,0.00,0.00,0.00,3
SP5-08644,deficit,none,0.00,0.00,0.00,0.00,0.00,4
SP5-08645,ok,reserve,22542.35,0.00,0.00,0.00,0.00,3
SP5-08646,ok,debt,552723.73,1665553.34,33900.38,0.00,0.00,2
SP5-08647,deficit,none,0.00,0.00,0.00,0.00,5454632.69,5
SP5-08648,ok,reserve,6560.11,0.00,0.00,0.00,0.00,3
SP5-08649,ok,debt,9177.54,13766.30,0.00,0.00,50105.79,2
SP5-08650,ok,debt,0.00,12767.40,0.00,0.00,4079732.51,2
SP5-08651,ok,goals+,0.00,0.00,42932.91,0.00,605774.28,3
SP5-08652,deficit,none,0.00,0.00,0.00,0.00,1629576.83,5
SP5-08653,deficit,none,0.00,0.00,0.00,0.00,0.00,4
SP5-08654,deficit,none,0.00,0.00,0.00,0.00,0.00,4
SP5-08655,ok,goals+,0.00,0.00,43068.80,83366.75,11122196.95,2
SP5-08656,ok,goals+,449.52,0.00,601.21,0.00,0.00,3
SP5-08657,deficit,none,0.00,0.00,0.00,0.00,0.00,4
SP5-08658,ok,goals+,0.00,0.00,16164.83,13936.38,193441.32,3
SP5-08659,deficit,none,0.00,0.00,0.00,0.00,34852655.79,5
SP5-08660,ok,goals+,0.00,0.00,71107.23,7630.98,21035512.71,2
SP5-08661,ok,reserve,1469.72,979.81,0.00,0.00,0.00,2
SP5-08662,ok,goals+,940.42,0.00,8323.94,0.00,0.00,2
SP5-08663,ok,none,0.00,0.00,0.00,0.00,0.00,5
SP5-08664,ok,reserve,55900.94,0.00,0.00,0.00,0.00,5
SP5-08665,ok,reserve,8996.13,2430.34,601.39,0.00,0.00,5
SP5-08666,ok,reserve,14697.18,9798.12,0.00,0.00,0.00,2
SP5-08667,deficit,none,0.00,0.00,0.00,0.00,546181.88,5
SP5-08668,ok,reserve,9571.87,6381.25,0.00,0.00,0.00,2
SP5-08669,ok,reserve,40660.55,0.00,0.00,0.00,0.00,4
SP5-08670,deficit,none,0.00,0.00,0.00,0.00,11126868.06,5
SP5-08671,ok,reserve,8357.62,5571.75,0.00,0.00,0.00,2
SP5-08672,ok,debt,13653.08,31857.17,0.00,0.00,0.00,3
SP5-08673,deficit,none,0.00,0.00,0.00,0.00,130627.92,5
SP5-08674,ok,goals+,2365.31,1576.87,2866.84,0.00,10235.13,1
SP5-08675,ok,goals+,0.00,0.00,282.69,0.00,1349663.69,3
SP5-08676,deficit,none,0.00,0.00,0.00,0.00,11643.13,5
SP5-08677,deficit,none,0.00,0.00,0.00,0.00,0.00,4
SP5-08678,ok,goals+,0.00,0.00,595077.03,80306.32,187837.47,2
SP5-08679,deficit,none,0.00,0.00,0.00,0.00,3281592.99,5
SP5-08680,invalid,none,0.00,0.00,0.00,0.00,0.00,5
SP5-08681,ok,goals+,0.00,0.00,1962174.23,477380.42,11378287.68,2
SP5-08682,ok,none,0.00,0.00,0.00,0.00,1532.67,2
SP5-08683,invalid,none,0.00,0.00,0.00,0.00,0.00,5
SP5-08684,ok,debt,375592.56,1996363.86,0.00,0.00,0.00,2
SP5-08685,ok,reserve,18926.32,0.00,0.00,0.00,0.00,4
SP5-08686,ok,goals+,0.00,0.00,1649669.74,855025.48,21016761.37,2
SP5-08687,deficit,none,0.00,0.00,0.00,0.00,361148.30,5
SP5-08688,ok,goals+,0.00,0.00,1586865.40,2922020.63,338015.85,2
SP5-08689,ok,debt,0.00,2917.98,0.00,0.00,8344.34,3
SP5-08690,deficit,none,0.00,0.00,0.00,0.00,0.00,4
SP5-08691,deficit,none,0.00,0.00,0.00,0.00,943630.84,5
SP5-08692,ok,reserve,103131.58,0.00,0.00,0.00,0.00,3
SP5-08693,ok,reserve,30676.50,0.00,0.00,0.00,0.00,3
SP5-08694,ok,goals+,0.00,0.00,2766.45,0.00,499168.21,3
SP5-08695,ok,debt,0.00,682135.37,0.00,0.00,1351606.12,2
SP5-08696,deficit,none,0.00,0.00,0.00,0.00,1332488.39,5
SP5-08697,ok,debt,663793.41,1548851.30,0.00,0.00,0.00,2
SP5-08698,deficit,none,0.00,0.00,0.00,0.00,0.00,4
SP5-08699,deficit,none,0.00,0.00,0.00,0.00,11601.26,5
SP5-08700,ok,reserve,5273.89,0.00,0.00,0.00,0.00,5
SP5-08701,ok,goals+,0.00,0.00,381622.05,586076.49,31821647.74,2
SP5-08702,ok,debt,16573.36,38671.17,0.00,0.00,0.00,2
SP5-08703,ok,debt,0.00,1379331.14,11685.61,0.00,1451085.85,2
SP5-08704,ok,reserve,21445.53,0.00,0.00,0.00,0.00,5
SP5-08705,deficit,none,0.00,0.00,0.00,0.00,0.00,4
SP5-08706,ok,reserve,15646.91,10431.28,0.00,0.00,7524.13,2
SP5-08707,deficit,none,0.00,0.00,0.00,0.00,190195.50,5
SP5-08708,deficit,none,0.00,0.00,0.00,0.00,562206.54,5
SP5-08709,invalid,none,0.00,0.00,0.00,0.00,0.00,5
SP5-08710,ok,reserve,169.82,0.00,0.00,0.00,0.00,5
SP5-08711,ok,goals+,0.00,0.00,0.00,14591.63,192611.04,5
SP5-08712,deficit,none,0.00,0.00,0.00,0.00,0.00,4
SP5-08713,ok,debt,0.00,15373.28,0.00,0.00,27029.38,3
SP5-08714,deficit,none,0.00,0.00,0.00,0.00,491617.08,5
SP5-08715,ok,goals+,0.00,0.00,7721.79,1481.61,32752.26,3
SP5-08716,invalid,none,0.00,0.00,0.00,0.00,0.00,5
SP5-08717,deficit,none,0.00,0.00,0.00,0.00,17895920.28,5
SP5-08718,ok,reserve,2788.25,0.00,0.00,0.00,0.00,4
SP5-08719,ok,reserve,4880.69,3253.80,0.00,0.00,0.00,2
SP5-08720,deficit,none,0.00,0.00,0.00,0.00,2119905.58,5
SP5-08721,deficit,none,0.00,0.00,0.00,0.00,0.00,4
SP5-08722,ok,goals+,6572.22,4021.50,18703.27,0.00,0.00,2
SP5-08723,ok,debt,0.00,13071.67,0.00,0.00,221487.08,3
SP5-08724,deficit,none,0.00,0.00,0.00,0.00,3107276.19,5
SP5-08725,ok,reserve,16378.93,0.00,0.00,0.00,0.00,4
SP5-08726,ok,goals+,553698.56,0.00,3885969.63,443290.95,0.00,2
SP5-08727,deficit,none,0.00,0.00,0.00,0.00,1279989.00,5
SP5-08728,ok,reserve,14614.78,0.00,0.00,0.00,0.00,5
SP5-08729,ok,debt,3692.76,8616.45,0.00,0.00,0.00,3
SP5-08730,ok,reserve,49075.25,0.00,0.00,0.00,0.00,4
SP5-08731,ok,goals+,0.00,0.00,12483.52,0.00,173590.44,3
SP5-08732,ok,reserve,6296.43,0.00,0.00,0.00,0.00,5
SP5-08733,deficit,none,0.00,0.00,0.00,0.00,0.00,4
SP5-08734,ok,debt,11501.66,26837.20,2017.83,0.00,0.00,3
SP5-08735,ok,goals+,0.00,0.00,508.60,0.00,56898.04,3
SP5-08736,ok,debt,4493.77,10485.45,0.00,0.00,0.00,3
SP5-08737,ok,debt,353659.26,1678407.78,0.00,0.00,0.00,2
SP5-08738,deficit,none,0.00,0.00,0.00,0.00,13644906.56,5
SP5-08739,deficit,none,0.00,0.00,0.00,0.00,0.00,4
SP5-08740,ok,reserve,5722.60,3815.06,0.00,0.00,0.00,2
SP5-08741,ok,reserve,14668.66,9779.11,0.00,0.00,0.00,2
SP5-08742,deficit,none,0.00,0.00,0.00,0.00,0.00,4
SP5-08743,ok,reserve,33397.17,13779.58,0.00,0.00,0.00,5
SP5-08744,ok,goals+,0.00,0.00,67696.96,30251.18,212644.96,2
SP5-08745,ok,reserve,39328.72,0.00,0.00,0.00,0.00,3
SP5-08746,ok,reserve,11050.38,0.00,0.00,0.00,0.00,3
SP5-08747,deficit,none,0.00,0.00,0.00,0.00,9078277.41,5
SP5-08748,ok,reserve,33602.43,0.00,29520.57,0.00,121616.98,3
SP5-08749,ok,debt,1997.67,4661.22,350.47,0.00,18797.84,3
SP5-08750,ok,reserve,11036.07,0.00,0.00,0.00,27373.97,4
SP5-08751,ok,debt,0.00,9581.02,0.00,0.00,149524.41,3
SP5-08752,ok,goals+,0.00,0.00,8943.17,0.00,0.00,2
SP5-08753,ok,debt,553509.19,1291521.45,0.00,0.00,0.00,2
SP5-08754,ok,reserve,111512.08,0.00,0.00,0.00,0.00,3
SP5-08755,ok,goals+,0.00,0.00,1369.24,1764.73,43398.49,3
SP5-08756,ok,debt,672.53,1569.22,0.00,0.00,0.00,3
SP5-08757,deficit,none,0.00,0.00,0.00,0.00,492367.12,5
SP5-08758,ok,goals+,0.00,0.00,33650.48,0.00,706733.22,3
SP5-08759,deficit,none,0.00,0.00,0.00,0.00,0.00,4
SP5-08760,ok,reserve,3844.58,0.00,0.00,0.00,0.00,5
SP5-08761,ok,goals+,0.00,0.00,10501.12,4563.71,2313950.68,3
SP5-08762,ok,goals+,0.00,0.00,390731968.39,32479442.61,6478007687.78,2
SP5-08763,deficit,none,0.00,0.00,0.00,0.00,0.00,4
SP5-08764,deficit,none,0.00,0.00,0.00,0.00,0.00,4
SP5-08765,ok,goals+,0.00,0.00,151396.59,205119.08,24086771.47,2
SP5-08766,ok,reserve,30913.99,0.00,0.00,0.00,0.00,5
SP5-08767,ok,goals+,0.00,0.00,63669.69,11631.23,465994.00,3
SP5-08768,ok,reserve,13084.81,2334.68,0.00,0.00,0.00,5
SP5-08769,deficit,none,0.00,0.00,0.00,0.00,0.00,4
SP5-08770,invalid,none,0.00,0.00,0.00,0.00,0.00,5
SP5-08771,deficit,none,0.00,0.00,0.00,0.00,0.00,4
SP5-08565,deficit,none,0.00,0.00,0.00,0.00,0.00,4
SP5-08773,ok,reserve,29680.40,0.00,0.00,0.00,0.00,5
SP5-08774,ok,goals+,0.00,0.00,20523.24,20679.66,8443.07,3
SP5-08775,ok,reserve,52814.46,8204.46,0.00,0.00,0.00,4
SP5-08776,ok,reserve,3973.03,2648.69,0.00,0.00,0.00,2
SP5-08777,ok,goals+,0.00,0.00,10395.84,0.00,0.00,2
SP5-08778,ok,goals+,0.00,0.00,8406.38,0.00,465428.50,2
SP5-08779,ok,debt,4540.70,10594.97,0.00,0.00,0.00,3
SP5-08780,ok,goals+,0.00,0.00,1.00,0.00,0.00,3
SP5-08781,ok,reserve,754.36,502.90,66.17,0.00,0.00,2
SP5-08782,ok,reserve,3744.71,2496.47,0.00,0.00,0.00,2
SP5-08783,ok,goals+,0.00,0.00,14190.49,0.00,65626.69,4
SP5-08784,ok,debt,0.00,2041713.36,0.00,0.00,3199789.56,2
SP5-08785,ok,goals+,0.00,0.00,929.05,0.00,0.00,2
SP5-08786,ok,reserve,3486.36,0.00,0.00,0.00,0.00,4
SP5-08787,ok,reserve,3901.66,0.00,0.00,0.00,0.00,4
SP5-08788,ok,debt,2130.68,4971.57,0.00,0.00,0.00,3
SP5-08789,ok,debt,17721.82,41350.91,0.00,0.00,0.00,2
SP5-08790,ok,goals+,0.00,0.00,10542.79,1849.83,76147.78,3
SP5-08791,deficit,none,0.00,0.00,0.00,0.00,0.00,4
SP5-08792,ok,debt,98818.37,3922609.89,0.00,0.00,0.00,2
SP5-08793,ok,reserve,27993.97,1363.87,0.00,0.00,0.00,5
SP5-08794,ok,reserve,1.00,0.00,0.00,0.00,0.00,5
SP5-08795,ok,reserve,9480.21,0.00,0.00,0.00,0.00,5
SP5-08796,invalid,none,0.00,0.00,0.00,0.00,0.00,5
SP5-08797,ok,goals+,0.00,0.00,803069.87,182229.29,296573.21,2
SP5-08798,ok,debt,0.00,3926724.52,0.00,0.00,1326571.01,2
SP5-08799,ok,debt,0.00,27403.63,0.00,0.00,190959.13,3
SP5-08800,ok,goals+,0.00,0.00,29608.36,9775.28,55385.33,3
SP5-08801,ok,goals+,0.00,0.00,205966.60,41294.86,0.00,2
SP5-08802,deficit,none,0.00,0.00,0.00,0.00,0.00,4
SP5-08803,ok,goals+,494695.26,0.00,1656954.44,0.00,0.00,2
SP5-08804,ok,reserve,3199.35,0.00,0.00,0.00,0.00,5
SP5-08805,deficit,none,0.00,0.00,0.00,0.00,416526.81,5
SP5-08806,ok,debt,5355.07,12495.17,0.00,0.00,0.00,4
SP5-08807,deficit,none,0.00,0.00,0.00,0.00,746889.42,5
SP5-08808,ok,reserve,6130.83,0.00,0.00,0.00,0.00,5
SP5-08809,ok,reserve,2713.64,0.00,0.00,0.00,0.00,3
SP5-08810,deficit,none,0.00,0.00,0.00,0.00,35703250.14,5
SP5-08811,ok,reserve,8547.74,0.00,0.00,0.00,0.00,3
SP5-08812,invalid,none,0.00,0.00,0.00,0.00,0.00,5
SP5-08813,ok,reserve,12999.35,0.00,0.00,0.00,0.00,5
SP5-08814,ok,debt,0.00,16501.01,0.00,0.00,21832.07,3
SP5-08815,ok,debt,10279.62,15419.44,0.00,0.00,15011.35,2
SP5-08816,ok,reserve,4760.23,3173.49,0.00,0.00,0.00,2
SP5-08817,deficit,none,0.00,0.00,0.00,0.00,2414316.36,5
SP5-08818,ok,debt,0.00,16501.01,0.00,0.00,21832.07,3
SP5-08819,ok,reserve,21379.35,1676.55,0.00,0.00,0.00,5
SP5-08820,deficit,none,0.00,0.00,0.00,0.00,121769.33,5
SP5-08821,ok,reserve,10677.76,7118.50,0.00,0.00,0.00,2
SP5-08822,deficit,none,0.00,0.00,0.00,0.00,0.00,4
SP5-08823,deficit,none,0.00,0.00,0.00,0.00,0.00,4
SP5-08824,deficit,none,0.00,0.00,0.00,0.00,0.00,4
SP5-08825,ok,goals+,0.00,0.00,4453.31,0.00,0.00,2
SP5-08826,ok,reserve,2003.58,1335.72,0.00,0.00,0.00,2
SP5-08827,ok,goals+,961.04,640.70,28374.74,0.00,0.00,2
SP5-08828,ok,reserve,10430.80,0.00,0.00,0.00,86176.63,4
SP5-08829,ok,reserve,36701.13,0.00,0.00,0.00,25493.75,4
SP5-08830,ok,reserve,13859.44,4834.29,0.00,0.00,0.00,5
SP5-08831,ok,debt,32347.34,48521.00,0.00,0.00,60021.83,2
SP5-08832,ok,goals+,0.00,0.00,19218.60,0.00,68888.45,4
SP5-08833,deficit,none,0.00,0.00,0.00,0.00,0.00,4
SP5-08834,ok,goals+,551.74,827.60,27351.92,0.00,76907.75,2
SP5-08835,ok,goals+,0.00,0.00,467252.49,112933.26,0.00,2
SP5-08836,ok,none,0.00,0.00,0.00,0.00,0.00,2
SP5-08837,ok,debt,5133.81,11978.88,0.00,0.00,0.00,3
SP5-08838,ok,debt,25840.40,38760.60,0.00,0.00,77333.40,2
SP5-08839,ok,goals+,0.00,0.00,33554.38,0.00,163341.62,3
SP5-08840,ok,goals+,11756.14,7837.43,39918.29,0.00,0.00,2
SP5-08841,ok,reserve,536.13,357.42,47.03,0.00,0.00,2
SP5-08842,ok,reserve,2642.54,1761.69,0.00,0.00,0.00,2
SP5-08843,ok,debt,1007.03,2349.73,0.00,0.00,0.00,3
SP5-08844,ok,reserve,2515.07,0.00,0.00,0.00,0.00,3
SP5-08845,ok,debt,17021.86,25532.80,0.00,0.00,77677.27,2
SP5-08846,deficit,none,0.00,0.00,0.00,0.00,10818507.94,5
SP5-08847,ok,goals+,0.00,0.00,1060591.57,1344719.82,18738855.54,2
SP5-08848,deficit,none,0.00,0.00,0.00,0.00,245118.82,5
SP5-08849,ok,reserve,6734.54,0.00,0.00,0.00,0.00,5
SP5-08850,deficit,none,0.00,0.00,0.00,0.00,0.00,4
SP5-08851,deficit,none,0.00,0.00,0.00,0.00,0.00,4
SP5-08852,ok,debt,81328.90,189767.43,0.00,0.00,0.00,2
SP5-08853,ok,debt,0.00,39691.77,0.00,0.00,686950.02,3
SP5-08854,ok,debt,5716.73,13339.03,1002.94,0.00,0.00,3
SP5-08171,ok,reserve,7370.68,4913.78,0.00,0.00,0.00,2
SP5-08856,ok,goals+,0.00,0.00,0.00,54899.09,539189.79,3
SP5-08857,deficit,none,0.00,0.00,0.00,0.00,329271.24,5
SP5-08858,ok,reserve,6117.97,4078.64,0.00,0.00,0.00,2
SP5-08859,deficit,none,0.00,0.00,0.00,0.00,73228786.47,5
SP5-08860,ok,reserve,7909.71,0.00,0.00,0.00,0.00,3
SP5-08861,ok,reserve,19722.91,0.00,0.00,0.00,440653.84,3
SP5-08862,deficit,none,0.00,0.00,0.00,0.00,0.00,4
SP5-08863,ok,debt,2730.74,6371.72,479.08,0.00,0.00,3
SP5-08864,ok,reserve,45274.49,0.00,0.00,0.00,0.00,5
SP5-08865,deficit,none,0.00,0.00,0.00,0.00,16298098.72,5
SP5-08866,ok,reserve,9044.87,6029.91,0.00,0.00,0.00,2
SP5-08819,ok,reserve,41581.88,8163.53,0.00,0.00,0.00,5
SP5-08868,ok,goals+,0.00,0.00,2544.72,0.00,266884.56,3
SP5-08869,ok,debt,0.00,30172.36,0.00,0.00,156559.22,3
SP5-08870,invalid,none,0.00,0.00,0.00,0.00,0.00,5
SP5-08871,deficit,none,0.00,0.00,0.00,0.00,57983.92,5
SP5-08872,deficit,none,0.00,0.00,0.00,0.00,0.00,4
SP5-08873,deficit,none,0.00,0.00,0.00,0.00,0.00,4
SP5-08874,ok,reserve,5941.09,0.00,0.00,0.00,0.00,2
SP5-08171,ok,reserve,31408.21,0.00,728.11,0.00,0.00,3
SP5-08876,ok,reserve,5941.09,0.00,0.00,0.00,0.00,2
SP5-08877,ok,none,0.00,0.00,0.00,0.00,0.00,5
SP5-08878,ok,debt,4793.65,11185.18,0.00,0.00,0.00,3
SP5-08879,ok,reserve,5557.85,662.51,0.00,0.00,0.00,5
SP5-08880,ok,goals+,0.00,0.00,377898.17,0.00,0.00,2
SP5-08881,ok,goals+,0.00,0.00,5328.63,0.00,0.00,1
SP5-08882,ok,goals+,0.00,0.00,324589.13,711306.32,134951645.77,2
SP5-08883,ok,reserve,22666.74,4962.54,1454.17,0.00,0.00,5
SP5-08884,ok,reserve,4841.36,0.00,0.00,0.00,0.00,3
SP5-08885,ok,goals+,0.00,0.00,1608.61,0.00,0.00,3
SP5-08886,ok,reserve,31774.45,0.00,0.00,0.00,0.00,4
SP5-08887,ok,goals+,0.00,0.00,14236.60,6062.19,1316139.05,3
SP5-08888,deficit,none,0.00,0.00,0.00,0.00,222551.63,5
SP5-08889,ok,reserve,20971.69,13981.12,0.00,0.00,0.00,2
SP5-08890,deficit,none,0.00,0.00,0.00,0.00,58123.76,5
SP5-08891,invalid,none,0.00,0.00,0.00,0.00,0.00,5
SP5-08892,ok,reserve,9433.81,6289.20,0.00,0.00,0.00,2
SP5-08893,deficit,none,0.00,0.00,0.00,0.00,0.00,4
SP5-08894,deficit,none,0.00,0.00,0.00,0.00,121279.39,5
SP5-08895,deficit,none,0.00,0.00,0.00,0.00,73346049.50,5
SP5-08896,ok,reserve,3174.75,0.00,0.00,0.00,0.00,4
SP5-08897,ok,goals+,0.00,0.00,4288.95,12419.31,147222.03,3
SP5-08898,deficit,none,0.00,0.00,0.00,0.00,155135.23,5
SP5-08899,ok,goals+,0.00,0.00,5514.20,0.00,0.00,3
SP5-08900,ok,goals+,0.00,0.00,3854.65,0.00,1571884.97,3
SP5-08901,deficit,none,0.00,0.00,0.00,0.00,20096155.21,5
SP5-08902,ok,reserve,90661.23,0.00,0.00,0.00,0.00,4
SP5-08903,ok,goals+,0.00,0.00,705920.34,0.00,69750099.25,2
SP5-08904,ok,reserve,2774.90,0.00,0.00,0.00,0.00,4
SP5-08905,ok,goals+,0.00,0.00,18479.11,0.00,4217575.14,3
SP5-08906,ok,reserve,18229.51,0.00,0.00,0.00,0.00,3
SP5-08907,ok,debt,3071.77,7167.45,0.00,0.00,0.00,3
SP5-08908,ok,debt,9122.01,21284.70,0.00,0.00,0.00,4
SP5-08909,ok,reserve,48992.50,0.00,0.00,0.00,0.00,4
SP5-08910,ok,goals+,0.00,0.00,11034.69,15086.14,297098.36,3
SP5-08911,deficit,none,0.00,0.00,0.00,0.00,2799820.40,5
SP5-08912,invalid,none,0.00,0.00,0.00,0.00,0.00,5
SP5-08913,deficit,none,0.00,0.00,0.00,0.00,0.00,4
SP5-08914,ok,reserve,12980.88,0.00,0.00,0.00,0.00,3
SP5-08915,ok,reserve,9640.65,0.00,0.00,0.00,0.00,3
SP5-08916,ok,reserve,28074.11,0.00,0.00,0.00,0.00,3
SP5-08917,ok,debt,0.00,35272.18,0.00,0.00,149054.68,3
SP5-08918,ok,reserve,3358.52,2239.02,0.00,0.00,0.00,2
SP5-08919,deficit,none,0.00,0.00,0.00,0.00,0.00,4
SP5-08920,ok,reserve,17142.45,0.00,0.00,0.00,0.00,3
SP5-08921,deficit,none,0.00,0.00,0.00,0.00,0.00,4
SP5-08922,ok,goals+,13189.30,7665.33,13606.84,0.00,0.00,2
SP5-08923,ok,goals+,0.00,0.00,541085.44,1014909.94,4150295.07,2
SP5-08924,deficit,none,0.00,0.00,0.00,0.00,217757.11,5
SP5-08925,ok,goals+,0.00,0.00,3640.74,0.00,4426915.75,3
SP5-08926,invalid,none,0.00,0.00,0.00,0.00,0.00,5
SP5-08927,ok,goals+,0.00,0.00,2050847.41,1594553.33,275374.80,2
SP5-08928,ok,goals+,0.00,0.00,940.73,0.00,687806.63,3
SP5-08929,deficit,none,0.00,0.00,0.00,0.00,63202914.94,5
SP5-08930,ok,goals+,0.00,0.00,741.84,1280.99,648125.55,3
SP5-08931,ok,goals+,0.00,0.00,12456.80,3246.78,185683.51,3
SP5-08932,ok,goals+,0.00,0.00,2682053.28,0.00,67691892.45,2
SP5-08933,ok,goals+,0.00,0.00,697432.53,0.00,95099461.86,2
SP5-08934,ok,goals+,0.00,0.00,5514.20,0.00,0.00,3
SP5-08935,deficit,none,0.00,0.00,0.00,0.00,422867.70,5
SP5-08936,ok,goals+,0.00,0.00,3341.67,0.00,98939.98,3
SP5-08937,ok,debt,0.00,11646.35,0.00,0.00,0.00,3
SP5-08896,ok,reserve,6039.07,3710.97,513.16,0.00,0.00,5
SP5-08939,deficit,none,0.00,0.00,0.00,0.00,112535.59,5
SP5-08940,ok,reserve,17214.06,0.00,0.00,0.00,0.00,4
SP5-08941,ok,reserve,28148.21,0.00,0.00,0.00,0.00,4
SP5-08942,deficit,none,0.00,0.00,0.00,0.00,0.00,4
SP5-08943,ok,goals+,0.00,0.00,2151466.27,1057435.61,19659065.57,2
SP5-08944,ok,reserve,18722.36,0.00,7802.59,0.00,0.00,3
SP5-08945,ok,goals+,0.00,0.00,124409.45,5302.18,4995834.88,2
SP5-08946,ok,goals+,0.00,0.00,9237.55,0.00,196401.30,3
SP5-08947,ok,reserve,6243.64,2674.97,0.00,0.00,0.00,5
SP5-08948,ok,debt,2315.27,5402.30,0.00,0.00,0.00,3
SP5-08949,ok,reserve,68633.65,0.00,0.00,0.00,0.00,5
SP5-08950,ok,reserve,11105.00,7403.33,0.00,0.00,0.00,2
SP5-08951,ok,goals+,0.00,0.00,0.00,3753.94,915096.63,3
SP5-08952,ok,reserve,8164.38,0.00,0.00,0.00,0.00,4
SP5-08953,ok,goals+,0.00,0.00,463536.25,1967127.46,19302861.33,2
SP5-08954,ok,reserve,9156.25,0.00,0.00,0.00,0.00,5
SP5-08955,ok,goals+,0.00,0.00,1119579.33,908363.28,6183940.10,2
SP5-08956,ok,goals+,0.00,0.00,0.00,51723.16,193621.14,5
SP5-08957,ok,reserve,2902.01,1934.68,0.00,0.00,0.00,2
SP5-08958,ok,reserve,6122.04,0.00,0.00,0.00,0.00,4
SP5-08959,ok,goals+,0.00,0.00,44045.33,0.00,74292.48,3
SP5-08960,ok,reserve,17161.45,0.00,0.00,0.00,0.00,4
SP5-08961,ok,goals+,0.00,0.00,0.00,16091.98,3459.93,5
SP5-08962,ok,reserve,34674.26,0.00,0.00,0.00,0.00,5
SP5-08963,ok,debt,13704.43,31977.01,0.00,0.00,0.00,4
SP5-08964,ok,goals+,0.00,0.00,6598.95,4300.52,336590.97,3
SP5-08965,ok,goals+,0.00,0.00,79187.82,51950.95,56788.32,4
SP5-08966,ok,reserve,18307.95,0.00,0.00,0.00,0.00,3
SP5-08967,ok,goals+,2374.10,0.00,2688.37,0.00,0.00,5
SP5-08968,deficit,none,0.00,0.00,0.00,0.00,0.00,4
SP5-08969,deficit,none,0.00,0.00,0.00,0.00,749615.02,5
SP5-08970,ok,reserve,363.73,242.49,0.00,0.00,0.00,2
SP5-08971,deficit,none,0.00,0.00,0.00,0.00,44774778.80,5
SP5-08972,deficit,none,0.00,0.00,0.00,0.00,0.00,4
SP5-08973,deficit,none,0.00,0.00,0.00,0.00,0.00,4
SP5-08974,ok,goals+,0.00,0.00,0.00,3134318.68,10010823.96,2
SP5-08975,deficit,none,0.00,0.00,0.00,0.00,203165.74,5
SP5-08976,deficit,none,0.00,0.00,0.00,0.00,5798.88,5
SP5-08977,ok,reserve,1791.72,0.00,0.00,0.00,0.00,5
SP5-08978,deficit,none,0.00,0.00,0.00,0.00,17006476.68,5
SP5-08979,invalid,none,0.00,0.00,0.00,0.00,0.00,5
SP5-08980,ok,reserve,416.34,0.00,0.00,0.00,0.00,3
SP5-08981,ok,debt,2315.27,5402.30,0.00,0.00,0.00,3
SP5-08982,ok,reserve,21755.14,11696.26,1760.60,0.00,0.00,5
SP5-08983,invalid,none,0.00,0.00,0.00,0.00,0.00,5
SP5-08984,deficit,none,0.00,0.00,0.00,0.00,2000647.15,5
SP5-08985,ok,none,0.00,0.00,0.00,0.00,31964.28,5
SP5-08986,ok,reserve,20125.25,0.00,0.00,0.00,0.00,4
SP5-08987,deficit,none,0.00,0.00,0.00,0.00,1413041.94,5
SP5-08988,ok,goals+,0.00,0.00,6259.48,0.00,24657.72,3
SP5-08989,deficit,none,0.00,0.00,0.00,0.00,423720.86,5
SP5-08990,ok,debt,3548.75,8280.42,0.00,0.00,0.00,4
SP5-08991,ok,reserve,44284.46,0.00,0.00,0.00,0.00,2
SP5-08992,deficit,none,0.00,0.00,0.00,0.00,303145.68,5
SP5-08993,deficit,none,0.00,0.00,0.00,0.00,0.00,4
SP5-08994,deficit,none,0.00,0.00,0.00,0.00,0.00,4
SP5-08995,invalid,none,0.00,0.00,0.00,0.00,0.00,5
SP5-08996,deficit,none,0.00,0.00,0.00,0.00,108972286.86,5
SP5-08997,deficit,none,0.00,0.00,0.00,0.00,3684278.73,5
SP5-08998,invalid,none,0.00,0.00,0.00,0.00,0.00,5
SP5-08999,ok,none,0.00,0.00,0.00,0.00,0.00,2
SP5-09000,ok,goals+,0.00,0.00,21675.07,33201.91,1810190.75,3
SP5-09001,deficit,none,0.00,0.00,0.00,0.00,58951.95,5
SP5-09002,deficit,none,0.00,0.00,0.00,0.00,111752.26,5
SP5-09003,ok,debt,537.57,1254.34,0.00,0.00,0.00,3
SP5-09004,ok,goals+,0.00,0.00,2546825.63,662016.06,9267566.41,2
SP5-09005,deficit,none,0.00,0.00,0.00,0.00,0.00,4
SP5-09006,ok,reserve,591.83,0.00,0.00,0.00,0.00,4
SP5-09007,deficit,none,0.00,0.00,0.00,0.00,4175460.25,5
SP5-09008,invalid,none,0.00,0.00,0.00,0.00,0.00,5
SP5-09009,deficit,none,0.00,0.00,0.00,0.00,0.00,4
SP5-09010,deficit,none,0.00,0.00,0.00,0.00,35264.79,5
SP5-09011,ok,reserve,1866.58,0.00,0.00,0.00,20904.36,4
SP5-09012,ok,reserve,108982.41,0.00,0.00,0.00,0.00,5
SP5-09013,ok,reserve,2680.01,828.74,184.67,0.00,0.00,5
SP5-09014,ok,reserve,1756.64,1171.09,0.00,0.00,0.00,2
SP5-09015,deficit,none,0.00,0.00,0.00,0.00,2096913.39,5
SP5-09016,ok,reserve,24979.01,5412.86,3809.58,0.00,0.00,2
SP5-09017,ok,goals+,0.00,0.00,1133.01,0.00,2231717.84,3
SP5-09018,ok,reserve,14919.27,0.00,0.00,0.00,0.00,5
SP5-09019,deficit,none,0.00,0.00,0.00,0.00,58925259.42,5
SP5-09020,ok,goals+,0.00,0.00,1893803.65,275154.63,64597770.40,2
SP5-09021,ok,reserve,1803.93,0.00,0.00,0.00,8310.29,3
SP5-09022,ok,debt,0.00,14233.28,0.00,0.00,246680.32,3
SP5-09023,ok,reserve,729.98,0.00,0.00,0.00,0.00,3
SP5-09024,ok,reserve,38317.48,14082.06,0.00,0.00,0.00,5
SP5-09025,ok,reserve,4468.60,0.00,0.00,0.00,0.00,3
SP5-09026,deficit,none,0.00,0.00,0.00,0.00,0.00,4
SP5-09027,deficit,none,0.00,0.00,0.00,0.00,45907.45,5
SP5-09028,ok,reserve,212.60,0.00,0.00,0.00,0.00,3
SP5-09029,ok,reserve,27658.14,0.00,0.00,0.00,0.00,3
SP5-09030,deficit,none,0.00,0.00,0.00,0.00,276427.02,5
SP5-09031,ok,reserve,5083.29,0.00,0.00,0.00,0.00,5
SP5-09032,ok,debt,1034232.95,2413210.21,0.00,0.00,0.00,2
SP5-09033,invalid,none,0.00,0.00,0.00,0.00,0.00,5
SP5-09034,deficit,none,0.00,0.00,0.00,0.00,3036711.42,5
SP5-09035,invalid,none,0.00,0.00,0.00,0.00,0.00,5
SP5-09036,ok,goals+,0.00,0.00,7378.54,0.00,246031.17,3
SP5-09037,ok,reserve,10751.23,0.00,0.00,0.00,0.00,3
SP5-09038,deficit,none,0.00,0.00,0.00,0.00,9557292.16,5
SP5-09039,deficit,none,0.00,0.00,0.00,0.00,509766.02,5
SP5-09040,ok,reserve,38159.92,14239.62,0.00,0.00,0.00,5
SP5-09041,deficit,none,0.00,0.00,0.00,0.00,2360825.49,5
SP5-09042,deficit,none,0.00,0.00,0.00,0.00,0.00,4
SP5-09043,ok,reserve,1079.29,0.00,0.00,0.00,0.00,3
SP5-09044,ok,debt,5639.05,8458.57,0.00,0.00,1858.40,2
SP5-09045,ok,goals+,0.00,0.00,5979.99,0.00,0.00,2
SP5-09046,deficit,none,0.00,0.00,0.00,0.00,12274.63,5
SP5-09047,deficit,none,0.00,0.00,0.00,0.00,15767.93,5
SP5-09048,invalid,none,0.00,0.00,0.00,0.00,0.00,5
SP5-09049,deficit,none,0.00,0.00,0.00,0.00,1076277.80,5
SP5-09050,deficit,none,0.00,0.00,0.00,0.00,0.00,4
SP5-09051,deficit,none,0.00,0.00,0.00,0.00,93834.87,5
SP5-09052,ok,reserve,51408.23,0.00,0.00,0.00,0.00,3
SP5-09053,ok,debt,3725.01,5587.52,0.00,0.00,14424.45,2
SP5-09054,ok,goals+,0.00,0.00,1509.01,0.00,0.00,3
SP5-09055,deficit,none,0.00,0.00,0.00,0.00,0.00,4
SP5-09056,ok,goals+,0.00,0.00,405364731.94,494309529.14,1977174545.42,2
SP5-09057,ok,reserve,9657.27,0.00,0.00,0.00,0.00,3
SP5-09058,ok,reserve,14356.10,0.00,0.00,0.00,0.00,3
SP5-09059,ok,none,0.00,0.00,0.00,0.00,105807.36,5
SP5-09060,ok,goals+,0.00,0.00,7406.12,0.00,0.00,2
SP5-09061,ok,reserve,3777.07,0.00,0.00,0.00,0.00,5
SP5-09062,ok,reserve,14941.04,4511.73,0.00,0.00,0.00,5
SP5-09063,ok,goals+,0.00,0.00,8668.26,4510.07,428537.23,3
SP5-09064,ok,reserve,1899.25,1266.17,0.00,0.00,0.00,2
SP5-09065,ok,reserve,6364.66,0.00,0.00,0.00,0.00,3
SP5-09066,ok,goals+,0.00,0.00,25871.29,0.00,668404.71,3
SP5-09067,ok,debt,3092.50,7215.83,0.00,0.00,0.00,2
SP5-09068,ok,reserve,236189.37,0.00,0.00,0.00,0.00,2
SP5-09069,ok,goals+,0.00,0.00,10889.27,0.00,20500.40,3
SP5-09070,ok,goals+,0.00,0.00,21405.02,9293.01,74841.31,3
SP5-09071,ok,goals+,0.00,0.00,0.00,29477.11,551726.08,5
SP5-09072,ok,goals+,0.00,0.00,74498.07,0.00,4296106.45,3
SP5-09073,ok,reserve,5382.92,0.00,0.00,0.00,0.00,5
SP5-09074,deficit,none,0.00,0.00,0.00,0.00,0.00,4
SP5-09075,ok,debt,208.20,485.79,0.00,0.00,9899.14,3
SP5-09076,ok,goals+,0.00,0.00,32539.08,23955.00,18074.00,3
SP5-09077,ok,reserve,4543.66,0.00,0.00,0.00,27522.22,1
SP5-09078,ok,goals+,0.00,0.00,43661.09,1057.17,32574.43,4
SP5-09079,ok,reserve,15.39,0.00,0.00,0.00,0.00,5
SP5-09080,ok,goals+,0.00,0.00,892.25,0.00,188611.42,3
SP5-09081,deficit,none,0.00,0.00,0.00,0.00,22461.06,5
SP5-09082,deficit,none,0.00,0.00,0.00,0.00,0.00,4
SP5-09083,ok,goals+,0.00,0.00,39201.90,0.00,0.00,3
SP5-09084,ok,goals+,0.00,0.00,4936.57,2997.51,9314400.36,3
SP5-09085,ok,reserve,223957.26,0.00,0.00,0.00,0.00,5
SP5-09086,ok,debt,678001.38,1690351.68,0.00,0.00,0.00,2
SP5-09087,deficit,none,0.00,0.00,0.00,0.00,0.00,4
SP5-09088,deficit,none,0.00,0.00,0.00,0.00,726319.73,5
SP5-09089,ok,debt,0.00,33978.98,0.00,0.00,97300.30,3
SP5-09090,ok,reserve,17873.46,0.00,0.00,0.00,0.00,4
SP5-09091,ok,debt,0.00,2035351.16,0.00,0.00,2464645.99,2
SP5-09092,deficit,none,0.00,0.00,0.00,0.00,0.00,4
SP5-09093,ok,goals+,0.00,0.00,0.00,4375239.35,0.00,2
SP5-09094,ok,reserve,10244.48,0.00,0.00,0.00,0.00,2
SP5-09109,invalid,none,0.00,0.00,0.00,0.00,0.00,5
SP5-09096,ok,goals+,0.00,0.00,517418.48,0.00,57021587.26,2
SP5-09097,deficit,none,0.00,0.00,0.00,0.00,1572321.93,5
SP5-09098,ok,debt,0.00,2562.06,0.00,0.00,33243.62,3
SP5-09099,deficit,none,0.00,0.00,0.00,0.00,1539069.03,5
SP5-09100,deficit,none,0.00,0.00,0.00,0.00,1153430.01,5
SP5-09101,invalid,none,0.00,0.00,0.00,0.00,0.00,5
SP5-09102,ok,reserve,186746.62,0.00,0.00,0.00,0.00,3
SP5-09103,deficit,none,0.00,0.00,0.00,0.00,0.00,4
SP5-09104,ok,goals+,0.00,0.00,9944.36,0.00,54440.86,3
SP5-09105,deficit,none,0.00,0.00,0.00,0.00,69527.88,5
SP5-09106,ok,debt,843904.87,1969111.36,0.00,0.00,0.00,2
SP5-09107,deficit,none,0.00,0.00,0.00,0.00,511707.97,5
SP5-09108,deficit,none,0.00,0.00,0.00,0.00,11052068.06,5
SP5-09109,ok,goals+,0.00,0.00,75073.34,0.00,16241141.57,2
SP5-09110,ok,reserve,81446.90,0.00,0.00,0.00,0.00,5
SP5-09111,deficit,none,0.00,0.00,0.00,0.00,0.00,4
SP5-09112,deficit,none,0.00,0.00,0.00,0.00,82607530.02,5
SP5-09113,ok,goals+,0.00,0.00,37783.54,61319.25,3910505.73,2
SP5-09114,ok,reserve,22433.49,0.00,0.00,0.00,0.00,3
SP5-09115,ok,goals+,0.00,0.00,2568.19,1931.78,239160.35,3
SP5-09116,ok,debt,0.00,25620.60,0.00,0.00,332436.20,3
SP5-09117,deficit,none,0.00,0.00,0.00,0.00,127856.99,5
SP5-09118,ok,goals+,0.00,0.00,38521.74,14857.29,11023527.45,3
SP5-09119,ok,reserve,23356.49,15570.99,0.00,0.00,0.00,2
SP5-09120,ok,reserve,41595.25,0.00,0.00,0.00,0.00,5
SP5-09121,deficit,none,0.00,0.00,0.00,0.00,0.00,4
SP5-09122,ok,reserve,17289.69,0.00,0.00,0.00,0.00,5
SP5-09123,ok,goals+,0.00,0.00,46832.99,175925.64,2152697.70,3
SP5-09124,invalid,none,0.00,0.00,0.00,0.00,0.00,5
SP5-09125,invalid,none,0.00,0.00,0.00,0.00,0.00,5
SP5-09126,ok,reserve,6520.17,0.00,0.00,0.00,0.00,3
SP5-09127,ok,reserve,48349.32,0.00,0.00,0.00,0.00,5
SP5-09128,deficit,none,0.00,0.00,0.00,0.00,1461576.16,5
SP5-09129,deficit,none,0.00,0.00,0.00,0.00,0.00,4
SP5-09130,deficit,none,0.00,0.00,0.00,0.00,153285.71,5
SP5-09131,ok,debt,7051.55,21856.97,0.00,0.00,0.00,4
SP5-09132,deficit,none,0.00,0.00,0.00,0.00,2840217.59,5
SP5-09133,ok,reserve,12413.52,0.00,0.00,0.00,0.00,3
SP5-09134,ok,goals+,0.00,0.00,22885.56,4701.16,87017.79,3
SP5-09135,invalid,none,0.00,0.00,0.00,0.00,0.00,5
SP5-09136,ok,reserve,24539.41,0.00,2073.58,0.00,0.00,3
SP5-09137,ok,debt,2135.01,4981.68,0.00,0.00,0.00,3
SP5-09138,ok,debt,2393.39,5584.59,0.00,0.00,0.00,3
SP5-09139,ok,reserve,11192.95,0.00,0.00,0.00,0.00,5
SP5-09140,ok,reserve,137.74,0.00,0.00,0.00,0.00,5
SP5-09141,ok,goals+,0.00,0.00,1213199.97,609155.54,17145339.03,2
SP5-09142,deficit,none,0.00,0.00,0.00,0.00,0.00,4
SP5-09143,deficit,none,0.00,0.00,0.00,0.00,1776283.20,5
SP5-09144,ok,goals+,0.00,0.00,15799.83,2628.20,188663.42,3
SP5-09145,ok,goals+,0.00,0.00,1176906.51,979339.60,36739507.21,2
SP5-09146,ok,debt,0.00,1055133.38,0.00,0.00,912189.75,2
SP5-09147,deficit,none,0.00,0.00,0.00,0.00,43177055.80,5
SP5-09148,ok,goals+,0.00,0.00,1850211.99,228211.34,0.00,2
SP5-09149,ok,goals+,0.00,0.00,40292.17,0.00,652025.75,3
SP5-09150,ok,reserve,6907.21,2425.24,0.00,0.00,0.00,5
SP5-09151,ok,reserve,1962.82,0.00,0.00,0.00,0.00,3
SP5-09152,deficit,none,0.00,0.00,0.00,0.00,43578.12,5
SP5-09153,ok,reserve,17186.27,0.00,0.00,0.00,0.00,3
SP5-09154,invalid,none,0.00,0.00,0.00,0.00,0.00,5
SP5-09155,ok,goals+,0.00,0.00,0.00,23790.33,77948.67,5
SP5-09156,ok,debt,0.00,23091.42,0.00,0.00,190147.43,3
SP5-09157,deficit,none,0.00,0.00,0.00,0.00,48409467.86,5
SP5-09158,ok,goals+,0.00,0.00,1063040.41,151308.92,5000000.00,2
SP5-09159,deficit,none,0.00,0.00,0.00,0.00,0.00,4
SP5-09160,ok,debt,0.00,23091.42,0.00,0.00,190147.43,3
SP5-09161,ok,reserve,9244.39,0.00,0.00,0.00,0.00,5
SP5-09162,deficit,none,0.00,0.00,0.00,0.00,24076.44,5
SP5-09163,ok,reserve,4114.66,0.00,0.00,0.00,0.00,3
SP5-09164,ok,reserve,26368.38,0.00,0.00,0.00,0.00,5
SP5-09165,ok,reserve,9731.87,0.00,0.00,0.00,0.00,5
SP5-09166,deficit,none,0.00,0.00,0.00,0.00,0.00,4
SP5-09167,ok,goals+,0.00,0.00,266357.11,238640.86,13470216.24,2
SP5-09168,ok,reserve,112042.20,0.00,29415.69,0.00,0.00,5
SP5-09169,invalid,none,0.00,0.00,0.00,0.00,0.00,5
SP5-09170,ok,goals+,0.00,0.00,219502.07,574544.00,4648666.04,2
SP5-09171,ok,reserve,9244.39,0.00,0.00,0.00,0.00,5
SP5-09172,ok,debt,3951.20,5926.81,0.00,0.00,9614.15,2
SP5-09173,ok,reserve,15693.14,10462.10,0.00,0.00,0.00,2
SP5-09174,deficit,none,0.00,0.00,0.00,0.00,0.00,4
SP5-09175,invalid,none,0.00,0.00,0.00,0.00,0.00,5
SP5-09176,ok,goals+,0.00,0.00,2802.63,2879.48,119988.93,3
SP5-09177,ok,reserve,6522.69,4669.86,0.00,0.00,0.00,3
SP5-09178,ok,goals+,0.00,0.00,2677.13,3004.98,119988.93,3
SP5-09179,deficit,none,0.00,0.00,0.00,0.00,1500363.03,5
SP5-09180,ok,goals+,0.00,0.00,24437.63,16930.56,165243.99,3
SP5-09181,ok,goals+,0.00,0.00,1501.55,0.00,1873.83,2
SP5-09182,ok,reserve,57324.81,0.00,0.00,0.00,0.00,3
SP5-09183,ok,debt,0.00,3295.01,0.00,0.00,24142.21,3
SP5-09184,invalid,none,0.00,0.00,0.00,0.00,0.00,5
SP5-09185,ok,none,0.00,0.00,0.00,0.00,0.00,2
SP5-09186,ok,reserve,14530.80,0.00,0.00,0.00,0.00,4
SP5-09187,invalid,none,0.00,0.00,0.00,0.00,0.00,5
SP5-09188,ok,reserve,7849.58,5233.06,0.00,0.00,29486.53,2
SP5-09189,ok,debt,3908.41,9119.62,0.00,0.00,0.00,3
SP5-09190,ok,reserve,865.41,576.94,0.00,0.00,0.00,2
SP5-09191,ok,reserve,7178.73,0.00,0.00,0.00,0.00,3
SP5-09192,deficit,none,0.00,0.00,0.00,0.00,32444525.77,5
SP5-08949,ok,debt,4342.02,68673.87,0.00,0.00,0.00,3
SP5-09194,ok,reserve,5856.78,3904.52,513.75,0.00,0.00,2
SP5-09195,deficit,none,0.00,0.00,0.00,0.00,0.00,4
SP5-09196,ok,goals+,0.00,0.00,5338.63,5528.50,233491.45,3
SP5-09197,ok,goals+,0.00,0.00,2966459.53,0.00,0.00,2
SP5-09198,deficit,none,0.00,0.00,0.00,0.00,20742497.38,5
SP5-09199,ok,goals+,0.00,0.00,1159859.31,2027445.02,33493238.80,2
SP5-09200,deficit,none,0.00,0.00,0.00,0.00,59414.39,5
SP5-09201,ok,debt,5167.24,12056.90,906.53,0.00,0.00,3
SP5-09202,ok,debt,0.00,2396.73,0.00,0.00,21927.46,3
SP5-09203,ok,goals+,0.00,0.00,8359.45,0.00,0.00,1
SP5-09204,ok,goals+,0.00,0.00,37738.28,0.00,845465.37,3
SP5-09205,ok,reserve,182590.04,0.00,0.00,0.00,0.00,2
SP5-09206,ok,goals+,0.00,0.00,7812.33,0.00,226040.10,3
SP5-09207,ok,reserve,9176.63,0.00,0.00,0.00,0.00,5
SP5-09208,ok,reserve,27360.93,0.00,0.00,0.00,0.00,4
SP5-09209,deficit,none,0.00,0.00,0.00,0.00,0.00,4
SP5-09210,ok,reserve,14530.80,0.00,0.00,0.00,0.00,4
SP5-09211,ok,reserve,18167.77,0.00,0.00,0.00,0.00,4
SP5-09212,ok,reserve,783.01,0.00,0.00,0.00,0.00,2
SP5-09213,ok,goals+,0.00,0.00,258722.73,0.00,3266801.91,2
SP5-09214,ok,reserve,13010.03,8673.36,0.00,0.00,18206.03,2
SP5-09215,ok,debt,0.00,4823.93,0.00,0.00,1976.16,3
SP5-09216,ok,reserve,32636.14,0.00,0.00,0.00,0.00,3
SP5-09217,deficit,none,0.00,0.00,0.00,0.00,6955.86,5
SP5-09218,ok,goals+,0.00,0.00,750919.61,0.00,40321971.20,2
SP5-09219,ok,reserve,54772.03,16595.15,0.00,0.00,0.00,5
SP5-09220,ok,goals+,1601134.48,0.00,3175892.76,1144561.23,0.00,2
SP5-09221,ok,debt,1430.56,2145.85,0.00,0.00,0.00,2
SP5-09222,ok,reserve,49926.02,33284.01,0.00,0.00,0.00,2
SP5-09223,ok,debt,0.00,4717.39,0.00,0.00,11841.73,3
SP5-09224,ok,goals+,0.00,0.00,2683517.24,58047.86,13713758.15,2
SP5-09225,deficit,none,0.00,0.00,0.00,0.00,6728695.63,5
SP5-09226,deficit,none,0.00,0.00,0.00,0.00,0.00,4
SP5-09227,invalid,none,0.00,0.00,0.00,0.00,0.00,5
SP5-09228,ok,reserve,6088.45,4058.96,0.00,0.00,0.00,2
SP5-09229,ok,goals+,5596.80,0.00,0.00,24564.82,0.00,3
SP5-09230,deficit,none,0.00,0.00,0.00,0.00,6970.47,5
SP5-09231,ok,goals+,0.00,0.00,0.00,179271.91,26078334.90,2
SP5-09232,ok,reserve,207384.23,0.00,0.00,0.00,0.00,2
SP5-09233,ok,reserve,21151.10,0.00,0.00,0.00,0.00,5
SP5-09234,deficit,none,0.00,0.00,0.00,0.00,0.00,4
SP5-09235,ok,goals+,0.00,0.00,1468341.74,1895342.66,3589366.11,2
SP5-08896,ok,debt,6916.19,16137.77,1213.37,0.00,0.00,3
SP5-09237,deficit,none,0.00,0.00,0.00,0.00,0.00,4
SP5-09238,ok,reserve,18218.85,0.00,0.00,0.00,0.00,5
SP5-09239,deficit,none,0.00,0.00,0.00,0.00,8070830.18,5
SP5-09240,ok,goals+,0.00,0.00,599936.90,292710.27,8249018.05,2
SP5-09241,ok,reserve,2434.19,0.00,0.00,0.00,0.00,5
SP5-09242,ok,reserve,5012.59,0.00,0.00,0.00,0.00,5
SP5-09243,ok,reserve,3602.73,0.00,0.00,0.00,0.00,5
SP5-09244,ok,debt,0.00,469877.71,0.00,0.00,2590242.14,2
SP5-09245,deficit,none,0.00,0.00,0.00,0.00,0.00,4
SP5-09246,deficit,none,0.00,0.00,0.00,0.00,0.00,4
SP5-09247,ok,goals+,0.00,0.00,3156.44,0.00,1491973.70,4
SP5-09248,deficit,none,0.00,0.00,0.00,0.00,0.00,4
SP5-09249,ok,debt,0.00,11570.73,0.00,0.00,21481.39,3
SP5-09201,deficit,none,0.00,0.00,0.00,0.00,5866.34,5
SP5-09251,ok,reserve,26567.83,0.00,0.00,0.00,0.00,5
SP5-09252,ok,reserve,9483.07,0.00,0.00,0.00,0.00,5
SP5-09253,deficit,none,0.00,0.00,0.00,0.00,1235644.33,5
SP5-09254,deficit,none,0.00,0.00,0.00,0.00,0.00,4
SP5-09255,deficit,none,0.00,0.00,0.00,0.00,11865.04,5
SP5-09256,ok,goals+,0.00,0.00,1888384.51,4143801.12,84671683.79,2
SP5-09257,ok,goals+,0.00,0.00,15348.11,3729.46,215514.15,3
SP5-09258,ok,goals+,0.00,0.00,352909.75,0.00,17655467.10,2
SP5-09259,ok,goals+,0.00,0.00,0.00,102102.63,1476771.06,3
SP5-09260,ok,goals+,0.00,0.00,15837.72,12886.58,34165.16,3
SP5-09261,ok,debt,1706.81,3982.54,0.00,0.00,0.00,3
SP5-09262,deficit,none,0.00,0.00,0.00,0.00,0.00,4
SP5-09263,ok,goals+,0.00,0.00,1457.43,0.00,0.00,3
SP5-09264,ok,goals+,0.00,0.00,29503.57,4901.72,45011.29,3
SP5-09265,ok,goals+,0.00,0.00,10598.21,0.00,66856.54,3
SP5-09266,deficit,none,0.00,0.00,0.00,0.00,757189.61,5
SP5-09267,ok,goals+,0.00,0.00,6787.14,4454.09,231315.34,3
SP5-09268,ok,reserve,6843.52,0.00,0.00,0.00,0.00,4
SP5-09269,ok,debt,8089.98,12134.96,0.00,0.00,29520.55,2
SP5-09270,ok,reserve,73003.16,0.00,11004.97,0.00,0.00,3
SP5-09271,ok,goals+,0.00,0.00,5927.05,901.46,32932.90,3
SP5-09272,deficit,none,0.00,0.00,0.00,0.00,2193.87,5
SP5-09273,ok,goals+,0.00,0.00,69774.62,146981.12,3134191.14,2
SP5-09274,ok,reserve,8694.12,21.03,0.00,0.00,0.00,5
SP5-09275,deficit,none,0.00,0.00,0.00,0.00,2183449.22,5
SP5-09276,deficit,none,0.00,0.00,0.00,0.00,0.00,4
SP5-09277,ok,goals+,0.00,0.00,49282.87,0.00,0.00,2
SP5-09278,deficit,none,0.00,0.00,0.00,0.00,0.00,4
SP5-09279,ok,reserve,10781.42,0.00,0.00,0.00,0.00,5
SP5-09280,deficit,none,0.00,0.00,0.00,0.00,0.00,4
SP5-09281,ok,debt,920559.23,2772459.16,0.00,0.00,0.00,2
SP5-09282,ok,debt,8072.77,18836.46,0.00,0.00,15780.48,3
SP5-09283,deficit,none,0.00,0.00,0.00,0.00,0.00,4
SP5-09284,ok,reserve,1764.97,0.00,72.87,0.00,0.00,5
SP5-09268,ok,reserve,64177.47,0.00,0.00,0.00,0.00,3
SP5-09286,ok,reserve,32515.30,21676.87,0.00,0.00,0.00,2
SP5-09287,ok,reserve,1541.24,0.00,0.00,0.00,0.00,3
SP5-09288,ok,goals+,0.00,0.00,56395.16,0.00,0.00,3
SP5-09289,ok,reserve,26079.89,0.00,0.00,0.00,0.00,5
SP5-09290,ok,goals+,0.00,0.00,2585617.60,1339343.97,981205.42,2
SP5-09291,ok,debt,218.15,509.02,0.00,0.00,0.00,3
SP5-09292,ok,reserve,159406.98,106271.32,0.00,0.00,0.00,2
SP5-09293,ok,goals+,0.00,0.00,5441.66,0.00,690215.89,3
SP5-09294,deficit,none,0.00,0.00,0.00,0.00,597185.99,5
SP5-09295,ok,reserve,63799.16,0.00,0.00,0.00,0.00,4
SP5-09296,invalid,none,0.00,0.00,0.00,0.00,0.00,5
SP5-09297,ok,reserve,18831.40,12554.26,0.00,0.00,0.00,2
SP5-09298,deficit,none,0.00,0.00,0.00,0.00,837013.19,5
SP5-09299,deficit,none,0.00,0.00,0.00,0.00,0.00,4
SP5-09300,ok,reserve,4149.78,0.00,0.00,0.00,0.00,5
SP5-09301,ok,debt,1319751.14,3079419.32,0.00,0.00,0.00,2
SP5-09302,ok,goals+,0.00,0.00,4213.43,0.00,1606.95,3
SP5-09303,ok,goals+,0.00,0.00,19997.62,0.00,877946.10,2
SP5-09304,ok,reserve,4303.62,228.07,0.00,0.00,0.00,5
SP5-09305,ok,reserve,4981.71,0.00,0.00,0.00,0.00,3
SP5-09306,ok,reserve,5768.52,1796.45,398.16,0.00,0.00,5
SP5-09307,ok,reserve,31095.06,0.00,0.00,0.00,0.00,4
SP5-09308,ok,goals+,0.00,0.00,9769.93,7069.22,416065.91,3
SP5-09309,ok,debt,4188.10,9772.23,0.00,0.00,0.00,3
SP5-09310,ok,debt,4065.39,9485.91,0.00,0.00,0.00,3
SP5-09311,deficit,none,0.00,0.00,0.00,0.00,7789564.29,5
SP5-09312,ok,reserve,15775.72,7332.43,0.00,0.00,0.00,3
SP5-09313,deficit,none,0.00,0.00,0.00,0.00,0.00,4
SP5-09314,ok,goals+,0.00,0.00,541110.36,118200.12,0.00,4
SP5-09315,ok,reserve,5348.34,0.00,0.00,0.00,0.00,3
SP5-09316,ok,reserve,3052.90,0.00,0.00,0.00,0.00,3
SP5-09317,ok,reserve,16262.01,950.31,0.00,0.00,0.00,4
SP5-09318,ok,reserve,4474.61,0.00,0.00,0.00,0.00,5
SP5-09319,ok,reserve,40226.02,0.00,0.00,0.00,0.00,4
SP5-09320,deficit,none,0.00,0.00,0.00,0.00,0.00,4
SP5-09321,ok,reserve,89346.58,0.00,0.00,0.00,0.00,4
SP5-09322,ok,goals+,0.00,0.00,2618360.25,1522347.37,70961766.45,2
SP5-09323,ok,goals+,1885286.87,0.00,2303776.77,434461.64,0.00,2
SP5-09324,ok,reserve,2198636.33,0.00,0.00,0.00,0.00,2
SP5-09325,ok,goals+,0.00,0.00,8154.10,0.00,99471.18,4
SP5-09326,deficit,none,0.00,0.00,0.00,0.00,0.00,4
SP5-09327,ok,reserve,58046.98,0.00,0.00,0.00,0.00,5
SP5-09328,ok,reserve,16162.29,0.00,0.00,0.00,0.00,3
SP5-09329,deficit,none,0.00,0.00,0.00,0.00,0.00,4
SP5-09330,deficit,none,0.00,0.00,0.00,0.00,0.00,4
SP5-09331,ok,reserve,3108.31,0.00,0.00,0.00,0.00,5
SP5-09332,ok,debt,4012.93,6019.40,0.00,0.00,211918.98,2
SP5-09333,ok,reserve,3094.79,0.00,0.00,0.00,0.00,5
SP5-09334,deficit,none,0.00,0.00,0.00,0.00,43164864.41,5
SP5-09335,ok,reserve,8047.89,0.00,0.00,0.00,0.00,5
SP5-09336,ok,debt,703833.90,1642279.10,0.00,0.00,0.00,2
SP5-09337,deficit,none,0.00,0.00,0.00,0.00,118006262.40,5
SP5-09338,deficit,none,0.00,0.00,0.00,0.00,705434.02,5
SP5-09339,ok,goals+,0.00,0.00,2604966.67,0.00,5312982.21,2
SP5-09340,deficit,none,0.00,0.00,0.00,0.00,0.00,4
SP5-09341,ok,debt,4012.93,6019.40,0.00,0.00,211918.98,2
SP5-09342,ok,reserve,15696.78,0.00,0.00,0.00,0.00,5
SP5-09343,deficit,none,0.00,0.00,0.00,0.00,51089985.55,5
SP5-09344,deficit,none,0.00,0.00,0.00,0.00,0.00,4
SP5-09345,ok,goals+,0.00,0.00,0.00,44146.22,71998.11,5
SP5-09346,ok,goals+,0.00,0.00,109535.84,0.00,4167321.28,2
SP5-09347,ok,none,0.00,0.00,0.00,0.00,0.00,5
SP5-09348,ok,goals+,0.00,0.00,247422.50,33409.50,7835009.08,2
SP5-09349,deficit,none,0.00,0.00,0.00,0.00,0.00,4
SP5-09350,deficit,none,0.00,0.00,0.00,0.00,10414.49,5
SP5-09351,ok,reserve,4057.00,2704.66,355.88,0.00,0.00,2
SP5-09352,ok,debt,0.00,49725.80,0.00,0.00,190671.16,3
SP5-09353,ok,reserve,15696.78,0.00,0.00,0.00,0.00,5
SP5-09354,ok,goals+,0.00,0.00,4762.87,0.00,20502.09,3
SP5-09355,deficit,none,0.00,0.00,0.00,0.00,47071181.65,5
SP5-09356,ok,goals+,0.00,0.00,29972.29,3055.83,522160.25,3
SP5-09357,deficit,none,0.00,0.00,0.00,0.00,0.00,4
SP5-09358,deficit,none,0.00,0.00,0.00,0.00,0.00,4
SP5-09359,ok,reserve,48717.37,32478.24,0.00,0.00,0.00,2
SP5-09360,deficit,none,0.00,0.00,0.00,0.00,0.00,4
SP5-09361,deficit,none,0.00,0.00,0.00,0.00,2386706.99,5
SP5-09362,ok,debt,0.00,952.99,0.00,0.00,4942.09,3
SP5-09363,ok,goals+,0.00,0.00,0.00,1734888.92,83661797.93,2
SP5-09364,invalid,none,0.00,0.00,0.00,0.00,0.00,5
SP5-09365,deficit,none,0.00,0.00,0.00,0.00,0.00,4
SP5-09366,invalid,none,0.00,0.00,0.00,0.00,0.00,5
SP5-09367,deficit,none,0.00,0.00,0.00,0.00,0.00,4
SP5-09368,invalid,none,0.00,0.00,0.00,0.00,0.00,5
SP5-09369,deficit,none,0.00,0.00,0.00,0.00,6572065.98,5
SP5-09370,ok,debt,0.00,13526.64,0.00,0.00,118614.62,3
SP5-09371,ok,goals+,0.00,0.00,4514.02,0.00,25262.95,3
SP5-09372,deficit,none,0.00,0.00,0.00,0.00,3030629.04,5
SP5-09373,ok,reserve,27705.64,0.00,0.00,0.00,0.00,4
SP5-09374,ok,goals+,0.00,0.00,8395.17,0.00,0.00,2
SP5-09375,ok,reserve,861.30,574.20,75.55,0.00,0.00,2
SP5-09376,ok,goals+,0.00,0.00,3219.94,0.00,0.00,3
SP5-09377,ok,debt,0.00,2985508.60,0.00,0.00,3537651.46,2
SP5-09378,deficit,none,0.00,0.00,0.00,0.00,24172.67,5
SP5-09379,deficit,none,0.00,0.00,0.00,0.00,0.00,4
SP5-09380,ok,goals+,0.00,0.00,1809286.12,1136177.52,28905574.45,2
SP5-09381,ok,reserve,49673.12,0.00,0.00,0.00,0.00,5
SP5-09328,ok,debt,6544.73,15271.04,1148.20,0.00,0.00,3
SP5-09328,deficit,none,0.00,0.00,0.00,0.00,0.00,4
SP5-09384,ok,debt,1649.10,3847.91,0.00,0.00,0.00,4
SP5-09385,ok,debt,0.00,34044.49,0.00,0.00,45223.17,3
SP5-09386,ok,debt,0.00,1950722.11,0.00,0.00,2859517.53,2
SP5-09387,deficit,none,0.00,0.00,0.00,0.00,2771636.20,5
SP5-09388,ok,reserve,14650.80,9767.20,0.00,0.00,0.00,2
SP5-09389,ok,reserve,7056.40,4704.26,0.00,0.00,0.00,2
SP5-09390,ok,reserve,6787.30,0.00,0.00,0.00,0.00,3
SP5-09391,deficit,none,0.00,0.00,0.00,0.00,0.00,4
SP5-09392,deficit,none,0.00,0.00,0.00,0.00,0.00,4
SP5-09393,deficit,none,0.00,0.00,0.00,0.00,0.00,4
SP5-09394,ok,goals+,0.00,0.00,827128.18,0.00,3349408.54,2
SP5-09395,ok,goals+,6536.12,0.00,4331.61,7600.35,0.00,3
SP5-09396,ok,reserve,262670.77,0.00,0.00,0.00,0.00,2
SP5-09397,ok,goals+,0.00,0.00,946856.37,0.00,5556849.61,2
SP5-09398,ok,goals+,4527.07,0.00,8698.71,0.00,0.00,3
SP5-09399,ok,reserve,2207.03,0.00,0.00,0.00,0.00,3
SP5-09400,deficit,none,0.00,0.00,0.00,0.00,729334.71,5
SP5-09401,ok,reserve,3257.35,2171.56,285.73,0.00,0.00,2
SP5-09402,ok,reserve,33397.56,0.00,0.00,0.00,0.00,3
SP5-09403,ok,debt,0.00,2859716.32,0.00,0.00,238846.30,2
SP5-09404,ok,reserve,17865.16,0.00,0.00,0.00,0.00,4
SP5-09405,ok,goals+,0.00,0.00,2270226.96,0.00,126821537.94,2
SP5-09406,ok,reserve,14650.80,9767.20,0.00,0.00,0.00,2
SP5-09407,ok,debt,781.77,1172.65,0.00,0.00,18354.53,2
SP5-09408,ok,debt,0.00,3221.22,0.00,0.00,143567.52,3
SP5-09409,ok,debt,3064.76,7151.10,0.00,0.00,0.00,3
SP5-09410,ok,reserve,6260.79,0.00,0.00,0.00,0.00,5
SP5-09411,ok,goals+,294.41,686.95,16683.12,0.00,0.00,2
SP5-09412,ok,reserve,56648.21,0.00,0.00,0.00,0.00,4
SP5-09413,ok,reserve,32129.86,0.00,0.00,0.00,0.00,3
SP5-09414,deficit,none,0.00,0.00,0.00,0.00,66192.69,5
SP5-09415,ok,debt,21783.01,50827.01,0.00,0.00,0.00,3
SP5-09416,deficit,none,0.00,0.00,0.00,0.00,21250997.54,5
SP5-09417,ok,reserve,1.00,0.00,0.00,0.00,0.00,3
SP5-09418,ok,reserve,16468.85,0.00,0.00,0.00,0.00,3
SP5-09419,ok,goals+,0.00,0.00,48369.95,42882.62,545569.92,3
SP5-09420,deficit,none,0.00,0.00,0.00,0.00,125066.38,5
SP5-09421,ok,goals+,0.00,0.00,17064.30,3766.68,0.00,4
SP5-09422,ok,reserve,74418.22,0.00,0.00,0.00,0.00,5
SP5-09423,deficit,none,0.00,0.00,0.00,0.00,2554432.44,5
SP5-09424,ok,reserve,4432.88,0.00,0.00,0.00,0.00,3
SP5-09425,ok,goals+,0.00,0.00,18305.07,9575.03,1088640.98,3
SP5-09426,ok,goals+,0.00,0.00,3164.77,0.00,14575.42,3
SP5-09427,ok,debt,0.00,5156168.62,116286.24,0.00,547584.49,2
SP5-09428,ok,goals+,0.00,0.00,1517061.78,0.00,2062758.14,2
SP5-09429,ok,reserve,2216.72,1477.82,0.00,0.00,43216.26,2
SP5-09430,ok,reserve,1539.88,0.00,0.00,0.00,0.00,4
SP5-09431,ok,goals+,0.00,0.00,9143.63,6873.10,5028114.32,3
SP5-09432,ok,reserve,3340.81,2227.21,0.00,0.00,0.00,2
SP5-09433,ok,reserve,3255.55,2170.36,285.57,0.00,0.00,2
SP5-09434,invalid,none,0.00,0.00,0.00,0.00,0.00,5
SP5-09435,deficit,none,0.00,0.00,0.00,0.00,17586.33,5
SP5-09436,deficit,none,0.00,0.00,0.00,0.00,913969.56,5
SP5-09437,ok,reserve,3389.36,0.00,0.00,0.00,0.00,3
SP5-09438,ok,goals+,0.00,0.00,2469.63,0.00,151524.10,3
SP5-09439,ok,reserve,14486.74,0.00,0.00,0.00,0.00,3
SP5-09440,deficit,none,0.00,0.00,0.00,0.00,0.00,4
SP5-09441,ok,reserve,12713.43,0.00,0.00,0.00,0.00,5
SP5-09442,ok,reserve,4804.97,0.00,0.00,0.00,0.00,5
SP5-09443,ok,debt,0.00,109611.74,0.00,0.00,9333.68,3
SP5-09444,ok,debt,3064.76,7151.10,0.00,0.00,0.00,3
SP5-09445,ok,reserve,88136.53,0.00,0.00,0.00,0.00,4
SP5-09446,ok,goals+,0.00,0.00,21619.76,0.00,3549465.48,3
SP5-09447,ok,goals+,0.00,0.00,1168703.93,2635478.16,4448023.75,2
SP5-09448,deficit,none,0.00,0.00,0.00,0.00,165164.78,5
SP5-09449,deficit,none,0.00,0.00,0.00,0.00,0.00,4
SP5-09450,ok,goals+,0.00,0.00,978909.08,911063.30,32653818.41,2
SP5-09451,ok,debt,1157.58,2701.03,0.00,0.00,0.00,3
SP5-09452,deficit,none,0.00,0.00,0.00,0.00,195972.98,5
SP5-09453,ok,goals+,0.00,0.00,616.38,0.00,301368.94,3
SP5-09454,ok,reserve,28371.46,0.00,16200.47,0.00,0.00,3
SP5-09455,ok,debt,4315.85,10070.30,0.00,0.00,0.00,3
SP5-09456,deficit,none,0.00,0.00,0.00,0.00,261547.45,5
SP5-09457,ok,goals+,1335241.41,0.00,1499329.76,9124.67,0.00,2
SP5-09458,ok,goals+,0.00,0.00,6138.52,308.22,0.00,4
SP5-09459,ok,reserve,3677.87,0.00,0.00,0.00,0.00,5
SP5-09460,deficit,none,0.00,0.00,0.00,0.00,399973.58,5
SP5-09461,deficit,none,0.00,0.00,0.00,0.00,1093566.36,5
SP5-09462,ok,reserve,30342.52,0.00,0.00,0.00,0.00,4
SP5-09463,deficit,none,0.00,0.00,0.00,0.00,0.00,4
SP5-09464,ok,reserve,17602.09,0.00,0.00,0.00,0.00,2
SP5-09465,ok,reserve,1211.40,807.60,0.00,0.00,25195.73,2
SP5-09466,ok,goals+,0.00,0.00,21072.47,3064.59,0.00,3
SP5-09467,ok,reserve,17082.55,0.00,0.00,0.00,0.00,4
SP5-09468,ok,reserve,21193.33,0.00,0.00,0.00,0.00,4
SP5-09469,deficit,none,0.00,0.00,0.00,0.00,20404364.66,5
SP5-09470,ok,goals+,0.00,0.00,36493.15,53357.42,859750.42,3
SP5-09471,ok,debt,0.00,5886417.57,0.00,0.00,1051277.57,2
SP5-09472,ok,none,0.00,0.00,0.00,0.00,0.00,5
SP5-09473,ok,goals+,0.00,0.00,33424.10,5000.51,1059389.48,3
SP5-09474,deficit,none,0.00,0.00,0.00,0.00,75884.69,5
SP5-09475,ok,goals+,0.00,0.00,522600028.78,482322403.70,1376774072.46,2
SP5-09476,ok,goals+,0.00,0.00,0.00,4766.67,65958.85,3
SP5-09477,ok,reserve,1.00,0.00,0.00,0.00,0.00,3
SP5-09478,ok,reserve,6509.48,0.00,0.00,0.00,0.00,5
SP5-09479,deficit,none,0.00,0.00,0.00,0.00,27896965.36,5
SP5-09480,ok,goals+,0.00,0.00,5819.62,0.00,28172.07,4
SP5-09481,ok,reserve,15278.03,0.00,0.00,0.00,0.00,5
SP5-09482,deficit,none,0.00,0.00,0.00,0.00,531791.15,5
SP5-09483,deficit,none,0.00,0.00,0.00,0.00,16582794.06,5
SP5-09484,ok,goals+,380.63,888.13,8238.16,0.00,0.00,2
SP5-09485,ok,debt,0.00,11458.83,0.00,0.00,126051.96,3
SP5-09486,ok,debt,2854.92,6661.48,0.00,0.00,98620.39,3
SP5-09487,deficit,none,0.00,0.00,0.00,0.00,0.00,4
SP5-09488,ok,reserve,1560085.33,0.00,0.00,0.00,0.00,2
SP5-09489,ok,reserve,6398.34,4265.56,0.00,0.00,23864.99,2
SP5-09490,deficit,none,0.00,0.00,0.00,0.00,4474865.21,5
SP5-09491,ok,goals+,0.00,0.00,1113341.84,272530.95,659383.65,2
SP5-09492,deficit,none,0.00,0.00,0.00,0.00,2396170.18,5
SP5-09362,ok,reserve,20313.28,0.00,0.00,0.00,0.00,4
SP5-09494,ok,reserve,7876.81,0.00,0.00,0.00,0.00,4
SP5-09495,invalid,none,0.00,0.00,0.00,0.00,0.00,5
SP5-09496,ok,reserve,25363.53,0.00,11064.22,0.00,0.00,1
SP5-09497,deficit,none,0.00,0.00,0.00,0.00,0.00,4
SP5-07148,invalid,none,0.00,0.00,0.00,0.00,0.00,5
SP5-09499,ok,debt,4550.71,6826.06,0.00,0.00,317920.64,2
SP5-09500,ok,debt,806.32,1881.41,0.00,0.00,0.00,3
SP5-09501,ok,reserve,4045.34,2696.89,0.00,0.00,0.00,2
SP5-09502,deficit,none,0.00,0.00,0.00,0.00,13327542.28,5
SP5-09503,deficit,none,0.00,0.00,0.00,0.00,6632877.07,5
SP5-09504,ok,reserve,50076.79,0.00,0.00,0.00,0.00,3
SP5-09505,ok,reserve,12862.82,0.00,0.00,0.00,0.00,5
SP5-09506,deficit,none,0.00,0.00,0.00,0.00,0.00,4
SP5-09507,ok,goals+,2229.38,0.00,5758.15,0.00,0.00,2
SP5-09508,ok,reserve,7241.47,0.00,2173.36,0.00,0.00,2
SP5-09509,ok,debt,17760.37,41440.87,0.00,0.00,0.00,3
SP5-09510,deficit,none,0.00,0.00,0.00,0.00,0.00,4
SP5-09511,ok,reserve,12707.16,0.00,0.00,0.00,49877.54,3
SP5-09512,ok,debt,1514.70,3682.02,0.00,0.00,0.00,3
SP5-09513,ok,goals+,0.00,0.00,321109250.65,406841678.22,3580769363.06,2
SP5-09514,ok,debt,843951.80,1969220.85,0.00,0.00,0.00,2
SP5-09515,ok,goals+,0.00,0.00,3811.82,0.00,0.00,2
SP5-09516,ok,goals+,0.00,0.00,12237.26,16417.63,10086.42,3
SP5-09517,ok,debt,0.00,110382.29,0.00,0.00,35534.82,3
SP5-09518,ok,goals+,0.00,0.00,2017009.86,2001731.55,26955306.09,2
SP5-09519,invalid,none,0.00,0.00,0.00,0.00,0.00,5
SP5-09520,deficit,none,0.00,0.00,0.00,0.00,0.00,4
SP5-09521,deficit,none,0.00,0.00,0.00,0.00,0.00,4
SP5-09522,invalid,none,0.00,0.00,0.00,0.00,0.00,5
SP5-09523,ok,reserve,21973.61,0.00,0.00,0.00,0.00,5
SP5-09524,ok,goals+,0.00,0.00,35279.58,116626.55,1443540.85,3
SP5-09525,ok,reserve,2146.33,1430.89,0.00,0.00,0.00,2
SP5-09526,ok,debt,2300.76,5368.43,0.00,0.00,0.00,3
SP5-09527,deficit,none,0.00,0.00,0.00,0.00,1277240.13,5
SP5-09528,ok,reserve,2109.91,0.00,0.00,0.00,0.00,2
SP5-09529,ok,goals+,0.00,0.00,3047512.73,628218.20,3456248.89,2
SP5-09530,ok,goals+,0.00,0.00,1616016.28,6466.77,0.00,2
SP5-09531,invalid,none,0.00,0.00,0.00,0.00,0.00,5
SP5-09532,deficit,none,0.00,0.00,0.00,0.00,0.00,4
SP5-09533,ok,reserve,4910.82,3273.88,430.77,0.00,0.00,2
SP5-09534,invalid,none,0.00,0.00,0.00,0.00,0.00,5
SP5-09535,ok,reserve,11864.38,0.00,0.00,0.00,0.00,4
SP5-09536,ok,goals+,0.00,0.00,7325.46,0.00,0.00,2
SP5-09537,ok,goals+,0.00,0.00,23560.02,0.00,2280601.63,3
SP5-09538,ok,goals+,0.00,0.00,435264.19,207632.89,142155373.10,2
SP5-09539,ok,debt,0.00,3612588.46,0.00,0.00,288001.55,2
SP5-09540,ok,goals+,0.00,0.00,0.00,411941.50,87198288.75,2
SP5-09541,ok,reserve,5605.13,0.00,0.00,0.00,0.00,5
SP5-09542,ok,debt,3013.10,4519.64,0.00,0.00,17788.30,2
SP5-09543,ok,goals+,0.00,0.00,664800.00,985518.17,1175361.28,2
SP5-09544,ok,debt,0.00,5927.71,311.99,0.00,19828.52,3
SP5-09545,invalid,none,0.00,0.00,0.00,0.00,0.00,5
SP5-09546,ok,reserve,2777.82,0.00,0.00,0.00,0.00,4
SP5-09547,ok,reserve,42005.87,28003.91,0.00,0.00,0.00,2
SP5-09548,ok,debt,0.00,88824.19,0.00,0.00,1676435.39,2
SP5-09549,deficit,none,0.00,0.00,0.00,0.00,597707.21,5
SP5-09550,ok,reserve,2697.00,0.00,0.00,0.00,0.00,5
SP5-09551,deficit,none,0.00,0.00,0.00,0.00,0.00,4
SP5-09552,deficit,none,0.00,0.00,0.00,0.00,0.00,4
SP5-09553,ok,goals+,11277.46,7518.30,52703.72,0.00,0.00,2
SP5-09554,ok,goals+,0.00,0.00,163112.49,16210.73,1862609.18,2
SP5-09555,ok,goals+,0.00,0.00,20777.44,19691.30,265177.12,3
SP5-09556,ok,reserve,1.00,0.00,0.00,0.00,0.00,5
SP5-09557,ok,reserve,19891.53,13261.02,0.00,0.00,0.00,2
SP5-09558,ok,debt,729.27,1701.64,0.00,0.00,0.00,3
SP5-09559,deficit,none,0.00,0.00,0.00,0.00,286028.32,5
SP5-09560,ok,debt,9027.16,21063.36,0.00,0.00,0.00,3
SP5-09561,ok,reserve,60040.44,0.00,0.00,0.00,0.00,5
SP5-09562,ok,goals+,0.00,0.00,5182.79,0.00,86677.96,4
SP5-09563,ok,reserve,9470.22,0.00,0.00,0.00,0.00,3
SP5-09564,ok,reserve,1089.21,0.00,0.00,0.00,0.00,4
SP5-09565,ok,debt,0.00,4243498.82,0.00,0.00,937019.87,2
SP5-09566,invalid,none,0.00,0.00,0.00,0.00,0.00,5
SP5-09567,invalid,none,0.00,0.00,0.00,0.00,0.00,5
SP5-09568,ok,goals+,0.00,0.00,14510.13,0.00,2387645.97,3
SP5-09569,ok,reserve,11525.44,0.00,0.00,0.00,0.00,4
SP5-09570,ok,reserve,8579.65,5719.77,0.00,0.00,5987.56,2
SP5-09571,ok,reserve,26809.52,17873.01,0.00,0.00,0.00,2
SP5-09572,ok,goals+,3908.11,9118.91,29101.48,0.00,0.00,2
SP5-09573,ok,reserve,2774.74,1849.82,0.00,0.00,0.00,2
SP5-09574,deficit,none,0.00,0.00,0.00,0.00,0.00,4
SP5-09575,ok,debt,6107.61,72206.87,0.00,0.00,14397.26,3
SP5-09576,ok,goals+,0.00,0.00,37351.63,0.00,57649.17,3
SP5-09577,ok,reserve,1081.92,0.00,0.00,0.00,0.00,5
SP5-09578,ok,reserve,3201.92,0.00,0.00,0.00,0.00,3
SP5-09579,ok,reserve,23953.88,15969.26,0.00,0.00,0.00,2
SP5-09580,invalid,none,0.00,0.00,0.00,0.00,0.00,5
SP5-09581,ok,goals+,0.00,0.00,3082.14,0.00,18179.55,4
SP5-09582,ok,reserve,16493.51,0.00,0.00,0.00,0.00,5
SP5-09583,ok,reserve,1852.48,0.00,0.00,0.00,0.00,3
SP5-09584,ok,reserve,11293.70,0.00,0.00,0.00,34850.32,3
SP5-09585,ok,reserve,1760.71,1173.80,0.00,0.00,0.00,2
SP5-09586,deficit,none,0.00,0.00,0.00,0.00,0.00,4
SP5-09587,deficit,none,0.00,0.00,0.00,0.00,0.00,4
SP5-09588,ok,goals+,0.00,0.00,178479.45,70609.43,3215136.58,3
SP5-09589,deficit,none,0.00,0.00,0.00,0.00,0.00,4
SP5-09590,deficit,none,0.00,0.00,0.00,0.00,0.00,4
SP5-09591,ok,debt,5751.60,13420.41,0.00,0.00,0.00,3
SP5-09592,ok,goals+,0.00,0.00,2384.03,0.00,433323.91,3
SP5-09593,deficit,none,0.00,0.00,0.00,0.00,251817.42,5
SP5-09594,deficit,none,0.00,0.00,0.00,0.00,251817.42,5
SP5-09595,invalid,none,0.00,0.00,0.00,0.00,0.00,5
SP5-09596,ok,goals+,0.00,0.00,10761.47,0.00,0.00,4
SP5-09597,deficit,none,0.00,0.00,0.00,0.00,6303289.18,5
SP5-09598,deficit,none,0.00,0.00,0.00,0.00,0.00,4
SP5-09599,ok,goals+,0.00,0.00,0.00,56293.28,365614.44,5
SP5-09600,deficit,none,0.00,0.00,0.00,0.00,4523219.12,5
SP5-09601,ok,goals+,0.00,0.00,543520429.27,195386938.25,5590568720.72,2
SP5-09602,ok,reserve,19566.14,0.00,0.00,0.00,0.00,3
SP5-09603,invalid,none,0.00,0.00,0.00,0.00,0.00,5
SP5-09604,deficit,none,0.00,0.00,0.00,0.00,0.00,4
SP5-09605,deficit,none,0.00,0.00,0.00,0.00,0.00,4
SP5-09606,ok,debt,3035.52,4553.27,0.00,0.00,43864.30,2
SP5-09607,deficit,none,0.00,0.00,0.00,0.00,20493905.78,5
SP5-09608,ok,reserve,6105.52,4070.35,0.00,0.00,0.00,2
SP5-09609,ok,reserve,27.10,0.00,0.00,0.00,0.00,2
SP5-09610,ok,reserve,1.00,0.00,0.00,0.00,0.00,3
SP5-09611,ok,reserve,20281.64,0.00,0.00,0.00,0.00,4
SP5-09612,deficit,none,0.00,0.00,0.00,0.00,0.00,4
SP5-09613,deficit,none,0.00,0.00,0.00,0.00,15263051.81,5
SP5-09614,ok,debt,0.00,10281.35,0.00,0.00,59415.83,3
SP5-09615,ok,reserve,14410.35,9606.90,0.00,0.00,66524.23,2
SP5-09616,ok,none,0.00,0.00,0.00,0.00,0.00,5
SP5-09617,ok,reserve,5957.70,0.00,0.00,0.00,0.00,3
SP5-09618,invalid,none,0.00,0.00,0.00,0.00,0.00,5
SP5-09619,ok,debt,1091327.25,2546430.26,0.00,0.00,0.00,2
SP5-09620,deficit,none,0.00,0.00,0.00,0.00,0.00,4
SP5-09621,ok,debt,4671.42,10899.97,0.00,0.00,0.00,3
SP5-09622,ok,reserve,76881.04,51254.02,0.00,0.00,0.00,2
SP5-09623,ok,reserve,146319.40,0.00,0.00,0.00,0.00,3
SP5-09624,ok,reserve,32412.83,21608.56,0.00,0.00,0.00,2
SP5-09625,deficit,none,0.00,0.00,0.00,0.00,1045139.04,5
SP5-09626,ok,reserve,10234.93,6823.28,0.00,0.00,0.00,2
SP5-09627,ok,reserve,8806.73,0.00,0.00,0.00,0.00,5
SP5-09628,ok,reserve,45056.36,0.00,0.00,0.00,0.00,3
SP5-09629,ok,reserve,50389.44,0.00,9911.68,0.00,0.00,3
SP5-09630,deficit,none,0.00,0.00,0.00,0.00,0.00,4
SP5-09631,deficit,none,0.00,0.00,0.00,0.00,3771444.47,5
SP5-09632,ok,reserve,38866.68,0.00,0.00,0.00,0.00,4
SP5-09633,deficit,none,0.00,0.00,0.00,0.00,1527513.55,5
SP5-09634,ok,goals+,0.00,0.00,1423179.49,0.00,10704208.03,2
SP5-09635,ok,debt,0.00,25561.77,0.00,0.00,127918.31,3
SP5-09636,deficit,none,0.00,0.00,0.00,0.00,634071.88,5
SP5-09637,ok,reserve,2875.04,0.00,0.00,0.00,0.00,4
SP5-09638,deficit,none,0.00,0.00,0.00,0.00,1487276.54,5
SP5-09639,deficit,none,0.00,0.00,0.00,0.00,617453.16,5
SP5-09640,ok,debt,3666.10,8554.22,0.00,0.00,0.00,3
SP5-09641,ok,goals+,0.00,0.00,0.00,2317402.89,13484380.75,2
SP5-09642,deficit,none,0.00,0.00,0.00,0.00,13574097.08,5
SP5-09643,deficit,none,0.00,0.00,0.00,0.00,16638.60,5
SP5-09644,deficit,none,0.00,0.00,0.00,0.00,80040354.09,5
SP5-09645,ok,debt,4671.42,10899.97,0.00,0.00,0.00,3
SP5-09646,ok,debt,0.00,75623.20,0.00,0.00,1518986.01,2
SP5-09647,ok,debt,0.00,23556.95,0.00,0.00,33335.22,3
SP5-09648,ok,debt,2834.83,4252.24,0.00,0.00,33007.79,2
SP5-09649,ok,debt,3610.44,8424.35,633.41,0.00,0.00,3
SP5-09650,ok,reserve,3679.66,0.00,0.00,0.00,11865.66,3
SP5-09651,deficit,none,0.00,0.00,0.00,0.00,0.00,4
SP5-09652,ok,reserve,861005.29,0.00,0.00,0.00,0.00,2
SP5-09653,ok,goals+,0.00,0.00,0.00,22328.80,8439.22,5
SP5-09654,ok,goals+,0.00,0.00,3266966.21,0.00,15058.87,2
SP5-09655,ok,goals+,0.00,0.00,66323.46,48948.53,1519925.92,3
SP5-09656,ok,goals+,0.00,0.00,1536457.36,324583.14,3074795.55,2
SP5-09598,ok,reserve,54311.84,0.00,0.00,0.00,0.00,3
SP5-09658,ok,debt,1620.56,3781.31,0.00,0.00,0.00,3
SP5-09659,deficit,none,0.00,0.00,0.00,0.00,0.00,4
SP5-09660,ok,reserve,8326.75,0.00,0.00,0.00,0.00,5
SP5-09661,deficit,none,0.00,0.00,0.00,0.00,0.00,4
SP5-09662,deficit,none,0.00,0.00,0.00,0.00,8161963.57,5
SP5-09663,ok,goals+,0.00,0.00,847715.52,120707.35,4131886.17,2
SP5-09664,deficit,none,0.00,0.00,0.00,0.00,0.00,4
SP5-09665,ok,reserve,9808.33,0.00,0.00,0.00,0.00,5
SP5-09666,ok,goals+,40827.53,0.00,29698.91,42676.47,0.00,3
SP5-09667,deficit,none,0.00,0.00,0.00,0.00,5552471.12,5
SP5-09668,ok,reserve,18726.44,0.00,0.00,0.00,0.00,5
SP5-09669,ok,debt,712.64,1068.95,0.00,0.00,3457.46,2
SP5-09608,ok,goals+,32540.72,0.00,85878.69,0.00,0.00,4
SP5-09671,deficit,none,0.00,0.00,0.00,0.00,0.00,4
SP5-09672,ok,goals+,0.00,0.00,35870.36,20717.11,1204000.08,3
SP5-09673,ok,debt,217648.86,832980.31,0.00,0.00,0.00,2
SP5-09674,ok,debt,6897.99,10346.98,0.00,0.00,147643.20,2
SP5-09675,deficit,none,0.00,0.00,0.00,0.00,691111.53,5
SP5-09676,deficit,none,0.00,0.00,0.00,0.00,6754811.62,5
SP5-09677,ok,reserve,1065.11,710.07,0.00,0.00,0.00,2
SP5-09678,ok,debt,0.00,23840.72,0.00,0.00,196477.43,3
SP5-09679,deficit,none,0.00,0.00,0.00,0.00,0.00,4
SP5-09680,ok,reserve,27962.78,0.00,0.00,0.00,0.00,5
SP5-09681,deficit,none,0.00,0.00,0.00,0.00,8659924.74,5
SP5-09531,invalid,none,0.00,0.00,0.00,0.00,0.00,5
SP5-09683,deficit,none,0.00,0.00,0.00,0.00,5258018.44,5
SP5-09684,invalid,none,0.00,0.00,0.00,0.00,0.00,5
SP5-09685,deficit,none,0.00,0.00,0.00,0.00,890533.54,5
SP5-09686,deficit,none,0.00,0.00,0.00,0.00,33532550.41,5
SP5-09687,ok,reserve,60378.09,0.00,0.00,0.00,0.00,4
SP5-09688,deficit,none,0.00,0.00,0.00,0.00,0.00,4
SP5-09689,ok,reserve,8808.79,5872.53,0.00,0.00,0.00,2
SP5-09690,ok,reserve,8808.79,5872.53,0.00,0.00,0.00,2
SP5-09691,deficit,none,0.00,0.00,0.00,0.00,0.00,4
SP5-09692,ok,reserve,1678.93,0.00,0.00,0.00,0.00,3
SP5-09693,deficit,none,0.00,0.00,0.00,0.00,4656171.06,5
SP5-09694,invalid,none,0.00,0.00,0.00,0.00,0.00,5
SP5-09695,deficit,none,0.00,0.00,0.00,0.00,0.00,4
SP5-09696,invalid,none,0.00,0.00,0.00,0.00,0.00,5
SP5-09697,deficit,none,0.00,0.00,0.00,0.00,6929499.45,5
SP5-09698,ok,goals+,0.00,0.00,29826.64,0.00,447988.93,2
SP5-09699,deficit,none,0.00,0.00,0.00,0.00,0.00,4
SP5-09700,deficit,none,0.00,0.00,0.00,0.00,845705.03,5
SP5-09701,ok,goals+,0.00,0.00,0.00,5990.78,1533391.43,3
SP5-09702,ok,goals+,0.00,0.00,700597.96,475607.21,10359944.81,2
SP5-09703,deficit,none,0.00,0.00,0.00,0.00,44133753.87,5
SP5-09704,deficit,none,0.00,0.00,0.00,0.00,160569.65,5
SP5-09705,ok,debt,0.00,1653662.81,0.00,0.00,4681251.72,2
SP5-09706,ok,goals+,0.00,0.00,7978.81,2794.46,32563.56,3
SP5-09707,invalid,none,0.00,0.00,0.00,0.00,0.00,5
SP5-09708,ok,reserve,5792.90,0.00,0.00,0.00,0.00,5
SP5-09709,ok,goals+,0.00,0.00,542286.00,3044298.89,33147311.22,2
SP5-09710,ok,goals+,0.00,0.00,4629.52,0.00,236854.76,2
SP5-09711,ok,reserve,10345.39,0.00,0.00,0.00,0.00,2
SP5-09712,ok,goals+,0.00,0.00,31082.39,0.00,30371686.76,2
SP5-09713,invalid,none,0.00,0.00,0.00,0.00,0.00,5
SP5-09714,ok,debt,313052.54,730455.94,0.00,0.00,0.00,2
SP5-09715,ok,reserve,1853.92,1235.94,0.00,0.00,0.00,2
SP5-09716,ok,reserve,8670.55,5780.37,0.00,0.00,0.00,2
SP5-09717,ok,debt,6067.62,14157.79,0.00,0.00,0.00,3
SP5-09718,ok,goals+,0.00,0.00,23224.46,9649.35,900553.33,3
SP5-09719,deficit,none,0.00,0.00,0.00,0.00,10920476.68,5
SP5-09720,ok,debt,0.00,1988697.78,104668.30,0.00,2690411.18,2
SP5-09721,ok,debt,0.00,3927.39,0.00,0.00,185663.40,3
SP5-09722,deficit,none,0.00,0.00,0.00,0.00,54057.15,5
SP5-09723,deficit,none,0.00,0.00,0.00,0.00,13118653.22,5
SP5-09724,ok,reserve,53575.93,0.00,0.00,0.00,101594.64,2
SP5-09725,ok,debt,0.00,2772.82,0.00,0.00,27998.45,3
SP5-09726,ok,goals+,0.00,0.00,878429.83,142570.63,1729196.29,2
SP5-09727,ok,goals+,0.00,0.00,167706.74,524002.78,70829105.40,2
SP5-09728,ok,debt,39924.81,93157.88,7004.35,0.00,0.00,3
SP5-09729,ok,reserve,1367.08,98.20,0.00,0.00,0.00,3
SP5-09730,deficit,none,0.00,0.00,0.00,0.00,0.00,4
SP5-09731,deficit,none,0.00,0.00,0.00,0.00,0.00,4
SP5-09732,deficit,none,0.00,0.00,0.00,0.00,3118561.50,5
SP5-11942,invalid,none,0.00,0.00,0.00,0.00,0.00,5
SP5-09734,deficit,none,0.00,0.00,0.00,0.00,0.00,4
SP5-09735,deficit,none,0.00,0.00,0.00,0.00,308869.30,5
SP5-09736,deficit,none,0.00,0.00,0.00,0.00,0.00,4
SP5-09737,ok,reserve,7409.51,0.00,0.00,0.00,0.00,5
SP5-09738,deficit,none,0.00,0.00,0.00,0.00,120963.63,5
SP5-09739,ok,debt,82.46,192.39,0.00,0.00,0.00,3
SP5-09740,ok,goals+,0.00,0.00,8877.76,0.00,6012.37,3
SP5-09741,ok,goals+,0.00,0.00,2178283.12,1095647.23,27984316.48,2
SP5-09742,ok,debt,0.00,141530.49,0.00,0.00,157350.47,2
SP5-09743,ok,reserve,10266.06,0.00,0.00,0.00,0.00,3
SP5-09744,ok,reserve,58304.12,0.00,0.00,0.00,0.00,4
SP5-09745,deficit,none,0.00,0.00,0.00,0.00,20507314.84,5
SP5-09746,ok,goals+,0.00,0.00,10827.07,9935.96,79709.84,3
SP5-09747,ok,reserve,15024.68,0.00,0.00,0.00,0.00,4
SP5-09748,ok,goals+,0.00,0.00,11559.50,0.00,4791036.58,2
SP5-09749,ok,goals+,0.00,0.00,10133.35,401.65,0.00,4
SP5-09750,ok,reserve,4549.67,3033.12,0.00,0.00,0.00,2
SP5-09751,ok,reserve,1334.00,0.00,0.00,0.00,0.00,4
SP5-09752,ok,reserve,3043.87,2029.24,0.00,0.00,0.00,2
SP5-09753,ok,debt,0.00,1769217.96,0.00,0.00,2422402.62,2
SP5-09754,ok,reserve,497.37,0.00,0.00,0.00,0.00,5
SP5-09755,ok,goals+,0.00,0.00,123366.26,19195.79,3443303.95,3
SP5-09756,ok,goals+,0.00,0.00,4389.38,5776.93,19665.56,3
SP5-09757,ok,goals+,0.00,0.00,760933.70,398058.39,8499546.63,2
SP5-09758,ok,goals+,0.00,0.00,442123.94,223351.22,13580806.04,2
SP5-09759,ok,goals+,0.00,0.00,3784.55,0.00,0.00,4
SP5-09760,ok,goals+,0.00,0.00,220360.52,0.00,0.00,2
SP5-09761,ok,debt,269346.65,628475.52,0.00,0.00,0.00,2
SP5-09762,ok,reserve,9397.48,0.00,0.00,0.00,0.00,4
SP5-09763,deficit,none,0.00,0.00,0.00,0.00,771349.88,5
SP5-09764,deficit,none,0.00,0.00,0.00,0.00,882527.11,5
SP5-09765,ok,goals+,0.00,0.00,10029.86,4941.19,55346.97,3
SP5-09766,ok,reserve,10541.34,0.00,0.00,0.00,0.00,5
SP5-09767,ok,reserve,3043.87,2029.24,0.00,0.00,0.00,2
SP5-09768,ok,goals+,0.00,0.00,27040.47,8086.40,1189306.47,3
SP5-09769,ok,goals+,0.00,0.00,36806.79,25125.80,313820.68,3
SP5-09770,ok,debt,0.00,56304.56,2963.40,0.00,280394.96,3
SP5-09771,deficit,none,0.00,0.00,0.00,0.00,39125.56,5
SP5-09772,ok,none,0.00,0.00,0.00,0.00,0.00,5
SP5-09773,ok,goals+,0.00,0.00,6018.63,0.00,0.00,2
SP5-09774,invalid,none,0.00,0.00,0.00,0.00,0.00,5
SP5-09775,ok,reserve,35807.00,0.00,0.00,0.00,0.00,4
SP5-09776,ok,goals+,0.00,0.00,11134.79,0.00,62714.02,3
SP5-09777,ok,goals+,0.00,0.00,1809379.49,1591460.82,3079737.73,2
SP5-09778,ok,goals+,0.00,0.00,17910.73,0.00,8761.06,2
SP5-09779,ok,goals+,1881.43,0.00,0.00,5591.21,0.00,3
SP5-09780,ok,debt,7565.60,17653.08,1327.30,0.00,0.00,3
SP5-09781,deficit,none,0.00,0.00,0.00,0.00,0.00,4
SP5-09782,ok,goals+,0.00,0.00,694.69,0.00,510359.08,3
SP5-09783,deficit,none,0.00,0.00,0.00,0.00,178288286.93,5
SP5-09784,ok,reserve,55163.45,0.00,0.00,0.00,0.00,3
SP5-09785,ok,goals+,0.00,0.00,258781.39,0.00,15632578.45,2
SP5-09786,ok,reserve,7263.42,1616.58,467.37,0.00,0.00,5
SP5-09787,ok,goals+,0.00,0.00,5398.22,0.00,0.00,2
SP5-09788,ok,reserve,6086.49,0.00,0.00,0.00,0.00,5
SP5-09789,ok,reserve,33445.82,0.00,0.00,0.00,0.00,5
SP5-09790,ok,goals+,0.00,0.00,12140.98,6461.13,10256.11,3
SP5-09791,invalid,none,0.00,0.00,0.00,0.00,0.00,5
SP5-09792,ok,goals+,0.00,0.00,4043.24,879.32,249072.15,3
SP5-09793,deficit,none,0.00,0.00,0.00,0.00,0.00,4
SP5-09794,ok,goals+,643.74,0.00,15916.10,3295.64,0.00,3
SP5-09795,ok,reserve,10351.03,0.00,0.00,0.00,0.00,5
SP5-09796,deficit,none,0.00,0.00,0.00,0.00,53757.14,5
SP5-09797,deficit,none,0.00,0.00,0.00,0.00,0.00,4
SP5-09798,ok,reserve,21350.45,0.00,0.00,0.00,0.00,5
SP5-09799,ok,goals+,0.00,0.00,4412.47,0.00,0.00,2
SP5-09800,ok,debt,2189.80,5109.53,384.18,0.00,0.00,3
SP5-09801,ok,goals+,0.00,0.00,12966.12,0.00,37423.56,3
SP5-09802,ok,reserve,47532.14,0.00,0.00,0.00,0.00,4
SP5-09803,deficit,none,0.00,0.00,0.00,0.00,191540.34,5
SP5-09804,deficit,none,0.00,0.00,0.00,0.00,246947.49,5
SP5-09805,ok,goals+,0.00,0.00,16005.06,0.00,1144133.51,3
SP5-09806,deficit,none,0.00,0.00,0.00,0.00,0.00,4
SP5-09807,ok,goals+,0.00,0.00,8114.27,0.00,0.00,3
SP5-09808,ok,reserve,12781.42,0.00,0.00,0.00,19629.61,3
SP5-09809,ok,reserve,12429.44,0.00,0.00,0.00,0.00,4
SP5-09810,deficit,none,0.00,0.00,0.00,0.00,127533.88,5
SP5-09811,deficit,none,0.00,0.00,0.00,0.00,0.00,4
SP5-09812,ok,reserve,2604.20,0.00,0.00,0.00,0.00,4
SP5-09813,invalid,none,0.00,0.00,0.00,0.00,0.00,5
SP5-09814,deficit,none,0.00,0.00,0.00,0.00,0.00,4
SP5-09815,deficit,none,0.00,0.00,0.00,0.00,1018009.52,5
SP5-09816,ok,debt,4879.55,11385.61,0.00,0.00,11469.30,3
SP5-09817,deficit,none,0.00,0.00,0.00,0.00,100018.04,5
SP5-09818,ok,goals+,0.00,0.00,101472.66,90352.08,36121781.16,2
SP5-09819,ok,goals+,0.00,0.00,33085.09,0.00,0.00,4
SP5-09820,deficit,none,0.00,0.00,0.00,0.00,604996.88,5
SP5-09821,deficit,none,0.00,0.00,0.00,0.00,2393717.77,5
SP5-09822,invalid,none,0.00,0.00,0.00,0.00,0.00,5
SP5-09823,ok,goals+,0.00,0.00,23810.27,0.00,79359.13,3
SP5-09824,ok,none,0.00,0.00,0.00,0.00,1310067.85,2
SP5-09825,deficit,none,0.00,0.00,0.00,0.00,50074.61,5
SP5-09826,ok,debt,4745.36,5333.89,0.00,0.00,0.00,3
SP5-09827,deficit,none,0.00,0.00,0.00,0.00,4588567.01,5
SP5-09828,deficit,none,0.00,0.00,0.00,0.00,0.00,4
SP5-09829,ok,reserve,4999.04,0.00,0.00,0.00,0.00,5
SP5-09830,deficit,none,0.00,0.00,0.00,0.00,145565.76,5
SP5-09831,ok,reserve,21498.99,0.00,0.00,0.00,0.00,4
SP5-09832,deficit,none,0.00,0.00,0.00,0.00,21961887.52,5
SP5-09833,ok,goals+,0.00,0.00,306636.66,687275.91,15960284.22,2
SP5-09834,ok,goals+,0.00,0.00,225560.67,110272.96,391797.60,4
SP5-09835,ok,reserve,11312.75,7541.84,0.00,0.00,0.00,2
SP5-09836,ok,goals+,0.00,0.00,0.00,1074205.13,7731717.53,2
SP5-09837,ok,goals+,0.00,0.00,0.00,1960381.86,9095533.31,2
SP5-09838,deficit,none,0.00,0.00,0.00,0.00,1591609.56,5
SP5-09839,ok,goals+,0.00,0.00,1972322.13,499608.92,27015915.85,2
SP5-09840,ok,goals+,0.00,0.00,21145.88,0.00,0.00,3
SP5-09841,ok,goals+,32797.24,21864.83,83179.30,0.00,0.00,1
SP5-09842,ok,goals+,0.00,0.00,10595.79,0.00,0.00,2
SP5-09843,ok,reserve,5152.42,69.21,274.82,0.00,0.00,5
SP5-09844,ok,goals+,0.00,0.00,10187.06,3061.70,58747.99,3
SP5-09845,ok,reserve,30202.24,0.00,0.00,0.00,0.00,4
SP5-09846,ok,debt,3166.31,7388.07,0.00,0.00,0.00,4
SP5-09847,ok,reserve,11151.08,0.00,0.00,0.00,0.00,5
SP5-09848,ok,reserve,5524.54,0.00,0.00,0.00,0.00,5
SP5-09849,ok,goals+,0.00,0.00,695975.37,1284150.39,1942851.40,2
SP5-09850,deficit,none,0.00,0.00,0.00,0.00,11638117.44,5
SP5-09851,deficit,none,0.00,0.00,0.00,0.00,3266127.31,5
SP5-09852,ok,reserve,856.36,0.00,0.00,0.00,0.00,5
SP5-09853,ok,goals+,0.00,0.00,668.23,0.00,0.00,2
SP5-09854,ok,goals+,0.00,0.00,306105.92,98146.51,2626032.88,2
SP5-09855,invalid,none,0.00,0.00,0.00,0.00,0.00,5
SP5-09856,ok,reserve,9981.80,0.00,0.00,0.00,0.00,4
SP5-09857,ok,reserve,58048.90,0.00,0.00,0.00,0.00,3
SP5-09858,ok,reserve,5991.89,0.00,0.00,0.00,0.00,5
SP5-09859,ok,reserve,15510.12,0.00,0.00,0.00,38151.52,1
SP5-09860,ok,reserve,12706.05,0.00,0.00,0.00,0.00,3
SP5-09861,ok,debt,0.00,17591.06,0.00,0.00,146571.15,3
SP5-09862,ok,reserve,42923.96,33.37,14118.21,0.00,0.00,2
SP5-09863,ok,goals+,0.00,0.00,11186.14,0.00,513331.26,3
SP5-09864,ok,reserve,13871.94,0.00,0.00,0.00,0.00,4
SP5-09865,ok,reserve,1.00,0.00,0.00,0.00,0.00,3
SP5-09866,ok,reserve,26287.63,4980.36,0.00,0.00,0.00,5
SP5-09867,ok,debt,98723.00,2484349.25,0.00,0.00,0.00,2
SP5-09868,ok,goals+,0.00,0.00,1014940.53,44892.27,8527500.39,2
SP5-09869,deficit,none,0.00,0.00,0.00,0.00,50628.10,5
SP5-09870,invalid,none,0.00,0.00,0.00,0.00,0.00,5
SP5-09871,deficit,none,0.00,0.00,0.00,0.00,30879145.93,5
SP5-09872,ok,reserve,31779.83,0.00,0.00,0.00,0.00,4
SP5-09873,ok,debt,3622.49,8452.49,0.00,0.00,0.00,4
SP5-09874,deficit,none,0.00,0.00,0.00,0.00,0.00,4
SP5-09875,deficit,none,0.00,0.00,0.00,0.00,7812298.19,5
SP5-09876,deficit,none,0.00,0.00,0.00,0.00,26611392.94,5
SP5-09877,ok,goals+,0.00,0.00,10615.96,3490.59,58747.99,3
SP5-09878,deficit,none,0.00,0.00,0.00,0.00,0.00,4
SP5-09879,ok,goals+,0.00,0.00,315105.69,42094.54,0.00,2
SP5-09880,ok,goals+,0.00,0.00,10891.34,0.00,1409430.58,3
SP5-09881,deficit,none,0.00,0.00,0.00,0.00,0.00,4
SP5-09882,deficit,none,0.00,0.00,0.00,0.00,1100.44,5
SP5-09883,ok,reserve,4122.25,0.00,0.00,0.00,0.00,5
SP5-09884,ok,goals+,0.00,0.00,998.78,0.00,200861.81,3
SP5-09885,ok,goals+,0.00,0.00,12929.68,2031.41,5137.40,4
SP5-09886,deficit,none,0.00,0.00,0.00,0.00,0.00,4
SP5-09887,ok,reserve,22057.10,9082.45,0.00,0.00,0.00,5
SP5-09888,deficit,none,0.00,0.00,0.00,0.00,0.00,4
SP5-09889,ok,debt,3276.31,4914.47,0.00,0.00,46327.05,2
SP5-09890,ok,reserve,306258.41,0.00,0.00,0.00,0.00,2
SP5-09891,deficit,none,0.00,0.00,0.00,0.00,0.00,4
SP5-09892,deficit,none,0.00,0.00,0.00,0.00,20676499.80,5
SP5-09893,ok,none,0.00,0.00,0.00,0.00,0.00,5
SP5-09894,ok,reserve,1529.62,1019.75,0.00,0.00,0.00,2
SP5-09895,ok,goals+,0.00,0.00,662.19,0.00,241238.77,3
SP5-09896,deficit,none,0.00,0.00,0.00,0.00,0.00,4
SP5-09897,ok,goals+,0.00,0.00,12204.74,2554.28,1590263.99,3
SP5-09898,deficit,none,0.00,0.00,0.00,0.00,0.00,4
SP5-09899,deficit,none,0.00,0.00,0.00,0.00,0.00,4
SP5-09900,ok,reserve,4262.54,2841.70,373.91,0.00,56662.01,2
SP5-09901,ok,goals+,3397.81,0.00,4833.68,0.00,45742.81,3
SP5-09902,ok,goals+,0.00,0.00,989.06,0.00,464346.44,3
SP5-09903,deficit,none,0.00,0.00,0.00,0.00,0.00,4
SP5-09904,deficit,none,0.00,0.00,0.00,0.00,0.00,4
SP5-09905,ok,goals+,0.00,0.00,0.00,779932.61,53933599.72,2
SP5-09906,ok,reserve,6116.63,0.00,0.00,0.00,0.00,4
SP5-09907,ok,none,0.00,0.00,0.00,0.00,0.00,5
SP5-09908,ok,reserve,54003.76,0.00,0.00,0.00,0.00,3
SP5-09909,ok,debt,8449.62,12674.44,0.00,0.00,148914.90,2
SP5-09910,ok,reserve,3676.13,0.00,0.00,0.00,0.00,3
SP5-09911,ok,goals+,0.00,0.00,1857.09,0.00,592364.06,3
SP5-09912,deficit,none,0.00,0.00,0.00,0.00,0.00,4
SP5-09913,ok,goals+,0.00,0.00,12335.54,0.00,11771.88,2
SP5-09914,ok,reserve,2612.74,1741.83,0.00,0.00,0.00,2
SP5-09915,ok,reserve,3459.64,0.00,0.00,0.00,0.00,2
SP5-09916,ok,reserve,8265.69,0.00,0.00,0.00,0.00,4
SP5-09917,ok,reserve,16596.64,0.00,0.00,0.00,0.00,1
SP5-09918,ok,reserve,23515.37,0.00,0.00,0.00,0.00,4
SP5-09919,ok,reserve,4275.99,0.00,0.00,0.00,0.00,5
SP5-09920,ok,debt,0.00,15309.64,0.00,0.00,62373.46,3
SP5-09921,ok,reserve,26345.31,0.00,0.00,0.00,0.00,3
SP5-09922,deficit,none,0.00,0.00,0.00,0.00,12094654.69,5
SP5-09923,ok,reserve,5204.11,0.00,0.00,0.00,0.00,4
SP5-09924,ok,goals+,0.00,0.00,14072.30,0.00,5984.15,1
SP5-09925,ok,reserve,15461.62,10307.75,0.00,0.00,0.00,2
SP5-09926,ok,reserve,3437.50,2709.14,0.00,0.00,0.00,3
SP5-09927,invalid,none,0.00,0.00,0.00,0.00,0.00,5
SP5-09928,ok,reserve,285.73,0.00,0.00,0.00,0.00,4
SP5-09929,ok,debt,1093456.30,2551398.02,0.00,0.00,0.00,2
SP5-09930,ok,reserve,56713.36,0.00,0.00,0.00,0.00,4
SP5-09931,ok,reserve,34721.60,23147.73,0.00,0.00,0.00,2
SP5-09932,ok,goals+,0.00,0.00,5585.53,0.00,779825.85,3
SP5-09933,ok,goals+,0.00,0.00,7470.01,2620.22,425362.47,3
SP5-09934,ok,reserve,9072.52,0.00,0.00,0.00,0.00,5
SP5-09935,deficit,none,0.00,0.00,0.00,0.00,1831452.11,5
SP5-09936,ok,reserve,2612.74,1741.83,0.00,0.00,0.00,2
SP5-09937,ok,goals+,5362.47,8043.71,9888.58,0.00,119869.57,2
SP5-09938,ok,debt,16765.18,39118.75,0.00,0.00,0.00,3
SP5-09939,ok,goals+,0.00,0.00,11315.17,0.00,46498.98,3
SP5-09940,deficit,none,0.00,0.00,0.00,0.00,141599397.46,5
SP5-09941,deficit,none,0.00,0.00,0.00,0.00,67457.17,5
SP5-09942,deficit,none,0.00,0.00,0.00,0.00,0.00,4
SP5-09943,ok,debt,4282.20,6423.31,0.00,0.00,3601.76,2
SP5-09944,deficit,none,0.00,0.00,0.00,0.00,0.00,4
SP5-09945,ok,reserve,37063.03,0.00,0.00,0.00,0.00,4
SP5-09916,deficit,none,0.00,0.00,0.00,0.00,0.00,4
SP5-09947,ok,goals+,0.00,0.00,2693407.35,1172924.41,9197417.24,2
SP5-09948,ok,reserve,13212.39,5490.07,0.00,0.00,0.00,5
SP5-09949,ok,debt,0.00,17326.98,0.00,0.00,210112.49,3
SP5-09950,deficit,none,0.00,0.00,0.00,0.00,2591727.73,5
SP5-09951,ok,goals+,0.00,0.00,0.00,7327.97,215505.27,3
SP5-09952,ok,debt,403373.26,2795981.29,0.00,0.00,0.00,2
SP5-09953,ok,debt,376.29,878.00,0.00,0.00,0.00,3
SP5-09954,ok,goals+,3606.44,8415.04,15015.12,0.00,0.00,2
SP5-09955,deficit,none,0.00,0.00,0.00,0.00,1276697.97,5
SP5-09956,ok,reserve,18070.86,0.00,0.00,0.00,0.00,4
SP5-09957,ok,goals+,0.00,0.00,5782.96,0.00,0.00,4
SP5-09958,ok,reserve,10667.47,0.00,0.00,0.00,0.00,5
SP5-09959,ok,reserve,21900.94,0.00,0.00,0.00,0.00,3
SP5-09960,ok,reserve,23170.48,0.00,0.00,0.00,0.00,5
SP5-09961,ok,goals+,0.00,0.00,29535.90,0.00,152443.06,2
SP5-09962,invalid,none,0.00,0.00,0.00,0.00,0.00,5
SP5-09963,deficit,none,0.00,0.00,0.00,0.00,2698545.94,5
SP5-09964,ok,reserve,1259.92,839.95,0.00,0.00,0.00,2
SP5-09965,ok,reserve,19904.82,0.00,0.00,0.00,0.00,4
SP5-09966,ok,reserve,8905.54,0.00,0.00,0.00,0.00,4
SP5-09967,ok,reserve,15378.23,5727.63,0.00,0.00,0.00,4
SP5-09968,deficit,none,0.00,0.00,0.00,0.00,3702545.79,5
SP5-09608,ok,reserve,12020.94,0.00,0.00,0.00,0.00,3
SP5-09970,ok,goals+,0.00,0.00,0.00,1564.69,2640610.88,3
SP5-09971,ok,goals+,0.00,0.00,346225.42,0.00,18079115.04,2
SP5-09972,ok,debt,3449.54,8048.93,0.00,0.00,22250.36,4
SP5-09973,ok,reserve,4713.75,0.00,0.00,0.00,0.00,4
SP5-09974,ok,goals+,0.00,0.00,32393.08,766.92,0.00,4
SP5-09975,ok,goals+,21040.46,0.00,14537.31,7583.59,0.00,3
SP5-09976,ok,reserve,4004.36,2020.28,0.00,0.00,0.00,1
SP5-09977,ok,goals+,5362.47,8043.71,9888.58,0.00,119869.57,2
SP5-09978,ok,reserve,70417.32,0.00,0.00,0.00,0.00,5
SP5-09979,deficit,none,0.00,0.00,0.00,0.00,0.00,4
SP5-09980,ok,none,0.00,0.00,0.00,0.00,0.00,5
SP5-09981,deficit,none,0.00,0.00,0.00,0.00,2180345.04,5
SP5-09982,deficit,none,0.00,0.00,0.00,0.00,0.00,4
SP5-09983,ok,debt,679837.17,1586286.74,0.00,0.00,0.00,2
SP5-09984,deficit,none,0.00,0.00,0.00,0.00,121618.08,5
SP5-09985,ok,goals+,0.00,0.00,34327.05,0.00,0.00,4
SP5-09986,ok,debt,0.00,3616009.26,0.00,0.00,1538587.36,2
SP5-09987,ok,goals+,0.00,0.00,1727023.63,0.00,0.00,2
SP5-09988,deficit,none,0.00,0.00,0.00,0.00,2742.65,5
SP5-09989,deficit,none,0.00,0.00,0.00,0.00,0.00,4
SP5-09990,ok,goals+,0.00,0.00,5601.59,369.26,151379.21,3
SP5-09991,deficit,none,0.00,0.00,0.00,0.00,0.00,4
SP5-09992,ok,goals+,0.00,0.00,5596.56,7182.83,301900.74,3
SP5-09993,ok,goals+,0.00,0.00,16246.00,43055.31,741861.13,3
SP5-09994,ok,goals+,0.00,0.00,338115.16,69512.94,0.00,2
SP5-09995,ok,goals+,0.00,0.00,4992.78,0.00,49805.90,3
SP5-09996,ok,reserve,8291.49,0.00,0.00,0.00,0.00,2
SP5-09997,ok,goals+,0.00,0.00,6964.30,0.00,0.00,2
SP5-09998,ok,goals+,0.00,0.00,28880.47,0.00,15438695.55,2
SP5-09999,deficit,none,0.00,0.00,0.00,0.00,168934.03,5
SP5-10000,ok,goals+,2324.35,0.00,4137.60,0.00,0.00,2
SP5-10001,deficit,none,0.00,0.00,0.00,0.00,1734550.61,5
SP5-10002,ok,goals+,0.00,0.00,32485.22,8717.36,3214248.50,3
SP5-10003,ok,reserve,137726.72,0.00,0.00,0.00,0.00,3
SP5-10004,ok,debt,86565.15,3342966.19,0.00,0.00,0.00,2
SP5-10005,ok,reserve,13512.39,3732.78,4606.50,0.00,0.00,2
SP5-10006,deficit,none,0.00,0.00,0.00,0.00,0.00,4
SP5-10007,deficit,none,0.00,0.00,0.00,0.00,4905556.03,5
SP5-10008,ok,goals+,0.00,0.00,235303.24,10327.30,21225125.33,2
SP5-10009,ok,reserve,46071.12,14566.86,0.00,0.00,0.00,5
SP5-10010,deficit,none,0.00,0.00,0.00,0.00,1620359.33,5
SP5-10011,invalid,none,0.00,0.00,0.00,0.00,0.00,5
SP5-10012,ok,goals+,0.00,0.00,4236.94,0.00,273726.83,3
SP5-10013,ok,goals+,0.00,0.00,1134311.33,238267.01,2382878.27,2
SP5-10014,ok,goals+,0.00,0.00,13565.77,11546.09,103556.70,3
SP5-10015,ok,goals+,0.00,0.00,1531145.01,0.00,17912492.19,2
SP5-10016,ok,reserve,25413.25,16942.16,0.00,0.00,0.00,2
SP5-10017,ok,reserve,16328.72,0.00,0.00,0.00,0.00,3
SP5-10018,ok,goals+,0.00,0.00,2086938.13,0.00,67319259.16,2
SP5-10019,ok,reserve,14004.19,0.00,0.00,0.00,0.00,1
SP5-10020,ok,goals+,0.00,0.00,0.00,2633406.53,17126872.83,2
SP5-10021,ok,goals+,0.00,0.00,1185139.12,2501860.62,506178.38,2
SP5-10022,deficit,none,0.00,0.00,0.00,0.00,1924506.98,5
SP5-10023,deficit,none,0.00,0.00,0.00,0.00,0.00,4
SP5-10024,ok,reserve,51297.91,0.00,0.00,0.00,0.00,4
SP5-10025,ok,reserve,16197.95,2196.32,0.00,0.00,0.00,5
SP5-10026,ok,goals+,0.00,0.00,75669.81,8792.43,0.00,4
SP5-10027,ok,debt,0.00,2972.12,0.00,0.00,73408.07,3
SP5-10028,ok,debt,295.15,688.67,51.78,0.00,0.00,3
SP5-10029,ok,goals+,0.00,0.00,70777.15,0.00,0.00,2
SP5-10030,ok,goals+,0.00,0.00,1291785.74,277319.86,0.00,2
SP5-10031,deficit,none,0.00,0.00,0.00,0.00,0.00,4
SP5-10032,deficit,none,0.00,0.00,0.00,0.00,2316662.35,5
SP5-10033,deficit,none,0.00,0.00,0.00,0.00,0.00,4
SP5-10034,deficit,none,0.00,0.00,0.00,0.00,0.00,4
SP5-10035,deficit,none,0.00,0.00,0.00,0.00,0.00,4
SP5-10036,invalid,none,0.00,0.00,0.00,0.00,0.00,5
SP5-10037,ok,debt,21900.79,51101.84,0.00,0.00,0.00,3
SP5-10038,ok,reserve,14196.56,9464.38,0.00,0.00,48771.97,2
SP5-10039,ok,goals+,0.00,0.00,7480.33,0.00,19001301.05,3
SP5-10040,ok,goals+,0.00,0.00,5442.35,0.00,10004017.47,2
SP5-10041,deficit,none,0.00,0.00,0.00,0.00,0.00,4
SP5-10042,ok,debt,0.00,7410.53,0.00,0.00,24927.03,3
SP5-10043,deficit,none,0.00,0.00,0.00,0.00,299591.98,5
SP5-10044,deficit,none,0.00,0.00,0.00,0.00,386133.72,5
SP5-10045,ok,reserve,16052.57,0.00,0.00,0.00,0.00,3
SP5-10046,deficit,none,0.00,0.00,0.00,0.00,1335556.04,5
SP5-10047,deficit,none,0.00,0.00,0.00,0.00,1862994.70,5
SP5-10048,ok,reserve,61367.82,40911.88,5383.14,0.00,0.00,2
SP5-10049,ok,goals+,0.00,0.00,1777893.41,1635496.49,16034006.67,2
SP5-10050,ok,reserve,12925.45,0.00,0.00,0.00,0.00,5
SP5-10051,ok,reserve,1845.92,0.00,0.00,0.00,0.00,5
SP5-10052,ok,debt,1283.98,1925.98,0.00,0.00,23250.64,2
SP5-10053,deficit,none,0.00,0.00,0.00,0.00,2742.65,5
SP5-10054,ok,goals+,0.00,0.00,106404.57,0.00,7380216.36,2
SP5-10055,ok,reserve,14358.45,0.00,0.00,0.00,0.00,4
SP5-10056,deficit,none,0.00,0.00,0.00,0.00,0.00,4
SP5-10057,ok,debt,10604.82,15907.23,0.00,0.00,31482.34,2
SP5-10058,ok,goals+,0.00,0.00,28632.53,15368.74,1932172.45,3
SP5-10059,ok,debt,10604.82,15907.23,0.00,0.00,31482.34,2
SP5-10060,deficit,none,0.00,0.00,0.00,0.00,0.00,4
SP5-10061,deficit,none,0.00,0.00,0.00,0.00,156197.41,5
SP5-10062,ok,goals+,0.00,0.00,2265000.55,769940.04,721718.62,2
SP5-10063,ok,reserve,198513.80,0.00,0.00,0.00,0.00,4
SP5-10064,ok,goals+,0.00,0.00,17368.46,0.00,0.00,2
SP5-10065,deficit,none,0.00,0.00,0.00,0.00,3008630.45,5
SP5-10066,deficit,none,0.00,0.00,0.00,0.00,916329.31,5
SP5-10067,ok,goals+,0.00,0.00,3911466.07,0.00,0.00,2
SP5-10068,ok,debt,0.30,0.70,0.00,0.00,0.00,3
SP5-10069,deficit,none,0.00,0.00,0.00,0.00,1491071.05,5
SP5-10070,ok,debt,8227.72,12341.59,0.00,0.00,351043.10,2
SP5-10071,ok,goals+,273.42,182.28,7010.81,0.00,0.00,2
SP5-10072,ok,debt,1425.76,3326.78,0.00,0.00,0.00,3
SP5-10003,ok,goals+,0.00,0.00,55629.11,9749.26,0.00,4
SP5-10074,ok,reserve,2877.05,1918.04,0.00,0.00,0.00,2
SP5-10075,ok,goals+,0.00,0.00,24761.36,0.00,548875.07,3
SP5-10076,ok,goals+,0.00,0.00,8572.23,0.00,0.00,2
SP5-10077,ok,reserve,8087.34,3011.44,0.00,0.00,0.00,5
SP5-10078,deficit,none,0.00,0.00,0.00,0.00,1016429.43,5
SP5-10079,ok,debt,8227.72,12341.59,0.00,0.00,355989.11,2
SP5-10080,deficit,none,0.00,0.00,0.00,0.00,192218.53,5
SP5-10081,deficit,none,0.00,0.00,0.00,0.00,1028486.06,5
SP5-10082,ok,debt,4813.95,7220.93,0.00,0.00,13933.05,2
SP5-10083,deficit,none,0.00,0.00,0.00,0.00,139830.04,5
SP5-10084,ok,goals+,0.00,0.00,959420.28,0.00,4020856.78,2
SP5-10085,ok,goals+,0.00,0.00,40359.46,55810.99,747713.38,3
SP5-10086,ok,reserve,2341.94,1561.30,205.43,0.00,0.00,2
SP5-10087,ok,goals+,0.00,0.00,15788.44,0.00,0.00,2
SP5-10088,deficit,none,0.00,0.00,0.00,0.00,1227207.00,5
SP5-10089,ok,reserve,3597.94,0.00,0.00,0.00,0.00,5
SP5-10090,ok,goals+,0.00,0.00,4089221.19,887331.23,0.00,2
SP5-10091,ok,reserve,7205.90,0.00,0.00,0.00,0.00,5
SP5-10092,ok,goals+,0.00,0.00,3878.34,0.00,0.00,2
SP5-10093,ok,debt,7225.12,16858.61,0.00,0.00,0.00,3
SP5-10094,ok,goals+,0.00,0.00,23870.84,0.00,0.00,2
SP5-10095,ok,reserve,8766.16,0.00,0.00,0.00,0.00,5
SP5-10096,ok,reserve,14497.14,0.00,0.00,0.00,0.00,3
SP5-10097,deficit,none,0.00,0.00,0.00,0.00,0.00,4
SP5-10098,ok,debt,0.00,29574.67,0.00,0.00,75786.81,3
SP5-10099,ok,debt,6386.88,14902.72,0.00,0.00,0.00,4
SP5-10100,ok,debt,8654.40,20193.59,0.00,0.00,0.00,3
SP5-10101,deficit,none,0.00,0.00,0.00,0.00,0.00,4
SP5-10102,ok,goals+,0.00,0.00,299854.79,536829.61,6184881.62,2
SP5-10103,deficit,none,0.00,0.00,0.00,0.00,631346.57,5
SP5-10104,deficit,none,0.00,0.00,0.00,0.00,0.00,4
SP5-10105,invalid,none,0.00,0.00,0.00,0.00,0.00,5
SP5-10106,ok,reserve,41792.12,27861.41,19153.77,0.00,0.00,1
SP5-10107,ok,reserve,10187.41,473.98,0.00,0.00,0.00,3
SP5-10108,ok,goals+,0.00,0.00,19801.39,20323.44,822128.86,3
SP5-10109,ok,goals+,0.00,0.00,7158.02,0.00,0.00,4
SP5-10110,ok,debt,0.00,1967628.74,0.00,0.00,1282843.43,2
SP5-10111,ok,goals+,0.00,0.00,1482422.88,356303.17,1519469.12,2
SP5-10112,ok,reserve,6798.07,0.00,0.00,0.00,0.00,5
SP5-10113,deficit,none,0.00,0.00,0.00,0.00,137390.95,5
SP5-10114,ok,goals+,0.00,0.00,3479800.76,0.00,1254520.49,2
SP5-10115,deficit,none,0.00,0.00,0.00,0.00,2270223.62,5
SP5-10116,ok,debt,571.55,1333.61,100.27,0.00,0.00,3
SP5-10117,ok,goals+,0.00,0.00,17463.83,6851.27,8875.89,3
SP5-10118,ok,reserve,1742.61,0.00,0.00,0.00,0.00,4
SP5-10119,ok,debt,0.00,19795.64,0.00,0.00,3061.38,3
SP5-10120,ok,debt,4936.30,7404.45,0.00,0.00,148668.63,1
SP5-10121,ok,debt,48139.52,72209.28,0.00,0.00,218202.07,2
SP5-10122,ok,none,0.00,0.00,0.00,0.00,0.00,5
SP5-10123,deficit,none,0.00,0.00,0.00,0.00,9925269.95,5
SP5-10124,deficit,none,0.00,0.00,0.00,0.00,0.00,4
SP5-10125,ok,reserve,22603.50,0.00,0.00,0.00,0.00,5
SP5-10126,ok,goals+,0.00,0.00,3594432.29,2954056.20,28884878.86,2
SP5-10127,deficit,none,0.00,0.00,0.00,0.00,10683269.14,5
SP5-10128,ok,reserve,20354.19,0.00,0.00,0.00,0.00,4
SP5-10129,ok,debt,421.79,984.19,0.00,0.00,0.00,4
SP5-10130,deficit,none,0.00,0.00,0.00,0.00,728807.11,5
SP5-10131,ok,goals+,0.00,0.00,1581227.71,67586.53,0.00,2
SP5-10132,ok,goals+,0.00,0.00,345394.94,0.00,9062157.77,2
SP5-10133,ok,goals+,0.00,0.00,2496143.19,0.00,0.00,2
SP5-10134,ok,goals+,0.00,0.00,51598.06,0.00,0.00,2
SP5-10135,deficit,none,0.00,0.00,0.00,0.00,178552.77,5
SP5-10136,ok,reserve,24871.83,0.00,0.00,0.00,0.00,4
SP5-10137,ok,debt,599.07,1397.84,0.00,0.00,0.00,3
SP5-10138,deficit,none,0.00,0.00,0.00,0.00,0.00,4
SP5-10139,ok,goals+,0.00,0.00,62503.53,118174.20,5861967.46,2
SP5-10140,ok,goals+,0.00,0.00,17824.04,0.00,0.00,2
SP5-10141,ok,reserve,7060.17,0.00,0.00,0.00,0.00,4
SP5-10142,ok,reserve,6887.68,0.00,0.00,0.00,0.00,5
SP5-10143,ok,goals+,0.00,0.00,6625.22,0.00,0.00,2
SP5-10144,ok,debt,0.00,4384881.59,0.00,0.00,3909409.44,2
SP5-10145,ok,goals+,0.00,0.00,94302.31,30344.95,319825.30,3
SP5-10146,ok,goals+,0.00,0.00,566808.13,335850.75,27959240.42,2
SP5-10147,deficit,none,0.00,0.00,0.00,0.00,101099.83,5
SP5-10148,ok,debt,1955.50,4562.84,0.00,0.00,0.00,4
SP5-10149,deficit,none,0.00,0.00,0.00,0.00,20245297.33,5
SP5-10150,ok,debt,584.43,1363.67,102.53,0.00,0.00,3
SP5-10151,ok,reserve,16477.80,0.00,7273.96,0.00,0.00,3
SP5-10152,deficit,none,0.00,0.00,0.00,0.00,0.00,4
SP5-10153,ok,goals+,0.00,0.00,1657.63,0.00,0.00,2
SP5-10154,ok,reserve,4366.32,0.00,0.00,0.00,386902.22,4
SP5-10155,ok,reserve,2400.66,0.00,0.00,0.00,0.00,4
SP5-10156,ok,goals+,0.00,0.00,85371.57,0.00,0.00,2
SP5-10157,deficit,none,0.00,0.00,0.00,0.00,115314127.81,5
SP5-10158,deficit,none,0.00,0.00,0.00,0.00,342559.68,5
SP5-10159,ok,reserve,9345.83,0.00,0.00,0.00,0.00,4
SP5-10160,deficit,none,0.00,0.00,0.00,0.00,598998.03,5
SP5-10161,invalid,none,0.00,0.00,0.00,0.00,0.00,5
SP5-10162,ok,debt,883.94,1325.91,0.00,0.00,3943.23,2
SP5-10163,ok,goals+,0.00,0.00,235733.50,202491.36,2205657.60,2
SP5-10164,ok,none,0.00,0.00,0.00,0.00,0.00,5
SP5-10165,ok,reserve,14345.06,0.00,0.00,0.00,0.00,4
SP5-10166,deficit,none,0.00,0.00,0.00,0.00,0.00,4
SP5-10167,deficit,none,0.00,0.00,0.00,0.00,79246.92,5
SP5-10168,deficit,none,0.00,0.00,0.00,0.00,130280.02,5
SP5-10169,ok,goals+,0.00,0.00,4593.42,0.00,0.00,2
SP5-10170,invalid,none,0.00,0.00,0.00,0.00,0.00,5
SP5-10171,deficit,none,0.00,0.00,0.00,0.00,58013523.13,5
SP5-10172,ok,goals+,0.00,0.00,24995.39,16562.74,1108121.56,3
SP5-10173,ok,goals+,0.00,0.00,1394504.04,851087.49,21188655.17,2
SP5-10174,ok,goals+,0.00,0.00,44282.92,66672.56,2090489.54,3
SP5-10175,ok,debt,6532.91,15243.44,0.00,0.00,0.00,3
SP5-10176,ok,reserve,16463.57,10975.71,0.00,0.00,0.00,2
SP5-10177,deficit,none,0.00,0.00,0.00,0.00,439947.52,5
SP5-10178,ok,goals+,0.00,0.00,1122.71,0.00,82226.62,2
SP5-10179,ok,reserve,85244.22,0.00,0.00,0.00,0.00,4
SP5-10180,ok,reserve,22151.33,0.00,0.00,0.00,0.00,4
SP5-10181,deficit,none,0.00,0.00,0.00,0.00,356258.43,5
SP5-10182,ok,reserve,40211.48,0.00,19703.20,0.00,0.00,3
SP5-10183,deficit,none,0.00,0.00,0.00,0.00,4995450.36,5
SP5-10184,ok,reserve,15929.79,10619.86,0.00,0.00,0.00,2
SP5-10185,ok,goals+,0.00,0.00,21249.33,0.00,713686.07,3
SP5-10186,deficit,none,0.00,0.00,0.00,0.00,0.00,4
SP5-10187,ok,reserve,39175.54,0.00,12925.02,0.00,0.00,3
SP5-10188,ok,reserve,1384089.40,0.00,391521.66,0.00,0.00,2
SP5-10189,ok,debt,0.00,3456263.85,0.00,0.00,727262.64,2
SP5-10190,deficit,none,0.00,0.00,0.00,0.00,0.00,4
SP5-10191,ok,none,0.00,0.00,0.00,0.00,0.00,5
SP5-10192,deficit,none,0.00,0.00,0.00,0.00,0.00,4
SP5-10193,ok,reserve,38729.67,0.00,1755.49,0.00,0.00,3
SP5-10194,ok,debt,30142.37,45213.55,0.00,0.00,9104.08,2
SP5-10195,deficit,none,0.00,0.00,0.00,0.00,13814128.16,5
SP5-10196,ok,goals+,0.00,0.00,448.56,0.00,0.00,2
SP5-10197,ok,reserve,288.11,0.00,0.00,0.00,0.00,2
SP5-10198,ok,goals+,0.00,0.00,55551.94,0.00,8115517.99,2
SP5-10199,deficit,none,0.00,0.00,0.00,0.00,33953.67,5
SP5-10200,deficit,none,0.00,0.00,0.00,0.00,0.00,4
SP5-10201,ok,goals+,0.00,0.00,3695.90,0.00,40125.37,4
SP5-10202,ok,goals+,0.00,0.00,10287.79,1621.46,9149.01,4
SP5-10203,ok,debt,5215.51,12169.52,0.00,0.00,0.00,3
SP5-10204,ok,reserve,9715.37,0.00,0.00,0.00,9796.39,4
SP5-10205,deficit,none,0.00,0.00,0.00,0.00,45658545.97,5
SP5-10206,ok,goals+,0.00,0.00,4238.73,183.14,0.00,4
SP5-10207,ok,reserve,44519.33,17724.64,0.00,0.00,0.00,4
SP5-10208,ok,goals+,0.00,0.00,14637.97,13414.99,33916.03,3
SP5-10209,ok,goals+,0.00,0.00,11285.73,2941.64,20939.82,3
SP5-10210,ok,goals+,0.00,0.00,9451.94,4113.18,52583.73,3
SP5-10211,deficit,none,0.00,0.00,0.00,0.00,1156.20,5
SP5-10212,ok,reserve,519.77,346.51,0.00,0.00,0.00,2
SP5-10213,ok,reserve,9121.71,0.00,0.00,0.00,0.00,5
SP5-10214,ok,debt,0.00,4403.06,0.00,0.00,2285.39,3
SP5-10215,deficit,none,0.00,0.00,0.00,0.00,1702.78,5
SP5-10216,ok,reserve,6527.52,0.00,0.00,0.00,0.00,5
SP5-10217,ok,goals+,0.00,0.00,466.18,0.00,181625.76,3
SP5-10218,ok,debt,1580.04,3686.75,0.00,0.00,0.00,3
SP5-10219,ok,reserve,10520.99,0.00,0.00,0.00,0.00,4
SP5-10220,deficit,none,0.00,0.00,0.00,0.00,0.00,4
SP5-10221,invalid,none,0.00,0.00,0.00,0.00,0.00,5
SP5-10222,ok,debt,3664.91,8551.46,0.00,0.00,0.00,3
SP5-10223,deficit,none,0.00,0.00,0.00,0.00,0.00,4
SP5-10224,ok,none,0.00,0.00,0.00,0.00,0.00,2
SP5-10225,deficit,none,0.00,0.00,0.00,0.00,0.00,4
SP5-10226,deficit,none,0.00,0.00,0.00,0.00,0.00,4
SP5-10227,ok,reserve,10175.65,6783.77,892.60,0.00,0.00,2
SP5-10228,deficit,none,0.00,0.00,0.00,0.00,960981.60,5
SP5-10229,ok,goals+,0.00,0.00,1904857.40,201100.78,8863311.81,2
SP5-10230,ok,reserve,45515.18,0.00,0.00,0.00,0.00,5
SP5-10231,ok,goals+,0.00,0.00,13905.74,0.00,65083.99,2
SP5-10232,ok,goals+,0.00,0.00,7047.88,0.00,9842.36,2
SP5-10233,ok,goals+,0.00,0.00,614530.90,0.00,2074740.08,2
SP5-10234,ok,reserve,22170.98,0.00,0.00,0.00,0.00,5
SP5-10235,ok,reserve,38644.63,0.00,0.00,0.00,0.00,3
SP5-10236,ok,goals+,0.00,0.00,2433.14,0.00,772227.41,3
SP5-10237,ok,goals+,0.00,0.00,2822734.76,1195419.09,1542848.46,2
SP5-10238,deficit,none,0.00,0.00,0.00,0.00,0.00,4
SP5-10239,ok,none,0.00,0.00,0.00,0.00,0.00,5
SP5-10240,ok,debt,8098.76,18897.11,0.00,0.00,0.00,4
SP5-10241,ok,debt,0.00,27325.50,0.00,0.00,722137.10,3
SP5-10242,deficit,none,0.00,0.00,0.00,0.00,2617583.29,5
SP5-10243,ok,goals+,0.00,0.00,8598.35,4697.65,241852.55,3
SP5-10244,deficit,none,0.00,0.00,0.00,0.00,4886.86,5
SP5-10245,ok,debt,0.00,38031.45,0.00,0.00,88606.29,3
SP5-10246,ok,reserve,14548.97,0.00,13215.34,0.00,0.00,3
SP5-10247,ok,goals+,8071.65,18833.86,21966.55,0.00,0.00,2
SP5-10248,ok,debt,0.00,13832.36,0.00,0.00,135206.93,3
SP5-10249,deficit,none,0.00,0.00,0.00,0.00,42867.10,5
SP5-02860,invalid,none,0.00,0.00,0.00,0.00,0.00,5
SP5-10251,ok,goals+,0.00,0.00,1534.03,0.00,4079580.97,3
SP5-10252,deficit,none,0.00,0.00,0.00,0.00,1429440.75,5
SP5-10253,ok,reserve,18247.79,472.61,0.00,0.00,0.00,5
SP5-10254,ok,goals+,0.00,0.00,371844.32,22049.54,29103219.04,2
SP5-10255,deficit,none,0.00,0.00,0.00,0.00,526216.93,5
SP5-10256,invalid,none,0.00,0.00,0.00,0.00,0.00,5
SP5-10257,ok,reserve,18905.35,910.99,0.00,0.00,0.00,5
SP5-10258,ok,debt,1022463.64,2385748.48,0.00,0.00,0.00,2
SP5-10259,deficit,none,0.00,0.00,0.00,0.00,0.00,4
SP5-10260,deficit,none,0.00,0.00,0.00,0.00,8994445.14,5
SP5-10261,ok,goals+,0.00,0.00,7230.99,6594.48,582661.69,3
SP5-10262,ok,reserve,7610.92,5073.94,0.00,0.00,0.00,2
SP5-10263,ok,goals+,0.00,0.00,367.07,0.00,37634.70,3
SP5-10264,ok,reserve,4292.20,2861.47,0.00,0.00,0.00,2
SP5-09975,deficit,none,0.00,0.00,0.00,0.00,0.00,4
SP5-10266,invalid,none,0.00,0.00,0.00,0.00,0.00,5
SP5-10267,ok,reserve,30542.67,20361.78,0.00,0.00,23059.52,2
SP5-10268,ok,reserve,113827.32,0.00,0.00,0.00,0.00,5
SP5-10269,deficit,none,0.00,0.00,0.00,0.00,48509520.14,5
SP5-10270,ok,reserve,4292.20,2861.47,0.00,0.00,0.00,2
SP5-10271,deficit,none,0.00,0.00,0.00,0.00,7913108.43,5
SP5-10272,deficit,none,0.00,0.00,0.00,0.00,17845.32,5
SP5-10273,deficit,none,0.00,0.00,0.00,0.00,0.00,4
SP5-10274,ok,debt,12696.88,29626.04,0.00,0.00,0.00,3
SP5-10275,deficit,none,0.00,0.00,0.00,0.00,0.00,4
SP5-09975,deficit,none,0.00,0.00,0.00,0.00,0.00,4
SP5-10277,deficit,none,0.00,0.00,0.00,0.00,3538854.81,5
SP5-10278,ok,goals+,0.00,0.00,9047.64,1480.53,64377.08,3
SP5-10279,ok,goals+,0.00,0.00,233788047.74,15631258.20,8000000.00,2
SP5-10280,ok,reserve,2436.96,1624.64,0.00,0.00,0.00,2
SP5-10281,deficit,none,0.00,0.00,0.00,0.00,0.00,4
SP5-10282,deficit,none,0.00,0.00,0.00,0.00,0.00,4
SP5-10283,ok,reserve,6724.91,0.00,0.00,0.00,0.00,2
SP5-10284,ok,debt,0.00,8330.09,0.00,0.00,7437.09,3
SP5-10285,ok,reserve,32681.97,0.00,0.00,0.00,0.00,5
SP5-10286,invalid,none,0.00,0.00,0.00,0.00,0.00,5
SP5-10287,ok,reserve,5868.94,3912.63,0.00,0.00,0.00,2
SP5-10288,ok,goals+,0.00,0.00,54468.37,0.00,100097.44,2
SP5-10289,ok,debt,819.02,1228.52,0.00,0.00,2691.46,2
SP5-10290,ok,reserve,32681.97,0.00,0.00,0.00,0.00,5
SP5-10291,deficit,none,0.00,0.00,0.00,0.00,0.00,4
SP5-10292,ok,reserve,47384.95,31589.96,4156.57,0.00,0.00,2
SP5-10293,deficit,none,0.00,0.00,0.00,0.00,609696.03,5
SP5-10294,ok,reserve,8214.26,0.00,0.00,0.00,0.00,4
SP5-10295,ok,reserve,23728.68,0.00,0.00,0.00,0.00,4
SP5-10296,ok,reserve,4222.93,2815.28,0.00,0.00,0.00,2
SP5-10297,ok,debt,1033.67,2411.90,0.00,0.00,0.00,3
SP5-10298,deficit,none,0.00,0.00,0.00,0.00,15416339.13,5
SP5-10299,ok,debt,2074.30,4840.04,0.00,0.00,0.00,3
SP5-10300,ok,goals+,0.00,0.00,40774.88,3946.78,430189.63,3
SP5-10301,ok,goals+,0.00,0.00,124830.01,0.00,0.00,2
SP5-10302,ok,reserve,9052.58,0.00,0.00,0.00,0.00,4
SP5-10303,ok,debt,0.00,50484.00,0.00,0.00,1017998.36,2
SP5-10304,deficit,none,0.00,0.00,0.00,0.00,396867.10,5
SP5-10305,ok,none,0.00,0.00,0.00,0.00,63431.37,5
SP5-10306,ok,reserve,38295.97,0.00,0.00,0.00,0.00,4
SP5-10307,ok,debt,0.00,17946.58,0.00,0.00,103717.58,3
SP5-10308,deficit,none,0.00,0.00,0.00,0.00,42397465.07,5
SP5-10309,ok,goals+,0.00,0.00,8630.27,0.00,781416.30,2
SP5-10310,ok,goals+,0.00,0.00,15573.46,11629.59,70884.55,3
SP5-10311,invalid,none,0.00,0.00,0.00,0.00,0.00,5
SP5-10312,invalid,none,0.00,0.00,0.00,0.00,0.00,5
SP5-10313,ok,reserve,13718.95,0.00,0.00,0.00,0.00,5
SP5-10314,ok,goals+,0.00,0.00,0.00,10054.92,43081.72,3
SP5-10315,ok,reserve,161905.05,0.00,0.00,0.00,0.00,5
SP5-10316,deficit,none,0.00,0.00,0.00,0.00,0.00,4
SP5-10317,ok,goals+,0.00,0.00,66522.99,30760.67,11600.70,4
SP5-10318,ok,reserve,62431.75,41621.16,0.00,0.00,0.00,2
SP5-10319,deficit,none,0.00,0.00,0.00,0.00,947875.13,5
SP5-10320,ok,reserve,4365.63,0.00,0.00,0.00,0.00,4
SP5-10321,deficit,none,0.00,0.00,0.00,0.00,2166338.96,5
SP5-10322,ok,goals+,0.00,0.00,39637.44,0.00,0.00,3
SP5-10323,ok,reserve,12011.22,1048.99,0.00,0.00,0.00,5
SP5-10324,deficit,none,0.00,0.00,0.00,0.00,0.00,4
SP5-10325,ok,goals+,0.00,0.00,39000.72,0.00,4472826.83,2
SP5-10326,ok,debt,0.00,15051.02,0.00,0.00,241079.91,3
SP5-10327,ok,reserve,3559.21,0.00,0.00,0.00,0.00,3
SP5-10328,ok,reserve,17841.91,5835.51,0.00,0.00,0.00,5
SP5-10329,ok,reserve,19748.88,0.00,0.00,0.00,0.00,5
SP5-10330,deficit,none,0.00,0.00,0.00,0.00,0.00,4
SP5-10331,ok,goals+,0.00,0.00,1.00,0.00,95445.51,3
SP5-10332,ok,goals+,9985.36,0.00,15593.28,0.00,0.00,1
SP5-10333,invalid,none,0.00,0.00,0.00,0.00,0.00,5
SP5-10334,ok,reserve,2379.76,0.00,0.00,0.00,0.00,5
SP5-10335,ok,goals+,0.00,0.00,396633.37,0.00,119768135.97,2
SP5-10336,ok,reserve,11665.27,0.00,0.00,0.00,0.00,5
SP5-10337,ok,reserve,42178.78,0.00,0.00,0.00,0.00,5
SP5-10338,deficit,none,0.00,0.00,0.00,0.00,0.00,4
SP5-10339,ok,debt,0.00,3514181.55,0.00,0.00,522956.08,2
SP5-10340,ok,goals+,0.00,0.00,7738.20,665.53,738266.11,3
SP5-10341,ok,reserve,12011.22,1048.99,0.00,0.00,0.00,5
SP5-10342,deficit,none,0.00,0.00,0.00,0.00,0.00,4
SP5-10343,deficit,none,0.00,0.00,0.00,0.00,214246.97,5
SP5-10344,ok,reserve,63.08,0.00,0.00,0.00,0.00,4
SP5-10345,ok,goals+,0.00,0.00,3893.54,0.00,1003741.11,3
SP5-10346,ok,reserve,4621.27,0.00,0.00,0.00,0.00,3
SP5-10347,ok,reserve,5636.57,3757.71,0.00,0.00,0.00,2
SP5-10348,ok,goals+,0.00,0.00,2848475.04,924685.41,1097644.38,2
SP5-10349,ok,goals+,0.00,0.00,1265.71,0.00,18342.17,3
SP5-10350,ok,reserve,21017.72,0.00,0.00,0.00,0.00,5
SP5-10351,invalid,none,0.00,0.00,0.00,0.00,0.00,5
SP5-10352,deficit,none,0.00,0.00,0.00,0.00,0.00,4
SP5-10353,ok,reserve,3036.06,0.00,0.00,0.00,0.00,3
SP5-10354,deficit,none,0.00,0.00,0.00,0.00,0.00,4
SP5-10355,ok,goals+,9757.84,0.00,18847.55,15286.66,0.00,3
SP5-10356,ok,reserve,23364.94,0.00,0.00,0.00,0.00,1
SP5-10357,ok,debt,0.00,1855670.77,0.00,0.00,2228500.92,2
SP5-10358,ok,debt,3066.36,7154.83,0.00,0.00,0.00,3
SP5-10359,ok,goals+,0.00,0.00,207896.19,147403.02,347675.66,2
SP5-10360,deficit,none,0.00,0.00,0.00,0.00,0.00,4
SP5-10361,deficit,none,0.00,0.00,0.00,0.00,38380.43,5
SP5-10362,deficit,none,0.00,0.00,0.00,0.00,266078.78,5
SP5-10363,ok,reserve,1394.63,929.75,0.00,0.00,0.00,2
SP5-10364,ok,reserve,8497.25,0.00,0.00,4759.92,0.00,3
SP5-10365,ok,debt,1091880.53,2547721.25,1816.21,0.00,0.00,2
SP5-10366,ok,goals+,0.00,0.00,105760.06,0.00,91959690.55,2
SP5-10367,deficit,none,0.00,0.00,0.00,0.00,0.00,4
SP5-10368,ok,goals+,0.00,0.00,70655.22,0.00,44671.06,2
SP5-10369,deficit,none,0.00,0.00,0.00,0.00,18398.97,5
SP5-10370,deficit,none,0.00,0.00,0.00,0.00,0.00,4
SP5-02128,invalid,none,0.00,0.00,0.00,0.00,0.00,5
SP5-10372,ok,goals+,0.00,0.00,716373.53,449649.98,21793365.97,2
SP5-10373,ok,reserve,7337.15,4891.44,643.61,0.00,47126.28,2
SP5-10374,ok,goals+,1519541.52,0.00,1974583.06,367250.98,0.00,2
SP5-10375,ok,goals+,0.00,0.00,198994.75,238572.76,10398271.44,2
SP5-10376,ok,reserve,1388.92,0.00,0.00,0.00,0.00,3
SP5-10377,ok,reserve,22286.41,0.00,0.00,0.00,0.00,3
SP5-10378,ok,goals+,0.00,0.00,6529.57,0.00,27216.50,2
SP5-10379,ok,reserve,1394.63,929.75,0.00,0.00,0.00,2
SP5-10380,ok,debt,1117.53,2607.56,0.00,0.00,0.00,3
SP5-10381,ok,reserve,5124.68,0.00,0.00,0.00,18144.11,4
SP5-10382,ok,goals+,5599.09,3732.73,6397.01,0.00,0.00,2
SP5-10383,ok,debt,0.00,6154.74,0.00,0.00,78084.94,3
SP5-10384,ok,debt,0.00,8561.91,0.00,0.00,61176.03,3
SP5-10385,ok,goals+,0.00,0.00,1132698.67,216929.25,0.00,2
SP5-10386,ok,goals+,0.00,0.00,5625.31,1338.11,304623.61,3
SP5-10387,ok,goals+,0.00,0.00,0.00,8268.13,226218.60,3
SP5-10388,ok,goals+,0.00,0.00,929114.32,197987.55,2041245.40,2
SP5-10389,invalid,none,0.00,0.00,0.00,0.00,0.00,5
SP5-10390,ok,goals+,0.00,0.00,3397.09,0.00,135529.96,3
SP5-10391,deficit,none,0.00,0.00,0.00,0.00,0.00,4
SP5-10392,ok,debt,6967.27,16256.97,0.00,0.00,0.00,3
SP5-10393,ok,reserve,32920.71,0.00,0.00,0.00,0.00,5
SP5-10394,deficit,none,0.00,0.00,0.00,0.00,714251.65,5
SP5-10395,ok,debt,0.00,1902538.78,0.00,0.00,1540661.32,2
SP5-10396,invalid,none,0.00,0.00,0.00,0.00,0.00,5
SP5-10397,ok,goals+,0.00,0.00,0.00,36592.50,20099.18,5
SP5-10398,deficit,none,0.00,0.00,0.00,0.00,7881631.22,5
SP5-10399,deficit,none,0.00,0.00,0.00,0.00,0.00,4
SP5-10400,ok,reserve,3494.95,0.00,0.00,0.00,0.00,3
SP5-10401,ok,reserve,4907.45,3271.63,0.00,0.00,0.00,2
SP5-10402,ok,reserve,13083.19,0.00,0.00,0.00,0.00,5
SP5-10403,ok,reserve,9932.64,1939.94,0.00,0.00,0.00,5
SP5-10404,deficit,none,0.00,0.00,0.00,0.00,0.00,4
SP5-10405,ok,debt,934027.73,2179398.04,0.00,0.00,0.00,2
SP5-10406,deficit,none,0.00,0.00,0.00,0.00,139826452.10,5
SP5-10407,ok,goals+,0.00,0.00,11444.27,0.00,56740.19,3
SP5-10408,ok,debt,1616.51,3771.86,0.00,0.00,0.00,4
SP5-10409,ok,debt,9609.56,22422.31,0.00,0.00,0.00,4
SP5-10410,ok,debt,9854.19,22993.11,0.00,0.00,0.00,4
SP5-10411,ok,none,0.00,0.00,0.00,0.00,73414.19,2
SP5-10412,ok,debt,2025.22,4725.52,355.30,0.00,0.00,3
SP5-10413,ok,reserve,7131.33,0.00,0.00,0.00,0.00,5
SP5-10414,ok,reserve,4528.65,1881.44,0.00,0.00,0.00,5
SP5-10415,ok,debt,6048.52,14113.22,1061.14,0.00,5638.70,3
SP5-10416,ok,debt,4521.07,10549.15,0.00,0.00,58516.12,3
SP5-10417,ok,goals+,0.00,0.00,1183914.41,174966.09,7806316.51,2
SP5-10418,ok,goals+,0.00,0.00,8001.18,9461.95,3414107.84,3
SP5-10419,ok,reserve,3652.99,0.00,0.00,0.00,0.00,5
SP5-10420,deficit,none,0.00,0.00,0.00,0.00,3642988.97,5
SP5-10421,deficit,none,0.00,0.00,0.00,0.00,22099786.20,5
SP5-10422,ok,reserve,21343.97,0.00,0.00,0.00,0.00,4
SP5-10423,ok,goals+,0.00,0.00,0.00,45364.72,10339.40,3
SP5-10424,ok,reserve,10779.36,0.00,0.00,0.00,0.00,3
SP5-10425,invalid,none,0.00,0.00,0.00,0.00,0.00,5
SP5-10426,ok,reserve,31573.79,0.00,0.00,0.00,0.00,4
SP5-10427,ok,goals+,0.00,0.00,0.00,519512.64,28428557.63,2
SP5-10428,ok,reserve,13892.27,9261.51,0.00,0.00,0.00,2
SP5-10429,ok,debt,412332.84,999247.31,0.00,0.00,0.00,2
SP5-10430,ok,reserve,12857.68,0.00,0.00,0.00,0.00,5
SP5-10431,deficit,none,0.00,0.00,0.00,0.00,0.00,4
SP5-10432,ok,goals+,0.00,0.00,6468.92,0.00,0.00,2
SP5-10433,deficit,none,0.00,0.00,0.00,0.00,1140192.08,5
SP5-10434,invalid,none,0.00,0.00,0.00,0.00,0.00,5
SP5-10435,ok,reserve,445.21,296.80,0.00,0.00,0.00,2
SP5-10436,ok,reserve,5944.64,0.00,0.00,0.00,0.00,5
SP5-10437,ok,reserve,12633.16,8422.11,0.00,0.00,0.00,2
SP5-10438,ok,goals+,0.00,0.00,1801.90,0.00,236601.68,3
SP5-10439,ok,reserve,23406.56,2370.52,0.00,0.00,0.00,4
SP5-10440,deficit,none,0.00,0.00,0.00,0.00,8461.07,5
SP5-10441,ok,reserve,12970.41,0.00,0.00,0.00,49687.25,3
SP5-10442,ok,goals+,5026.46,3350.97,28577.64,0.00,0.00,2
SP5-10443,ok,goals+,0.00,0.00,88815.62,0.00,910673.64,2
SP5-10444,ok,goals+,0.00,0.00,14866.12,25671.33,178692.91,3
SP5-10445,ok,debt,103108.32,154662.48,0.00,0.00,62758.75,2
SP5-10446,deficit,none,0.00,0.00,0.00,0.00,0.00,4
SP5-10447,ok,debt,3286.76,7669.11,0.00,0.00,0.00,3
SP5-10448,deficit,none,0.00,0.00,0.00,0.00,10413.96,5
SP5-10449,deficit,none,0.00,0.00,0.00,0.00,0.00,4
SP5-10450,deficit,none,0.00,0.00,0.00,0.00,0.00,4
SP5-10451,ok,goals+,0.00,0.00,13717.50,0.00,0.00,2
SP5-10452,deficit,none,0.00,0.00,0.00,0.00,0.00,4
SP5-10453,ok,debt,36253.69,54380.54,0.00,0.00,127778.12,2
SP5-10454,deficit,none,0.00,0.00,0.00,0.00,0.00,4
SP5-10455,ok,reserve,13476.26,0.00,0.00,0.00,0.00,5
SP5-10456,deficit,none,0.00,0.00,0.00,0.00,0.00,4
SP5-10457,invalid,none,0.00,0.00,0.00,0.00,0.00,5
SP5-10458,ok,reserve,2752.91,0.00,0.00,0.00,0.00,4
SP5-10459,ok,reserve,33029.62,22019.75,0.00,0.00,0.00,2
SP5-10460,invalid,none,0.00,0.00,0.00,0.00,0.00,5
SP5-10461,deficit,none,0.00,0.00,0.00,0.00,0.00,4
SP5-10462,ok,reserve,21137.34,14013.44,0.00,0.00,0.00,5
SP5-10463,invalid,none,0.00,0.00,0.00,0.00,0.00,5
SP5-10464,deficit,none,0.00,0.00,0.00,0.00,1453666.36,5
SP5-10465,ok,goals+,0.00,0.00,1865349.99,191327.03,1789513.91,2
SP5-10466,ok,debt,1760.64,4108.17,0.00,0.00,0.00,4
SP5-10467,ok,reserve,6884.33,0.00,0.00,0.00,0.00,5
SP5-10468,ok,reserve,102321.42,0.00,0.00,0.00,0.00,5
SP5-10469,deficit,none,0.00,0.00,0.00,0.00,0.00,4
SP5-10470,ok,debt,1760.64,4108.17,0.00,0.00,0.00,4
SP5-10471,ok,goals+,0.00,0.00,6891.32,1085.60,67698.99,3
SP5-10416,ok,debt,12242.39,18363.58,0.00,0.00,17197.65,2
SP5-10473,ok,reserve,30307.12,0.00,0.00,0.00,0.00,4
SP5-10474,ok,debt,1412.39,3295.57,0.00,0.00,12702.31,3
SP5-10475,deficit,none,0.00,0.00,0.00,0.00,0.00,4
SP5-10476,ok,debt,1074.18,1611.27,0.00,0.00,9499.08,2
SP5-10477,ok,reserve,3837.13,2558.08,0.00,0.00,0.00,2
SP5-10478,ok,goals+,0.00,0.00,16594.18,50020.61,809251.29,3
SP5-10479,deficit,none,0.00,0.00,0.00,0.00,30467.70,5
SP5-10480,ok,debt,1919.99,4479.98,0.00,0.00,28630.06,3
SP5-10481,ok,reserve,7679.20,0.00,0.00,0.00,0.00,2
SP5-10482,ok,debt,6294.42,9441.63,0.00,0.00,54355.21,2
SP5-10483,ok,debt,0.00,143825.09,0.00,0.00,1320613.81,2
SP5-10484,ok,debt,0.00,20023.40,0.00,0.00,52597.77,3
SP5-10485,ok,goals+,5782.98,0.00,7023.90,0.00,0.00,5
SP5-10158,deficit,none,0.00,0.00,0.00,0.00,0.00,4
SP5-10487,ok,reserve,4191.03,0.00,0.00,0.00,0.00,3
SP5-10488,ok,goals+,0.00,0.00,86948.68,0.00,7618014.67,2
SP5-10489,ok,debt,66595.72,99893.57,0.00,0.00,729927.82,2
SP5-10490,deficit,none,0.00,0.00,0.00,0.00,0.00,4
SP5-10491,ok,debt,0.00,1509230.21,0.00,0.00,2812420.49,2
SP5-10492,ok,reserve,23721.30,0.00,0.00,0.00,0.00,5
SP5-10493,ok,debt,1074.18,1611.27,0.00,0.00,9499.08,2
SP5-10494,ok,reserve,13296.16,8864.11,0.00,0.00,0.00,2
SP5-10495,ok,reserve,10629.82,0.00,0.00,0.00,0.00,3
SP5-10496,ok,debt,415500.65,969501.50,0.00,0.00,0.00,2
SP5-10497,ok,reserve,1921.65,0.00,0.00,0.00,0.00,5
SP5-10498,invalid,none,0.00,0.00,0.00,0.00,0.00,5
SP5-10499,ok,goals+,0.00,0.00,3101.04,0.00,0.00,2
SP5-10500,ok,goals+,0.00,0.00,16873.96,0.00,194756.51,3
SP5-10501,invalid,none,0.00,0.00,0.00,0.00,0.00,5
SP5-10502,ok,goals+,0.00,0.00,2679019.24,512902.38,460421.61,2
SP5-10503,deficit,none,0.00,0.00,0.00,0.00,29108.02,5
SP5-10504,ok,reserve,12558.27,1239.70,0.00,0.00,0.00,4
SP5-10505,ok,goals+,0.00,0.00,1083420.25,253810.72,0.00,2
SP5-10506,deficit,none,0.00,0.00,0.00,0.00,0.00,4
SP5-10507,deficit,none,0.00,0.00,0.00,0.00,6655.82,5
SP5-10508,ok,goals+,0.00,0.00,2431569.47,2017088.30,33528264.03,2
SP5-10509,ok,reserve,6704.69,0.00,0.00,0.00,0.00,5
SP5-10510,ok,reserve,3559.58,0.00,0.00,0.00,0.00,3
SP5-10511,deficit,none,0.00,0.00,0.00,0.00,0.00,4
SP5-10512,invalid,none,0.00,0.00,0.00,0.00,0.00,5
SP5-10513,ok,reserve,12957.36,0.00,0.00,0.00,0.00,4
SP5-10514,ok,goals+,0.00,0.00,74240.44,0.00,317620.84,4
SP5-10515,ok,reserve,82054.14,0.00,0.00,0.00,0.00,5
SP5-10516,ok,reserve,10982.87,0.00,0.00,0.00,0.00,5
SP5-10517,ok,reserve,413.88,0.00,0.00,0.00,0.00,5
SP5-10518,ok,goals+,149132.83,223699.25,384626.00,0.00,165118.40,2
SP5-10519,ok,reserve,19874.39,0.00,0.00,0.00,0.00,3
SP5-10520,ok,debt,0.00,17004.63,0.00,0.00,45692.25,3
SP5-10521,ok,goals+,0.00,0.00,10998.96,10073.10,92228.81,3
SP5-10522,deficit,none,0.00,0.00,0.00,0.00,8781721.76,5
SP5-10523,ok,reserve,14402.29,0.00,0.00,0.00,0.00,5
SP5-10524,deficit,none,0.00,0.00,0.00,0.00,0.00,4
SP5-10525,ok,goals+,0.00,0.00,0.00,3646.43,154452.43,3
SP5-10526,deficit,none,0.00,0.00,0.00,0.00,1131476.39,5
SP5-10527,deficit,none,0.00,0.00,0.00,0.00,0.00,4
SP5-10528,deficit,none,0.00,0.00,0.00,0.00,0.00,4
SP5-10529,deficit,none,0.00,0.00,0.00,0.00,164375.18,5
SP5-10530,ok,reserve,5970.29,0.00,0.00,0.00,0.00,5
SP5-10531,ok,reserve,1143.98,762.65,0.00,0.00,10734.42,2
SP5-10532,ok,reserve,15628.66,7854.68,0.00,0.00,0.00,3
SP5-10533,ok,reserve,7648.40,5098.93,0.00,0.00,0.00,2
SP5-10534,ok,reserve,53519.43,0.00,0.00,0.00,0.00,5
SP5-10535,ok,reserve,13843.10,0.00,0.00,0.00,0.00,4
SP5-10536,ok,debt,0.00,804464.07,0.00,0.00,5226286.37,2
SP5-10537,ok,reserve,10821.49,0.00,0.00,0.00,228135.71,3
SP5-10538,ok,reserve,4275.20,0.00,0.00,0.00,0.00,3
SP5-10539,ok,reserve,7817.60,0.00,0.00,0.00,0.00,3
SP5-10540,deficit,none,0.00,0.00,0.00,0.00,2566502.87,5
SP5-10541,deficit,none,0.00,0.00,0.00,0.00,198359.82,5
SP5-10542,deficit,none,0.00,0.00,0.00,0.00,0.00,4
SP5-10543,ok,goals+,12235.56,0.00,21232.12,0.00,0.00,5
SP5-10544,deficit,none,0.00,0.00,0.00,0.00,303832.00,5
SP5-10545,ok,goals+,0.00,0.00,387.18,0.00,0.00,3
SP5-10546,ok,goals+,844653.61,0.00,1348783.20,50168.51,0.00,2
SP5-10547,ok,debt,0.00,1262133.05,0.00,0.00,1939205.64,2
SP5-10548,ok,goals+,0.00,0.00,19170.36,0.00,110069.96,3
SP5-10549,ok,reserve,65644.36,0.00,0.00,0.00,0.00,4
SP5-10550,deficit,none,0.00,0.00,0.00,0.00,0.00,4
SP5-10551,ok,reserve,3299.21,0.00,0.00,0.00,0.00,2
SP5-10552,deficit,none,0.00,0.00,0.00,0.00,0.00,4
SP5-10553,deficit,none,0.00,0.00,0.00,0.00,0.00,4
SP5-10554,ok,reserve,1.00,0.00,0.00,0.00,0.00,3
SP5-10555,ok,goals+,0.00,0.00,10063.11,0.00,20853.84,2
SP5-10556,deficit,none,0.00,0.00,0.00,0.00,0.00,4
SP5-10557,ok,reserve,1850966.32,0.00,1310634.56,89564.72,0.00,2
SP5-10558,deficit,none,0.00,0.00,0.00,0.00,16736264.84,5
SP5-10559,invalid,none,0.00,0.00,0.00,0.00,0.00,5
SP5-10560,ok,reserve,13097.19,0.00,0.00,0.00,0.00,4
SP5-10561,ok,goals+,0.00,0.00,2171081.27,1681097.68,6132644.20,2
SP5-10562,ok,reserve,11613.10,0.00,0.00,0.00,0.00,4
SP5-10563,ok,goals+,0.00,0.00,212603.35,178628.79,1529082.02,2
SP5-10564,ok,reserve,19430.86,10621.50,0.00,0.00,0.00,5
SP5-10565,ok,goals+,0.00,0.00,46438.45,9650.48,163370.86,4
SP5-10566,ok,reserve,102148.80,0.00,0.00,0.00,0.00,4
SP5-10567,deficit,none,0.00,0.00,0.00,0.00,1173941.54,5
SP5-10568,ok,reserve,11839.10,0.00,0.00,0.00,0.00,4
SP5-10569,deficit,none,0.00,0.00,0.00,0.00,0.00,4
SP5-10570,ok,reserve,9417.76,0.00,0.00,0.00,0.00,5
SP5-10571,deficit,none,0.00,0.00,0.00,0.00,0.00,4
SP5-10572,deficit,none,0.00,0.00,0.00,0.00,0.00,4
SP5-10573,ok,debt,0.00,1365571.57,2432.25,0.00,1971743.56,2
SP5-10574,ok,debt,605756.30,1413431.37,0.00,0.00,0.00,2
SP5-10575,deficit,none,0.00,0.00,0.00,0.00,143034.31,5
SP5-10576,deficit,none,0.00,0.00,0.00,0.00,72005343.89,5
SP5-10577,ok,debt,512050.12,5324971.65,0.00,0.00,0.00,2
SP5-10578,ok,reserve,3158.98,0.00,0.00,0.00,0.00,4
SP5-10579,ok,goals+,0.00,0.00,100838.56,0.00,991081.45,3
SP5-10580,ok,reserve,6288.40,4192.27,0.00,0.00,0.00,2
SP5-10581,deficit,none,0.00,0.00,0.00,0.00,0.00,4
SP5-10582,ok,goals+,0.00,0.00,134969.12,0.00,14180712.29,2
SP5-10583,invalid,none,0.00,0.00,0.00,0.00,0.00,5
SP5-10584,deficit,none,0.00,0.00,0.00,0.00,330928.87,5
SP5-10585,deficit,none,0.00,0.00,0.00,0.00,301679.96,5
SP5-10586,ok,debt,10749.54,25082.25,0.00,0.00,248442.26,3
SP5-10587,ok,reserve,31171.45,0.00,0.00,0.00,0.00,4
SP5-10588,ok,goals+,0.00,0.00,167975.48,38548.79,0.00,4
SP5-10589,invalid,none,0.00,0.00,0.00,0.00,0.00,5
SP5-10590,ok,reserve,20524.22,0.00,0.00,0.00,0.00,5
SP5-10591,ok,reserve,46661.76,0.00,0.00,0.00,0.00,3
SP5-10592,ok,reserve,16303.45,0.00,0.00,0.00,0.00,4
SP5-10593,ok,goals+,0.00,0.00,10709.66,1942.42,3548.99,3
SP5-10594,ok,goals+,0.00,0.00,59444.05,0.00,2317228.65,3
SP5-10595,ok,goals+,0.00,0.00,9600.00,20616.20,106004.31,3
SP5-10596,ok,reserve,9327.70,0.00,0.00,0.00,0.00,3
SP5-10597,ok,debt,0.00,13385.01,2225.48,0.00,229026.68,2
SP5-10598,ok,goals+,0.00,0.00,69269.40,109516.68,2736816.43,2
SP5-10599,ok,goals+,0.00,0.00,250558.45,0.00,824309.56,2
SP5-10600,ok,goals+,0.00,0.00,271451.20,0.00,73575288.94,2
SP5-10601,ok,reserve,1074.83,0.00,0.00,0.00,0.00,5
SP5-10602,ok,debt,3175.83,7410.28,557.16,0.00,0.00,3
SP5-10603,ok,debt,15292.20,22938.29,0.00,0.00,42333.21,2
SP5-10604,deficit,none,0.00,0.00,0.00,0.00,0.00,4
SP5-10605,invalid,none,0.00,0.00,0.00,0.00,0.00,5
SP5-10606,ok,goals+,0.00,0.00,46053.29,6031.05,259987.74,3
SP5-10607,ok,reserve,13187.68,8791.78,0.00,0.00,20639.69,2
SP5-10608,deficit,none,0.00,0.00,0.00,0.00,3663011.79,5
SP5-10609,ok,reserve,9734.86,0.00,5300.24,0.00,0.00,3
SP5-10610,ok,debt,0.00,155832.18,0.00,0.00,41516.92,3
SP5-10611,deficit,none,0.00,0.00,0.00,0.00,329896.08,5
SP5-10612,ok,reserve,42014.92,18161.88,0.00,0.00,0.00,5
SP5-10613,ok,reserve,42014.92,18161.88,0.00,0.00,0.00,5
SP5-10614,ok,reserve,3181.63,2121.09,0.00,0.00,0.00,2
SP5-10615,ok,goals+,0.00,0.00,434839.94,411780.91,804207.98,2
SP5-10616,ok,goals+,0.00,0.00,2221405.78,1878193.70,457942.98,2
SP5-10617,deficit,none,0.00,0.00,0.00,0.00,4085851.43,5
SP5-10618,ok,goals+,0.00,0.00,1050746.61,479207.30,16367999.44,2
SP5-10619,ok,reserve,26760.15,0.00,0.00,0.00,0.00,3
SP5-10620,ok,reserve,13793.43,0.00,0.00,0.00,0.00,4
SP5-10621,ok,reserve,14603.19,9735.46,0.00,0.00,0.00,2
SP5-10622,ok,goals+,0.00,0.00,0.00,351.52,54754.11,3
SP5-10623,ok,reserve,10671.76,0.00,0.00,0.00,0.00,3
SP5-10624,deficit,none,0.00,0.00,0.00,0.00,0.00,4
SP5-10625,deficit,none,0.00,0.00,0.00,0.00,426179.66,5
SP5-10626,ok,goals+,4135.69,0.00,4792.92,0.00,0.00,3
SP5-10627,deficit,none,0.00,0.00,0.00,0.00,44026.53,5
SP5-10628,ok,goals+,0.00,0.00,14611.79,0.00,0.00,4
SP5-10629,deficit,none,0.00,0.00,0.00,0.00,7303753.70,5
SP5-10630,deficit,none,0.00,0.00,0.00,0.00,5512788.05,5
SP5-10631,deficit,none,0.00,0.00,0.00,0.00,5116665.18,5
SP5-10632,deficit,none,0.00,0.00,0.00,0.00,1275182.08,5
SP5-10633,deficit,none,0.00,0.00,0.00,0.00,0.00,4
SP5-10634,deficit,none,0.00,0.00,0.00,0.00,0.00,4
SP5-10635,ok,reserve,28152.33,0.00,0.00,0.00,0.00,3
SP5-10636,ok,reserve,8074.53,0.00,0.00,0.00,0.00,2
SP5-10637,deficit,none,0.00,0.00,0.00,0.00,82803080.30,5
SP5-10638,ok,goals+,0.00,0.00,4936598.38,0.00,3055133.19,2
SP5-10639,ok,goals+,0.00,0.00,571633501.86,244512778.10,2135701994.11,2
SP5-10640,deficit,none,0.00,0.00,0.00,0.00,16996.62,5
SP5-10641,deficit,none,0.00,0.00,0.00,0.00,77171.30,5
SP5-10642,ok,reserve,1829.35,1219.56,0.00,0.00,0.00,2
SP5-10643,ok,reserve,44090.96,0.00,0.00,0.00,0.00,3
SP5-10634,deficit,none,0.00,0.00,0.00,0.00,0.00,4
SP5-10645,ok,reserve,22149.95,0.00,0.00,0.00,0.00,3
SP5-10646,ok,debt,0.00,2280502.07,0.00,0.00,798836.13,2
SP5-10647,ok,reserve,15839.08,0.00,0.00,0.00,0.00,3
SP5-10648,ok,debt,11650.37,27184.20,0.00,0.00,0.00,4
SP5-10649,ok,goals+,0.00,0.00,4505005.83,2409486.21,24821730.46,2
SP5-10650,ok,debt,7370.40,11055.59,0.00,0.00,74284.37,2
SP5-10651,deficit,none,0.00,0.00,0.00,0.00,10690.16,5
SP5-10652,ok,goals+,0.00,0.00,1362826.89,43998.66,2383859.21,2
SP5-10653,ok,goals+,0.00,0.00,6327.90,0.00,0.00,2
SP5-10654,ok,reserve,19016.09,0.00,0.00,0.00,0.00,5
SP5-10655,ok,goals+,0.00,0.00,404288.56,92261.13,13636437.17,2
SP5-10656,deficit,none,0.00,0.00,0.00,0.00,0.00,4
SP5-10657,ok,debt,1293.01,3017.03,0.00,0.00,0.00,4
SP5-10416,ok,debt,2636.19,6151.10,0.00,0.00,0.00,3
SP5-10659,deficit,none,0.00,0.00,0.00,0.00,0.00,4
SP5-10660,ok,reserve,28152.33,0.00,0.00,0.00,0.00,3
SP5-10661,ok,goals+,0.00,0.00,1105860.85,819058.53,9426380.05,2
SP5-10662,ok,goals+,0.00,0.00,11006.14,0.00,297786.16,3
SP5-10663,ok,reserve,2917.27,1944.84,0.00,0.00,0.00,2
SP5-10664,deficit,none,0.00,0.00,0.00,0.00,4122.05,5
SP5-10665,ok,goals+,0.00,0.00,3247291.93,402896.98,2355576.56,2
SP5-10666,invalid,none,0.00,0.00,0.00,0.00,0.00,5
SP5-10667,ok,reserve,28202.65,1353.57,0.00,0.00,0.00,4
SP5-10668,ok,goals+,0.00,0.00,1108.24,55.15,203658.23,4
SP5-10669,ok,debt,2478.29,5782.67,434.79,0.00,0.00,3
SP5-10670,deficit,none,0.00,0.00,0.00,0.00,0.00,4
SP5-10671,deficit,none,0.00,0.00,0.00,0.00,0.00,4
SP5-10672,ok,goals+,0.00,0.00,20254.50,18486.41,155631.12,3
SP5-10673,ok,debt,0.00,44332.27,0.00,0.00,45888.29,3
SP5-10674,ok,debt,1424184.27,3323096.64,0.00,0.00,0.00,2
SP5-10675,invalid,none,0.00,0.00,0.00,0.00,0.00,5
SP5-10676,ok,reserve,7415.89,4943.93,0.00,0.00,29590.09,2
SP5-10677,ok,debt,0.00,75725.83,0.00,0.00,274425.64,3
SP5-06281,invalid,none,0.00,0.00,0.00,0.00,0.00,5
SP5-10679,deficit,none,0.00,0.00,0.00,0.00,2648698.09,5
SP5-10680,ok,debt,2468.14,3702.20,0.00,0.00,20322.32,2
SP5-10681,ok,goals+,0.00,0.00,37682.18,0.00,85864.19,3
SP5-10682,ok,reserve,1568.49,0.00,0.00,0.00,0.00,3
SP5-10683,invalid,none,0.00,0.00,0.00,0.00,0.00,5
SP5-10684,ok,reserve,3912.79,2608.52,3176.43,0.00,0.00,2
SP5-10685,ok,reserve,4053.42,0.00,0.00,0.00,0.00,4
SP5-10686,deficit,none,0.00,0.00,0.00,0.00,0.00,4
SP5-10687,ok,reserve,8827.30,0.00,0.00,0.00,0.00,2
SP5-10688,ok,reserve,3974.82,264.89,0.00,0.00,0.00,4
SP5-10689,ok,reserve,19579.55,0.00,0.00,0.00,0.00,4
SP5-10690,ok,debt,17625.44,26438.15,0.00,0.00,95239.05,2
SP5-10691,ok,reserve,33759.58,0.00,0.00,0.00,0.00,4
SP5-10692,ok,reserve,15703.73,10469.16,1377.52,0.00,0.00,2
SP5-10693,ok,reserve,9095.62,6063.75,0.00,0.00,0.00,2
SP5-10694,ok,goals+,0.00,0.00,6253.06,0.00,113989.81,3
SP5-10695,ok,goals+,0.00,0.00,40110.26,11787.15,77300.94,3
SP5-10696,ok,reserve,10598.63,0.00,0.00,0.00,0.00,3
SP5-10697,ok,debt,0.00,639088.00,0.00,0.00,1360010.14,2
SP5-10698,ok,goals+,493189.33,0.00,1016622.15,290964.97,0.00,2
SP5-10699,ok,goals+,0.00,0.00,1281750.43,2395216.89,93323.43,2
SP5-10700,ok,goals+,0.00,0.00,378078.30,379180.00,5826118.52,2
SP5-10701,invalid,none,0.00,0.00,0.00,0.00,0.00,5
SP5-10702,ok,goals+,0.00,0.00,33556.51,0.00,56759.70,3
SP5-10703,deficit,none,0.00,0.00,0.00,0.00,0.00,4
SP5-10704,ok,goals+,0.00,0.00,3360.55,0.00,10519.63,3
SP5-10705,deficit,none,0.00,0.00,0.00,0.00,0.00,4
SP5-10706,ok,goals+,0.00,0.00,76777.38,0.00,881084.83,3
SP5-10707,ok,reserve,32440.18,0.00,0.00,0.00,0.00,4
SP5-10708,ok,none,0.00,0.00,0.00,0.00,0.00,2
SP5-10709,ok,reserve,9218.93,0.00,0.00,0.00,0.00,4
SP5-10710,deficit,none,0.00,0.00,0.00,0.00,0.00,4
SP5-10711,ok,goals+,0.00,0.00,11222.64,1085.30,33196.36,3
SP5-10712,ok,goals+,0.00,0.00,47392.58,34137.64,52346.49,3
SP5-10713,ok,goals+,0.00,0.00,10161.33,9131.69,147126.16,3
SP5-10714,deficit,none,0.00,0.00,0.00,0.00,35930904.57,5
SP5-10715,deficit,none,0.00,0.00,0.00,0.00,95696502.37,5
SP5-10716,deficit,none,0.00,0.00,0.00,0.00,0.00,4
SP5-10717,ok,reserve,21683.36,0.00,0.00,0.00,5862.75,3
SP5-10718,deficit,none,0.00,0.00,0.00,0.00,15173.39,5
SP5-10719,ok,reserve,5233.26,2978.27,0.00,0.00,0.00,3
SP5-10720,deficit,none,0.00,0.00,0.00,0.00,19745.33,5
SP5-10721,ok,goals+,0.00,0.00,15374.94,1236.28,110533.28,3
SP5-10722,deficit,none,0.00,0.00,0.00,0.00,0.00,4
SP5-10723,ok,reserve,51723.93,0.00,0.00,0.00,0.00,3
SP5-10724,deficit,none,0.00,0.00,0.00,0.00,57696.16,5
SP5-10725,ok,goals+,0.00,0.00,0.00,344678.50,2825370.20,2
SP5-10726,deficit,none,0.00,0.00,0.00,0.00,1332349.26,5
SP5-10727,ok,debt,0.00,28780.88,1514.78,0.00,83731.20,3
SP5-10728,ok,reserve,22635.53,4580.48,1432.42,0.00,0.00,5
SP5-10682,ok,goals+,0.00,0.00,11427.62,0.00,0.00,3
SP5-10730,ok,reserve,4802.98,3201.98,0.00,0.00,0.00,2
SP5-10731,ok,debt,0.00,3339824.74,0.00,0.00,788243.36,2
SP5-10732,ok,reserve,18820.80,3172.31,0.00,0.00,0.00,5
SP5-10733,ok,debt,4242.11,6363.17,0.00,0.00,33171.82,2
SP5-10734,ok,goals+,0.00,0.00,0.00,1262.75,1200153.29,3
SP5-10735,deficit,none,0.00,0.00,0.00,0.00,6362762.71,5
SP5-10736,ok,reserve,1955.96,0.00,0.00,0.00,0.00,4
SP5-10737,ok,goals+,0.00,0.00,405383.31,0.00,10330360.48,2
SP5-10738,ok,reserve,10888.80,0.00,0.00,0.00,0.00,4
SP5-10739,deficit,none,0.00,0.00,0.00,0.00,158266027.26,5
SP5-10740,invalid,none,0.00,0.00,0.00,0.00,0.00,5
SP5-10741,deficit,none,0.00,0.00,0.00,0.00,963628.63,5
SP5-10742,ok,goals+,0.00,0.00,6760.94,9188.78,711067.85,3
SP5-10743,ok,reserve,15087.80,10058.53,0.00,0.00,0.00,2
SP5-10744,deficit,none,0.00,0.00,0.00,0.00,0.00,4
SP5-10745,ok,reserve,7439.64,1559.33,0.00,0.00,0.00,4
SP5-10746,deficit,none,0.00,0.00,0.00,0.00,0.00,4
SP5-10747,ok,reserve,13686.29,0.00,0.00,0.00,0.00,4
SP5-10748,invalid,none,0.00,0.00,0.00,0.00,0.00,5
SP5-10749,ok,debt,166441.55,4396597.16,0.00,0.00,0.00,2
SP5-10750,ok,reserve,1513533.42,0.00,0.00,0.00,0.00,2
SP5-10751,ok,reserve,3376.35,0.00,0.00,0.00,0.00,5
SP5-10752,ok,reserve,8285.03,1030.32,0.00,0.00,0.00,1
SP5-10753,deficit,none,0.00,0.00,0.00,0.00,2139435.40,5
SP5-10754,deficit,none,0.00,0.00,0.00,0.00,35335.25,5
SP5-10755,ok,goals+,0.00,0.00,2254548.86,87954.70,5000000.00,2
SP5-10756,ok,reserve,24295.48,0.00,0.00,0.00,49950.88,4
SP5-10757,ok,debt,2920.16,6813.71,0.00,0.00,26382.63,3
SP5-10758,invalid,none,0.00,0.00,0.00,0.00,0.00,5
SP5-10759,ok,goals+,0.00,0.00,7035.76,0.00,372620.92,3
SP5-10760,ok,reserve,28.51,0.00,0.00,0.00,0.00,5
SP5-10761,ok,goals+,0.00,0.00,8599.92,6617.89,46266.12,3
SP5-10762,deficit,none,0.00,0.00,0.00,0.00,29545721.09,5
SP5-10763,ok,debt,2002.45,4672.39,0.00,0.00,23849.58,3
SP5-10764,ok,goals+,0.00,0.00,768863.72,73779.81,0.00,2
SP5-10765,ok,reserve,5963.56,0.00,0.00,0.00,0.00,5
SP5-10766,ok,goals+,0.00,0.00,43414.99,0.00,6285202.78,2
SP5-10767,ok,goals+,0.00,0.00,1563.01,339.47,688872.90,3
SP5-10768,ok,reserve,19749.79,0.00,0.00,0.00,0.00,3
SP5-10769,ok,goals+,9497.86,0.00,22102.88,0.00,0.00,2
SP5-10770,deficit,none,0.00,0.00,0.00,0.00,0.00,4
SP5-10771,ok,goals+,0.00,0.00,16067.24,0.00,0.00,3
SP5-10772,ok,reserve,1.00,0.00,0.00,0.00,0.00,3
SP5-10773,ok,debt,0.00,59992.97,0.00,0.00,17356.70,2
SP5-10774,ok,reserve,3744.51,0.00,0.00,0.00,0.00,5
SP5-10775,ok,goals+,0.00,0.00,0.00,3391194.97,113444679.69,2
SP5-10776,ok,debt,3428.61,8000.09,0.00,0.00,0.00,3
SP5-10777,deficit,none,0.00,0.00,0.00,0.00,0.00,4
SP5-10778,deficit,none,0.00,0.00,0.00,0.00,31292.26,5
SP5-10779,deficit,none,0.00,0.00,0.00,0.00,3059947.76,5
SP5-10780,ok,goals+,0.00,0.00,79817.84,0.00,147953.03,3
SP5-10781,ok,reserve,1062.27,0.00,0.00,0.00,0.00,4
SP5-10782,deficit,none,0.00,0.00,0.00,0.00,0.00,4
SP5-10783,ok,goals+,0.00,0.00,10896.94,0.00,62074.07,3
SP5-10784,deficit,none,0.00,0.00,0.00,0.00,36305.44,5
SP5-10785,invalid,none,0.00,0.00,0.00,0.00,0.00,5
SP5-10786,deficit,none,0.00,0.00,0.00,0.00,41467.31,5
SP5-10787,ok,reserve,16182.82,0.00,0.00,0.00,0.00,4
SP5-10788,ok,debt,788846.21,1840641.17,0.00,0.00,0.00,2
SP5-10789,ok,reserve,1993274.96,0.00,1359125.52,110577.02,0.00,2
SP5-10790,ok,goals+,0.00,0.00,11677.92,0.00,0.00,3
SP5-10791,deficit,none,0.00,0.00,0.00,0.00,0.00,4
SP5-10792,deficit,none,0.00,0.00,0.00,0.00,0.00,4
SP5-10793,ok,debt,14807.20,22210.80,0.00,0.00,14441.67,2
SP5-10794,invalid,none,0.00,0.00,0.00,0.00,0.00,5
SP5-10795,ok,goals+,298496.43,0.00,0.00,1581485.73,0.00,2
SP5-10796,deficit,none,0.00,0.00,0.00,0.00,44939.60,5
SP5-10797,ok,reserve,14973.03,9982.02,0.00,0.00,0.00,2
SP5-10798,ok,reserve,28.51,0.00,0.00,0.00,0.00,5
SP5-10799,deficit,none,0.00,0.00,0.00,0.00,811816.45,5
SP5-10800,ok,none,0.00,0.00,0.00,0.00,0.00,5
SP5-10801,ok,reserve,1847.77,1231.84,0.00,0.00,0.00,2
SP5-10802,ok,debt,20680.37,31020.56,0.00,0.00,120805.93,2
SP5-10803,deficit,none,0.00,0.00,0.00,0.00,0.00,4
SP5-10804,deficit,none,0.00,0.00,0.00,0.00,15272.05,5
SP5-10805,deficit,none,0.00,0.00,0.00,0.00,0.00,4
SP5-10806,ok,goals+,0.00,0.00,0.00,3168.72,13368.79,5
SP5-10807,deficit,none,0.00,0.00,0.00,0.00,811816.45,5
SP5-10808,ok,debt,0.00,9363.80,0.00,0.00,44654.25,3
SP5-10809,invalid,none,0.00,0.00,0.00,0.00,0.00,5
SP5-10810,ok,goals+,0.00,0.00,11185.95,33476.93,90131.35,3
SP5-10811,deficit,none,0.00,0.00,0.00,0.00,0.00,4
SP5-10812,deficit,none,0.00,0.00,0.00,0.00,1846543.32,5
SP5-10813,ok,goals+,0.00,0.00,491.61,0.00,0.00,4
SP5-10814,ok,goals+,0.00,0.00,309182.82,0.00,8417617.59,2
SP5-10815,ok,reserve,24669.43,16446.28,0.00,0.00,0.00,2
SP5-10816,invalid,none,0.00,0.00,0.00,0.00,0.00,5
SP5-10817,ok,reserve,18865.83,0.00,0.00,0.00,0.00,3
SP5-10818,ok,none,0.00,0.00,0.00,0.00,564588.38,5
SP5-10819,deficit,none,0.00,0.00,0.00,0.00,0.00,4
SP5-10820,ok,reserve,12578.30,0.00,0.00,0.00,0.00,5
SP5-10821,ok,reserve,12056.81,8037.87,0.00,0.00,0.00,2
SP5-10822,ok,goals+,0.00,0.00,536088.08,158775.40,25879335.61,2
SP5-10823,ok,goals+,578.74,0.00,10754.08,0.00,0.00,2
SP5-10824,deficit,none,0.00,0.00,0.00,0.00,41979255.88,5
SP5-10825,invalid,none,0.00,0.00,0.00,0.00,0.00,5
SP5-10826,ok,goals+,0.00,0.00,25693.79,0.00,0.00,3
SP5-10827,deficit,none,0.00,0.00,0.00,0.00,0.00,4
SP5-10828,invalid,none,0.00,0.00,0.00,0.00,0.00,5
SP5-10829,ok,goals+,0.00,0.00,12778.19,0.00,0.00,3
SP5-10830,ok,reserve,16999.56,0.00,0.00,0.00,0.00,5
SP5-10831,deficit,none,0.00,0.00,0.00,0.00,0.00,4
SP5-10832,ok,debt,542.50,1357.80,0.00,0.00,0.00,3
SP5-10833,invalid,none,0.00,0.00,0.00,0.00,0.00,5
SP5-10834,ok,reserve,22519.86,0.00,0.00,0.00,0.00,4
SP5-10835,ok,goals+,0.00,0.00,1409845.16,127131.63,3165703.31,2
SP5-10836,ok,reserve,463.77,0.00,0.00,0.00,0.00,5
SP5-10837,ok,reserve,25342.26,0.00,0.00,0.00,0.00,4
SP5-10838,ok,reserve,291390.75,0.00,0.00,0.00,0.00,5
SP5-10839,ok,reserve,235.65,157.10,20.67,0.00,0.00,2
SP5-10840,ok,goals+,0.00,0.00,4263.74,0.00,1182231.64,3
SP5-10841,ok,reserve,6541.27,0.00,0.00,0.00,0.00,4
SP5-10842,ok,reserve,10864.33,0.00,0.00,0.00,0.00,2
SP5-10843,ok,debt,0.00,1587916.40,0.00,0.00,2160586.94,2
SP5-10844,ok,goals+,0.00,0.00,160243.75,0.00,14964012.62,2
SP5-10845,ok,goals+,0.00,0.00,35526.29,0.00,21011706.88,2
SP5-10846,deficit,none,0.00,0.00,0.00,0.00,174268.64,5
SP5-10847,ok,reserve,161175.04,0.00,0.00,0.00,0.00,4
SP5-10848,ok,reserve,34887.14,0.00,0.00,0.00,0.00,2
SP5-10849,deficit,none,0.00,0.00,0.00,0.00,8411371.50,5
SP5-10850,ok,reserve,2377.22,1584.82,208.53,0.00,6850.95,2
SP5-10851,ok,reserve,40919.52,0.00,5387.54,0.00,0.00,1
SP5-10852,ok,reserve,18865.83,0.00,0.00,0.00,0.00,3
SP5-10853,ok,goals+,0.00,0.00,122085.68,0.00,25164007.17,2
SP5-10854,ok,reserve,7164.00,0.00,0.00,0.00,17552.70,3
SP5-10855,ok,reserve,16060.38,0.00,0.00,0.00,0.00,5
SP5-10856,invalid,none,0.00,0.00,0.00,0.00,0.00,5
SP5-10857,deficit,none,0.00,0.00,0.00,0.00,0.00,4
SP5-10858,ok,reserve,11435.19,0.00,0.00,0.00,0.00,3
SP5-10859,ok,debt,0.00,4194020.25,0.00,0.00,662824.35,2
SP5-10860,deficit,none,0.00,0.00,0.00,0.00,0.00,4
SP5-10861,invalid,none,0.00,0.00,0.00,0.00,0.00,5
SP5-10862,ok,reserve,28105.85,0.00,0.00,0.00,0.00,2
SP5-10863,ok,goals+,0.00,0.00,0.00,882303.28,55730046.43,2
SP5-10864,ok,reserve,12316.97,0.00,0.00,0.00,0.00,5
SP5-10865,ok,reserve,3506.80,0.00,0.00,0.00,0.00,5
SP5-10866,ok,debt,201248.22,469579.19,121982.64,0.00,0.00,2
SP5-10867,ok,reserve,4317.56,0.00,0.00,0.00,0.00,5
SP5-10868,ok,goals+,0.00,0.00,4629.68,0.00,352243.10,4
SP5-10869,ok,debt,276.54,414.82,0.00,0.00,37083.43,2
SP5-10724,deficit,none,0.00,0.00,0.00,0.00,0.00,4
SP5-10871,ok,goals+,0.00,0.00,33514.21,9224.86,37311.73,3
SP5-10872,ok,goals+,0.00,0.00,13310.82,5410.29,362639.60,3
SP5-10873,ok,goals+,0.00,0.00,334341167.78,65168501.22,1154311562.88,2
SP5-10874,ok,goals+,0.00,0.00,72006.33,0.00,12189388.70,2
SP5-10875,deficit,none,0.00,0.00,0.00,0.00,0.00,4
SP5-10876,deficit,none,0.00,0.00,0.00,0.00,0.00,4
SP5-10877,ok,goals+,0.00,0.00,1010191.10,320522.55,18345368.03,2
SP5-10878,deficit,none,0.00,0.00,0.00,0.00,0.00,4
SP5-10879,ok,goals+,0.00,0.00,6063.97,0.00,2496710.37,3
SP5-10880,ok,reserve,14415.15,0.00,0.00,0.00,0.00,5
SP5-10881,deficit,none,0.00,0.00,0.00,0.00,71780.24,5
SP5-10882,ok,reserve,29886.47,0.00,0.00,0.00,0.00,3
SP5-10883,ok,goals+,0.00,0.00,0.00,7028.16,82176.62,5
SP5-10884,deficit,none,0.00,0.00,0.00,0.00,294643.71,5
SP5-10885,ok,reserve,14991.78,0.00,0.00,0.00,0.00,5
SP5-10886,ok,debt,617789.81,1441509.55,0.00,0.00,0.00,2
SP5-10887,ok,reserve,9801.44,3394.07,5540.86,0.00,0.00,2
SP5-10888,ok,debt,123484.60,4252450.32,0.00,0.00,0.00,2
SP5-10889,deficit,none,0.00,0.00,0.00,0.00,0.00,4
SP5-10890,ok,goals+,0.00,0.00,10508.07,4230.97,88037.86,3
SP5-10891,ok,none,0.00,0.00,0.00,0.00,0.00,2
SP5-10892,ok,goals+,0.00,0.00,63764.51,0.00,23467.29,1
SP5-10893,ok,reserve,8971.28,5980.86,786.95,0.00,0.00,2
SP5-10894,ok,reserve,1516.69,1011.12,0.00,0.00,0.00,2
SP5-10895,deficit,none,0.00,0.00,0.00,0.00,76852.93,5
SP5-10896,ok,goals+,0.00,0.00,284204.88,7772.61,8834158.32,2
SP5-10897,ok,reserve,3840.88,0.00,0.00,0.00,0.00,4
SP5-10898,ok,debt,0.00,28985.08,0.00,0.00,398856.17,3
SP5-10899,ok,reserve,25739.01,0.00,0.00,0.00,0.00,4
SP5-10900,invalid,none,0.00,0.00,0.00,0.00,0.00,5
SP5-10901,deficit,none,0.00,0.00,0.00,0.00,0.00,4
SP5-10902,ok,debt,12132.72,28309.69,2128.55,0.00,0.00,3
SP5-10903,ok,goals+,0.00,0.00,783462.25,1946914.43,25004227.30,2
SP5-10904,ok,reserve,28114.49,0.00,0.00,0.00,0.00,5
SP5-10905,deficit,none,0.00,0.00,0.00,0.00,48434.05,5
SP5-10906,ok,debt,1652.25,3855.26,0.00,0.00,23711.05,3
SP5-10907,ok,reserve,65377.07,43584.71,0.00,0.00,0.00,2
SP5-10908,ok,goals+,0.00,0.00,4362603.26,1080258.63,0.00,2
SP5-10909,ok,goals+,0.00,0.00,2591.05,0.00,88478.34,2
SP5-10910,ok,reserve,31151.54,0.00,0.00,0.00,0.00,1
SP5-10911,ok,goals+,0.00,0.00,10331.94,5184.35,135213.89,3
SP5-10912,deficit,none,0.00,0.00,0.00,0.00,0.00,4
SP5-10913,deficit,none,0.00,0.00,0.00,0.00,75474.85,5
SP5-10914,ok,reserve,46647.60,31098.40,0.00,0.00,596064.13,2
SP5-10915,ok,debt,8707.27,20316.96,0.00,0.00,0.00,3
SP5-10916,deficit,none,0.00,0.00,0.00,0.00,0.00,4
SP5-10917,ok,reserve,53902.69,0.00,0.00,0.00,0.00,2
SP5-10918,ok,goals+,0.00,0.00,1506.49,0.00,72763.64,2
SP5-10919,deficit,none,0.00,0.00,0.00,0.00,1016679.13,5
SP5-10920,ok,reserve,16517.29,0.00,0.00,0.00,0.00,3
SP5-10921,ok,reserve,41870.89,0.00,0.00,0.00,0.00,5
SP5-10922,ok,debt,0.00,618850.36,32571.07,0.00,2413387.92,2
SP5-10923,ok,debt,0.00,959452.84,0.00,0.00,7921705.29,2
SP5-10924,ok,reserve,58748.33,0.00,0.00,0.00,0.00,3
SP5-10925,deficit,none,0.00,0.00,0.00,0.00,0.00,4
SP5-10926,ok,goals+,0.00,0.00,23297.30,3867.86,217250.00,3
SP5-10927,ok,reserve,31332.38,0.00,0.00,0.00,0.00,3
SP5-10928,ok,goals+,0.00,0.00,8331.83,0.00,0.00,3
SP5-10929,deficit,none,0.00,0.00,0.00,0.00,0.00,4
SP5-10930,ok,goals+,0.00,0.00,0.00,114510.02,211333.52,4
SP5-10931,ok,debt,0.00,5919.54,0.00,0.00,61162.63,3
SP5-10932,ok,reserve,4876.28,0.00,0.00,0.00,0.00,3
SP5-10933,ok,debt,2692.59,6282.71,0.00,0.00,0.00,3
SP5-10934,ok,reserve,51324.43,0.00,0.00,0.00,0.00,5
SP5-10935,deficit,none,0.00,0.00,0.00,0.00,154813.14,5
SP5-10936,ok,reserve,2099.39,1255.84,0.00,0.00,0.00,5
SP5-10937,deficit,none,0.00,0.00,0.00,0.00,0.00,4
SP5-10938,ok,goals+,0.00,0.00,995633.46,0.00,29549635.58,2
SP5-10939,ok,goals+,0.00,0.00,2075951.36,972044.85,20097820.54,2
SP5-10940,deficit,none,0.00,0.00,0.00,0.00,0.00,4
SP5-10941,ok,reserve,13234.68,0.00,12478.17,0.00,0.00,3
SP5-10942,ok,goals+,0.00,0.00,4257524.11,819379.57,0.00,2
SP5-10943,deficit,none,0.00,0.00,0.00,0.00,0.00,4
SP5-10944,ok,reserve,3121.36,0.00,0.00,0.00,0.00,5
SP5-10945,ok,none,0.00,0.00,0.00,0.00,0.00,5
SP5-10946,ok,debt,13283.01,30993.69,0.00,0.00,0.00,4
SP5-10947,ok,debt,0.00,2913235.12,6908.04,0.00,3597938.84,2
SP5-10948,deficit,none,0.00,0.00,0.00,0.00,17246475.86,5
SP5-10949,ok,goals+,0.00,0.00,0.00,194137.63,42130383.81,2
SP5-10950,ok,goals+,0.00,0.00,12133.99,0.00,10314600.70,3
SP5-10951,ok,goals+,0.00,0.00,229147.19,52034.70,0.00,4
SP5-10952,deficit,none,0.00,0.00,0.00,0.00,3327821.83,5
SP5-10953,deficit,none,0.00,0.00,0.00,0.00,91340807.21,5
SP5-10954,deficit,none,0.00,0.00,0.00,0.00,3881806.00,5
SP5-10955,ok,reserve,13163.36,0.00,7716.18,0.00,0.00,5
SP5-05391,invalid,none,0.00,0.00,0.00,0.00,0.00,5
SP5-10957,ok,goals+,0.00,0.00,8069.92,29658.15,8795.44,3
SP5-10958,ok,goals+,0.00,0.00,63254.63,0.00,1869973.02,4
SP5-10959,invalid,none,0.00,0.00,0.00,0.00,0.00,5
SP5-10960,ok,reserve,3374.13,0.00,0.00,0.00,0.00,3
SP5-10961,invalid,none,0.00,0.00,0.00,0.00,0.00,5
SP5-10962,invalid,none,0.00,0.00,0.00,0.00,0.00,5
SP5-10963,deficit,none,0.00,0.00,0.00,0.00,0.00,4
SP5-10964,ok,reserve,928194.41,0.00,0.00,0.00,0.00,2
SP5-10965,ok,debt,59.48,138.79,0.00,0.00,14698.95,3
SP5-10966,ok,goals+,0.00,0.00,375273304.55,466599240.76,2294337987.38,2
SP5-10967,deficit,none,0.00,0.00,0.00,0.00,0.00,4
SP5-10968,ok,goals+,0.00,0.00,863166.23,113786.48,4169931.30,2
SP5-10969,ok,reserve,1125813.32,0.00,1001343.46,35355.28,0.00,2
SP5-10970,invalid,none,0.00,0.00,0.00,0.00,0.00,5
SP5-10971,ok,debt,0.00,5919.54,0.00,0.00,61162.63,3
SP5-10972,ok,reserve,4366.11,0.00,0.00,0.00,0.00,4
SP5-10973,deficit,none,0.00,0.00,0.00,0.00,263455.25,5
SP5-10974,ok,goals+,3387.05,0.00,4728.42,0.00,0.00,2
SP5-10975,deficit,none,0.00,0.00,0.00,0.00,3228317.76,5
SP5-10976,ok,goals+,0.00,0.00,1124.56,0.00,0.00,2
SP5-10977,ok,goals+,0.00,0.00,46058.36,21967.40,235386.29,3
SP5-10978,invalid,none,0.00,0.00,0.00,0.00,0.00,5
SP5-10979,ok,debt,8534.48,19913.80,0.00,0.00,0.00,4
SP5-10980,ok,debt,1598.05,3728.79,280.36,0.00,0.00,3
SP5-10981,ok,goals+,0.00,0.00,56045.58,0.00,0.00,3
SP5-10982,ok,goals+,0.00,0.00,3391.69,0.00,0.00,2
SP5-10983,ok,goals+,0.00,0.00,707835.07,0.00,21386446.02,2
SP5-10984,ok,debt,1248.94,2914.20,0.00,0.00,0.00,3
SP5-10985,deficit,none,0.00,0.00,0.00,0.00,1299209.00,5
SP5-10986,ok,debt,728267.85,3424487.79,0.00,0.00,0.00,2
SP5-10987,invalid,none,0.00,0.00,0.00,0.00,0.00,5
SP5-10988,ok,reserve,56609.62,0.00,0.00,0.00,0.00,5
SP5-10989,deficit,none,0.00,0.00,0.00,0.00,0.00,4
SP5-10990,deficit,none,0.00,0.00,0.00,0.00,0.00,4
SP5-10991,ok,goals+,0.00,0.00,0.00,35294.72,214171.33,5
SP5-10992,ok,debt,5001.85,11670.99,0.00,0.00,0.00,4
SP5-10993,ok,goals+,0.00,0.00,326670812.29,194750694.05,4584463541.03,2
SP5-10994,deficit,none,0.00,0.00,0.00,0.00,39006744.89,5
SP5-10995,invalid,none,0.00,0.00,0.00,0.00,0.00,5
SP5-10996,ok,reserve,1.00,0.00,0.00,0.00,0.00,5
SP5-10997,deficit,none,0.00,0.00,0.00,0.00,0.00,4
SP5-10998,ok,reserve,1766.19,0.00,0.00,0.00,0.00,5
SP5-10999,deficit,none,0.00,0.00,0.00,0.00,0.00,4
SP5-11000,ok,reserve,22692.47,0.00,0.00,0.00,0.00,5
SP5-11001,ok,goals+,0.00,0.00,15554.91,0.00,110105.85,3
SP5-11002,ok,goals+,0.00,0.00,38158.00,0.00,20869.46,3
SP5-11003,ok,goals+,0.00,0.00,15791.50,0.00,0.00,2
SP5-11004,deficit,none,0.00,0.00,0.00,0.00,0.00,4
SP5-11005,deficit,none,0.00,0.00,0.00,0.00,0.00,4
SP5-11006,ok,goals+,0.00,0.00,3316714.29,0.00,85089689.08,2
SP5-11007,ok,debt,0.00,1569348.88,0.00,0.00,1326692.19,2
SP5-11008,ok,goals+,0.00,0.00,5841.85,3090.80,49075.68,3
SP5-11009,ok,goals+,0.00,0.00,509284051.98,72909701.51,6000000.00,2
SP5-11010,ok,reserve,17771.92,11847.95,0.00,0.00,0.00,2
SP5-11011,ok,goals+,2949.48,1966.32,9024.96,0.00,6763.51,2
SP5-11012,ok,goals+,0.00,0.00,31165.55,4304.69,175864.22,3
SP5-11013,deficit,none,0.00,0.00,0.00,0.00,0.00,4
SP5-11014,ok,debt,0.00,971138.01,0.00,0.00,975857.74,2
SP5-11015,ok,reserve,16571.78,0.00,0.00,0.00,0.00,4
SP5-11016,ok,goals+,0.00,0.00,16307.83,13749.51,1283650.20,3
SP5-11017,ok,reserve,12304.24,0.00,0.00,0.00,0.00,5
SP5-11018,deficit,none,0.00,0.00,0.00,0.00,548755.23,5
SP5-11019,ok,reserve,7100.47,0.00,0.00,0.00,0.00,5
SP5-11020,deficit,none,0.00,0.00,0.00,0.00,0.00,4
SP5-11021,deficit,none,0.00,0.00,0.00,0.00,0.00,4
SP5-11022,ok,reserve,11575.90,7717.27,0.00,0.00,0.00,2
SP5-11023,ok,reserve,72243.02,48162.02,0.00,0.00,0.00,2
SP5-11024,deficit,none,0.00,0.00,0.00,0.00,22553413.61,5
SP5-11025,deficit,none,0.00,0.00,0.00,0.00,151604.81,5
SP5-11026,ok,reserve,123042.40,0.00,0.00,0.00,0.00,5
SP5-11027,ok,reserve,13476.49,0.00,0.00,0.00,0.00,4
SP5-11028,ok,goals+,0.00,0.00,1559698.33,3969037.95,528110.70,2
SP5-11029,deficit,none,0.00,0.00,0.00,0.00,183541655.61,5
SP5-11030,ok,reserve,2665.83,0.00,0.00,0.00,0.00,2
SP5-11031,ok,goals+,0.00,0.00,12183.26,6943.65,831231.57,3
SP5-11032,ok,reserve,58259.92,0.00,0.00,0.00,0.00,5
SP5-11033,deficit,none,0.00,0.00,0.00,0.00,0.00,4
SP5-11034,ok,goals+,5931.52,0.00,7396.31,0.00,0.00,2
SP5-11035,ok,goals+,0.00,0.00,0.00,25688.27,2754084.62,3
SP5-11036,deficit,none,0.00,0.00,0.00,0.00,0.00,4
SP5-11037,ok,debt,0.00,4454018.43,0.00,0.00,682905.77,2
SP5-11038,ok,reserve,20057.55,0.00,0.00,0.00,0.00,4
SP5-11039,ok,debt,0.00,100603.42,0.00,0.00,853761.60,3
SP5-11023,deficit,none,0.00,0.00,0.00,0.00,0.00,4
SP5-11041,ok,goals+,0.00,0.00,55420.39,0.00,422469.55,3
SP5-11042,ok,reserve,4293.74,1033.52,0.00,0.00,0.00,1
SP5-11043,deficit,none,0.00,0.00,0.00,0.00,0.00,4
SP5-11044,ok,reserve,16180.07,3158.49,0.00,0.00,0.00,5
SP5-11045,ok,reserve,2687.00,1791.34,0.00,0.00,0.00,2
SP5-11046,ok,debt,0.00,1280317.41,0.00,0.00,2383520.11,2
SP5-11047,ok,debt,2700.02,4050.04,0.00,0.00,31284.50,2
SP5-11048,ok,debt,36348.76,84813.76,0.00,0.00,0.00,3
SP5-11049,ok,goals+,0.00,0.00,0.00,1483900.06,16766151.69,2
SP5-11050,ok,reserve,15306.94,0.00,0.00,0.00,0.00,5
SP5-11051,deficit,none,0.00,0.00,0.00,0.00,0.00,4
SP5-11052,ok,reserve,24235.12,16156.75,0.00,0.00,0.00,2
SP5-11053,ok,debt,130559.09,304637.86,0.00,0.00,0.00,2
SP5-11054,deficit,none,0.00,0.00,0.00,0.00,6027.01,5
SP5-11055,ok,debt,5781.42,13489.98,0.00,0.00,0.00,4
SP5-11056,ok,reserve,4429.99,0.00,0.00,0.00,0.00,5
SP5-11057,ok,reserve,1584.86,1056.57,0.00,0.00,0.00,2
SP5-11058,ok,none,0.00,0.00,0.00,0.00,126995.15,5
SP5-11059,deficit,none,0.00,0.00,0.00,0.00,0.00,4
SP5-11060,ok,reserve,3868.85,2579.23,339.37,0.00,0.00,2
SP5-11061,ok,reserve,48253.98,32169.32,0.00,0.00,0.00,2
SP5-11062,ok,reserve,4093.25,0.00,0.00,0.00,0.00,5
SP5-11063,ok,debt,0.00,3255275.21,77773.22,0.00,737913.55,2
SP5-11064,ok,goals+,0.00,0.00,20555.13,0.00,0.00,2
SP5-11065,deficit,none,0.00,0.00,0.00,0.00,0.00,4
SP5-11066,ok,reserve,2279.94,0.00,0.00,0.00,0.00,4
SP5-11067,ok,goals+,2481.04,0.00,3202.88,0.00,0.00,3
SP5-11068,ok,goals+,0.00,0.00,8288.97,0.00,705414.01,1
SP5-11069,ok,goals+,0.00,0.00,26010.58,0.00,0.00,2
SP5-11070,ok,debt,3212.60,4818.90,0.00,0.00,19883.25,2
SP5-11071,ok,reserve,2189.65,1153.22,175.94,0.00,0.00,5
SP5-11072,deficit,none,0.00,0.00,0.00,0.00,73957.96,5
SP5-11073,ok,goals+,0.00,0.00,0.00,26265.14,120374.76,3
SP5-11074,ok,debt,0.00,6553.77,0.00,0.00,224655.31,3
SP5-11075,ok,goals+,0.00,0.00,53315.87,123025.46,242783.15,3
SP5-11076,deficit,none,0.00,0.00,0.00,0.00,0.00,4
SP5-11077,ok,reserve,3473.48,0.00,0.00,0.00,0.00,3
SP5-11078,ok,goals+,0.00,0.00,29234.94,0.00,0.00,2
SP5-11079,ok,goals+,0.00,0.00,819840.49,290452.65,33207902.21,2
SP5-11080,deficit,none,0.00,0.00,0.00,0.00,104340688.09,5
SP5-11081,ok,reserve,1124.84,0.00,0.00,0.00,0.00,3
SP5-11082,ok,goals+,0.00,0.00,0.00,30556.73,31663.47,5
SP5-11083,ok,goals+,0.00,0.00,999686.21,0.00,9678782.10,2
SP5-11084,ok,goals+,0.00,0.00,63594.70,0.00,385484.83,3
SP5-11085,ok,reserve,14732.20,0.00,0.00,0.00,5379.22,4
SP5-11086,deficit,none,0.00,0.00,0.00,0.00,4807122.68,5
SP5-11087,ok,goals+,0.00,0.00,4028.96,910.43,2240598.06,3
SP5-11088,deficit,none,0.00,0.00,0.00,0.00,0.00,4
SP5-11089,ok,reserve,46263.14,0.00,0.00,0.00,0.00,4
SP5-11090,deficit,none,0.00,0.00,0.00,0.00,0.00,4
SP5-11091,ok,goals+,0.00,0.00,11668.07,0.00,0.00,2
SP5-11092,ok,reserve,10731.22,7154.14,0.00,0.00,0.00,2
SP5-11093,deficit,none,0.00,0.00,0.00,0.00,0.00,4
SP5-11094,deficit,none,0.00,0.00,0.00,0.00,3559259.07,5
SP5-11095,ok,reserve,2670.26,0.00,0.00,0.00,0.00,4
SP5-11096,ok,reserve,1972.67,1315.11,0.00,0.00,0.00,2
SP5-11097,ok,goals+,0.00,0.00,0.00,1355332.62,8776795.09,2
SP5-11098,ok,debt,13893.74,32418.74,0.00,0.00,0.00,3
SP5-11099,ok,reserve,2331.42,0.00,0.00,0.00,21743.80,4
SP5-11100,deficit,none,0.00,0.00,0.00,0.00,0.00,4
SP5-11101,ok,goals+,0.00,0.00,0.00,37387.50,129229.35,3
SP5-11102,ok,debt,13893.74,32418.74,0.00,0.00,0.00,3
SP5-11103,ok,goals+,0.00,0.00,37019.80,0.00,81528.35,3
SP5-11104,ok,reserve,9147.76,0.00,0.00,0.00,0.00,2
SP5-11105,ok,reserve,6610.21,0.00,0.00,0.00,0.00,5
SP5-11106,deficit,none,0.00,0.00,0.00,0.00,967380.24,5
SP5-11107,invalid,none,0.00,0.00,0.00,0.00,0.00,5
SP5-11108,deficit,none,0.00,0.00,0.00,0.00,0.00,4
SP5-11109,ok,debt,0.00,35738.14,0.00,0.00,22256.26,3
SP5-11110,deficit,none,0.00,0.00,0.00,0.00,0.00,4
SP5-11111,deficit,none,0.00,0.00,0.00,0.00,62169.89,5
SP5-11112,ok,reserve,44019.14,29346.09,3861.33,0.00,0.00,2
SP5-11113,ok,debt,0.00,9121.24,0.00,0.00,204921.64,3
SP5-11114,deficit,none,0.00,0.00,0.00,0.00,0.00,4
SP5-11115,ok,goals+,0.00,0.00,59046.49,7848.22,1763661.55,3
SP5-11116,ok,goals+,0.00,0.00,0.00,36274.34,726138.50,3
SP5-11117,ok,reserve,5967.05,0.00,0.00,0.00,0.00,5
SP5-11118,ok,reserve,6463.41,0.00,0.00,0.00,0.00,5
SP5-11119,deficit,none,0.00,0.00,0.00,0.00,7584351.47,5
SP5-11120,ok,reserve,6463.41,0.00,0.00,0.00,0.00,5
SP5-11121,ok,debt,682.87,1593.37,0.00,0.00,0.00,4
SP5-11122,ok,debt,1879.96,2819.93,0.00,0.00,13036.01,2
SP5-11123,ok,reserve,41785.20,0.00,0.00,0.00,0.00,4
SP5-11124,ok,debt,0.00,16358.73,0.00,0.00,1331451.61,2
SP5-11125,ok,reserve,23417.11,15611.41,4402.57,0.00,0.00,2
SP5-11126,ok,reserve,71020.23,0.00,0.00,0.00,0.00,5
SP5-11127,ok,goals+,0.00,0.00,0.00,8574.93,0.00,5
SP5-11128,ok,reserve,155900.40,0.00,0.00,0.00,0.00,2
SP5-11129,ok,goals+,8822.46,0.00,10717.75,0.00,0.00,3
SP5-11130,ok,reserve,1099.30,0.00,0.00,0.00,0.00,3
SP5-11131,ok,reserve,12003.66,0.00,0.00,0.00,0.00,5
SP5-11132,deficit,none,0.00,0.00,0.00,0.00,0.00,4
SP5-11133,ok,reserve,4329.69,0.00,0.00,0.00,0.00,3
SP5-11134,invalid,none,0.00,0.00,0.00,0.00,0.00,5
SP5-11135,ok,goals+,0.00,0.00,24690.40,0.00,225077.79,2
SP5-11136,ok,goals+,0.00,0.00,0.00,1042583.04,6138321.93,2
SP5-11137,ok,goals+,0.00,0.00,787817.06,89467.99,3860724.98,2
SP5-11138,deficit,none,0.00,0.00,0.00,0.00,0.00,4
SP5-11139,deficit,none,0.00,0.00,0.00,0.00,0.00,4
SP5-11140,ok,reserve,38710.68,0.00,0.00,0.00,0.00,5
SP5-11141,deficit,none,0.00,0.00,0.00,0.00,0.00,4
SP5-11142,ok,reserve,11394.11,7596.08,0.00,0.00,10094.42,2
SP5-11143,deficit,none,0.00,0.00,0.00,0.00,89937.55,5
SP5-11144,deficit,none,0.00,0.00,0.00,0.00,9379149.17,5
SP5-11145,deficit,none,0.00,0.00,0.00,0.00,0.00,4
SP5-11146,ok,debt,288.73,673.69,50.65,0.00,0.00,3
SP5-11147,ok,reserve,5487.62,0.00,0.00,0.00,0.00,5
SP5-11148,ok,reserve,11046.73,7364.49,0.00,0.00,45976.61,2
SP5-11149,ok,reserve,19209.34,0.00,0.00,0.00,36189.42,3
SP5-11150,ok,debt,3106.12,7247.62,0.00,0.00,0.00,4
SP5-11151,ok,reserve,11809.79,7873.19,0.00,0.00,0.00,2
SP5-11152,ok,debt,0.00,5716990.67,0.00,0.00,171545.69,2
SP5-11153,ok,goals+,0.00,0.00,0.00,28633.72,131158.23,3
SP5-11154,deficit,none,0.00,0.00,0.00,0.00,0.00,4
SP5-11155,ok,reserve,984.44,656.29,0.00,0.00,0.00,2
SP5-11156,deficit,none,0.00,0.00,0.00,0.00,127829126.40,5
SP5-11157,invalid,none,0.00,0.00,0.00,0.00,0.00,5
SP5-11158,deficit,none,0.00,0.00,0.00,0.00,1683244.94,5
SP5-11159,deficit,none,0.00,0.00,0.00,0.00,0.00,4
SP5-11160,ok,goals+,0.00,0.00,3344255.97,768269.96,9809617.96,2
SP5-11161,ok,goals+,18810.71,12540.48,23139.19,0.00,0.00,2
SP5-11162,deficit,none,0.00,0.00,0.00,0.00,0.00,4
SP5-11163,deficit,none,0.00,0.00,0.00,0.00,798289.52,5
SP5-11164,ok,debt,2421.86,3632.80,0.00,0.00,4236.63,2
SP5-11165,ok,reserve,66167.74,10914.38,0.00,0.00,0.00,5
SP5-11166,invalid,none,0.00,0.00,0.00,0.00,0.00,5
SP5-11167,ok,reserve,489.64,326.42,0.00,0.00,0.00,2
SP5-11168,ok,debt,7934.09,11901.14,0.00,0.00,6677.35,2
SP5-11169,ok,goals+,0.00,0.00,91392.68,0.00,25048.03,2
SP5-11170,ok,goals+,0.00,0.00,120274.34,58077.37,525963.11,3
SP5-11171,ok,reserve,15985.67,10657.12,0.00,0.00,0.00,2
SP5-11172,ok,reserve,11883.48,0.00,0.00,0.00,0.00,4
SP5-11173,deficit,none,0.00,0.00,0.00,0.00,500268.03,5
SP5-11174,ok,goals+,0.00,0.00,723929.93,0.00,17427958.72,2
SP5-11175,deficit,none,0.00,0.00,0.00,0.00,1120733.56,5
SP5-11176,ok,reserve,26966.43,0.00,3134.04,0.00,0.00,3
SP5-11177,deficit,none,0.00,0.00,0.00,0.00,1059104.66,5
SP5-11178,deficit,none,0.00,0.00,0.00,0.00,38848.46,5
SP5-11071,ok,debt,2916.01,4374.01,0.00,0.00,61687.89,2
SP5-11180,ok,reserve,3812.89,0.00,0.00,0.00,0.00,5
SP5-11181,ok,reserve,28038.40,18692.26,0.00,0.00,10540.90,2
SP5-11182,ok,debt,0.00,3106458.54,14112.25,0.00,1443442.20,2
SP5-11183,invalid,none,0.00,0.00,0.00,0.00,0.00,5
SP5-11184,ok,goals+,0.00,0.00,123637.08,0.00,5000000.00,2
SP5-11185,ok,debt,0.00,75044.33,0.00,0.00,103067.42,3
SP5-11186,deficit,none,0.00,0.00,0.00,0.00,50015060.63,5
SP5-11187,ok,debt,27388.79,41083.19,0.00,0.00,182899.19,2
SP5-11188,ok,goals+,0.00,0.00,26658.36,0.00,1320640.12,3
SP5-11189,ok,debt,0.00,1640.55,86.35,0.00,85925.28,3
SP5-11190,ok,reserve,20495.13,0.00,0.00,0.00,0.00,4
SP5-11191,ok,goals+,0.00,0.00,1610383.36,0.00,17417138.17,2
SP5-11192,ok,debt,7359.95,17173.20,0.00,0.00,9482.21,3
SP5-11193,deficit,none,0.00,0.00,0.00,0.00,0.00,4
SP5-11194,deficit,none,0.00,0.00,0.00,0.00,7786589.47,5
SP5-11195,deficit,none,0.00,0.00,0.00,0.00,2437538.52,5
SP5-11196,deficit,none,0.00,0.00,0.00,0.00,0.00,4
SP5-11197,ok,reserve,2472.61,1648.40,0.00,0.00,0.00,2
SP5-11198,ok,reserve,37974.11,0.00,0.00,0.00,0.00,5
SP5-11199,invalid,none,0.00,0.00,0.00,0.00,0.00,5
SP5-11200,ok,goals+,0.00,0.00,1653567.78,0.00,4084538.51,2
SP5-11201,ok,goals+,0.00,0.00,11489.91,0.00,788286.91,3
SP5-11181,deficit,none,0.00,0.00,0.00,0.00,0.00,4
SP5-11203,deficit,none,0.00,0.00,0.00,0.00,0.00,4
SP5-11204,ok,goals+,0.00,0.00,28760.65,0.00,411675.77,3
SP5-11205,ok,reserve,13421.75,2626.09,0.00,0.00,0.00,4
SP5-11206,deficit,none,0.00,0.00,0.00,0.00,0.00,4
SP5-11207,ok,goals+,0.00,0.00,5763318.96,0.00,19452816.31,2
SP5-11208,ok,debt,0.00,107458.96,0.00,0.00,1059361.07,3
SP5-11209,ok,reserve,38953.72,0.00,0.00,0.00,0.00,4
SP5-11210,ok,debt,0.00,100.67,0.00,0.00,10128.58,3
SP5-11211,ok,debt,870059.21,2030138.17,0.00,0.00,0.00,2
SP5-11212,ok,goals+,0.00,0.00,98792.31,1591.72,543787.43,3
SP5-11213,ok,goals+,0.00,0.00,129478.23,58367.63,3160059.26,2
SP5-11214,ok,reserve,7424.48,0.00,0.00,0.00,0.00,3
SP5-11215,deficit,none,0.00,0.00,0.00,0.00,1196832.69,5
SP5-11216,ok,goals+,0.00,0.00,537013.85,53502.61,0.00,2
SP5-11217,invalid,none,0.00,0.00,0.00,0.00,0.00,5
SP5-11218,ok,reserve,32561.64,0.00,11302.51,0.00,0.00,3
SP5-11219,ok,goals+,0.00,0.00,9119.00,0.00,0.00,4
SP5-11220,ok,goals+,0.00,0.00,0.00,44071.99,209381.45,5
SP5-11221,deficit,none,0.00,0.00,0.00,0.00,2509955.98,5
SP5-11222,ok,reserve,25766.45,0.00,0.00,0.00,0.00,3
SP5-11223,ok,reserve,1492.85,0.00,0.00,0.00,0.00,5
SP5-11224,deficit,none,0.00,0.00,0.00,0.00,0.00,4
SP5-11225,ok,goals+,0.00,0.00,8074.10,0.00,150124.84,3
SP5-11226,ok,reserve,14532.28,0.00,0.00,0.00,0.00,5
SP5-11227,ok,reserve,30030.33,0.00,0.00,0.00,0.00,3
SP5-11228,deficit,none,0.00,0.00,0.00,0.00,8288371.80,5
SP5-11229,ok,goals+,0.00,0.00,70240.33,17333.42,0.00,4
SP5-11230,ok,debt,1482.54,3459.26,0.00,0.00,0.00,3
SP5-11231,ok,reserve,7573.71,0.00,0.00,0.00,0.00,3
SP5-11232,ok,goals+,0.00,0.00,26898.17,16413.25,89942.84,3
SP5-11233,deficit,none,0.00,0.00,0.00,0.00,3457282.97,5
SP5-11234,ok,goals+,0.00,0.00,2507312.36,1270439.30,22454345.07,2
SP5-11235,ok,none,0.00,0.00,0.00,0.00,0.00,5
SP5-11236,invalid,none,0.00,0.00,0.00,0.00,0.00,5
SP5-11237,invalid,none,0.00,0.00,0.00,0.00,0.00,5
SP5-11238,ok,goals+,0.00,0.00,9809.50,7452.67,559436.56,3
SP5-11239,ok,reserve,17062.60,0.00,0.00,0.00,0.00,3
SP5-11240,ok,reserve,3856.48,2570.99,338.29,0.00,0.00,2
SP5-11241,ok,reserve,10173.52,0.00,0.00,0.00,0.00,5
SP5-11242,ok,goals+,0.00,0.00,18110.60,30292.26,27142.17,3
SP5-11243,ok,goals+,0.00,0.00,26225.33,6191.93,233698.64,3
SP5-11244,ok,debt,215405.81,3680275.13,0.00,0.00,0.00,2
SP5-11245,deficit,none,0.00,0.00,0.00,0.00,428368.36,5
SP5-11246,ok,reserve,1.00,0.00,0.00,0.00,0.00,3
SP5-11247,deficit,none,0.00,0.00,0.00,0.00,0.00,4
SP5-11248,ok,debt,1282.87,2993.37,225.07,0.00,0.00,3
SP5-11249,ok,debt,10153.04,15229.57,0.00,0.00,2130.11,2
SP5-11250,ok,reserve,38504.38,0.00,0.00,0.00,0.00,5
SP5-11251,ok,reserve,12910.46,0.00,0.00,0.00,0.00,5
SP5-11252,deficit,none,0.00,0.00,0.00,0.00,725742.26,5
SP5-11253,ok,goals+,0.00,0.00,1444399.11,905168.01,5772280.16,2
SP5-11254,ok,reserve,101028.17,0.00,0.00,0.00,0.00,3
SP5-11255,ok,reserve,62365.45,0.00,0.00,0.00,0.00,3
SP5-11256,ok,goals+,0.00,0.00,66368.33,0.00,0.00,3
SP5-11257,ok,reserve,66333.66,0.00,0.00,0.00,0.00,5
SP5-11258,deficit,none,0.00,0.00,0.00,0.00,12099.87,5
SP5-11259,deficit,none,0.00,0.00,0.00,0.00,13994077.96,5
SP5-11260,ok,goals+,0.00,0.00,1017.87,0.00,103280.55,3
SP5-11261,invalid,none,0.00,0.00,0.00,0.00,0.00,5
SP5-11262,ok,reserve,3812.89,0.00,0.00,0.00,0.00,5
SP5-11263,deficit,none,0.00,0.00,0.00,0.00,467979.40,5
SP5-11264,deficit,none,0.00,0.00,0.00,0.00,0.00,4
SP5-11265,deficit,none,0.00,0.00,0.00,0.00,0.00,4
SP5-11266,ok,reserve,33277.68,0.00,3049.84,0.00,0.00,4
SP5-11267,ok,reserve,16967.28,1638.58,0.00,0.00,0.00,5
SP5-10682,ok,goals+,0.00,0.00,14905.17,0.00,550713.86,3
SP5-11269,ok,reserve,8643.26,0.00,0.00,0.00,0.00,5
SP5-11270,ok,reserve,64429.84,0.00,0.00,0.00,0.00,4
SP5-11271,ok,debt,2456.78,5732.49,0.00,0.00,0.00,3
SP5-11272,ok,reserve,3095.89,0.00,0.00,0.00,0.00,5
SP5-11273,ok,reserve,18016.10,12010.73,0.00,0.00,0.00,2
SP5-11274,deficit,none,0.00,0.00,0.00,0.00,60297.22,5
SP5-11275,ok,reserve,1844.67,0.00,0.00,0.00,0.00,3
SP5-11276,ok,debt,0.00,7220.13,0.00,0.00,52977.18,3
SP5-11277,ok,debt,0.00,621.49,32.71,0.00,11730.80,3
SP5-11278,ok,goals+,0.00,0.00,0.00,42270.48,0.00,5
SP5-11279,ok,reserve,35822.74,0.00,0.00,0.00,0.00,4
SP5-11280,deficit,none,0.00,0.00,0.00,0.00,0.00,4
SP5-11281,ok,reserve,24559.32,0.00,0.00,0.00,0.00,4
SP5-11282,ok,reserve,20932.08,0.00,0.00,0.00,0.00,3
SP5-11283,ok,goals+,0.00,0.00,194631.47,34282.95,3480582.72,3
SP5-11284,ok,reserve,13032.26,0.00,0.00,0.00,53023.64,3
SP5-11285,ok,reserve,8643.26,0.00,0.00,0.00,0.00,5
SP5-11286,ok,reserve,23636.14,0.00,0.00,0.00,0.00,2
SP5-11287,ok,goals+,0.00,0.00,20724.07,11338.50,891393.87,3
SP5-11288,deficit,none,0.00,0.00,0.00,0.00,1550013.96,5
SP5-11289,ok,debt,0.00,22825.93,1201.37,0.00,16551.70,3
SP5-11290,deficit,none,0.00,0.00,0.00,0.00,68049.82,5
SP5-11291,ok,reserve,15848.35,0.00,0.00,0.00,0.00,5
SP5-11292,ok,goals+,0.00,0.00,2278539.79,1286687.53,449647.51,2
SP5-11293,deficit,none,0.00,0.00,0.00,0.00,0.00,4
SP5-11294,ok,debt,16704.49,38977.15,0.00,0.00,0.00,4
SP5-11295,ok,reserve,5021.94,0.00,0.00,0.00,0.00,5
SP5-11296,deficit,none,0.00,0.00,0.00,0.00,17815800.36,5
SP5-11297,deficit,none,0.00,0.00,0.00,0.00,132747708.22,5
SP5-11298,ok,goals+,12361.96,0.00,22450.76,0.00,0.00,2
SP5-11299,deficit,none,0.00,0.00,0.00,0.00,86644728.46,5
SP5-11300,deficit,none,0.00,0.00,0.00,0.00,0.00,4
SP5-11301,ok,reserve,15219.72,10146.48,1335.06,0.00,0.00,2
SP5-11302,deficit,none,0.00,0.00,0.00,0.00,1845501.77,5
SP5-11303,ok,reserve,41701.52,0.00,0.00,0.00,0.00,2
SP5-11304,ok,reserve,29695.57,18327.74,0.00,0.00,0.00,5
SP5-11305,ok,reserve,13943.81,0.00,0.00,0.00,0.00,5
SP5-11306,deficit,none,0.00,0.00,0.00,0.00,0.00,4
SP5-11307,ok,reserve,25489.52,0.00,0.00,0.00,0.00,3
SP5-11308,deficit,none,0.00,0.00,0.00,0.00,0.00,4
SP5-11309,ok,reserve,19246.40,0.00,0.00,0.00,0.00,4
SP5-11310,ok,reserve,9694.77,0.00,0.00,0.00,0.00,3
SP5-11311,ok,reserve,67345.27,3290.16,0.00,0.00,0.00,5
SP5-11312,ok,reserve,25614.80,0.00,0.00,0.00,0.00,5
SP5-11313,ok,goals+,0.00,0.00,557.64,0.00,344218.66,3
SP5-11314,invalid,none,0.00,0.00,0.00,0.00,0.00,5
SP5-11315,deficit,none,0.00,0.00,0.00,0.00,5916815.71,5
SP5-11316,deficit,none,0.00,0.00,0.00,0.00,0.00,4
SP5-11317,deficit,none,0.00,0.00,0.00,0.00,3115134.47,5
SP5-11318,deficit,none,0.00,0.00,0.00,0.00,12501227.16,5
SP5-11319,deficit,none,0.00,0.00,0.00,0.00,0.00,4
SP5-11320,ok,goals+,0.00,0.00,76833.97,7065.59,558134.29,3
SP5-11321,deficit,none,0.00,0.00,0.00,0.00,6363412.46,5
SP5-11322,ok,reserve,572.21,0.00,0.00,0.00,0.00,4
SP5-11323,deficit,none,0.00,0.00,0.00,0.00,0.00,4
SP5-11324,ok,reserve,19360.79,0.00,0.00,0.00,0.00,5
SP5-11325,ok,goals+,0.00,0.00,9888.12,0.00,252042.49,1
SP5-11326,ok,goals+,0.00,0.00,4876.08,0.00,0.00,3
SP5-11327,ok,goals+,0.00,0.00,7649.73,0.00,209167.97,3
SP5-11328,invalid,none,0.00,0.00,0.00,0.00,0.00,5
SP5-11329,deficit,none,0.00,0.00,0.00,0.00,0.00,4
SP5-11330,ok,goals+,0.00,0.00,37211.91,19460.62,8777136.82,2
SP5-11331,ok,debt,7630.64,11445.95,0.00,0.00,4870.67,2
SP5-11332,deficit,none,0.00,0.00,0.00,0.00,0.00,4
SP5-11333,ok,goals+,0.00,0.00,16298.82,0.00,722417.32,3
SP5-11334,ok,goals+,0.00,0.00,0.00,96227.69,21206245.51,2
SP5-11335,ok,goals+,0.00,0.00,0.00,29977.42,1330874.09,3
SP5-11336,deficit,none,0.00,0.00,0.00,0.00,55646.76,5
SP5-11337,ok,reserve,285273.41,0.00,0.00,0.00,0.00,3
SP5-11338,ok,debt,9544.34,14316.52,0.00,0.00,7073.09,2
SP5-11339,deficit,none,0.00,0.00,0.00,0.00,693743.83,5
SP5-11340,ok,goals+,0.00,0.00,7492.58,1360.81,1241459.28,3
SP5-11341,ok,goals+,0.00,0.00,11931.55,22049.87,194994.99,3
SP5-11342,ok,reserve,1681.55,0.00,0.00,0.00,0.00,4
SP5-11343,ok,reserve,10649.03,134.85,0.00,0.00,0.00,3
SP5-11344,ok,reserve,7162.19,4774.79,0.00,0.00,0.00,2
SP5-11345,deficit,none,0.00,0.00,0.00,0.00,6307798.93,5
SP5-11346,ok,goals+,0.00,0.00,10062.80,3085.55,9074.30,3
SP5-11347,ok,goals+,0.00,0.00,768052324.84,151811122.44,10000000.00,2
SP5-11348,invalid,none,0.00,0.00,0.00,0.00,0.00,5
SP5-11349,deficit,none,0.00,0.00,0.00,0.00,2715568.76,5
SP5-11350,deficit,none,0.00,0.00,0.00,0.00,0.00,4
SP5-11351,ok,goals+,0.00,0.00,12525.71,0.00,74581.75,1
SP5-11352,ok,reserve,10161.42,0.00,0.00,0.00,0.00,5
SP5-11353,ok,reserve,4613.65,121.18,0.00,0.00,0.00,3
SP5-11354,ok,none,0.00,0.00,0.00,0.00,0.00,5
SP5-11355,ok,debt,1863.59,4348.36,0.00,0.00,0.00,3
SP5-11356,ok,goals+,0.00,0.00,654550766.80,275694173.85,6834289062.62,2
SP5-11357,ok,debt,2156.19,5031.11,0.00,0.00,0.00,3
SP5-11358,deficit,none,0.00,0.00,0.00,0.00,65788.38,5
SP5-11359,deficit,none,0.00,0.00,0.00,0.00,2392.83,5
SP5-11360,ok,goals+,0.00,0.00,1345952.05,565759.08,6176725.42,2
SP5-11361,ok,goals+,0.00,0.00,575165916.65,175194540.14,6740206370.39,2
SP5-11362,ok,reserve,20173.83,0.00,0.00,0.00,0.00,4
SP5-11363,deficit,none,0.00,0.00,0.00,0.00,0.00,4
SP5-11364,ok,goals+,0.00,0.00,30441.05,0.00,78560.76,3
SP5-11365,ok,reserve,14703.56,0.00,0.00,0.00,0.00,3
SP5-11366,ok,debt,1963.10,4580.55,0.00,0.00,0.00,3
SP5-11367,ok,debt,1634.86,3814.66,0.00,0.00,0.00,3
SP5-11368,ok,reserve,1741.89,0.00,0.00,0.00,0.00,3
SP5-11369,ok,goals+,0.00,0.00,439441.93,248157.92,4235212.60,2
SP5-11370,deficit,none,0.00,0.00,0.00,0.00,0.00,4
SP5-11371,ok,goals+,0.00,0.00,37267.29,0.00,0.00,4
SP5-11372,ok,debt,5160.11,12040.24,0.00,0.00,0.00,3
SP5-00967,invalid,none,0.00,0.00,0.00,0.00,0.00,5
SP5-11374,deficit,none,0.00,0.00,0.00,0.00,37826.93,5
SP5-11375,ok,goals+,0.00,0.00,455491.05,206931.95,18254078.00,2
SP5-11376,deficit,none,0.00,0.00,0.00,0.00,0.00,4
SP5-11377,deficit,none,0.00,0.00,0.00,0.00,0.00,4
SP5-11378,deficit,none,0.00,0.00,0.00,0.00,230260.51,5
SP5-11379,ok,reserve,24506.58,0.00,0.00,0.00,18904.55,3
SP5-11380,ok,none,0.00,0.00,0.00,0.00,0.00,5
SP5-11381,ok,debt,0.00,8218.35,0.00,0.00,349273.38,3
SP5-11382,ok,debt,0.00,3615336.13,0.00,0.00,1300771.23,2
SP5-11383,deficit,none,0.00,0.00,0.00,0.00,19070.09,5
SP5-11384,ok,reserve,21887.10,14591.40,0.00,0.00,0.00,2
SP5-11385,ok,reserve,106869.54,0.00,0.00,0.00,0.00,4
SP5-11386,ok,reserve,3128.20,0.00,0.00,0.00,0.00,2
SP5-11387,ok,debt,13392.98,31250.29,0.00,0.00,0.00,4
SP5-11388,ok,reserve,19949.77,0.00,0.00,0.00,0.00,5
SP5-11389,ok,reserve,7079.03,0.00,3950.90,0.00,0.00,2
SP5-11390,ok,goals+,0.00,0.00,0.00,4751.79,476735.38,5
SP5-11391,ok,debt,21725.38,32588.06,0.00,0.00,5000.79,2
SP5-11392,ok,reserve,22968.40,0.00,0.00,0.00,0.00,4
SP5-11393,ok,reserve,12796.68,8531.12,0.00,0.00,49081.42,1
SP5-11394,deficit,none,0.00,0.00,0.00,0.00,94618.98,5
SP5-11395,ok,reserve,6140.05,4093.37,0.00,0.00,0.00,2
SP5-11396,ok,reserve,1.00,0.00,0.00,0.00,0.00,5
SP5-11397,ok,reserve,14135.89,9423.93,0.00,0.00,0.00,2
SP5-11398,ok,debt,1956.17,4564.40,0.00,0.00,0.00,3
SP5-11399,invalid,none,0.00,0.00,0.00,0.00,0.00,5
SP5-11400,ok,goals+,0.00,0.00,4381.04,0.00,15853.69,2
SP5-11401,ok,goals+,4990.10,3326.74,32105.25,0.00,0.00,2
SP5-11402,ok,reserve,22968.40,0.00,0.00,0.00,0.00,4
SP5-11403,ok,reserve,29317.41,0.00,0.00,0.00,0.00,3
SP5-11404,deficit,none,0.00,0.00,0.00,0.00,0.00,4
SP5-11405,deficit,none,0.00,0.00,0.00,0.00,0.00,4
SP5-11406,ok,reserve,989.05,0.00,0.00,0.00,0.00,5
SP5-11407,ok,goals+,0.00,0.00,2213652.46,101427.86,21941189.99,2
SP5-11408,ok,reserve,21154.64,14103.10,0.00,0.00,37233.98,2
SP5-11409,ok,reserve,10387.47,0.00,0.00,0.00,0.00,3
SP5-11410,ok,goals+,0.00,0.00,1548.74,0.00,3791497.26,3
SP5-11411,deficit,none,0.00,0.00,0.00,0.00,0.00,4
SP5-11412,ok,reserve,23214.46,0.00,0.00,0.00,10925.60,4
SP5-11413,ok,reserve,56768.41,0.00,0.00,0.00,0.00,2
SP5-11414,ok,reserve,22914.87,15276.58,0.00,0.00,0.00,2
SP5-11415,ok,goals+,0.00,0.00,8060.28,0.00,0.00,2
SP5-11416,ok,goals+,0.00,0.00,2362552.30,1111643.73,15799702.07,2
SP5-11417,ok,reserve,4117.63,0.00,0.00,0.00,0.00,3
SP5-11418,ok,reserve,2714.79,1331.99,0.00,0.00,0.00,3
SP5-11419,ok,debt,491518.64,1146876.83,0.00,0.00,0.00,2
SP5-11420,deficit,none,0.00,0.00,0.00,0.00,30801.96,5
SP5-11421,deficit,none,0.00,0.00,0.00,0.00,0.00,4
SP5-11338,deficit,none,0.00,0.00,0.00,0.00,66531.23,5
SP5-11423,ok,goals+,2399.01,0.00,6623.12,0.00,0.00,2
SP5-11424,ok,reserve,6221.92,0.00,0.00,0.00,0.00,3
SP5-11425,invalid,none,0.00,0.00,0.00,0.00,0.00,5
SP5-11426,deficit,none,0.00,0.00,0.00,0.00,1514691.49,5
SP5-11427,deficit,none,0.00,0.00,0.00,0.00,11666007.51,5
SP5-11428,ok,reserve,23605.74,0.00,0.00,0.00,0.00,3
SP5-11429,deficit,none,0.00,0.00,0.00,0.00,27314851.13,5
SP5-11430,ok,debt,0.00,13971.22,0.00,0.00,44690.47,3
SP5-11431,ok,reserve,2903.61,1386.98,0.00,0.00,0.00,5
SP5-11432,ok,debt,0.00,2810306.57,0.00,0.00,1059874.61,2
SP5-11433,deficit,none,0.00,0.00,0.00,0.00,0.00,4
SP5-11434,deficit,none,0.00,0.00,0.00,0.00,519021.32,5
SP5-11435,ok,reserve,6794.44,0.00,0.00,0.00,0.00,3
SP5-11436,ok,debt,0.00,4323.75,0.00,0.00,6200.99,3
SP5-11437,ok,goals+,0.00,0.00,27501.93,469.74,33642.24,3
SP5-11438,deficit,none,0.00,0.00,0.00,0.00,1391368.63,5
SP5-11439,ok,debt,961.26,2242.94,0.00,0.00,16255.18,4
SP5-11440,deficit,none,0.00,0.00,0.00,0.00,0.00,4
SP5-11441,invalid,none,0.00,0.00,0.00,0.00,0.00,5
SP5-11442,deficit,none,0.00,0.00,0.00,0.00,3055.34,5
SP5-11443,ok,reserve,5514.81,0.00,4973.87,0.00,0.00,3
SP5-11444,ok,goals+,0.00,0.00,23121.86,0.00,0.00,4
SP5-11445,ok,reserve,10488.53,0.00,0.00,0.00,0.00,5
SP5-11446,ok,reserve,1780.19,1186.79,156.16,0.00,0.00,2
SP5-11447,ok,goals+,0.00,0.00,0.00,67380.25,59317.17,5
SP5-11448,ok,reserve,55422.05,0.00,0.00,0.00,43474.56,4
SP5-11449,ok,goals+,1981.61,0.00,0.00,46286.46,0.00,3
SP5-11450,deficit,none,0.00,0.00,0.00,0.00,6851478.50,5
SP5-11451,ok,goals+,0.00,0.00,895236823.79,6593675.50,3408281030.69,2
SP5-11452,ok,goals+,0.00,0.00,183.72,0.00,2052543.94,3
SP5-11453,ok,reserve,6221.92,0.00,0.00,0.00,0.00,3
SP5-11454,ok,goals+,0.00,0.00,24650.20,22275.51,478333.69,2
SP5-11455,ok,reserve,2243.33,0.00,0.00,0.00,0.00,5
SP5-11456,deficit,none,0.00,0.00,0.00,0.00,80040.93,5
SP5-11457,ok,reserve,2745.61,0.00,0.00,0.00,0.00,4
SP5-11458,deficit,none,0.00,0.00,0.00,0.00,0.00,4
SP5-11459,ok,reserve,18591.81,0.00,0.00,0.00,0.00,4
SP5-11460,ok,goals+,0.00,0.00,39909.06,0.00,1003738.57,3
SP5-11461,ok,goals+,0.00,0.00,12747.44,0.00,189569.40,2
SP5-11462,ok,reserve,4593.27,0.00,0.00,0.00,0.00,2
SP5-11463,deficit,none,0.00,0.00,0.00,0.00,0.00,4
SP5-11464,ok,reserve,63879.86,0.00,0.00,0.00,0.00,4
SP5-11465,ok,reserve,94528.55,0.00,0.00,0.00,0.00,5
SP5-11466,ok,reserve,7367.25,0.00,0.00,0.00,0.00,4
SP5-11467,ok,goals+,0.00,0.00,7886.87,4829.49,33160.76,3
SP5-11468,ok,goals+,0.00,0.00,13730.40,10682.96,325647.45,3
SP5-11469,ok,goals+,0.00,0.00,14419.49,0.00,0.00,2
SP5-11470,deficit,none,0.00,0.00,0.00,0.00,0.00,4
SP5-11471,ok,debt,3384.47,7897.11,0.00,0.00,0.00,3
SP5-11472,ok,reserve,21913.58,0.00,0.00,0.00,0.00,3
SP5-11473,ok,debt,0.00,7244.91,0.00,0.00,46197.94,3
SP5-11474,ok,debt,589431.19,2795848.14,0.00,0.00,0.00,2
SP5-11475,deficit,none,0.00,0.00,0.00,0.00,9301.81,5
SP5-11476,ok,reserve,28912.44,0.00,0.00,0.00,0.00,5
SP5-11477,deficit,none,0.00,0.00,0.00,0.00,11323068.82,5
SP5-11478,deficit,none,0.00,0.00,0.00,0.00,832926.01,5
SP5-11479,deficit,none,0.00,0.00,0.00,0.00,0.00,4
SP5-11480,ok,goals+,0.00,0.00,157424.00,156588.20,4533571.89,2
SP5-11481,ok,debt,0.00,51741.66,0.00,0.00,93402.37,3
SP5-11482,deficit,none,0.00,0.00,0.00,0.00,0.00,4
SP5-11483,ok,reserve,5998.19,0.00,0.00,0.00,0.00,4
SP5-11484,ok,reserve,1405.37,936.91,0.00,0.00,0.00,2
SP5-11485,ok,reserve,12705.65,0.00,0.00,0.00,0.00,4
SP5-11486,ok,goals+,0.00,231370.46,748161.08,0.00,7340514.73,2
SP5-11487,ok,goals+,0.00,0.00,14459.71,5660.83,221056.23,3
SP5-11488,ok,goals+,0.00,0.00,0.00,13567.45,14643.66,5
SP5-11489,ok,reserve,8655.66,0.00,0.00,0.00,0.00,5
SP5-11206,deficit,none,0.00,0.00,0.00,0.00,0.00,4
SP5-11491,deficit,none,0.00,0.00,0.00,0.00,93408.91,5
SP5-11492,deficit,none,0.00,0.00,0.00,0.00,238454.35,5
SP5-11493,ok,reserve,19260.46,2451.36,0.00,0.00,0.00,5
SP5-11494,ok,reserve,18749.11,2531.38,0.00,0.00,0.00,5
SP5-11495,ok,reserve,52820.81,0.00,0.00,0.00,0.00,3
SP5-11496,deficit,none,0.00,0.00,0.00,0.00,0.00,4
SP5-11497,ok,reserve,3599.47,2399.64,315.74,0.00,0.00,2
SP5-11498,deficit,none,0.00,0.00,0.00,0.00,7202193.78,5
SP5-11499,ok,debt,0.00,1.00,0.00,0.00,271805.04,3
SP5-11500,ok,goals+,0.00,0.00,7468.58,0.00,0.00,4
SP5-11501,deficit,none,0.00,0.00,0.00,0.00,0.00,4
SP5-11502,deficit,none,0.00,0.00,0.00,0.00,375732.82,5
SP5-11503,ok,reserve,51886.05,0.00,0.00,0.00,0.00,3
SP5-11504,deficit,none,0.00,0.00,0.00,0.00,2314538.50,5
SP5-11505,ok,debt,0.00,4295.90,226.10,0.00,86302.10,3
SP5-11506,ok,goals+,0.00,0.00,12201.61,0.00,0.00,3
SP5-11507,ok,reserve,27767.02,0.00,0.00,0.00,0.00,4
SP5-11508,deficit,none,0.00,0.00,0.00,0.00,1492826.08,5
SP5-11509,deficit,none,0.00,0.00,0.00,0.00,5172131.35,5
SP5-11510,ok,reserve,10331.60,6887.74,0.00,0.00,0.00,2
SP5-11511,ok,debt,7494.61,17487.43,0.00,0.00,0.00,4
SP5-11512,ok,goals+,0.00,0.00,5581917.37,268601.52,31183702.18,2
SP5-11513,ok,reserve,3391.63,2261.09,0.00,0.00,0.00,2
SP5-11514,deficit,none,0.00,0.00,0.00,0.00,0.00,4
SP5-11515,ok,goals+,0.00,0.00,93078.10,28249.95,2592881.54,3
SP5-11516,invalid,none,0.00,0.00,0.00,0.00,0.00,5
SP5-11517,ok,debt,4983.62,11628.43,0.00,0.00,0.00,3
SP5-11518,ok,reserve,14998.02,0.00,9525.81,0.00,0.00,3
SP5-11519,ok,goals+,0.00,0.00,5846.99,0.00,153518.06,3
SP5-11520,ok,goals+,0.00,0.00,28000.73,9995.26,542483.33,3
SP5-11521,ok,goals+,0.00,0.00,1281896.59,159245.92,65635.34,2
SP5-11522,ok,debt,3384.47,7897.11,0.00,0.00,0.00,3
SP5-11523,deficit,none,0.00,0.00,0.00,0.00,2225330.32,5
SP5-11524,deficit,none,0.00,0.00,0.00,0.00,17501509.98,5
SP5-11525,deficit,none,0.00,0.00,0.00,0.00,19408660.73,5
SP5-11526,deficit,none,0.00,0.00,0.00,0.00,0.00,4
SP5-11527,ok,reserve,3250.49,0.00,0.00,0.00,0.00,4
SP5-11528,deficit,none,0.00,0.00,0.00,0.00,0.00,4
SP5-11529,ok,reserve,50281.29,7858.42,0.00,0.00,0.00,5
SP5-11530,deficit,none,0.00,0.00,0.00,0.00,13673.35,5
SP5-11531,deficit,none,0.00,0.00,0.00,0.00,638293.81,5
SP5-11532,ok,reserve,11620.72,0.00,0.00,0.00,0.00,5
SP5-11533,invalid,none,0.00,0.00,0.00,0.00,0.00,5
SP5-11534,ok,goals+,0.00,0.00,0.00,37223.80,168702.33,5
SP5-11535,deficit,none,0.00,0.00,0.00,0.00,5558282.21,5
SP5-11536,deficit,none,0.00,0.00,0.00,0.00,0.00,4
SP5-11537,ok,goals+,0.00,0.00,1102769.11,587589.32,6159194.15,2
SP5-11538,ok,debt,2537.37,5920.54,0.00,0.00,0.00,3
SP5-11539,deficit,none,0.00,0.00,0.00,0.00,0.00,4
SP5-11540,deficit,none,0.00,0.00,0.00,0.00,0.00,4
SP5-11541,ok,reserve,6108.61,2067.30,0.00,0.00,0.00,5
SP5-11542,ok,reserve,9648.59,6432.39,0.00,0.00,86813.44,2
SP5-11543,deficit,none,0.00,0.00,0.00,0.00,51506377.60,5
SP5-11544,deficit,none,0.00,0.00,0.00,0.00,0.00,4
SP5-11545,ok,goals+,0.00,0.00,14560.41,6917.55,262685.59,3
SP5-11546,deficit,none,0.00,0.00,0.00,0.00,0.00,4
SP5-11547,deficit,none,0.00,0.00,0.00,0.00,74292592.14,5
SP5-11548,deficit,none,0.00,0.00,0.00,0.00,0.00,4
SP5-11549,ok,debt,1096.59,2558.71,0.00,0.00,0.00,4
SP5-11550,ok,goals+,0.00,0.00,0.00,1679666.33,63391775.87,2
SP5-11551,ok,reserve,3130.73,2087.16,0.00,0.00,0.00,2
SP5-11552,ok,reserve,34399.09,0.00,10979.93,0.00,0.00,3
SP5-11553,ok,debt,1681.75,3924.07,0.00,0.00,0.00,3
SP5-11554,ok,goals+,1023.24,0.00,0.00,7940.57,0.00,3
SP5-11555,ok,reserve,7495.34,0.00,0.00,0.00,0.00,3
SP5-11556,invalid,none,0.00,0.00,0.00,0.00,0.00,5
SP5-11557,ok,reserve,14874.68,0.00,0.00,0.00,0.00,5
SP5-11558,ok,debt,7882.95,18393.55,1382.97,0.00,0.00,3
SP5-11559,ok,reserve,25586.22,0.00,0.00,0.00,0.00,4
SP5-11560,ok,debt,52704.78,122977.83,0.00,0.00,0.00,2
SP5-11561,ok,reserve,14790.61,0.00,0.00,0.00,0.00,3
SP5-11562,deficit,none,0.00,0.00,0.00,0.00,0.00,4
SP5-11563,ok,debt,587465.44,1370752.69,0.00,0.00,0.00,2
SP5-11564,ok,goals+,0.00,0.00,557088.03,215530.53,35812242.09,2
SP5-11565,deficit,none,0.00,0.00,0.00,0.00,3581717.73,5
SP5-11566,ok,reserve,3619.00,0.00,0.00,0.00,0.00,4
SP5-11567,deficit,none,0.00,0.00,0.00,0.00,54099956.57,5
SP5-11568,ok,goals+,0.00,0.00,632831.67,0.00,23106357.76,2
SP5-11569,ok,reserve,36462.72,0.00,0.00,0.00,25095.84,3
SP5-11570,ok,reserve,156517.06,0.00,0.00,0.00,0.00,5
SP5-11571,ok,debt,640305.28,1494045.64,60466.54,0.00,0.00,2
SP5-11572,ok,reserve,27329.39,0.00,14721.10,0.00,0.00,3
SP5-11573,ok,debt,0.00,97116.19,0.00,0.00,114563.38,3
SP5-11574,ok,reserve,12850.54,0.00,0.00,0.00,0.00,3
SP5-11575,ok,reserve,6753.83,0.00,0.00,0.00,21261.69,3
SP5-11576,ok,debt,0.00,3118292.40,0.00,0.00,695754.20,2
SP5-11577,ok,goals+,0.00,0.00,54363.62,0.00,1492118.53,3
SP5-11578,ok,reserve,35655.06,0.00,0.00,0.00,0.00,5
SP5-11579,ok,reserve,22378.05,0.00,0.00,0.00,0.00,3
SP5-11580,ok,reserve,32886.20,0.00,0.00,0.00,0.00,5
SP5-11581,ok,debt,3145.03,7338.39,551.76,0.00,0.00,3
SP5-11582,deficit,none,0.00,0.00,0.00,0.00,122772355.98,5
SP5-11338,ok,reserve,44168.24,0.00,0.00,0.00,0.00,3
SP5-11584,deficit,none,0.00,0.00,0.00,0.00,0.00,4
SP5-11585,ok,debt,0.00,3901834.78,0.00,0.00,694991.51,2
SP5-11586,ok,goals+,0.00,0.00,381638.02,0.00,972091.56,2
SP5-11587,ok,goals+,939833.30,0.00,3634713.43,246784.26,0.00,2
SP5-11588,invalid,none,0.00,0.00,0.00,0.00,0.00,5
SP5-11589,ok,reserve,82851.49,0.00,0.00,0.00,0.00,5
SP5-11590,ok,reserve,19004.95,0.00,0.00,0.00,34835.20,3
SP5-11591,ok,reserve,10435.02,0.00,0.00,0.00,0.00,4
SP5-11592,ok,debt,0.00,39595.19,0.00,0.00,111615.79,3
SP5-11593,ok,reserve,25066.66,0.00,0.00,0.00,0.00,4
SP5-11594,invalid,none,0.00,0.00,0.00,0.00,0.00,5
SP5-11544,ok,goals+,7286.05,0.00,13075.49,792.77,0.00,3
SP5-11596,ok,reserve,2371.42,1580.94,0.00,0.00,0.00,2
SP5-11597,ok,goals+,0.00,0.00,1395150.42,0.00,3055391.38,2
SP5-11598,ok,reserve,3775.35,0.00,0.00,0.00,0.00,2
SP5-11599,ok,goals+,0.00,0.00,4914.50,0.00,3345.30,2
SP5-11600,ok,none,0.00,0.00,0.00,0.00,0.00,2
SP5-11601,ok,reserve,10435.02,0.00,0.00,0.00,0.00,4
SP5-11602,ok,debt,6906.99,16116.30,0.00,0.00,0.00,3
SP5-11603,ok,reserve,7283.85,0.00,0.00,0.00,0.00,4
SP5-11604,ok,goals+,0.00,0.00,29493.51,0.00,0.00,2
SP5-11605,deficit,none,0.00,0.00,0.00,0.00,0.00,4
SP5-11606,ok,goals+,0.00,0.00,25362.52,763.52,3314230.66,2
SP5-11607,ok,goals+,0.00,0.00,11111.06,0.00,0.00,3
SP5-11608,ok,goals+,0.00,0.00,2998.04,0.00,164145.66,3
SP5-11609,deficit,none,0.00,0.00,0.00,0.00,4530330.93,5
SP5-11610,ok,reserve,41350.30,0.00,0.00,0.00,0.00,3
SP5-11611,deficit,none,0.00,0.00,0.00,0.00,54517228.45,5
SP5-11612,ok,reserve,9444.42,0.00,0.00,0.00,0.00,5
SP5-11613,ok,goals+,0.00,0.00,464266.91,0.00,0.00,2
SP5-11614,ok,reserve,28612.49,0.00,0.00,0.00,0.00,5
SP5-11615,ok,debt,5737.11,8605.67,0.00,0.00,71616.55,2
SP5-11616,ok,goals+,0.00,0.00,76480.70,75429.98,22900092.14,2
SP5-11617,ok,reserve,1390.99,0.00,0.00,0.00,0.00,2
SP5-11618,ok,reserve,6888.49,0.00,0.00,4220.57,0.00,3
SP5-11619,ok,goals+,0.00,0.00,43547.98,0.00,271442.91,4
SP5-11620,ok,reserve,14883.65,9922.43,1305.58,0.00,0.00,2
SP5-11621,ok,debt,512.57,1195.99,0.00,0.00,0.00,3
SP5-11622,ok,goals+,0.00,0.00,396188.20,52914.17,7855806.13,2
SP5-11623,ok,reserve,4952.74,0.00,0.00,0.00,0.00,5
SP5-11624,ok,reserve,36419.99,0.00,0.00,0.00,0.00,3
SP5-11625,invalid,none,0.00,0.00,0.00,0.00,0.00,5
SP5-11626,deficit,none,0.00,0.00,0.00,0.00,1188530.69,5
SP5-11627,ok,debt,2518.07,5875.48,441.77,0.00,0.00,3
SP5-11628,ok,reserve,46382.04,0.00,0.00,0.00,0.00,5
SP5-11629,ok,goals+,0.00,0.00,5511737.88,0.00,29540780.65,2
SP5-11630,ok,reserve,29161.66,19441.11,0.00,0.00,0.00,2
SP5-11631,ok,goals+,0.00,0.00,880.01,0.00,131267.24,3
SP5-11632,deficit,none,0.00,0.00,0.00,0.00,1166003.09,5
SP5-11633,ok,reserve,1467.07,0.00,0.00,0.00,0.00,3
SP5-11634,ok,goals+,0.00,0.00,9796.33,32206.15,98125.39,3
SP5-11635,ok,reserve,24508.69,0.00,0.00,0.00,0.00,3
SP5-11636,deficit,none,0.00,0.00,0.00,0.00,0.00,4
SP5-11637,ok,reserve,9684.75,0.00,0.00,0.00,0.00,5
SP5-11638,ok,reserve,19898.11,0.00,0.00,0.00,0.00,5
SP5-11639,ok,goals+,0.00,0.00,5127.40,0.00,429343.09,3
SP5-11640,ok,goals+,0.00,0.00,1460172.29,193752.67,3230959.33,2
SP5-11641,deficit,none,0.00,0.00,0.00,0.00,49904569.38,5
SP5-11642,ok,goals+,0.00,0.00,47497.94,68701.75,1076092.75,3
SP5-11643,ok,reserve,43348.96,0.00,0.00,0.00,0.00,4
SP5-11644,invalid,none,0.00,0.00,0.00,0.00,0.00,5
SP5-11645,ok,goals+,0.00,0.00,0.00,237070.42,4286544.13,2
SP5-11646,ok,reserve,214880.38,0.00,0.00,0.00,0.00,5
SP5-11647,ok,reserve,58110.28,0.00,0.00,0.00,0.00,5
SP5-11648,ok,goals+,0.00,9959.65,15210.40,0.00,429230.56,2
SP5-11649,ok,goals+,0.00,0.00,17124.73,15171.28,732144.30,3
SP5-11650,ok,reserve,6414.58,0.00,0.00,0.00,0.00,5
SP5-11651,ok,reserve,99978.98,0.00,0.00,0.00,0.00,5
SP5-11652,ok,debt,19758.76,29638.14,0.00,0.00,110700.55,2
SP5-11653,ok,goals+,0.00,0.00,11914.72,18630.23,443519.72,3
SP5-11654,ok,goals+,0.00,0.00,13515.21,39856.04,295428.47,3
SP5-11655,deficit,none,0.00,0.00,0.00,0.00,0.00,4
SP5-11656,ok,reserve,3520.61,0.00,0.00,0.00,0.00,5
SP5-11657,ok,debt,4933.52,7400.29,0.00,0.00,108008.67,1
SP5-11658,ok,goals+,959075.98,0.00,1053420.39,104102.65,0.00,2
SP5-11659,ok,reserve,1.00,0.00,0.00,0.00,0.00,3
SP5-11660,ok,goals+,0.00,0.00,29776.79,0.00,70137.71,2
SP5-11661,deficit,none,0.00,0.00,0.00,0.00,13917661.54,5
SP5-11662,deficit,none,0.00,0.00,0.00,0.00,0.00,4
SP5-11663,deficit,none,0.00,0.00,0.00,0.00,0.00,4
SP5-11664,ok,goals+,0.00,0.00,239752.46,0.00,56393361.11,2
SP5-11665,ok,reserve,1375.22,916.81,0.00,0.00,0.00,2
SP5-11666,deficit,none,0.00,0.00,0.00,0.00,0.00,4
SP5-11667,invalid,none,0.00,0.00,0.00,0.00,0.00,5
SP5-11668,deficit,none,0.00,0.00,0.00,0.00,0.00,4
SP5-11669,ok,reserve,21240.63,0.00,0.00,0.00,0.00,4
SP5-11670,ok,goals+,0.00,0.00,2048260.46,2410457.44,1287155.70,2
SP5-11671,ok,reserve,2466.57,0.00,0.00,0.00,0.00,2
SP5-11672,deficit,none,0.00,0.00,0.00,0.00,0.00,4
SP5-11673,ok,reserve,3902.72,2601.81,0.00,0.00,0.00,2
SP5-11674,deficit,none,0.00,0.00,0.00,0.00,332401.97,5
SP5-11675,ok,reserve,29591.03,19727.36,0.00,0.00,0.00,2
SP5-11676,ok,reserve,43383.91,0.00,0.00,0.00,0.00,3
SP5-11677,ok,debt,2183.27,22262.23,0.00,0.00,6591.37,3
SP5-11678,ok,goals+,0.00,0.00,80910.53,0.00,0.00,2
SP5-11679,invalid,none,0.00,0.00,0.00,0.00,0.00,5
SP5-11680,deficit,none,0.00,0.00,0.00,0.00,3336271.29,5
SP5-11681,ok,reserve,4382.77,0.00,0.00,0.00,0.00,4
SP5-11682,ok,reserve,2864.93,0.00,0.00,0.00,10552.49,3
SP5-11683,ok,reserve,6484.13,0.00,0.00,0.00,0.00,3
SP5-11645,deficit,none,0.00,0.00,0.00,0.00,0.00,4
SP5-11685,invalid,none,0.00,0.00,0.00,0.00,0.00,5
SP5-11686,ok,none,0.00,0.00,0.00,0.00,0.00,2
SP5-11687,ok,goals+,0.00,0.00,270378626.20,54129893.27,5749167855.27,2
SP5-11688,deficit,none,0.00,0.00,0.00,0.00,108914268.73,5
SP5-11689,ok,goals+,0.00,0.00,10303.18,17983.71,243261.88,3
SP5-11690,ok,reserve,4274.76,2849.84,374.98,0.00,0.00,2
SP5-11691,ok,reserve,19711.89,0.00,0.00,0.00,0.00,5
SP5-11692,ok,goals+,0.00,0.00,1740733.04,2054334.03,15121905.08,2
SP5-11693,ok,reserve,49780.21,0.00,0.00,0.00,0.00,3
SP5-11694,ok,reserve,73917.25,0.00,0.00,0.00,0.00,3
SP5-11695,ok,debt,17305.22,40378.83,0.00,0.00,0.00,3
SP5-11696,ok,goals+,0.00,0.00,25837.94,4082.31,0.00,4
SP5-11697,ok,reserve,18652.33,0.00,0.00,0.00,0.00,4
SP5-11698,ok,goals+,0.00,0.00,10922.04,0.00,476465.75,3
SP5-11699,ok,goals+,0.00,0.00,365888.15,57884.31,3144249.53,2
SP5-11700,ok,goals+,0.00,0.00,88885.73,41771.70,1403797.21,3
SP5-11701,deficit,none,0.00,0.00,0.00,0.00,2413905.28,5
SP5-11702,ok,reserve,55552.87,0.00,0.00,0.00,0.00,5
SP5-11703,ok,reserve,1387.47,0.00,0.00,0.00,0.00,5
SP5-11704,deficit,none,0.00,0.00,0.00,0.00,437232.44,5
SP5-11705,ok,reserve,5616.94,0.00,0.00,0.00,0.00,5
SP5-11706,ok,reserve,4068.82,0.00,0.00,0.00,0.00,4
SP5-11707,ok,reserve,5852.77,0.00,0.00,0.00,0.00,5
SP5-11708,ok,goals+,0.00,0.00,2225499.05,4557904.40,52416524.54,2
SP5-11709,ok,goals+,0.00,0.00,597677243.75,42003287.42,155524248.03,2
SP5-11710,ok,goals+,0.00,0.00,16649.80,0.00,13582.66,3
SP5-11711,ok,debt,3079.59,4619.39,0.00,0.00,22831.68,2
SP5-11712,invalid,none,0.00,0.00,0.00,0.00,0.00,5
SP5-11713,deficit,none,0.00,0.00,0.00,0.00,2482886.34,5
SP5-11714,ok,reserve,23364.08,0.00,0.00,0.00,0.00,4
SP5-11715,deficit,none,0.00,0.00,0.00,0.00,1866431.07,5
SP5-11716,deficit,none,0.00,0.00,0.00,0.00,0.00,4
SP5-11717,ok,debt,671946.33,1567874.78,0.00,0.00,0.00,2
SP5-11718,invalid,none,0.00,0.00,0.00,0.00,0.00,5
SP5-11719,ok,goals+,0.00,0.00,62205.36,38795.22,805551.18,3
SP5-11720,ok,reserve,4467.91,0.00,0.00,0.00,0.00,5
SP5-11721,ok,reserve,7003.23,0.00,0.00,0.00,0.00,3
SP5-11722,ok,goals+,0.00,0.00,4455909.74,375998.14,0.00,2
SP5-11723,deficit,none,0.00,0.00,0.00,0.00,0.00,4
SP5-11724,ok,debt,4624.76,10791.09,0.00,0.00,0.00,3
SP5-11725,ok,debt,2379.34,5551.79,0.00,0.00,0.00,3
SP5-11726,deficit,none,0.00,0.00,0.00,0.00,170853.96,5
SP5-11727,ok,reserve,3025.87,2017.25,265.43,0.00,0.00,2
SP5-11728,ok,reserve,20719.08,0.00,0.00,0.00,0.00,3
SP5-11729,deficit,none,0.00,0.00,0.00,0.00,115969.04,5
SP5-11730,ok,goals+,0.00,0.00,344571877.15,102665916.54,3292693540.66,2
SP5-11731,deficit,none,0.00,0.00,0.00,0.00,52074.17,5
SP5-11732,ok,reserve,4220.05,0.00,0.00,0.00,0.00,4
SP5-11733,ok,debt,564363.21,4925330.39,0.00,0.00,0.00,2
SP5-11734,deficit,none,0.00,0.00,0.00,0.00,1312627.36,5
SP5-11735,ok,reserve,10151.59,0.00,0.00,0.00,0.00,5
SP5-11736,ok,goals+,0.00,0.00,2239.59,140.44,134782.26,3
SP5-11737,ok,debt,3048.34,7112.78,0.00,0.00,0.00,3
SP5-11738,ok,reserve,5439.82,3626.55,0.00,0.00,0.00,2
SP5-11739,deficit,none,0.00,0.00,0.00,0.00,0.00,4
SP5-11740,invalid,none,0.00,0.00,0.00,0.00,0.00,5
SP5-11741,ok,reserve,8042.89,0.00,0.00,0.00,0.00,3
SP5-11742,ok,reserve,37875.93,0.00,0.00,0.00,0.00,5
SP5-11743,ok,goals+,0.00,0.00,340123576.10,1906820.57,528757962.97,2
SP5-11744,ok,reserve,6141.11,1277.79,390.47,0.00,0.00,5
SP5-11745,ok,debt,0.00,2228103.20,0.00,0.00,1513093.38,2
SP5-11746,ok,goals+,255.38,170.26,9483.39,0.00,0.00,2
SP5-11747,ok,goals+,0.00,0.00,75261.93,31172.33,151483.16,4
SP5-11748,ok,reserve,9873.30,0.00,0.00,0.00,0.00,5
SP5-11749,ok,reserve,30164.46,0.00,0.00,0.00,0.00,3
SP5-11750,ok,goals+,2390.55,0.00,62051.98,0.00,0.00,5
SP5-11751,ok,reserve,13902.30,9268.20,0.00,0.00,0.00,2
SP5-11752,deficit,none,0.00,0.00,0.00,0.00,4628852.74,5
SP5-11753,ok,goals+,0.00,0.00,17437.82,15352.07,34678.58,4
SP5-11754,ok,debt,82.28,191.98,14.44,0.00,0.00,3
SP5-11755,ok,goals+,0.00,0.00,0.00,12880.46,1573051.65,5
SP5-11756,ok,reserve,5439.82,3626.55,0.00,0.00,0.00,2
SP5-11757,deficit,none,0.00,0.00,0.00,0.00,983115.09,5
SP5-11758,ok,reserve,19282.07,12854.71,0.00,0.00,0.00,2
SP5-11759,ok,goals+,0.00,0.00,28280.34,0.00,0.00,3
SP5-11760,deficit,none,0.00,0.00,0.00,0.00,0.00,4
SP5-11761,deficit,none,0.00,0.00,0.00,0.00,0.00,4
SP5-11762,deficit,none,0.00,0.00,0.00,0.00,4454425.87,5
SP5-11763,ok,debt,0.00,19140.90,0.00,0.00,316272.75,3
SP5-11764,deficit,none,0.00,0.00,0.00,0.00,0.00,4
SP5-11765,ok,goals+,0.00,0.00,6835.47,0.00,0.00,2
SP5-11766,ok,goals+,0.00,0.00,9892.52,0.00,0.00,4
SP5-11767,ok,goals+,0.00,0.00,1691.22,0.00,0.00,1
SP5-11725,deficit,none,0.00,0.00,0.00,0.00,0.00,4
SP5-11769,deficit,none,0.00,0.00,0.00,0.00,57735.98,5
SP5-11770,deficit,none,0.00,0.00,0.00,0.00,0.00,4
SP5-11771,ok,debt,182096.89,424892.73,0.00,0.00,0.00,2
SP5-11772,ok,debt,15850.70,36984.95,0.00,0.00,0.00,3
SP5-11773,ok,reserve,7527.40,0.00,0.00,0.00,0.00,3
SP5-11774,ok,debt,11292.68,26349.58,0.00,0.00,20998.96,3
SP5-11775,ok,goals+,0.00,0.00,432634.38,8159.29,45151651.83,2
SP5-11776,deficit,none,0.00,0.00,0.00,0.00,0.00,4
SP5-11777,deficit,none,0.00,0.00,0.00,0.00,12635893.91,5
SP5-11778,ok,debt,2420.20,5647.13,0.00,0.00,0.00,3
SP5-11779,ok,debt,1456.25,3397.92,0.00,0.00,0.00,4
SP5-11780,ok,goals+,0.00,0.00,1158043.18,6795.30,0.00,2
SP5-11781,ok,goals+,0.00,0.00,519169.69,1967535.43,6469628.80,2
SP5-11776,deficit,none,0.00,0.00,0.00,0.00,0.00,4
SP5-11783,ok,reserve,33630.94,0.00,0.00,0.00,0.00,4
SP5-11784,ok,goals+,0.00,0.00,1595540.08,347387.68,40676956.12,2
SP5-11785,ok,reserve,6906.67,0.00,0.00,0.00,0.00,3
SP5-11786,ok,reserve,4198.30,2783.22,367.45,0.00,0.00,5
SP5-11787,ok,reserve,3028.64,2019.10,0.00,0.00,0.00,2
SP5-11788,ok,goals+,0.00,0.00,12513.55,15400.64,213847.48,3
SP5-11789,ok,reserve,43498.68,0.00,0.00,0.00,0.00,3
SP5-11790,ok,none,0.00,0.00,0.00,0.00,2140.14,2
SP5-11791,ok,debt,5868.40,8802.59,0.00,0.00,73951.99,2
SP5-11792,deficit,none,0.00,0.00,0.00,0.00,0.00,4
SP5-11793,deficit,none,0.00,0.00,0.00,0.00,969931.44,5
SP5-11794,ok,reserve,569996.25,0.00,0.00,0.00,0.00,2
SP5-11795,ok,debt,0.00,890.17,0.00,0.00,17810.41,3
SP5-11796,deficit,none,0.00,0.00,0.00,0.00,112141466.62,5
SP5-11797,ok,reserve,11049.85,0.00,0.00,0.00,0.00,3
SP5-11798,ok,debt,1456.25,3397.92,0.00,0.00,0.00,4
SP5-11799,ok,reserve,48406.56,0.00,0.00,0.00,0.00,3
SP5-11800,deficit,none,0.00,0.00,0.00,0.00,459287.89,5
SP5-11801,deficit,none,0.00,0.00,0.00,0.00,25949381.53,5
SP5-11802,ok,reserve,22302.30,0.00,835.66,0.00,0.00,3
SP5-11803,ok,reserve,6418.18,533.22,0.00,0.00,0.00,5
SP5-11804,invalid,none,0.00,0.00,0.00,0.00,0.00,5
SP5-11805,ok,goals+,0.00,0.00,164594.28,0.00,0.00,4
SP5-11806,ok,goals+,0.00,0.00,11434.63,0.00,1551280.88,3
SP5-11807,ok,goals+,0.00,0.00,13.44,0.00,576792.72,3
SP5-11808,ok,debt,0.00,6054.99,318.68,0.00,35572.06,3
SP5-11809,ok,reserve,5820.98,0.00,0.00,0.00,0.00,4
SP5-11810,ok,debt,0.00,16552.13,0.00,0.00,92609.34,3
SP5-11811,ok,reserve,2417.44,1611.62,0.00,0.00,0.00,2
SP5-11812,ok,reserve,748.83,0.00,0.00,0.00,0.00,4
SP5-11813,ok,goals+,0.00,0.00,13474.49,0.00,852650.94,3
SP5-11814,ok,reserve,19216.46,0.00,0.00,0.00,0.00,5
SP5-11815,invalid,none,0.00,0.00,0.00,0.00,0.00,5
SP5-11816,ok,reserve,27188.44,0.00,0.00,0.00,0.00,5
SP5-11817,ok,debt,0.00,2579.14,0.00,0.00,7681.58,3
SP5-11818,ok,reserve,17100.58,0.00,0.00,0.00,0.00,4
SP5-11819,ok,debt,1197.94,2795.18,0.00,0.00,0.00,3
SP5-11820,deficit,none,0.00,0.00,0.00,0.00,112264.58,5
SP5-11821,ok,debt,7199.66,10799.48,0.00,0.00,95828.88,2
SP5-11822,ok,goals+,0.00,0.00,446264.50,231820.61,8803042.60,2
SP5-11823,ok,goals+,0.00,0.00,13.44,0.00,576792.72,3
SP5-11824,deficit,none,0.00,0.00,0.00,0.00,613632.66,5
SP5-11825,ok,goals+,0.00,0.00,1839.67,0.00,32239.75,2
SP5-11826,ok,goals+,0.00,0.00,4629.30,0.00,587191.60,3
SP5-11827,ok,debt,0.00,6490.14,0.00,0.00,25869.60,3
SP5-11828,ok,debt,4610.06,10756.80,0.00,0.00,0.00,3
SP5-11829,deficit,none,0.00,0.00,0.00,0.00,0.00,4
SP5-11830,deficit,none,0.00,0.00,0.00,0.00,36472.85,5
SP5-11831,ok,reserve,20437.91,13625.27,0.00,0.00,0.00,2
SP5-11805,deficit,none,0.00,0.00,0.00,0.00,0.00,4
SP5-11725,ok,reserve,29456.64,0.00,0.00,0.00,0.00,4
SP5-11834,ok,goals+,0.00,0.00,862.77,0.00,1293748.13,3
SP5-11835,ok,reserve,19600.65,0.00,0.00,0.00,0.00,5
SP5-11836,ok,reserve,18534.15,0.00,0.00,0.00,0.00,4
SP5-11837,ok,reserve,9218.45,0.00,0.00,0.00,0.00,3
SP5-11838,ok,reserve,8663.57,0.00,0.00,0.00,0.00,5
SP5-11839,ok,goals+,0.00,0.00,23457.29,0.00,57625.80,3
SP5-11840,ok,goals+,0.00,0.00,1260854.55,1087228.40,111507861.79,2
SP5-11841,ok,goals+,0.00,0.00,44084.29,23457.24,1556588.37,3
SP5-11842,ok,goals+,0.00,0.00,0.00,39097.84,1178275.80,3
SP5-11843,ok,debt,0.00,8353.31,0.00,0.00,22283.15,3
SP5-11844,deficit,none,0.00,0.00,0.00,0.00,0.00,4
SP5-11845,ok,reserve,31896.92,0.00,0.00,0.00,0.00,3
SP5-11846,deficit,none,0.00,0.00,0.00,0.00,92436809.31,5
SP5-11847,ok,reserve,2617.61,1745.08,0.00,0.00,0.00,2
SP5-11848,ok,goals+,0.00,0.00,13584.38,0.00,271056.41,3
SP5-11849,deficit,none,0.00,0.00,0.00,0.00,0.00,4
SP5-11850,ok,goals+,0.00,0.00,8917.79,0.00,157015.46,3
SP5-11851,deficit,none,0.00,0.00,0.00,0.00,3629608.78,5
SP5-11852,invalid,none,0.00,0.00,0.00,0.00,0.00,5
SP5-11853,deficit,none,0.00,0.00,0.00,0.00,17743.38,5
SP5-11854,deficit,none,0.00,0.00,0.00,0.00,0.00,4
SP5-11855,deficit,none,0.00,0.00,0.00,0.00,0.00,4
SP5-11856,ok,debt,0.00,28069.72,0.00,0.00,68581.16,3
SP5-11857,ok,goals+,0.00,0.00,0.00,39649.56,1144691.25,5
SP5-11858,ok,goals+,0.00,0.00,1829779.71,524671.77,26610342.27,2
SP5-11859,ok,reserve,1874.87,1249.91,0.00,0.00,0.00,2
SP5-11860,ok,goals+,11701.98,0.00,14993.02,0.00,0.00,5
SP5-11861,deficit,none,0.00,0.00,0.00,0.00,52009.17,5
SP5-11862,ok,goals+,0.00,0.00,29456.72,0.00,120368.90,2
SP5-11863,ok,goals+,0.00,0.00,3983.71,17753.73,189992.94,3
SP5-11864,ok,reserve,5925.02,0.00,0.00,0.00,0.00,5
SP5-11865,ok,goals+,0.00,0.00,11738.20,0.00,45186.30,3
SP5-11866,deficit,none,0.00,0.00,0.00,0.00,1519411.39,5
SP5-11854,ok,reserve,11047.28,7364.85,0.00,0.00,0.00,2
SP5-11868,ok,debt,5697.90,13295.10,0.00,0.00,0.00,4
SP5-11869,ok,reserve,17484.85,0.00,0.00,0.00,0.00,3
SP5-11870,deficit,none,0.00,0.00,0.00,0.00,9659.61,5
SP5-11871,ok,goals+,0.00,0.00,302102.15,22753.05,27308654.34,2
SP5-11872,ok,goals+,0.00,0.00,7330.29,0.00,0.00,3
SP5-11873,deficit,none,0.00,0.00,0.00,0.00,893955.08,5
SP5-11874,ok,reserve,14220.49,0.00,0.00,0.00,0.00,3
SP5-11875,ok,reserve,21369.44,0.00,0.00,0.00,0.00,4
SP5-11876,deficit,none,0.00,0.00,0.00,0.00,0.00,4
SP5-11877,deficit,none,0.00,0.00,0.00,0.00,0.00,4
SP5-11878,ok,debt,0.00,28773.89,0.00,0.00,139236.20,3
SP5-11879,ok,debt,23802.09,55538.20,0.00,0.00,0.00,3
SP5-11880,ok,reserve,6117.53,0.00,0.00,0.00,0.00,3
SP5-11881,ok,reserve,15436.00,10290.67,0.00,0.00,0.00,2
SP5-11882,deficit,none,0.00,0.00,0.00,0.00,0.00,4
SP5-11883,ok,debt,667578.21,1579127.45,0.00,0.00,0.00,2
SP5-11884,ok,goals+,0.00,0.00,13584.38,0.00,275129.09,3
SP5-11885,deficit,none,0.00,0.00,0.00,0.00,0.00,4
SP5-11886,ok,goals+,0.00,0.00,1886946.51,0.00,65432592.49,2
SP5-11887,deficit,none,0.00,0.00,0.00,0.00,18682.76,5
SP5-11888,ok,reserve,4257.92,0.00,0.00,0.00,0.00,4
SP5-11889,ok,goals+,0.00,0.00,336979.56,184633.19,5070831.01,2
SP5-11890,ok,goals+,0.00,0.00,1063185.16,353521.61,53627842.40,2
SP5-11891,deficit,none,0.00,0.00,0.00,0.00,0.00,4
SP5-11892,ok,goals+,0.00,0.00,261087.94,218859.00,2590029.97,2
SP5-11893,ok,goals+,0.00,0.00,0.00,32855.06,243033.94,5
SP5-11894,ok,reserve,5046.07,0.00,0.00,0.00,0.00,3
SP5-11895,ok,goals+,0.00,0.00,10491.37,0.00,193791.39,3
SP5-11896,ok,reserve,17781.14,0.00,0.00,0.00,0.00,4
SP5-11897,ok,goals+,0.00,0.00,15506.77,12615.22,308347.73,3
SP5-11898,ok,reserve,5744.00,3829.33,0.00,0.00,0.00,2
SP5-11899,ok,reserve,51288.04,0.00,0.00,0.00,0.00,5
SP5-11900,ok,goals+,0.00,0.00,1511540.99,3815933.14,13426201.48,2
SP5-11901,ok,debt,0.00,1979.80,0.00,0.00,28499.56,3
SP5-11902,deficit,none,0.00,0.00,0.00,0.00,0.00,4
SP5-11903,ok,reserve,9714.99,873.08,0.00,0.00,0.00,5
SP5-11904,ok,reserve,2756.10,0.00,1285.17,178.35,0.00,3
SP5-11905,ok,reserve,13986.17,0.00,0.00,0.00,0.00,4
SP5-11906,ok,goals+,0.00,0.00,692.35,0.00,0.00,2
SP5-11907,ok,goals+,0.00,0.00,74645.83,25813.47,845582.15,3
SP5-11908,ok,goals+,0.00,0.00,165.72,0.00,0.00,2
SP5-11909,deficit,none,0.00,0.00,0.00,0.00,13832435.50,5
SP5-11910,ok,reserve,29053.46,0.00,5510.50,0.00,0.00,5
SP5-11911,deficit,none,0.00,0.00,0.00,0.00,22403741.28,5
SP5-11912,ok,goals+,0.00,0.00,901992.05,0.00,34714144.73,2
SP5-11913,ok,goals+,0.00,0.00,739557.31,1850283.78,18644419.15,2
SP5-11914,deficit,none,0.00,0.00,0.00,0.00,65496.90,5
SP5-11915,deficit,none,0.00,0.00,0.00,0.00,4033461.72,5
SP5-11916,ok,reserve,4480.72,0.00,0.00,0.00,0.00,4
SP5-11917,deficit,none,0.00,0.00,0.00,0.00,22047879.17,5
SP5-11918,ok,goals+,0.00,0.00,19576.94,0.00,641324.73,1
SP5-11919,ok,goals+,6802.46,0.00,9604.69,0.00,0.00,3
SP5-11920,ok,reserve,4768.25,0.00,0.00,0.00,0.00,5
SP5-11921,ok,goals+,0.00,0.00,461511.75,541561.68,49411278.98,2
SP5-11922,deficit,none,0.00,0.00,0.00,0.00,654969.00,5
SP5-11923,ok,reserve,10459.52,0.00,0.00,0.00,0.00,3
SP5-11924,deficit,none,0.00,0.00,0.00,0.00,21645.66,5
SP5-11925,ok,reserve,88784.76,0.00,0.00,0.00,0.00,5
SP5-11926,ok,goals+,0.00,0.00,921488.46,401819.48,1650608.69,2
SP5-11927,ok,reserve,14806.92,3542.06,0.00,0.00,0.00,5
SP5-11928,ok,goals+,0.00,0.00,6822.46,20017.89,442042.09,3
SP5-11929,ok,goals+,0.00,0.00,1179.49,0.00,269861.35,3
SP5-11930,ok,reserve,462.04,308.02,0.00,0.00,0.00,2
SP5-11931,ok,goals+,0.00,0.00,3096.61,0.00,1094891.86,3
SP5-11932,deficit,none,0.00,0.00,0.00,0.00,3716262.60,5
SP5-11933,ok,goals+,6267.36,0.00,17169.69,11763.73,21871.64,3
SP5-11934,ok,reserve,8637.21,0.00,0.00,0.00,0.00,4
SP5-11935,ok,debt,36.78,85.81,0.00,0.00,0.00,3
SP5-11936,ok,goals+,0.00,0.00,110446.04,26276.09,0.00,4
SP5-11937,deficit,none,0.00,0.00,0.00,0.00,0.00,4
SP5-11938,deficit,none,0.00,0.00,0.00,0.00,0.00,4
SP5-11939,ok,goals+,0.00,0.00,9263.84,0.00,116389.68,3
SP5-11940,deficit,none,0.00,0.00,0.00,0.00,653961.64,5
SP5-11941,deficit,none,0.00,0.00,0.00,0.00,0.00,4
SP5-11942,ok,goals+,0.00,0.00,4227.74,0.00,25235.53,4
SP5-11943,deficit,none,0.00,0.00,0.00,0.00,175382.84,5
SP5-11944,ok,reserve,22921.41,0.00,0.00,0.00,0.00,3
SP5-11945,deficit,none,0.00,0.00,0.00,0.00,842379.75,5
SP5-11946,deficit,none,0.00,0.00,0.00,0.00,168424.87,5
SP5-11947,ok,reserve,13359.53,0.00,0.00,0.00,0.00,5
SP5-11948,ok,goals+,0.00,0.00,2888.03,0.00,0.00,2
SP5-11949,deficit,none,0.00,0.00,0.00,0.00,4148070.23,5
SP5-11950,ok,debt,9022.26,13533.39,0.00,0.00,41525.84,2
SP5-11951,ok,debt,0.40,0.60,0.00,0.00,8740.29,2
SP5-11952,ok,reserve,3826.87,0.00,0.00,0.00,0.00,3
SP5-11953,ok,reserve,7628.74,0.00,0.00,0.00,0.00,3
SP5-11954,ok,goals+,0.00,0.00,2124255.25,1403664.73,1743900.17,2
SP5-11955,ok,reserve,21839.46,0.00,0.00,0.00,0.00,3
SP5-11956,ok,reserve,3915.04,2610.02,0.00,0.00,0.00,2
SP5-11938,ok,reserve,5055.13,0.00,0.00,0.00,0.00,5
SP5-11958,deficit,none,0.00,0.00,0.00,0.00,0.00,4
SP5-11959,ok,reserve,3535.76,0.00,865.65,0.00,0.00,2
SP5-11960,deficit,none,0.00,0.00,0.00,0.00,0.00,4
SP5-11961,ok,goals+,0.00,0.00,354094.68,105675.15,9296550.09,2
SP5-11962,ok,debt,9583.76,14375.65,0.00,0.00,60805.75,2
SP5-11938,deficit,none,0.00,0.00,0.00,0.00,78965.58,5
SP5-11964,ok,reserve,18915.12,0.00,0.00,0.00,0.00,5
SP5-11965,ok,reserve,10684.92,0.00,0.00,0.00,0.00,3
SP5-11966,ok,reserve,13652.06,0.00,0.00,0.00,0.00,5
SP5-11967,ok,reserve,15708.27,0.00,0.00,0.00,0.00,4
SP5-11968,ok,goals+,0.00,0.00,19022.70,11624.56,1574902.20,3
SP5-11969,ok,debt,2073.29,4837.68,0.00,0.00,10845.77,3
SP5-11970,ok,debt,3803.97,8875.94,0.00,0.00,0.00,4
SP5-11971,ok,reserve,25557.86,0.00,0.00,0.00,0.00,3
SP5-11972,ok,debt,0.00,33098.85,1742.05,0.00,4354.33,3
SP5-11973,ok,reserve,609.70,406.47,0.00,0.00,0.00,2
SP5-11974,ok,goals+,0.00,0.00,8340.26,664.88,173941.86,3
SP5-11975,deficit,none,0.00,0.00,0.00,0.00,30885471.61,5
SP5-11976,ok,goals+,0.00,0.00,21615.44,669.66,76786.72,3
SP5-11977,ok,debt,5304.81,12377.89,0.00,0.00,0.00,3
SP5-11978,ok,reserve,75048.31,0.00,0.00,0.00,0.00,5
SP5-11979,ok,none,0.00,0.00,0.00,0.00,0.00,2
SP5-11980,ok,goals+,0.00,0.00,150817.12,75213.08,1665723.33,2
SP5-11981,ok,reserve,8576.66,0.00,0.00,0.00,0.00,3
SP5-11982,ok,reserve,39934.01,0.00,0.00,3779.35,0.00,4
SP5-11983,ok,debt,3376.09,7877.55,0.00,0.00,0.00,3
SP5-11984,invalid,none,0.00,0.00,0.00,0.00,0.00,5
SP5-11985,ok,goals+,0.00,0.00,87612.69,19130.11,0.00,4
SP5-11986,ok,reserve,2563.48,0.00,0.00,0.00,0.00,4
SP5-11987,ok,reserve,12097.99,0.00,0.00,0.00,0.00,5
SP5-11988,ok,reserve,50289.70,0.00,0.00,0.00,73849.81,3
SP5-11989,ok,reserve,10771.72,7181.15,0.00,0.00,0.00,2
SP5-11990,deficit,none,0.00,0.00,0.00,0.00,469328.64,5
SP5-11991,ok,reserve,20739.97,5943.24,0.00,0.00,0.00,5
SP5-11992,ok,goals+,0.00,0.00,2138689.38,1393048.93,39902010.58,2
SP5-11993,ok,reserve,10452.25,0.00,0.00,0.00,0.00,5
SP5-11994,ok,reserve,1433.83,0.00,0.00,0.00,0.00,3
SP5-11995,ok,goals+,0.00,0.00,0.00,42033.69,72955.67,5
SP5-11996,deficit,none,0.00,0.00,0.00,0.00,158068.53,5
SP5-11997,deficit,none,0.00,0.00,0.00,0.00,0.00,4
SP5-11998,deficit,none,0.00,0.00,0.00,0.00,10972624.97,5
SP5-11999,deficit,none,0.00,0.00,0.00,0.00,0.00,4
