date,value,unit,region,breakdown
2014-01-01,1.98,percent_annual,RU,''до востребова-ния''**
2014-01-01,2.18,percent_annual,RU,"до 30 дней, включая ''до востребова-ния''"
2014-01-01,4.85,percent_annual,RU,"до 30 дней, кроме ''до востребова-ния''"
2014-01-01,5.01,percent_annual,RU,от 31 до 90 дней
2014-01-01,5.8,percent_annual,RU,от 91 до 180 дней
2014-01-01,7.17,percent_annual,RU,от 181 дня до 1 года
2014-01-01,5.3,percent_annual,RU,"до 1 года, включая ''до востребова-ния''"
2014-01-01,6.03,percent_annual,RU,"до 1 года, кроме ''до востребова-ния''"
2014-01-01,7.32,percent_annual,RU,от 1 года до 3 лет
2014-01-01,7.43,percent_annual,RU,свыше 3 лет
2014-01-01,7.33,percent_annual,RU,свыше 1 года
2014-02-01,1.77,percent_annual,RU,''до востребова-ния''**
2014-02-01,2.3,percent_annual,RU,"до 30 дней, включая ''до востребова-ния''"
2014-02-01,4.85,percent_annual,RU,"до 30 дней, кроме ''до востребова-ния''"
2014-02-01,4.98,percent_annual,RU,от 31 до 90 дней
2014-02-01,5.75,percent_annual,RU,от 91 до 180 дней
2014-02-01,7.04,percent_annual,RU,от 181 дня до 1 года
2014-02-01,5.09,percent_annual,RU,"до 1 года, включая ''до востребова-ния''"
2014-02-01,5.94,percent_annual,RU,"до 1 года, кроме ''до востребова-ния''"
2014-02-01,7.3,percent_annual,RU,от 1 года до 3 лет
2014-02-01,7.28,percent_annual,RU,свыше 3 лет
2014-02-01,7.3,percent_annual,RU,свыше 1 года
2014-03-01,1.57,percent_annual,RU,''до востребова-ния''**
2014-03-01,1.79,percent_annual,RU,"до 30 дней, включая ''до востребова-ния''"
2014-03-01,4.74,percent_annual,RU,"до 30 дней, кроме ''до востребова-ния''"
2014-03-01,5.01,percent_annual,RU,от 31 до 90 дней
2014-03-01,5.64,percent_annual,RU,от 91 до 180 дней
2014-03-01,7.02,percent_annual,RU,от 181 дня до 1 года
2014-03-01,5.07,percent_annual,RU,"до 1 года, включая ''до востребова-ния''"
2014-03-01,5.91,percent_annual,RU,"до 1 года, кроме ''до востребова-ния''"
2014-03-01,7.17,percent_annual,RU,от 1 года до 3 лет
2014-03-01,7.08,percent_annual,RU,свыше 3 лет
2014-03-01,7.17,percent_annual,RU,свыше 1 года
2014-04-01,1.28,percent_annual,RU,''до востребова-ния''**
2014-04-01,1.84,percent_annual,RU,"до 30 дней, включая ''до востребова-ния''"
2014-04-01,4.54,percent_annual,RU,"до 30 дней, кроме ''до востребова-ния''"
2014-04-01,5.07,percent_annual,RU,от 31 до 90 дней
2014-04-01,5.68,percent_annual,RU,от 91 до 180 дней
2014-04-01,7.2,percent_annual,RU,от 181 дня до 1 года
2014-04-01,5.18,percent_annual,RU,"до 1 года, включая ''до востребова-ния''"
2014-04-01,6.04,percent_annual,RU,"до 1 года, кроме ''до востребова-ния''"
2014-04-01,7.61,percent_annual,RU,от 1 года до 3 лет
2014-04-01,6.97,percent_annual,RU,свыше 3 лет
2014-04-01,7.56,percent_annual,RU,свыше 1 года
2014-05-01,1.1,percent_annual,RU,''до востребова-ния''**
2014-05-01,1.41,percent_annual,RU,"до 30 дней, включая ''до востребова-ния''"
2014-05-01,5.48,percent_annual,RU,"до 30 дней, кроме ''до востребова-ния''"
2014-05-01,5.1,percent_annual,RU,от 31 до 90 дней
2014-05-01,5.79,percent_annual,RU,от 91 до 180 дней
2014-05-01,7.19,percent_annual,RU,от 181 дня до 1 года
2014-05-01,5.19,percent_annual,RU,"до 1 года, включая ''до востребова-ния''"
2014-05-01,6.06,percent_annual,RU,"до 1 года, кроме ''до востребова-ния''"
2014-05-01,7.85,percent_annual,RU,от 1 года до 3 лет
2014-05-01,6.95,percent_annual,RU,свыше 3 лет
2014-05-01,7.78,percent_annual,RU,свыше 1 года
2014-06-01,1.2,percent_annual,RU,''до востребова-ния''**
2014-06-01,1.79,percent_annual,RU,"до 30 дней, включая ''до востребова-ния''"
2014-06-01,4.72,percent_annual,RU,"до 30 дней, кроме ''до востребова-ния''"
2014-06-01,5.16,percent_annual,RU,от 31 до 90 дней
2014-06-01,5.91,percent_annual,RU,от 91 до 180 дней
2014-06-01,7.4,percent_annual,RU,от 181 дня до 1 года
2014-06-01,5.33,percent_annual,RU,"до 1 года, включая ''до востребова-ния''"
2014-06-01,6.21,percent_annual,RU,"до 1 года, кроме ''до востребова-ния''"
2014-06-01,7.8,percent_annual,RU,от 1 года до 3 лет
2014-06-01,6.68,percent_annual,RU,свыше 3 лет
2014-06-01,7.72,percent_annual,RU,свыше 1 года
2014-07-01,1.58,percent_annual,RU,''до востребова-ния''**
2014-07-01,1.89,percent_annual,RU,"до 30 дней, включая ''до востребова-ния''"
2014-07-01,5.49,percent_annual,RU,"до 30 дней, кроме ''до востребова-ния''"
2014-07-01,5.15,percent_annual,RU,от 31 до 90 дней
2014-07-01,5.91,percent_annual,RU,от 91 до 180 дней
2014-07-01,7.36,percent_annual,RU,от 181 дня до 1 года
2014-07-01,5.54,percent_annual,RU,"до 1 года, включая ''до востребова-ния''"
2014-07-01,6.17,percent_annual,RU,"до 1 года, кроме ''до востребова-ния''"
2014-07-01,7.89,percent_annual,RU,от 1 года до 3 лет
2014-07-01,6.44,percent_annual,RU,свыше 3 лет
2014-07-01,7.8,percent_annual,RU,свыше 1 года
2014-08-01,1.69,percent_annual,RU,''до востребова-ния''**
2014-08-01,2.07,percent_annual,RU,"до 30 дней, включая ''до востребова-ния''"
2014-08-01,6.34,percent_annual,RU,"до 30 дней, кроме ''до востребова-ния''"
2014-08-01,5.23,percent_annual,RU,от 31 до 90 дней
2014-08-01,5.88,percent_annual,RU,от 91 до 180 дней
2014-08-01,7.37,percent_annual,RU,от 181 дня до 1 года
2014-08-01,5.63,percent_annual,RU,"до 1 года, включая ''до востребова-ния''"
2014-08-01,6.19,percent_annual,RU,"до 1 года, кроме ''до востребова-ния''"
2014-08-01,7.95,percent_annual,RU,от 1 года до 3 лет
2014-08-01,6.95,percent_annual,RU,свыше 3 лет
2014-08-01,7.89,percent_annual,RU,свыше 1 года
2014-09-01,1.85,percent_annual,RU,''до востребова-ния''**
2014-09-01,2.52,percent_annual,RU,"до 30 дней, включая ''до востребова-ния''"
2014-09-01,5.58,percent_annual,RU,"до 30 дней, кроме ''до востребова-ния''"
2014-09-01,5.16,percent_annual,RU,от 31 до 90 дней
2014-09-01,5.93,percent_annual,RU,от 91 до 180 дней
2014-09-01,7.56,percent_annual,RU,от 181 дня до 1 года
2014-09-01,5.71,percent_annual,RU,"до 1 года, включая ''до востребова-ния''"
2014-09-01,6.27,percent_annual,RU,"до 1 года, кроме ''до востребова-ния''"
2014-09-01,8.09,percent_annual,RU,от 1 года до 3 лет
2014-09-01,7.03,percent_annual,RU,свыше 3 лет
2014-09-01,8.02,percent_annual,RU,свыше 1 года
2014-10-01,1.94,percent_annual,RU,''до востребова-ния''**
2014-10-01,2.24,percent_annual,RU,"до 30 дней, включая ''до востребова-ния''"
2014-10-01,6.41,percent_annual,RU,"до 30 дней, кроме ''до востребова-ния''"
2014-10-01,5.26,percent_annual,RU,от 31 до 90 дней
2014-10-01,6.06,percent_annual,RU,от 91 до 180 дней
2014-10-01,7.82,percent_annual,RU,от 181 дня до 1 года
2014-10-01,5.95,percent_annual,RU,"до 1 года, включая ''до востребова-ния''"
2014-10-01,6.5,percent_annual,RU,"до 1 года, кроме ''до востребова-ния''"
2014-10-01,8.2,percent_annual,RU,от 1 года до 3 лет
2014-10-01,7.42,percent_annual,RU,свыше 3 лет
2014-10-01,8.15,percent_annual,RU,свыше 1 года
2014-11-01,2.81,percent_annual,RU,''до востребова-ния''**
2014-11-01,3.22,percent_annual,RU,"до 30 дней, включая ''до востребова-ния''"
2014-11-01,6.13,percent_annual,RU,"до 30 дней, кроме ''до востребова-ния''"
2014-11-01,5.39,percent_annual,RU,от 31 до 90 дней
2014-11-01,6.27,percent_annual,RU,от 91 до 180 дней
2014-11-01,8.13,percent_annual,RU,от 181 дня до 1 года
2014-11-01,6.23,percent_annual,RU,"до 1 года, включая ''до востребова-ния''"
2014-11-01,6.75,percent_annual,RU,"до 1 года, кроме ''до востребова-ния''"
2014-11-01,8.47,percent_annual,RU,от 1 года до 3 лет
2014-11-01,7.32,percent_annual,RU,свыше 3 лет
2014-11-01,8.41,percent_annual,RU,свыше 1 года
2014-12-01,5.68,percent_annual,RU,''до востребова-ния''**
2014-12-01,5.92,percent_annual,RU,"до 30 дней, включая ''до востребова-ния''"
2014-12-01,11.76,percent_annual,RU,"до 30 дней, кроме ''до востребова-ния''"
2014-12-01,11.51,percent_annual,RU,от 31 до 90 дней
2014-12-01,13.71,percent_annual,RU,от 91 до 180 дней
2014-12-01,12.73,percent_annual,RU,от 181 дня до 1 года
2014-12-01,12.29,percent_annual,RU,"до 1 года, включая ''до востребова-ния''"
2014-12-01,12.74,percent_annual,RU,"до 1 года, кроме ''до востребова-ния''"
2014-12-01,11.98,percent_annual,RU,от 1 года до 3 лет
2014-12-01,8.06,percent_annual,RU,свыше 3 лет
2014-12-01,11.74,percent_annual,RU,свыше 1 года
2015-01-01,4.88,percent_annual,RU,''до востребова-ния''**
2015-01-01,5.51,percent_annual,RU,"до 30 дней, включая ''до востребова-ния''"
2015-01-01,13.68,percent_annual,RU,"до 30 дней, кроме ''до востребова-ния''"
2015-01-01,12.88,percent_annual,RU,от 31 до 90 дней
2015-01-01,13.81,percent_annual,RU,от 91 до 180 дней
2015-01-01,12.23,percent_annual,RU,от 181 дня до 1 года
2015-01-01,12.33,percent_annual,RU,"до 1 года, включая ''до востребова-ния''"
2015-01-01,12.85,percent_annual,RU,"до 1 года, кроме ''до востребова-ния''"
2015-01-01,13.23,percent_annual,RU,от 1 года до 3 лет
2015-01-01,9.97,percent_annual,RU,свыше 3 лет
2015-01-01,13.11,percent_annual,RU,свыше 1 года
2015-02-01,3.91,percent_annual,RU,''до востребова-ния''**
2015-02-01,4.86,percent_annual,RU,"до 30 дней, включая ''до востребова-ния''"
2015-02-01,13.09,percent_annual,RU,"до 30 дней, кроме ''до востребова-ния''"
2015-02-01,11.52,percent_annual,RU,от 31 до 90 дней
2015-02-01,12.57,percent_annual,RU,от 91 до 180 дней
2015-02-01,11.46,percent_annual,RU,от 181 дня до 1 года
2015-02-01,11.22,percent_annual,RU,"до 1 года, включая ''до востребова-ния''"
2015-02-01,11.79,percent_annual,RU,"до 1 года, кроме ''до востребова-ния''"
2015-02-01,11.54,percent_annual,RU,от 1 года до 3 лет
2015-02-01,9.79,percent_annual,RU,свыше 3 лет
2015-02-01,11.46,percent_annual,RU,свыше 1 года
2015-03-01,3.16,percent_annual,RU,''до востребова-ния''**
2015-03-01,4.09,percent_annual,RU,"до 30 дней, включая ''до востребова-ния''"
2015-03-01,11.97,percent_annual,RU,"до 30 дней, кроме ''до востребова-ния''"
2015-03-01,10.84,percent_annual,RU,от 31 до 90 дней
2015-03-01,12.26,percent_annual,RU,от 91 до 180 дней
2015-03-01,11.59,percent_annual,RU,от 181 дня до 1 года
2015-03-01,11.16,percent_annual,RU,"до 1 года, включая ''до востребова-ния''"
2015-03-01,11.67,percent_annual,RU,"до 1 года, кроме ''до востребова-ния''"
2015-03-01,11.15,percent_annual,RU,от 1 года до 3 лет
2015-03-01,9.49,percent_annual,RU,свыше 3 лет
2015-03-01,11.08,percent_annual,RU,свыше 1 года
2015-04-01,2.68,percent_annual,RU,''до востребова-ния''**
2015-04-01,4.09,percent_annual,RU,"до 30 дней, включая ''до востребова-ния''"
2015-04-01,11.59,percent_annual,RU,"до 30 дней, кроме ''до востребова-ния''"
2015-04-01,9.16,percent_annual,RU,от 31 до 90 дней
2015-04-01,7.94,percent_annual,RU,от 91 до 180 дней
2015-04-01,11.86,percent_annual,RU,от 181 дня до 1 года
2015-04-01,8.97,percent_annual,RU,"до 1 года, включая ''до востребова-ния''"
2015-04-01,9.41,percent_annual,RU,"до 1 года, кроме ''до востребова-ния''"
2015-04-01,10.83,percent_annual,RU,от 1 года до 3 лет
2015-04-01,8.85,percent_annual,RU,свыше 3 лет
2015-04-01,10.74,percent_annual,RU,свыше 1 года
2015-05-01,2.09,percent_annual,RU,''до востребова-ния''**
2015-05-01,3.5,percent_annual,RU,"до 30 дней, включая ''до востребова-ния''"
2015-05-01,10.95,percent_annual,RU,"до 30 дней, кроме ''до востребова-ния''"
2015-05-01,8.74,percent_annual,RU,от 31 до 90 дней
2015-05-01,8.42,percent_annual,RU,от 91 до 180 дней
2015-05-01,10.9,percent_annual,RU,от 181 дня до 1 года
2015-05-01,8.86,percent_annual,RU,"до 1 года, включая ''до востребова-ния''"
2015-05-01,9.36,percent_annual,RU,"до 1 года, кроме ''до востребова-ния''"
2015-05-01,10.35,percent_annual,RU,от 1 года до 3 лет
2015-05-01,8.52,percent_annual,RU,свыше 3 лет
2015-05-01,10.29,percent_annual,RU,свыше 1 года
2015-06-01,2.19,percent_annual,RU,''до востребова-ния''**
2015-06-01,3.5,percent_annual,RU,"до 30 дней, включая ''до востребова-ния''"
2015-06-01,10.04,percent_annual,RU,"до 30 дней, кроме ''до востребова-ния''"
2015-06-01,8.63,percent_annual,RU,от 31 до 90 дней
2015-06-01,10.17,percent_annual,RU,от 91 до 180 дней
2015-06-01,10.27,percent_annual,RU,от 181 дня до 1 года
2015-06-01,9.39,percent_annual,RU,"до 1 года, включая ''до востребова-ния''"
2015-06-01,9.92,percent_annual,RU,"до 1 года, кроме ''до востребова-ния''"
2015-06-01,10.25,percent_annual,RU,от 1 года до 3 лет
2015-06-01,9.18,percent_annual,RU,свыше 3 лет
2015-06-01,10.22,percent_annual,RU,свыше 1 года
2015-07-01,1.71,percent_annual,RU,''до востребова-ния''**
2015-07-01,3.06,percent_annual,RU,"до 30 дней, включая ''до востребова-ния''"
2015-07-01,9.9,percent_annual,RU,"до 30 дней, кроме ''до востребова-ния''"
2015-07-01,7.92,percent_annual,RU,от 31 до 90 дней
2015-07-01,9.36,percent_annual,RU,от 91 до 180 дней
2015-07-01,9.78,percent_annual,RU,от 181 дня до 1 года
2015-07-01,8.74,percent_annual,RU,"до 1 года, включая ''до востребова-ния''"
2015-07-01,9.23,percent_annual,RU,"до 1 года, кроме ''до востребова-ния''"
2015-07-01,9.55,percent_annual,RU,от 1 года до 3 лет
2015-07-01,8.52,percent_annual,RU,свыше 3 лет
2015-07-01,9.52,percent_annual,RU,свыше 1 года
2015-08-01,2.01,percent_annual,RU,''до востребова-ния''**
2015-08-01,3.07,percent_annual,RU,"до 30 дней, включая ''до востребова-ния''"
2015-08-01,9.31,percent_annual,RU,"до 30 дней, кроме ''до востребова-ния''"
2015-08-01,7.67,percent_annual,RU,от 31 до 90 дней
2015-08-01,9.05,percent_annual,RU,от 91 до 180 дней
2015-08-01,9.62,percent_annual,RU,от 181 дня до 1 года
2015-08-01,8.44,percent_annual,RU,"до 1 года, включая ''до востребова-ния''"
2015-08-01,8.96,percent_annual,RU,"до 1 года, кроме ''до востребова-ния''"
2015-08-01,9.31,percent_annual,RU,от 1 года до 3 лет
2015-08-01,7.7,percent_annual,RU,свыше 3 лет
2015-08-01,9.25,percent_annual,RU,свыше 1 года
2015-09-01,2.02,percent_annual,RU,''до востребова-ния''**
2015-09-01,3.01,percent_annual,RU,"до 30 дней, включая ''до востребова-ния''"
2015-09-01,8.95,percent_annual,RU,"до 30 дней, кроме ''до востребова-ния''"
2015-09-01,7.65,percent_annual,RU,от 31 до 90 дней
2015-09-01,8.8,percent_annual,RU,от 91 до 180 дней
2015-09-01,9.65,percent_annual,RU,от 181 дня до 1 года
2015-09-01,8.45,percent_annual,RU,"до 1 года, включая ''до востребова-ния''"
2015-09-01,8.9,percent_annual,RU,"до 1 года, кроме ''до востребова-ния''"
2015-09-01,9.37,percent_annual,RU,от 1 года до 3 лет
2015-09-01,6.73,percent_annual,RU,свыше 3 лет
2015-09-01,9.28,percent_annual,RU,свыше 1 года
2015-10-01,1.96,percent_annual,RU,''до востребова-ния''**
2015-10-01,2.94,percent_annual,RU,"до 30 дней, включая ''до востребова-ния''"
2015-10-01,8.63,percent_annual,RU,"до 30 дней, кроме ''до востребова-ния''"
2015-10-01,7.48,percent_annual,RU,от 31 до 90 дней
2015-10-01,5.16,percent_annual,RU,от 91 до 180 дней
2015-10-01,9.35,percent_annual,RU,от 181 дня до 1 года
2015-10-01,6.92,percent_annual,RU,"до 1 года, включая ''до востребова-ния''"
2015-10-01,7.21,percent_annual,RU,"до 1 года, кроме ''до востребова-ния''"
2015-10-01,8.95,percent_annual,RU,от 1 года до 3 лет
2015-10-01,6.32,percent_annual,RU,свыше 3 лет
2015-10-01,8.87,percent_annual,RU,свыше 1 года
2015-11-01,2.12,percent_annual,RU,''до востребова-ния''**
2015-11-01,3.17,percent_annual,RU,"до 30 дней, включая ''до востребова-ния''"
2015-11-01,8.48,percent_annual,RU,"до 30 дней, кроме ''до востребова-ния''"
2015-11-01,7.28,percent_annual,RU,от 31 до 90 дней
2015-11-01,6.53,percent_annual,RU,от 91 до 180 дней
2015-11-01,9.1,percent_annual,RU,от 181 дня до 1 года
2015-11-01,7.45,percent_annual,RU,"до 1 года, включая ''до востребова-ния''"
2015-11-01,7.79,percent_annual,RU,"до 1 года, кроме ''до востребова-ния''"
2015-11-01,8.94,percent_annual,RU,от 1 года до 3 лет
2015-11-01,6.54,percent_annual,RU,свыше 3 лет
2015-11-01,8.88,percent_annual,RU,свыше 1 года
2015-12-01,3.05,percent_annual,RU,''до востребова-ния''**
2015-12-01,3.46,percent_annual,RU,"до 30 дней, включая ''до востребова-ния''"
2015-12-01,8.61,percent_annual,RU,"до 30 дней, кроме ''до востребова-ния''"
2015-12-01,7.32,percent_annual,RU,от 31 до 90 дней
2015-12-01,8.66,percent_annual,RU,от 91 до 180 дней
2015-12-01,9.21,percent_annual,RU,от 181 дня до 1 года
2015-12-01,8.43,percent_annual,RU,"до 1 года, включая ''до востребова-ния''"
2015-12-01,8.83,percent_annual,RU,"до 1 года, кроме ''до востребова-ния''"
2015-12-01,9.31,percent_annual,RU,от 1 года до 3 лет
2015-12-01,6.14,percent_annual,RU,свыше 3 лет
2015-12-01,9.25,percent_annual,RU,свыше 1 года
2016-01-01,3.37,percent_annual,RU,''до востребова-ния''**
2016-01-01,3.81,percent_annual,RU,"до 30 дней, включая ''до востребова-ния''"
2016-01-01,8.85,percent_annual,RU,"до 30 дней, кроме ''до востребова-ния''"
2016-01-01,7.21,percent_annual,RU,от 31 до 90 дней
2016-01-01,8.5,percent_annual,RU,от 91 до 180 дней
2016-01-01,8.85,percent_annual,RU,от 181 дня до 1 года
2016-01-01,8.2,percent_annual,RU,"до 1 года, включая ''до востребова-ния''"
2016-01-01,8.53,percent_annual,RU,"до 1 года, кроме ''до востребова-ния''"
2016-01-01,9.49,percent_annual,RU,от 1 года до 3 лет
2016-01-01,6.71,percent_annual,RU,свыше 3 лет
2016-01-01,9.41,percent_annual,RU,свыше 1 года
2016-02-01,3.06,percent_annual,RU,''до востребова-ния''**
2016-02-01,3.75,percent_annual,RU,"до 30 дней, включая ''до востребова-ния''"
2016-02-01,8.4,percent_annual,RU,"до 30 дней, кроме ''до востребова-ния''"
2016-02-01,7.21,percent_annual,RU,от 31 до 90 дней
2016-02-01,7.28,percent_annual,RU,от 91 до 180 дней
2016-02-01,8.54,percent_annual,RU,от 181 дня до 1 года
2016-02-01,7.68,percent_annual,RU,"до 1 года, включая ''до востребова-ния''"
2016-02-01,7.97,percent_annual,RU,"до 1 года, кроме ''до востребова-ния''"
2016-02-01,9.13,percent_annual,RU,от 1 года до 3 лет
2016-02-01,7.04,percent_annual,RU,свыше 3 лет
2016-02-01,9.07,percent_annual,RU,свыше 1 года
2016-03-01,3.2,percent_annual,RU,''до востребова-ния''**
2016-03-01,3.83,percent_annual,RU,"до 30 дней, включая ''до востребова-ния''"
2016-03-01,8.1,percent_annual,RU,"до 30 дней, кроме ''до востребова-ния''"
2016-03-01,7.13,percent_annual,RU,от 31 до 90 дней
2016-03-01,6.57,percent_annual,RU,от 91 до 180 дней
2016-03-01,8.54,percent_annual,RU,от 181 дня до 1 года
2016-03-01,7.46,percent_annual,RU,"до 1 года, включая ''до востребова-ния''"
2016-03-01,7.71,percent_annual,RU,"до 1 года, кроме ''до востребова-ния''"
2016-03-01,8.95,percent_annual,RU,от 1 года до 3 лет
2016-03-01,5.76,percent_annual,RU,свыше 3 лет
2016-03-01,8.86,percent_annual,RU,свыше 1 года
2016-04-01,2.74,percent_annual,RU,''до востребова-ния''**
2016-04-01,3.49,percent_annual,RU,"до 30 дней, включая ''до востребова-ния''"
2016-04-01,8.09,percent_annual,RU,"до 30 дней, кроме ''до востребова-ния''"
2016-04-01,6.94,percent_annual,RU,от 31 до 90 дней
2016-04-01,7.95,percent_annual,RU,от 91 до 180 дней
2016-04-01,8.51,percent_annual,RU,от 181 дня до 1 года
2016-04-01,7.67,percent_annual,RU,"до 1 года, включая ''до востребова-ния''"
2016-04-01,8.02,percent_annual,RU,"до 1 года, кроме ''до востребова-ния''"
2016-04-01,9,percent_annual,RU,от 1 года до 3 лет
2016-04-01,8.41,percent_annual,RU,свыше 3 лет
2016-04-01,8.99,percent_annual,RU,свыше 1 года
2016-05-01,2.39,percent_annual,RU,''до востребова-ния''**
2016-05-01,3.99,percent_annual,RU,"до 30 дней, включая ''до востребова-ния''"
2016-05-01,8.96,percent_annual,RU,"до 30 дней, кроме ''до востребова-ния''"
2016-05-01,6.47,percent_annual,RU,от 31 до 90 дней
2016-05-01,7.47,percent_annual,RU,от 91 до 180 дней
2016-05-01,7.53,percent_annual,RU,от 181 дня до 1 года
2016-05-01,7.04,percent_annual,RU,"до 1 года, включая ''до востребова-ния''"
2016-05-01,7.3,percent_annual,RU,"до 1 года, кроме ''до востребова-ния''"
2016-05-01,8.75,percent_annual,RU,от 1 года до 3 лет
2016-05-01,8.25,percent_annual,RU,свыше 3 лет
2016-05-01,8.74,percent_annual,RU,свыше 1 года
2016-06-01,2.17,percent_annual,RU,''до востребова-ния''**
2016-06-01,3.65,percent_annual,RU,"до 30 дней, включая ''до востребова-ния''"
2016-06-01,8.75,percent_annual,RU,"до 30 дней, кроме ''до востребова-ния''"
2016-06-01,6.38,percent_annual,RU,от 31 до 90 дней
2016-06-01,7.39,percent_annual,RU,от 91 до 180 дней
2016-06-01,7.34,percent_annual,RU,от 181 дня до 1 года
2016-06-01,6.92,percent_annual,RU,"до 1 года, включая ''до востребова-ния''"
2016-06-01,7.2,percent_annual,RU,"до 1 года, кроме ''до востребова-ния''"
2016-06-01,8.65,percent_annual,RU,от 1 года до 3 лет
2016-06-01,8.93,percent_annual,RU,свыше 3 лет
2016-06-01,8.66,percent_annual,RU,свыше 1 года
2016-07-01,2.22,percent_annual,RU,''до востребова-ния''**
2016-07-01,3.14,percent_annual,RU,"до 30 дней, включая ''до востребова-ния''"
2016-07-01,7.67,percent_annual,RU,"до 30 дней, кроме ''до востребова-ния''"
2016-07-01,6.2,percent_annual,RU,от 31 до 90 дней
2016-07-01,7.21,percent_annual,RU,от 91 до 180 дней
2016-07-01,7.33,percent_annual,RU,от 181 дня до 1 года
2016-07-01,6.78,percent_annual,RU,"до 1 года, включая ''до востребова-ния''"
2016-07-01,7.06,percent_annual,RU,"до 1 года, кроме ''до востребова-ния''"
2016-07-01,8.34,percent_annual,RU,от 1 года до 3 лет
2016-07-01,8,percent_annual,RU,свыше 3 лет
2016-07-01,8.33,percent_annual,RU,свыше 1 года
2016-08-01,2.36,percent_annual,RU,''до востребова-ния''**
2016-08-01,3.37,percent_annual,RU,"до 30 дней, включая ''до востребова-ния''"
2016-08-01,7.66,percent_annual,RU,"до 30 дней, кроме ''до востребова-ния''"
2016-08-01,6.16,percent_annual,RU,от 31 до 90 дней
2016-08-01,7.03,percent_annual,RU,от 91 до 180 дней
2016-08-01,7.42,percent_annual,RU,от 181 дня до 1 года
2016-08-01,6.77,percent_annual,RU,"до 1 года, включая ''до востребова-ния''"
2016-08-01,7.05,percent_annual,RU,"до 1 года, кроме ''до востребова-ния''"
2016-08-01,8.1,percent_annual,RU,от 1 года до 3 лет
2016-08-01,8.12,percent_annual,RU,свыше 3 лет
2016-08-01,8.1,percent_annual,RU,свыше 1 года
2016-09-01,2.41,percent_annual,RU,''до востребова-ния''**
2016-09-01,3.43,percent_annual,RU,"до 30 дней, включая ''до востребова-ния''"
2016-09-01,7.27,percent_annual,RU,"до 30 дней, кроме ''до востребова-ния''"
2016-09-01,6.05,percent_annual,RU,от 31 до 90 дней
2016-09-01,6.9,percent_annual,RU,от 91 до 180 дней
2016-09-01,5.84,percent_annual,RU,от 181 дня до 1 года
2016-09-01,6,percent_annual,RU,"до 1 года, включая ''до востребова-ния''"
2016-09-01,6.18,percent_annual,RU,"до 1 года, кроме ''до востребова-ния''"
2016-09-01,8.07,percent_annual,RU,от 1 года до 3 лет
2016-09-01,8.81,percent_annual,RU,свыше 3 лет
2016-09-01,8.09,percent_annual,RU,свыше 1 года
2016-10-01,2.54,percent_annual,RU,''до востребова-ния''**
2016-10-01,3.25,percent_annual,RU,"до 30 дней, включая ''до востребова-ния''"
2016-10-01,6.95,percent_annual,RU,"до 30 дней, кроме ''до востребова-ния''"
2016-10-01,5.65,percent_annual,RU,от 31 до 90 дней
2016-10-01,7.22,percent_annual,RU,от 91 до 180 дней
2016-10-01,5.51,percent_annual,RU,от 181 дня до 1 года
2016-10-01,6.01,percent_annual,RU,"до 1 года, включая ''до востребова-ния''"
2016-10-01,6.22,percent_annual,RU,"до 1 года, кроме ''до востребова-ния''"
2016-10-01,7.64,percent_annual,RU,от 1 года до 3 лет
2016-10-01,7.83,percent_annual,RU,свыше 3 лет
2016-10-01,7.65,percent_annual,RU,свыше 1 года
2016-11-01,3.17,percent_annual,RU,''до востребова-ния''**
2016-11-01,3.65,percent_annual,RU,"до 30 дней, включая ''до востребова-ния''"
2016-11-01,6.94,percent_annual,RU,"до 30 дней, кроме ''до востребова-ния''"
2016-11-01,5.66,percent_annual,RU,от 31 до 90 дней
2016-11-01,7.32,percent_annual,RU,от 91 до 180 дней
2016-11-01,7.28,percent_annual,RU,от 181 дня до 1 года
2016-11-01,6.62,percent_annual,RU,"до 1 года, включая ''до востребова-ния''"
2016-11-01,7,percent_annual,RU,"до 1 года, кроме ''до востребова-ния''"
2016-11-01,7.41,percent_annual,RU,от 1 года до 3 лет
2016-11-01,7.2,percent_annual,RU,свыше 3 лет
2016-11-01,7.4,percent_annual,RU,свыше 1 года
2016-12-01,3.34,percent_annual,RU,''до востребова-ния''**
2016-12-01,3.67,percent_annual,RU,"до 30 дней, включая ''до востребова-ния''"
2016-12-01,6.9,percent_annual,RU,"до 30 дней, кроме ''до востребова-ния''"
2016-12-01,6.41,percent_annual,RU,от 31 до 90 дней
2016-12-01,6.91,percent_annual,RU,от 91 до 180 дней
2016-12-01,7.08,percent_annual,RU,от 181 дня до 1 года
2016-12-01,6.5,percent_annual,RU,"до 1 года, включая ''до востребова-ния''"
2016-12-01,6.9,percent_annual,RU,"до 1 года, кроме ''до востребова-ния''"
2016-12-01,7.56,percent_annual,RU,от 1 года до 3 лет
2016-12-01,7.95,percent_annual,RU,свыше 3 лет
2016-12-01,7.57,percent_annual,RU,свыше 1 года
2017-01-01,3.11,percent_annual,RU,''до востребова-ния''**
2017-01-01,3.88,percent_annual,RU,"до 30 дней, включая ''до востребова-ния''"
2017-01-01,7.14,percent_annual,RU,"до 30 дней, кроме ''до востребова-ния''"
2017-01-01,5.84,percent_annual,RU,от 31 до 90 дней
2017-01-01,6.93,percent_annual,RU,от 91 до 180 дней
2017-01-01,6.96,percent_annual,RU,от 181 дня до 1 года
2017-01-01,6.5,percent_annual,RU,"до 1 года, включая ''до востребова-ния''"
2017-01-01,6.77,percent_annual,RU,"до 1 года, кроме ''до востребова-ния''"
2017-01-01,7.83,percent_annual,RU,от 1 года до 3 лет
2017-01-01,8.25,percent_annual,RU,свыше 3 лет
2017-01-01,7.84,percent_annual,RU,свыше 1 года
2017-02-01,3.42,percent_annual,RU,''до востребова-ния''**
2017-02-01,4.08,percent_annual,RU,"до 30 дней, включая ''до востребова-ния''"
2017-02-01,6.99,percent_annual,RU,"до 30 дней, кроме ''до востребова-ния''"
2017-02-01,5.82,percent_annual,RU,от 31 до 90 дней
2017-02-01,6.64,percent_annual,RU,от 91 до 180 дней
2017-02-01,6.7,percent_annual,RU,от 181 дня до 1 года
2017-02-01,6.3,percent_annual,RU,"до 1 года, включая ''до востребова-ния''"
2017-02-01,6.54,percent_annual,RU,"до 1 года, кроме ''до востребова-ния''"
2017-02-01,7.29,percent_annual,RU,от 1 года до 3 лет
2017-02-01,7.57,percent_annual,RU,свыше 3 лет
2017-02-01,7.3,percent_annual,RU,свыше 1 года
2017-03-01,3.39,percent_annual,RU,''до востребова-ния''**
2017-03-01,4.15,percent_annual,RU,"до 30 дней, включая ''до востребова-ния''"
2017-03-01,7.07,percent_annual,RU,"до 30 дней, кроме ''до востребова-ния''"
2017-03-01,4.09,percent_annual,RU,от 31 до 90 дней
2017-03-01,6.43,percent_annual,RU,от 91 до 180 дней
2017-03-01,6.68,percent_annual,RU,от 181 дня до 1 года
2017-03-01,5.91,percent_annual,RU,"до 1 года, включая ''до востребова-ния''"
2017-03-01,6.08,percent_annual,RU,"до 1 года, кроме ''до востребова-ния''"
2017-03-01,7.17,percent_annual,RU,от 1 года до 3 лет
2017-03-01,7.09,percent_annual,RU,свыше 3 лет
2017-03-01,7.16,percent_annual,RU,свыше 1 года
2017-04-01,2.6,percent_annual,RU,''до востребова-ния''**
2017-04-01,3.57,percent_annual,RU,"до 30 дней, включая ''до востребова-ния''"
2017-04-01,6.95,percent_annual,RU,"до 30 дней, кроме ''до востребова-ния''"
2017-04-01,6.05,percent_annual,RU,от 31 до 90 дней
2017-04-01,7.27,percent_annual,RU,от 91 до 180 дней
2017-04-01,6.69,percent_annual,RU,от 181 дня до 1 года
2017-04-01,6.25,percent_annual,RU,"до 1 года, включая ''до востребова-ния''"
2017-04-01,6.52,percent_annual,RU,"до 1 года, кроме ''до востребова-ния''"
2017-04-01,7.14,percent_annual,RU,от 1 года до 3 лет
2017-04-01,6.75,percent_annual,RU,свыше 3 лет
2017-04-01,7.13,percent_annual,RU,свыше 1 года
2017-05-01,2.56,percent_annual,RU,''до востребова-ния''**
2017-05-01,3.67,percent_annual,RU,"до 30 дней, включая ''до востребова-ния''"
2017-05-01,6.58,percent_annual,RU,"до 30 дней, кроме ''до востребова-ния''"
2017-05-01,6.12,percent_annual,RU,от 31 до 90 дней
2017-05-01,6.26,percent_annual,RU,от 91 до 180 дней
2017-05-01,6.54,percent_annual,RU,от 181 дня до 1 года
2017-05-01,6.1,percent_annual,RU,"до 1 года, включая ''до востребова-ния''"
2017-05-01,6.28,percent_annual,RU,"до 1 года, кроме ''до востребова-ния''"
2017-05-01,6.98,percent_annual,RU,от 1 года до 3 лет
2017-05-01,7,percent_annual,RU,свыше 3 лет
2017-05-01,6.98,percent_annual,RU,свыше 1 года
2017-06-01,2.55,percent_annual,RU,''до востребова-ния''**
2017-06-01,3.66,percent_annual,RU,"до 30 дней, включая ''до востребова-ния''"
2017-06-01,6.45,percent_annual,RU,"до 30 дней, кроме ''до востребова-ния''"
2017-06-01,5.14,percent_annual,RU,от 31 до 90 дней
2017-06-01,6.04,percent_annual,RU,от 91 до 180 дней
2017-06-01,5.98,percent_annual,RU,от 181 дня до 1 года
2017-06-01,5.7,percent_annual,RU,"до 1 года, включая ''до востребова-ния''"
2017-06-01,5.88,percent_annual,RU,"до 1 года, кроме ''до востребова-ния''"
2017-06-01,6.73,percent_annual,RU,от 1 года до 3 лет
2017-06-01,7.07,percent_annual,RU,свыше 3 лет
2017-06-01,6.73,percent_annual,RU,свыше 1 года
2017-07-01,2.52,percent_annual,RU,''до востребова-ния''**
2017-07-01,3.53,percent_annual,RU,"до 30 дней, включая ''до востребова-ния''"
2017-07-01,6.33,percent_annual,RU,"до 30 дней, кроме ''до востребова-ния''"
2017-07-01,6.51,percent_annual,RU,от 31 до 90 дней
2017-07-01,6.42,percent_annual,RU,от 91 до 180 дней
2017-07-01,6.02,percent_annual,RU,от 181 дня до 1 года
2017-07-01,6.07,percent_annual,RU,"до 1 года, включая ''до востребова-ния''"
2017-07-01,6.28,percent_annual,RU,"до 1 года, кроме ''до востребова-ния''"
2017-07-01,6.87,percent_annual,RU,от 1 года до 3 лет
2017-07-01,6.5,percent_annual,RU,свыше 3 лет
2017-07-01,6.87,percent_annual,RU,свыше 1 года
2017-08-01,2.34,percent_annual,RU,''до востребова-ния''**
2017-08-01,3.45,percent_annual,RU,"до 30 дней, включая ''до востребова-ния''"
2017-08-01,6.25,percent_annual,RU,"до 30 дней, кроме ''до востребова-ния''"
2017-08-01,6.48,percent_annual,RU,от 31 до 90 дней
2017-08-01,6.36,percent_annual,RU,от 91 до 180 дней
2017-08-01,6.09,percent_annual,RU,от 181 дня до 1 года
2017-08-01,6.07,percent_annual,RU,"до 1 года, включая ''до востребова-ния''"
2017-08-01,6.28,percent_annual,RU,"до 1 года, кроме ''до востребова-ния''"
2017-08-01,6.9,percent_annual,RU,от 1 года до 3 лет
2017-08-01,6.18,percent_annual,RU,свыше 3 лет
2017-08-01,6.89,percent_annual,RU,свыше 1 года
2017-09-01,2.66,percent_annual,RU,''до востребова-ния''**
2017-09-01,3.6,percent_annual,RU,"до 30 дней, включая ''до востребова-ния''"
2017-09-01,6.1,percent_annual,RU,"до 30 дней, кроме ''до востребова-ния''"
2017-09-01,4.97,percent_annual,RU,от 31 до 90 дней
2017-09-01,5.16,percent_annual,RU,от 91 до 180 дней
2017-09-01,6.05,percent_annual,RU,от 181 дня до 1 года
2017-09-01,5.31,percent_annual,RU,"до 1 года, включая ''до востребова-ния''"
2017-09-01,5.44,percent_annual,RU,"до 1 года, кроме ''до востребова-ния''"
2017-09-01,6.83,percent_annual,RU,от 1 года до 3 лет
2017-09-01,5.33,percent_annual,RU,свыше 3 лет
2017-09-01,6.78,percent_annual,RU,свыше 1 года
2017-10-01,2.35,percent_annual,RU,''до востребова-ния''**
2017-10-01,3.33,percent_annual,RU,"до 30 дней, включая ''до востребова-ния''"
2017-10-01,5.85,percent_annual,RU,"до 30 дней, кроме ''до востребова-ния''"
2017-10-01,4.83,percent_annual,RU,от 31 до 90 дней
2017-10-01,5.89,percent_annual,RU,от 91 до 180 дней
2017-10-01,6.46,percent_annual,RU,от 181 дня до 1 года
2017-10-01,5.67,percent_annual,RU,"до 1 года, включая ''до востребова-ния''"
2017-10-01,5.86,percent_annual,RU,"до 1 года, кроме ''до востребова-ния''"
2017-10-01,6.29,percent_annual,RU,от 1 года до 3 лет
2017-10-01,5.73,percent_annual,RU,свыше 3 лет
2017-10-01,6.28,percent_annual,RU,свыше 1 года
2017-11-01,2.54,percent_annual,RU,''до востребова-ния''**
2017-11-01,3.62,percent_annual,RU,"до 30 дней, включая ''до востребова-ния''"
2017-11-01,5.53,percent_annual,RU,"до 30 дней, кроме ''до востребова-ния''"
2017-11-01,4.63,percent_annual,RU,от 31 до 90 дней
2017-11-01,5.09,percent_annual,RU,от 91 до 180 дней
2017-11-01,6.42,percent_annual,RU,от 181 дня до 1 года
2017-11-01,5.18,percent_annual,RU,"до 1 года, включая ''до востребова-ния''"
2017-11-01,5.28,percent_annual,RU,"до 1 года, кроме ''до востребова-ния''"
2017-11-01,7,percent_annual,RU,от 1 года до 3 лет
2017-11-01,4.63,percent_annual,RU,свыше 3 лет
2017-11-01,6.94,percent_annual,RU,свыше 1 года
2017-12-01,2.45,percent_annual,RU,''до востребова-ния''**
2017-12-01,3.13,percent_annual,RU,"до 30 дней, включая ''до востребова-ния''"
2017-12-01,5.61,percent_annual,RU,"до 30 дней, кроме ''до востребова-ния''"
2017-12-01,4.99,percent_annual,RU,от 31 до 90 дней
2017-12-01,5.26,percent_annual,RU,от 91 до 180 дней
2017-12-01,5.9,percent_annual,RU,от 181 дня до 1 года
2017-12-01,5.27,percent_annual,RU,"до 1 года, включая ''до востребова-ния''"
2017-12-01,5.38,percent_annual,RU,"до 1 года, кроме ''до востребова-ния''"
2017-12-01,6.44,percent_annual,RU,от 1 года до 3 лет
2017-12-01,5.34,percent_annual,RU,свыше 3 лет
2017-12-01,6.39,percent_annual,RU,свыше 1 года
2018-01-01,2.43,percent_annual,RU,''до востребова-ния''**
2018-01-01,3.15,percent_annual,RU,"до 30 дней, включая ''до востребова-ния''"
2018-01-01,5.47,percent_annual,RU,"до 30 дней, кроме ''до востребова-ния''"
2018-01-01,4.87,percent_annual,RU,от 31 до 90 дней
2018-01-01,5.93,percent_annual,RU,от 91 до 180 дней
2018-01-01,5.78,percent_annual,RU,от 181 дня до 1 года
2018-01-01,5.53,percent_annual,RU,"до 1 года, включая ''до востребова-ния''"
2018-01-01,5.72,percent_annual,RU,"до 1 года, кроме ''до востребова-ния''"
2018-01-01,6.73,percent_annual,RU,от 1 года до 3 лет
2018-01-01,5.33,percent_annual,RU,свыше 3 лет
2018-01-01,6.66,percent_annual,RU,свыше 1 года
2018-02-01,2.76,percent_annual,RU,''до востребова-ния''**
2018-02-01,3.36,percent_annual,RU,"до 30 дней, включая ''до востребова-ния''"
2018-02-01,5.11,percent_annual,RU,"до 30 дней, кроме ''до востребова-ния''"
2018-02-01,5.02,percent_annual,RU,от 31 до 90 дней
2018-02-01,5.83,percent_annual,RU,от 91 до 180 дней
2018-02-01,5.57,percent_annual,RU,от 181 дня до 1 года
2018-02-01,5.42,percent_annual,RU,"до 1 года, включая ''до востребова-ния''"
2018-02-01,5.57,percent_annual,RU,"до 1 года, кроме ''до востребова-ния''"
2018-02-01,6.41,percent_annual,RU,от 1 года до 3 лет
2018-02-01,5.32,percent_annual,RU,свыше 3 лет
2018-02-01,6.37,percent_annual,RU,свыше 1 года
2018-03-01,2.33,percent_annual,RU,''до востребова-ния''**
2018-03-01,3,percent_annual,RU,"до 30 дней, включая ''до востребова-ния''"
2018-03-01,5.13,percent_annual,RU,"до 30 дней, кроме ''до востребова-ния''"
2018-03-01,5.03,percent_annual,RU,от 31 до 90 дней
2018-03-01,5.83,percent_annual,RU,от 91 до 180 дней
2018-03-01,5.62,percent_annual,RU,от 181 дня до 1 года
2018-03-01,5.43,percent_annual,RU,"до 1 года, включая ''до востребова-ния''"
2018-03-01,5.59,percent_annual,RU,"до 1 года, кроме ''до востребова-ния''"
2018-03-01,6.25,percent_annual,RU,от 1 года до 3 лет
2018-03-01,4.97,percent_annual,RU,свыше 3 лет
2018-03-01,6.21,percent_annual,RU,свыше 1 года
2018-04-01,2.8,percent_annual,RU,''до востребова-ния''**
2018-04-01,3.52,percent_annual,RU,"до 30 дней, включая ''до востребова-ния''"
2018-04-01,4.95,percent_annual,RU,"до 30 дней, кроме ''до востребова-ния''"
2018-04-01,4.46,percent_annual,RU,от 31 до 90 дней
2018-04-01,5.46,percent_annual,RU,от 91 до 180 дней
2018-04-01,5.68,percent_annual,RU,от 181 дня до 1 года
2018-04-01,5.29,percent_annual,RU,"до 1 года, включая ''до востребова-ния''"
2018-04-01,5.39,percent_annual,RU,"до 1 года, кроме ''до востребова-ния''"
2018-04-01,5.88,percent_annual,RU,от 1 года до 3 лет
2018-04-01,4.71,percent_annual,RU,свыше 3 лет
2018-04-01,5.84,percent_annual,RU,свыше 1 года
2018-05-01,3.03,percent_annual,RU,''до востребова-ния''**
2018-05-01,3.64,percent_annual,RU,"до 30 дней, включая ''до востребова-ния''"
2018-05-01,4.9,percent_annual,RU,"до 30 дней, кроме ''до востребова-ния''"
2018-05-01,4.32,percent_annual,RU,от 31 до 90 дней
2018-05-01,5.6,percent_annual,RU,от 91 до 180 дней
2018-05-01,5.72,percent_annual,RU,от 181 дня до 1 года
2018-05-01,5.39,percent_annual,RU,"до 1 года, включая ''до востребова-ния''"
2018-05-01,5.46,percent_annual,RU,"до 1 года, кроме ''до востребова-ния''"
2018-05-01,6.02,percent_annual,RU,от 1 года до 3 лет
2018-05-01,4.85,percent_annual,RU,свыше 3 лет
2018-05-01,5.98,percent_annual,RU,свыше 1 года
2018-06-01,2.94,percent_annual,RU,''до востребова-ния''**
2018-06-01,3.54,percent_annual,RU,"до 30 дней, включая ''до востребова-ния''"
2018-06-01,4.85,percent_annual,RU,"до 30 дней, кроме ''до востребова-ния''"
2018-06-01,4.39,percent_annual,RU,от 31 до 90 дней
2018-06-01,5.51,percent_annual,RU,от 91 до 180 дней
2018-06-01,5.22,percent_annual,RU,от 181 дня до 1 года
2018-06-01,5.1,percent_annual,RU,"до 1 года, включая ''до востребова-ния''"
2018-06-01,5.2,percent_annual,RU,"до 1 года, кроме ''до востребова-ния''"
2018-06-01,5.72,percent_annual,RU,от 1 года до 3 лет
2018-06-01,4.78,percent_annual,RU,свыше 3 лет
2018-06-01,5.69,percent_annual,RU,свыше 1 года
2018-07-01,3.66,percent_annual,RU,''до востребова-ния''**
2018-07-01,3.97,percent_annual,RU,"до 30 дней, включая ''до востребова-ния''"
2018-07-01,4.8,percent_annual,RU,"до 30 дней, кроме ''до востребова-ния''"
2018-07-01,4.39,percent_annual,RU,от 31 до 90 дней
2018-07-01,5.44,percent_annual,RU,от 91 до 180 дней
2018-07-01,5.09,percent_annual,RU,от 181 дня до 1 года
2018-07-01,5.04,percent_annual,RU,"до 1 года, включая ''до востребова-ния''"
2018-07-01,5.13,percent_annual,RU,"до 1 года, кроме ''до востребова-ния''"
2018-07-01,5.76,percent_annual,RU,от 1 года до 3 лет
2018-07-01,5.14,percent_annual,RU,свыше 3 лет
2018-07-01,5.73,percent_annual,RU,свыше 1 года
2018-08-01,4.18,percent_annual,RU,''до востребова-ния''**
2018-08-01,4.31,percent_annual,RU,"до 30 дней, включая ''до востребова-ния''"
2018-08-01,4.74,percent_annual,RU,"до 30 дней, кроме ''до востребова-ния''"
2018-08-01,4.4,percent_annual,RU,от 31 до 90 дней
2018-08-01,5.25,percent_annual,RU,от 91 до 180 дней
2018-08-01,5.13,percent_annual,RU,от 181 дня до 1 года
2018-08-01,4.98,percent_annual,RU,"до 1 года, включая ''до востребова-ния''"
2018-08-01,5.04,percent_annual,RU,"до 1 года, кроме ''до востребова-ния''"
2018-08-01,5.74,percent_annual,RU,от 1 года до 3 лет
2018-08-01,4.88,percent_annual,RU,свыше 3 лет
2018-08-01,5.7,percent_annual,RU,свыше 1 года
2018-09-01,4.17,percent_annual,RU,''до востребова-ния''**
2018-09-01,4.26,percent_annual,RU,"до 30 дней, включая ''до востребова-ния''"
2018-09-01,4.35,percent_annual,RU,"до 30 дней, кроме ''до востребова-ния''"
2018-09-01,4.59,percent_annual,RU,от 31 до 90 дней
2018-09-01,5.21,percent_annual,RU,от 91 до 180 дней
2018-09-01,5.52,percent_annual,RU,от 181 дня до 1 года
2018-09-01,5.14,percent_annual,RU,"до 1 года, включая ''до востребова-ния''"
2018-09-01,5.21,percent_annual,RU,"до 1 года, кроме ''до востребова-ния''"
2018-09-01,6.05,percent_annual,RU,от 1 года до 3 лет
2018-09-01,5.17,percent_annual,RU,свыше 3 лет
2018-09-01,6.02,percent_annual,RU,свыше 1 года
2018-10-01,3.69,percent_annual,RU,''до востребова-ния''**
2018-10-01,4.13,percent_annual,RU,"до 30 дней, включая ''до востребова-ния''"
2018-10-01,4.57,percent_annual,RU,"до 30 дней, кроме ''до востребова-ния''"
2018-10-01,4.69,percent_annual,RU,от 31 до 90 дней
2018-10-01,5.51,percent_annual,RU,от 91 до 180 дней
2018-10-01,6.06,percent_annual,RU,от 181 дня до 1 года
2018-10-01,5.54,percent_annual,RU,"до 1 года, включая ''до востребова-ния''"
2018-10-01,5.66,percent_annual,RU,"до 1 года, кроме ''до востребова-ния''"
2018-10-01,6.57,percent_annual,RU,от 1 года до 3 лет
2018-10-01,5.89,percent_annual,RU,свыше 3 лет
2018-10-01,6.56,percent_annual,RU,свыше 1 года
2018-11-01,4.24,percent_annual,RU,''до востребова-ния''**
2018-11-01,4.62,percent_annual,RU,"до 30 дней, включая ''до востребова-ния''"
2018-11-01,4.9,percent_annual,RU,"до 30 дней, кроме ''до востребова-ния''"
2018-11-01,5.01,percent_annual,RU,от 31 до 90 дней
2018-11-01,5.87,percent_annual,RU,от 91 до 180 дней
2018-11-01,6.36,percent_annual,RU,от 181 дня до 1 года
2018-11-01,5.89,percent_annual,RU,"до 1 года, включая ''до востребова-ния''"
2018-11-01,5.98,percent_annual,RU,"до 1 года, кроме ''до востребова-ния''"
2018-11-01,6.77,percent_annual,RU,от 1 года до 3 лет
2018-11-01,6.07,percent_annual,RU,свыше 3 лет
2018-11-01,6.75,percent_annual,RU,свыше 1 года
2018-12-01,5.35,percent_annual,RU,''до востребова-ния''**
2018-12-01,5.09,percent_annual,RU,"до 30 дней, включая ''до востребова-ния''"
2018-12-01,4.7,percent_annual,RU,"до 30 дней, кроме ''до востребова-ния''"
2018-12-01,5.14,percent_annual,RU,от 31 до 90 дней
2018-12-01,5.83,percent_annual,RU,от 91 до 180 дней
2018-12-01,5.8,percent_annual,RU,от 181 дня до 1 года
2018-12-01,5.62,percent_annual,RU,"до 1 года, включая ''до востребова-ния''"
2018-12-01,5.64,percent_annual,RU,"до 1 года, кроме ''до востребова-ния''"
2018-12-01,6.87,percent_annual,RU,от 1 года до 3 лет
2018-12-01,5.84,percent_annual,RU,свыше 3 лет
2018-12-01,6.83,percent_annual,RU,свыше 1 года
2019-01-01,4.62,percent_annual,RU,''до востребова-ния''**
2019-01-01,4.8,percent_annual,RU,"до 30 дней, включая ''до востребова-ния''"
2019-01-01,4.99,percent_annual,RU,"до 30 дней, кроме ''до востребова-ния''"
2019-01-01,5.18,percent_annual,RU,от 31 до 90 дней
2019-01-01,6.72,percent_annual,RU,от 91 до 180 дней
2019-01-01,5.9,percent_annual,RU,от 181 дня до 1 года
2019-01-01,6.02,percent_annual,RU,"до 1 года, включая ''до востребова-ния''"
2019-01-01,6.1,percent_annual,RU,"до 1 года, кроме ''до востребова-ния''"
2019-01-01,6.94,percent_annual,RU,от 1 года до 3 лет
2019-01-01,6.09,percent_annual,RU,свыше 3 лет
2019-01-01,6.91,percent_annual,RU,свыше 1 года
2019-02-01,4.32,percent_annual,RU,''до востребова-ния''**
2019-02-01,4.57,percent_annual,RU,"до 30 дней, включая ''до востребова-ния''"
2019-02-01,4.77,percent_annual,RU,"до 30 дней, кроме ''до востребова-ния''"
2019-02-01,5.38,percent_annual,RU,от 31 до 90 дней
2019-02-01,6.61,percent_annual,RU,от 91 до 180 дней
2019-02-01,6.43,percent_annual,RU,от 181 дня до 1 года
2019-02-01,6.15,percent_annual,RU,"до 1 года, включая ''до востребова-ния''"
2019-02-01,6.24,percent_annual,RU,"до 1 года, кроме ''до востребова-ния''"
2019-02-01,7.05,percent_annual,RU,от 1 года до 3 лет
2019-02-01,5.9,percent_annual,RU,свыше 3 лет
2019-02-01,7.02,percent_annual,RU,свыше 1 года
2019-03-01,4.59,percent_annual,RU,''до востребова-ния''**
2019-03-01,4.73,percent_annual,RU,"до 30 дней, включая ''до востребова-ния''"
2019-03-01,4.88,percent_annual,RU,"до 30 дней, кроме ''до востребова-ния''"
2019-03-01,5.24,percent_annual,RU,от 31 до 90 дней
2019-03-01,6.4,percent_annual,RU,от 91 до 180 дней
2019-03-01,6.43,percent_annual,RU,от 181 дня до 1 года
2019-03-01,6.03,percent_annual,RU,"до 1 года, включая ''до востребова-ния''"
2019-03-01,6.12,percent_annual,RU,"до 1 года, кроме ''до востребова-ния''"
2019-03-01,7.09,percent_annual,RU,от 1 года до 3 лет
2019-03-01,5.91,percent_annual,RU,свыше 3 лет
2019-03-01,7.07,percent_annual,RU,свыше 1 года
2019-04-01,4.5,percent_annual,RU,''до востребова-ния''**
2019-04-01,4.64,percent_annual,RU,"до 30 дней, включая ''до востребова-ния''"
2019-04-01,4.75,percent_annual,RU,"до 30 дней, кроме ''до востребова-ния''"
2019-04-01,5.37,percent_annual,RU,от 31 до 90 дней
2019-04-01,6.03,percent_annual,RU,от 91 до 180 дней
2019-04-01,6.19,percent_annual,RU,от 181 дня до 1 года
2019-04-01,5.72,percent_annual,RU,"до 1 года, включая ''до востребова-ния''"
2019-04-01,5.82,percent_annual,RU,"до 1 года, кроме ''до востребова-ния''"
2019-04-01,6.92,percent_annual,RU,от 1 года до 3 лет
2019-04-01,6.68,percent_annual,RU,свыше 3 лет
2019-04-01,6.92,percent_annual,RU,свыше 1 года
2019-05-01,3.81,percent_annual,RU,''до востребова-ния''**
2019-05-01,4.41,percent_annual,RU,"до 30 дней, включая ''до востребова-ния''"
2019-05-01,4.82,percent_annual,RU,"до 30 дней, кроме ''до востребова-ния''"
2019-05-01,5.22,percent_annual,RU,от 31 до 90 дней
2019-05-01,5.81,percent_annual,RU,от 91 до 180 дней
2019-05-01,6.05,percent_annual,RU,от 181 дня до 1 года
2019-05-01,5.63,percent_annual,RU,"до 1 года, включая ''до востребова-ния''"
2019-05-01,5.73,percent_annual,RU,"до 1 года, кроме ''до востребова-ния''"
2019-05-01,6.85,percent_annual,RU,от 1 года до 3 лет
2019-05-01,6.81,percent_annual,RU,свыше 3 лет
2019-05-01,6.85,percent_annual,RU,свыше 1 года
2019-06-01,3.92,percent_annual,RU,''до востребова-ния''**
2019-06-01,4.45,percent_annual,RU,"до 30 дней, включая ''до востребова-ния''"
2019-06-01,4.75,percent_annual,RU,"до 30 дней, кроме ''до востребова-ния''"
2019-06-01,5.35,percent_annual,RU,от 31 до 90 дней
2019-06-01,5.78,percent_annual,RU,от 91 до 180 дней
2019-06-01,6.02,percent_annual,RU,от 181 дня до 1 года
2019-06-01,5.72,percent_annual,RU,"до 1 года, включая ''до востребова-ния''"
2019-06-01,5.79,percent_annual,RU,"до 1 года, кроме ''до востребова-ния''"
2019-06-01,6.76,percent_annual,RU,от 1 года до 3 лет
2019-06-01,6.41,percent_annual,RU,свыше 3 лет
2019-06-01,6.75,percent_annual,RU,свыше 1 года
2019-07-01,4.03,percent_annual,RU,''до востребова-ния''**
2019-07-01,4.35,percent_annual,RU,"до 30 дней, включая ''до востребова-ния''"
2019-07-01,4.61,percent_annual,RU,"до 30 дней, кроме ''до востребова-ния''"
2019-07-01,4.89,percent_annual,RU,от 31 до 90 дней
2019-07-01,5.5,percent_annual,RU,от 91 до 180 дней
2019-07-01,5.71,percent_annual,RU,от 181 дня до 1 года
2019-07-01,5.33,percent_annual,RU,"до 1 года, включая ''до востребова-ния''"
2019-07-01,5.41,percent_annual,RU,"до 1 года, кроме ''до востребова-ния''"
2019-07-01,6.69,percent_annual,RU,от 1 года до 3 лет
2019-07-01,6.57,percent_annual,RU,свыше 3 лет
2019-07-01,6.69,percent_annual,RU,свыше 1 года
2019-08-01,3.86,percent_annual,RU,''до востребова-ния''**
2019-08-01,4.28,percent_annual,RU,"до 30 дней, включая ''до востребова-ния''"
2019-08-01,4.68,percent_annual,RU,"до 30 дней, кроме ''до востребова-ния''"
2019-08-01,4.66,percent_annual,RU,от 31 до 90 дней
2019-08-01,5.33,percent_annual,RU,от 91 до 180 дней
2019-08-01,5.64,percent_annual,RU,от 181 дня до 1 года
2019-08-01,5.18,percent_annual,RU,"до 1 года, включая ''до востребова-ния''"
2019-08-01,5.27,percent_annual,RU,"до 1 года, кроме ''до востребова-ния''"
2019-08-01,6.51,percent_annual,RU,от 1 года до 3 лет
2019-08-01,6.16,percent_annual,RU,свыше 3 лет
2019-08-01,6.49,percent_annual,RU,свыше 1 года
2019-09-01,3.75,percent_annual,RU,''до востребова-ния''**
2019-09-01,4.07,percent_annual,RU,"до 30 дней, включая ''до востребова-ния''"
2019-09-01,4.29,percent_annual,RU,"до 30 дней, кроме ''до востребова-ния''"
2019-09-01,4.58,percent_annual,RU,от 31 до 90 дней
2019-09-01,5.18,percent_annual,RU,от 91 до 180 дней
2019-09-01,5.49,percent_annual,RU,от 181 дня до 1 года
2019-09-01,5.03,percent_annual,RU,"до 1 года, включая ''до востребова-ния''"
2019-09-01,5.11,percent_annual,RU,"до 1 года, кроме ''до востребова-ния''"
2019-09-01,6.28,percent_annual,RU,от 1 года до 3 лет
2019-09-01,6.25,percent_annual,RU,свыше 3 лет
2019-09-01,6.28,percent_annual,RU,свыше 1 года
2019-10-01,3.73,percent_annual,RU,''до востребова-ния''**
2019-10-01,3.95,percent_annual,RU,"до 30 дней, включая ''до востребова-ния''"
2019-10-01,4.21,percent_annual,RU,"до 30 дней, кроме ''до востребова-ния''"
2019-10-01,4.22,percent_annual,RU,от 31 до 90 дней
2019-10-01,5.02,percent_annual,RU,от 91 до 180 дней
2019-10-01,5.42,percent_annual,RU,от 181 дня до 1 года
2019-10-01,4.9,percent_annual,RU,"до 1 года, включая ''до востребова-ния''"
2019-10-01,4.99,percent_annual,RU,"до 1 года, кроме ''до востребова-ния''"
2019-10-01,6.16,percent_annual,RU,от 1 года до 3 лет
2019-10-01,6.13,percent_annual,RU,свыше 3 лет
2019-10-01,6.16,percent_annual,RU,свыше 1 года
2019-11-01,3.52,percent_annual,RU,''до востребова-ния''**
2019-11-01,3.6,percent_annual,RU,"до 30 дней, включая ''до востребова-ния''"
2019-11-01,3.67,percent_annual,RU,"до 30 дней, кроме ''до востребова-ния''"
2019-11-01,3.85,percent_annual,RU,от 31 до 90 дней
2019-11-01,4.73,percent_annual,RU,от 91 до 180 дней
2019-11-01,4.97,percent_annual,RU,от 181 дня до 1 года
2019-11-01,4.48,percent_annual,RU,"до 1 года, включая ''до востребова-ния''"
2019-11-01,4.58,percent_annual,RU,"до 1 года, кроме ''до востребова-ния''"
2019-11-01,5.83,percent_annual,RU,от 1 года до 3 лет
2019-11-01,6.19,percent_annual,RU,свыше 3 лет
2019-11-01,5.84,percent_annual,RU,свыше 1 года
2019-12-01,3.66,percent_annual,RU,''до востребова-ния''**
2019-12-01,3.67,percent_annual,RU,"до 30 дней, включая ''до востребова-ния''"
2019-12-01,3.68,percent_annual,RU,"до 30 дней, кроме ''до востребова-ния''"
2019-12-01,3.81,percent_annual,RU,от 31 до 90 дней
2019-12-01,4.71,percent_annual,RU,от 91 до 180 дней
2019-12-01,5.08,percent_annual,RU,от 181 дня до 1 года
2019-12-01,4.66,percent_annual,RU,"до 1 года, включая ''до востребова-ния''"
2019-12-01,4.74,percent_annual,RU,"до 1 года, кроме ''до востребова-ния''"
2019-12-01,5.55,percent_annual,RU,от 1 года до 3 лет
2019-12-01,5.87,percent_annual,RU,свыше 3 лет
2019-12-01,5.56,percent_annual,RU,свыше 1 года
2020-01-01,3.01,percent_annual,RU,''до востребова-ния''**
2020-01-01,3.38,percent_annual,RU,"до 30 дней, включая ''до востребова-ния''"
2020-01-01,3.79,percent_annual,RU,"до 30 дней, кроме ''до востребова-ния''"
2020-01-01,3.73,percent_annual,RU,от 31 до 90 дней
2020-01-01,4.58,percent_annual,RU,от 91 до 180 дней
2020-01-01,4.84,percent_annual,RU,от 181 дня до 1 года
2020-01-01,4.46,percent_annual,RU,"до 1 года, включая ''до востребова-ния''"
2020-01-01,4.56,percent_annual,RU,"до 1 года, кроме ''до востребова-ния''"
2020-01-01,5.49,percent_annual,RU,от 1 года до 3 лет
2020-01-01,5.26,percent_annual,RU,свыше 3 лет
2020-01-01,5.48,percent_annual,RU,свыше 1 года
2020-02-01,2.88,percent_annual,RU,''до востребова-ния''**
2020-02-01,3.26,percent_annual,RU,"до 30 дней, включая ''до востребова-ния''"
2020-02-01,3.59,percent_annual,RU,"до 30 дней, кроме ''до востребова-ния''"
2020-02-01,3.61,percent_annual,RU,от 31 до 90 дней
2020-02-01,4.55,percent_annual,RU,от 91 до 180 дней
2020-02-01,4.58,percent_annual,RU,от 181 дня до 1 года
2020-02-01,4.23,percent_annual,RU,"до 1 года, включая ''до востребова-ния''"
2020-02-01,4.32,percent_annual,RU,"до 1 года, кроме ''до востребова-ния''"
2020-02-01,5.18,percent_annual,RU,от 1 года до 3 лет
2020-02-01,5.02,percent_annual,RU,свыше 3 лет
2020-02-01,5.18,percent_annual,RU,свыше 1 года
2020-03-01,2.67,percent_annual,RU,''до востребова-ния''**
2020-03-01,3.13,percent_annual,RU,"до 30 дней, включая ''до востребова-ния''"
2020-03-01,3.63,percent_annual,RU,"до 30 дней, кроме ''до востребова-ния''"
2020-03-01,3.59,percent_annual,RU,от 31 до 90 дней
2020-03-01,4.37,percent_annual,RU,от 91 до 180 дней
2020-03-01,4.62,percent_annual,RU,от 181 дня до 1 года
2020-03-01,4.21,percent_annual,RU,"до 1 года, включая ''до востребова-ния''"
2020-03-01,4.32,percent_annual,RU,"до 1 года, кроме ''до востребова-ния''"
2020-03-01,4.91,percent_annual,RU,от 1 года до 3 лет
2020-03-01,4.48,percent_annual,RU,свыше 3 лет
2020-03-01,4.89,percent_annual,RU,свыше 1 года
2020-04-01,2.86,percent_annual,RU,''до востребова-ния''**
2020-04-01,3.37,percent_annual,RU,"до 30 дней, включая ''до востребова-ния''"
2020-04-01,3.73,percent_annual,RU,"до 30 дней, кроме ''до востребова-ния''"
2020-04-01,4.74,percent_annual,RU,от 31 до 90 дней
2020-04-01,4.66,percent_annual,RU,от 91 до 180 дней
2020-04-01,5.18,percent_annual,RU,от 181 дня до 1 года
2020-04-01,4.67,percent_annual,RU,"до 1 года, включая ''до востребова-ния''"
2020-04-01,4.83,percent_annual,RU,"до 1 года, кроме ''до востребова-ния''"
2020-04-01,5.02,percent_annual,RU,от 1 года до 3 лет
2020-04-01,4.4,percent_annual,RU,свыше 3 лет
2020-04-01,5,percent_annual,RU,свыше 1 года
2020-05-01,2.75,percent_annual,RU,''до востребова-ния''**
2020-05-01,3.06,percent_annual,RU,"до 30 дней, включая ''до востребова-ния''"
2020-05-01,3.36,percent_annual,RU,"до 30 дней, кроме ''до востребова-ния''"
2020-05-01,3.42,percent_annual,RU,от 31 до 90 дней
2020-05-01,3.99,percent_annual,RU,от 91 до 180 дней
2020-05-01,4.38,percent_annual,RU,от 181 дня до 1 года
2020-05-01,4.05,percent_annual,RU,"до 1 года, включая ''до востребова-ния''"
2020-05-01,4.11,percent_annual,RU,"до 1 года, кроме ''до востребова-ния''"
2020-05-01,4.91,percent_annual,RU,от 1 года до 3 лет
2020-05-01,4.61,percent_annual,RU,свыше 3 лет
2020-05-01,4.9,percent_annual,RU,свыше 1 года
2020-06-01,2.29,percent_annual,RU,''до востребова-ния''**
2020-06-01,2.72,percent_annual,RU,"до 30 дней, включая ''до востребова-ния''"
2020-06-01,3.04,percent_annual,RU,"до 30 дней, кроме ''до востребова-ния''"
2020-06-01,3.41,percent_annual,RU,от 31 до 90 дней
2020-06-01,4.08,percent_annual,RU,от 91 до 180 дней
2020-06-01,4.24,percent_annual,RU,от 181 дня до 1 года
2020-06-01,3.9,percent_annual,RU,"до 1 года, включая ''до востребова-ния''"
2020-06-01,4,percent_annual,RU,"до 1 года, кроме ''до востребова-ния''"
2020-06-01,4.74,percent_annual,RU,от 1 года до 3 лет
2020-06-01,4.87,percent_annual,RU,свыше 3 лет
2020-06-01,4.74,percent_annual,RU,свыше 1 года
2020-07-01,2.61,percent_annual,RU,''до востребова-ния''**
2020-07-01,2.58,percent_annual,RU,"до 30 дней, включая ''до востребова-ния''"
2020-07-01,2.53,percent_annual,RU,"до 30 дней, кроме ''до востребова-ния''"
2020-07-01,2.96,percent_annual,RU,от 31 до 90 дней
2020-07-01,3.61,percent_annual,RU,от 91 до 180 дней
2020-07-01,3.78,percent_annual,RU,от 181 дня до 1 года
2020-07-01,3.43,percent_annual,RU,"до 1 года, включая ''до востребова-ния''"
2020-07-01,3.51,percent_annual,RU,"до 1 года, кроме ''до востребова-ния''"
2020-07-01,4.29,percent_annual,RU,от 1 года до 3 лет
2020-07-01,4.83,percent_annual,RU,свыше 3 лет
2020-07-01,4.31,percent_annual,RU,свыше 1 года
2020-08-01,2.62,percent_annual,RU,''до востребова-ния''**
2020-08-01,2.57,percent_annual,RU,"до 30 дней, включая ''до востребова-ния''"
2020-08-01,2.5,percent_annual,RU,"до 30 дней, кроме ''до востребова-ния''"
2020-08-01,2.83,percent_annual,RU,от 31 до 90 дней
2020-08-01,3.08,percent_annual,RU,от 91 до 180 дней
2020-08-01,3.56,percent_annual,RU,от 181 дня до 1 года
2020-08-01,3.18,percent_annual,RU,"до 1 года, включая ''до востребова-ния''"
2020-08-01,3.24,percent_annual,RU,"до 1 года, кроме ''до востребова-ния''"
2020-08-01,4.06,percent_annual,RU,от 1 года до 3 лет
2020-08-01,4.29,percent_annual,RU,свыше 3 лет
2020-08-01,4.07,percent_annual,RU,свыше 1 года
2020-09-01,2.49,percent_annual,RU,''до востребова-ния''**
2020-09-01,2.41,percent_annual,RU,"до 30 дней, включая ''до востребова-ния''"
2020-09-01,2.33,percent_annual,RU,"до 30 дней, кроме ''до востребова-ния''"
2020-09-01,2.78,percent_annual,RU,от 31 до 90 дней
2020-09-01,3.1,percent_annual,RU,от 91 до 180 дней
2020-09-01,3.59,percent_annual,RU,от 181 дня до 1 года
2020-09-01,3.27,percent_annual,RU,"до 1 года, включая ''до востребова-ния''"
2020-09-01,3.32,percent_annual,RU,"до 1 года, кроме ''до востребова-ния''"
2020-09-01,4.09,percent_annual,RU,от 1 года до 3 лет
2020-09-01,4.26,percent_annual,RU,свыше 3 лет
2020-09-01,4.1,percent_annual,RU,свыше 1 года
2020-10-01,2.6,percent_annual,RU,''до востребова-ния''**
2020-10-01,2.53,percent_annual,RU,"до 30 дней, включая ''до востребова-ния''"
2020-10-01,2.44,percent_annual,RU,"до 30 дней, кроме ''до востребова-ния''"
2020-10-01,2.73,percent_annual,RU,от 31 до 90 дней
2020-10-01,3.15,percent_annual,RU,от 91 до 180 дней
2020-10-01,3.66,percent_annual,RU,от 181 дня до 1 года
2020-10-01,3.23,percent_annual,RU,"до 1 года, включая ''до востребова-ния''"
2020-10-01,3.3,percent_annual,RU,"до 1 года, кроме ''до востребова-ния''"
2020-10-01,4.13,percent_annual,RU,от 1 года до 3 лет
2020-10-01,4.32,percent_annual,RU,свыше 3 лет
2020-10-01,4.13,percent_annual,RU,свыше 1 года
2020-11-01,2.87,percent_annual,RU,''до востребова-ния''**
2020-11-01,2.64,percent_annual,RU,"до 30 дней, включая ''до востребова-ния''"
2020-11-01,2.32,percent_annual,RU,"до 30 дней, кроме ''до востребова-ния''"
2020-11-01,2.7,percent_annual,RU,от 31 до 90 дней
2020-11-01,3.21,percent_annual,RU,от 91 до 180 дней
2020-11-01,3.44,percent_annual,RU,от 181 дня до 1 года
2020-11-01,3.22,percent_annual,RU,"до 1 года, включая ''до востребова-ния''"
2020-11-01,3.25,percent_annual,RU,"до 1 года, кроме ''до востребова-ния''"
2020-11-01,4.15,percent_annual,RU,от 1 года до 3 лет
2020-11-01,4.09,percent_annual,RU,свыше 3 лет
2020-11-01,4.15,percent_annual,RU,свыше 1 года
2020-12-01,2.37,percent_annual,RU,''до востребова-ния''**
2020-12-01,2.38,percent_annual,RU,"до 30 дней, включая ''до востребова-ния''"
2020-12-01,2.4,percent_annual,RU,"до 30 дней, кроме ''до востребова-ния''"
2020-12-01,2.96,percent_annual,RU,от 31 до 90 дней
2020-12-01,3.57,percent_annual,RU,от 91 до 180 дней
2020-12-01,3.6,percent_annual,RU,от 181 дня до 1 года
2020-12-01,3.38,percent_annual,RU,"до 1 года, включая ''до востребова-ния''"
2020-12-01,3.42,percent_annual,RU,"до 1 года, кроме ''до востребова-ния''"
2020-12-01,4.17,percent_annual,RU,от 1 года до 3 лет
2020-12-01,4.21,percent_annual,RU,свыше 3 лет
2020-12-01,4.17,percent_annual,RU,свыше 1 года
2021-01-01,2.32,percent_annual,RU,''до востребова-ния''**
2021-01-01,2.41,percent_annual,RU,"до 30 дней, включая ''до востребова-ния''"
2021-01-01,2.5,percent_annual,RU,"до 30 дней, кроме ''до востребова-ния''"
2021-01-01,2.98,percent_annual,RU,от 31 до 90 дней
2021-01-01,3.7,percent_annual,RU,от 91 до 180 дней
2021-01-01,3.55,percent_annual,RU,от 181 дня до 1 года
2021-01-01,3.36,percent_annual,RU,"до 1 года, включая ''до востребова-ния''"
2021-01-01,3.42,percent_annual,RU,"до 1 года, кроме ''до востребова-ния''"
2021-01-01,4.18,percent_annual,RU,от 1 года до 3 лет
2021-01-01,4.06,percent_annual,RU,свыше 3 лет
2021-01-01,4.18,percent_annual,RU,свыше 1 года
2021-02-01,2.36,percent_annual,RU,''до востребова-ния''**
2021-02-01,2.35,percent_annual,RU,"до 30 дней, включая ''до востребова-ния''"
2021-02-01,2.35,percent_annual,RU,"до 30 дней, кроме ''до востребова-ния''"
2021-02-01,2.86,percent_annual,RU,от 31 до 90 дней
2021-02-01,3.29,percent_annual,RU,от 91 до 180 дней
2021-02-01,3.38,percent_annual,RU,от 181 дня до 1 года
2021-02-01,3.16,percent_annual,RU,"до 1 года, включая ''до востребова-ния''"
2021-02-01,3.21,percent_annual,RU,"до 1 года, кроме ''до востребова-ния''"
2021-02-01,4.26,percent_annual,RU,от 1 года до 3 лет
2021-02-01,4.23,percent_annual,RU,свыше 3 лет
2021-02-01,4.26,percent_annual,RU,свыше 1 года
2021-03-01,2.52,percent_annual,RU,''до востребова-ния''**
2021-03-01,2.43,percent_annual,RU,"до 30 дней, включая ''до востребова-ния''"
2021-03-01,2.35,percent_annual,RU,"до 30 дней, кроме ''до востребова-ния''"
2021-03-01,2.75,percent_annual,RU,от 31 до 90 дней
2021-03-01,3.18,percent_annual,RU,от 91 до 180 дней
2021-03-01,3.47,percent_annual,RU,от 181 дня до 1 года
2021-03-01,3.22,percent_annual,RU,"до 1 года, включая ''до востребова-ния''"
2021-03-01,3.25,percent_annual,RU,"до 1 года, кроме ''до востребова-ния''"
2021-03-01,4.18,percent_annual,RU,от 1 года до 3 лет
2021-03-01,4.71,percent_annual,RU,свыше 3 лет
2021-03-01,4.2,percent_annual,RU,свыше 1 года
2021-04-01,2.65,percent_annual,RU,''до востребова-ния''**
2021-04-01,2.49,percent_annual,RU,"до 30 дней, включая ''до востребова-ния''"
2021-04-01,2.36,percent_annual,RU,"до 30 дней, кроме ''до востребова-ния''"
2021-04-01,2.83,percent_annual,RU,от 31 до 90 дней
2021-04-01,3.32,percent_annual,RU,от 91 до 180 дней
2021-04-01,3.69,percent_annual,RU,от 181 дня до 1 года
2021-04-01,3.32,percent_annual,RU,"до 1 года, включая ''до востребова-ния''"
2021-04-01,3.36,percent_annual,RU,"до 1 года, кроме ''до востребова-ния''"
2021-04-01,4.4,percent_annual,RU,от 1 года до 3 лет
2021-04-01,5,percent_annual,RU,свыше 3 лет
2021-04-01,4.49,percent_annual,RU,свыше 1 года
2021-05-01,2.71,percent_annual,RU,''до востребова-ния''**
2021-05-01,2.57,percent_annual,RU,"до 30 дней, включая ''до востребова-ния''"
2021-05-01,2.43,percent_annual,RU,"до 30 дней, кроме ''до востребова-ния''"
2021-05-01,2.75,percent_annual,RU,от 31 до 90 дней
2021-05-01,3.46,percent_annual,RU,от 91 до 180 дней
2021-05-01,3.45,percent_annual,RU,от 181 дня до 1 года
2021-05-01,3.3,percent_annual,RU,"до 1 года, включая ''до востребова-ния''"
2021-05-01,3.33,percent_annual,RU,"до 1 года, кроме ''до востребова-ния''"
2021-05-01,4.46,percent_annual,RU,от 1 года до 3 лет
2021-05-01,4.76,percent_annual,RU,свыше 3 лет
2021-05-01,4.48,percent_annual,RU,свыше 1 года
2021-06-01,2.97,percent_annual,RU,''до востребова-ния''**
2021-06-01,2.73,percent_annual,RU,"до 30 дней, включая ''до востребова-ния''"
2021-06-01,2.53,percent_annual,RU,"до 30 дней, кроме ''до востребова-ния''"
2021-06-01,2.93,percent_annual,RU,от 31 до 90 дней
2021-06-01,3.47,percent_annual,RU,от 91 до 180 дней
2021-06-01,3.59,percent_annual,RU,от 181 дня до 1 года
2021-06-01,3.41,percent_annual,RU,"до 1 года, включая ''до востребова-ния''"
2021-06-01,3.43,percent_annual,RU,"до 1 года, кроме ''до востребова-ния''"
2021-06-01,4.68,percent_annual,RU,от 1 года до 3 лет
2021-06-01,5.44,percent_annual,RU,свыше 3 лет
2021-06-01,4.76,percent_annual,RU,свыше 1 года
2021-07-01,3.22,percent_annual,RU,''до востребова-ния''**
2021-07-01,2.99,percent_annual,RU,"до 30 дней, включая ''до востребова-ния''"
2021-07-01,2.77,percent_annual,RU,"до 30 дней, кроме ''до востребова-ния''"
2021-07-01,3.08,percent_annual,RU,от 31 до 90 дней
2021-07-01,3.43,percent_annual,RU,от 91 до 180 дней
2021-07-01,3.89,percent_annual,RU,от 181 дня до 1 года
2021-07-01,3.62,percent_annual,RU,"до 1 года, включая ''до востребова-ния''"
2021-07-01,3.64,percent_annual,RU,"до 1 года, кроме ''до востребова-ния''"
2021-07-01,5.11,percent_annual,RU,от 1 года до 3 лет
2021-07-01,5.7,percent_annual,RU,свыше 3 лет
2021-07-01,5.14,percent_annual,RU,свыше 1 года
2021-08-01,3.7,percent_annual,RU,''до востребова-ния''**
2021-08-01,3.49,percent_annual,RU,"до 30 дней, включая ''до востребова-ния''"
2021-08-01,3.22,percent_annual,RU,"до 30 дней, кроме ''до востребова-ния''"
2021-08-01,3.1,percent_annual,RU,от 31 до 90 дней
2021-08-01,3.41,percent_annual,RU,от 91 до 180 дней
2021-08-01,4.24,percent_annual,RU,от 181 дня до 1 года
2021-08-01,3.86,percent_annual,RU,"до 1 года, включая ''до востребова-ния''"
2021-08-01,3.87,percent_annual,RU,"до 1 года, кроме ''до востребова-ния''"
2021-08-01,5.78,percent_annual,RU,от 1 года до 3 лет
2021-08-01,6.18,percent_annual,RU,свыше 3 лет
2021-08-01,5.8,percent_annual,RU,свыше 1 года
2021-09-01,3.99,percent_annual,RU,''до востребова-ния''**
2021-09-01,3.57,percent_annual,RU,"до 30 дней, включая ''до востребова-ния''"
2021-09-01,3.06,percent_annual,RU,"до 30 дней, кроме ''до востребова-ния''"
2021-09-01,3.38,percent_annual,RU,от 31 до 90 дней
2021-09-01,3.67,percent_annual,RU,от 91 до 180 дней
2021-09-01,4.44,percent_annual,RU,от 181 дня до 1 года
2021-09-01,4.14,percent_annual,RU,"до 1 года, включая ''до востребова-ния''"
2021-09-01,4.14,percent_annual,RU,"до 1 года, кроме ''до востребова-ния''"
2021-09-01,5.92,percent_annual,RU,от 1 года до 3 лет
2021-09-01,6.21,percent_annual,RU,свыше 3 лет
2021-09-01,5.93,percent_annual,RU,свыше 1 года
2021-10-01,4.29,percent_annual,RU,''до востребова-ния''**
2021-10-01,3.99,percent_annual,RU,"до 30 дней, включая ''до востребова-ния''"
2021-10-01,3.53,percent_annual,RU,"до 30 дней, кроме ''до востребова-ния''"
2021-10-01,3.51,percent_annual,RU,от 31 до 90 дней
2021-10-01,3.82,percent_annual,RU,от 91 до 180 дней
2021-10-01,4.67,percent_annual,RU,от 181 дня до 1 года
2021-10-01,4.33,percent_annual,RU,"до 1 года, включая ''до востребова-ния''"
2021-10-01,4.34,percent_annual,RU,"до 1 года, кроме ''до востребова-ния''"
2021-10-01,6.06,percent_annual,RU,от 1 года до 3 лет
2021-10-01,6.15,percent_annual,RU,свыше 3 лет
2021-10-01,6.07,percent_annual,RU,свыше 1 года
2021-11-01,4.97,percent_annual,RU,''до востребова-ния''**
2021-11-01,4.58,percent_annual,RU,"до 30 дней, включая ''до востребова-ния''"
2021-11-01,3.94,percent_annual,RU,"до 30 дней, кроме ''до востребова-ния''"
2021-11-01,3.81,percent_annual,RU,от 31 до 90 дней
2021-11-01,3.87,percent_annual,RU,от 91 до 180 дней
2021-11-01,4.98,percent_annual,RU,от 181 дня до 1 года
2021-11-01,4.62,percent_annual,RU,"до 1 года, включая ''до востребова-ния''"
2021-11-01,4.6,percent_annual,RU,"до 1 года, кроме ''до востребова-ния''"
2021-11-01,6.46,percent_annual,RU,от 1 года до 3 лет
2021-11-01,7.09,percent_annual,RU,свыше 3 лет
2021-11-01,6.5,percent_annual,RU,свыше 1 года
2021-12-01,5.94,percent_annual,RU,''до востребова-ния''**
2021-12-01,6.31,percent_annual,RU,"до 30 дней, включая ''до востребова-ния''"
2021-12-01,6.87,percent_annual,RU,"до 30 дней, кроме ''до востребова-ния''"
2021-12-01,4.43,percent_annual,RU,от 31 до 90 дней
2021-12-01,4.73,percent_annual,RU,от 91 до 180 дней
2021-12-01,5.05,percent_annual,RU,от 181 дня до 1 года
2021-12-01,5.12,percent_annual,RU,"до 1 года, включая ''до востребова-ния''"
2021-12-01,5.05,percent_annual,RU,"до 1 года, кроме ''до востребова-ния''"
2021-12-01,7.43,percent_annual,RU,от 1 года до 3 лет
2021-12-01,7.68,percent_annual,RU,свыше 3 лет
2021-12-01,7.44,percent_annual,RU,свыше 1 года
2022-01-01,5.45,percent_annual,RU,''до востребова-ния''**
2022-01-01,5.95,percent_annual,RU,"до 30 дней, включая ''до востребова-ния''"
2022-01-01,6.82,percent_annual,RU,"до 30 дней, кроме ''до востребова-ния''"
2022-01-01,5.03,percent_annual,RU,от 31 до 90 дней
2022-01-01,5.16,percent_annual,RU,от 91 до 180 дней
2022-01-01,4.98,percent_annual,RU,от 181 дня до 1 года
2022-01-01,5.11,percent_annual,RU,"до 1 года, включая ''до востребова-ния''"
2022-01-01,5.08,percent_annual,RU,"до 1 года, кроме ''до востребова-ния''"
2022-01-01,7.67,percent_annual,RU,от 1 года до 3 лет
2022-01-01,7.65,percent_annual,RU,свыше 3 лет
2022-01-01,7.67,percent_annual,RU,свыше 1 года
2022-02-01,5.47,percent_annual,RU,''до востребова-ния''**
2022-02-01,6.08,percent_annual,RU,"до 30 дней, включая ''до востребова-ния''"
2022-02-01,6.76,percent_annual,RU,"до 30 дней, кроме ''до востребова-ния''"
2022-02-01,7.05,percent_annual,RU,от 31 до 90 дней
2022-02-01,6.27,percent_annual,RU,от 91 до 180 дней
2022-02-01,6.2,percent_annual,RU,от 181 дня до 1 года
2022-02-01,6.31,percent_annual,RU,"до 1 года, включая ''до востребова-ния''"
2022-02-01,6.37,percent_annual,RU,"до 1 года, кроме ''до востребова-ния''"
2022-02-01,8.12,percent_annual,RU,от 1 года до 3 лет
2022-02-01,8.35,percent_annual,RU,свыше 3 лет
2022-02-01,8.13,percent_annual,RU,свыше 1 года
2022-03-01,10.21,percent_annual,RU,''до востребова-ния''**
2022-03-01,12.65,percent_annual,RU,"до 30 дней, включая ''до востребова-ния''"
2022-03-01,16.92,percent_annual,RU,"до 30 дней, кроме ''до востребова-ния''"
2022-03-01,19.69,percent_annual,RU,от 31 до 90 дней
2022-03-01,19.76,percent_annual,RU,от 91 до 180 дней
2022-03-01,16,percent_annual,RU,от 181 дня до 1 года
2022-03-01,18.67,percent_annual,RU,"до 1 года, включая ''до востребова-ния''"
2022-03-01,18.79,percent_annual,RU,"до 1 года, кроме ''до востребова-ния''"
2022-03-01,9.74,percent_annual,RU,от 1 года до 3 лет
2022-03-01,8.5,percent_annual,RU,свыше 3 лет
2022-03-01,9.63,percent_annual,RU,свыше 1 года
2022-04-01,7.55,percent_annual,RU,''до востребова-ния''**
2022-04-01,14.38,percent_annual,RU,"до 30 дней, включая ''до востребова-ния''"
2022-04-01,16.37,percent_annual,RU,"до 30 дней, кроме ''до востребова-ния''"
2022-04-01,14.3,percent_annual,RU,от 31 до 90 дней
2022-04-01,15.84,percent_annual,RU,от 91 до 180 дней
2022-04-01,9.93,percent_annual,RU,от 181 дня до 1 года
2022-04-01,13.87,percent_annual,RU,"до 1 года, включая ''до востребова-ния''"
2022-04-01,14.03,percent_annual,RU,"до 1 года, кроме ''до востребова-ния''"
2022-04-01,9.41,percent_annual,RU,от 1 года до 3 лет
2022-04-01,8.46,percent_annual,RU,свыше 3 лет
2022-04-01,9.31,percent_annual,RU,свыше 1 года
2022-05-01,4.23,percent_annual,RU,''до востребова-ния''**
2022-05-01,7.59,percent_annual,RU,"до 30 дней, включая ''до востребова-ния''"
2022-05-01,8.29,percent_annual,RU,"до 30 дней, кроме ''до востребова-ния''"
2022-05-01,8.38,percent_annual,RU,от 31 до 90 дней
2022-05-01,9.81,percent_annual,RU,от 91 до 180 дней
2022-05-01,6.05,percent_annual,RU,от 181 дня до 1 года
2022-05-01,7.99,percent_annual,RU,"до 1 года, включая ''до востребова-ния''"
2022-05-01,8.06,percent_annual,RU,"до 1 года, кроме ''до востребова-ния''"
2022-05-01,8.19,percent_annual,RU,от 1 года до 3 лет
2022-05-01,8.45,percent_annual,RU,свыше 3 лет
2022-05-01,8.2,percent_annual,RU,свыше 1 года
2022-06-01,2.08,percent_annual,RU,''до востребова-ния''**
2022-06-01,6.33,percent_annual,RU,"до 30 дней, включая ''до востребова-ния''"
2022-06-01,7.64,percent_annual,RU,"до 30 дней, кроме ''до востребова-ния''"
2022-06-01,7.82,percent_annual,RU,от 31 до 90 дней
2022-06-01,6.76,percent_annual,RU,от 91 до 180 дней
2022-06-01,7.3,percent_annual,RU,от 181 дня до 1 года
2022-06-01,6.92,percent_annual,RU,"до 1 года, включая ''до востребова-ния''"
2022-06-01,6.97,percent_annual,RU,"до 1 года, кроме ''до востребова-ния''"
2022-06-01,8.53,percent_annual,RU,от 1 года до 3 лет
2022-06-01,8.44,percent_annual,RU,свыше 3 лет
2022-06-01,8.52,percent_annual,RU,свыше 1 года
2022-07-01,2.04,percent_annual,RU,''до востребова-ния''**
2022-07-01,4.61,percent_annual,RU,"до 30 дней, включая ''до востребова-ния''"
2022-07-01,5.35,percent_annual,RU,"до 30 дней, кроме ''до востребова-ния''"
2022-07-01,6.45,percent_annual,RU,от 31 до 90 дней
2022-07-01,6.24,percent_annual,RU,от 91 до 180 дней
2022-07-01,6.21,percent_annual,RU,от 181 дня до 1 года
2022-07-01,6.11,percent_annual,RU,"до 1 года, включая ''до востребова-ния''"
2022-07-01,6.21,percent_annual,RU,"до 1 года, кроме ''до востребова-ния''"
2022-07-01,7.4,percent_annual,RU,от 1 года до 3 лет
2022-07-01,7.71,percent_annual,RU,свыше 3 лет
2022-07-01,7.44,percent_annual,RU,свыше 1 года
2022-08-01,2.42,percent_annual,RU,''до востребова-ния''**
2022-08-01,3.47,percent_annual,RU,"до 30 дней, включая ''до востребова-ния''"
2022-08-01,4.2,percent_annual,RU,"до 30 дней, кроме ''до востребова-ния''"
2022-08-01,4.77,percent_annual,RU,от 31 до 90 дней
2022-08-01,4.78,percent_annual,RU,от 91 до 180 дней
2022-08-01,5.92,percent_annual,RU,от 181 дня до 1 года
2022-08-01,5,percent_annual,RU,"до 1 года, включая ''до востребова-ния''"
2022-08-01,5.06,percent_annual,RU,"до 1 года, кроме ''до востребова-ния''"
2022-08-01,6.76,percent_annual,RU,от 1 года до 3 лет
2022-08-01,6.74,percent_annual,RU,свыше 3 лет
2022-08-01,6.75,percent_annual,RU,свыше 1 года
2022-09-01,1.9,percent_annual,RU,''до востребова-ния''**
2022-09-01,3.45,percent_annual,RU,"до 30 дней, включая ''до востребова-ния''"
2022-09-01,4.5,percent_annual,RU,"до 30 дней, кроме ''до востребова-ния''"
2022-09-01,5.09,percent_annual,RU,от 31 до 90 дней
2022-09-01,5.29,percent_annual,RU,от 91 до 180 дней
2022-09-01,6.12,percent_annual,RU,от 181 дня до 1 года
2022-09-01,5.49,percent_annual,RU,"до 1 года, включая ''до востребова-ния''"
2022-09-01,5.55,percent_annual,RU,"до 1 года, кроме ''до востребова-ния''"
2022-09-01,7.07,percent_annual,RU,от 1 года до 3 лет
2022-09-01,6.35,percent_annual,RU,свыше 3 лет
2022-09-01,7.05,percent_annual,RU,свыше 1 года
2022-10-01,3.18,percent_annual,RU,''до востребова-ния''**
2022-10-01,3.09,percent_annual,RU,"до 30 дней, включая ''до востребова-ния''"
2022-10-01,3.02,percent_annual,RU,"до 30 дней, кроме ''до востребова-ния''"
2022-10-01,4.6,percent_annual,RU,от 31 до 90 дней
2022-10-01,4.98,percent_annual,RU,от 91 до 180 дней
2022-10-01,5.89,percent_annual,RU,от 181 дня до 1 года
2022-10-01,5.12,percent_annual,RU,"до 1 года, включая ''до востребова-ния''"
2022-10-01,5.17,percent_annual,RU,"до 1 года, кроме ''до востребова-ния''"
2022-10-01,7.29,percent_annual,RU,от 1 года до 3 лет
2022-10-01,6.08,percent_annual,RU,свыше 3 лет
2022-10-01,7.25,percent_annual,RU,свыше 1 года
2022-11-01,3.38,percent_annual,RU,''до востребова-ния''**
2022-11-01,3.69,percent_annual,RU,"до 30 дней, включая ''до востребова-ния''"
2022-11-01,4.06,percent_annual,RU,"до 30 дней, кроме ''до востребова-ния''"
2022-11-01,4.78,percent_annual,RU,от 31 до 90 дней
2022-11-01,5.05,percent_annual,RU,от 91 до 180 дней
2022-11-01,6.17,percent_annual,RU,от 181 дня до 1 года
2022-11-01,5.25,percent_annual,RU,"до 1 года, включая ''до востребова-ния''"
2022-11-01,5.35,percent_annual,RU,"до 1 года, кроме ''до востребова-ния''"
2022-11-01,7.31,percent_annual,RU,от 1 года до 3 лет
2022-11-01,6.08,percent_annual,RU,свыше 3 лет
2022-11-01,7.27,percent_annual,RU,свыше 1 года
2022-12-01,3.46,percent_annual,RU,''до востребова-ния''**
2022-12-01,3.37,percent_annual,RU,"до 30 дней, включая ''до востребова-ния''"
2022-12-01,3.22,percent_annual,RU,"до 30 дней, кроме ''до востребова-ния''"
2022-12-01,5.4,percent_annual,RU,от 31 до 90 дней
2022-12-01,5.33,percent_annual,RU,от 91 до 180 дней
2022-12-01,5.93,percent_annual,RU,от 181 дня до 1 года
2022-12-01,5.38,percent_annual,RU,"до 1 года, включая ''до востребова-ния''"
2022-12-01,5.48,percent_annual,RU,"до 1 года, кроме ''до востребова-ния''"
2022-12-01,7.31,percent_annual,RU,от 1 года до 3 лет
2022-12-01,6.91,percent_annual,RU,свыше 3 лет
2022-12-01,7.28,percent_annual,RU,свыше 1 года
2023-01-01,3.47,percent_annual,RU,''до востребова-ния''**
2023-01-01,3.67,percent_annual,RU,"до 30 дней, включая ''до востребова-ния''"
2023-01-01,4.19,percent_annual,RU,"до 30 дней, кроме ''до востребова-ния''"
2023-01-01,4.57,percent_annual,RU,от 31 до 90 дней
2023-01-01,5.5,percent_annual,RU,от 91 до 180 дней
2023-01-01,5.64,percent_annual,RU,от 181 дня до 1 года
2023-01-01,5.27,percent_annual,RU,"до 1 года, включая ''до востребова-ния''"
2023-01-01,5.35,percent_annual,RU,"до 1 года, кроме ''до востребова-ния''"
2023-01-01,7.13,percent_annual,RU,от 1 года до 3 лет
2023-01-01,6.77,percent_annual,RU,свыше 3 лет
2023-01-01,7.12,percent_annual,RU,свыше 1 года
2023-02-01,3.59,percent_annual,RU,''до востребова-ния''**
2023-02-01,4.03,percent_annual,RU,"до 30 дней, включая ''до востребова-ния''"
2023-02-01,4.38,percent_annual,RU,"до 30 дней, кроме ''до востребова-ния''"
2023-02-01,5.01,percent_annual,RU,от 31 до 90 дней
2023-02-01,5.08,percent_annual,RU,от 91 до 180 дней
2023-02-01,6.06,percent_annual,RU,от 181 дня до 1 года
2023-02-01,5.36,percent_annual,RU,"до 1 года, включая ''до востребова-ния''"
2023-02-01,5.42,percent_annual,RU,"до 1 года, кроме ''до востребова-ния''"
2023-02-01,7.05,percent_annual,RU,от 1 года до 3 лет
2023-02-01,7.4,percent_annual,RU,свыше 3 лет
2023-02-01,7.06,percent_annual,RU,свыше 1 года
2023-03-01,4.46,percent_annual,RU,''до востребова-ния''**
2023-03-01,4.16,percent_annual,RU,"до 30 дней, включая ''до востребова-ния''"
2023-03-01,3.31,percent_annual,RU,"до 30 дней, кроме ''до востребова-ния''"
2023-03-01,4.85,percent_annual,RU,от 31 до 90 дней
2023-03-01,5.48,percent_annual,RU,от 91 до 180 дней
2023-03-01,6.68,percent_annual,RU,от 181 дня до 1 года
2023-03-01,5.72,percent_annual,RU,"до 1 года, включая ''до востребова-ния''"
2023-03-01,5.81,percent_annual,RU,"до 1 года, кроме ''до востребова-ния''"
2023-03-01,7.34,percent_annual,RU,от 1 года до 3 лет
2023-03-01,7.79,percent_annual,RU,свыше 3 лет
2023-03-01,7.38,percent_annual,RU,свыше 1 года
2023-04-01,3.77,percent_annual,RU,''до востребова-ния''**
2023-04-01,4.2,percent_annual,RU,"до 30 дней, включая ''до востребова-ния''"
2023-04-01,4.4,percent_annual,RU,"до 30 дней, кроме ''до востребова-ния''"
2023-04-01,4.1,percent_annual,RU,от 31 до 90 дней
2023-04-01,5.75,percent_annual,RU,от 91 до 180 дней
2023-04-01,6.31,percent_annual,RU,от 181 дня до 1 года
2023-04-01,5.63,percent_annual,RU,"до 1 года, включая ''до востребова-ния''"
2023-04-01,5.68,percent_annual,RU,"до 1 года, кроме ''до востребова-ния''"
2023-04-01,7.39,percent_annual,RU,от 1 года до 3 лет
2023-04-01,7.94,percent_annual,RU,свыше 3 лет
2023-04-01,7.44,percent_annual,RU,свыше 1 года
2023-05-01,3.39,percent_annual,RU,''до востребова-ния''**
2023-05-01,3.3,percent_annual,RU,"до 30 дней, включая ''до востребова-ния''"
2023-05-01,3.21,percent_annual,RU,"до 30 дней, кроме ''до востребова-ния''"
2023-05-01,4.64,percent_annual,RU,от 31 до 90 дней
2023-05-01,5.56,percent_annual,RU,от 91 до 180 дней
2023-05-01,6.03,percent_annual,RU,от 181 дня до 1 года
2023-05-01,5.44,percent_annual,RU,"до 1 года, включая ''до востребова-ния''"
2023-05-01,5.52,percent_annual,RU,"до 1 года, кроме ''до востребова-ния''"
2023-05-01,7.29,percent_annual,RU,от 1 года до 3 лет
2023-05-01,7.4,percent_annual,RU,свыше 3 лет
2023-05-01,7.29,percent_annual,RU,свыше 1 года
2023-06-01,3.05,percent_annual,RU,''до востребова-ния''**
2023-06-01,3.82,percent_annual,RU,"до 30 дней, включая ''до востребова-ния''"
2023-06-01,4.24,percent_annual,RU,"до 30 дней, кроме ''до востребова-ния''"
2023-06-01,4.58,percent_annual,RU,от 31 до 90 дней
2023-06-01,5,percent_annual,RU,от 91 до 180 дней
2023-06-01,6.05,percent_annual,RU,от 181 дня до 1 года
2023-06-01,5.35,percent_annual,RU,"до 1 года, включая ''до востребова-ния''"
2023-06-01,5.4,percent_annual,RU,"до 1 года, кроме ''до востребова-ния''"
2023-06-01,7.31,percent_annual,RU,от 1 года до 3 лет
2023-06-01,7.55,percent_annual,RU,свыше 3 лет
2023-06-01,7.33,percent_annual,RU,свыше 1 года
2023-07-01,3.38,percent_annual,RU,''до востребова-ния''**
2023-07-01,3.32,percent_annual,RU,"до 30 дней, включая ''до востребова-ния''"
2023-07-01,3.28,percent_annual,RU,"до 30 дней, кроме ''до востребова-ния''"
2023-07-01,4.7,percent_annual,RU,от 31 до 90 дней
2023-07-01,5.71,percent_annual,RU,от 91 до 180 дней
2023-07-01,6.41,percent_annual,RU,от 181 дня до 1 года
2023-07-01,5.69,percent_annual,RU,"до 1 года, включая ''до востребова-ния''"
2023-07-01,5.75,percent_annual,RU,"до 1 года, кроме ''до востребова-ния''"
2023-07-01,7.45,percent_annual,RU,от 1 года до 3 лет
2023-07-01,7.53,percent_annual,RU,свыше 3 лет
2023-07-01,7.46,percent_annual,RU,свыше 1 года
2023-08-01,3.75,percent_annual,RU,''до востребова-ния''**
2023-08-01,4.55,percent_annual,RU,"до 30 дней, включая ''до востребова-ния''"
2023-08-01,5.72,percent_annual,RU,"до 30 дней, кроме ''до востребова-ния''"
2023-08-01,8.9,percent_annual,RU,от 31 до 90 дней
2023-08-01,9.03,percent_annual,RU,от 91 до 180 дней
2023-08-01,7.65,percent_annual,RU,от 181 дня до 1 года
2023-08-01,8.58,percent_annual,RU,"до 1 года, включая ''до востребова-ния''"
2023-08-01,8.64,percent_annual,RU,"до 1 года, кроме ''до востребова-ния''"
2023-08-01,8.38,percent_annual,RU,от 1 года до 3 лет
2023-08-01,8.13,percent_annual,RU,свыше 3 лет
2023-08-01,8.36,percent_annual,RU,свыше 1 года
2023-09-01,4.06,percent_annual,RU,''до востребова-ния''**
2023-09-01,5.52,percent_annual,RU,"до 30 дней, включая ''до востребова-ния''"
2023-09-01,6.85,percent_annual,RU,"до 30 дней, кроме ''до востребова-ния''"
2023-09-01,9.92,percent_annual,RU,от 31 до 90 дней
2023-09-01,9.8,percent_annual,RU,от 91 до 180 дней
2023-09-01,8.76,percent_annual,RU,от 181 дня до 1 года
2023-09-01,9.4,percent_annual,RU,"до 1 года, включая ''до востребова-ния''"
2023-09-01,9.47,percent_annual,RU,"до 1 года, кроме ''до востребова-ния''"
2023-09-01,9.32,percent_annual,RU,от 1 года до 3 лет
2023-09-01,10.83,percent_annual,RU,свыше 3 лет
2023-09-01,9.46,percent_annual,RU,свыше 1 года
2023-10-01,3.84,percent_annual,RU,''до востребова-ния''**
2023-10-01,6.31,percent_annual,RU,"до 30 дней, включая ''до востребова-ния''"
2023-10-01,8.55,percent_annual,RU,"до 30 дней, кроме ''до востребова-ния''"
2023-10-01,9.19,percent_annual,RU,от 31 до 90 дней
2023-10-01,10.46,percent_annual,RU,от 91 до 180 дней
2023-10-01,10.19,percent_annual,RU,от 181 дня до 1 года
2023-10-01,9.96,percent_annual,RU,"до 1 года, включая ''до востребова-ния''"
2023-10-01,10.06,percent_annual,RU,"до 1 года, кроме ''до востребова-ния''"
2023-10-01,10.18,percent_annual,RU,от 1 года до 3 лет
2023-10-01,9.61,percent_annual,RU,свыше 3 лет
2023-10-01,10.14,percent_annual,RU,свыше 1 года
2023-11-01,4.11,percent_annual,RU,''до востребова-ния''**
2023-11-01,6.83,percent_annual,RU,"до 30 дней, включая ''до востребова-ния''"
2023-11-01,8.91,percent_annual,RU,"до 30 дней, кроме ''до востребова-ния''"
2023-11-01,9.46,percent_annual,RU,от 31 до 90 дней
2023-11-01,12.15,percent_annual,RU,от 91 до 180 дней
2023-11-01,12.3,percent_annual,RU,от 181 дня до 1 года
2023-11-01,11.64,percent_annual,RU,"до 1 года, включая ''до востребова-ния''"
2023-11-01,11.73,percent_annual,RU,"до 1 года, кроме ''до востребова-ния''"
2023-11-01,12.56,percent_annual,RU,от 1 года до 3 лет
2023-11-01,10.7,percent_annual,RU,свыше 3 лет
2023-11-01,12.4,percent_annual,RU,свыше 1 года
2023-12-01,4.69,percent_annual,RU,''до востребова-ния''**
2023-12-01,8.07,percent_annual,RU,"до 30 дней, включая ''до востребова-ния''"
2023-12-01,11.01,percent_annual,RU,"до 30 дней, кроме ''до востребова-ния''"
2023-12-01,10.76,percent_annual,RU,от 31 до 90 дней
2023-12-01,12.84,percent_annual,RU,от 91 до 180 дней
2023-12-01,13.57,percent_annual,RU,от 181 дня до 1 года
2023-12-01,12.78,percent_annual,RU,"до 1 года, включая ''до востребова-ния''"
2023-12-01,12.89,percent_annual,RU,"до 1 года, кроме ''до востребова-ния''"
2023-12-01,12.01,percent_annual,RU,от 1 года до 3 лет
2023-12-01,10.34,percent_annual,RU,свыше 3 лет
2023-12-01,11.9,percent_annual,RU,свыше 1 года
2024-01-01,6.52,percent_annual,RU,''до востребова-ния''**
2024-01-01,9.08,percent_annual,RU,"до 30 дней, включая ''до востребова-ния''"
2024-01-01,13.46,percent_annual,RU,"до 30 дней, кроме ''до востребова-ния''"
2024-01-01,12.92,percent_annual,RU,от 31 до 90 дней
2024-01-01,14.23,percent_annual,RU,от 91 до 180 дней
2024-01-01,14.89,percent_annual,RU,от 181 дня до 1 года
2024-01-01,14.32,percent_annual,RU,"до 1 года, включая ''до востребова-ния''"
2024-01-01,14.49,percent_annual,RU,"до 1 года, кроме ''до востребова-ния''"
2024-01-01,12.28,percent_annual,RU,от 1 года до 3 лет
2024-01-01,11.23,percent_annual,RU,свыше 3 лет
2024-01-01,12.19,percent_annual,RU,свыше 1 года
2024-02-01,6.86,percent_annual,RU,''до востребова-ния''**
2024-02-01,9.61,percent_annual,RU,"до 30 дней, включая ''до востребова-ния''"
2024-02-01,11.51,percent_annual,RU,"до 30 дней, кроме ''до востребова-ния''"
2024-02-01,13.43,percent_annual,RU,от 31 до 90 дней
2024-02-01,14.79,percent_annual,RU,от 91 до 180 дней
2024-02-01,14.96,percent_annual,RU,от 181 дня до 1 года
2024-02-01,14.45,percent_annual,RU,"до 1 года, включая ''до востребова-ния''"
2024-02-01,14.61,percent_annual,RU,"до 1 года, кроме ''до востребова-ния''"
2024-02-01,12.3,percent_annual,RU,от 1 года до 3 лет
2024-02-01,8.02,percent_annual,RU,свыше 3 лет
2024-02-01,11.78,percent_annual,RU,свыше 1 года
2024-03-01,5.13,percent_annual,RU,''до востребова-ния''**
2024-03-01,6.42,percent_annual,RU,"до 30 дней, включая ''до востребова-ния''"
2024-03-01,12.89,percent_annual,RU,"до 30 дней, кроме ''до востребова-ния''"
2024-03-01,13.21,percent_annual,RU,от 31 до 90 дней
2024-03-01,14.46,percent_annual,RU,от 91 до 180 дней
2024-03-01,15.03,percent_annual,RU,от 181 дня до 1 года
2024-03-01,14.47,percent_annual,RU,"до 1 года, включая ''до востребова-ния''"
2024-03-01,14.67,percent_annual,RU,"до 1 года, кроме ''до востребова-ния''"
2024-03-01,12.5,percent_annual,RU,от 1 года до 3 лет
2024-03-01,9.61,percent_annual,RU,свыше 3 лет
2024-03-01,12.23,percent_annual,RU,свыше 1 года
2024-04-01,6.91,percent_annual,RU,''до востребова-ния''**
2024-04-01,9.93,percent_annual,RU,"до 30 дней, включая ''до востребова-ния''"
2024-04-01,11.48,percent_annual,RU,"до 30 дней, кроме ''до востребова-ния''"
2024-04-01,14.82,percent_annual,RU,от 31 до 90 дней
2024-04-01,14.55,percent_annual,RU,от 91 до 180 дней
2024-04-01,15.19,percent_annual,RU,от 181 дня до 1 года
2024-04-01,14.67,percent_annual,RU,"до 1 года, включая ''до востребова-ния''"
2024-04-01,14.81,percent_annual,RU,"до 1 года, кроме ''до востребова-ния''"
2024-04-01,13.03,percent_annual,RU,от 1 года до 3 лет
2024-04-01,9.56,percent_annual,RU,свыше 3 лет
2024-04-01,12.76,percent_annual,RU,свыше 1 года
2024-05-01,7.09,percent_annual,RU,''до востребова-ния''**
2024-05-01,8.55,percent_annual,RU,"до 30 дней, включая ''до востребова-ния''"
2024-05-01,13.07,percent_annual,RU,"до 30 дней, кроме ''до востребова-ния''"
2024-05-01,15.47,percent_annual,RU,от 31 до 90 дней
2024-05-01,14.67,percent_annual,RU,от 91 до 180 дней
2024-05-01,15.23,percent_annual,RU,от 181 дня до 1 года
2024-05-01,14.98,percent_annual,RU,"до 1 года, включая ''до востребова-ния''"
2024-05-01,15.09,percent_annual,RU,"до 1 года, кроме ''до востребова-ния''"
2024-05-01,12.03,percent_annual,RU,от 1 года до 3 лет
2024-05-01,7.66,percent_annual,RU,свыше 3 лет
2024-05-01,11.43,percent_annual,RU,свыше 1 года
2024-06-01,6.42,percent_annual,RU,''до востребова-ния''**
2024-06-01,10.16,percent_annual,RU,"до 30 дней, включая ''до востребова-ния''"
2024-06-01,12.38,percent_annual,RU,"до 30 дней, кроме ''до востребова-ния''"
2024-06-01,14.84,percent_annual,RU,от 31 до 90 дней
2024-06-01,15.39,percent_annual,RU,от 91 до 180 дней
2024-06-01,17.07,percent_annual,RU,от 181 дня до 1 года
2024-06-01,16.3,percent_annual,RU,"до 1 года, включая ''до востребова-ния''"
2024-06-01,16.45,percent_annual,RU,"до 1 года, кроме ''до востребова-ния''"
2024-06-01,13.87,percent_annual,RU,от 1 года до 3 лет
2024-06-01,10.82,percent_annual,RU,свыше 3 лет
2024-06-01,13.43,percent_annual,RU,свыше 1 года
2024-07-01,7.64,percent_annual,RU,''до востребова-ния''**
2024-07-01,8.83,percent_annual,RU,"до 30 дней, включая ''до востребова-ния''"
2024-07-01,15.59,percent_annual,RU,"до 30 дней, кроме ''до востребова-ния''"
2024-07-01,14.95,percent_annual,RU,от 31 до 90 дней
2024-07-01,15.55,percent_annual,RU,от 91 до 180 дней
2024-07-01,16.96,percent_annual,RU,от 181 дня до 1 года
2024-07-01,16.13,percent_annual,RU,"до 1 года, включая ''до востребова-ния''"
2024-07-01,16.33,percent_annual,RU,"до 1 года, кроме ''до востребова-ния''"
2024-07-01,16.78,percent_annual,RU,от 1 года до 3 лет
2024-07-01,10.26,percent_annual,RU,свыше 3 лет
2024-07-01,16.31,percent_annual,RU,свыше 1 года
2024-08-01,7.43,percent_annual,RU,''до востребова-ния''**
2024-08-01,11.26,percent_annual,RU,"до 30 дней, включая ''до востребова-ния''"
2024-08-01,17.35,percent_annual,RU,"до 30 дней, кроме ''до востребова-ния''"
2024-08-01,16.68,percent_annual,RU,от 31 до 90 дней
2024-08-01,16.41,percent_annual,RU,от 91 до 180 дней
2024-08-01,16.98,percent_annual,RU,от 181 дня до 1 года
2024-08-01,16.6,percent_annual,RU,"до 1 года, включая ''до востребова-ния''"
2024-08-01,16.76,percent_annual,RU,"до 1 года, кроме ''до востребова-ния''"
2024-08-01,17.47,percent_annual,RU,от 1 года до 3 лет
2024-08-01,10.33,percent_annual,RU,свыше 3 лет
2024-08-01,16.93,percent_annual,RU,свыше 1 года
2024-09-01,8.31,percent_annual,RU,''до востребова-ния''**
2024-09-01,13.15,percent_annual,RU,"до 30 дней, включая ''до востребова-ния''"
2024-09-01,15.72,percent_annual,RU,"до 30 дней, кроме ''до востребова-ния''"
2024-09-01,17.17,percent_annual,RU,от 31 до 90 дней
2024-09-01,17.4,percent_annual,RU,от 91 до 180 дней
2024-09-01,17.89,percent_annual,RU,от 181 дня до 1 года
2024-09-01,17.42,percent_annual,RU,"до 1 года, включая ''до востребова-ния''"
2024-09-01,17.59,percent_annual,RU,"до 1 года, кроме ''до востребова-ния''"
2024-09-01,18.17,percent_annual,RU,от 1 года до 3 лет
2024-09-01,12.42,percent_annual,RU,свыше 3 лет
2024-09-01,17.79,percent_annual,RU,свыше 1 года
2024-10-01,10.62,percent_annual,RU,''до востребова-ния''**
2024-10-01,14.72,percent_annual,RU,"до 30 дней, включая ''до востребова-ния''"
2024-10-01,18.52,percent_annual,RU,"до 30 дней, кроме ''до востребова-ния''"
2024-10-01,17.24,percent_annual,RU,от 31 до 90 дней
2024-10-01,18.69,percent_annual,RU,от 91 до 180 дней
2024-10-01,19.38,percent_annual,RU,от 181 дня до 1 года
2024-10-01,18.78,percent_annual,RU,"до 1 года, включая ''до востребова-ния''"
2024-10-01,18.96,percent_annual,RU,"до 1 года, кроме ''до востребова-ния''"
2024-10-01,19.07,percent_annual,RU,от 1 года до 3 лет
2024-10-01,13.43,percent_annual,RU,свыше 3 лет
2024-10-01,18.68,percent_annual,RU,свыше 1 года
2024-11-01,10.12,percent_annual,RU,''до востребова-ния''**
2024-11-01,16.77,percent_annual,RU,"до 30 дней, включая ''до востребова-ния''"
2024-11-01,18.59,percent_annual,RU,"до 30 дней, кроме ''до востребова-ния''"
2024-11-01,20.79,percent_annual,RU,от 31 до 90 дней
2024-11-01,20.45,percent_annual,RU,от 91 до 180 дней
2024-11-01,20.84,percent_annual,RU,от 181 дня до 1 года
2024-11-01,20.35,percent_annual,RU,"до 1 года, включая ''до востребова-ния''"
2024-11-01,20.54,percent_annual,RU,"до 1 года, кроме ''до востребова-ния''"
2024-11-01,20.73,percent_annual,RU,от 1 года до 3 лет
2024-11-01,16.12,percent_annual,RU,свыше 3 лет
2024-11-01,20.17,percent_annual,RU,свыше 1 года
2024-12-01,11.99,percent_annual,RU,''до востребова-ния''**
2024-12-01,18.93,percent_annual,RU,"до 30 дней, включая ''до востребова-ния''"
2024-12-01,21.82,percent_annual,RU,"до 30 дней, кроме ''до востребова-ния''"
2024-12-01,20.74,percent_annual,RU,от 31 до 90 дней
2024-12-01,22.13,percent_annual,RU,от 91 до 180 дней
2024-12-01,21.63,percent_annual,RU,от 181 дня до 1 года
2024-12-01,21.37,percent_annual,RU,"до 1 года, включая ''до востребова-ния''"
2024-12-01,21.57,percent_annual,RU,"до 1 года, кроме ''до востребова-ния''"
2024-12-01,21.49,percent_annual,RU,от 1 года до 3 лет
2024-12-01,15.14,percent_annual,RU,свыше 3 лет
2024-12-01,20.87,percent_annual,RU,свыше 1 года
2025-01-01,14.38,percent_annual,RU,''до востребова-ния''**
2025-01-01,17.22,percent_annual,RU,"до 30 дней, включая ''до востребова-ния''"
2025-01-01,20.85,percent_annual,RU,"до 30 дней, кроме ''до востребова-ния''"
2025-01-01,19.75,percent_annual,RU,от 31 до 90 дней
2025-01-01,21.54,percent_annual,RU,от 91 до 180 дней
2025-01-01,21.35,percent_annual,RU,от 181 дня до 1 года
2025-01-01,20.96,percent_annual,RU,"до 1 года, включая ''до востребова-ния''"
2025-01-01,21.1,percent_annual,RU,"до 1 года, кроме ''до востребова-ния''"
2025-01-01,20.45,percent_annual,RU,от 1 года до 3 лет
2025-01-01,13.52,percent_annual,RU,свыше 3 лет
2025-01-01,19.93,percent_annual,RU,свыше 1 года
2025-02-01,14.35,percent_annual,RU,''до востребова-ния''**
2025-02-01,16.34,percent_annual,RU,"до 30 дней, включая ''до востребова-ния''"
2025-02-01,17.65,percent_annual,RU,"до 30 дней, кроме ''до востребова-ния''"
2025-02-01,20.46,percent_annual,RU,от 31 до 90 дней
2025-02-01,21.16,percent_annual,RU,от 91 до 180 дней
2025-02-01,21.45,percent_annual,RU,от 181 дня до 1 года
2025-02-01,20.83,percent_annual,RU,"до 1 года, включая ''до востребова-ния''"
2025-02-01,21,percent_annual,RU,"до 1 года, кроме ''до востребова-ния''"
2025-02-01,20.04,percent_annual,RU,от 1 года до 3 лет
2025-02-01,15.05,percent_annual,RU,свыше 3 лет
2025-02-01,19.76,percent_annual,RU,свыше 1 года
2025-03-01,12.16,percent_annual,RU,''до востребова-ния''**
2025-03-01,12.43,percent_annual,RU,"до 30 дней, включая ''до востребова-ния''"
2025-03-01,16.67,percent_annual,RU,"до 30 дней, кроме ''до востребова-ния''"
2025-03-01,19.53,percent_annual,RU,от 31 до 90 дней
2025-03-01,20.16,percent_annual,RU,от 91 до 180 дней
2025-03-01,20.48,percent_annual,RU,от 181 дня до 1 года
2025-03-01,20.04,percent_annual,RU,"до 1 года, включая ''до востребова-ния''"
2025-03-01,20.19,percent_annual,RU,"до 1 года, кроме ''до востребова-ния''"
2025-03-01,19.02,percent_annual,RU,от 1 года до 3 лет
2025-03-01,13.81,percent_annual,RU,свыше 3 лет
2025-03-01,18.78,percent_annual,RU,свыше 1 года
2025-04-01,11.33,percent_annual,RU,''до востребова-ния''**
2025-04-01,13.56,percent_annual,RU,"до 30 дней, включая ''до востребова-ния''"
2025-04-01,14.86,percent_annual,RU,"до 30 дней, кроме ''до востребова-ния''"
2025-04-01,19.65,percent_annual,RU,от 31 до 90 дней
2025-04-01,19.18,percent_annual,RU,от 91 до 180 дней
2025-04-01,20.01,percent_annual,RU,от 181 дня до 1 года
2025-04-01,19.16,percent_annual,RU,"до 1 года, включая ''до востребова-ния''"
2025-04-01,19.32,percent_annual,RU,"до 1 года, кроме ''до востребова-ния''"
2025-04-01,18.75,percent_annual,RU,от 1 года до 3 лет
2025-04-01,11.92,percent_annual,RU,свыше 3 лет
2025-04-01,18.28,percent_annual,RU,свыше 1 года
2025-05-01,12.58,percent_annual,RU,''до востребова-ния''**
2025-05-01,12.74,percent_annual,RU,"до 30 дней, включая ''до востребова-ния''"
2025-05-01,16.6,percent_annual,RU,"до 30 дней, кроме ''до востребова-ния''"
2025-05-01,18.61,percent_annual,RU,от 31 до 90 дней
2025-05-01,19.34,percent_annual,RU,от 91 до 180 дней
2025-05-01,19.81,percent_annual,RU,от 181 дня до 1 года
2025-05-01,19.25,percent_annual,RU,"до 1 года, включая ''до востребова-ния''"
2025-05-01,19.39,percent_annual,RU,"до 1 года, кроме ''до востребова-ния''"
2025-05-01,18.32,percent_annual,RU,от 1 года до 3 лет
2025-05-01,8.19,percent_annual,RU,свыше 3 лет
2025-05-01,17.49,percent_annual,RU,свыше 1 года
2025-06-01,11.85,percent_annual,RU,''до востребова-ния''**
2025-06-01,14.17,percent_annual,RU,"до 30 дней, включая ''до востребова-ния''"
2025-06-01,15.79,percent_annual,RU,"до 30 дней, кроме ''до востребова-ния''"
2025-06-01,19.17,percent_annual,RU,от 31 до 90 дней
2025-06-01,18.68,percent_annual,RU,от 91 до 180 дней
2025-06-01,18.87,percent_annual,RU,от 181 дня до 1 года
2025-06-01,18.58,percent_annual,RU,"до 1 года, включая ''до востребова-ния''"
2025-06-01,18.71,percent_annual,RU,"до 1 года, кроме ''до востребова-ния''"
2025-06-01,17.89,percent_annual,RU,от 1 года до 3 лет
2025-06-01,9.51,percent_annual,RU,свыше 3 лет
2025-06-01,17.55,percent_annual,RU,свыше 1 года
2025-07-01,11.67,percent_annual,RU,''до востребова-ния''**
2025-07-01,11.8,percent_annual,RU,"до 30 дней, включая ''до востребова-ния''"
2025-07-01,16.02,percent_annual,RU,"до 30 дней, кроме ''до востребова-ния''"
2025-07-01,17.67,percent_annual,RU,от 31 до 90 дней
2025-07-01,17.29,percent_annual,RU,от 91 до 180 дней
2025-07-01,17.53,percent_annual,RU,от 181 дня до 1 года
2025-07-01,17.29,percent_annual,RU,"до 1 года, включая ''до востребова-ния''"
2025-07-01,17.41,percent_annual,RU,"до 1 года, кроме ''до востребова-ния''"
2025-07-01,16.67,percent_annual,RU,от 1 года до 3 лет
2025-07-01,9.8,percent_annual,RU,свыше 3 лет
2025-07-01,16.38,percent_annual,RU,свыше 1 года
2025-08-01,10.81,percent_annual,RU,''до востребова-ния''**
2025-08-01,10.97,percent_annual,RU,"до 30 дней, включая ''до востребова-ния''"
2025-08-01,14.96,percent_annual,RU,"до 30 дней, кроме ''до востребова-ния''"
2025-08-01,15.76,percent_annual,RU,от 31 до 90 дней
2025-08-01,15.65,percent_annual,RU,от 91 до 180 дней
2025-08-01,15.8,percent_annual,RU,от 181 дня до 1 года
2025-08-01,15.57,percent_annual,RU,"до 1 года, включая ''до востребова-ния''"
2025-08-01,15.71,percent_annual,RU,"до 1 года, кроме ''до востребова-ния''"
2025-08-01,14.18,percent_annual,RU,от 1 года до 3 лет
2025-08-01,7.79,percent_annual,RU,свыше 3 лет
2025-08-01,13.55,percent_annual,RU,свыше 1 года
2025-09-01,9.18,percent_annual,RU,''до востребова-ния''**
2025-09-01,14.94,percent_annual,RU,"до 30 дней, включая ''до востребова-ния''"
2025-09-01,16.09,percent_annual,RU,"до 30 дней, кроме ''до востребова-ния''"
2025-09-01,15.67,percent_annual,RU,от 31 до 90 дней
2025-09-01,15.35,percent_annual,RU,от 91 до 180 дней
2025-09-01,15.04,percent_annual,RU,от 181 дня до 1 года
2025-09-01,15.32,percent_annual,RU,"до 1 года, включая ''до востребова-ния''"
2025-09-01,15.45,percent_annual,RU,"до 1 года, кроме ''до востребова-ния''"
2025-09-01,13.29,percent_annual,RU,от 1 года до 3 лет
2025-09-01,8.99,percent_annual,RU,свыше 3 лет
2025-09-01,12.95,percent_annual,RU,свыше 1 года
2025-10-01,6.3,percent_annual,RU,''до востребова-ния''**
2025-10-01,6.86,percent_annual,RU,"до 30 дней, включая ''до востребова-ния''"
2025-10-01,14.44,percent_annual,RU,"до 30 дней, кроме ''до востребова-ния''"
2025-10-01,15.84,percent_annual,RU,от 31 до 90 дней
2025-10-01,15.41,percent_annual,RU,от 91 до 180 дней
2025-10-01,15.03,percent_annual,RU,от 181 дня до 1 года
2025-10-01,15.27,percent_annual,RU,"до 1 года, включая ''до востребова-ния''"
2025-10-01,15.46,percent_annual,RU,"до 1 года, кроме ''до востребова-ния''"
2025-10-01,12.63,percent_annual,RU,от 1 года до 3 лет
2025-10-01,7.49,percent_annual,RU,свыше 3 лет
2025-10-01,12.12,percent_annual,RU,свыше 1 года
2025-11-01,6.62,percent_annual,RU,''до востребова-ния''**
2025-11-01,12.48,percent_annual,RU,"до 30 дней, включая ''до востребова-ния''"
2025-11-01,14.83,percent_annual,RU,"до 30 дней, кроме ''до востребова-ния''"
2025-11-01,15.3,percent_annual,RU,от 31 до 90 дней
2025-11-01,15.57,percent_annual,RU,от 91 до 180 дней
2025-11-01,14.88,percent_annual,RU,от 181 дня до 1 года
2025-11-01,15.2,percent_annual,RU,"до 1 года, включая ''до востребова-ния''"
2025-11-01,15.4,percent_annual,RU,"до 1 года, кроме ''до востребова-ния''"
2025-11-01,12.7,percent_annual,RU,от 1 года до 3 лет
2025-11-01,6.61,percent_annual,RU,свыше 3 лет
2025-11-01,11.49,percent_annual,RU,свыше 1 года
2025-12-01,6.08,percent_annual,RU,''до востребова-ния''**
2025-12-01,8.13,percent_annual,RU,"до 30 дней, включая ''до востребова-ния''"
2025-12-01,15.94,percent_annual,RU,"до 30 дней, кроме ''до востребова-ния''"
2025-12-01,15.27,percent_annual,RU,от 31 до 90 дней
2025-12-01,15.63,percent_annual,RU,от 91 до 180 дней
2025-12-01,14.88,percent_annual,RU,от 181 дня до 1 года
2025-12-01,15.25,percent_annual,RU,"до 1 года, включая ''до востребова-ния''"
2025-12-01,15.49,percent_annual,RU,"до 1 года, кроме ''до востребова-ния''"
2025-12-01,13.02,percent_annual,RU,от 1 года до 3 лет
2025-12-01,7.35,percent_annual,RU,свыше 3 лет
2025-12-01,12.18,percent_annual,RU,свыше 1 года
2026-01-01,6.77,percent_annual,RU,''до востребова-ния''**
2026-01-01,9.76,percent_annual,RU,"до 30 дней, включая ''до востребова-ния''"
2026-01-01,15.07,percent_annual,RU,"до 30 дней, кроме ''до востребова-ния''"
2026-01-01,14.58,percent_annual,RU,от 31 до 90 дней
2026-01-01,14.9,percent_annual,RU,от 91 до 180 дней
2026-01-01,14.37,percent_annual,RU,от 181 дня до 1 года
2026-01-01,14.58,percent_annual,RU,"до 1 года, включая ''до востребова-ния''"
2026-01-01,14.76,percent_annual,RU,"до 1 года, кроме ''до востребова-ния''"
2026-01-01,12.57,percent_annual,RU,от 1 года до 3 лет
2026-01-01,7.53,percent_annual,RU,свыше 3 лет
2026-01-01,11.78,percent_annual,RU,свыше 1 года
2026-02-01,6.72,percent_annual,RU,''до востребова-ния''**
2026-02-01,10.93,percent_annual,RU,"до 30 дней, включая ''до востребова-ния''"
2026-02-01,13.37,percent_annual,RU,"до 30 дней, кроме ''до востребова-ния''"
2026-02-01,14.18,percent_annual,RU,от 31 до 90 дней
2026-02-01,14.48,percent_annual,RU,от 91 до 180 дней
2026-02-01,14.27,percent_annual,RU,от 181 дня до 1 года
2026-02-01,14.14,percent_annual,RU,"до 1 года, включая ''до востребова-ния''"
2026-02-01,14.36,percent_annual,RU,"до 1 года, кроме ''до востребова-ния''"
2026-02-01,12.02,percent_annual,RU,от 1 года до 3 лет
2026-02-01,6.79,percent_annual,RU,свыше 3 лет
2026-02-01,11.03,percent_annual,RU,свыше 1 года
2026-03-01,6.41,percent_annual,RU,''до востребова-ния''**
2026-03-01,7.22,percent_annual,RU,"до 30 дней, включая ''до востребова-ния''"
2026-03-01,13.14,percent_annual,RU,"до 30 дней, кроме ''до востребова-ния''"
2026-03-01,13.72,percent_annual,RU,от 31 до 90 дней
2026-03-01,13.89,percent_annual,RU,от 91 до 180 дней
2026-03-01,13.73,percent_annual,RU,от 181 дня до 1 года
2026-03-01,13.6,percent_annual,RU,"до 1 года, включая ''до востребова-ния''"
2026-03-01,13.82,percent_annual,RU,"до 1 года, кроме ''до востребова-ния''"
2026-03-01,11.53,percent_annual,RU,от 1 года до 3 лет
2026-03-01,7.86,percent_annual,RU,свыше 3 лет
2026-03-01,10.95,percent_annual,RU,свыше 1 года
2026-04-01,6.16,percent_annual,RU,''до востребова-ния''**
2026-04-01,10.37,percent_annual,RU,"до 30 дней, включая ''до востребова-ния''"
2026-04-01,12.61,percent_annual,RU,"до 30 дней, кроме ''до востребова-ния''"
2026-04-01,13.52,percent_annual,RU,от 31 до 90 дней
2026-04-01,13.5,percent_annual,RU,от 91 до 180 дней
2026-04-01,13.3,percent_annual,RU,от 181 дня до 1 года
2026-04-01,13.24,percent_annual,RU,"до 1 года, включая ''до востребова-ния''"
2026-04-01,13.43,percent_annual,RU,"до 1 года, кроме ''до востребова-ния''"
2026-04-01,12.22,percent_annual,RU,от 1 года до 3 лет
2026-04-01,7.02,percent_annual,RU,свыше 3 лет
2026-04-01,11.64,percent_annual,RU,свыше 1 года
2026-05-01,6.06,percent_annual,RU,''до востребова-ния''**
2026-05-01,6.89,percent_annual,RU,"до 30 дней, включая ''до востребова-ния''"
2026-05-01,12.53,percent_annual,RU,"до 30 дней, кроме ''до востребова-ния''"
2026-05-01,12.82,percent_annual,RU,от 31 до 90 дней
2026-05-01,13.06,percent_annual,RU,от 91 до 180 дней
2026-05-01,13,percent_annual,RU,от 181 дня до 1 года
2026-05-01,12.84,percent_annual,RU,"до 1 года, включая ''до востребова-ния''"
2026-05-01,13.01,percent_annual,RU,"до 1 года, кроме ''до востребова-ния''"
2026-05-01,11.71,percent_annual,RU,от 1 года до 3 лет
2026-05-01,5.95,percent_annual,RU,свыше 3 лет
2026-05-01,10.88,percent_annual,RU,свыше 1 года
2026-06-01,5.53,percent_annual,RU,''до востребова-ния''**
2026-06-01,9.64,percent_annual,RU,"до 30 дней, включая ''до востребова-ния''"
2026-06-01,12.07,percent_annual,RU,"до 30 дней, кроме ''до востребова-ния''"
2026-06-01,13.05,percent_annual,RU,от 31 до 90 дней
2026-06-01,13.31,percent_annual,RU,от 91 до 180 дней
2026-06-01,13.13,percent_annual,RU,от 181 дня до 1 года
2026-06-01,12.95,percent_annual,RU,"до 1 года, включая ''до востребова-ния''"
2026-06-01,13.19,percent_annual,RU,"до 1 года, кроме ''до востребова-ния''"
2026-06-01,11.59,percent_annual,RU,от 1 года до 3 лет
2026-06-01,6.35,percent_annual,RU,свыше 3 лет
2026-06-01,10.94,percent_annual,RU,свыше 1 года
2026-07-01,6.11,percent_annual,RU,''до востребова-ния''**
2026-07-01,6.53,percent_annual,RU,"до 30 дней, включая ''до востребова-ния''"
2026-07-01,12.36,percent_annual,RU,"до 30 дней, кроме ''до востребова-ния''"
2026-07-01,12.39,percent_annual,RU,от 31 до 90 дней
2026-07-01,13.16,percent_annual,RU,от 91 до 180 дней
2026-07-01,13.06,percent_annual,RU,от 181 дня до 1 года
2026-07-01,12.81,percent_annual,RU,"до 1 года, включая ''до востребова-ния''"
2026-07-01,13.05,percent_annual,RU,"до 1 года, кроме ''до востребова-ния''"
2026-07-01,11.51,percent_annual,RU,от 1 года до 3 лет
2026-07-01,6.21,percent_annual,RU,свыше 3 лет
2026-07-01,10.63,percent_annual,RU,свыше 1 года
