date,value,unit,region,breakdown
1999-01-01,24.09,rub_per_unit,RU,EUR
1999-01-06,24.4,rub_per_unit,RU,EUR
1999-01-07,25.73,rub_per_unit,RU,EUR
1999-01-11,25.89,rub_per_unit,RU,EUR
1999-01-12,26.71,rub_per_unit,RU,EUR
1999-01-13,25.95,rub_per_unit,RU,EUR
1999-01-14,25.24,rub_per_unit,RU,EUR
1999-01-15,25,rub_per_unit,RU,EUR
1999-01-16,25.63,rub_per_unit,RU,EUR
1999-01-19,25.89,rub_per_unit,RU,EUR
1999-01-20,26.59,rub_per_unit,RU,EUR
1999-01-21,25.93,rub_per_unit,RU,EUR
1999-01-22,26.31,rub_per_unit,RU,EUR
1999-01-23,26.38,rub_per_unit,RU,EUR
1999-01-26,26.62,rub_per_unit,RU,EUR
1999-01-27,26.41,rub_per_unit,RU,EUR
1999-01-28,26.14,rub_per_unit,RU,EUR
1999-01-29,26.06,rub_per_unit,RU,EUR
1999-01-30,25.79,rub_per_unit,RU,EUR
1999-02-02,25.86,rub_per_unit,RU,EUR
1999-02-03,25.97,rub_per_unit,RU,EUR
1999-02-04,26.2,rub_per_unit,RU,EUR
1999-02-05,26.16,rub_per_unit,RU,EUR
1999-02-06,26.2,rub_per_unit,RU,EUR
1999-02-09,25.93,rub_per_unit,RU,EUR
1999-02-10,25.89,rub_per_unit,RU,EUR
1999-02-11,25.69,rub_per_unit,RU,EUR
1999-02-12,25.81,rub_per_unit,RU,EUR
1999-02-13,25.73,rub_per_unit,RU,EUR
1999-02-16,25.76,rub_per_unit,RU,EUR
1999-02-17,25.9,rub_per_unit,RU,EUR
1999-02-18,25.68,rub_per_unit,RU,EUR
1999-02-19,25.81,rub_per_unit,RU,EUR
1999-02-20,25.58,rub_per_unit,RU,EUR
1999-02-23,25.2,rub_per_unit,RU,EUR
1999-02-24,25.19,rub_per_unit,RU,EUR
1999-02-25,25.05,rub_per_unit,RU,EUR
1999-02-26,25.17,rub_per_unit,RU,EUR
1999-02-27,25.11,rub_per_unit,RU,EUR
1999-03-02,25.17,rub_per_unit,RU,EUR
1999-03-03,24.92,rub_per_unit,RU,EUR
1999-03-04,25.05,rub_per_unit,RU,EUR
1999-03-05,25,rub_per_unit,RU,EUR
1999-03-06,25,rub_per_unit,RU,EUR
1999-03-10,25.1,rub_per_unit,RU,EUR
1999-03-11,25,rub_per_unit,RU,EUR
1999-03-12,25.24,rub_per_unit,RU,EUR
1999-03-13,25.46,rub_per_unit,RU,EUR
1999-03-16,25.38,rub_per_unit,RU,EUR
1999-03-17,25.33,rub_per_unit,RU,EUR
1999-03-18,25.69,rub_per_unit,RU,EUR
1999-03-19,26.09,rub_per_unit,RU,EUR
1999-03-20,25.96,rub_per_unit,RU,EUR
1999-03-23,26,rub_per_unit,RU,EUR
1999-03-24,26.46,rub_per_unit,RU,EUR
1999-03-25,26.42,rub_per_unit,RU,EUR
1999-03-26,26.33,rub_per_unit,RU,EUR
1999-03-27,26.26,rub_per_unit,RU,EUR
1999-03-30,26.02,rub_per_unit,RU,EUR
1999-03-31,25.94,rub_per_unit,RU,EUR
1999-04-01,25.92,rub_per_unit,RU,EUR
1999-04-02,26.16,rub_per_unit,RU,EUR
1999-04-03,26.75,rub_per_unit,RU,EUR
1999-04-06,27.01,rub_per_unit,RU,EUR
1999-04-07,26.92,rub_per_unit,RU,EUR
1999-04-08,27.15,rub_per_unit,RU,EUR
1999-04-09,27.06,rub_per_unit,RU,EUR
1999-04-10,26.91,rub_per_unit,RU,EUR
1999-04-13,27.02,rub_per_unit,RU,EUR
1999-04-14,26.95,rub_per_unit,RU,EUR
1999-04-15,26.8,rub_per_unit,RU,EUR
1999-04-16,26.77,rub_per_unit,RU,EUR
1999-04-17,26.4,rub_per_unit,RU,EUR
1999-04-20,26.48,rub_per_unit,RU,EUR
1999-04-21,26.41,rub_per_unit,RU,EUR
1999-04-22,26.26,rub_per_unit,RU,EUR
1999-04-23,26.2,rub_per_unit,RU,EUR
1999-04-24,26.22,rub_per_unit,RU,EUR
1999-04-27,26.02,rub_per_unit,RU,EUR
1999-04-28,25.91,rub_per_unit,RU,EUR
1999-04-29,25.94,rub_per_unit,RU,EUR
1999-04-30,25.73,rub_per_unit,RU,EUR
1999-05-01,25.67,rub_per_unit,RU,EUR
1999-05-06,25.63,rub_per_unit,RU,EUR
1999-05-07,25.86,rub_per_unit,RU,EUR
1999-05-08,25.96,rub_per_unit,RU,EUR
1999-05-12,25.89,rub_per_unit,RU,EUR
1999-05-13,25.73,rub_per_unit,RU,EUR
1999-05-14,26.3,rub_per_unit,RU,EUR
1999-05-15,26.57,rub_per_unit,RU,EUR
1999-05-18,26.49,rub_per_unit,RU,EUR
1999-05-19,26.52,rub_per_unit,RU,EUR
1999-05-20,26.39,rub_per_unit,RU,EUR
1999-05-21,26.36,rub_per_unit,RU,EUR
1999-05-22,26.09,rub_per_unit,RU,EUR
1999-05-25,25.97,rub_per_unit,RU,EUR
1999-05-26,26.02,rub_per_unit,RU,EUR
1999-05-27,25.95,rub_per_unit,RU,EUR
1999-05-28,25.57,rub_per_unit,RU,EUR
1999-05-29,25.52,rub_per_unit,RU,EUR
1999-06-01,25.54,rub_per_unit,RU,EUR
1999-06-02,25.48,rub_per_unit,RU,EUR
1999-06-03,25.51,rub_per_unit,RU,EUR
1999-06-04,25.24,rub_per_unit,RU,EUR
1999-06-05,25.1,rub_per_unit,RU,EUR
1999-06-08,25.03,rub_per_unit,RU,EUR
1999-06-09,25.13,rub_per_unit,RU,EUR
1999-06-10,25.4,rub_per_unit,RU,EUR
1999-06-11,25.38,rub_per_unit,RU,EUR
1999-06-12,25.48,rub_per_unit,RU,EUR
1999-06-16,25.29,rub_per_unit,RU,EUR
1999-06-17,25.25,rub_per_unit,RU,EUR
1999-06-18,24.98,rub_per_unit,RU,EUR
1999-06-19,25,rub_per_unit,RU,EUR
1999-06-22,25.2,rub_per_unit,RU,EUR
1999-06-23,25.03,rub_per_unit,RU,EUR
1999-06-24,25.05,rub_per_unit,RU,EUR
1999-06-25,25.01,rub_per_unit,RU,EUR
1999-06-26,25.24,rub_per_unit,RU,EUR
1999-06-29,25.21,rub_per_unit,RU,EUR
1999-06-30,25.07,rub_per_unit,RU,EUR
1999-07-01,25.02,rub_per_unit,RU,EUR
1999-07-02,25.13,rub_per_unit,RU,EUR
1999-07-03,24.87,rub_per_unit,RU,EUR
1999-07-06,24.82,rub_per_unit,RU,EUR
1999-07-07,25.03,rub_per_unit,RU,EUR
1999-07-08,25.06,rub_per_unit,RU,EUR
1999-07-09,24.88,rub_per_unit,RU,EUR
1999-07-10,24.97,rub_per_unit,RU,EUR
1999-07-13,24.87,rub_per_unit,RU,EUR
1999-07-14,24.69,rub_per_unit,RU,EUR
1999-07-15,24.79,rub_per_unit,RU,EUR
1999-07-16,24.87,rub_per_unit,RU,EUR
1999-07-17,24.81,rub_per_unit,RU,EUR
1999-07-20,24.65,rub_per_unit,RU,EUR
1999-07-21,24.98,rub_per_unit,RU,EUR
1999-07-22,25.35,rub_per_unit,RU,EUR
1999-07-23,25.48,rub_per_unit,RU,EUR
1999-07-24,25.45,rub_per_unit,RU,EUR
1999-07-27,25.51,rub_per_unit,RU,EUR
1999-07-28,25.86,rub_per_unit,RU,EUR
1999-07-29,25.81,rub_per_unit,RU,EUR
1999-07-30,25.8,rub_per_unit,RU,EUR
1999-07-31,25.94,rub_per_unit,RU,EUR
1999-08-03,25.85,rub_per_unit,RU,EUR
1999-08-04,25.82,rub_per_unit,RU,EUR
1999-08-05,26.04,rub_per_unit,RU,EUR
1999-08-06,26.28,rub_per_unit,RU,EUR
1999-08-07,26.39,rub_per_unit,RU,EUR
1999-08-10,27.1,rub_per_unit,RU,EUR
1999-08-11,26.76,rub_per_unit,RU,EUR
1999-08-12,26.73,rub_per_unit,RU,EUR
1999-08-13,26.53,rub_per_unit,RU,EUR
1999-08-14,26.6,rub_per_unit,RU,EUR
1999-08-17,26.3,rub_per_unit,RU,EUR
1999-08-18,26.17,rub_per_unit,RU,EUR
1999-08-19,25.88,rub_per_unit,RU,EUR
1999-08-20,25.8,rub_per_unit,RU,EUR
1999-08-21,26.39,rub_per_unit,RU,EUR
1999-08-24,26.45,rub_per_unit,RU,EUR
1999-08-25,25.83,rub_per_unit,RU,EUR
1999-08-26,26.03,rub_per_unit,RU,EUR
1999-08-27,25.86,rub_per_unit,RU,EUR
1999-08-28,25.9,rub_per_unit,RU,EUR
1999-08-31,25.92,rub_per_unit,RU,EUR
1999-09-01,26.05,rub_per_unit,RU,EUR
1999-09-02,26.67,rub_per_unit,RU,EUR
1999-09-03,27.33,rub_per_unit,RU,EUR
1999-09-04,27.61,rub_per_unit,RU,EUR
1999-09-07,27.33,rub_per_unit,RU,EUR
1999-09-08,27.25,rub_per_unit,RU,EUR
1999-09-09,27.28,rub_per_unit,RU,EUR
1999-09-10,27.31,rub_per_unit,RU,EUR
1999-09-11,27.06,rub_per_unit,RU,EUR
1999-09-14,26.47,rub_per_unit,RU,EUR
1999-09-15,26.51,rub_per_unit,RU,EUR
1999-09-16,26.26,rub_per_unit,RU,EUR
1999-09-17,26.49,rub_per_unit,RU,EUR
1999-09-18,26.34,rub_per_unit,RU,EUR
1999-09-21,26.48,rub_per_unit,RU,EUR
1999-09-22,26.32,rub_per_unit,RU,EUR
1999-09-23,26.58,rub_per_unit,RU,EUR
1999-09-24,26.41,rub_per_unit,RU,EUR
1999-09-25,26.58,rub_per_unit,RU,EUR
1999-09-28,26.42,rub_per_unit,RU,EUR
1999-09-29,26.37,rub_per_unit,RU,EUR
1999-09-30,26.46,rub_per_unit,RU,EUR
1999-10-01,26.66,rub_per_unit,RU,EUR
1999-10-02,27.02,rub_per_unit,RU,EUR
1999-10-05,27.32,rub_per_unit,RU,EUR
1999-10-06,27.77,rub_per_unit,RU,EUR
1999-10-07,27.61,rub_per_unit,RU,EUR
1999-10-08,27.54,rub_per_unit,RU,EUR
1999-10-09,27.58,rub_per_unit,RU,EUR
1999-10-12,27.35,rub_per_unit,RU,EUR
1999-10-13,27.41,rub_per_unit,RU,EUR
1999-10-14,27.71,rub_per_unit,RU,EUR
1999-10-15,27.71,rub_per_unit,RU,EUR
1999-10-16,27.91,rub_per_unit,RU,EUR
1999-10-19,28.17,rub_per_unit,RU,EUR
1999-10-20,27.95,rub_per_unit,RU,EUR
1999-10-21,27.86,rub_per_unit,RU,EUR
1999-10-22,27.78,rub_per_unit,RU,EUR
1999-10-23,27.77,rub_per_unit,RU,EUR
1999-10-26,27.46,rub_per_unit,RU,EUR
1999-10-27,27.42,rub_per_unit,RU,EUR
1999-10-28,27.3,rub_per_unit,RU,EUR
1999-10-29,27.41,rub_per_unit,RU,EUR
1999-10-30,27.43,rub_per_unit,RU,EUR
1999-11-02,27.46,rub_per_unit,RU,EUR
1999-11-03,27.78,rub_per_unit,RU,EUR
1999-11-04,27.62,rub_per_unit,RU,EUR
1999-11-05,27.53,rub_per_unit,RU,EUR
1999-11-06,27.18,rub_per_unit,RU,EUR
1999-11-10,27.14,rub_per_unit,RU,EUR
1999-11-11,27.18,rub_per_unit,RU,EUR
1999-11-12,27.23,rub_per_unit,RU,EUR
1999-11-13,27.38,rub_per_unit,RU,EUR
1999-11-16,27.1,rub_per_unit,RU,EUR
1999-11-17,27.11,rub_per_unit,RU,EUR
1999-11-18,27.15,rub_per_unit,RU,EUR
1999-11-19,27.49,rub_per_unit,RU,EUR
1999-11-20,27.19,rub_per_unit,RU,EUR
1999-11-23,27.3,rub_per_unit,RU,EUR
1999-11-24,27.3,rub_per_unit,RU,EUR
1999-11-25,27.11,rub_per_unit,RU,EUR
1999-11-26,26.91,rub_per_unit,RU,EUR
1999-11-27,26.87,rub_per_unit,RU,EUR
1999-11-30,26.84,rub_per_unit,RU,EUR
1999-12-01,26.72,rub_per_unit,RU,EUR
1999-12-02,27,rub_per_unit,RU,EUR
1999-12-03,26.85,rub_per_unit,RU,EUR
1999-12-04,26.78,rub_per_unit,RU,EUR
1999-12-07,26.87,rub_per_unit,RU,EUR
1999-12-08,27.41,rub_per_unit,RU,EUR
1999-12-09,27.58,rub_per_unit,RU,EUR
1999-12-10,27.63,rub_per_unit,RU,EUR
1999-12-11,27.35,rub_per_unit,RU,EUR
1999-12-15,27.2,rub_per_unit,RU,EUR
1999-12-16,26.95,rub_per_unit,RU,EUR
1999-12-17,26.96,rub_per_unit,RU,EUR
1999-12-18,27.23,rub_per_unit,RU,EUR
1999-12-21,26.95,rub_per_unit,RU,EUR
1999-12-22,27.01,rub_per_unit,RU,EUR
1999-12-23,26.98,rub_per_unit,RU,EUR
1999-12-24,26.96,rub_per_unit,RU,EUR
1999-12-25,27.14,rub_per_unit,RU,EUR
1999-12-28,27.33,rub_per_unit,RU,EUR
1999-12-29,27.32,rub_per_unit,RU,EUR
1999-12-30,27.23,rub_per_unit,RU,EUR
2000-01-01,27.2,rub_per_unit,RU,EUR
2000-01-06,27.92,rub_per_unit,RU,EUR
2000-01-07,28.21,rub_per_unit,RU,EUR
2000-01-11,28.48,rub_per_unit,RU,EUR
2000-01-12,29.26,rub_per_unit,RU,EUR
2000-01-13,29.85,rub_per_unit,RU,EUR
2000-01-14,29.48,rub_per_unit,RU,EUR
2000-01-15,29.29,rub_per_unit,RU,EUR
2000-01-18,28.92,rub_per_unit,RU,EUR
2000-01-19,28.84,rub_per_unit,RU,EUR
2000-01-20,28.94,rub_per_unit,RU,EUR
2000-01-21,28.84,rub_per_unit,RU,EUR
2000-01-22,28.93,rub_per_unit,RU,EUR
2000-01-25,28.51,rub_per_unit,RU,EUR
2000-01-26,28.72,rub_per_unit,RU,EUR
2000-01-27,28.6,rub_per_unit,RU,EUR
2000-01-28,28.56,rub_per_unit,RU,EUR
2000-01-29,28.23,rub_per_unit,RU,EUR
2000-02-01,27.98,rub_per_unit,RU,EUR
2000-02-02,27.89,rub_per_unit,RU,EUR
2000-02-03,27.81,rub_per_unit,RU,EUR
2000-02-04,28,rub_per_unit,RU,EUR
2000-02-05,28.49,rub_per_unit,RU,EUR
2000-02-08,28.2,rub_per_unit,RU,EUR
2000-02-09,28.18,rub_per_unit,RU,EUR
2000-02-10,28.32,rub_per_unit,RU,EUR
2000-02-11,28.45,rub_per_unit,RU,EUR
2000-02-12,28.35,rub_per_unit,RU,EUR
2000-02-15,28.45,rub_per_unit,RU,EUR
2000-02-16,28.12,rub_per_unit,RU,EUR
2000-02-17,28.18,rub_per_unit,RU,EUR
2000-02-18,28.39,rub_per_unit,RU,EUR
2000-02-19,28.44,rub_per_unit,RU,EUR
2000-02-22,28.35,rub_per_unit,RU,EUR
2000-02-23,28.67,rub_per_unit,RU,EUR
2000-02-24,29.01,rub_per_unit,RU,EUR
2000-02-25,28.87,rub_per_unit,RU,EUR
2000-02-26,28.46,rub_per_unit,RU,EUR
2000-02-29,27.44,rub_per_unit,RU,EUR
2000-03-01,27.75,rub_per_unit,RU,EUR
2000-03-02,27.76,rub_per_unit,RU,EUR
2000-03-03,27.9,rub_per_unit,RU,EUR
2000-03-04,27.61,rub_per_unit,RU,EUR
2000-03-07,27.37,rub_per_unit,RU,EUR
2000-03-08,27.39,rub_per_unit,RU,EUR
2000-03-10,27.43,rub_per_unit,RU,EUR
2000-03-11,27.57,rub_per_unit,RU,EUR
2000-03-14,27.51,rub_per_unit,RU,EUR
2000-03-15,27.48,rub_per_unit,RU,EUR
2000-03-16,27.52,rub_per_unit,RU,EUR
2000-03-17,27.57,rub_per_unit,RU,EUR
2000-03-18,27.58,rub_per_unit,RU,EUR
2000-03-21,27.57,rub_per_unit,RU,EUR
2000-03-22,27.59,rub_per_unit,RU,EUR
2000-03-23,27.25,rub_per_unit,RU,EUR
2000-03-24,27.26,rub_per_unit,RU,EUR
2000-03-25,27.54,rub_per_unit,RU,EUR
2000-03-28,27.69,rub_per_unit,RU,EUR
2000-03-29,27.37,rub_per_unit,RU,EUR
2000-03-30,27.08,rub_per_unit,RU,EUR
2000-03-31,27.13,rub_per_unit,RU,EUR
2000-04-01,27.4,rub_per_unit,RU,EUR
2000-04-04,27.43,rub_per_unit,RU,EUR
2000-04-05,27.5,rub_per_unit,RU,EUR
2000-04-06,27.66,rub_per_unit,RU,EUR
2000-04-07,27.57,rub_per_unit,RU,EUR
2000-04-08,27.41,rub_per_unit,RU,EUR
2000-04-11,27.36,rub_per_unit,RU,EUR
2000-04-12,27.51,rub_per_unit,RU,EUR
2000-04-13,27.39,rub_per_unit,RU,EUR
2000-04-14,27.32,rub_per_unit,RU,EUR
2000-04-15,27.17,rub_per_unit,RU,EUR
2000-04-18,27.59,rub_per_unit,RU,EUR
2000-04-19,27.28,rub_per_unit,RU,EUR
2000-04-20,27.07,rub_per_unit,RU,EUR
2000-04-21,26.9,rub_per_unit,RU,EUR
2000-04-22,26.8,rub_per_unit,RU,EUR
2000-04-25,26.8,rub_per_unit,RU,EUR
2000-04-26,26.78,rub_per_unit,RU,EUR
2000-04-27,26.15,rub_per_unit,RU,EUR
2000-04-28,26.2,rub_per_unit,RU,EUR
2000-04-29,25.89,rub_per_unit,RU,EUR
2000-05-04,25.77,rub_per_unit,RU,EUR
2000-05-05,25.31,rub_per_unit,RU,EUR
2000-05-06,25.27,rub_per_unit,RU,EUR
2000-05-07,25.41,rub_per_unit,RU,EUR
2000-05-11,25.72,rub_per_unit,RU,EUR
2000-05-12,25.61,rub_per_unit,RU,EUR
2000-05-13,25.55,rub_per_unit,RU,EUR
2000-05-16,25.94,rub_per_unit,RU,EUR
2000-05-17,25.71,rub_per_unit,RU,EUR
2000-05-18,25.49,rub_per_unit,RU,EUR
2000-05-19,25.34,rub_per_unit,RU,EUR
2000-05-20,25.3,rub_per_unit,RU,EUR
2000-05-23,25.38,rub_per_unit,RU,EUR
2000-05-24,25.59,rub_per_unit,RU,EUR
2000-05-25,25.61,rub_per_unit,RU,EUR
2000-05-26,25.44,rub_per_unit,RU,EUR
2000-05-27,25.79,rub_per_unit,RU,EUR
2000-05-30,26.31,rub_per_unit,RU,EUR
2000-05-31,26.19,rub_per_unit,RU,EUR
2000-06-01,26.27,rub_per_unit,RU,EUR
2000-06-02,26.45,rub_per_unit,RU,EUR
2000-06-03,26.37,rub_per_unit,RU,EUR
2000-06-06,26.75,rub_per_unit,RU,EUR
2000-06-07,26.83,rub_per_unit,RU,EUR
2000-06-08,27.02,rub_per_unit,RU,EUR
2000-06-09,27.11,rub_per_unit,RU,EUR
2000-06-10,26.98,rub_per_unit,RU,EUR
2000-06-14,27.1,rub_per_unit,RU,EUR
2000-06-15,27.3,rub_per_unit,RU,EUR
2000-06-16,27.1,rub_per_unit,RU,EUR
2000-06-17,26.94,rub_per_unit,RU,EUR
2000-06-20,27.31,rub_per_unit,RU,EUR
2000-06-21,27.04,rub_per_unit,RU,EUR
2000-06-22,26.82,rub_per_unit,RU,EUR
2000-06-23,26.68,rub_per_unit,RU,EUR
2000-06-24,26.38,rub_per_unit,RU,EUR
2000-06-27,26.34,rub_per_unit,RU,EUR
2000-06-28,26.38,rub_per_unit,RU,EUR
2000-06-29,26.57,rub_per_unit,RU,EUR
2000-06-30,26.48,rub_per_unit,RU,EUR
2000-07-01,26.72,rub_per_unit,RU,EUR
2000-07-04,26.72,rub_per_unit,RU,EUR
2000-07-05,26.56,rub_per_unit,RU,EUR
2000-07-06,26.66,rub_per_unit,RU,EUR
2000-07-07,26.71,rub_per_unit,RU,EUR
2000-07-08,26.58,rub_per_unit,RU,EUR
2000-07-11,26.63,rub_per_unit,RU,EUR
2000-07-12,26.64,rub_per_unit,RU,EUR
2000-07-13,26.5,rub_per_unit,RU,EUR
2000-07-14,26.22,rub_per_unit,RU,EUR
2000-07-15,26.03,rub_per_unit,RU,EUR
2000-07-18,26.11,rub_per_unit,RU,EUR
2000-07-19,26.01,rub_per_unit,RU,EUR
2000-07-20,25.67,rub_per_unit,RU,EUR
2000-07-21,25.59,rub_per_unit,RU,EUR
2000-07-22,25.77,rub_per_unit,RU,EUR
2000-07-25,25.86,rub_per_unit,RU,EUR
2000-07-26,25.83,rub_per_unit,RU,EUR
2000-07-27,26,rub_per_unit,RU,EUR
2000-07-28,26.15,rub_per_unit,RU,EUR
2000-07-29,25.92,rub_per_unit,RU,EUR
2000-08-01,25.67,rub_per_unit,RU,EUR
2000-08-02,25.83,rub_per_unit,RU,EUR
2000-08-03,25.49,rub_per_unit,RU,EUR
2000-08-04,25.48,rub_per_unit,RU,EUR
2000-08-05,25.12,rub_per_unit,RU,EUR
2000-08-08,25.2,rub_per_unit,RU,EUR
2000-08-09,25.16,rub_per_unit,RU,EUR
2000-08-10,24.94,rub_per_unit,RU,EUR
2000-08-11,25.02,rub_per_unit,RU,EUR
2000-08-12,25.13,rub_per_unit,RU,EUR
2000-08-15,24.99,rub_per_unit,RU,EUR
2000-08-16,25.14,rub_per_unit,RU,EUR
2000-08-17,25.4,rub_per_unit,RU,EUR
2000-08-18,25.36,rub_per_unit,RU,EUR
2000-08-19,25.38,rub_per_unit,RU,EUR
2000-08-22,25.12,rub_per_unit,RU,EUR
2000-08-23,25.02,rub_per_unit,RU,EUR
2000-08-24,24.77,rub_per_unit,RU,EUR
2000-08-25,24.99,rub_per_unit,RU,EUR
2000-08-26,24.88,rub_per_unit,RU,EUR
2000-08-29,25.04,rub_per_unit,RU,EUR
2000-08-30,24.93,rub_per_unit,RU,EUR
2000-08-31,24.74,rub_per_unit,RU,EUR
2000-09-01,24.81,rub_per_unit,RU,EUR
2000-09-02,24.65,rub_per_unit,RU,EUR
2000-09-05,25,rub_per_unit,RU,EUR
2000-09-06,24.94,rub_per_unit,RU,EUR
2000-09-07,24.73,rub_per_unit,RU,EUR
2000-09-08,24.19,rub_per_unit,RU,EUR
2000-09-09,24.22,rub_per_unit,RU,EUR
2000-09-12,24.2,rub_per_unit,RU,EUR
2000-09-13,23.9,rub_per_unit,RU,EUR
2000-09-14,23.95,rub_per_unit,RU,EUR
2000-09-15,23.84,rub_per_unit,RU,EUR
2000-09-16,23.98,rub_per_unit,RU,EUR
2000-09-19,23.72,rub_per_unit,RU,EUR
2000-09-20,23.67,rub_per_unit,RU,EUR
2000-09-21,23.63,rub_per_unit,RU,EUR
2000-09-22,23.59,rub_per_unit,RU,EUR
2000-09-23,23.9,rub_per_unit,RU,EUR
2000-09-26,24.56,rub_per_unit,RU,EUR
2000-09-27,24.32,rub_per_unit,RU,EUR
2000-09-28,24.59,rub_per_unit,RU,EUR
2000-09-29,24.5,rub_per_unit,RU,EUR
2000-09-30,24.42,rub_per_unit,RU,EUR
2000-10-03,24.47,rub_per_unit,RU,EUR
2000-10-04,24.36,rub_per_unit,RU,EUR
2000-10-05,24.38,rub_per_unit,RU,EUR
2000-10-06,24.35,rub_per_unit,RU,EUR
2000-10-07,24.26,rub_per_unit,RU,EUR
2000-10-10,24.24,rub_per_unit,RU,EUR
2000-10-11,24.24,rub_per_unit,RU,EUR
2000-10-12,24.32,rub_per_unit,RU,EUR
2000-10-13,24.2,rub_per_unit,RU,EUR
2000-10-14,24.07,rub_per_unit,RU,EUR
2000-10-17,23.78,rub_per_unit,RU,EUR
2000-10-18,23.61,rub_per_unit,RU,EUR
2000-10-19,23.84,rub_per_unit,RU,EUR
2000-10-20,23.44,rub_per_unit,RU,EUR
2000-10-21,23.64,rub_per_unit,RU,EUR
2000-10-24,23.47,rub_per_unit,RU,EUR
2000-10-25,23.35,rub_per_unit,RU,EUR
2000-10-26,23.32,rub_per_unit,RU,EUR
2000-10-27,23.07,rub_per_unit,RU,EUR
2000-10-28,23.12,rub_per_unit,RU,EUR
2000-10-31,23.42,rub_per_unit,RU,EUR
2000-11-01,23.35,rub_per_unit,RU,EUR
2000-11-02,23.7,rub_per_unit,RU,EUR
2000-11-03,23.95,rub_per_unit,RU,EUR
2000-11-04,23.92,rub_per_unit,RU,EUR
2000-11-05,24.14,rub_per_unit,RU,EUR
2000-11-09,23.96,rub_per_unit,RU,EUR
2000-11-10,23.64,rub_per_unit,RU,EUR
2000-11-11,24.1,rub_per_unit,RU,EUR
2000-11-14,24.02,rub_per_unit,RU,EUR
2000-11-15,23.83,rub_per_unit,RU,EUR
2000-11-16,23.77,rub_per_unit,RU,EUR
2000-11-17,23.83,rub_per_unit,RU,EUR
2000-11-18,23.78,rub_per_unit,RU,EUR
2000-11-21,23.65,rub_per_unit,RU,EUR
2000-11-22,23.71,rub_per_unit,RU,EUR
2000-11-23,23.6,rub_per_unit,RU,EUR
2000-11-24,23.51,rub_per_unit,RU,EUR
2000-11-25,23.37,rub_per_unit,RU,EUR
2000-11-28,23.43,rub_per_unit,RU,EUR
2000-11-29,23.78,rub_per_unit,RU,EUR
2000-11-30,23.88,rub_per_unit,RU,EUR
2000-12-01,23.97,rub_per_unit,RU,EUR
2000-12-02,24.41,rub_per_unit,RU,EUR
2000-12-05,24.51,rub_per_unit,RU,EUR
2000-12-06,24.78,rub_per_unit,RU,EUR
2000-12-07,24.56,rub_per_unit,RU,EUR
2000-12-08,24.97,rub_per_unit,RU,EUR
2000-12-09,24.8,rub_per_unit,RU,EUR
2000-12-10,24.81,rub_per_unit,RU,EUR
2000-12-14,24.53,rub_per_unit,RU,EUR
2000-12-15,24.53,rub_per_unit,RU,EUR
2000-12-16,24.98,rub_per_unit,RU,EUR
2000-12-19,25.12,rub_per_unit,RU,EUR
2000-12-20,24.99,rub_per_unit,RU,EUR
2000-12-21,25.11,rub_per_unit,RU,EUR
2000-12-22,25.33,rub_per_unit,RU,EUR
2000-12-23,25.62,rub_per_unit,RU,EUR
2000-12-26,25.84,rub_per_unit,RU,EUR
2000-12-27,25.96,rub_per_unit,RU,EUR
2000-12-28,26.2,rub_per_unit,RU,EUR
2000-12-29,26.15,rub_per_unit,RU,EUR
2000-12-30,26.14,rub_per_unit,RU,EUR
2001-01-04,26.79,rub_per_unit,RU,EUR
2001-01-05,26.53,rub_per_unit,RU,EUR
2001-01-06,27.18,rub_per_unit,RU,EUR
2001-01-10,26.86,rub_per_unit,RU,EUR
2001-01-11,26.77,rub_per_unit,RU,EUR
2001-01-12,26.69,rub_per_unit,RU,EUR
2001-01-13,27.09,rub_per_unit,RU,EUR
2001-01-16,26.82,rub_per_unit,RU,EUR
2001-01-17,26.62,rub_per_unit,RU,EUR
2001-01-18,26.76,rub_per_unit,RU,EUR
2001-01-19,26.62,rub_per_unit,RU,EUR
2001-01-20,26.82,rub_per_unit,RU,EUR
2001-01-23,26.5,rub_per_unit,RU,EUR
2001-01-24,26.75,rub_per_unit,RU,EUR
2001-01-25,26.57,rub_per_unit,RU,EUR
2001-01-26,26.16,rub_per_unit,RU,EUR
2001-01-27,26.18,rub_per_unit,RU,EUR
2001-01-30,26.18,rub_per_unit,RU,EUR
2001-01-31,26,rub_per_unit,RU,EUR
2001-02-01,26.31,rub_per_unit,RU,EUR
2001-02-02,26.72,rub_per_unit,RU,EUR
2001-02-03,26.71,rub_per_unit,RU,EUR
2001-02-06,26.69,rub_per_unit,RU,EUR
2001-02-07,26.63,rub_per_unit,RU,EUR
2001-02-08,26.43,rub_per_unit,RU,EUR
2001-02-09,26.46,rub_per_unit,RU,EUR
2001-02-10,26.28,rub_per_unit,RU,EUR
2001-02-13,26.62,rub_per_unit,RU,EUR
2001-02-14,26.66,rub_per_unit,RU,EUR
2001-02-15,26.36,rub_per_unit,RU,EUR
2001-02-16,26.35,rub_per_unit,RU,EUR
2001-02-17,26,rub_per_unit,RU,EUR
2001-02-20,26.2,rub_per_unit,RU,EUR
2001-02-21,26.43,rub_per_unit,RU,EUR
2001-02-22,25.99,rub_per_unit,RU,EUR
2001-02-23,26.02,rub_per_unit,RU,EUR
2001-02-24,25.96,rub_per_unit,RU,EUR
2001-02-27,26.39,rub_per_unit,RU,EUR
2001-02-28,26.22,rub_per_unit,RU,EUR
2001-03-01,26.29,rub_per_unit,RU,EUR
2001-03-02,26.42,rub_per_unit,RU,EUR
2001-03-03,26.63,rub_per_unit,RU,EUR
2001-03-06,26.75,rub_per_unit,RU,EUR
2001-03-07,26.6,rub_per_unit,RU,EUR
2001-03-08,26.8,rub_per_unit,RU,EUR
2001-03-12,26.72,rub_per_unit,RU,EUR
2001-03-13,26.75,rub_per_unit,RU,EUR
2001-03-14,26.51,rub_per_unit,RU,EUR
2001-03-15,26.18,rub_per_unit,RU,EUR
2001-03-16,26.06,rub_per_unit,RU,EUR
2001-03-17,25.71,rub_per_unit,RU,EUR
2001-03-20,25.63,rub_per_unit,RU,EUR
2001-03-21,25.88,rub_per_unit,RU,EUR
2001-03-22,26.03,rub_per_unit,RU,EUR
2001-03-23,25.67,rub_per_unit,RU,EUR
2001-03-24,25.62,rub_per_unit,RU,EUR
2001-03-27,25.65,rub_per_unit,RU,EUR
2001-03-28,25.71,rub_per_unit,RU,EUR
2001-03-29,25.71,rub_per_unit,RU,EUR
2001-03-30,25.5,rub_per_unit,RU,EUR
2001-03-31,25.29,rub_per_unit,RU,EUR
2001-04-03,25.23,rub_per_unit,RU,EUR
2001-04-04,25.47,rub_per_unit,RU,EUR
2001-04-05,25.86,rub_per_unit,RU,EUR
2001-04-06,26.14,rub_per_unit,RU,EUR
2001-04-07,25.9,rub_per_unit,RU,EUR
2001-04-10,26.02,rub_per_unit,RU,EUR
2001-04-11,25.85,rub_per_unit,RU,EUR
2001-04-12,25.68,rub_per_unit,RU,EUR
2001-04-13,25.64,rub_per_unit,RU,EUR
2001-04-14,25.71,rub_per_unit,RU,EUR
2001-04-17,25.64,rub_per_unit,RU,EUR
2001-04-18,25.67,rub_per_unit,RU,EUR
2001-04-19,25.44,rub_per_unit,RU,EUR
2001-04-20,25.62,rub_per_unit,RU,EUR
2001-04-21,25.86,rub_per_unit,RU,EUR
2001-04-24,26.12,rub_per_unit,RU,EUR
2001-04-25,25.9,rub_per_unit,RU,EUR
2001-04-26,25.82,rub_per_unit,RU,EUR
2001-04-27,25.88,rub_per_unit,RU,EUR
2001-04-28,26.02,rub_per_unit,RU,EUR
2001-04-29,25.67,rub_per_unit,RU,EUR
2001-05-04,25.9,rub_per_unit,RU,EUR
2001-05-05,25.8,rub_per_unit,RU,EUR
2001-05-08,25.84,rub_per_unit,RU,EUR
2001-05-09,25.75,rub_per_unit,RU,EUR
2001-05-11,25.66,rub_per_unit,RU,EUR
2001-05-12,25.5,rub_per_unit,RU,EUR
2001-05-15,25.33,rub_per_unit,RU,EUR
2001-05-16,25.4,rub_per_unit,RU,EUR
2001-05-17,25.42,rub_per_unit,RU,EUR
2001-05-18,25.71,rub_per_unit,RU,EUR
2001-05-19,25.65,rub_per_unit,RU,EUR
2001-05-22,25.65,rub_per_unit,RU,EUR
2001-05-23,25.43,rub_per_unit,RU,EUR
2001-05-24,25.15,rub_per_unit,RU,EUR
2001-05-25,24.9,rub_per_unit,RU,EUR
2001-05-26,25.01,rub_per_unit,RU,EUR
2001-05-29,24.98,rub_per_unit,RU,EUR
2001-05-30,24.93,rub_per_unit,RU,EUR
2001-05-31,24.87,rub_per_unit,RU,EUR
2001-06-01,24.82,rub_per_unit,RU,EUR
2001-06-02,24.72,rub_per_unit,RU,EUR
2001-06-05,24.83,rub_per_unit,RU,EUR
2001-06-06,24.63,rub_per_unit,RU,EUR
2001-06-07,24.86,rub_per_unit,RU,EUR
2001-06-08,24.7,rub_per_unit,RU,EUR
2001-06-09,24.71,rub_per_unit,RU,EUR
2001-06-10,24.78,rub_per_unit,RU,EUR
2001-06-14,24.85,rub_per_unit,RU,EUR
2001-06-15,24.86,rub_per_unit,RU,EUR
2001-06-16,25.07,rub_per_unit,RU,EUR
2001-06-19,25.08,rub_per_unit,RU,EUR
2001-06-20,25,rub_per_unit,RU,EUR
2001-06-21,24.86,rub_per_unit,RU,EUR
2001-06-22,24.87,rub_per_unit,RU,EUR
2001-06-23,24.85,rub_per_unit,RU,EUR
2001-06-26,25.01,rub_per_unit,RU,EUR
2001-06-27,25.04,rub_per_unit,RU,EUR
2001-06-28,25.14,rub_per_unit,RU,EUR
2001-06-29,25.03,rub_per_unit,RU,EUR
2001-06-30,24.57,rub_per_unit,RU,EUR
2001-07-03,24.7,rub_per_unit,RU,EUR
2001-07-04,24.74,rub_per_unit,RU,EUR
2001-07-05,24.72,rub_per_unit,RU,EUR
2001-07-06,24.62,rub_per_unit,RU,EUR
2001-07-07,24.39,rub_per_unit,RU,EUR
2001-07-10,24.79,rub_per_unit,RU,EUR
2001-07-11,24.88,rub_per_unit,RU,EUR
2001-07-12,24.96,rub_per_unit,RU,EUR
2001-07-13,25.02,rub_per_unit,RU,EUR
2001-07-14,24.89,rub_per_unit,RU,EUR
2001-07-17,25.01,rub_per_unit,RU,EUR
2001-07-18,24.87,rub_per_unit,RU,EUR
2001-07-19,25.13,rub_per_unit,RU,EUR
2001-07-20,25.53,rub_per_unit,RU,EUR
2001-07-21,25.55,rub_per_unit,RU,EUR
2001-07-24,25.48,rub_per_unit,RU,EUR
2001-07-25,25.46,rub_per_unit,RU,EUR
2001-07-26,25.54,rub_per_unit,RU,EUR
2001-07-27,25.75,rub_per_unit,RU,EUR
2001-07-28,25.7,rub_per_unit,RU,EUR
2001-07-31,25.6,rub_per_unit,RU,EUR
2001-08-01,25.68,rub_per_unit,RU,EUR
2001-08-02,25.81,rub_per_unit,RU,EUR
2001-08-03,25.88,rub_per_unit,RU,EUR
2001-08-04,25.88,rub_per_unit,RU,EUR
2001-08-07,25.83,rub_per_unit,RU,EUR
2001-08-08,25.78,rub_per_unit,RU,EUR
2001-08-09,25.71,rub_per_unit,RU,EUR
2001-08-10,25.95,rub_per_unit,RU,EUR
2001-08-11,26.16,rub_per_unit,RU,EUR
2001-08-14,26.21,rub_per_unit,RU,EUR
2001-08-15,26.33,rub_per_unit,RU,EUR
2001-08-16,26.51,rub_per_unit,RU,EUR
2001-08-17,26.88,rub_per_unit,RU,EUR
2001-08-18,26.76,rub_per_unit,RU,EUR
2001-08-21,26.99,rub_per_unit,RU,EUR
2001-08-22,26.77,rub_per_unit,RU,EUR
2001-08-23,26.9,rub_per_unit,RU,EUR
2001-08-24,26.84,rub_per_unit,RU,EUR
2001-08-25,26.9,rub_per_unit,RU,EUR
2001-08-28,26.73,rub_per_unit,RU,EUR
2001-08-29,26.53,rub_per_unit,RU,EUR
2001-08-30,26.8,rub_per_unit,RU,EUR
2001-08-31,26.67,rub_per_unit,RU,EUR
2001-09-01,27.01,rub_per_unit,RU,EUR
2001-09-04,26.72,rub_per_unit,RU,EUR
2001-09-05,26.51,rub_per_unit,RU,EUR
2001-09-06,26.12,rub_per_unit,RU,EUR
2001-09-07,26.14,rub_per_unit,RU,EUR
2001-09-08,26.34,rub_per_unit,RU,EUR
2001-09-11,26.62,rub_per_unit,RU,EUR
2001-09-12,26.44,rub_per_unit,RU,EUR
2001-09-13,26.94,rub_per_unit,RU,EUR
2001-09-14,26.72,rub_per_unit,RU,EUR
2001-09-15,26.78,rub_per_unit,RU,EUR
2001-09-18,27.29,rub_per_unit,RU,EUR
2001-09-19,27.14,rub_per_unit,RU,EUR
2001-09-20,27.24,rub_per_unit,RU,EUR
2001-09-21,27.3,rub_per_unit,RU,EUR
2001-09-22,27.1,rub_per_unit,RU,EUR
2001-09-25,26.89,rub_per_unit,RU,EUR
2001-09-26,26.93,rub_per_unit,RU,EUR
2001-09-27,27.13,rub_per_unit,RU,EUR
2001-09-28,27.02,rub_per_unit,RU,EUR
2001-09-29,26.86,rub_per_unit,RU,EUR
2001-10-02,26.77,rub_per_unit,RU,EUR
2001-10-03,26.99,rub_per_unit,RU,EUR
2001-10-04,27.16,rub_per_unit,RU,EUR
2001-10-05,27.02,rub_per_unit,RU,EUR
2001-10-06,27.12,rub_per_unit,RU,EUR
2001-10-09,27.09,rub_per_unit,RU,EUR
2001-10-10,27.19,rub_per_unit,RU,EUR
2001-10-11,26.95,rub_per_unit,RU,EUR
2001-10-12,26.93,rub_per_unit,RU,EUR
2001-10-13,26.61,rub_per_unit,RU,EUR
2001-10-16,26.93,rub_per_unit,RU,EUR
2001-10-17,26.74,rub_per_unit,RU,EUR
2001-10-18,26.8,rub_per_unit,RU,EUR
2001-10-19,26.68,rub_per_unit,RU,EUR
2001-10-20,26.67,rub_per_unit,RU,EUR
2001-10-23,26.57,rub_per_unit,RU,EUR
2001-10-24,26.35,rub_per_unit,RU,EUR
2001-10-25,26.35,rub_per_unit,RU,EUR
2001-10-26,26.4,rub_per_unit,RU,EUR
2001-10-27,26.51,rub_per_unit,RU,EUR
2001-10-30,26.54,rub_per_unit,RU,EUR
2001-10-31,26.87,rub_per_unit,RU,EUR
2001-11-01,26.89,rub_per_unit,RU,EUR
2001-11-02,26.77,rub_per_unit,RU,EUR
2001-11-03,26.89,rub_per_unit,RU,EUR
2001-11-06,26.71,rub_per_unit,RU,EUR
2001-11-07,26.62,rub_per_unit,RU,EUR
2001-11-09,26.63,rub_per_unit,RU,EUR
2001-11-10,26.43,rub_per_unit,RU,EUR
2001-11-13,26.55,rub_per_unit,RU,EUR
2001-11-14,26.47,rub_per_unit,RU,EUR
2001-11-15,26.21,rub_per_unit,RU,EUR
2001-11-16,26.24,rub_per_unit,RU,EUR
2001-11-17,26.28,rub_per_unit,RU,EUR
2001-11-20,26.26,rub_per_unit,RU,EUR
2001-11-21,26.39,rub_per_unit,RU,EUR
2001-11-22,26.34,rub_per_unit,RU,EUR
2001-11-23,26.21,rub_per_unit,RU,EUR
2001-11-24,26.34,rub_per_unit,RU,EUR
2001-11-27,26.34,rub_per_unit,RU,EUR
2001-11-28,26.42,rub_per_unit,RU,EUR
2001-11-29,26.52,rub_per_unit,RU,EUR
2001-11-30,26.52,rub_per_unit,RU,EUR
2001-12-01,26.52,rub_per_unit,RU,EUR
2001-12-04,26.77,rub_per_unit,RU,EUR
2001-12-05,26.61,rub_per_unit,RU,EUR
2001-12-06,26.72,rub_per_unit,RU,EUR
2001-12-07,26.57,rub_per_unit,RU,EUR
2001-12-08,26.75,rub_per_unit,RU,EUR
2001-12-11,26.79,rub_per_unit,RU,EUR
2001-12-12,26.83,rub_per_unit,RU,EUR
2001-12-14,27.09,rub_per_unit,RU,EUR
2001-12-15,27.04,rub_per_unit,RU,EUR
2001-12-18,27.32,rub_per_unit,RU,EUR
2001-12-19,27.32,rub_per_unit,RU,EUR
2001-12-20,27.32,rub_per_unit,RU,EUR
2001-12-21,27.19,rub_per_unit,RU,EUR
2001-12-22,27,rub_per_unit,RU,EUR
2001-12-25,26.79,rub_per_unit,RU,EUR
2001-12-26,26.49,rub_per_unit,RU,EUR
2001-12-27,26.58,rub_per_unit,RU,EUR
2001-12-28,26.49,rub_per_unit,RU,EUR
2002-01-01,26.6172,rub_per_unit,RU,EUR
2002-01-04,27.229,rub_per_unit,RU,EUR
2002-01-05,27.0933,rub_per_unit,RU,EUR
2002-01-09,26.8884,rub_per_unit,RU,EUR
2002-01-10,27.2946,rub_per_unit,RU,EUR
2002-01-11,27.1907,rub_per_unit,RU,EUR
2002-01-12,27.1372,rub_per_unit,RU,EUR
2002-01-15,27.2245,rub_per_unit,RU,EUR
2002-01-16,27.2204,rub_per_unit,RU,EUR
2002-01-17,26.9149,rub_per_unit,RU,EUR
2002-01-18,26.9928,rub_per_unit,RU,EUR
2002-01-19,26.9552,rub_per_unit,RU,EUR
2002-01-22,27.0561,rub_per_unit,RU,EUR
2002-01-23,26.9759,rub_per_unit,RU,EUR
2002-01-24,27.1125,rub_per_unit,RU,EUR
2002-01-25,26.8368,rub_per_unit,RU,EUR
2002-01-26,26.8348,rub_per_unit,RU,EUR
2002-01-29,26.5106,rub_per_unit,RU,EUR
2002-01-30,26.4146,rub_per_unit,RU,EUR
2002-01-31,26.5456,rub_per_unit,RU,EUR
2002-02-01,26.4306,rub_per_unit,RU,EUR
2002-02-02,26.2981,rub_per_unit,RU,EUR
2002-02-05,26.4738,rub_per_unit,RU,EUR
2002-02-06,26.7642,rub_per_unit,RU,EUR
2002-02-07,26.6168,rub_per_unit,RU,EUR
2002-02-08,26.6404,rub_per_unit,RU,EUR
2002-02-09,26.8235,rub_per_unit,RU,EUR
2002-02-12,26.8718,rub_per_unit,RU,EUR
2002-02-13,27.0393,rub_per_unit,RU,EUR
2002-02-14,26.9945,rub_per_unit,RU,EUR
2002-02-15,26.8667,rub_per_unit,RU,EUR
2002-02-16,26.8879,rub_per_unit,RU,EUR
2002-02-19,26.9156,rub_per_unit,RU,EUR
2002-02-20,26.86,rub_per_unit,RU,EUR
2002-02-21,27.1007,rub_per_unit,RU,EUR
2002-02-22,26.8372,rub_per_unit,RU,EUR
2002-02-23,26.8007,rub_per_unit,RU,EUR
2002-02-27,26.8971,rub_per_unit,RU,EUR
2002-02-28,26.712,rub_per_unit,RU,EUR
2002-03-01,26.7634,rub_per_unit,RU,EUR
2002-03-02,26.8343,rub_per_unit,RU,EUR
2002-03-05,26.823,rub_per_unit,RU,EUR
2002-03-06,26.9466,rub_per_unit,RU,EUR
2002-03-07,27.0025,rub_per_unit,RU,EUR
2002-03-08,27.1978,rub_per_unit,RU,EUR
2002-03-12,27.1834,rub_per_unit,RU,EUR
2002-03-13,27.1975,rub_per_unit,RU,EUR
2002-03-14,27.1727,rub_per_unit,RU,EUR
2002-03-15,27.2326,rub_per_unit,RU,EUR
2002-03-16,27.4543,rub_per_unit,RU,EUR
2002-03-19,27.3598,rub_per_unit,RU,EUR
2002-03-20,27.4458,rub_per_unit,RU,EUR
2002-03-21,27.3966,rub_per_unit,RU,EUR
2002-03-22,27.5697,rub_per_unit,RU,EUR
2002-03-23,27.445,rub_per_unit,RU,EUR
2002-03-26,27.3101,rub_per_unit,RU,EUR
2002-03-27,27.3181,rub_per_unit,RU,EUR
2002-03-28,27.2658,rub_per_unit,RU,EUR
2002-03-29,27.1477,rub_per_unit,RU,EUR
2002-03-30,27.1515,rub_per_unit,RU,EUR
2002-04-02,27.2493,rub_per_unit,RU,EUR
2002-04-03,27.4076,rub_per_unit,RU,EUR
2002-04-04,27.4096,rub_per_unit,RU,EUR
2002-04-05,27.4793,rub_per_unit,RU,EUR
2002-04-06,27.384,rub_per_unit,RU,EUR
2002-04-09,27.3998,rub_per_unit,RU,EUR
2002-04-10,27.2408,rub_per_unit,RU,EUR
2002-04-11,27.462,rub_per_unit,RU,EUR
2002-04-12,27.4575,rub_per_unit,RU,EUR
2002-04-13,27.4482,rub_per_unit,RU,EUR
2002-04-16,27.4607,rub_per_unit,RU,EUR
2002-04-17,27.4461,rub_per_unit,RU,EUR
2002-04-18,27.5256,rub_per_unit,RU,EUR
2002-04-19,27.7555,rub_per_unit,RU,EUR
2002-04-20,27.7828,rub_per_unit,RU,EUR
2002-04-23,27.7093,rub_per_unit,RU,EUR
2002-04-24,27.6486,rub_per_unit,RU,EUR
2002-04-25,27.6838,rub_per_unit,RU,EUR
2002-04-26,27.8609,rub_per_unit,RU,EUR
2002-04-27,28.0343,rub_per_unit,RU,EUR
2002-04-28,28.1278,rub_per_unit,RU,EUR
2002-04-30,28.1453,rub_per_unit,RU,EUR
2002-05-01,28.1785,rub_per_unit,RU,EUR
2002-05-07,28.5699,rub_per_unit,RU,EUR
2002-05-08,28.5778,rub_per_unit,RU,EUR
2002-05-09,28.5089,rub_per_unit,RU,EUR
2002-05-14,28.613,rub_per_unit,RU,EUR
2002-05-15,28.3551,rub_per_unit,RU,EUR
2002-05-16,28.1846,rub_per_unit,RU,EUR
2002-05-17,28.4674,rub_per_unit,RU,EUR
2002-05-18,28.5486,rub_per_unit,RU,EUR
2002-05-19,28.7768,rub_per_unit,RU,EUR
2002-05-21,28.7797,rub_per_unit,RU,EUR
2002-05-22,28.7921,rub_per_unit,RU,EUR
2002-05-23,28.8203,rub_per_unit,RU,EUR
2002-05-24,28.9356,rub_per_unit,RU,EUR
2002-05-25,28.7978,rub_per_unit,RU,EUR
2002-05-28,28.8072,rub_per_unit,RU,EUR
2002-05-29,28.8407,rub_per_unit,RU,EUR
2002-05-30,29.0874,rub_per_unit,RU,EUR
2002-05-31,29.3254,rub_per_unit,RU,EUR
2002-06-01,29.3711,rub_per_unit,RU,EUR
2002-06-04,29.2125,rub_per_unit,RU,EUR
2002-06-05,29.4946,rub_per_unit,RU,EUR
2002-06-06,29.4961,rub_per_unit,RU,EUR
2002-06-07,29.3331,rub_per_unit,RU,EUR
2002-06-08,29.6953,rub_per_unit,RU,EUR
2002-06-11,29.5643,rub_per_unit,RU,EUR
2002-06-12,29.6348,rub_per_unit,RU,EUR
2002-06-14,29.6471,rub_per_unit,RU,EUR
2002-06-15,29.6603,rub_per_unit,RU,EUR
2002-06-18,29.6889,rub_per_unit,RU,EUR
2002-06-19,29.7404,rub_per_unit,RU,EUR
2002-06-20,30.0129,rub_per_unit,RU,EUR
2002-06-21,30.1292,rub_per_unit,RU,EUR
2002-06-22,30.368,rub_per_unit,RU,EUR
2002-06-25,30.5913,rub_per_unit,RU,EUR
2002-06-26,30.5661,rub_per_unit,RU,EUR
2002-06-27,31.077,rub_per_unit,RU,EUR
2002-06-28,30.9423,rub_per_unit,RU,EUR
2002-06-29,31.0792,rub_per_unit,RU,EUR
2002-07-02,31.3238,rub_per_unit,RU,EUR
2002-07-03,31.0334,rub_per_unit,RU,EUR
2002-07-04,30.9267,rub_per_unit,RU,EUR
2002-07-05,30.788,rub_per_unit,RU,EUR
2002-07-06,30.7025,rub_per_unit,RU,EUR
2002-07-09,31.0917,rub_per_unit,RU,EUR
2002-07-10,31.1715,rub_per_unit,RU,EUR
2002-07-11,31.3646,rub_per_unit,RU,EUR
2002-07-12,31.2062,rub_per_unit,RU,EUR
2002-07-13,31.139,rub_per_unit,RU,EUR
2002-07-16,31.331,rub_per_unit,RU,EUR
2002-07-17,31.6605,rub_per_unit,RU,EUR
2002-07-18,31.9401,rub_per_unit,RU,EUR
2002-07-19,31.757,rub_per_unit,RU,EUR
2002-07-20,32.0598,rub_per_unit,RU,EUR
2002-07-23,31.8837,rub_per_unit,RU,EUR
2002-07-24,31.4763,rub_per_unit,RU,EUR
2002-07-25,31.2389,rub_per_unit,RU,EUR
2002-07-26,31.5901,rub_per_unit,RU,EUR
2002-07-27,31.5258,rub_per_unit,RU,EUR
2002-07-30,31.083,rub_per_unit,RU,EUR
2002-07-31,30.8019,rub_per_unit,RU,EUR
2002-08-01,30.8717,rub_per_unit,RU,EUR
2002-08-02,30.7988,rub_per_unit,RU,EUR
2002-08-03,31.1022,rub_per_unit,RU,EUR
2002-08-06,31.0394,rub_per_unit,RU,EUR
2002-08-07,30.8292,rub_per_unit,RU,EUR
2002-08-08,30.5476,rub_per_unit,RU,EUR
2002-08-09,30.7912,rub_per_unit,RU,EUR
2002-08-10,30.6353,rub_per_unit,RU,EUR
2002-08-13,30.7375,rub_per_unit,RU,EUR
2002-08-14,30.8479,rub_per_unit,RU,EUR
2002-08-15,31.1336,rub_per_unit,RU,EUR
2002-08-16,30.8665,rub_per_unit,RU,EUR
2002-08-17,30.9639,rub_per_unit,RU,EUR
2002-08-20,31.088,rub_per_unit,RU,EUR
2002-08-21,30.8611,rub_per_unit,RU,EUR
2002-08-22,31.0557,rub_per_unit,RU,EUR
2002-08-23,30.8765,rub_per_unit,RU,EUR
2002-08-24,30.5748,rub_per_unit,RU,EUR
2002-08-27,30.655,rub_per_unit,RU,EUR
2002-08-28,30.7906,rub_per_unit,RU,EUR
2002-08-29,30.95,rub_per_unit,RU,EUR
2002-08-30,31.0124,rub_per_unit,RU,EUR
2002-08-31,31.0938,rub_per_unit,RU,EUR
2002-09-03,30.9896,rub_per_unit,RU,EUR
2002-09-04,31.1786,rub_per_unit,RU,EUR
2002-09-05,31.5074,rub_per_unit,RU,EUR
2002-09-06,31.4469,rub_per_unit,RU,EUR
2002-09-07,31.4226,rub_per_unit,RU,EUR
2002-09-10,30.9943,rub_per_unit,RU,EUR
2002-09-11,30.8632,rub_per_unit,RU,EUR
2002-09-12,30.872,rub_per_unit,RU,EUR
2002-09-13,30.8517,rub_per_unit,RU,EUR
2002-09-14,31.0751,rub_per_unit,RU,EUR
2002-09-17,30.6998,rub_per_unit,RU,EUR
2002-09-18,30.5555,rub_per_unit,RU,EUR
2002-09-19,30.6795,rub_per_unit,RU,EUR
2002-09-20,30.94,rub_per_unit,RU,EUR
2002-09-21,31.1254,rub_per_unit,RU,EUR
2002-09-24,31.0473,rub_per_unit,RU,EUR
2002-09-25,30.9236,rub_per_unit,RU,EUR
2002-09-26,31.0655,rub_per_unit,RU,EUR
2002-09-27,30.9643,rub_per_unit,RU,EUR
2002-09-28,30.9082,rub_per_unit,RU,EUR
2002-10-01,31.1409,rub_per_unit,RU,EUR
2002-10-02,31.3179,rub_per_unit,RU,EUR
2002-10-03,31.1467,rub_per_unit,RU,EUR
2002-10-04,31.2912,rub_per_unit,RU,EUR
2002-10-05,31.2428,rub_per_unit,RU,EUR
2002-10-08,31.0174,rub_per_unit,RU,EUR
2002-10-09,31.1097,rub_per_unit,RU,EUR
2002-10-10,31.0562,rub_per_unit,RU,EUR
2002-10-11,31.3265,rub_per_unit,RU,EUR
2002-10-12,31.2649,rub_per_unit,RU,EUR
2002-10-15,31.3029,rub_per_unit,RU,EUR
2002-10-16,31.2834,rub_per_unit,RU,EUR
2002-10-17,31.1319,rub_per_unit,RU,EUR
2002-10-18,31.0077,rub_per_unit,RU,EUR
2002-10-19,30.7447,rub_per_unit,RU,EUR
2002-10-22,30.851,rub_per_unit,RU,EUR
2002-10-23,30.8928,rub_per_unit,RU,EUR
2002-10-24,31.015,rub_per_unit,RU,EUR
2002-10-25,30.915,rub_per_unit,RU,EUR
2002-10-26,31.0333,rub_per_unit,RU,EUR
2002-10-29,30.9063,rub_per_unit,RU,EUR
2002-10-30,31.1937,rub_per_unit,RU,EUR
2002-10-31,31.179,rub_per_unit,RU,EUR
2002-11-01,31.3666,rub_per_unit,RU,EUR
2002-11-02,31.466,rub_per_unit,RU,EUR
2002-11-05,31.6632,rub_per_unit,RU,EUR
2002-11-06,31.7337,rub_per_unit,RU,EUR
2002-11-07,31.6135,rub_per_unit,RU,EUR
2002-11-11,32.2268,rub_per_unit,RU,EUR
2002-11-12,32.1855,rub_per_unit,RU,EUR
2002-11-13,32.0899,rub_per_unit,RU,EUR
2002-11-14,32.1179,rub_per_unit,RU,EUR
2002-11-15,31.9921,rub_per_unit,RU,EUR
2002-11-16,31.9339,rub_per_unit,RU,EUR
2002-11-19,32.1318,rub_per_unit,RU,EUR
2002-11-20,32.1343,rub_per_unit,RU,EUR
2002-11-21,31.9089,rub_per_unit,RU,EUR
2002-11-22,31.8821,rub_per_unit,RU,EUR
2002-11-23,31.9113,rub_per_unit,RU,EUR
2002-11-26,31.6919,rub_per_unit,RU,EUR
2002-11-27,31.6058,rub_per_unit,RU,EUR
2002-11-28,31.6108,rub_per_unit,RU,EUR
2002-11-29,31.5216,rub_per_unit,RU,EUR
2002-11-30,31.6736,rub_per_unit,RU,EUR
2002-12-03,31.6476,rub_per_unit,RU,EUR
2002-12-04,31.7596,rub_per_unit,RU,EUR
2002-12-05,31.8564,rub_per_unit,RU,EUR
2002-12-06,31.8578,rub_per_unit,RU,EUR
2002-12-07,31.9333,rub_per_unit,RU,EUR
2002-12-10,32.2038,rub_per_unit,RU,EUR
2002-12-11,32.2725,rub_per_unit,RU,EUR
2002-12-12,32.1467,rub_per_unit,RU,EUR
2002-12-16,32.6246,rub_per_unit,RU,EUR
2002-12-17,32.6172,rub_per_unit,RU,EUR
2002-12-18,32.754,rub_per_unit,RU,EUR
2002-12-19,32.6666,rub_per_unit,RU,EUR
2002-12-20,32.692,rub_per_unit,RU,EUR
2002-12-21,32.6889,rub_per_unit,RU,EUR
2002-12-24,32.7092,rub_per_unit,RU,EUR
2002-12-25,32.6821,rub_per_unit,RU,EUR
2002-12-26,32.8029,rub_per_unit,RU,EUR
2002-12-27,32.8624,rub_per_unit,RU,EUR
2002-12-28,32.9731,rub_per_unit,RU,EUR
2002-12-31,33.1098,rub_per_unit,RU,EUR
2003-01-01,33.2719,rub_per_unit,RU,EUR
2003-01-05,33.1543,rub_per_unit,RU,EUR
2003-01-06,33.1829,rub_per_unit,RU,EUR
2003-01-09,33.2556,rub_per_unit,RU,EUR
2003-01-10,33.5367,rub_per_unit,RU,EUR
2003-01-11,33.4339,rub_per_unit,RU,EUR
2003-01-14,33.6139,rub_per_unit,RU,EUR
2003-01-15,33.6146,rub_per_unit,RU,EUR
2003-01-16,33.5191,rub_per_unit,RU,EUR
2003-01-17,33.636,rub_per_unit,RU,EUR
2003-01-18,33.789,rub_per_unit,RU,EUR
2003-01-21,33.8718,rub_per_unit,RU,EUR
2003-01-22,33.8546,rub_per_unit,RU,EUR
2003-01-23,34.1157,rub_per_unit,RU,EUR
2003-01-24,34.1205,rub_per_unit,RU,EUR
2003-01-25,34.3106,rub_per_unit,RU,EUR
2003-01-28,34.4427,rub_per_unit,RU,EUR
2003-01-29,34.3695,rub_per_unit,RU,EUR
2003-01-30,34.5984,rub_per_unit,RU,EUR
2003-01-31,34.4443,rub_per_unit,RU,EUR
2003-02-01,34.429,rub_per_unit,RU,EUR
2003-02-04,34.2406,rub_per_unit,RU,EUR
2003-02-05,34.4236,rub_per_unit,RU,EUR
2003-02-06,34.783,rub_per_unit,RU,EUR
2003-02-07,34.3149,rub_per_unit,RU,EUR
2003-02-08,34.3756,rub_per_unit,RU,EUR
2003-02-11,34.418,rub_per_unit,RU,EUR
2003-02-12,34.0947,rub_per_unit,RU,EUR
2003-02-13,34.044,rub_per_unit,RU,EUR
2003-02-14,34.1309,rub_per_unit,RU,EUR
2003-02-15,34.2984,rub_per_unit,RU,EUR
2003-02-18,33.9187,rub_per_unit,RU,EUR
2003-02-19,33.9166,rub_per_unit,RU,EUR
2003-02-20,33.8643,rub_per_unit,RU,EUR
2003-02-21,33.9668,rub_per_unit,RU,EUR
2003-02-22,34.1403,rub_per_unit,RU,EUR
2003-02-26,34.1429,rub_per_unit,RU,EUR
2003-02-27,34.0118,rub_per_unit,RU,EUR
2003-02-28,34.0549,rub_per_unit,RU,EUR
2003-03-01,33.9409,rub_per_unit,RU,EUR
2003-03-04,34.079,rub_per_unit,RU,EUR
2003-03-05,34.4769,rub_per_unit,RU,EUR
2003-03-06,34.6785,rub_per_unit,RU,EUR
2003-03-07,34.6343,rub_per_unit,RU,EUR
2003-03-08,34.7938,rub_per_unit,RU,EUR
2003-03-12,34.7025,rub_per_unit,RU,EUR
2003-03-13,34.6885,rub_per_unit,RU,EUR
2003-03-14,34.2156,rub_per_unit,RU,EUR
2003-03-15,33.9239,rub_per_unit,RU,EUR
2003-03-18,33.9923,rub_per_unit,RU,EUR
2003-03-19,33.4209,rub_per_unit,RU,EUR
2003-03-20,33.36,rub_per_unit,RU,EUR
2003-03-21,33.3235,rub_per_unit,RU,EUR
2003-03-22,33.2765,rub_per_unit,RU,EUR
2003-03-25,33.3165,rub_per_unit,RU,EUR
2003-03-26,33.608,rub_per_unit,RU,EUR
2003-03-27,33.4008,rub_per_unit,RU,EUR
2003-03-28,33.6205,rub_per_unit,RU,EUR
2003-03-29,33.5865,rub_per_unit,RU,EUR
2003-04-01,33.9815,rub_per_unit,RU,EUR
2003-04-02,34.1079,rub_per_unit,RU,EUR
2003-04-03,33.9954,rub_per_unit,RU,EUR
2003-04-04,33.7064,rub_per_unit,RU,EUR
2003-04-05,33.5685,rub_per_unit,RU,EUR
2003-04-08,33.1941,rub_per_unit,RU,EUR
2003-04-09,33.4586,rub_per_unit,RU,EUR
2003-04-10,33.6376,rub_per_unit,RU,EUR
2003-04-11,33.7511,rub_per_unit,RU,EUR
2003-04-12,33.7251,rub_per_unit,RU,EUR
2003-04-15,33.6083,rub_per_unit,RU,EUR
2003-04-16,33.5625,rub_per_unit,RU,EUR
2003-04-17,33.7294,rub_per_unit,RU,EUR
2003-04-18,34.1174,rub_per_unit,RU,EUR
2003-04-19,33.9658,rub_per_unit,RU,EUR
2003-04-22,33.8392,rub_per_unit,RU,EUR
2003-04-23,33.8582,rub_per_unit,RU,EUR
2003-04-24,34.1326,rub_per_unit,RU,EUR
2003-04-25,34.2629,rub_per_unit,RU,EUR
2003-04-26,34.3033,rub_per_unit,RU,EUR
2003-04-29,34.4246,rub_per_unit,RU,EUR
2003-04-30,34.1447,rub_per_unit,RU,EUR
2003-05-01,34.5513,rub_per_unit,RU,EUR
2003-05-06,34.878,rub_per_unit,RU,EUR
2003-05-07,35.1389,rub_per_unit,RU,EUR
2003-05-08,35.4892,rub_per_unit,RU,EUR
2003-05-09,35.252,rub_per_unit,RU,EUR
2003-05-13,35.851,rub_per_unit,RU,EUR
2003-05-14,35.686,rub_per_unit,RU,EUR
2003-05-15,35.588,rub_per_unit,RU,EUR
2003-05-16,35.4349,rub_per_unit,RU,EUR
2003-05-17,35.2025,rub_per_unit,RU,EUR
2003-05-20,36.1567,rub_per_unit,RU,EUR
2003-05-21,36.0425,rub_per_unit,RU,EUR
2003-05-22,36.194,rub_per_unit,RU,EUR
2003-05-23,35.9157,rub_per_unit,RU,EUR
2003-05-24,36.0051,rub_per_unit,RU,EUR
2003-05-27,36.3049,rub_per_unit,RU,EUR
2003-05-28,36.3663,rub_per_unit,RU,EUR
2003-05-29,36.2218,rub_per_unit,RU,EUR
2003-05-30,36.0178,rub_per_unit,RU,EUR
2003-05-31,36.4669,rub_per_unit,RU,EUR
2003-06-03,35.9101,rub_per_unit,RU,EUR
2003-06-04,36.138,rub_per_unit,RU,EUR
2003-06-05,36.0537,rub_per_unit,RU,EUR
2003-06-06,35.7323,rub_per_unit,RU,EUR
2003-06-07,36.2449,rub_per_unit,RU,EUR
2003-06-10,35.5971,rub_per_unit,RU,EUR
2003-06-11,35.8548,rub_per_unit,RU,EUR
2003-06-12,35.7726,rub_per_unit,RU,EUR
2003-06-17,36.1788,rub_per_unit,RU,EUR
2003-06-18,36.0313,rub_per_unit,RU,EUR
2003-06-19,35.8119,rub_per_unit,RU,EUR
2003-06-20,35.3631,rub_per_unit,RU,EUR
2003-06-21,35.6001,rub_per_unit,RU,EUR
2003-06-22,35.2112,rub_per_unit,RU,EUR
2003-06-24,35.1719,rub_per_unit,RU,EUR
2003-06-25,35.0616,rub_per_unit,RU,EUR
2003-06-26,34.9142,rub_per_unit,RU,EUR
2003-06-27,34.93,rub_per_unit,RU,EUR
2003-06-28,34.7124,rub_per_unit,RU,EUR
2003-07-01,34.7223,rub_per_unit,RU,EUR
2003-07-02,34.9303,rub_per_unit,RU,EUR
2003-07-03,34.9976,rub_per_unit,RU,EUR
2003-07-04,34.9038,rub_per_unit,RU,EUR
2003-07-05,34.7342,rub_per_unit,RU,EUR
2003-07-08,34.6951,rub_per_unit,RU,EUR
2003-07-09,34.4253,rub_per_unit,RU,EUR
2003-07-10,34.4786,rub_per_unit,RU,EUR
2003-07-11,34.4877,rub_per_unit,RU,EUR
2003-07-12,34.4154,rub_per_unit,RU,EUR
2003-07-15,34.3715,rub_per_unit,RU,EUR
2003-07-16,34.4892,rub_per_unit,RU,EUR
2003-07-17,34.0484,rub_per_unit,RU,EUR
2003-07-18,34.2301,rub_per_unit,RU,EUR
2003-07-19,34.2051,rub_per_unit,RU,EUR
2003-07-22,34.2544,rub_per_unit,RU,EUR
2003-07-23,34.3151,rub_per_unit,RU,EUR
2003-07-24,34.4589,rub_per_unit,RU,EUR
2003-07-25,34.8544,rub_per_unit,RU,EUR
2003-07-26,34.746,rub_per_unit,RU,EUR
2003-07-29,34.6688,rub_per_unit,RU,EUR
2003-07-30,34.818,rub_per_unit,RU,EUR
2003-07-31,34.6291,rub_per_unit,RU,EUR
2003-08-01,34.3395,rub_per_unit,RU,EUR
2003-08-02,34.0122,rub_per_unit,RU,EUR
2003-08-05,34.1993,rub_per_unit,RU,EUR
2003-08-06,34.4208,rub_per_unit,RU,EUR
2003-08-07,34.582,rub_per_unit,RU,EUR
2003-08-08,34.3706,rub_per_unit,RU,EUR
2003-08-09,34.547,rub_per_unit,RU,EUR
2003-08-12,34.2858,rub_per_unit,RU,EUR
2003-08-13,34.5016,rub_per_unit,RU,EUR
2003-08-14,34.2054,rub_per_unit,RU,EUR
2003-08-15,34.3321,rub_per_unit,RU,EUR
2003-08-16,34.1534,rub_per_unit,RU,EUR
2003-08-19,34.0606,rub_per_unit,RU,EUR
2003-08-20,33.7253,rub_per_unit,RU,EUR
2003-08-21,33.6967,rub_per_unit,RU,EUR
2003-08-22,33.5426,rub_per_unit,RU,EUR
2003-08-23,33.05,rub_per_unit,RU,EUR
2003-08-26,32.9679,rub_per_unit,RU,EUR
2003-08-27,32.9538,rub_per_unit,RU,EUR
2003-08-28,33.0387,rub_per_unit,RU,EUR
2003-08-29,33.0903,rub_per_unit,RU,EUR
2003-08-30,33.2001,rub_per_unit,RU,EUR
2003-09-02,33.634,rub_per_unit,RU,EUR
2003-09-03,33.3382,rub_per_unit,RU,EUR
2003-09-04,33.037,rub_per_unit,RU,EUR
2003-09-05,33.2195,rub_per_unit,RU,EUR
2003-09-06,33.6056,rub_per_unit,RU,EUR
2003-09-09,34.0078,rub_per_unit,RU,EUR
2003-09-10,34.0449,rub_per_unit,RU,EUR
2003-09-11,34.3983,rub_per_unit,RU,EUR
2003-09-12,34.4732,rub_per_unit,RU,EUR
2003-09-13,34.2921,rub_per_unit,RU,EUR
2003-09-16,34.569,rub_per_unit,RU,EUR
2003-09-17,34.6304,rub_per_unit,RU,EUR
2003-09-18,34.2389,rub_per_unit,RU,EUR
2003-09-19,34.5427,rub_per_unit,RU,EUR
2003-09-20,34.4044,rub_per_unit,RU,EUR
2003-09-23,34.8694,rub_per_unit,RU,EUR
2003-09-24,35.026,rub_per_unit,RU,EUR
2003-09-25,34.8299,rub_per_unit,RU,EUR
2003-09-26,35.0582,rub_per_unit,RU,EUR
2003-09-27,34.9985,rub_per_unit,RU,EUR
2003-09-30,35.0751,rub_per_unit,RU,EUR
2003-10-01,35.6043,rub_per_unit,RU,EUR
2003-10-02,35.7141,rub_per_unit,RU,EUR
2003-10-03,35.7629,rub_per_unit,RU,EUR
2003-10-04,35.6005,rub_per_unit,RU,EUR
2003-10-07,35.1543,rub_per_unit,RU,EUR
2003-10-08,35.5985,rub_per_unit,RU,EUR
2003-10-09,35.8665,rub_per_unit,RU,EUR
2003-10-10,35.8617,rub_per_unit,RU,EUR
2003-10-11,35.4233,rub_per_unit,RU,EUR
2003-10-14,35.2427,rub_per_unit,RU,EUR
2003-10-15,35.0754,rub_per_unit,RU,EUR
2003-10-16,35.3319,rub_per_unit,RU,EUR
2003-10-17,35.0389,rub_per_unit,RU,EUR
2003-10-18,34.8288,rub_per_unit,RU,EUR
2003-10-21,34.9558,rub_per_unit,RU,EUR
2003-10-22,34.8288,rub_per_unit,RU,EUR
2003-10-23,34.9981,rub_per_unit,RU,EUR
2003-10-24,35.3805,rub_per_unit,RU,EUR
2003-10-25,35.3184,rub_per_unit,RU,EUR
2003-10-28,35.3435,rub_per_unit,RU,EUR
2003-10-29,35.094,rub_per_unit,RU,EUR
2003-10-30,34.9269,rub_per_unit,RU,EUR
2003-10-31,34.8657,rub_per_unit,RU,EUR
2003-11-01,34.7992,rub_per_unit,RU,EUR
2003-11-04,34.6813,rub_per_unit,RU,EUR
2003-11-05,34.2115,rub_per_unit,RU,EUR
2003-11-06,34.2574,rub_per_unit,RU,EUR
2003-11-07,34.1369,rub_per_unit,RU,EUR
2003-11-11,34.3814,rub_per_unit,RU,EUR
2003-11-12,34.1792,rub_per_unit,RU,EUR
2003-11-13,34.4877,rub_per_unit,RU,EUR
2003-11-14,34.8455,rub_per_unit,RU,EUR
2003-11-15,35.1203,rub_per_unit,RU,EUR
2003-11-18,35.1339,rub_per_unit,RU,EUR
2003-11-19,35.0453,rub_per_unit,RU,EUR
2003-11-20,35.65,rub_per_unit,RU,EUR
2003-11-21,35.4809,rub_per_unit,RU,EUR
2003-11-22,35.4476,rub_per_unit,RU,EUR
2003-11-25,35.4032,rub_per_unit,RU,EUR
2003-11-26,35.0617,rub_per_unit,RU,EUR
2003-11-27,35.1836,rub_per_unit,RU,EUR
2003-11-28,35.4731,rub_per_unit,RU,EUR
2003-11-29,35.5021,rub_per_unit,RU,EUR
2003-12-02,35.6624,rub_per_unit,RU,EUR
2003-12-03,35.5741,rub_per_unit,RU,EUR
2003-12-04,35.9013,rub_per_unit,RU,EUR
2003-12-05,35.869,rub_per_unit,RU,EUR
2003-12-06,35.8194,rub_per_unit,RU,EUR
2003-12-09,35.9537,rub_per_unit,RU,EUR
2003-12-10,36.1609,rub_per_unit,RU,EUR
2003-12-11,35.9885,rub_per_unit,RU,EUR
2003-12-12,35.866,rub_per_unit,RU,EUR
2003-12-16,35.9039,rub_per_unit,RU,EUR
2003-12-17,36.1582,rub_per_unit,RU,EUR
2003-12-18,36.0182,rub_per_unit,RU,EUR
2003-12-19,36.2965,rub_per_unit,RU,EUR
2003-12-20,36.3369,rub_per_unit,RU,EUR
2003-12-23,36.2942,rub_per_unit,RU,EUR
2003-12-24,36.2813,rub_per_unit,RU,EUR
2003-12-25,36.3047,rub_per_unit,RU,EUR
2003-12-26,36.4305,rub_per_unit,RU,EUR
2003-12-27,36.473,rub_per_unit,RU,EUR
2003-12-30,36.6915,rub_per_unit,RU,EUR
2003-12-31,36.824,rub_per_unit,RU,EUR
2004-01-01,37.0979,rub_per_unit,RU,EUR
2004-01-06,37.3483,rub_per_unit,RU,EUR
2004-01-07,37.1587,rub_per_unit,RU,EUR
2004-01-09,36.7305,rub_per_unit,RU,EUR
2004-01-10,36.9269,rub_per_unit,RU,EUR
2004-01-13,37.16,rub_per_unit,RU,EUR
2004-01-14,36.8474,rub_per_unit,RU,EUR
2004-01-15,36.7648,rub_per_unit,RU,EUR
2004-01-16,36.5846,rub_per_unit,RU,EUR
2004-01-17,36.29,rub_per_unit,RU,EUR
2004-01-20,35.7648,rub_per_unit,RU,EUR
2004-01-21,35.7024,rub_per_unit,RU,EUR
2004-01-22,36.2884,rub_per_unit,RU,EUR
2004-01-23,36.3462,rub_per_unit,RU,EUR
2004-01-24,36.3716,rub_per_unit,RU,EUR
2004-01-27,35.7429,rub_per_unit,RU,EUR
2004-01-28,35.5198,rub_per_unit,RU,EUR
2004-01-29,35.9253,rub_per_unit,RU,EUR
2004-01-30,35.606,rub_per_unit,RU,EUR
2004-01-31,35.3635,rub_per_unit,RU,EUR
2004-02-03,35.5281,rub_per_unit,RU,EUR
2004-02-04,35.8186,rub_per_unit,RU,EUR
2004-02-05,35.7914,rub_per_unit,RU,EUR
2004-02-06,35.7329,rub_per_unit,RU,EUR
2004-02-07,35.8894,rub_per_unit,RU,EUR
2004-02-10,36.3012,rub_per_unit,RU,EUR
2004-02-11,36.4206,rub_per_unit,RU,EUR
2004-02-12,36.1576,rub_per_unit,RU,EUR
2004-02-13,36.5857,rub_per_unit,RU,EUR
2004-02-14,36.5601,rub_per_unit,RU,EUR
2004-02-17,36.3054,rub_per_unit,RU,EUR
2004-02-18,36.5584,rub_per_unit,RU,EUR
2004-02-19,36.7315,rub_per_unit,RU,EUR
2004-02-20,36.1812,rub_per_unit,RU,EUR
2004-02-21,36.1439,rub_per_unit,RU,EUR
2004-02-25,35.7417,rub_per_unit,RU,EUR
2004-02-26,36.1745,rub_per_unit,RU,EUR
2004-02-27,35.6273,rub_per_unit,RU,EUR
2004-02-28,35.5076,rub_per_unit,RU,EUR
2004-03-02,35.7593,rub_per_unit,RU,EUR
2004-03-03,35.4083,rub_per_unit,RU,EUR
2004-03-04,34.8935,rub_per_unit,RU,EUR
2004-03-05,34.9517,rub_per_unit,RU,EUR
2004-03-06,34.9482,rub_per_unit,RU,EUR
2004-03-10,35.4923,rub_per_unit,RU,EUR
2004-03-11,35.0623,rub_per_unit,RU,EUR
2004-03-12,34.9014,rub_per_unit,RU,EUR
2004-03-13,35.0053,rub_per_unit,RU,EUR
2004-03-16,34.9374,rub_per_unit,RU,EUR
2004-03-17,35.1127,rub_per_unit,RU,EUR
2004-03-18,35.0141,rub_per_unit,RU,EUR
2004-03-19,35.0585,rub_per_unit,RU,EUR
2004-03-20,35.3342,rub_per_unit,RU,EUR
2004-03-23,34.9701,rub_per_unit,RU,EUR
2004-03-24,35.2309,rub_per_unit,RU,EUR
2004-03-25,35.071,rub_per_unit,RU,EUR
2004-03-26,34.5338,rub_per_unit,RU,EUR
2004-03-27,34.4519,rub_per_unit,RU,EUR
2004-03-30,34.437,rub_per_unit,RU,EUR
2004-03-31,34.8005,rub_per_unit,RU,EUR
2004-04-01,34.9082,rub_per_unit,RU,EUR
2004-04-02,34.9639,rub_per_unit,RU,EUR
2004-04-03,35.1921,rub_per_unit,RU,EUR
2004-04-06,34.5002,rub_per_unit,RU,EUR
2004-04-07,34.2977,rub_per_unit,RU,EUR
2004-04-08,34.4038,rub_per_unit,RU,EUR
2004-04-09,34.7881,rub_per_unit,RU,EUR
2004-04-10,34.4815,rub_per_unit,RU,EUR
2004-04-13,34.4412,rub_per_unit,RU,EUR
2004-04-14,34.4071,rub_per_unit,RU,EUR
2004-04-15,34.1175,rub_per_unit,RU,EUR
2004-04-16,34.2066,rub_per_unit,RU,EUR
2004-04-17,34.3181,rub_per_unit,RU,EUR
2004-04-20,34.5178,rub_per_unit,RU,EUR
2004-04-21,34.3325,rub_per_unit,RU,EUR
2004-04-22,34.2486,rub_per_unit,RU,EUR
2004-04-23,34.2746,rub_per_unit,RU,EUR
2004-04-24,34.523,rub_per_unit,RU,EUR
2004-04-27,34.2007,rub_per_unit,RU,EUR
2004-04-28,34.2254,rub_per_unit,RU,EUR
2004-04-29,34.3275,rub_per_unit,RU,EUR
2004-04-30,34.1431,rub_per_unit,RU,EUR
2004-05-01,34.6289,rub_per_unit,RU,EUR
2004-05-06,35.0268,rub_per_unit,RU,EUR
2004-05-07,35.1182,rub_per_unit,RU,EUR
2004-05-08,34.9057,rub_per_unit,RU,EUR
2004-05-12,34.4356,rub_per_unit,RU,EUR
2004-05-13,34.4636,rub_per_unit,RU,EUR
2004-05-14,34.503,rub_per_unit,RU,EUR
2004-05-15,34.385,rub_per_unit,RU,EUR
2004-05-18,34.7855,rub_per_unit,RU,EUR
2004-05-19,34.7516,rub_per_unit,RU,EUR
2004-05-20,34.8286,rub_per_unit,RU,EUR
2004-05-21,34.5624,rub_per_unit,RU,EUR
2004-05-22,34.7981,rub_per_unit,RU,EUR
2004-05-25,34.6392,rub_per_unit,RU,EUR
2004-05-26,34.8991,rub_per_unit,RU,EUR
2004-05-27,35.0968,rub_per_unit,RU,EUR
2004-05-28,35.2689,rub_per_unit,RU,EUR
2004-05-29,35.6052,rub_per_unit,RU,EUR
2004-06-01,35.3907,rub_per_unit,RU,EUR
2004-06-02,35.5054,rub_per_unit,RU,EUR
2004-06-03,35.6951,rub_per_unit,RU,EUR
2004-06-04,35.5139,rub_per_unit,RU,EUR
2004-06-05,35.4719,rub_per_unit,RU,EUR
2004-06-08,35.7851,rub_per_unit,RU,EUR
2004-06-09,35.813,rub_per_unit,RU,EUR
2004-06-10,35.5518,rub_per_unit,RU,EUR
2004-06-11,35.0193,rub_per_unit,RU,EUR
2004-06-12,34.8954,rub_per_unit,RU,EUR
2004-06-16,35.0184,rub_per_unit,RU,EUR
2004-06-17,35.3056,rub_per_unit,RU,EUR
2004-06-18,34.9335,rub_per_unit,RU,EUR
2004-06-19,34.7931,rub_per_unit,RU,EUR
2004-06-22,35.1684,rub_per_unit,RU,EUR
2004-06-23,35.0888,rub_per_unit,RU,EUR
2004-06-24,35.3719,rub_per_unit,RU,EUR
2004-06-25,35.0264,rub_per_unit,RU,EUR
2004-06-26,35.2951,rub_per_unit,RU,EUR
2004-06-29,35.3283,rub_per_unit,RU,EUR
2004-06-30,35.2915,rub_per_unit,RU,EUR
2004-07-01,35.0889,rub_per_unit,RU,EUR
2004-07-02,35.3344,rub_per_unit,RU,EUR
2004-07-03,35.3341,rub_per_unit,RU,EUR
2004-07-06,35.7312,rub_per_unit,RU,EUR
2004-07-07,35.7717,rub_per_unit,RU,EUR
2004-07-08,35.9084,rub_per_unit,RU,EUR
2004-07-09,35.9525,rub_per_unit,RU,EUR
2004-07-10,36.1139,rub_per_unit,RU,EUR
2004-07-13,36.1339,rub_per_unit,RU,EUR
2004-07-14,35.9953,rub_per_unit,RU,EUR
2004-07-15,35.8878,rub_per_unit,RU,EUR
2004-07-16,35.945,rub_per_unit,RU,EUR
2004-07-17,35.965,rub_per_unit,RU,EUR
2004-07-20,36.1936,rub_per_unit,RU,EUR
2004-07-21,36.2065,rub_per_unit,RU,EUR
2004-07-22,35.8396,rub_per_unit,RU,EUR
2004-07-23,35.6632,rub_per_unit,RU,EUR
2004-07-24,35.5627,rub_per_unit,RU,EUR
2004-07-27,35.2401,rub_per_unit,RU,EUR
2004-07-28,35.2837,rub_per_unit,RU,EUR
2004-07-29,35.1198,rub_per_unit,RU,EUR
2004-07-30,35.1542,rub_per_unit,RU,EUR
2004-07-31,35.0532,rub_per_unit,RU,EUR
2004-08-03,35.1609,rub_per_unit,RU,EUR
2004-08-04,35.0574,rub_per_unit,RU,EUR
2004-08-05,35.0846,rub_per_unit,RU,EUR
2004-08-06,35.1951,rub_per_unit,RU,EUR
2004-08-07,35.2507,rub_per_unit,RU,EUR
2004-08-10,35.9296,rub_per_unit,RU,EUR
2004-08-11,35.919,rub_per_unit,RU,EUR
2004-08-12,35.8014,rub_per_unit,RU,EUR
2004-08-13,35.8338,rub_per_unit,RU,EUR
2004-08-14,35.721,rub_per_unit,RU,EUR
2004-08-17,36.1224,rub_per_unit,RU,EUR
2004-08-18,36.11,rub_per_unit,RU,EUR
2004-08-19,36.1246,rub_per_unit,RU,EUR
2004-08-20,36.0788,rub_per_unit,RU,EUR
2004-08-21,36.1421,rub_per_unit,RU,EUR
2004-08-24,35.9583,rub_per_unit,RU,EUR
2004-08-25,35.512,rub_per_unit,RU,EUR
2004-08-26,35.3154,rub_per_unit,RU,EUR
2004-08-27,35.2688,rub_per_unit,RU,EUR
2004-08-28,35.4634,rub_per_unit,RU,EUR
2004-08-31,35.1463,rub_per_unit,RU,EUR
2004-09-01,35.3713,rub_per_unit,RU,EUR
2004-09-02,35.627,rub_per_unit,RU,EUR
2004-09-03,35.5931,rub_per_unit,RU,EUR
2004-09-04,35.5708,rub_per_unit,RU,EUR
2004-09-07,35.2343,rub_per_unit,RU,EUR
2004-09-08,35.3196,rub_per_unit,RU,EUR
2004-09-09,35.2703,rub_per_unit,RU,EUR
2004-09-10,35.6217,rub_per_unit,RU,EUR
2004-09-11,35.7436,rub_per_unit,RU,EUR
2004-09-14,35.8469,rub_per_unit,RU,EUR
2004-09-15,35.8775,rub_per_unit,RU,EUR
2004-09-16,35.7622,rub_per_unit,RU,EUR
2004-09-17,35.5153,rub_per_unit,RU,EUR
2004-09-18,35.6443,rub_per_unit,RU,EUR
2004-09-21,35.5347,rub_per_unit,RU,EUR
2004-09-22,35.5769,rub_per_unit,RU,EUR
2004-09-23,35.9693,rub_per_unit,RU,EUR
2004-09-24,35.8317,rub_per_unit,RU,EUR
2004-09-25,35.8674,rub_per_unit,RU,EUR
2004-09-28,35.869,rub_per_unit,RU,EUR
2004-09-29,35.9052,rub_per_unit,RU,EUR
2004-09-30,35.9896,rub_per_unit,RU,EUR
2004-10-01,36.0312,rub_per_unit,RU,EUR
2004-10-02,36.3203,rub_per_unit,RU,EUR
2004-10-05,36.1401,rub_per_unit,RU,EUR
2004-10-06,35.8926,rub_per_unit,RU,EUR
2004-10-07,35.998,rub_per_unit,RU,EUR
2004-10-08,35.9411,rub_per_unit,RU,EUR
2004-10-09,36.0597,rub_per_unit,RU,EUR
2004-10-12,35.9197,rub_per_unit,RU,EUR
2004-10-13,35.9573,rub_per_unit,RU,EUR
2004-10-14,35.867,rub_per_unit,RU,EUR
2004-10-15,35.975,rub_per_unit,RU,EUR
2004-10-16,36.0998,rub_per_unit,RU,EUR
2004-10-19,36.3552,rub_per_unit,RU,EUR
2004-10-20,36.3153,rub_per_unit,RU,EUR
2004-10-21,36.4491,rub_per_unit,RU,EUR
2004-10-22,36.665,rub_per_unit,RU,EUR
2004-10-23,36.6546,rub_per_unit,RU,EUR
2004-10-26,36.8635,rub_per_unit,RU,EUR
2004-10-27,36.8383,rub_per_unit,RU,EUR
2004-10-28,36.6986,rub_per_unit,RU,EUR
2004-10-29,36.629,rub_per_unit,RU,EUR
2004-10-30,36.6472,rub_per_unit,RU,EUR
2004-11-02,36.7819,rub_per_unit,RU,EUR
2004-11-03,36.614,rub_per_unit,RU,EUR
2004-11-04,36.6009,rub_per_unit,RU,EUR
2004-11-05,36.8969,rub_per_unit,RU,EUR
2004-11-06,36.9359,rub_per_unit,RU,EUR
2004-11-10,37.0676,rub_per_unit,RU,EUR
2004-11-11,36.9838,rub_per_unit,RU,EUR
2004-11-12,36.98,rub_per_unit,RU,EUR
2004-11-13,37.0353,rub_per_unit,RU,EUR
2004-11-16,37.2189,rub_per_unit,RU,EUR
2004-11-17,37.1455,rub_per_unit,RU,EUR
2004-11-18,37.2091,rub_per_unit,RU,EUR
2004-11-19,37.2544,rub_per_unit,RU,EUR
2004-11-20,37.0349,rub_per_unit,RU,EUR
2004-11-23,37.1769,rub_per_unit,RU,EUR
2004-11-24,37.121,rub_per_unit,RU,EUR
2004-11-25,37.2229,rub_per_unit,RU,EUR
2004-11-26,37.3293,rub_per_unit,RU,EUR
2004-11-27,37.5597,rub_per_unit,RU,EUR
2004-11-30,37.4165,rub_per_unit,RU,EUR
2004-12-01,37.3264,rub_per_unit,RU,EUR
2004-12-02,37.3062,rub_per_unit,RU,EUR
2004-12-03,37.4238,rub_per_unit,RU,EUR
2004-12-04,37.0537,rub_per_unit,RU,EUR
2004-12-07,37.3755,rub_per_unit,RU,EUR
2004-12-08,37.4795,rub_per_unit,RU,EUR
2004-12-09,37.3663,rub_per_unit,RU,EUR
2004-12-10,37.3238,rub_per_unit,RU,EUR
2004-12-11,37.2788,rub_per_unit,RU,EUR
2004-12-15,37.2424,rub_per_unit,RU,EUR
2004-12-16,37.2072,rub_per_unit,RU,EUR
2004-12-17,37.3714,rub_per_unit,RU,EUR
2004-12-18,36.9577,rub_per_unit,RU,EUR
2004-12-21,37.188,rub_per_unit,RU,EUR
2004-12-22,37.3541,rub_per_unit,RU,EUR
2004-12-23,37.2039,rub_per_unit,RU,EUR
2004-12-24,37.3979,rub_per_unit,RU,EUR
2004-12-25,37.5973,rub_per_unit,RU,EUR
2004-12-28,37.633,rub_per_unit,RU,EUR
2004-12-29,37.8323,rub_per_unit,RU,EUR
2004-12-30,37.8409,rub_per_unit,RU,EUR
2004-12-31,37.8104,rub_per_unit,RU,EUR
2005-01-01,37.8409,rub_per_unit,RU,EUR
2005-01-12,36.7299,rub_per_unit,RU,EUR
2005-01-13,36.5953,rub_per_unit,RU,EUR
2005-01-14,36.9414,rub_per_unit,RU,EUR
2005-01-15,36.6971,rub_per_unit,RU,EUR
2005-01-18,36.6924,rub_per_unit,RU,EUR
2005-01-19,36.6705,rub_per_unit,RU,EUR
2005-01-20,36.6495,rub_per_unit,RU,EUR
2005-01-21,36.6213,rub_per_unit,RU,EUR
2005-01-22,36.4744,rub_per_unit,RU,EUR
2005-01-25,36.6165,rub_per_unit,RU,EUR
2005-01-26,36.478,rub_per_unit,RU,EUR
2005-01-27,36.4901,rub_per_unit,RU,EUR
2005-01-28,36.6665,rub_per_unit,RU,EUR
2005-01-29,36.625,rub_per_unit,RU,EUR
2005-02-01,36.5899,rub_per_unit,RU,EUR
2005-02-02,36.4643,rub_per_unit,RU,EUR
2005-02-03,36.5606,rub_per_unit,RU,EUR
2005-02-04,36.4667,rub_per_unit,RU,EUR
2005-02-05,36.2831,rub_per_unit,RU,EUR
2005-02-08,36.1305,rub_per_unit,RU,EUR
2005-02-09,35.9781,rub_per_unit,RU,EUR
2005-02-10,35.9737,rub_per_unit,RU,EUR
2005-02-11,36.0025,rub_per_unit,RU,EUR
2005-02-12,36.1302,rub_per_unit,RU,EUR
2005-02-15,36.2856,rub_per_unit,RU,EUR
2005-02-16,36.3428,rub_per_unit,RU,EUR
2005-02-17,36.4749,rub_per_unit,RU,EUR
2005-02-18,36.5453,rub_per_unit,RU,EUR
2005-02-19,36.5066,rub_per_unit,RU,EUR
2005-02-22,36.4907,rub_per_unit,RU,EUR
2005-02-23,36.6648,rub_per_unit,RU,EUR
2005-02-25,36.7205,rub_per_unit,RU,EUR
2005-02-26,36.6281,rub_per_unit,RU,EUR
2005-03-01,36.72,rub_per_unit,RU,EUR
2005-03-02,36.5511,rub_per_unit,RU,EUR
2005-03-03,36.4713,rub_per_unit,RU,EUR
2005-03-04,36.4078,rub_per_unit,RU,EUR
2005-03-05,36.3771,rub_per_unit,RU,EUR
2005-03-06,36.6487,rub_per_unit,RU,EUR
2005-03-10,36.7848,rub_per_unit,RU,EUR
2005-03-11,36.903,rub_per_unit,RU,EUR
2005-03-12,36.8772,rub_per_unit,RU,EUR
2005-03-15,36.8769,rub_per_unit,RU,EUR
2005-03-16,36.7269,rub_per_unit,RU,EUR
2005-03-17,36.6648,rub_per_unit,RU,EUR
2005-03-18,36.8198,rub_per_unit,RU,EUR
2005-03-19,36.7004,rub_per_unit,RU,EUR
2005-03-22,36.452,rub_per_unit,RU,EUR
2005-03-23,36.3291,rub_per_unit,RU,EUR
2005-03-24,36.1451,rub_per_unit,RU,EUR
2005-03-25,36.0255,rub_per_unit,RU,EUR
2005-03-26,35.8888,rub_per_unit,RU,EUR
2005-03-29,35.9126,rub_per_unit,RU,EUR
2005-03-30,35.9942,rub_per_unit,RU,EUR
2005-03-31,36.0564,rub_per_unit,RU,EUR
2005-04-01,36.0274,rub_per_unit,RU,EUR
2005-04-02,36.1532,rub_per_unit,RU,EUR
2005-04-05,35.948,rub_per_unit,RU,EUR
2005-04-06,35.8155,rub_per_unit,RU,EUR
2005-04-07,35.8988,rub_per_unit,RU,EUR
2005-04-08,35.9202,rub_per_unit,RU,EUR
2005-04-09,35.7435,rub_per_unit,RU,EUR
2005-04-12,35.9367,rub_per_unit,RU,EUR
2005-04-13,36.064,rub_per_unit,RU,EUR
2005-04-14,35.9417,rub_per_unit,RU,EUR
2005-04-15,35.8216,rub_per_unit,RU,EUR
2005-04-16,35.7215,rub_per_unit,RU,EUR
2005-04-19,35.9296,rub_per_unit,RU,EUR
2005-04-20,36.1416,rub_per_unit,RU,EUR
2005-04-21,36.216,rub_per_unit,RU,EUR
2005-04-22,36.2801,rub_per_unit,RU,EUR
2005-04-23,36.1882,rub_per_unit,RU,EUR
2005-04-26,36.1618,rub_per_unit,RU,EUR
2005-04-27,36.089,rub_per_unit,RU,EUR
2005-04-28,35.9275,rub_per_unit,RU,EUR
2005-04-29,35.9237,rub_per_unit,RU,EUR
2005-04-30,36.0072,rub_per_unit,RU,EUR
2005-05-04,35.7642,rub_per_unit,RU,EUR
2005-05-05,35.982,rub_per_unit,RU,EUR
2005-05-06,36.0087,rub_per_unit,RU,EUR
2005-05-07,35.954,rub_per_unit,RU,EUR
2005-05-12,35.8298,rub_per_unit,RU,EUR
2005-05-13,35.6121,rub_per_unit,RU,EUR
2005-05-14,35.4045,rub_per_unit,RU,EUR
2005-05-17,35.2885,rub_per_unit,RU,EUR
2005-05-18,35.3578,rub_per_unit,RU,EUR
2005-05-19,35.3457,rub_per_unit,RU,EUR
2005-05-20,35.4459,rub_per_unit,RU,EUR
2005-05-21,35.3397,rub_per_unit,RU,EUR
2005-05-24,35.2233,rub_per_unit,RU,EUR
2005-05-25,35.2848,rub_per_unit,RU,EUR
2005-05-26,35.2786,rub_per_unit,RU,EUR
2005-05-27,35.2229,rub_per_unit,RU,EUR
2005-05-28,35.1859,rub_per_unit,RU,EUR
2005-05-31,35.1963,rub_per_unit,RU,EUR
2005-06-01,34.9134,rub_per_unit,RU,EUR
2005-06-02,34.8741,rub_per_unit,RU,EUR
2005-06-03,34.7197,rub_per_unit,RU,EUR
2005-06-04,34.8004,rub_per_unit,RU,EUR
2005-06-07,34.8483,rub_per_unit,RU,EUR
2005-06-08,34.9199,rub_per_unit,RU,EUR
2005-06-09,34.9429,rub_per_unit,RU,EUR
2005-06-10,34.7606,rub_per_unit,RU,EUR
2005-06-11,34.7925,rub_per_unit,RU,EUR
2005-06-15,34.6503,rub_per_unit,RU,EUR
2005-06-16,34.4744,rub_per_unit,RU,EUR
2005-06-17,34.5488,rub_per_unit,RU,EUR
2005-06-18,34.6153,rub_per_unit,RU,EUR
2005-06-21,34.8154,rub_per_unit,RU,EUR
2005-06-22,34.6593,rub_per_unit,RU,EUR
2005-06-23,34.7773,rub_per_unit,RU,EUR
2005-06-24,34.6694,rub_per_unit,RU,EUR
2005-06-25,34.5148,rub_per_unit,RU,EUR
2005-06-28,34.7107,rub_per_unit,RU,EUR
2005-06-29,34.6981,rub_per_unit,RU,EUR
2005-06-30,34.5241,rub_per_unit,RU,EUR
2005-07-01,34.6258,rub_per_unit,RU,EUR
2005-07-02,34.5415,rub_per_unit,RU,EUR
2005-07-05,34.3561,rub_per_unit,RU,EUR
2005-07-06,34.277,rub_per_unit,RU,EUR
2005-07-07,34.392,rub_per_unit,RU,EUR
2005-07-08,34.3839,rub_per_unit,RU,EUR
2005-07-09,34.3655,rub_per_unit,RU,EUR
2005-07-12,34.4987,rub_per_unit,RU,EUR
2005-07-13,34.7844,rub_per_unit,RU,EUR
2005-07-14,34.8641,rub_per_unit,RU,EUR
2005-07-15,34.6165,rub_per_unit,RU,EUR
2005-07-16,34.7101,rub_per_unit,RU,EUR
2005-07-19,34.5992,rub_per_unit,RU,EUR
2005-07-20,34.4674,rub_per_unit,RU,EUR
2005-07-21,34.5899,rub_per_unit,RU,EUR
2005-07-22,34.7562,rub_per_unit,RU,EUR
2005-07-23,34.8037,rub_per_unit,RU,EUR
2005-07-26,34.5483,rub_per_unit,RU,EUR
2005-07-27,34.5557,rub_per_unit,RU,EUR
2005-07-28,34.4621,rub_per_unit,RU,EUR
2005-07-29,34.5844,rub_per_unit,RU,EUR
2005-07-30,34.716,rub_per_unit,RU,EUR
2005-08-02,34.8173,rub_per_unit,RU,EUR
2005-08-03,34.8879,rub_per_unit,RU,EUR
2005-08-04,34.8769,rub_per_unit,RU,EUR
2005-08-05,35.1168,rub_per_unit,RU,EUR
2005-08-06,35.1576,rub_per_unit,RU,EUR
2005-08-09,35.0695,rub_per_unit,RU,EUR
2005-08-10,35.1872,rub_per_unit,RU,EUR
2005-08-11,35.1563,rub_per_unit,RU,EUR
2005-08-12,35.1925,rub_per_unit,RU,EUR
2005-08-13,35.3081,rub_per_unit,RU,EUR
2005-08-16,35.1704,rub_per_unit,RU,EUR
2005-08-17,35.1052,rub_per_unit,RU,EUR
2005-08-18,35.0132,rub_per_unit,RU,EUR
2005-08-19,34.9673,rub_per_unit,RU,EUR
2005-08-20,34.7722,rub_per_unit,RU,EUR
2005-08-23,34.8168,rub_per_unit,RU,EUR
2005-08-24,34.9074,rub_per_unit,RU,EUR
2005-08-25,34.7929,rub_per_unit,RU,EUR
2005-08-26,35.028,rub_per_unit,RU,EUR
2005-08-27,35.051,rub_per_unit,RU,EUR
2005-08-30,35.0654,rub_per_unit,RU,EUR
2005-08-31,34.8763,rub_per_unit,RU,EUR
2005-09-01,34.879,rub_per_unit,RU,EUR
2005-09-02,35.1128,rub_per_unit,RU,EUR
2005-09-03,35.3966,rub_per_unit,RU,EUR
2005-09-06,35.3994,rub_per_unit,RU,EUR
2005-09-07,35.2212,rub_per_unit,RU,EUR
2005-09-08,35.2773,rub_per_unit,RU,EUR
2005-09-09,35.1451,rub_per_unit,RU,EUR
2005-09-10,35.1253,rub_per_unit,RU,EUR
2005-09-13,34.9665,rub_per_unit,RU,EUR
2005-09-14,34.8774,rub_per_unit,RU,EUR
2005-09-15,34.7805,rub_per_unit,RU,EUR
2005-09-16,34.648,rub_per_unit,RU,EUR
2005-09-17,34.7782,rub_per_unit,RU,EUR
2005-09-20,34.4913,rub_per_unit,RU,EUR
2005-09-21,34.5565,rub_per_unit,RU,EUR
2005-09-22,34.6222,rub_per_unit,RU,EUR
2005-09-23,34.6449,rub_per_unit,RU,EUR
2005-09-24,34.5022,rub_per_unit,RU,EUR
2005-09-27,34.3412,rub_per_unit,RU,EUR
2005-09-28,34.2985,rub_per_unit,RU,EUR
2005-09-29,34.3381,rub_per_unit,RU,EUR
2005-09-30,34.3811,rub_per_unit,RU,EUR
2005-10-01,34.3074,rub_per_unit,RU,EUR
2005-10-04,34.2185,rub_per_unit,RU,EUR
2005-10-05,34.1339,rub_per_unit,RU,EUR
2005-10-06,34.1843,rub_per_unit,RU,EUR
2005-10-07,34.396,rub_per_unit,RU,EUR
2005-10-08,34.6245,rub_per_unit,RU,EUR
2005-10-11,34.5379,rub_per_unit,RU,EUR
2005-10-12,34.3331,rub_per_unit,RU,EUR
2005-10-13,34.2412,rub_per_unit,RU,EUR
2005-10-14,34.2959,rub_per_unit,RU,EUR
2005-10-15,34.3576,rub_per_unit,RU,EUR
2005-10-18,34.4746,rub_per_unit,RU,EUR
2005-10-19,34.3082,rub_per_unit,RU,EUR
2005-10-20,34.1248,rub_per_unit,RU,EUR
2005-10-21,34.2948,rub_per_unit,RU,EUR
2005-10-22,34.4085,rub_per_unit,RU,EUR
2005-10-25,34.2009,rub_per_unit,RU,EUR
2005-10-26,34.1874,rub_per_unit,RU,EUR
2005-10-27,34.4634,rub_per_unit,RU,EUR
2005-10-28,34.4685,rub_per_unit,RU,EUR
2005-10-29,34.53,rub_per_unit,RU,EUR
2005-11-01,34.3946,rub_per_unit,RU,EUR
2005-11-02,34.2743,rub_per_unit,RU,EUR
2005-11-03,34.3795,rub_per_unit,RU,EUR
2005-11-04,34.4338,rub_per_unit,RU,EUR
2005-11-08,33.9417,rub_per_unit,RU,EUR
2005-11-09,33.8194,rub_per_unit,RU,EUR
2005-11-10,33.9306,rub_per_unit,RU,EUR
2005-11-11,33.9077,rub_per_unit,RU,EUR
2005-11-12,33.8,rub_per_unit,RU,EUR
2005-11-15,33.8636,rub_per_unit,RU,EUR
2005-11-16,33.7577,rub_per_unit,RU,EUR
2005-11-17,33.7895,rub_per_unit,RU,EUR
2005-11-18,33.681,rub_per_unit,RU,EUR
2005-11-19,33.773,rub_per_unit,RU,EUR
2005-11-22,33.8992,rub_per_unit,RU,EUR
2005-11-23,33.8037,rub_per_unit,RU,EUR
2005-11-24,33.9952,rub_per_unit,RU,EUR
2005-11-25,33.9431,rub_per_unit,RU,EUR
2005-11-26,33.8479,rub_per_unit,RU,EUR
2005-11-29,33.7546,rub_per_unit,RU,EUR
2005-11-30,33.989,rub_per_unit,RU,EUR
2005-12-01,33.9393,rub_per_unit,RU,EUR
2005-12-02,33.9395,rub_per_unit,RU,EUR
2005-12-03,33.932,rub_per_unit,RU,EUR
2005-12-06,33.9158,rub_per_unit,RU,EUR
2005-12-07,34.0616,rub_per_unit,RU,EUR
2005-12-08,33.9997,rub_per_unit,RU,EUR
2005-12-09,34.0166,rub_per_unit,RU,EUR
2005-12-10,34.1006,rub_per_unit,RU,EUR
2005-12-13,34.1639,rub_per_unit,RU,EUR
2005-12-14,34.3327,rub_per_unit,RU,EUR
2005-12-15,34.4276,rub_per_unit,RU,EUR
2005-12-16,34.427,rub_per_unit,RU,EUR
2005-12-17,34.3512,rub_per_unit,RU,EUR
2005-12-20,34.4138,rub_per_unit,RU,EUR
2005-12-21,34.3491,rub_per_unit,RU,EUR
2005-12-22,34.1962,rub_per_unit,RU,EUR
2005-12-23,34.1148,rub_per_unit,RU,EUR
2005-12-24,34.1733,rub_per_unit,RU,EUR
2005-12-27,34.1379,rub_per_unit,RU,EUR
2005-12-28,34.1288,rub_per_unit,RU,EUR
2005-12-29,34.2379,rub_per_unit,RU,EUR
2005-12-30,34.1737,rub_per_unit,RU,EUR
2005-12-31,34.185,rub_per_unit,RU,EUR
2006-01-11,34.3352,rub_per_unit,RU,EUR
2006-01-12,34.3538,rub_per_unit,RU,EUR
2006-01-13,34.4763,rub_per_unit,RU,EUR
2006-01-14,34.3539,rub_per_unit,RU,EUR
2006-01-17,34.3684,rub_per_unit,RU,EUR
2006-01-18,34.294,rub_per_unit,RU,EUR
2006-01-19,34.2769,rub_per_unit,RU,EUR
2006-01-20,34.201,rub_per_unit,RU,EUR
2006-01-21,34.1613,rub_per_unit,RU,EUR
2006-01-24,34.3459,rub_per_unit,RU,EUR
2006-01-25,34.3939,rub_per_unit,RU,EUR
2006-01-26,34.3321,rub_per_unit,RU,EUR
2006-01-27,34.2742,rub_per_unit,RU,EUR
2006-01-28,34.1949,rub_per_unit,RU,EUR
2006-01-31,34.0373,rub_per_unit,RU,EUR
2006-02-01,34.0492,rub_per_unit,RU,EUR
2006-02-02,34.1354,rub_per_unit,RU,EUR
2006-02-03,33.9944,rub_per_unit,RU,EUR
2006-02-04,34.0389,rub_per_unit,RU,EUR
2006-02-07,33.9016,rub_per_unit,RU,EUR
2006-02-08,33.8549,rub_per_unit,RU,EUR
2006-02-09,33.8436,rub_per_unit,RU,EUR
2006-02-10,33.8487,rub_per_unit,RU,EUR
2006-02-11,33.8244,rub_per_unit,RU,EUR
2006-02-14,33.6217,rub_per_unit,RU,EUR
2006-02-15,33.5733,rub_per_unit,RU,EUR
2006-02-16,33.5939,rub_per_unit,RU,EUR
2006-02-17,33.5396,rub_per_unit,RU,EUR
2006-02-18,33.526,rub_per_unit,RU,EUR
2006-02-21,33.6531,rub_per_unit,RU,EUR
2006-02-22,33.5837,rub_per_unit,RU,EUR
2006-02-23,33.5741,rub_per_unit,RU,EUR
2006-02-27,33.4397,rub_per_unit,RU,EUR
2006-02-28,33.3305,rub_per_unit,RU,EUR
2006-03-01,33.3291,rub_per_unit,RU,EUR
2006-03-02,33.4472,rub_per_unit,RU,EUR
2006-03-03,33.4373,rub_per_unit,RU,EUR
2006-03-04,33.5753,rub_per_unit,RU,EUR
2006-03-07,33.6552,rub_per_unit,RU,EUR
2006-03-08,33.4786,rub_per_unit,RU,EUR
2006-03-10,33.432,rub_per_unit,RU,EUR
2006-03-11,33.3946,rub_per_unit,RU,EUR
2006-03-14,33.4862,rub_per_unit,RU,EUR
2006-03-15,33.5215,rub_per_unit,RU,EUR
2006-03-16,33.4814,rub_per_unit,RU,EUR
2006-03-17,33.5224,rub_per_unit,RU,EUR
2006-03-18,33.6811,rub_per_unit,RU,EUR
2006-03-21,33.6834,rub_per_unit,RU,EUR
2006-03-22,33.6172,rub_per_unit,RU,EUR
2006-03-23,33.5356,rub_per_unit,RU,EUR
2006-03-24,33.5021,rub_per_unit,RU,EUR
2006-03-25,33.3356,rub_per_unit,RU,EUR
2006-03-28,33.4415,rub_per_unit,RU,EUR
2006-03-29,33.3984,rub_per_unit,RU,EUR
2006-03-30,33.393,rub_per_unit,RU,EUR
2006-03-31,33.4734,rub_per_unit,RU,EUR
2006-04-01,33.6273,rub_per_unit,RU,EUR
2006-04-04,33.4618,rub_per_unit,RU,EUR
2006-04-05,33.6127,rub_per_unit,RU,EUR
2006-04-06,33.8191,rub_per_unit,RU,EUR
2006-04-07,33.8466,rub_per_unit,RU,EUR
2006-04-08,33.6814,rub_per_unit,RU,EUR
2006-04-11,33.5356,rub_per_unit,RU,EUR
2006-04-12,33.5782,rub_per_unit,RU,EUR
2006-04-13,33.6072,rub_per_unit,RU,EUR
2006-04-14,33.5595,rub_per_unit,RU,EUR
2006-04-15,33.5449,rub_per_unit,RU,EUR
2006-04-18,33.6577,rub_per_unit,RU,EUR
2006-04-19,33.7702,rub_per_unit,RU,EUR
2006-04-20,33.9303,rub_per_unit,RU,EUR
2006-04-21,33.8993,rub_per_unit,RU,EUR
2006-04-22,33.8136,rub_per_unit,RU,EUR
2006-04-25,33.9485,rub_per_unit,RU,EUR
2006-04-26,33.9596,rub_per_unit,RU,EUR
2006-04-27,34.0073,rub_per_unit,RU,EUR
2006-04-28,34.0631,rub_per_unit,RU,EUR
2006-04-29,34.1906,rub_per_unit,RU,EUR
2006-05-03,34.2546,rub_per_unit,RU,EUR
2006-05-04,34.367,rub_per_unit,RU,EUR
2006-05-05,34.2882,rub_per_unit,RU,EUR
2006-05-06,34.4091,rub_per_unit,RU,EUR
2006-05-07,34.4703,rub_per_unit,RU,EUR
2006-05-11,34.5438,rub_per_unit,RU,EUR
2006-05-12,34.4779,rub_per_unit,RU,EUR
2006-05-13,34.6892,rub_per_unit,RU,EUR
2006-05-16,34.7359,rub_per_unit,RU,EUR
2006-05-17,34.6165,rub_per_unit,RU,EUR
2006-05-18,34.7016,rub_per_unit,RU,EUR
2006-05-19,34.5095,rub_per_unit,RU,EUR
2006-05-20,34.5988,rub_per_unit,RU,EUR
2006-05-23,34.4532,rub_per_unit,RU,EUR
2006-05-24,34.6764,rub_per_unit,RU,EUR
2006-05-25,34.5815,rub_per_unit,RU,EUR
2006-05-26,34.5385,rub_per_unit,RU,EUR
2006-05-27,34.5479,rub_per_unit,RU,EUR
2006-05-30,34.4973,rub_per_unit,RU,EUR
2006-05-31,34.6367,rub_per_unit,RU,EUR
2006-06-01,34.7064,rub_per_unit,RU,EUR
2006-06-02,34.5368,rub_per_unit,RU,EUR
2006-06-03,34.4366,rub_per_unit,RU,EUR
2006-06-06,34.58,rub_per_unit,RU,EUR
2006-06-07,34.5392,rub_per_unit,RU,EUR
2006-06-08,34.3704,rub_per_unit,RU,EUR
2006-06-09,34.3366,rub_per_unit,RU,EUR
2006-06-10,34.1407,rub_per_unit,RU,EUR
2006-06-14,34.0576,rub_per_unit,RU,EUR
2006-06-15,34.0705,rub_per_unit,RU,EUR
2006-06-16,34.1206,rub_per_unit,RU,EUR
2006-06-17,34.1465,rub_per_unit,RU,EUR
2006-06-20,34.0623,rub_per_unit,RU,EUR
2006-06-21,34.0307,rub_per_unit,RU,EUR
2006-06-22,34.0919,rub_per_unit,RU,EUR
2006-06-23,34.1596,rub_per_unit,RU,EUR
2006-06-24,34.0251,rub_per_unit,RU,EUR
2006-06-27,33.9508,rub_per_unit,RU,EUR
2006-06-28,34.0486,rub_per_unit,RU,EUR
2006-06-29,34.0077,rub_per_unit,RU,EUR
2006-06-30,33.9759,rub_per_unit,RU,EUR
2006-07-01,34.2383,rub_per_unit,RU,EUR
2006-07-04,34.3578,rub_per_unit,RU,EUR
2006-07-05,34.3978,rub_per_unit,RU,EUR
2006-07-06,34.3648,rub_per_unit,RU,EUR
2006-07-07,34.2821,rub_per_unit,RU,EUR
2006-07-08,34.3421,rub_per_unit,RU,EUR
2006-07-11,34.3647,rub_per_unit,RU,EUR
2006-07-12,34.2354,rub_per_unit,RU,EUR
2006-07-13,34.3011,rub_per_unit,RU,EUR
2006-07-14,34.222,rub_per_unit,RU,EUR
2006-07-15,34.1488,rub_per_unit,RU,EUR
2006-07-18,34.0151,rub_per_unit,RU,EUR
2006-07-19,33.8661,rub_per_unit,RU,EUR
2006-07-20,33.8247,rub_per_unit,RU,EUR
2006-07-21,33.9789,rub_per_unit,RU,EUR
2006-07-22,34.0332,rub_per_unit,RU,EUR
2006-07-25,34.0136,rub_per_unit,RU,EUR
2006-07-26,34.0673,rub_per_unit,RU,EUR
2006-07-27,33.9291,rub_per_unit,RU,EUR
2006-07-28,34.1713,rub_per_unit,RU,EUR
2006-07-29,34.1084,rub_per_unit,RU,EUR
2006-08-01,34.2112,rub_per_unit,RU,EUR
2006-08-02,34.172,rub_per_unit,RU,EUR
2006-08-03,34.3016,rub_per_unit,RU,EUR
2006-08-04,34.2126,rub_per_unit,RU,EUR
2006-08-05,34.2508,rub_per_unit,RU,EUR
2006-08-08,34.3633,rub_per_unit,RU,EUR
2006-08-09,34.2954,rub_per_unit,RU,EUR
2006-08-10,34.3009,rub_per_unit,RU,EUR
2006-08-11,34.3852,rub_per_unit,RU,EUR
2006-08-12,34.2039,rub_per_unit,RU,EUR
2006-08-15,34.1887,rub_per_unit,RU,EUR
2006-08-16,34.1486,rub_per_unit,RU,EUR
2006-08-17,34.2495,rub_per_unit,RU,EUR
2006-08-18,34.3625,rub_per_unit,RU,EUR
2006-08-19,34.3162,rub_per_unit,RU,EUR
2006-08-22,34.4014,rub_per_unit,RU,EUR
2006-08-23,34.377,rub_per_unit,RU,EUR
2006-08-24,34.2599,rub_per_unit,RU,EUR
2006-08-25,34.2168,rub_per_unit,RU,EUR
2006-08-26,34.2019,rub_per_unit,RU,EUR
2006-08-29,34.254,rub_per_unit,RU,EUR
2006-08-30,34.308,rub_per_unit,RU,EUR
2006-08-31,34.3127,rub_per_unit,RU,EUR
2006-09-01,34.318,rub_per_unit,RU,EUR
2006-09-02,34.2668,rub_per_unit,RU,EUR
2006-09-05,34.3434,rub_per_unit,RU,EUR
2006-09-06,34.1932,rub_per_unit,RU,EUR
2006-09-07,34.1927,rub_per_unit,RU,EUR
2006-09-08,34.1893,rub_per_unit,RU,EUR
2006-09-09,34.0339,rub_per_unit,RU,EUR
2006-09-12,33.9887,rub_per_unit,RU,EUR
2006-09-13,34.0435,rub_per_unit,RU,EUR
2006-09-14,34.0147,rub_per_unit,RU,EUR
2006-09-15,33.9977,rub_per_unit,RU,EUR
2006-09-16,34.0446,rub_per_unit,RU,EUR
2006-09-19,33.9724,rub_per_unit,RU,EUR
2006-09-20,34.0052,rub_per_unit,RU,EUR
2006-09-21,33.9577,rub_per_unit,RU,EUR
2006-09-22,34.016,rub_per_unit,RU,EUR
2006-09-23,34.1525,rub_per_unit,RU,EUR
2006-09-26,34.1465,rub_per_unit,RU,EUR
2006-09-27,34.06,rub_per_unit,RU,EUR
2006-09-28,33.9726,rub_per_unit,RU,EUR
2006-09-29,34.0284,rub_per_unit,RU,EUR
2006-09-30,33.9783,rub_per_unit,RU,EUR
2006-10-03,33.9651,rub_per_unit,RU,EUR
2006-10-04,34.1013,rub_per_unit,RU,EUR
2006-10-05,34.0745,rub_per_unit,RU,EUR
2006-10-06,34.0458,rub_per_unit,RU,EUR
2006-10-07,33.99,rub_per_unit,RU,EUR
2006-10-10,33.8757,rub_per_unit,RU,EUR
2006-10-11,33.8828,rub_per_unit,RU,EUR
2006-10-12,33.7945,rub_per_unit,RU,EUR
2006-10-13,33.7963,rub_per_unit,RU,EUR
2006-10-14,33.8393,rub_per_unit,RU,EUR
2006-10-17,33.7247,rub_per_unit,RU,EUR
2006-10-18,33.7588,rub_per_unit,RU,EUR
2006-10-19,33.7983,rub_per_unit,RU,EUR
2006-10-20,33.782,rub_per_unit,RU,EUR
2006-10-21,33.9048,rub_per_unit,RU,EUR
2006-10-24,33.8532,rub_per_unit,RU,EUR
2006-10-25,33.7603,rub_per_unit,RU,EUR
2006-10-26,33.8003,rub_per_unit,RU,EUR
2006-10-27,33.9272,rub_per_unit,RU,EUR
2006-10-28,33.9677,rub_per_unit,RU,EUR
2006-10-31,34.0284,rub_per_unit,RU,EUR
2006-11-01,33.9852,rub_per_unit,RU,EUR
2006-11-02,34.0842,rub_per_unit,RU,EUR
2006-11-03,34.0778,rub_per_unit,RU,EUR
2006-11-04,34.1075,rub_per_unit,RU,EUR
2006-11-08,34.0917,rub_per_unit,RU,EUR
2006-11-09,34.1015,rub_per_unit,RU,EUR
2006-11-10,34.1096,rub_per_unit,RU,EUR
2006-11-11,34.238,rub_per_unit,RU,EUR
2006-11-14,34.2299,rub_per_unit,RU,EUR
2006-11-15,34.1798,rub_per_unit,RU,EUR
2006-11-16,34.1741,rub_per_unit,RU,EUR
2006-11-17,34.1718,rub_per_unit,RU,EUR
2006-11-18,34.1216,rub_per_unit,RU,EUR
2006-11-21,34.19,rub_per_unit,RU,EUR
2006-11-22,34.1741,rub_per_unit,RU,EUR
2006-11-23,34.2499,rub_per_unit,RU,EUR
2006-11-24,34.3555,rub_per_unit,RU,EUR
2006-11-25,34.3937,rub_per_unit,RU,EUR
2006-11-28,34.5983,rub_per_unit,RU,EUR
2006-11-29,34.6296,rub_per_unit,RU,EUR
2006-11-30,34.6775,rub_per_unit,RU,EUR
2006-12-01,34.6899,rub_per_unit,RU,EUR
2006-12-02,34.8186,rub_per_unit,RU,EUR
2006-12-05,34.8718,rub_per_unit,RU,EUR
2006-12-06,34.8797,rub_per_unit,RU,EUR
2006-12-07,34.8671,rub_per_unit,RU,EUR
2006-12-08,34.8847,rub_per_unit,RU,EUR
2006-12-09,34.8356,rub_per_unit,RU,EUR
2006-12-12,34.713,rub_per_unit,RU,EUR
2006-12-13,34.7616,rub_per_unit,RU,EUR
2006-12-14,34.8115,rub_per_unit,RU,EUR
2006-12-15,34.7558,rub_per_unit,RU,EUR
2006-12-16,34.6526,rub_per_unit,RU,EUR
2006-12-19,34.5741,rub_per_unit,RU,EUR
2006-12-20,34.5776,rub_per_unit,RU,EUR
2006-12-21,34.7341,rub_per_unit,RU,EUR
2006-12-22,34.7065,rub_per_unit,RU,EUR
2006-12-23,34.7082,rub_per_unit,RU,EUR
2006-12-26,34.6197,rub_per_unit,RU,EUR
2006-12-27,34.6054,rub_per_unit,RU,EUR
2006-12-28,34.6536,rub_per_unit,RU,EUR
2006-12-29,34.6249,rub_per_unit,RU,EUR
2006-12-30,34.6965,rub_per_unit,RU,EUR
2007-01-10,34.4862,rub_per_unit,RU,EUR
2007-01-11,34.4129,rub_per_unit,RU,EUR
2007-01-12,34.3828,rub_per_unit,RU,EUR
2007-01-13,34.3136,rub_per_unit,RU,EUR
2007-01-16,34.3771,rub_per_unit,RU,EUR
2007-01-17,34.4037,rub_per_unit,RU,EUR
2007-01-18,34.3374,rub_per_unit,RU,EUR
2007-01-19,34.3991,rub_per_unit,RU,EUR
2007-01-20,34.4173,rub_per_unit,RU,EUR
2007-01-23,34.4009,rub_per_unit,RU,EUR
2007-01-24,34.4016,rub_per_unit,RU,EUR
2007-01-25,34.4555,rub_per_unit,RU,EUR
2007-01-26,34.4099,rub_per_unit,RU,EUR
2007-01-27,34.3176,rub_per_unit,RU,EUR
2007-01-30,34.3212,rub_per_unit,RU,EUR
2007-01-31,34.3896,rub_per_unit,RU,EUR
2007-02-01,34.3802,rub_per_unit,RU,EUR
2007-02-02,34.4929,rub_per_unit,RU,EUR
2007-02-03,34.469,rub_per_unit,RU,EUR
2007-02-06,34.3601,rub_per_unit,RU,EUR
2007-02-07,34.3214,rub_per_unit,RU,EUR
2007-02-08,34.4128,rub_per_unit,RU,EUR
2007-02-09,34.3419,rub_per_unit,RU,EUR
2007-02-10,34.3015,rub_per_unit,RU,EUR
2007-02-13,34.3097,rub_per_unit,RU,EUR
2007-02-14,34.2649,rub_per_unit,RU,EUR
2007-02-15,34.3688,rub_per_unit,RU,EUR
2007-02-16,34.4602,rub_per_unit,RU,EUR
2007-02-17,34.4555,rub_per_unit,RU,EUR
2007-02-20,34.4676,rub_per_unit,RU,EUR
2007-02-21,34.4823,rub_per_unit,RU,EUR
2007-02-22,34.4591,rub_per_unit,RU,EUR
2007-02-23,34.392,rub_per_unit,RU,EUR
2007-02-27,34.4908,rub_per_unit,RU,EUR
2007-02-28,34.518,rub_per_unit,RU,EUR
2007-03-01,34.539,rub_per_unit,RU,EUR
2007-03-02,34.55,rub_per_unit,RU,EUR
2007-03-03,34.4816,rub_per_unit,RU,EUR
2007-03-06,34.4618,rub_per_unit,RU,EUR
2007-03-07,34.418,rub_per_unit,RU,EUR
2007-03-08,34.4206,rub_per_unit,RU,EUR
2007-03-10,34.4564,rub_per_unit,RU,EUR
2007-03-13,34.4292,rub_per_unit,RU,EUR
2007-03-14,34.4808,rub_per_unit,RU,EUR
2007-03-15,34.509,rub_per_unit,RU,EUR
2007-03-16,34.5308,rub_per_unit,RU,EUR
2007-03-17,34.6563,rub_per_unit,RU,EUR
2007-03-20,34.6435,rub_per_unit,RU,EUR
2007-03-21,34.6429,rub_per_unit,RU,EUR
2007-03-22,34.6558,rub_per_unit,RU,EUR
2007-03-23,34.7309,rub_per_unit,RU,EUR
2007-03-24,34.6751,rub_per_unit,RU,EUR
2007-03-27,34.5937,rub_per_unit,RU,EUR
2007-03-28,34.6768,rub_per_unit,RU,EUR
2007-03-29,34.7015,rub_per_unit,RU,EUR
2007-03-30,34.6644,rub_per_unit,RU,EUR
2007-03-31,34.6861,rub_per_unit,RU,EUR
2007-04-03,34.7107,rub_per_unit,RU,EUR
2007-04-04,34.7301,rub_per_unit,RU,EUR
2007-04-05,34.6887,rub_per_unit,RU,EUR
2007-04-06,34.7214,rub_per_unit,RU,EUR
2007-04-07,34.7812,rub_per_unit,RU,EUR
2007-04-10,34.7102,rub_per_unit,RU,EUR
2007-04-11,34.7886,rub_per_unit,RU,EUR
2007-04-12,34.8028,rub_per_unit,RU,EUR
2007-04-13,34.8423,rub_per_unit,RU,EUR
2007-04-14,34.9177,rub_per_unit,RU,EUR
2007-04-17,34.9518,rub_per_unit,RU,EUR
2007-04-18,34.935,rub_per_unit,RU,EUR
2007-04-19,35.0029,rub_per_unit,RU,EUR
2007-04-20,34.9795,rub_per_unit,RU,EUR
2007-04-21,35.0387,rub_per_unit,RU,EUR
2007-04-24,34.9844,rub_per_unit,RU,EUR
2007-04-25,34.9651,rub_per_unit,RU,EUR
2007-04-26,35.058,rub_per_unit,RU,EUR
2007-04-27,35.0586,rub_per_unit,RU,EUR
2007-04-28,34.9972,rub_per_unit,RU,EUR
2007-04-29,35.0653,rub_per_unit,RU,EUR
2007-05-03,34.9823,rub_per_unit,RU,EUR
2007-05-04,35.0195,rub_per_unit,RU,EUR
2007-05-05,34.9609,rub_per_unit,RU,EUR
2007-05-08,35.0178,rub_per_unit,RU,EUR
2007-05-09,35.018,rub_per_unit,RU,EUR
2007-05-11,34.9486,rub_per_unit,RU,EUR
2007-05-12,34.8585,rub_per_unit,RU,EUR
2007-05-15,34.9294,rub_per_unit,RU,EUR
2007-05-16,34.9439,rub_per_unit,RU,EUR
2007-05-17,35.0134,rub_per_unit,RU,EUR
2007-05-18,34.92,rub_per_unit,RU,EUR
2007-05-19,34.8706,rub_per_unit,RU,EUR
2007-05-22,34.9082,rub_per_unit,RU,EUR
2007-05-23,34.8619,rub_per_unit,RU,EUR
2007-05-24,34.8358,rub_per_unit,RU,EUR
2007-05-25,34.8358,rub_per_unit,RU,EUR
2007-05-26,34.8041,rub_per_unit,RU,EUR
2007-05-29,34.8354,rub_per_unit,RU,EUR
2007-05-30,34.8187,rub_per_unit,RU,EUR
2007-05-31,34.8164,rub_per_unit,RU,EUR
2007-06-01,34.8128,rub_per_unit,RU,EUR
2007-06-02,34.8177,rub_per_unit,RU,EUR
2007-06-05,34.818,rub_per_unit,RU,EUR
2007-06-06,34.894,rub_per_unit,RU,EUR
2007-06-07,34.9369,rub_per_unit,RU,EUR
2007-06-08,34.8929,rub_per_unit,RU,EUR
2007-06-09,34.778,rub_per_unit,RU,EUR
2007-06-10,34.7471,rub_per_unit,RU,EUR
2007-06-14,34.6333,rub_per_unit,RU,EUR
2007-06-15,34.6471,rub_per_unit,RU,EUR
2007-06-16,34.6698,rub_per_unit,RU,EUR
2007-06-19,34.7756,rub_per_unit,RU,EUR
2007-06-20,34.8093,rub_per_unit,RU,EUR
2007-06-21,34.8155,rub_per_unit,RU,EUR
2007-06-22,34.7676,rub_per_unit,RU,EUR
2007-06-23,34.79,rub_per_unit,RU,EUR
2007-06-26,34.8472,rub_per_unit,RU,EUR
2007-06-27,34.6819,rub_per_unit,RU,EUR
2007-06-28,34.6993,rub_per_unit,RU,EUR
2007-06-29,34.7324,rub_per_unit,RU,EUR
2007-06-30,34.715,rub_per_unit,RU,EUR
2007-07-03,34.8368,rub_per_unit,RU,EUR
2007-07-04,34.9454,rub_per_unit,RU,EUR
2007-07-05,34.9657,rub_per_unit,RU,EUR
2007-07-06,34.958,rub_per_unit,RU,EUR
2007-07-07,34.9575,rub_per_unit,RU,EUR
2007-07-10,35.0081,rub_per_unit,RU,EUR
2007-07-11,34.9342,rub_per_unit,RU,EUR
2007-07-12,35.1099,rub_per_unit,RU,EUR
2007-07-13,35.1263,rub_per_unit,RU,EUR
2007-07-14,35.1072,rub_per_unit,RU,EUR
2007-07-17,35.1066,rub_per_unit,RU,EUR
2007-07-18,35.1068,rub_per_unit,RU,EUR
2007-07-19,35.1379,rub_per_unit,RU,EUR
2007-07-20,35.0869,rub_per_unit,RU,EUR
2007-07-21,35.077,rub_per_unit,RU,EUR
2007-07-24,35.1079,rub_per_unit,RU,EUR
2007-07-25,35.0902,rub_per_unit,RU,EUR
2007-07-26,35.0728,rub_per_unit,RU,EUR
2007-07-27,34.9666,rub_per_unit,RU,EUR
2007-07-28,34.9911,rub_per_unit,RU,EUR
2007-07-31,34.9336,rub_per_unit,RU,EUR
2007-08-01,35.0015,rub_per_unit,RU,EUR
2007-08-02,34.9528,rub_per_unit,RU,EUR
2007-08-03,34.9774,rub_per_unit,RU,EUR
2007-08-04,35.0262,rub_per_unit,RU,EUR
2007-08-07,35.195,rub_per_unit,RU,EUR
2007-08-08,35.1489,rub_per_unit,RU,EUR
2007-08-09,34.9968,rub_per_unit,RU,EUR
2007-08-10,34.9499,rub_per_unit,RU,EUR
2007-08-11,34.8808,rub_per_unit,RU,EUR
2007-08-14,34.8325,rub_per_unit,RU,EUR
2007-08-15,34.7413,rub_per_unit,RU,EUR
2007-08-16,34.5813,rub_per_unit,RU,EUR
2007-08-17,34.548,rub_per_unit,RU,EUR
2007-08-18,34.5502,rub_per_unit,RU,EUR
2007-08-21,34.7372,rub_per_unit,RU,EUR
2007-08-22,34.8259,rub_per_unit,RU,EUR
2007-08-23,34.8511,rub_per_unit,RU,EUR
2007-08-24,34.8377,rub_per_unit,RU,EUR
2007-08-25,34.9344,rub_per_unit,RU,EUR
2007-08-28,35.0773,rub_per_unit,RU,EUR
2007-08-29,35.0006,rub_per_unit,RU,EUR
2007-08-30,35.0042,rub_per_unit,RU,EUR
2007-08-31,35.0114,rub_per_unit,RU,EUR
2007-09-01,35.0233,rub_per_unit,RU,EUR
2007-09-04,34.9221,rub_per_unit,RU,EUR
2007-09-05,34.8571,rub_per_unit,RU,EUR
2007-09-06,34.8951,rub_per_unit,RU,EUR
2007-09-07,35.021,rub_per_unit,RU,EUR
2007-09-08,35.0848,rub_per_unit,RU,EUR
2007-09-11,35.2366,rub_per_unit,RU,EUR
2007-09-12,35.1857,rub_per_unit,RU,EUR
2007-09-13,35.2223,rub_per_unit,RU,EUR
2007-09-14,35.2309,rub_per_unit,RU,EUR
2007-09-15,35.1674,rub_per_unit,RU,EUR
2007-09-18,35.1358,rub_per_unit,RU,EUR
2007-09-19,35.101,rub_per_unit,RU,EUR
2007-09-20,35.2135,rub_per_unit,RU,EUR
2007-09-21,35.2188,rub_per_unit,RU,EUR
2007-09-22,35.3186,rub_per_unit,RU,EUR
2007-09-25,35.3088,rub_per_unit,RU,EUR
2007-09-26,35.2193,rub_per_unit,RU,EUR
2007-09-27,35.2954,rub_per_unit,RU,EUR
2007-09-28,35.3261,rub_per_unit,RU,EUR
2007-09-29,35.3457,rub_per_unit,RU,EUR
2007-10-02,35.4443,rub_per_unit,RU,EUR
2007-10-03,35.3712,rub_per_unit,RU,EUR
2007-10-04,35.3428,rub_per_unit,RU,EUR
2007-10-05,35.2531,rub_per_unit,RU,EUR
2007-10-06,35.2837,rub_per_unit,RU,EUR
2007-10-09,35.2693,rub_per_unit,RU,EUR
2007-10-10,35.1788,rub_per_unit,RU,EUR
2007-10-11,35.2652,rub_per_unit,RU,EUR
2007-10-12,35.3414,rub_per_unit,RU,EUR
2007-10-13,35.3363,rub_per_unit,RU,EUR
2007-10-16,35.3383,rub_per_unit,RU,EUR
2007-10-17,35.3746,rub_per_unit,RU,EUR
2007-10-18,35.3372,rub_per_unit,RU,EUR
2007-10-19,35.4194,rub_per_unit,RU,EUR
2007-10-20,35.5346,rub_per_unit,RU,EUR
2007-10-23,35.533,rub_per_unit,RU,EUR
2007-10-24,35.3999,rub_per_unit,RU,EUR
2007-10-25,35.4003,rub_per_unit,RU,EUR
2007-10-26,35.4497,rub_per_unit,RU,EUR
2007-10-27,35.558,rub_per_unit,RU,EUR
2007-10-30,35.6248,rub_per_unit,RU,EUR
2007-10-31,35.5874,rub_per_unit,RU,EUR
2007-11-01,35.6492,rub_per_unit,RU,EUR
2007-11-02,35.6768,rub_per_unit,RU,EUR
2007-11-03,35.6888,rub_per_unit,RU,EUR
2007-11-07,35.7455,rub_per_unit,RU,EUR
2007-11-08,35.8517,rub_per_unit,RU,EUR
2007-11-09,35.8798,rub_per_unit,RU,EUR
2007-11-10,35.9304,rub_per_unit,RU,EUR
2007-11-13,35.8674,rub_per_unit,RU,EUR
2007-11-14,35.8461,rub_per_unit,RU,EUR
2007-11-15,35.8926,rub_per_unit,RU,EUR
2007-11-16,35.9053,rub_per_unit,RU,EUR
2007-11-17,35.8365,rub_per_unit,RU,EUR
2007-11-20,35.8619,rub_per_unit,RU,EUR
2007-11-21,35.9724,rub_per_unit,RU,EUR
2007-11-22,36.0584,rub_per_unit,RU,EUR
2007-11-23,36.0895,rub_per_unit,RU,EUR
2007-11-24,36.1498,rub_per_unit,RU,EUR
2007-11-27,36.0864,rub_per_unit,RU,EUR
2007-11-28,36.0874,rub_per_unit,RU,EUR
2007-11-29,36.0244,rub_per_unit,RU,EUR
2007-11-30,36.0389,rub_per_unit,RU,EUR
2007-12-01,36.0055,rub_per_unit,RU,EUR
2007-12-04,35.9136,rub_per_unit,RU,EUR
2007-12-05,35.8925,rub_per_unit,RU,EUR
2007-12-06,35.9662,rub_per_unit,RU,EUR
2007-12-07,35.7972,rub_per_unit,RU,EUR
2007-12-08,35.8327,rub_per_unit,RU,EUR
2007-12-11,35.8798,rub_per_unit,RU,EUR
2007-12-12,35.9595,rub_per_unit,RU,EUR
2007-12-13,35.9242,rub_per_unit,RU,EUR
2007-12-14,35.9418,rub_per_unit,RU,EUR
2007-12-15,35.8398,rub_per_unit,RU,EUR
2007-12-18,35.6038,rub_per_unit,RU,EUR
2007-12-19,35.5822,rub_per_unit,RU,EUR
2007-12-20,35.5813,rub_per_unit,RU,EUR
2007-12-21,35.5501,rub_per_unit,RU,EUR
2007-12-22,35.5796,rub_per_unit,RU,EUR
2007-12-25,35.5677,rub_per_unit,RU,EUR
2007-12-26,35.5839,rub_per_unit,RU,EUR
2007-12-27,35.6152,rub_per_unit,RU,EUR
2007-12-28,35.7261,rub_per_unit,RU,EUR
2007-12-29,35.941,rub_per_unit,RU,EUR
2007-12-30,35.9332,rub_per_unit,RU,EUR
2008-01-10,35.9762,rub_per_unit,RU,EUR
2008-01-11,35.9214,rub_per_unit,RU,EUR
2008-01-12,36.0389,rub_per_unit,RU,EUR
2008-01-15,36.1212,rub_per_unit,RU,EUR
2008-01-16,36.113,rub_per_unit,RU,EUR
2008-01-17,36.0646,rub_per_unit,RU,EUR
2008-01-18,35.862,rub_per_unit,RU,EUR
2008-01-19,35.8669,rub_per_unit,RU,EUR
2008-01-22,35.8298,rub_per_unit,RU,EUR
2008-01-23,35.849,rub_per_unit,RU,EUR
2008-01-24,35.9832,rub_per_unit,RU,EUR
2008-01-25,35.9891,rub_per_unit,RU,EUR
2008-01-26,36.0714,rub_per_unit,RU,EUR
2008-01-29,36.1033,rub_per_unit,RU,EUR
2008-01-30,36.1398,rub_per_unit,RU,EUR
2008-01-31,36.1688,rub_per_unit,RU,EUR
2008-02-01,36.29,rub_per_unit,RU,EUR
2008-02-02,36.3225,rub_per_unit,RU,EUR
2008-02-05,36.2731,rub_per_unit,RU,EUR
2008-02-06,36.3059,rub_per_unit,RU,EUR
2008-02-07,36.098,rub_per_unit,RU,EUR
2008-02-08,36.0259,rub_per_unit,RU,EUR
2008-02-09,35.8585,rub_per_unit,RU,EUR
2008-02-12,35.9316,rub_per_unit,RU,EUR
2008-02-13,35.8317,rub_per_unit,RU,EUR
2008-02-14,35.9006,rub_per_unit,RU,EUR
2008-02-15,35.9732,rub_per_unit,RU,EUR
2008-02-16,36.0309,rub_per_unit,RU,EUR
2008-02-19,36.0663,rub_per_unit,RU,EUR
2008-02-20,36.0992,rub_per_unit,RU,EUR
2008-02-21,36.1036,rub_per_unit,RU,EUR
2008-02-22,36.1399,rub_per_unit,RU,EUR
2008-02-23,36.2248,rub_per_unit,RU,EUR
2008-02-27,36.1921,rub_per_unit,RU,EUR
2008-02-28,36.3893,rub_per_unit,RU,EUR
2008-02-29,36.4054,rub_per_unit,RU,EUR
2008-03-01,36.5099,rub_per_unit,RU,EUR
2008-03-04,36.5125,rub_per_unit,RU,EUR
2008-03-05,36.5169,rub_per_unit,RU,EUR
2008-03-06,36.4918,rub_per_unit,RU,EUR
2008-03-07,36.6204,rub_per_unit,RU,EUR
2008-03-08,36.6921,rub_per_unit,RU,EUR
2008-03-12,36.6446,rub_per_unit,RU,EUR
2008-03-13,36.6538,rub_per_unit,RU,EUR
2008-03-14,36.8701,rub_per_unit,RU,EUR
2008-03-15,36.8995,rub_per_unit,RU,EUR
2008-03-18,37.1123,rub_per_unit,RU,EUR
2008-03-19,37.0825,rub_per_unit,RU,EUR
2008-03-20,37.0216,rub_per_unit,RU,EUR
2008-03-21,36.8739,rub_per_unit,RU,EUR
2008-03-22,36.7526,rub_per_unit,RU,EUR
2008-03-25,36.6632,rub_per_unit,RU,EUR
2008-03-26,36.8527,rub_per_unit,RU,EUR
2008-03-27,36.9103,rub_per_unit,RU,EUR
2008-03-28,37.0794,rub_per_unit,RU,EUR
2008-03-29,37.0676,rub_per_unit,RU,EUR
2008-04-01,37.0873,rub_per_unit,RU,EUR
2008-04-02,36.9851,rub_per_unit,RU,EUR
2008-04-03,36.8693,rub_per_unit,RU,EUR
2008-04-04,36.9414,rub_per_unit,RU,EUR
2008-04-05,36.976,rub_per_unit,RU,EUR
2008-04-08,36.9714,rub_per_unit,RU,EUR
2008-04-09,37.0433,rub_per_unit,RU,EUR
2008-04-10,37.0295,rub_per_unit,RU,EUR
2008-04-11,37.1299,rub_per_unit,RU,EUR
2008-04-12,37.107,rub_per_unit,RU,EUR
2008-04-15,37.0603,rub_per_unit,RU,EUR
2008-04-16,37.1291,rub_per_unit,RU,EUR
2008-04-17,37.1396,rub_per_unit,RU,EUR
2008-04-18,37.2336,rub_per_unit,RU,EUR
2008-04-19,37.2348,rub_per_unit,RU,EUR
2008-04-22,37.1137,rub_per_unit,RU,EUR
2008-04-23,37.1598,rub_per_unit,RU,EUR
2008-04-24,37.2606,rub_per_unit,RU,EUR
2008-04-25,37.1463,rub_per_unit,RU,EUR
2008-04-26,36.9422,rub_per_unit,RU,EUR
2008-04-29,36.9469,rub_per_unit,RU,EUR
2008-04-30,36.8895,rub_per_unit,RU,EUR
2008-05-01,36.8959,rub_per_unit,RU,EUR
2008-05-05,36.6997,rub_per_unit,RU,EUR
2008-05-06,36.7666,rub_per_unit,RU,EUR
2008-05-07,36.7701,rub_per_unit,RU,EUR
2008-05-08,36.7757,rub_per_unit,RU,EUR
2008-05-09,36.6035,rub_per_unit,RU,EUR
2008-05-13,36.6715,rub_per_unit,RU,EUR
2008-05-14,36.8346,rub_per_unit,RU,EUR
2008-05-15,36.873,rub_per_unit,RU,EUR
2008-05-16,37.0339,rub_per_unit,RU,EUR
2008-05-17,36.9053,rub_per_unit,RU,EUR
2008-05-20,36.9474,rub_per_unit,RU,EUR
2008-05-21,36.9705,rub_per_unit,RU,EUR
2008-05-22,37.0731,rub_per_unit,RU,EUR
2008-05-23,37.2238,rub_per_unit,RU,EUR
2008-05-24,37.0932,rub_per_unit,RU,EUR
2008-05-27,37.1357,rub_per_unit,RU,EUR
2008-05-28,37.1239,rub_per_unit,RU,EUR
2008-05-29,37.0987,rub_per_unit,RU,EUR
2008-05-30,36.8904,rub_per_unit,RU,EUR
2008-05-31,36.7827,rub_per_unit,RU,EUR
2008-06-03,36.8701,rub_per_unit,RU,EUR
2008-06-04,36.8699,rub_per_unit,RU,EUR
2008-06-05,36.7382,rub_per_unit,RU,EUR
2008-06-06,36.7699,rub_per_unit,RU,EUR
2008-06-07,36.9233,rub_per_unit,RU,EUR
2008-06-08,37.181,rub_per_unit,RU,EUR
2008-06-10,37.142,rub_per_unit,RU,EUR
2008-06-11,36.807,rub_per_unit,RU,EUR
2008-06-12,36.6841,rub_per_unit,RU,EUR
2008-06-17,36.5681,rub_per_unit,RU,EUR
2008-06-18,36.6943,rub_per_unit,RU,EUR
2008-06-19,36.6827,rub_per_unit,RU,EUR
2008-06-20,36.7325,rub_per_unit,RU,EUR
2008-06-21,36.7003,rub_per_unit,RU,EUR
2008-06-24,36.7427,rub_per_unit,RU,EUR
2008-06-25,36.7138,rub_per_unit,RU,EUR
2008-06-26,36.7203,rub_per_unit,RU,EUR
2008-06-27,36.8276,rub_per_unit,RU,EUR
2008-06-28,36.9077,rub_per_unit,RU,EUR
2008-07-01,36.971,rub_per_unit,RU,EUR
2008-07-02,36.9823,rub_per_unit,RU,EUR
2008-07-03,37.0561,rub_per_unit,RU,EUR
2008-07-04,37.1069,rub_per_unit,RU,EUR
2008-07-05,36.9381,rub_per_unit,RU,EUR
2008-07-08,36.8131,rub_per_unit,RU,EUR
2008-07-09,36.8823,rub_per_unit,RU,EUR
2008-07-10,36.7822,rub_per_unit,RU,EUR
2008-07-11,36.8747,rub_per_unit,RU,EUR
2008-07-12,36.8774,rub_per_unit,RU,EUR
2008-07-15,36.9009,rub_per_unit,RU,EUR
2008-07-16,36.8759,rub_per_unit,RU,EUR
2008-07-17,36.8559,rub_per_unit,RU,EUR
2008-07-18,36.8093,rub_per_unit,RU,EUR
2008-07-19,36.7991,rub_per_unit,RU,EUR
2008-07-22,36.8142,rub_per_unit,RU,EUR
2008-07-23,36.9419,rub_per_unit,RU,EUR
2008-07-24,36.7695,rub_per_unit,RU,EUR
2008-07-25,36.6664,rub_per_unit,RU,EUR
2008-07-26,36.7128,rub_per_unit,RU,EUR
2008-07-29,36.6768,rub_per_unit,RU,EUR
2008-07-30,36.7203,rub_per_unit,RU,EUR
2008-07-31,36.5329,rub_per_unit,RU,EUR
2008-08-01,36.5752,rub_per_unit,RU,EUR
2008-08-02,36.5353,rub_per_unit,RU,EUR
2008-08-05,36.4586,rub_per_unit,RU,EUR
2008-08-06,36.3999,rub_per_unit,RU,EUR
2008-08-07,36.4564,rub_per_unit,RU,EUR
2008-08-08,36.4737,rub_per_unit,RU,EUR
2008-08-09,36.2996,rub_per_unit,RU,EUR
2008-08-12,36.7808,rub_per_unit,RU,EUR
2008-08-13,36.185,rub_per_unit,RU,EUR
2008-08-14,36.1034,rub_per_unit,RU,EUR
2008-08-15,36.1922,rub_per_unit,RU,EUR
2008-08-16,36.1406,rub_per_unit,RU,EUR
2008-08-19,36.12,rub_per_unit,RU,EUR
2008-08-20,35.9832,rub_per_unit,RU,EUR
2008-08-21,36.0439,rub_per_unit,RU,EUR
2008-08-22,35.9975,rub_per_unit,RU,EUR
2008-08-23,36.1257,rub_per_unit,RU,EUR
2008-08-26,36.0083,rub_per_unit,RU,EUR
2008-08-27,36.0888,rub_per_unit,RU,EUR
2008-08-28,36.1574,rub_per_unit,RU,EUR
2008-08-29,36.2884,rub_per_unit,RU,EUR
2008-08-30,36.2264,rub_per_unit,RU,EUR
2008-09-02,36.1248,rub_per_unit,RU,EUR
2008-09-03,35.9455,rub_per_unit,RU,EUR
2008-09-04,35.9279,rub_per_unit,RU,EUR
2008-09-05,36.5937,rub_per_unit,RU,EUR
2008-09-06,36.3908,rub_per_unit,RU,EUR
2008-09-09,36.267,rub_per_unit,RU,EUR
2008-09-10,36.0877,rub_per_unit,RU,EUR
2008-09-11,36.1851,rub_per_unit,RU,EUR
2008-09-12,35.9922,rub_per_unit,RU,EUR
2008-09-13,36.0821,rub_per_unit,RU,EUR
2008-09-16,36.4299,rub_per_unit,RU,EUR
2008-09-17,36.3415,rub_per_unit,RU,EUR
2008-09-18,36.2958,rub_per_unit,RU,EUR
2008-09-19,36.4066,rub_per_unit,RU,EUR
2008-09-20,36.2568,rub_per_unit,RU,EUR
2008-09-23,36.6274,rub_per_unit,RU,EUR
2008-09-24,36.8974,rub_per_unit,RU,EUR
2008-09-25,36.7957,rub_per_unit,RU,EUR
2008-09-26,36.7099,rub_per_unit,RU,EUR
2008-09-27,36.5948,rub_per_unit,RU,EUR
2008-09-30,36.37,rub_per_unit,RU,EUR
2008-10-01,36.4999,rub_per_unit,RU,EUR
2008-10-02,36.153,rub_per_unit,RU,EUR
2008-10-03,35.9458,rub_per_unit,RU,EUR
2008-10-04,35.8757,rub_per_unit,RU,EUR
2008-10-07,35.5476,rub_per_unit,RU,EUR
2008-10-08,35.5512,rub_per_unit,RU,EUR
2008-10-09,35.5632,rub_per_unit,RU,EUR
2008-10-10,35.6839,rub_per_unit,RU,EUR
2008-10-11,35.5171,rub_per_unit,RU,EUR
2008-10-14,35.6051,rub_per_unit,RU,EUR
2008-10-15,35.6063,rub_per_unit,RU,EUR
2008-10-16,35.5798,rub_per_unit,RU,EUR
2008-10-17,35.3188,rub_per_unit,RU,EUR
2008-10-18,35.3988,rub_per_unit,RU,EUR
2008-10-21,35.1731,rub_per_unit,RU,EUR
2008-10-22,35.0881,rub_per_unit,RU,EUR
2008-10-23,34.6345,rub_per_unit,RU,EUR
2008-10-24,34.5767,rub_per_unit,RU,EUR
2008-10-25,34.4144,rub_per_unit,RU,EUR
2008-10-28,34.0844,rub_per_unit,RU,EUR
2008-10-29,34.1627,rub_per_unit,RU,EUR
2008-10-30,34.4306,rub_per_unit,RU,EUR
2008-10-31,35.0447,rub_per_unit,RU,EUR
2008-11-01,34.4092,rub_per_unit,RU,EUR
2008-11-02,34.4828,rub_per_unit,RU,EUR
2008-11-06,34.5449,rub_per_unit,RU,EUR
2008-11-07,34.6484,rub_per_unit,RU,EUR
2008-11-08,34.5112,rub_per_unit,RU,EUR
2008-11-11,34.5677,rub_per_unit,RU,EUR
2008-11-12,34.8064,rub_per_unit,RU,EUR
2008-11-13,34.6319,rub_per_unit,RU,EUR
2008-11-14,34.3777,rub_per_unit,RU,EUR
2008-11-15,34.7938,rub_per_unit,RU,EUR
2008-11-18,34.5766,rub_per_unit,RU,EUR
2008-11-19,34.625,rub_per_unit,RU,EUR
2008-11-20,34.6693,rub_per_unit,RU,EUR
2008-11-21,34.4975,rub_per_unit,RU,EUR
2008-11-22,34.5215,rub_per_unit,RU,EUR
2008-11-25,34.9141,rub_per_unit,RU,EUR
2008-11-26,35.2416,rub_per_unit,RU,EUR
2008-11-27,35.4565,rub_per_unit,RU,EUR
2008-11-28,35.3629,rub_per_unit,RU,EUR
2008-11-29,35.7166,rub_per_unit,RU,EUR
2008-12-02,35.4095,rub_per_unit,RU,EUR
2008-12-03,35.3037,rub_per_unit,RU,EUR
2008-12-04,35.4404,rub_per_unit,RU,EUR
2008-12-05,35.3887,rub_per_unit,RU,EUR
2008-12-06,35.8786,rub_per_unit,RU,EUR
2008-12-09,36.0107,rub_per_unit,RU,EUR
2008-12-10,36.0061,rub_per_unit,RU,EUR
2008-12-11,36.1715,rub_per_unit,RU,EUR
2008-12-12,36.6678,rub_per_unit,RU,EUR
2008-12-13,36.9008,rub_per_unit,RU,EUR
2008-12-16,37.4292,rub_per_unit,RU,EUR
2008-12-17,37.8188,rub_per_unit,RU,EUR
2008-12-18,38.704,rub_per_unit,RU,EUR
2008-12-19,39.7798,rub_per_unit,RU,EUR
2008-12-20,39.5475,rub_per_unit,RU,EUR
2008-12-23,39.7253,rub_per_unit,RU,EUR
2008-12-24,39.6674,rub_per_unit,RU,EUR
2008-12-25,39.9565,rub_per_unit,RU,EUR
2008-12-26,40.1859,rub_per_unit,RU,EUR
2008-12-27,40.788,rub_per_unit,RU,EUR
2008-12-30,41.6294,rub_per_unit,RU,EUR
2008-12-31,41.4411,rub_per_unit,RU,EUR
2009-01-01,41.4275,rub_per_unit,RU,EUR
2009-01-12,41.1311,rub_per_unit,RU,EUR
2009-01-13,41.5282,rub_per_unit,RU,EUR
2009-01-14,41.4105,rub_per_unit,RU,EUR
2009-01-15,41.9706,rub_per_unit,RU,EUR
2009-01-16,42.3833,rub_per_unit,RU,EUR
2009-01-17,43.08,rub_per_unit,RU,EUR
2009-01-20,43.7815,rub_per_unit,RU,EUR
2009-01-21,43.3331,rub_per_unit,RU,EUR
2009-01-22,42.1454,rub_per_unit,RU,EUR
2009-01-23,42.6454,rub_per_unit,RU,EUR
2009-01-24,42.3986,rub_per_unit,RU,EUR
2009-01-27,42.4861,rub_per_unit,RU,EUR
2009-01-28,43.7123,rub_per_unit,RU,EUR
2009-01-29,44.0305,rub_per_unit,RU,EUR
2009-01-30,45.3398,rub_per_unit,RU,EUR
2009-01-31,45.6636,rub_per_unit,RU,EUR
2009-02-03,46.0457,rub_per_unit,RU,EUR
2009-02-04,46.3896,rub_per_unit,RU,EUR
2009-02-05,46.8392,rub_per_unit,RU,EUR
2009-02-06,46.5924,rub_per_unit,RU,EUR
2009-02-07,46.4788,rub_per_unit,RU,EUR
2009-02-10,46.5951,rub_per_unit,RU,EUR
2009-02-11,46.3621,rub_per_unit,RU,EUR
2009-02-12,46.3312,rub_per_unit,RU,EUR
2009-02-13,44.9655,rub_per_unit,RU,EUR
2009-02-14,44.6107,rub_per_unit,RU,EUR
2009-02-17,44.3476,rub_per_unit,RU,EUR
2009-02-18,44.9957,rub_per_unit,RU,EUR
2009-02-19,45.9741,rub_per_unit,RU,EUR
2009-02-20,45.4422,rub_per_unit,RU,EUR
2009-02-21,45.4089,rub_per_unit,RU,EUR
2009-02-25,45.9108,rub_per_unit,RU,EUR
2009-02-26,45.967,rub_per_unit,RU,EUR
2009-02-27,45.428,rub_per_unit,RU,EUR
2009-02-28,45.3543,rub_per_unit,RU,EUR
2009-03-03,45.5201,rub_per_unit,RU,EUR
2009-03-04,45.8071,rub_per_unit,RU,EUR
2009-03-05,45.3543,rub_per_unit,RU,EUR
2009-03-06,45.2572,rub_per_unit,RU,EUR
2009-03-07,45.3686,rub_per_unit,RU,EUR
2009-03-11,45.0365,rub_per_unit,RU,EUR
2009-03-12,44.4258,rub_per_unit,RU,EUR
2009-03-13,45.0674,rub_per_unit,RU,EUR
2009-03-14,44.9258,rub_per_unit,RU,EUR
2009-03-17,45.1894,rub_per_unit,RU,EUR
2009-03-18,44.8603,rub_per_unit,RU,EUR
2009-03-19,44.8083,rub_per_unit,RU,EUR
2009-03-20,45.5416,rub_per_unit,RU,EUR
2009-03-21,45.7695,rub_per_unit,RU,EUR
2009-03-24,45.6323,rub_per_unit,RU,EUR
2009-03-25,45.2674,rub_per_unit,RU,EUR
2009-03-26,45.3963,rub_per_unit,RU,EUR
2009-03-27,45.4446,rub_per_unit,RU,EUR
2009-03-28,45.3151,rub_per_unit,RU,EUR
2009-03-31,44.9419,rub_per_unit,RU,EUR
2009-04-01,44.8946,rub_per_unit,RU,EUR
2009-04-02,44.7912,rub_per_unit,RU,EUR
2009-04-03,44.8684,rub_per_unit,RU,EUR
2009-04-04,44.8523,rub_per_unit,RU,EUR
2009-04-07,44.9412,rub_per_unit,RU,EUR
2009-04-08,44.6578,rub_per_unit,RU,EUR
2009-04-09,44.4993,rub_per_unit,RU,EUR
2009-04-10,44.586,rub_per_unit,RU,EUR
2009-04-11,44.1607,rub_per_unit,RU,EUR
2009-04-14,44.1986,rub_per_unit,RU,EUR
2009-04-15,44.447,rub_per_unit,RU,EUR
2009-04-16,44.2653,rub_per_unit,RU,EUR
2009-04-17,44.0555,rub_per_unit,RU,EUR
2009-04-18,43.8226,rub_per_unit,RU,EUR
2009-04-21,43.5613,rub_per_unit,RU,EUR
2009-04-22,44.0764,rub_per_unit,RU,EUR
2009-04-23,44.0392,rub_per_unit,RU,EUR
2009-04-24,44.0216,rub_per_unit,RU,EUR
2009-04-25,44.0392,rub_per_unit,RU,EUR
2009-04-28,43.8783,rub_per_unit,RU,EUR
2009-04-29,43.6596,rub_per_unit,RU,EUR
2009-04-30,43.8389,rub_per_unit,RU,EUR
2009-05-01,43.9939,rub_per_unit,RU,EUR
2009-05-05,43.8727,rub_per_unit,RU,EUR
2009-05-06,43.8501,rub_per_unit,RU,EUR
2009-05-07,43.725,rub_per_unit,RU,EUR
2009-05-08,43.5406,rub_per_unit,RU,EUR
2009-05-09,43.6574,rub_per_unit,RU,EUR
2009-05-13,43.9709,rub_per_unit,RU,EUR
2009-05-14,43.7798,rub_per_unit,RU,EUR
2009-05-15,43.6258,rub_per_unit,RU,EUR
2009-05-16,43.6124,rub_per_unit,RU,EUR
2009-05-19,43.4714,rub_per_unit,RU,EUR
2009-05-20,43.3303,rub_per_unit,RU,EUR
2009-05-21,43.246,rub_per_unit,RU,EUR
2009-05-22,43.3562,rub_per_unit,RU,EUR
2009-05-23,43.4644,rub_per_unit,RU,EUR
2009-05-26,43.4909,rub_per_unit,RU,EUR
2009-05-27,43.4712,rub_per_unit,RU,EUR
2009-05-28,43.4963,rub_per_unit,RU,EUR
2009-05-29,43.3269,rub_per_unit,RU,EUR
2009-05-30,43.378,rub_per_unit,RU,EUR
2009-06-02,43.4875,rub_per_unit,RU,EUR
2009-06-03,43.4152,rub_per_unit,RU,EUR
2009-06-04,43.649,rub_per_unit,RU,EUR
2009-06-05,43.8542,rub_per_unit,RU,EUR
2009-06-06,43.6009,rub_per_unit,RU,EUR
2009-06-09,43.328,rub_per_unit,RU,EUR
2009-06-10,43.4909,rub_per_unit,RU,EUR
2009-06-11,43.5895,rub_per_unit,RU,EUR
2009-06-12,43.3546,rub_per_unit,RU,EUR
2009-06-16,43.2958,rub_per_unit,RU,EUR
2009-06-17,43.3511,rub_per_unit,RU,EUR
2009-06-18,43.2796,rub_per_unit,RU,EUR
2009-06-19,43.434,rub_per_unit,RU,EUR
2009-06-20,43.3914,rub_per_unit,RU,EUR
2009-06-23,43.3216,rub_per_unit,RU,EUR
2009-06-24,43.7556,rub_per_unit,RU,EUR
2009-06-25,43.9274,rub_per_unit,RU,EUR
2009-06-26,43.5728,rub_per_unit,RU,EUR
2009-06-27,43.6965,rub_per_unit,RU,EUR
2009-06-30,43.8191,rub_per_unit,RU,EUR
2009-07-01,43.8512,rub_per_unit,RU,EUR
2009-07-02,43.8069,rub_per_unit,RU,EUR
2009-07-03,43.9052,rub_per_unit,RU,EUR
2009-07-04,43.7942,rub_per_unit,RU,EUR
2009-07-07,43.8481,rub_per_unit,RU,EUR
2009-07-08,43.8559,rub_per_unit,RU,EUR
2009-07-09,44.1387,rub_per_unit,RU,EUR
2009-07-10,44.407,rub_per_unit,RU,EUR
2009-07-11,44.6732,rub_per_unit,RU,EUR
2009-07-14,46.0059,rub_per_unit,RU,EUR
2009-07-15,45.4873,rub_per_unit,RU,EUR
2009-07-16,44.994,rub_per_unit,RU,EUR
2009-07-17,44.6066,rub_per_unit,RU,EUR
2009-07-18,44.8023,rub_per_unit,RU,EUR
2009-07-21,44.4466,rub_per_unit,RU,EUR
2009-07-22,44.2743,rub_per_unit,RU,EUR
2009-07-23,44.1159,rub_per_unit,RU,EUR
2009-07-24,44.2771,rub_per_unit,RU,EUR
2009-07-25,44.1712,rub_per_unit,RU,EUR
2009-07-28,43.8249,rub_per_unit,RU,EUR
2009-07-29,43.7675,rub_per_unit,RU,EUR
2009-07-30,44.4351,rub_per_unit,RU,EUR
2009-07-31,44.6927,rub_per_unit,RU,EUR
2009-08-01,43.9978,rub_per_unit,RU,EUR
2009-08-04,44.4642,rub_per_unit,RU,EUR
2009-08-05,44.7097,rub_per_unit,RU,EUR
2009-08-06,44.778,rub_per_unit,RU,EUR
2009-08-07,44.9168,rub_per_unit,RU,EUR
2009-08-08,45.2893,rub_per_unit,RU,EUR
2009-08-11,44.9498,rub_per_unit,RU,EUR
2009-08-12,44.9389,rub_per_unit,RU,EUR
2009-08-13,46.1718,rub_per_unit,RU,EUR
2009-08-14,45.8108,rub_per_unit,RU,EUR
2009-08-15,45.2618,rub_per_unit,RU,EUR
2009-08-18,45.635,rub_per_unit,RU,EUR
2009-08-19,45.0884,rub_per_unit,RU,EUR
2009-08-20,45.0123,rub_per_unit,RU,EUR
2009-08-21,44.9842,rub_per_unit,RU,EUR
2009-08-22,45.4663,rub_per_unit,RU,EUR
2009-08-25,45.1512,rub_per_unit,RU,EUR
2009-08-26,45.0476,rub_per_unit,RU,EUR
2009-08-27,44.9407,rub_per_unit,RU,EUR
2009-08-28,45.0782,rub_per_unit,RU,EUR
2009-08-29,45.3011,rub_per_unit,RU,EUR
2009-09-01,45.4321,rub_per_unit,RU,EUR
2009-09-02,45.6501,rub_per_unit,RU,EUR
2009-09-03,45.488,rub_per_unit,RU,EUR
2009-09-04,45.3932,rub_per_unit,RU,EUR
2009-09-05,45.1084,rub_per_unit,RU,EUR
2009-09-08,45.0672,rub_per_unit,RU,EUR
2009-09-09,45.1084,rub_per_unit,RU,EUR
2009-09-10,45.1512,rub_per_unit,RU,EUR
2009-09-11,45.0212,rub_per_unit,RU,EUR
2009-09-12,44.8886,rub_per_unit,RU,EUR
2009-09-15,44.8575,rub_per_unit,RU,EUR
2009-09-16,45.3036,rub_per_unit,RU,EUR
2009-09-17,44.9612,rub_per_unit,RU,EUR
2009-09-18,44.8133,rub_per_unit,RU,EUR
2009-09-19,44.6807,rub_per_unit,RU,EUR
2009-09-22,44.5271,rub_per_unit,RU,EUR
2009-09-23,44.5625,rub_per_unit,RU,EUR
2009-09-24,44.3946,rub_per_unit,RU,EUR
2009-09-25,44.362,rub_per_unit,RU,EUR
2009-09-26,44.2562,rub_per_unit,RU,EUR
2009-09-29,44.1291,rub_per_unit,RU,EUR
2009-09-30,44.0068,rub_per_unit,RU,EUR
2009-10-01,43.8877,rub_per_unit,RU,EUR
2009-10-02,43.8245,rub_per_unit,RU,EUR
2009-10-03,43.8154,rub_per_unit,RU,EUR
2009-10-06,44.0259,rub_per_unit,RU,EUR
2009-10-07,43.9667,rub_per_unit,RU,EUR
2009-10-08,43.8211,rub_per_unit,RU,EUR
2009-10-09,43.751,rub_per_unit,RU,EUR
2009-10-10,43.6052,rub_per_unit,RU,EUR
2009-10-13,43.5069,rub_per_unit,RU,EUR
2009-10-14,43.6133,rub_per_unit,RU,EUR
2009-10-15,43.8647,rub_per_unit,RU,EUR
2009-10-16,43.846,rub_per_unit,RU,EUR
2009-10-17,43.7429,rub_per_unit,RU,EUR
2009-10-20,43.7453,rub_per_unit,RU,EUR
2009-10-21,43.7166,rub_per_unit,RU,EUR
2009-10-22,43.6003,rub_per_unit,RU,EUR
2009-10-23,43.5705,rub_per_unit,RU,EUR
2009-10-24,43.5353,rub_per_unit,RU,EUR
2009-10-27,43.5002,rub_per_unit,RU,EUR
2009-10-28,43.2606,rub_per_unit,RU,EUR
2009-10-29,43.2489,rub_per_unit,RU,EUR
2009-10-30,43.218,rub_per_unit,RU,EUR
2009-10-31,43.0678,rub_per_unit,RU,EUR
2009-11-03,43.0588,rub_per_unit,RU,EUR
2009-11-04,43.1606,rub_per_unit,RU,EUR
2009-11-06,43.1897,rub_per_unit,RU,EUR
2009-11-07,43.1578,rub_per_unit,RU,EUR
2009-11-10,43.1476,rub_per_unit,RU,EUR
2009-11-11,43.0742,rub_per_unit,RU,EUR
2009-11-12,43.0424,rub_per_unit,RU,EUR
2009-11-13,42.9134,rub_per_unit,RU,EUR
2009-11-14,42.8971,rub_per_unit,RU,EUR
2009-11-17,42.9541,rub_per_unit,RU,EUR
2009-11-18,42.8948,rub_per_unit,RU,EUR
2009-11-19,42.7844,rub_per_unit,RU,EUR
2009-11-20,42.7998,rub_per_unit,RU,EUR
2009-11-21,43.0407,rub_per_unit,RU,EUR
2009-11-24,43.0856,rub_per_unit,RU,EUR
2009-11-25,42.9981,rub_per_unit,RU,EUR
2009-11-26,43.1921,rub_per_unit,RU,EUR
2009-11-27,43.5523,rub_per_unit,RU,EUR
2009-11-28,44.3571,rub_per_unit,RU,EUR
2009-12-01,43.7658,rub_per_unit,RU,EUR
2009-12-02,43.8736,rub_per_unit,RU,EUR
2009-12-03,43.8252,rub_per_unit,RU,EUR
2009-12-04,44.1945,rub_per_unit,RU,EUR
2009-12-05,44.0275,rub_per_unit,RU,EUR
2009-12-08,43.8905,rub_per_unit,RU,EUR
2009-12-09,44.7174,rub_per_unit,RU,EUR
2009-12-10,45.2608,rub_per_unit,RU,EUR
2009-12-11,45.0735,rub_per_unit,RU,EUR
2009-12-12,44.4913,rub_per_unit,RU,EUR
2009-12-15,44.0806,rub_per_unit,RU,EUR
2009-12-16,43.9441,rub_per_unit,RU,EUR
2009-12-17,43.9016,rub_per_unit,RU,EUR
2009-12-18,43.8568,rub_per_unit,RU,EUR
2009-12-19,44.1766,rub_per_unit,RU,EUR
2009-12-22,43.7854,rub_per_unit,RU,EUR
2009-12-23,43.5744,rub_per_unit,RU,EUR
2009-12-24,43.4848,rub_per_unit,RU,EUR
2009-12-25,42.9903,rub_per_unit,RU,EUR
2009-12-26,42.3566,rub_per_unit,RU,EUR
2009-12-29,42.5638,rub_per_unit,RU,EUR
2009-12-30,43.0096,rub_per_unit,RU,EUR
2009-12-31,43.3883,rub_per_unit,RU,EUR
2010-01-01,43.4605,rub_per_unit,RU,EUR
2010-01-12,42.6681,rub_per_unit,RU,EUR
2010-01-13,42.6149,rub_per_unit,RU,EUR
2010-01-14,42.9497,rub_per_unit,RU,EUR
2010-01-15,42.7764,rub_per_unit,RU,EUR
2010-01-16,42.5905,rub_per_unit,RU,EUR
2010-01-19,42.5654,rub_per_unit,RU,EUR
2010-01-20,42.5094,rub_per_unit,RU,EUR
2010-01-21,42.1478,rub_per_unit,RU,EUR
2010-01-22,41.9485,rub_per_unit,RU,EUR
2010-01-23,42.0576,rub_per_unit,RU,EUR
2010-01-26,42.5808,rub_per_unit,RU,EUR
2010-01-27,42.7058,rub_per_unit,RU,EUR
2010-01-28,42.5574,rub_per_unit,RU,EUR
2010-01-29,42.5842,rub_per_unit,RU,EUR
2010-01-30,42.4637,rub_per_unit,RU,EUR
2010-02-02,42.219,rub_per_unit,RU,EUR
2010-02-03,42.051,rub_per_unit,RU,EUR
2010-02-04,41.7633,rub_per_unit,RU,EUR
2010-02-05,41.6115,rub_per_unit,RU,EUR
2010-02-06,41.7179,rub_per_unit,RU,EUR
2010-02-09,41.6937,rub_per_unit,RU,EUR
2010-02-10,41.6998,rub_per_unit,RU,EUR
2010-02-11,41.6551,rub_per_unit,RU,EUR
2010-02-12,41.5085,rub_per_unit,RU,EUR
2010-02-13,41.1737,rub_per_unit,RU,EUR
2010-02-16,41.1092,rub_per_unit,RU,EUR
2010-02-17,41.1467,rub_per_unit,RU,EUR
2010-02-18,41.2561,rub_per_unit,RU,EUR
2010-02-19,40.8825,rub_per_unit,RU,EUR
2010-02-20,40.6285,rub_per_unit,RU,EUR
2010-02-25,40.6498,rub_per_unit,RU,EUR
2010-02-26,40.5012,rub_per_unit,RU,EUR
2010-02-27,40.7566,rub_per_unit,RU,EUR
2010-02-28,40.8047,rub_per_unit,RU,EUR
2010-03-02,40.7377,rub_per_unit,RU,EUR
2010-03-03,40.5271,rub_per_unit,RU,EUR
2010-03-04,40.6007,rub_per_unit,RU,EUR
2010-03-05,40.7215,rub_per_unit,RU,EUR
2010-03-06,40.5211,rub_per_unit,RU,EUR
2010-03-10,40.4866,rub_per_unit,RU,EUR
2010-03-11,40.3367,rub_per_unit,RU,EUR
2010-03-12,40.2469,rub_per_unit,RU,EUR
2010-03-13,40.261,rub_per_unit,RU,EUR
2010-03-16,40.3272,rub_per_unit,RU,EUR
2010-03-17,40.2347,rub_per_unit,RU,EUR
2010-03-18,40.283,rub_per_unit,RU,EUR
2010-03-19,39.9586,rub_per_unit,RU,EUR
2010-03-20,39.8357,rub_per_unit,RU,EUR
2010-03-23,39.6339,rub_per_unit,RU,EUR
2010-03-24,39.8238,rub_per_unit,RU,EUR
2010-03-25,39.7152,rub_per_unit,RU,EUR
2010-03-26,39.5301,rub_per_unit,RU,EUR
2010-03-27,39.3808,rub_per_unit,RU,EUR
2010-03-30,39.8654,rub_per_unit,RU,EUR
2010-03-31,39.7028,rub_per_unit,RU,EUR
2010-04-01,39.5713,rub_per_unit,RU,EUR
2010-04-02,39.7255,rub_per_unit,RU,EUR
2010-04-03,39.6303,rub_per_unit,RU,EUR
2010-04-06,39.3922,rub_per_unit,RU,EUR
2010-04-07,39.2568,rub_per_unit,RU,EUR
2010-04-08,39.1866,rub_per_unit,RU,EUR
2010-04-09,39.1524,rub_per_unit,RU,EUR
2010-04-10,39.2286,rub_per_unit,RU,EUR
2010-04-13,39.4982,rub_per_unit,RU,EUR
2010-04-14,39.4829,rub_per_unit,RU,EUR
2010-04-15,39.6253,rub_per_unit,RU,EUR
2010-04-16,39.4387,rub_per_unit,RU,EUR
2010-04-17,39.2723,rub_per_unit,RU,EUR
2010-04-20,39.2873,rub_per_unit,RU,EUR
2010-04-21,39.2199,rub_per_unit,RU,EUR
2010-04-22,39.0919,rub_per_unit,RU,EUR
2010-04-23,39.0413,rub_per_unit,RU,EUR
2010-04-24,38.7445,rub_per_unit,RU,EUR
2010-04-27,38.8706,rub_per_unit,RU,EUR
2010-04-28,38.8534,rub_per_unit,RU,EUR
2010-04-29,38.7817,rub_per_unit,RU,EUR
2010-04-30,38.702,rub_per_unit,RU,EUR
2010-05-01,38.6986,rub_per_unit,RU,EUR
2010-05-05,38.6004,rub_per_unit,RU,EUR
2010-05-06,38.5143,rub_per_unit,RU,EUR
2010-05-07,38.6833,rub_per_unit,RU,EUR
2010-05-08,38.949,rub_per_unit,RU,EUR
2010-05-12,38.5948,rub_per_unit,RU,EUR
2010-05-13,38.194,rub_per_unit,RU,EUR
2010-05-14,37.8412,rub_per_unit,RU,EUR
2010-05-15,37.7282,rub_per_unit,RU,EUR
2010-05-18,37.7562,rub_per_unit,RU,EUR
2010-05-19,37.6224,rub_per_unit,RU,EUR
2010-05-20,37.4206,rub_per_unit,RU,EUR
2010-05-21,38.0406,rub_per_unit,RU,EUR
2010-05-22,39.0115,rub_per_unit,RU,EUR
2010-05-25,38.6159,rub_per_unit,RU,EUR
2010-05-26,38.6046,rub_per_unit,RU,EUR
2010-05-27,38.5119,rub_per_unit,RU,EUR
2010-05-28,37.9869,rub_per_unit,RU,EUR
2010-05-29,37.6316,rub_per_unit,RU,EUR
2010-06-01,37.8133,rub_per_unit,RU,EUR
2010-06-02,38.033,rub_per_unit,RU,EUR
2010-06-03,38.1111,rub_per_unit,RU,EUR
2010-06-04,38.0117,rub_per_unit,RU,EUR
2010-06-05,37.8476,rub_per_unit,RU,EUR
2010-06-08,37.9165,rub_per_unit,RU,EUR
2010-06-09,37.8333,rub_per_unit,RU,EUR
2010-06-10,37.943,rub_per_unit,RU,EUR
2010-06-11,38.0217,rub_per_unit,RU,EUR
2010-06-12,38.0982,rub_per_unit,RU,EUR
2010-06-16,38.3303,rub_per_unit,RU,EUR
2010-06-17,38.4192,rub_per_unit,RU,EUR
2010-06-18,38.2614,rub_per_unit,RU,EUR
2010-06-19,38.256,rub_per_unit,RU,EUR
2010-06-22,38.267,rub_per_unit,RU,EUR
2010-06-23,38.033,rub_per_unit,RU,EUR
2010-06-24,38.0242,rub_per_unit,RU,EUR
2010-06-25,38.2352,rub_per_unit,RU,EUR
2010-06-26,38.3324,rub_per_unit,RU,EUR
2010-06-29,38.3139,rub_per_unit,RU,EUR
2010-06-30,38.1863,rub_per_unit,RU,EUR
2010-07-01,38.2097,rub_per_unit,RU,EUR
2010-07-02,38.3031,rub_per_unit,RU,EUR
2010-07-03,38.9928,rub_per_unit,RU,EUR
2010-07-06,39.0305,rub_per_unit,RU,EUR
2010-07-07,39.1021,rub_per_unit,RU,EUR
2010-07-08,39.1326,rub_per_unit,RU,EUR
2010-07-09,39.1615,rub_per_unit,RU,EUR
2010-07-10,39.1285,rub_per_unit,RU,EUR
2010-07-13,38.8716,rub_per_unit,RU,EUR
2010-07-14,38.7345,rub_per_unit,RU,EUR
2010-07-15,38.809,rub_per_unit,RU,EUR
2010-07-16,38.9053,rub_per_unit,RU,EUR
2010-07-17,39.3258,rub_per_unit,RU,EUR
2010-07-20,39.4373,rub_per_unit,RU,EUR
2010-07-21,39.5306,rub_per_unit,RU,EUR
2010-07-22,39.2145,rub_per_unit,RU,EUR
2010-07-23,38.9503,rub_per_unit,RU,EUR
2010-07-24,39.1253,rub_per_unit,RU,EUR
2010-07-27,39.1999,rub_per_unit,RU,EUR
2010-07-28,39.3139,rub_per_unit,RU,EUR
2010-07-29,39.335,rub_per_unit,RU,EUR
2010-07-30,39.3671,rub_per_unit,RU,EUR
2010-07-31,39.4694,rub_per_unit,RU,EUR
2010-08-03,39.4653,rub_per_unit,RU,EUR
2010-08-04,39.45,rub_per_unit,RU,EUR
2010-08-05,39.3781,rub_per_unit,RU,EUR
2010-08-06,39.2404,rub_per_unit,RU,EUR
2010-08-07,39.3593,rub_per_unit,RU,EUR
2010-08-10,39.611,rub_per_unit,RU,EUR
2010-08-11,39.5235,rub_per_unit,RU,EUR
2010-08-12,39.4417,rub_per_unit,RU,EUR
2010-08-13,39.3009,rub_per_unit,RU,EUR
2010-08-14,39.2173,rub_per_unit,RU,EUR
2010-08-17,39.0868,rub_per_unit,RU,EUR
2010-08-18,39.1148,rub_per_unit,RU,EUR
2010-08-19,39.0514,rub_per_unit,RU,EUR
2010-08-20,39.03,rub_per_unit,RU,EUR
2010-08-21,39.0923,rub_per_unit,RU,EUR
2010-08-24,38.9131,rub_per_unit,RU,EUR
2010-08-25,38.8662,rub_per_unit,RU,EUR
2010-08-26,39.0894,rub_per_unit,RU,EUR
2010-08-27,39.1911,rub_per_unit,RU,EUR
2010-08-28,39.0311,rub_per_unit,RU,EUR
2010-08-31,39.0291,rub_per_unit,RU,EUR
2010-09-01,39.0127,rub_per_unit,RU,EUR
2010-09-02,39.1654,rub_per_unit,RU,EUR
2010-09-03,39.2901,rub_per_unit,RU,EUR
2010-09-04,39.3505,rub_per_unit,RU,EUR
2010-09-07,39.472,rub_per_unit,RU,EUR
2010-09-08,39.3215,rub_per_unit,RU,EUR
2010-09-09,39.2948,rub_per_unit,RU,EUR
2010-09-10,39.1868,rub_per_unit,RU,EUR
2010-09-11,39.1917,rub_per_unit,RU,EUR
2010-09-14,39.3235,rub_per_unit,RU,EUR
2010-09-15,39.5264,rub_per_unit,RU,EUR
2010-09-16,39.9107,rub_per_unit,RU,EUR
2010-09-17,40.3166,rub_per_unit,RU,EUR
2010-09-18,40.8115,rub_per_unit,RU,EUR
2010-09-21,40.5416,rub_per_unit,RU,EUR
2010-09-22,40.6483,rub_per_unit,RU,EUR
2010-09-23,41.2254,rub_per_unit,RU,EUR
2010-09-24,41.538,rub_per_unit,RU,EUR
2010-09-25,41.2599,rub_per_unit,RU,EUR
2010-09-28,41.222,rub_per_unit,RU,EUR
2010-09-29,41.0884,rub_per_unit,RU,EUR
2010-09-30,41.3481,rub_per_unit,RU,EUR
2010-10-01,41.4392,rub_per_unit,RU,EUR
2010-10-02,41.6606,rub_per_unit,RU,EUR
2010-10-05,41.9747,rub_per_unit,RU,EUR
2010-10-06,41.7156,rub_per_unit,RU,EUR
2010-10-07,41.4017,rub_per_unit,RU,EUR
2010-10-08,41.3564,rub_per_unit,RU,EUR
2010-10-09,41.6717,rub_per_unit,RU,EUR
2010-10-12,41.66,rub_per_unit,RU,EUR
2010-10-13,41.5895,rub_per_unit,RU,EUR
2010-10-14,42.0451,rub_per_unit,RU,EUR
2010-10-15,42.1585,rub_per_unit,RU,EUR
2010-10-16,42.3939,rub_per_unit,RU,EUR
2010-10-19,42.3577,rub_per_unit,RU,EUR
2010-10-20,42.2983,rub_per_unit,RU,EUR
2010-10-21,42.4411,rub_per_unit,RU,EUR
2010-10-22,42.8781,rub_per_unit,RU,EUR
2010-10-23,42.5351,rub_per_unit,RU,EUR
2010-10-26,42.4975,rub_per_unit,RU,EUR
2010-10-27,42.4658,rub_per_unit,RU,EUR
2010-10-28,42.1841,rub_per_unit,RU,EUR
2010-10-29,42.4316,rub_per_unit,RU,EUR
2010-10-30,42.7256,rub_per_unit,RU,EUR
2010-11-02,42.9848,rub_per_unit,RU,EUR
2010-11-03,42.9147,rub_per_unit,RU,EUR
2010-11-04,43.1654,rub_per_unit,RU,EUR
2010-11-09,42.9854,rub_per_unit,RU,EUR
2010-11-10,42.7798,rub_per_unit,RU,EUR
2010-11-11,42.3004,rub_per_unit,RU,EUR
2010-11-12,42.059,rub_per_unit,RU,EUR
2010-11-13,41.8779,rub_per_unit,RU,EUR
2010-11-14,42.2311,rub_per_unit,RU,EUR
2010-11-16,42.1715,rub_per_unit,RU,EUR
2010-11-17,42.2175,rub_per_unit,RU,EUR
2010-11-18,42.2863,rub_per_unit,RU,EUR
2010-11-19,42.4069,rub_per_unit,RU,EUR
2010-11-20,42.3568,rub_per_unit,RU,EUR
2010-11-23,42.6367,rub_per_unit,RU,EUR
2010-11-24,42.4036,rub_per_unit,RU,EUR
2010-11-25,41.9168,rub_per_unit,RU,EUR
2010-11-26,41.6956,rub_per_unit,RU,EUR
2010-11-27,41.6192,rub_per_unit,RU,EUR
2010-11-30,41.5682,rub_per_unit,RU,EUR
2010-12-01,41.0814,rub_per_unit,RU,EUR
2010-12-02,41.062,rub_per_unit,RU,EUR
2010-12-03,41.2276,rub_per_unit,RU,EUR
2010-12-04,41.3374,rub_per_unit,RU,EUR
2010-12-07,41.7677,rub_per_unit,RU,EUR
2010-12-08,41.6525,rub_per_unit,RU,EUR
2010-12-09,41.272,rub_per_unit,RU,EUR
2010-12-10,41.2106,rub_per_unit,RU,EUR
2010-12-11,40.9394,rub_per_unit,RU,EUR
2010-12-14,40.8042,rub_per_unit,RU,EUR
2010-12-15,41.2932,rub_per_unit,RU,EUR
2010-12-16,40.8851,rub_per_unit,RU,EUR
2010-12-17,40.6798,rub_per_unit,RU,EUR
2010-12-18,40.7979,rub_per_unit,RU,EUR
2010-12-21,40.5055,rub_per_unit,RU,EUR
2010-12-22,40.472,rub_per_unit,RU,EUR
2010-12-23,40.3582,rub_per_unit,RU,EUR
2010-12-24,40.1706,rub_per_unit,RU,EUR
2010-12-25,40.1548,rub_per_unit,RU,EUR
2010-12-28,40.0594,rub_per_unit,RU,EUR
2010-12-29,40.0226,rub_per_unit,RU,EUR
2010-12-30,39.9011,rub_per_unit,RU,EUR
2010-12-31,40.3331,rub_per_unit,RU,EUR
2011-01-01,40.4876,rub_per_unit,RU,EUR
2011-01-12,39.6076,rub_per_unit,RU,EUR
2011-01-13,39.5154,rub_per_unit,RU,EUR
2011-01-14,39.4815,rub_per_unit,RU,EUR
2011-01-15,40.1264,rub_per_unit,RU,EUR
2011-01-18,39.968,rub_per_unit,RU,EUR
2011-01-19,39.9066,rub_per_unit,RU,EUR
2011-01-20,40.1895,rub_per_unit,RU,EUR
2011-01-21,40.2113,rub_per_unit,RU,EUR
2011-01-22,40.5807,rub_per_unit,RU,EUR
2011-01-25,40.5624,rub_per_unit,RU,EUR
2011-01-26,40.7027,rub_per_unit,RU,EUR
2011-01-27,40.7198,rub_per_unit,RU,EUR
2011-01-28,40.6205,rub_per_unit,RU,EUR
2011-01-29,40.6487,rub_per_unit,RU,EUR
2011-02-01,40.5811,rub_per_unit,RU,EUR
2011-02-02,40.7368,rub_per_unit,RU,EUR
2011-02-03,40.7258,rub_per_unit,RU,EUR
2011-02-04,40.5279,rub_per_unit,RU,EUR
2011-02-05,40.0819,rub_per_unit,RU,EUR
2011-02-08,39.9593,rub_per_unit,RU,EUR
2011-02-09,39.8892,rub_per_unit,RU,EUR
2011-02-10,39.9871,rub_per_unit,RU,EUR
2011-02-11,40.135,rub_per_unit,RU,EUR
2011-02-12,39.7667,rub_per_unit,RU,EUR
2011-02-15,39.604,rub_per_unit,RU,EUR
2011-02-16,39.4703,rub_per_unit,RU,EUR
2011-02-17,39.6802,rub_per_unit,RU,EUR
2011-02-18,39.6821,rub_per_unit,RU,EUR
2011-02-19,39.7682,rub_per_unit,RU,EUR
2011-02-22,39.8868,rub_per_unit,RU,EUR
2011-02-23,39.6795,rub_per_unit,RU,EUR
2011-02-25,40.0294,rub_per_unit,RU,EUR
2011-02-26,40.0073,rub_per_unit,RU,EUR
2011-03-01,39.8136,rub_per_unit,RU,EUR
2011-03-02,39.7219,rub_per_unit,RU,EUR
2011-03-03,39.3974,rub_per_unit,RU,EUR
2011-03-04,39.2752,rub_per_unit,RU,EUR
2011-03-05,39.3476,rub_per_unit,RU,EUR
2011-03-06,39.4038,rub_per_unit,RU,EUR
2011-03-10,39.3039,rub_per_unit,RU,EUR
2011-03-11,39.3151,rub_per_unit,RU,EUR
2011-03-12,39.5375,rub_per_unit,RU,EUR
2011-03-15,39.9347,rub_per_unit,RU,EUR
2011-03-16,39.9813,rub_per_unit,RU,EUR
2011-03-17,40.0728,rub_per_unit,RU,EUR
2011-03-18,40.1097,rub_per_unit,RU,EUR
2011-03-19,40.0633,rub_per_unit,RU,EUR
2011-03-22,40.1996,rub_per_unit,RU,EUR
2011-03-23,40.0858,rub_per_unit,RU,EUR
2011-03-24,40.0642,rub_per_unit,RU,EUR
2011-03-25,39.9495,rub_per_unit,RU,EUR
2011-03-26,40.0156,rub_per_unit,RU,EUR
2011-03-29,39.9288,rub_per_unit,RU,EUR
2011-03-30,40.0325,rub_per_unit,RU,EUR
2011-03-31,40.0223,rub_per_unit,RU,EUR
2011-04-01,40.3875,rub_per_unit,RU,EUR
2011-04-02,40.198,rub_per_unit,RU,EUR
2011-04-05,40.1624,rub_per_unit,RU,EUR
2011-04-06,40.1652,rub_per_unit,RU,EUR
2011-04-07,40.2789,rub_per_unit,RU,EUR
2011-04-08,40.3528,rub_per_unit,RU,EUR
2011-04-09,40.4859,rub_per_unit,RU,EUR
2011-04-12,40.439,rub_per_unit,RU,EUR
2011-04-13,40.5268,rub_per_unit,RU,EUR
2011-04-14,40.7604,rub_per_unit,RU,EUR
2011-04-15,40.8791,rub_per_unit,RU,EUR
2011-04-16,40.8304,rub_per_unit,RU,EUR
2011-04-19,40.4739,rub_per_unit,RU,EUR
2011-04-20,40.4407,rub_per_unit,RU,EUR
2011-04-21,40.5523,rub_per_unit,RU,EUR
2011-04-22,40.8117,rub_per_unit,RU,EUR
2011-04-23,40.7443,rub_per_unit,RU,EUR
2011-04-26,40.7933,rub_per_unit,RU,EUR
2011-04-27,40.5837,rub_per_unit,RU,EUR
2011-04-28,40.6681,rub_per_unit,RU,EUR
2011-04-29,40.8121,rub_per_unit,RU,EUR
2011-04-30,40.8078,rub_per_unit,RU,EUR
2011-05-04,40.5211,rub_per_unit,RU,EUR
2011-05-05,40.5751,rub_per_unit,RU,EUR
2011-05-06,40.5421,rub_per_unit,RU,EUR
2011-05-07,40.2974,rub_per_unit,RU,EUR
2011-05-11,39.8657,rub_per_unit,RU,EUR
2011-05-12,39.7827,rub_per_unit,RU,EUR
2011-05-13,39.6934,rub_per_unit,RU,EUR
2011-05-14,39.7137,rub_per_unit,RU,EUR
2011-05-17,39.683,rub_per_unit,RU,EUR
2011-05-18,39.8512,rub_per_unit,RU,EUR
2011-05-19,40.0113,rub_per_unit,RU,EUR
2011-05-20,39.8889,rub_per_unit,RU,EUR
2011-05-21,39.9652,rub_per_unit,RU,EUR
2011-05-24,39.8117,rub_per_unit,RU,EUR
2011-05-25,39.9938,rub_per_unit,RU,EUR
2011-05-26,39.9566,rub_per_unit,RU,EUR
2011-05-27,40.0217,rub_per_unit,RU,EUR
2011-05-28,40.0802,rub_per_unit,RU,EUR
2011-05-31,40.0594,rub_per_unit,RU,EUR
2011-06-01,40.2444,rub_per_unit,RU,EUR
2011-06-02,40.3497,rub_per_unit,RU,EUR
2011-06-03,40.3074,rub_per_unit,RU,EUR
2011-06-04,40.3436,rub_per_unit,RU,EUR
2011-06-07,40.6879,rub_per_unit,RU,EUR
2011-06-08,40.6581,rub_per_unit,RU,EUR
2011-06-09,40.6273,rub_per_unit,RU,EUR
2011-06-10,40.5244,rub_per_unit,RU,EUR
2011-06-11,40.2298,rub_per_unit,RU,EUR
2011-06-15,40.2825,rub_per_unit,RU,EUR
2011-06-16,40.128,rub_per_unit,RU,EUR
2011-06-17,39.8184,rub_per_unit,RU,EUR
2011-06-18,39.8913,rub_per_unit,RU,EUR
2011-06-21,40.047,rub_per_unit,RU,EUR
2011-06-22,40.2277,rub_per_unit,RU,EUR
2011-06-23,40.1814,rub_per_unit,RU,EUR
2011-06-24,40.0791,rub_per_unit,RU,EUR
2011-06-25,40.1189,rub_per_unit,RU,EUR
2011-06-28,40.0923,rub_per_unit,RU,EUR
2011-06-29,40.3029,rub_per_unit,RU,EUR
2011-06-30,40.387,rub_per_unit,RU,EUR
2011-07-01,40.4153,rub_per_unit,RU,EUR
2011-07-02,40.4824,rub_per_unit,RU,EUR
2011-07-05,40.4155,rub_per_unit,RU,EUR
2011-07-06,40.311,rub_per_unit,RU,EUR
2011-07-07,40.2435,rub_per_unit,RU,EUR
2011-07-08,40.0917,rub_per_unit,RU,EUR
2011-07-09,40.0193,rub_per_unit,RU,EUR
2011-07-12,39.8033,rub_per_unit,RU,EUR
2011-07-13,39.5051,rub_per_unit,RU,EUR
2011-07-14,39.5919,rub_per_unit,RU,EUR
2011-07-15,39.8214,rub_per_unit,RU,EUR
2011-07-16,39.7388,rub_per_unit,RU,EUR
2011-07-19,39.5894,rub_per_unit,RU,EUR
2011-07-20,39.7316,rub_per_unit,RU,EUR
2011-07-21,39.728,rub_per_unit,RU,EUR
2011-07-22,39.8415,rub_per_unit,RU,EUR
2011-07-23,39.9484,rub_per_unit,RU,EUR
2011-07-26,39.8365,rub_per_unit,RU,EUR
2011-07-27,39.9389,rub_per_unit,RU,EUR
2011-07-28,39.7937,rub_per_unit,RU,EUR
2011-07-29,39.5982,rub_per_unit,RU,EUR
2011-07-30,39.5182,rub_per_unit,RU,EUR
2011-08-02,39.6431,rub_per_unit,RU,EUR
2011-08-03,39.5173,rub_per_unit,RU,EUR
2011-08-04,39.5923,rub_per_unit,RU,EUR
2011-08-05,39.8158,rub_per_unit,RU,EUR
2011-08-06,39.9625,rub_per_unit,RU,EUR
2011-08-09,40.959,rub_per_unit,RU,EUR
2011-08-10,41.9039,rub_per_unit,RU,EUR
2011-08-11,42.0285,rub_per_unit,RU,EUR
2011-08-12,41.9075,rub_per_unit,RU,EUR
2011-08-13,41.7768,rub_per_unit,RU,EUR
2011-08-16,41.2895,rub_per_unit,RU,EUR
2011-08-17,41.2924,rub_per_unit,RU,EUR
2011-08-18,41.3061,rub_per_unit,RU,EUR
2011-08-19,41.6355,rub_per_unit,RU,EUR
2011-08-20,41.8749,rub_per_unit,RU,EUR
2011-08-23,42.0226,rub_per_unit,RU,EUR
2011-08-24,41.66,rub_per_unit,RU,EUR
2011-08-25,41.6618,rub_per_unit,RU,EUR
2011-08-26,41.6746,rub_per_unit,RU,EUR
2011-08-27,41.6705,rub_per_unit,RU,EUR
2011-08-30,41.7455,rub_per_unit,RU,EUR
2011-08-31,41.8396,rub_per_unit,RU,EUR
2011-09-01,41.7631,rub_per_unit,RU,EUR
2011-09-02,41.4732,rub_per_unit,RU,EUR
2011-09-03,41.3762,rub_per_unit,RU,EUR
2011-09-06,41.483,rub_per_unit,RU,EUR
2011-09-07,41.6771,rub_per_unit,RU,EUR
2011-09-08,41.4902,rub_per_unit,RU,EUR
2011-09-09,41.5175,rub_per_unit,RU,EUR
2011-09-10,41.2786,rub_per_unit,RU,EUR
2011-09-13,41.0914,rub_per_unit,RU,EUR
2011-09-14,41.2267,rub_per_unit,RU,EUR
2011-09-15,41.3531,rub_per_unit,RU,EUR
2011-09-16,41.8792,rub_per_unit,RU,EUR
2011-09-17,42.2482,rub_per_unit,RU,EUR
2011-09-20,42.2058,rub_per_unit,RU,EUR
2011-09-21,42.9164,rub_per_unit,RU,EUR
2011-09-22,43.0127,rub_per_unit,RU,EUR
2011-09-23,43.2421,rub_per_unit,RU,EUR
2011-09-24,43.3655,rub_per_unit,RU,EUR
2011-09-27,43.4535,rub_per_unit,RU,EUR
2011-09-28,43.6357,rub_per_unit,RU,EUR
2011-09-29,43.2216,rub_per_unit,RU,EUR
2011-09-30,43.3979,rub_per_unit,RU,EUR
2011-10-01,43.4191,rub_per_unit,RU,EUR
2011-10-04,43.4411,rub_per_unit,RU,EUR
2011-10-05,43.1571,rub_per_unit,RU,EUR
2011-10-06,43.4632,rub_per_unit,RU,EUR
2011-10-07,43.3728,rub_per_unit,RU,EUR
2011-10-08,43.2614,rub_per_unit,RU,EUR
2011-10-11,43.1425,rub_per_unit,RU,EUR
2011-10-12,42.8601,rub_per_unit,RU,EUR
2011-10-13,42.8785,rub_per_unit,RU,EUR
2011-10-14,43.0236,rub_per_unit,RU,EUR
2011-10-15,42.7328,rub_per_unit,RU,EUR
2011-10-18,42.6169,rub_per_unit,RU,EUR
2011-10-19,42.5551,rub_per_unit,RU,EUR
2011-10-20,42.7084,rub_per_unit,RU,EUR
2011-10-21,42.9858,rub_per_unit,RU,EUR
2011-10-22,43.1373,rub_per_unit,RU,EUR
2011-10-25,42.9153,rub_per_unit,RU,EUR
2011-10-26,42.4001,rub_per_unit,RU,EUR
2011-10-27,42.5457,rub_per_unit,RU,EUR
2011-10-28,42.3571,rub_per_unit,RU,EUR
2011-10-29,42.383,rub_per_unit,RU,EUR
2011-11-01,42.1833,rub_per_unit,RU,EUR
2011-11-02,42.2469,rub_per_unit,RU,EUR
2011-11-03,42.1431,rub_per_unit,RU,EUR
2011-11-04,42.2128,rub_per_unit,RU,EUR
2011-11-08,42.0727,rub_per_unit,RU,EUR
2011-11-09,41.9394,rub_per_unit,RU,EUR
2011-11-10,41.5998,rub_per_unit,RU,EUR
2011-11-11,41.6937,rub_per_unit,RU,EUR
2011-11-12,41.5886,rub_per_unit,RU,EUR
2011-11-15,41.6638,rub_per_unit,RU,EUR
2011-11-16,41.6884,rub_per_unit,RU,EUR
2011-11-17,41.4605,rub_per_unit,RU,EUR
2011-11-18,41.4997,rub_per_unit,RU,EUR
2011-11-19,41.7035,rub_per_unit,RU,EUR
2011-11-22,41.8612,rub_per_unit,RU,EUR
2011-11-23,41.9109,rub_per_unit,RU,EUR
2011-11-24,42.0256,rub_per_unit,RU,EUR
2011-11-25,42.0337,rub_per_unit,RU,EUR
2011-11-26,42.0251,rub_per_unit,RU,EUR
2011-11-29,41.7744,rub_per_unit,RU,EUR
2011-11-30,41.8457,rub_per_unit,RU,EUR
2011-12-01,41.7559,rub_per_unit,RU,EUR
2011-12-02,41.5068,rub_per_unit,RU,EUR
2011-12-03,41.4824,rub_per_unit,RU,EUR
2011-12-06,41.4707,rub_per_unit,RU,EUR
2011-12-07,41.5842,rub_per_unit,RU,EUR
2011-12-08,41.8661,rub_per_unit,RU,EUR
2011-12-09,41.8711,rub_per_unit,RU,EUR
2011-12-10,42.0153,rub_per_unit,RU,EUR
2011-12-13,41.9023,rub_per_unit,RU,EUR
2011-12-14,41.7891,rub_per_unit,RU,EUR
2011-12-15,41.4127,rub_per_unit,RU,EUR
2011-12-16,41.4389,rub_per_unit,RU,EUR
2011-12-17,41.3933,rub_per_unit,RU,EUR
2011-12-20,41.6868,rub_per_unit,RU,EUR
2011-12-21,41.7059,rub_per_unit,RU,EUR
2011-12-22,41.6718,rub_per_unit,RU,EUR
2011-12-23,41.225,rub_per_unit,RU,EUR
2011-12-24,40.8848,rub_per_unit,RU,EUR
2011-12-27,40.7632,rub_per_unit,RU,EUR
2011-12-28,40.6339,rub_per_unit,RU,EUR
2011-12-29,41.228,rub_per_unit,RU,EUR
2011-12-30,41.4079,rub_per_unit,RU,EUR
2011-12-31,41.6714,rub_per_unit,RU,EUR
2012-01-11,40.7591,rub_per_unit,RU,EUR
2012-01-12,40.4061,rub_per_unit,RU,EUR
2012-01-13,40.2852,rub_per_unit,RU,EUR
2012-01-14,40.6189,rub_per_unit,RU,EUR
2012-01-17,40.3842,rub_per_unit,RU,EUR
2012-01-18,40.1688,rub_per_unit,RU,EUR
2012-01-19,40.2612,rub_per_unit,RU,EUR
2012-01-20,40.4772,rub_per_unit,RU,EUR
2012-01-21,40.5867,rub_per_unit,RU,EUR
2012-01-24,40.4064,rub_per_unit,RU,EUR
2012-01-25,40.1872,rub_per_unit,RU,EUR
2012-01-26,39.9499,rub_per_unit,RU,EUR
2012-01-27,39.8384,rub_per_unit,RU,EUR
2012-01-28,39.7841,rub_per_unit,RU,EUR
2012-01-31,39.9691,rub_per_unit,RU,EUR
2012-02-01,39.9678,rub_per_unit,RU,EUR
2012-02-02,39.6777,rub_per_unit,RU,EUR
2012-02-03,39.7664,rub_per_unit,RU,EUR
2012-02-04,39.7425,rub_per_unit,RU,EUR
2012-02-07,39.5137,rub_per_unit,RU,EUR
2012-02-08,39.4592,rub_per_unit,RU,EUR
2012-02-09,39.4115,rub_per_unit,RU,EUR
2012-02-10,39.4767,rub_per_unit,RU,EUR
2012-02-11,39.6282,rub_per_unit,RU,EUR
2012-02-14,39.6037,rub_per_unit,RU,EUR
2012-02-15,39.5431,rub_per_unit,RU,EUR
2012-02-16,39.4572,rub_per_unit,RU,EUR
2012-02-17,39.3181,rub_per_unit,RU,EUR
2012-02-18,39.3846,rub_per_unit,RU,EUR
2012-02-21,39.3311,rub_per_unit,RU,EUR
2012-02-22,39.5235,rub_per_unit,RU,EUR
2012-02-23,39.4114,rub_per_unit,RU,EUR
2012-02-25,39.3645,rub_per_unit,RU,EUR
2012-02-28,39.1517,rub_per_unit,RU,EUR
2012-02-29,38.9121,rub_per_unit,RU,EUR
2012-03-01,39.1029,rub_per_unit,RU,EUR
2012-03-02,39.0714,rub_per_unit,RU,EUR
2012-03-03,38.949,rub_per_unit,RU,EUR
2012-03-06,38.653,rub_per_unit,RU,EUR
2012-03-07,38.8721,rub_per_unit,RU,EUR
2012-03-08,38.9938,rub_per_unit,RU,EUR
2012-03-12,38.7691,rub_per_unit,RU,EUR
2012-03-13,38.8543,rub_per_unit,RU,EUR
2012-03-14,38.8517,rub_per_unit,RU,EUR
2012-03-15,38.4843,rub_per_unit,RU,EUR
2012-03-16,38.5781,rub_per_unit,RU,EUR
2012-03-17,38.4117,rub_per_unit,RU,EUR
2012-03-20,38.4801,rub_per_unit,RU,EUR
2012-03-21,38.6001,rub_per_unit,RU,EUR
2012-03-22,38.7589,rub_per_unit,RU,EUR
2012-03-23,38.7258,rub_per_unit,RU,EUR
2012-03-24,38.8189,rub_per_unit,RU,EUR
2012-03-27,38.7429,rub_per_unit,RU,EUR
2012-03-28,38.6266,rub_per_unit,RU,EUR
2012-03-29,38.7696,rub_per_unit,RU,EUR
2012-03-30,39.0402,rub_per_unit,RU,EUR
2012-03-31,39.1707,rub_per_unit,RU,EUR
2012-04-03,39.1677,rub_per_unit,RU,EUR
2012-04-04,39.0846,rub_per_unit,RU,EUR
2012-04-05,38.8368,rub_per_unit,RU,EUR
2012-04-06,38.7097,rub_per_unit,RU,EUR
2012-04-07,38.5138,rub_per_unit,RU,EUR
2012-04-10,38.7192,rub_per_unit,RU,EUR
2012-04-11,38.8349,rub_per_unit,RU,EUR
2012-04-12,39.0781,rub_per_unit,RU,EUR
2012-04-13,38.8507,rub_per_unit,RU,EUR
2012-04-14,38.8134,rub_per_unit,RU,EUR
2012-04-17,38.7374,rub_per_unit,RU,EUR
2012-04-18,38.8509,rub_per_unit,RU,EUR
2012-04-19,38.6716,rub_per_unit,RU,EUR
2012-04-20,38.723,rub_per_unit,RU,EUR
2012-04-21,38.8118,rub_per_unit,RU,EUR
2012-04-24,38.8386,rub_per_unit,RU,EUR
2012-04-25,38.795,rub_per_unit,RU,EUR
2012-04-26,38.6593,rub_per_unit,RU,EUR
2012-04-27,38.7393,rub_per_unit,RU,EUR
2012-04-28,38.7477,rub_per_unit,RU,EUR
2012-04-29,38.9203,rub_per_unit,RU,EUR
2012-05-03,38.8223,rub_per_unit,RU,EUR
2012-05-04,38.735,rub_per_unit,RU,EUR
2012-05-05,38.9157,rub_per_unit,RU,EUR
2012-05-06,39.0001,rub_per_unit,RU,EUR
2012-05-11,39.116,rub_per_unit,RU,EUR
2012-05-12,39.0458,rub_per_unit,RU,EUR
2012-05-13,38.9826,rub_per_unit,RU,EUR
2012-05-15,39.0088,rub_per_unit,RU,EUR
2012-05-16,38.983,rub_per_unit,RU,EUR
2012-05-17,39.33,rub_per_unit,RU,EUR
2012-05-18,39.3919,rub_per_unit,RU,EUR
2012-05-19,39.7518,rub_per_unit,RU,EUR
2012-05-22,39.8077,rub_per_unit,RU,EUR
2012-05-23,39.7376,rub_per_unit,RU,EUR
2012-05-24,39.7651,rub_per_unit,RU,EUR
2012-05-25,39.7681,rub_per_unit,RU,EUR
2012-05-26,39.8426,rub_per_unit,RU,EUR
2012-05-29,40.1179,rub_per_unit,RU,EUR
2012-05-30,40.2423,rub_per_unit,RU,EUR
2012-05-31,40.4598,rub_per_unit,RU,EUR
2012-06-01,40.8076,rub_per_unit,RU,EUR
2012-06-02,41.6804,rub_per_unit,RU,EUR
2012-06-05,42.2464,rub_per_unit,RU,EUR
2012-06-06,41.5068,rub_per_unit,RU,EUR
2012-06-07,40.9501,rub_per_unit,RU,EUR
2012-06-08,40.4205,rub_per_unit,RU,EUR
2012-06-09,40.9067,rub_per_unit,RU,EUR
2012-06-10,40.7914,rub_per_unit,RU,EUR
2012-06-14,40.9426,rub_per_unit,RU,EUR
2012-06-15,40.939,rub_per_unit,RU,EUR
2012-06-16,40.9078,rub_per_unit,RU,EUR
2012-06-19,40.8231,rub_per_unit,RU,EUR
2012-06-20,41.006,rub_per_unit,RU,EUR
2012-06-21,41.2441,rub_per_unit,RU,EUR
2012-06-22,41.7208,rub_per_unit,RU,EUR
2012-06-23,42.0464,rub_per_unit,RU,EUR
2012-06-26,41.4981,rub_per_unit,RU,EUR
2012-06-27,41.4964,rub_per_unit,RU,EUR
2012-06-28,41.0217,rub_per_unit,RU,EUR
2012-06-29,41.1963,rub_per_unit,RU,EUR
2012-06-30,41.323,rub_per_unit,RU,EUR
2012-07-03,41.0642,rub_per_unit,RU,EUR
2012-07-04,40.9332,rub_per_unit,RU,EUR
2012-07-05,40.5512,rub_per_unit,RU,EUR
2012-07-06,40.685,rub_per_unit,RU,EUR
2012-07-07,40.3885,rub_per_unit,RU,EUR
2012-07-10,40.5522,rub_per_unit,RU,EUR
2012-07-11,40.5367,rub_per_unit,RU,EUR
2012-07-12,40.2638,rub_per_unit,RU,EUR
2012-07-13,40.0072,rub_per_unit,RU,EUR
2012-07-14,39.8277,rub_per_unit,RU,EUR
2012-07-17,39.8985,rub_per_unit,RU,EUR
2012-07-18,39.924,rub_per_unit,RU,EUR
2012-07-19,39.802,rub_per_unit,RU,EUR
2012-07-20,39.4219,rub_per_unit,RU,EUR
2012-07-21,39.1686,rub_per_unit,RU,EUR
2012-07-24,39.162,rub_per_unit,RU,EUR
2012-07-25,39.5374,rub_per_unit,RU,EUR
2012-07-26,39.839,rub_per_unit,RU,EUR
2012-07-27,39.6362,rub_per_unit,RU,EUR
2012-07-28,39.6028,rub_per_unit,RU,EUR
2012-07-31,39.5527,rub_per_unit,RU,EUR
2012-08-01,39.5101,rub_per_unit,RU,EUR
2012-08-02,39.8236,rub_per_unit,RU,EUR
2012-08-03,39.7525,rub_per_unit,RU,EUR
2012-08-04,39.6745,rub_per_unit,RU,EUR
2012-08-07,39.5353,rub_per_unit,RU,EUR
2012-08-08,39.2322,rub_per_unit,RU,EUR
2012-08-09,39.2299,rub_per_unit,RU,EUR
2012-08-10,38.9511,rub_per_unit,RU,EUR
2012-08-11,39.1923,rub_per_unit,RU,EUR
2012-08-14,39.1468,rub_per_unit,RU,EUR
2012-08-15,39.2916,rub_per_unit,RU,EUR
2012-08-16,39.2846,rub_per_unit,RU,EUR
2012-08-17,39.1395,rub_per_unit,RU,EUR
2012-08-18,39.366,rub_per_unit,RU,EUR
2012-08-21,39.5468,rub_per_unit,RU,EUR
2012-08-22,39.5449,rub_per_unit,RU,EUR
2012-08-23,39.6202,rub_per_unit,RU,EUR
2012-08-24,39.7527,rub_per_unit,RU,EUR
2012-08-25,39.9087,rub_per_unit,RU,EUR
2012-08-28,39.8379,rub_per_unit,RU,EUR
2012-08-29,39.9748,rub_per_unit,RU,EUR
2012-08-30,40.2846,rub_per_unit,RU,EUR
2012-08-31,40.525,rub_per_unit,RU,EUR
2012-09-01,40.7249,rub_per_unit,RU,EUR
2012-09-04,40.758,rub_per_unit,RU,EUR
2012-09-05,40.6197,rub_per_unit,RU,EUR
2012-09-06,40.6669,rub_per_unit,RU,EUR
2012-09-07,40.6297,rub_per_unit,RU,EUR
2012-09-08,40.482,rub_per_unit,RU,EUR
2012-09-11,40.5694,rub_per_unit,RU,EUR
2012-09-12,40.6203,rub_per_unit,RU,EUR
2012-09-13,40.509,rub_per_unit,RU,EUR
2012-09-14,40.5678,rub_per_unit,RU,EUR
2012-09-15,40.1868,rub_per_unit,RU,EUR
2012-09-18,40.1481,rub_per_unit,RU,EUR
2012-09-19,40.4367,rub_per_unit,RU,EUR
2012-09-20,40.3416,rub_per_unit,RU,EUR
2012-09-21,40.957,rub_per_unit,RU,EUR
2012-09-22,40.4918,rub_per_unit,RU,EUR
2012-09-25,40.4548,rub_per_unit,RU,EUR
2012-09-26,40.2099,rub_per_unit,RU,EUR
2012-09-27,40.1735,rub_per_unit,RU,EUR
2012-09-28,40.2074,rub_per_unit,RU,EUR
2012-09-29,39.9786,rub_per_unit,RU,EUR
2012-10-02,40.1455,rub_per_unit,RU,EUR
2012-10-03,40.1673,rub_per_unit,RU,EUR
2012-10-04,40.2096,rub_per_unit,RU,EUR
2012-10-05,40.2581,rub_per_unit,RU,EUR
2012-10-06,40.2822,rub_per_unit,RU,EUR
2012-10-09,40.3389,rub_per_unit,RU,EUR
2012-10-10,40.3577,rub_per_unit,RU,EUR
2012-10-11,40.1347,rub_per_unit,RU,EUR
2012-10-12,40.0679,rub_per_unit,RU,EUR
2012-10-13,40.0832,rub_per_unit,RU,EUR
2012-10-16,40.1355,rub_per_unit,RU,EUR
2012-10-17,40.197,rub_per_unit,RU,EUR
2012-10-18,40.3525,rub_per_unit,RU,EUR
2012-10-19,40.264,rub_per_unit,RU,EUR
2012-10-20,40.214,rub_per_unit,RU,EUR
2012-10-23,40.3416,rub_per_unit,RU,EUR
2012-10-24,40.5798,rub_per_unit,RU,EUR
2012-10-25,40.6544,rub_per_unit,RU,EUR
2012-10-26,40.6311,rub_per_unit,RU,EUR
2012-10-27,40.6948,rub_per_unit,RU,EUR
2012-10-30,40.6233,rub_per_unit,RU,EUR
2012-10-31,40.7148,rub_per_unit,RU,EUR
2012-11-01,40.6548,rub_per_unit,RU,EUR
2012-11-02,40.6323,rub_per_unit,RU,EUR
2012-11-03,40.4918,rub_per_unit,RU,EUR
2012-11-07,40.3134,rub_per_unit,RU,EUR
2012-11-08,40.2748,rub_per_unit,RU,EUR
2012-11-09,40.2189,rub_per_unit,RU,EUR
2012-11-10,40.2238,rub_per_unit,RU,EUR
2012-11-13,40.2146,rub_per_unit,RU,EUR
2012-11-14,40.2323,rub_per_unit,RU,EUR
2012-11-15,40.35,rub_per_unit,RU,EUR
2012-11-16,40.3818,rub_per_unit,RU,EUR
2012-11-17,40.4759,rub_per_unit,RU,EUR
2012-11-20,40.4207,rub_per_unit,RU,EUR
2012-11-21,40.2037,rub_per_unit,RU,EUR
2012-11-22,40.0785,rub_per_unit,RU,EUR
2012-11-23,40.0278,rub_per_unit,RU,EUR
2012-11-24,40.136,rub_per_unit,RU,EUR
2012-11-27,40.1989,rub_per_unit,RU,EUR
2012-11-28,40.1893,rub_per_unit,RU,EUR
2012-11-29,40.2339,rub_per_unit,RU,EUR
2012-11-30,40.2057,rub_per_unit,RU,EUR
2012-12-01,40.0759,rub_per_unit,RU,EUR
2012-12-04,40.1769,rub_per_unit,RU,EUR
2012-12-05,40.472,rub_per_unit,RU,EUR
2012-12-06,40.4127,rub_per_unit,RU,EUR
2012-12-07,40.357,rub_per_unit,RU,EUR
2012-12-08,40.127,rub_per_unit,RU,EUR
2012-12-11,39.8359,rub_per_unit,RU,EUR
2012-12-12,39.8313,rub_per_unit,RU,EUR
2012-12-13,39.9579,rub_per_unit,RU,EUR
2012-12-14,40.0599,rub_per_unit,RU,EUR
2012-12-15,40.2182,rub_per_unit,RU,EUR
2012-12-18,40.4713,rub_per_unit,RU,EUR
2012-12-19,40.8084,rub_per_unit,RU,EUR
2012-12-20,40.7393,rub_per_unit,RU,EUR
2012-12-21,40.6544,rub_per_unit,RU,EUR
2012-12-22,40.5619,rub_per_unit,RU,EUR
2012-12-25,40.6251,rub_per_unit,RU,EUR
2012-12-26,40.3333,rub_per_unit,RU,EUR
2012-12-27,40.3659,rub_per_unit,RU,EUR
2012-12-28,40.3505,rub_per_unit,RU,EUR
2012-12-29,40.2286,rub_per_unit,RU,EUR
2012-12-30,40.2286,rub_per_unit,RU,EUR
2013-01-10,39.8096,rub_per_unit,RU,EUR
2013-01-11,39.6385,rub_per_unit,RU,EUR
2013-01-12,40.1104,rub_per_unit,RU,EUR
2013-01-15,40.5009,rub_per_unit,RU,EUR
2013-01-16,40.4003,rub_per_unit,RU,EUR
2013-01-17,40.3096,rub_per_unit,RU,EUR
2013-01-18,40.3472,rub_per_unit,RU,EUR
2013-01-19,40.4314,rub_per_unit,RU,EUR
2013-01-22,40.3617,rub_per_unit,RU,EUR
2013-01-23,40.3194,rub_per_unit,RU,EUR
2013-01-24,40.22,rub_per_unit,RU,EUR
2013-01-25,40.2036,rub_per_unit,RU,EUR
2013-01-26,40.2364,rub_per_unit,RU,EUR
2013-01-29,40.4552,rub_per_unit,RU,EUR
2013-01-30,40.5414,rub_per_unit,RU,EUR
2013-01-31,40.5134,rub_per_unit,RU,EUR
2013-02-01,40.7138,rub_per_unit,RU,EUR
2013-02-02,40.8674,rub_per_unit,RU,EUR
2013-02-05,40.7789,rub_per_unit,RU,EUR
2013-02-06,40.6029,rub_per_unit,RU,EUR
2013-02-07,40.6435,rub_per_unit,RU,EUR
2013-02-08,40.6691,rub_per_unit,RU,EUR
2013-02-09,40.4171,rub_per_unit,RU,EUR
2013-02-12,40.3618,rub_per_unit,RU,EUR
2013-02-13,40.3873,rub_per_unit,RU,EUR
2013-02-14,40.428,rub_per_unit,RU,EUR
2013-02-15,40.3698,rub_per_unit,RU,EUR
2013-02-16,40.2713,rub_per_unit,RU,EUR
2013-02-19,40.1969,rub_per_unit,RU,EUR
2013-02-20,40.2265,rub_per_unit,RU,EUR
2013-02-21,40.3394,rub_per_unit,RU,EUR
2013-02-22,40.0748,rub_per_unit,RU,EUR
2013-02-23,40.1111,rub_per_unit,RU,EUR
2013-02-26,40.081,rub_per_unit,RU,EUR
2013-02-27,39.9216,rub_per_unit,RU,EUR
2013-02-28,40.042,rub_per_unit,RU,EUR
2013-03-01,40.1024,rub_per_unit,RU,EUR
2013-03-02,40.0563,rub_per_unit,RU,EUR
2013-03-05,40.0293,rub_per_unit,RU,EUR
2013-03-06,40.0126,rub_per_unit,RU,EUR
2013-03-07,40.0007,rub_per_unit,RU,EUR
2013-03-08,39.9732,rub_per_unit,RU,EUR
2013-03-12,40.0187,rub_per_unit,RU,EUR
2013-03-13,40.0364,rub_per_unit,RU,EUR
2013-03-14,40.0631,rub_per_unit,RU,EUR
2013-03-15,39.8715,rub_per_unit,RU,EUR
2013-03-16,40.0123,rub_per_unit,RU,EUR
2013-03-19,39.8491,rub_per_unit,RU,EUR
2013-03-20,39.9075,rub_per_unit,RU,EUR
2013-03-21,39.8752,rub_per_unit,RU,EUR
2013-03-22,39.9746,rub_per_unit,RU,EUR
2013-03-23,39.906,rub_per_unit,RU,EUR
2013-03-26,40.0845,rub_per_unit,RU,EUR
2013-03-27,39.7526,rub_per_unit,RU,EUR
2013-03-28,39.6559,rub_per_unit,RU,EUR
2013-03-29,39.6627,rub_per_unit,RU,EUR
2013-03-30,39.8023,rub_per_unit,RU,EUR
2013-04-02,39.8168,rub_per_unit,RU,EUR
2013-04-03,40.0113,rub_per_unit,RU,EUR
2013-04-04,40.1752,rub_per_unit,RU,EUR
2013-04-05,40.7035,rub_per_unit,RU,EUR
2013-04-06,40.8413,rub_per_unit,RU,EUR
2013-04-09,41.0481,rub_per_unit,RU,EUR
2013-04-10,40.6523,rub_per_unit,RU,EUR
2013-04-11,40.593,rub_per_unit,RU,EUR
2013-04-12,40.3651,rub_per_unit,RU,EUR
2013-04-13,40.5132,rub_per_unit,RU,EUR
2013-04-16,40.9283,rub_per_unit,RU,EUR
2013-04-17,41.1193,rub_per_unit,RU,EUR
2013-04-18,41.1544,rub_per_unit,RU,EUR
2013-04-19,41.3787,rub_per_unit,RU,EUR
2013-04-20,41.1157,rub_per_unit,RU,EUR
2013-04-23,41.2352,rub_per_unit,RU,EUR
2013-04-24,41.3142,rub_per_unit,RU,EUR
2013-04-25,41.0629,rub_per_unit,RU,EUR
2013-04-26,40.8498,rub_per_unit,RU,EUR
2013-04-27,40.6635,rub_per_unit,RU,EUR
2013-04-30,40.8358,rub_per_unit,RU,EUR
2013-05-01,40.6264,rub_per_unit,RU,EUR
2013-05-07,40.7386,rub_per_unit,RU,EUR
2013-05-08,40.645,rub_per_unit,RU,EUR
2013-05-09,40.7404,rub_per_unit,RU,EUR
2013-05-14,40.7345,rub_per_unit,RU,EUR
2013-05-15,40.6768,rub_per_unit,RU,EUR
2013-05-16,40.5517,rub_per_unit,RU,EUR
2013-05-17,40.4175,rub_per_unit,RU,EUR
2013-05-18,40.3747,rub_per_unit,RU,EUR
2013-05-21,40.2633,rub_per_unit,RU,EUR
2013-05-22,40.1903,rub_per_unit,RU,EUR
2013-05-23,40.3372,rub_per_unit,RU,EUR
2013-05-24,40.4026,rub_per_unit,RU,EUR
2013-05-25,40.514,rub_per_unit,RU,EUR
2013-05-28,40.4867,rub_per_unit,RU,EUR
2013-05-29,40.5189,rub_per_unit,RU,EUR
2013-05-30,40.5666,rub_per_unit,RU,EUR
2013-05-31,40.965,rub_per_unit,RU,EUR
2013-06-01,41.4486,rub_per_unit,RU,EUR
2013-06-04,41.7274,rub_per_unit,RU,EUR
2013-06-05,41.6076,rub_per_unit,RU,EUR
2013-06-06,41.8447,rub_per_unit,RU,EUR
2013-06-07,42.1464,rub_per_unit,RU,EUR
2013-06-08,42.7176,rub_per_unit,RU,EUR
2013-06-11,42.6426,rub_per_unit,RU,EUR
2013-06-12,42.9753,rub_per_unit,RU,EUR
2013-06-14,43.2443,rub_per_unit,RU,EUR
2013-06-15,42.4442,rub_per_unit,RU,EUR
2013-06-18,42.2249,rub_per_unit,RU,EUR
2013-06-19,42.5216,rub_per_unit,RU,EUR
2013-06-20,43.0409,rub_per_unit,RU,EUR
2013-06-21,43.3526,rub_per_unit,RU,EUR
2013-06-22,43.3489,rub_per_unit,RU,EUR
2013-06-25,43.1018,rub_per_unit,RU,EUR
2013-06-26,42.9698,rub_per_unit,RU,EUR
2013-06-27,42.9841,rub_per_unit,RU,EUR
2013-06-28,42.8349,rub_per_unit,RU,EUR
2013-06-29,42.718,rub_per_unit,RU,EUR
2013-07-02,42.8025,rub_per_unit,RU,EUR
2013-07-03,43.0525,rub_per_unit,RU,EUR
2013-07-04,43.0736,rub_per_unit,RU,EUR
2013-07-05,43.0954,rub_per_unit,RU,EUR
2013-07-06,42.8399,rub_per_unit,RU,EUR
2013-07-09,42.7342,rub_per_unit,RU,EUR
2013-07-10,42.6389,rub_per_unit,RU,EUR
2013-07-11,42.1033,rub_per_unit,RU,EUR
2013-07-12,42.6234,rub_per_unit,RU,EUR
2013-07-13,42.6643,rub_per_unit,RU,EUR
2013-07-16,42.6076,rub_per_unit,RU,EUR
2013-07-17,42.5906,rub_per_unit,RU,EUR
2013-07-18,42.6232,rub_per_unit,RU,EUR
2013-07-19,42.4437,rub_per_unit,RU,EUR
2013-07-20,42.592,rub_per_unit,RU,EUR
2013-07-23,42.5088,rub_per_unit,RU,EUR
2013-07-24,42.6209,rub_per_unit,RU,EUR
2013-07-25,42.7229,rub_per_unit,RU,EUR
2013-07-26,42.9919,rub_per_unit,RU,EUR
2013-07-27,43.3421,rub_per_unit,RU,EUR
2013-07-30,43.606,rub_per_unit,RU,EUR
2013-07-31,43.609,rub_per_unit,RU,EUR
2013-08-01,43.7786,rub_per_unit,RU,EUR
2013-08-02,43.727,rub_per_unit,RU,EUR
2013-08-03,43.7387,rub_per_unit,RU,EUR
2013-08-06,43.6628,rub_per_unit,RU,EUR
2013-08-07,43.6574,rub_per_unit,RU,EUR
2013-08-08,43.8764,rub_per_unit,RU,EUR
2013-08-09,43.9717,rub_per_unit,RU,EUR
2013-08-10,43.9806,rub_per_unit,RU,EUR
2013-08-13,43.8305,rub_per_unit,RU,EUR
2013-08-14,43.9665,rub_per_unit,RU,EUR
2013-08-15,43.9845,rub_per_unit,RU,EUR
2013-08-16,43.8509,rub_per_unit,RU,EUR
2013-08-17,43.9382,rub_per_unit,RU,EUR
2013-08-20,43.8628,rub_per_unit,RU,EUR
2013-08-21,44.0294,rub_per_unit,RU,EUR
2013-08-22,44.2144,rub_per_unit,RU,EUR
2013-08-23,44.2765,rub_per_unit,RU,EUR
2013-08-24,44.1022,rub_per_unit,RU,EUR
2013-08-27,44.0891,rub_per_unit,RU,EUR
2013-08-28,44.2714,rub_per_unit,RU,EUR
2013-08-29,44.3879,rub_per_unit,RU,EUR
2013-08-30,44.084,rub_per_unit,RU,EUR
2013-08-31,44.0129,rub_per_unit,RU,EUR
2013-09-03,43.9561,rub_per_unit,RU,EUR
2013-09-04,43.954,rub_per_unit,RU,EUR
2013-09-05,44.0742,rub_per_unit,RU,EUR
2013-09-06,43.9814,rub_per_unit,RU,EUR
2013-09-07,43.8919,rub_per_unit,RU,EUR
2013-09-10,43.9014,rub_per_unit,RU,EUR
2013-09-11,43.8607,rub_per_unit,RU,EUR
2013-09-12,43.6824,rub_per_unit,RU,EUR
2013-09-13,43.4748,rub_per_unit,RU,EUR
2013-09-14,43.4664,rub_per_unit,RU,EUR
2013-09-17,43.1597,rub_per_unit,RU,EUR
2013-09-18,43.1457,rub_per_unit,RU,EUR
2013-09-19,43.0761,rub_per_unit,RU,EUR
2013-09-20,42.7465,rub_per_unit,RU,EUR
2013-09-21,42.9501,rub_per_unit,RU,EUR
2013-09-24,43.2038,rub_per_unit,RU,EUR
2013-09-25,42.9653,rub_per_unit,RU,EUR
2013-09-26,43.0251,rub_per_unit,RU,EUR
2013-09-27,43.4987,rub_per_unit,RU,EUR
2013-09-28,43.6497,rub_per_unit,RU,EUR
2013-10-01,43.8143,rub_per_unit,RU,EUR
2013-10-02,43.8005,rub_per_unit,RU,EUR
2013-10-03,43.6603,rub_per_unit,RU,EUR
2013-10-04,43.6932,rub_per_unit,RU,EUR
2013-10-05,43.7337,rub_per_unit,RU,EUR
2013-10-08,43.8314,rub_per_unit,RU,EUR
2013-10-09,43.8225,rub_per_unit,RU,EUR
2013-10-10,43.8471,rub_per_unit,RU,EUR
2013-10-11,43.6844,rub_per_unit,RU,EUR
2013-10-12,43.6039,rub_per_unit,RU,EUR
2013-10-15,43.766,rub_per_unit,RU,EUR
2013-10-16,43.7645,rub_per_unit,RU,EUR
2013-10-17,43.6102,rub_per_unit,RU,EUR
2013-10-18,43.5123,rub_per_unit,RU,EUR
2013-10-19,43.559,rub_per_unit,RU,EUR
2013-10-22,43.6378,rub_per_unit,RU,EUR
2013-10-23,43.661,rub_per_unit,RU,EUR
2013-10-24,43.7126,rub_per_unit,RU,EUR
2013-10-25,43.7249,rub_per_unit,RU,EUR
2013-10-26,43.7625,rub_per_unit,RU,EUR
2013-10-29,43.9036,rub_per_unit,RU,EUR
2013-10-30,44.0323,rub_per_unit,RU,EUR
2013-10-31,44.0586,rub_per_unit,RU,EUR
2013-11-01,43.9406,rub_per_unit,RU,EUR
2013-11-02,43.6179,rub_per_unit,RU,EUR
2013-11-06,43.6672,rub_per_unit,RU,EUR
2013-11-07,43.822,rub_per_unit,RU,EUR
2013-11-08,43.7879,rub_per_unit,RU,EUR
2013-11-09,43.6305,rub_per_unit,RU,EUR
2013-11-12,43.6563,rub_per_unit,RU,EUR
2013-11-13,43.9228,rub_per_unit,RU,EUR
2013-11-14,44.1046,rub_per_unit,RU,EUR
2013-11-15,44.0201,rub_per_unit,RU,EUR
2013-11-16,43.9751,rub_per_unit,RU,EUR
2013-11-19,43.9541,rub_per_unit,RU,EUR
2013-11-20,44.0624,rub_per_unit,RU,EUR
2013-11-21,44.3421,rub_per_unit,RU,EUR
2013-11-22,44.33,rub_per_unit,RU,EUR
2013-11-23,44.3533,rub_per_unit,RU,EUR
2013-11-26,44.3685,rub_per_unit,RU,EUR
2013-11-27,44.6392,rub_per_unit,RU,EUR
2013-11-28,44.8262,rub_per_unit,RU,EUR
2013-11-29,44.9949,rub_per_unit,RU,EUR
2013-11-30,45.187,rub_per_unit,RU,EUR
2013-12-03,45.0882,rub_per_unit,RU,EUR
2013-12-04,45.0417,rub_per_unit,RU,EUR
2013-12-05,45.1748,rub_per_unit,RU,EUR
2013-12-06,45.1013,rub_per_unit,RU,EUR
2013-12-07,45.0116,rub_per_unit,RU,EUR
2013-12-10,44.9127,rub_per_unit,RU,EUR
2013-12-11,45.0758,rub_per_unit,RU,EUR
2013-12-12,45.0418,rub_per_unit,RU,EUR
2013-12-13,45.1549,rub_per_unit,RU,EUR
2013-12-14,45.1944,rub_per_unit,RU,EUR
2013-12-17,45.2135,rub_per_unit,RU,EUR
2013-12-18,45.2644,rub_per_unit,RU,EUR
2013-12-19,45.3688,rub_per_unit,RU,EUR
2013-12-20,45.0628,rub_per_unit,RU,EUR
2013-12-21,44.968,rub_per_unit,RU,EUR
2013-12-24,45.0863,rub_per_unit,RU,EUR
2013-12-25,44.652,rub_per_unit,RU,EUR
2013-12-26,44.6438,rub_per_unit,RU,EUR
2013-12-27,44.7005,rub_per_unit,RU,EUR
2013-12-28,44.8736,rub_per_unit,RU,EUR
2013-12-31,44.9699,rub_per_unit,RU,EUR
2014-01-01,45.0559,rub_per_unit,RU,EUR
2014-01-10,45.0672,rub_per_unit,RU,EUR
2014-01-11,45.2069,rub_per_unit,RU,EUR
2014-01-14,45.2855,rub_per_unit,RU,EUR
2014-01-15,45.4139,rub_per_unit,RU,EUR
2014-01-16,45.4878,rub_per_unit,RU,EUR
2014-01-17,45.4926,rub_per_unit,RU,EUR
2014-01-18,45.5175,rub_per_unit,RU,EUR
2014-01-21,45.5424,rub_per_unit,RU,EUR
2014-01-22,45.8242,rub_per_unit,RU,EUR
2014-01-23,45.9125,rub_per_unit,RU,EUR
2014-01-24,46.105,rub_per_unit,RU,EUR
2014-01-25,46.8985,rub_per_unit,RU,EUR
2014-01-28,47.4962,rub_per_unit,RU,EUR
2014-01-29,47.3739,rub_per_unit,RU,EUR
2014-01-30,47.2238,rub_per_unit,RU,EUR
2014-01-31,48.0951,rub_per_unit,RU,EUR
2014-02-01,47.6408,rub_per_unit,RU,EUR
2014-02-04,47.5351,rub_per_unit,RU,EUR
2014-02-05,47.9535,rub_per_unit,RU,EUR
2014-02-06,47.2159,rub_per_unit,RU,EUR
2014-02-07,46.9497,rub_per_unit,RU,EUR
2014-02-08,47.0205,rub_per_unit,RU,EUR
2014-02-11,47.3758,rub_per_unit,RU,EUR
2014-02-12,47.5319,rub_per_unit,RU,EUR
2014-02-13,47.4154,rub_per_unit,RU,EUR
2014-02-14,47.4913,rub_per_unit,RU,EUR
2014-02-15,48.2618,rub_per_unit,RU,EUR
2014-02-18,48.1188,rub_per_unit,RU,EUR
2014-02-19,48.3086,rub_per_unit,RU,EUR
2014-02-20,48.973,rub_per_unit,RU,EUR
2014-02-21,49.1975,rub_per_unit,RU,EUR
2014-02-22,48.9497,rub_per_unit,RU,EUR
2014-02-25,48.7959,rub_per_unit,RU,EUR
2014-02-26,48.8654,rub_per_unit,RU,EUR
2014-02-27,49.1823,rub_per_unit,RU,EUR
2014-02-28,49.3454,rub_per_unit,RU,EUR
2014-03-01,49.5839,rub_per_unit,RU,EUR
2014-03-04,50.1513,rub_per_unit,RU,EUR
2014-03-05,49.952,rub_per_unit,RU,EUR
2014-03-06,49.5446,rub_per_unit,RU,EUR
2014-03-07,49.5925,rub_per_unit,RU,EUR
2014-03-08,50.2625,rub_per_unit,RU,EUR
2014-03-12,50.4707,rub_per_unit,RU,EUR
2014-03-13,50.5593,rub_per_unit,RU,EUR
2014-03-14,50.8096,rub_per_unit,RU,EUR
2014-03-15,50.7635,rub_per_unit,RU,EUR
2014-03-18,50.9442,rub_per_unit,RU,EUR
2014-03-19,50.7621,rub_per_unit,RU,EUR
2014-03-20,50.4146,rub_per_unit,RU,EUR
2014-03-21,49.9628,rub_per_unit,RU,EUR
2014-03-22,50.1804,rub_per_unit,RU,EUR
2014-03-25,49.9167,rub_per_unit,RU,EUR
2014-03-26,49.7042,rub_per_unit,RU,EUR
2014-03-27,48.9521,rub_per_unit,RU,EUR
2014-03-28,49.0484,rub_per_unit,RU,EUR
2014-03-29,49.0519,rub_per_unit,RU,EUR
2014-04-01,48.968,rub_per_unit,RU,EUR
2014-04-02,48.2596,rub_per_unit,RU,EUR
2014-04-03,48.6826,rub_per_unit,RU,EUR
2014-04-04,48.8834,rub_per_unit,RU,EUR
2014-04-05,48.6435,rub_per_unit,RU,EUR
2014-04-08,48.6159,rub_per_unit,RU,EUR
2014-04-09,48.86,rub_per_unit,RU,EUR
2014-04-10,49.2911,rub_per_unit,RU,EUR
2014-04-11,49.2266,rub_per_unit,RU,EUR
2014-04-12,49.4994,rub_per_unit,RU,EUR
2014-04-15,49.8232,rub_per_unit,RU,EUR
2014-04-16,49.6836,rub_per_unit,RU,EUR
2014-04-17,49.886,rub_per_unit,RU,EUR
2014-04-18,49.7289,rub_per_unit,RU,EUR
2014-04-19,49.1041,rub_per_unit,RU,EUR
2014-04-22,49.2978,rub_per_unit,RU,EUR
2014-04-23,49.2185,rub_per_unit,RU,EUR
2014-04-24,49.282,rub_per_unit,RU,EUR
2014-04-25,49.3175,rub_per_unit,RU,EUR
2014-04-26,49.6969,rub_per_unit,RU,EUR
2014-04-29,49.8219,rub_per_unit,RU,EUR
2014-04-30,49.5064,rub_per_unit,RU,EUR
2014-05-01,49.3188,rub_per_unit,RU,EUR
2014-05-06,49.7361,rub_per_unit,RU,EUR
2014-05-07,49.507,rub_per_unit,RU,EUR
2014-05-08,49.412,rub_per_unit,RU,EUR
2014-05-09,48.7642,rub_per_unit,RU,EUR
2014-05-13,48.4759,rub_per_unit,RU,EUR
2014-05-14,48.0073,rub_per_unit,RU,EUR
2014-05-15,47.6173,rub_per_unit,RU,EUR
2014-05-16,47.5674,rub_per_unit,RU,EUR
2014-05-17,47.6999,rub_per_unit,RU,EUR
2014-05-20,47.6416,rub_per_unit,RU,EUR
2014-05-21,47.3995,rub_per_unit,RU,EUR
2014-05-22,47.3171,rub_per_unit,RU,EUR
2014-05-23,46.8507,rub_per_unit,RU,EUR
2014-05-24,46.835,rub_per_unit,RU,EUR
2014-05-27,46.4266,rub_per_unit,RU,EUR
2014-05-28,46.7712,rub_per_unit,RU,EUR
2014-05-29,47.0161,rub_per_unit,RU,EUR
2014-05-30,47.1145,rub_per_unit,RU,EUR
2014-05-31,47.2677,rub_per_unit,RU,EUR
2014-06-03,47.5463,rub_per_unit,RU,EUR
2014-06-04,47.6296,rub_per_unit,RU,EUR
2014-06-05,47.8253,rub_per_unit,RU,EUR
2014-06-06,47.4908,rub_per_unit,RU,EUR
2014-06-07,47.3211,rub_per_unit,RU,EUR
2014-06-10,46.8746,rub_per_unit,RU,EUR
2014-06-11,46.7269,rub_per_unit,RU,EUR
2014-06-12,46.4764,rub_per_unit,RU,EUR
2014-06-17,46.8085,rub_per_unit,RU,EUR
2014-06-18,47.2121,rub_per_unit,RU,EUR
2014-06-19,47.1715,rub_per_unit,RU,EUR
2014-06-20,46.696,rub_per_unit,RU,EUR
2014-06-21,46.8821,rub_per_unit,RU,EUR
2014-06-24,46.6478,rub_per_unit,RU,EUR
2014-06-25,46.2212,rub_per_unit,RU,EUR
2014-06-26,46.1576,rub_per_unit,RU,EUR
2014-06-27,46.0226,rub_per_unit,RU,EUR
2014-06-28,45.8251,rub_per_unit,RU,EUR
2014-07-01,46.1827,rub_per_unit,RU,EUR
2014-07-02,46.8335,rub_per_unit,RU,EUR
2014-07-03,46.8398,rub_per_unit,RU,EUR
2014-07-04,46.6863,rub_per_unit,RU,EUR
2014-07-05,46.687,rub_per_unit,RU,EUR
2014-07-08,46.9448,rub_per_unit,RU,EUR
2014-07-09,46.8122,rub_per_unit,RU,EUR
2014-07-10,46.4146,rub_per_unit,RU,EUR
2014-07-11,46.1649,rub_per_unit,RU,EUR
2014-07-12,46.3328,rub_per_unit,RU,EUR
2014-07-15,46.6835,rub_per_unit,RU,EUR
2014-07-16,46.791,rub_per_unit,RU,EUR
2014-07-17,46.6299,rub_per_unit,RU,EUR
2014-07-18,47.0702,rub_per_unit,RU,EUR
2014-07-19,47.5505,rub_per_unit,RU,EUR
2014-07-22,47.5048,rub_per_unit,RU,EUR
2014-07-23,47.3758,rub_per_unit,RU,EUR
2014-07-24,46.8718,rub_per_unit,RU,EUR
2014-07-25,47.1702,rub_per_unit,RU,EUR
2014-07-26,47.2206,rub_per_unit,RU,EUR
2014-07-29,47.4799,rub_per_unit,RU,EUR
2014-07-30,47.8635,rub_per_unit,RU,EUR
2014-07-31,47.8958,rub_per_unit,RU,EUR
2014-08-01,47.4699,rub_per_unit,RU,EUR
2014-08-02,47.8244,rub_per_unit,RU,EUR
2014-08-05,47.8671,rub_per_unit,RU,EUR
2014-08-06,48.049,rub_per_unit,RU,EUR
2014-08-07,48.2432,rub_per_unit,RU,EUR
2014-08-08,48.4947,rub_per_unit,RU,EUR
2014-08-09,48.7722,rub_per_unit,RU,EUR
2014-08-12,48.2856,rub_per_unit,RU,EUR
2014-08-13,48.2402,rub_per_unit,RU,EUR
2014-08-14,48.411,rub_per_unit,RU,EUR
2014-08-15,48.1416,rub_per_unit,RU,EUR
2014-08-16,48.1231,rub_per_unit,RU,EUR
2014-08-19,48.2398,rub_per_unit,RU,EUR
2014-08-20,48.2133,rub_per_unit,RU,EUR
2014-08-21,48.1924,rub_per_unit,RU,EUR
2014-08-22,48.1686,rub_per_unit,RU,EUR
2014-08-23,47.8548,rub_per_unit,RU,EUR
2014-08-26,47.6641,rub_per_unit,RU,EUR
2014-08-27,47.7282,rub_per_unit,RU,EUR
2014-08-28,47.6177,rub_per_unit,RU,EUR
2014-08-29,47.952,rub_per_unit,RU,EUR
2014-08-30,48.6315,rub_per_unit,RU,EUR
2014-09-02,48.9677,rub_per_unit,RU,EUR
2014-09-03,49.0193,rub_per_unit,RU,EUR
2014-09-04,49.0213,rub_per_unit,RU,EUR
2014-09-05,48.3786,rub_per_unit,RU,EUR
2014-09-06,47.7806,rub_per_unit,RU,EUR
2014-09-09,47.9789,rub_per_unit,RU,EUR
2014-09-10,47.7118,rub_per_unit,RU,EUR
2014-09-11,48.0636,rub_per_unit,RU,EUR
2014-09-12,48.2484,rub_per_unit,RU,EUR
2014-09-13,48.6647,rub_per_unit,RU,EUR
2014-09-16,49.1958,rub_per_unit,RU,EUR
2014-09-17,50.0582,rub_per_unit,RU,EUR
2014-09-18,49.6923,rub_per_unit,RU,EUR
2014-09-19,49.4592,rub_per_unit,RU,EUR
2014-09-20,49.5379,rub_per_unit,RU,EUR
2014-09-23,49.6193,rub_per_unit,RU,EUR
2014-09-24,49.6912,rub_per_unit,RU,EUR
2014-09-25,49.3145,rub_per_unit,RU,EUR
2014-09-26,48.8449,rub_per_unit,RU,EUR
2014-09-27,49.3386,rub_per_unit,RU,EUR
2014-09-30,49.954,rub_per_unit,RU,EUR
2014-10-01,49.9817,rub_per_unit,RU,EUR
2014-10-02,50.0554,rub_per_unit,RU,EUR
2014-10-03,49.9484,rub_per_unit,RU,EUR
2014-10-04,50.2021,rub_per_unit,RU,EUR
2014-10-07,50.0775,rub_per_unit,RU,EUR
2014-10-08,50.2017,rub_per_unit,RU,EUR
2014-10-09,50.5091,rub_per_unit,RU,EUR
2014-10-10,50.9585,rub_per_unit,RU,EUR
2014-10-11,51.0538,rub_per_unit,RU,EUR
2014-10-14,51.0798,rub_per_unit,RU,EUR
2014-10-15,51.5141,rub_per_unit,RU,EUR
2014-10-16,51.7829,rub_per_unit,RU,EUR
2014-10-17,52.1504,rub_per_unit,RU,EUR
2014-10-18,52.5253,rub_per_unit,RU,EUR
2014-10-21,52.1198,rub_per_unit,RU,EUR
2014-10-22,52.6468,rub_per_unit,RU,EUR
2014-10-23,52.1388,rub_per_unit,RU,EUR
2014-10-24,52.4424,rub_per_unit,RU,EUR
2014-10-25,52.9065,rub_per_unit,RU,EUR
2014-10-28,53.2342,rub_per_unit,RU,EUR
2014-10-29,53.8693,rub_per_unit,RU,EUR
2014-10-30,54.3393,rub_per_unit,RU,EUR
2014-10-31,54.6378,rub_per_unit,RU,EUR
2014-11-01,52.7219,rub_per_unit,RU,EUR
2014-11-06,55.6234,rub_per_unit,RU,EUR
2014-11-07,56.545,rub_per_unit,RU,EUR
2014-11-08,59.3153,rub_per_unit,RU,EUR
2014-11-11,57.2418,rub_per_unit,RU,EUR
2014-11-12,57.0494,rub_per_unit,RU,EUR
2014-11-13,57.8575,rub_per_unit,RU,EUR
2014-11-14,57.4235,rub_per_unit,RU,EUR
2014-11-15,58.9793,rub_per_unit,RU,EUR
2014-11-18,59.3081,rub_per_unit,RU,EUR
2014-11-19,58.6448,rub_per_unit,RU,EUR
2014-11-20,58.909,rub_per_unit,RU,EUR
2014-11-21,58.5817,rub_per_unit,RU,EUR
2014-11-22,57.4377,rub_per_unit,RU,EUR
2014-11-25,55.5336,rub_per_unit,RU,EUR
2014-11-26,55.8779,rub_per_unit,RU,EUR
2014-11-27,57.9052,rub_per_unit,RU,EUR
2014-11-28,59.6215,rub_per_unit,RU,EUR
2014-11-29,61.4108,rub_per_unit,RU,EUR
2014-12-02,64.4425,rub_per_unit,RU,EUR
2014-12-03,63.2414,rub_per_unit,RU,EUR
2014-12-04,67.2652,rub_per_unit,RU,EUR
2014-12-05,64.8443,rub_per_unit,RU,EUR
2014-12-06,65.7168,rub_per_unit,RU,EUR
2014-12-09,65.4248,rub_per_unit,RU,EUR
2014-12-10,66.8809,rub_per_unit,RU,EUR
2014-12-11,67.1989,rub_per_unit,RU,EUR
2014-12-12,68.2942,rub_per_unit,RU,EUR
2014-12-13,70.5289,rub_per_unit,RU,EUR
2014-12-16,72.6642,rub_per_unit,RU,EUR
2014-12-17,76.1516,rub_per_unit,RU,EUR
2014-12-18,84.589,rub_per_unit,RU,EUR
2014-12-19,73.3414,rub_per_unit,RU,EUR
2014-12-20,74.5727,rub_per_unit,RU,EUR
2014-12-23,69.2503,rub_per_unit,RU,EUR
2014-12-24,66.7539,rub_per_unit,RU,EUR
2014-12-25,66.4031,rub_per_unit,RU,EUR
2014-12-26,64.3177,rub_per_unit,RU,EUR
2014-12-27,63.5131,rub_per_unit,RU,EUR
2014-12-30,69.059,rub_per_unit,RU,EUR
2014-12-31,68.3427,rub_per_unit,RU,EUR
2015-01-01,68.3681,rub_per_unit,RU,EUR
2015-01-13,74.3551,rub_per_unit,RU,EUR
2015-01-14,76.7735,rub_per_unit,RU,EUR
2015-01-15,77.9629,rub_per_unit,RU,EUR
2015-01-16,76.3352,rub_per_unit,RU,EUR
2015-01-17,75.8623,rub_per_unit,RU,EUR
2015-01-20,75.174,rub_per_unit,RU,EUR
2015-01-21,75.2735,rub_per_unit,RU,EUR
2015-01-22,75.8218,rub_per_unit,RU,EUR
2015-01-23,75.7724,rub_per_unit,RU,EUR
2015-01-24,71.9067,rub_per_unit,RU,EUR
2015-01-27,73.5633,rub_per_unit,RU,EUR
2015-01-28,76.2922,rub_per_unit,RU,EUR
2015-01-29,76.2629,rub_per_unit,RU,EUR
2015-01-30,77.569,rub_per_unit,RU,EUR
2015-01-31,78.1105,rub_per_unit,RU,EUR
2015-02-03,78.79,rub_per_unit,RU,EUR
2015-02-04,76.8271,rub_per_unit,RU,EUR
2015-02-05,75.0415,rub_per_unit,RU,EUR
2015-02-06,77.9356,rub_per_unit,RU,EUR
2015-02-07,75.6591,rub_per_unit,RU,EUR
2015-02-10,74.5833,rub_per_unit,RU,EUR
2015-02-11,74.1382,rub_per_unit,RU,EUR
2015-02-12,74.7386,rub_per_unit,RU,EUR
2015-02-13,74.8311,rub_per_unit,RU,EUR
2015-02-14,74.3675,rub_per_unit,RU,EUR
2015-02-17,71.5426,rub_per_unit,RU,EUR
2015-02-18,71.3243,rub_per_unit,RU,EUR
2015-02-19,71.08,rub_per_unit,RU,EUR
2015-02-20,70.9408,rub_per_unit,RU,EUR
2015-02-21,70.0315,rub_per_unit,RU,EUR
2015-02-25,71.9422,rub_per_unit,RU,EUR
2015-02-26,71.1655,rub_per_unit,RU,EUR
2015-02-27,68.9797,rub_per_unit,RU,EUR
2015-02-28,68.6857,rub_per_unit,RU,EUR
2015-03-03,69.5424,rub_per_unit,RU,EUR
2015-03-04,69.8487,rub_per_unit,RU,EUR
2015-03-05,69.1138,rub_per_unit,RU,EUR
2015-03-06,68.3086,rub_per_unit,RU,EUR
2015-03-07,66.1012,rub_per_unit,RU,EUR
2015-03-11,65.5242,rub_per_unit,RU,EUR
2015-03-12,66.9168,rub_per_unit,RU,EUR
2015-03-13,64.6232,rub_per_unit,RU,EUR
2015-03-14,64.965,rub_per_unit,RU,EUR
2015-03-17,65.4063,rub_per_unit,RU,EUR
2015-03-18,65.4314,rub_per_unit,RU,EUR
2015-03-19,65.0108,rub_per_unit,RU,EUR
2015-03-20,64.1446,rub_per_unit,RU,EUR
2015-03-21,64.0504,rub_per_unit,RU,EUR
2015-03-24,64.1473,rub_per_unit,RU,EUR
2015-03-25,64.3425,rub_per_unit,RU,EUR
2015-03-26,62.7651,rub_per_unit,RU,EUR
2015-03-27,62.0811,rub_per_unit,RU,EUR
2015-03-28,62.5655,rub_per_unit,RU,EUR
2015-03-31,63.3695,rub_per_unit,RU,EUR
2015-04-01,62.0487,rub_per_unit,RU,EUR
2015-04-02,62.7476,rub_per_unit,RU,EUR
2015-04-03,61.6919,rub_per_unit,RU,EUR
2015-04-04,61.7363,rub_per_unit,RU,EUR
2015-04-07,62.0377,rub_per_unit,RU,EUR
2015-04-08,60.4124,rub_per_unit,RU,EUR
2015-04-09,58.7003,rub_per_unit,RU,EUR
2015-04-10,56.5251,rub_per_unit,RU,EUR
2015-04-11,54.2749,rub_per_unit,RU,EUR
2015-04-14,55.5201,rub_per_unit,RU,EUR
2015-04-15,54.8387,rub_per_unit,RU,EUR
2015-04-16,53.6598,rub_per_unit,RU,EUR
2015-04-17,52.9087,rub_per_unit,RU,EUR
2015-04-18,54.5163,rub_per_unit,RU,EUR
2015-04-21,55.5496,rub_per_unit,RU,EUR
2015-04-22,57.5998,rub_per_unit,RU,EUR
2015-04-23,57.7226,rub_per_unit,RU,EUR
2015-04-24,55.1255,rub_per_unit,RU,EUR
2015-04-25,54.659,rub_per_unit,RU,EUR
2015-04-28,55.8747,rub_per_unit,RU,EUR
2015-04-29,56.9016,rub_per_unit,RU,EUR
2015-04-30,56.806,rub_per_unit,RU,EUR
2015-05-01,57.1578,rub_per_unit,RU,EUR
2015-05-06,57.4093,rub_per_unit,RU,EUR
2015-05-07,56.1843,rub_per_unit,RU,EUR
2015-05-08,57.2207,rub_per_unit,RU,EUR
2015-05-09,56.8971,rub_per_unit,RU,EUR
2015-05-13,57.1102,rub_per_unit,RU,EUR
2015-05-14,55.7138,rub_per_unit,RU,EUR
2015-05-15,57.1383,rub_per_unit,RU,EUR
2015-05-16,56.9881,rub_per_unit,RU,EUR
2015-05-19,56.103,rub_per_unit,RU,EUR
2015-05-20,55.1085,rub_per_unit,RU,EUR
2015-05-21,55.2441,rub_per_unit,RU,EUR
2015-05-22,55.5714,rub_per_unit,RU,EUR
2015-05-23,55.5508,rub_per_unit,RU,EUR
2015-05-26,54.7477,rub_per_unit,RU,EUR
2015-05-27,54.8412,rub_per_unit,RU,EUR
2015-05-28,55.6757,rub_per_unit,RU,EUR
2015-05-29,57.1433,rub_per_unit,RU,EUR
2015-05-30,58.0145,rub_per_unit,RU,EUR
2015-06-02,57.702,rub_per_unit,RU,EUR
2015-06-03,58.6037,rub_per_unit,RU,EUR
2015-06-04,59.113,rub_per_unit,RU,EUR
2015-06-05,61.9471,rub_per_unit,RU,EUR
2015-06-06,63.3221,rub_per_unit,RU,EUR
2015-06-09,62.5053,rub_per_unit,RU,EUR
2015-06-10,63.0721,rub_per_unit,RU,EUR
2015-06-11,62.2064,rub_per_unit,RU,EUR
2015-06-12,61.4754,rub_per_unit,RU,EUR
2015-06-16,62.1045,rub_per_unit,RU,EUR
2015-06-17,61.104,rub_per_unit,RU,EUR
2015-06-18,60.7452,rub_per_unit,RU,EUR
2015-06-19,60.6417,rub_per_unit,RU,EUR
2015-06-20,60.913,rub_per_unit,RU,EUR
2015-06-23,60.8567,rub_per_unit,RU,EUR
2015-06-24,61.0546,rub_per_unit,RU,EUR
2015-06-25,60.5852,rub_per_unit,RU,EUR
2015-06-26,61.1986,rub_per_unit,RU,EUR
2015-06-27,61.4066,rub_per_unit,RU,EUR
2015-06-30,61.5206,rub_per_unit,RU,EUR
2015-07-01,62.3803,rub_per_unit,RU,EUR
2015-07-02,61.6556,rub_per_unit,RU,EUR
2015-07-03,61.5661,rub_per_unit,RU,EUR
2015-07-04,61.7492,rub_per_unit,RU,EUR
2015-07-07,62.4246,rub_per_unit,RU,EUR
2015-07-08,63.0441,rub_per_unit,RU,EUR
2015-07-09,63.0822,rub_per_unit,RU,EUR
2015-07-10,63.043,rub_per_unit,RU,EUR
2015-07-11,62.9474,rub_per_unit,RU,EUR
2015-07-14,62.9819,rub_per_unit,RU,EUR
2015-07-15,62.6239,rub_per_unit,RU,EUR
2015-07-16,62.3986,rub_per_unit,RU,EUR
2015-07-17,62.1841,rub_per_unit,RU,EUR
2015-07-18,61.9183,rub_per_unit,RU,EUR
2015-07-21,61.6929,rub_per_unit,RU,EUR
2015-07-22,61.7622,rub_per_unit,RU,EUR
2015-07-23,62.3948,rub_per_unit,RU,EUR
2015-07-24,62.933,rub_per_unit,RU,EUR
2015-07-25,63.609,rub_per_unit,RU,EUR
2015-07-28,65.083,rub_per_unit,RU,EUR
2015-07-29,66.6248,rub_per_unit,RU,EUR
2015-07-30,65.9882,rub_per_unit,RU,EUR
2015-07-31,64.6478,rub_per_unit,RU,EUR
2015-08-01,66.0002,rub_per_unit,RU,EUR
2015-08-04,68.577,rub_per_unit,RU,EUR
2015-08-05,68.9961,rub_per_unit,RU,EUR
2015-08-06,68.1435,rub_per_unit,RU,EUR
2015-08-07,69.6314,rub_per_unit,RU,EUR
2015-08-08,69.8089,rub_per_unit,RU,EUR
2015-08-11,70.754,rub_per_unit,RU,EUR
2015-08-12,69.6762,rub_per_unit,RU,EUR
2015-08-13,72.2078,rub_per_unit,RU,EUR
2015-08-14,71.1475,rub_per_unit,RU,EUR
2015-08-15,72.365,rub_per_unit,RU,EUR
2015-08-18,72.5712,rub_per_unit,RU,EUR
2015-08-19,72.9187,rub_per_unit,RU,EUR
2015-08-20,72.7085,rub_per_unit,RU,EUR
2015-08-21,74.4738,rub_per_unit,RU,EUR
2015-08-22,76.6709,rub_per_unit,RU,EUR
2015-08-25,81.1533,rub_per_unit,RU,EUR
2015-08-26,80.7248,rub_per_unit,RU,EUR
2015-08-27,79.7252,rub_per_unit,RU,EUR
2015-08-28,76.3369,rub_per_unit,RU,EUR
2015-08-29,75.0469,rub_per_unit,RU,EUR
2015-09-01,74.8478,rub_per_unit,RU,EUR
2015-09-02,73.8449,rub_per_unit,RU,EUR
2015-09-03,75.0901,rub_per_unit,RU,EUR
2015-09-04,75.2659,rub_per_unit,RU,EUR
2015-09-05,75.4011,rub_per_unit,RU,EUR
2015-09-08,76.3692,rub_per_unit,RU,EUR
2015-09-09,76.9246,rub_per_unit,RU,EUR
2015-09-10,75.5742,rub_per_unit,RU,EUR
2015-09-11,76.6951,rub_per_unit,RU,EUR
2015-09-12,76.8165,rub_per_unit,RU,EUR
2015-09-15,77.1313,rub_per_unit,RU,EUR
2015-09-16,75.9013,rub_per_unit,RU,EUR
2015-09-17,74.2407,rub_per_unit,RU,EUR
2015-09-18,73.9378,rub_per_unit,RU,EUR
2015-09-19,74.9726,rub_per_unit,RU,EUR
2015-09-22,74.8304,rub_per_unit,RU,EUR
2015-09-23,73.9568,rub_per_unit,RU,EUR
2015-09-24,73.5367,rub_per_unit,RU,EUR
2015-09-25,74.5435,rub_per_unit,RU,EUR
2015-09-26,73.1397,rub_per_unit,RU,EUR
2015-09-29,73.2684,rub_per_unit,RU,EUR
2015-09-30,74.5825,rub_per_unit,RU,EUR
2015-10-01,73.776,rub_per_unit,RU,EUR
2015-10-02,72.4865,rub_per_unit,RU,EUR
2015-10-03,73.6302,rub_per_unit,RU,EUR
2015-10-06,73.7951,rub_per_unit,RU,EUR
2015-10-07,72.9468,rub_per_unit,RU,EUR
2015-10-08,70.4691,rub_per_unit,RU,EUR
2015-10-09,70.3052,rub_per_unit,RU,EUR
2015-10-10,69.345,rub_per_unit,RU,EUR
2015-10-13,69.5499,rub_per_unit,RU,EUR
2015-10-14,70.8977,rub_per_unit,RU,EUR
2015-10-15,72.0506,rub_per_unit,RU,EUR
2015-10-16,71.281,rub_per_unit,RU,EUR
2015-10-17,69.771,rub_per_unit,RU,EUR
2015-10-20,69.7796,rub_per_unit,RU,EUR
2015-10-21,70.529,rub_per_unit,RU,EUR
2015-10-22,71.1738,rub_per_unit,RU,EUR
2015-10-23,71.0895,rub_per_unit,RU,EUR
2015-10-24,68.7903,rub_per_unit,RU,EUR
2015-10-27,69.0104,rub_per_unit,RU,EUR
2015-10-28,70.2124,rub_per_unit,RU,EUR
2015-10-29,72.1479,rub_per_unit,RU,EUR
2015-10-30,70.1427,rub_per_unit,RU,EUR
2015-10-31,70.7537,rub_per_unit,RU,EUR
2015-11-03,70.3961,rub_per_unit,RU,EUR
2015-11-04,70.3782,rub_per_unit,RU,EUR
2015-11-06,68.8261,rub_per_unit,RU,EUR
2015-11-07,69.2555,rub_per_unit,RU,EUR
2015-11-10,69.6136,rub_per_unit,RU,EUR
2015-11-11,69.2394,rub_per_unit,RU,EUR
2015-11-12,69.3797,rub_per_unit,RU,EUR
2015-11-13,70.337,rub_per_unit,RU,EUR
2015-11-14,71.8184,rub_per_unit,RU,EUR
2015-11-17,71.3987,rub_per_unit,RU,EUR
2015-11-18,69.7819,rub_per_unit,RU,EUR
2015-11-19,69.0021,rub_per_unit,RU,EUR
2015-11-20,69.339,rub_per_unit,RU,EUR
2015-11-21,69.3886,rub_per_unit,RU,EUR
2015-11-24,69.7037,rub_per_unit,RU,EUR
2015-11-25,69.8076,rub_per_unit,RU,EUR
2015-11-26,69.8987,rub_per_unit,RU,EUR
2015-11-27,69.7034,rub_per_unit,RU,EUR
2015-11-28,70.3859,rub_per_unit,RU,EUR
2015-12-01,70.6478,rub_per_unit,RU,EUR
2015-12-02,70.1345,rub_per_unit,RU,EUR
2015-12-03,70.8647,rub_per_unit,RU,EUR
2015-12-04,71.7404,rub_per_unit,RU,EUR
2015-12-05,73.6721,rub_per_unit,RU,EUR
2015-12-08,74.4079,rub_per_unit,RU,EUR
2015-12-09,75.3111,rub_per_unit,RU,EUR
2015-12-10,75.5595,rub_per_unit,RU,EUR
2015-12-11,76.0674,rub_per_unit,RU,EUR
2015-12-12,75.7472,rub_per_unit,RU,EUR
2015-12-15,76.9659,rub_per_unit,RU,EUR
2015-12-16,78.2312,rub_per_unit,RU,EUR
2015-12-17,77.04,rub_per_unit,RU,EUR
2015-12-18,76.6788,rub_per_unit,RU,EUR
2015-12-19,77.4052,rub_per_unit,RU,EUR
2015-12-22,77.483,rub_per_unit,RU,EUR
2015-12-23,77.6145,rub_per_unit,RU,EUR
2015-12-24,77.5443,rub_per_unit,RU,EUR
2015-12-25,76.0441,rub_per_unit,RU,EUR
2015-12-26,77.05,rub_per_unit,RU,EUR
2015-12-29,77.6032,rub_per_unit,RU,EUR
2015-12-30,79.547,rub_per_unit,RU,EUR
2015-12-31,79.6972,rub_per_unit,RU,EUR
2016-01-01,79.6395,rub_per_unit,RU,EUR
2016-01-12,82.809,rub_per_unit,RU,EUR
2016-01-13,83.4372,rub_per_unit,RU,EUR
2016-01-14,82.7175,rub_per_unit,RU,EUR
2016-01-15,83.1499,rub_per_unit,RU,EUR
2016-01-16,83.2951,rub_per_unit,RU,EUR
2016-01-19,85.622,rub_per_unit,RU,EUR
2016-01-20,85.2988,rub_per_unit,RU,EUR
2016-01-21,87.0341,rub_per_unit,RU,EUR
2016-01-22,91.1814,rub_per_unit,RU,EUR
2016-01-23,87.2266,rub_per_unit,RU,EUR
2016-01-26,84.1603,rub_per_unit,RU,EUR
2016-01-27,88.8858,rub_per_unit,RU,EUR
2016-01-28,85.8459,rub_per_unit,RU,EUR
2016-01-29,84.137,rub_per_unit,RU,EUR
2016-01-30,81.9077,rub_per_unit,RU,EUR
2016-02-02,82.8141,rub_per_unit,RU,EUR
2016-02-03,84.9719,rub_per_unit,RU,EUR
2016-02-04,86.5115,rub_per_unit,RU,EUR
2016-02-05,84.8104,rub_per_unit,RU,EUR
2016-02-06,86.5754,rub_per_unit,RU,EUR
2016-02-09,85.6543,rub_per_unit,RU,EUR
2016-02-10,88.0435,rub_per_unit,RU,EUR
2016-02-11,89.2213,rub_per_unit,RU,EUR
2016-02-12,89.3439,rub_per_unit,RU,EUR
2016-02-13,89.8454,rub_per_unit,RU,EUR
2016-02-16,87.1905,rub_per_unit,RU,EUR
2016-02-17,85.0894,rub_per_unit,RU,EUR
2016-02-18,86.9588,rub_per_unit,RU,EUR
2016-02-19,84.0521,rub_per_unit,RU,EUR
2016-02-20,84.9187,rub_per_unit,RU,EUR
2016-02-21,85.8563,rub_per_unit,RU,EUR
2016-02-25,84.0779,rub_per_unit,RU,EUR
2016-02-26,84.2155,rub_per_unit,RU,EUR
2016-02-27,82.9748,rub_per_unit,RU,EUR
2016-03-01,83.1023,rub_per_unit,RU,EUR
2016-03-02,80.5333,rub_per_unit,RU,EUR
2016-03-03,79.9721,rub_per_unit,RU,EUR
2016-03-04,80.21,rub_per_unit,RU,EUR
2016-03-05,80.1161,rub_per_unit,RU,EUR
2016-03-10,79.4488,rub_per_unit,RU,EUR
2016-03-11,77.9817,rub_per_unit,RU,EUR
2016-03-12,78.4131,rub_per_unit,RU,EUR
2016-03-15,78.1798,rub_per_unit,RU,EUR
2016-03-16,78.3285,rub_per_unit,RU,EUR
2016-03-17,78.7532,rub_per_unit,RU,EUR
2016-03-18,77.1572,rub_per_unit,RU,EUR
2016-03-19,77.1992,rub_per_unit,RU,EUR
2016-03-22,77.4647,rub_per_unit,RU,EUR
2016-03-23,76.14,rub_per_unit,RU,EUR
2016-03-24,75.6902,rub_per_unit,RU,EUR
2016-03-25,76.929,rub_per_unit,RU,EUR
2016-03-26,76.4004,rub_per_unit,RU,EUR
2016-03-29,75.6975,rub_per_unit,RU,EUR
2016-03-30,76.8611,rub_per_unit,RU,EUR
2016-03-31,76.5386,rub_per_unit,RU,EUR
2016-04-01,76.9207,rub_per_unit,RU,EUR
2016-04-02,76.4266,rub_per_unit,RU,EUR
2016-04-05,78.1662,rub_per_unit,RU,EUR
2016-04-06,78.2798,rub_per_unit,RU,EUR
2016-04-07,77.813,rub_per_unit,RU,EUR
2016-04-08,77.3688,rub_per_unit,RU,EUR
2016-04-09,76.6888,rub_per_unit,RU,EUR
2016-04-12,76.4957,rub_per_unit,RU,EUR
2016-04-13,75.8529,rub_per_unit,RU,EUR
2016-04-14,74.6578,rub_per_unit,RU,EUR
2016-04-15,74.794,rub_per_unit,RU,EUR
2016-04-16,74.3405,rub_per_unit,RU,EUR
2016-04-19,77.1273,rub_per_unit,RU,EUR
2016-04-20,74.3719,rub_per_unit,RU,EUR
2016-04-21,75.0107,rub_per_unit,RU,EUR
2016-04-22,73.4592,rub_per_unit,RU,EUR
2016-04-23,74.6959,rub_per_unit,RU,EUR
2016-04-26,74.9515,rub_per_unit,RU,EUR
2016-04-27,74.9024,rub_per_unit,RU,EUR
2016-04-28,73.8023,rub_per_unit,RU,EUR
2016-04-29,73.9166,rub_per_unit,RU,EUR
2016-04-30,73.3015,rub_per_unit,RU,EUR
2016-05-05,76.0512,rub_per_unit,RU,EUR
2016-05-06,75.5713,rub_per_unit,RU,EUR
2016-05-07,75.5789,rub_per_unit,RU,EUR
2016-05-11,75.5406,rub_per_unit,RU,EUR
2016-05-12,75.4505,rub_per_unit,RU,EUR
2016-05-13,74.1137,rub_per_unit,RU,EUR
2016-05-14,73.6248,rub_per_unit,RU,EUR
2016-05-17,73.4549,rub_per_unit,RU,EUR
2016-05-18,73.1006,rub_per_unit,RU,EUR
2016-05-19,73.3077,rub_per_unit,RU,EUR
2016-05-20,74.2755,rub_per_unit,RU,EUR
2016-05-21,74.4623,rub_per_unit,RU,EUR
2016-05-24,75.2675,rub_per_unit,RU,EUR
2016-05-25,75.0349,rub_per_unit,RU,EUR
2016-05-26,73.4596,rub_per_unit,RU,EUR
2016-05-27,72.8418,rub_per_unit,RU,EUR
2016-05-28,73.8474,rub_per_unit,RU,EUR
2016-05-31,73.497,rub_per_unit,RU,EUR
2016-06-01,73.4406,rub_per_unit,RU,EUR
2016-06-02,74.2098,rub_per_unit,RU,EUR
2016-06-03,74.8191,rub_per_unit,RU,EUR
2016-06-04,74.561,rub_per_unit,RU,EUR
2016-06-07,74.6907,rub_per_unit,RU,EUR
2016-06-08,74.1164,rub_per_unit,RU,EUR
2016-06-09,73.5538,rub_per_unit,RU,EUR
2016-06-10,72.5682,rub_per_unit,RU,EUR
2016-06-11,73.1909,rub_per_unit,RU,EUR
2016-06-15,74.3174,rub_per_unit,RU,EUR
2016-06-16,73.9441,rub_per_unit,RU,EUR
2016-06-17,74.246,rub_per_unit,RU,EUR
2016-06-18,73.5609,rub_per_unit,RU,EUR
2016-06-21,72.7792,rub_per_unit,RU,EUR
2016-06-22,72.7865,rub_per_unit,RU,EUR
2016-06-23,71.8082,rub_per_unit,RU,EUR
2016-06-24,72.9016,rub_per_unit,RU,EUR
2016-06-25,72.6582,rub_per_unit,RU,EUR
2016-06-28,71.942,rub_per_unit,RU,EUR
2016-06-29,71.7117,rub_per_unit,RU,EUR
2016-06-30,71.2102,rub_per_unit,RU,EUR
2016-07-01,71.2926,rub_per_unit,RU,EUR
2016-07-02,71.0519,rub_per_unit,RU,EUR
2016-07-05,70.8553,rub_per_unit,RU,EUR
2016-07-06,71.6327,rub_per_unit,RU,EUR
2016-07-07,71.5135,rub_per_unit,RU,EUR
2016-07-08,70.9482,rub_per_unit,RU,EUR
2016-07-09,71.1684,rub_per_unit,RU,EUR
2016-07-12,70.8152,rub_per_unit,RU,EUR
2016-07-13,70.9833,rub_per_unit,RU,EUR
2016-07-14,70.5577,rub_per_unit,RU,EUR
2016-07-15,70.5644,rub_per_unit,RU,EUR
2016-07-16,70.3395,rub_per_unit,RU,EUR
2016-07-19,69.7741,rub_per_unit,RU,EUR
2016-07-20,69.6974,rub_per_unit,RU,EUR
2016-07-21,69.6967,rub_per_unit,RU,EUR
2016-07-22,70.3022,rub_per_unit,RU,EUR
2016-07-23,71.2513,rub_per_unit,RU,EUR
2016-07-26,71.209,rub_per_unit,RU,EUR
2016-07-27,72.3478,rub_per_unit,RU,EUR
2016-07-28,72.515,rub_per_unit,RU,EUR
2016-07-29,73.4047,rub_per_unit,RU,EUR
2016-07-30,74.3799,rub_per_unit,RU,EUR
2016-08-02,73.6523,rub_per_unit,RU,EUR
2016-08-03,74.9007,rub_per_unit,RU,EUR
2016-08-04,74.7978,rub_per_unit,RU,EUR
2016-08-05,73.9232,rub_per_unit,RU,EUR
2016-08-06,73.0303,rub_per_unit,RU,EUR
2016-08-09,72.1476,rub_per_unit,RU,EUR
2016-08-10,71.7556,rub_per_unit,RU,EUR
2016-08-11,72.2349,rub_per_unit,RU,EUR
2016-08-12,72.4644,rub_per_unit,RU,EUR
2016-08-13,71.7158,rub_per_unit,RU,EUR
2016-08-16,71.7263,rub_per_unit,RU,EUR
2016-08-17,71.9645,rub_per_unit,RU,EUR
2016-08-18,72.0832,rub_per_unit,RU,EUR
2016-08-19,71.9371,rub_per_unit,RU,EUR
2016-08-20,72.4558,rub_per_unit,RU,EUR
2016-08-23,72.4457,rub_per_unit,RU,EUR
2016-08-24,73.4733,rub_per_unit,RU,EUR
2016-08-25,73.2074,rub_per_unit,RU,EUR
2016-08-26,73.2135,rub_per_unit,RU,EUR
2016-08-27,73.0892,rub_per_unit,RU,EUR
2016-08-30,72.7996,rub_per_unit,RU,EUR
2016-08-31,72.5013,rub_per_unit,RU,EUR
2016-09-01,72.6859,rub_per_unit,RU,EUR
2016-09-02,72.6828,rub_per_unit,RU,EUR
2016-09-03,73.7199,rub_per_unit,RU,EUR
2016-09-06,72.3742,rub_per_unit,RU,EUR
2016-09-07,72.3639,rub_per_unit,RU,EUR
2016-09-08,72.4022,rub_per_unit,RU,EUR
2016-09-09,72.0464,rub_per_unit,RU,EUR
2016-09-10,72.3359,rub_per_unit,RU,EUR
2016-09-13,73.1986,rub_per_unit,RU,EUR
2016-09-14,72.7559,rub_per_unit,RU,EUR
2016-09-15,72.946,rub_per_unit,RU,EUR
2016-09-16,73.2126,rub_per_unit,RU,EUR
2016-09-17,73.0208,rub_per_unit,RU,EUR
2016-09-20,72.4477,rub_per_unit,RU,EUR
2016-09-21,72.5279,rub_per_unit,RU,EUR
2016-09-22,71.8404,rub_per_unit,RU,EUR
2016-09-23,71.6728,rub_per_unit,RU,EUR
2016-09-24,71.5854,rub_per_unit,RU,EUR
2016-09-27,72.0604,rub_per_unit,RU,EUR
2016-09-28,71.6409,rub_per_unit,RU,EUR
2016-09-29,71.5738,rub_per_unit,RU,EUR
2016-09-30,70.8823,rub_per_unit,RU,EUR
2016-10-01,70.9338,rub_per_unit,RU,EUR
2016-10-04,70.2411,rub_per_unit,RU,EUR
2016-10-05,69.7556,rub_per_unit,RU,EUR
2016-10-06,70.0782,rub_per_unit,RU,EUR
2016-10-07,69.8518,rub_per_unit,RU,EUR
2016-10-08,69.2312,rub_per_unit,RU,EUR
2016-10-11,69.7253,rub_per_unit,RU,EUR
2016-10-12,69.1231,rub_per_unit,RU,EUR
2016-10-13,69.1173,rub_per_unit,RU,EUR
2016-10-14,69.7255,rub_per_unit,RU,EUR
2016-10-15,69.3746,rub_per_unit,RU,EUR
2016-10-18,69.3587,rub_per_unit,RU,EUR
2016-10-19,69.2608,rub_per_unit,RU,EUR
2016-10-20,68.7674,rub_per_unit,RU,EUR
2016-10-21,68.4741,rub_per_unit,RU,EUR
2016-10-22,68.0267,rub_per_unit,RU,EUR
2016-10-25,67.7302,rub_per_unit,RU,EUR
2016-10-26,67.4958,rub_per_unit,RU,EUR
2016-10-27,67.9253,rub_per_unit,RU,EUR
2016-10-28,68.7576,rub_per_unit,RU,EUR
2016-10-29,68.6783,rub_per_unit,RU,EUR
2016-11-01,69.2863,rub_per_unit,RU,EUR
2016-11-02,69.3647,rub_per_unit,RU,EUR
2016-11-03,70.2339,rub_per_unit,RU,EUR
2016-11-04,70.5977,rub_per_unit,RU,EUR
2016-11-08,70.6944,rub_per_unit,RU,EUR
2016-11-09,70.4542,rub_per_unit,RU,EUR
2016-11-10,71.3491,rub_per_unit,RU,EUR
2016-11-11,69.3392,rub_per_unit,RU,EUR
2016-11-12,71.1253,rub_per_unit,RU,EUR
2016-11-15,71.0488,rub_per_unit,RU,EUR
2016-11-16,70.6156,rub_per_unit,RU,EUR
2016-11-17,69.2388,rub_per_unit,RU,EUR
2016-11-18,69.4984,rub_per_unit,RU,EUR
2016-11-19,68.9889,rub_per_unit,RU,EUR
2016-11-22,68.3611,rub_per_unit,RU,EUR
2016-11-23,67.5413,rub_per_unit,RU,EUR
2016-11-24,68.054,rub_per_unit,RU,EUR
2016-11-25,68.0855,rub_per_unit,RU,EUR
2016-11-26,68.4363,rub_per_unit,RU,EUR
2016-11-29,69.1608,rub_per_unit,RU,EUR
2016-11-30,68.8416,rub_per_unit,RU,EUR
2016-12-01,69.3417,rub_per_unit,RU,EUR
2016-12-02,67.6162,rub_per_unit,RU,EUR
2016-12-03,68.4703,rub_per_unit,RU,EUR
2016-12-06,67.766,rub_per_unit,RU,EUR
2016-12-07,68.6902,rub_per_unit,RU,EUR
2016-12-08,68.5002,rub_per_unit,RU,EUR
2016-12-09,68.2458,rub_per_unit,RU,EUR
2016-12-10,67.2086,rub_per_unit,RU,EUR
2016-12-13,65.072,rub_per_unit,RU,EUR
2016-12-14,64.9774,rub_per_unit,RU,EUR
2016-12-15,64.7543,rub_per_unit,RU,EUR
2016-12-16,64.6139,rub_per_unit,RU,EUR
2016-12-17,64.4809,rub_per_unit,RU,EUR
2016-12-20,64.6727,rub_per_unit,RU,EUR
2016-12-21,64.2006,rub_per_unit,RU,EUR
2016-12-22,63.6086,rub_per_unit,RU,EUR
2016-12-23,63.5604,rub_per_unit,RU,EUR
2016-12-24,63.5425,rub_per_unit,RU,EUR
2016-12-27,63.7285,rub_per_unit,RU,EUR
2016-12-28,63.573,rub_per_unit,RU,EUR
2016-12-29,63.4879,rub_per_unit,RU,EUR
2016-12-30,63.0214,rub_per_unit,RU,EUR
2016-12-31,63.8111,rub_per_unit,RU,EUR
2017-01-10,63.1125,rub_per_unit,RU,EUR
2017-01-11,63.5445,rub_per_unit,RU,EUR
2017-01-12,63.5184,rub_per_unit,RU,EUR
2017-01-13,63.2759,rub_per_unit,RU,EUR
2017-01-14,63.1222,rub_per_unit,RU,EUR
2017-01-17,63.2308,rub_per_unit,RU,EUR
2017-01-18,63.2864,rub_per_unit,RU,EUR
2017-01-19,63.2252,rub_per_unit,RU,EUR
2017-01-20,63.1803,rub_per_unit,RU,EUR
2017-01-21,63.7272,rub_per_unit,RU,EUR
2017-01-24,63.9424,rub_per_unit,RU,EUR
2017-01-25,63.6225,rub_per_unit,RU,EUR
2017-01-26,63.4254,rub_per_unit,RU,EUR
2017-01-27,64.0248,rub_per_unit,RU,EUR
2017-01-28,64.3429,rub_per_unit,RU,EUR
2017-01-31,64.4333,rub_per_unit,RU,EUR
2017-02-01,64.285,rub_per_unit,RU,EUR
2017-02-02,65.0322,rub_per_unit,RU,EUR
2017-02-03,64.7307,rub_per_unit,RU,EUR
2017-02-04,63.8156,rub_per_unit,RU,EUR
2017-02-07,63.1566,rub_per_unit,RU,EUR
2017-02-08,63.2362,rub_per_unit,RU,EUR
2017-02-09,63.4467,rub_per_unit,RU,EUR
2017-02-10,63.0253,rub_per_unit,RU,EUR
2017-02-11,62.6824,rub_per_unit,RU,EUR
2017-02-14,61.7662,rub_per_unit,RU,EUR
2017-02-15,61.2955,rub_per_unit,RU,EUR
2017-02-16,60.0249,rub_per_unit,RU,EUR
2017-02-17,60.654,rub_per_unit,RU,EUR
2017-02-18,61.4496,rub_per_unit,RU,EUR
2017-02-21,61.6987,rub_per_unit,RU,EUR
2017-02-22,61.209,rub_per_unit,RU,EUR
2017-02-23,60.4535,rub_per_unit,RU,EUR
2017-02-28,61.2569,rub_per_unit,RU,EUR
2017-03-01,61.3883,rub_per_unit,RU,EUR
2017-03-02,61.5417,rub_per_unit,RU,EUR
2017-03-03,61.5198,rub_per_unit,RU,EUR
2017-03-04,61.985,rub_per_unit,RU,EUR
2017-03-07,61.8606,rub_per_unit,RU,EUR
2017-03-08,61.7063,rub_per_unit,RU,EUR
2017-03-10,61.9911,rub_per_unit,RU,EUR
2017-03-11,62.7408,rub_per_unit,RU,EUR
2017-03-14,63.2661,rub_per_unit,RU,EUR
2017-03-15,62.7447,rub_per_unit,RU,EUR
2017-03-16,62.8428,rub_per_unit,RU,EUR
2017-03-17,62.4897,rub_per_unit,RU,EUR
2017-03-18,62.3722,rub_per_unit,RU,EUR
2017-03-21,61.6956,rub_per_unit,RU,EUR
2017-03-22,61.7308,rub_per_unit,RU,EUR
2017-03-23,62.2699,rub_per_unit,RU,EUR
2017-03-24,62.0959,rub_per_unit,RU,EUR
2017-03-25,61.8636,rub_per_unit,RU,EUR
2017-03-28,61.9615,rub_per_unit,RU,EUR
2017-03-29,61.8102,rub_per_unit,RU,EUR
2017-03-30,61.5347,rub_per_unit,RU,EUR
2017-03-31,60.595,rub_per_unit,RU,EUR
2017-04-01,59.8107,rub_per_unit,RU,EUR
2017-04-04,59.8953,rub_per_unit,RU,EUR
2017-04-05,60.2427,rub_per_unit,RU,EUR
2017-04-06,59.6948,rub_per_unit,RU,EUR
2017-04-07,60.0827,rub_per_unit,RU,EUR
2017-04-08,60.5687,rub_per_unit,RU,EUR
2017-04-11,60.7469,rub_per_unit,RU,EUR
2017-04-12,60.3042,rub_per_unit,RU,EUR
2017-04-13,60.2631,rub_per_unit,RU,EUR
2017-04-14,60.2867,rub_per_unit,RU,EUR
2017-04-15,59.7791,rub_per_unit,RU,EUR
2017-04-18,59.8393,rub_per_unit,RU,EUR
2017-04-19,59.6124,rub_per_unit,RU,EUR
2017-04-20,60.2649,rub_per_unit,RU,EUR
2017-04-21,60.6139,rub_per_unit,RU,EUR
2017-04-22,60.3187,rub_per_unit,RU,EUR
2017-04-25,60.8461,rub_per_unit,RU,EUR
2017-04-26,60.7932,rub_per_unit,RU,EUR
2017-04-27,61.5052,rub_per_unit,RU,EUR
2017-04-28,62.1664,rub_per_unit,RU,EUR
2017-04-29,62.044,rub_per_unit,RU,EUR
2017-05-03,62.1515,rub_per_unit,RU,EUR
2017-05-04,62.3224,rub_per_unit,RU,EUR
2017-05-05,62.7298,rub_per_unit,RU,EUR
2017-05-06,64.2398,rub_per_unit,RU,EUR
2017-05-11,63.2634,rub_per_unit,RU,EUR
2017-05-12,62.1595,rub_per_unit,RU,EUR
2017-05-13,62.0915,rub_per_unit,RU,EUR
2017-05-16,61.8449,rub_per_unit,RU,EUR
2017-05-17,62.0382,rub_per_unit,RU,EUR
2017-05-18,62.9568,rub_per_unit,RU,EUR
2017-05-19,63.9967,rub_per_unit,RU,EUR
2017-05-20,63.6479,rub_per_unit,RU,EUR
2017-05-23,63.1713,rub_per_unit,RU,EUR
2017-05-24,63.6189,rub_per_unit,RU,EUR
2017-05-25,62.9203,rub_per_unit,RU,EUR
2017-05-26,63.0116,rub_per_unit,RU,EUR
2017-05-27,63.6689,rub_per_unit,RU,EUR
2017-05-30,63.3684,rub_per_unit,RU,EUR
2017-05-31,62.9484,rub_per_unit,RU,EUR
2017-06-01,63.4107,rub_per_unit,RU,EUR
2017-06-02,63.531,rub_per_unit,RU,EUR
2017-06-03,63.6092,rub_per_unit,RU,EUR
2017-06-06,63.811,rub_per_unit,RU,EUR
2017-06-07,63.7817,rub_per_unit,RU,EUR
2017-06-08,63.7179,rub_per_unit,RU,EUR
2017-06-09,64.1488,rub_per_unit,RU,EUR
2017-06-10,63.7852,rub_per_unit,RU,EUR
2017-06-14,63.7729,rub_per_unit,RU,EUR
2017-06-15,63.9481,rub_per_unit,RU,EUR
2017-06-16,64.2795,rub_per_unit,RU,EUR
2017-06-17,64.4561,rub_per_unit,RU,EUR
2017-06-20,64.8614,rub_per_unit,RU,EUR
2017-06-21,65.321,rub_per_unit,RU,EUR
2017-06-22,66.798,rub_per_unit,RU,EUR
2017-06-23,67.1495,rub_per_unit,RU,EUR
2017-06-24,66.678,rub_per_unit,RU,EUR
2017-06-27,66.0816,rub_per_unit,RU,EUR
2017-06-28,65.9563,rub_per_unit,RU,EUR
2017-06-29,67.6868,rub_per_unit,RU,EUR
2017-06-30,67.4993,rub_per_unit,RU,EUR
2017-07-01,67.8072,rub_per_unit,RU,EUR
2017-07-04,67.2016,rub_per_unit,RU,EUR
2017-07-05,67.2966,rub_per_unit,RU,EUR
2017-07-06,67.6754,rub_per_unit,RU,EUR
2017-07-07,68.3814,rub_per_unit,RU,EUR
2017-07-08,68.947,rub_per_unit,RU,EUR
2017-07-11,68.7737,rub_per_unit,RU,EUR
2017-07-12,69.2007,rub_per_unit,RU,EUR
2017-07-13,69.4494,rub_per_unit,RU,EUR
2017-07-14,68.8139,rub_per_unit,RU,EUR
2017-07-15,68.3597,rub_per_unit,RU,EUR
2017-07-18,67.6184,rub_per_unit,RU,EUR
2017-07-19,68.4008,rub_per_unit,RU,EUR
2017-07-20,68.2762,rub_per_unit,RU,EUR
2017-07-21,68.0037,rub_per_unit,RU,EUR
2017-07-22,68.6623,rub_per_unit,RU,EUR
2017-07-25,69.4708,rub_per_unit,RU,EUR
2017-07-26,69.7005,rub_per_unit,RU,EUR
2017-07-27,69.6816,rub_per_unit,RU,EUR
2017-07-28,69.6406,rub_per_unit,RU,EUR
2017-07-29,69.6779,rub_per_unit,RU,EUR
2017-08-01,70.4603,rub_per_unit,RU,EUR
2017-08-02,70.7313,rub_per_unit,RU,EUR
2017-08-03,71.6866,rub_per_unit,RU,EUR
2017-08-04,71.9527,rub_per_unit,RU,EUR
2017-08-05,71.6879,rub_per_unit,RU,EUR
2017-08-08,70.8414,rub_per_unit,RU,EUR
2017-08-09,70.8405,rub_per_unit,RU,EUR
2017-08-10,70.4183,rub_per_unit,RU,EUR
2017-08-11,70.2677,rub_per_unit,RU,EUR
2017-08-12,70.7502,rub_per_unit,RU,EUR
2017-08-15,70.6645,rub_per_unit,RU,EUR
2017-08-16,70.3718,rub_per_unit,RU,EUR
2017-08-17,69.9958,rub_per_unit,RU,EUR
2017-08-18,69.6531,rub_per_unit,RU,EUR
2017-08-19,69.7197,rub_per_unit,RU,EUR
2017-08-22,69.4314,rub_per_unit,RU,EUR
2017-08-23,69.59,rub_per_unit,RU,EUR
2017-08-24,69.5619,rub_per_unit,RU,EUR
2017-08-25,69.7434,rub_per_unit,RU,EUR
2017-08-26,69.6995,rub_per_unit,RU,EUR
2017-08-29,69.8465,rub_per_unit,RU,EUR
2017-08-30,70.4316,rub_per_unit,RU,EUR
2017-08-31,70.2007,rub_per_unit,RU,EUR
2017-09-01,69.6222,rub_per_unit,RU,EUR
2017-09-02,68.9992,rub_per_unit,RU,EUR
2017-09-05,68.7256,rub_per_unit,RU,EUR
2017-09-06,68.7782,rub_per_unit,RU,EUR
2017-09-07,68.4165,rub_per_unit,RU,EUR
2017-09-08,68.2436,rub_per_unit,RU,EUR
2017-09-09,68.6923,rub_per_unit,RU,EUR
2017-09-12,68.649,rub_per_unit,RU,EUR
2017-09-13,68.5469,rub_per_unit,RU,EUR
2017-09-14,69.0977,rub_per_unit,RU,EUR
2017-09-15,68.695,rub_per_unit,RU,EUR
2017-09-16,68.5801,rub_per_unit,RU,EUR
2017-09-19,68.7514,rub_per_unit,RU,EUR
2017-09-20,69.6785,rub_per_unit,RU,EUR
2017-09-21,69.7664,rub_per_unit,RU,EUR
2017-09-22,69.2635,rub_per_unit,RU,EUR
2017-09-23,69.0737,rub_per_unit,RU,EUR
2017-09-26,68.5553,rub_per_unit,RU,EUR
2017-09-27,68.0215,rub_per_unit,RU,EUR
2017-09-28,68.1678,rub_per_unit,RU,EUR
2017-09-29,68.6441,rub_per_unit,RU,EUR
2017-09-30,68.4483,rub_per_unit,RU,EUR
2017-10-03,67.9076,rub_per_unit,RU,EUR
2017-10-04,67.9839,rub_per_unit,RU,EUR
2017-10-05,67.9357,rub_per_unit,RU,EUR
2017-10-06,67.7787,rub_per_unit,RU,EUR
2017-10-07,67.5344,rub_per_unit,RU,EUR
2017-10-10,68.3861,rub_per_unit,RU,EUR
2017-10-11,68.3557,rub_per_unit,RU,EUR
2017-10-12,68.5032,rub_per_unit,RU,EUR
2017-10-13,68.4455,rub_per_unit,RU,EUR
2017-10-14,68.1409,rub_per_unit,RU,EUR
2017-10-17,67.2988,rub_per_unit,RU,EUR
2017-10-18,67.4596,rub_per_unit,RU,EUR
2017-10-19,67.3577,rub_per_unit,RU,EUR
2017-10-20,67.9333,rub_per_unit,RU,EUR
2017-10-21,67.8927,rub_per_unit,RU,EUR
2017-10-24,67.5567,rub_per_unit,RU,EUR
2017-10-25,67.6856,rub_per_unit,RU,EUR
2017-10-26,67.7713,rub_per_unit,RU,EUR
2017-10-27,68.289,rub_per_unit,RU,EUR
2017-10-28,67.5276,rub_per_unit,RU,EUR
2017-10-31,67.2179,rub_per_unit,RU,EUR
2017-11-01,67.6434,rub_per_unit,RU,EUR
2017-11-02,67.7107,rub_per_unit,RU,EUR
2017-11-03,67.677,rub_per_unit,RU,EUR
2017-11-04,68.0822,rub_per_unit,RU,EUR
2017-11-08,67.7677,rub_per_unit,RU,EUR
2017-11-09,68.704,rub_per_unit,RU,EUR
2017-11-10,68.7865,rub_per_unit,RU,EUR
2017-11-11,68.9791,rub_per_unit,RU,EUR
2017-11-14,68.9178,rub_per_unit,RU,EUR
2017-11-15,69.6787,rub_per_unit,RU,EUR
2017-11-16,71.1721,rub_per_unit,RU,EUR
2017-11-17,70.704,rub_per_unit,RU,EUR
2017-11-18,70.3604,rub_per_unit,RU,EUR
2017-11-21,69.6654,rub_per_unit,RU,EUR
2017-11-22,69.8184,rub_per_unit,RU,EUR
2017-11-23,69.403,rub_per_unit,RU,EUR
2017-11-24,69.1783,rub_per_unit,RU,EUR
2017-11-25,69.3309,rub_per_unit,RU,EUR
2017-11-28,69.4957,rub_per_unit,RU,EUR
2017-11-29,69.4934,rub_per_unit,RU,EUR
2017-11-30,69.204,rub_per_unit,RU,EUR
2017-12-01,69.5185,rub_per_unit,RU,EUR
2017-12-02,69.7478,rub_per_unit,RU,EUR
2017-12-05,69.9104,rub_per_unit,RU,EUR
2017-12-06,69.6327,rub_per_unit,RU,EUR
2017-12-07,69.706,rub_per_unit,RU,EUR
2017-12-08,69.9323,rub_per_unit,RU,EUR
2017-12-09,69.6434,rub_per_unit,RU,EUR
2017-12-12,69.8023,rub_per_unit,RU,EUR
2017-12-13,69.2982,rub_per_unit,RU,EUR
2017-12-14,69.4653,rub_per_unit,RU,EUR
2017-12-15,69.4048,rub_per_unit,RU,EUR
2017-12-16,69.4298,rub_per_unit,RU,EUR
2017-12-19,69.0946,rub_per_unit,RU,EUR
2017-12-20,69.1735,rub_per_unit,RU,EUR
2017-12-21,69.5033,rub_per_unit,RU,EUR
2017-12-22,69.522,rub_per_unit,RU,EUR
2017-12-23,69.1268,rub_per_unit,RU,EUR
2017-12-26,69.0937,rub_per_unit,RU,EUR
2017-12-27,68.5422,rub_per_unit,RU,EUR
2017-12-28,68.2328,rub_per_unit,RU,EUR
2017-12-29,68.7861,rub_per_unit,RU,EUR
2017-12-30,68.8668,rub_per_unit,RU,EUR
2018-01-10,68.2103,rub_per_unit,RU,EUR
2018-01-11,67.8841,rub_per_unit,RU,EUR
2018-01-12,68.0586,rub_per_unit,RU,EUR
2018-01-13,68.2562,rub_per_unit,RU,EUR
2018-01-16,68.8174,rub_per_unit,RU,EUR
2018-01-17,69.0243,rub_per_unit,RU,EUR
2018-01-18,69.173,rub_per_unit,RU,EUR
2018-01-19,69.2582,rub_per_unit,RU,EUR
2018-01-20,69.3953,rub_per_unit,RU,EUR
2018-01-23,69.265,rub_per_unit,RU,EUR
2018-01-24,69.0702,rub_per_unit,RU,EUR
2018-01-25,69.4484,rub_per_unit,RU,EUR
2018-01-26,69.458,rub_per_unit,RU,EUR
2018-01-27,69.6073,rub_per_unit,RU,EUR
2018-01-30,69.8513,rub_per_unit,RU,EUR
2018-01-31,69.5424,rub_per_unit,RU,EUR
2018-02-01,69.9322,rub_per_unit,RU,EUR
2018-02-02,69.7921,rub_per_unit,RU,EUR
2018-02-03,70.0958,rub_per_unit,RU,EUR
2018-02-06,70.4959,rub_per_unit,RU,EUR
2018-02-07,70.9294,rub_per_unit,RU,EUR
2018-02-08,70.531,rub_per_unit,RU,EUR
2018-02-09,70.7713,rub_per_unit,RU,EUR
2018-02-10,71.3943,rub_per_unit,RU,EUR
2018-02-13,71.245,rub_per_unit,RU,EUR
2018-02-14,71.167,rub_per_unit,RU,EUR
2018-02-15,71.2329,rub_per_unit,RU,EUR
2018-02-16,70.6718,rub_per_unit,RU,EUR
2018-02-17,70.6471,rub_per_unit,RU,EUR
2018-02-20,69.9001,rub_per_unit,RU,EUR
2018-02-21,69.8928,rub_per_unit,RU,EUR
2018-02-22,69.8087,rub_per_unit,RU,EUR
2018-02-23,69.6341,rub_per_unit,RU,EUR
2018-02-27,68.9224,rub_per_unit,RU,EUR
2018-02-28,68.6599,rub_per_unit,RU,EUR
2018-03-01,68.9062,rub_per_unit,RU,EUR
2018-03-02,68.8826,rub_per_unit,RU,EUR
2018-03-03,69.4671,rub_per_unit,RU,EUR
2018-03-06,70.1702,rub_per_unit,RU,EUR
2018-03-07,69.7317,rub_per_unit,RU,EUR
2018-03-08,70.5299,rub_per_unit,RU,EUR
2018-03-13,69.7972,rub_per_unit,RU,EUR
2018-03-14,70.1564,rub_per_unit,RU,EUR
2018-03-15,70.5338,rub_per_unit,RU,EUR
2018-03-16,70.5151,rub_per_unit,RU,EUR
2018-03-17,70.8099,rub_per_unit,RU,EUR
2018-03-20,70.6049,rub_per_unit,RU,EUR
2018-03-21,71.2347,rub_per_unit,RU,EUR
2018-03-22,70.5699,rub_per_unit,RU,EUR
2018-03-23,70.31,rub_per_unit,RU,EUR
2018-03-24,70.4303,rub_per_unit,RU,EUR
2018-03-27,70.5708,rub_per_unit,RU,EUR
2018-03-28,71.2625,rub_per_unit,RU,EUR
2018-03-29,71.3339,rub_per_unit,RU,EUR
2018-03-30,71.0942,rub_per_unit,RU,EUR
2018-03-31,70.5618,rub_per_unit,RU,EUR
2018-04-03,70.6038,rub_per_unit,RU,EUR
2018-04-04,70.9207,rub_per_unit,RU,EUR
2018-04-05,70.958,rub_per_unit,RU,EUR
2018-04-06,70.5926,rub_per_unit,RU,EUR
2018-04-07,70.7069,rub_per_unit,RU,EUR
2018-04-10,71.8847,rub_per_unit,RU,EUR
2018-04-11,76.8522,rub_per_unit,RU,EUR
2018-04-12,79.2839,rub_per_unit,RU,EUR
2018-04-13,76.7569,rub_per_unit,RU,EUR
2018-04-14,75.7507,rub_per_unit,RU,EUR
2018-04-17,76.8403,rub_per_unit,RU,EUR
2018-04-18,75.8448,rub_per_unit,RU,EUR
2018-04-19,76.0868,rub_per_unit,RU,EUR
2018-04-20,75.4034,rub_per_unit,RU,EUR
2018-04-21,75.6532,rub_per_unit,RU,EUR
2018-04-24,75.7924,rub_per_unit,RU,EUR
2018-04-25,75.2121,rub_per_unit,RU,EUR
2018-04-26,75.3281,rub_per_unit,RU,EUR
2018-04-27,76.1812,rub_per_unit,RU,EUR
2018-04-28,75.7605,rub_per_unit,RU,EUR
2018-04-29,75.2056,rub_per_unit,RU,EUR
2018-05-04,76.1261,rub_per_unit,RU,EUR
2018-05-05,75.6392,rub_per_unit,RU,EUR
2018-05-08,74.8125,rub_per_unit,RU,EUR
2018-05-09,75.0409,rub_per_unit,RU,EUR
2018-05-11,74.1772,rub_per_unit,RU,EUR
2018-05-12,73.5145,rub_per_unit,RU,EUR
2018-05-15,73.943,rub_per_unit,RU,EUR
2018-05-16,73.8601,rub_per_unit,RU,EUR
2018-05-17,73.7796,rub_per_unit,RU,EUR
2018-05-18,73.0236,rub_per_unit,RU,EUR
2018-05-19,73.1769,rub_per_unit,RU,EUR
2018-05-22,73.3321,rub_per_unit,RU,EUR
2018-05-23,72.239,rub_per_unit,RU,EUR
2018-05-24,72.1826,rub_per_unit,RU,EUR
2018-05-25,72.0082,rub_per_unit,RU,EUR
2018-05-26,72.1183,rub_per_unit,RU,EUR
2018-05-29,72.8322,rub_per_unit,RU,EUR
2018-05-30,72.5269,rub_per_unit,RU,EUR
2018-05-31,72.5211,rub_per_unit,RU,EUR
2018-06-01,72.5806,rub_per_unit,RU,EUR
2018-06-02,72.7183,rub_per_unit,RU,EUR
2018-06-05,72.4384,rub_per_unit,RU,EUR
2018-06-06,72.513,rub_per_unit,RU,EUR
2018-06-07,72.8637,rub_per_unit,RU,EUR
2018-06-08,73.0686,rub_per_unit,RU,EUR
2018-06-09,73.7916,rub_per_unit,RU,EUR
2018-06-10,73.3654,rub_per_unit,RU,EUR
2018-06-14,74.1365,rub_per_unit,RU,EUR
2018-06-15,73.5621,rub_per_unit,RU,EUR
2018-06-16,72.5329,rub_per_unit,RU,EUR
2018-06-19,73.4825,rub_per_unit,RU,EUR
2018-06-20,74.1847,rub_per_unit,RU,EUR
2018-06-21,73.6118,rub_per_unit,RU,EUR
2018-06-22,73.6871,rub_per_unit,RU,EUR
2018-06-23,73.7247,rub_per_unit,RU,EUR
2018-06-26,73.3112,rub_per_unit,RU,EUR
2018-06-27,73.4087,rub_per_unit,RU,EUR
2018-06-28,73.6038,rub_per_unit,RU,EUR
2018-06-29,73.0884,rub_per_unit,RU,EUR
2018-06-30,72.9921,rub_per_unit,RU,EUR
2018-07-03,73.469,rub_per_unit,RU,EUR
2018-07-04,73.7012,rub_per_unit,RU,EUR
2018-07-05,73.7097,rub_per_unit,RU,EUR
2018-07-06,73.9641,rub_per_unit,RU,EUR
2018-07-07,73.9028,rub_per_unit,RU,EUR
2018-07-10,73.9365,rub_per_unit,RU,EUR
2018-07-11,73.347,rub_per_unit,RU,EUR
2018-07-12,72.8472,rub_per_unit,RU,EUR
2018-07-13,72.6817,rub_per_unit,RU,EUR
2018-07-14,72.4659,rub_per_unit,RU,EUR
2018-07-17,72.7955,rub_per_unit,RU,EUR
2018-07-18,73.2427,rub_per_unit,RU,EUR
2018-07-19,73.1345,rub_per_unit,RU,EUR
2018-07-20,73.4808,rub_per_unit,RU,EUR
2018-07-21,73.9327,rub_per_unit,RU,EUR
2018-07-24,74.1286,rub_per_unit,RU,EUR
2018-07-25,73.5261,rub_per_unit,RU,EUR
2018-07-26,73.751,rub_per_unit,RU,EUR
2018-07-27,73.8181,rub_per_unit,RU,EUR
2018-07-28,73.3442,rub_per_unit,RU,EUR
2018-07-31,73.2021,rub_per_unit,RU,EUR
2018-08-01,73.0738,rub_per_unit,RU,EUR
2018-08-02,73.1064,rub_per_unit,RU,EUR
2018-08-03,73.4206,rub_per_unit,RU,EUR
2018-08-04,73.4744,rub_per_unit,RU,EUR
2018-08-07,73.4095,rub_per_unit,RU,EUR
2018-08-08,73.5632,rub_per_unit,RU,EUR
2018-08-09,73.8211,rub_per_unit,RU,EUR
2018-08-10,76.825,rub_per_unit,RU,EUR
2018-08-11,76.676,rub_per_unit,RU,EUR
2018-08-14,77.6519,rub_per_unit,RU,EUR
2018-08-15,76.2325,rub_per_unit,RU,EUR
2018-08-16,75.2253,rub_per_unit,RU,EUR
2018-08-17,76.0576,rub_per_unit,RU,EUR
2018-08-18,76.1848,rub_per_unit,RU,EUR
2018-08-21,76.7204,rub_per_unit,RU,EUR
2018-08-22,77.3491,rub_per_unit,RU,EUR
2018-08-23,78.1983,rub_per_unit,RU,EUR
2018-08-24,79.2502,rub_per_unit,RU,EUR
2018-08-25,78.4072,rub_per_unit,RU,EUR
2018-08-28,78.2269,rub_per_unit,RU,EUR
2018-08-29,78.76,rub_per_unit,RU,EUR
2018-08-30,79.5594,rub_per_unit,RU,EUR
2018-08-31,79.6765,rub_per_unit,RU,EUR
2018-09-01,79.4966,rub_per_unit,RU,EUR
2018-09-04,78.6376,rub_per_unit,RU,EUR
2018-09-05,79.02,rub_per_unit,RU,EUR
2018-09-06,79.1362,rub_per_unit,RU,EUR
2018-09-07,79.3685,rub_per_unit,RU,EUR
2018-09-08,80.3562,rub_per_unit,RU,EUR
2018-09-11,80.6702,rub_per_unit,RU,EUR
2018-09-12,81.3942,rub_per_unit,RU,EUR
2018-09-13,80.6488,rub_per_unit,RU,EUR
2018-09-14,79.7699,rub_per_unit,RU,EUR
2018-09-15,79.9521,rub_per_unit,RU,EUR
2018-09-18,79.3595,rub_per_unit,RU,EUR
2018-09-19,79.1749,rub_per_unit,RU,EUR
2018-09-20,78.3613,rub_per_unit,RU,EUR
2018-09-21,77.7529,rub_per_unit,RU,EUR
2018-09-22,78.0753,rub_per_unit,RU,EUR
2018-09-25,77.6844,rub_per_unit,RU,EUR
2018-09-26,77.3832,rub_per_unit,RU,EUR
2018-09-27,77.3846,rub_per_unit,RU,EUR
2018-09-28,77.0407,rub_per_unit,RU,EUR
2018-09-29,76.2294,rub_per_unit,RU,EUR
2018-10-02,75.9877,rub_per_unit,RU,EUR
2018-10-03,75.2272,rub_per_unit,RU,EUR
2018-10-04,75.7353,rub_per_unit,RU,EUR
2018-10-05,76.0505,rub_per_unit,RU,EUR
2018-10-06,76.661,rub_per_unit,RU,EUR
2018-10-09,76.987,rub_per_unit,RU,EUR
2018-10-10,76.211,rub_per_unit,RU,EUR
2018-10-11,76.071,rub_per_unit,RU,EUR
2018-10-12,77.0824,rub_per_unit,RU,EUR
2018-10-13,76.5047,rub_per_unit,RU,EUR
2018-10-16,76.054,rub_per_unit,RU,EUR
2018-10-17,75.9236,rub_per_unit,RU,EUR
2018-10-18,75.6512,rub_per_unit,RU,EUR
2018-10-19,75.5692,rub_per_unit,RU,EUR
2018-10-20,75.3241,rub_per_unit,RU,EUR
2018-10-23,75.3702,rub_per_unit,RU,EUR
2018-10-24,74.8584,rub_per_unit,RU,EUR
2018-10-25,75.0806,rub_per_unit,RU,EUR
2018-10-26,74.9851,rub_per_unit,RU,EUR
2018-10-27,74.6658,rub_per_unit,RU,EUR
2018-10-30,75.0399,rub_per_unit,RU,EUR
2018-10-31,74.7918,rub_per_unit,RU,EUR
2018-11-01,74.4189,rub_per_unit,RU,EUR
2018-11-02,74.5803,rub_per_unit,RU,EUR
2018-11-03,74.9906,rub_per_unit,RU,EUR
2018-11-07,75.3158,rub_per_unit,RU,EUR
2018-11-08,75.6817,rub_per_unit,RU,EUR
2018-11-09,75.6711,rub_per_unit,RU,EUR
2018-11-10,75.8076,rub_per_unit,RU,EUR
2018-11-13,76.0926,rub_per_unit,RU,EUR
2018-11-14,76.0737,rub_per_unit,RU,EUR
2018-11-15,76.7556,rub_per_unit,RU,EUR
2018-11-16,75.5358,rub_per_unit,RU,EUR
2018-11-17,74.9022,rub_per_unit,RU,EUR
2018-11-20,75.3218,rub_per_unit,RU,EUR
2018-11-21,75.1825,rub_per_unit,RU,EUR
2018-11-22,75.1483,rub_per_unit,RU,EUR
2018-11-23,74.8048,rub_per_unit,RU,EUR
2018-11-24,74.9385,rub_per_unit,RU,EUR
2018-11-27,75.5655,rub_per_unit,RU,EUR
2018-11-28,75.6217,rub_per_unit,RU,EUR
2018-11-29,75.5191,rub_per_unit,RU,EUR
2018-11-30,75.8897,rub_per_unit,RU,EUR
2018-12-01,75.7484,rub_per_unit,RU,EUR
2018-12-04,75.3874,rub_per_unit,RU,EUR
2018-12-05,75.6562,rub_per_unit,RU,EUR
2018-12-06,75.7051,rub_per_unit,RU,EUR
2018-12-07,75.6071,rub_per_unit,RU,EUR
2018-12-08,76.0777,rub_per_unit,RU,EUR
2018-12-11,75.7075,rub_per_unit,RU,EUR
2018-12-12,75.6197,rub_per_unit,RU,EUR
2018-12-13,75.2168,rub_per_unit,RU,EUR
2018-12-14,75.3916,rub_per_unit,RU,EUR
2018-12-15,75.389,rub_per_unit,RU,EUR
2018-12-18,75.3814,rub_per_unit,RU,EUR
2018-12-19,75.7761,rub_per_unit,RU,EUR
2018-12-20,76.4742,rub_per_unit,RU,EUR
2018-12-21,76.9377,rub_per_unit,RU,EUR
2018-12-22,77.9717,rub_per_unit,RU,EUR
2018-12-25,77.8886,rub_per_unit,RU,EUR
2018-12-26,78.4309,rub_per_unit,RU,EUR
2018-12-27,78.5237,rub_per_unit,RU,EUR
2018-12-28,78.388,rub_per_unit,RU,EUR
2018-12-29,79.6581,rub_per_unit,RU,EUR
2018-12-30,79.4605,rub_per_unit,RU,EUR
2019-01-10,76.9066,rub_per_unit,RU,EUR
2019-01-11,77.2105,rub_per_unit,RU,EUR
2019-01-12,77.1282,rub_per_unit,RU,EUR
2019-01-15,77.0692,rub_per_unit,RU,EUR
2019-01-16,76.9498,rub_per_unit,RU,EUR
2019-01-17,76.135,rub_per_unit,RU,EUR
2019-01-18,75.633,rub_per_unit,RU,EUR
2019-01-19,75.5841,rub_per_unit,RU,EUR
2019-01-22,75.5481,rub_per_unit,RU,EUR
2019-01-23,75.5541,rub_per_unit,RU,EUR
2019-01-24,75.3861,rub_per_unit,RU,EUR
2019-01-25,75.0306,rub_per_unit,RU,EUR
2019-01-26,74.6312,rub_per_unit,RU,EUR
2019-01-29,75.1932,rub_per_unit,RU,EUR
2019-01-30,75.8811,rub_per_unit,RU,EUR
2019-01-31,75.5706,rub_per_unit,RU,EUR
2019-02-01,75.2006,rub_per_unit,RU,EUR
2019-02-02,75.148,rub_per_unit,RU,EUR
2019-02-05,75.0565,rub_per_unit,RU,EUR
2019-02-06,74.9127,rub_per_unit,RU,EUR
2019-02-07,74.7703,rub_per_unit,RU,EUR
2019-02-08,74.9656,rub_per_unit,RU,EUR
2019-02-09,74.8954,rub_per_unit,RU,EUR
2019-02-12,74.3243,rub_per_unit,RU,EUR
2019-02-13,74.1459,rub_per_unit,RU,EUR
2019-02-14,74.3872,rub_per_unit,RU,EUR
2019-02-15,75.0471,rub_per_unit,RU,EUR
2019-02-16,75.2492,rub_per_unit,RU,EUR
2019-02-19,74.9055,rub_per_unit,RU,EUR
2019-02-20,74.8151,rub_per_unit,RU,EUR
2019-02-21,74.6816,rub_per_unit,RU,EUR
2019-02-22,74.2963,rub_per_unit,RU,EUR
2019-02-23,74.3332,rub_per_unit,RU,EUR
2019-02-26,74.0876,rub_per_unit,RU,EUR
2019-02-27,74.4898,rub_per_unit,RU,EUR
2019-02-28,74.8249,rub_per_unit,RU,EUR
2019-03-01,74.9691,rub_per_unit,RU,EUR
2019-03-02,74.8048,rub_per_unit,RU,EUR
2019-03-05,74.7438,rub_per_unit,RU,EUR
2019-03-06,74.5058,rub_per_unit,RU,EUR
2019-03-07,74.4158,rub_per_unit,RU,EUR
2019-03-08,74.573,rub_per_unit,RU,EUR
2019-03-12,74.2896,rub_per_unit,RU,EUR
2019-03-13,74.0672,rub_per_unit,RU,EUR
2019-03-14,74.0237,rub_per_unit,RU,EUR
2019-03-15,74.0613,rub_per_unit,RU,EUR
2019-03-16,74.0686,rub_per_unit,RU,EUR
2019-03-19,73.361,rub_per_unit,RU,EUR
2019-03-20,72.9995,rub_per_unit,RU,EUR
2019-03-21,72.9389,rub_per_unit,RU,EUR
2019-03-22,72.787,rub_per_unit,RU,EUR
2019-03-23,72.59,rub_per_unit,RU,EUR
2019-03-26,72.9229,rub_per_unit,RU,EUR
2019-03-27,72.5808,rub_per_unit,RU,EUR
2019-03-28,72.7182,rub_per_unit,RU,EUR
2019-03-29,72.8884,rub_per_unit,RU,EUR
2019-03-30,72.723,rub_per_unit,RU,EUR
2019-04-02,73.4967,rub_per_unit,RU,EUR
2019-04-03,73.3162,rub_per_unit,RU,EUR
2019-04-04,73.1725,rub_per_unit,RU,EUR
2019-04-05,73.4223,rub_per_unit,RU,EUR
2019-04-06,73.4392,rub_per_unit,RU,EUR
2019-04-09,73.3617,rub_per_unit,RU,EUR
2019-04-10,72.9708,rub_per_unit,RU,EUR
2019-04-11,72.946,rub_per_unit,RU,EUR
2019-04-12,72.6551,rub_per_unit,RU,EUR
2019-04-13,72.8398,rub_per_unit,RU,EUR
2019-04-16,72.7018,rub_per_unit,RU,EUR
2019-04-17,72.6515,rub_per_unit,RU,EUR
2019-04-18,72.3602,rub_per_unit,RU,EUR
2019-04-19,72.244,rub_per_unit,RU,EUR
2019-04-20,71.9232,rub_per_unit,RU,EUR
2019-04-23,71.721,rub_per_unit,RU,EUR
2019-04-24,71.7453,rub_per_unit,RU,EUR
2019-04-25,71.715,rub_per_unit,RU,EUR
2019-04-26,72.1111,rub_per_unit,RU,EUR
2019-04-27,72.0882,rub_per_unit,RU,EUR
2019-04-30,72.2024,rub_per_unit,RU,EUR
2019-05-01,72.3096,rub_per_unit,RU,EUR
2019-05-07,73.1099,rub_per_unit,RU,EUR
2019-05-08,73.0817,rub_per_unit,RU,EUR
2019-05-09,73.0888,rub_per_unit,RU,EUR
2019-05-14,73.5231,rub_per_unit,RU,EUR
2019-05-15,73.3712,rub_per_unit,RU,EUR
2019-05-16,72.6891,rub_per_unit,RU,EUR
2019-05-17,72.3651,rub_per_unit,RU,EUR
2019-05-18,72.2464,rub_per_unit,RU,EUR
2019-05-21,71.9631,rub_per_unit,RU,EUR
2019-05-22,71.9654,rub_per_unit,RU,EUR
2019-05-23,71.8427,rub_per_unit,RU,EUR
2019-05-24,71.8369,rub_per_unit,RU,EUR
2019-05-25,72.3186,rub_per_unit,RU,EUR
2019-05-28,72.1863,rub_per_unit,RU,EUR
2019-05-29,72.168,rub_per_unit,RU,EUR
2019-05-30,72.4118,rub_per_unit,RU,EUR
2019-05-31,72.4229,rub_per_unit,RU,EUR
2019-06-01,72.8436,rub_per_unit,RU,EUR
2019-06-04,73.218,rub_per_unit,RU,EUR
2019-06-05,73.4239,rub_per_unit,RU,EUR
2019-06-06,73.369,rub_per_unit,RU,EUR
2019-06-07,73.2708,rub_per_unit,RU,EUR
2019-06-08,73.2605,rub_per_unit,RU,EUR
2019-06-11,73.2148,rub_per_unit,RU,EUR
2019-06-12,73.0448,rub_per_unit,RU,EUR
2019-06-14,73.0141,rub_per_unit,RU,EUR
2019-06-15,72.6993,rub_per_unit,RU,EUR
2019-06-18,72.1077,rub_per_unit,RU,EUR
2019-06-19,72.2291,rub_per_unit,RU,EUR
2019-06-20,71.6377,rub_per_unit,RU,EUR
2019-06-21,71.5457,rub_per_unit,RU,EUR
2019-06-22,71.349,rub_per_unit,RU,EUR
2019-06-25,71.5973,rub_per_unit,RU,EUR
2019-06-26,71.2323,rub_per_unit,RU,EUR
2019-06-27,71.3816,rub_per_unit,RU,EUR
2019-06-28,71.6635,rub_per_unit,RU,EUR
2019-06-29,71.8179,rub_per_unit,RU,EUR
2019-07-02,71.3962,rub_per_unit,RU,EUR
2019-07-03,71.408,rub_per_unit,RU,EUR
2019-07-04,71.6034,rub_per_unit,RU,EUR
2019-07-05,71.542,rub_per_unit,RU,EUR
2019-07-06,71.6593,rub_per_unit,RU,EUR
2019-07-09,71.7067,rub_per_unit,RU,EUR
2019-07-10,71.4626,rub_per_unit,RU,EUR
2019-07-11,71.5631,rub_per_unit,RU,EUR
2019-07-12,71.0073,rub_per_unit,RU,EUR
2019-07-13,71.0114,rub_per_unit,RU,EUR
2019-07-16,70.8574,rub_per_unit,RU,EUR
2019-07-17,70.6771,rub_per_unit,RU,EUR
2019-07-18,70.5552,rub_per_unit,RU,EUR
2019-07-19,70.6068,rub_per_unit,RU,EUR
2019-07-20,70.7941,rub_per_unit,RU,EUR
2019-07-23,70.6546,rub_per_unit,RU,EUR
2019-07-24,70.635,rub_per_unit,RU,EUR
2019-07-25,70.3241,rub_per_unit,RU,EUR
2019-07-26,70.294,rub_per_unit,RU,EUR
2019-07-27,70.311,rub_per_unit,RU,EUR
2019-07-30,70.6417,rub_per_unit,RU,EUR
2019-07-31,70.598,rub_per_unit,RU,EUR
2019-08-01,70.7355,rub_per_unit,RU,EUR
2019-08-02,70.4727,rub_per_unit,RU,EUR
2019-08-03,71.7077,rub_per_unit,RU,EUR
2019-08-06,72.3732,rub_per_unit,RU,EUR
2019-08-07,73.073,rub_per_unit,RU,EUR
2019-08-08,72.8914,rub_per_unit,RU,EUR
2019-08-09,73.0432,rub_per_unit,RU,EUR
2019-08-10,73.0196,rub_per_unit,RU,EUR
2019-08-13,73.1231,rub_per_unit,RU,EUR
2019-08-14,73.4149,rub_per_unit,RU,EUR
2019-08-15,72.9037,rub_per_unit,RU,EUR
2019-08-16,73.455,rub_per_unit,RU,EUR
2019-08-17,73.2227,rub_per_unit,RU,EUR
2019-08-20,73.9484,rub_per_unit,RU,EUR
2019-08-21,73.9766,rub_per_unit,RU,EUR
2019-08-22,73.4989,rub_per_unit,RU,EUR
2019-08-23,72.8312,rub_per_unit,RU,EUR
2019-08-24,72.6243,rub_per_unit,RU,EUR
2019-08-27,73.3955,rub_per_unit,RU,EUR
2019-08-28,73.6091,rub_per_unit,RU,EUR
2019-08-29,73.6583,rub_per_unit,RU,EUR
2019-08-30,73.9558,rub_per_unit,RU,EUR
2019-08-31,73.3847,rub_per_unit,RU,EUR
2019-09-03,73.1726,rub_per_unit,RU,EUR
2019-09-04,73.2032,rub_per_unit,RU,EUR
2019-09-05,73.0638,rub_per_unit,RU,EUR
2019-09-06,72.8761,rub_per_unit,RU,EUR
2019-09-07,72.8883,rub_per_unit,RU,EUR
2019-09-10,72.33,rub_per_unit,RU,EUR
2019-09-11,72.3039,rub_per_unit,RU,EUR
2019-09-12,72.224,rub_per_unit,RU,EUR
2019-09-13,71.8273,rub_per_unit,RU,EUR
2019-09-14,71.5307,rub_per_unit,RU,EUR
2019-09-17,70.6695,rub_per_unit,RU,EUR
2019-09-18,70.604,rub_per_unit,RU,EUR
2019-09-19,71.2391,rub_per_unit,RU,EUR
2019-09-20,70.9373,rub_per_unit,RU,EUR
2019-09-21,70.5975,rub_per_unit,RU,EUR
2019-09-24,70.2759,rub_per_unit,RU,EUR
2019-09-25,70.0193,rub_per_unit,RU,EUR
2019-09-26,70.5868,rub_per_unit,RU,EUR
2019-09-27,70.3834,rub_per_unit,RU,EUR
2019-09-28,70.3161,rub_per_unit,RU,EUR
2019-10-01,70.7169,rub_per_unit,RU,EUR
2019-10-02,70.8449,rub_per_unit,RU,EUR
2019-10-03,71.4669,rub_per_unit,RU,EUR
2019-10-04,71.2991,rub_per_unit,RU,EUR
2019-10-05,71.3509,rub_per_unit,RU,EUR
2019-10-08,71.1464,rub_per_unit,RU,EUR
2019-10-09,71.2372,rub_per_unit,RU,EUR
2019-10-10,71.4511,rub_per_unit,RU,EUR
2019-10-11,71.2999,rub_per_unit,RU,EUR
2019-10-12,70.7296,rub_per_unit,RU,EUR
2019-10-15,70.9305,rub_per_unit,RU,EUR
2019-10-16,70.8473,rub_per_unit,RU,EUR
2019-10-17,71.0503,rub_per_unit,RU,EUR
2019-10-18,70.9023,rub_per_unit,RU,EUR
2019-10-19,71.1299,rub_per_unit,RU,EUR
2019-10-22,71.1696,rub_per_unit,RU,EUR
2019-10-23,70.9196,rub_per_unit,RU,EUR
2019-10-24,70.9644,rub_per_unit,RU,EUR
2019-10-25,71.14,rub_per_unit,RU,EUR
2019-10-26,71.1194,rub_per_unit,RU,EUR
2019-10-29,70.8382,rub_per_unit,RU,EUR
2019-10-30,70.7769,rub_per_unit,RU,EUR
2019-10-31,71.0081,rub_per_unit,RU,EUR
2019-11-01,71.1918,rub_per_unit,RU,EUR
2019-11-02,71.4785,rub_per_unit,RU,EUR
2019-11-06,70.4203,rub_per_unit,RU,EUR
2019-11-07,70.4301,rub_per_unit,RU,EUR
2019-11-08,70.5489,rub_per_unit,RU,EUR
2019-11-09,70.4211,rub_per_unit,RU,EUR
2019-11-12,70.4759,rub_per_unit,RU,EUR
2019-11-13,70.4235,rub_per_unit,RU,EUR
2019-11-14,70.6724,rub_per_unit,RU,EUR
2019-11-15,70.6761,rub_per_unit,RU,EUR
2019-11-16,70.4111,rub_per_unit,RU,EUR
2019-11-19,70.5313,rub_per_unit,RU,EUR
2019-11-20,70.6286,rub_per_unit,RU,EUR
2019-11-21,70.8524,rub_per_unit,RU,EUR
2019-11-22,70.6997,rub_per_unit,RU,EUR
2019-11-23,70.5207,rub_per_unit,RU,EUR
2019-11-26,70.3122,rub_per_unit,RU,EUR
2019-11-27,70.5159,rub_per_unit,RU,EUR
2019-11-28,70.4398,rub_per_unit,RU,EUR
2019-11-29,70.5747,rub_per_unit,RU,EUR
2019-11-30,70.5475,rub_per_unit,RU,EUR
2019-12-03,70.973,rub_per_unit,RU,EUR
2019-12-04,71.0608,rub_per_unit,RU,EUR
2019-12-05,71.1086,rub_per_unit,RU,EUR
2019-12-06,70.7245,rub_per_unit,RU,EUR
2019-12-07,70.7594,rub_per_unit,RU,EUR
2019-12-10,70.5047,rub_per_unit,RU,EUR
2019-12-11,70.3881,rub_per_unit,RU,EUR
2019-12-12,70.4558,rub_per_unit,RU,EUR
2019-12-13,70.4271,rub_per_unit,RU,EUR
2019-12-14,69.8608,rub_per_unit,RU,EUR
2019-12-17,69.9431,rub_per_unit,RU,EUR
2019-12-18,69.6801,rub_per_unit,RU,EUR
2019-12-19,69.6925,rub_per_unit,RU,EUR
2019-12-20,69.5877,rub_per_unit,RU,EUR
2019-12-21,69.378,rub_per_unit,RU,EUR
2019-12-24,68.9978,rub_per_unit,RU,EUR
2019-12-25,68.9062,rub_per_unit,RU,EUR
2019-12-26,68.4065,rub_per_unit,RU,EUR
2019-12-27,68.5003,rub_per_unit,RU,EUR
2019-12-28,69.0349,rub_per_unit,RU,EUR
2019-12-31,69.3406,rub_per_unit,RU,EUR
2020-01-01,69.3777,rub_per_unit,RU,EUR
2020-01-10,68.0555,rub_per_unit,RU,EUR
2020-01-11,68.045,rub_per_unit,RU,EUR
2020-01-14,67.8162,rub_per_unit,RU,EUR
2020-01-15,68.4213,rub_per_unit,RU,EUR
2020-01-16,68.3747,rub_per_unit,RU,EUR
2020-01-17,68.656,rub_per_unit,RU,EUR
2020-01-18,68.5358,rub_per_unit,RU,EUR
2020-01-21,68.2082,rub_per_unit,RU,EUR
2020-01-22,68.6222,rub_per_unit,RU,EUR
2020-01-23,68.5186,rub_per_unit,RU,EUR
2020-01-24,68.6856,rub_per_unit,RU,EUR
2020-01-25,68.2924,rub_per_unit,RU,EUR
2020-01-28,68.7775,rub_per_unit,RU,EUR
2020-01-29,69.226,rub_per_unit,RU,EUR
2020-01-30,68.6764,rub_per_unit,RU,EUR
2020-01-31,69.4151,rub_per_unit,RU,EUR
2020-02-01,69.5976,rub_per_unit,RU,EUR
2020-02-04,70.7921,rub_per_unit,RU,EUR
2020-02-05,70.1265,rub_per_unit,RU,EUR
2020-02-06,69.7443,rub_per_unit,RU,EUR
2020-02-07,69.0837,rub_per_unit,RU,EUR
2020-02-08,69.6288,rub_per_unit,RU,EUR
2020-02-11,69.8226,rub_per_unit,RU,EUR
2020-02-12,69.7684,rub_per_unit,RU,EUR
2020-02-13,68.7843,rub_per_unit,RU,EUR
2020-02-14,69.1795,rub_per_unit,RU,EUR
2020-02-15,68.771,rub_per_unit,RU,EUR
2020-02-18,68.6201,rub_per_unit,RU,EUR
2020-02-19,69.0882,rub_per_unit,RU,EUR
2020-02-20,68.7823,rub_per_unit,RU,EUR
2020-02-21,68.7705,rub_per_unit,RU,EUR
2020-02-22,69.4191,rub_per_unit,RU,EUR
2020-02-26,70.4591,rub_per_unit,RU,EUR
2020-02-27,71.2439,rub_per_unit,RU,EUR
2020-02-28,71.6458,rub_per_unit,RU,EUR
2020-02-29,73.7235,rub_per_unit,RU,EUR
2020-03-03,73.4178,rub_per_unit,RU,EUR
2020-03-04,73.9385,rub_per_unit,RU,EUR
2020-03-05,73.7369,rub_per_unit,RU,EUR
2020-03-06,73.6842,rub_per_unit,RU,EUR
2020-03-07,75.8424,rub_per_unit,RU,EUR
2020-03-11,81.8588,rub_per_unit,RU,EUR
2020-03-12,81.0207,rub_per_unit,RU,EUR
2020-03-13,83.6584,rub_per_unit,RU,EUR
2020-03-14,81.861,rub_per_unit,RU,EUR
2020-03-17,82.7471,rub_per_unit,RU,EUR
2020-03-18,82.3056,rub_per_unit,RU,EUR
2020-03-19,84.8881,rub_per_unit,RU,EUR
2020-03-20,87.2669,rub_per_unit,RU,EUR
2020-03-21,84.1552,rub_per_unit,RU,EUR
2020-03-24,86.705,rub_per_unit,RU,EUR
2020-03-25,85.4253,rub_per_unit,RU,EUR
2020-03-26,84.1485,rub_per_unit,RU,EUR
2020-03-27,85.9648,rub_per_unit,RU,EUR
2020-03-28,85.7389,rub_per_unit,RU,EUR
2020-04-07,82.6346,rub_per_unit,RU,EUR
2020-04-08,82.012,rub_per_unit,RU,EUR
2020-04-09,82.2341,rub_per_unit,RU,EUR
2020-04-10,81.0882,rub_per_unit,RU,EUR
2020-04-11,80.7358,rub_per_unit,RU,EUR
2020-04-14,80.5387,rub_per_unit,RU,EUR
2020-04-15,80.1186,rub_per_unit,RU,EUR
2020-04-16,80.6731,rub_per_unit,RU,EUR
2020-04-17,81.2791,rub_per_unit,RU,EUR
2020-04-18,80.111,rub_per_unit,RU,EUR
2020-04-21,81.1019,rub_per_unit,RU,EUR
2020-04-22,82.616,rub_per_unit,RU,EUR
2020-04-23,83.6826,rub_per_unit,RU,EUR
2020-04-24,81.1468,rub_per_unit,RU,EUR
2020-04-25,80.2528,rub_per_unit,RU,EUR
2020-04-28,80.7611,rub_per_unit,RU,EUR
2020-04-29,80.7749,rub_per_unit,RU,EUR
2020-04-30,80.0488,rub_per_unit,RU,EUR
2020-05-01,79.1189,rub_per_unit,RU,EUR
2020-05-07,80.0598,rub_per_unit,RU,EUR
2020-05-08,80.0611,rub_per_unit,RU,EUR
2020-05-09,80.0039,rub_per_unit,RU,EUR
2020-05-13,79.4394,rub_per_unit,RU,EUR
2020-05-14,79.7775,rub_per_unit,RU,EUR
2020-05-15,79.9033,rub_per_unit,RU,EUR
2020-05-16,79.1279,rub_per_unit,RU,EUR
2020-05-19,78.9422,rub_per_unit,RU,EUR
2020-05-20,79.1677,rub_per_unit,RU,EUR
2020-05-21,79.1813,rub_per_unit,RU,EUR
2020-05-22,77.7965,rub_per_unit,RU,EUR
2020-05-23,78.4431,rub_per_unit,RU,EUR
2020-05-26,77.8823,rub_per_unit,RU,EUR
2020-05-27,77.7854,rub_per_unit,RU,EUR
2020-05-28,77.9069,rub_per_unit,RU,EUR
2020-05-29,78.2611,rub_per_unit,RU,EUR
2020-05-30,78.5489,rub_per_unit,RU,EUR
2020-06-02,77.6376,rub_per_unit,RU,EUR
2020-06-03,76.7782,rub_per_unit,RU,EUR
2020-06-04,76.6243,rub_per_unit,RU,EUR
2020-06-05,77.3245,rub_per_unit,RU,EUR
2020-06-06,77.9658,rub_per_unit,RU,EUR
2020-06-09,77.1861,rub_per_unit,RU,EUR
2020-06-10,77.3481,rub_per_unit,RU,EUR
2020-06-11,77.9229,rub_per_unit,RU,EUR
2020-06-12,78.5225,rub_per_unit,RU,EUR
2020-06-16,79.1451,rub_per_unit,RU,EUR
2020-06-17,79.0434,rub_per_unit,RU,EUR
2020-06-18,78.3829,rub_per_unit,RU,EUR
2020-06-19,78.2924,rub_per_unit,RU,EUR
2020-06-20,78.0047,rub_per_unit,RU,EUR
2020-06-23,77.8285,rub_per_unit,RU,EUR
2020-06-24,77.6832,rub_per_unit,RU,EUR
2020-06-25,77.759,rub_per_unit,RU,EUR
2020-06-26,78.0589,rub_per_unit,RU,EUR
2020-06-27,77.5413,rub_per_unit,RU,EUR
2020-06-30,78.6812,rub_per_unit,RU,EUR
2020-07-01,78.9929,rub_per_unit,RU,EUR
2020-07-02,79.1901,rub_per_unit,RU,EUR
2020-07-03,79.5181,rub_per_unit,RU,EUR
2020-07-04,79.2207,rub_per_unit,RU,EUR
2020-07-07,80.5581,rub_per_unit,RU,EUR
2020-07-08,81.4676,rub_per_unit,RU,EUR
2020-07-09,80.4062,rub_per_unit,RU,EUR
2020-07-10,80.4134,rub_per_unit,RU,EUR
2020-07-11,80.2689,rub_per_unit,RU,EUR
2020-07-14,80.0937,rub_per_unit,RU,EUR
2020-07-15,80.623,rub_per_unit,RU,EUR
2020-07-16,80.8392,rub_per_unit,RU,EUR
2020-07-17,81.2318,rub_per_unit,RU,EUR
2020-07-18,81.6821,rub_per_unit,RU,EUR
2020-07-21,82.3902,rub_per_unit,RU,EUR
2020-07-22,81.2499,rub_per_unit,RU,EUR
2020-07-23,81.5904,rub_per_unit,RU,EUR
2020-07-24,82.1893,rub_per_unit,RU,EUR
2020-07-25,83.1031,rub_per_unit,RU,EUR
2020-07-28,83.7759,rub_per_unit,RU,EUR
2020-07-29,84.261,rub_per_unit,RU,EUR
2020-07-30,84.912,rub_per_unit,RU,EUR
2020-07-31,86.2532,rub_per_unit,RU,EUR
2020-08-01,87.2889,rub_per_unit,RU,EUR
2020-08-04,87.2253,rub_per_unit,RU,EUR
2020-08-05,86.5011,rub_per_unit,RU,EUR
2020-08-06,86.625,rub_per_unit,RU,EUR
2020-08-07,86.6178,rub_per_unit,RU,EUR
2020-08-08,87.1722,rub_per_unit,RU,EUR
2020-08-11,86.8258,rub_per_unit,RU,EUR
2020-08-12,85.9246,rub_per_unit,RU,EUR
2020-08-13,85.956,rub_per_unit,RU,EUR
2020-08-14,87.0399,rub_per_unit,RU,EUR
2020-08-15,86.4092,rub_per_unit,RU,EUR
2020-08-18,86.4666,rub_per_unit,RU,EUR
2020-08-19,87.3401,rub_per_unit,RU,EUR
2020-08-20,87.4037,rub_per_unit,RU,EUR
2020-08-21,87.4261,rub_per_unit,RU,EUR
2020-08-22,87.7343,rub_per_unit,RU,EUR
2020-08-25,87.903,rub_per_unit,RU,EUR
2020-08-26,88.059,rub_per_unit,RU,EUR
2020-08-27,89.2254,rub_per_unit,RU,EUR
2020-08-28,88.996,rub_per_unit,RU,EUR
2020-08-29,88.7448,rub_per_unit,RU,EUR
2020-09-01,87.8266,rub_per_unit,RU,EUR
2020-09-02,88.1547,rub_per_unit,RU,EUR
2020-09-03,87.7369,rub_per_unit,RU,EUR
2020-09-04,89.1353,rub_per_unit,RU,EUR
2020-09-05,89.0384,rub_per_unit,RU,EUR
2020-09-08,89.4771,rub_per_unit,RU,EUR
2020-09-09,89.7369,rub_per_unit,RU,EUR
2020-09-10,89.5663,rub_per_unit,RU,EUR
2020-09-11,89.3036,rub_per_unit,RU,EUR
2020-09-12,88.6768,rub_per_unit,RU,EUR
2020-09-15,88.5819,rub_per_unit,RU,EUR
2020-09-16,89.3614,rub_per_unit,RU,EUR
2020-09-17,88.8644,rub_per_unit,RU,EUR
2020-09-18,88.6313,rub_per_unit,RU,EUR
2020-09-19,88.9578,rub_per_unit,RU,EUR
2020-09-22,90.0063,rub_per_unit,RU,EUR
2020-09-23,89.4813,rub_per_unit,RU,EUR
2020-09-24,89.2508,rub_per_unit,RU,EUR
2020-09-25,89.9818,rub_per_unit,RU,EUR
2020-09-26,89.6637,rub_per_unit,RU,EUR
2020-09-29,91.479,rub_per_unit,RU,EUR
2020-09-30,93.0237,rub_per_unit,RU,EUR
2020-10-01,92.4302,rub_per_unit,RU,EUR
2020-10-02,90.7237,rub_per_unit,RU,EUR
2020-10-03,91.5779,rub_per_unit,RU,EUR
2020-10-06,91.6599,rub_per_unit,RU,EUR
2020-10-07,92.5184,rub_per_unit,RU,EUR
2020-10-08,91.8129,rub_per_unit,RU,EUR
2020-10-09,91.699,rub_per_unit,RU,EUR
2020-10-10,90.7163,rub_per_unit,RU,EUR
2020-10-13,91.0037,rub_per_unit,RU,EUR
2020-10-14,91.0732,rub_per_unit,RU,EUR
2020-10-15,90.7065,rub_per_unit,RU,EUR
2020-10-16,91.4542,rub_per_unit,RU,EUR
2020-10-17,91.3041,rub_per_unit,RU,EUR
2020-10-20,91.3115,rub_per_unit,RU,EUR
2020-10-21,91.5603,rub_per_unit,RU,EUR
2020-10-22,91.3448,rub_per_unit,RU,EUR
2020-10-23,91.3563,rub_per_unit,RU,EUR
2020-10-24,90.4142,rub_per_unit,RU,EUR
2020-10-27,90.4489,rub_per_unit,RU,EUR
2020-10-28,90.3552,rub_per_unit,RU,EUR
2020-10-29,91.2632,rub_per_unit,RU,EUR
2020-10-30,92.6011,rub_per_unit,RU,EUR
2020-10-31,92.6284,rub_per_unit,RU,EUR
2020-11-03,93.757,rub_per_unit,RU,EUR
2020-11-04,93.3447,rub_per_unit,RU,EUR
2020-11-06,92.1229,rub_per_unit,RU,EUR
2020-11-07,91.3514,rub_per_unit,RU,EUR
2020-11-10,91.4953,rub_per_unit,RU,EUR
2020-11-11,90.3557,rub_per_unit,RU,EUR
2020-11-12,90.0468,rub_per_unit,RU,EUR
2020-11-13,90.8104,rub_per_unit,RU,EUR
2020-11-14,91.3222,rub_per_unit,RU,EUR
2020-11-17,91.1729,rub_per_unit,RU,EUR
2020-11-18,90.3903,rub_per_unit,RU,EUR
2020-11-19,90.2314,rub_per_unit,RU,EUR
2020-11-20,90.3484,rub_per_unit,RU,EUR
2020-11-21,90.2643,rub_per_unit,RU,EUR
2020-11-24,89.9347,rub_per_unit,RU,EUR
2020-11-25,89.8934,rub_per_unit,RU,EUR
2020-11-26,89.888,rub_per_unit,RU,EUR
2020-11-27,90.0291,rub_per_unit,RU,EUR
2020-11-28,90.4629,rub_per_unit,RU,EUR
2020-12-01,91.2037,rub_per_unit,RU,EUR
2020-12-02,91.3096,rub_per_unit,RU,EUR
2020-12-03,91.3052,rub_per_unit,RU,EUR
2020-12-04,91.1946,rub_per_unit,RU,EUR
2020-12-05,90.2618,rub_per_unit,RU,EUR
2020-12-08,89.9695,rub_per_unit,RU,EUR
2020-12-09,89.2044,rub_per_unit,RU,EUR
2020-12-10,88.9418,rub_per_unit,RU,EUR
2020-12-11,89.133,rub_per_unit,RU,EUR
2020-12-12,88.7744,rub_per_unit,RU,EUR
2020-12-15,88.5847,rub_per_unit,RU,EUR
2020-12-16,89.1846,rub_per_unit,RU,EUR
2020-12-17,89.3229,rub_per_unit,RU,EUR
2020-12-18,89.2887,rub_per_unit,RU,EUR
2020-12-19,89.8262,rub_per_unit,RU,EUR
2020-12-22,91.0029,rub_per_unit,RU,EUR
2020-12-23,92.0699,rub_per_unit,RU,EUR
2020-12-24,91.9822,rub_per_unit,RU,EUR
2020-12-25,91.3487,rub_per_unit,RU,EUR
2020-12-26,89.8749,rub_per_unit,RU,EUR
2020-12-29,90.127,rub_per_unit,RU,EUR
2020-12-30,90.2074,rub_per_unit,RU,EUR
2020-12-31,90.6824,rub_per_unit,RU,EUR
2021-01-01,90.7932,rub_per_unit,RU,EUR
2021-01-12,90.8123,rub_per_unit,RU,EUR
2021-01-13,90.3227,rub_per_unit,RU,EUR
2021-01-14,89.7831,rub_per_unit,RU,EUR
2021-01-15,89.6475,rub_per_unit,RU,EUR
2021-01-16,89.2546,rub_per_unit,RU,EUR
2021-01-19,89.3304,rub_per_unit,RU,EUR
2021-01-20,89.2064,rub_per_unit,RU,EUR
2021-01-21,89.1483,rub_per_unit,RU,EUR
2021-01-22,88.9677,rub_per_unit,RU,EUR
2021-01-23,90.4087,rub_per_unit,RU,EUR
2021-01-26,91.1458,rub_per_unit,RU,EUR
2021-01-27,91.6701,rub_per_unit,RU,EUR
2021-01-28,91.2186,rub_per_unit,RU,EUR
2021-01-29,92.131,rub_per_unit,RU,EUR
2021-01-30,92.2963,rub_per_unit,RU,EUR
2021-02-02,91.5426,rub_per_unit,RU,EUR
2021-02-03,91.625,rub_per_unit,RU,EUR
2021-02-04,91.5624,rub_per_unit,RU,EUR
2021-02-05,90.9206,rub_per_unit,RU,EUR
2021-02-06,89.885,rub_per_unit,RU,EUR
2021-02-09,89.4019,rub_per_unit,RU,EUR
2021-02-10,89.5286,rub_per_unit,RU,EUR
2021-02-11,89.5684,rub_per_unit,RU,EUR
2021-02-12,89.4388,rub_per_unit,RU,EUR
2021-02-13,89.6052,rub_per_unit,RU,EUR
2021-02-16,88.9754,rub_per_unit,RU,EUR
2021-02-17,88.9441,rub_per_unit,RU,EUR
2021-02-18,89.0809,rub_per_unit,RU,EUR
2021-02-19,88.87,rub_per_unit,RU,EUR
2021-02-20,89.5427,rub_per_unit,RU,EUR
2021-02-21,89.6604,rub_per_unit,RU,EUR
2021-02-25,89.6691,rub_per_unit,RU,EUR
2021-02-26,89.4995,rub_per_unit,RU,EUR
2021-02-27,90.3743,rub_per_unit,RU,EUR
2021-03-02,89.4461,rub_per_unit,RU,EUR
2021-03-03,89.5652,rub_per_unit,RU,EUR
2021-03-04,88.8768,rub_per_unit,RU,EUR
2021-03-05,88.9421,rub_per_unit,RU,EUR
2021-03-06,88.9334,rub_per_unit,RU,EUR
2021-03-10,88.1736,rub_per_unit,RU,EUR
2021-03-11,87.9587,rub_per_unit,RU,EUR
2021-03-12,87.7585,rub_per_unit,RU,EUR
2021-03-13,87.7981,rub_per_unit,RU,EUR
2021-03-16,87.3508,rub_per_unit,RU,EUR
2021-03-17,86.9852,rub_per_unit,RU,EUR
2021-03-18,86.9693,rub_per_unit,RU,EUR
2021-03-19,88.1173,rub_per_unit,RU,EUR
2021-03-20,88.433,rub_per_unit,RU,EUR
2021-03-23,88.6573,rub_per_unit,RU,EUR
2021-03-24,89.767,rub_per_unit,RU,EUR
2021-03-25,90.0515,rub_per_unit,RU,EUR
2021-03-26,89.9768,rub_per_unit,RU,EUR
2021-03-27,89.2576,rub_per_unit,RU,EUR
2021-03-30,89.349,rub_per_unit,RU,EUR
2021-03-31,88.8821,rub_per_unit,RU,EUR
2021-04-01,88.7452,rub_per_unit,RU,EUR
2021-04-02,88.9523,rub_per_unit,RU,EUR
2021-04-03,89.5916,rub_per_unit,RU,EUR
2021-04-06,89.9958,rub_per_unit,RU,EUR
2021-04-07,90.1821,rub_per_unit,RU,EUR
2021-04-08,92.3321,rub_per_unit,RU,EUR
2021-04-09,91.6192,rub_per_unit,RU,EUR
2021-04-10,91.7809,rub_per_unit,RU,EUR
2021-04-13,92.0669,rub_per_unit,RU,EUR
2021-04-14,91.9162,rub_per_unit,RU,EUR
2021-04-15,90.5391,rub_per_unit,RU,EUR
2021-04-16,92.2307,rub_per_unit,RU,EUR
2021-04-17,90.4602,rub_per_unit,RU,EUR
2021-04-20,91.476,rub_per_unit,RU,EUR
2021-04-21,91.7507,rub_per_unit,RU,EUR
2021-04-22,92.2913,rub_per_unit,RU,EUR
2021-04-23,92.0423,rub_per_unit,RU,EUR
2021-04-24,90.4676,rub_per_unit,RU,EUR
2021-04-27,90.4468,rub_per_unit,RU,EUR
2021-04-28,90.4666,rub_per_unit,RU,EUR
2021-04-29,90.4289,rub_per_unit,RU,EUR
2021-04-30,90.1513,rub_per_unit,RU,EUR
2021-05-01,90.585,rub_per_unit,RU,EUR
2021-05-05,90.451,rub_per_unit,RU,EUR
2021-05-06,89.7742,rub_per_unit,RU,EUR
2021-05-07,89.6788,rub_per_unit,RU,EUR
2021-05-08,89.506,rub_per_unit,RU,EUR
2021-05-12,90.004,rub_per_unit,RU,EUR
2021-05-13,89.8475,rub_per_unit,RU,EUR
2021-05-14,89.9343,rub_per_unit,RU,EUR
2021-05-15,89.6249,rub_per_unit,RU,EUR
2021-05-18,89.6584,rub_per_unit,RU,EUR
2021-05-19,89.9057,rub_per_unit,RU,EUR
2021-05-20,90.1006,rub_per_unit,RU,EUR
2021-05-21,89.7708,rub_per_unit,RU,EUR
2021-05-22,89.9446,rub_per_unit,RU,EUR
2021-05-25,89.6877,rub_per_unit,RU,EUR
2021-05-26,89.9545,rub_per_unit,RU,EUR
2021-05-27,89.9392,rub_per_unit,RU,EUR
2021-05-28,89.6555,rub_per_unit,RU,EUR
2021-05-29,89.6731,rub_per_unit,RU,EUR
2021-06-01,89.3778,rub_per_unit,RU,EUR
2021-06-02,89.5958,rub_per_unit,RU,EUR
2021-06-03,89.6895,rub_per_unit,RU,EUR
2021-06-04,89.2644,rub_per_unit,RU,EUR
2021-06-05,88.7545,rub_per_unit,RU,EUR
2021-06-08,88.653,rub_per_unit,RU,EUR
2021-06-09,88.6433,rub_per_unit,RU,EUR
2021-06-10,87.8114,rub_per_unit,RU,EUR
2021-06-11,87.8065,rub_per_unit,RU,EUR
2021-06-12,87.3274,rub_per_unit,RU,EUR
2021-06-16,87.211,rub_per_unit,RU,EUR
2021-06-17,87.3536,rub_per_unit,RU,EUR
2021-06-18,86.7012,rub_per_unit,RU,EUR
2021-06-19,85.9943,rub_per_unit,RU,EUR
2021-06-22,86.8942,rub_per_unit,RU,EUR
2021-06-23,87.0677,rub_per_unit,RU,EUR
2021-06-24,86.7137,rub_per_unit,RU,EUR
2021-06-25,86.3283,rub_per_unit,RU,EUR
2021-06-26,86.1919,rub_per_unit,RU,EUR
2021-06-29,86.1657,rub_per_unit,RU,EUR
2021-06-30,86.2026,rub_per_unit,RU,EUR
2021-07-01,86.5118,rub_per_unit,RU,EUR
2021-07-02,86.4113,rub_per_unit,RU,EUR
2021-07-03,87.0748,rub_per_unit,RU,EUR
2021-07-06,87.0272,rub_per_unit,RU,EUR
2021-07-07,87.0034,rub_per_unit,RU,EUR
2021-07-08,87.5588,rub_per_unit,RU,EUR
2021-07-09,88.7755,rub_per_unit,RU,EUR
2021-07-10,88.1397,rub_per_unit,RU,EUR
2021-07-13,88.605,rub_per_unit,RU,EUR
2021-07-14,87.782,rub_per_unit,RU,EUR
2021-07-15,87.3917,rub_per_unit,RU,EUR
2021-07-16,87.8316,rub_per_unit,RU,EUR
2021-07-17,87.5673,rub_per_unit,RU,EUR
2021-07-20,87.6097,rub_per_unit,RU,EUR
2021-07-21,87.7727,rub_per_unit,RU,EUR
2021-07-22,87.5983,rub_per_unit,RU,EUR
2021-07-23,86.9227,rub_per_unit,RU,EUR
2021-07-24,86.8451,rub_per_unit,RU,EUR
2021-07-27,87.3171,rub_per_unit,RU,EUR
2021-07-28,86.9919,rub_per_unit,RU,EUR
2021-07-29,86.9173,rub_per_unit,RU,EUR
2021-07-30,86.8624,rub_per_unit,RU,EUR
2021-07-31,86.9913,rub_per_unit,RU,EUR
2021-08-03,86.7717,rub_per_unit,RU,EUR
2021-08-04,86.5578,rub_per_unit,RU,EUR
2021-08-05,86.4112,rub_per_unit,RU,EUR
2021-08-06,86.6529,rub_per_unit,RU,EUR
2021-08-07,86.4621,rub_per_unit,RU,EUR
2021-08-10,86.4378,rub_per_unit,RU,EUR
2021-08-11,86.3578,rub_per_unit,RU,EUR
2021-08-12,86.6257,rub_per_unit,RU,EUR
2021-08-13,86.3457,rub_per_unit,RU,EUR
2021-08-14,86.2195,rub_per_unit,RU,EUR
2021-08-17,86.5072,rub_per_unit,RU,EUR
2021-08-18,86.4804,rub_per_unit,RU,EUR
2021-08-19,86.121,rub_per_unit,RU,EUR
2021-08-20,86.615,rub_per_unit,RU,EUR
2021-08-21,86.8646,rub_per_unit,RU,EUR
2021-08-24,86.7838,rub_per_unit,RU,EUR
2021-08-25,86.8058,rub_per_unit,RU,EUR
2021-08-26,86.5814,rub_per_unit,RU,EUR
2021-08-27,87.0576,rub_per_unit,RU,EUR
2021-08-28,87.0304,rub_per_unit,RU,EUR
2021-08-31,86.8104,rub_per_unit,RU,EUR
2021-09-01,86.666,rub_per_unit,RU,EUR
2021-09-02,86.3949,rub_per_unit,RU,EUR
2021-09-03,86.297,rub_per_unit,RU,EUR
2021-09-04,86.5366,rub_per_unit,RU,EUR
2021-09-07,86.5743,rub_per_unit,RU,EUR
2021-09-08,86.8922,rub_per_unit,RU,EUR
2021-09-09,86.9114,rub_per_unit,RU,EUR
2021-09-10,86.4677,rub_per_unit,RU,EUR
2021-09-11,86.1478,rub_per_unit,RU,EUR
2021-09-14,86.115,rub_per_unit,RU,EUR
2021-09-15,85.988,rub_per_unit,RU,EUR
2021-09-16,86.0674,rub_per_unit,RU,EUR
2021-09-17,85.3622,rub_per_unit,RU,EUR
2021-09-18,85.4614,rub_per_unit,RU,EUR
2021-09-21,85.8785,rub_per_unit,RU,EUR
2021-09-22,85.8568,rub_per_unit,RU,EUR
2021-09-23,85.4889,rub_per_unit,RU,EUR
2021-09-24,85.204,rub_per_unit,RU,EUR
2021-09-25,85.6823,rub_per_unit,RU,EUR
2021-09-28,85.0355,rub_per_unit,RU,EUR
2021-09-29,84.6752,rub_per_unit,RU,EUR
2021-09-30,84.8755,rub_per_unit,RU,EUR
2021-10-01,84.305,rub_per_unit,RU,EUR
2021-10-02,84.4577,rub_per_unit,RU,EUR
2021-10-05,84.6355,rub_per_unit,RU,EUR
2021-10-06,84.1723,rub_per_unit,RU,EUR
2021-10-07,83.9251,rub_per_unit,RU,EUR
2021-10-08,83.6053,rub_per_unit,RU,EUR
2021-10-09,83.1248,rub_per_unit,RU,EUR
2021-10-12,82.9273,rub_per_unit,RU,EUR
2021-10-13,83.0934,rub_per_unit,RU,EUR
2021-10-14,83.0028,rub_per_unit,RU,EUR
2021-10-15,83.3347,rub_per_unit,RU,EUR
2021-10-16,82.7276,rub_per_unit,RU,EUR
2021-10-19,82.4592,rub_per_unit,RU,EUR
2021-10-20,82.6841,rub_per_unit,RU,EUR
2021-10-21,82.6162,rub_per_unit,RU,EUR
2021-10-22,82.6399,rub_per_unit,RU,EUR
2021-10-23,82.4979,rub_per_unit,RU,EUR
2021-10-26,81.7418,rub_per_unit,RU,EUR
2021-10-27,80.7019,rub_per_unit,RU,EUR
2021-10-28,81.0289,rub_per_unit,RU,EUR
2021-10-29,81.8393,rub_per_unit,RU,EUR
2021-10-30,82.2898,rub_per_unit,RU,EUR
2021-11-02,82.1687,rub_per_unit,RU,EUR
2021-11-03,82.9577,rub_per_unit,RU,EUR
2021-11-04,82.8112,rub_per_unit,RU,EUR
2021-11-09,82.5355,rub_per_unit,RU,EUR
2021-11-10,82.6497,rub_per_unit,RU,EUR
2021-11-11,81.787,rub_per_unit,RU,EUR
2021-11-12,81.6552,rub_per_unit,RU,EUR
2021-11-13,82.2173,rub_per_unit,RU,EUR
2021-11-16,82.7736,rub_per_unit,RU,EUR
2021-11-17,82.5244,rub_per_unit,RU,EUR
2021-11-18,82.3553,rub_per_unit,RU,EUR
2021-11-19,82.2583,rub_per_unit,RU,EUR
2021-11-20,82.5845,rub_per_unit,RU,EUR
2021-11-23,82.7715,rub_per_unit,RU,EUR
2021-11-24,84.1718,rub_per_unit,RU,EUR
2021-11-25,83.6394,rub_per_unit,RU,EUR
2021-11-26,83.6793,rub_per_unit,RU,EUR
2021-11-27,84.9526,rub_per_unit,RU,EUR
2021-11-30,84.482,rub_per_unit,RU,EUR
2021-12-01,84.8234,rub_per_unit,RU,EUR
2021-12-02,83.8354,rub_per_unit,RU,EUR
2021-12-03,83.8105,rub_per_unit,RU,EUR
2021-12-04,83.2406,rub_per_unit,RU,EUR
2021-12-07,83.1138,rub_per_unit,RU,EUR
2021-12-08,83.7114,rub_per_unit,RU,EUR
2021-12-09,83.364,rub_per_unit,RU,EUR
2021-12-10,83.3444,rub_per_unit,RU,EUR
2021-12-11,83.1158,rub_per_unit,RU,EUR
2021-12-14,82.866,rub_per_unit,RU,EUR
2021-12-15,82.8299,rub_per_unit,RU,EUR
2021-12-16,83.2375,rub_per_unit,RU,EUR
2021-12-17,83.1571,rub_per_unit,RU,EUR
2021-12-18,83.5026,rub_per_unit,RU,EUR
2021-12-21,83.6187,rub_per_unit,RU,EUR
2021-12-22,83.3213,rub_per_unit,RU,EUR
2021-12-23,83.1541,rub_per_unit,RU,EUR
2021-12-24,83.1223,rub_per_unit,RU,EUR
2021-12-25,82.93,rub_per_unit,RU,EUR
2021-12-28,82.9363,rub_per_unit,RU,EUR
2021-12-29,83.2194,rub_per_unit,RU,EUR
2021-12-30,83.204,rub_per_unit,RU,EUR
2021-12-31,84.0695,rub_per_unit,RU,EUR
2022-01-11,85.1315,rub_per_unit,RU,EUR
2022-01-12,84.8784,rub_per_unit,RU,EUR
2022-01-13,84.6709,rub_per_unit,RU,EUR
2022-01-14,85.4556,rub_per_unit,RU,EUR
2022-01-15,86.8894,rub_per_unit,RU,EUR
2022-01-18,86.8609,rub_per_unit,RU,EUR
2022-01-19,87.0216,rub_per_unit,RU,EUR
2022-01-20,87.1318,rub_per_unit,RU,EUR
2022-01-21,86.8215,rub_per_unit,RU,EUR
2022-01-22,86.9054,rub_per_unit,RU,EUR
2022-01-25,87.5925,rub_per_unit,RU,EUR
2022-01-26,88.9286,rub_per_unit,RU,EUR
2022-01-27,89.1511,rub_per_unit,RU,EUR
2022-01-28,88.468,rub_per_unit,RU,EUR
2022-01-29,86.6419,rub_per_unit,RU,EUR
2022-02-01,86.5032,rub_per_unit,RU,EUR
2022-02-02,86.7869,rub_per_unit,RU,EUR
2022-02-03,86.2826,rub_per_unit,RU,EUR
2022-02-04,86.561,rub_per_unit,RU,EUR
2022-02-05,87.1163,rub_per_unit,RU,EUR
2022-02-08,86.5181,rub_per_unit,RU,EUR
2022-02-09,85.892,rub_per_unit,RU,EUR
2022-02-10,85.3784,rub_per_unit,RU,EUR
2022-02-11,85.3798,rub_per_unit,RU,EUR
2022-02-12,85.3574,rub_per_unit,RU,EUR
2022-02-15,86.8451,rub_per_unit,RU,EUR
2022-02-16,86.2656,rub_per_unit,RU,EUR
2022-02-17,85.306,rub_per_unit,RU,EUR
2022-02-18,86.1308,rub_per_unit,RU,EUR
2022-02-19,86.1489,rub_per_unit,RU,EUR
2022-02-22,87.3379,rub_per_unit,RU,EUR
2022-02-23,90.882,rub_per_unit,RU,EUR
2022-02-25,97.7688,rub_per_unit,RU,EUR
2022-02-26,93.5994,rub_per_unit,RU,EUR
2022-03-01,104.477,rub_per_unit,RU,EUR
2022-03-02,102.911,rub_per_unit,RU,EUR
2022-03-03,114.554,rub_per_unit,RU,EUR
2022-03-04,124.016,rub_per_unit,RU,EUR
2022-03-05,116.531,rub_per_unit,RU,EUR
2022-03-06,115.621,rub_per_unit,RU,EUR
2022-03-10,126.439,rub_per_unit,RU,EUR
2022-03-11,132.958,rub_per_unit,RU,EUR
2022-03-12,128.952,rub_per_unit,RU,EUR
2022-03-15,127.234,rub_per_unit,RU,EUR
2022-03-16,122.452,rub_per_unit,RU,EUR
2022-03-17,118.76,rub_per_unit,RU,EUR
2022-03-18,115.931,rub_per_unit,RU,EUR
2022-03-19,114.4,rub_per_unit,RU,EUR
2022-03-22,115.6,rub_per_unit,RU,EUR
2022-03-23,114.783,rub_per_unit,RU,EUR
2022-03-24,113.261,rub_per_unit,RU,EUR
2022-03-25,105.468,rub_per_unit,RU,EUR
2022-03-26,105.266,rub_per_unit,RU,EUR
2022-03-29,102.671,rub_per_unit,RU,EUR
2022-03-30,96.0085,rub_per_unit,RU,EUR
2022-03-31,93.696,rub_per_unit,RU,EUR
2022-04-01,92.493,rub_per_unit,RU,EUR
2022-04-02,92.1468,rub_per_unit,RU,EUR
2022-04-05,92.3872,rub_per_unit,RU,EUR
2022-04-06,91.7289,rub_per_unit,RU,EUR
2022-04-07,90.5998,rub_per_unit,RU,EUR
2022-04-08,83.293,rub_per_unit,RU,EUR
2022-04-09,81.7064,rub_per_unit,RU,EUR
2022-04-12,85.9752,rub_per_unit,RU,EUR
2022-04-13,86.7939,rub_per_unit,RU,EUR
2022-04-14,86.7219,rub_per_unit,RU,EUR
2022-04-15,88.0024,rub_per_unit,RU,EUR
2022-04-16,87.0715,rub_per_unit,RU,EUR
2022-04-19,86.4289,rub_per_unit,RU,EUR
2022-04-20,85.9674,rub_per_unit,RU,EUR
2022-04-21,83.2705,rub_per_unit,RU,EUR
2022-04-22,81.2239,rub_per_unit,RU,EUR
2022-04-23,80.0249,rub_per_unit,RU,EUR
2022-04-26,77.4651,rub_per_unit,RU,EUR
2022-04-27,76.667,rub_per_unit,RU,EUR
2022-04-28,75.9224,rub_per_unit,RU,EUR
2022-04-29,75.3117,rub_per_unit,RU,EUR
2022-04-30,74.5589,rub_per_unit,RU,EUR
2022-05-05,72.7815,rub_per_unit,RU,EUR
2022-05-06,70.0662,rub_per_unit,RU,EUR
2022-05-07,71.0963,rub_per_unit,RU,EUR
2022-05-12,72.6314,rub_per_unit,RU,EUR
2022-05-13,68.7835,rub_per_unit,RU,EUR
2022-05-14,65.7939,rub_per_unit,RU,EUR
2022-05-17,65.8166,rub_per_unit,RU,EUR
2022-05-18,66.3644,rub_per_unit,RU,EUR
2022-05-19,66.6135,rub_per_unit,RU,EUR
2022-05-20,64.9358,rub_per_unit,RU,EUR
2022-05-21,60.8953,rub_per_unit,RU,EUR
2022-05-24,60.3851,rub_per_unit,RU,EUR
2022-05-25,58.8705,rub_per_unit,RU,EUR
2022-05-26,57.921,rub_per_unit,RU,EUR
2022-05-27,64.4392,rub_per_unit,RU,EUR
2022-05-28,69.4353,rub_per_unit,RU,EUR
2022-05-31,64.717,rub_per_unit,RU,EUR
2022-06-01,62.7397,rub_per_unit,RU,EUR
2022-06-02,63.6629,rub_per_unit,RU,EUR
2022-06-03,64.9053,rub_per_unit,RU,EUR
2022-06-04,65.9191,rub_per_unit,RU,EUR
2022-06-07,64.8669,rub_per_unit,RU,EUR
2022-06-08,64.5699,rub_per_unit,RU,EUR
2022-06-09,63.938,rub_per_unit,RU,EUR
2022-06-10,62.0934,rub_per_unit,RU,EUR
2022-06-11,60.9656,rub_per_unit,RU,EUR
2022-06-15,59.2481,rub_per_unit,RU,EUR
2022-06-16,59.1204,rub_per_unit,RU,EUR
2022-06-17,58.9568,rub_per_unit,RU,EUR
2022-06-18,59.3299,rub_per_unit,RU,EUR
2022-06-21,58.8003,rub_per_unit,RU,EUR
2022-06-22,57.4566,rub_per_unit,RU,EUR
2022-06-23,55.8307,rub_per_unit,RU,EUR
2022-06-24,55.9886,rub_per_unit,RU,EUR
2022-06-25,55.964,rub_per_unit,RU,EUR
2022-06-28,56.0535,rub_per_unit,RU,EUR
2022-06-29,55.8886,rub_per_unit,RU,EUR
2022-06-30,53.858,rub_per_unit,RU,EUR
2022-07-01,54.6405,rub_per_unit,RU,EUR
2022-07-02,56.3584,rub_per_unit,RU,EUR
2022-07-05,57.1836,rub_per_unit,RU,EUR
2022-07-06,60.1618,rub_per_unit,RU,EUR
2022-07-07,64.326,rub_per_unit,RU,EUR
2022-07-08,64.1349,rub_per_unit,RU,EUR
2022-07-09,62.0499,rub_per_unit,RU,EUR
2022-07-12,61.8056,rub_per_unit,RU,EUR
2022-07-13,58.7643,rub_per_unit,RU,EUR
2022-07-14,58.9002,rub_per_unit,RU,EUR
2022-07-15,58.3432,rub_per_unit,RU,EUR
2022-07-16,57.8851,rub_per_unit,RU,EUR
2022-07-19,57.1526,rub_per_unit,RU,EUR
2022-07-20,56.4463,rub_per_unit,RU,EUR
2022-07-21,55.826,rub_per_unit,RU,EUR
2022-07-22,57.1133,rub_per_unit,RU,EUR
2022-07-23,57.7608,rub_per_unit,RU,EUR
2022-07-26,58.6741,rub_per_unit,RU,EUR
2022-07-27,59.4068,rub_per_unit,RU,EUR
2022-07-28,61.0032,rub_per_unit,RU,EUR
2022-07-29,61.2171,rub_per_unit,RU,EUR
2022-07-30,62.5695,rub_per_unit,RU,EUR
2022-08-02,63.2468,rub_per_unit,RU,EUR
2022-08-03,61.2656,rub_per_unit,RU,EUR
2022-08-04,61.1243,rub_per_unit,RU,EUR
2022-08-05,61.0872,rub_per_unit,RU,EUR
2022-08-06,61.361,rub_per_unit,RU,EUR
2022-08-09,61.1615,rub_per_unit,RU,EUR
2022-08-10,61.5542,rub_per_unit,RU,EUR
2022-08-11,61.704,rub_per_unit,RU,EUR
2022-08-12,62.5156,rub_per_unit,RU,EUR
2022-08-13,62.5355,rub_per_unit,RU,EUR
2022-08-16,62.5056,rub_per_unit,RU,EUR
2022-08-17,62.3551,rub_per_unit,RU,EUR
2022-08-18,61.8322,rub_per_unit,RU,EUR
2022-08-19,60.8957,rub_per_unit,RU,EUR
2022-08-20,59.3934,rub_per_unit,RU,EUR
2022-08-23,59.5344,rub_per_unit,RU,EUR
2022-08-24,59.3304,rub_per_unit,RU,EUR
2022-08-25,59.5082,rub_per_unit,RU,EUR
2022-08-26,59.5983,rub_per_unit,RU,EUR
2022-08-27,59.8784,rub_per_unit,RU,EUR
2022-08-30,59.9608,rub_per_unit,RU,EUR
2022-08-31,60.5752,rub_per_unit,RU,EUR
2022-09-01,60.2141,rub_per_unit,RU,EUR
2022-09-02,60.2842,rub_per_unit,RU,EUR
2022-09-03,60.2187,rub_per_unit,RU,EUR
2022-09-06,60.1408,rub_per_unit,RU,EUR
2022-09-07,60.4929,rub_per_unit,RU,EUR
2022-09-08,60.5458,rub_per_unit,RU,EUR
2022-09-09,60.6952,rub_per_unit,RU,EUR
2022-09-10,60.8571,rub_per_unit,RU,EUR
2022-09-13,61.3127,rub_per_unit,RU,EUR
2022-09-14,60.9364,rub_per_unit,RU,EUR
2022-09-15,59.8368,rub_per_unit,RU,EUR
2022-09-16,59.6196,rub_per_unit,RU,EUR
2022-09-17,59.874,rub_per_unit,RU,EUR
2022-09-20,60.0426,rub_per_unit,RU,EUR
2022-09-21,60.0507,rub_per_unit,RU,EUR
2022-09-22,60.211,rub_per_unit,RU,EUR
2022-09-23,58.9388,rub_per_unit,RU,EUR
2022-09-24,56.4751,rub_per_unit,RU,EUR
2022-09-27,55.9278,rub_per_unit,RU,EUR
2022-09-28,55.9953,rub_per_unit,RU,EUR
2022-09-29,55.7232,rub_per_unit,RU,EUR
2022-09-30,55.4064,rub_per_unit,RU,EUR
2022-10-01,52.7379,rub_per_unit,RU,EUR
2022-10-04,54.3947,rub_per_unit,RU,EUR
2022-10-05,56.1725,rub_per_unit,RU,EUR
2022-10-06,58.0613,rub_per_unit,RU,EUR
2022-10-07,58.2392,rub_per_unit,RU,EUR
2022-10-08,59.9756,rub_per_unit,RU,EUR
2022-10-11,60.8019,rub_per_unit,RU,EUR
2022-10-12,62.3481,rub_per_unit,RU,EUR
2022-10-13,62.5867,rub_per_unit,RU,EUR
2022-10-14,62.5903,rub_per_unit,RU,EUR
2022-10-15,62.4695,rub_per_unit,RU,EUR
2022-10-18,60.5608,rub_per_unit,RU,EUR
2022-10-19,60.53,rub_per_unit,RU,EUR
2022-10-20,60.1086,rub_per_unit,RU,EUR
2022-10-21,60.4371,rub_per_unit,RU,EUR
2022-10-22,59.8378,rub_per_unit,RU,EUR
2022-10-25,60.1575,rub_per_unit,RU,EUR
2022-10-26,60.4648,rub_per_unit,RU,EUR
2022-10-27,61.5682,rub_per_unit,RU,EUR
2022-10-28,61.5718,rub_per_unit,RU,EUR
2022-10-29,61.1328,rub_per_unit,RU,EUR
2022-11-01,61.1196,rub_per_unit,RU,EUR
2022-11-02,60.9668,rub_per_unit,RU,EUR
2022-11-03,60.9216,rub_per_unit,RU,EUR
2022-11-04,60.6071,rub_per_unit,RU,EUR
2022-11-08,60.9013,rub_per_unit,RU,EUR
2022-11-09,60.8231,rub_per_unit,RU,EUR
2022-11-10,61.2445,rub_per_unit,RU,EUR
2022-11-11,61.0037,rub_per_unit,RU,EUR
2022-11-12,61.5416,rub_per_unit,RU,EUR
2022-11-15,62.1554,rub_per_unit,RU,EUR
2022-11-16,62.6297,rub_per_unit,RU,EUR
2022-11-17,62.6675,rub_per_unit,RU,EUR
2022-11-18,62.5712,rub_per_unit,RU,EUR
2022-11-19,62.4484,rub_per_unit,RU,EUR
2022-11-22,62.1245,rub_per_unit,RU,EUR
2022-11-23,62.1774,rub_per_unit,RU,EUR
2022-11-24,62.285,rub_per_unit,RU,EUR
2022-11-25,62.7814,rub_per_unit,RU,EUR
2022-11-26,62.8762,rub_per_unit,RU,EUR
2022-11-29,63.3008,rub_per_unit,RU,EUR
2022-11-30,63.3882,rub_per_unit,RU,EUR
2022-12-01,63.0504,rub_per_unit,RU,EUR
2022-12-02,63.8279,rub_per_unit,RU,EUR
2022-12-03,64.9868,rub_per_unit,RU,EUR
2022-12-06,65.5205,rub_per_unit,RU,EUR
2022-12-07,66.1087,rub_per_unit,RU,EUR
2022-12-08,65.8966,rub_per_unit,RU,EUR
2022-12-09,65.6762,rub_per_unit,RU,EUR
2022-12-10,65.8407,rub_per_unit,RU,EUR
2022-12-13,66.27,rub_per_unit,RU,EUR
2022-12-14,66.7017,rub_per_unit,RU,EUR
2022-12-15,67.4478,rub_per_unit,RU,EUR
2022-12-16,68.447,rub_per_unit,RU,EUR
2022-12-17,68.7798,rub_per_unit,RU,EUR
2022-12-20,70.6196,rub_per_unit,RU,EUR
2022-12-21,73.3389,rub_per_unit,RU,EUR
2022-12-22,75.0914,rub_per_unit,RU,EUR
2022-12-23,76.6446,rub_per_unit,RU,EUR
2022-12-24,73.0407,rub_per_unit,RU,EUR
2022-12-27,72.6226,rub_per_unit,RU,EUR
2022-12-28,74.1829,rub_per_unit,RU,EUR
2022-12-29,75.66,rub_per_unit,RU,EUR
2022-12-30,76.0765,rub_per_unit,RU,EUR
2022-12-31,75.6553,rub_per_unit,RU,EUR
2023-01-10,75.0785,rub_per_unit,RU,EUR
2023-01-11,74.5438,rub_per_unit,RU,EUR
2023-01-12,74.1361,rub_per_unit,RU,EUR
2023-01-13,72.7908,rub_per_unit,RU,EUR
2023-01-14,73.1131,rub_per_unit,RU,EUR
2023-01-17,73.8298,rub_per_unit,RU,EUR
2023-01-18,74.2646,rub_per_unit,RU,EUR
2023-01-19,74.5882,rub_per_unit,RU,EUR
2023-01-20,74.4058,rub_per_unit,RU,EUR
2023-01-21,74.3434,rub_per_unit,RU,EUR
2023-01-24,74.7307,rub_per_unit,RU,EUR
2023-01-25,74.6948,rub_per_unit,RU,EUR
2023-01-26,74.9564,rub_per_unit,RU,EUR
2023-01-27,75.3348,rub_per_unit,RU,EUR
2023-01-28,75.4062,rub_per_unit,RU,EUR
2023-01-31,75.7799,rub_per_unit,RU,EUR
2023-02-01,76.3004,rub_per_unit,RU,EUR
2023-02-02,76.2245,rub_per_unit,RU,EUR
2023-02-03,76.9564,rub_per_unit,RU,EUR
2023-02-04,76.7344,rub_per_unit,RU,EUR
2023-02-07,76.0347,rub_per_unit,RU,EUR
2023-02-08,75.9087,rub_per_unit,RU,EUR
2023-02-09,76.8344,rub_per_unit,RU,EUR
2023-02-10,78.3223,rub_per_unit,RU,EUR
2023-02-11,78.0542,rub_per_unit,RU,EUR
2023-02-14,78.671,rub_per_unit,RU,EUR
2023-02-15,79.3355,rub_per_unit,RU,EUR
2023-02-16,79.5654,rub_per_unit,RU,EUR
2023-02-17,79.9764,rub_per_unit,RU,EUR
2023-02-18,79.6104,rub_per_unit,RU,EUR
2023-02-21,79.133,rub_per_unit,RU,EUR
2023-02-22,79.7588,rub_per_unit,RU,EUR
2023-02-23,79.5716,rub_per_unit,RU,EUR
2023-02-28,79.623,rub_per_unit,RU,EUR
2023-03-01,79.5134,rub_per_unit,RU,EUR
2023-03-02,80.1008,rub_per_unit,RU,EUR
2023-03-03,80.1897,rub_per_unit,RU,EUR
2023-03-04,80.0469,rub_per_unit,RU,EUR
2023-03-07,80.2353,rub_per_unit,RU,EUR
2023-03-08,80.5496,rub_per_unit,RU,EUR
2023-03-10,80.1372,rub_per_unit,RU,EUR
2023-03-11,80.4009,rub_per_unit,RU,EUR
2023-03-14,80.6102,rub_per_unit,RU,EUR
2023-03-15,80.5192,rub_per_unit,RU,EUR
2023-03-16,80.8763,rub_per_unit,RU,EUR
2023-03-17,81.1418,rub_per_unit,RU,EUR
2023-03-18,81.4635,rub_per_unit,RU,EUR
2023-03-21,82.3736,rub_per_unit,RU,EUR
2023-03-22,82.5428,rub_per_unit,RU,EUR
2023-03-23,82.967,rub_per_unit,RU,EUR
2023-03-24,83.1452,rub_per_unit,RU,EUR
2023-03-25,82.3923,rub_per_unit,RU,EUR
2023-03-28,82.2913,rub_per_unit,RU,EUR
2023-03-29,82.775,rub_per_unit,RU,EUR
2023-03-30,83.4859,rub_per_unit,RU,EUR
2023-03-31,83.7639,rub_per_unit,RU,EUR
2023-04-01,84.1116,rub_per_unit,RU,EUR
2023-04-04,84.6185,rub_per_unit,RU,EUR
2023-04-05,86.7207,rub_per_unit,RU,EUR
2023-04-06,87.0954,rub_per_unit,RU,EUR
2023-04-07,88.1294,rub_per_unit,RU,EUR
2023-04-08,90.2892,rub_per_unit,RU,EUR
2023-04-11,89.1737,rub_per_unit,RU,EUR
2023-04-12,89.7271,rub_per_unit,RU,EUR
2023-04-13,89.7599,rub_per_unit,RU,EUR
2023-04-14,90.0035,rub_per_unit,RU,EUR
2023-04-15,90.1637,rub_per_unit,RU,EUR
2023-04-18,89.659,rub_per_unit,RU,EUR
2023-04-19,89.5713,rub_per_unit,RU,EUR
2023-04-20,89.3736,rub_per_unit,RU,EUR
2023-04-21,89.4638,rub_per_unit,RU,EUR
2023-04-22,89.3495,rub_per_unit,RU,EUR
2023-04-25,89.4589,rub_per_unit,RU,EUR
2023-04-26,90.0332,rub_per_unit,RU,EUR
2023-04-27,90.1436,rub_per_unit,RU,EUR
2023-04-28,90.2023,rub_per_unit,RU,EUR
2023-04-29,88.3712,rub_per_unit,RU,EUR
2023-05-03,87.6556,rub_per_unit,RU,EUR
2023-05-04,87.575,rub_per_unit,RU,EUR
2023-05-05,86.9986,rub_per_unit,RU,EUR
2023-05-06,84.9073,rub_per_unit,RU,EUR
2023-05-11,84.1498,rub_per_unit,RU,EUR
2023-05-12,82.8877,rub_per_unit,RU,EUR
2023-05-13,84.25,rub_per_unit,RU,EUR
2023-05-16,86.0862,rub_per_unit,RU,EUR
2023-05-17,87.1619,rub_per_unit,RU,EUR
2023-05-18,87.5749,rub_per_unit,RU,EUR
2023-05-19,86.4964,rub_per_unit,RU,EUR
2023-05-20,86.277,rub_per_unit,RU,EUR
2023-05-23,86.4963,rub_per_unit,RU,EUR
2023-05-24,86.5502,rub_per_unit,RU,EUR
2023-05-25,86.1995,rub_per_unit,RU,EUR
2023-05-26,85.8767,rub_per_unit,RU,EUR
2023-05-27,85.919,rub_per_unit,RU,EUR
2023-05-30,85.9013,rub_per_unit,RU,EUR
2023-05-31,86.5119,rub_per_unit,RU,EUR
2023-06-01,86.5009,rub_per_unit,RU,EUR
2023-06-02,86.5764,rub_per_unit,RU,EUR
2023-06-03,87.101,rub_per_unit,RU,EUR
2023-06-06,87.0318,rub_per_unit,RU,EUR
2023-06-07,86.9519,rub_per_unit,RU,EUR
2023-06-08,87.1651,rub_per_unit,RU,EUR
2023-06-09,88.0379,rub_per_unit,RU,EUR
2023-06-10,89.0057,rub_per_unit,RU,EUR
2023-06-14,90.3899,rub_per_unit,RU,EUR
2023-06-15,91.0668,rub_per_unit,RU,EUR
2023-06-16,90.9665,rub_per_unit,RU,EUR
2023-06-17,91.6329,rub_per_unit,RU,EUR
2023-06-20,91.7966,rub_per_unit,RU,EUR
2023-06-21,92.0745,rub_per_unit,RU,EUR
2023-06-22,92.0014,rub_per_unit,RU,EUR
2023-06-23,91.943,rub_per_unit,RU,EUR
2023-06-24,91.4933,rub_per_unit,RU,EUR
2023-06-27,92.2969,rub_per_unit,RU,EUR
2023-06-28,93.1373,rub_per_unit,RU,EUR
2023-06-29,93.8644,rub_per_unit,RU,EUR
2023-06-30,95.1052,rub_per_unit,RU,EUR
2023-07-01,96.0195,rub_per_unit,RU,EUR
2023-07-04,97.2582,rub_per_unit,RU,EUR
2023-07-05,97.7382,rub_per_unit,RU,EUR
2023-07-06,98.4144,rub_per_unit,RU,EUR
2023-07-07,100.716,rub_per_unit,RU,EUR
2023-07-08,99.8189,rub_per_unit,RU,EUR
2023-07-11,100.415,rub_per_unit,RU,EUR
2023-07-12,99.6775,rub_per_unit,RU,EUR
2023-07-13,99.889,rub_per_unit,RU,EUR
2023-07-14,100.679,rub_per_unit,RU,EUR
2023-07-15,101.199,rub_per_unit,RU,EUR
2023-07-18,101.65,rub_per_unit,RU,EUR
2023-07-19,102.027,rub_per_unit,RU,EUR
2023-07-20,102.444,rub_per_unit,RU,EUR
2023-07-21,101.833,rub_per_unit,RU,EUR
2023-07-22,100.656,rub_per_unit,RU,EUR
2023-07-25,100.361,rub_per_unit,RU,EUR
2023-07-26,99.6918,rub_per_unit,RU,EUR
2023-07-27,99.7156,rub_per_unit,RU,EUR
2023-07-28,100.217,rub_per_unit,RU,EUR
2023-07-29,99.9586,rub_per_unit,RU,EUR
2023-08-01,100.943,rub_per_unit,RU,EUR
2023-08-02,100.699,rub_per_unit,RU,EUR
2023-08-03,101.927,rub_per_unit,RU,EUR
2023-08-04,102.531,rub_per_unit,RU,EUR
2023-08-05,103.838,rub_per_unit,RU,EUR
2023-08-08,106.054,rub_per_unit,RU,EUR
2023-08-09,105.435,rub_per_unit,RU,EUR
2023-08-10,106.89,rub_per_unit,RU,EUR
2023-08-11,107.156,rub_per_unit,RU,EUR
2023-08-12,107.972,rub_per_unit,RU,EUR
2023-08-15,110.685,rub_per_unit,RU,EUR
2023-08-16,106.574,rub_per_unit,RU,EUR
2023-08-17,105.659,rub_per_unit,RU,EUR
2023-08-18,102.181,rub_per_unit,RU,EUR
2023-08-19,101.48,rub_per_unit,RU,EUR
2023-08-22,102.572,rub_per_unit,RU,EUR
2023-08-23,102.753,rub_per_unit,RU,EUR
2023-08-24,102.245,rub_per_unit,RU,EUR
2023-08-25,102.472,rub_per_unit,RU,EUR
2023-08-26,102.259,rub_per_unit,RU,EUR
2023-08-29,103.243,rub_per_unit,RU,EUR
2023-08-30,103.477,rub_per_unit,RU,EUR
2023-08-31,104.45,rub_per_unit,RU,EUR
2023-09-01,104.941,rub_per_unit,RU,EUR
2023-09-02,104.611,rub_per_unit,RU,EUR
2023-09-05,104.417,rub_per_unit,RU,EUR
2023-09-06,104.904,rub_per_unit,RU,EUR
2023-09-07,105.079,rub_per_unit,RU,EUR
2023-09-08,105.278,rub_per_unit,RU,EUR
2023-09-09,104.887,rub_per_unit,RU,EUR
2023-09-12,103.533,rub_per_unit,RU,EUR
2023-09-13,101.565,rub_per_unit,RU,EUR
2023-09-14,103.107,rub_per_unit,RU,EUR
2023-09-15,103.229,rub_per_unit,RU,EUR
2023-09-16,103.036,rub_per_unit,RU,EUR
2023-09-19,103.094,rub_per_unit,RU,EUR
2023-09-20,102.921,rub_per_unit,RU,EUR
2023-09-21,103.37,rub_per_unit,RU,EUR
2023-09-22,102.361,rub_per_unit,RU,EUR
2023-09-23,102.249,rub_per_unit,RU,EUR
2023-09-26,102.245,rub_per_unit,RU,EUR
2023-09-27,101.989,rub_per_unit,RU,EUR
2023-09-28,101.978,rub_per_unit,RU,EUR
2023-09-29,102.098,rub_per_unit,RU,EUR
2023-09-30,103.163,rub_per_unit,RU,EUR
2023-10-03,103.868,rub_per_unit,RU,EUR
2023-10-04,104.062,rub_per_unit,RU,EUR
2023-10-05,104.302,rub_per_unit,RU,EUR
2023-10-06,104.788,rub_per_unit,RU,EUR
2023-10-07,106.01,rub_per_unit,RU,EUR
2023-10-10,107.032,rub_per_unit,RU,EUR
2023-10-11,105.686,rub_per_unit,RU,EUR
2023-10-12,105.954,rub_per_unit,RU,EUR
2023-10-13,103.035,rub_per_unit,RU,EUR
2023-10-14,102.552,rub_per_unit,RU,EUR
2023-10-17,102.52,rub_per_unit,RU,EUR
2023-10-18,102.753,rub_per_unit,RU,EUR
2023-10-19,102.906,rub_per_unit,RU,EUR
2023-10-20,102.626,rub_per_unit,RU,EUR
2023-10-21,101.426,rub_per_unit,RU,EUR
2023-10-24,100.303,rub_per_unit,RU,EUR
2023-10-25,99.5534,rub_per_unit,RU,EUR
2023-10-26,98.6543,rub_per_unit,RU,EUR
2023-10-27,98.7376,rub_per_unit,RU,EUR
2023-10-28,98.3504,rub_per_unit,RU,EUR
2023-10-31,98.6164,rub_per_unit,RU,EUR
2023-11-01,97.9345,rub_per_unit,RU,EUR
2023-11-02,98.4365,rub_per_unit,RU,EUR
2023-11-03,98.9995,rub_per_unit,RU,EUR
2023-11-04,99.0111,rub_per_unit,RU,EUR
2023-11-08,98.7863,rub_per_unit,RU,EUR
2023-11-09,98.4403,rub_per_unit,RU,EUR
2023-11-10,98.4076,rub_per_unit,RU,EUR
2023-11-11,98.3155,rub_per_unit,RU,EUR
2023-11-14,98.5314,rub_per_unit,RU,EUR
2023-11-15,97.7781,rub_per_unit,RU,EUR
2023-11-16,97.1334,rub_per_unit,RU,EUR
2023-11-17,96.5921,rub_per_unit,RU,EUR
2023-11-18,96.7692,rub_per_unit,RU,EUR
2023-11-21,96.6597,rub_per_unit,RU,EUR
2023-11-22,96.2561,rub_per_unit,RU,EUR
2023-11-23,96.1475,rub_per_unit,RU,EUR
2023-11-24,96.2273,rub_per_unit,RU,EUR
2023-11-25,96.9187,rub_per_unit,RU,EUR
2023-11-28,97.1594,rub_per_unit,RU,EUR
2023-11-29,97.0659,rub_per_unit,RU,EUR
2023-11-30,97.6503,rub_per_unit,RU,EUR
2023-12-01,96.8827,rub_per_unit,RU,EUR
2023-12-02,97.9126,rub_per_unit,RU,EUR
2023-12-05,98.5768,rub_per_unit,RU,EUR
2023-12-06,99.134,rub_per_unit,RU,EUR
2023-12-07,100.135,rub_per_unit,RU,EUR
2023-12-08,99.8131,rub_per_unit,RU,EUR
2023-12-09,98.8409,rub_per_unit,RU,EUR
2023-12-12,98.0769,rub_per_unit,RU,EUR
2023-12-13,97.403,rub_per_unit,RU,EUR
2023-12-14,96.95,rub_per_unit,RU,EUR
2023-12-15,97.7377,rub_per_unit,RU,EUR
2023-12-16,98.4186,rub_per_unit,RU,EUR
2023-12-19,98.7578,rub_per_unit,RU,EUR
2023-12-20,98.5764,rub_per_unit,RU,EUR
2023-12-21,99.048,rub_per_unit,RU,EUR
2023-12-22,100.511,rub_per_unit,RU,EUR
2023-12-23,101.286,rub_per_unit,RU,EUR
2023-12-26,101.578,rub_per_unit,RU,EUR
2023-12-27,101.118,rub_per_unit,RU,EUR
2023-12-28,101.345,rub_per_unit,RU,EUR
2023-12-29,100.551,rub_per_unit,RU,EUR
2023-12-30,99.1919,rub_per_unit,RU,EUR
2024-01-10,98.9825,rub_per_unit,RU,EUR
2024-01-11,97.8745,rub_per_unit,RU,EUR
2024-01-12,97.5401,rub_per_unit,RU,EUR
2024-01-13,96.7517,rub_per_unit,RU,EUR
2024-01-16,96.0682,rub_per_unit,RU,EUR
2024-01-17,95.6007,rub_per_unit,RU,EUR
2024-01-18,96.0531,rub_per_unit,RU,EUR
2024-01-19,96.5882,rub_per_unit,RU,EUR
2024-01-20,96.3835,rub_per_unit,RU,EUR
2024-01-23,95.8854,rub_per_unit,RU,EUR
2024-01-24,95.8266,rub_per_unit,RU,EUR
2024-01-25,96.1657,rub_per_unit,RU,EUR
2024-01-26,96.6365,rub_per_unit,RU,EUR
2024-01-27,97.0945,rub_per_unit,RU,EUR
2024-01-30,96.9777,rub_per_unit,RU,EUR
2024-01-31,96.7895,rub_per_unit,RU,EUR
2024-02-01,97.1149,rub_per_unit,RU,EUR
2024-02-02,97.4009,rub_per_unit,RU,EUR
2024-02-03,98.6437,rub_per_unit,RU,EUR
2024-02-06,98.2279,rub_per_unit,RU,EUR
2024-02-07,97.444,rub_per_unit,RU,EUR
2024-02-08,98.0936,rub_per_unit,RU,EUR
2024-02-09,98.3543,rub_per_unit,RU,EUR
2024-02-10,97.9364,rub_per_unit,RU,EUR
2024-02-13,98.1512,rub_per_unit,RU,EUR
2024-02-14,98.1917,rub_per_unit,RU,EUR
2024-02-15,97.8133,rub_per_unit,RU,EUR
2024-02-16,98.4099,rub_per_unit,RU,EUR
2024-02-17,99.3523,rub_per_unit,RU,EUR
2024-02-20,99.4889,rub_per_unit,RU,EUR
2024-02-21,99.5589,rub_per_unit,RU,EUR
2024-02-22,99.8968,rub_per_unit,RU,EUR
2024-02-23,100.442,rub_per_unit,RU,EUR
2024-02-27,100.178,rub_per_unit,RU,EUR
2024-02-28,99.9214,rub_per_unit,RU,EUR
2024-02-29,99.45,rub_per_unit,RU,EUR
2024-03-01,98.5447,rub_per_unit,RU,EUR
2024-03-02,98.7225,rub_per_unit,RU,EUR
2024-03-05,99.1061,rub_per_unit,RU,EUR
2024-03-06,98.9366,rub_per_unit,RU,EUR
2024-03-07,98.2017,rub_per_unit,RU,EUR
2024-03-08,98.8767,rub_per_unit,RU,EUR
2024-03-12,99.1317,rub_per_unit,RU,EUR
2024-03-13,99.3561,rub_per_unit,RU,EUR
2024-03-14,100.187,rub_per_unit,RU,EUR
2024-03-15,100.263,rub_per_unit,RU,EUR
2024-03-16,99.9718,rub_per_unit,RU,EUR
2024-03-19,100.243,rub_per_unit,RU,EUR
2024-03-20,100.105,rub_per_unit,RU,EUR
2024-03-21,100.614,rub_per_unit,RU,EUR
2024-03-22,100.365,rub_per_unit,RU,EUR
2024-03-23,100.217,rub_per_unit,RU,EUR
2024-03-26,100.365,rub_per_unit,RU,EUR
2024-03-27,100.412,rub_per_unit,RU,EUR
2024-03-28,100.27,rub_per_unit,RU,EUR
2024-03-29,99.7057,rub_per_unit,RU,EUR
2024-03-30,99.5299,rub_per_unit,RU,EUR
2024-04-02,99.5661,rub_per_unit,RU,EUR
2024-04-03,99.4116,rub_per_unit,RU,EUR
2024-04-04,99.4277,rub_per_unit,RU,EUR
2024-04-05,100.067,rub_per_unit,RU,EUR
2024-04-06,100.126,rub_per_unit,RU,EUR
2024-04-09,100.224,rub_per_unit,RU,EUR
2024-04-10,100.747,rub_per_unit,RU,EUR
2024-04-11,101.233,rub_per_unit,RU,EUR
2024-04-12,100.679,rub_per_unit,RU,EUR
2024-04-13,99.7264,rub_per_unit,RU,EUR
2024-04-16,99.7934,rub_per_unit,RU,EUR
2024-04-17,99.9341,rub_per_unit,RU,EUR
2024-04-18,100.279,rub_per_unit,RU,EUR
2024-04-19,100.532,rub_per_unit,RU,EUR
2024-04-20,99.5797,rub_per_unit,RU,EUR
2024-04-23,99.3648,rub_per_unit,RU,EUR
2024-04-24,99.5609,rub_per_unit,RU,EUR
2024-04-25,98.9118,rub_per_unit,RU,EUR
2024-04-26,98.7079,rub_per_unit,RU,EUR
2024-04-27,98.7187,rub_per_unit,RU,EUR
2024-04-28,98.027,rub_per_unit,RU,EUR
2024-05-03,98.6447,rub_per_unit,RU,EUR
2024-05-04,98.5602,rub_per_unit,RU,EUR
2024-05-07,98.473,rub_per_unit,RU,EUR
2024-05-08,98.3062,rub_per_unit,RU,EUR
2024-05-09,98.9461,rub_per_unit,RU,EUR
2024-05-14,98.8486,rub_per_unit,RU,EUR
2024-05-15,98.6682,rub_per_unit,RU,EUR
2024-05-16,98.8267,rub_per_unit,RU,EUR
2024-05-17,98.8978,rub_per_unit,RU,EUR
2024-05-18,98.7776,rub_per_unit,RU,EUR
2024-05-21,98.5842,rub_per_unit,RU,EUR
2024-05-22,98.2971,rub_per_unit,RU,EUR
2024-05-23,97.8989,rub_per_unit,RU,EUR
2024-05-24,97.8788,rub_per_unit,RU,EUR
2024-05-25,97.0954,rub_per_unit,RU,EUR
2024-05-28,96.3034,rub_per_unit,RU,EUR
2024-05-29,96.2383,rub_per_unit,RU,EUR
2024-05-30,96.891,rub_per_unit,RU,EUR
2024-05-31,97.1347,rub_per_unit,RU,EUR
2024-06-01,97.7908,rub_per_unit,RU,EUR
2024-06-04,96.8721,rub_per_unit,RU,EUR
2024-06-05,96.563,rub_per_unit,RU,EUR
2024-06-06,96.4443,rub_per_unit,RU,EUR
2024-06-07,96.5698,rub_per_unit,RU,EUR
2024-06-08,96.6916,rub_per_unit,RU,EUR
2024-06-11,95.6367,rub_per_unit,RU,EUR
2024-06-12,95.7391,rub_per_unit,RU,EUR
2024-06-14,94.8324,rub_per_unit,RU,EUR
2024-06-15,95.1514,rub_per_unit,RU,EUR
2024-06-18,95.3906,rub_per_unit,RU,EUR
2024-06-19,93.2994,rub_per_unit,RU,EUR
2024-06-20,89.0914,rub_per_unit,RU,EUR
2024-06-21,91.4543,rub_per_unit,RU,EUR
2024-06-22,94.2606,rub_per_unit,RU,EUR
2024-06-25,94.0759,rub_per_unit,RU,EUR
2024-06-26,93.7347,rub_per_unit,RU,EUR
2024-06-27,94.1131,rub_per_unit,RU,EUR
2024-06-28,90.9874,rub_per_unit,RU,EUR
2024-06-29,92.4184,rub_per_unit,RU,EUR
2024-07-02,93.9582,rub_per_unit,RU,EUR
2024-07-03,93.695,rub_per_unit,RU,EUR
2024-07-04,94.5829,rub_per_unit,RU,EUR
2024-07-05,94.9836,rub_per_unit,RU,EUR
2024-07-06,95.57,rub_per_unit,RU,EUR
2024-07-09,95.6624,rub_per_unit,RU,EUR
2024-07-10,95.3447,rub_per_unit,RU,EUR
2024-07-11,95.3206,rub_per_unit,RU,EUR
2024-07-12,95.6817,rub_per_unit,RU,EUR
2024-07-13,95.7588,rub_per_unit,RU,EUR
2024-07-16,95.7849,rub_per_unit,RU,EUR
2024-07-17,96.2637,rub_per_unit,RU,EUR
2024-07-18,96.3046,rub_per_unit,RU,EUR
2024-07-19,96.1018,rub_per_unit,RU,EUR
2024-07-20,96.0371,rub_per_unit,RU,EUR
2024-07-23,95.7591,rub_per_unit,RU,EUR
2024-07-24,95.4598,rub_per_unit,RU,EUR
2024-07-25,94.3758,rub_per_unit,RU,EUR
2024-07-26,93.1711,rub_per_unit,RU,EUR
2024-07-27,93.2641,rub_per_unit,RU,EUR
2024-07-30,94.1381,rub_per_unit,RU,EUR
2024-07-31,93.2947,rub_per_unit,RU,EUR
2024-08-01,93.5149,rub_per_unit,RU,EUR
2024-08-02,92.8499,rub_per_unit,RU,EUR
2024-08-03,92.8291,rub_per_unit,RU,EUR
2024-08-06,93.0409,rub_per_unit,RU,EUR
2024-08-07,93.0265,rub_per_unit,RU,EUR
2024-08-08,93.8419,rub_per_unit,RU,EUR
2024-08-09,94.1333,rub_per_unit,RU,EUR
2024-08-10,95.1844,rub_per_unit,RU,EUR
2024-08-13,96.6852,rub_per_unit,RU,EUR
2024-08-14,100.559,rub_per_unit,RU,EUR
2024-08-15,100.314,rub_per_unit,RU,EUR
2024-08-16,98.3232,rub_per_unit,RU,EUR
2024-08-17,97.839,rub_per_unit,RU,EUR
2024-08-20,98.9355,rub_per_unit,RU,EUR
2024-08-21,100.204,rub_per_unit,RU,EUR
2024-08-22,101.951,rub_per_unit,RU,EUR
2024-08-23,101.621,rub_per_unit,RU,EUR
2024-08-24,101.612,rub_per_unit,RU,EUR
2024-08-27,102.493,rub_per_unit,RU,EUR
2024-08-28,102.291,rub_per_unit,RU,EUR
2024-08-29,102.08,rub_per_unit,RU,EUR
2024-08-30,101.771,rub_per_unit,RU,EUR
2024-08-31,100.762,rub_per_unit,RU,EUR
2024-09-03,99.2613,rub_per_unit,RU,EUR
2024-09-04,97.8121,rub_per_unit,RU,EUR
2024-09-05,98.0725,rub_per_unit,RU,EUR
2024-09-06,99.1927,rub_per_unit,RU,EUR
2024-09-07,99.7156,rub_per_unit,RU,EUR
2024-09-10,99.9067,rub_per_unit,RU,EUR
2024-09-11,100.499,rub_per_unit,RU,EUR
2024-09-12,100.742,rub_per_unit,RU,EUR
2024-09-13,100.391,rub_per_unit,RU,EUR
2024-09-14,100.796,rub_per_unit,RU,EUR
2024-09-17,101.279,rub_per_unit,RU,EUR
2024-09-18,101.506,rub_per_unit,RU,EUR
2024-09-19,102.039,rub_per_unit,RU,EUR
2024-09-20,103.249,rub_per_unit,RU,EUR
2024-09-21,103.377,rub_per_unit,RU,EUR
2024-09-24,103.219,rub_per_unit,RU,EUR
2024-09-25,103.41,rub_per_unit,RU,EUR
2024-09-26,103.476,rub_per_unit,RU,EUR
2024-09-27,103.193,rub_per_unit,RU,EUR
2024-09-28,103.469,rub_per_unit,RU,EUR
2024-10-01,104.174,rub_per_unit,RU,EUR
2024-10-02,103.65,rub_per_unit,RU,EUR
2024-10-03,104.448,rub_per_unit,RU,EUR
2024-10-04,104.866,rub_per_unit,RU,EUR
2024-10-05,104.742,rub_per_unit,RU,EUR
2024-10-08,105.307,rub_per_unit,RU,EUR
2024-10-09,105.689,rub_per_unit,RU,EUR
2024-10-10,106.418,rub_per_unit,RU,EUR
2024-10-11,106.507,rub_per_unit,RU,EUR
2024-10-12,105.109,rub_per_unit,RU,EUR
2024-10-15,105.485,rub_per_unit,RU,EUR
2024-10-16,105.676,rub_per_unit,RU,EUR
2024-10-17,106.084,rub_per_unit,RU,EUR
2024-10-18,105.756,rub_per_unit,RU,EUR
2024-10-19,104.856,rub_per_unit,RU,EUR
2024-10-22,104.402,rub_per_unit,RU,EUR
2024-10-23,104.866,rub_per_unit,RU,EUR
2024-10-24,104.382,rub_per_unit,RU,EUR
2024-10-25,104.514,rub_per_unit,RU,EUR
2024-10-26,104.809,rub_per_unit,RU,EUR
2024-10-29,105.223,rub_per_unit,RU,EUR
2024-10-30,105.438,rub_per_unit,RU,EUR
2024-10-31,105.221,rub_per_unit,RU,EUR
2024-11-01,105.523,rub_per_unit,RU,EUR
2024-11-02,105.841,rub_per_unit,RU,EUR
2024-11-03,106.143,rub_per_unit,RU,EUR
2024-11-06,106.888,rub_per_unit,RU,EUR
2024-11-07,105.709,rub_per_unit,RU,EUR
2024-11-08,105.568,rub_per_unit,RU,EUR
2024-11-09,105.451,rub_per_unit,RU,EUR
2024-11-12,104.852,rub_per_unit,RU,EUR
2024-11-13,104.253,rub_per_unit,RU,EUR
2024-11-14,104.29,rub_per_unit,RU,EUR
2024-11-15,104.502,rub_per_unit,RU,EUR
2024-11-16,105.707,rub_per_unit,RU,EUR
2024-11-19,105.461,rub_per_unit,RU,EUR
2024-11-20,105.734,rub_per_unit,RU,EUR
2024-11-21,105.809,rub_per_unit,RU,EUR
2024-11-22,106.076,rub_per_unit,RU,EUR
2024-11-23,107.425,rub_per_unit,RU,EUR
2024-11-26,108.871,rub_per_unit,RU,EUR
2024-11-27,110.494,rub_per_unit,RU,EUR
2024-11-28,113.095,rub_per_unit,RU,EUR
2024-11-29,116.141,rub_per_unit,RU,EUR
2024-11-30,114.315,rub_per_unit,RU,EUR
2024-12-03,112.802,rub_per_unit,RU,EUR
2024-12-04,112.02,rub_per_unit,RU,EUR
2024-12-05,110.204,rub_per_unit,RU,EUR
2024-12-06,109.78,rub_per_unit,RU,EUR
2024-12-07,106.304,rub_per_unit,RU,EUR
2024-12-10,105.1,rub_per_unit,RU,EUR
2024-12-11,106.202,rub_per_unit,RU,EUR
2024-12-12,108.559,rub_per_unit,RU,EUR
2024-12-13,110.48,rub_per_unit,RU,EUR
2024-12-14,109.013,rub_per_unit,RU,EUR
2024-12-17,108.702,rub_per_unit,RU,EUR
2024-12-18,108.344,rub_per_unit,RU,EUR
2024-12-19,108.508,rub_per_unit,RU,EUR
2024-12-20,107.958,rub_per_unit,RU,EUR
2024-12-21,106.544,rub_per_unit,RU,EUR
2024-12-24,105.251,rub_per_unit,RU,EUR
2024-12-25,104.231,rub_per_unit,RU,EUR
2024-12-26,103.942,rub_per_unit,RU,EUR
2024-12-27,103.3,rub_per_unit,RU,EUR
2024-12-28,105.952,rub_per_unit,RU,EUR
2024-12-29,106.103,rub_per_unit,RU,EUR
2025-01-10,105.089,rub_per_unit,RU,EUR
2025-01-11,105.046,rub_per_unit,RU,EUR
2025-01-14,104.856,rub_per_unit,RU,EUR
2025-01-15,106.249,rub_per_unit,RU,EUR
2025-01-16,106.097,rub_per_unit,RU,EUR
2025-01-17,105.807,rub_per_unit,RU,EUR
2025-01-18,104.861,rub_per_unit,RU,EUR
2025-01-21,105.046,rub_per_unit,RU,EUR
2025-01-22,103.286,rub_per_unit,RU,EUR
2025-01-23,103.242,rub_per_unit,RU,EUR
2025-01-24,103.661,rub_per_unit,RU,EUR
2025-01-25,103.187,rub_per_unit,RU,EUR
2025-01-28,102.746,rub_per_unit,RU,EUR
2025-01-29,101.596,rub_per_unit,RU,EUR
2025-01-30,102.404,rub_per_unit,RU,EUR
2025-01-31,102.778,rub_per_unit,RU,EUR
2025-02-01,102.13,rub_per_unit,RU,EUR
2025-02-04,102.491,rub_per_unit,RU,EUR
2025-02-05,102.685,rub_per_unit,RU,EUR
2025-02-06,102.921,rub_per_unit,RU,EUR
2025-02-07,100.675,rub_per_unit,RU,EUR
2025-02-08,101.224,rub_per_unit,RU,EUR
2025-02-11,100.499,rub_per_unit,RU,EUR
2025-02-12,99.1953,rub_per_unit,RU,EUR
2025-02-13,98.0119,rub_per_unit,RU,EUR
2025-02-14,94.9221,rub_per_unit,RU,EUR
2025-02-15,94.8876,rub_per_unit,RU,EUR
2025-02-18,95.8048,rub_per_unit,RU,EUR
2025-02-19,95.6693,rub_per_unit,RU,EUR
2025-02-20,94.0834,rub_per_unit,RU,EUR
2025-02-21,92.4831,rub_per_unit,RU,EUR
2025-02-22,92.0152,rub_per_unit,RU,EUR
2025-02-25,92.5162,rub_per_unit,RU,EUR
2025-02-26,90.9403,rub_per_unit,RU,EUR
2025-02-27,90.1826,rub_per_unit,RU,EUR
2025-02-28,92.0362,rub_per_unit,RU,EUR
2025-03-01,91.5655,rub_per_unit,RU,EUR
2025-03-04,92.853,rub_per_unit,RU,EUR
2025-03-05,93.9034,rub_per_unit,RU,EUR
2025-03-06,95.7035,rub_per_unit,RU,EUR
2025-03-07,96.5975,rub_per_unit,RU,EUR
2025-03-08,96.8609,rub_per_unit,RU,EUR
2025-03-11,95.4443,rub_per_unit,RU,EUR
2025-03-12,93.6639,rub_per_unit,RU,EUR
2025-03-13,93.971,rub_per_unit,RU,EUR
2025-03-14,94.2559,rub_per_unit,RU,EUR
2025-03-15,93.6087,rub_per_unit,RU,EUR
2025-03-18,90.8443,rub_per_unit,RU,EUR
2025-03-19,87.5697,rub_per_unit,RU,EUR
2025-03-20,90.8257,rub_per_unit,RU,EUR
2025-03-21,92.4633,rub_per_unit,RU,EUR
2025-03-22,91.4262,rub_per_unit,RU,EUR
2025-03-25,91.5252,rub_per_unit,RU,EUR
2025-03-26,92.3409,rub_per_unit,RU,EUR
2025-03-27,92.0029,rub_per_unit,RU,EUR
2025-03-28,90.5441,rub_per_unit,RU,EUR
2025-03-29,89.6553,rub_per_unit,RU,EUR
2025-04-01,92.4276,rub_per_unit,RU,EUR
2025-04-02,91.9643,rub_per_unit,RU,EUR
2025-04-03,91.2044,rub_per_unit,RU,EUR
2025-04-04,93.1608,rub_per_unit,RU,EUR
2025-04-05,92.9855,rub_per_unit,RU,EUR
2025-04-08,94.7742,rub_per_unit,RU,EUR
2025-04-09,93.7755,rub_per_unit,RU,EUR
2025-04-10,95.091,rub_per_unit,RU,EUR
2025-04-11,94.6036,rub_per_unit,RU,EUR
2025-04-12,96.2163,rub_per_unit,RU,EUR
2025-04-15,94.1635,rub_per_unit,RU,EUR
2025-04-16,93.6844,rub_per_unit,RU,EUR
2025-04-17,93.3356,rub_per_unit,RU,EUR
2025-04-18,93.2513,rub_per_unit,RU,EUR
2025-04-19,92.2232,rub_per_unit,RU,EUR
2025-04-22,93.6714,rub_per_unit,RU,EUR
2025-04-23,94.04,rub_per_unit,RU,EUR
2025-04-24,94.5723,rub_per_unit,RU,EUR
2025-04-25,94.7129,rub_per_unit,RU,EUR
2025-04-26,94.3593,rub_per_unit,RU,EUR
2025-04-29,93.1801,rub_per_unit,RU,EUR
2025-04-30,93.173,rub_per_unit,RU,EUR
2025-05-01,92.837,rub_per_unit,RU,EUR
2025-05-06,92.9082,rub_per_unit,RU,EUR
2025-05-07,91.9169,rub_per_unit,RU,EUR
2025-05-08,92.1439,rub_per_unit,RU,EUR
2025-05-13,90.1117,rub_per_unit,RU,EUR
2025-05-14,89.6956,rub_per_unit,RU,EUR
2025-05-15,90.3821,rub_per_unit,RU,EUR
2025-05-16,90.1011,rub_per_unit,RU,EUR
2025-05-17,90.7062,rub_per_unit,RU,EUR
2025-05-20,90.5098,rub_per_unit,RU,EUR
2025-05-21,89.9679,rub_per_unit,RU,EUR
2025-05-22,91.299,rub_per_unit,RU,EUR
2025-05-23,90.2004,rub_per_unit,RU,EUR
2025-05-24,90.5207,rub_per_unit,RU,EUR
2025-05-27,90.4644,rub_per_unit,RU,EUR
2025-05-28,90.9007,rub_per_unit,RU,EUR
2025-05-29,90.3365,rub_per_unit,RU,EUR
2025-05-30,88.9481,rub_per_unit,RU,EUR
2025-05-31,89.2512,rub_per_unit,RU,EUR
2025-06-03,90.377,rub_per_unit,RU,EUR
2025-06-04,89.9267,rub_per_unit,RU,EUR
2025-06-05,89.3108,rub_per_unit,RU,EUR
2025-06-06,90.6635,rub_per_unit,RU,EUR
2025-06-07,90.3954,rub_per_unit,RU,EUR
2025-06-10,90.3666,rub_per_unit,RU,EUR
2025-06-11,89.7918,rub_per_unit,RU,EUR
2025-06-12,90.0068,rub_per_unit,RU,EUR
2025-06-17,90.9438,rub_per_unit,RU,EUR
2025-06-18,90.7548,rub_per_unit,RU,EUR
2025-06-19,90.3093,rub_per_unit,RU,EUR
2025-06-20,89.838,rub_per_unit,RU,EUR
2025-06-21,90.1356,rub_per_unit,RU,EUR
2025-06-24,89.8388,rub_per_unit,RU,EUR
2025-06-25,91.737,rub_per_unit,RU,EUR
2025-06-26,91.0599,rub_per_unit,RU,EUR
2025-06-27,91.6601,rub_per_unit,RU,EUR
2025-06-28,92.2785,rub_per_unit,RU,EUR
2025-07-01,92.2672,rub_per_unit,RU,EUR
2025-07-02,92.744,rub_per_unit,RU,EUR
2025-07-03,92.6774,rub_per_unit,RU,EUR
2025-07-04,93.1277,rub_per_unit,RU,EUR
2025-07-05,93.0103,rub_per_unit,RU,EUR
2025-07-08,92.4138,rub_per_unit,RU,EUR
2025-07-09,91.9667,rub_per_unit,RU,EUR
2025-07-10,91.4175,rub_per_unit,RU,EUR
2025-07-11,91.4992,rub_per_unit,RU,EUR
2025-07-12,91.1201,rub_per_unit,RU,EUR
2025-07-15,91.7738,rub_per_unit,RU,EUR
2025-07-16,91.1531,rub_per_unit,RU,EUR
2025-07-17,90.5635,rub_per_unit,RU,EUR
2025-07-18,90.9716,rub_per_unit,RU,EUR
2025-07-19,91.0821,rub_per_unit,RU,EUR
2025-07-22,91.5138,rub_per_unit,RU,EUR
2025-07-23,91.7782,rub_per_unit,RU,EUR
2025-07-24,91.7897,rub_per_unit,RU,EUR
2025-07-25,93.3362,rub_per_unit,RU,EUR
2025-07-26,93.3508,rub_per_unit,RU,EUR
2025-07-29,93.206,rub_per_unit,RU,EUR
2025-07-30,94.9976,rub_per_unit,RU,EUR
2025-07-31,94.9514,rub_per_unit,RU,EUR
2025-08-01,91.8751,rub_per_unit,RU,EUR
2025-08-02,91.7056,rub_per_unit,RU,EUR
2025-08-05,92.3252,rub_per_unit,RU,EUR
2025-08-06,92.5094,rub_per_unit,RU,EUR
2025-08-07,93.0072,rub_per_unit,RU,EUR
2025-08-08,92.6636,rub_per_unit,RU,EUR
2025-08-09,92.88,rub_per_unit,RU,EUR
2025-08-12,92.9485,rub_per_unit,RU,EUR
2025-08-13,92.8583,rub_per_unit,RU,EUR
2025-08-14,93.3875,rub_per_unit,RU,EUR
2025-08-15,93.0588,rub_per_unit,RU,EUR
2025-08-16,93.7094,rub_per_unit,RU,EUR
2025-08-19,94.0884,rub_per_unit,RU,EUR
2025-08-20,93.5604,rub_per_unit,RU,EUR
2025-08-21,93.4791,rub_per_unit,RU,EUR
2025-08-22,93.5049,rub_per_unit,RU,EUR
2025-08-23,93.6274,rub_per_unit,RU,EUR
2025-08-26,94.4622,rub_per_unit,RU,EUR
2025-08-27,93.3684,rub_per_unit,RU,EUR
2025-08-28,93.3428,rub_per_unit,RU,EUR
2025-08-29,93.4891,rub_per_unit,RU,EUR
2025-08-30,94.0479,rub_per_unit,RU,EUR
2025-09-02,94.3841,rub_per_unit,RU,EUR
2025-09-03,93.8373,rub_per_unit,RU,EUR
2025-09-04,94.2539,rub_per_unit,RU,EUR
2025-09-05,94.7754,rub_per_unit,RU,EUR
2025-09-06,95.4792,rub_per_unit,RU,EUR
2025-09-09,96.5691,rub_per_unit,RU,EUR
2025-09-10,98.0336,rub_per_unit,RU,EUR
2025-09-11,99.8246,rub_per_unit,RU,EUR
2025-09-12,99.7367,rub_per_unit,RU,EUR
2025-09-13,99.3304,rub_per_unit,RU,EUR
2025-09-16,97.4502,rub_per_unit,RU,EUR
2025-09-17,97.8903,rub_per_unit,RU,EUR
2025-09-18,98.2994,rub_per_unit,RU,EUR
2025-09-19,98.9773,rub_per_unit,RU,EUR
2025-09-20,98.8845,rub_per_unit,RU,EUR
2025-09-23,98.9638,rub_per_unit,RU,EUR
2025-09-24,99.0363,rub_per_unit,RU,EUR
2025-09-25,98.6015,rub_per_unit,RU,EUR
2025-09-26,98.1542,rub_per_unit,RU,EUR
2025-09-27,97.6823,rub_per_unit,RU,EUR
2025-09-30,97.141,rub_per_unit,RU,EUR
2025-10-01,96.8644,rub_per_unit,RU,EUR
2025-10-02,95.6382,rub_per_unit,RU,EUR
2025-10-03,95.3411,rub_per_unit,RU,EUR
2025-10-04,96.0525,rub_per_unit,RU,EUR
2025-10-07,96.8345,rub_per_unit,RU,EUR
2025-10-08,95.6722,rub_per_unit,RU,EUR
2025-10-09,94.9351,rub_per_unit,RU,EUR
2025-10-10,94.703,rub_per_unit,RU,EUR
2025-10-11,94.0491,rub_per_unit,RU,EUR
2025-10-14,93.9181,rub_per_unit,RU,EUR
2025-10-15,92.6816,rub_per_unit,RU,EUR
2025-10-16,91.7258,rub_per_unit,RU,EUR
2025-10-17,92.0834,rub_per_unit,RU,EUR
2025-10-18,94.5835,rub_per_unit,RU,EUR
2025-10-21,94.3845,rub_per_unit,RU,EUR
2025-10-22,94.6656,rub_per_unit,RU,EUR
2025-10-23,94.7543,rub_per_unit,RU,EUR
2025-10-24,94.3889,rub_per_unit,RU,EUR
2025-10-25,94.082,rub_per_unit,RU,EUR
2025-10-28,92.0233,rub_per_unit,RU,EUR
2025-10-29,92.9395,rub_per_unit,RU,EUR
2025-10-30,92.2466,rub_per_unit,RU,EUR
2025-10-31,93.3894,rub_per_unit,RU,EUR
2025-11-01,93.3893,rub_per_unit,RU,EUR
2025-11-02,93.3848,rub_per_unit,RU,EUR
2025-11-06,93.5131,rub_per_unit,RU,EUR
2025-11-07,93.7641,rub_per_unit,RU,EUR
2025-11-08,93.8365,rub_per_unit,RU,EUR
2025-11-11,93.9287,rub_per_unit,RU,EUR
2025-11-12,94.1954,rub_per_unit,RU,EUR
2025-11-13,94.1893,rub_per_unit,RU,EUR
2025-11-14,93.6953,rub_per_unit,RU,EUR
2025-11-15,95.0987,rub_per_unit,RU,EUR
2025-11-18,94.4179,rub_per_unit,RU,EUR
2025-11-19,93.9295,rub_per_unit,RU,EUR
2025-11-20,93.7804,rub_per_unit,RU,EUR
2025-11-21,92.6047,rub_per_unit,RU,EUR
2025-11-22,90.5625,rub_per_unit,RU,EUR
2025-11-25,91.3672,rub_per_unit,RU,EUR
2025-11-26,90.9698,rub_per_unit,RU,EUR
2025-11-27,91.5047,rub_per_unit,RU,EUR
2025-11-28,90.788,rub_per_unit,RU,EUR
2025-11-29,90.819,rub_per_unit,RU,EUR
2025-12-02,90.3438,rub_per_unit,RU,EUR
2025-12-03,89.8514,rub_per_unit,RU,EUR
2025-12-04,90.5903,rub_per_unit,RU,EUR
2025-12-05,89.9011,rub_per_unit,RU,EUR
2025-12-06,88.7028,rub_per_unit,RU,EUR
2025-12-09,89.7054,rub_per_unit,RU,EUR
2025-12-10,89.4267,rub_per_unit,RU,EUR
2025-12-11,91.3806,rub_per_unit,RU,EUR
2025-12-12,92.9384,rub_per_unit,RU,EUR
2025-12-13,93.5626,rub_per_unit,RU,EUR
2025-12-16,93.2274,rub_per_unit,RU,EUR
2025-12-17,93.8054,rub_per_unit,RU,EUR
2025-12-18,94.1478,rub_per_unit,RU,EUR
2025-12-19,94.2524,rub_per_unit,RU,EUR
2025-12-20,94.512,rub_per_unit,RU,EUR
2025-12-23,92.8621,rub_per_unit,RU,EUR
2025-12-24,92.8137,rub_per_unit,RU,EUR
2025-12-25,92.4742,rub_per_unit,RU,EUR
2025-12-26,91.8902,rub_per_unit,RU,EUR
2025-12-27,91.2066,rub_per_unit,RU,EUR
2025-12-30,91.4775,rub_per_unit,RU,EUR
2025-12-31,92.0938,rub_per_unit,RU,EUR
2026-01-13,91.9668,rub_per_unit,RU,EUR
2026-01-14,92.3973,rub_per_unit,RU,EUR
2026-01-15,92.1964,rub_per_unit,RU,EUR
2026-01-16,91.8123,rub_per_unit,RU,EUR
2026-01-17,90.5366,rub_per_unit,RU,EUR
2026-01-20,90.1611,rub_per_unit,RU,EUR
2026-01-21,91.1954,rub_per_unit,RU,EUR
2026-01-22,90.7211,rub_per_unit,RU,EUR
2026-01-23,88.7898,rub_per_unit,RU,EUR
2026-01-24,89.0589,rub_per_unit,RU,EUR
2026-01-27,90.2877,rub_per_unit,RU,EUR
2026-01-28,90.9329,rub_per_unit,RU,EUR
2026-01-29,91.2988,rub_per_unit,RU,EUR
2026-01-30,90.9751,rub_per_unit,RU,EUR
2026-01-31,90.468,rub_per_unit,RU,EUR
2026-02-03,91.247,rub_per_unit,RU,EUR
2026-02-04,90.7178,rub_per_unit,RU,EUR
2026-02-05,91.1138,rub_per_unit,RU,EUR
2026-02-06,90.2881,rub_per_unit,RU,EUR
2026-02-07,91.0451,rub_per_unit,RU,EUR
2026-02-10,92.0136,rub_per_unit,RU,EUR
2026-02-11,91.9429,rub_per_unit,RU,EUR
2026-02-12,92.475,rub_per_unit,RU,EUR
2026-02-13,91.7113,rub_per_unit,RU,EUR
2026-02-14,91.5575,rub_per_unit,RU,EUR
2026-02-17,91.0368,rub_per_unit,RU,EUR
2026-02-18,90.8658,rub_per_unit,RU,EUR
2026-02-19,90.2683,rub_per_unit,RU,EUR
2026-02-20,90.1669,rub_per_unit,RU,EUR
2026-02-21,90.2833,rub_per_unit,RU,EUR
2026-02-25,90.5821,rub_per_unit,RU,EUR
2026-02-26,90.3211,rub_per_unit,RU,EUR
2026-02-27,91.0281,rub_per_unit,RU,EUR
2026-02-28,91.2965,rub_per_unit,RU,EUR
2026-03-03,90.7307,rub_per_unit,RU,EUR
2026-03-04,90.3098,rub_per_unit,RU,EUR
2026-03-05,90.7458,rub_per_unit,RU,EUR
2026-03-06,90.7926,rub_per_unit,RU,EUR
2026-03-07,91.8391,rub_per_unit,RU,EUR
2026-03-11,91.8979,rub_per_unit,RU,EUR
2026-03-12,91.9378,rub_per_unit,RU,EUR
2026-03-13,91.3893,rub_per_unit,RU,EUR
2026-03-14,91.9847,rub_per_unit,RU,EUR
2026-03-17,92.6555,rub_per_unit,RU,EUR
2026-03-18,93.1557,rub_per_unit,RU,EUR
2026-03-19,94.6663,rub_per_unit,RU,EUR
2026-03-20,96.9155,rub_per_unit,RU,EUR
2026-03-21,97.2886,rub_per_unit,RU,EUR
2026-03-24,94.7264,rub_per_unit,RU,EUR
2026-03-25,93.9247,rub_per_unit,RU,EUR
2026-03-26,93.8097,rub_per_unit,RU,EUR
2026-03-27,95.0038,rub_per_unit,RU,EUR
2026-03-28,93.4247,rub_per_unit,RU,EUR
2026-03-31,93.4369,rub_per_unit,RU,EUR
2026-04-01,93.2739,rub_per_unit,RU,EUR
2026-04-02,93.4443,rub_per_unit,RU,EUR
2026-04-03,92.7326,rub_per_unit,RU,EUR
2026-04-04,92.1915,rub_per_unit,RU,EUR
2026-04-07,91.0034,rub_per_unit,RU,EUR
2026-04-08,91.0279,rub_per_unit,RU,EUR
2026-04-09,91.5641,rub_per_unit,RU,EUR
2026-04-10,90.8813,rub_per_unit,RU,EUR
2026-04-11,90.012,rub_per_unit,RU,EUR
2026-04-14,89.1373,rub_per_unit,RU,EUR
2026-04-15,89.2556,rub_per_unit,RU,EUR
2026-04-16,88.7303,rub_per_unit,RU,EUR
2026-04-17,89.4113,rub_per_unit,RU,EUR
2026-04-18,89.6256,rub_per_unit,RU,EUR
2026-04-21,88.3769,rub_per_unit,RU,EUR
2026-04-22,87.7659,rub_per_unit,RU,EUR
2026-04-23,87.9733,rub_per_unit,RU,EUR
2026-04-24,87.5261,rub_per_unit,RU,EUR
2026-04-25,88.2826,rub_per_unit,RU,EUR
2026-04-28,87.8826,rub_per_unit,RU,EUR
2026-04-29,87.5928,rub_per_unit,RU,EUR
2026-04-30,87.7771,rub_per_unit,RU,EUR
2026-05-01,88.6429,rub_per_unit,RU,EUR
2026-05-05,88.2651,rub_per_unit,RU,EUR
2026-05-06,88.3463,rub_per_unit,RU,EUR
2026-05-07,88.06,rub_per_unit,RU,EUR
2026-05-08,87.8897,rub_per_unit,RU,EUR
2026-05-09,88.549,rub_per_unit,RU,EUR
2026-05-13,87.3791,rub_per_unit,RU,EUR
2026-05-14,85.9017,rub_per_unit,RU,EUR
2026-05-15,86.2899,rub_per_unit,RU,EUR
2026-05-16,85.183,rub_per_unit,RU,EUR
2026-05-19,84.0742,rub_per_unit,RU,EUR
2026-05-20,82.7871,rub_per_unit,RU,EUR
2026-05-21,81.9823,rub_per_unit,RU,EUR
2026-05-22,83.2746,rub_per_unit,RU,EUR
2026-05-23,82.5445,rub_per_unit,RU,EUR
2026-05-26,85.4493,rub_per_unit,RU,EUR
2026-05-27,83.2975,rub_per_unit,RU,EUR
2026-05-28,82.7224,rub_per_unit,RU,EUR
2026-05-29,83.6892,rub_per_unit,RU,EUR
2026-05-30,82.6369,rub_per_unit,RU,EUR
2026-06-02,86.2499,rub_per_unit,RU,EUR
2026-06-03,84.6096,rub_per_unit,RU,EUR
2026-06-04,85.1243,rub_per_unit,RU,EUR
2026-06-05,86.2712,rub_per_unit,RU,EUR
2026-06-06,85.5582,rub_per_unit,RU,EUR
2026-06-09,85.2798,rub_per_unit,RU,EUR
2026-06-10,82.7785,rub_per_unit,RU,EUR
2026-06-11,83.0816,rub_per_unit,RU,EUR
2026-06-12,82.9743,rub_per_unit,RU,EUR
2026-06-16,83.8044,rub_per_unit,RU,EUR
2026-06-17,83.7315,rub_per_unit,RU,EUR
2026-06-18,84.3439,rub_per_unit,RU,EUR
2026-06-19,85.0305,rub_per_unit,RU,EUR
2026-06-20,84.1684,rub_per_unit,RU,EUR
2026-06-23,84.5863,rub_per_unit,RU,EUR
2026-06-24,85.4847,rub_per_unit,RU,EUR
2026-06-25,85.1823,rub_per_unit,RU,EUR
2026-06-26,85.7697,rub_per_unit,RU,EUR
2026-06-27,87.4027,rub_per_unit,RU,EUR
2026-06-30,88.6472,rub_per_unit,RU,EUR
2026-07-01,89.2743,rub_per_unit,RU,EUR
2026-07-02,89.1754,rub_per_unit,RU,EUR
2026-07-03,88.7069,rub_per_unit,RU,EUR
2026-07-04,88.0304,rub_per_unit,RU,EUR
2026-07-07,89.2595,rub_per_unit,RU,EUR
2026-07-08,86.8976,rub_per_unit,RU,EUR
2026-07-09,87.3511,rub_per_unit,RU,EUR
2026-07-10,86.5906,rub_per_unit,RU,EUR
2026-07-11,87.6661,rub_per_unit,RU,EUR
2026-07-14,87.5781,rub_per_unit,RU,EUR
2026-07-15,88.5259,rub_per_unit,RU,EUR
2026-07-16,88.9097,rub_per_unit,RU,EUR
2026-07-17,89.3296,rub_per_unit,RU,EUR
2026-07-18,89.8998,rub_per_unit,RU,EUR
2026-07-21,89.5542,rub_per_unit,RU,EUR
2026-07-22,89.7558,rub_per_unit,RU,EUR
2026-07-23,89.6034,rub_per_unit,RU,EUR
2026-07-24,89.4443,rub_per_unit,RU,EUR
2026-07-25,88.8927,rub_per_unit,RU,EUR
2026-07-28,88.7602,rub_per_unit,RU,EUR
2026-07-29,89.6292,rub_per_unit,RU,EUR
2026-07-30,90.2051,rub_per_unit,RU,EUR
2026-07-31,90.8776,rub_per_unit,RU,EUR
2026-08-01,91.1925,rub_per_unit,RU,EUR
2026-08-04,91.9589,rub_per_unit,RU,EUR
2026-08-05,93.5824,rub_per_unit,RU,EUR
2026-08-06,93.1901,rub_per_unit,RU,EUR
2026-08-07,94.0585,rub_per_unit,RU,EUR
2026-08-08,94.8366,rub_per_unit,RU,EUR
2026-08-11,95.286,rub_per_unit,RU,EUR
2026-08-12,95.1834,rub_per_unit,RU,EUR
2026-08-13,95.7793,rub_per_unit,RU,EUR
2026-08-14,96.7538,rub_per_unit,RU,EUR
2026-08-15,97.5141,rub_per_unit,RU,EUR
2026-08-18,98.3352,rub_per_unit,RU,EUR
2026-08-19,98.7312,rub_per_unit,RU,EUR
2026-08-20,98.5457,rub_per_unit,RU,EUR
2026-08-21,96.7335,rub_per_unit,RU,EUR
2026-08-22,96.8601,rub_per_unit,RU,EUR
2026-08-25,97.4384,rub_per_unit,RU,EUR
2026-08-26,98.5182,rub_per_unit,RU,EUR
2026-08-27,98.2897,rub_per_unit,RU,EUR
2026-08-28,100.3,rub_per_unit,RU,EUR
2026-08-29,99.682,rub_per_unit,RU,EUR
2026-09-01,100.571,rub_per_unit,RU,EUR
2026-09-02,100.599,rub_per_unit,RU,EUR
2026-09-03,100.829,rub_per_unit,RU,EUR
2026-09-04,100.598,rub_per_unit,RU,EUR
2026-09-05,100.569,rub_per_unit,RU,EUR
2026-09-08,100.171,rub_per_unit,RU,EUR
2026-09-09,100.499,rub_per_unit,RU,EUR
2026-09-10,99.2525,rub_per_unit,RU,EUR
2026-09-11,98.2856,rub_per_unit,RU,EUR
2026-09-12,97.8728,rub_per_unit,RU,EUR
2026-09-15,97.7626,rub_per_unit,RU,EUR
2026-09-16,97.3012,rub_per_unit,RU,EUR
2026-09-17,97.1275,rub_per_unit,RU,EUR
