date,value,unit,region,breakdown
2002-12-30,100,index_points,RU,close
2003-01-04,100.34,index_points,RU,close
2003-01-05,101.09,index_points,RU,close
2003-01-08,101.35,index_points,RU,close
2003-01-09,101.41,index_points,RU,close
2003-01-10,101.57,index_points,RU,close
2003-01-13,101.77,index_points,RU,close
2003-01-14,101.81,index_points,RU,close
2003-01-15,101.82,index_points,RU,close
2003-01-16,101.82,index_points,RU,close
2003-01-17,101.99,index_points,RU,close
2003-01-20,102.06,index_points,RU,close
2003-01-21,102.03,index_points,RU,close
2003-01-22,102.19,index_points,RU,close
2003-01-23,102.36,index_points,RU,close
2003-01-24,102.49,index_points,RU,close
2003-01-27,102.55,index_points,RU,close
2003-01-28,102.67,index_points,RU,close
2003-01-29,102.67,index_points,RU,close
2003-01-30,102.77,index_points,RU,close
2003-01-31,103.06,index_points,RU,close
2003-02-03,103.18,index_points,RU,close
2003-02-04,103.29,index_points,RU,close
2003-02-05,104.1,index_points,RU,close
2003-02-06,104.65,index_points,RU,close
2003-02-07,105.64,index_points,RU,close
2003-02-10,106.26,index_points,RU,close
2003-02-11,106.42,index_points,RU,close
2003-02-12,106.99,index_points,RU,close
2003-02-13,108.05,index_points,RU,close
2003-02-14,108.54,index_points,RU,close
2003-02-17,109.84,index_points,RU,close
2003-02-18,110.68,index_points,RU,close
2003-02-19,110.99,index_points,RU,close
2003-02-20,111.01,index_points,RU,close
2003-02-21,111.25,index_points,RU,close
2003-02-25,111.61,index_points,RU,close
2003-02-26,111.61,index_points,RU,close
2003-02-27,111.75,index_points,RU,close
2003-02-28,111.99,index_points,RU,close
2003-03-03,112.19,index_points,RU,close
2003-03-04,111.95,index_points,RU,close
2003-03-05,112.44,index_points,RU,close
2003-03-06,112.78,index_points,RU,close
2003-03-07,112.97,index_points,RU,close
2003-03-11,113.47,index_points,RU,close
2003-03-12,113.84,index_points,RU,close
2003-03-13,114.06,index_points,RU,close
2003-03-14,114.23,index_points,RU,close
2003-03-17,113.08,index_points,RU,close
2003-03-18,111.81,index_points,RU,close
2003-03-19,112.04,index_points,RU,close
2003-03-20,111.77,index_points,RU,close
2003-03-21,113.5,index_points,RU,close
2003-03-24,113.16,index_points,RU,close
2003-03-25,113.16,index_points,RU,close
2003-03-26,113.32,index_points,RU,close
2003-03-27,113.52,index_points,RU,close
2003-03-28,113.5,index_points,RU,close
2003-03-31,113.59,index_points,RU,close
2003-04-01,114.16,index_points,RU,close
2003-04-02,115.02,index_points,RU,close
2003-04-03,115.1,index_points,RU,close
2003-04-04,115.14,index_points,RU,close
2003-04-07,115.04,index_points,RU,close
2003-04-08,115.08,index_points,RU,close
2003-04-09,115.19,index_points,RU,close
2003-04-10,115.42,index_points,RU,close
2003-04-11,115.37,index_points,RU,close
2003-04-14,115.55,index_points,RU,close
2003-04-15,115.6,index_points,RU,close
2003-04-16,115.83,index_points,RU,close
2003-04-17,116.11,index_points,RU,close
2003-04-18,116.35,index_points,RU,close
2003-04-21,116.58,index_points,RU,close
2003-04-22,116.64,index_points,RU,close
2003-04-23,117.78,index_points,RU,close
2003-04-24,118.07,index_points,RU,close
2003-04-25,118.04,index_points,RU,close
2003-04-28,118.03,index_points,RU,close
2003-04-29,118.07,index_points,RU,close
2003-04-30,118.56,index_points,RU,close
2003-05-05,118.87,index_points,RU,close
2003-05-06,119.19,index_points,RU,close
2003-05-07,119.44,index_points,RU,close
2003-05-08,119.7,index_points,RU,close
2003-05-12,119.95,index_points,RU,close
2003-05-13,120.35,index_points,RU,close
2003-05-14,120.56,index_points,RU,close
2003-05-15,120.99,index_points,RU,close
2003-05-16,121.68,index_points,RU,close
2003-05-19,122.44,index_points,RU,close
2003-05-20,123.56,index_points,RU,close
2003-05-21,124.56,index_points,RU,close
2003-05-22,124.23,index_points,RU,close
2003-05-23,124.16,index_points,RU,close
2003-05-26,124.25,index_points,RU,close
2003-05-27,124.02,index_points,RU,close
2003-05-28,123.76,index_points,RU,close
2003-05-29,123,index_points,RU,close
2003-05-30,123.37,index_points,RU,close
2003-06-02,123.24,index_points,RU,close
2003-06-03,123.54,index_points,RU,close
2003-06-04,123.83,index_points,RU,close
2003-06-05,123.55,index_points,RU,close
2003-06-06,123.67,index_points,RU,close
2003-06-09,123.89,index_points,RU,close
2003-06-10,123.76,index_points,RU,close
2003-06-11,123.95,index_points,RU,close
2003-06-16,124.01,index_points,RU,close
2003-06-17,123.79,index_points,RU,close
2003-06-18,123.53,index_points,RU,close
2003-06-19,124.06,index_points,RU,close
2003-06-20,124.03,index_points,RU,close
2003-06-21,123.99,index_points,RU,close
2003-06-23,123.95,index_points,RU,close
2003-06-24,124.01,index_points,RU,close
2003-06-25,124.25,index_points,RU,close
2003-06-26,123.89,index_points,RU,close
2003-06-27,123.89,index_points,RU,close
2003-06-30,124.11,index_points,RU,close
2003-07-01,123.9,index_points,RU,close
2003-07-02,123.54,index_points,RU,close
2003-07-03,123.5,index_points,RU,close
2003-07-04,123.22,index_points,RU,close
2003-07-07,122.94,index_points,RU,close
2003-07-08,121.73,index_points,RU,close
2003-07-09,121.2,index_points,RU,close
2003-07-10,120.81,index_points,RU,close
2003-07-11,120.43,index_points,RU,close
2003-07-14,120.25,index_points,RU,close
2003-07-15,119.16,index_points,RU,close
2003-07-16,117.27,index_points,RU,close
2003-07-17,117.61,index_points,RU,close
2003-07-18,118.12,index_points,RU,close
2003-07-21,119.12,index_points,RU,close
2003-07-22,119.11,index_points,RU,close
2003-07-23,118.68,index_points,RU,close
2003-07-24,119.2,index_points,RU,close
2003-07-25,119,index_points,RU,close
2003-07-28,118.72,index_points,RU,close
2003-07-29,119.32,index_points,RU,close
2003-07-30,120.49,index_points,RU,close
2003-07-31,121.41,index_points,RU,close
2003-08-01,121.16,index_points,RU,close
2003-08-04,121.28,index_points,RU,close
2003-08-05,121.28,index_points,RU,close
2003-08-06,121.28,index_points,RU,close
2003-08-07,121.3,index_points,RU,close
2003-08-08,121.49,index_points,RU,close
2003-08-11,121.78,index_points,RU,close
2003-08-12,121.61,index_points,RU,close
2003-08-13,121.68,index_points,RU,close
2003-08-14,121.61,index_points,RU,close
2003-08-15,121.61,index_points,RU,close
2003-08-18,121.82,index_points,RU,close
2003-08-19,121.78,index_points,RU,close
2003-08-20,121.82,index_points,RU,close
2003-08-21,121.9,index_points,RU,close
2003-08-22,121.94,index_points,RU,close
2003-08-25,122.06,index_points,RU,close
2003-08-26,121.81,index_points,RU,close
2003-08-27,121.16,index_points,RU,close
2003-08-28,121.65,index_points,RU,close
2003-08-29,122.01,index_points,RU,close
2003-09-01,122.2,index_points,RU,close
2003-09-02,122.28,index_points,RU,close
2003-09-03,122.37,index_points,RU,close
2003-09-04,121.72,index_points,RU,close
2003-09-05,121.82,index_points,RU,close
2003-09-08,121.87,index_points,RU,close
2003-09-09,121.88,index_points,RU,close
2003-09-10,121.08,index_points,RU,close
2003-09-11,121.36,index_points,RU,close
2003-09-12,121.49,index_points,RU,close
2003-09-15,121.61,index_points,RU,close
2003-09-16,121.11,index_points,RU,close
2003-09-17,121.57,index_points,RU,close
2003-09-18,121.98,index_points,RU,close
2003-09-19,121.88,index_points,RU,close
2003-09-22,122.08,index_points,RU,close
2003-09-23,122.17,index_points,RU,close
2003-09-24,122.07,index_points,RU,close
2003-09-25,122.17,index_points,RU,close
2003-09-26,122.36,index_points,RU,close
2003-09-29,122.46,index_points,RU,close
2003-09-30,122.54,index_points,RU,close
2003-10-01,122.68,index_points,RU,close
2003-10-02,122.74,index_points,RU,close
2003-10-03,122.86,index_points,RU,close
2003-10-06,123,index_points,RU,close
2003-10-07,123.04,index_points,RU,close
2003-10-08,123.33,index_points,RU,close
2003-10-09,124.14,index_points,RU,close
2003-10-10,124.57,index_points,RU,close
2003-10-13,124.91,index_points,RU,close
2003-10-14,125.05,index_points,RU,close
2003-10-15,124.72,index_points,RU,close
2003-10-16,124.65,index_points,RU,close
2003-10-17,124.8,index_points,RU,close
2003-10-20,124.75,index_points,RU,close
2003-10-21,124.4,index_points,RU,close
2003-10-22,124.28,index_points,RU,close
2003-10-23,124.22,index_points,RU,close
2003-10-24,124.31,index_points,RU,close
2003-10-27,124.1,index_points,RU,close
2003-10-28,123.76,index_points,RU,close
2003-10-29,123.91,index_points,RU,close
2003-10-30,123.87,index_points,RU,close
2003-10-31,125,index_points,RU,close
2003-11-03,125.01,index_points,RU,close
2003-11-04,125.55,index_points,RU,close
2003-11-05,125.69,index_points,RU,close
2003-11-06,125.63,index_points,RU,close
2003-11-10,125.77,index_points,RU,close
2003-11-11,125.41,index_points,RU,close
2003-11-12,124.63,index_points,RU,close
2003-11-13,125.23,index_points,RU,close
2003-11-14,125.24,index_points,RU,close
2003-11-17,125.22,index_points,RU,close
2003-11-18,124.97,index_points,RU,close
2003-11-19,124.94,index_points,RU,close
2003-11-20,125.23,index_points,RU,close
2003-11-21,125.29,index_points,RU,close
2003-11-24,125.4,index_points,RU,close
2003-11-25,125.5,index_points,RU,close
2003-11-26,125.57,index_points,RU,close
2003-11-27,125.6,index_points,RU,close
2003-11-28,125.37,index_points,RU,close
2003-12-01,125.56,index_points,RU,close
2003-12-02,125.59,index_points,RU,close
2003-12-03,125.7,index_points,RU,close
2003-12-04,125.79,index_points,RU,close
2003-12-05,125.98,index_points,RU,close
2003-12-08,126.11,index_points,RU,close
2003-12-09,126.16,index_points,RU,close
2003-12-10,126.15,index_points,RU,close
2003-12-11,126.4,index_points,RU,close
2003-12-15,126.34,index_points,RU,close
2003-12-16,126.45,index_points,RU,close
2003-12-17,126.64,index_points,RU,close
2003-12-18,126.65,index_points,RU,close
2003-12-19,126.7,index_points,RU,close
2003-12-22,126.74,index_points,RU,close
2003-12-23,126.79,index_points,RU,close
2003-12-24,126.9,index_points,RU,close
2003-12-25,127,index_points,RU,close
2003-12-26,127.01,index_points,RU,close
2003-12-29,127.12,index_points,RU,close
2003-12-30,127.73,index_points,RU,close
2004-01-05,127.91,index_points,RU,close
2004-01-06,128.56,index_points,RU,close
2004-01-08,130.69,index_points,RU,close
2004-01-09,130.77,index_points,RU,close
2004-01-12,130.77,index_points,RU,close
2004-01-13,130.69,index_points,RU,close
2004-01-14,130.56,index_points,RU,close
2004-01-15,130.8,index_points,RU,close
2004-01-16,130.9,index_points,RU,close
2004-01-19,130.85,index_points,RU,close
2004-01-20,130.44,index_points,RU,close
2004-01-21,130.29,index_points,RU,close
2004-01-22,130.96,index_points,RU,close
2004-01-23,131.18,index_points,RU,close
2004-01-26,131.49,index_points,RU,close
2004-01-27,131.58,index_points,RU,close
2004-01-28,131.77,index_points,RU,close
2004-01-29,131.81,index_points,RU,close
2004-01-30,131.57,index_points,RU,close
2004-02-02,131.25,index_points,RU,close
2004-02-03,131.39,index_points,RU,close
2004-02-04,131.32,index_points,RU,close
2004-02-05,131.31,index_points,RU,close
2004-02-06,131.2,index_points,RU,close
2004-02-09,131.38,index_points,RU,close
2004-02-10,131.29,index_points,RU,close
2004-02-11,131.16,index_points,RU,close
2004-02-12,131.26,index_points,RU,close
2004-02-13,131.51,index_points,RU,close
2004-02-16,131.7,index_points,RU,close
2004-02-17,131.78,index_points,RU,close
2004-02-18,131.97,index_points,RU,close
2004-02-19,132.26,index_points,RU,close
2004-02-20,132.34,index_points,RU,close
2004-02-24,132.2,index_points,RU,close
2004-02-25,132.43,index_points,RU,close
2004-02-26,132.62,index_points,RU,close
2004-02-27,132.7,index_points,RU,close
2004-03-01,133.45,index_points,RU,close
2004-03-02,132.82,index_points,RU,close
2004-03-03,132.67,index_points,RU,close
2004-03-04,132.83,index_points,RU,close
2004-03-05,132.92,index_points,RU,close
2004-03-09,133.19,index_points,RU,close
2004-03-10,133.4,index_points,RU,close
2004-03-11,133.58,index_points,RU,close
2004-03-12,133.78,index_points,RU,close
2004-03-15,134.12,index_points,RU,close
2004-03-16,134.17,index_points,RU,close
2004-03-17,135.19,index_points,RU,close
2004-03-18,135.65,index_points,RU,close
2004-03-19,135.79,index_points,RU,close
2004-03-22,135.96,index_points,RU,close
2004-03-23,136.12,index_points,RU,close
2004-03-24,136.06,index_points,RU,close
2004-03-25,135.96,index_points,RU,close
2004-03-26,135.84,index_points,RU,close
2004-03-29,136.21,index_points,RU,close
2004-03-30,136.24,index_points,RU,close
2004-03-31,136.47,index_points,RU,close
2004-04-01,136.6,index_points,RU,close
2004-04-02,137.03,index_points,RU,close
2004-04-05,136.71,index_points,RU,close
2004-04-06,136.64,index_points,RU,close
2004-04-07,136.78,index_points,RU,close
2004-04-08,137.06,index_points,RU,close
2004-04-09,137.22,index_points,RU,close
2004-04-12,137.1,index_points,RU,close
2004-04-13,136.64,index_points,RU,close
2004-04-14,136.44,index_points,RU,close
2004-04-15,136.33,index_points,RU,close
2004-04-16,136.26,index_points,RU,close
2004-04-19,135.75,index_points,RU,close
2004-04-20,135.46,index_points,RU,close
2004-04-21,135.09,index_points,RU,close
2004-04-22,135.05,index_points,RU,close
2004-04-23,135.17,index_points,RU,close
2004-04-26,135.09,index_points,RU,close
2004-04-27,135.17,index_points,RU,close
2004-04-28,135.4,index_points,RU,close
2004-04-29,134.82,index_points,RU,close
2004-04-30,135.3,index_points,RU,close
2004-05-05,134.89,index_points,RU,close
2004-05-06,134.59,index_points,RU,close
2004-05-07,134.59,index_points,RU,close
2004-05-11,134.02,index_points,RU,close
2004-05-12,133.31,index_points,RU,close
2004-05-13,133.1,index_points,RU,close
2004-05-14,131.93,index_points,RU,close
2004-05-17,131.87,index_points,RU,close
2004-05-18,132.53,index_points,RU,close
2004-05-19,132.76,index_points,RU,close
2004-05-20,133.34,index_points,RU,close
2004-05-21,133.38,index_points,RU,close
2004-05-24,133.66,index_points,RU,close
2004-05-25,133.46,index_points,RU,close
2004-05-26,133.46,index_points,RU,close
2004-05-27,133.62,index_points,RU,close
2004-05-28,133.92,index_points,RU,close
2004-05-31,134.6,index_points,RU,close
2004-06-01,134.59,index_points,RU,close
2004-06-02,134.41,index_points,RU,close
2004-06-03,134.6,index_points,RU,close
2004-06-04,134.29,index_points,RU,close
2004-06-07,133.96,index_points,RU,close
2004-06-08,133.72,index_points,RU,close
2004-06-09,133.66,index_points,RU,close
2004-06-10,133.36,index_points,RU,close
2004-06-11,133.31,index_points,RU,close
2004-06-15,132.75,index_points,RU,close
2004-06-16,133.19,index_points,RU,close
2004-06-17,133.5,index_points,RU,close
2004-06-18,134.11,index_points,RU,close
2004-06-21,134.58,index_points,RU,close
2004-06-22,134.65,index_points,RU,close
2004-06-23,134.39,index_points,RU,close
2004-06-24,134.63,index_points,RU,close
2004-06-25,134.23,index_points,RU,close
2004-06-28,134.51,index_points,RU,close
2004-06-29,134.76,index_points,RU,close
2004-06-30,135,index_points,RU,close
2004-07-01,134.67,index_points,RU,close
2004-07-02,134.71,index_points,RU,close
2004-07-05,134.8,index_points,RU,close
2004-07-06,134.63,index_points,RU,close
2004-07-07,133.86,index_points,RU,close
2004-07-08,133.92,index_points,RU,close
2004-07-09,134,index_points,RU,close
2004-07-12,134.52,index_points,RU,close
2004-07-13,134.33,index_points,RU,close
2004-07-14,134.93,index_points,RU,close
2004-07-15,135.45,index_points,RU,close
2004-07-16,135.79,index_points,RU,close
2004-07-19,135.92,index_points,RU,close
2004-07-20,136.02,index_points,RU,close
2004-07-21,135.71,index_points,RU,close
2004-07-22,135.83,index_points,RU,close
2004-07-23,135.91,index_points,RU,close
2004-07-26,136.02,index_points,RU,close
2004-07-27,136.18,index_points,RU,close
2004-07-28,135.84,index_points,RU,close
2004-07-29,135.79,index_points,RU,close
2004-07-30,135.89,index_points,RU,close
2004-08-02,136.04,index_points,RU,close
2004-08-03,135.84,index_points,RU,close
2004-08-04,135.82,index_points,RU,close
2004-08-05,135.98,index_points,RU,close
2004-08-06,136.02,index_points,RU,close
2004-08-09,136.13,index_points,RU,close
2004-08-10,136.13,index_points,RU,close
2004-08-11,136.21,index_points,RU,close
2004-08-12,136.22,index_points,RU,close
2004-08-13,136.25,index_points,RU,close
2004-08-16,136.2,index_points,RU,close
2004-08-17,136.17,index_points,RU,close
2004-08-18,136.15,index_points,RU,close
2004-08-19,136.26,index_points,RU,close
2004-08-20,136.46,index_points,RU,close
2004-08-23,136.42,index_points,RU,close
2004-08-24,136.24,index_points,RU,close
2004-08-25,136.25,index_points,RU,close
2004-08-26,136.43,index_points,RU,close
2004-08-27,136.49,index_points,RU,close
2004-08-30,136.24,index_points,RU,close
2004-08-31,136.57,index_points,RU,close
2004-09-01,136.69,index_points,RU,close
2004-09-02,136.57,index_points,RU,close
2004-09-03,136.69,index_points,RU,close
2004-09-06,136.71,index_points,RU,close
2004-09-07,136.88,index_points,RU,close
2004-09-08,136.65,index_points,RU,close
2004-09-09,136.73,index_points,RU,close
2004-09-10,136.7,index_points,RU,close
2004-09-13,136.75,index_points,RU,close
2004-09-14,137.03,index_points,RU,close
2004-09-15,136.97,index_points,RU,close
2004-09-16,137.08,index_points,RU,close
2004-09-17,137.07,index_points,RU,close
2004-09-20,137.34,index_points,RU,close
2004-09-21,137.47,index_points,RU,close
2004-09-22,137.53,index_points,RU,close
2004-09-23,137.52,index_points,RU,close
2004-09-24,137.57,index_points,RU,close
2004-09-27,137.55,index_points,RU,close
2004-09-28,137.67,index_points,RU,close
2004-09-29,137.65,index_points,RU,close
2004-09-30,137.7,index_points,RU,close
2004-10-01,137.66,index_points,RU,close
2004-10-04,137.81,index_points,RU,close
2004-10-05,137.77,index_points,RU,close
2004-10-06,137.93,index_points,RU,close
2004-10-07,138.76,index_points,RU,close
2004-10-08,138.55,index_points,RU,close
2004-10-11,138.71,index_points,RU,close
2004-10-12,138.71,index_points,RU,close
2004-10-13,138.69,index_points,RU,close
2004-10-14,138.71,index_points,RU,close
2004-10-15,138.69,index_points,RU,close
2004-10-18,138.4,index_points,RU,close
2004-10-19,138.7,index_points,RU,close
2004-10-20,138.63,index_points,RU,close
2004-10-21,138.68,index_points,RU,close
2004-10-22,139.11,index_points,RU,close
2004-10-25,139.17,index_points,RU,close
2004-10-26,139.27,index_points,RU,close
2004-10-27,139.24,index_points,RU,close
2004-10-28,139.18,index_points,RU,close
2004-10-29,139.13,index_points,RU,close
2004-11-01,139.23,index_points,RU,close
2004-11-02,139.21,index_points,RU,close
2004-11-03,139.26,index_points,RU,close
2004-11-04,139.41,index_points,RU,close
2004-11-05,139.31,index_points,RU,close
2004-11-09,139.45,index_points,RU,close
2004-11-10,139.44,index_points,RU,close
2004-11-11,139.38,index_points,RU,close
2004-11-12,139.45,index_points,RU,close
2004-11-15,139.52,index_points,RU,close
2004-11-16,139.69,index_points,RU,close
2004-11-17,139.74,index_points,RU,close
2004-11-18,140.12,index_points,RU,close
2004-11-19,140.25,index_points,RU,close
2004-11-22,140.22,index_points,RU,close
2004-11-23,140.37,index_points,RU,close
2004-11-24,140.43,index_points,RU,close
2004-11-25,140.31,index_points,RU,close
2004-11-26,140.17,index_points,RU,close
2004-11-29,140.22,index_points,RU,close
2004-11-30,140,index_points,RU,close
2004-12-01,139.87,index_points,RU,close
2004-12-02,140.07,index_points,RU,close
2004-12-03,140.07,index_points,RU,close
2004-12-06,140.16,index_points,RU,close
2004-12-07,140.4,index_points,RU,close
2004-12-08,140.33,index_points,RU,close
2004-12-09,140.2,index_points,RU,close
2004-12-10,140.11,index_points,RU,close
2004-12-14,140.25,index_points,RU,close
2004-12-15,140.28,index_points,RU,close
2004-12-16,140.47,index_points,RU,close
2004-12-17,140.51,index_points,RU,close
2004-12-20,140.58,index_points,RU,close
2004-12-21,140.53,index_points,RU,close
2004-12-22,140.46,index_points,RU,close
2004-12-23,140.68,index_points,RU,close
2004-12-24,140.77,index_points,RU,close
2004-12-27,140.91,index_points,RU,close
2004-12-28,141.08,index_points,RU,close
2004-12-29,141.36,index_points,RU,close
2004-12-30,141.64,index_points,RU,close
2005-01-11,141.81,index_points,RU,close
2005-01-12,141.74,index_points,RU,close
2005-01-13,141.8,index_points,RU,close
2005-01-14,141.67,index_points,RU,close
2005-01-17,141.7,index_points,RU,close
2005-01-18,141.46,index_points,RU,close
2005-01-19,141.24,index_points,RU,close
2005-01-20,141.15,index_points,RU,close
2005-01-21,141.05,index_points,RU,close
2005-01-24,141.18,index_points,RU,close
2005-01-25,141.42,index_points,RU,close
2005-01-26,141.28,index_points,RU,close
2005-01-27,141.36,index_points,RU,close
2005-01-28,141.47,index_points,RU,close
2005-01-31,141.87,index_points,RU,close
2005-02-01,142.08,index_points,RU,close
2005-02-02,142.07,index_points,RU,close
2005-02-03,142.08,index_points,RU,close
2005-02-04,142.3,index_points,RU,close
2005-02-07,142.46,index_points,RU,close
2005-02-08,142.42,index_points,RU,close
2005-02-09,142.37,index_points,RU,close
2005-02-10,142.28,index_points,RU,close
2005-02-11,142.34,index_points,RU,close
2005-02-14,142.3,index_points,RU,close
2005-02-15,142.29,index_points,RU,close
2005-02-16,142.3,index_points,RU,close
2005-02-17,142.31,index_points,RU,close
2005-02-18,142.39,index_points,RU,close
2005-02-21,142.57,index_points,RU,close
2005-02-22,142.45,index_points,RU,close
2005-02-24,142.53,index_points,RU,close
2005-02-25,142.67,index_points,RU,close
2005-02-28,142.74,index_points,RU,close
2005-03-01,142.7,index_points,RU,close
2005-03-02,142.77,index_points,RU,close
2005-03-03,142.79,index_points,RU,close
2005-03-04,142.8,index_points,RU,close
2005-03-05,142.84,index_points,RU,close
2005-03-09,142.95,index_points,RU,close
2005-03-10,142.86,index_points,RU,close
2005-03-11,142.88,index_points,RU,close
2005-03-14,142.94,index_points,RU,close
2005-03-15,143.1,index_points,RU,close
2005-03-16,142.87,index_points,RU,close
2005-03-17,142.78,index_points,RU,close
2005-03-18,142.79,index_points,RU,close
2005-03-21,142.71,index_points,RU,close
2005-03-22,142.85,index_points,RU,close
2005-03-23,142.85,index_points,RU,close
2005-03-24,142.86,index_points,RU,close
2005-03-25,142.91,index_points,RU,close
2005-03-28,143.01,index_points,RU,close
2005-03-29,143.15,index_points,RU,close
2005-03-30,143.03,index_points,RU,close
2005-03-31,143.12,index_points,RU,close
2005-04-01,143.29,index_points,RU,close
2005-04-04,143.4,index_points,RU,close
2005-04-05,143.41,index_points,RU,close
2005-04-06,143.66,index_points,RU,close
2005-04-07,143.52,index_points,RU,close
2005-04-08,143.67,index_points,RU,close
2005-04-11,143.76,index_points,RU,close
2005-04-12,143.86,index_points,RU,close
2005-04-13,143.85,index_points,RU,close
2005-04-14,143.76,index_points,RU,close
2005-04-15,143.78,index_points,RU,close
2005-04-18,143.84,index_points,RU,close
2005-04-19,143.81,index_points,RU,close
2005-04-20,143.85,index_points,RU,close
2005-04-21,143.95,index_points,RU,close
2005-04-22,144.03,index_points,RU,close
2005-04-25,144.3,index_points,RU,close
2005-04-26,144.08,index_points,RU,close
2005-04-27,144.16,index_points,RU,close
2005-04-28,144.24,index_points,RU,close
2005-04-29,144.25,index_points,RU,close
2005-05-03,144.39,index_points,RU,close
2005-05-04,144.41,index_points,RU,close
2005-05-05,144.48,index_points,RU,close
2005-05-06,144.57,index_points,RU,close
2005-05-11,144.61,index_points,RU,close
2005-05-12,144.58,index_points,RU,close
2005-05-13,144.63,index_points,RU,close
2005-05-14,144.67,index_points,RU,close
2005-05-16,144.62,index_points,RU,close
2005-05-17,144.62,index_points,RU,close
2005-05-18,144.77,index_points,RU,close
2005-05-19,144.84,index_points,RU,close
2005-05-20,145.03,index_points,RU,close
2005-05-23,145.07,index_points,RU,close
2005-05-24,145.02,index_points,RU,close
2005-05-25,145.02,index_points,RU,close
2005-05-26,145.11,index_points,RU,close
2005-05-27,145.09,index_points,RU,close
2005-05-30,145.21,index_points,RU,close
2005-05-31,145.13,index_points,RU,close
2005-06-01,145.1,index_points,RU,close
2005-06-02,145.11,index_points,RU,close
2005-06-03,145.29,index_points,RU,close
2005-06-06,145.39,index_points,RU,close
2005-06-07,145.34,index_points,RU,close
2005-06-08,145.68,index_points,RU,close
2005-06-09,145.69,index_points,RU,close
2005-06-10,145.5,index_points,RU,close
2005-06-14,145.62,index_points,RU,close
2005-06-15,145.67,index_points,RU,close
2005-06-16,145.74,index_points,RU,close
2005-06-20,145.99,index_points,RU,close
2005-06-21,145.91,index_points,RU,close
2005-06-22,145.94,index_points,RU,close
2005-06-23,146.02,index_points,RU,close
2005-06-24,146.07,index_points,RU,close
2005-06-27,146.04,index_points,RU,close
2005-06-28,146.22,index_points,RU,close
2005-06-29,146.35,index_points,RU,close
2005-06-30,146.46,index_points,RU,close
2005-07-01,146.51,index_points,RU,close
2005-07-04,146.69,index_points,RU,close
2005-07-05,146.5,index_points,RU,close
2005-07-06,146.56,index_points,RU,close
2005-07-07,146.64,index_points,RU,close
2005-07-08,146.68,index_points,RU,close
2005-07-11,146.73,index_points,RU,close
2005-07-12,146.82,index_points,RU,close
2005-07-13,146.89,index_points,RU,close
2005-07-14,146.99,index_points,RU,close
2005-07-15,147.01,index_points,RU,close
2005-07-18,147.12,index_points,RU,close
2005-07-19,146.76,index_points,RU,close
2005-07-20,147.14,index_points,RU,close
2005-07-21,147.2,index_points,RU,close
2005-07-22,147.23,index_points,RU,close
2005-07-25,147.06,index_points,RU,close
2005-07-26,147.08,index_points,RU,close
2005-07-27,147.32,index_points,RU,close
2005-07-28,147.4,index_points,RU,close
2005-07-29,147.46,index_points,RU,close
2005-08-01,147.62,index_points,RU,close
2005-08-02,147.6,index_points,RU,close
2005-08-03,147.77,index_points,RU,close
2005-08-04,148.19,index_points,RU,close
2005-08-05,148.62,index_points,RU,close
2005-08-08,148.79,index_points,RU,close
2005-08-09,148.67,index_points,RU,close
2005-08-10,149.08,index_points,RU,close
2005-08-11,149.6,index_points,RU,close
2005-08-12,150.11,index_points,RU,close
2005-08-15,150.31,index_points,RU,close
2005-08-16,150.63,index_points,RU,close
2005-08-17,150.92,index_points,RU,close
2005-08-18,151.21,index_points,RU,close
2005-08-19,151.13,index_points,RU,close
2005-08-22,151.3,index_points,RU,close
2005-08-23,151.25,index_points,RU,close
2005-08-24,151.5,index_points,RU,close
2005-08-25,151.58,index_points,RU,close
2005-08-26,151.6,index_points,RU,close
2005-08-29,151.69,index_points,RU,close
2005-08-30,151.69,index_points,RU,close
2005-08-31,151.78,index_points,RU,close
2005-09-01,152.01,index_points,RU,close
2005-09-02,152.75,index_points,RU,close
2005-09-05,153.53,index_points,RU,close
2005-09-06,153.51,index_points,RU,close
2005-09-07,153.4,index_points,RU,close
2005-09-08,153.6,index_points,RU,close
2005-09-09,153.94,index_points,RU,close
2005-09-12,154.31,index_points,RU,close
2005-09-13,154.45,index_points,RU,close
2005-09-14,155.08,index_points,RU,close
2005-09-15,154.71,index_points,RU,close
2005-09-16,154.67,index_points,RU,close
2005-09-19,155.05,index_points,RU,close
2005-09-20,155.29,index_points,RU,close
2005-09-21,155.42,index_points,RU,close
2005-09-22,155.38,index_points,RU,close
2005-09-23,155.34,index_points,RU,close
2005-09-26,155.36,index_points,RU,close
2005-09-27,155.46,index_points,RU,close
2005-09-28,155.62,index_points,RU,close
2005-09-29,155.77,index_points,RU,close
2005-09-30,156.08,index_points,RU,close
2005-10-03,156.56,index_points,RU,close
2005-10-04,156.58,index_points,RU,close
2005-10-05,156.87,index_points,RU,close
2005-10-06,156.02,index_points,RU,close
2005-10-07,155.62,index_points,RU,close
2005-10-10,155.74,index_points,RU,close
2005-10-11,156.24,index_points,RU,close
2005-10-12,156.01,index_points,RU,close
2005-10-13,155.37,index_points,RU,close
2005-10-14,154.21,index_points,RU,close
2005-10-17,154.37,index_points,RU,close
2005-10-18,154.73,index_points,RU,close
2005-10-19,154.44,index_points,RU,close
2005-10-20,154.58,index_points,RU,close
2005-10-21,154.33,index_points,RU,close
2005-10-24,154.44,index_points,RU,close
2005-10-25,154.16,index_points,RU,close
2005-10-26,154.07,index_points,RU,close
2005-10-27,154.06,index_points,RU,close
2005-10-28,154.34,index_points,RU,close
2005-10-31,154.58,index_points,RU,close
2005-11-01,154.97,index_points,RU,close
2005-11-02,155.43,index_points,RU,close
2005-11-03,155.57,index_points,RU,close
2005-11-07,154.24,index_points,RU,close
2005-11-08,153.82,index_points,RU,close
2005-11-09,153.89,index_points,RU,close
2005-11-10,153.9,index_points,RU,close
2005-11-11,153.81,index_points,RU,close
2005-11-14,153.87,index_points,RU,close
2005-11-15,153.79,index_points,RU,close
2005-11-16,153.75,index_points,RU,close
2005-11-17,154.16,index_points,RU,close
2005-11-18,154.31,index_points,RU,close
2005-11-21,154.46,index_points,RU,close
2005-11-22,154.74,index_points,RU,close
2005-11-23,155.1,index_points,RU,close
2005-11-24,155.46,index_points,RU,close
2005-11-25,155.68,index_points,RU,close
2005-11-28,155.75,index_points,RU,close
2005-11-29,155.56,index_points,RU,close
2005-11-30,155.5,index_points,RU,close
2005-12-01,155.41,index_points,RU,close
2005-12-02,155.55,index_points,RU,close
2005-12-05,155.62,index_points,RU,close
2005-12-06,155.47,index_points,RU,close
2005-12-07,155.69,index_points,RU,close
2005-12-08,155.76,index_points,RU,close
2005-12-09,155.75,index_points,RU,close
2005-12-12,156.11,index_points,RU,close
2005-12-13,156.2,index_points,RU,close
2005-12-14,156.11,index_points,RU,close
2005-12-15,156.3,index_points,RU,close
2005-12-16,156.39,index_points,RU,close
2005-12-19,156.54,index_points,RU,close
2005-12-20,156.74,index_points,RU,close
2005-12-21,156.63,index_points,RU,close
2005-12-22,156.89,index_points,RU,close
2005-12-23,157.16,index_points,RU,close
2005-12-26,157.43,index_points,RU,close
2005-12-27,157.52,index_points,RU,close
2005-12-28,157.57,index_points,RU,close
2005-12-29,158.13,index_points,RU,close
2006-01-10,158.2,index_points,RU,close
2006-01-11,158.55,index_points,RU,close
2006-01-12,159.43,index_points,RU,close
2006-01-13,159.66,index_points,RU,close
2006-01-16,159.87,index_points,RU,close
2006-01-17,159.9,index_points,RU,close
2006-01-18,159.59,index_points,RU,close
2006-01-19,159.5,index_points,RU,close
2006-01-20,159.77,index_points,RU,close
2006-01-23,159.74,index_points,RU,close
2006-01-24,159.7,index_points,RU,close
2006-01-25,159.64,index_points,RU,close
2006-01-26,159.37,index_points,RU,close
2006-01-27,159.15,index_points,RU,close
2006-01-30,158.87,index_points,RU,close
2006-01-31,159.24,index_points,RU,close
2006-02-01,159.28,index_points,RU,close
2006-02-02,159.4,index_points,RU,close
2006-02-03,159.36,index_points,RU,close
2006-02-06,159.4,index_points,RU,close
2006-02-07,159.18,index_points,RU,close
2006-02-08,159.15,index_points,RU,close
2006-02-09,159.34,index_points,RU,close
2006-02-10,159.48,index_points,RU,close
2006-02-13,159.28,index_points,RU,close
2006-02-14,159.34,index_points,RU,close
2006-02-15,159.37,index_points,RU,close
2006-02-16,159.35,index_points,RU,close
2006-02-17,159.13,index_points,RU,close
2006-02-20,159.45,index_points,RU,close
2006-02-21,159.46,index_points,RU,close
2006-02-22,159.39,index_points,RU,close
2006-02-26,159.43,index_points,RU,close
2006-02-27,159.52,index_points,RU,close
2006-02-28,159.65,index_points,RU,close
2006-03-01,159.58,index_points,RU,close
2006-03-02,159.64,index_points,RU,close
2006-03-03,159.63,index_points,RU,close
2006-03-06,159.38,index_points,RU,close
2006-03-07,158.56,index_points,RU,close
2006-03-09,158.66,index_points,RU,close
2006-03-10,158.85,index_points,RU,close
2006-03-13,158.87,index_points,RU,close
2006-03-14,158.97,index_points,RU,close
2006-03-15,159.09,index_points,RU,close
2006-03-16,159.18,index_points,RU,close
2006-03-17,159.49,index_points,RU,close
2006-03-20,159.63,index_points,RU,close
2006-03-21,159.58,index_points,RU,close
2006-03-22,159.46,index_points,RU,close
2006-03-23,159.64,index_points,RU,close
2006-03-24,159.69,index_points,RU,close
2006-03-27,159.77,index_points,RU,close
2006-03-28,159.87,index_points,RU,close
2006-03-29,159.8,index_points,RU,close
2006-03-30,160.15,index_points,RU,close
2006-03-31,160.25,index_points,RU,close
2006-04-03,160.22,index_points,RU,close
2006-04-04,160.11,index_points,RU,close
2006-04-05,160.16,index_points,RU,close
2006-04-06,160.19,index_points,RU,close
2006-04-07,160.18,index_points,RU,close
2006-04-10,160.14,index_points,RU,close
2006-04-11,160.15,index_points,RU,close
2006-04-12,160.07,index_points,RU,close
2006-04-13,159.98,index_points,RU,close
2006-04-14,159.89,index_points,RU,close
2006-04-17,160.11,index_points,RU,close
2006-04-18,159.97,index_points,RU,close
2006-04-19,160.11,index_points,RU,close
2006-04-20,160.07,index_points,RU,close
2006-04-21,160.14,index_points,RU,close
2006-04-24,160.06,index_points,RU,close
2006-04-25,159.9,index_points,RU,close
2006-04-26,159.75,index_points,RU,close
2006-04-27,159.82,index_points,RU,close
2006-04-28,159.77,index_points,RU,close
2006-05-02,159.93,index_points,RU,close
2006-05-03,159.78,index_points,RU,close
2006-05-04,159.86,index_points,RU,close
2006-05-05,160,index_points,RU,close
2006-05-06,160.35,index_points,RU,close
2006-05-10,160.54,index_points,RU,close
2006-05-11,160.54,index_points,RU,close
2006-05-12,160.97,index_points,RU,close
2006-05-15,160.77,index_points,RU,close
2006-05-16,160.81,index_points,RU,close
2006-05-17,160.98,index_points,RU,close
2006-05-18,161.02,index_points,RU,close
2006-05-19,161.08,index_points,RU,close
2006-05-22,161,index_points,RU,close
2006-05-23,160.84,index_points,RU,close
2006-05-24,160.96,index_points,RU,close
2006-05-25,160.99,index_points,RU,close
2006-05-26,161.2,index_points,RU,close
2006-05-29,161.34,index_points,RU,close
2006-05-30,161.37,index_points,RU,close
2006-05-31,161.41,index_points,RU,close
2006-06-01,161.35,index_points,RU,close
2006-06-02,160.41,index_points,RU,close
2006-06-05,160.76,index_points,RU,close
2006-06-06,161.79,index_points,RU,close
2006-06-07,161.81,index_points,RU,close
2006-06-08,161.73,index_points,RU,close
2006-06-09,161.79,index_points,RU,close
2006-06-13,161.66,index_points,RU,close
2006-06-14,161.61,index_points,RU,close
2006-06-15,161.35,index_points,RU,close
2006-06-16,161.52,index_points,RU,close
2006-06-19,161.61,index_points,RU,close
2006-06-20,161.61,index_points,RU,close
2006-06-21,161.54,index_points,RU,close
2006-06-22,161.67,index_points,RU,close
2006-06-23,161.69,index_points,RU,close
2006-06-26,161.81,index_points,RU,close
2006-06-27,161.74,index_points,RU,close
2006-06-28,161.59,index_points,RU,close
2006-06-29,161.8,index_points,RU,close
2006-06-30,162.33,index_points,RU,close
2006-07-03,162.37,index_points,RU,close
2006-07-04,162.45,index_points,RU,close
2006-07-05,162.42,index_points,RU,close
2006-07-06,162.27,index_points,RU,close
2006-07-07,162.43,index_points,RU,close
2006-07-10,162.55,index_points,RU,close
2006-07-11,162.68,index_points,RU,close
2006-07-12,162.66,index_points,RU,close
2006-07-13,162.79,index_points,RU,close
2006-07-14,162.83,index_points,RU,close
2006-07-17,162.89,index_points,RU,close
2006-07-18,162.8,index_points,RU,close
2006-07-19,162.85,index_points,RU,close
2006-07-20,163.1,index_points,RU,close
2006-07-21,163.13,index_points,RU,close
2006-07-24,163.24,index_points,RU,close
2006-07-25,163.39,index_points,RU,close
2006-07-26,163.39,index_points,RU,close
2006-07-27,163.43,index_points,RU,close
2006-07-28,163.53,index_points,RU,close
2006-07-31,163.56,index_points,RU,close
2006-08-01,163.78,index_points,RU,close
2006-08-02,163.91,index_points,RU,close
2006-08-03,163.97,index_points,RU,close
2006-08-04,164.06,index_points,RU,close
2006-08-07,164.21,index_points,RU,close
2006-08-08,164.16,index_points,RU,close
2006-08-09,164.21,index_points,RU,close
2006-08-10,164.34,index_points,RU,close
2006-08-11,164.46,index_points,RU,close
2006-08-14,164.57,index_points,RU,close
2006-08-15,164.59,index_points,RU,close
2006-08-16,164.76,index_points,RU,close
2006-08-17,164.98,index_points,RU,close
2006-08-18,165.02,index_points,RU,close
2006-08-21,165.1,index_points,RU,close
2006-08-22,165.14,index_points,RU,close
2006-08-23,165.14,index_points,RU,close
2006-08-24,165.06,index_points,RU,close
2006-08-25,165.18,index_points,RU,close
2006-08-28,165.34,index_points,RU,close
2006-08-29,165.28,index_points,RU,close
2006-08-30,165.42,index_points,RU,close
2006-08-31,165.63,index_points,RU,close
2006-09-01,165.73,index_points,RU,close
2006-09-04,165.76,index_points,RU,close
2006-09-05,165.87,index_points,RU,close
2006-09-06,165.84,index_points,RU,close
2006-09-07,165.84,index_points,RU,close
2006-09-08,166.01,index_points,RU,close
2006-09-11,165.96,index_points,RU,close
2006-09-12,165.96,index_points,RU,close
2006-09-13,166.01,index_points,RU,close
2006-09-14,166.21,index_points,RU,close
2006-09-15,166.32,index_points,RU,close
2006-09-18,166.5,index_points,RU,close
2006-09-19,166.55,index_points,RU,close
2006-09-20,166.57,index_points,RU,close
2006-09-21,166.64,index_points,RU,close
2006-09-22,166.71,index_points,RU,close
2006-09-25,166.82,index_points,RU,close
2006-09-26,166.84,index_points,RU,close
2006-09-27,167.01,index_points,RU,close
2006-09-28,167.19,index_points,RU,close
2006-09-29,167.24,index_points,RU,close
2006-10-02,167.28,index_points,RU,close
2006-10-03,167.29,index_points,RU,close
2006-10-04,167.29,index_points,RU,close
2006-10-05,167.39,index_points,RU,close
2006-10-06,167.46,index_points,RU,close
2006-10-09,167.48,index_points,RU,close
2006-10-10,167.44,index_points,RU,close
2006-10-11,167.46,index_points,RU,close
2006-10-12,167.5,index_points,RU,close
2006-10-13,167.55,index_points,RU,close
2006-10-16,167.66,index_points,RU,close
2006-10-17,167.72,index_points,RU,close
2006-10-18,167.78,index_points,RU,close
2006-10-19,167.85,index_points,RU,close
2006-10-20,167.9,index_points,RU,close
2006-10-23,167.82,index_points,RU,close
2006-10-24,167.8,index_points,RU,close
2006-10-25,167.83,index_points,RU,close
2006-10-26,167.83,index_points,RU,close
2006-10-27,167.78,index_points,RU,close
2006-10-30,167.93,index_points,RU,close
2006-10-31,167.83,index_points,RU,close
2006-11-01,167.95,index_points,RU,close
2006-11-02,167.97,index_points,RU,close
2006-11-03,168.05,index_points,RU,close
2006-11-07,167.44,index_points,RU,close
2006-11-08,167.34,index_points,RU,close
2006-11-09,167.25,index_points,RU,close
2006-11-10,167.32,index_points,RU,close
2006-11-13,167.22,index_points,RU,close
2006-11-14,167.09,index_points,RU,close
2006-11-15,166.84,index_points,RU,close
2006-11-16,167.13,index_points,RU,close
2006-11-17,167.17,index_points,RU,close
2006-11-20,167,index_points,RU,close
2006-11-21,167.02,index_points,RU,close
2006-11-22,167.28,index_points,RU,close
2006-11-23,167.34,index_points,RU,close
2006-11-24,167.56,index_points,RU,close
2006-11-27,167.63,index_points,RU,close
2006-11-28,167.53,index_points,RU,close
2006-11-29,167.52,index_points,RU,close
2006-11-30,167.71,index_points,RU,close
2006-12-01,167.79,index_points,RU,close
2006-12-04,167.99,index_points,RU,close
2006-12-05,168.13,index_points,RU,close
2006-12-06,168.01,index_points,RU,close
2006-12-07,168.1,index_points,RU,close
2006-12-08,168.25,index_points,RU,close
2006-12-11,168.31,index_points,RU,close
2006-12-12,168.16,index_points,RU,close
2006-12-13,168.29,index_points,RU,close
2006-12-14,168.25,index_points,RU,close
2006-12-15,168.31,index_points,RU,close
2006-12-18,168.4,index_points,RU,close
2006-12-19,168.43,index_points,RU,close
2006-12-20,168.49,index_points,RU,close
2006-12-21,168.45,index_points,RU,close
2006-12-22,168.58,index_points,RU,close
2006-12-25,168.51,index_points,RU,close
2006-12-26,168.67,index_points,RU,close
2006-12-27,168.99,index_points,RU,close
2006-12-28,169.1,index_points,RU,close
2007-01-09,169.44,index_points,RU,close
2007-01-10,169.26,index_points,RU,close
2007-01-11,169.37,index_points,RU,close
2007-01-12,169.15,index_points,RU,close
2007-01-15,169.45,index_points,RU,close
2007-01-16,169.35,index_points,RU,close
2007-01-17,169.41,index_points,RU,close
2007-01-18,169.34,index_points,RU,close
2007-01-19,169.23,index_points,RU,close
2007-01-22,169.11,index_points,RU,close
2007-01-23,169.11,index_points,RU,close
2007-01-24,169.29,index_points,RU,close
2007-01-25,169.27,index_points,RU,close
2007-01-26,169.22,index_points,RU,close
2007-01-29,169.3,index_points,RU,close
2007-01-30,169.27,index_points,RU,close
2007-01-31,169.32,index_points,RU,close
2007-02-01,169.36,index_points,RU,close
2007-02-02,169.68,index_points,RU,close
2007-02-05,170.02,index_points,RU,close
2007-02-06,170.11,index_points,RU,close
2007-02-07,170.1,index_points,RU,close
2007-02-08,170.09,index_points,RU,close
2007-02-09,170.16,index_points,RU,close
2007-02-12,170.22,index_points,RU,close
2007-02-13,170.02,index_points,RU,close
2007-02-14,170.16,index_points,RU,close
2007-02-15,170.33,index_points,RU,close
2007-02-16,170.35,index_points,RU,close
2007-02-19,170.26,index_points,RU,close
2007-02-20,170.24,index_points,RU,close
2007-02-21,170.46,index_points,RU,close
2007-02-22,170.36,index_points,RU,close
2007-02-26,170.55,index_points,RU,close
2007-02-27,170.55,index_points,RU,close
2007-02-28,170.46,index_points,RU,close
2007-03-01,170.42,index_points,RU,close
2007-03-02,170.21,index_points,RU,close
2007-03-05,170.25,index_points,RU,close
2007-03-06,170.33,index_points,RU,close
2007-03-07,170.43,index_points,RU,close
2007-03-09,170.46,index_points,RU,close
2007-03-12,170.39,index_points,RU,close
2007-03-13,170.53,index_points,RU,close
2007-03-14,170.49,index_points,RU,close
2007-03-15,170.82,index_points,RU,close
2007-03-16,170.91,index_points,RU,close
2007-03-19,171.11,index_points,RU,close
2007-03-20,171.22,index_points,RU,close
2007-03-21,171.43,index_points,RU,close
2007-03-22,171.62,index_points,RU,close
2007-03-23,171.63,index_points,RU,close
2007-03-26,171.81,index_points,RU,close
2007-03-27,171.8,index_points,RU,close
2007-03-28,171.83,index_points,RU,close
2007-03-29,171.84,index_points,RU,close
2007-03-30,171.75,index_points,RU,close
2007-04-02,171.95,index_points,RU,close
2007-04-03,172.13,index_points,RU,close
2007-04-04,172.14,index_points,RU,close
2007-04-05,172.25,index_points,RU,close
2007-04-06,172.25,index_points,RU,close
2007-04-09,172.35,index_points,RU,close
2007-04-10,172.35,index_points,RU,close
2007-04-11,172.49,index_points,RU,close
2007-04-12,172.56,index_points,RU,close
2007-04-13,172.63,index_points,RU,close
2007-04-16,172.69,index_points,RU,close
2007-04-17,172.79,index_points,RU,close
2007-04-18,172.73,index_points,RU,close
2007-04-19,172.71,index_points,RU,close
2007-04-20,172.92,index_points,RU,close
2007-04-23,173,index_points,RU,close
2007-04-24,173.01,index_points,RU,close
2007-04-25,173.06,index_points,RU,close
2007-04-26,173.03,index_points,RU,close
2007-04-27,173.07,index_points,RU,close
2007-04-28,173.16,index_points,RU,close
2007-05-02,173.09,index_points,RU,close
2007-05-03,173.18,index_points,RU,close
2007-05-04,173.34,index_points,RU,close
2007-05-07,173.65,index_points,RU,close
2007-05-08,173.69,index_points,RU,close
2007-05-10,173.69,index_points,RU,close
2007-05-11,173.64,index_points,RU,close
2007-05-14,173.71,index_points,RU,close
2007-05-15,173.69,index_points,RU,close
2007-05-16,173.95,index_points,RU,close
2007-05-17,174.05,index_points,RU,close
2007-05-18,174.33,index_points,RU,close
2007-05-21,174.52,index_points,RU,close
2007-05-22,174.7,index_points,RU,close
2007-05-23,174.83,index_points,RU,close
2007-05-24,174.91,index_points,RU,close
2007-05-25,174.98,index_points,RU,close
2007-05-28,175.08,index_points,RU,close
2007-05-29,175.17,index_points,RU,close
2007-05-30,175.16,index_points,RU,close
2007-05-31,175.2,index_points,RU,close
2007-06-01,175.2,index_points,RU,close
2007-06-04,175.26,index_points,RU,close
2007-06-05,175.25,index_points,RU,close
2007-06-06,175.18,index_points,RU,close
2007-06-07,174.97,index_points,RU,close
2007-06-08,174.42,index_points,RU,close
2007-06-09,174.76,index_points,RU,close
2007-06-13,174.48,index_points,RU,close
2007-06-14,174.8,index_points,RU,close
2007-06-15,174.92,index_points,RU,close
2007-06-18,175.26,index_points,RU,close
2007-06-19,175.4,index_points,RU,close
2007-06-20,175.28,index_points,RU,close
2007-06-21,175.28,index_points,RU,close
2007-06-22,175.4,index_points,RU,close
2007-06-25,175.49,index_points,RU,close
2007-06-26,175.56,index_points,RU,close
2007-06-27,175.69,index_points,RU,close
2007-06-28,175.82,index_points,RU,close
2007-06-29,175.9,index_points,RU,close
2007-07-02,176.08,index_points,RU,close
2007-07-03,176.31,index_points,RU,close
2007-07-04,176.31,index_points,RU,close
2007-07-05,176.39,index_points,RU,close
2007-07-06,176.36,index_points,RU,close
2007-07-09,176.39,index_points,RU,close
2007-07-10,176.54,index_points,RU,close
2007-07-11,176.69,index_points,RU,close
2007-07-12,176.65,index_points,RU,close
2007-07-13,176.72,index_points,RU,close
2007-07-16,176.79,index_points,RU,close
2007-07-17,176.86,index_points,RU,close
2007-07-18,176.95,index_points,RU,close
2007-07-19,177.05,index_points,RU,close
2007-07-20,177.09,index_points,RU,close
2007-07-23,177.08,index_points,RU,close
2007-07-24,176.98,index_points,RU,close
2007-07-25,176.97,index_points,RU,close
2007-07-26,176.86,index_points,RU,close
2007-07-27,176.61,index_points,RU,close
2007-07-30,176.67,index_points,RU,close
2007-07-31,176.73,index_points,RU,close
2007-08-01,176.62,index_points,RU,close
2007-08-02,176.75,index_points,RU,close
2007-08-03,176.98,index_points,RU,close
2007-08-06,177.01,index_points,RU,close
2007-08-07,177.08,index_points,RU,close
2007-08-08,177.17,index_points,RU,close
2007-08-09,177.11,index_points,RU,close
2007-08-10,176.63,index_points,RU,close
2007-08-13,176.65,index_points,RU,close
2007-08-14,176.74,index_points,RU,close
2007-08-15,176.32,index_points,RU,close
2007-08-16,175.57,index_points,RU,close
2007-08-17,175.8,index_points,RU,close
2007-08-20,175.93,index_points,RU,close
2007-08-21,175.96,index_points,RU,close
2007-08-22,175.79,index_points,RU,close
2007-08-23,176.02,index_points,RU,close
2007-08-24,175.95,index_points,RU,close
2007-08-27,176.07,index_points,RU,close
2007-08-28,175.91,index_points,RU,close
2007-08-29,175.89,index_points,RU,close
2007-08-30,176.13,index_points,RU,close
2007-08-31,176.16,index_points,RU,close
2007-09-03,176.15,index_points,RU,close
2007-09-04,175.93,index_points,RU,close
2007-09-05,175.48,index_points,RU,close
2007-09-06,174.61,index_points,RU,close
2007-09-07,174.43,index_points,RU,close
2007-09-10,174.34,index_points,RU,close
2007-09-11,174.51,index_points,RU,close
2007-09-12,174.22,index_points,RU,close
2007-09-13,174.57,index_points,RU,close
2007-09-14,174.19,index_points,RU,close
2007-09-17,174.16,index_points,RU,close
2007-09-18,172.87,index_points,RU,close
2007-09-19,173.96,index_points,RU,close
2007-09-20,174.14,index_points,RU,close
2007-09-21,175.11,index_points,RU,close
2007-09-24,177.7,index_points,RU,close
2007-09-25,177.92,index_points,RU,close
2007-09-26,177.87,index_points,RU,close
2007-09-27,177.9,index_points,RU,close
2007-09-28,178,index_points,RU,close
2007-10-01,177.74,index_points,RU,close
2007-10-02,177.73,index_points,RU,close
2007-10-03,177.82,index_points,RU,close
2007-10-04,177.95,index_points,RU,close
2007-10-05,177.95,index_points,RU,close
2007-10-08,178.35,index_points,RU,close
2007-10-09,178.47,index_points,RU,close
2007-10-10,178.48,index_points,RU,close
2007-10-11,178.67,index_points,RU,close
2007-10-12,178.77,index_points,RU,close
2007-10-15,178.83,index_points,RU,close
2007-10-16,179.03,index_points,RU,close
2007-10-17,179.38,index_points,RU,close
2007-10-18,179.42,index_points,RU,close
2007-10-19,179.3,index_points,RU,close
2007-10-22,179.1,index_points,RU,close
2007-10-23,178.98,index_points,RU,close
2007-10-24,179.32,index_points,RU,close
2007-10-25,178.99,index_points,RU,close
2007-10-26,179.23,index_points,RU,close
2007-10-29,179.37,index_points,RU,close
2007-10-30,179.06,index_points,RU,close
2007-10-31,179.58,index_points,RU,close
2007-11-01,179.75,index_points,RU,close
2007-11-02,179.8,index_points,RU,close
2007-11-06,179.8,index_points,RU,close
2007-11-09,180.17,index_points,RU,close
2007-11-12,180.19,index_points,RU,close
2007-11-13,180.24,index_points,RU,close
2007-11-14,180.26,index_points,RU,close
2007-11-15,180.24,index_points,RU,close
2007-11-16,180.27,index_points,RU,close
2007-11-19,180.28,index_points,RU,close
2007-11-20,180.31,index_points,RU,close
2007-11-21,180.23,index_points,RU,close
2007-11-22,179.95,index_points,RU,close
2007-11-23,179.9,index_points,RU,close
2007-11-26,180.04,index_points,RU,close
2007-11-27,179.95,index_points,RU,close
2007-11-28,180,index_points,RU,close
2007-11-29,180.09,index_points,RU,close
2007-11-30,180.14,index_points,RU,close
2007-12-03,180.13,index_points,RU,close
2007-12-04,180.08,index_points,RU,close
2007-12-05,180.22,index_points,RU,close
2007-12-06,180.49,index_points,RU,close
2007-12-07,180.28,index_points,RU,close
2007-12-10,180.53,index_points,RU,close
2007-12-11,180.76,index_points,RU,close
2007-12-12,180.8,index_points,RU,close
2007-12-13,180.89,index_points,RU,close
2007-12-14,180.96,index_points,RU,close
2007-12-17,180.92,index_points,RU,close
2007-12-18,181.01,index_points,RU,close
2007-12-19,181.04,index_points,RU,close
2007-12-20,181.07,index_points,RU,close
2007-12-21,181.1,index_points,RU,close
2007-12-24,181.2,index_points,RU,close
2007-12-25,180.83,index_points,RU,close
2007-12-26,181.03,index_points,RU,close
2007-12-27,181.29,index_points,RU,close
2007-12-28,181.5,index_points,RU,close
2008-01-09,181.75,index_points,RU,close
2008-01-10,181.69,index_points,RU,close
2008-01-11,182.1,index_points,RU,close
2008-01-14,182.2,index_points,RU,close
2008-01-15,182.08,index_points,RU,close
2008-01-16,182.11,index_points,RU,close
2008-01-17,182.09,index_points,RU,close
2008-01-18,182.3,index_points,RU,close
2008-01-21,182.33,index_points,RU,close
2008-01-22,181.97,index_points,RU,close
2008-01-23,182.12,index_points,RU,close
2008-01-24,182.22,index_points,RU,close
2008-01-25,182.46,index_points,RU,close
2008-01-28,182.35,index_points,RU,close
2008-01-29,182.39,index_points,RU,close
2008-01-30,182.47,index_points,RU,close
2008-01-31,182.59,index_points,RU,close
2008-02-01,182.73,index_points,RU,close
2008-02-04,182.16,index_points,RU,close
2008-02-05,182.09,index_points,RU,close
2008-02-06,181.93,index_points,RU,close
2008-02-07,181.65,index_points,RU,close
2008-02-08,181.28,index_points,RU,close
2008-02-11,181.28,index_points,RU,close
2008-02-12,181.05,index_points,RU,close
2008-02-13,180.75,index_points,RU,close
2008-02-14,180.84,index_points,RU,close
2008-02-15,180.25,index_points,RU,close
2008-02-18,180.21,index_points,RU,close
2008-02-19,179.84,index_points,RU,close
2008-02-20,179.38,index_points,RU,close
2008-02-21,179.32,index_points,RU,close
2008-02-22,179.62,index_points,RU,close
2008-02-26,180.17,index_points,RU,close
2008-02-27,179.67,index_points,RU,close
2008-02-28,180.01,index_points,RU,close
2008-02-29,181.2,index_points,RU,close
2008-03-03,180.81,index_points,RU,close
2008-03-04,180.39,index_points,RU,close
2008-03-05,179.79,index_points,RU,close
2008-03-06,180.12,index_points,RU,close
2008-03-07,179.73,index_points,RU,close
2008-03-11,179.43,index_points,RU,close
2008-03-12,179.62,index_points,RU,close
2008-03-13,179.75,index_points,RU,close
2008-03-14,179.84,index_points,RU,close
2008-03-17,180.08,index_points,RU,close
2008-03-18,179.83,index_points,RU,close
2008-03-19,180.08,index_points,RU,close
2008-03-20,180.12,index_points,RU,close
2008-03-21,182.36,index_points,RU,close
2008-03-24,180.38,index_points,RU,close
2008-03-25,180.35,index_points,RU,close
2008-03-26,180.64,index_points,RU,close
2008-03-27,180.56,index_points,RU,close
2008-03-28,180.32,index_points,RU,close
2008-03-31,180.92,index_points,RU,close
2008-04-01,180.79,index_points,RU,close
2008-04-02,180.9,index_points,RU,close
2008-04-03,180.65,index_points,RU,close
2008-04-04,180.77,index_points,RU,close
2008-04-07,180.87,index_points,RU,close
2008-04-08,180.88,index_points,RU,close
2008-04-09,180.75,index_points,RU,close
2008-04-10,180.63,index_points,RU,close
2008-04-11,180.53,index_points,RU,close
2008-04-14,180.56,index_points,RU,close
2008-04-15,180.66,index_points,RU,close
2008-04-16,180.63,index_points,RU,close
2008-04-17,181.21,index_points,RU,close
2008-04-18,181.33,index_points,RU,close
2008-04-21,181.1,index_points,RU,close
2008-04-22,181.27,index_points,RU,close
2008-04-23,181.22,index_points,RU,close
2008-04-24,181.1,index_points,RU,close
2008-04-25,181.59,index_points,RU,close
2008-04-28,181.02,index_points,RU,close
2008-04-29,181.1,index_points,RU,close
2008-04-30,180.88,index_points,RU,close
2008-05-04,180.89,index_points,RU,close
2008-05-05,181.56,index_points,RU,close
2008-05-06,181.06,index_points,RU,close
2008-05-07,181.05,index_points,RU,close
2008-05-08,181.36,index_points,RU,close
2008-05-12,181.41,index_points,RU,close
2008-05-13,181.32,index_points,RU,close
2008-05-14,181.2,index_points,RU,close
2008-05-15,181.21,index_points,RU,close
2008-05-16,181.44,index_points,RU,close
2008-05-19,181.71,index_points,RU,close
2008-05-20,181.61,index_points,RU,close
2008-05-21,181.79,index_points,RU,close
2008-05-22,181.8,index_points,RU,close
2008-05-23,181.85,index_points,RU,close
2008-05-26,182.13,index_points,RU,close
2008-05-27,182.37,index_points,RU,close
2008-05-28,182.26,index_points,RU,close
2008-05-29,182.39,index_points,RU,close
2008-05-30,182.86,index_points,RU,close
2008-06-02,182.64,index_points,RU,close
2008-06-03,182.68,index_points,RU,close
2008-06-04,182.55,index_points,RU,close
2008-06-05,182.63,index_points,RU,close
2008-06-06,182.65,index_points,RU,close
2008-06-07,182.59,index_points,RU,close
2008-06-09,182.46,index_points,RU,close
2008-06-10,182.35,index_points,RU,close
2008-06-11,182.5,index_points,RU,close
2008-06-16,182.88,index_points,RU,close
2008-06-17,183,index_points,RU,close
2008-06-18,183.06,index_points,RU,close
2008-06-19,183.03,index_points,RU,close
2008-06-20,183.09,index_points,RU,close
2008-06-23,183.14,index_points,RU,close
2008-06-24,183.18,index_points,RU,close
2008-06-25,183.17,index_points,RU,close
2008-06-26,183.2,index_points,RU,close
2008-06-27,183.26,index_points,RU,close
2008-06-30,183.24,index_points,RU,close
2008-07-01,183.03,index_points,RU,close
2008-07-02,183.23,index_points,RU,close
2008-07-03,182.88,index_points,RU,close
2008-07-04,182.93,index_points,RU,close
2008-07-07,183.02,index_points,RU,close
2008-07-08,182.42,index_points,RU,close
2008-07-09,182.4,index_points,RU,close
2008-07-10,183.08,index_points,RU,close
2008-07-11,182.38,index_points,RU,close
2008-07-14,181.91,index_points,RU,close
2008-07-15,181.71,index_points,RU,close
2008-07-16,181.43,index_points,RU,close
2008-07-17,181.28,index_points,RU,close
2008-07-18,180.87,index_points,RU,close
2008-07-21,181.03,index_points,RU,close
2008-07-22,180.55,index_points,RU,close
2008-07-23,180.65,index_points,RU,close
2008-07-24,180.6,index_points,RU,close
2008-07-25,180.65,index_points,RU,close
2008-07-28,180.59,index_points,RU,close
2008-07-29,180.15,index_points,RU,close
2008-07-30,181.18,index_points,RU,close
2008-07-31,180.84,index_points,RU,close
2008-08-01,179.34,index_points,RU,close
2008-08-04,179.45,index_points,RU,close
2008-08-05,179,index_points,RU,close
2008-08-06,178.86,index_points,RU,close
2008-08-07,179.56,index_points,RU,close
2008-08-08,178.57,index_points,RU,close
2008-08-11,177.89,index_points,RU,close
2008-08-12,177.63,index_points,RU,close
2008-08-13,177.25,index_points,RU,close
2008-08-14,177.16,index_points,RU,close
2008-08-15,176.6,index_points,RU,close
2008-08-18,176.79,index_points,RU,close
2008-08-19,176.53,index_points,RU,close
2008-08-20,176.06,index_points,RU,close
2008-08-21,175.8,index_points,RU,close
2008-08-22,175.21,index_points,RU,close
2008-08-25,174.24,index_points,RU,close
2008-08-26,174.73,index_points,RU,close
2008-08-27,172.8,index_points,RU,close
2008-08-28,173.36,index_points,RU,close
2008-08-29,175.98,index_points,RU,close
2008-09-01,173.85,index_points,RU,close
2008-09-02,171.51,index_points,RU,close
2008-09-03,173.07,index_points,RU,close
2008-09-04,171.62,index_points,RU,close
2008-09-05,166.33,index_points,RU,close
2008-09-08,166.26,index_points,RU,close
2008-09-09,167,index_points,RU,close
2008-09-10,170.16,index_points,RU,close
2008-09-11,173.57,index_points,RU,close
2008-09-12,173.51,index_points,RU,close
2008-09-15,172.75,index_points,RU,close
2008-09-16,166.43,index_points,RU,close
2008-09-17,169.43,index_points,RU,close
2008-09-18,161.27,index_points,RU,close
2008-09-19,164.82,index_points,RU,close
2008-09-22,166.43,index_points,RU,close
2008-09-23,167.24,index_points,RU,close
2008-09-24,168.33,index_points,RU,close
2008-09-25,167.77,index_points,RU,close
2008-09-26,171.38,index_points,RU,close
2008-09-29,170.81,index_points,RU,close
2008-09-30,174.87,index_points,RU,close
2008-10-01,172.98,index_points,RU,close
2008-10-02,171.81,index_points,RU,close
2008-10-03,170.95,index_points,RU,close
2008-10-06,170.8,index_points,RU,close
2008-10-07,171.2,index_points,RU,close
2008-10-08,171.61,index_points,RU,close
2008-10-09,166.79,index_points,RU,close
2008-10-10,164.62,index_points,RU,close
2008-10-13,165.82,index_points,RU,close
2008-10-14,163.6,index_points,RU,close
2008-10-15,169.78,index_points,RU,close
2008-10-16,166.97,index_points,RU,close
2008-10-17,160.59,index_points,RU,close
2008-10-20,166.52,index_points,RU,close
2008-10-21,164.23,index_points,RU,close
2008-10-22,161.31,index_points,RU,close
2008-10-23,164.11,index_points,RU,close
2008-10-24,167.18,index_points,RU,close
2008-10-27,162.54,index_points,RU,close
2008-10-29,168.02,index_points,RU,close
2008-10-30,169.53,index_points,RU,close
2008-10-31,170.99,index_points,RU,close
2008-11-01,170.96,index_points,RU,close
2008-11-05,171.24,index_points,RU,close
2008-11-06,169.57,index_points,RU,close
2008-11-07,170.21,index_points,RU,close
2008-11-10,169.82,index_points,RU,close
2008-11-11,168.5,index_points,RU,close
2008-11-12,167.71,index_points,RU,close
2008-11-13,166.78,index_points,RU,close
2008-11-14,167.05,index_points,RU,close
2008-11-17,167.11,index_points,RU,close
2008-11-18,167.75,index_points,RU,close
2008-11-19,170.7,index_points,RU,close
2008-11-20,174.64,index_points,RU,close
2008-11-21,169.62,index_points,RU,close
2008-11-24,170.27,index_points,RU,close
2008-11-25,170.29,index_points,RU,close
2008-11-26,166.14,index_points,RU,close
2008-11-27,168.78,index_points,RU,close
2008-11-28,170.39,index_points,RU,close
2008-12-01,167.42,index_points,RU,close
2008-12-02,168.11,index_points,RU,close
2008-12-03,168.62,index_points,RU,close
2008-12-04,169.82,index_points,RU,close
2008-12-05,169.97,index_points,RU,close
2008-12-08,166.95,index_points,RU,close
2008-12-09,170.01,index_points,RU,close
2008-12-10,171.03,index_points,RU,close
2008-12-11,172.02,index_points,RU,close
2008-12-12,172.5,index_points,RU,close
2008-12-15,166.67,index_points,RU,close
2008-12-16,164.59,index_points,RU,close
2008-12-17,167.65,index_points,RU,close
2008-12-18,167.66,index_points,RU,close
2008-12-19,166.39,index_points,RU,close
2008-12-22,166.48,index_points,RU,close
2008-12-23,167.05,index_points,RU,close
2008-12-24,165.86,index_points,RU,close
2008-12-25,170.4,index_points,RU,close
2008-12-26,166.65,index_points,RU,close
2008-12-29,166.94,index_points,RU,close
2008-12-30,171.42,index_points,RU,close
2009-01-11,171.42,index_points,RU,close
2009-01-12,171.42,index_points,RU,close
2009-01-13,171.42,index_points,RU,close
2009-01-14,171.42,index_points,RU,close
2009-01-15,170.66,index_points,RU,close
2009-01-16,171.07,index_points,RU,close
2009-01-19,171.07,index_points,RU,close
2009-01-20,170.85,index_points,RU,close
2009-01-21,170.85,index_points,RU,close
2009-01-22,171.24,index_points,RU,close
2009-01-23,167.75,index_points,RU,close
2009-01-26,167.75,index_points,RU,close
2009-01-27,166.78,index_points,RU,close
2009-01-28,166.78,index_points,RU,close
2009-01-29,166.78,index_points,RU,close
2009-01-30,168.72,index_points,RU,close
2009-02-02,168.72,index_points,RU,close
2009-02-03,168.52,index_points,RU,close
2009-02-04,168.52,index_points,RU,close
2009-02-05,168.48,index_points,RU,close
2009-02-06,168.93,index_points,RU,close
2009-02-09,156.56,index_points,RU,close
2009-02-10,156.04,index_points,RU,close
2009-02-11,155.34,index_points,RU,close
2009-02-12,159.66,index_points,RU,close
2009-02-13,165.7,index_points,RU,close
2009-02-16,162.69,index_points,RU,close
2009-02-17,162.68,index_points,RU,close
2009-02-18,162.59,index_points,RU,close
2009-02-19,162.95,index_points,RU,close
2009-02-20,165.04,index_points,RU,close
2009-02-24,171.63,index_points,RU,close
2009-02-25,168.74,index_points,RU,close
2009-02-26,171.39,index_points,RU,close
2009-02-27,182.38,index_points,RU,close
2009-03-02,182.46,index_points,RU,close
2009-03-03,182.33,index_points,RU,close
2009-03-04,181.37,index_points,RU,close
2009-03-05,182.33,index_points,RU,close
2009-03-06,182.21,index_points,RU,close
2009-03-10,183.38,index_points,RU,close
2009-03-11,183.44,index_points,RU,close
2009-03-12,184.72,index_points,RU,close
2009-03-13,184.57,index_points,RU,close
2009-03-16,184.5,index_points,RU,close
2009-03-17,185.2,index_points,RU,close
2009-03-18,185.41,index_points,RU,close
2009-03-19,185.59,index_points,RU,close
2009-03-20,187.69,index_points,RU,close
2009-03-23,187.67,index_points,RU,close
2009-03-24,187.07,index_points,RU,close
2009-03-25,184.77,index_points,RU,close
2009-03-26,185.59,index_points,RU,close
2009-03-27,187.32,index_points,RU,close
2009-03-30,188.27,index_points,RU,close
2009-03-31,190.49,index_points,RU,close
2009-04-01,178.8,index_points,RU,close
2009-04-02,178.62,index_points,RU,close
2009-04-03,178.77,index_points,RU,close
2009-04-06,178.26,index_points,RU,close
2009-04-07,184.15,index_points,RU,close
2009-04-08,184.02,index_points,RU,close
2009-04-09,181.88,index_points,RU,close
2009-04-10,181.33,index_points,RU,close
2009-04-13,182.48,index_points,RU,close
2009-04-14,182.5,index_points,RU,close
2009-04-15,182.08,index_points,RU,close
2009-04-16,182.12,index_points,RU,close
2009-04-17,182.12,index_points,RU,close
2009-04-20,181.78,index_points,RU,close
2009-04-21,183.57,index_points,RU,close
2009-04-22,183.64,index_points,RU,close
2009-04-23,183.08,index_points,RU,close
2009-04-24,183.17,index_points,RU,close
2009-04-27,182.81,index_points,RU,close
2009-04-28,182.88,index_points,RU,close
2009-04-29,183.56,index_points,RU,close
2009-04-30,195.12,index_points,RU,close
2009-05-04,195.41,index_points,RU,close
2009-05-05,181.81,index_points,RU,close
2009-05-06,181.71,index_points,RU,close
2009-05-07,181.7,index_points,RU,close
2009-05-08,181.56,index_points,RU,close
2009-05-12,182.24,index_points,RU,close
2009-05-13,182.33,index_points,RU,close
2009-05-14,182.06,index_points,RU,close
2009-05-15,185.34,index_points,RU,close
2009-05-18,188.55,index_points,RU,close
2009-05-19,188.06,index_points,RU,close
2009-05-20,185.95,index_points,RU,close
2009-05-21,185.94,index_points,RU,close
2009-05-22,185.28,index_points,RU,close
2009-05-25,185.41,index_points,RU,close
2009-05-26,183.7,index_points,RU,close
2009-05-27,183.93,index_points,RU,close
2009-05-28,183.97,index_points,RU,close
2009-05-29,197.4,index_points,RU,close
2009-06-01,197.55,index_points,RU,close
2009-06-02,197.52,index_points,RU,close
2009-06-03,197.89,index_points,RU,close
2009-06-04,197.51,index_points,RU,close
2009-06-05,198.38,index_points,RU,close
2009-06-08,198.26,index_points,RU,close
2009-06-09,198.18,index_points,RU,close
2009-06-10,198.34,index_points,RU,close
2009-06-11,198.49,index_points,RU,close
2009-06-15,198.68,index_points,RU,close
2009-06-16,198.78,index_points,RU,close
2009-06-17,198.72,index_points,RU,close
2009-06-18,198.85,index_points,RU,close
2009-06-19,198.81,index_points,RU,close
2009-06-22,199.02,index_points,RU,close
2009-06-23,198.96,index_points,RU,close
2009-06-24,198.96,index_points,RU,close
2009-06-25,199.01,index_points,RU,close
2009-06-26,199.03,index_points,RU,close
2009-06-29,199.32,index_points,RU,close
2009-06-30,199.43,index_points,RU,close
2009-07-01,199.64,index_points,RU,close
2009-07-02,199.8,index_points,RU,close
2009-07-03,199.95,index_points,RU,close
2009-07-06,199.93,index_points,RU,close
2009-07-07,200.09,index_points,RU,close
2009-07-08,200.14,index_points,RU,close
2009-07-09,200.23,index_points,RU,close
2009-07-10,200.3,index_points,RU,close
2009-07-13,200.47,index_points,RU,close
2009-07-14,200.5,index_points,RU,close
2009-07-15,200.69,index_points,RU,close
2009-07-16,201.16,index_points,RU,close
2009-07-17,201.26,index_points,RU,close
2009-07-20,201.64,index_points,RU,close
2009-07-21,201.93,index_points,RU,close
2009-07-22,202.01,index_points,RU,close
2009-07-23,202.3,index_points,RU,close
2009-07-24,202.21,index_points,RU,close
2009-07-27,202.36,index_points,RU,close
2009-07-28,202.53,index_points,RU,close
2009-07-29,202.6,index_points,RU,close
2009-07-30,202.64,index_points,RU,close
2009-07-31,202.85,index_points,RU,close
2009-08-03,203.2,index_points,RU,close
2009-08-04,203.27,index_points,RU,close
2009-08-05,203.43,index_points,RU,close
2009-08-06,203.47,index_points,RU,close
2009-08-07,203.53,index_points,RU,close
2009-08-10,203.82,index_points,RU,close
2009-08-11,203.8,index_points,RU,close
2009-08-12,203.75,index_points,RU,close
2009-08-13,203.73,index_points,RU,close
2009-08-14,203.58,index_points,RU,close
2009-08-17,203.81,index_points,RU,close
2009-08-18,203.66,index_points,RU,close
2009-08-19,203.84,index_points,RU,close
2009-08-20,203.87,index_points,RU,close
2009-08-21,204.37,index_points,RU,close
2009-08-24,204.49,index_points,RU,close
2009-08-25,204.43,index_points,RU,close
2009-08-26,204.79,index_points,RU,close
2009-08-27,205.36,index_points,RU,close
2009-08-28,205.52,index_points,RU,close
2009-08-31,206.07,index_points,RU,close
2009-09-01,205.94,index_points,RU,close
2009-09-02,206.63,index_points,RU,close
2009-09-03,206.47,index_points,RU,close
2009-09-04,206.67,index_points,RU,close
2009-09-07,206.93,index_points,RU,close
2009-09-08,207.51,index_points,RU,close
2009-09-09,208.11,index_points,RU,close
2009-09-10,209.39,index_points,RU,close
2009-09-11,209.98,index_points,RU,close
2009-09-14,210.05,index_points,RU,close
2009-09-15,210.22,index_points,RU,close
2009-09-16,210.35,index_points,RU,close
2009-09-17,210.71,index_points,RU,close
2009-09-18,210.83,index_points,RU,close
2009-09-21,211.03,index_points,RU,close
2009-09-22,211.22,index_points,RU,close
2009-09-23,211.62,index_points,RU,close
2009-09-24,211.63,index_points,RU,close
2009-09-25,211.69,index_points,RU,close
2009-09-28,211.47,index_points,RU,close
2009-09-29,211.8,index_points,RU,close
2009-09-30,212.57,index_points,RU,close
2009-10-01,213,index_points,RU,close
2009-10-02,213.01,index_points,RU,close
2009-10-05,213.55,index_points,RU,close
2009-10-06,215.28,index_points,RU,close
2009-10-07,218.3,index_points,RU,close
2009-10-08,220.01,index_points,RU,close
2009-10-09,219.99,index_points,RU,close
2009-10-12,220.46,index_points,RU,close
2009-10-13,221.01,index_points,RU,close
2009-10-14,223.12,index_points,RU,close
2009-10-15,223.63,index_points,RU,close
2009-10-16,224.28,index_points,RU,close
2009-10-19,224.3,index_points,RU,close
2009-10-20,224.62,index_points,RU,close
2009-10-21,225.25,index_points,RU,close
2009-10-22,224.3,index_points,RU,close
2009-10-23,225.31,index_points,RU,close
2009-10-26,225.52,index_points,RU,close
2009-10-27,224.7,index_points,RU,close
2009-10-28,223.76,index_points,RU,close
2009-10-29,224.02,index_points,RU,close
2009-10-30,224.15,index_points,RU,close
2009-11-02,224.4,index_points,RU,close
2009-11-03,224.25,index_points,RU,close
2009-11-05,223.68,index_points,RU,close
2009-11-06,224.98,index_points,RU,close
2009-11-09,225.89,index_points,RU,close
2009-11-10,226.08,index_points,RU,close
2009-11-11,226.23,index_points,RU,close
2009-11-12,226.75,index_points,RU,close
2009-11-13,226.82,index_points,RU,close
2009-11-16,227.24,index_points,RU,close
2009-11-17,227.48,index_points,RU,close
2009-11-18,228.12,index_points,RU,close
2009-11-19,228.47,index_points,RU,close
2009-11-20,228.54,index_points,RU,close
2009-11-23,228.95,index_points,RU,close
2009-11-24,229.67,index_points,RU,close
2009-11-25,230.71,index_points,RU,close
2009-11-26,229.44,index_points,RU,close
2009-11-27,228.71,index_points,RU,close
2009-11-30,229.38,index_points,RU,close
2009-12-01,230.31,index_points,RU,close
2009-12-02,230.51,index_points,RU,close
2009-12-03,231.04,index_points,RU,close
2009-12-04,230.84,index_points,RU,close
2009-12-07,230.89,index_points,RU,close
2009-12-08,230.42,index_points,RU,close
2009-12-09,230.41,index_points,RU,close
2009-12-10,230.73,index_points,RU,close
2009-12-11,230.94,index_points,RU,close
2009-12-14,230.97,index_points,RU,close
2009-12-15,231.13,index_points,RU,close
2009-12-16,231.25,index_points,RU,close
2009-12-17,231.25,index_points,RU,close
2009-12-18,231.36,index_points,RU,close
2009-12-21,231.57,index_points,RU,close
2009-12-22,231.54,index_points,RU,close
2009-12-23,231.72,index_points,RU,close
2009-12-24,232.12,index_points,RU,close
2009-12-25,232.66,index_points,RU,close
2009-12-28,232.83,index_points,RU,close
2009-12-29,232.58,index_points,RU,close
2009-12-30,231.98,index_points,RU,close
2009-12-31,231.98,index_points,RU,close
2010-01-11,237.2,index_points,RU,close
2010-01-12,234.93,index_points,RU,close
2010-01-13,236.16,index_points,RU,close
2010-01-14,234.79,index_points,RU,close
2010-01-15,236.61,index_points,RU,close
2010-01-18,237.23,index_points,RU,close
2010-01-19,237.61,index_points,RU,close
2010-01-20,238.96,index_points,RU,close
2010-01-21,239.28,index_points,RU,close
2010-01-22,239.09,index_points,RU,close
2010-01-25,238.75,index_points,RU,close
2010-01-26,239.13,index_points,RU,close
2010-01-27,238.87,index_points,RU,close
2010-01-28,239.77,index_points,RU,close
2010-01-29,238.85,index_points,RU,close
2010-02-01,239.07,index_points,RU,close
2010-02-02,239.42,index_points,RU,close
2010-02-03,240.38,index_points,RU,close
2010-02-04,239.93,index_points,RU,close
2010-02-05,239.99,index_points,RU,close
2010-02-08,240.56,index_points,RU,close
2010-02-09,240.61,index_points,RU,close
2010-02-10,240.44,index_points,RU,close
2010-02-11,240.49,index_points,RU,close
2010-02-12,240.65,index_points,RU,close
2010-02-15,240.77,index_points,RU,close
2010-02-16,240.94,index_points,RU,close
2010-02-17,241.24,index_points,RU,close
2010-02-18,241.33,index_points,RU,close
2010-02-19,241.65,index_points,RU,close
2010-02-24,241.47,index_points,RU,close
2010-02-25,241.82,index_points,RU,close
2010-02-26,241.97,index_points,RU,close
2010-02-27,242.22,index_points,RU,close
2010-03-01,242.63,index_points,RU,close
2010-03-02,243.43,index_points,RU,close
2010-03-03,244.7,index_points,RU,close
2010-03-04,245.31,index_points,RU,close
2010-03-05,245.37,index_points,RU,close
2010-03-09,245.45,index_points,RU,close
2010-03-10,245.64,index_points,RU,close
2010-03-11,246.21,index_points,RU,close
2010-03-12,246.87,index_points,RU,close
2010-03-15,247.26,index_points,RU,close
2010-03-16,243.67,index_points,RU,close
2010-03-17,248.24,index_points,RU,close
2010-03-18,248.5,index_points,RU,close
2010-03-19,248.85,index_points,RU,close
2010-03-22,248.67,index_points,RU,close
2010-03-23,249.06,index_points,RU,close
2010-03-24,248.87,index_points,RU,close
2010-03-25,248.99,index_points,RU,close
2010-03-26,249.3,index_points,RU,close
2010-03-29,249.02,index_points,RU,close
2010-03-30,249.12,index_points,RU,close
2010-03-31,249.68,index_points,RU,close
2010-04-01,250.26,index_points,RU,close
2010-04-02,250.76,index_points,RU,close
2010-04-05,251.15,index_points,RU,close
2010-04-06,251.43,index_points,RU,close
2010-04-07,251.51,index_points,RU,close
2010-04-08,251.48,index_points,RU,close
2010-04-09,248.92,index_points,RU,close
2010-04-12,251.89,index_points,RU,close
2010-04-13,251.92,index_points,RU,close
2010-04-14,251.91,index_points,RU,close
2010-04-15,251.91,index_points,RU,close
2010-04-16,251.6,index_points,RU,close
2010-04-19,251.48,index_points,RU,close
2010-04-20,251.64,index_points,RU,close
2010-04-21,251.12,index_points,RU,close
2010-04-22,250.91,index_points,RU,close
2010-04-23,250.38,index_points,RU,close
2010-04-26,250.58,index_points,RU,close
2010-04-27,249.23,index_points,RU,close
2010-04-28,248.64,index_points,RU,close
2010-04-29,249.19,index_points,RU,close
2010-04-30,249.32,index_points,RU,close
2010-05-04,248.73,index_points,RU,close
2010-05-05,246.93,index_points,RU,close
2010-05-06,242.45,index_points,RU,close
2010-05-07,242.15,index_points,RU,close
2010-05-11,242.62,index_points,RU,close
2010-05-12,243.87,index_points,RU,close
2010-05-13,249.73,index_points,RU,close
2010-05-14,249.34,index_points,RU,close
2010-05-17,249.51,index_points,RU,close
2010-05-18,249.92,index_points,RU,close
2010-05-19,248.1,index_points,RU,close
2010-05-20,247.8,index_points,RU,close
2010-05-21,248.82,index_points,RU,close
2010-05-24,247.79,index_points,RU,close
2010-05-26,246.72,index_points,RU,close
2010-05-27,247.49,index_points,RU,close
2010-05-28,248.37,index_points,RU,close
2010-05-31,248.24,index_points,RU,close
2010-06-01,249.46,index_points,RU,close
2010-06-02,249.18,index_points,RU,close
2010-06-03,249.65,index_points,RU,close
2010-06-04,249.53,index_points,RU,close
2010-06-07,249.68,index_points,RU,close
2010-06-08,249.61,index_points,RU,close
2010-06-09,250,index_points,RU,close
2010-06-10,250.36,index_points,RU,close
2010-06-11,250.79,index_points,RU,close
2010-06-15,251.18,index_points,RU,close
2010-06-16,251.25,index_points,RU,close
2010-06-17,251.42,index_points,RU,close
2010-06-18,251.66,index_points,RU,close
2010-06-21,251.65,index_points,RU,close
2010-06-22,252.02,index_points,RU,close
2010-06-23,252.12,index_points,RU,close
2010-06-24,251.91,index_points,RU,close
2010-06-25,251.82,index_points,RU,close
2010-06-28,251.81,index_points,RU,close
2010-06-29,251.76,index_points,RU,close
2010-06-30,251.9,index_points,RU,close
2010-07-01,251.5,index_points,RU,close
2010-07-02,251.74,index_points,RU,close
2010-07-05,251.89,index_points,RU,close
2010-07-06,251.89,index_points,RU,close
2010-07-07,252.02,index_points,RU,close
2010-07-08,252.5,index_points,RU,close
2010-07-09,252.37,index_points,RU,close
2010-07-12,252.52,index_points,RU,close
2010-07-13,252.45,index_points,RU,close
2010-07-14,252.42,index_points,RU,close
2010-07-15,252.67,index_points,RU,close
2010-07-16,252.6,index_points,RU,close
2010-07-19,252.8,index_points,RU,close
2010-07-20,252.82,index_points,RU,close
2010-07-21,252.98,index_points,RU,close
2010-07-22,253.15,index_points,RU,close
2010-07-23,253.32,index_points,RU,close
2010-07-26,253.54,index_points,RU,close
2010-07-27,253.71,index_points,RU,close
2010-07-28,253.74,index_points,RU,close
2010-07-29,253.57,index_points,RU,close
2010-07-30,253.61,index_points,RU,close
2010-08-02,253.85,index_points,RU,close
2010-08-03,254.05,index_points,RU,close
2010-08-04,254.26,index_points,RU,close
2010-08-05,254.17,index_points,RU,close
2010-08-06,254.03,index_points,RU,close
2010-08-09,254.1,index_points,RU,close
2010-08-10,254,index_points,RU,close
2010-08-11,254.07,index_points,RU,close
2010-08-12,254.03,index_points,RU,close
2010-08-13,253.94,index_points,RU,close
2010-08-16,253.99,index_points,RU,close
2010-08-17,253.82,index_points,RU,close
2010-08-18,253.97,index_points,RU,close
2010-08-19,254.06,index_points,RU,close
2010-08-20,254.05,index_points,RU,close
2010-08-23,254.05,index_points,RU,close
2010-08-24,254.04,index_points,RU,close
2010-08-25,253.91,index_points,RU,close
2010-08-26,253.98,index_points,RU,close
2010-08-27,254.2,index_points,RU,close
2010-08-30,254.29,index_points,RU,close
2010-08-31,254.38,index_points,RU,close
2010-09-01,254.43,index_points,RU,close
2010-09-02,254.37,index_points,RU,close
2010-09-03,253.09,index_points,RU,close
2010-09-06,253.29,index_points,RU,close
2010-09-07,253.35,index_points,RU,close
2010-09-08,254.47,index_points,RU,close
2010-09-09,254.54,index_points,RU,close
2010-09-10,254.85,index_points,RU,close
2010-09-13,254.47,index_points,RU,close
2010-09-14,254.52,index_points,RU,close
2010-09-15,254.48,index_points,RU,close
2010-09-16,253.94,index_points,RU,close
2010-09-17,254.14,index_points,RU,close
2010-09-20,254.3,index_points,RU,close
2010-09-21,253.99,index_points,RU,close
2010-09-22,254.49,index_points,RU,close
2010-09-23,254.59,index_points,RU,close
2010-09-24,254.65,index_points,RU,close
2010-09-27,255.1,index_points,RU,close
2010-09-28,255.45,index_points,RU,close
2010-09-29,255.64,index_points,RU,close
2010-09-30,256.01,index_points,RU,close
2010-10-01,256.27,index_points,RU,close
2010-10-04,256.52,index_points,RU,close
2010-10-05,257.06,index_points,RU,close
2010-10-06,257.37,index_points,RU,close
2010-10-07,257.55,index_points,RU,close
2010-10-08,257.46,index_points,RU,close
2010-10-11,257.79,index_points,RU,close
2010-10-12,257.85,index_points,RU,close
2010-10-13,257.96,index_points,RU,close
2010-10-14,258.1,index_points,RU,close
2010-10-15,258.08,index_points,RU,close
2010-10-18,258.19,index_points,RU,close
2010-10-19,258.27,index_points,RU,close
2010-10-20,258.17,index_points,RU,close
2010-10-21,258.37,index_points,RU,close
2010-10-22,258.12,index_points,RU,close
2010-10-25,258.4,index_points,RU,close
2010-10-26,258.38,index_points,RU,close
2010-10-27,258.11,index_points,RU,close
2010-10-28,257.96,index_points,RU,close
2010-10-29,258,index_points,RU,close
2010-11-01,257.98,index_points,RU,close
2010-11-02,257.85,index_points,RU,close
2010-11-03,258.03,index_points,RU,close
2010-11-08,258.28,index_points,RU,close
2010-11-09,258.34,index_points,RU,close
2010-11-10,258.31,index_points,RU,close
2010-11-11,258.37,index_points,RU,close
2010-11-12,258.22,index_points,RU,close
2010-11-13,257.8,index_points,RU,close
2010-11-15,258.16,index_points,RU,close
2010-11-16,257.41,index_points,RU,close
2010-11-17,257.53,index_points,RU,close
2010-11-18,257.62,index_points,RU,close
2010-11-19,257.63,index_points,RU,close
2010-11-22,257.69,index_points,RU,close
2010-11-23,257.61,index_points,RU,close
2010-11-24,257.34,index_points,RU,close
2010-11-25,257.77,index_points,RU,close
2010-11-26,257.6,index_points,RU,close
2010-11-29,257.18,index_points,RU,close
2010-11-30,256.97,index_points,RU,close
2010-12-01,257.02,index_points,RU,close
2010-12-02,257.43,index_points,RU,close
2010-12-03,257.77,index_points,RU,close
2010-12-06,258.13,index_points,RU,close
2010-12-07,258.25,index_points,RU,close
2010-12-08,258.07,index_points,RU,close
2010-12-09,257.97,index_points,RU,close
2010-12-10,257.81,index_points,RU,close
2010-12-13,256.1,index_points,RU,close
2010-12-14,256.12,index_points,RU,close
2010-12-15,256.47,index_points,RU,close
2010-12-16,256.74,index_points,RU,close
2010-12-17,257.03,index_points,RU,close
2010-12-20,257.48,index_points,RU,close
2010-12-21,257.52,index_points,RU,close
2010-12-22,257.36,index_points,RU,close
2010-12-23,257.16,index_points,RU,close
2010-12-24,257.15,index_points,RU,close
2010-12-27,257.59,index_points,RU,close
2010-12-28,257.92,index_points,RU,close
2010-12-29,258.09,index_points,RU,close
2010-12-30,257.84,index_points,RU,close
2010-12-31,257.84,index_points,RU,close
2011-01-11,258.2,index_points,RU,close
2011-01-12,258.43,index_points,RU,close
2011-01-13,258.73,index_points,RU,close
2011-01-14,258.68,index_points,RU,close
2011-01-17,258.92,index_points,RU,close
2011-01-18,258.97,index_points,RU,close
2011-01-19,259.15,index_points,RU,close
2011-01-20,258.94,index_points,RU,close
2011-01-21,259.09,index_points,RU,close
2011-01-24,258.97,index_points,RU,close
2011-01-25,259.04,index_points,RU,close
2011-01-26,258.62,index_points,RU,close
2011-01-27,258.41,index_points,RU,close
2011-01-28,258.56,index_points,RU,close
2011-01-31,259.09,index_points,RU,close
2011-02-01,259.25,index_points,RU,close
2011-02-02,259.08,index_points,RU,close
2011-02-03,259.38,index_points,RU,close
2011-02-04,259.58,index_points,RU,close
2011-02-07,259.71,index_points,RU,close
2011-02-08,259.71,index_points,RU,close
2011-02-09,260.02,index_points,RU,close
2011-02-10,260.22,index_points,RU,close
2011-02-11,260.32,index_points,RU,close
2011-02-14,260.43,index_points,RU,close
2011-02-15,260.7,index_points,RU,close
2011-02-16,260.82,index_points,RU,close
2011-02-17,261.01,index_points,RU,close
2011-02-18,260.89,index_points,RU,close
2011-02-21,261.13,index_points,RU,close
2011-02-22,260.97,index_points,RU,close
2011-02-24,260.03,index_points,RU,close
2011-02-25,260.01,index_points,RU,close
2011-02-28,260.06,index_points,RU,close
2011-03-01,260.46,index_points,RU,close
2011-03-02,260.67,index_points,RU,close
2011-03-03,261.1,index_points,RU,close
2011-03-04,261,index_points,RU,close
2011-03-09,261.24,index_points,RU,close
2011-03-10,261.23,index_points,RU,close
2011-03-11,261.18,index_points,RU,close
2011-03-14,261.41,index_points,RU,close
2011-03-15,261.58,index_points,RU,close
2011-03-16,261.63,index_points,RU,close
2011-03-17,262.04,index_points,RU,close
2011-03-18,262.42,index_points,RU,close
2011-03-21,262.69,index_points,RU,close
2011-03-22,262.91,index_points,RU,close
2011-03-23,262.85,index_points,RU,close
2011-03-24,262.9,index_points,RU,close
2011-03-25,263.09,index_points,RU,close
2011-03-28,263.43,index_points,RU,close
2011-03-29,263.48,index_points,RU,close
2011-03-30,263.67,index_points,RU,close
2011-03-31,263.98,index_points,RU,close
2011-04-01,264.44,index_points,RU,close
2011-04-04,265.11,index_points,RU,close
2011-04-05,265.29,index_points,RU,close
2011-04-06,265.52,index_points,RU,close
2011-04-07,265.84,index_points,RU,close
2011-04-08,265.89,index_points,RU,close
2011-04-11,266.04,index_points,RU,close
2011-04-12,265.9,index_points,RU,close
2011-04-13,265.61,index_points,RU,close
2011-04-14,265.34,index_points,RU,close
2011-04-15,265.6,index_points,RU,close
2011-04-18,265.59,index_points,RU,close
2011-04-19,265.14,index_points,RU,close
2011-04-20,265.62,index_points,RU,close
2011-04-21,265.53,index_points,RU,close
2011-04-22,265.62,index_points,RU,close
2011-04-25,265.89,index_points,RU,close
2011-04-26,265.89,index_points,RU,close
2011-04-27,265.74,index_points,RU,close
2011-04-28,266.02,index_points,RU,close
2011-04-29,265.81,index_points,RU,close
2011-05-03,265.72,index_points,RU,close
2011-05-04,265.73,index_points,RU,close
2011-05-05,265.4,index_points,RU,close
2011-05-06,265.31,index_points,RU,close
2011-05-10,265.47,index_points,RU,close
2011-05-11,265.64,index_points,RU,close
2011-05-12,265.5,index_points,RU,close
2011-05-13,265.43,index_points,RU,close
2011-05-16,265.49,index_points,RU,close
2011-05-17,265.36,index_points,RU,close
2011-05-18,265.52,index_points,RU,close
2011-05-19,265.75,index_points,RU,close
2011-05-20,265.84,index_points,RU,close
2011-05-23,265.84,index_points,RU,close
2011-05-24,265.91,index_points,RU,close
2011-05-25,265.82,index_points,RU,close
2011-05-26,266.05,index_points,RU,close
2011-05-27,266.06,index_points,RU,close
2011-05-30,265.98,index_points,RU,close
2011-05-31,266.06,index_points,RU,close
2011-06-01,266.42,index_points,RU,close
2011-06-02,266.29,index_points,RU,close
2011-06-03,266.58,index_points,RU,close
2011-06-06,266.78,index_points,RU,close
2011-06-07,267,index_points,RU,close
2011-06-08,266.92,index_points,RU,close
2011-06-09,267.27,index_points,RU,close
2011-06-10,267.4,index_points,RU,close
2011-06-14,267.75,index_points,RU,close
2011-06-15,267.65,index_points,RU,close
2011-06-16,267.38,index_points,RU,close
2011-06-17,267.41,index_points,RU,close
2011-06-20,267.39,index_points,RU,close
2011-06-21,267.59,index_points,RU,close
2011-06-22,267.69,index_points,RU,close
2011-06-23,267.58,index_points,RU,close
2011-06-24,267.66,index_points,RU,close
2011-06-27,267.67,index_points,RU,close
2011-06-28,268.05,index_points,RU,close
2011-06-29,268.32,index_points,RU,close
2011-06-30,268.61,index_points,RU,close
2011-07-01,269.25,index_points,RU,close
2011-07-04,269.57,index_points,RU,close
2011-07-05,269.66,index_points,RU,close
2011-07-06,270.14,index_points,RU,close
2011-07-07,270.67,index_points,RU,close
2011-07-08,271.3,index_points,RU,close
2011-07-11,270.63,index_points,RU,close
2011-07-12,270.36,index_points,RU,close
2011-07-13,270.75,index_points,RU,close
2011-07-14,271.02,index_points,RU,close
2011-07-15,271.16,index_points,RU,close
2011-07-18,271.35,index_points,RU,close
2011-07-19,271.46,index_points,RU,close
2011-07-20,271.58,index_points,RU,close
2011-07-21,271.54,index_points,RU,close
2011-07-22,271.76,index_points,RU,close
2011-07-25,272.08,index_points,RU,close
2011-07-26,272.2,index_points,RU,close
2011-07-27,272.21,index_points,RU,close
2011-07-28,272.14,index_points,RU,close
2011-07-29,272.41,index_points,RU,close
2011-08-01,273.08,index_points,RU,close
2011-08-02,273.48,index_points,RU,close
2011-08-03,273.59,index_points,RU,close
2011-08-04,272.92,index_points,RU,close
2011-08-05,271.63,index_points,RU,close
2011-08-08,271.43,index_points,RU,close
2011-08-09,268.3,index_points,RU,close
2011-08-10,270.1,index_points,RU,close
2011-08-11,268.91,index_points,RU,close
2011-08-12,269.47,index_points,RU,close
2011-08-15,270.32,index_points,RU,close
2011-08-16,270.21,index_points,RU,close
2011-08-17,270.79,index_points,RU,close
2011-08-18,270.65,index_points,RU,close
2011-08-19,269.78,index_points,RU,close
2011-08-22,270.25,index_points,RU,close
2011-08-23,270.6,index_points,RU,close
2011-08-24,270.33,index_points,RU,close
2011-08-25,270.06,index_points,RU,close
2011-08-26,270.02,index_points,RU,close
2011-08-29,270.7,index_points,RU,close
2011-08-30,271.15,index_points,RU,close
2011-08-31,271.27,index_points,RU,close
2011-09-01,271.09,index_points,RU,close
2011-09-02,271.34,index_points,RU,close
2011-09-05,270.76,index_points,RU,close
2011-09-06,270.91,index_points,RU,close
2011-09-07,271.05,index_points,RU,close
2011-09-08,271.36,index_points,RU,close
2011-09-09,271.25,index_points,RU,close
2011-09-12,271.35,index_points,RU,close
2011-09-13,271.17,index_points,RU,close
2011-09-14,270.9,index_points,RU,close
2011-09-15,269.87,index_points,RU,close
2011-09-16,269.8,index_points,RU,close
2011-09-19,268.73,index_points,RU,close
2011-09-20,267.81,index_points,RU,close
2011-09-21,268.25,index_points,RU,close
2011-09-22,266.62,index_points,RU,close
2011-09-23,263.95,index_points,RU,close
2011-09-26,261.98,index_points,RU,close
2011-09-27,263.05,index_points,RU,close
2011-09-28,265.87,index_points,RU,close
2011-09-29,266.08,index_points,RU,close
2011-09-30,266.94,index_points,RU,close
2011-10-03,264.95,index_points,RU,close
2011-10-04,263.15,index_points,RU,close
2011-10-05,263.03,index_points,RU,close
2011-10-06,264.72,index_points,RU,close
2011-10-07,265.78,index_points,RU,close
2011-10-10,266.69,index_points,RU,close
2011-10-11,267.08,index_points,RU,close
2011-10-12,267.49,index_points,RU,close
2011-10-13,267,index_points,RU,close
2011-10-14,267.05,index_points,RU,close
2011-10-17,267.51,index_points,RU,close
2011-10-18,266.66,index_points,RU,close
2011-10-19,267.1,index_points,RU,close
2011-10-20,266.91,index_points,RU,close
2011-10-21,267.04,index_points,RU,close
2011-10-24,267.64,index_points,RU,close
2011-10-25,268.21,index_points,RU,close
2011-10-26,268.58,index_points,RU,close
2011-10-27,270.57,index_points,RU,close
2011-10-28,271.32,index_points,RU,close
2011-10-31,270.38,index_points,RU,close
2011-11-01,269.11,index_points,RU,close
2011-11-02,269.31,index_points,RU,close
2011-11-03,269.63,index_points,RU,close
2011-11-07,270.08,index_points,RU,close
2011-11-08,270.29,index_points,RU,close
2011-11-09,270.48,index_points,RU,close
2011-11-10,269.72,index_points,RU,close
2011-11-11,269.94,index_points,RU,close
2011-11-14,270.35,index_points,RU,close
2011-11-15,269.74,index_points,RU,close
2011-11-16,269.75,index_points,RU,close
2011-11-17,269.49,index_points,RU,close
2011-11-18,269.36,index_points,RU,close
2011-11-21,269.19,index_points,RU,close
2011-11-22,269.19,index_points,RU,close
2011-11-23,268.9,index_points,RU,close
2011-11-24,268.99,index_points,RU,close
2011-11-25,268.84,index_points,RU,close
2011-11-28,269.33,index_points,RU,close
2011-11-29,269.67,index_points,RU,close
2011-11-30,270.39,index_points,RU,close
2011-12-01,271.33,index_points,RU,close
2011-12-02,271.83,index_points,RU,close
2011-12-05,272.2,index_points,RU,close
2011-12-06,272.43,index_points,RU,close
2011-12-07,272.65,index_points,RU,close
2011-12-08,272.41,index_points,RU,close
2011-12-09,272.05,index_points,RU,close
2011-12-12,271.84,index_points,RU,close
2011-12-13,271.62,index_points,RU,close
2011-12-14,271.5,index_points,RU,close
2011-12-15,271.53,index_points,RU,close
2011-12-16,271.55,index_points,RU,close
2011-12-19,271.53,index_points,RU,close
2011-12-20,271.87,index_points,RU,close
2011-12-21,271.62,index_points,RU,close
2011-12-22,271.78,index_points,RU,close
2011-12-23,271.96,index_points,RU,close
2011-12-26,272.32,index_points,RU,close
2011-12-27,272.31,index_points,RU,close
2011-12-28,272.52,index_points,RU,close
2011-12-29,272.58,index_points,RU,close
2011-12-30,272.78,index_points,RU,close
2012-01-03,272.96,index_points,RU,close
2012-01-04,273.04,index_points,RU,close
2012-01-05,273.11,index_points,RU,close
2012-01-06,273.21,index_points,RU,close
2012-01-09,273.44,index_points,RU,close
2012-01-10,273.64,index_points,RU,close
2012-01-11,273.9,index_points,RU,close
2012-01-12,274.51,index_points,RU,close
2012-01-13,274.48,index_points,RU,close
2012-01-16,274.63,index_points,RU,close
2012-01-17,275.13,index_points,RU,close
2012-01-18,275.24,index_points,RU,close
2012-01-19,275.34,index_points,RU,close
2012-01-20,275.62,index_points,RU,close
2012-01-23,275.64,index_points,RU,close
2012-01-24,275.41,index_points,RU,close
2012-01-25,275.81,index_points,RU,close
2012-01-26,276.26,index_points,RU,close
2012-01-27,276.99,index_points,RU,close
2012-01-30,277.05,index_points,RU,close
2012-01-31,277.67,index_points,RU,close
2012-02-01,278.15,index_points,RU,close
2012-02-02,278.95,index_points,RU,close
2012-02-03,279.79,index_points,RU,close
2012-02-06,280.42,index_points,RU,close
2012-02-07,280.87,index_points,RU,close
2012-02-08,281.21,index_points,RU,close
2012-02-09,280.58,index_points,RU,close
2012-02-10,280.13,index_points,RU,close
2012-02-13,280.5,index_points,RU,close
2012-02-14,280.62,index_points,RU,close
2012-02-15,280.87,index_points,RU,close
2012-02-16,280.94,index_points,RU,close
2012-02-17,281.05,index_points,RU,close
2012-02-20,280.68,index_points,RU,close
2012-02-21,281.05,index_points,RU,close
2012-02-22,280.92,index_points,RU,close
2012-02-24,281.18,index_points,RU,close
2012-02-27,281.62,index_points,RU,close
2012-02-28,281.46,index_points,RU,close
2012-02-29,281.9,index_points,RU,close
2012-03-01,281.91,index_points,RU,close
2012-03-02,281.91,index_points,RU,close
2012-03-05,282.09,index_points,RU,close
2012-03-06,281.92,index_points,RU,close
2012-03-07,281.69,index_points,RU,close
2012-03-11,282.05,index_points,RU,close
2012-03-12,282.33,index_points,RU,close
2012-03-13,282.78,index_points,RU,close
2012-03-14,283.23,index_points,RU,close
2012-03-15,283.25,index_points,RU,close
2012-03-16,283.48,index_points,RU,close
2012-03-19,283.23,index_points,RU,close
2012-03-20,283.15,index_points,RU,close
2012-03-21,283.1,index_points,RU,close
2012-03-22,283.01,index_points,RU,close
2012-03-23,283,index_points,RU,close
2012-03-26,283.31,index_points,RU,close
2012-03-27,283.41,index_points,RU,close
2012-03-28,283.55,index_points,RU,close
2012-03-29,283.81,index_points,RU,close
2012-03-30,283.77,index_points,RU,close
2012-04-02,284.03,index_points,RU,close
2012-04-03,284.09,index_points,RU,close
2012-04-04,283.81,index_points,RU,close
2012-04-05,283.85,index_points,RU,close
2012-04-06,283.69,index_points,RU,close
2012-04-09,283.37,index_points,RU,close
2012-04-10,282.97,index_points,RU,close
2012-04-11,282.89,index_points,RU,close
2012-04-12,283.02,index_points,RU,close
2012-04-13,282.96,index_points,RU,close
2012-04-16,283,index_points,RU,close
2012-04-17,283.36,index_points,RU,close
2012-04-18,283.75,index_points,RU,close
2012-04-19,283.55,index_points,RU,close
2012-04-20,283.97,index_points,RU,close
2012-04-23,283.86,index_points,RU,close
2012-04-24,283.64,index_points,RU,close
2012-04-25,283.9,index_points,RU,close
2012-04-26,284.09,index_points,RU,close
2012-04-27,284.07,index_points,RU,close
2012-04-28,284.45,index_points,RU,close
2012-05-02,284.55,index_points,RU,close
2012-05-03,284.69,index_points,RU,close
2012-05-04,284.65,index_points,RU,close
2012-05-05,284.27,index_points,RU,close
2012-05-07,284.56,index_points,RU,close
2012-05-08,284.56,index_points,RU,close
2012-05-10,284.21,index_points,RU,close
2012-05-11,283.89,index_points,RU,close
2012-05-12,284.2,index_points,RU,close
2012-05-14,282.88,index_points,RU,close
2012-05-15,282.68,index_points,RU,close
2012-05-16,281.33,index_points,RU,close
2012-05-17,280.27,index_points,RU,close
2012-05-18,279.65,index_points,RU,close
2012-05-21,280.18,index_points,RU,close
2012-05-22,280.84,index_points,RU,close
2012-05-23,279.67,index_points,RU,close
2012-05-24,279.25,index_points,RU,close
2012-05-25,279.53,index_points,RU,close
2012-05-28,279.71,index_points,RU,close
2012-05-29,279.91,index_points,RU,close
2012-05-30,279.79,index_points,RU,close
2012-05-31,279.01,index_points,RU,close
2012-06-01,277.29,index_points,RU,close
2012-06-04,278.29,index_points,RU,close
2012-06-05,278.71,index_points,RU,close
2012-06-06,280.38,index_points,RU,close
2012-06-07,281.26,index_points,RU,close
2012-06-08,280.32,index_points,RU,close
2012-06-09,280.96,index_points,RU,close
2012-06-13,280.38,index_points,RU,close
2012-06-14,280.24,index_points,RU,close
2012-06-15,281.24,index_points,RU,close
2012-06-18,281.43,index_points,RU,close
2012-06-19,281.06,index_points,RU,close
2012-06-20,280.97,index_points,RU,close
2012-06-21,280.66,index_points,RU,close
2012-06-22,280.62,index_points,RU,close
2012-06-25,280.75,index_points,RU,close
2012-06-26,280.64,index_points,RU,close
2012-06-27,280.91,index_points,RU,close
2012-06-28,280.81,index_points,RU,close
2012-06-29,281.92,index_points,RU,close
2012-07-02,283.77,index_points,RU,close
2012-07-03,284.71,index_points,RU,close
2012-07-04,285.53,index_points,RU,close
2012-07-05,285.52,index_points,RU,close
2012-07-06,285.2,index_points,RU,close
2012-07-09,285.36,index_points,RU,close
2012-07-10,285.42,index_points,RU,close
2012-07-11,285.53,index_points,RU,close
2012-07-12,286.25,index_points,RU,close
2012-07-13,287.27,index_points,RU,close
2012-07-16,288.97,index_points,RU,close
2012-07-17,289.78,index_points,RU,close
2012-07-18,289.99,index_points,RU,close
2012-07-19,289.44,index_points,RU,close
2012-07-20,289.06,index_points,RU,close
2012-07-23,287.22,index_points,RU,close
2012-07-24,287.29,index_points,RU,close
2012-07-25,287.04,index_points,RU,close
2012-07-26,288.04,index_points,RU,close
2012-07-27,288.74,index_points,RU,close
2012-07-30,289.26,index_points,RU,close
2012-07-31,289.34,index_points,RU,close
2012-08-01,289.74,index_points,RU,close
2012-08-02,289.64,index_points,RU,close
2012-08-03,289.88,index_points,RU,close
2012-08-06,290.84,index_points,RU,close
2012-08-07,291.33,index_points,RU,close
2012-08-08,291.16,index_points,RU,close
2012-08-09,291.1,index_points,RU,close
2012-08-10,290.55,index_points,RU,close
2012-08-13,290.66,index_points,RU,close
2012-08-14,291.1,index_points,RU,close
2012-08-15,290.78,index_points,RU,close
2012-08-16,291,index_points,RU,close
2012-08-17,291.07,index_points,RU,close
2012-08-20,291.15,index_points,RU,close
2012-08-21,291.54,index_points,RU,close
2012-08-22,291.62,index_points,RU,close
2012-08-23,292.06,index_points,RU,close
2012-08-24,291.88,index_points,RU,close
2012-08-27,292.19,index_points,RU,close
2012-08-28,292.12,index_points,RU,close
2012-08-29,292.3,index_points,RU,close
2012-08-30,292.21,index_points,RU,close
2012-08-31,292.37,index_points,RU,close
2012-09-03,292.67,index_points,RU,close
2012-09-04,293.34,index_points,RU,close
2012-09-05,293.45,index_points,RU,close
2012-09-06,293.83,index_points,RU,close
2012-09-07,294.03,index_points,RU,close
2012-09-10,293.83,index_points,RU,close
2012-09-11,294.1,index_points,RU,close
2012-09-12,294.24,index_points,RU,close
2012-09-13,294.07,index_points,RU,close
2012-09-14,294.51,index_points,RU,close
2012-09-17,294.46,index_points,RU,close
2012-09-18,294.26,index_points,RU,close
2012-09-19,294.18,index_points,RU,close
2012-09-20,293.98,index_points,RU,close
2012-09-21,294.34,index_points,RU,close
2012-09-24,294.26,index_points,RU,close
2012-09-25,294.45,index_points,RU,close
2012-09-26,294.45,index_points,RU,close
2012-09-27,294.64,index_points,RU,close
2012-09-28,294.9,index_points,RU,close
2012-10-01,295.03,index_points,RU,close
2012-10-02,295.01,index_points,RU,close
2012-10-03,295.35,index_points,RU,close
2012-10-04,295.74,index_points,RU,close
2012-10-05,296.39,index_points,RU,close
2012-10-08,296.57,index_points,RU,close
2012-10-09,296.97,index_points,RU,close
2012-10-10,297.3,index_points,RU,close
2012-10-11,297.78,index_points,RU,close
2012-10-12,298.53,index_points,RU,close
2012-10-15,299.05,index_points,RU,close
2012-10-16,299.81,index_points,RU,close
2012-10-17,300.39,index_points,RU,close
2012-10-18,300.38,index_points,RU,close
2012-10-19,300.58,index_points,RU,close
2012-10-22,301.21,index_points,RU,close
2012-10-23,300.6,index_points,RU,close
2012-10-24,300.4,index_points,RU,close
2012-10-25,300.77,index_points,RU,close
2012-10-26,300.66,index_points,RU,close
2012-10-29,300.72,index_points,RU,close
2012-10-30,300.81,index_points,RU,close
2012-10-31,301.14,index_points,RU,close
2012-11-01,301.97,index_points,RU,close
2012-11-02,301.59,index_points,RU,close
2012-11-06,301.96,index_points,RU,close
2012-11-07,301.92,index_points,RU,close
2012-11-08,302.03,index_points,RU,close
2012-11-09,302.17,index_points,RU,close
2012-11-12,302.42,index_points,RU,close
2012-11-13,302.37,index_points,RU,close
2012-11-14,302.37,index_points,RU,close
2012-11-15,302.44,index_points,RU,close
2012-11-16,302.59,index_points,RU,close
2012-11-19,303.63,index_points,RU,close
2012-11-20,304.17,index_points,RU,close
2012-11-21,305.71,index_points,RU,close
2012-11-22,306.58,index_points,RU,close
2012-11-23,306.64,index_points,RU,close
2012-11-26,306.71,index_points,RU,close
2012-11-27,306.82,index_points,RU,close
2012-11-28,306.84,index_points,RU,close
2012-11-29,307.76,index_points,RU,close
2012-11-30,308.57,index_points,RU,close
2012-12-03,309.82,index_points,RU,close
2012-12-04,310.35,index_points,RU,close
2012-12-05,310.38,index_points,RU,close
2012-12-06,310.05,index_points,RU,close
2012-12-07,310.26,index_points,RU,close
2012-12-10,311.34,index_points,RU,close
2012-12-11,311.43,index_points,RU,close
2012-12-12,312.62,index_points,RU,close
2012-12-13,312.11,index_points,RU,close
2012-12-14,312.53,index_points,RU,close
2012-12-17,312.55,index_points,RU,close
2012-12-18,312.6,index_points,RU,close
2012-12-19,312.28,index_points,RU,close
2012-12-20,312.2,index_points,RU,close
2012-12-21,312.2,index_points,RU,close
2012-12-24,312.38,index_points,RU,close
2012-12-25,312.23,index_points,RU,close
2012-12-26,312.4,index_points,RU,close
2012-12-27,312.43,index_points,RU,close
2012-12-28,312.73,index_points,RU,close
2013-01-08,312.91,index_points,RU,close
2013-01-09,314.6,index_points,RU,close
2013-01-10,317.48,index_points,RU,close
2013-01-11,316.89,index_points,RU,close
2013-01-14,317.16,index_points,RU,close
2013-01-15,316.97,index_points,RU,close
2013-01-16,316.18,index_points,RU,close
2013-01-17,315.75,index_points,RU,close
2013-01-18,316.55,index_points,RU,close
2013-01-21,316.37,index_points,RU,close
2013-01-22,316.57,index_points,RU,close
2013-01-23,316.81,index_points,RU,close
2013-01-24,317.1,index_points,RU,close
2013-01-25,318.04,index_points,RU,close
2013-01-28,318.19,index_points,RU,close
2013-01-29,318,index_points,RU,close
2013-01-30,318.01,index_points,RU,close
2013-01-31,317.4,index_points,RU,close
2013-02-01,317.35,index_points,RU,close
2013-02-04,317.29,index_points,RU,close
2013-02-05,316.93,index_points,RU,close
2013-02-06,317.49,index_points,RU,close
2013-02-07,317.47,index_points,RU,close
2013-02-08,317.87,index_points,RU,close
2013-02-11,318.21,index_points,RU,close
2013-02-12,318.04,index_points,RU,close
2013-02-13,318.22,index_points,RU,close
2013-02-14,318.12,index_points,RU,close
2013-02-15,318.08,index_points,RU,close
2013-02-18,318.2,index_points,RU,close
2013-02-19,318.16,index_points,RU,close
2013-02-20,318.27,index_points,RU,close
2013-02-21,317.96,index_points,RU,close
2013-02-22,317.71,index_points,RU,close
2013-02-25,318.1,index_points,RU,close
2013-02-26,317.58,index_points,RU,close
2013-02-27,318.06,index_points,RU,close
2013-02-28,318.12,index_points,RU,close
2013-03-01,317.93,index_points,RU,close
2013-03-04,317.86,index_points,RU,close
2013-03-05,317.94,index_points,RU,close
2013-03-06,317.79,index_points,RU,close
2013-03-07,317.61,index_points,RU,close
2013-03-11,317.31,index_points,RU,close
2013-03-12,317.04,index_points,RU,close
2013-03-13,316.78,index_points,RU,close
2013-03-14,316.36,index_points,RU,close
2013-03-15,316.08,index_points,RU,close
2013-03-18,315.47,index_points,RU,close
2013-03-19,315.34,index_points,RU,close
2013-03-20,315.85,index_points,RU,close
2013-03-21,315.95,index_points,RU,close
2013-03-22,316.12,index_points,RU,close
2013-03-25,316.53,index_points,RU,close
2013-03-26,316.35,index_points,RU,close
2013-03-27,316.21,index_points,RU,close
2013-03-28,316.87,index_points,RU,close
2013-03-29,317.43,index_points,RU,close
2013-04-01,317.24,index_points,RU,close
2013-04-02,317.63,index_points,RU,close
2013-04-03,317.5,index_points,RU,close
2013-04-04,318,index_points,RU,close
2013-04-05,319.76,index_points,RU,close
2013-04-08,322.34,index_points,RU,close
2013-04-09,322.29,index_points,RU,close
2013-04-10,322.98,index_points,RU,close
2013-04-11,323.18,index_points,RU,close
2013-04-12,322.66,index_points,RU,close
2013-04-15,321.1,index_points,RU,close
2013-04-16,320.4,index_points,RU,close
2013-04-17,321.21,index_points,RU,close
2013-04-18,322.29,index_points,RU,close
2013-04-19,323.46,index_points,RU,close
2013-04-22,323.35,index_points,RU,close
2013-04-23,324.55,index_points,RU,close
2013-04-24,325.19,index_points,RU,close
2013-04-25,325.47,index_points,RU,close
2013-04-26,326.05,index_points,RU,close
2013-04-29,327.12,index_points,RU,close
2013-04-30,327.73,index_points,RU,close
2013-05-02,327.79,index_points,RU,close
2013-05-03,328.66,index_points,RU,close
2013-05-06,328.82,index_points,RU,close
2013-05-07,328.58,index_points,RU,close
2013-05-08,328.73,index_points,RU,close
2013-05-10,327.15,index_points,RU,close
2013-05-13,328.68,index_points,RU,close
2013-05-14,326.63,index_points,RU,close
2013-05-15,327.22,index_points,RU,close
2013-05-16,326.76,index_points,RU,close
2013-05-17,327.16,index_points,RU,close
2013-05-20,327.13,index_points,RU,close
2013-05-21,324.61,index_points,RU,close
2013-05-22,324.48,index_points,RU,close
2013-05-23,322.42,index_points,RU,close
2013-05-24,322.12,index_points,RU,close
2013-05-27,322.58,index_points,RU,close
2013-05-28,322.3,index_points,RU,close
2013-05-29,320.78,index_points,RU,close
2013-05-30,319.34,index_points,RU,close
2013-05-31,317.87,index_points,RU,close
2013-06-03,316.7,index_points,RU,close
2013-06-04,317.41,index_points,RU,close
2013-06-05,318.41,index_points,RU,close
2013-06-06,316.23,index_points,RU,close
2013-06-07,314.86,index_points,RU,close
2013-06-10,313.87,index_points,RU,close
2013-06-11,311.43,index_points,RU,close
2013-06-13,313.75,index_points,RU,close
2013-06-14,317.49,index_points,RU,close
2013-06-17,316.97,index_points,RU,close
2013-06-18,315.15,index_points,RU,close
2013-06-19,314.7,index_points,RU,close
2013-06-20,310.8,index_points,RU,close
2013-06-21,310.53,index_points,RU,close
2013-06-24,305.09,index_points,RU,close
2013-06-25,306.55,index_points,RU,close
2013-06-26,308.44,index_points,RU,close
2013-06-27,311.98,index_points,RU,close
2013-06-28,313.57,index_points,RU,close
2013-07-01,313.92,index_points,RU,close
2013-07-02,315.68,index_points,RU,close
2013-07-03,315.36,index_points,RU,close
2013-07-04,315.42,index_points,RU,close
2013-07-05,314.82,index_points,RU,close
2013-07-08,315.03,index_points,RU,close
2013-07-09,316.72,index_points,RU,close
2013-07-10,317.19,index_points,RU,close
2013-07-11,317.51,index_points,RU,close
2013-07-12,318.47,index_points,RU,close
2013-07-15,319.17,index_points,RU,close
2013-07-16,321.04,index_points,RU,close
2013-07-17,321.1,index_points,RU,close
2013-07-18,321.57,index_points,RU,close
2013-07-19,321.56,index_points,RU,close
2013-07-22,321.61,index_points,RU,close
2013-07-23,321.87,index_points,RU,close
2013-07-24,321.35,index_points,RU,close
2013-07-25,320.01,index_points,RU,close
2013-07-26,319.81,index_points,RU,close
2013-07-29,318.79,index_points,RU,close
2013-07-30,318.65,index_points,RU,close
2013-07-31,318.01,index_points,RU,close
2013-08-01,319.13,index_points,RU,close
2013-08-02,318.75,index_points,RU,close
2013-08-05,320.28,index_points,RU,close
2013-08-06,320.07,index_points,RU,close
2013-08-07,320.22,index_points,RU,close
2013-08-08,321.23,index_points,RU,close
2013-08-09,320.79,index_points,RU,close
2013-08-12,321.05,index_points,RU,close
2013-08-13,320.63,index_points,RU,close
2013-08-14,320.09,index_points,RU,close
2013-08-15,320.29,index_points,RU,close
2013-08-16,320.16,index_points,RU,close
2013-08-19,319.09,index_points,RU,close
2013-08-20,318.64,index_points,RU,close
2013-08-21,317.68,index_points,RU,close
2013-08-22,315.21,index_points,RU,close
2013-08-23,316.33,index_points,RU,close
2013-08-26,317.16,index_points,RU,close
2013-08-27,315.66,index_points,RU,close
2013-08-28,315.06,index_points,RU,close
2013-08-29,315.43,index_points,RU,close
2013-08-30,316.37,index_points,RU,close
2013-09-02,316.82,index_points,RU,close
2013-09-03,316.51,index_points,RU,close
2013-09-04,316.58,index_points,RU,close
2013-09-05,316.27,index_points,RU,close
2013-09-06,316.39,index_points,RU,close
2013-09-09,317.24,index_points,RU,close
2013-09-10,317.88,index_points,RU,close
2013-09-11,320.07,index_points,RU,close
2013-09-12,322,index_points,RU,close
2013-09-13,322.49,index_points,RU,close
2013-09-16,323.78,index_points,RU,close
2013-09-17,322.4,index_points,RU,close
2013-09-18,322.18,index_points,RU,close
2013-09-19,325.54,index_points,RU,close
2013-09-20,324.83,index_points,RU,close
2013-09-23,324.14,index_points,RU,close
2013-09-24,324.74,index_points,RU,close
2013-09-25,323.25,index_points,RU,close
2013-09-26,323.7,index_points,RU,close
2013-09-27,323,index_points,RU,close
2013-09-30,322.72,index_points,RU,close
2013-10-01,322.86,index_points,RU,close
2013-10-02,323.22,index_points,RU,close
2013-10-03,324.07,index_points,RU,close
2013-10-04,324.14,index_points,RU,close
2013-10-07,324.15,index_points,RU,close
2013-10-08,323.57,index_points,RU,close
2013-10-09,323.8,index_points,RU,close
2013-10-10,323.24,index_points,RU,close
2013-10-11,323.74,index_points,RU,close
2013-10-14,324.02,index_points,RU,close
2013-10-15,323.27,index_points,RU,close
2013-10-16,323.9,index_points,RU,close
2013-10-17,324.8,index_points,RU,close
2013-10-18,325.53,index_points,RU,close
2013-10-21,325.5,index_points,RU,close
2013-10-22,326.28,index_points,RU,close
2013-10-23,326.65,index_points,RU,close
2013-10-24,326.63,index_points,RU,close
2013-10-25,326.11,index_points,RU,close
2013-10-28,326.67,index_points,RU,close
2013-10-29,326.39,index_points,RU,close
2013-10-30,327.23,index_points,RU,close
2013-10-31,327.15,index_points,RU,close
2013-11-01,326.39,index_points,RU,close
2013-11-05,326.46,index_points,RU,close
2013-11-06,326.39,index_points,RU,close
2013-11-07,326.21,index_points,RU,close
2013-11-08,325.2,index_points,RU,close
2013-11-11,324.28,index_points,RU,close
2013-11-12,323.24,index_points,RU,close
2013-11-13,323.26,index_points,RU,close
2013-11-14,323.47,index_points,RU,close
2013-11-15,323.61,index_points,RU,close
2013-11-18,323.93,index_points,RU,close
2013-11-19,323.7,index_points,RU,close
2013-11-20,323.36,index_points,RU,close
2013-11-21,322.65,index_points,RU,close
2013-11-22,323.3,index_points,RU,close
2013-11-25,323.15,index_points,RU,close
2013-11-26,322.22,index_points,RU,close
2013-11-27,321.62,index_points,RU,close
2013-11-28,320.61,index_points,RU,close
2013-11-29,320.22,index_points,RU,close
2013-12-02,320.44,index_points,RU,close
2013-12-03,319.98,index_points,RU,close
2013-12-04,320.89,index_points,RU,close
2013-12-05,321.01,index_points,RU,close
2013-12-06,321.77,index_points,RU,close
2013-12-09,322.72,index_points,RU,close
2013-12-10,323.34,index_points,RU,close
2013-12-11,323.75,index_points,RU,close
2013-12-12,323.57,index_points,RU,close
2013-12-13,323.4,index_points,RU,close
2013-12-16,323.21,index_points,RU,close
2013-12-17,323.12,index_points,RU,close
2013-12-18,323.4,index_points,RU,close
2013-12-19,323.69,index_points,RU,close
2013-12-20,323.79,index_points,RU,close
2013-12-23,324.25,index_points,RU,close
2013-12-24,324.16,index_points,RU,close
2013-12-25,324.24,index_points,RU,close
2013-12-26,323.97,index_points,RU,close
2013-12-27,324.2,index_points,RU,close
2013-12-30,324.62,index_points,RU,close
2014-01-06,325.02,index_points,RU,close
2014-01-08,325.22,index_points,RU,close
2014-01-09,324.67,index_points,RU,close
2014-01-10,324.48,index_points,RU,close
2014-01-13,324.83,index_points,RU,close
2014-01-14,324.99,index_points,RU,close
2014-01-15,325.4,index_points,RU,close
2014-01-16,324.62,index_points,RU,close
2014-01-17,324.58,index_points,RU,close
2014-01-20,324.86,index_points,RU,close
2014-01-21,324.78,index_points,RU,close
2014-01-22,324.06,index_points,RU,close
2014-01-23,324.13,index_points,RU,close
2014-01-24,323.78,index_points,RU,close
2014-01-27,321.65,index_points,RU,close
2014-01-28,322.27,index_points,RU,close
2014-01-29,321.27,index_points,RU,close
2014-01-30,319.15,index_points,RU,close
2014-01-31,319.26,index_points,RU,close
2014-02-03,319.45,index_points,RU,close
2014-02-04,320.69,index_points,RU,close
2014-02-05,321.83,index_points,RU,close
2014-02-06,322.47,index_points,RU,close
2014-02-07,322.67,index_points,RU,close
2014-02-10,322.94,index_points,RU,close
2014-02-11,322.88,index_points,RU,close
2014-02-12,323.07,index_points,RU,close
2014-02-13,322.54,index_points,RU,close
2014-02-14,322.44,index_points,RU,close
2014-02-17,322.83,index_points,RU,close
2014-02-18,322.39,index_points,RU,close
2014-02-19,320.84,index_points,RU,close
2014-02-20,320.59,index_points,RU,close
2014-02-21,320.73,index_points,RU,close
2014-02-24,321.46,index_points,RU,close
2014-02-25,321.53,index_points,RU,close
2014-02-26,319.97,index_points,RU,close
2014-02-27,320.21,index_points,RU,close
2014-02-28,320.33,index_points,RU,close
2014-03-03,316.39,index_points,RU,close
2014-03-04,315.73,index_points,RU,close
2014-03-05,316.77,index_points,RU,close
2014-03-06,315.57,index_points,RU,close
2014-03-07,314.69,index_points,RU,close
2014-03-11,313.74,index_points,RU,close
2014-03-12,309.38,index_points,RU,close
2014-03-13,307.46,index_points,RU,close
2014-03-14,305.45,index_points,RU,close
2014-03-17,308.04,index_points,RU,close
2014-03-18,308.77,index_points,RU,close
2014-03-19,309.41,index_points,RU,close
2014-03-20,309,index_points,RU,close
2014-03-21,307.87,index_points,RU,close
2014-03-24,308.5,index_points,RU,close
2014-03-25,310.4,index_points,RU,close
2014-03-26,312.44,index_points,RU,close
2014-03-27,311.79,index_points,RU,close
2014-03-28,312.03,index_points,RU,close
2014-03-31,314.88,index_points,RU,close
2014-04-01,316.6,index_points,RU,close
2014-04-02,313.89,index_points,RU,close
2014-04-03,314.03,index_points,RU,close
2014-04-04,315.27,index_points,RU,close
2014-04-07,314.77,index_points,RU,close
2014-04-08,315.35,index_points,RU,close
2014-04-09,315.61,index_points,RU,close
2014-04-10,316.26,index_points,RU,close
2014-04-11,316.46,index_points,RU,close
2014-04-14,314.86,index_points,RU,close
2014-04-15,314.74,index_points,RU,close
2014-04-16,313.33,index_points,RU,close
2014-04-17,313.93,index_points,RU,close
2014-04-18,315.86,index_points,RU,close
2014-04-21,316.1,index_points,RU,close
2014-04-22,316.02,index_points,RU,close
2014-04-23,314.53,index_points,RU,close
2014-04-24,314.88,index_points,RU,close
2014-04-25,310.4,index_points,RU,close
2014-04-28,308.78,index_points,RU,close
2014-04-29,309.91,index_points,RU,close
2014-04-30,310.69,index_points,RU,close
2014-05-02,311.57,index_points,RU,close
2014-05-05,310.82,index_points,RU,close
2014-05-06,310.8,index_points,RU,close
2014-05-07,312.79,index_points,RU,close
2014-05-08,315.1,index_points,RU,close
2014-05-12,315.29,index_points,RU,close
2014-05-13,315.32,index_points,RU,close
2014-05-14,315.4,index_points,RU,close
2014-05-15,316.11,index_points,RU,close
2014-05-16,315.54,index_points,RU,close
2014-05-19,315.79,index_points,RU,close
2014-05-20,316.55,index_points,RU,close
2014-05-21,317.86,index_points,RU,close
2014-05-22,318.12,index_points,RU,close
2014-05-23,318.78,index_points,RU,close
2014-05-26,319.8,index_points,RU,close
2014-05-27,318.92,index_points,RU,close
2014-05-28,318.51,index_points,RU,close
2014-05-29,319.57,index_points,RU,close
2014-05-30,320.01,index_points,RU,close
2014-06-02,320.66,index_points,RU,close
2014-06-03,320.41,index_points,RU,close
2014-06-04,320.89,index_points,RU,close
2014-06-05,321.8,index_points,RU,close
2014-06-06,322.56,index_points,RU,close
2014-06-09,323.49,index_points,RU,close
2014-06-10,323.21,index_points,RU,close
2014-06-11,322.98,index_points,RU,close
2014-06-16,321.66,index_points,RU,close
2014-06-17,321.31,index_points,RU,close
2014-06-18,321.87,index_points,RU,close
2014-06-19,322.75,index_points,RU,close
2014-06-20,323.27,index_points,RU,close
2014-06-23,323.65,index_points,RU,close
2014-06-24,324.11,index_points,RU,close
2014-06-25,324.47,index_points,RU,close
2014-06-26,324.94,index_points,RU,close
2014-06-27,325.31,index_points,RU,close
2014-06-30,324.81,index_points,RU,close
2014-07-01,324.83,index_points,RU,close
2014-07-02,324.79,index_points,RU,close
2014-07-03,324.91,index_points,RU,close
2014-07-04,324.88,index_points,RU,close
2014-07-07,324.57,index_points,RU,close
2014-07-08,324.94,index_points,RU,close
2014-07-09,324.92,index_points,RU,close
2014-07-10,324.26,index_points,RU,close
2014-07-11,323.66,index_points,RU,close
2014-07-14,323.6,index_points,RU,close
2014-07-15,323.28,index_points,RU,close
2014-07-16,323.53,index_points,RU,close
2014-07-17,320.38,index_points,RU,close
2014-07-18,319.45,index_points,RU,close
2014-07-21,318.74,index_points,RU,close
2014-07-22,319.2,index_points,RU,close
2014-07-23,320.1,index_points,RU,close
2014-07-24,319.5,index_points,RU,close
2014-07-25,317.06,index_points,RU,close
2014-07-28,315.84,index_points,RU,close
2014-07-29,314.61,index_points,RU,close
2014-07-30,314.65,index_points,RU,close
2014-07-31,314.99,index_points,RU,close
2014-08-01,313.7,index_points,RU,close
2014-08-04,313.4,index_points,RU,close
2014-08-05,311.98,index_points,RU,close
2014-08-06,310.87,index_points,RU,close
2014-08-07,310.36,index_points,RU,close
2014-08-08,310.5,index_points,RU,close
2014-08-11,313.63,index_points,RU,close
2014-08-12,314.68,index_points,RU,close
2014-08-13,315.14,index_points,RU,close
2014-08-14,316.85,index_points,RU,close
2014-08-15,317.73,index_points,RU,close
2014-08-18,317.89,index_points,RU,close
2014-08-19,316.65,index_points,RU,close
2014-08-20,316.91,index_points,RU,close
2014-08-21,317.11,index_points,RU,close
2014-08-22,317.54,index_points,RU,close
2014-08-25,317.47,index_points,RU,close
2014-08-26,318.07,index_points,RU,close
2014-08-27,318.07,index_points,RU,close
2014-08-28,315.47,index_points,RU,close
2014-08-29,313.7,index_points,RU,close
2014-09-01,311.87,index_points,RU,close
2014-09-02,312.4,index_points,RU,close
2014-09-03,314.92,index_points,RU,close
2014-09-04,317.01,index_points,RU,close
2014-09-05,317.37,index_points,RU,close
2014-09-08,316.46,index_points,RU,close
2014-09-09,317.18,index_points,RU,close
2014-09-10,315.75,index_points,RU,close
2014-09-11,315.21,index_points,RU,close
2014-09-12,315.35,index_points,RU,close
2014-09-15,315.11,index_points,RU,close
2014-09-16,314.89,index_points,RU,close
2014-09-17,316.38,index_points,RU,close
2014-09-18,317.32,index_points,RU,close
2014-09-19,316.92,index_points,RU,close
2014-09-22,317.7,index_points,RU,close
2014-09-23,319.42,index_points,RU,close
2014-09-24,320.42,index_points,RU,close
2014-09-25,321.27,index_points,RU,close
2014-09-26,320.24,index_points,RU,close
2014-09-29,320.43,index_points,RU,close
2014-09-30,320.74,index_points,RU,close
2014-10-01,320.04,index_points,RU,close
2014-10-02,320.46,index_points,RU,close
2014-10-03,319.27,index_points,RU,close
2014-10-06,318.53,index_points,RU,close
2014-10-07,318.57,index_points,RU,close
2014-10-08,317.55,index_points,RU,close
2014-10-09,317.48,index_points,RU,close
2014-10-10,316.08,index_points,RU,close
2014-10-13,317.02,index_points,RU,close
2014-10-14,315.57,index_points,RU,close
2014-10-15,315.7,index_points,RU,close
2014-10-16,315.7,index_points,RU,close
2014-10-17,315.79,index_points,RU,close
2014-10-20,316.64,index_points,RU,close
2014-10-21,316.42,index_points,RU,close
2014-10-22,316.99,index_points,RU,close
2014-10-23,316.22,index_points,RU,close
2014-10-24,315.86,index_points,RU,close
2014-10-27,315.97,index_points,RU,close
2014-10-28,315.12,index_points,RU,close
2014-10-29,314.13,index_points,RU,close
2014-10-30,313.85,index_points,RU,close
2014-10-31,314.74,index_points,RU,close
2014-11-03,314.48,index_points,RU,close
2014-11-05,314.7,index_points,RU,close
2014-11-06,314.66,index_points,RU,close
2014-11-07,313.61,index_points,RU,close
2014-11-10,315.49,index_points,RU,close
2014-11-11,314.36,index_points,RU,close
2014-11-12,313.91,index_points,RU,close
2014-11-13,313.82,index_points,RU,close
2014-11-14,312.6,index_points,RU,close
2014-11-17,312.76,index_points,RU,close
2014-11-18,312.27,index_points,RU,close
2014-11-19,312.08,index_points,RU,close
2014-11-20,312.32,index_points,RU,close
2014-11-21,313.22,index_points,RU,close
2014-11-24,314.3,index_points,RU,close
2014-11-25,312.59,index_points,RU,close
2014-11-26,311.83,index_points,RU,close
2014-11-27,311.75,index_points,RU,close
2014-11-28,310.34,index_points,RU,close
2014-12-01,305.99,index_points,RU,close
2014-12-02,307.48,index_points,RU,close
2014-12-03,304.86,index_points,RU,close
2014-12-04,304.77,index_points,RU,close
2014-12-05,299.3,index_points,RU,close
2014-12-08,292.06,index_points,RU,close
2014-12-09,285.76,index_points,RU,close
2014-12-10,289.48,index_points,RU,close
2014-12-11,290.33,index_points,RU,close
2014-12-12,285.84,index_points,RU,close
2014-12-15,282.25,index_points,RU,close
2014-12-16,257.8,index_points,RU,close
2014-12-17,270.39,index_points,RU,close
2014-12-18,276.18,index_points,RU,close
2014-12-19,273.77,index_points,RU,close
2014-12-22,280.49,index_points,RU,close
2014-12-23,277.95,index_points,RU,close
2014-12-24,277.37,index_points,RU,close
2014-12-25,277.38,index_points,RU,close
2014-12-26,279.79,index_points,RU,close
2014-12-29,277.14,index_points,RU,close
2014-12-30,278.02,index_points,RU,close
2015-01-05,277.04,index_points,RU,close
2015-01-06,275.98,index_points,RU,close
2015-01-08,273.97,index_points,RU,close
2015-01-09,276.01,index_points,RU,close
2015-01-12,268.9,index_points,RU,close
2015-01-13,263.03,index_points,RU,close
2015-01-14,263.92,index_points,RU,close
2015-01-15,271.56,index_points,RU,close
2015-01-16,274.66,index_points,RU,close
2015-01-19,274.58,index_points,RU,close
2015-01-20,275.16,index_points,RU,close
2015-01-21,275.09,index_points,RU,close
2015-01-22,276.42,index_points,RU,close
2015-01-23,278.75,index_points,RU,close
2015-01-26,275.05,index_points,RU,close
2015-01-27,274.59,index_points,RU,close
2015-01-28,276.01,index_points,RU,close
2015-01-29,274.52,index_points,RU,close
2015-01-30,278.85,index_points,RU,close
2015-02-02,281.51,index_points,RU,close
2015-02-03,284.96,index_points,RU,close
2015-02-04,283.73,index_points,RU,close
2015-02-05,285.51,index_points,RU,close
2015-02-06,288.86,index_points,RU,close
2015-02-09,289.71,index_points,RU,close
2015-02-10,289.27,index_points,RU,close
2015-02-11,288.99,index_points,RU,close
2015-02-12,289.54,index_points,RU,close
2015-02-13,292.05,index_points,RU,close
2015-02-16,296.16,index_points,RU,close
2015-02-17,297.05,index_points,RU,close
2015-02-18,299.16,index_points,RU,close
2015-02-19,298.83,index_points,RU,close
2015-02-20,295.87,index_points,RU,close
2015-02-24,290.93,index_points,RU,close
2015-02-25,290.62,index_points,RU,close
2015-02-26,290.82,index_points,RU,close
2015-02-27,288.21,index_points,RU,close
2015-03-02,285.6,index_points,RU,close
2015-03-03,286.64,index_points,RU,close
2015-03-04,289.37,index_points,RU,close
2015-03-05,291.44,index_points,RU,close
2015-03-06,292.86,index_points,RU,close
2015-03-10,292.49,index_points,RU,close
2015-03-11,292.32,index_points,RU,close
2015-03-12,293.12,index_points,RU,close
2015-03-13,293.65,index_points,RU,close
2015-03-16,291.7,index_points,RU,close
2015-03-17,291.28,index_points,RU,close
2015-03-18,291.98,index_points,RU,close
2015-03-19,292.29,index_points,RU,close
2015-03-20,294.63,index_points,RU,close
2015-03-23,296.87,index_points,RU,close
2015-03-24,298.43,index_points,RU,close
2015-03-25,301.92,index_points,RU,close
2015-03-26,305.84,index_points,RU,close
2015-03-27,306.14,index_points,RU,close
2015-03-30,305.9,index_points,RU,close
2015-03-31,303.91,index_points,RU,close
2015-04-01,306.28,index_points,RU,close
2015-04-02,307.64,index_points,RU,close
2015-04-03,307.34,index_points,RU,close
2015-04-06,307.98,index_points,RU,close
2015-04-07,308.56,index_points,RU,close
2015-04-08,309.54,index_points,RU,close
2015-04-09,312.25,index_points,RU,close
2015-04-10,315.42,index_points,RU,close
2015-04-13,316.31,index_points,RU,close
2015-04-14,316.58,index_points,RU,close
2015-04-15,321.24,index_points,RU,close
2015-04-16,321.92,index_points,RU,close
2015-04-17,320.01,index_points,RU,close
2015-04-20,318.81,index_points,RU,close
2015-04-21,317.24,index_points,RU,close
2015-04-22,315.68,index_points,RU,close
2015-04-23,315.86,index_points,RU,close
2015-04-24,317.55,index_points,RU,close
2015-04-27,317.6,index_points,RU,close
2015-04-28,317.12,index_points,RU,close
2015-04-29,319.19,index_points,RU,close
2015-04-30,322.31,index_points,RU,close
2015-05-05,324.89,index_points,RU,close
2015-05-06,326.39,index_points,RU,close
2015-05-07,326.43,index_points,RU,close
2015-05-08,325.86,index_points,RU,close
2015-05-12,325.44,index_points,RU,close
2015-05-13,325.74,index_points,RU,close
2015-05-14,325.3,index_points,RU,close
2015-05-15,325.3,index_points,RU,close
2015-05-18,326.15,index_points,RU,close
2015-05-19,326.71,index_points,RU,close
2015-05-20,325.9,index_points,RU,close
2015-05-21,327.54,index_points,RU,close
2015-05-22,327.97,index_points,RU,close
2015-05-25,328.39,index_points,RU,close
2015-05-26,327.34,index_points,RU,close
2015-05-27,326.2,index_points,RU,close
2015-05-28,325.9,index_points,RU,close
2015-05-29,326.23,index_points,RU,close
2015-06-01,325.97,index_points,RU,close
2015-06-02,325.52,index_points,RU,close
2015-06-03,326.44,index_points,RU,close
2015-06-04,324.03,index_points,RU,close
2015-06-05,323.01,index_points,RU,close
2015-06-08,323.43,index_points,RU,close
2015-06-09,324.31,index_points,RU,close
2015-06-10,326.17,index_points,RU,close
2015-06-11,326.7,index_points,RU,close
2015-06-15,326.69,index_points,RU,close
2015-06-16,323.83,index_points,RU,close
2015-06-17,324.55,index_points,RU,close
2015-06-18,324.52,index_points,RU,close
2015-06-19,324.53,index_points,RU,close
2015-06-22,325.94,index_points,RU,close
2015-06-23,325.67,index_points,RU,close
2015-06-24,327.05,index_points,RU,close
2015-06-25,325.8,index_points,RU,close
2015-06-26,325.22,index_points,RU,close
2015-06-29,324.15,index_points,RU,close
2015-06-30,325.2,index_points,RU,close
2015-07-01,325.93,index_points,RU,close
2015-07-02,325.83,index_points,RU,close
2015-07-03,326.14,index_points,RU,close
2015-07-06,325.28,index_points,RU,close
2015-07-07,324.04,index_points,RU,close
2015-07-08,324.55,index_points,RU,close
2015-07-09,325.72,index_points,RU,close
2015-07-10,327.42,index_points,RU,close
2015-07-13,328.05,index_points,RU,close
2015-07-14,328.52,index_points,RU,close
2015-07-15,330.7,index_points,RU,close
2015-07-16,332.47,index_points,RU,close
2015-07-17,335.53,index_points,RU,close
2015-07-20,334.54,index_points,RU,close
2015-07-21,333.31,index_points,RU,close
2015-07-22,333.85,index_points,RU,close
2015-07-23,332.97,index_points,RU,close
2015-07-24,332.43,index_points,RU,close
2015-07-27,330.38,index_points,RU,close
2015-07-28,327.37,index_points,RU,close
2015-07-29,331.64,index_points,RU,close
2015-07-30,332.05,index_points,RU,close
2015-07-31,332.02,index_points,RU,close
2015-08-03,331.13,index_points,RU,close
2015-08-04,331.25,index_points,RU,close
2015-08-05,331.49,index_points,RU,close
2015-08-06,330.53,index_points,RU,close
2015-08-07,330.13,index_points,RU,close
2015-08-10,330.4,index_points,RU,close
2015-08-11,330.52,index_points,RU,close
2015-08-12,330.18,index_points,RU,close
2015-08-13,330.45,index_points,RU,close
2015-08-14,330.09,index_points,RU,close
2015-08-17,329.75,index_points,RU,close
2015-08-18,329.25,index_points,RU,close
2015-08-19,329.12,index_points,RU,close
2015-08-20,326.24,index_points,RU,close
2015-08-21,323.34,index_points,RU,close
2015-08-24,318.79,index_points,RU,close
2015-08-25,320.84,index_points,RU,close
2015-08-26,322.39,index_points,RU,close
2015-08-27,323.4,index_points,RU,close
2015-08-28,323.59,index_points,RU,close
2015-08-31,324.19,index_points,RU,close
2015-09-01,324.71,index_points,RU,close
2015-09-02,324.06,index_points,RU,close
2015-09-03,324.57,index_points,RU,close
2015-09-04,325.66,index_points,RU,close
2015-09-07,324.37,index_points,RU,close
2015-09-08,324.77,index_points,RU,close
2015-09-09,325.66,index_points,RU,close
2015-09-10,325.5,index_points,RU,close
2015-09-11,325.87,index_points,RU,close
2015-09-14,326.42,index_points,RU,close
2015-09-15,327.89,index_points,RU,close
2015-09-16,329,index_points,RU,close
2015-09-17,329.41,index_points,RU,close
2015-09-18,329.73,index_points,RU,close
2015-09-21,331.58,index_points,RU,close
2015-09-22,332.22,index_points,RU,close
2015-09-23,332.17,index_points,RU,close
2015-09-24,331.58,index_points,RU,close
2015-09-25,332.12,index_points,RU,close
2015-09-28,331.84,index_points,RU,close
2015-09-29,332.05,index_points,RU,close
2015-09-30,333.19,index_points,RU,close
2015-10-01,334.54,index_points,RU,close
2015-10-02,333.99,index_points,RU,close
2015-10-05,335.94,index_points,RU,close
2015-10-06,338.66,index_points,RU,close
2015-10-07,342.53,index_points,RU,close
2015-10-08,341.38,index_points,RU,close
2015-10-09,343.57,index_points,RU,close
2015-10-12,343.05,index_points,RU,close
2015-10-13,342.62,index_points,RU,close
2015-10-14,343.3,index_points,RU,close
2015-10-15,345.45,index_points,RU,close
2015-10-16,347.16,index_points,RU,close
2015-10-19,348.15,index_points,RU,close
2015-10-20,347.79,index_points,RU,close
2015-10-21,347.73,index_points,RU,close
2015-10-22,348.55,index_points,RU,close
2015-10-23,350.35,index_points,RU,close
2015-10-26,350.51,index_points,RU,close
2015-10-27,349.83,index_points,RU,close
2015-10-28,350.56,index_points,RU,close
2015-10-29,350.37,index_points,RU,close
2015-10-30,350.19,index_points,RU,close
2015-11-02,350.46,index_points,RU,close
2015-11-03,352.61,index_points,RU,close
2015-11-05,355.38,index_points,RU,close
2015-11-06,354,index_points,RU,close
2015-11-09,354.03,index_points,RU,close
2015-11-10,354.79,index_points,RU,close
2015-11-11,356.73,index_points,RU,close
2015-11-12,354.54,index_points,RU,close
2015-11-13,353.85,index_points,RU,close
2015-11-16,353.8,index_points,RU,close
2015-11-17,355.09,index_points,RU,close
2015-11-18,355.97,index_points,RU,close
2015-11-19,356.94,index_points,RU,close
2015-11-20,359.19,index_points,RU,close
2015-11-23,357.17,index_points,RU,close
2015-11-24,355.16,index_points,RU,close
2015-11-25,354.79,index_points,RU,close
2015-11-26,356.13,index_points,RU,close
2015-11-27,355.28,index_points,RU,close
2015-11-30,356.21,index_points,RU,close
2015-12-01,356.85,index_points,RU,close
2015-12-02,357.11,index_points,RU,close
2015-12-03,356.69,index_points,RU,close
2015-12-04,356.83,index_points,RU,close
2015-12-07,355.89,index_points,RU,close
2015-12-08,355.05,index_points,RU,close
2015-12-09,355.46,index_points,RU,close
2015-12-10,356.32,index_points,RU,close
2015-12-11,356.44,index_points,RU,close
2015-12-14,354.59,index_points,RU,close
2015-12-15,355.42,index_points,RU,close
2015-12-16,354.7,index_points,RU,close
2015-12-17,356.21,index_points,RU,close
2015-12-18,356.54,index_points,RU,close
2015-12-21,356.57,index_points,RU,close
2015-12-22,356.35,index_points,RU,close
2015-12-23,356.27,index_points,RU,close
2015-12-24,357.49,index_points,RU,close
2015-12-25,358.27,index_points,RU,close
2015-12-28,358.71,index_points,RU,close
2015-12-29,359.66,index_points,RU,close
2015-12-30,360.19,index_points,RU,close
2016-01-04,361.11,index_points,RU,close
2016-01-05,362.11,index_points,RU,close
2016-01-06,362.43,index_points,RU,close
2016-01-11,358.08,index_points,RU,close
2016-01-12,353.94,index_points,RU,close
2016-01-13,353.69,index_points,RU,close
2016-01-14,352.28,index_points,RU,close
2016-01-15,350.96,index_points,RU,close
2016-01-18,349.87,index_points,RU,close
2016-01-19,352.37,index_points,RU,close
2016-01-20,349.62,index_points,RU,close
2016-01-21,347.61,index_points,RU,close
2016-01-22,351,index_points,RU,close
2016-01-25,351.87,index_points,RU,close
2016-01-26,352.71,index_points,RU,close
2016-01-27,354.89,index_points,RU,close
2016-01-28,357.85,index_points,RU,close
2016-01-29,357.4,index_points,RU,close
2016-02-01,356.34,index_points,RU,close
2016-02-02,354.85,index_points,RU,close
2016-02-03,355.98,index_points,RU,close
2016-02-04,357.54,index_points,RU,close
2016-02-05,357.2,index_points,RU,close
2016-02-08,357.32,index_points,RU,close
2016-02-09,356.07,index_points,RU,close
2016-02-10,356.74,index_points,RU,close
2016-02-11,356.73,index_points,RU,close
2016-02-12,356.66,index_points,RU,close
2016-02-15,359,index_points,RU,close
2016-02-16,358.69,index_points,RU,close
2016-02-17,358.85,index_points,RU,close
2016-02-18,360.89,index_points,RU,close
2016-02-19,361.64,index_points,RU,close
2016-02-20,361.83,index_points,RU,close
2016-02-22,362.66,index_points,RU,close
2016-02-24,363.09,index_points,RU,close
2016-02-25,365.58,index_points,RU,close
2016-02-26,366.97,index_points,RU,close
2016-02-29,367.19,index_points,RU,close
2016-03-01,369.79,index_points,RU,close
2016-03-02,371.28,index_points,RU,close
2016-03-03,371.82,index_points,RU,close
2016-03-04,373.04,index_points,RU,close
2016-03-07,373.75,index_points,RU,close
2016-03-09,373.98,index_points,RU,close
2016-03-10,373.69,index_points,RU,close
2016-03-11,372.92,index_points,RU,close
2016-03-14,371.83,index_points,RU,close
2016-03-15,371.34,index_points,RU,close
2016-03-16,371.62,index_points,RU,close
2016-03-17,374.75,index_points,RU,close
2016-03-18,376.94,index_points,RU,close
2016-03-21,376.85,index_points,RU,close
2016-03-22,377.04,index_points,RU,close
2016-03-23,376.56,index_points,RU,close
2016-03-24,374.45,index_points,RU,close
2016-03-25,375.79,index_points,RU,close
2016-03-28,375.89,index_points,RU,close
2016-03-29,375.21,index_points,RU,close
2016-03-30,376.65,index_points,RU,close
2016-03-31,376.88,index_points,RU,close
2016-04-01,376.83,index_points,RU,close
2016-04-04,376.78,index_points,RU,close
2016-04-05,376,index_points,RU,close
2016-04-06,376.13,index_points,RU,close
2016-04-07,375.23,index_points,RU,close
2016-04-08,375.75,index_points,RU,close
2016-04-11,376.45,index_points,RU,close
2016-04-12,376.87,index_points,RU,close
2016-04-13,376.95,index_points,RU,close
2016-04-14,376.74,index_points,RU,close
2016-04-15,376.94,index_points,RU,close
2016-04-18,376.56,index_points,RU,close
2016-04-19,377.94,index_points,RU,close
2016-04-20,378.6,index_points,RU,close
2016-04-21,378.69,index_points,RU,close
2016-04-22,378.2,index_points,RU,close
2016-04-25,377.93,index_points,RU,close
2016-04-26,377.99,index_points,RU,close
2016-04-27,378.47,index_points,RU,close
2016-04-28,379.62,index_points,RU,close
2016-04-29,381.46,index_points,RU,close
2016-05-04,381.23,index_points,RU,close
2016-05-05,381.54,index_points,RU,close
2016-05-06,381.65,index_points,RU,close
2016-05-10,381.72,index_points,RU,close
2016-05-11,383.01,index_points,RU,close
2016-05-12,383.91,index_points,RU,close
2016-05-13,384.07,index_points,RU,close
2016-05-16,384.82,index_points,RU,close
2016-05-17,384.55,index_points,RU,close
2016-05-18,384.1,index_points,RU,close
2016-05-19,381.73,index_points,RU,close
2016-05-20,383.61,index_points,RU,close
2016-05-23,383.59,index_points,RU,close
2016-05-24,383.71,index_points,RU,close
2016-05-25,384.51,index_points,RU,close
2016-05-26,384.2,index_points,RU,close
2016-05-27,383.97,index_points,RU,close
2016-05-30,384.25,index_points,RU,close
2016-05-31,384.41,index_points,RU,close
2016-06-01,383.81,index_points,RU,close
2016-06-02,383.03,index_points,RU,close
2016-06-03,383.64,index_points,RU,close
2016-06-06,386.12,index_points,RU,close
2016-06-07,387.05,index_points,RU,close
2016-06-08,387.54,index_points,RU,close
2016-06-09,386.59,index_points,RU,close
2016-06-10,388.32,index_points,RU,close
2016-06-14,387.18,index_points,RU,close
2016-06-15,387.53,index_points,RU,close
2016-06-16,387.31,index_points,RU,close
2016-06-17,387.88,index_points,RU,close
2016-06-20,389.26,index_points,RU,close
2016-06-21,389.69,index_points,RU,close
2016-06-22,390.03,index_points,RU,close
2016-06-23,390.43,index_points,RU,close
2016-06-24,388.51,index_points,RU,close
2016-06-27,390.71,index_points,RU,close
2016-06-28,391.51,index_points,RU,close
2016-06-29,392.29,index_points,RU,close
2016-06-30,393.18,index_points,RU,close
2016-07-01,394.78,index_points,RU,close
2016-07-04,394.06,index_points,RU,close
2016-07-05,393.14,index_points,RU,close
2016-07-06,392.27,index_points,RU,close
2016-07-07,393.31,index_points,RU,close
2016-07-08,392.43,index_points,RU,close
2016-07-11,392.96,index_points,RU,close
2016-07-12,393.82,index_points,RU,close
2016-07-13,393.34,index_points,RU,close
2016-07-14,394,index_points,RU,close
2016-07-15,393.91,index_points,RU,close
2016-07-18,393.4,index_points,RU,close
2016-07-19,393.43,index_points,RU,close
2016-07-20,393.38,index_points,RU,close
2016-07-21,393.23,index_points,RU,close
2016-07-22,392.73,index_points,RU,close
2016-07-25,393.19,index_points,RU,close
2016-07-26,392.7,index_points,RU,close
2016-07-27,393.21,index_points,RU,close
2016-07-28,393.8,index_points,RU,close
2016-07-29,394.68,index_points,RU,close
2016-08-01,395.4,index_points,RU,close
2016-08-02,395.02,index_points,RU,close
2016-08-03,394.55,index_points,RU,close
2016-08-04,395.05,index_points,RU,close
2016-08-05,396.56,index_points,RU,close
2016-08-08,396.96,index_points,RU,close
2016-08-09,397.56,index_points,RU,close
2016-08-10,398.29,index_points,RU,close
2016-08-11,398.13,index_points,RU,close
2016-08-12,397.96,index_points,RU,close
2016-08-15,398.18,index_points,RU,close
2016-08-16,398.37,index_points,RU,close
2016-08-17,397.95,index_points,RU,close
2016-08-18,398.46,index_points,RU,close
2016-08-19,399.35,index_points,RU,close
2016-08-22,398.58,index_points,RU,close
2016-08-23,399.06,index_points,RU,close
2016-08-24,398.98,index_points,RU,close
2016-08-25,399.53,index_points,RU,close
2016-08-26,399.97,index_points,RU,close
2016-08-29,400.26,index_points,RU,close
2016-08-30,400.69,index_points,RU,close
2016-08-31,401.39,index_points,RU,close
2016-09-01,401.97,index_points,RU,close
2016-09-02,402.78,index_points,RU,close
2016-09-05,403.76,index_points,RU,close
2016-09-06,404.2,index_points,RU,close
2016-09-07,405.77,index_points,RU,close
2016-09-08,406.97,index_points,RU,close
2016-09-09,406.1,index_points,RU,close
2016-09-12,405.29,index_points,RU,close
2016-09-13,405.61,index_points,RU,close
2016-09-14,405.41,index_points,RU,close
2016-09-15,405.81,index_points,RU,close
2016-09-16,404.57,index_points,RU,close
2016-09-19,403.62,index_points,RU,close
2016-09-20,402.35,index_points,RU,close
2016-09-21,404.51,index_points,RU,close
2016-09-22,405.98,index_points,RU,close
2016-09-23,405.19,index_points,RU,close
2016-09-26,404.8,index_points,RU,close
2016-09-27,404.76,index_points,RU,close
2016-09-28,404.69,index_points,RU,close
2016-09-29,405.96,index_points,RU,close
2016-09-30,405.75,index_points,RU,close
2016-10-03,407.5,index_points,RU,close
2016-10-04,407.23,index_points,RU,close
2016-10-05,406.68,index_points,RU,close
2016-10-06,405.78,index_points,RU,close
2016-10-07,405.16,index_points,RU,close
2016-10-10,404.89,index_points,RU,close
2016-10-11,404.47,index_points,RU,close
2016-10-12,404.15,index_points,RU,close
2016-10-13,403.25,index_points,RU,close
2016-10-14,403.87,index_points,RU,close
2016-10-17,402.74,index_points,RU,close
2016-10-18,402.19,index_points,RU,close
2016-10-19,403.8,index_points,RU,close
2016-10-20,404.12,index_points,RU,close
2016-10-21,404.8,index_points,RU,close
2016-10-24,405.16,index_points,RU,close
2016-10-25,404.79,index_points,RU,close
2016-10-26,404.41,index_points,RU,close
2016-10-27,403.73,index_points,RU,close
2016-10-28,402.87,index_points,RU,close
2016-10-31,402.94,index_points,RU,close
2016-11-01,403,index_points,RU,close
2016-11-02,402.2,index_points,RU,close
2016-11-03,402.45,index_points,RU,close
2016-11-07,404.26,index_points,RU,close
2016-11-08,405.14,index_points,RU,close
2016-11-09,404.79,index_points,RU,close
2016-11-10,403.72,index_points,RU,close
2016-11-11,400.67,index_points,RU,close
2016-11-14,400.19,index_points,RU,close
2016-11-15,401.78,index_points,RU,close
2016-11-16,401.26,index_points,RU,close
2016-11-17,402.08,index_points,RU,close
2016-11-18,402.08,index_points,RU,close
2016-11-21,403.17,index_points,RU,close
2016-11-22,403.48,index_points,RU,close
2016-11-23,402.58,index_points,RU,close
2016-11-24,402.82,index_points,RU,close
2016-11-25,402.06,index_points,RU,close
2016-11-28,402.42,index_points,RU,close
2016-11-29,402.36,index_points,RU,close
2016-11-30,402.28,index_points,RU,close
2016-12-01,403.37,index_points,RU,close
2016-12-02,403.63,index_points,RU,close
2016-12-05,404.23,index_points,RU,close
2016-12-06,404.97,index_points,RU,close
2016-12-07,406.34,index_points,RU,close
2016-12-08,407.27,index_points,RU,close
2016-12-09,408.19,index_points,RU,close
2016-12-12,409.84,index_points,RU,close
2016-12-13,409.96,index_points,RU,close
2016-12-14,410.81,index_points,RU,close
2016-12-15,410.02,index_points,RU,close
2016-12-16,410.42,index_points,RU,close
2016-12-19,410.56,index_points,RU,close
2016-12-20,410.67,index_points,RU,close
2016-12-21,410.55,index_points,RU,close
2016-12-22,410.92,index_points,RU,close
2016-12-23,411.53,index_points,RU,close
2016-12-26,411.38,index_points,RU,close
2016-12-27,411.93,index_points,RU,close
2016-12-28,412.35,index_points,RU,close
2016-12-29,413.56,index_points,RU,close
2016-12-30,413.58,index_points,RU,close
2017-01-03,414.42,index_points,RU,close
2017-01-04,415.76,index_points,RU,close
2017-01-05,415.9,index_points,RU,close
2017-01-06,416.41,index_points,RU,close
2017-01-09,417.12,index_points,RU,close
2017-01-10,418.33,index_points,RU,close
2017-01-11,418.61,index_points,RU,close
2017-01-12,419.77,index_points,RU,close
2017-01-13,420.17,index_points,RU,close
2017-01-16,420,index_points,RU,close
2017-01-17,420.59,index_points,RU,close
2017-01-18,420.31,index_points,RU,close
2017-01-19,419.68,index_points,RU,close
2017-01-20,420.06,index_points,RU,close
2017-01-23,420.22,index_points,RU,close
2017-01-24,419.82,index_points,RU,close
2017-01-25,418.66,index_points,RU,close
2017-01-26,416.69,index_points,RU,close
2017-01-27,418.24,index_points,RU,close
2017-01-30,419.07,index_points,RU,close
2017-01-31,419.19,index_points,RU,close
2017-02-01,419.67,index_points,RU,close
2017-02-02,420.5,index_points,RU,close
2017-02-03,420.36,index_points,RU,close
2017-02-06,420.43,index_points,RU,close
2017-02-07,419.73,index_points,RU,close
2017-02-08,419.7,index_points,RU,close
2017-02-09,420.04,index_points,RU,close
2017-02-10,420.54,index_points,RU,close
2017-02-13,421.1,index_points,RU,close
2017-02-14,421.1,index_points,RU,close
2017-02-15,420.19,index_points,RU,close
2017-02-16,419.5,index_points,RU,close
2017-02-17,418.34,index_points,RU,close
2017-02-20,418.87,index_points,RU,close
2017-02-21,419.15,index_points,RU,close
2017-02-22,418.78,index_points,RU,close
2017-02-24,419.38,index_points,RU,close
2017-02-27,419.1,index_points,RU,close
2017-02-28,418.54,index_points,RU,close
2017-03-01,418.89,index_points,RU,close
2017-03-02,418.12,index_points,RU,close
2017-03-03,418.92,index_points,RU,close
2017-03-06,420.05,index_points,RU,close
2017-03-07,420.52,index_points,RU,close
2017-03-09,420.19,index_points,RU,close
2017-03-10,421.28,index_points,RU,close
2017-03-13,421.99,index_points,RU,close
2017-03-14,422.32,index_points,RU,close
2017-03-15,423.34,index_points,RU,close
2017-03-16,424.53,index_points,RU,close
2017-03-17,424.94,index_points,RU,close
2017-03-20,425.71,index_points,RU,close
2017-03-21,425.83,index_points,RU,close
2017-03-22,425.01,index_points,RU,close
2017-03-23,425.43,index_points,RU,close
2017-03-24,426.09,index_points,RU,close
2017-03-27,426.36,index_points,RU,close
2017-03-28,426.49,index_points,RU,close
2017-03-29,426.46,index_points,RU,close
2017-03-30,427.61,index_points,RU,close
2017-03-31,427.47,index_points,RU,close
2017-04-03,427.5,index_points,RU,close
2017-04-04,427.21,index_points,RU,close
2017-04-05,428.42,index_points,RU,close
2017-04-06,428.89,index_points,RU,close
2017-04-07,428.3,index_points,RU,close
2017-04-10,427.29,index_points,RU,close
2017-04-11,427.28,index_points,RU,close
2017-04-12,426.64,index_points,RU,close
2017-04-13,427.15,index_points,RU,close
2017-04-14,427.96,index_points,RU,close
2017-04-17,428.42,index_points,RU,close
2017-04-18,428.29,index_points,RU,close
2017-04-19,428.44,index_points,RU,close
2017-04-20,430.05,index_points,RU,close
2017-04-21,432.03,index_points,RU,close
2017-04-24,433.9,index_points,RU,close
2017-04-25,433.45,index_points,RU,close
2017-04-26,433.3,index_points,RU,close
2017-04-27,433.17,index_points,RU,close
2017-04-28,434.76,index_points,RU,close
2017-05-02,435.45,index_points,RU,close
2017-05-03,435.71,index_points,RU,close
2017-05-04,434.69,index_points,RU,close
2017-05-05,433.02,index_points,RU,close
2017-05-10,434.67,index_points,RU,close
2017-05-11,436.35,index_points,RU,close
2017-05-12,436.79,index_points,RU,close
2017-05-15,437.35,index_points,RU,close
2017-05-16,437.2,index_points,RU,close
2017-05-17,436.61,index_points,RU,close
2017-05-18,435.53,index_points,RU,close
2017-05-19,437.19,index_points,RU,close
2017-05-22,438.04,index_points,RU,close
2017-05-23,438.04,index_points,RU,close
2017-05-24,437.53,index_points,RU,close
2017-05-25,437.38,index_points,RU,close
2017-05-26,436.44,index_points,RU,close
2017-05-29,437.07,index_points,RU,close
2017-05-30,436.86,index_points,RU,close
2017-05-31,436.67,index_points,RU,close
2017-06-01,437.43,index_points,RU,close
2017-06-02,438.08,index_points,RU,close
2017-06-05,438.45,index_points,RU,close
2017-06-06,438.44,index_points,RU,close
2017-06-07,438.81,index_points,RU,close
2017-06-08,438.4,index_points,RU,close
2017-06-09,439.11,index_points,RU,close
2017-06-13,439.83,index_points,RU,close
2017-06-14,439.49,index_points,RU,close
2017-06-15,438.34,index_points,RU,close
2017-06-16,437.11,index_points,RU,close
2017-06-19,435.78,index_points,RU,close
2017-06-20,435.92,index_points,RU,close
2017-06-21,436.42,index_points,RU,close
2017-06-22,437.16,index_points,RU,close
2017-06-23,438.2,index_points,RU,close
2017-06-26,439.27,index_points,RU,close
2017-06-27,438.95,index_points,RU,close
2017-06-28,438.35,index_points,RU,close
2017-06-29,438.76,index_points,RU,close
2017-06-30,438.73,index_points,RU,close
2017-07-03,439.05,index_points,RU,close
2017-07-04,439.28,index_points,RU,close
2017-07-05,438.27,index_points,RU,close
2017-07-06,437.25,index_points,RU,close
2017-07-07,436.55,index_points,RU,close
2017-07-10,437.46,index_points,RU,close
2017-07-11,437,index_points,RU,close
2017-07-12,437.84,index_points,RU,close
2017-07-13,438.41,index_points,RU,close
2017-07-14,439.31,index_points,RU,close
2017-07-17,439.84,index_points,RU,close
2017-07-18,439.81,index_points,RU,close
2017-07-19,439.71,index_points,RU,close
2017-07-20,439.83,index_points,RU,close
2017-07-21,440.66,index_points,RU,close
2017-07-24,438.97,index_points,RU,close
2017-07-25,439.11,index_points,RU,close
2017-07-26,439.68,index_points,RU,close
2017-07-27,440.71,index_points,RU,close
2017-07-28,440.68,index_points,RU,close
2017-07-31,440.68,index_points,RU,close
2017-08-01,440.8,index_points,RU,close
2017-08-02,440.59,index_points,RU,close
2017-08-03,441.23,index_points,RU,close
2017-08-04,442.41,index_points,RU,close
2017-08-07,443.13,index_points,RU,close
2017-08-08,442.72,index_points,RU,close
2017-08-09,442.79,index_points,RU,close
2017-08-10,443.35,index_points,RU,close
2017-08-11,443.14,index_points,RU,close
2017-08-14,444.11,index_points,RU,close
2017-08-15,443.97,index_points,RU,close
2017-08-16,444.18,index_points,RU,close
2017-08-17,444.51,index_points,RU,close
2017-08-18,444.73,index_points,RU,close
2017-08-21,445.01,index_points,RU,close
2017-08-22,445.05,index_points,RU,close
2017-08-23,445.35,index_points,RU,close
2017-08-24,445.41,index_points,RU,close
2017-08-25,445.41,index_points,RU,close
2017-08-28,445.75,index_points,RU,close
2017-08-29,445.25,index_points,RU,close
2017-08-30,445.72,index_points,RU,close
2017-08-31,446.6,index_points,RU,close
2017-09-01,448.07,index_points,RU,close
2017-09-04,448.53,index_points,RU,close
2017-09-05,449.25,index_points,RU,close
2017-09-06,451.11,index_points,RU,close
2017-09-07,451.64,index_points,RU,close
2017-09-08,451.71,index_points,RU,close
2017-09-11,451.87,index_points,RU,close
2017-09-12,451.61,index_points,RU,close
2017-09-13,451.62,index_points,RU,close
2017-09-14,451.92,index_points,RU,close
2017-09-15,452.18,index_points,RU,close
2017-09-18,452.06,index_points,RU,close
2017-09-19,451.8,index_points,RU,close
2017-09-20,452.38,index_points,RU,close
2017-09-21,452.17,index_points,RU,close
2017-09-22,452.47,index_points,RU,close
2017-09-25,452.53,index_points,RU,close
2017-09-26,451.94,index_points,RU,close
2017-09-27,450.56,index_points,RU,close
2017-09-28,451.78,index_points,RU,close
2017-09-29,452.44,index_points,RU,close
2017-10-02,452.33,index_points,RU,close
2017-10-03,452.3,index_points,RU,close
2017-10-04,452.98,index_points,RU,close
2017-10-05,453.99,index_points,RU,close
2017-10-06,453.94,index_points,RU,close
2017-10-09,453.84,index_points,RU,close
2017-10-10,454.5,index_points,RU,close
2017-10-11,455.35,index_points,RU,close
2017-10-12,456.14,index_points,RU,close
2017-10-13,456.99,index_points,RU,close
2017-10-16,457.01,index_points,RU,close
2017-10-17,456.49,index_points,RU,close
2017-10-18,457.05,index_points,RU,close
2017-10-19,457.16,index_points,RU,close
2017-10-20,457.04,index_points,RU,close
2017-10-23,457.31,index_points,RU,close
2017-10-24,457.21,index_points,RU,close
2017-10-25,457.18,index_points,RU,close
2017-10-26,457.08,index_points,RU,close
2017-10-27,456.3,index_points,RU,close
2017-10-30,457.01,index_points,RU,close
2017-10-31,456.85,index_points,RU,close
2017-11-01,457.09,index_points,RU,close
2017-11-02,457.23,index_points,RU,close
2017-11-03,457.08,index_points,RU,close
2017-11-07,457.41,index_points,RU,close
2017-11-08,456.78,index_points,RU,close
2017-11-09,456.87,index_points,RU,close
2017-11-10,456.94,index_points,RU,close
2017-11-13,456.25,index_points,RU,close
2017-11-14,455.98,index_points,RU,close
2017-11-15,456.22,index_points,RU,close
2017-11-16,456.9,index_points,RU,close
2017-11-17,457.56,index_points,RU,close
2017-11-20,457.71,index_points,RU,close
2017-11-21,457.69,index_points,RU,close
2017-11-22,458.44,index_points,RU,close
2017-11-23,458.98,index_points,RU,close
2017-11-24,459.12,index_points,RU,close
2017-11-27,459.64,index_points,RU,close
2017-11-28,460.09,index_points,RU,close
2017-11-29,460.5,index_points,RU,close
2017-11-30,460.31,index_points,RU,close
2017-12-01,460.8,index_points,RU,close
2017-12-04,460.74,index_points,RU,close
2017-12-05,461.31,index_points,RU,close
2017-12-06,461.44,index_points,RU,close
2017-12-07,461.81,index_points,RU,close
2017-12-08,462.03,index_points,RU,close
2017-12-11,462.38,index_points,RU,close
2017-12-12,462.64,index_points,RU,close
2017-12-13,462.46,index_points,RU,close
2017-12-14,462.7,index_points,RU,close
2017-12-15,463.72,index_points,RU,close
2017-12-18,464.19,index_points,RU,close
2017-12-19,464.48,index_points,RU,close
2017-12-20,465.15,index_points,RU,close
2017-12-21,465.33,index_points,RU,close
2017-12-22,465.38,index_points,RU,close
2017-12-25,465.93,index_points,RU,close
2017-12-26,465.93,index_points,RU,close
2017-12-27,466.04,index_points,RU,close
2017-12-28,466.24,index_points,RU,close
2017-12-29,466.49,index_points,RU,close
2018-01-03,467.85,index_points,RU,close
2018-01-04,468.4,index_points,RU,close
2018-01-05,468.64,index_points,RU,close
2018-01-09,469.35,index_points,RU,close
2018-01-10,470.29,index_points,RU,close
2018-01-11,469.43,index_points,RU,close
2018-01-12,470.03,index_points,RU,close
2018-01-15,471.1,index_points,RU,close
2018-01-16,470.86,index_points,RU,close
2018-01-17,470.23,index_points,RU,close
2018-01-18,470.66,index_points,RU,close
2018-01-19,470.96,index_points,RU,close
2018-01-22,471.34,index_points,RU,close
2018-01-23,471.25,index_points,RU,close
2018-01-24,471.84,index_points,RU,close
2018-01-25,472.24,index_points,RU,close
2018-01-26,471.68,index_points,RU,close
2018-01-29,471.5,index_points,RU,close
2018-01-30,473.12,index_points,RU,close
2018-01-31,474.72,index_points,RU,close
2018-02-01,475.21,index_points,RU,close
2018-02-02,475.75,index_points,RU,close
2018-02-05,476.19,index_points,RU,close
2018-02-06,475.84,index_points,RU,close
2018-02-07,477.72,index_points,RU,close
2018-02-08,477.33,index_points,RU,close
2018-02-09,477.82,index_points,RU,close
2018-02-12,478.24,index_points,RU,close
2018-02-13,478.26,index_points,RU,close
2018-02-14,478.58,index_points,RU,close
2018-02-15,479.19,index_points,RU,close
2018-02-16,480.57,index_points,RU,close
2018-02-19,481.05,index_points,RU,close
2018-02-20,480.68,index_points,RU,close
2018-02-21,481.33,index_points,RU,close
2018-02-22,481.38,index_points,RU,close
2018-02-26,483.28,index_points,RU,close
2018-02-27,482.48,index_points,RU,close
2018-02-28,482.41,index_points,RU,close
2018-03-01,482.14,index_points,RU,close
2018-03-02,481.75,index_points,RU,close
2018-03-05,482.05,index_points,RU,close
2018-03-06,482.64,index_points,RU,close
2018-03-07,483.02,index_points,RU,close
2018-03-09,483.69,index_points,RU,close
2018-03-12,483.5,index_points,RU,close
2018-03-13,483.56,index_points,RU,close
2018-03-14,483.47,index_points,RU,close
2018-03-15,482.74,index_points,RU,close
2018-03-16,482.69,index_points,RU,close
2018-03-19,483,index_points,RU,close
2018-03-20,483.83,index_points,RU,close
2018-03-21,484.91,index_points,RU,close
2018-03-22,485.83,index_points,RU,close
2018-03-23,486.22,index_points,RU,close
2018-03-26,486.1,index_points,RU,close
2018-03-27,485.61,index_points,RU,close
2018-03-28,485.44,index_points,RU,close
2018-03-29,485.64,index_points,RU,close
2018-03-30,486.04,index_points,RU,close
2018-04-02,486.42,index_points,RU,close
2018-04-03,486.02,index_points,RU,close
2018-04-04,486.23,index_points,RU,close
2018-04-05,486.46,index_points,RU,close
2018-04-06,486.17,index_points,RU,close
2018-04-09,482.78,index_points,RU,close
2018-04-10,476.09,index_points,RU,close
2018-04-11,474.62,index_points,RU,close
2018-04-12,479.11,index_points,RU,close
2018-04-13,478.04,index_points,RU,close
2018-04-16,477.21,index_points,RU,close
2018-04-17,479.11,index_points,RU,close
2018-04-18,479.59,index_points,RU,close
2018-04-19,480.96,index_points,RU,close
2018-04-20,481.08,index_points,RU,close
2018-04-23,481.18,index_points,RU,close
2018-04-24,482.12,index_points,RU,close
2018-04-25,481.87,index_points,RU,close
2018-04-26,481.26,index_points,RU,close
2018-04-27,482.16,index_points,RU,close
2018-04-28,482.64,index_points,RU,close
2018-04-30,482.82,index_points,RU,close
2018-05-02,482.93,index_points,RU,close
2018-05-03,482.08,index_points,RU,close
2018-05-04,481.95,index_points,RU,close
2018-05-07,482.27,index_points,RU,close
2018-05-08,482.05,index_points,RU,close
2018-05-10,482.32,index_points,RU,close
2018-05-11,482.88,index_points,RU,close
2018-05-14,482.71,index_points,RU,close
2018-05-15,482.59,index_points,RU,close
2018-05-16,482.06,index_points,RU,close
2018-05-17,482.41,index_points,RU,close
2018-05-18,482.37,index_points,RU,close
2018-05-21,482.26,index_points,RU,close
2018-05-22,482.8,index_points,RU,close
2018-05-23,483.3,index_points,RU,close
2018-05-24,484.04,index_points,RU,close
2018-05-25,483.85,index_points,RU,close
2018-05-28,483.95,index_points,RU,close
2018-05-29,483.61,index_points,RU,close
2018-05-30,483.79,index_points,RU,close
2018-05-31,483.72,index_points,RU,close
2018-06-01,484.06,index_points,RU,close
2018-06-04,484.67,index_points,RU,close
2018-06-05,484.06,index_points,RU,close
2018-06-06,483.9,index_points,RU,close
2018-06-07,482.96,index_points,RU,close
2018-06-08,481.41,index_points,RU,close
2018-06-09,481.62,index_points,RU,close
2018-06-11,481.97,index_points,RU,close
2018-06-13,481.03,index_points,RU,close
2018-06-14,481.33,index_points,RU,close
2018-06-15,479.98,index_points,RU,close
2018-06-18,475.68,index_points,RU,close
2018-06-19,472.98,index_points,RU,close
2018-06-20,476.77,index_points,RU,close
2018-06-21,477.21,index_points,RU,close
2018-06-22,477.86,index_points,RU,close
2018-06-25,478.3,index_points,RU,close
2018-06-26,477.55,index_points,RU,close
2018-06-27,475.97,index_points,RU,close
2018-06-28,476.33,index_points,RU,close
2018-06-29,477.91,index_points,RU,close
2018-07-02,478.36,index_points,RU,close
2018-07-03,478.14,index_points,RU,close
2018-07-04,478.18,index_points,RU,close
2018-07-05,478.65,index_points,RU,close
2018-07-06,478.95,index_points,RU,close
2018-07-09,480.1,index_points,RU,close
2018-07-10,480.79,index_points,RU,close
2018-07-11,481.23,index_points,RU,close
2018-07-12,482,index_points,RU,close
2018-07-13,482.33,index_points,RU,close
2018-07-16,482.51,index_points,RU,close
2018-07-17,480.97,index_points,RU,close
2018-07-18,479.92,index_points,RU,close
2018-07-19,479.21,index_points,RU,close
2018-07-20,479.49,index_points,RU,close
2018-07-23,479.7,index_points,RU,close
2018-07-24,479.7,index_points,RU,close
2018-07-25,478.86,index_points,RU,close
2018-07-26,479.24,index_points,RU,close
2018-07-27,478.8,index_points,RU,close
2018-07-30,479.45,index_points,RU,close
2018-07-31,480.09,index_points,RU,close
2018-08-01,480.03,index_points,RU,close
2018-08-02,478.33,index_points,RU,close
2018-08-03,477.36,index_points,RU,close
2018-08-06,477.17,index_points,RU,close
2018-08-07,476.89,index_points,RU,close
2018-08-08,474.12,index_points,RU,close
2018-08-09,470.74,index_points,RU,close
2018-08-10,469.12,index_points,RU,close
2018-08-13,467.47,index_points,RU,close
2018-08-14,467.36,index_points,RU,close
2018-08-15,466.06,index_points,RU,close
2018-08-16,464.78,index_points,RU,close
2018-08-17,462.98,index_points,RU,close
2018-08-20,462.21,index_points,RU,close
2018-08-21,463.32,index_points,RU,close
2018-08-22,464.37,index_points,RU,close
2018-08-23,462.88,index_points,RU,close
2018-08-24,463.38,index_points,RU,close
2018-08-27,463.64,index_points,RU,close
2018-08-28,463.83,index_points,RU,close
2018-08-29,463.42,index_points,RU,close
2018-08-30,463.07,index_points,RU,close
2018-08-31,463.92,index_points,RU,close
2018-09-03,464.58,index_points,RU,close
2018-09-04,462.88,index_points,RU,close
2018-09-05,460.24,index_points,RU,close
2018-09-06,457.39,index_points,RU,close
2018-09-07,454.56,index_points,RU,close
2018-09-10,452.84,index_points,RU,close
2018-09-11,457.03,index_points,RU,close
2018-09-12,461.22,index_points,RU,close
2018-09-13,463.19,index_points,RU,close
2018-09-14,462.11,index_points,RU,close
2018-09-17,460.96,index_points,RU,close
2018-09-18,462.65,index_points,RU,close
2018-09-19,464.79,index_points,RU,close
2018-09-20,465.86,index_points,RU,close
2018-09-21,466.23,index_points,RU,close
2018-09-24,467.66,index_points,RU,close
2018-09-25,467.56,index_points,RU,close
2018-09-26,467.64,index_points,RU,close
2018-09-27,468.54,index_points,RU,close
2018-09-28,470.13,index_points,RU,close
2018-10-01,470.83,index_points,RU,close
2018-10-02,471.43,index_points,RU,close
2018-10-03,470.42,index_points,RU,close
2018-10-04,467.81,index_points,RU,close
2018-10-05,466.6,index_points,RU,close
2018-10-08,464.55,index_points,RU,close
2018-10-09,464.34,index_points,RU,close
2018-10-10,465.26,index_points,RU,close
2018-10-11,464.39,index_points,RU,close
2018-10-12,465.75,index_points,RU,close
2018-10-15,467.17,index_points,RU,close
2018-10-16,469.69,index_points,RU,close
2018-10-17,469.88,index_points,RU,close
2018-10-18,469.37,index_points,RU,close
2018-10-19,469.36,index_points,RU,close
2018-10-22,471.4,index_points,RU,close
2018-10-23,471.11,index_points,RU,close
2018-10-24,470.46,index_points,RU,close
2018-10-25,469.87,index_points,RU,close
2018-10-26,469.76,index_points,RU,close
2018-10-29,470.85,index_points,RU,close
2018-10-30,470.5,index_points,RU,close
2018-10-31,470.59,index_points,RU,close
2018-11-01,470.53,index_points,RU,close
2018-11-02,470.84,index_points,RU,close
2018-11-06,470.92,index_points,RU,close
2018-11-07,470.46,index_points,RU,close
2018-11-08,468.53,index_points,RU,close
2018-11-09,466.21,index_points,RU,close
2018-11-12,464.95,index_points,RU,close
2018-11-13,464.13,index_points,RU,close
2018-11-14,467.39,index_points,RU,close
2018-11-15,470.74,index_points,RU,close
2018-11-16,471.25,index_points,RU,close
2018-11-19,471.42,index_points,RU,close
2018-11-20,470.67,index_points,RU,close
2018-11-21,470.69,index_points,RU,close
2018-11-22,471.07,index_points,RU,close
2018-11-23,470.04,index_points,RU,close
2018-11-26,467.73,index_points,RU,close
2018-11-27,469.58,index_points,RU,close
2018-11-28,469.74,index_points,RU,close
2018-11-29,471.91,index_points,RU,close
2018-11-30,472.3,index_points,RU,close
2018-12-03,474.12,index_points,RU,close
2018-12-04,473.91,index_points,RU,close
2018-12-05,472.6,index_points,RU,close
2018-12-06,472.19,index_points,RU,close
2018-12-07,472.98,index_points,RU,close
2018-12-10,473.77,index_points,RU,close
2018-12-11,473.34,index_points,RU,close
2018-12-12,473.49,index_points,RU,close
2018-12-13,473.55,index_points,RU,close
2018-12-14,473.19,index_points,RU,close
2018-12-17,473.14,index_points,RU,close
2018-12-18,472.51,index_points,RU,close
2018-12-19,472.05,index_points,RU,close
2018-12-20,473.84,index_points,RU,close
2018-12-21,473.41,index_points,RU,close
2018-12-24,474.37,index_points,RU,close
2018-12-25,473.68,index_points,RU,close
2018-12-26,474.22,index_points,RU,close
2018-12-27,475.42,index_points,RU,close
2018-12-28,475.83,index_points,RU,close
2018-12-29,476.39,index_points,RU,close
2019-01-03,477.22,index_points,RU,close
2019-01-04,477.72,index_points,RU,close
2019-01-08,478.35,index_points,RU,close
2019-01-09,480.81,index_points,RU,close
2019-01-10,481.85,index_points,RU,close
2019-01-11,483.36,index_points,RU,close
2019-01-14,483.2,index_points,RU,close
2019-01-15,484.49,index_points,RU,close
2019-01-16,485.86,index_points,RU,close
2019-01-17,485.28,index_points,RU,close
2019-01-18,485.66,index_points,RU,close
2019-01-21,486.16,index_points,RU,close
2019-01-22,485.63,index_points,RU,close
2019-01-23,485.64,index_points,RU,close
2019-01-24,486.36,index_points,RU,close
2019-01-25,486.34,index_points,RU,close
2019-01-28,486.2,index_points,RU,close
2019-01-29,485.67,index_points,RU,close
2019-01-30,486.47,index_points,RU,close
2019-01-31,489.52,index_points,RU,close
2019-02-01,489.52,index_points,RU,close
2019-02-04,489.57,index_points,RU,close
2019-02-05,490.15,index_points,RU,close
2019-02-06,490.49,index_points,RU,close
2019-02-07,489.59,index_points,RU,close
2019-02-08,489.6,index_points,RU,close
2019-02-11,489.97,index_points,RU,close
2019-02-12,489.37,index_points,RU,close
2019-02-13,488.78,index_points,RU,close
2019-02-14,485.28,index_points,RU,close
2019-02-15,487.42,index_points,RU,close
2019-02-18,488.15,index_points,RU,close
2019-02-19,487.65,index_points,RU,close
2019-02-20,487.46,index_points,RU,close
2019-02-21,488.1,index_points,RU,close
2019-02-22,488.33,index_points,RU,close
2019-02-25,489.58,index_points,RU,close
2019-02-26,489.09,index_points,RU,close
2019-02-27,488.67,index_points,RU,close
2019-02-28,489.04,index_points,RU,close
2019-03-01,489.82,index_points,RU,close
2019-03-04,490.11,index_points,RU,close
2019-03-05,489.82,index_points,RU,close
2019-03-06,489.5,index_points,RU,close
2019-03-07,489.85,index_points,RU,close
2019-03-11,490.48,index_points,RU,close
2019-03-12,490.71,index_points,RU,close
2019-03-13,491.01,index_points,RU,close
2019-03-14,491.14,index_points,RU,close
2019-03-15,491.34,index_points,RU,close
2019-03-18,493.32,index_points,RU,close
2019-03-19,494.44,index_points,RU,close
2019-03-20,493.86,index_points,RU,close
2019-03-21,496.33,index_points,RU,close
2019-03-22,495.46,index_points,RU,close
2019-03-25,496.21,index_points,RU,close
2019-03-26,496.29,index_points,RU,close
2019-03-27,495.41,index_points,RU,close
2019-03-28,493.93,index_points,RU,close
2019-03-29,493.96,index_points,RU,close
2019-04-01,493.18,index_points,RU,close
2019-04-02,493.14,index_points,RU,close
2019-04-03,493.29,index_points,RU,close
2019-04-04,493.15,index_points,RU,close
2019-04-05,494.11,index_points,RU,close
2019-04-08,494.9,index_points,RU,close
2019-04-09,495.99,index_points,RU,close
2019-04-10,496.48,index_points,RU,close
2019-04-11,497.37,index_points,RU,close
2019-04-12,497.67,index_points,RU,close
2019-04-15,497.43,index_points,RU,close
2019-04-16,497.18,index_points,RU,close
2019-04-17,497.63,index_points,RU,close
2019-04-18,497.09,index_points,RU,close
2019-04-19,497.34,index_points,RU,close
2019-04-22,497.7,index_points,RU,close
2019-04-23,497.24,index_points,RU,close
2019-04-24,497.34,index_points,RU,close
2019-04-25,496.98,index_points,RU,close
2019-04-26,497.51,index_points,RU,close
2019-04-29,499.12,index_points,RU,close
2019-04-30,500.28,index_points,RU,close
2019-05-02,500.92,index_points,RU,close
2019-05-03,500.83,index_points,RU,close
2019-05-06,500.53,index_points,RU,close
2019-05-07,500.8,index_points,RU,close
2019-05-08,501.2,index_points,RU,close
2019-05-10,501.25,index_points,RU,close
2019-05-13,501.33,index_points,RU,close
2019-05-14,501.52,index_points,RU,close
2019-05-15,502.2,index_points,RU,close
2019-05-16,503.48,index_points,RU,close
2019-05-17,504.4,index_points,RU,close
2019-05-20,505.72,index_points,RU,close
2019-05-21,506.33,index_points,RU,close
2019-05-22,508.64,index_points,RU,close
2019-05-23,508.04,index_points,RU,close
2019-05-24,508.21,index_points,RU,close
2019-05-27,508.53,index_points,RU,close
2019-05-28,508.48,index_points,RU,close
2019-05-29,507.94,index_points,RU,close
2019-05-30,509.12,index_points,RU,close
2019-05-31,509.3,index_points,RU,close
2019-06-03,509.24,index_points,RU,close
2019-06-04,510.17,index_points,RU,close
2019-06-05,511.78,index_points,RU,close
2019-06-06,513.07,index_points,RU,close
2019-06-07,513.98,index_points,RU,close
2019-06-10,515.08,index_points,RU,close
2019-06-11,515.53,index_points,RU,close
2019-06-13,514.13,index_points,RU,close
2019-06-14,514.99,index_points,RU,close
2019-06-17,516.16,index_points,RU,close
2019-06-18,516.69,index_points,RU,close
2019-06-19,519.23,index_points,RU,close
2019-06-20,522.01,index_points,RU,close
2019-06-21,520.61,index_points,RU,close
2019-06-24,521.4,index_points,RU,close
2019-06-25,521.67,index_points,RU,close
2019-06-26,520.87,index_points,RU,close
2019-06-27,520.83,index_points,RU,close
2019-06-28,521.56,index_points,RU,close
2019-07-01,522.83,index_points,RU,close
2019-07-02,522.85,index_points,RU,close
2019-07-03,522.78,index_points,RU,close
2019-07-04,523.68,index_points,RU,close
2019-07-05,523.99,index_points,RU,close
2019-07-08,523.9,index_points,RU,close
2019-07-09,524.47,index_points,RU,close
2019-07-10,525.1,index_points,RU,close
2019-07-11,525.76,index_points,RU,close
2019-07-12,524.84,index_points,RU,close
2019-07-15,524.95,index_points,RU,close
2019-07-16,524.95,index_points,RU,close
2019-07-17,525.08,index_points,RU,close
2019-07-18,524.82,index_points,RU,close
2019-07-19,525.37,index_points,RU,close
2019-07-22,527.03,index_points,RU,close
2019-07-23,527.78,index_points,RU,close
2019-07-24,528.7,index_points,RU,close
2019-07-25,529.9,index_points,RU,close
2019-07-26,529.16,index_points,RU,close
2019-07-29,528.41,index_points,RU,close
2019-07-30,528.36,index_points,RU,close
2019-07-31,528.6,index_points,RU,close
2019-08-01,528.43,index_points,RU,close
2019-08-02,526.23,index_points,RU,close
2019-08-05,527.68,index_points,RU,close
2019-08-06,528.94,index_points,RU,close
2019-08-07,529.33,index_points,RU,close
2019-08-08,529.93,index_points,RU,close
2019-08-09,529.8,index_points,RU,close
2019-08-12,529.37,index_points,RU,close
2019-08-13,529.34,index_points,RU,close
2019-08-14,529.49,index_points,RU,close
2019-08-15,529.29,index_points,RU,close
2019-08-16,529.94,index_points,RU,close
2019-08-19,529.85,index_points,RU,close
2019-08-20,530.62,index_points,RU,close
2019-08-21,532.74,index_points,RU,close
2019-08-22,533.34,index_points,RU,close
2019-08-23,533.36,index_points,RU,close
2019-08-26,533.53,index_points,RU,close
2019-08-27,533.38,index_points,RU,close
2019-08-28,534.14,index_points,RU,close
2019-08-29,534.95,index_points,RU,close
2019-08-30,536.42,index_points,RU,close
2019-09-02,537.86,index_points,RU,close
2019-09-03,537.52,index_points,RU,close
2019-09-04,539.7,index_points,RU,close
2019-09-05,539.55,index_points,RU,close
2019-09-06,539.9,index_points,RU,close
2019-09-09,539.68,index_points,RU,close
2019-09-10,539.4,index_points,RU,close
2019-09-11,539.55,index_points,RU,close
2019-09-12,540.58,index_points,RU,close
2019-09-13,540.94,index_points,RU,close
2019-09-16,540.94,index_points,RU,close
2019-09-17,539.95,index_points,RU,close
2019-09-18,540.17,index_points,RU,close
2019-09-19,540.96,index_points,RU,close
2019-09-20,541.18,index_points,RU,close
2019-09-23,541.26,index_points,RU,close
2019-09-24,541.4,index_points,RU,close
2019-09-25,541.33,index_points,RU,close
2019-09-26,541.8,index_points,RU,close
2019-09-27,541.8,index_points,RU,close
2019-09-30,542.01,index_points,RU,close
2019-10-01,542,index_points,RU,close
2019-10-02,542.06,index_points,RU,close
2019-10-03,542.27,index_points,RU,close
2019-10-04,543.4,index_points,RU,close
2019-10-07,546.11,index_points,RU,close
2019-10-08,546.83,index_points,RU,close
2019-10-09,547.38,index_points,RU,close
2019-10-10,550.1,index_points,RU,close
2019-10-11,551.48,index_points,RU,close
2019-10-14,552.32,index_points,RU,close
2019-10-15,552.75,index_points,RU,close
2019-10-16,552.79,index_points,RU,close
2019-10-17,553.14,index_points,RU,close
2019-10-18,555.54,index_points,RU,close
2019-10-21,557.54,index_points,RU,close
2019-10-22,558.45,index_points,RU,close
2019-10-23,559.74,index_points,RU,close
2019-10-24,558.74,index_points,RU,close
2019-10-25,560.71,index_points,RU,close
2019-10-28,562.39,index_points,RU,close
2019-10-29,562.05,index_points,RU,close
2019-10-30,562.23,index_points,RU,close
2019-10-31,560.96,index_points,RU,close
2019-11-01,561.88,index_points,RU,close
2019-11-05,564.01,index_points,RU,close
2019-11-06,563.83,index_points,RU,close
2019-11-07,564.34,index_points,RU,close
2019-11-08,563.91,index_points,RU,close
2019-11-11,562.66,index_points,RU,close
2019-11-12,561.85,index_points,RU,close
2019-11-13,560.55,index_points,RU,close
2019-11-14,561.61,index_points,RU,close
2019-11-15,562.49,index_points,RU,close
2019-11-18,563.16,index_points,RU,close
2019-11-19,564.28,index_points,RU,close
2019-11-20,564.78,index_points,RU,close
2019-11-21,565.23,index_points,RU,close
2019-11-22,565.52,index_points,RU,close
2019-11-25,565.28,index_points,RU,close
2019-11-26,565.12,index_points,RU,close
2019-11-27,565.32,index_points,RU,close
2019-11-28,564.92,index_points,RU,close
2019-11-29,564.55,index_points,RU,close
2019-12-02,564.08,index_points,RU,close
2019-12-03,564.77,index_points,RU,close
2019-12-04,565.38,index_points,RU,close
2019-12-05,565.52,index_points,RU,close
2019-12-06,565.77,index_points,RU,close
2019-12-09,566.07,index_points,RU,close
2019-12-10,566.27,index_points,RU,close
2019-12-11,566.27,index_points,RU,close
2019-12-12,567.26,index_points,RU,close
2019-12-13,568.37,index_points,RU,close
2019-12-16,568.5,index_points,RU,close
2019-12-17,569.04,index_points,RU,close
2019-12-18,569,index_points,RU,close
2019-12-19,568.52,index_points,RU,close
2019-12-20,568.4,index_points,RU,close
2019-12-23,568.8,index_points,RU,close
2019-12-24,569.55,index_points,RU,close
2019-12-25,570.12,index_points,RU,close
2019-12-26,570.61,index_points,RU,close
2019-12-27,570.86,index_points,RU,close
2019-12-30,571.63,index_points,RU,close
2020-01-03,572.65,index_points,RU,close
2020-01-06,572.6,index_points,RU,close
2020-01-08,572.71,index_points,RU,close
2020-01-09,573.13,index_points,RU,close
2020-01-10,574.88,index_points,RU,close
2020-01-13,577.95,index_points,RU,close
2020-01-14,577.93,index_points,RU,close
2020-01-15,577.04,index_points,RU,close
2020-01-16,577.57,index_points,RU,close
2020-01-17,578.04,index_points,RU,close
2020-01-20,578.66,index_points,RU,close
2020-01-21,578.23,index_points,RU,close
2020-01-22,578.34,index_points,RU,close
2020-01-23,578.98,index_points,RU,close
2020-01-24,579.04,index_points,RU,close
2020-01-27,577.71,index_points,RU,close
2020-01-28,577.38,index_points,RU,close
2020-01-29,578.18,index_points,RU,close
2020-01-30,577.95,index_points,RU,close
2020-01-31,578.19,index_points,RU,close
2020-02-03,577.76,index_points,RU,close
2020-02-04,578.6,index_points,RU,close
2020-02-05,579.85,index_points,RU,close
2020-02-06,579.85,index_points,RU,close
2020-02-07,580.85,index_points,RU,close
2020-02-10,581.41,index_points,RU,close
2020-02-11,581.96,index_points,RU,close
2020-02-12,582.93,index_points,RU,close
2020-02-13,583.7,index_points,RU,close
2020-02-14,584.69,index_points,RU,close
2020-02-17,585.36,index_points,RU,close
2020-02-18,585.28,index_points,RU,close
2020-02-19,586.43,index_points,RU,close
2020-02-20,587.68,index_points,RU,close
2020-02-21,586.56,index_points,RU,close
2020-02-25,585.76,index_points,RU,close
2020-02-26,583.84,index_points,RU,close
2020-02-27,582.24,index_points,RU,close
2020-02-28,573.25,index_points,RU,close
2020-03-02,576.7,index_points,RU,close
2020-03-03,580.92,index_points,RU,close
2020-03-04,586.18,index_points,RU,close
2020-03-05,586.8,index_points,RU,close
2020-03-06,576.13,index_points,RU,close
2020-03-10,559.42,index_points,RU,close
2020-03-11,557.78,index_points,RU,close
2020-03-12,540.15,index_points,RU,close
2020-03-13,540.6,index_points,RU,close
2020-03-16,534.22,index_points,RU,close
2020-03-17,534.65,index_points,RU,close
2020-03-18,528.73,index_points,RU,close
2020-03-19,531.09,index_points,RU,close
2020-03-20,542.73,index_points,RU,close
2020-03-23,543.47,index_points,RU,close
2020-03-24,557.11,index_points,RU,close
2020-03-25,557.21,index_points,RU,close
2020-03-26,559.13,index_points,RU,close
2020-03-27,562.65,index_points,RU,close
2020-03-30,561.13,index_points,RU,close
2020-03-31,567.5,index_points,RU,close
2020-04-01,566.38,index_points,RU,close
2020-04-02,565.9,index_points,RU,close
2020-04-03,567.71,index_points,RU,close
2020-04-06,569.88,index_points,RU,close
2020-04-07,570.7,index_points,RU,close
2020-04-08,570.03,index_points,RU,close
2020-04-09,571.65,index_points,RU,close
2020-04-10,572.2,index_points,RU,close
2020-04-13,572.82,index_points,RU,close
2020-04-14,572.89,index_points,RU,close
2020-04-15,571.09,index_points,RU,close
2020-04-16,573.32,index_points,RU,close
2020-04-17,581.05,index_points,RU,close
2020-04-20,587.23,index_points,RU,close
2020-04-21,583.55,index_points,RU,close
2020-04-22,586.17,index_points,RU,close
2020-04-23,590.11,index_points,RU,close
2020-04-24,592.33,index_points,RU,close
2020-04-27,592.52,index_points,RU,close
2020-04-28,592.76,index_points,RU,close
2020-04-29,592.68,index_points,RU,close
2020-04-30,592.76,index_points,RU,close
2020-05-04,593.69,index_points,RU,close
2020-05-05,594.52,index_points,RU,close
2020-05-06,593.86,index_points,RU,close
2020-05-07,594.06,index_points,RU,close
2020-05-08,596.38,index_points,RU,close
2020-05-12,600.63,index_points,RU,close
2020-05-13,601.53,index_points,RU,close
2020-05-14,602.38,index_points,RU,close
2020-05-15,608.16,index_points,RU,close
2020-05-18,612.79,index_points,RU,close
2020-05-19,612.36,index_points,RU,close
2020-05-20,613.13,index_points,RU,close
2020-05-21,613.54,index_points,RU,close
2020-05-22,612.68,index_points,RU,close
2020-05-25,613.06,index_points,RU,close
2020-05-26,613.17,index_points,RU,close
2020-05-27,611.92,index_points,RU,close
2020-05-28,611.49,index_points,RU,close
2020-05-29,611.96,index_points,RU,close
2020-06-01,613.06,index_points,RU,close
2020-06-02,613.54,index_points,RU,close
2020-06-03,612.91,index_points,RU,close
2020-06-04,610.18,index_points,RU,close
2020-06-05,609.27,index_points,RU,close
2020-06-08,608.88,index_points,RU,close
2020-06-09,608.73,index_points,RU,close
2020-06-10,611.12,index_points,RU,close
2020-06-11,610.91,index_points,RU,close
2020-06-15,610.92,index_points,RU,close
2020-06-16,612.63,index_points,RU,close
2020-06-17,613.87,index_points,RU,close
2020-06-18,614.71,index_points,RU,close
2020-06-19,616.36,index_points,RU,close
2020-06-22,614.59,index_points,RU,close
2020-06-23,613.9,index_points,RU,close
2020-06-25,612.04,index_points,RU,close
2020-06-26,612.49,index_points,RU,close
2020-06-29,612.36,index_points,RU,close
2020-06-30,608.44,index_points,RU,close
2020-07-02,609.16,index_points,RU,close
2020-07-03,605.83,index_points,RU,close
2020-07-06,605.23,index_points,RU,close
2020-07-07,607.61,index_points,RU,close
2020-07-08,609.76,index_points,RU,close
2020-07-09,611.81,index_points,RU,close
2020-07-10,611.13,index_points,RU,close
2020-07-13,612.04,index_points,RU,close
2020-07-14,612.25,index_points,RU,close
2020-07-15,612.08,index_points,RU,close
2020-07-16,611.52,index_points,RU,close
2020-07-17,612.01,index_points,RU,close
2020-07-20,613.09,index_points,RU,close
2020-07-21,614.25,index_points,RU,close
2020-07-22,614.35,index_points,RU,close
2020-07-23,614.39,index_points,RU,close
2020-07-24,613.71,index_points,RU,close
2020-07-27,614.03,index_points,RU,close
2020-07-28,613.08,index_points,RU,close
2020-07-29,612.76,index_points,RU,close
2020-07-30,610.37,index_points,RU,close
2020-07-31,611.09,index_points,RU,close
2020-08-03,612.46,index_points,RU,close
2020-08-04,612.85,index_points,RU,close
2020-08-05,613.14,index_points,RU,close
2020-08-06,612.54,index_points,RU,close
2020-08-07,612.22,index_points,RU,close
2020-08-10,612.61,index_points,RU,close
2020-08-11,612.94,index_points,RU,close
2020-08-12,612.45,index_points,RU,close
2020-08-13,611.92,index_points,RU,close
2020-08-14,610.78,index_points,RU,close
2020-08-17,606.7,index_points,RU,close
2020-08-18,606.36,index_points,RU,close
2020-08-19,608.91,index_points,RU,close
2020-08-20,608.09,index_points,RU,close
2020-08-21,606.54,index_points,RU,close
2020-08-24,607.6,index_points,RU,close
2020-08-25,607.25,index_points,RU,close
2020-08-26,606.34,index_points,RU,close
2020-08-27,608.05,index_points,RU,close
2020-08-28,608.85,index_points,RU,close
2020-08-31,609.98,index_points,RU,close
2020-09-01,610.68,index_points,RU,close
2020-09-02,609.49,index_points,RU,close
2020-09-03,607.45,index_points,RU,close
2020-09-04,608.22,index_points,RU,close
2020-09-07,608.1,index_points,RU,close
2020-09-08,606.76,index_points,RU,close
2020-09-09,607.47,index_points,RU,close
2020-09-10,608.66,index_points,RU,close
2020-09-11,608.44,index_points,RU,close
2020-09-14,608.32,index_points,RU,close
2020-09-15,608.7,index_points,RU,close
2020-09-16,608.75,index_points,RU,close
2020-09-17,608.72,index_points,RU,close
2020-09-18,608.71,index_points,RU,close
2020-09-21,607.82,index_points,RU,close
2020-09-22,606.87,index_points,RU,close
2020-09-23,606.36,index_points,RU,close
2020-09-24,605.8,index_points,RU,close
2020-09-25,606.24,index_points,RU,close
2020-09-28,605.85,index_points,RU,close
2020-09-29,605.9,index_points,RU,close
2020-09-30,607.55,index_points,RU,close
2020-10-01,609.36,index_points,RU,close
2020-10-02,609.29,index_points,RU,close
2020-10-05,610.01,index_points,RU,close
2020-10-06,611.03,index_points,RU,close
2020-10-07,611.77,index_points,RU,close
2020-10-08,613.99,index_points,RU,close
2020-10-09,614.43,index_points,RU,close
2020-10-12,614.94,index_points,RU,close
2020-10-13,615.25,index_points,RU,close
2020-10-14,615.14,index_points,RU,close
2020-10-15,613.86,index_points,RU,close
2020-10-16,613.98,index_points,RU,close
2020-10-19,615.34,index_points,RU,close
2020-10-20,615.28,index_points,RU,close
2020-10-21,615.8,index_points,RU,close
2020-10-22,615.56,index_points,RU,close
2020-10-23,616.07,index_points,RU,close
2020-10-26,615.97,index_points,RU,close
2020-10-27,615.51,index_points,RU,close
2020-10-28,613.71,index_points,RU,close
2020-10-29,612.6,index_points,RU,close
2020-10-30,612.17,index_points,RU,close
2020-11-02,609.1,index_points,RU,close
2020-11-03,610.13,index_points,RU,close
2020-11-05,615.95,index_points,RU,close
2020-11-06,617.97,index_points,RU,close
2020-11-09,620.16,index_points,RU,close
2020-11-10,619.68,index_points,RU,close
2020-11-11,619.64,index_points,RU,close
2020-11-12,619.7,index_points,RU,close
2020-11-13,620.35,index_points,RU,close
2020-11-16,621.06,index_points,RU,close
2020-11-17,620.83,index_points,RU,close
2020-11-18,619.88,index_points,RU,close
2020-11-19,620.62,index_points,RU,close
2020-11-20,620.9,index_points,RU,close
2020-11-23,622.04,index_points,RU,close
2020-11-24,621.33,index_points,RU,close
2020-11-25,621.41,index_points,RU,close
2020-11-26,620.98,index_points,RU,close
2020-11-27,621.13,index_points,RU,close
2020-11-30,620.85,index_points,RU,close
2020-12-01,621.02,index_points,RU,close
2020-12-02,620.97,index_points,RU,close
2020-12-03,621.13,index_points,RU,close
2020-12-04,621.54,index_points,RU,close
2020-12-07,622.07,index_points,RU,close
2020-12-08,622.43,index_points,RU,close
2020-12-09,622.17,index_points,RU,close
2020-12-10,621.6,index_points,RU,close
2020-12-11,621.29,index_points,RU,close
2020-12-14,621.59,index_points,RU,close
2020-12-15,621.38,index_points,RU,close
2020-12-16,621.25,index_points,RU,close
2020-12-17,621.83,index_points,RU,close
2020-12-18,621.25,index_points,RU,close
2020-12-21,619.54,index_points,RU,close
2020-12-22,619.05,index_points,RU,close
2020-12-23,618.53,index_points,RU,close
2020-12-24,618.73,index_points,RU,close
2020-12-25,619.77,index_points,RU,close
2020-12-28,619.36,index_points,RU,close
2020-12-29,620.39,index_points,RU,close
2020-12-30,620.45,index_points,RU,close
2021-01-04,621.74,index_points,RU,close
2021-01-05,622.42,index_points,RU,close
2021-01-06,622.72,index_points,RU,close
2021-01-08,622.8,index_points,RU,close
2021-01-11,621.15,index_points,RU,close
2021-01-12,620.21,index_points,RU,close
2021-01-13,619.69,index_points,RU,close
2021-01-14,619.31,index_points,RU,close
2021-01-15,616.79,index_points,RU,close
2021-01-18,616.21,index_points,RU,close
2021-01-19,616.83,index_points,RU,close
2021-01-20,617.46,index_points,RU,close
2021-01-21,616.5,index_points,RU,close
2021-01-22,614.06,index_points,RU,close
2021-01-25,614.54,index_points,RU,close
2021-01-26,614.84,index_points,RU,close
2021-01-27,614.55,index_points,RU,close
2021-01-28,614.04,index_points,RU,close
2021-01-29,614.93,index_points,RU,close
2021-02-01,615.52,index_points,RU,close
2021-02-02,615.43,index_points,RU,close
2021-02-03,613.97,index_points,RU,close
2021-02-04,615.26,index_points,RU,close
2021-02-05,616.48,index_points,RU,close
2021-02-08,617.99,index_points,RU,close
2021-02-09,616.36,index_points,RU,close
2021-02-10,615.16,index_points,RU,close
2021-02-11,613.47,index_points,RU,close
2021-02-12,611.04,index_points,RU,close
2021-02-15,610.18,index_points,RU,close
2021-02-16,607.9,index_points,RU,close
2021-02-17,607.34,index_points,RU,close
2021-02-18,608.57,index_points,RU,close
2021-02-19,606.91,index_points,RU,close
2021-02-20,607.01,index_points,RU,close
2021-02-22,606.93,index_points,RU,close
2021-02-24,607.67,index_points,RU,close
2021-02-25,606.14,index_points,RU,close
2021-02-26,603.73,index_points,RU,close
2021-03-01,605.1,index_points,RU,close
2021-03-02,605.77,index_points,RU,close
2021-03-03,607.63,index_points,RU,close
2021-03-04,610.77,index_points,RU,close
2021-03-05,607.62,index_points,RU,close
2021-03-09,608.2,index_points,RU,close
2021-03-10,606.8,index_points,RU,close
2021-03-11,605.03,index_points,RU,close
2021-03-12,604.34,index_points,RU,close
2021-03-15,604.65,index_points,RU,close
2021-03-16,603.85,index_points,RU,close
2021-03-17,602.94,index_points,RU,close
2021-03-18,601.52,index_points,RU,close
2021-03-19,599.58,index_points,RU,close
2021-03-22,597.8,index_points,RU,close
2021-03-23,593.85,index_points,RU,close
2021-03-24,595.32,index_points,RU,close
2021-03-25,597.26,index_points,RU,close
2021-03-26,600.16,index_points,RU,close
2021-03-29,601.29,index_points,RU,close
2021-03-30,599.61,index_points,RU,close
2021-03-31,600.12,index_points,RU,close
2021-04-01,599.31,index_points,RU,close
2021-04-02,599.62,index_points,RU,close
2021-04-05,599.76,index_points,RU,close
2021-04-06,598.86,index_points,RU,close
2021-04-07,594.69,index_points,RU,close
2021-04-08,594.94,index_points,RU,close
2021-04-09,593.94,index_points,RU,close
2021-04-12,595.14,index_points,RU,close
2021-04-13,595.25,index_points,RU,close
2021-04-14,601.01,index_points,RU,close
2021-04-15,598.14,index_points,RU,close
2021-04-16,604.18,index_points,RU,close
2021-04-19,601.93,index_points,RU,close
2021-04-20,601.15,index_points,RU,close
2021-04-21,602.1,index_points,RU,close
2021-04-22,603.93,index_points,RU,close
2021-04-23,604.38,index_points,RU,close
2021-04-26,605.43,index_points,RU,close
2021-04-27,604.2,index_points,RU,close
2021-04-28,603.05,index_points,RU,close
2021-04-29,604.34,index_points,RU,close
2021-04-30,603.9,index_points,RU,close
2021-05-04,605.09,index_points,RU,close
2021-05-05,605.63,index_points,RU,close
2021-05-06,606.13,index_points,RU,close
2021-05-07,605.67,index_points,RU,close
2021-05-10,606.98,index_points,RU,close
2021-05-11,605.63,index_points,RU,close
2021-05-12,604.67,index_points,RU,close
2021-05-13,602.99,index_points,RU,close
2021-05-14,604.55,index_points,RU,close
2021-05-17,604.79,index_points,RU,close
2021-05-18,604.67,index_points,RU,close
2021-05-19,604.3,index_points,RU,close
2021-05-20,604.96,index_points,RU,close
2021-05-21,605.36,index_points,RU,close
2021-05-24,605.36,index_points,RU,close
2021-05-25,605.05,index_points,RU,close
2021-05-26,605.33,index_points,RU,close
2021-05-27,605.62,index_points,RU,close
2021-05-28,605.35,index_points,RU,close
2021-05-31,605.25,index_points,RU,close
2021-06-01,604.69,index_points,RU,close
2021-06-02,604.58,index_points,RU,close
2021-06-03,604.24,index_points,RU,close
2021-06-04,603.16,index_points,RU,close
2021-06-07,603.07,index_points,RU,close
2021-06-08,601.54,index_points,RU,close
2021-06-09,600.65,index_points,RU,close
2021-06-10,601.73,index_points,RU,close
2021-06-11,604.36,index_points,RU,close
2021-06-14,604.74,index_points,RU,close
2021-06-15,604.04,index_points,RU,close
2021-06-16,602.72,index_points,RU,close
2021-06-17,603.12,index_points,RU,close
2021-06-18,605.44,index_points,RU,close
2021-06-21,605.04,index_points,RU,close
2021-06-22,605.01,index_points,RU,close
2021-06-23,605.56,index_points,RU,close
2021-06-24,606.52,index_points,RU,close
2021-06-25,606.16,index_points,RU,close
2021-06-28,605.41,index_points,RU,close
2021-06-29,603.74,index_points,RU,close
2021-06-30,603.89,index_points,RU,close
2021-07-01,604.39,index_points,RU,close
2021-07-02,603.99,index_points,RU,close
2021-07-05,604.73,index_points,RU,close
2021-07-06,604.62,index_points,RU,close
2021-07-07,604.51,index_points,RU,close
2021-07-08,603.64,index_points,RU,close
2021-07-09,604.35,index_points,RU,close
2021-07-12,604.16,index_points,RU,close
2021-07-13,604.13,index_points,RU,close
2021-07-14,604.07,index_points,RU,close
2021-07-15,604.98,index_points,RU,close
2021-07-16,605.18,index_points,RU,close
2021-07-19,605,index_points,RU,close
2021-07-20,605.91,index_points,RU,close
2021-07-21,608.02,index_points,RU,close
2021-07-22,610.29,index_points,RU,close
2021-07-23,611.02,index_points,RU,close
2021-07-26,611.56,index_points,RU,close
2021-07-27,612.69,index_points,RU,close
2021-07-28,613.76,index_points,RU,close
2021-07-29,613.89,index_points,RU,close
2021-07-30,614.19,index_points,RU,close
2021-08-02,614.02,index_points,RU,close
2021-08-03,613.68,index_points,RU,close
2021-08-04,612.89,index_points,RU,close
2021-08-05,613.36,index_points,RU,close
2021-08-06,612.78,index_points,RU,close
2021-08-09,612.03,index_points,RU,close
2021-08-10,611.71,index_points,RU,close
2021-08-11,611.38,index_points,RU,close
2021-08-12,611.59,index_points,RU,close
2021-08-13,611.87,index_points,RU,close
2021-08-16,613.85,index_points,RU,close
2021-08-17,614.81,index_points,RU,close
2021-08-18,614.73,index_points,RU,close
2021-08-19,613.55,index_points,RU,close
2021-08-20,613.66,index_points,RU,close
2021-08-23,613.76,index_points,RU,close
2021-08-24,613.33,index_points,RU,close
2021-08-25,613.11,index_points,RU,close
2021-08-26,611.97,index_points,RU,close
2021-08-27,612.95,index_points,RU,close
2021-08-30,613.8,index_points,RU,close
2021-08-31,614.22,index_points,RU,close
2021-09-01,614.42,index_points,RU,close
2021-09-02,613.36,index_points,RU,close
2021-09-03,613.78,index_points,RU,close
2021-09-06,613.81,index_points,RU,close
2021-09-07,613.25,index_points,RU,close
2021-09-08,613.12,index_points,RU,close
2021-09-09,613.28,index_points,RU,close
2021-09-10,613.79,index_points,RU,close
2021-09-13,614.48,index_points,RU,close
2021-09-14,614.23,index_points,RU,close
2021-09-15,613.49,index_points,RU,close
2021-09-16,613.55,index_points,RU,close
2021-09-17,613.2,index_points,RU,close
2021-09-20,611.03,index_points,RU,close
2021-09-21,611.46,index_points,RU,close
2021-09-22,611.75,index_points,RU,close
2021-09-23,610.06,index_points,RU,close
2021-09-24,608.86,index_points,RU,close
2021-09-27,607.61,index_points,RU,close
2021-09-28,608.15,index_points,RU,close
2021-09-29,608.63,index_points,RU,close
2021-09-30,607.8,index_points,RU,close
2021-10-01,606.63,index_points,RU,close
2021-10-04,605.57,index_points,RU,close
2021-10-05,602.35,index_points,RU,close
2021-10-06,600.29,index_points,RU,close
2021-10-07,602.74,index_points,RU,close
2021-10-08,605.05,index_points,RU,close
2021-10-11,605.1,index_points,RU,close
2021-10-12,604.65,index_points,RU,close
2021-10-13,605.06,index_points,RU,close
2021-10-14,606.21,index_points,RU,close
2021-10-15,606.43,index_points,RU,close
2021-10-18,604.71,index_points,RU,close
2021-10-19,604.73,index_points,RU,close
2021-10-20,603.92,index_points,RU,close
2021-10-21,602.35,index_points,RU,close
2021-10-22,597.62,index_points,RU,close
2021-10-25,592.53,index_points,RU,close
2021-10-26,590.13,index_points,RU,close
2021-10-27,591.09,index_points,RU,close
2021-10-28,586.38,index_points,RU,close
2021-10-29,586.73,index_points,RU,close
2021-11-01,584.68,index_points,RU,close
2021-11-02,584.05,index_points,RU,close
2021-11-03,584.86,index_points,RU,close
2021-11-05,585.06,index_points,RU,close
2021-11-08,587.03,index_points,RU,close
2021-11-09,589.36,index_points,RU,close
2021-11-10,591.57,index_points,RU,close
2021-11-11,592.35,index_points,RU,close
2021-11-12,590.35,index_points,RU,close
2021-11-15,589.28,index_points,RU,close
2021-11-16,586.89,index_points,RU,close
2021-11-17,587.17,index_points,RU,close
2021-11-18,584.66,index_points,RU,close
2021-11-19,583.31,index_points,RU,close
2021-11-22,578.79,index_points,RU,close
2021-11-23,576.2,index_points,RU,close
2021-11-24,578.37,index_points,RU,close
2021-11-25,580.72,index_points,RU,close
2021-11-26,580.18,index_points,RU,close
2021-11-29,584.47,index_points,RU,close
2021-11-30,584.3,index_points,RU,close
2021-12-01,585.04,index_points,RU,close
2021-12-02,583.11,index_points,RU,close
2021-12-03,584.4,index_points,RU,close
2021-12-06,583.26,index_points,RU,close
2021-12-07,580.62,index_points,RU,close
2021-12-08,581.37,index_points,RU,close
2021-12-09,582.03,index_points,RU,close
2021-12-10,582.68,index_points,RU,close
2021-12-13,582.67,index_points,RU,close
2021-12-14,581.48,index_points,RU,close
2021-12-15,581.79,index_points,RU,close
2021-12-16,583.22,index_points,RU,close
2021-12-17,584.4,index_points,RU,close
2021-12-20,587.31,index_points,RU,close
2021-12-21,587.37,index_points,RU,close
2021-12-22,587.78,index_points,RU,close
2021-12-23,588.24,index_points,RU,close
2021-12-24,588.58,index_points,RU,close
2021-12-27,588.93,index_points,RU,close
2021-12-28,589.07,index_points,RU,close
2021-12-29,589.01,index_points,RU,close
2021-12-30,589.78,index_points,RU,close
2022-01-03,592.16,index_points,RU,close
2022-01-04,592.73,index_points,RU,close
2022-01-05,593.34,index_points,RU,close
2022-01-06,590.38,index_points,RU,close
2022-01-10,587.35,index_points,RU,close
2022-01-11,584.12,index_points,RU,close
2022-01-12,582.58,index_points,RU,close
2022-01-13,577.67,index_points,RU,close
2022-01-14,566.71,index_points,RU,close
2022-01-17,563.29,index_points,RU,close
2022-01-18,562.44,index_points,RU,close
2022-01-19,568.07,index_points,RU,close
2022-01-20,566.88,index_points,RU,close
2022-01-21,565.49,index_points,RU,close
2022-01-24,558.59,index_points,RU,close
2022-01-25,557.65,index_points,RU,close
2022-01-26,556.9,index_points,RU,close
2022-01-27,559.99,index_points,RU,close
2022-01-28,563.66,index_points,RU,close
2022-01-31,564.69,index_points,RU,close
2022-02-01,565.85,index_points,RU,close
2022-02-02,567.46,index_points,RU,close
2022-02-03,566.54,index_points,RU,close
2022-02-04,567.53,index_points,RU,close
2022-02-07,567.65,index_points,RU,close
2022-02-08,567.87,index_points,RU,close
2022-02-09,568.21,index_points,RU,close
2022-02-10,567.27,index_points,RU,close
2022-02-11,561.56,index_points,RU,close
2022-02-14,551.03,index_points,RU,close
2022-02-15,555.84,index_points,RU,close
2022-02-16,560.73,index_points,RU,close
2022-02-17,558.27,index_points,RU,close
2022-02-18,558.13,index_points,RU,close
2022-02-21,547.08,index_points,RU,close
2022-02-22,534.8,index_points,RU,close
2022-02-24,461.02,index_points,RU,close
2022-02-25,479.03,index_points,RU,close
2022-03-21,455.2,index_points,RU,close
2022-03-22,477.14,index_points,RU,close
2022-03-23,474.42,index_points,RU,close
2022-03-24,476.55,index_points,RU,close
2022-03-25,480.35,index_points,RU,close
2022-03-28,479.01,index_points,RU,close
2022-03-29,486.38,index_points,RU,close
2022-03-30,507.42,index_points,RU,close
2022-03-31,519.32,index_points,RU,close
2022-04-01,520.38,index_points,RU,close
2022-04-04,514.35,index_points,RU,close
2022-04-05,513.86,index_points,RU,close
2022-04-06,512.59,index_points,RU,close
2022-04-07,512.55,index_points,RU,close
2022-04-08,529.21,index_points,RU,close
2022-04-11,540.63,index_points,RU,close
2022-04-12,540.48,index_points,RU,close
2022-04-13,543.31,index_points,RU,close
2022-04-14,546.75,index_points,RU,close
2022-04-15,543.86,index_points,RU,close
2022-04-18,547.87,index_points,RU,close
2022-04-19,555.45,index_points,RU,close
2022-04-20,559.89,index_points,RU,close
2022-04-21,565.64,index_points,RU,close
2022-04-22,564.7,index_points,RU,close
2022-04-25,561.06,index_points,RU,close
2022-04-26,563.05,index_points,RU,close
2022-04-27,562.65,index_points,RU,close
2022-04-28,561.68,index_points,RU,close
2022-04-29,563.04,index_points,RU,close
2022-05-04,561.58,index_points,RU,close
2022-05-05,560.1,index_points,RU,close
2022-05-06,559.47,index_points,RU,close
2022-05-11,559.78,index_points,RU,close
2022-05-12,559.1,index_points,RU,close
2022-05-13,558.75,index_points,RU,close
2022-05-16,560.05,index_points,RU,close
2022-05-17,560.36,index_points,RU,close
2022-05-18,560.01,index_points,RU,close
2022-05-19,561.61,index_points,RU,close
2022-05-20,563.13,index_points,RU,close
2022-05-23,563.21,index_points,RU,close
2022-05-24,563.44,index_points,RU,close
2022-05-25,574.47,index_points,RU,close
2022-05-26,581.11,index_points,RU,close
2022-05-27,579.89,index_points,RU,close
2022-05-30,579.11,index_points,RU,close
2022-05-31,579.27,index_points,RU,close
2022-06-01,584.45,index_points,RU,close
2022-06-02,591.13,index_points,RU,close
2022-06-03,591.67,index_points,RU,close
2022-06-06,594.34,index_points,RU,close
2022-06-07,594.84,index_points,RU,close
2022-06-08,594.93,index_points,RU,close
2022-06-09,596.84,index_points,RU,close
2022-06-10,597.85,index_points,RU,close
2022-06-14,594.95,index_points,RU,close
2022-06-15,594.92,index_points,RU,close
2022-06-16,598.09,index_points,RU,close
2022-06-17,598,index_points,RU,close
2022-06-20,599.3,index_points,RU,close
2022-06-21,600.13,index_points,RU,close
2022-06-22,600.55,index_points,RU,close
2022-06-23,603,index_points,RU,close
2022-06-24,605.39,index_points,RU,close
2022-06-27,608.68,index_points,RU,close
2022-06-28,609.68,index_points,RU,close
2022-06-29,609.27,index_points,RU,close
2022-06-30,607.78,index_points,RU,close
2022-07-01,606.49,index_points,RU,close
2022-07-04,604.37,index_points,RU,close
2022-07-05,602.06,index_points,RU,close
2022-07-06,602.4,index_points,RU,close
2022-07-07,604.89,index_points,RU,close
2022-07-08,605.75,index_points,RU,close
2022-07-11,605.53,index_points,RU,close
2022-07-12,604.49,index_points,RU,close
2022-07-13,603.94,index_points,RU,close
2022-07-14,604.21,index_points,RU,close
2022-07-15,604.55,index_points,RU,close
2022-07-18,604.16,index_points,RU,close
2022-07-19,604.05,index_points,RU,close
2022-07-20,604.62,index_points,RU,close
2022-07-21,607.59,index_points,RU,close
2022-07-22,614.31,index_points,RU,close
2022-07-25,616.48,index_points,RU,close
2022-07-26,616.03,index_points,RU,close
2022-07-27,616.4,index_points,RU,close
2022-07-28,617.08,index_points,RU,close
2022-07-29,618.24,index_points,RU,close
2022-08-01,618.73,index_points,RU,close
2022-08-02,618.87,index_points,RU,close
2022-08-03,618.05,index_points,RU,close
2022-08-04,618.25,index_points,RU,close
2022-08-05,617.87,index_points,RU,close
2022-08-08,618.17,index_points,RU,close
2022-08-09,618.43,index_points,RU,close
2022-08-10,617.73,index_points,RU,close
2022-08-11,615.88,index_points,RU,close
2022-08-12,613.88,index_points,RU,close
2022-08-15,615.54,index_points,RU,close
2022-08-16,616.25,index_points,RU,close
2022-08-17,617.05,index_points,RU,close
2022-08-18,617.37,index_points,RU,close
2022-08-19,616.51,index_points,RU,close
2022-08-22,615.68,index_points,RU,close
2022-08-23,615.61,index_points,RU,close
2022-08-24,615.17,index_points,RU,close
2022-08-25,616.3,index_points,RU,close
2022-08-26,616.59,index_points,RU,close
2022-08-29,616.94,index_points,RU,close
2022-08-30,617.35,index_points,RU,close
2022-08-31,616.73,index_points,RU,close
2022-09-01,617.48,index_points,RU,close
2022-09-02,619,index_points,RU,close
2022-09-05,621.39,index_points,RU,close
2022-09-06,622.47,index_points,RU,close
2022-09-07,622.52,index_points,RU,close
2022-09-08,621.78,index_points,RU,close
2022-09-09,620.96,index_points,RU,close
2022-09-12,621.98,index_points,RU,close
2022-09-13,620.96,index_points,RU,close
2022-09-14,621.15,index_points,RU,close
2022-09-15,621.97,index_points,RU,close
2022-09-16,622.12,index_points,RU,close
2022-09-19,615.18,index_points,RU,close
2022-09-20,608.01,index_points,RU,close
2022-09-21,595.48,index_points,RU,close
2022-09-22,599.17,index_points,RU,close
2022-09-23,592.29,index_points,RU,close
2022-09-26,579.52,index_points,RU,close
2022-09-27,590.56,index_points,RU,close
2022-09-28,589.89,index_points,RU,close
2022-09-29,582.97,index_points,RU,close
2022-09-30,579.01,index_points,RU,close
2022-10-03,584.8,index_points,RU,close
2022-10-04,591.63,index_points,RU,close
2022-10-05,591.56,index_points,RU,close
2022-10-06,593.85,index_points,RU,close
2022-10-07,593.17,index_points,RU,close
2022-10-10,588.89,index_points,RU,close
2022-10-11,593.37,index_points,RU,close
2022-10-12,595.51,index_points,RU,close
2022-10-13,596.48,index_points,RU,close
2022-10-14,597.44,index_points,RU,close
2022-10-17,599.87,index_points,RU,close
2022-10-18,600.91,index_points,RU,close
2022-10-19,600.89,index_points,RU,close
2022-10-20,602.34,index_points,RU,close
2022-10-21,603.98,index_points,RU,close
2022-10-24,605.33,index_points,RU,close
2022-10-25,605.35,index_points,RU,close
2022-10-26,605.21,index_points,RU,close
2022-10-27,604.38,index_points,RU,close
2022-10-28,604.32,index_points,RU,close
2022-10-31,603.16,index_points,RU,close
2022-11-01,603.03,index_points,RU,close
2022-11-02,600.37,index_points,RU,close
2022-11-03,600.5,index_points,RU,close
2022-11-07,601.45,index_points,RU,close
2022-11-08,598.92,index_points,RU,close
2022-11-09,598.02,index_points,RU,close
2022-11-10,600.39,index_points,RU,close
2022-11-11,601.42,index_points,RU,close
2022-11-14,601.59,index_points,RU,close
2022-11-15,601.87,index_points,RU,close
2022-11-16,603.56,index_points,RU,close
2022-11-17,606.72,index_points,RU,close
2022-11-18,606.84,index_points,RU,close
2022-11-21,607,index_points,RU,close
2022-11-22,606.08,index_points,RU,close
2022-11-23,606.4,index_points,RU,close
2022-11-24,607.75,index_points,RU,close
2022-11-25,608.2,index_points,RU,close
2022-11-28,608.78,index_points,RU,close
2022-11-29,608.76,index_points,RU,close
2022-11-30,608.71,index_points,RU,close
2022-12-01,608.52,index_points,RU,close
2022-12-02,608.29,index_points,RU,close
2022-12-05,607.68,index_points,RU,close
2022-12-06,607.52,index_points,RU,close
2022-12-07,607.74,index_points,RU,close
2022-12-08,608.98,index_points,RU,close
2022-12-09,609.57,index_points,RU,close
2022-12-12,609.79,index_points,RU,close
2022-12-13,610.63,index_points,RU,close
2022-12-14,611,index_points,RU,close
2022-12-15,610.67,index_points,RU,close
2022-12-16,610.86,index_points,RU,close
2022-12-19,609.52,index_points,RU,close
2022-12-20,608.81,index_points,RU,close
2022-12-21,608.67,index_points,RU,close
2022-12-22,609.59,index_points,RU,close
2022-12-23,609.9,index_points,RU,close
2022-12-26,610.55,index_points,RU,close
2022-12-27,610.58,index_points,RU,close
2022-12-28,610.16,index_points,RU,close
2022-12-29,610.65,index_points,RU,close
2022-12-30,611.72,index_points,RU,close
2023-01-03,614.58,index_points,RU,close
2023-01-04,615.61,index_points,RU,close
2023-01-05,616.42,index_points,RU,close
2023-01-06,616.08,index_points,RU,close
2023-01-09,613.95,index_points,RU,close
2023-01-10,613.38,index_points,RU,close
2023-01-11,612.57,index_points,RU,close
2023-01-12,612.82,index_points,RU,close
2023-01-13,613.33,index_points,RU,close
2023-01-16,613.43,index_points,RU,close
2023-01-17,613.85,index_points,RU,close
2023-01-18,613.37,index_points,RU,close
2023-01-19,614.02,index_points,RU,close
2023-01-20,613.79,index_points,RU,close
2023-01-23,613.29,index_points,RU,close
2023-01-24,613.15,index_points,RU,close
2023-01-25,613.29,index_points,RU,close
2023-01-26,613.9,index_points,RU,close
2023-01-27,614.32,index_points,RU,close
2023-01-30,614.81,index_points,RU,close
2023-01-31,614.74,index_points,RU,close
2023-02-01,614.85,index_points,RU,close
2023-02-02,615.29,index_points,RU,close
2023-02-03,614.52,index_points,RU,close
2023-02-06,614.65,index_points,RU,close
2023-02-07,614.83,index_points,RU,close
2023-02-08,613.89,index_points,RU,close
2023-02-09,613.43,index_points,RU,close
2023-02-10,613.48,index_points,RU,close
2023-02-13,611.71,index_points,RU,close
2023-02-14,610.82,index_points,RU,close
2023-02-15,609.2,index_points,RU,close
2023-02-16,609.45,index_points,RU,close
2023-02-17,609.26,index_points,RU,close
2023-02-20,609.2,index_points,RU,close
2023-02-21,609.09,index_points,RU,close
2023-02-22,609.98,index_points,RU,close
2023-02-24,611.97,index_points,RU,close
2023-02-27,611.83,index_points,RU,close
2023-02-28,611.99,index_points,RU,close
2023-03-01,612.31,index_points,RU,close
2023-03-02,612.67,index_points,RU,close
2023-03-03,613.57,index_points,RU,close
2023-03-06,614.17,index_points,RU,close
2023-03-07,614.98,index_points,RU,close
2023-03-09,615.24,index_points,RU,close
2023-03-10,615.87,index_points,RU,close
2023-03-13,615.99,index_points,RU,close
2023-03-14,615.74,index_points,RU,close
2023-03-15,615.26,index_points,RU,close
2023-03-16,615.08,index_points,RU,close
2023-03-17,613.68,index_points,RU,close
2023-03-20,613.82,index_points,RU,close
2023-03-21,613.91,index_points,RU,close
2023-03-22,615.27,index_points,RU,close
2023-03-23,616,index_points,RU,close
2023-03-24,616.73,index_points,RU,close
2023-03-27,617.41,index_points,RU,close
2023-03-28,617.06,index_points,RU,close
2023-03-29,617.08,index_points,RU,close
2023-03-30,617.24,index_points,RU,close
2023-03-31,617.39,index_points,RU,close
2023-04-03,618.09,index_points,RU,close
2023-04-04,617.14,index_points,RU,close
2023-04-05,616.93,index_points,RU,close
2023-04-06,617.01,index_points,RU,close
2023-04-07,615.73,index_points,RU,close
2023-04-10,617.33,index_points,RU,close
2023-04-11,617.63,index_points,RU,close
2023-04-12,617.61,index_points,RU,close
2023-04-13,617.6,index_points,RU,close
2023-04-14,617.95,index_points,RU,close
2023-04-17,618.52,index_points,RU,close
2023-04-18,618.71,index_points,RU,close
2023-04-19,618.99,index_points,RU,close
2023-04-20,619.65,index_points,RU,close
2023-04-21,619.86,index_points,RU,close
2023-04-24,620.89,index_points,RU,close
2023-04-25,620.97,index_points,RU,close
2023-04-26,621.18,index_points,RU,close
2023-04-27,621.93,index_points,RU,close
2023-04-28,623.43,index_points,RU,close
2023-05-02,624.55,index_points,RU,close
2023-05-03,624.84,index_points,RU,close
2023-05-04,624.8,index_points,RU,close
2023-05-05,625.37,index_points,RU,close
2023-05-08,625.97,index_points,RU,close
2023-05-10,625.96,index_points,RU,close
2023-05-11,626.19,index_points,RU,close
2023-05-12,625.87,index_points,RU,close
2023-05-15,626.35,index_points,RU,close
2023-05-16,626.09,index_points,RU,close
2023-05-17,626.06,index_points,RU,close
2023-05-18,626.68,index_points,RU,close
2023-05-19,627.21,index_points,RU,close
2023-05-22,627.76,index_points,RU,close
2023-05-23,627.65,index_points,RU,close
2023-05-24,627.87,index_points,RU,close
2023-05-25,628.11,index_points,RU,close
2023-05-26,628.28,index_points,RU,close
2023-05-29,628.41,index_points,RU,close
2023-05-30,628.38,index_points,RU,close
2023-05-31,628.53,index_points,RU,close
2023-06-01,628.24,index_points,RU,close
2023-06-02,628.38,index_points,RU,close
2023-06-05,628.68,index_points,RU,close
2023-06-06,628.73,index_points,RU,close
2023-06-07,628.74,index_points,RU,close
2023-06-08,628.74,index_points,RU,close
2023-06-09,628.8,index_points,RU,close
2023-06-13,628.9,index_points,RU,close
2023-06-14,628.23,index_points,RU,close
2023-06-15,628.27,index_points,RU,close
2023-06-16,628.68,index_points,RU,close
2023-06-19,628.75,index_points,RU,close
2023-06-20,627.96,index_points,RU,close
2023-06-21,627.63,index_points,RU,close
2023-06-22,627.48,index_points,RU,close
2023-06-23,627.87,index_points,RU,close
2023-06-26,627.17,index_points,RU,close
2023-06-27,627.49,index_points,RU,close
2023-06-28,627.46,index_points,RU,close
2023-06-29,627.19,index_points,RU,close
2023-06-30,626.37,index_points,RU,close
2023-07-03,626.47,index_points,RU,close
2023-07-04,626.2,index_points,RU,close
2023-07-05,626.62,index_points,RU,close
2023-07-06,625.92,index_points,RU,close
2023-07-07,625.77,index_points,RU,close
2023-07-10,625.2,index_points,RU,close
2023-07-11,624.75,index_points,RU,close
2023-07-12,624.54,index_points,RU,close
2023-07-13,624.65,index_points,RU,close
2023-07-14,624.22,index_points,RU,close
2023-07-17,623.22,index_points,RU,close
2023-07-18,622.26,index_points,RU,close
2023-07-19,621.74,index_points,RU,close
2023-07-20,622.19,index_points,RU,close
2023-07-21,621.83,index_points,RU,close
2023-07-24,622.51,index_points,RU,close
2023-07-25,623.08,index_points,RU,close
2023-07-26,623.63,index_points,RU,close
2023-07-27,623.71,index_points,RU,close
2023-07-28,623.33,index_points,RU,close
2023-07-31,623.11,index_points,RU,close
2023-08-01,622.91,index_points,RU,close
2023-08-02,622.61,index_points,RU,close
2023-08-03,621.98,index_points,RU,close
2023-08-04,621.49,index_points,RU,close
2023-08-07,621.46,index_points,RU,close
2023-08-08,620.71,index_points,RU,close
2023-08-09,618.93,index_points,RU,close
2023-08-10,617.78,index_points,RU,close
2023-08-11,616.77,index_points,RU,close
2023-08-14,614.07,index_points,RU,close
2023-08-15,610.43,index_points,RU,close
2023-08-16,612.38,index_points,RU,close
2023-08-17,614.24,index_points,RU,close
2023-08-18,616.63,index_points,RU,close
2023-08-21,617.16,index_points,RU,close
2023-08-22,616.51,index_points,RU,close
2023-08-23,615.6,index_points,RU,close
2023-08-24,614.29,index_points,RU,close
2023-08-25,613.79,index_points,RU,close
2023-08-28,613.61,index_points,RU,close
2023-08-29,613.16,index_points,RU,close
2023-08-30,613.15,index_points,RU,close
2023-08-31,613.04,index_points,RU,close
2023-09-01,612.67,index_points,RU,close
2023-09-04,611.89,index_points,RU,close
2023-09-05,610.47,index_points,RU,close
2023-09-06,606.39,index_points,RU,close
2023-09-07,600.33,index_points,RU,close
2023-09-08,597.66,index_points,RU,close
2023-09-11,597.57,index_points,RU,close
2023-09-12,600.44,index_points,RU,close
2023-09-13,603.77,index_points,RU,close
2023-09-14,601.15,index_points,RU,close
2023-09-15,599.95,index_points,RU,close
2023-09-18,602.84,index_points,RU,close
2023-09-19,602.46,index_points,RU,close
2023-09-20,600.83,index_points,RU,close
2023-09-21,601.31,index_points,RU,close
2023-09-22,600.76,index_points,RU,close
2023-09-25,600.58,index_points,RU,close
2023-09-26,599.89,index_points,RU,close
2023-09-27,599.38,index_points,RU,close
2023-09-28,596.68,index_points,RU,close
2023-09-29,595.07,index_points,RU,close
2023-10-02,593.14,index_points,RU,close
2023-10-03,593.52,index_points,RU,close
2023-10-04,592.13,index_points,RU,close
2023-10-05,591.37,index_points,RU,close
2023-10-06,590.97,index_points,RU,close
2023-10-09,590.41,index_points,RU,close
2023-10-10,589.79,index_points,RU,close
2023-10-11,589.71,index_points,RU,close
2023-10-12,593.26,index_points,RU,close
2023-10-13,593.92,index_points,RU,close
2023-10-16,595.37,index_points,RU,close
2023-10-17,595.78,index_points,RU,close
2023-10-18,594.18,index_points,RU,close
2023-10-19,593.35,index_points,RU,close
2023-10-20,593.7,index_points,RU,close
2023-10-23,594.32,index_points,RU,close
2023-10-24,594.34,index_points,RU,close
2023-10-25,594.62,index_points,RU,close
2023-10-26,594.68,index_points,RU,close
2023-10-27,591.02,index_points,RU,close
2023-10-30,589.47,index_points,RU,close
2023-10-31,590.69,index_points,RU,close
2023-11-01,592.15,index_points,RU,close
2023-11-02,598.49,index_points,RU,close
2023-11-03,603.22,index_points,RU,close
2023-11-06,609,index_points,RU,close
2023-11-07,605.71,index_points,RU,close
2023-11-08,605.78,index_points,RU,close
2023-11-09,610.97,index_points,RU,close
2023-11-10,614.64,index_points,RU,close
2023-11-13,611.97,index_points,RU,close
2023-11-14,607.88,index_points,RU,close
2023-11-15,610.48,index_points,RU,close
2023-11-16,611.97,index_points,RU,close
2023-11-17,612.74,index_points,RU,close
2023-11-20,614.09,index_points,RU,close
2023-11-21,615.32,index_points,RU,close
2023-11-22,616.95,index_points,RU,close
2023-11-23,618.12,index_points,RU,close
2023-11-24,618.18,index_points,RU,close
2023-11-27,617.9,index_points,RU,close
2023-11-28,618.1,index_points,RU,close
2023-11-29,618.63,index_points,RU,close
2023-11-30,617.69,index_points,RU,close
2023-12-01,616.64,index_points,RU,close
2023-12-04,611.47,index_points,RU,close
2023-12-05,609.86,index_points,RU,close
2023-12-06,608.96,index_points,RU,close
2023-12-07,608.43,index_points,RU,close
2023-12-08,609.17,index_points,RU,close
2023-12-11,608.11,index_points,RU,close
2023-12-12,605.68,index_points,RU,close
2023-12-13,604.44,index_points,RU,close
2023-12-14,604.08,index_points,RU,close
2023-12-15,604.29,index_points,RU,close
2023-12-18,609.2,index_points,RU,close
2023-12-19,612.69,index_points,RU,close
2023-12-20,615.86,index_points,RU,close
2023-12-21,618.2,index_points,RU,close
2023-12-22,618.85,index_points,RU,close
2023-12-25,619.2,index_points,RU,close
2023-12-26,617.85,index_points,RU,close
2023-12-27,616.99,index_points,RU,close
2023-12-28,616.8,index_points,RU,close
2023-12-29,616.37,index_points,RU,close
2024-01-03,619.24,index_points,RU,close
2024-01-04,619.35,index_points,RU,close
2024-01-05,619.3,index_points,RU,close
2024-01-08,620.02,index_points,RU,close
2024-01-09,617.8,index_points,RU,close
2024-01-10,616.59,index_points,RU,close
2024-01-11,614.76,index_points,RU,close
2024-01-12,612.8,index_points,RU,close
2024-01-15,614.38,index_points,RU,close
2024-01-16,615.02,index_points,RU,close
2024-01-17,617.06,index_points,RU,close
2024-01-18,619,index_points,RU,close
2024-01-19,620.5,index_points,RU,close
2024-01-22,620.83,index_points,RU,close
2024-01-23,621.23,index_points,RU,close
2024-01-24,620.95,index_points,RU,close
2024-01-25,621.69,index_points,RU,close
2024-01-26,622.31,index_points,RU,close
2024-01-29,622.38,index_points,RU,close
2024-01-30,621.42,index_points,RU,close
2024-01-31,621.86,index_points,RU,close
2024-02-01,621.27,index_points,RU,close
2024-02-02,620.31,index_points,RU,close
2024-02-05,620.05,index_points,RU,close
2024-02-06,620.07,index_points,RU,close
2024-02-07,620.22,index_points,RU,close
2024-02-08,619.65,index_points,RU,close
2024-02-09,618.97,index_points,RU,close
2024-02-12,619.62,index_points,RU,close
2024-02-13,619.98,index_points,RU,close
2024-02-14,620.02,index_points,RU,close
2024-02-15,618.47,index_points,RU,close
2024-02-16,617.39,index_points,RU,close
2024-02-19,616.3,index_points,RU,close
2024-02-20,615.84,index_points,RU,close
2024-02-21,615.19,index_points,RU,close
2024-02-22,615.42,index_points,RU,close
2024-02-26,616.19,index_points,RU,close
2024-02-27,615.33,index_points,RU,close
2024-02-28,615.49,index_points,RU,close
2024-02-29,614.86,index_points,RU,close
2024-03-01,615.45,index_points,RU,close
2024-03-04,613.51,index_points,RU,close
2024-03-05,611.53,index_points,RU,close
2024-03-06,609.31,index_points,RU,close
2024-03-07,608.26,index_points,RU,close
2024-03-11,608.51,index_points,RU,close
2024-03-12,608.35,index_points,RU,close
2024-03-13,607.07,index_points,RU,close
2024-03-14,605.5,index_points,RU,close
2024-03-15,602.32,index_points,RU,close
2024-03-18,599.98,index_points,RU,close
2024-03-19,600.09,index_points,RU,close
2024-03-20,598.93,index_points,RU,close
2024-03-21,598.37,index_points,RU,close
2024-03-22,599.68,index_points,RU,close
2024-03-25,599.49,index_points,RU,close
2024-03-26,600.2,index_points,RU,close
2024-03-27,600.95,index_points,RU,close
2024-03-28,602.38,index_points,RU,close
2024-03-29,601.18,index_points,RU,close
2024-04-01,600.88,index_points,RU,close
2024-04-02,599.41,index_points,RU,close
2024-04-03,599.98,index_points,RU,close
2024-04-04,597.96,index_points,RU,close
2024-04-05,597.15,index_points,RU,close
2024-04-08,597.14,index_points,RU,close
2024-04-09,597.29,index_points,RU,close
2024-04-10,597.38,index_points,RU,close
2024-04-11,595.65,index_points,RU,close
2024-04-12,596.38,index_points,RU,close
2024-04-15,598.71,index_points,RU,close
2024-04-16,597.21,index_points,RU,close
2024-04-17,597.89,index_points,RU,close
2024-04-18,598.88,index_points,RU,close
2024-04-19,601.6,index_points,RU,close
2024-04-22,602.04,index_points,RU,close
2024-04-23,600.94,index_points,RU,close
2024-04-24,601.1,index_points,RU,close
2024-04-25,600.85,index_points,RU,close
2024-04-26,598.26,index_points,RU,close
2024-04-27,597.65,index_points,RU,close
2024-04-29,598.41,index_points,RU,close
2024-04-30,598.33,index_points,RU,close
2024-05-02,597.11,index_points,RU,close
2024-05-03,596.26,index_points,RU,close
2024-05-06,596.1,index_points,RU,close
2024-05-07,596.02,index_points,RU,close
2024-05-08,596.22,index_points,RU,close
2024-05-10,596.93,index_points,RU,close
2024-05-13,594.37,index_points,RU,close
2024-05-14,590.42,index_points,RU,close
2024-05-15,589.93,index_points,RU,close
2024-05-16,590.71,index_points,RU,close
2024-05-17,590.2,index_points,RU,close
2024-05-20,589.43,index_points,RU,close
2024-05-21,587.65,index_points,RU,close
2024-05-22,585.49,index_points,RU,close
2024-05-23,582.91,index_points,RU,close
2024-05-24,579.57,index_points,RU,close
2024-05-27,576.21,index_points,RU,close
2024-05-28,576.82,index_points,RU,close
2024-05-29,576.14,index_points,RU,close
2024-05-30,573.87,index_points,RU,close
2024-05-31,570.78,index_points,RU,close
2024-06-03,570.37,index_points,RU,close
2024-06-04,576.76,index_points,RU,close
2024-06-05,576.44,index_points,RU,close
2024-06-06,578.08,index_points,RU,close
2024-06-07,579.42,index_points,RU,close
2024-06-10,574.89,index_points,RU,close
2024-06-11,574.26,index_points,RU,close
2024-06-13,572.73,index_points,RU,close
2024-06-14,573.7,index_points,RU,close
2024-06-17,569.55,index_points,RU,close
2024-06-18,567.15,index_points,RU,close
2024-06-19,564.51,index_points,RU,close
2024-06-20,560.5,index_points,RU,close
2024-06-21,562.21,index_points,RU,close
2024-06-24,563.85,index_points,RU,close
2024-06-25,568.16,index_points,RU,close
2024-06-26,573.22,index_points,RU,close
2024-06-27,569.26,index_points,RU,close
2024-06-28,571.34,index_points,RU,close
2024-07-01,569.94,index_points,RU,close
2024-07-02,570.21,index_points,RU,close
2024-07-03,571.59,index_points,RU,close
2024-07-04,570.74,index_points,RU,close
2024-07-05,566.82,index_points,RU,close
2024-07-08,566.56,index_points,RU,close
2024-07-09,566.45,index_points,RU,close
2024-07-10,564.75,index_points,RU,close
2024-07-11,564.07,index_points,RU,close
2024-07-12,563.64,index_points,RU,close
2024-07-15,560.53,index_points,RU,close
2024-07-16,556.76,index_points,RU,close
2024-07-17,554.05,index_points,RU,close
2024-07-18,556.95,index_points,RU,close
2024-07-19,562.15,index_points,RU,close
2024-07-22,564.57,index_points,RU,close
2024-07-23,562.74,index_points,RU,close
2024-07-24,562.5,index_points,RU,close
2024-07-25,564.13,index_points,RU,close
2024-07-26,558.83,index_points,RU,close
2024-07-29,556.15,index_points,RU,close
2024-07-30,557.6,index_points,RU,close
2024-07-31,562.47,index_points,RU,close
2024-08-01,567.9,index_points,RU,close
2024-08-02,567.94,index_points,RU,close
2024-08-05,566.78,index_points,RU,close
2024-08-06,568.33,index_points,RU,close
2024-08-07,571.9,index_points,RU,close
2024-08-08,579.75,index_points,RU,close
2024-08-09,580.95,index_points,RU,close
2024-08-12,579.66,index_points,RU,close
2024-08-13,580.81,index_points,RU,close
2024-08-14,580.41,index_points,RU,close
2024-08-15,575.45,index_points,RU,close
2024-08-16,571.95,index_points,RU,close
2024-08-19,572.35,index_points,RU,close
2024-08-20,571.09,index_points,RU,close
2024-08-21,570.15,index_points,RU,close
2024-08-22,570.54,index_points,RU,close
2024-08-23,567.46,index_points,RU,close
2024-08-26,565.23,index_points,RU,close
2024-08-27,566.56,index_points,RU,close
2024-08-28,565.21,index_points,RU,close
2024-08-29,564.9,index_points,RU,close
2024-08-30,563.02,index_points,RU,close
2024-09-02,561.28,index_points,RU,close
2024-09-03,560.88,index_points,RU,close
2024-09-04,563.84,index_points,RU,close
2024-09-05,570.6,index_points,RU,close
2024-09-06,572.61,index_points,RU,close
2024-09-09,574.18,index_points,RU,close
2024-09-10,573.85,index_points,RU,close
2024-09-11,573.27,index_points,RU,close
2024-09-12,568.31,index_points,RU,close
2024-09-13,565.55,index_points,RU,close
2024-09-16,566.86,index_points,RU,close
2024-09-17,565.07,index_points,RU,close
2024-09-18,561.4,index_points,RU,close
2024-09-19,560.57,index_points,RU,close
2024-09-20,560.82,index_points,RU,close
2024-09-23,561.22,index_points,RU,close
2024-09-24,562.4,index_points,RU,close
2024-09-25,563.37,index_points,RU,close
2024-09-26,563.06,index_points,RU,close
2024-09-27,560.84,index_points,RU,close
2024-09-30,559.41,index_points,RU,close
2024-10-01,557.63,index_points,RU,close
2024-10-02,556.39,index_points,RU,close
2024-10-03,552.23,index_points,RU,close
2024-10-04,552.38,index_points,RU,close
2024-10-07,550.27,index_points,RU,close
2024-10-08,548.87,index_points,RU,close
2024-10-09,548.89,index_points,RU,close
2024-10-10,550.55,index_points,RU,close
2024-10-11,552.33,index_points,RU,close
2024-10-14,553.77,index_points,RU,close
2024-10-15,554.32,index_points,RU,close
2024-10-16,554.71,index_points,RU,close
2024-10-17,554.49,index_points,RU,close
2024-10-18,553.85,index_points,RU,close
2024-10-21,553.44,index_points,RU,close
2024-10-22,552.73,index_points,RU,close
2024-10-23,552.1,index_points,RU,close
2024-10-24,550.6,index_points,RU,close
2024-10-25,546.68,index_points,RU,close
2024-10-28,540.98,index_points,RU,close
2024-10-29,538.86,index_points,RU,close
2024-10-30,540.74,index_points,RU,close
2024-10-31,536.53,index_points,RU,close
2024-11-01,536.8,index_points,RU,close
2024-11-02,537.92,index_points,RU,close
2024-11-05,538.35,index_points,RU,close
2024-11-06,542.52,index_points,RU,close
2024-11-07,550.01,index_points,RU,close
2024-11-08,553.43,index_points,RU,close
2024-11-11,558.74,index_points,RU,close
2024-11-12,556.85,index_points,RU,close
2024-11-13,559.46,index_points,RU,close
2024-11-14,561.55,index_points,RU,close
2024-11-15,561.43,index_points,RU,close
2024-11-18,560.29,index_points,RU,close
2024-11-19,556,index_points,RU,close
2024-11-20,556.01,index_points,RU,close
2024-11-21,553.56,index_points,RU,close
2024-11-22,556.04,index_points,RU,close
2024-11-25,554.76,index_points,RU,close
2024-11-26,553.95,index_points,RU,close
2024-11-27,553.22,index_points,RU,close
2024-11-28,553.47,index_points,RU,close
2024-11-29,553.66,index_points,RU,close
2024-12-02,555.03,index_points,RU,close
2024-12-03,555.74,index_points,RU,close
2024-12-04,555.95,index_points,RU,close
2024-12-05,555.41,index_points,RU,close
2024-12-06,556.76,index_points,RU,close
2024-12-09,557.85,index_points,RU,close
2024-12-10,558.43,index_points,RU,close
2024-12-11,558.74,index_points,RU,close
2024-12-12,557.5,index_points,RU,close
2024-12-13,556.2,index_points,RU,close
2024-12-16,553.99,index_points,RU,close
2024-12-17,553.86,index_points,RU,close
2024-12-18,555.5,index_points,RU,close
2024-12-19,560.84,index_points,RU,close
2024-12-20,579.07,index_points,RU,close
2024-12-23,601.38,index_points,RU,close
2024-12-24,603.27,index_points,RU,close
2024-12-25,599.32,index_points,RU,close
2024-12-26,601.53,index_points,RU,close
2024-12-27,602.08,index_points,RU,close
2024-12-28,603.74,index_points,RU,close
2024-12-30,603.39,index_points,RU,close
2025-01-03,603.94,index_points,RU,close
2025-01-06,602.73,index_points,RU,close
2025-01-08,603.11,index_points,RU,close
2025-01-09,601.72,index_points,RU,close
2025-01-10,599.39,index_points,RU,close
2025-01-13,600.4,index_points,RU,close
2025-01-14,600.58,index_points,RU,close
2025-01-15,598.98,index_points,RU,close
2025-01-16,598.88,index_points,RU,close
2025-01-17,596.71,index_points,RU,close
2025-01-20,598.15,index_points,RU,close
2025-01-21,597.53,index_points,RU,close
2025-01-22,597.33,index_points,RU,close
2025-01-23,596.71,index_points,RU,close
2025-01-24,596.57,index_points,RU,close
2025-01-27,594.27,index_points,RU,close
2025-01-28,592.77,index_points,RU,close
2025-01-29,593.25,index_points,RU,close
2025-01-30,594.11,index_points,RU,close
2025-01-31,592.69,index_points,RU,close
2025-02-03,590.59,index_points,RU,close
2025-02-04,587.62,index_points,RU,close
2025-02-05,586.71,index_points,RU,close
2025-02-06,591.24,index_points,RU,close
2025-02-07,592.44,index_points,RU,close
2025-02-10,593.08,index_points,RU,close
2025-02-11,592.09,index_points,RU,close
2025-02-12,593.96,index_points,RU,close
2025-02-13,611.17,index_points,RU,close
2025-02-14,614.2,index_points,RU,close
2025-02-17,607.48,index_points,RU,close
2025-02-18,608.36,index_points,RU,close
2025-02-19,609.03,index_points,RU,close
2025-02-20,613.32,index_points,RU,close
2025-02-21,614.83,index_points,RU,close
2025-02-24,614.89,index_points,RU,close
2025-02-25,617,index_points,RU,close
2025-02-26,618.22,index_points,RU,close
2025-02-27,618.77,index_points,RU,close
2025-02-28,619.81,index_points,RU,close
2025-03-03,620.34,index_points,RU,close
2025-03-04,625.16,index_points,RU,close
2025-03-05,629.75,index_points,RU,close
2025-03-06,634.98,index_points,RU,close
2025-03-07,640.62,index_points,RU,close
2025-03-10,643.01,index_points,RU,close
2025-03-11,639.26,index_points,RU,close
2025-03-12,640.81,index_points,RU,close
2025-03-13,639.51,index_points,RU,close
2025-03-14,643.95,index_points,RU,close
2025-03-17,649.41,index_points,RU,close
2025-03-18,651.84,index_points,RU,close
2025-03-19,651.23,index_points,RU,close
2025-03-20,652.78,index_points,RU,close
2025-03-21,649.59,index_points,RU,close
2025-03-24,644.12,index_points,RU,close
2025-03-25,642.29,index_points,RU,close
2025-03-26,641.78,index_points,RU,close
2025-03-27,636.62,index_points,RU,close
2025-03-28,635.9,index_points,RU,close
2025-03-31,632.42,index_points,RU,close
2025-04-01,634.87,index_points,RU,close
2025-04-02,633.92,index_points,RU,close
2025-04-03,630.84,index_points,RU,close
2025-04-04,625.72,index_points,RU,close
2025-04-07,616.88,index_points,RU,close
2025-04-08,622.78,index_points,RU,close
2025-04-09,616.65,index_points,RU,close
2025-04-10,622.39,index_points,RU,close
2025-04-11,628.91,index_points,RU,close
2025-04-14,630.88,index_points,RU,close
2025-04-15,630.23,index_points,RU,close
2025-04-16,631.54,index_points,RU,close
2025-04-17,635.92,index_points,RU,close
2025-04-18,631.08,index_points,RU,close
2025-04-21,633.58,index_points,RU,close
2025-04-22,635.04,index_points,RU,close
2025-04-23,634.84,index_points,RU,close
2025-04-24,636.66,index_points,RU,close
2025-04-25,638.62,index_points,RU,close
2025-04-28,637.51,index_points,RU,close
2025-04-29,634.38,index_points,RU,close
2025-04-30,633.3,index_points,RU,close
2025-05-02,631,index_points,RU,close
2025-05-05,627.57,index_points,RU,close
2025-05-06,628.1,index_points,RU,close
2025-05-07,632.33,index_points,RU,close
2025-05-08,638.1,index_points,RU,close
2025-05-12,639.45,index_points,RU,close
2025-05-13,635.77,index_points,RU,close
2025-05-14,636.55,index_points,RU,close
2025-05-15,636.04,index_points,RU,close
2025-05-16,637.24,index_points,RU,close
2025-05-19,640.88,index_points,RU,close
2025-05-20,640.3,index_points,RU,close
2025-05-21,639.91,index_points,RU,close
2025-05-22,640.85,index_points,RU,close
2025-05-23,642.55,index_points,RU,close
2025-05-26,640.17,index_points,RU,close
2025-05-27,640.25,index_points,RU,close
2025-05-28,641.94,index_points,RU,close
2025-05-29,645.83,index_points,RU,close
2025-05-30,650.15,index_points,RU,close
2025-06-02,653.34,index_points,RU,close
2025-06-03,658.16,index_points,RU,close
2025-06-04,664.86,index_points,RU,close
2025-06-05,665.09,index_points,RU,close
2025-06-06,662.51,index_points,RU,close
2025-06-09,659.24,index_points,RU,close
2025-06-10,664.36,index_points,RU,close
2025-06-11,667.83,index_points,RU,close
2025-06-13,669.58,index_points,RU,close
2025-06-16,667.74,index_points,RU,close
2025-06-17,666.29,index_points,RU,close
2025-06-18,667.53,index_points,RU,close
2025-06-19,672.42,index_points,RU,close
2025-06-20,674,index_points,RU,close
2025-06-23,673.45,index_points,RU,close
2025-06-24,672.96,index_points,RU,close
2025-06-25,676.9,index_points,RU,close
2025-06-26,679.51,index_points,RU,close
2025-06-27,681.77,index_points,RU,close
2025-06-30,686.13,index_points,RU,close
2025-07-01,687.99,index_points,RU,close
2025-07-02,688.24,index_points,RU,close
2025-07-03,689.54,index_points,RU,close
2025-07-04,688.83,index_points,RU,close
2025-07-07,689.85,index_points,RU,close
2025-07-08,689.17,index_points,RU,close
2025-07-09,687.97,index_points,RU,close
2025-07-10,689.59,index_points,RU,close
2025-07-11,690.19,index_points,RU,close
2025-07-14,690.14,index_points,RU,close
2025-07-15,696.63,index_points,RU,close
2025-07-16,701.81,index_points,RU,close
2025-07-17,705.02,index_points,RU,close
2025-07-18,706.4,index_points,RU,close
2025-07-21,709.03,index_points,RU,close
2025-07-22,706.45,index_points,RU,close
2025-07-23,707.57,index_points,RU,close
2025-07-24,709.06,index_points,RU,close
2025-07-25,710.93,index_points,RU,close
2025-07-28,715.56,index_points,RU,close
2025-07-29,714.1,index_points,RU,close
2025-07-30,715.45,index_points,RU,close
2025-07-31,716.77,index_points,RU,close
2025-08-01,715.42,index_points,RU,close
2025-08-04,715.59,index_points,RU,close
2025-08-05,716.51,index_points,RU,close
2025-08-06,716.5,index_points,RU,close
2025-08-07,721.21,index_points,RU,close
2025-08-08,724.14,index_points,RU,close
2025-08-11,729.67,index_points,RU,close
2025-08-12,730.45,index_points,RU,close
2025-08-13,730.09,index_points,RU,close
2025-08-14,729.66,index_points,RU,close
2025-08-15,733.94,index_points,RU,close
2025-08-18,735.45,index_points,RU,close
2025-08-19,738.3,index_points,RU,close
2025-08-20,734.3,index_points,RU,close
2025-08-21,729.03,index_points,RU,close
2025-08-22,728.77,index_points,RU,close
2025-08-25,729.25,index_points,RU,close
2025-08-26,728.23,index_points,RU,close
2025-08-27,726.18,index_points,RU,close
2025-08-28,724.78,index_points,RU,close
2025-08-29,721.48,index_points,RU,close
2025-09-01,723.82,index_points,RU,close
2025-09-02,724.44,index_points,RU,close
2025-09-03,726.87,index_points,RU,close
2025-09-04,734.44,index_points,RU,close
2025-09-05,734.04,index_points,RU,close
2025-09-08,737.05,index_points,RU,close
2025-09-09,734.47,index_points,RU,close
2025-09-10,732.27,index_points,RU,close
2025-09-11,729.31,index_points,RU,close
2025-09-12,726.13,index_points,RU,close
2025-09-15,722.85,index_points,RU,close
2025-09-16,721.05,index_points,RU,close
2025-09-17,720.68,index_points,RU,close
2025-09-18,720.67,index_points,RU,close
2025-09-19,714.42,index_points,RU,close
2025-09-22,713.68,index_points,RU,close
2025-09-23,714.33,index_points,RU,close
2025-09-24,711.97,index_points,RU,close
2025-09-25,707.47,index_points,RU,close
2025-09-26,707.99,index_points,RU,close
2025-09-29,705.93,index_points,RU,close
2025-09-30,701.76,index_points,RU,close
2025-10-01,704.52,index_points,RU,close
2025-10-02,700.59,index_points,RU,close
2025-10-03,701.11,index_points,RU,close
2025-10-06,702.87,index_points,RU,close
2025-10-07,704.38,index_points,RU,close
2025-10-08,699.6,index_points,RU,close
2025-10-09,695.4,index_points,RU,close
2025-10-10,697.92,index_points,RU,close
2025-10-13,698.17,index_points,RU,close
2025-10-14,696.95,index_points,RU,close
2025-10-15,697.46,index_points,RU,close
2025-10-16,703.92,index_points,RU,close
2025-10-17,712.38,index_points,RU,close
2025-10-20,711.89,index_points,RU,close
2025-10-21,709.48,index_points,RU,close
2025-10-22,707.92,index_points,RU,close
2025-10-23,704.98,index_points,RU,close
2025-10-24,707.54,index_points,RU,close
2025-10-27,702.27,index_points,RU,close
2025-10-28,705.74,index_points,RU,close
2025-10-29,708.03,index_points,RU,close
2025-10-30,715.5,index_points,RU,close
2025-10-31,714.6,index_points,RU,close
2025-11-01,714.78,index_points,RU,close
2025-11-03,718.18,index_points,RU,close
2025-11-05,718.53,index_points,RU,close
2025-11-06,718.71,index_points,RU,close
2025-11-07,719.41,index_points,RU,close
2025-11-10,723.78,index_points,RU,close
2025-11-11,725.59,index_points,RU,close
2025-11-12,728.25,index_points,RU,close
2025-11-13,731.45,index_points,RU,close
2025-11-14,729.23,index_points,RU,close
2025-11-17,729.94,index_points,RU,close
2025-11-18,730.29,index_points,RU,close
2025-11-19,730.28,index_points,RU,close
2025-11-20,732.05,index_points,RU,close
2025-11-21,733.14,index_points,RU,close
2025-11-24,733.21,index_points,RU,close
2025-11-25,732.39,index_points,RU,close
2025-11-26,729.93,index_points,RU,close
2025-11-27,728.59,index_points,RU,close
2025-11-28,728.42,index_points,RU,close
2025-12-01,728.94,index_points,RU,close
2025-12-02,730.29,index_points,RU,close
2025-12-03,729.85,index_points,RU,close
2025-12-04,735.94,index_points,RU,close
2025-12-05,739.18,index_points,RU,close
2025-12-08,739.41,index_points,RU,close
2025-12-09,738.25,index_points,RU,close
2025-12-10,738.26,index_points,RU,close
2025-12-11,742.13,index_points,RU,close
2025-12-12,744.01,index_points,RU,close
2025-12-15,744.68,index_points,RU,close
2025-12-16,744.15,index_points,RU,close
2025-12-17,744.02,index_points,RU,close
2025-12-18,746.04,index_points,RU,close
2025-12-19,744.78,index_points,RU,close
2025-12-22,741.43,index_points,RU,close
2025-12-23,740.79,index_points,RU,close
2025-12-24,740.57,index_points,RU,close
2025-12-25,736.58,index_points,RU,close
2025-12-26,737.5,index_points,RU,close
2025-12-29,739.95,index_points,RU,close
2025-12-30,742.7,index_points,RU,close
2026-01-05,745.74,index_points,RU,close
2026-01-06,747.99,index_points,RU,close
2026-01-08,747.6,index_points,RU,close
2026-01-09,747.53,index_points,RU,close
2026-01-12,743.28,index_points,RU,close
2026-01-13,739.01,index_points,RU,close
2026-01-14,739.4,index_points,RU,close
2026-01-15,737.23,index_points,RU,close
2026-01-16,740.38,index_points,RU,close
2026-01-19,740.75,index_points,RU,close
2026-01-20,739.83,index_points,RU,close
2026-01-21,739.31,index_points,RU,close
2026-01-22,738.86,index_points,RU,close
2026-01-23,739.8,index_points,RU,close
2026-01-26,737.93,index_points,RU,close
2026-01-27,737.92,index_points,RU,close
2026-01-28,738.08,index_points,RU,close
2026-01-29,741,index_points,RU,close
2026-01-30,741.51,index_points,RU,close
2026-02-02,741.16,index_points,RU,close
2026-02-03,741.51,index_points,RU,close
2026-02-04,742.52,index_points,RU,close
2026-02-05,741.1,index_points,RU,close
2026-02-06,739.49,index_points,RU,close
2026-02-09,739.17,index_points,RU,close
2026-02-10,736.61,index_points,RU,close
2026-02-11,737.59,index_points,RU,close
2026-02-12,742.5,index_points,RU,close
2026-02-13,748.65,index_points,RU,close
2026-02-16,754.53,index_points,RU,close
2026-02-17,754.43,index_points,RU,close
2026-02-18,756.82,index_points,RU,close
2026-02-19,758.28,index_points,RU,close
2026-02-20,756.73,index_points,RU,close
2026-02-24,757.59,index_points,RU,close
2026-02-25,756.9,index_points,RU,close
2026-02-26,755.31,index_points,RU,close
2026-02-27,756.13,index_points,RU,close
2026-03-02,755.35,index_points,RU,close
2026-03-03,756.92,index_points,RU,close
2026-03-04,756.71,index_points,RU,close
2026-03-05,756.69,index_points,RU,close
2026-03-06,756.68,index_points,RU,close
2026-03-09,759.05,index_points,RU,close
2026-03-10,759.09,index_points,RU,close
2026-03-11,759.02,index_points,RU,close
2026-03-12,764.08,index_points,RU,close
2026-03-13,770.28,index_points,RU,close
2026-03-16,771.19,index_points,RU,close
2026-03-17,770.01,index_points,RU,close
2026-03-18,770.26,index_points,RU,close
2026-03-19,769.43,index_points,RU,close
2026-03-20,770.97,index_points,RU,close
2026-03-23,769.14,index_points,RU,close
2026-03-24,770.71,index_points,RU,close
2026-03-25,771.24,index_points,RU,close
2026-03-26,770.44,index_points,RU,close
2026-03-27,770.34,index_points,RU,close
2026-03-30,770.04,index_points,RU,close
2026-03-31,770.15,index_points,RU,close
2026-04-01,770.46,index_points,RU,close
2026-04-02,770.54,index_points,RU,close
2026-04-03,769.93,index_points,RU,close
2026-04-06,770.34,index_points,RU,close
2026-04-07,770.34,index_points,RU,close
2026-04-08,771.38,index_points,RU,close
2026-04-09,769.46,index_points,RU,close
2026-04-10,772.43,index_points,RU,close
2026-04-13,773.42,index_points,RU,close
2026-04-14,772.25,index_points,RU,close
2026-04-15,773.65,index_points,RU,close
2026-04-16,779.56,index_points,RU,close
2026-04-17,780.07,index_points,RU,close
2026-04-20,782.11,index_points,RU,close
2026-04-21,782.12,index_points,RU,close
2026-04-22,785.45,index_points,RU,close
2026-04-23,786.01,index_points,RU,close
2026-04-24,780.49,index_points,RU,close
2026-04-27,778.47,index_points,RU,close
2026-04-28,778,index_points,RU,close
2026-04-29,778.93,index_points,RU,close
2026-04-30,780.68,index_points,RU,close
2026-05-04,781.53,index_points,RU,close
2026-05-05,780.51,index_points,RU,close
2026-05-06,781.01,index_points,RU,close
2026-05-07,780.64,index_points,RU,close
2026-05-08,780.2,index_points,RU,close
2026-05-11,783.83,index_points,RU,close
2026-05-12,782.47,index_points,RU,close
2026-05-13,782.36,index_points,RU,close
2026-05-14,781.86,index_points,RU,close
2026-05-15,782.63,index_points,RU,close
2026-05-18,782.66,index_points,RU,close
2026-05-19,781.7,index_points,RU,close
2026-05-20,783.14,index_points,RU,close
2026-05-21,783.33,index_points,RU,close
2026-05-22,782.89,index_points,RU,close
2026-05-25,782.17,index_points,RU,close
2026-05-26,781.54,index_points,RU,close
2026-05-27,782,index_points,RU,close
2026-05-28,782.97,index_points,RU,close
2026-05-29,782.22,index_points,RU,close
2026-06-01,781.55,index_points,RU,close
2026-06-02,784.32,index_points,RU,close
2026-06-03,784.63,index_points,RU,close
2026-06-04,785.3,index_points,RU,close
2026-06-05,785.72,index_points,RU,close
2026-06-08,782.47,index_points,RU,close
2026-06-09,782.4,index_points,RU,close
2026-06-10,783.58,index_points,RU,close
2026-06-11,782.63,index_points,RU,close
2026-06-15,784.27,index_points,RU,close
2026-06-16,783.63,index_points,RU,close
2026-06-17,783.77,index_points,RU,close
2026-06-18,782.52,index_points,RU,close
2026-06-19,776.7,index_points,RU,close
2026-06-22,765.56,index_points,RU,close
2026-06-23,770.53,index_points,RU,close
2026-06-24,763.5,index_points,RU,close
2026-06-25,759.25,index_points,RU,close
2026-06-26,756.3,index_points,RU,close
2026-06-29,758.3,index_points,RU,close
2026-06-30,754.84,index_points,RU,close
2026-07-01,753.95,index_points,RU,close
2026-07-02,749.77,index_points,RU,close
2026-07-03,746.75,index_points,RU,close
2026-07-06,742.22,index_points,RU,close
2026-07-07,745.2,index_points,RU,close
2026-07-08,751.51,index_points,RU,close
2026-07-09,757.58,index_points,RU,close
2026-07-10,755.96,index_points,RU,close
2026-07-13,751.54,index_points,RU,close
2026-07-14,754.66,index_points,RU,close
2026-07-15,747.75,index_points,RU,close
2026-07-16,742.96,index_points,RU,close
2026-07-17,740.65,index_points,RU,close
2026-07-20,748.15,index_points,RU,close
2026-07-21,754.35,index_points,RU,close
2026-07-22,755.61,index_points,RU,close
2026-07-23,758.3,index_points,RU,close
2026-07-24,768.97,index_points,RU,close
2026-07-27,768.95,index_points,RU,close
2026-07-28,768.96,index_points,RU,close
2026-07-29,775.24,index_points,RU,close
2026-07-30,774.55,index_points,RU,close
2026-07-31,774.04,index_points,RU,close
2026-08-03,772.5,index_points,RU,close
2026-08-04,775.22,index_points,RU,close
2026-08-05,776.27,index_points,RU,close
2026-08-06,776.42,index_points,RU,close
2026-08-07,775.48,index_points,RU,close
2026-08-10,777.08,index_points,RU,close
2026-08-11,779.18,index_points,RU,close
2026-08-12,779.64,index_points,RU,close
2026-08-13,773.87,index_points,RU,close
2026-08-14,771.23,index_points,RU,close
2026-08-17,765.78,index_points,RU,close
2026-08-18,768.67,index_points,RU,close
2026-08-19,770.33,index_points,RU,close
2026-08-20,768.35,index_points,RU,close
2026-08-21,770.59,index_points,RU,close
2026-08-24,766.53,index_points,RU,close
2026-08-25,771.9,index_points,RU,close
2026-08-26,769.3,index_points,RU,close
2026-08-27,768.62,index_points,RU,close
2026-08-28,770.08,index_points,RU,close
2026-08-31,773.09,index_points,RU,close
2026-09-01,773.28,index_points,RU,close
2026-09-02,771.83,index_points,RU,close
2026-09-03,772.19,index_points,RU,close
2026-09-04,774.24,index_points,RU,close
2026-09-07,774.26,index_points,RU,close
2026-09-08,773.7,index_points,RU,close
2026-09-09,773.86,index_points,RU,close
2026-09-10,775.02,index_points,RU,close
2026-09-11,769.76,index_points,RU,close
2026-09-14,772.23,index_points,RU,close
2026-09-15,770.04,index_points,RU,close
2026-09-16,768.27,index_points,RU,close
