date,value,unit,region,breakdown
2021-12-31,54758.8,rub_per_member_month,RU,decile_10|Потребительские расходы - всего
2021-12-31,107206,rub_per_member_month,RU,decile_10|Располагаемые ресурсы - всего
2021-12-31,55301.6,rub_per_member_month,RU,decile_10|Расходы на потребление - всего
2021-12-31,12826.4,rub_per_member_month,RU,decile_10|Справочно: из общей суммы расходов на потребление: расходы на питание (уточнение к: Потребительские расходы - всего)
2021-12-31,1340.2,rub_per_member_month,RU,"decile_10|алкогольная продукция, табачные изделия и наркотики"
2021-12-31,10349.9,rub_per_member_month,RU,decile_10|в том числе: денежные расходы (уточнение к: Расходы на потребление - всего)
2021-12-31,2461.2,rub_per_member_month,RU,"decile_10|гостиницы, кафе и рестораны"
2021-12-31,5343.2,rub_per_member_month,RU,"decile_10|жилищные услуги, вода, электроэнергия, газ и другие виды топлива"
2021-12-31,1963,rub_per_member_month,RU,decile_10|здравоохранение
2021-12-31,10948.8,rub_per_member_month,RU,decile_10|из них на: домашнее питание (уточнение к: Расходы на потребление - всего)
2021-12-31,79544.2,rub_per_member_month,RU,decile_10|из них: денежный доход (уточнение к: Располагаемые ресурсы - всего)
2021-12-31,327.2,rub_per_member_month,RU,decile_10|из них: поступлений из личного подсобного хозяйства (уточнение к: стоимость натуральных поступлений продуктов питания)
2021-12-31,1932.6,rub_per_member_month,RU,decile_10|информация и коммуникация
2021-12-31,3779.9,rub_per_member_month,RU,"decile_10|личная гигиена, социальная защита, прочие товары и услуги"
2021-12-31,3348.1,rub_per_member_month,RU,"decile_10|мебель, бытовая техника и текущее содержание дома"
2021-12-31,436.3,rub_per_member_month,RU,decile_10|образование
2021-12-31,3805.5,rub_per_member_month,RU,decile_10|одежда и обувь
2021-12-31,4825.9,rub_per_member_month,RU,"decile_10|организация отдыха, спортивных и культурных мероприятий"
2021-12-31,271.7,rub_per_member_month,RU,decile_10|полученных подарков и других поступлений
2021-12-31,831.3,rub_per_member_month,RU,decile_10|расходы на алкогольные напитки
2021-12-31,24934.1,rub_per_member_month,RU,decile_10|расходы на непродовольственные товары
2021-12-31,16502.7,rub_per_member_month,RU,decile_10|расходы на оплату услуг
2021-12-31,1391.4,rub_per_member_month,RU,decile_10|стоимость натуральных поступлений
2021-12-31,598.9,rub_per_member_month,RU,decile_10|стоимость натуральных поступлений продуктов питания
2021-12-31,207.1,rub_per_member_month,RU,"decile_10|стоимость услуг, предоставленных работодателем бесплатно или по льготным ценам"
2021-12-31,26270.3,rub_per_member_month,RU,decile_10|сумма привлеченных средств и израсходованных сбережений
2021-12-31,14280.4,rub_per_member_month,RU,decile_10|транспорт
2021-12-31,629.4,rub_per_member_month,RU,"decile_10|финансовые услуги, услуги страхования"
2021-12-31,6400.9,rub_per_member_month,RU,decile_1|Потребительские расходы - всего
2021-12-31,8281.1,rub_per_member_month,RU,decile_1|Располагаемые ресурсы - всего
2021-12-31,6940.9,rub_per_member_month,RU,decile_1|Расходы на потребление - всего
2021-12-31,3598.3,rub_per_member_month,RU,decile_1|Справочно: из общей суммы расходов на потребление: расходы на питание (уточнение к: Потребительские расходы - всего)
2021-12-31,166.3,rub_per_member_month,RU,"decile_1|алкогольная продукция, табачные изделия и наркотики"
2021-12-31,3018.4,rub_per_member_month,RU,decile_1|в том числе: денежные расходы (уточнение к: Расходы на потребление - всего)
2021-12-31,42.7,rub_per_member_month,RU,"decile_1|гостиницы, кафе и рестораны"
2021-12-31,938,rub_per_member_month,RU,"decile_1|жилищные услуги, вода, электроэнергия, газ и другие виды топлива"
2021-12-31,200.4,rub_per_member_month,RU,decile_1|здравоохранение
2021-12-31,3557.8,rub_per_member_month,RU,decile_1|из них на: домашнее питание (уточнение к: Расходы на потребление - всего)
2021-12-31,7675.5,rub_per_member_month,RU,decile_1|из них: денежный доход (уточнение к: Располагаемые ресурсы - всего)
2021-12-31,429.4,rub_per_member_month,RU,decile_1|из них: поступлений из личного подсобного хозяйства (уточнение к: стоимость натуральных поступлений продуктов питания)
2021-12-31,391.6,rub_per_member_month,RU,decile_1|информация и коммуникация
2021-12-31,288.7,rub_per_member_month,RU,"decile_1|личная гигиена, социальная защита, прочие товары и услуги"
2021-12-31,203.6,rub_per_member_month,RU,"decile_1|мебель, бытовая техника и текущее содержание дома"
2021-12-31,82.1,rub_per_member_month,RU,decile_1|образование
2021-12-31,535.7,rub_per_member_month,RU,decile_1|одежда и обувь
2021-12-31,123.5,rub_per_member_month,RU,"decile_1|организация отдыха, спортивных и культурных мероприятий"
2021-12-31,110,rub_per_member_month,RU,decile_1|полученных подарков и других поступлений
2021-12-31,48.7,rub_per_member_month,RU,decile_1|расходы на алкогольные напитки
2021-12-31,1709.6,rub_per_member_month,RU,decile_1|расходы на непродовольственные товары
2021-12-31,1581.5,rub_per_member_month,RU,decile_1|расходы на оплату услуг
2021-12-31,573,rub_per_member_month,RU,decile_1|стоимость натуральных поступлений
2021-12-31,539.4,rub_per_member_month,RU,decile_1|стоимость натуральных поступлений продуктов питания
2021-12-31,2.7,rub_per_member_month,RU,"decile_1|стоимость услуг, предоставленных работодателем бесплатно или по льготным ценам"
2021-12-31,32.6,rub_per_member_month,RU,decile_1|сумма привлеченных средств и израсходованных сбережений
2021-12-31,382.7,rub_per_member_month,RU,decile_1|транспорт
2021-12-31,25.1,rub_per_member_month,RU,"decile_1|финансовые услуги, услуги страхования"
2021-12-31,9230.1,rub_per_member_month,RU,decile_2|Потребительские расходы - всего
2021-12-31,12067.8,rub_per_member_month,RU,decile_2|Располагаемые ресурсы - всего
2021-12-31,9838.1,rub_per_member_month,RU,decile_2|Расходы на потребление - всего
2021-12-31,4753,rub_per_member_month,RU,decile_2|Справочно: из общей суммы расходов на потребление: расходы на питание (уточнение к: Потребительские расходы - всего)
2021-12-31,284.9,rub_per_member_month,RU,"decile_2|алкогольная продукция, табачные изделия и наркотики"
2021-12-31,4075.8,rub_per_member_month,RU,decile_2|в том числе: денежные расходы (уточнение к: Расходы на потребление - всего)
2021-12-31,77,rub_per_member_month,RU,"decile_2|гостиницы, кафе и рестораны"
2021-12-31,1326,rub_per_member_month,RU,"decile_2|жилищные услуги, вода, электроэнергия, газ и другие виды топлива"
2021-12-31,323.4,rub_per_member_month,RU,decile_2|здравоохранение
2021-12-31,4681.8,rub_per_member_month,RU,decile_2|из них на: домашнее питание (уточнение к: Расходы на потребление - всего)
2021-12-31,11340.6,rub_per_member_month,RU,decile_2|из них: денежный доход (уточнение к: Располагаемые ресурсы - всего)
2021-12-31,478.2,rub_per_member_month,RU,decile_2|из них: поступлений из личного подсобного хозяйства (уточнение к: стоимость натуральных поступлений продуктов питания)
2021-12-31,517.5,rub_per_member_month,RU,decile_2|информация и коммуникация
2021-12-31,448.8,rub_per_member_month,RU,"decile_2|личная гигиена, социальная защита, прочие товары и услуги"
2021-12-31,345,rub_per_member_month,RU,"decile_2|мебель, бытовая техника и текущее содержание дома"
2021-12-31,125,rub_per_member_month,RU,decile_2|образование
2021-12-31,769.7,rub_per_member_month,RU,decile_2|одежда и обувь
2021-12-31,210.8,rub_per_member_month,RU,"decile_2|организация отдыха, спортивных и культурных мероприятий"
2021-12-31,127.8,rub_per_member_month,RU,decile_2|полученных подарков и других поступлений
2021-12-31,102.3,rub_per_member_month,RU,decile_2|расходы на алкогольные напитки
2021-12-31,2674.1,rub_per_member_month,RU,decile_2|расходы на непродовольственные товары
2021-12-31,2301.3,rub_per_member_month,RU,decile_2|расходы на оплату услуг
2021-12-31,667.9,rub_per_member_month,RU,decile_2|стоимость натуральных поступлений
2021-12-31,606.1,rub_per_member_month,RU,decile_2|стоимость натуральных поступлений продуктов питания
2021-12-31,7.4,rub_per_member_month,RU,"decile_2|стоимость услуг, предоставленных работодателем бесплатно или по льготным ценам"
2021-12-31,59.3,rub_per_member_month,RU,decile_2|сумма привлеченных средств и израсходованных сбережений
2021-12-31,673.1,rub_per_member_month,RU,decile_2|транспорт
2021-12-31,47.7,rub_per_member_month,RU,"decile_2|финансовые услуги, услуги страхования"
2021-12-31,11271.5,rub_per_member_month,RU,decile_3|Потребительские расходы - всего
2021-12-31,14844.8,rub_per_member_month,RU,decile_3|Располагаемые ресурсы - всего
2021-12-31,11914.4,rub_per_member_month,RU,decile_3|Расходы на потребление - всего
2021-12-31,5614.1,rub_per_member_month,RU,decile_3|Справочно: из общей суммы расходов на потребление: расходы на питание (уточнение к: Потребительские расходы - всего)
2021-12-31,325.4,rub_per_member_month,RU,"decile_3|алкогольная продукция, табачные изделия и наркотики"
2021-12-31,4843.7,rub_per_member_month,RU,decile_3|в том числе: денежные расходы (уточнение к: Расходы на потребление - всего)
2021-12-31,138.3,rub_per_member_month,RU,"decile_3|гостиницы, кафе и рестораны"
2021-12-31,1539.7,rub_per_member_month,RU,"decile_3|жилищные услуги, вода, электроэнергия, газ и другие виды топлива"
2021-12-31,427,rub_per_member_month,RU,decile_3|здравоохранение
2021-12-31,5485.4,rub_per_member_month,RU,decile_3|из них на: домашнее питание (уточнение к: Расходы на потребление - всего)
2021-12-31,14021.4,rub_per_member_month,RU,decile_3|из них: денежный доход (уточнение к: Располагаемые ресурсы - всего)
2021-12-31,507.6,rub_per_member_month,RU,decile_3|из них: поступлений из личного подсобного хозяйства (уточнение к: стоимость натуральных поступлений продуктов питания)
2021-12-31,604.3,rub_per_member_month,RU,decile_3|информация и коммуникация
2021-12-31,574.1,rub_per_member_month,RU,"decile_3|личная гигиена, социальная защита, прочие товары и услуги"
2021-12-31,460.2,rub_per_member_month,RU,"decile_3|мебель, бытовая техника и текущее содержание дома"
2021-12-31,171,rub_per_member_month,RU,decile_3|образование
2021-12-31,926.5,rub_per_member_month,RU,decile_3|одежда и обувь
2021-12-31,269.6,rub_per_member_month,RU,"decile_3|организация отдыха, спортивных и культурных мероприятий"
2021-12-31,134.1,rub_per_member_month,RU,decile_3|полученных подарков и других поступлений
2021-12-31,136.2,rub_per_member_month,RU,decile_3|расходы на алкогольные напитки
2021-12-31,3344,rub_per_member_month,RU,decile_3|расходы на непродовольственные товары
2021-12-31,2810.4,rub_per_member_month,RU,decile_3|расходы на оплату услуг
2021-12-31,726.1,rub_per_member_month,RU,decile_3|стоимость натуральных поступлений
2021-12-31,641.7,rub_per_member_month,RU,decile_3|стоимость натуральных поступлений продуктов питания
2021-12-31,9.8,rub_per_member_month,RU,"decile_3|стоимость услуг, предоставленных работодателем бесплатно или по льготным ценам"
2021-12-31,97.2,rub_per_member_month,RU,decile_3|сумма привлеченных средств и израсходованных сбережений
2021-12-31,906.7,rub_per_member_month,RU,decile_3|транспорт
2021-12-31,76.4,rub_per_member_month,RU,"decile_3|финансовые услуги, услуги страхования"
2021-12-31,13102.7,rub_per_member_month,RU,decile_4|Потребительские расходы - всего
2021-12-31,17532.2,rub_per_member_month,RU,decile_4|Располагаемые ресурсы - всего
2021-12-31,13787.4,rub_per_member_month,RU,decile_4|Расходы на потребление - всего
2021-12-31,6202.5,rub_per_member_month,RU,decile_4|Справочно: из общей суммы расходов на потребление: расходы на питание (уточнение к: Потребительские расходы - всего)
2021-12-31,403.9,rub_per_member_month,RU,"decile_4|алкогольная продукция, табачные изделия и наркотики"
2021-12-31,5356,rub_per_member_month,RU,decile_4|в том числе: денежные расходы (уточнение к: Расходы на потребление - всего)
2021-12-31,204.1,rub_per_member_month,RU,"decile_4|гостиницы, кафе и рестораны"
2021-12-31,1729.3,rub_per_member_month,RU,"decile_4|жилищные услуги, вода, электроэнергия, газ и другие виды топлива"
2021-12-31,533.4,rub_per_member_month,RU,decile_4|здравоохранение
2021-12-31,6015.4,rub_per_member_month,RU,decile_4|из них на: домашнее питание (уточнение к: Расходы на потребление - всего)
2021-12-31,16604.4,rub_per_member_month,RU,decile_4|из них: денежный доход (уточнение к: Располагаемые ресурсы - всего)
2021-12-31,517.7,rub_per_member_month,RU,decile_4|из них: поступлений из личного подсобного хозяйства (уточнение к: стоимость натуральных поступлений продуктов питания)
2021-12-31,674.1,rub_per_member_month,RU,decile_4|информация и коммуникация
2021-12-31,719.1,rub_per_member_month,RU,"decile_4|личная гигиена, социальная защита, прочие товары и услуги"
2021-12-31,643.8,rub_per_member_month,RU,"decile_4|мебель, бытовая техника и текущее содержание дома"
2021-12-31,190.5,rub_per_member_month,RU,decile_4|образование
2021-12-31,1061.8,rub_per_member_month,RU,decile_4|одежда и обувь
2021-12-31,363.3,rub_per_member_month,RU,"decile_4|организация отдыха, спортивных и культурных мероприятий"
2021-12-31,141.7,rub_per_member_month,RU,decile_4|полученных подарков и других поступлений
2021-12-31,169.2,rub_per_member_month,RU,decile_4|расходы на алкогольные напитки
2021-12-31,4090,rub_per_member_month,RU,decile_4|расходы на непродовольственные товары
2021-12-31,3313.4,rub_per_member_month,RU,decile_4|расходы на оплату услуг
2021-12-31,786.9,rub_per_member_month,RU,decile_4|стоимость натуральных поступлений
2021-12-31,659.4,rub_per_member_month,RU,decile_4|стоимость натуральных поступлений продуктов питания
2021-12-31,12.4,rub_per_member_month,RU,"decile_4|стоимость услуг, предоставленных работодателем бесплатно или по льготным ценам"
2021-12-31,140.9,rub_per_member_month,RU,decile_4|сумма привлеченных средств и израсходованных сбережений
2021-12-31,1123.1,rub_per_member_month,RU,decile_4|транспорт
2021-12-31,113.3,rub_per_member_month,RU,"decile_4|финансовые услуги, услуги страхования"
2021-12-31,15042.9,rub_per_member_month,RU,decile_5|Потребительские расходы - всего
2021-12-31,20627.4,rub_per_member_month,RU,decile_5|Располагаемые ресурсы - всего
2021-12-31,15754.6,rub_per_member_month,RU,decile_5|Расходы на потребление - всего
2021-12-31,6962.5,rub_per_member_month,RU,decile_5|Справочно: из общей суммы расходов на потребление: расходы на питание (уточнение к: Потребительские расходы - всего)
2021-12-31,441.6,rub_per_member_month,RU,"decile_5|алкогольная продукция, табачные изделия и наркотики"
2021-12-31,6005,rub_per_member_month,RU,decile_5|в том числе: денежные расходы (уточнение к: Расходы на потребление - всего)
2021-12-31,268.6,rub_per_member_month,RU,"decile_5|гостиницы, кафе и рестораны"
2021-12-31,1954.8,rub_per_member_month,RU,"decile_5|жилищные услуги, вода, электроэнергия, газ и другие виды топлива"
2021-12-31,633.2,rub_per_member_month,RU,decile_5|здравоохранение
2021-12-31,6713.6,rub_per_member_month,RU,decile_5|из них на: домашнее питание (уточнение к: Расходы на потребление - всего)
2021-12-31,19578.7,rub_per_member_month,RU,decile_5|из них: денежный доход (уточнение к: Располагаемые ресурсы - всего)
2021-12-31,546.5,rub_per_member_month,RU,decile_5|из них: поступлений из личного подсобного хозяйства (уточнение к: стоимость натуральных поступлений продуктов питания)
2021-12-31,748.6,rub_per_member_month,RU,decile_5|информация и коммуникация
2021-12-31,823.3,rub_per_member_month,RU,"decile_5|личная гигиена, социальная защита, прочие товары и услуги"
2021-12-31,769.6,rub_per_member_month,RU,"decile_5|мебель, бытовая техника и текущее содержание дома"
2021-12-31,211.9,rub_per_member_month,RU,decile_5|образование
2021-12-31,1231.3,rub_per_member_month,RU,decile_5|одежда и обувь
2021-12-31,485.6,rub_per_member_month,RU,"decile_5|организация отдыха, спортивных и культурных мероприятий"
2021-12-31,162,rub_per_member_month,RU,decile_5|полученных подарков и других поступлений
2021-12-31,205.1,rub_per_member_month,RU,decile_5|расходы на алкогольные напитки
2021-12-31,4714.1,rub_per_member_month,RU,decile_5|расходы на непродовольственные товары
2021-12-31,3852.4,rub_per_member_month,RU,decile_5|расходы на оплату услуг
2021-12-31,848.3,rub_per_member_month,RU,decile_5|стоимость натуральных поступлений
2021-12-31,708.5,rub_per_member_month,RU,decile_5|стоимость натуральных поступлений продуктов питания
2021-12-31,20.5,rub_per_member_month,RU,"decile_5|стоимость услуг, предоставленных работодателем бесплатно или по льготным ценам"
2021-12-31,200.4,rub_per_member_month,RU,decile_5|сумма привлеченных средств и израсходованных сбережений
2021-12-31,1311.2,rub_per_member_month,RU,decile_5|транспорт
2021-12-31,141,rub_per_member_month,RU,"decile_5|финансовые услуги, услуги страхования"
2021-12-31,17768.3,rub_per_member_month,RU,decile_6|Потребительские расходы - всего
2021-12-31,24612.4,rub_per_member_month,RU,decile_6|Располагаемые ресурсы - всего
2021-12-31,18489.5,rub_per_member_month,RU,decile_6|Расходы на потребление - всего
2021-12-31,7728.5,rub_per_member_month,RU,decile_6|Справочно: из общей суммы расходов на потребление: расходы на питание (уточнение к: Потребительские расходы - всего)
2021-12-31,566.2,rub_per_member_month,RU,"decile_6|алкогольная продукция, табачные изделия и наркотики"
2021-12-31,6682.3,rub_per_member_month,RU,decile_6|в том числе: денежные расходы (уточнение к: Расходы на потребление - всего)
2021-12-31,358.9,rub_per_member_month,RU,"decile_6|гостиницы, кафе и рестораны"
2021-12-31,2193.5,rub_per_member_month,RU,"decile_6|жилищные услуги, вода, электроэнергия, газ и другие виды топлива"
2021-12-31,755.1,rub_per_member_month,RU,decile_6|здравоохранение
2021-12-31,7396.6,rub_per_member_month,RU,decile_6|из них на: домашнее питание (уточнение к: Расходы на потребление - всего)
2021-12-31,23382.3,rub_per_member_month,RU,decile_6|из них: денежный доход (уточнение к: Располагаемые ресурсы - всего)
2021-12-31,545,rub_per_member_month,RU,decile_6|из них: поступлений из личного подсобного хозяйства (уточнение к: стоимость натуральных поступлений продуктов питания)
2021-12-31,880.5,rub_per_member_month,RU,decile_6|информация и коммуникация
2021-12-31,1022.1,rub_per_member_month,RU,"decile_6|личная гигиена, социальная защита, прочие товары и услуги"
2021-12-31,996.9,rub_per_member_month,RU,"decile_6|мебель, бытовая техника и текущее содержание дома"
2021-12-31,307,rub_per_member_month,RU,decile_6|образование
2021-12-31,1421.2,rub_per_member_month,RU,decile_6|одежда и обувь
2021-12-31,673.3,rub_per_member_month,RU,"decile_6|организация отдыха, спортивных и культурных мероприятий"
2021-12-31,169.3,rub_per_member_month,RU,decile_6|полученных подарков и других поступлений
2021-12-31,283.5,rub_per_member_month,RU,decile_6|расходы на алкогольные напитки
2021-12-31,5850,rub_per_member_month,RU,decile_6|расходы на непродовольственные товары
2021-12-31,4594.8,rub_per_member_month,RU,decile_6|расходы на оплату услуг
2021-12-31,886.8,rub_per_member_month,RU,decile_6|стоимость натуральных поступлений
2021-12-31,714.2,rub_per_member_month,RU,decile_6|стоимость натуральных поступлений продуктов питания
2021-12-31,32.7,rub_per_member_month,RU,"decile_6|стоимость услуг, предоставленных работодателем бесплатно или по льготным ценам"
2021-12-31,343.4,rub_per_member_month,RU,decile_6|сумма привлеченных средств и израсходованных сбережений
2021-12-31,1705.4,rub_per_member_month,RU,decile_6|транспорт
2021-12-31,180.1,rub_per_member_month,RU,"decile_6|финансовые услуги, услуги страхования"
2021-12-31,20860.7,rub_per_member_month,RU,decile_7|Потребительские расходы - всего
2021-12-31,29670.6,rub_per_member_month,RU,decile_7|Располагаемые ресурсы - всего
2021-12-31,21594.7,rub_per_member_month,RU,decile_7|Расходы на потребление - всего
2021-12-31,8534.5,rub_per_member_month,RU,decile_7|Справочно: из общей суммы расходов на потребление: расходы на питание (уточнение к: Потребительские расходы - всего)
2021-12-31,719.3,rub_per_member_month,RU,"decile_7|алкогольная продукция, табачные изделия и наркотики"
2021-12-31,7386.7,rub_per_member_month,RU,decile_7|в том числе: денежные расходы (уточнение к: Расходы на потребление - всего)
2021-12-31,509.2,rub_per_member_month,RU,"decile_7|гостиницы, кафе и рестораны"
2021-12-31,2388.1,rub_per_member_month,RU,"decile_7|жилищные услуги, вода, электроэнергия, газ и другие виды топлива"
2021-12-31,910.2,rub_per_member_month,RU,decile_7|здравоохранение
2021-12-31,8072.4,rub_per_member_month,RU,decile_7|из них на: домашнее питание (уточнение к: Расходы на потребление - всего)
2021-12-31,28172.7,rub_per_member_month,RU,decile_7|из них: денежный доход (уточнение к: Располагаемые ресурсы - всего)
2021-12-31,491.8,rub_per_member_month,RU,decile_7|из них: поступлений из личного подсобного хозяйства (уточнение к: стоимость натуральных поступлений продуктов питания)
2021-12-31,1085.4,rub_per_member_month,RU,decile_7|информация и коммуникация
2021-12-31,1258.2,rub_per_member_month,RU,"decile_7|личная гигиена, социальная защита, прочие товары и услуги"
2021-12-31,1142.6,rub_per_member_month,RU,"decile_7|мебель, бытовая техника и текущее содержание дома"
2021-12-31,333,rub_per_member_month,RU,decile_7|образование
2021-12-31,1796.9,rub_per_member_month,RU,decile_7|одежда и обувь
2021-12-31,923.9,rub_per_member_month,RU,"decile_7|организация отдыха, спортивных и культурных мероприятий"
2021-12-31,193.9,rub_per_member_month,RU,decile_7|полученных подарков и других поступлений
2021-12-31,394.5,rub_per_member_month,RU,decile_7|расходы на алкогольные напитки
2021-12-31,7151.3,rub_per_member_month,RU,decile_7|расходы на непродовольственные товары
2021-12-31,5449.2,rub_per_member_month,RU,decile_7|расходы на оплату услуг
2021-12-31,938.7,rub_per_member_month,RU,decile_7|стоимость натуральных поступлений
2021-12-31,685.7,rub_per_member_month,RU,decile_7|стоимость натуральных поступлений продуктов питания
2021-12-31,65.2,rub_per_member_month,RU,"decile_7|стоимость услуг, предоставленных работодателем бесплатно или по льготным ценам"
2021-12-31,559.2,rub_per_member_month,RU,decile_7|сумма привлеченных средств и израсходованных сбережений
2021-12-31,2161.5,rub_per_member_month,RU,decile_7|транспорт
2021-12-31,228.8,rub_per_member_month,RU,"decile_7|финансовые услуги, услуги страхования"
2021-12-31,25115.6,rub_per_member_month,RU,decile_8|Потребительские расходы - всего
2021-12-31,36092.7,rub_per_member_month,RU,decile_8|Располагаемые ресурсы - всего
2021-12-31,25691.1,rub_per_member_month,RU,decile_8|Расходы на потребление - всего
2021-12-31,9521.4,rub_per_member_month,RU,decile_8|Справочно: из общей суммы расходов на потребление: расходы на питание (уточнение к: Потребительские расходы - всего)
2021-12-31,783,rub_per_member_month,RU,"decile_8|алкогольная продукция, табачные изделия и наркотики"
2021-12-31,8297.5,rub_per_member_month,RU,decile_8|в том числе: денежные расходы (уточнение к: Расходы на потребление - всего)
2021-12-31,701.7,rub_per_member_month,RU,"decile_8|гостиницы, кафе и рестораны"
2021-12-31,2649,rub_per_member_month,RU,"decile_8|жилищные услуги, вода, электроэнергия, газ и другие виды топлива"
2021-12-31,1166.2,rub_per_member_month,RU,decile_8|здравоохранение
2021-12-31,8879.6,rub_per_member_month,RU,decile_8|из них на: домашнее питание (уточнение к: Расходы на потребление - всего)
2021-12-31,34569.9,rub_per_member_month,RU,decile_8|из них: денежный доход (уточнение к: Располагаемые ресурсы - всего)
2021-12-31,428.8,rub_per_member_month,RU,decile_8|из них: поступлений из личного подсобного хозяйства (уточнение к: стоимость натуральных поступлений продуктов питания)
2021-12-31,1345.1,rub_per_member_month,RU,decile_8|информация и коммуникация
2021-12-31,1668.5,rub_per_member_month,RU,"decile_8|личная гигиена, социальная защита, прочие товары и услуги"
2021-12-31,1614.9,rub_per_member_month,RU,"decile_8|мебель, бытовая техника и текущее содержание дома"
2021-12-31,390.3,rub_per_member_month,RU,decile_8|образование
2021-12-31,2048.4,rub_per_member_month,RU,decile_8|одежда и обувь
2021-12-31,1410,rub_per_member_month,RU,"decile_8|организация отдыха, спортивных и культурных мероприятий"
2021-12-31,153.3,rub_per_member_month,RU,decile_8|полученных подарков и других поступлений
2021-12-31,414.9,rub_per_member_month,RU,decile_8|расходы на алкогольные напитки
2021-12-31,8707.6,rub_per_member_month,RU,decile_8|расходы на непродовольственные товары
2021-12-31,6985.7,rub_per_member_month,RU,decile_8|расходы на оплату услуг
2021-12-31,843.2,rub_per_member_month,RU,decile_8|стоимость натуральных поступлений
2021-12-31,582.1,rub_per_member_month,RU,decile_8|стоимость натуральных поступлений продуктов питания
2021-12-31,61.5,rub_per_member_month,RU,"decile_8|стоимость услуг, предоставленных работодателем бесплатно или по льготным ценам"
2021-12-31,679.6,rub_per_member_month,RU,decile_8|сумма привлеченных средств и израсходованных сбережений
2021-12-31,2681.8,rub_per_member_month,RU,decile_8|транспорт
2021-12-31,291,rub_per_member_month,RU,"decile_8|финансовые услуги, услуги страхования"
2021-12-31,31514.2,rub_per_member_month,RU,decile_9|Потребительские расходы - всего
2021-12-31,46982.9,rub_per_member_month,RU,decile_9|Располагаемые ресурсы - всего
2021-12-31,32235.8,rub_per_member_month,RU,decile_9|Расходы на потребление - всего
2021-12-31,11012.5,rub_per_member_month,RU,decile_9|Справочно: из общей суммы расходов на потребление: расходы на питание (уточнение к: Потребительские расходы - всего)
2021-12-31,1138.4,rub_per_member_month,RU,"decile_9|алкогольная продукция, табачные изделия и наркотики"
2021-12-31,9274.3,rub_per_member_month,RU,decile_9|в том числе: денежные расходы (уточнение к: Расходы на потребление - всего)
2021-12-31,1205.9,rub_per_member_month,RU,"decile_9|гостиницы, кафе и рестораны"
2021-12-31,3302,rub_per_member_month,RU,"decile_9|жилищные услуги, вода, электроэнергия, газ и другие виды топлива"
2021-12-31,1679.2,rub_per_member_month,RU,decile_9|здравоохранение
2021-12-31,9984.6,rub_per_member_month,RU,decile_9|из них на: домашнее питание (уточнение к: Расходы на потребление - всего)
2021-12-31,44103,rub_per_member_month,RU,decile_9|из них: денежный доход (уточнение к: Располагаемые ресурсы - всего)
2021-12-31,499.9,rub_per_member_month,RU,decile_9|из них: поступлений из личного подсобного хозяйства (уточнение к: стоимость натуральных поступлений продуктов питания)
2021-12-31,1371.1,rub_per_member_month,RU,decile_9|информация и коммуникация
2021-12-31,2225.4,rub_per_member_month,RU,"decile_9|личная гигиена, социальная защита, прочие товары и услуги"
2021-12-31,1828.3,rub_per_member_month,RU,"decile_9|мебель, бытовая техника и текущее содержание дома"
2021-12-31,737.1,rub_per_member_month,RU,decile_9|образование
2021-12-31,2416.3,rub_per_member_month,RU,decile_9|одежда и обувь
2021-12-31,2030.5,rub_per_member_month,RU,"decile_9|организация отдыха, спортивных и культурных мероприятий"
2021-12-31,210.4,rub_per_member_month,RU,decile_9|полученных подарков и других поступлений
2021-12-31,621.3,rub_per_member_month,RU,decile_9|расходы на алкогольные напитки
2021-12-31,11006.5,rub_per_member_month,RU,decile_9|расходы на непродовольственные товары
2021-12-31,9474.7,rub_per_member_month,RU,decile_9|расходы на оплату услуг
2021-12-31,1118.6,rub_per_member_month,RU,decile_9|стоимость натуральных поступлений
2021-12-31,710.3,rub_per_member_month,RU,decile_9|стоимость натуральных поступлений продуктов питания
2021-12-31,120.8,rub_per_member_month,RU,"decile_9|стоимость услуг, предоставленных работодателем бесплатно или по льготным ценам"
2021-12-31,1761.3,rub_per_member_month,RU,decile_9|сумма привлеченных средств и израсходованных сбережений
2021-12-31,3850.4,rub_per_member_month,RU,decile_9|транспорт
2021-12-31,345.8,rub_per_member_month,RU,"decile_9|финансовые услуги, услуги страхования"
2022-12-31,62653.1,rub_per_member_month,RU,decile_10|Потребительские расходы - всего
2022-12-31,118562,rub_per_member_month,RU,decile_10|Располагаемые ресурсы - всего
2022-12-31,63400.5,rub_per_member_month,RU,decile_10|Расходы на потребление - всего
2022-12-31,15500.9,rub_per_member_month,RU,decile_10|Справочно: из общей суммы расходов на потребление: расходы на питание (уточнение к: Потребительские расходы - всего)
2022-12-31,1754.3,rub_per_member_month,RU,"decile_10|алкогольная продукция, табачные изделия и наркотики"
2022-12-31,12308.1,rub_per_member_month,RU,decile_10|в том числе: денежные расходы (уточнение к: Расходы на потребление - всего)
2022-12-31,2807.2,rub_per_member_month,RU,"decile_10|гостиницы, кафе и рестораны"
2022-12-31,6116.9,rub_per_member_month,RU,"decile_10|жилищные услуги, вода, электроэнергия, газ и другие виды топлива"
2022-12-31,2386.7,rub_per_member_month,RU,decile_10|здравоохранение
2022-12-31,12922.3,rub_per_member_month,RU,decile_10|из них на: домашнее питание (уточнение к: Расходы на потребление - всего)
2022-12-31,97279.4,rub_per_member_month,RU,decile_10|из них: денежный доход (уточнение к: Располагаемые ресурсы - всего)
2022-12-31,364.7,rub_per_member_month,RU,decile_10|из них: поступлений из личного подсобного хозяйства (уточнение к: стоимость натуральных поступлений продуктов питания)
2022-12-31,1910,rub_per_member_month,RU,decile_10|информация и коммуникация
2022-12-31,4432.4,rub_per_member_month,RU,"decile_10|личная гигиена, социальная защита, прочие товары и услуги"
2022-12-31,3541.5,rub_per_member_month,RU,"decile_10|мебель, бытовая техника и текущее содержание дома"
2022-12-31,801,rub_per_member_month,RU,decile_10|образование
2022-12-31,3962.8,rub_per_member_month,RU,decile_10|одежда и обувь
2022-12-31,4306.5,rub_per_member_month,RU,"decile_10|организация отдыха, спортивных и культурных мероприятий"
2022-12-31,249.5,rub_per_member_month,RU,decile_10|полученных подарков и других поступлений
2022-12-31,1105.4,rub_per_member_month,RU,decile_10|расходы на алкогольные напитки
2022-12-31,28340.7,rub_per_member_month,RU,decile_10|расходы на непродовольственные товары
2022-12-31,18221.5,rub_per_member_month,RU,decile_10|расходы на оплату услуг
2022-12-31,1832.1,rub_per_member_month,RU,decile_10|стоимость натуральных поступлений
2022-12-31,614.2,rub_per_member_month,RU,decile_10|стоимость натуральных поступлений продуктов питания
2022-12-31,232,rub_per_member_month,RU,"decile_10|стоимость услуг, предоставленных работодателем бесплатно или по льготным ценам"
2022-12-31,19450.3,rub_per_member_month,RU,decile_10|сумма привлеченных средств и израсходованных сбережений
2022-12-31,17081.2,rub_per_member_month,RU,decile_10|транспорт
2022-12-31,1145.6,rub_per_member_month,RU,"decile_10|финансовые услуги, услуги страхования"
2022-12-31,7377.2,rub_per_member_month,RU,decile_1|Потребительские расходы - всего
2022-12-31,9470.5,rub_per_member_month,RU,decile_1|Располагаемые ресурсы - всего
2022-12-31,7985.4,rub_per_member_month,RU,decile_1|Расходы на потребление - всего
2022-12-31,4176.5,rub_per_member_month,RU,decile_1|Справочно: из общей суммы расходов на потребление: расходы на питание (уточнение к: Потребительские расходы - всего)
2022-12-31,191.8,rub_per_member_month,RU,"decile_1|алкогольная продукция, табачные изделия и наркотики"
2022-12-31,3516,rub_per_member_month,RU,decile_1|в том числе: денежные расходы (уточнение к: Расходы на потребление - всего)
2022-12-31,53.4,rub_per_member_month,RU,"decile_1|гостиницы, кафе и рестораны"
2022-12-31,1037.5,rub_per_member_month,RU,"decile_1|жилищные услуги, вода, электроэнергия, газ и другие виды топлива"
2022-12-31,224,rub_per_member_month,RU,decile_1|здравоохранение
2022-12-31,4126.3,rub_per_member_month,RU,decile_1|из них на: домашнее питание (уточнение к: Расходы на потребление - всего)
2022-12-31,8798.7,rub_per_member_month,RU,decile_1|из них: денежный доход (уточнение к: Располагаемые ресурсы - всего)
2022-12-31,476.9,rub_per_member_month,RU,decile_1|из них: поступлений из личного подсобного хозяйства (уточнение к: стоимость натуральных поступлений продуктов питания)
2022-12-31,424.9,rub_per_member_month,RU,decile_1|информация и коммуникация
2022-12-31,353.4,rub_per_member_month,RU,"decile_1|личная гигиена, социальная защита, прочие товары и услуги"
2022-12-31,250.3,rub_per_member_month,RU,"decile_1|мебель, бытовая техника и текущее содержание дома"
2022-12-31,84.1,rub_per_member_month,RU,decile_1|образование
2022-12-31,600.3,rub_per_member_month,RU,decile_1|одежда и обувь
2022-12-31,150.7,rub_per_member_month,RU,"decile_1|организация отдыха, спортивных и культурных мероприятий"
2022-12-31,133.5,rub_per_member_month,RU,decile_1|полученных подарков и других поступлений
2022-12-31,60,rub_per_member_month,RU,decile_1|расходы на алкогольные напитки
2022-12-31,1965.9,rub_per_member_month,RU,decile_1|расходы на непродовольственные товары
2022-12-31,1780.3,rub_per_member_month,RU,decile_1|расходы на оплату услуг
2022-12-31,644.9,rub_per_member_month,RU,decile_1|стоимость натуральных поступлений
2022-12-31,610.3,rub_per_member_month,RU,decile_1|стоимость натуральных поступлений продуктов питания
2022-12-31,2.6,rub_per_member_month,RU,"decile_1|стоимость услуг, предоставленных работодателем бесплатно или по льготным ценам"
2022-12-31,26.9,rub_per_member_month,RU,decile_1|сумма привлеченных средств и израсходованных сбережений
2022-12-31,452.2,rub_per_member_month,RU,decile_1|транспорт
2022-12-31,33.9,rub_per_member_month,RU,"decile_1|финансовые услуги, услуги страхования"
2022-12-31,10498.6,rub_per_member_month,RU,decile_2|Потребительские расходы - всего
2022-12-31,13636.9,rub_per_member_month,RU,decile_2|Располагаемые ресурсы - всего
2022-12-31,11169.8,rub_per_member_month,RU,decile_2|Расходы на потребление - всего
2022-12-31,5497.1,rub_per_member_month,RU,decile_2|Справочно: из общей суммы расходов на потребление: расходы на питание (уточнение к: Потребительские расходы - всего)
2022-12-31,298.2,rub_per_member_month,RU,"decile_2|алкогольная продукция, табачные изделия и наркотики"
2022-12-31,4723.4,rub_per_member_month,RU,decile_2|в том числе: денежные расходы (уточнение к: Расходы на потребление - всего)
2022-12-31,111.5,rub_per_member_month,RU,"decile_2|гостиницы, кафе и рестораны"
2022-12-31,1411.4,rub_per_member_month,RU,"decile_2|жилищные услуги, вода, электроэнергия, газ и другие виды топлива"
2022-12-31,348.6,rub_per_member_month,RU,decile_2|здравоохранение
2022-12-31,5397.5,rub_per_member_month,RU,decile_2|из них на: домашнее питание (уточнение к: Расходы на потребление - всего)
2022-12-31,12813.2,rub_per_member_month,RU,decile_2|из них: денежный доход (уточнение к: Располагаемые ресурсы - всего)
2022-12-31,524.3,rub_per_member_month,RU,decile_2|из них: поступлений из личного подсобного хозяйства (уточнение к: стоимость натуральных поступлений продуктов питания)
2022-12-31,531.6,rub_per_member_month,RU,decile_2|информация и коммуникация
2022-12-31,555.6,rub_per_member_month,RU,"decile_2|личная гигиена, социальная защита, прочие товары и услуги"
2022-12-31,414.9,rub_per_member_month,RU,"decile_2|мебель, бытовая техника и текущее содержание дома"
2022-12-31,136,rub_per_member_month,RU,decile_2|образование
2022-12-31,866.4,rub_per_member_month,RU,decile_2|одежда и обувь
2022-12-31,250,rub_per_member_month,RU,"decile_2|организация отдыха, спортивных и культурных мероприятий"
2022-12-31,149.8,rub_per_member_month,RU,decile_2|полученных подарков и других поступлений
2022-12-31,110.6,rub_per_member_month,RU,decile_2|расходы на алкогольные напитки
2022-12-31,3000,rub_per_member_month,RU,decile_2|расходы на непродовольственные товары
2022-12-31,2557.2,rub_per_member_month,RU,decile_2|расходы на оплату услуг
2022-12-31,740.1,rub_per_member_month,RU,decile_2|стоимость натуральных поступлений
2022-12-31,674.1,rub_per_member_month,RU,decile_2|стоимость натуральных поступлений продуктов питания
2022-12-31,4.9,rub_per_member_month,RU,"decile_2|стоимость услуг, предоставленных работодателем бесплатно или по льготным ценам"
2022-12-31,83.5,rub_per_member_month,RU,decile_2|сумма привлеченных средств и израсходованных сбережений
2022-12-31,770.8,rub_per_member_month,RU,decile_2|транспорт
2022-12-31,72.5,rub_per_member_month,RU,"decile_2|финансовые услуги, услуги страхования"
2022-12-31,12768.5,rub_per_member_month,RU,decile_3|Потребительские расходы - всего
2022-12-31,16678.9,rub_per_member_month,RU,decile_3|Располагаемые ресурсы - всего
2022-12-31,13444.1,rub_per_member_month,RU,decile_3|Расходы на потребление - всего
2022-12-31,6475.6,rub_per_member_month,RU,decile_3|Справочно: из общей суммы расходов на потребление: расходы на питание (уточнение к: Потребительские расходы - всего)
2022-12-31,376.9,rub_per_member_month,RU,"decile_3|алкогольная продукция, табачные изделия и наркотики"
2022-12-31,5638.9,rub_per_member_month,RU,decile_3|в том числе: денежные расходы (уточнение к: Расходы на потребление - всего)
2022-12-31,168.6,rub_per_member_month,RU,"decile_3|гостиницы, кафе и рестораны"
2022-12-31,1649.5,rub_per_member_month,RU,"decile_3|жилищные услуги, вода, электроэнергия, газ и другие виды топлива"
2022-12-31,449.5,rub_per_member_month,RU,decile_3|здравоохранение
2022-12-31,6330.2,rub_per_member_month,RU,decile_3|из них на: домашнее питание (уточнение к: Расходы на потребление - всего)
2022-12-31,15788.9,rub_per_member_month,RU,decile_3|из них: денежный доход (уточнение к: Располагаемые ресурсы - всего)
2022-12-31,531.2,rub_per_member_month,RU,decile_3|из них: поступлений из личного подсобного хозяйства (уточнение к: стоимость натуральных поступлений продуктов питания)
2022-12-31,609.3,rub_per_member_month,RU,decile_3|информация и коммуникация
2022-12-31,682.5,rub_per_member_month,RU,"decile_3|личная гигиена, социальная защита, прочие товары и услуги"
2022-12-31,490.5,rub_per_member_month,RU,"decile_3|мебель, бытовая техника и текущее содержание дома"
2022-12-31,163.9,rub_per_member_month,RU,decile_3|образование
2022-12-31,1010.1,rub_per_member_month,RU,decile_3|одежда и обувь
2022-12-31,334.7,rub_per_member_month,RU,"decile_3|организация отдыха, спортивных и культурных мероприятий"
2022-12-31,160.2,rub_per_member_month,RU,decile_3|полученных подарков и других поступлений
2022-12-31,150.5,rub_per_member_month,RU,decile_3|расходы на алкогольные напитки
2022-12-31,3710.2,rub_per_member_month,RU,decile_3|расходы на непродовольственные товары
2022-12-31,3097.9,rub_per_member_month,RU,decile_3|расходы на оплату услуг
2022-12-31,777.2,rub_per_member_month,RU,decile_3|стоимость натуральных поступлений
2022-12-31,691.3,rub_per_member_month,RU,decile_3|стоимость натуральных поступлений продуктов питания
2022-12-31,9.8,rub_per_member_month,RU,"decile_3|стоимость услуг, предоставленных работодателем бесплатно или по льготным ценам"
2022-12-31,112.9,rub_per_member_month,RU,decile_3|сумма привлеченных средств и израсходованных сбережений
2022-12-31,1059.9,rub_per_member_month,RU,decile_3|транспорт
2022-12-31,108.6,rub_per_member_month,RU,"decile_3|финансовые услуги, услуги страхования"
2022-12-31,14801.5,rub_per_member_month,RU,decile_4|Потребительские расходы - всего
2022-12-31,19584.2,rub_per_member_month,RU,decile_4|Располагаемые ресурсы - всего
2022-12-31,15521.9,rub_per_member_month,RU,decile_4|Расходы на потребление - всего
2022-12-31,7221.7,rub_per_member_month,RU,decile_4|Справочно: из общей суммы расходов на потребление: расходы на питание (уточнение к: Потребительские расходы - всего)
2022-12-31,449.9,rub_per_member_month,RU,"decile_4|алкогольная продукция, табачные изделия и наркотики"
2022-12-31,6305.1,rub_per_member_month,RU,decile_4|в том числе: денежные расходы (уточнение к: Расходы на потребление - всего)
2022-12-31,211.2,rub_per_member_month,RU,"decile_4|гостиницы, кафе и рестораны"
2022-12-31,1812.5,rub_per_member_month,RU,"decile_4|жилищные услуги, вода, электроэнергия, газ и другие виды топлива"
2022-12-31,589.3,rub_per_member_month,RU,decile_4|здравоохранение
2022-12-31,7036.8,rub_per_member_month,RU,decile_4|из них на: домашнее питание (уточнение к: Расходы на потребление - всего)
2022-12-31,18571.6,rub_per_member_month,RU,decile_4|из них: денежный доход (уточнение к: Располагаемые ресурсы - всего)
2022-12-31,568.8,rub_per_member_month,RU,decile_4|из них: поступлений из личного подсобного хозяйства (уточнение к: стоимость натуральных поступлений продуктов питания)
2022-12-31,682.8,rub_per_member_month,RU,decile_4|информация и коммуникация
2022-12-31,808.5,rub_per_member_month,RU,"decile_4|личная гигиена, социальная защита, прочие товары и услуги"
2022-12-31,642.9,rub_per_member_month,RU,"decile_4|мебель, бытовая техника и текущее содержание дома"
2022-12-31,203.2,rub_per_member_month,RU,decile_4|образование
2022-12-31,1180.5,rub_per_member_month,RU,decile_4|одежда и обувь
2022-12-31,483.1,rub_per_member_month,RU,"decile_4|организация отдыха, спортивных и культурных мероприятий"
2022-12-31,163,rub_per_member_month,RU,decile_4|полученных подарков и других поступлений
2022-12-31,195.5,rub_per_member_month,RU,decile_4|расходы на алкогольные напитки
2022-12-31,4436.9,rub_per_member_month,RU,decile_4|расходы на непродовольственные товары
2022-12-31,3652.6,rub_per_member_month,RU,decile_4|расходы на оплату услуг
2022-12-31,846.1,rub_per_member_month,RU,decile_4|стоимость натуральных поступлений
2022-12-31,731.8,rub_per_member_month,RU,decile_4|стоимость натуральных поступлений продуктов питания
2022-12-31,15.1,rub_per_member_month,RU,"decile_4|стоимость услуг, предоставленных работодателем бесплатно или по льготным ценам"
2022-12-31,166.4,rub_per_member_month,RU,decile_4|сумма привлеченных средств и израсходованных сбережений
2022-12-31,1262.2,rub_per_member_month,RU,decile_4|транспорт
2022-12-31,143.8,rub_per_member_month,RU,"decile_4|финансовые услуги, услуги страхования"
2022-12-31,17066.4,rub_per_member_month,RU,decile_5|Потребительские расходы - всего
2022-12-31,22963,rub_per_member_month,RU,decile_5|Располагаемые ресурсы - всего
2022-12-31,17877.8,rub_per_member_month,RU,decile_5|Расходы на потребление - всего
2022-12-31,7876.3,rub_per_member_month,RU,decile_5|Справочно: из общей суммы расходов на потребление: расходы на питание (уточнение к: Потребительские расходы - всего)
2022-12-31,494,rub_per_member_month,RU,"decile_5|алкогольная продукция, табачные изделия и наркотики"
2022-12-31,6836.5,rub_per_member_month,RU,decile_5|в том числе: денежные расходы (уточнение к: Расходы на потребление - всего)
2022-12-31,317.2,rub_per_member_month,RU,"decile_5|гостиницы, кафе и рестораны"
2022-12-31,2073.8,rub_per_member_month,RU,"decile_5|жилищные услуги, вода, электроэнергия, газ и другие виды топлива"
2022-12-31,661.1,rub_per_member_month,RU,decile_5|здравоохранение
2022-12-31,7621.4,rub_per_member_month,RU,decile_5|из них на: домашнее питание (уточнение к: Расходы на потребление - всего)
2022-12-31,21775.6,rub_per_member_month,RU,decile_5|из них: денежный доход (уточнение к: Располагаемые ресурсы - всего)
2022-12-31,605.8,rub_per_member_month,RU,decile_5|из них: поступлений из личного подсобного хозяйства (уточнение к: стоимость натуральных поступлений продуктов питания)
2022-12-31,829,rub_per_member_month,RU,decile_5|информация и коммуникация
2022-12-31,1004.8,rub_per_member_month,RU,"decile_5|личная гигиена, социальная защита, прочие товары и услуги"
2022-12-31,864.6,rub_per_member_month,RU,"decile_5|мебель, бытовая техника и текущее содержание дома"
2022-12-31,301.3,rub_per_member_month,RU,decile_5|образование
2022-12-31,1364.3,rub_per_member_month,RU,decile_5|одежда и обувь
2022-12-31,567.3,rub_per_member_month,RU,"decile_5|организация отдыха, спортивных и культурных мероприятий"
2022-12-31,179.1,rub_per_member_month,RU,decile_5|полученных подарков и других поступлений
2022-12-31,234.4,rub_per_member_month,RU,decile_5|расходы на алкогольные напитки
2022-12-31,5390.4,rub_per_member_month,RU,decile_5|расходы на непродовольственные товары
2022-12-31,4353,rub_per_member_month,RU,decile_5|расходы на оплату услуг
2022-12-31,946.4,rub_per_member_month,RU,decile_5|стоимость натуральных поступлений
2022-12-31,784.9,rub_per_member_month,RU,decile_5|стоимость натуральных поступлений продуктов питания
2022-12-31,23.7,rub_per_member_month,RU,"decile_5|стоимость услуг, предоставленных работодателем бесплатно или по льготным ценам"
2022-12-31,240.9,rub_per_member_month,RU,decile_5|сумма привлеченных средств и израсходованных сбережений
2022-12-31,1571,rub_per_member_month,RU,decile_5|транспорт
2022-12-31,184.4,rub_per_member_month,RU,"decile_5|финансовые услуги, услуги страхования"
2022-12-31,19839.6,rub_per_member_month,RU,decile_6|Потребительские расходы - всего
2022-12-31,26969.8,rub_per_member_month,RU,decile_6|Располагаемые ресурсы - всего
2022-12-31,20602.2,rub_per_member_month,RU,decile_6|Расходы на потребление - всего
2022-12-31,8771.7,rub_per_member_month,RU,decile_6|Справочно: из общей суммы расходов на потребление: расходы на питание (уточнение к: Потребительские расходы - всего)
2022-12-31,588.2,rub_per_member_month,RU,"decile_6|алкогольная продукция, табачные изделия и наркотики"
2022-12-31,7559.4,rub_per_member_month,RU,decile_6|в том числе: денежные расходы (уточнение к: Расходы на потребление - всего)
2022-12-31,492,rub_per_member_month,RU,"decile_6|гостиницы, кафе и рестораны"
2022-12-31,2285.7,rub_per_member_month,RU,"decile_6|жилищные услуги, вода, электроэнергия, газ и другие виды топлива"
2022-12-31,805,rub_per_member_month,RU,decile_6|здравоохранение
2022-12-31,8322,rub_per_member_month,RU,decile_6|из них на: домашнее питание (уточнение к: Расходы на потребление - всего)
2022-12-31,25693.7,rub_per_member_month,RU,decile_6|из них: денежный доход (уточнение к: Располагаемые ресурсы - всего)
2022-12-31,578.5,rub_per_member_month,RU,decile_6|из них: поступлений из личного подсобного хозяйства (уточнение к: стоимость натуральных поступлений продуктов питания)
2022-12-31,957.6,rub_per_member_month,RU,decile_6|информация и коммуникация
2022-12-31,1204.5,rub_per_member_month,RU,"decile_6|личная гигиена, социальная защита, прочие товары и услуги"
2022-12-31,1018.2,rub_per_member_month,RU,"decile_6|мебель, бытовая техника и текущее содержание дома"
2022-12-31,393.3,rub_per_member_month,RU,decile_6|образование
2022-12-31,1617.1,rub_per_member_month,RU,decile_6|одежда и обувь
2022-12-31,744.7,rub_per_member_month,RU,"decile_6|организация отдыха, спортивных и культурных мероприятий"
2022-12-31,184.2,rub_per_member_month,RU,decile_6|полученных подарков и других поступлений
2022-12-31,289.7,rub_per_member_month,RU,decile_6|расходы на алкогольные напитки
2022-12-31,6392.3,rub_per_member_month,RU,decile_6|расходы на непродовольственные товары
2022-12-31,5110.5,rub_per_member_month,RU,decile_6|расходы на оплату услуг
2022-12-31,943.5,rub_per_member_month,RU,decile_6|стоимость натуральных поступлений
2022-12-31,762.6,rub_per_member_month,RU,decile_6|стоимость натуральных поступлений продуктов питания
2022-12-31,38,rub_per_member_month,RU,"decile_6|стоимость услуг, предоставленных работодателем бесплатно или по льготным ценам"
2022-12-31,332.5,rub_per_member_month,RU,decile_6|сумма привлеченных средств и израсходованных сбережений
2022-12-31,1918.9,rub_per_member_month,RU,decile_6|транспорт
2022-12-31,217,rub_per_member_month,RU,"decile_6|финансовые услуги, услуги страхования"
2022-12-31,23092.1,rub_per_member_month,RU,decile_7|Потребительские расходы - всего
2022-12-31,32046.1,rub_per_member_month,RU,decile_7|Располагаемые ресурсы - всего
2022-12-31,23828.6,rub_per_member_month,RU,decile_7|Расходы на потребление - всего
2022-12-31,9611.8,rub_per_member_month,RU,decile_7|Справочно: из общей суммы расходов на потребление: расходы на питание (уточнение к: Потребительские расходы - всего)
2022-12-31,699.4,rub_per_member_month,RU,"decile_7|алкогольная продукция, табачные изделия и наркотики"
2022-12-31,8388.2,rub_per_member_month,RU,decile_7|в том числе: денежные расходы (уточнение к: Расходы на потребление - всего)
2022-12-31,599.9,rub_per_member_month,RU,"decile_7|гостиницы, кафе и рестораны"
2022-12-31,2459.6,rub_per_member_month,RU,"decile_7|жилищные услуги, вода, электроэнергия, газ и другие виды топлива"
2022-12-31,972.2,rub_per_member_month,RU,decile_7|здравоохранение
2022-12-31,9106.1,rub_per_member_month,RU,decile_7|из них на: домашнее питание (уточнение к: Расходы на потребление - всего)
2022-12-31,30574.8,rub_per_member_month,RU,decile_7|из них: денежный доход (уточнение к: Располагаемые ресурсы - всего)
2022-12-31,523.5,rub_per_member_month,RU,decile_7|из них: поступлений из личного подсобного хозяйства (уточнение к: стоимость натуральных поступлений продуктов питания)
2022-12-31,1140.1,rub_per_member_month,RU,decile_7|информация и коммуникация
2022-12-31,1549,rub_per_member_month,RU,"decile_7|личная гигиена, социальная защита, прочие товары и услуги"
2022-12-31,1277,rub_per_member_month,RU,"decile_7|мебель, бытовая техника и текущее содержание дома"
2022-12-31,332.2,rub_per_member_month,RU,decile_7|образование
2022-12-31,1931.2,rub_per_member_month,RU,decile_7|одежда и обувь
2022-12-31,1169.5,rub_per_member_month,RU,"decile_7|организация отдыха, спортивных и культурных мероприятий"
2022-12-31,194.4,rub_per_member_month,RU,decile_7|полученных подарков и других поступлений
2022-12-31,361.2,rub_per_member_month,RU,decile_7|расходы на алкогольные напитки
2022-12-31,7662,rub_per_member_month,RU,decile_7|расходы на непродовольственные товары
2022-12-31,6140.9,rub_per_member_month,RU,decile_7|расходы на оплату услуг
2022-12-31,955.9,rub_per_member_month,RU,decile_7|стоимость натуральных поступлений
2022-12-31,717.9,rub_per_member_month,RU,decile_7|стоимость натуральных поступлений продуктов питания
2022-12-31,52.6,rub_per_member_month,RU,"decile_7|стоимость услуг, предоставленных работодателем бесплатно или по льготным ценам"
2022-12-31,515.4,rub_per_member_month,RU,decile_7|сумма привлеченных средств и израсходованных сбережений
2022-12-31,2234.5,rub_per_member_month,RU,decile_7|транспорт
2022-12-31,305.3,rub_per_member_month,RU,"decile_7|финансовые услуги, услуги страхования"
2022-12-31,27203.8,rub_per_member_month,RU,decile_8|Потребительские расходы - всего
2022-12-31,39310.3,rub_per_member_month,RU,decile_8|Располагаемые ресурсы - всего
2022-12-31,27942.9,rub_per_member_month,RU,decile_8|Расходы на потребление - всего
2022-12-31,10683.7,rub_per_member_month,RU,decile_8|Справочно: из общей суммы расходов на потребление: расходы на питание (уточнение к: Потребительские расходы - всего)
2022-12-31,939.2,rub_per_member_month,RU,"decile_8|алкогольная продукция, табачные изделия и наркотики"
2022-12-31,9153.5,rub_per_member_month,RU,decile_8|в том числе: денежные расходы (уточнение к: Расходы на потребление - всего)
2022-12-31,902.6,rub_per_member_month,RU,"decile_8|гостиницы, кафе и рестораны"
2022-12-31,2852.2,rub_per_member_month,RU,"decile_8|жилищные услуги, вода, электроэнергия, газ и другие виды топлива"
2022-12-31,1185.9,rub_per_member_month,RU,decile_8|здравоохранение
2022-12-31,9940,rub_per_member_month,RU,decile_8|из них на: домашнее питание (уточнение к: Расходы на потребление - всего)
2022-12-31,37313.9,rub_per_member_month,RU,decile_8|из них: денежный доход (уточнение к: Располагаемые ресурсы - всего)
2022-12-31,570.6,rub_per_member_month,RU,decile_8|из них: поступлений из личного подсобного хозяйства (уточнение к: стоимость натуральных поступлений продуктов питания)
2022-12-31,1367.3,rub_per_member_month,RU,decile_8|информация и коммуникация
2022-12-31,1837.8,rub_per_member_month,RU,"decile_8|личная гигиена, социальная защита, прочие товары и услуги"
2022-12-31,1614.8,rub_per_member_month,RU,"decile_8|мебель, бытовая техника и текущее содержание дома"
2022-12-31,422.3,rub_per_member_month,RU,decile_8|образование
2022-12-31,2187.4,rub_per_member_month,RU,decile_8|одежда и обувь
2022-12-31,1308,rub_per_member_month,RU,"decile_8|организация отдыха, спортивных и культурных мероприятий"
2022-12-31,215.8,rub_per_member_month,RU,decile_8|полученных подарков и других поступлений
2022-12-31,495,rub_per_member_month,RU,decile_8|расходы на алкогольные напитки
2022-12-31,9388.6,rub_per_member_month,RU,decile_8|расходы на непродовольственные товары
2022-12-31,7303.3,rub_per_member_month,RU,decile_8|расходы на оплату услуг
2022-12-31,1103.6,rub_per_member_month,RU,decile_8|стоимость натуральных поступлений
2022-12-31,786.4,rub_per_member_month,RU,decile_8|стоимость натуральных поступлений продуктов питания
2022-12-31,72.4,rub_per_member_month,RU,"decile_8|стоимость услуг, предоставленных работодателем бесплатно или по льготным ценам"
2022-12-31,892.8,rub_per_member_month,RU,decile_8|сумма привлеченных средств и израсходованных сбережений
2022-12-31,2922.3,rub_per_member_month,RU,decile_8|транспорт
2022-12-31,390.8,rub_per_member_month,RU,"decile_8|финансовые услуги, услуги страхования"
2022-12-31,35390.3,rub_per_member_month,RU,decile_9|Потребительские расходы - всего
2022-12-31,51456.5,rub_per_member_month,RU,decile_9|Располагаемые ресурсы - всего
2022-12-31,36121.1,rub_per_member_month,RU,decile_9|Расходы на потребление - всего
2022-12-31,12714.1,rub_per_member_month,RU,decile_9|Справочно: из общей суммы расходов на потребление: расходы на питание (уточнение к: Потребительские расходы - всего)
2022-12-31,1393.2,rub_per_member_month,RU,"decile_9|алкогольная продукция, табачные изделия и наркотики"
2022-12-31,10586.3,rub_per_member_month,RU,decile_9|в том числе: денежные расходы (уточнение к: Расходы на потребление - всего)
2022-12-31,1567.6,rub_per_member_month,RU,"decile_9|гостиницы, кафе и рестораны"
2022-12-31,3519.9,rub_per_member_month,RU,"decile_9|жилищные услуги, вода, электроэнергия, газ и другие виды топлива"
2022-12-31,1524.6,rub_per_member_month,RU,decile_9|здравоохранение
2022-12-31,11340.6,rub_per_member_month,RU,decile_9|из них на: домашнее питание (уточнение к: Расходы на потребление - всего)
2022-12-31,48533.3,rub_per_member_month,RU,decile_9|из них: денежный доход (уточнение к: Располагаемые ресурсы - всего)
2022-12-31,504.3,rub_per_member_month,RU,decile_9|из них: поступлений из личного подсобного хозяйства (уточнение к: стоимость натуральных поступлений продуктов питания)
2022-12-31,1489.6,rub_per_member_month,RU,decile_9|информация и коммуникация
2022-12-31,2795.4,rub_per_member_month,RU,"decile_9|личная гигиена, социальная защита, прочие товары и услуги"
2022-12-31,2309.4,rub_per_member_month,RU,"decile_9|мебель, бытовая техника и текущее содержание дома"
2022-12-31,667.3,rub_per_member_month,RU,decile_9|образование
2022-12-31,2588.7,rub_per_member_month,RU,decile_9|одежда и обувь
2022-12-31,2230.1,rub_per_member_month,RU,"decile_9|организация отдыха, спортивных и культурных мероприятий"
2022-12-31,250,rub_per_member_month,RU,decile_9|полученных подарков и других поступлений
2022-12-31,788,rub_per_member_month,RU,decile_9|расходы на алкогольные напитки
2022-12-31,12041.6,rub_per_member_month,RU,decile_9|расходы на непродовольственные товары
2022-12-31,10446.8,rub_per_member_month,RU,decile_9|расходы на оплату услуг
2022-12-31,1220.3,rub_per_member_month,RU,decile_9|стоимость натуральных поступлений
2022-12-31,754.2,rub_per_member_month,RU,decile_9|стоимость натуральных поступлений продуктов питания
2022-12-31,130.6,rub_per_member_month,RU,"decile_9|стоимость услуг, предоставленных работодателем бесплатно или по льготным ценам"
2022-12-31,1702.9,rub_per_member_month,RU,decile_9|сумма привлеченных средств и израсходованных сбережений
2022-12-31,4044.9,rub_per_member_month,RU,decile_9|транспорт
2022-12-31,519.3,rub_per_member_month,RU,"decile_9|финансовые услуги, услуги страхования"
2023-12-31,73229.1,rub_per_member_month,RU,decile_10|Потребительские расходы - всего
2023-12-31,132592,rub_per_member_month,RU,decile_10|Располагаемые ресурсы - всего
2023-12-31,74806.1,rub_per_member_month,RU,decile_10|Расходы на потребление - всего
2023-12-31,16261.5,rub_per_member_month,RU,decile_10|Справочно: из общей суммы расходов на потребление: расходы на питание (уточнение к: Потребительские расходы - всего)
2023-12-31,1328.3,rub_per_member_month,RU,decile_10|алкогольная продукция и табачные изделия
2023-12-31,1328.3,rub_per_member_month,RU,"decile_10|алкогольная продукция, табачные изделия и наркотики"
2023-12-31,12883.4,rub_per_member_month,RU,decile_10|в том числе: денежные расходы (уточнение к: Расходы на потребление - всего)
2023-12-31,3231.4,rub_per_member_month,RU,"decile_10|гостиницы, кафе и рестораны"
2023-12-31,5853.4,rub_per_member_month,RU,"decile_10|жилищные услуги, вода, электроэнергия, газ и другие виды топлива"
2023-12-31,2859.2,rub_per_member_month,RU,decile_10|здравоохранение
2023-12-31,13773.9,rub_per_member_month,RU,decile_10|из них на: домашнее питание (уточнение к: Расходы на потребление - всего)
2023-12-31,106615,rub_per_member_month,RU,decile_10|из них: денежный доход (уточнение к: Располагаемые ресурсы - всего)
2023-12-31,511.7,rub_per_member_month,RU,decile_10|из них: поступлений из личного подсобного хозяйства (уточнение к: стоимость натуральных поступлений продуктов питания)
2023-12-31,2154.8,rub_per_member_month,RU,decile_10|информация и коммуникация
2023-12-31,6312.7,rub_per_member_month,RU,"decile_10|личная гигиена, социальная защита, прочие товары и услуги"
2023-12-31,4273.1,rub_per_member_month,RU,"decile_10|мебель, бытовая техника и текущее содержание дома"
2023-12-31,1302.3,rub_per_member_month,RU,decile_10|образование
2023-12-31,4630.6,rub_per_member_month,RU,decile_10|одежда и обувь
2023-12-31,5187.5,rub_per_member_month,RU,"decile_10|организация отдыха, спортивных и культурных мероприятий"
2023-12-31,378.8,rub_per_member_month,RU,decile_10|полученных подарков и других поступлений
2023-12-31,979.4,rub_per_member_month,RU,decile_10|расходы на алкогольные напитки
2023-12-31,35507.8,rub_per_member_month,RU,decile_10|расходы на непродовольственные товары
2023-12-31,21829.7,rub_per_member_month,RU,decile_10|расходы на оплату услуг
2023-12-31,2770.2,rub_per_member_month,RU,decile_10|стоимость натуральных поступлений
2023-12-31,890.5,rub_per_member_month,RU,decile_10|стоимость натуральных поступлений продуктов питания
2023-12-31,227.7,rub_per_member_month,RU,"decile_10|стоимость услуг, предоставленных работодателем бесплатно или по льготным ценам"
2023-12-31,23206.1,rub_per_member_month,RU,decile_10|сумма привлеченных средств и израсходованных сбережений
2023-12-31,22786.8,rub_per_member_month,RU,decile_10|транспорт
2023-12-31,884.4,rub_per_member_month,RU,"decile_10|финансовые услуги, услуги страхования"
2023-12-31,8187.1,rub_per_member_month,RU,decile_1|Потребительские расходы - всего
2023-12-31,10462.8,rub_per_member_month,RU,decile_1|Располагаемые ресурсы - всего
2023-12-31,8759,rub_per_member_month,RU,decile_1|Расходы на потребление - всего
2023-12-31,4529.9,rub_per_member_month,RU,decile_1|Справочно: из общей суммы расходов на потребление: расходы на питание (уточнение к: Потребительские расходы - всего)
2023-12-31,192.1,rub_per_member_month,RU,decile_1|алкогольная продукция и табачные изделия
2023-12-31,192.1,rub_per_member_month,RU,"decile_1|алкогольная продукция, табачные изделия и наркотики"
2023-12-31,3889.3,rub_per_member_month,RU,decile_1|в том числе: денежные расходы (уточнение к: Расходы на потребление - всего)
2023-12-31,67.2,rub_per_member_month,RU,"decile_1|гостиницы, кафе и рестораны"
2023-12-31,1135.5,rub_per_member_month,RU,"decile_1|жилищные услуги, вода, электроэнергия, газ и другие виды топлива"
2023-12-31,237.6,rub_per_member_month,RU,decile_1|здравоохранение
2023-12-31,4466,rub_per_member_month,RU,decile_1|из них на: домашнее питание (уточнение к: Расходы на потребление - всего)
2023-12-31,9820.5,rub_per_member_month,RU,decile_1|из них: денежный доход (уточнение к: Располагаемые ресурсы - всего)
2023-12-31,456.1,rub_per_member_month,RU,decile_1|из них: поступлений из личного подсобного хозяйства (уточнение к: стоимость натуральных поступлений продуктов питания)
2023-12-31,464.6,rub_per_member_month,RU,decile_1|информация и коммуникация
2023-12-31,407.4,rub_per_member_month,RU,"decile_1|личная гигиена, социальная защита, прочие товары и услуги"
2023-12-31,288.5,rub_per_member_month,RU,"decile_1|мебель, бытовая техника и текущее содержание дома"
2023-12-31,90.6,rub_per_member_month,RU,decile_1|образование
2023-12-31,662.1,rub_per_member_month,RU,decile_1|одежда и обувь
2023-12-31,170.3,rub_per_member_month,RU,"decile_1|организация отдыха, спортивных и культурных мероприятий"
2023-12-31,120.6,rub_per_member_month,RU,decile_1|полученных подарков и других поступлений
2023-12-31,64.5,rub_per_member_month,RU,decile_1|расходы на алкогольные напитки
2023-12-31,2181.5,rub_per_member_month,RU,decile_1|расходы на непродовольственные товары
2023-12-31,1981.7,rub_per_member_month,RU,decile_1|расходы на оплату услуг
2023-12-31,613.5,rub_per_member_month,RU,decile_1|стоимость натуральных поступлений
2023-12-31,576.7,rub_per_member_month,RU,decile_1|стоимость натуральных поступлений продуктов питания
2023-12-31,1.3,rub_per_member_month,RU,"decile_1|стоимость услуг, предоставленных работодателем бесплатно или по льготным ценам"
2023-12-31,28.8,rub_per_member_month,RU,decile_1|сумма привлеченных средств и израсходованных сбережений
2023-12-31,537.2,rub_per_member_month,RU,decile_1|транспорт
2023-12-31,38.3,rub_per_member_month,RU,"decile_1|финансовые услуги, услуги страхования"
2023-12-31,11739.5,rub_per_member_month,RU,decile_2|Потребительские расходы - всего
2023-12-31,15243.9,rub_per_member_month,RU,decile_2|Располагаемые ресурсы - всего
2023-12-31,12472,rub_per_member_month,RU,decile_2|Расходы на потребление - всего
2023-12-31,6126.7,rub_per_member_month,RU,decile_2|Справочно: из общей суммы расходов на потребление: расходы на питание (уточнение к: Потребительские расходы - всего)
2023-12-31,301.9,rub_per_member_month,RU,decile_2|алкогольная продукция и табачные изделия
2023-12-31,301.9,rub_per_member_month,RU,"decile_2|алкогольная продукция, табачные изделия и наркотики"
2023-12-31,5274.8,rub_per_member_month,RU,decile_2|в том числе: денежные расходы (уточнение к: Расходы на потребление - всего)
2023-12-31,135.4,rub_per_member_month,RU,"decile_2|гостиницы, кафе и рестораны"
2023-12-31,1527.5,rub_per_member_month,RU,"decile_2|жилищные услуги, вода, электроэнергия, газ и другие виды топлива"
2023-12-31,386.8,rub_per_member_month,RU,decile_2|здравоохранение
2023-12-31,5997.8,rub_per_member_month,RU,decile_2|из них на: домашнее питание (уточнение к: Расходы на потребление - всего)
2023-12-31,14366.7,rub_per_member_month,RU,decile_2|из них: денежный доход (уточнение к: Располагаемые ресурсы - всего)
2023-12-31,566,rub_per_member_month,RU,decile_2|из них: поступлений из личного подсобного хозяйства (уточнение к: стоимость натуральных поступлений продуктов питания)
2023-12-31,601.5,rub_per_member_month,RU,decile_2|информация и коммуникация
2023-12-31,651.3,rub_per_member_month,RU,"decile_2|личная гигиена, социальная защита, прочие товары и услуги"
2023-12-31,456.2,rub_per_member_month,RU,"decile_2|мебель, бытовая техника и текущее содержание дома"
2023-12-31,153.5,rub_per_member_month,RU,decile_2|образование
2023-12-31,973.7,rub_per_member_month,RU,decile_2|одежда и обувь
2023-12-31,293.3,rub_per_member_month,RU,"decile_2|организация отдыха, спортивных и культурных мероприятий"
2023-12-31,157,rub_per_member_month,RU,decile_2|полученных подарков и других поступлений
2023-12-31,121.9,rub_per_member_month,RU,decile_2|расходы на алкогольные напитки
2023-12-31,3359.3,rub_per_member_month,RU,decile_2|расходы на непродовольственные товары
2023-12-31,2859.7,rub_per_member_month,RU,decile_2|расходы на оплату услуг
2023-12-31,802.2,rub_per_member_month,RU,decile_2|стоимость натуральных поступлений
2023-12-31,723,rub_per_member_month,RU,decile_2|стоимость натуральных поступлений продуктов питания
2023-12-31,4.3,rub_per_member_month,RU,"decile_2|стоимость услуг, предоставленных работодателем бесплатно или по льготным ценам"
2023-12-31,75.1,rub_per_member_month,RU,decile_2|сумма привлеченных средств и израсходованных сбережений
2023-12-31,906.8,rub_per_member_month,RU,decile_2|транспорт
2023-12-31,82,rub_per_member_month,RU,"decile_2|финансовые услуги, услуги страхования"
2023-12-31,14234.8,rub_per_member_month,RU,decile_3|Потребительские расходы - всего
2023-12-31,18602.9,rub_per_member_month,RU,decile_3|Располагаемые ресурсы - всего
2023-12-31,15012.8,rub_per_member_month,RU,decile_3|Расходы на потребление - всего
2023-12-31,7161.9,rub_per_member_month,RU,decile_3|Справочно: из общей суммы расходов на потребление: расходы на питание (уточнение к: Потребительские расходы - всего)
2023-12-31,374.5,rub_per_member_month,RU,decile_3|алкогольная продукция и табачные изделия
2023-12-31,374.5,rub_per_member_month,RU,"decile_3|алкогольная продукция, табачные изделия и наркотики"
2023-12-31,6210,rub_per_member_month,RU,decile_3|в том числе: денежные расходы (уточнение к: Расходы на потребление - всего)
2023-12-31,190.6,rub_per_member_month,RU,"decile_3|гостиницы, кафе и рестораны"
2023-12-31,1790.4,rub_per_member_month,RU,"decile_3|жилищные услуги, вода, электроэнергия, газ и другие виды топлива"
2023-12-31,502,rub_per_member_month,RU,decile_3|здравоохранение
2023-12-31,6990,rub_per_member_month,RU,decile_3|из них на: домашнее питание (уточнение к: Расходы на потребление - всего)
2023-12-31,17607.8,rub_per_member_month,RU,decile_3|из них: денежный доход (уточнение к: Располагаемые ресурсы - всего)
2023-12-31,598.6,rub_per_member_month,RU,decile_3|из них: поступлений из личного подсобного хозяйства (уточнение к: стоимость натуральных поступлений продуктов питания)
2023-12-31,680.7,rub_per_member_month,RU,decile_3|информация и коммуникация
2023-12-31,829.5,rub_per_member_month,RU,"decile_3|личная гигиена, социальная защита, прочие товары и услуги"
2023-12-31,631.5,rub_per_member_month,RU,"decile_3|мебель, бытовая техника и текущее содержание дома"
2023-12-31,201.5,rub_per_member_month,RU,decile_3|образование
2023-12-31,1181.4,rub_per_member_month,RU,decile_3|одежда и обувь
2023-12-31,389.1,rub_per_member_month,RU,"decile_3|организация отдыха, спортивных и культурных мероприятий"
2023-12-31,181.4,rub_per_member_month,RU,decile_3|полученных подарков и других поступлений
2023-12-31,168,rub_per_member_month,RU,decile_3|расходы на алкогольные напитки
2023-12-31,4191.4,rub_per_member_month,RU,decile_3|расходы на непродовольственные товары
2023-12-31,3485.8,rub_per_member_month,RU,decile_3|расходы на оплату услуг
2023-12-31,882.5,rub_per_member_month,RU,decile_3|стоимость натуральных поступлений
2023-12-31,780,rub_per_member_month,RU,decile_3|стоимость натуральных поступлений продуктов питания
2023-12-31,5.8,rub_per_member_month,RU,"decile_3|стоимость услуг, предоставленных работодателем бесплатно или по льготным ценам"
2023-12-31,112.6,rub_per_member_month,RU,decile_3|сумма привлеченных средств и израсходованных сбережений
2023-12-31,1137.2,rub_per_member_month,RU,decile_3|транспорт
2023-12-31,108.5,rub_per_member_month,RU,"decile_3|финансовые услуги, услуги страхования"
2023-12-31,16365.8,rub_per_member_month,RU,decile_4|Потребительские расходы - всего
2023-12-31,21823.8,rub_per_member_month,RU,decile_4|Располагаемые ресурсы - всего
2023-12-31,17159.4,rub_per_member_month,RU,decile_4|Расходы на потребление - всего
2023-12-31,7855,rub_per_member_month,RU,decile_4|Справочно: из общей суммы расходов на потребление: расходы на питание (уточнение к: Потребительские расходы - всего)
2023-12-31,440.1,rub_per_member_month,RU,decile_4|алкогольная продукция и табачные изделия
2023-12-31,440.1,rub_per_member_month,RU,"decile_4|алкогольная продукция, табачные изделия и наркотики"
2023-12-31,6801.1,rub_per_member_month,RU,decile_4|в том числе: денежные расходы (уточнение к: Расходы на потребление - всего)
2023-12-31,289.1,rub_per_member_month,RU,"decile_4|гостиницы, кафе и рестораны"
2023-12-31,2032.4,rub_per_member_month,RU,"decile_4|жилищные услуги, вода, электроэнергия, газ и другие виды топлива"
2023-12-31,621.3,rub_per_member_month,RU,decile_4|здравоохранение
2023-12-31,7601.3,rub_per_member_month,RU,decile_4|из них на: домашнее питание (уточнение к: Расходы на потребление - всего)
2023-12-31,20715.3,rub_per_member_month,RU,decile_4|из них: денежный доход (уточнение к: Располагаемые ресурсы - всего)
2023-12-31,615.5,rub_per_member_month,RU,decile_4|из них: поступлений из личного подсобного хозяйства (уточнение к: стоимость натуральных поступлений продуктов питания)
2023-12-31,771.2,rub_per_member_month,RU,decile_4|информация и коммуникация
2023-12-31,952,rub_per_member_month,RU,"decile_4|личная гигиена, социальная защита, прочие товары и услуги"
2023-12-31,743.4,rub_per_member_month,RU,"decile_4|мебель, бытовая техника и текущее содержание дома"
2023-12-31,240.6,rub_per_member_month,RU,decile_4|образование
2023-12-31,1343.3,rub_per_member_month,RU,decile_4|одежда и обувь
2023-12-31,518.5,rub_per_member_month,RU,"decile_4|организация отдыха, спортивных и культурных мероприятий"
2023-12-31,184.6,rub_per_member_month,RU,decile_4|полученных подарков и других поступлений
2023-12-31,216.3,rub_per_member_month,RU,decile_4|расходы на алкогольные напитки
2023-12-31,5019.6,rub_per_member_month,RU,decile_4|расходы на непродовольственные товары
2023-12-31,4058.7,rub_per_member_month,RU,decile_4|расходы на оплату услуг
2023-12-31,924.3,rub_per_member_month,RU,decile_4|стоимость натуральных поступлений
2023-12-31,800.1,rub_per_member_month,RU,decile_4|стоимость натуральных поступлений продуктов питания
2023-12-31,9.8,rub_per_member_month,RU,"decile_4|стоимость услуг, предоставленных работодателем бесплатно или по льготным ценам"
2023-12-31,184.2,rub_per_member_month,RU,decile_4|сумма привлеченных средств и израсходованных сбережений
2023-12-31,1435.4,rub_per_member_month,RU,decile_4|транспорт
2023-12-31,161,rub_per_member_month,RU,"decile_4|финансовые услуги, услуги страхования"
2023-12-31,18890.5,rub_per_member_month,RU,decile_5|Потребительские расходы - всего
2023-12-31,25382.9,rub_per_member_month,RU,decile_5|Располагаемые ресурсы - всего
2023-12-31,19773.2,rub_per_member_month,RU,decile_5|Расходы на потребление - всего
2023-12-31,8874.8,rub_per_member_month,RU,decile_5|Справочно: из общей суммы расходов на потребление: расходы на питание (уточнение к: Потребительские расходы - всего)
2023-12-31,493.5,rub_per_member_month,RU,decile_5|алкогольная продукция и табачные изделия
2023-12-31,493.5,rub_per_member_month,RU,"decile_5|алкогольная продукция, табачные изделия и наркотики"
2023-12-31,7639,rub_per_member_month,RU,decile_5|в том числе: денежные расходы (уточнение к: Расходы на потребление - всего)
2023-12-31,409.5,rub_per_member_month,RU,"decile_5|гостиницы, кафе и рестораны"
2023-12-31,2248.3,rub_per_member_month,RU,"decile_5|жилищные услуги, вода, электроэнергия, газ и другие виды топлива"
2023-12-31,730.2,rub_per_member_month,RU,decile_5|здравоохранение
2023-12-31,8518.2,rub_per_member_month,RU,decile_5|из них на: домашнее питание (уточнение к: Расходы на потребление - всего)
2023-12-31,24118.3,rub_per_member_month,RU,decile_5|из них: денежный доход (уточнение к: Располагаемые ресурсы - всего)
2023-12-31,675.6,rub_per_member_month,RU,decile_5|из них: поступлений из личного подсобного хозяйства (уточнение к: стоимость натуральных поступлений продуктов питания)
2023-12-31,873.8,rub_per_member_month,RU,decile_5|информация и коммуникация
2023-12-31,1121,rub_per_member_month,RU,"decile_5|личная гигиена, социальная защита, прочие товары и услуги"
2023-12-31,963.9,rub_per_member_month,RU,"decile_5|мебель, бытовая техника и текущее содержание дома"
2023-12-31,287.4,rub_per_member_month,RU,decile_5|образование
2023-12-31,1546.9,rub_per_member_month,RU,decile_5|одежда и обувь
2023-12-31,656,rub_per_member_month,RU,"decile_5|организация отдыха, спортивных и культурных мероприятий"
2023-12-31,203.5,rub_per_member_month,RU,decile_5|полученных подарков и других поступлений
2023-12-31,259.6,rub_per_member_month,RU,decile_5|расходы на алкогольные напитки
2023-12-31,5848.3,rub_per_member_month,RU,decile_5|расходы на непродовольственные товары
2023-12-31,4773.3,rub_per_member_month,RU,decile_5|расходы на оплату услуг
2023-12-31,1040,rub_per_member_month,RU,decile_5|стоимость натуральных поступлений
2023-12-31,879.1,rub_per_member_month,RU,decile_5|стоимость натуральных поступлений продуктов питания
2023-12-31,17.1,rub_per_member_month,RU,"decile_5|стоимость услуг, предоставленных работодателем бесплатно или по льготным ценам"
2023-12-31,224.6,rub_per_member_month,RU,decile_5|сумма привлеченных средств и израсходованных сбережений
2023-12-31,1698.6,rub_per_member_month,RU,decile_5|транспорт
2023-12-31,208.8,rub_per_member_month,RU,"decile_5|финансовые услуги, услуги страхования"
2023-12-31,21707.5,rub_per_member_month,RU,decile_6|Потребительские расходы - всего
2023-12-31,29924.5,rub_per_member_month,RU,decile_6|Располагаемые ресурсы - всего
2023-12-31,22591.9,rub_per_member_month,RU,decile_6|Расходы на потребление - всего
2023-12-31,9735.9,rub_per_member_month,RU,decile_6|Справочно: из общей суммы расходов на потребление: расходы на питание (уточнение к: Потребительские расходы - всего)
2023-12-31,602.1,rub_per_member_month,RU,decile_6|алкогольная продукция и табачные изделия
2023-12-31,602.1,rub_per_member_month,RU,"decile_6|алкогольная продукция, табачные изделия и наркотики"
2023-12-31,8352.2,rub_per_member_month,RU,decile_6|в том числе: денежные расходы (уточнение к: Расходы на потребление - всего)
2023-12-31,550.7,rub_per_member_month,RU,"decile_6|гостиницы, кафе и рестораны"
2023-12-31,2484.3,rub_per_member_month,RU,"decile_6|жилищные услуги, вода, электроэнергия, газ и другие виды топлива"
2023-12-31,899.4,rub_per_member_month,RU,decile_6|здравоохранение
2023-12-31,9222.1,rub_per_member_month,RU,decile_6|из них на: домашнее питание (уточнение к: Расходы на потребление - всего)
2023-12-31,28470.8,rub_per_member_month,RU,decile_6|из них: денежный доход (уточнение к: Располагаемые ресурсы - всего)
2023-12-31,660.3,rub_per_member_month,RU,decile_6|из них: поступлений из личного подсобного хозяйства (уточнение к: стоимость натуральных поступлений продуктов питания)
2023-12-31,1042.9,rub_per_member_month,RU,decile_6|информация и коммуникация
2023-12-31,1360.4,rub_per_member_month,RU,"decile_6|личная гигиена, социальная защита, прочие товары и услуги"
2023-12-31,1204.2,rub_per_member_month,RU,"decile_6|мебель, бытовая техника и текущее содержание дома"
2023-12-31,325.9,rub_per_member_month,RU,decile_6|образование
2023-12-31,1686.3,rub_per_member_month,RU,decile_6|одежда и обувь
2023-12-31,883.8,rub_per_member_month,RU,"decile_6|организация отдыха, спортивных и культурных мероприятий"
2023-12-31,209.5,rub_per_member_month,RU,decile_6|полученных подарков и других поступлений
2023-12-31,327.6,rub_per_member_month,RU,decile_6|расходы на алкогольные напитки
2023-12-31,6916.9,rub_per_member_month,RU,decile_6|расходы на непродовольственные товары
2023-12-31,5577.9,rub_per_member_month,RU,decile_6|расходы на оплату услуг
2023-12-31,1075.6,rub_per_member_month,RU,decile_6|стоимость натуральных поступлений
2023-12-31,869.8,rub_per_member_month,RU,decile_6|стоимость натуральных поступлений продуктов питания
2023-12-31,33.7,rub_per_member_month,RU,"decile_6|стоимость услуг, предоставленных работодателем бесплатно или по льготным ценам"
2023-12-31,378.1,rub_per_member_month,RU,decile_6|сумма привлеченных средств и израсходованных сбережений
2023-12-31,2023.2,rub_per_member_month,RU,decile_6|транспорт
2023-12-31,272.9,rub_per_member_month,RU,"decile_6|финансовые услуги, услуги страхования"
2023-12-31,25755.4,rub_per_member_month,RU,decile_7|Потребительские расходы - всего
2023-12-31,35924.7,rub_per_member_month,RU,decile_7|Располагаемые ресурсы - всего
2023-12-31,26640.3,rub_per_member_month,RU,decile_7|Расходы на потребление - всего
2023-12-31,10584.2,rub_per_member_month,RU,decile_7|Справочно: из общей суммы расходов на потребление: расходы на питание (уточнение к: Потребительские расходы - всего)
2023-12-31,689.3,rub_per_member_month,RU,decile_7|алкогольная продукция и табачные изделия
2023-12-31,689.3,rub_per_member_month,RU,"decile_7|алкогольная продукция, табачные изделия и наркотики"
2023-12-31,9083.6,rub_per_member_month,RU,decile_7|в том числе: денежные расходы (уточнение к: Расходы на потребление - всего)
2023-12-31,775,rub_per_member_month,RU,"decile_7|гостиницы, кафе и рестораны"
2023-12-31,2743.8,rub_per_member_month,RU,"decile_7|жилищные услуги, вода, электроэнергия, газ и другие виды топлива"
2023-12-31,1066.7,rub_per_member_month,RU,decile_7|здравоохранение
2023-12-31,9927.4,rub_per_member_month,RU,decile_7|из них на: домашнее питание (уточнение к: Расходы на потребление - всего)
2023-12-31,34217.7,rub_per_member_month,RU,decile_7|из них: денежный доход (уточнение к: Располагаемые ресурсы - всего)
2023-12-31,623.4,rub_per_member_month,RU,decile_7|из них: поступлений из личного подсобного хозяйства (уточнение к: стоимость натуральных поступлений продуктов питания)
2023-12-31,1197.7,rub_per_member_month,RU,decile_7|информация и коммуникация
2023-12-31,1784.8,rub_per_member_month,RU,"decile_7|личная гигиена, социальная защита, прочие товары и услуги"
2023-12-31,1528.3,rub_per_member_month,RU,"decile_7|мебель, бытовая техника и текущее содержание дома"
2023-12-31,499.4,rub_per_member_month,RU,decile_7|образование
2023-12-31,2140.9,rub_per_member_month,RU,decile_7|одежда и обувь
2023-12-31,1271.5,rub_per_member_month,RU,"decile_7|организация отдыха, спортивных и культурных мероприятий"
2023-12-31,220.4,rub_per_member_month,RU,decile_7|полученных подарков и других поступлений
2023-12-31,395.5,rub_per_member_month,RU,decile_7|расходы на алкогольные напитки
2023-12-31,8553.1,rub_per_member_month,RU,decile_7|расходы на непродовольственные товары
2023-12-31,7045.8,rub_per_member_month,RU,decile_7|расходы на оплату услуг
2023-12-31,1133.8,rub_per_member_month,RU,decile_7|стоимость натуральных поступлений
2023-12-31,843.9,rub_per_member_month,RU,decile_7|стоимость натуральных поступлений продуктов питания
2023-12-31,61.7,rub_per_member_month,RU,"decile_7|стоимость услуг, предоставленных работодателем бесплатно или по льготным ценам"
2023-12-31,573.2,rub_per_member_month,RU,decile_7|сумма привлеченных средств и израсходованных сбережений
2023-12-31,2648.3,rub_per_member_month,RU,decile_7|транспорт
2023-12-31,305.6,rub_per_member_month,RU,"decile_7|финансовые услуги, услуги страхования"
2023-12-31,30988.4,rub_per_member_month,RU,decile_8|Потребительские расходы - всего
2023-12-31,44795.5,rub_per_member_month,RU,decile_8|Располагаемые ресурсы - всего
2023-12-31,31982.8,rub_per_member_month,RU,decile_8|Расходы на потребление - всего
2023-12-31,11882.8,rub_per_member_month,RU,decile_8|Справочно: из общей суммы расходов на потребление: расходы на питание (уточнение к: Потребительские расходы - всего)
2023-12-31,879.9,rub_per_member_month,RU,decile_8|алкогольная продукция и табачные изделия
2023-12-31,879.9,rub_per_member_month,RU,"decile_8|алкогольная продукция, табачные изделия и наркотики"
2023-12-31,9936.1,rub_per_member_month,RU,decile_8|в том числе: денежные расходы (уточнение к: Расходы на потребление - всего)
2023-12-31,1086.4,rub_per_member_month,RU,"decile_8|гостиницы, кафе и рестораны"
2023-12-31,3279.2,rub_per_member_month,RU,"decile_8|жилищные услуги, вода, электроэнергия, газ и другие виды топлива"
2023-12-31,1476.3,rub_per_member_month,RU,decile_8|здравоохранение
2023-12-31,10913.6,rub_per_member_month,RU,decile_8|из них на: домашнее питание (уточнение к: Расходы на потребление - всего)
2023-12-31,42458.1,rub_per_member_month,RU,decile_8|из них: денежный доход (уточнение к: Располагаемые ресурсы - всего)
2023-12-31,641.3,rub_per_member_month,RU,decile_8|из них: поступлений из личного подсобного хозяйства (уточнение к: стоимость натуральных поступлений продуктов питания)
2023-12-31,1319.6,rub_per_member_month,RU,decile_8|информация и коммуникация
2023-12-31,2101.6,rub_per_member_month,RU,"decile_8|личная гигиена, социальная защита, прочие товары и услуги"
2023-12-31,2100.3,rub_per_member_month,RU,"decile_8|мебель, бытовая техника и текущее содержание дома"
2023-12-31,478.5,rub_per_member_month,RU,decile_8|образование
2023-12-31,2359.5,rub_per_member_month,RU,decile_8|одежда и обувь
2023-12-31,2001.5,rub_per_member_month,RU,"decile_8|организация отдыха, спортивных и культурных мероприятий"
2023-12-31,336.2,rub_per_member_month,RU,decile_8|полученных подарков и других поступлений
2023-12-31,523.3,rub_per_member_month,RU,decile_8|расходы на алкогольные напитки
2023-12-31,10761.9,rub_per_member_month,RU,decile_8|расходы на непродовольственные товары
2023-12-31,8738.7,rub_per_member_month,RU,decile_8|расходы на оплату услуг
2023-12-31,1322.5,rub_per_member_month,RU,decile_8|стоимость натуральных поступлений
2023-12-31,977.5,rub_per_member_month,RU,decile_8|стоимость натуральных поступлений продуктов питания
2023-12-31,75.9,rub_per_member_month,RU,"decile_8|стоимость услуг, предоставленных работодателем бесплатно или по льготным ценам"
2023-12-31,1014.9,rub_per_member_month,RU,decile_8|сумма привлеченных средств и израсходованных сбережений
2023-12-31,3485.8,rub_per_member_month,RU,decile_8|транспорт
2023-12-31,424.5,rub_per_member_month,RU,"decile_8|финансовые услуги, услуги страхования"
2023-12-31,38760.9,rub_per_member_month,RU,decile_9|Потребительские расходы - всего
2023-12-31,58910.5,rub_per_member_month,RU,decile_9|Располагаемые ресурсы - всего
2023-12-31,39596.6,rub_per_member_month,RU,decile_9|Расходы на потребление - всего
2023-12-31,13397.3,rub_per_member_month,RU,decile_9|Справочно: из общей суммы расходов на потребление: расходы на питание (уточнение к: Потребительские расходы - всего)
2023-12-31,1063.6,rub_per_member_month,RU,decile_9|алкогольная продукция и табачные изделия
2023-12-31,1063.6,rub_per_member_month,RU,"decile_9|алкогольная продукция, табачные изделия и наркотики"
2023-12-31,10917.6,rub_per_member_month,RU,decile_9|в том числе: денежные расходы (уточнение к: Расходы на потребление - всего)
2023-12-31,1840.6,rub_per_member_month,RU,"decile_9|гостиницы, кафе и рестораны"
2023-12-31,3925.7,rub_per_member_month,RU,"decile_9|жилищные услуги, вода, электроэнергия, газ и другие виды топлива"
2023-12-31,1860.4,rub_per_member_month,RU,decile_9|здравоохранение
2023-12-31,11774.1,rub_per_member_month,RU,decile_9|из них на: домашнее питание (уточнение к: Расходы на потребление - всего)
2023-12-31,55534.7,rub_per_member_month,RU,decile_9|из них: денежный доход (уточнение к: Располагаемые ресурсы - всего)
2023-12-31,552,rub_per_member_month,RU,decile_9|из них: поступлений из личного подсобного хозяйства (уточнение к: стоимость натуральных поступлений продуктов питания)
2023-12-31,1874,rub_per_member_month,RU,decile_9|информация и коммуникация
2023-12-31,2886.3,rub_per_member_month,RU,"decile_9|личная гигиена, социальная защита, прочие товары и услуги"
2023-12-31,2816.9,rub_per_member_month,RU,"decile_9|мебель, бытовая техника и текущее содержание дома"
2023-12-31,632.8,rub_per_member_month,RU,decile_9|образование
2023-12-31,2984,rub_per_member_month,RU,decile_9|одежда и обувь
2023-12-31,2740.5,rub_per_member_month,RU,"decile_9|организация отдыха, спортивных и культурных мероприятий"
2023-12-31,304.5,rub_per_member_month,RU,decile_9|полученных подарков и других поступлений
2023-12-31,674.2,rub_per_member_month,RU,decile_9|расходы на алкогольные напитки
2023-12-31,13705.4,rub_per_member_month,RU,decile_9|расходы на непродовольственные товары
2023-12-31,11677.6,rub_per_member_month,RU,decile_9|расходы на оплату услуг
2023-12-31,1370.1,rub_per_member_month,RU,decile_9|стоимость натуральных поступлений
2023-12-31,856.5,rub_per_member_month,RU,decile_9|стоимость натуральных поступлений продуктов питания
2023-12-31,142.1,rub_per_member_month,RU,"decile_9|стоимость услуг, предоставленных работодателем бесплатно или по льготным ценам"
2023-12-31,2005.7,rub_per_member_month,RU,decile_9|сумма привлеченных средств и израсходованных сбережений
2023-12-31,4414.2,rub_per_member_month,RU,decile_9|транспорт
2023-12-31,641.4,rub_per_member_month,RU,"decile_9|финансовые услуги, услуги страхования"
2024-12-31,79759.7,rub_per_member_month,RU,decile_10|Потребительские расходы - всего
2024-12-31,135174,rub_per_member_month,RU,decile_10|Располагаемые ресурсы - всего
2024-12-31,80624,rub_per_member_month,RU,decile_10|Расходы на потребление - всего
2024-12-31,18824.4,rub_per_member_month,RU,decile_10|Справочно: из общей суммы расходов на потребление: расходы на питание (уточнение к: Потребительские расходы - всего)
2024-12-31,1440.6,rub_per_member_month,RU,decile_10|алкогольная продукция и табачные изделия
2024-12-31,14811.4,rub_per_member_month,RU,decile_10|в том числе: денежные расходы (уточнение к: Расходы на потребление - всего)
2024-12-31,3677.4,rub_per_member_month,RU,"decile_10|гостиницы, кафе и рестораны"
2024-12-31,7292.6,rub_per_member_month,RU,"decile_10|жилищные услуги, вода, электроэнергия, газ и другие виды топлива"
2024-12-31,3629.9,rub_per_member_month,RU,decile_10|здравоохранение
2024-12-31,15624.4,rub_per_member_month,RU,decile_10|из них на: домашнее питание (уточнение к: Расходы на потребление - всего)
2024-12-31,109968,rub_per_member_month,RU,decile_10|из них: денежный доход (уточнение к: Располагаемые ресурсы - всего)
2024-12-31,459.9,rub_per_member_month,RU,decile_10|из них: поступлений из личного подсобного хозяйства (уточнение к: стоимость натуральных поступлений продуктов питания)
2024-12-31,2688.1,rub_per_member_month,RU,decile_10|информация и коммуникация
2024-12-31,4774.5,rub_per_member_month,RU,"decile_10|личная гигиена, социальная защита, прочие товары и услуги"
2024-12-31,4041.4,rub_per_member_month,RU,"decile_10|мебель, бытовая техника и текущее содержание дома"
2024-12-31,696.6,rub_per_member_month,RU,decile_10|образование
2024-12-31,4932.2,rub_per_member_month,RU,decile_10|одежда и обувь
2024-12-31,7872.8,rub_per_member_month,RU,"decile_10|организация отдыха, спортивных и культурных мероприятий"
2024-12-31,353.1,rub_per_member_month,RU,decile_10|полученных подарков и других поступлений
2024-12-31,1074.1,rub_per_member_month,RU,decile_10|расходы на алкогольные напитки
2024-12-31,34672.2,rub_per_member_month,RU,decile_10|расходы на непродовольственные товары
2024-12-31,25724.5,rub_per_member_month,RU,decile_10|расходы на оплату услуг
2024-12-31,1841.7,rub_per_member_month,RU,decile_10|стоимость натуральных поступлений
2024-12-31,813,rub_per_member_month,RU,decile_10|стоимость натуральных поступлений продуктов питания
2024-12-31,328.7,rub_per_member_month,RU,"decile_10|стоимость услуг, предоставленных работодателем бесплатно или по льготным ценам"
2024-12-31,23364.2,rub_per_member_month,RU,decile_10|сумма привлеченных средств и израсходованных сбережений
2024-12-31,22810.7,rub_per_member_month,RU,decile_10|транспорт
2024-12-31,814.2,rub_per_member_month,RU,"decile_10|финансовые услуги, услуги страхования"
2024-12-31,9281.5,rub_per_member_month,RU,decile_1|Потребительские расходы - всего
2024-12-31,11867.2,rub_per_member_month,RU,decile_1|Располагаемые ресурсы - всего
2024-12-31,9906.9,rub_per_member_month,RU,decile_1|Расходы на потребление - всего
2024-12-31,5158.9,rub_per_member_month,RU,decile_1|Справочно: из общей суммы расходов на потребление: расходы на питание (уточнение к: Потребительские расходы - всего)
2024-12-31,201.5,rub_per_member_month,RU,decile_1|алкогольная продукция и табачные изделия
2024-12-31,4444.6,rub_per_member_month,RU,decile_1|в том числе: денежные расходы (уточнение к: Расходы на потребление - всего)
2024-12-31,86.3,rub_per_member_month,RU,"decile_1|гостиницы, кафе и рестораны"
2024-12-31,1267.8,rub_per_member_month,RU,"decile_1|жилищные услуги, вода, электроэнергия, газ и другие виды топлива"
2024-12-31,264.4,rub_per_member_month,RU,decile_1|здравоохранение
2024-12-31,5075.3,rub_per_member_month,RU,decile_1|из них на: домашнее питание (уточнение к: Расходы на потребление - всего)
2024-12-31,11163.5,rub_per_member_month,RU,decile_1|из них: денежный доход (уточнение к: Располагаемые ресурсы - всего)
2024-12-31,500.4,rub_per_member_month,RU,decile_1|из них: поступлений из личного подсобного хозяйства (уточнение к: стоимость натуральных поступлений продуктов питания)
2024-12-31,511.3,rub_per_member_month,RU,decile_1|информация и коммуникация
2024-12-31,463.1,rub_per_member_month,RU,"decile_1|личная гигиена, социальная защита, прочие товары и услуги"
2024-12-31,315.9,rub_per_member_month,RU,"decile_1|мебель, бытовая техника и текущее содержание дома"
2024-12-31,99.9,rub_per_member_month,RU,decile_1|образование
2024-12-31,740,rub_per_member_month,RU,decile_1|одежда и обувь
2024-12-31,191.7,rub_per_member_month,RU,"decile_1|организация отдыха, спортивных и культурных мероприятий"
2024-12-31,130.2,rub_per_member_month,RU,decile_1|полученных подарков и других поступлений
2024-12-31,68.3,rub_per_member_month,RU,decile_1|расходы на алкогольные напитки
2024-12-31,2455,rub_per_member_month,RU,decile_1|расходы на непродовольственные товары
2024-12-31,2220.6,rub_per_member_month,RU,decile_1|расходы на оплату услуг
2024-12-31,671.9,rub_per_member_month,RU,decile_1|стоимость натуральных поступлений
2024-12-31,630.7,rub_per_member_month,RU,decile_1|стоимость натуральных поступлений продуктов питания
2024-12-31,4.1,rub_per_member_month,RU,"decile_1|стоимость услуг, предоставленных работодателем бесплатно или по льготным ценам"
2024-12-31,31.8,rub_per_member_month,RU,decile_1|сумма привлеченных средств и израсходованных сбережений
2024-12-31,648,rub_per_member_month,RU,decile_1|транспорт
2024-12-31,37.6,rub_per_member_month,RU,"decile_1|финансовые услуги, услуги страхования"
2024-12-31,13283.8,rub_per_member_month,RU,decile_2|Потребительские расходы - всего
2024-12-31,17314.7,rub_per_member_month,RU,decile_2|Располагаемые ресурсы - всего
2024-12-31,14090.2,rub_per_member_month,RU,decile_2|Расходы на потребление - всего
2024-12-31,6967.3,rub_per_member_month,RU,decile_2|Справочно: из общей суммы расходов на потребление: расходы на питание (уточнение к: Потребительские расходы - всего)
2024-12-31,308.9,rub_per_member_month,RU,decile_2|алкогольная продукция и табачные изделия
2024-12-31,6009.1,rub_per_member_month,RU,decile_2|в том числе: денежные расходы (уточнение к: Расходы на потребление - всего)
2024-12-31,154.7,rub_per_member_month,RU,"decile_2|гостиницы, кафе и рестораны"
2024-12-31,1682.3,rub_per_member_month,RU,"decile_2|жилищные услуги, вода, электроэнергия, газ и другие виды топлива"
2024-12-31,435,rub_per_member_month,RU,decile_2|здравоохранение
2024-12-31,6820,rub_per_member_month,RU,decile_2|из них на: домашнее питание (уточнение к: Расходы на потребление - всего)
2024-12-31,16329.9,rub_per_member_month,RU,decile_2|из них: денежный доход (уточнение к: Располагаемые ресурсы - всего)
2024-12-31,625.5,rub_per_member_month,RU,decile_2|из них: поступлений из личного подсобного хозяйства (уточнение к: стоимость натуральных поступлений продуктов питания)
2024-12-31,649.5,rub_per_member_month,RU,decile_2|информация и коммуникация
2024-12-31,758.4,rub_per_member_month,RU,"decile_2|личная гигиена, социальная защита, прочие товары и услуги"
2024-12-31,532.6,rub_per_member_month,RU,"decile_2|мебель, бытовая техника и текущее содержание дома"
2024-12-31,172.4,rub_per_member_month,RU,decile_2|образование
2024-12-31,1088,rub_per_member_month,RU,decile_2|одежда и обувь
2024-12-31,356.6,rub_per_member_month,RU,"decile_2|организация отдыха, спортивных и культурных мероприятий"
2024-12-31,185.4,rub_per_member_month,RU,decile_2|полученных подарков и других поступлений
2024-12-31,135.9,rub_per_member_month,RU,decile_2|расходы на алкогольные напитки
2024-12-31,3794.4,rub_per_member_month,RU,decile_2|расходы на непродовольственные товары
2024-12-31,3184.7,rub_per_member_month,RU,decile_2|расходы на оплату услуг
2024-12-31,895.1,rub_per_member_month,RU,decile_2|стоимость натуральных поступлений
2024-12-31,810.9,rub_per_member_month,RU,decile_2|стоимость натуральных поступлений продуктов питания
2024-12-31,7.8,rub_per_member_month,RU,"decile_2|стоимость услуг, предоставленных работодателем бесплатно или по льготным ценам"
2024-12-31,89.7,rub_per_member_month,RU,decile_2|сумма привлеченных средств и израсходованных сбережений
2024-12-31,1049.3,rub_per_member_month,RU,decile_2|транспорт
2024-12-31,74.7,rub_per_member_month,RU,"decile_2|финансовые услуги, услуги страхования"
2024-12-31,16037.7,rub_per_member_month,RU,decile_3|Потребительские расходы - всего
2024-12-31,21015,rub_per_member_month,RU,decile_3|Располагаемые ресурсы - всего
2024-12-31,16818.2,rub_per_member_month,RU,decile_3|Расходы на потребление - всего
2024-12-31,8198.4,rub_per_member_month,RU,decile_3|Справочно: из общей суммы расходов на потребление: расходы на питание (уточнение к: Потребительские расходы - всего)
2024-12-31,400,rub_per_member_month,RU,decile_3|алкогольная продукция и табачные изделия
2024-12-31,7166.2,rub_per_member_month,RU,decile_3|в том числе: денежные расходы (уточнение к: Расходы на потребление - всего)
2024-12-31,226.5,rub_per_member_month,RU,"decile_3|гостиницы, кафе и рестораны"
2024-12-31,1865.6,rub_per_member_month,RU,"decile_3|жилищные услуги, вода, электроэнергия, газ и другие виды топлива"
2024-12-31,533.5,rub_per_member_month,RU,decile_3|здравоохранение
2024-12-31,7987.2,rub_per_member_month,RU,decile_3|из них на: домашнее питание (уточнение к: Расходы на потребление - всего)
2024-12-31,19978.1,rub_per_member_month,RU,decile_3|из них: денежный доход (уточнение к: Располагаемые ресурсы - всего)
2024-12-31,632.1,rub_per_member_month,RU,decile_3|из них: поступлений из личного подсобного хозяйства (уточнение к: стоимость натуральных поступлений продуктов питания)
2024-12-31,747.4,rub_per_member_month,RU,decile_3|информация и коммуникация
2024-12-31,945.3,rub_per_member_month,RU,"decile_3|личная гигиена, социальная защита, прочие товары и услуги"
2024-12-31,680,rub_per_member_month,RU,"decile_3|мебель, бытовая техника и текущее содержание дома"
2024-12-31,228.3,rub_per_member_month,RU,decile_3|образование
2024-12-31,1322,rub_per_member_month,RU,decile_3|одежда и обувь
2024-12-31,458,rub_per_member_month,RU,"decile_3|организация отдыха, спортивных и культурных мероприятий"
2024-12-31,189,rub_per_member_month,RU,decile_3|полученных подарков и других поступлений
2024-12-31,183.8,rub_per_member_month,RU,decile_3|расходы на алкогольные напитки
2024-12-31,4669.2,rub_per_member_month,RU,decile_3|расходы на непродовольственные товары
2024-12-31,3755.4,rub_per_member_month,RU,decile_3|расходы на оплату услуг
2024-12-31,936,rub_per_member_month,RU,decile_3|стоимость натуральных поступлений
2024-12-31,821,rub_per_member_month,RU,decile_3|стоимость натуральных поступлений продуктов питания
2024-12-31,11.4,rub_per_member_month,RU,"decile_3|стоимость услуг, предоставленных работодателем бесплатно или по льготным ценам"
2024-12-31,101,rub_per_member_month,RU,decile_3|сумма привлеченных средств и израсходованных сбережений
2024-12-31,1309.5,rub_per_member_month,RU,decile_3|транспорт
2024-12-31,103.4,rub_per_member_month,RU,"decile_3|финансовые услуги, услуги страхования"
2024-12-31,18483.8,rub_per_member_month,RU,decile_4|Потребительские расходы - всего
2024-12-31,24651.3,rub_per_member_month,RU,decile_4|Располагаемые ресурсы - всего
2024-12-31,19461.2,rub_per_member_month,RU,decile_4|Расходы на потребление - всего
2024-12-31,9091.2,rub_per_member_month,RU,decile_4|Справочно: из общей суммы расходов на потребление: расходы на питание (уточнение к: Потребительские расходы - всего)
2024-12-31,482.3,rub_per_member_month,RU,decile_4|алкогольная продукция и табачные изделия
2024-12-31,7775.7,rub_per_member_month,RU,decile_4|в том числе: денежные расходы (уточнение к: Расходы на потребление - всего)
2024-12-31,362.3,rub_per_member_month,RU,"decile_4|гостиницы, кафе и рестораны"
2024-12-31,2150.8,rub_per_member_month,RU,"decile_4|жилищные услуги, вода, электроэнергия, газ и другие виды топлива"
2024-12-31,720.3,rub_per_member_month,RU,decile_4|здравоохранение
2024-12-31,8758.8,rub_per_member_month,RU,decile_4|из них на: домашнее питание (уточнение к: Расходы на потребление - всего)
2024-12-31,23351.4,rub_per_member_month,RU,decile_4|из них: денежный доход (уточнение к: Располагаемые ресурсы - всего)
2024-12-31,728.3,rub_per_member_month,RU,decile_4|из них: поступлений из личного подсобного хозяйства (уточнение к: стоимость натуральных поступлений продуктов питания)
2024-12-31,832.4,rub_per_member_month,RU,decile_4|информация и коммуникация
2024-12-31,1096,rub_per_member_month,RU,"decile_4|личная гигиена, социальная защита, прочие товары и услуги"
2024-12-31,913.4,rub_per_member_month,RU,"decile_4|мебель, бытовая техника и текущее содержание дома"
2024-12-31,233.9,rub_per_member_month,RU,decile_4|образование
2024-12-31,1472.4,rub_per_member_month,RU,decile_4|одежда и обувь
2024-12-31,706.3,rub_per_member_month,RU,"decile_4|организация отдыха, спортивных и культурных мероприятий"
2024-12-31,254.8,rub_per_member_month,RU,decile_4|полученных подарков и других поступлений
2024-12-31,246.9,rub_per_member_month,RU,decile_4|расходы на алкогольные напитки
2024-12-31,5558.5,rub_per_member_month,RU,decile_4|расходы на непродовольственные товары
2024-12-31,4551.4,rub_per_member_month,RU,decile_4|расходы на оплату услуг
2024-12-31,1117.5,rub_per_member_month,RU,decile_4|стоимость натуральных поступлений
2024-12-31,983.1,rub_per_member_month,RU,decile_4|стоимость натуральных поступлений продуктов питания
2024-12-31,13.3,rub_per_member_month,RU,"decile_4|стоимость услуг, предоставленных работодателем бесплатно или по льготным ценам"
2024-12-31,182.4,rub_per_member_month,RU,decile_4|сумма привлеченных средств и израсходованных сбережений
2024-12-31,1585.7,rub_per_member_month,RU,decile_4|транспорт
2024-12-31,133.4,rub_per_member_month,RU,"decile_4|финансовые услуги, услуги страхования"
2024-12-31,21271.5,rub_per_member_month,RU,decile_5|Потребительские расходы - всего
2024-12-31,28784.7,rub_per_member_month,RU,decile_5|Располагаемые ресурсы - всего
2024-12-31,22292.3,rub_per_member_month,RU,decile_5|Расходы на потребление - всего
2024-12-31,10078.6,rub_per_member_month,RU,decile_5|Справочно: из общей суммы расходов на потребление: расходы на питание (уточнение к: Потребительские расходы - всего)
2024-12-31,549.9,rub_per_member_month,RU,decile_5|алкогольная продукция и табачные изделия
2024-12-31,8584.6,rub_per_member_month,RU,decile_5|в том числе: денежные расходы (уточнение к: Расходы на потребление - всего)
2024-12-31,493.6,rub_per_member_month,RU,"decile_5|гостиницы, кафе и рестораны"
2024-12-31,2388.7,rub_per_member_month,RU,"decile_5|жилищные услуги, вода, электроэнергия, газ и другие виды топлива"
2024-12-31,844.9,rub_per_member_month,RU,decile_5|здравоохранение
2024-12-31,9617.3,rub_per_member_month,RU,decile_5|из них на: домашнее питание (уточнение к: Расходы на потребление - всего)
2024-12-31,27282.5,rub_per_member_month,RU,decile_5|из них: денежный доход (уточнение к: Располагаемые ресурсы - всего)
2024-12-31,792.4,rub_per_member_month,RU,decile_5|из них: поступлений из личного подсобного хозяйства (уточнение к: стоимость натуральных поступлений продуктов питания)
2024-12-31,961,rub_per_member_month,RU,decile_5|информация и коммуникация
2024-12-31,1333.9,rub_per_member_month,RU,"decile_5|личная гигиена, социальная защита, прочие товары и услуги"
2024-12-31,1099.9,rub_per_member_month,RU,"decile_5|мебель, бытовая техника и текущее содержание дома"
2024-12-31,315.7,rub_per_member_month,RU,decile_5|образование
2024-12-31,1722.6,rub_per_member_month,RU,decile_5|одежда и обувь
2024-12-31,824.7,rub_per_member_month,RU,"decile_5|организация отдыха, спортивных и культурных мероприятий"
2024-12-31,240.4,rub_per_member_month,RU,decile_5|полученных подарков и других поступлений
2024-12-31,286.6,rub_per_member_month,RU,decile_5|расходы на алкогольные напитки
2024-12-31,6590.8,rub_per_member_month,RU,decile_5|расходы на непродовольственные товары
2024-12-31,5311.6,rub_per_member_month,RU,decile_5|расходы на оплату услуг
2024-12-31,1204.3,rub_per_member_month,RU,decile_5|стоимость натуральных поступлений
2024-12-31,1032.7,rub_per_member_month,RU,decile_5|стоимость натуральных поступлений продуктов питания
2024-12-31,24.6,rub_per_member_month,RU,"decile_5|стоимость услуг, предоставленных работодателем бесплатно или по льготным ценам"
2024-12-31,297.9,rub_per_member_month,RU,decile_5|сумма привлеченных средств и израсходованных сбережений
2024-12-31,1958.8,rub_per_member_month,RU,decile_5|транспорт
2024-12-31,156.6,rub_per_member_month,RU,"decile_5|финансовые услуги, услуги страхования"
2024-12-31,24646,rub_per_member_month,RU,decile_6|Потребительские расходы - всего
2024-12-31,33845.9,rub_per_member_month,RU,decile_6|Располагаемые ресурсы - всего
2024-12-31,25695.3,rub_per_member_month,RU,decile_6|Расходы на потребление - всего
2024-12-31,10925.2,rub_per_member_month,RU,decile_6|Справочно: из общей суммы расходов на потребление: расходы на питание (уточнение к: Потребительские расходы - всего)
2024-12-31,617.5,rub_per_member_month,RU,decile_6|алкогольная продукция и табачные изделия
2024-12-31,9346.6,rub_per_member_month,RU,decile_6|в том числе: денежные расходы (уточнение к: Расходы на потребление - всего)
2024-12-31,607.4,rub_per_member_month,RU,"decile_6|гостиницы, кафе и рестораны"
2024-12-31,2596.4,rub_per_member_month,RU,"decile_6|жилищные услуги, вода, электроэнергия, газ и другие виды топлива"
2024-12-31,1062.1,rub_per_member_month,RU,decile_6|здравоохранение
2024-12-31,10403.5,rub_per_member_month,RU,decile_6|из них на: домашнее питание (уточнение к: Расходы на потребление - всего)
2024-12-31,32129.6,rub_per_member_month,RU,decile_6|из них: денежный доход (уточнение к: Располагаемые ресурсы - всего)
2024-12-31,783,rub_per_member_month,RU,decile_6|из них: поступлений из личного подсобного хозяйства (уточнение к: стоимость натуральных поступлений продуктов питания)
2024-12-31,1135.4,rub_per_member_month,RU,decile_6|информация и коммуникация
2024-12-31,1590.8,rub_per_member_month,RU,"decile_6|личная гигиена, социальная защита, прочие товары и услуги"
2024-12-31,1380,rub_per_member_month,RU,"decile_6|мебель, бытовая техника и текущее содержание дома"
2024-12-31,408.2,rub_per_member_month,RU,decile_6|образование
2024-12-31,1973.5,rub_per_member_month,RU,decile_6|одежда и обувь
2024-12-31,1124.8,rub_per_member_month,RU,"decile_6|организация отдыха, спортивных и культурных мероприятий"
2024-12-31,273.9,rub_per_member_month,RU,decile_6|полученных подарков и других поступлений
2024-12-31,362.2,rub_per_member_month,RU,decile_6|расходы на алкогольные напитки
2024-12-31,7831.3,rub_per_member_month,RU,decile_6|расходы на непродовольственные товары
2024-12-31,6540.4,rub_per_member_month,RU,decile_6|расходы на оплату услуг
2024-12-31,1280.8,rub_per_member_month,RU,decile_6|стоимость натуральных поступлений
2024-12-31,1056.9,rub_per_member_month,RU,decile_6|стоимость натуральных поступлений продуктов питания
2024-12-31,36.1,rub_per_member_month,RU,"decile_6|стоимость услуг, предоставленных работодателем бесплатно или по льготным ценам"
2024-12-31,435.5,rub_per_member_month,RU,decile_6|сумма привлеченных средств и израсходованных сбережений
2024-12-31,2515.1,rub_per_member_month,RU,decile_6|транспорт
2024-12-31,244.5,rub_per_member_month,RU,"decile_6|финансовые услуги, услуги страхования"
2024-12-31,28605.4,rub_per_member_month,RU,decile_7|Потребительские расходы - всего
2024-12-31,40882.9,rub_per_member_month,RU,decile_7|Располагаемые ресурсы - всего
2024-12-31,29699.8,rub_per_member_month,RU,decile_7|Расходы на потребление - всего
2024-12-31,11943.6,rub_per_member_month,RU,decile_7|Справочно: из общей суммы расходов на потребление: расходы на питание (уточнение к: Потребительские расходы - всего)
2024-12-31,719.5,rub_per_member_month,RU,decile_7|алкогольная продукция и табачные изделия
2024-12-31,9949.9,rub_per_member_month,RU,decile_7|в том числе: денежные расходы (уточнение к: Расходы на потребление - всего)
2024-12-31,980.5,rub_per_member_month,RU,"decile_7|гостиницы, кафе и рестораны"
2024-12-31,3018.7,rub_per_member_month,RU,"decile_7|жилищные услуги, вода, электроэнергия, газ и другие виды топлива"
2024-12-31,1144.5,rub_per_member_month,RU,decile_7|здравоохранение
2024-12-31,11062.3,rub_per_member_month,RU,decile_7|из них на: домашнее питание (уточнение к: Расходы на потребление - всего)
2024-12-31,38847.6,rub_per_member_month,RU,decile_7|из них: денежный доход (уточнение к: Располагаемые ресурсы - всего)
2024-12-31,765.5,rub_per_member_month,RU,decile_7|из них: поступлений из личного подсобного хозяйства (уточнение к: стоимость натуральных поступлений продуктов питания)
2024-12-31,1379.7,rub_per_member_month,RU,decile_7|информация и коммуникация
2024-12-31,1963.8,rub_per_member_month,RU,"decile_7|личная гигиена, социальная защита, прочие товары и услуги"
2024-12-31,1623.8,rub_per_member_month,RU,"decile_7|мебель, бытовая техника и текущее содержание дома"
2024-12-31,522.2,rub_per_member_month,RU,decile_7|образование
2024-12-31,2288.5,rub_per_member_month,RU,decile_7|одежда и обувь
2024-12-31,1718.1,rub_per_member_month,RU,"decile_7|организация отдыха, спортивных и культурных мероприятий"
2024-12-31,346.8,rub_per_member_month,RU,decile_7|полученных подарков и других поступлений
2024-12-31,412.9,rub_per_member_month,RU,decile_7|расходы на алкогольные напитки
2024-12-31,9431.6,rub_per_member_month,RU,decile_7|расходы на непродовольственные товары
2024-12-31,7852.5,rub_per_member_month,RU,decile_7|расходы на оплату услуг
2024-12-31,1397.4,rub_per_member_month,RU,decile_7|стоимость натуральных поступлений
2024-12-31,1112.3,rub_per_member_month,RU,decile_7|стоимость натуральных поступлений продуктов питания
2024-12-31,59.3,rub_per_member_month,RU,"decile_7|стоимость услуг, предоставленных работодателем бесплатно или по льготным ценам"
2024-12-31,637.9,rub_per_member_month,RU,decile_7|сумма привлеченных средств и израсходованных сбережений
2024-12-31,2957,rub_per_member_month,RU,decile_7|транспорт
2024-12-31,262,rub_per_member_month,RU,"decile_7|финансовые услуги, услуги страхования"
2024-12-31,35093.2,rub_per_member_month,RU,decile_8|Потребительские расходы - всего
2024-12-31,50954.8,rub_per_member_month,RU,decile_8|Располагаемые ресурсы - всего
2024-12-31,36248.2,rub_per_member_month,RU,decile_8|Расходы на потребление - всего
2024-12-31,13233.8,rub_per_member_month,RU,decile_8|Справочно: из общей суммы расходов на потребление: расходы на питание (уточнение к: Потребительские расходы - всего)
2024-12-31,880,rub_per_member_month,RU,decile_8|алкогольная продукция и табачные изделия
2024-12-31,10887,rub_per_member_month,RU,decile_8|в том числе: денежные расходы (уточнение к: Расходы на потребление - всего)
2024-12-31,1389.8,rub_per_member_month,RU,"decile_8|гостиницы, кафе и рестораны"
2024-12-31,3311.2,rub_per_member_month,RU,"decile_8|жилищные услуги, вода, электроэнергия, газ и другие виды топлива"
2024-12-31,1653.6,rub_per_member_month,RU,decile_8|здравоохранение
2024-12-31,11981.1,rub_per_member_month,RU,decile_8|из них на: домашнее питание (уточнение к: Расходы на потребление - всего)
2024-12-31,48479.6,rub_per_member_month,RU,decile_8|из них: денежный доход (уточнение к: Располагаемые ресурсы - всего)
2024-12-31,716.6,rub_per_member_month,RU,decile_8|из них: поступлений из личного подсобного хозяйства (уточнение к: стоимость натуральных поступлений продуктов питания)
2024-12-31,1672.6,rub_per_member_month,RU,decile_8|информация и коммуникация
2024-12-31,2620.2,rub_per_member_month,RU,"decile_8|личная гигиена, социальная защита, прочие товары и услуги"
2024-12-31,2030.7,rub_per_member_month,RU,"decile_8|мебель, бытовая техника и текущее содержание дома"
2024-12-31,932.7,rub_per_member_month,RU,decile_8|образование
2024-12-31,2697.5,rub_per_member_month,RU,decile_8|одежда и обувь
2024-12-31,2745.6,rub_per_member_month,RU,"decile_8|организация отдыха, спортивных и культурных мероприятий"
2024-12-31,377.5,rub_per_member_month,RU,decile_8|полученных подарков и других поступлений
2024-12-31,518.2,rub_per_member_month,RU,decile_8|расходы на алкогольные напитки
2024-12-31,11809,rub_per_member_month,RU,decile_8|расходы на непродовольственные товары
2024-12-31,10590.6,rub_per_member_month,RU,decile_8|расходы на оплату услуг
2024-12-31,1482.4,rub_per_member_month,RU,decile_8|стоимость натуральных поступлений
2024-12-31,1094.1,rub_per_member_month,RU,decile_8|стоимость натуральных поступлений продуктов питания
2024-12-31,96.6,rub_per_member_month,RU,"decile_8|стоимость услуг, предоставленных работодателем бесплатно или по льготным ценам"
2024-12-31,992.9,rub_per_member_month,RU,decile_8|сумма привлеченных средств и израсходованных сбережений
2024-12-31,3849.1,rub_per_member_month,RU,decile_8|транспорт
2024-12-31,387.3,rub_per_member_month,RU,"decile_8|финансовые услуги, услуги страхования"
2024-12-31,44827.4,rub_per_member_month,RU,decile_9|Потребительские расходы - всего
2024-12-31,66740.4,rub_per_member_month,RU,decile_9|Располагаемые ресурсы - всего
2024-12-31,45864.6,rub_per_member_month,RU,decile_9|Расходы на потребление - всего
2024-12-31,15726.4,rub_per_member_month,RU,decile_9|Справочно: из общей суммы расходов на потребление: расходы на питание (уточнение к: Потребительские расходы - всего)
2024-12-31,1153.8,rub_per_member_month,RU,decile_9|алкогольная продукция и табачные изделия
2024-12-31,12714.8,rub_per_member_month,RU,decile_9|в том числе: денежные расходы (уточнение к: Расходы на потребление - всего)
2024-12-31,2200.5,rub_per_member_month,RU,"decile_9|гостиницы, кафе и рестораны"
2024-12-31,3944.5,rub_per_member_month,RU,"decile_9|жилищные услуги, вода, электроэнергия, газ и другие виды топлива"
2024-12-31,2359.9,rub_per_member_month,RU,decile_9|здравоохранение
2024-12-31,13753.1,rub_per_member_month,RU,decile_9|из них на: домашнее питание (уточнение к: Расходы на потребление - всего)
2024-12-31,63508.7,rub_per_member_month,RU,decile_9|из них: денежный доход (уточнение к: Располагаемые ресурсы - всего)
2024-12-31,679.9,rub_per_member_month,RU,decile_9|из них: поступлений из личного подсобного хозяйства (уточнение к: стоимость натуральных поступлений продуктов питания)
2024-12-31,1752.5,rub_per_member_month,RU,decile_9|информация и коммуникация
2024-12-31,3377.4,rub_per_member_month,RU,"decile_9|личная гигиена, социальная защита, прочие товары и услуги"
2024-12-31,2471.7,rub_per_member_month,RU,"decile_9|мебель, бытовая техника и текущее содержание дома"
2024-12-31,718,rub_per_member_month,RU,decile_9|образование
2024-12-31,3642.2,rub_per_member_month,RU,decile_9|одежда и обувь
2024-12-31,4496.9,rub_per_member_month,RU,"decile_9|организация отдыха, спортивных и культурных мероприятий"
2024-12-31,358.3,rub_per_member_month,RU,decile_9|полученных подарков и других поступлений
2024-12-31,775.4,rub_per_member_month,RU,decile_9|расходы на алкогольные напитки
2024-12-31,14586.5,rub_per_member_month,RU,decile_9|расходы на непродовольственные товары
2024-12-31,14629.4,rub_per_member_month,RU,decile_9|расходы на оплату услуг
2024-12-31,1551,rub_per_member_month,RU,decile_9|стоимость натуральных поступлений
2024-12-31,1038.2,rub_per_member_month,RU,decile_9|стоимость натуральных поступлений продуктов питания
2024-12-31,146.9,rub_per_member_month,RU,"decile_9|стоимость услуг, предоставленных работодателем бесплатно или по льготным ценам"
2024-12-31,1680.7,rub_per_member_month,RU,decile_9|сумма привлеченных средств и израсходованных сбережений
2024-12-31,5382.3,rub_per_member_month,RU,decile_9|транспорт
2024-12-31,464.9,rub_per_member_month,RU,"decile_9|финансовые услуги, услуги страхования"
2025-12-31,87170.1,rub_per_member_month,RU,decile_10|Потребительские расходы - всего
2025-12-31,154757,rub_per_member_month,RU,decile_10|Располагаемые ресурсы - всего
2025-12-31,87990.1,rub_per_member_month,RU,decile_10|Расходы на потребление - всего
2025-12-31,21037.3,rub_per_member_month,RU,decile_10|Справочно: из общей суммы расходов на потребление: расходы на питание (уточнение к: Потребительские расходы - всего)
2025-12-31,1466.5,rub_per_member_month,RU,decile_10|алкогольная продукция и табачные изделия
2025-12-31,16245.2,rub_per_member_month,RU,decile_10|в том числе: денежные расходы (уточнение к: Расходы на потребление - всего)
2025-12-31,4284.8,rub_per_member_month,RU,"decile_10|гостиницы, кафе и рестораны"
2025-12-31,8078.7,rub_per_member_month,RU,"decile_10|жилищные услуги, вода, электроэнергия, газ и другие виды топлива"
2025-12-31,4318.1,rub_per_member_month,RU,decile_10|здравоохранение
2025-12-31,17159.4,rub_per_member_month,RU,decile_10|из них на: домашнее питание (уточнение к: Расходы на потребление - всего)
2025-12-31,126312,rub_per_member_month,RU,decile_10|из них: денежный доход (уточнение к: Располагаемые ресурсы - всего)
2025-12-31,520.9,rub_per_member_month,RU,decile_10|из них: поступлений из личного подсобного хозяйства (уточнение к: стоимость натуральных поступлений продуктов питания)
2025-12-31,3068.3,rub_per_member_month,RU,decile_10|информация и коммуникация
2025-12-31,5618.7,rub_per_member_month,RU,"decile_10|личная гигиена, социальная защита, прочие товары и услуги"
2025-12-31,3826.4,rub_per_member_month,RU,"decile_10|мебель, бытовая техника и текущее содержание дома"
2025-12-31,702.1,rub_per_member_month,RU,decile_10|образование
2025-12-31,4535.5,rub_per_member_month,RU,decile_10|одежда и обувь
2025-12-31,8168,rub_per_member_month,RU,"decile_10|организация отдыха, спортивных и культурных мероприятий"
2025-12-31,393.3,rub_per_member_month,RU,decile_10|полученных подарков и других поступлений
2025-12-31,1095.3,rub_per_member_month,RU,decile_10|расходы на алкогольные напитки
2025-12-31,37978.6,rub_per_member_month,RU,decile_10|расходы на непродовольственные товары
2025-12-31,27561.9,rub_per_member_month,RU,decile_10|расходы на оплату услуг
2025-12-31,1872.3,rub_per_member_month,RU,decile_10|стоимость натуральных поступлений
2025-12-31,914.2,rub_per_member_month,RU,decile_10|стоимость натуральных поступлений продуктов питания
2025-12-31,317.1,rub_per_member_month,RU,"decile_10|стоимость услуг, предоставленных работодателем бесплатно или по льготным ценам"
2025-12-31,26572.4,rub_per_member_month,RU,decile_10|сумма привлеченных средств и израсходованных сбережений
2025-12-31,25668.6,rub_per_member_month,RU,decile_10|транспорт
2025-12-31,777.8,rub_per_member_month,RU,"decile_10|финансовые услуги, услуги страхования"
2025-12-31,10601.6,rub_per_member_month,RU,decile_1|Потребительские расходы - всего
2025-12-31,13610.6,rub_per_member_month,RU,decile_1|Располагаемые ресурсы - всего
2025-12-31,11306.7,rub_per_member_month,RU,decile_1|Расходы на потребление - всего
2025-12-31,5966.9,rub_per_member_month,RU,decile_1|Справочно: из общей суммы расходов на потребление: расходы на питание (уточнение к: Потребительские расходы - всего)
2025-12-31,203.8,rub_per_member_month,RU,decile_1|алкогольная продукция и табачные изделия
2025-12-31,5151.6,rub_per_member_month,RU,decile_1|в том числе: денежные расходы (уточнение к: Расходы на потребление - всего)
2025-12-31,104.6,rub_per_member_month,RU,"decile_1|гостиницы, кафе и рестораны"
2025-12-31,1426.1,rub_per_member_month,RU,"decile_1|жилищные услуги, вода, электроэнергия, газ и другие виды топлива"
2025-12-31,311.6,rub_per_member_month,RU,decile_1|здравоохранение
2025-12-31,5865.5,rub_per_member_month,RU,decile_1|из них на: домашнее питание (уточнение к: Расходы на потребление - всего)
2025-12-31,12806.2,rub_per_member_month,RU,decile_1|из них: денежный доход (уточнение к: Располагаемые ресурсы - всего)
2025-12-31,567.7,rub_per_member_month,RU,decile_1|из них: поступлений из личного подсобного хозяйства (уточнение к: стоимость натуральных поступлений продуктов питания)
2025-12-31,558.3,rub_per_member_month,RU,decile_1|информация и коммуникация
2025-12-31,544.6,rub_per_member_month,RU,"decile_1|личная гигиена, социальная защита, прочие товары и услуги"
2025-12-31,355.2,rub_per_member_month,RU,"decile_1|мебель, бытовая техника и текущее содержание дома"
2025-12-31,107.3,rub_per_member_month,RU,decile_1|образование
2025-12-31,807,rub_per_member_month,RU,decile_1|одежда и обувь
2025-12-31,226.1,rub_per_member_month,RU,"decile_1|организация отдыха, спортивных и культурных мероприятий"
2025-12-31,146.3,rub_per_member_month,RU,decile_1|полученных подарков и других поступлений
2025-12-31,78.5,rub_per_member_month,RU,decile_1|расходы на алкогольные напитки
2025-12-31,2728.9,rub_per_member_month,RU,decile_1|расходы на непродовольственные товары
2025-12-31,2529,rub_per_member_month,RU,decile_1|расходы на оплату услуг
2025-12-31,761.6,rub_per_member_month,RU,decile_1|стоимость натуральных поступлений
2025-12-31,714,rub_per_member_month,RU,decile_1|стоимость натуральных поступлений продуктов питания
2025-12-31,3.4,rub_per_member_month,RU,"decile_1|стоимость услуг, предоставленных работодателем бесплатно или по льготным ценам"
2025-12-31,42.8,rub_per_member_month,RU,decile_1|сумма привлеченных средств и израсходованных сбережений
2025-12-31,754.4,rub_per_member_month,RU,decile_1|транспорт
2025-12-31,38.8,rub_per_member_month,RU,"decile_1|финансовые услуги, услуги страхования"
2025-12-31,14983.9,rub_per_member_month,RU,decile_2|Потребительские расходы - всего
2025-12-31,19515.1,rub_per_member_month,RU,decile_2|Располагаемые ресурсы - всего
2025-12-31,15837.3,rub_per_member_month,RU,decile_2|Расходы на потребление - всего
2025-12-31,7853.3,rub_per_member_month,RU,decile_2|Справочно: из общей суммы расходов на потребление: расходы на питание (уточнение к: Потребительские расходы - всего)
2025-12-31,349.9,rub_per_member_month,RU,decile_2|алкогольная продукция и табачные изделия
2025-12-31,6806,rub_per_member_month,RU,decile_2|в том числе: денежные расходы (уточнение к: Расходы на потребление - всего)
2025-12-31,198.8,rub_per_member_month,RU,"decile_2|гостиницы, кафе и рестораны"
2025-12-31,1869.4,rub_per_member_month,RU,"decile_2|жилищные услуги, вода, электроэнергия, газ и другие виды топлива"
2025-12-31,497.4,rub_per_member_month,RU,decile_2|здравоохранение
2025-12-31,7664.1,rub_per_member_month,RU,decile_2|из них на: домашнее питание (уточнение к: Расходы на потребление - всего)
2025-12-31,18466.7,rub_per_member_month,RU,decile_2|из них: денежный доход (уточнение к: Располагаемые ресурсы - всего)
2025-12-31,643.6,rub_per_member_month,RU,decile_2|из них: поступлений из личного подсобного хозяйства (уточнение к: стоимость натуральных поступлений продуктов питания)
2025-12-31,711.2,rub_per_member_month,RU,decile_2|информация и коммуникация
2025-12-31,885.4,rub_per_member_month,RU,"decile_2|личная гигиена, социальная защита, прочие товары и услуги"
2025-12-31,608.8,rub_per_member_month,RU,"decile_2|мебель, бытовая техника и текущее содержание дома"
2025-12-31,186.7,rub_per_member_month,RU,decile_2|образование
2025-12-31,1157.9,rub_per_member_month,RU,decile_2|одежда и обувь
2025-12-31,393.4,rub_per_member_month,RU,"decile_2|организация отдыха, спортивных и культурных мероприятий"
2025-12-31,214.6,rub_per_member_month,RU,decile_2|полученных подарков и других поступлений
2025-12-31,156.9,rub_per_member_month,RU,decile_2|расходы на алкогольные напитки
2025-12-31,4217.9,rub_per_member_month,RU,decile_2|расходы на непродовольственные товары
2025-12-31,3596,rub_per_member_month,RU,decile_2|расходы на оплату услуг
2025-12-31,957.6,rub_per_member_month,RU,decile_2|стоимость натуральных поступлений
2025-12-31,858.1,rub_per_member_month,RU,decile_2|стоимость натуральных поступлений продуктов питания
2025-12-31,13.1,rub_per_member_month,RU,"decile_2|стоимость услуг, предоставленных работодателем бесплатно или по льготным ценам"
2025-12-31,90.8,rub_per_member_month,RU,decile_2|сумма привлеченных средств и израсходованных сбережений
2025-12-31,1223.3,rub_per_member_month,RU,decile_2|транспорт
2025-12-31,77.7,rub_per_member_month,RU,"decile_2|финансовые услуги, услуги страхования"
2025-12-31,18193.7,rub_per_member_month,RU,decile_3|Потребительские расходы - всего
2025-12-31,23805.7,rub_per_member_month,RU,decile_3|Располагаемые ресурсы - всего
2025-12-31,19137.2,rub_per_member_month,RU,decile_3|Расходы на потребление - всего
2025-12-31,9295.8,rub_per_member_month,RU,decile_3|Справочно: из общей суммы расходов на потребление: расходы на питание (уточнение к: Потребительские расходы - всего)
2025-12-31,421.1,rub_per_member_month,RU,decile_3|алкогольная продукция и табачные изделия
2025-12-31,8029.6,rub_per_member_month,RU,decile_3|в том числе: денежные расходы (уточнение к: Расходы на потребление - всего)
2025-12-31,329.4,rub_per_member_month,RU,"decile_3|гостиницы, кафе и рестораны"
2025-12-31,2167.5,rub_per_member_month,RU,"decile_3|жилищные услуги, вода, электроэнергия, газ и другие виды топлива"
2025-12-31,632.4,rub_per_member_month,RU,decile_3|здравоохранение
2025-12-31,8993.6,rub_per_member_month,RU,decile_3|из них на: домашнее питание (уточнение к: Расходы на потребление - всего)
2025-12-31,22583.8,rub_per_member_month,RU,decile_3|из них: денежный доход (уточнение к: Располагаемые ресурсы - всего)
2025-12-31,713.5,rub_per_member_month,RU,decile_3|из них: поступлений из личного подсобного хозяйства (уточнение к: стоимость натуральных поступлений продуктов питания)
2025-12-31,815.1,rub_per_member_month,RU,decile_3|информация и коммуникация
2025-12-31,1067,rub_per_member_month,RU,"decile_3|личная гигиена, социальная защита, прочие товары и услуги"
2025-12-31,773.5,rub_per_member_month,RU,"decile_3|мебель, бытовая техника и текущее содержание дома"
2025-12-31,255.3,rub_per_member_month,RU,decile_3|образование
2025-12-31,1443,rub_per_member_month,RU,decile_3|одежда и обувь
2025-12-31,562.9,rub_per_member_month,RU,"decile_3|организация отдыха, спортивных и культурных мероприятий"
2025-12-31,250.5,rub_per_member_month,RU,decile_3|полученных подарков и других поступлений
2025-12-31,207.6,rub_per_member_month,RU,decile_3|расходы на алкогольные напитки
2025-12-31,5199.7,rub_per_member_month,RU,decile_3|расходы на непродовольственные товары
2025-12-31,4422.7,rub_per_member_month,RU,decile_3|расходы на оплату услуг
2025-12-31,1093.1,rub_per_member_month,RU,decile_3|стоимость натуральных поступлений
2025-12-31,964,rub_per_member_month,RU,decile_3|стоимость натуральных поступлений продуктов питания
2025-12-31,11.5,rub_per_member_month,RU,"decile_3|стоимость услуг, предоставленных работодателем бесплатно или по льготным ценам"
2025-12-31,128.8,rub_per_member_month,RU,decile_3|сумма привлеченных средств и израсходованных сбережений
2025-12-31,1550.3,rub_per_member_month,RU,decile_3|транспорт
2025-12-31,114.6,rub_per_member_month,RU,"decile_3|финансовые услуги, услуги страхования"
2025-12-31,20938.7,rub_per_member_month,RU,decile_4|Потребительские расходы - всего
2025-12-31,28002.1,rub_per_member_month,RU,decile_4|Располагаемые ресурсы - всего
2025-12-31,21921.1,rub_per_member_month,RU,decile_4|Расходы на потребление - всего
2025-12-31,10363.7,rub_per_member_month,RU,decile_4|Справочно: из общей суммы расходов на потребление: расходы на питание (уточнение к: Потребительские расходы - всего)
2025-12-31,492.5,rub_per_member_month,RU,decile_4|алкогольная продукция и табачные изделия
2025-12-31,8907.8,rub_per_member_month,RU,decile_4|в том числе: денежные расходы (уточнение к: Расходы на потребление - всего)
2025-12-31,442,rub_per_member_month,RU,"decile_4|гостиницы, кафе и рестораны"
2025-12-31,2394.3,rub_per_member_month,RU,"decile_4|жилищные услуги, вода, электроэнергия, газ и другие виды топлива"
2025-12-31,801.3,rub_per_member_month,RU,decile_4|здравоохранение
2025-12-31,9954.8,rub_per_member_month,RU,decile_4|из них на: домашнее питание (уточнение к: Расходы на потребление - всего)
2025-12-31,26584.5,rub_per_member_month,RU,decile_4|из них: денежный доход (уточнение к: Располагаемые ресурсы - всего)
2025-12-31,793.9,rub_per_member_month,RU,decile_4|из них: поступлений из личного подсобного хозяйства (уточнение к: стоимость натуральных поступлений продуктов питания)
2025-12-31,922.2,rub_per_member_month,RU,decile_4|информация и коммуникация
2025-12-31,1209.1,rub_per_member_month,RU,"decile_4|личная гигиена, социальная защита, прочие товары и услуги"
2025-12-31,1043.8,rub_per_member_month,RU,"decile_4|мебель, бытовая техника и текущее содержание дома"
2025-12-31,316.2,rub_per_member_month,RU,decile_4|образование
2025-12-31,1593.6,rub_per_member_month,RU,decile_4|одежда и обувь
2025-12-31,718.9,rub_per_member_month,RU,"decile_4|организация отдыха, спортивных и культурных мероприятий"
2025-12-31,253.2,rub_per_member_month,RU,decile_4|полученных подарков и других поступлений
2025-12-31,249,rub_per_member_month,RU,decile_4|расходы на алкогольные напитки
2025-12-31,6233.5,rub_per_member_month,RU,decile_4|расходы на непродовольственные товары
2025-12-31,5058.8,rub_per_member_month,RU,decile_4|расходы на оплату услуг
2025-12-31,1206.3,rub_per_member_month,RU,decile_4|стоимость натуральных поступлений
2025-12-31,1047,rub_per_member_month,RU,decile_4|стоимость натуральных поступлений продуктов питания
2025-12-31,16,rub_per_member_month,RU,"decile_4|стоимость услуг, предоставленных работодателем бесплатно или по льготным ценам"
2025-12-31,211.3,rub_per_member_month,RU,decile_4|сумма привлеченных средств и израсходованных сбережений
2025-12-31,1866.9,rub_per_member_month,RU,decile_4|транспорт
2025-12-31,149.5,rub_per_member_month,RU,"decile_4|финансовые услуги, услуги страхования"
2025-12-31,23956.4,rub_per_member_month,RU,decile_5|Потребительские расходы - всего
2025-12-31,32686.1,rub_per_member_month,RU,decile_5|Располагаемые ресурсы - всего
2025-12-31,25078.8,rub_per_member_month,RU,decile_5|Расходы на потребление - всего
2025-12-31,11326.3,rub_per_member_month,RU,decile_5|Справочно: из общей суммы расходов на потребление: расходы на питание (уточнение к: Потребительские расходы - всего)
2025-12-31,585.7,rub_per_member_month,RU,decile_5|алкогольная продукция и табачные изделия
2025-12-31,9639.7,rub_per_member_month,RU,decile_5|в том числе: денежные расходы (уточнение к: Расходы на потребление - всего)
2025-12-31,619.9,rub_per_member_month,RU,"decile_5|гостиницы, кафе и рестораны"
2025-12-31,2702.2,rub_per_member_month,RU,"decile_5|жилищные услуги, вода, электроэнергия, газ и другие виды топлива"
2025-12-31,948,rub_per_member_month,RU,decile_5|здравоохранение
2025-12-31,10761.4,rub_per_member_month,RU,decile_5|из них на: домашнее питание (уточнение к: Расходы на потребление - всего)
2025-12-31,31020.8,rub_per_member_month,RU,decile_5|из них: денежный доход (уточнение к: Располагаемые ресурсы - всего)
2025-12-31,847.5,rub_per_member_month,RU,decile_5|из них: поступлений из личного подсобного хозяйства (уточнение к: стоимость натуральных поступлений продуктов питания)
2025-12-31,1066,rub_per_member_month,RU,decile_5|информация и коммуникация
2025-12-31,1523.5,rub_per_member_month,RU,"decile_5|личная гигиена, социальная защита, прочие товары и услуги"
2025-12-31,1125.6,rub_per_member_month,RU,"decile_5|мебель, бытовая техника и текущее содержание дома"
2025-12-31,399.1,rub_per_member_month,RU,decile_5|образование
2025-12-31,1855,rub_per_member_month,RU,decile_5|одежда и обувь
2025-12-31,997.7,rub_per_member_month,RU,"decile_5|организация отдыха, спортивных и культурных мероприятий"
2025-12-31,274.2,rub_per_member_month,RU,decile_5|полученных подарков и других поступлений
2025-12-31,334.6,rub_per_member_month,RU,decile_5|расходы на алкогольные напитки
2025-12-31,7306.9,rub_per_member_month,RU,decile_5|расходы на непродовольственные товары
2025-12-31,6091.1,rub_per_member_month,RU,decile_5|расходы на оплату услуг
2025-12-31,1307.6,rub_per_member_month,RU,decile_5|стоимость натуральных поступлений
2025-12-31,1121.7,rub_per_member_month,RU,decile_5|стоимость натуральных поступлений продуктов питания
2025-12-31,19.9,rub_per_member_month,RU,"decile_5|стоимость услуг, предоставленных работодателем бесплатно или по льготным ценам"
2025-12-31,357.7,rub_per_member_month,RU,decile_5|сумма привлеченных средств и израсходованных сбережений
2025-12-31,2295.5,rub_per_member_month,RU,decile_5|транспорт
2025-12-31,179.3,rub_per_member_month,RU,"decile_5|финансовые услуги, услуги страхования"
2025-12-31,27623.5,rub_per_member_month,RU,decile_6|Потребительские расходы - всего
2025-12-31,38314.1,rub_per_member_month,RU,decile_6|Располагаемые ресурсы - всего
2025-12-31,28735.7,rub_per_member_month,RU,decile_6|Расходы на потребление - всего
2025-12-31,12497.1,rub_per_member_month,RU,decile_6|Справочно: из общей суммы расходов на потребление: расходы на питание (уточнение к: Потребительские расходы - всего)
2025-12-31,658.4,rub_per_member_month,RU,decile_6|алкогольная продукция и табачные изделия
2025-12-31,10463.6,rub_per_member_month,RU,decile_6|в том числе: денежные расходы (уточнение к: Расходы на потребление - всего)
2025-12-31,1028,rub_per_member_month,RU,"decile_6|гостиницы, кафе и рестораны"
2025-12-31,2873.3,rub_per_member_month,RU,"decile_6|жилищные услуги, вода, электроэнергия, газ и другие виды топлива"
2025-12-31,1108.3,rub_per_member_month,RU,decile_6|здравоохранение
2025-12-31,11553.7,rub_per_member_month,RU,decile_6|из них на: домашнее питание (уточнение к: Расходы на потребление - всего)
2025-12-31,36503.7,rub_per_member_month,RU,decile_6|из них: денежный доход (уточнение к: Располагаемые ресурсы - всего)
2025-12-31,790.9,rub_per_member_month,RU,decile_6|из них: поступлений из личного подсобного хозяйства (уточнение к: стоимость натуральных поступлений продуктов питания)
2025-12-31,1180.2,rub_per_member_month,RU,decile_6|информация и коммуникация
2025-12-31,1848.8,rub_per_member_month,RU,"decile_6|личная гигиена, социальная защита, прочие товары и услуги"
2025-12-31,1394.8,rub_per_member_month,RU,"decile_6|мебель, бытовая техника и текущее содержание дома"
2025-12-31,488.1,rub_per_member_month,RU,decile_6|образование
2025-12-31,2136.4,rub_per_member_month,RU,decile_6|одежда и обувь
2025-12-31,1449,rub_per_member_month,RU,"decile_6|организация отдыха, спортивных и культурных мероприятий"
2025-12-31,299.3,rub_per_member_month,RU,decile_6|полученных подарков и других поступлений
2025-12-31,384.4,rub_per_member_month,RU,decile_6|расходы на алкогольные напитки
2025-12-31,8477.4,rub_per_member_month,RU,decile_6|расходы на непродовольственные товары
2025-12-31,7329.8,rub_per_member_month,RU,decile_6|расходы на оплату услуг
2025-12-31,1356.8,rub_per_member_month,RU,decile_6|стоимость натуральных поступлений
2025-12-31,1090.1,rub_per_member_month,RU,decile_6|стоимость натуральных поступлений продуктов питания
2025-12-31,46.9,rub_per_member_month,RU,"decile_6|стоимость услуг, предоставленных работодателем бесплатно или по льготным ценам"
2025-12-31,453.7,rub_per_member_month,RU,decile_6|сумма привлеченных средств и израсходованных сбережений
2025-12-31,2736.9,rub_per_member_month,RU,decile_6|транспорт
2025-12-31,232.8,rub_per_member_month,RU,"decile_6|финансовые услуги, услуги страхования"
2025-12-31,32676.6,rub_per_member_month,RU,decile_7|Потребительские расходы - всего
2025-12-31,46047.2,rub_per_member_month,RU,decile_7|Располагаемые ресурсы - всего
2025-12-31,33782.8,rub_per_member_month,RU,decile_7|Расходы на потребление - всего
2025-12-31,13366.9,rub_per_member_month,RU,decile_7|Справочно: из общей суммы расходов на потребление: расходы на питание (уточнение к: Потребительские расходы - всего)
2025-12-31,779.8,rub_per_member_month,RU,decile_7|алкогольная продукция и табачные изделия
2025-12-31,11168,rub_per_member_month,RU,decile_7|в том числе: денежные расходы (уточнение к: Расходы на потребление - всего)
2025-12-31,1235.5,rub_per_member_month,RU,"decile_7|гостиницы, кафе и рестораны"
2025-12-31,3331.1,rub_per_member_month,RU,"decile_7|жилищные услуги, вода, электроэнергия, газ и другие виды топлива"
2025-12-31,1330.9,rub_per_member_month,RU,decile_7|здравоохранение
2025-12-31,12241.8,rub_per_member_month,RU,decile_7|из них на: домашнее питание (уточнение к: Расходы на потребление - всего)
2025-12-31,43811,rub_per_member_month,RU,decile_7|из них: денежный доход (уточнение к: Располагаемые ресурсы - всего)
2025-12-31,725,rub_per_member_month,RU,decile_7|из них: поступлений из личного подсобного хозяйства (уточнение к: стоимость натуральных поступлений продуктов питания)
2025-12-31,1487.1,rub_per_member_month,RU,decile_7|информация и коммуникация
2025-12-31,2246.1,rub_per_member_month,RU,"decile_7|личная гигиена, социальная защита, прочие товары и услуги"
2025-12-31,1733.5,rub_per_member_month,RU,"decile_7|мебель, бытовая техника и текущее содержание дома"
2025-12-31,908.6,rub_per_member_month,RU,decile_7|образование
2025-12-31,2536.8,rub_per_member_month,RU,decile_7|одежда и обувь
2025-12-31,2252.7,rub_per_member_month,RU,"decile_7|организация отдыха, спортивных и культурных мероприятий"
2025-12-31,348.9,rub_per_member_month,RU,decile_7|полученных подарков и других поступлений
2025-12-31,471.2,rub_per_member_month,RU,decile_7|расходы на алкогольные напитки
2025-12-31,10208.7,rub_per_member_month,RU,decile_7|расходы на непродовольственные товары
2025-12-31,9656.7,rub_per_member_month,RU,decile_7|расходы на оплату услуг
2025-12-31,1426.6,rub_per_member_month,RU,decile_7|стоимость натуральных поступлений
2025-12-31,1073.9,rub_per_member_month,RU,decile_7|стоимость натуральных поступлений продуктов питания
2025-12-31,79.4,rub_per_member_month,RU,"decile_7|стоимость услуг, предоставленных работодателем бесплатно или по льготным ценам"
2025-12-31,809.6,rub_per_member_month,RU,decile_7|сумма привлеченных средств и израсходованных сбережений
2025-12-31,3363.2,rub_per_member_month,RU,decile_7|транспорт
2025-12-31,256.3,rub_per_member_month,RU,"decile_7|финансовые услуги, услуги страхования"
2025-12-31,39977.8,rub_per_member_month,RU,decile_8|Потребительские расходы - всего
2025-12-31,57825.6,rub_per_member_month,RU,decile_8|Располагаемые ресурсы - всего
2025-12-31,41240.1,rub_per_member_month,RU,decile_8|Расходы на потребление - всего
2025-12-31,14995.2,rub_per_member_month,RU,decile_8|Справочно: из общей суммы расходов на потребление: расходы на питание (уточнение к: Потребительские расходы - всего)
2025-12-31,1011.4,rub_per_member_month,RU,decile_8|алкогольная продукция и табачные изделия
2025-12-31,12411.1,rub_per_member_month,RU,decile_8|в том числе: денежные расходы (уточнение к: Расходы на потребление - всего)
2025-12-31,1607.2,rub_per_member_month,RU,"decile_8|гостиницы, кафе и рестораны"
2025-12-31,3752.2,rub_per_member_month,RU,"decile_8|жилищные услуги, вода, электроэнергия, газ и другие виды топлива"
2025-12-31,1863.1,rub_per_member_month,RU,decile_8|здравоохранение
2025-12-31,13557.3,rub_per_member_month,RU,decile_8|из них на: домашнее питание (уточнение к: Расходы на потребление - всего)
2025-12-31,54879,rub_per_member_month,RU,decile_8|из них: денежный доход (уточнение к: Располагаемые ресурсы - всего)
2025-12-31,770.4,rub_per_member_month,RU,decile_8|из них: поступлений из личного подсобного хозяйства (уточнение к: стоимость натуральных поступлений продуктов питания)
2025-12-31,1718.7,rub_per_member_month,RU,decile_8|информация и коммуникация
2025-12-31,2801.5,rub_per_member_month,RU,"decile_8|личная гигиена, социальная защита, прочие товары и услуги"
2025-12-31,2379.3,rub_per_member_month,RU,"decile_8|мебель, бытовая техника и текущее содержание дома"
2025-12-31,1220.2,rub_per_member_month,RU,decile_8|образование
2025-12-31,2696.3,rub_per_member_month,RU,decile_8|одежда и обувь
2025-12-31,3414.9,rub_per_member_month,RU,"decile_8|организация отдыха, спортивных и культурных мероприятий"
2025-12-31,375.8,rub_per_member_month,RU,decile_8|полученных подарков и других поступлений
2025-12-31,648.3,rub_per_member_month,RU,decile_8|расходы на алкогольные напитки
2025-12-31,12760.2,rub_per_member_month,RU,decile_8|расходы на непродовольственные товары
2025-12-31,12670.8,rub_per_member_month,RU,decile_8|расходы на оплату услуг
2025-12-31,1707.2,rub_per_member_month,RU,decile_8|стоимость натуральных поступлений
2025-12-31,1146.2,rub_per_member_month,RU,decile_8|стоимость натуральных поступлений продуктов питания
2025-12-31,165.5,rub_per_member_month,RU,"decile_8|стоимость услуг, предоставленных работодателем бесплатно или по льготным ценам"
2025-12-31,1239.4,rub_per_member_month,RU,decile_8|сумма привлеченных средств и израсходованных сбережений
2025-12-31,4626.3,rub_per_member_month,RU,decile_8|транспорт
2025-12-31,426,rub_per_member_month,RU,"decile_8|финансовые услуги, услуги страхования"
2025-12-31,50430.5,rub_per_member_month,RU,decile_9|Потребительские расходы - всего
2025-12-31,76293.9,rub_per_member_month,RU,decile_9|Располагаемые ресурсы - всего
2025-12-31,51525.5,rub_per_member_month,RU,decile_9|Расходы на потребление - всего
2025-12-31,18008.2,rub_per_member_month,RU,decile_9|Справочно: из общей суммы расходов на потребление: расходы на питание (уточнение к: Потребительские расходы - всего)
2025-12-31,1248.5,rub_per_member_month,RU,decile_9|алкогольная продукция и табачные изделия
2025-12-31,14487.3,rub_per_member_month,RU,decile_9|в том числе: денежные расходы (уточнение к: Расходы на потребление - всего)
2025-12-31,2669.2,rub_per_member_month,RU,"decile_9|гостиницы, кафе и рестораны"
2025-12-31,4896.2,rub_per_member_month,RU,"decile_9|жилищные услуги, вода, электроэнергия, газ и другие виды топлива"
2025-12-31,2867.2,rub_per_member_month,RU,decile_9|здравоохранение
2025-12-31,15598.1,rub_per_member_month,RU,decile_9|из них на: домашнее питание (уточнение к: Расходы на потребление - всего)
2025-12-31,72631.8,rub_per_member_month,RU,decile_9|из них: денежный доход (уточнение к: Располагаемые ресурсы - всего)
2025-12-31,696.3,rub_per_member_month,RU,decile_9|из них: поступлений из личного подсобного хозяйства (уточнение к: стоимость натуральных поступлений продуктов питания)
2025-12-31,1997.1,rub_per_member_month,RU,decile_9|информация и коммуникация
2025-12-31,3859.2,rub_per_member_month,RU,"decile_9|личная гигиена, социальная защита, прочие товары и услуги"
2025-12-31,2466.3,rub_per_member_month,RU,"decile_9|мебель, бытовая техника и текущее содержание дома"
2025-12-31,1348.5,rub_per_member_month,RU,decile_9|образование
2025-12-31,3494,rub_per_member_month,RU,decile_9|одежда и обувь
2025-12-31,4010.6,rub_per_member_month,RU,"decile_9|организация отдыха, спортивных и культурных мероприятий"
2025-12-31,414.5,rub_per_member_month,RU,decile_9|полученных подарков и других поступлений
2025-12-31,853.6,rub_per_member_month,RU,decile_9|расходы на алкогольные напитки
2025-12-31,15746.2,rub_per_member_month,RU,decile_9|расходы на непродовольственные товары
2025-12-31,16789.9,rub_per_member_month,RU,decile_9|расходы на оплату услуг
2025-12-31,1678.1,rub_per_member_month,RU,decile_9|стоимость натуральных поступлений
2025-12-31,1110.8,rub_per_member_month,RU,decile_9|стоимость натуральных поступлений продуктов питания
2025-12-31,127.6,rub_per_member_month,RU,"decile_9|стоимость услуг, предоставленных работодателем бесплатно или по льготным ценам"
2025-12-31,1983.9,rub_per_member_month,RU,decile_9|сумма привлеченных средств и израсходованных сбережений
2025-12-31,6352.6,rub_per_member_month,RU,decile_9|транспорт
2025-12-31,590.4,rub_per_member_month,RU,"decile_9|финансовые услуги, услуги страхования"
