date,value,unit,region,breakdown
2025-03-31,269.74,rub_per_sqm_month,Алтайский край,здания
2025-03-31,194,rub_per_sqm_month,Алтайский край,машино-места
2025-03-31,512.28,rub_per_sqm_month,Алтайский край,помещения
2025-03-31,246.57,rub_per_sqm_month,Алтайский край,сооружения
2025-03-31,1058.53,rub_per_sqm_month,Амурская область,здания
2025-03-31,864.71,rub_per_sqm_month,Амурская область,помещения
2025-03-31,77.74,rub_per_sqm_month,Амурская область,сооружения
2025-03-31,319.32,rub_per_sqm_month,Архангельская область,здания
2025-03-31,529.36,rub_per_sqm_month,Архангельская область,помещения
2025-03-31,76.26,rub_per_sqm_month,Архангельская область,сооружения
2025-03-31,319.83,rub_per_sqm_month,Архангельская область (кроме Ненецкого автономного округа),здания
2025-03-31,117.85,rub_per_sqm_month,Архангельская область (кроме Ненецкого автономного округа),машино-места
2025-03-31,512.9,rub_per_sqm_month,Архангельская область (кроме Ненецкого автономного округа),помещения
2025-03-31,76.26,rub_per_sqm_month,Архангельская область (кроме Ненецкого автономного округа),сооружения
2025-03-31,214.19,rub_per_sqm_month,Астраханская область,здания
2025-03-31,520.82,rub_per_sqm_month,Астраханская область,помещения
2025-03-31,661.59,rub_per_sqm_month,Астраханская область,сооружения
2025-03-31,441.61,rub_per_sqm_month,Белгородская область,здания
2025-03-31,100.22,rub_per_sqm_month,Белгородская область,машино-места
2025-03-31,382.34,rub_per_sqm_month,Белгородская область,помещения
2025-03-31,116.52,rub_per_sqm_month,Белгородская область,сооружения
2025-03-31,397.93,rub_per_sqm_month,Брянская область,здания
2025-03-31,644.81,rub_per_sqm_month,Брянская область,помещения
2025-03-31,283.45,rub_per_sqm_month,Брянская область,сооружения
2025-03-31,359.64,rub_per_sqm_month,Владимирская область,здания
2025-03-31,45.47,rub_per_sqm_month,Владимирская область,машино-места
2025-03-31,330.89,rub_per_sqm_month,Владимирская область,помещения
2025-03-31,81.19,rub_per_sqm_month,Владимирская область,сооружения
2025-03-31,897.67,rub_per_sqm_month,Волгоградская область,здания
2025-03-31,171.97,rub_per_sqm_month,Волгоградская область,машино-места
2025-03-31,567.8,rub_per_sqm_month,Волгоградская область,помещения
2025-03-31,282.87,rub_per_sqm_month,Волгоградская область,сооружения
2025-03-31,306.12,rub_per_sqm_month,Вологодская область,здания
2025-03-31,540.41,rub_per_sqm_month,Вологодская область,помещения
2025-03-31,32.58,rub_per_sqm_month,Вологодская область,сооружения
2025-03-31,1695.78,rub_per_sqm_month,Воронежская область,здания
2025-03-31,1279.24,rub_per_sqm_month,Воронежская область,помещения
2025-03-31,44.53,rub_per_sqm_month,Воронежская область,сооружения
2025-03-31,9061.37,rub_per_sqm_month,Город Москва столица Российской Федерации город федерального значения,здания
2025-03-31,2234.34,rub_per_sqm_month,Город Москва столица Российской Федерации город федерального значения,машино-места
2025-03-31,4264.64,rub_per_sqm_month,Город Москва столица Российской Федерации город федерального значения,помещения
2025-03-31,694.47,rub_per_sqm_month,Город Москва столица Российской Федерации город федерального значения,сооружения
2025-03-31,1747.24,rub_per_sqm_month,Город Санкт-Петербург город федерального значения,здания
2025-03-31,2299.99,rub_per_sqm_month,Город Санкт-Петербург город федерального значения,машино-места
2025-03-31,2063.21,rub_per_sqm_month,Город Санкт-Петербург город федерального значения,помещения
2025-03-31,1437.23,rub_per_sqm_month,Город Санкт-Петербург город федерального значения,сооружения
2025-03-31,364.47,rub_per_sqm_month,Город федерального значения Севастополь,здания
2025-03-31,425.68,rub_per_sqm_month,Город федерального значения Севастополь,помещения
2025-03-31,632.53,rub_per_sqm_month,Город федерального значения Севастополь,сооружения
2025-03-31,963.57,rub_per_sqm_month,Дальневосточный федеральный округ (с 03.11.2018),здания
2025-03-31,1310.57,rub_per_sqm_month,Дальневосточный федеральный округ (с 03.11.2018),помещения
2025-03-31,300.59,rub_per_sqm_month,Дальневосточный федеральный округ (с 03.11.2018),сооружения
2025-03-31,289.25,rub_per_sqm_month,Забайкальский край,здания
2025-03-31,444.49,rub_per_sqm_month,Забайкальский край,машино-места
2025-03-31,450.22,rub_per_sqm_month,Забайкальский край,помещения
2025-03-31,145.38,rub_per_sqm_month,Забайкальский край,сооружения
2025-03-31,417.73,rub_per_sqm_month,Ивановская область,здания
2025-03-31,406.3,rub_per_sqm_month,Ивановская область,помещения
2025-03-31,788.88,rub_per_sqm_month,Ивановская область,сооружения
2025-03-31,387.46,rub_per_sqm_month,Иркутская область,здания
2025-03-31,246.28,rub_per_sqm_month,Иркутская область,машино-места
2025-03-31,655.39,rub_per_sqm_month,Иркутская область,помещения
2025-03-31,6.74,rub_per_sqm_month,Иркутская область,сооружения
2025-03-31,105.01,rub_per_sqm_month,Кабардино-Балкарская Республика,здания
2025-03-31,337.33,rub_per_sqm_month,Кабардино-Балкарская Республика,помещения
2025-03-31,5652.45,rub_per_sqm_month,Калининградская область,здания
2025-03-31,478.46,rub_per_sqm_month,Калининградская область,помещения
2025-03-31,718.51,rub_per_sqm_month,Калининградская область,сооружения
2025-03-31,216.13,rub_per_sqm_month,Калужская область,здания
2025-03-31,286.98,rub_per_sqm_month,Калужская область,помещения
2025-03-31,434.83,rub_per_sqm_month,Камчатский край,здания
2025-03-31,1143.52,rub_per_sqm_month,Камчатский край,помещения
2025-03-31,770.24,rub_per_sqm_month,Камчатский край,сооружения
2025-03-31,603.61,rub_per_sqm_month,Карачаево-Черкесская Республика,здания
2025-03-31,384.62,rub_per_sqm_month,Карачаево-Черкесская Республика,помещения
2025-03-31,358.21,rub_per_sqm_month,Кемеровская область - Кузбасс,здания
2025-03-31,400.79,rub_per_sqm_month,Кемеровская область - Кузбасс,машино-места
2025-03-31,838.11,rub_per_sqm_month,Кемеровская область - Кузбасс,помещения
2025-03-31,248.04,rub_per_sqm_month,Кемеровская область - Кузбасс,сооружения
2025-03-31,301.66,rub_per_sqm_month,Кировская область,здания
2025-03-31,216.39,rub_per_sqm_month,Кировская область,машино-места
2025-03-31,427,rub_per_sqm_month,Кировская область,помещения
2025-03-31,108.62,rub_per_sqm_month,Кировская область,сооружения
2025-03-31,148.35,rub_per_sqm_month,Костромская область,здания
2025-03-31,393.51,rub_per_sqm_month,Костромская область,помещения
2025-03-31,537.2,rub_per_sqm_month,Краснодарский край,здания
2025-03-31,182.41,rub_per_sqm_month,Краснодарский край,машино-места
2025-03-31,2837.63,rub_per_sqm_month,Краснодарский край,помещения
2025-03-31,837.47,rub_per_sqm_month,Краснодарский край,сооружения
2025-03-31,369.83,rub_per_sqm_month,Красноярский край,здания
2025-03-31,443.11,rub_per_sqm_month,Красноярский край,машино-места
2025-03-31,912.9,rub_per_sqm_month,Красноярский край,помещения
2025-03-31,249.24,rub_per_sqm_month,Красноярский край,сооружения
2025-03-31,136.82,rub_per_sqm_month,Курганская область,здания
2025-03-31,236.02,rub_per_sqm_month,Курганская область,помещения
2025-03-31,427.01,rub_per_sqm_month,Курская область,здания
2025-03-31,975.31,rub_per_sqm_month,Курская область,помещения
2025-03-31,32.96,rub_per_sqm_month,Курская область,сооружения
2025-03-31,2224.39,rub_per_sqm_month,Ленинградская область,здания
2025-03-31,142.57,rub_per_sqm_month,Ленинградская область,машино-места
2025-03-31,586.25,rub_per_sqm_month,Ленинградская область,помещения
2025-03-31,170.9,rub_per_sqm_month,Ленинградская область,сооружения
2025-03-31,816.26,rub_per_sqm_month,Липецкая область,здания
2025-03-31,97.51,rub_per_sqm_month,Липецкая область,машино-места
2025-03-31,222.59,rub_per_sqm_month,Липецкая область,помещения
2025-03-31,567.32,rub_per_sqm_month,Липецкая область,сооружения
2025-03-31,224.07,rub_per_sqm_month,Магаданская область,здания
2025-03-31,1068.8,rub_per_sqm_month,Магаданская область,помещения
2025-03-31,7639.1,rub_per_sqm_month,Московская область,здания
2025-03-31,365.62,rub_per_sqm_month,Московская область,машино-места
2025-03-31,1096.84,rub_per_sqm_month,Московская область,помещения
2025-03-31,262.02,rub_per_sqm_month,Московская область,сооружения
2025-03-31,946.17,rub_per_sqm_month,Мурманская область,здания
2025-03-31,805.08,rub_per_sqm_month,Мурманская область,помещения
2025-03-31,484.72,rub_per_sqm_month,Мурманская область,сооружения
2025-03-31,277.39,rub_per_sqm_month,Ненецкий автономный округ (Архангельская область),здания
2025-03-31,811.23,rub_per_sqm_month,Ненецкий автономный округ (Архангельская область),помещения
2025-03-31,768.98,rub_per_sqm_month,Нижегородская область,здания
2025-03-31,543.54,rub_per_sqm_month,Нижегородская область,помещения
2025-03-31,429.49,rub_per_sqm_month,Нижегородская область,сооружения
2025-03-31,1280.23,rub_per_sqm_month,Новгородская область,здания
2025-03-31,320.66,rub_per_sqm_month,Новгородская область,помещения
2025-03-31,398.95,rub_per_sqm_month,Новгородская область,сооружения
2025-03-31,2019.41,rub_per_sqm_month,Новосибирская область,здания
2025-03-31,264.47,rub_per_sqm_month,Новосибирская область,машино-места
2025-03-31,793.03,rub_per_sqm_month,Новосибирская область,помещения
2025-03-31,48.12,rub_per_sqm_month,Новосибирская область,сооружения
2025-03-31,494.81,rub_per_sqm_month,Омская область,здания
2025-03-31,423.97,rub_per_sqm_month,Омская область,помещения
2025-03-31,47.98,rub_per_sqm_month,Омская область,сооружения
2025-03-31,262.1,rub_per_sqm_month,Оренбургская область,здания
2025-03-31,248.94,rub_per_sqm_month,Оренбургская область,машино-места
2025-03-31,877.76,rub_per_sqm_month,Оренбургская область,помещения
2025-03-31,154.31,rub_per_sqm_month,Оренбургская область,сооружения
2025-03-31,238.83,rub_per_sqm_month,Орловская область,здания
2025-03-31,232.19,rub_per_sqm_month,Орловская область,помещения
2025-03-31,38.5,rub_per_sqm_month,Орловская область,сооружения
2025-03-31,215.26,rub_per_sqm_month,Пензенская область,здания
2025-03-31,268.68,rub_per_sqm_month,Пензенская область,помещения
2025-03-31,52.88,rub_per_sqm_month,Пензенская область,сооружения
2025-03-31,565.94,rub_per_sqm_month,Пермский край,здания
2025-03-31,58.77,rub_per_sqm_month,Пермский край,машино-места
2025-03-31,1265.59,rub_per_sqm_month,Пермский край,помещения
2025-03-31,4.32,rub_per_sqm_month,Пермский край,сооружения
2025-03-31,390.49,rub_per_sqm_month,Приволжский федеральный округ,здания
2025-03-31,240.45,rub_per_sqm_month,Приволжский федеральный округ,машино-места
2025-03-31,613.19,rub_per_sqm_month,Приволжский федеральный округ,помещения
2025-03-31,71.31,rub_per_sqm_month,Приволжский федеральный округ,сооружения
2025-03-31,875.48,rub_per_sqm_month,Приморский край,здания
2025-03-31,1490.97,rub_per_sqm_month,Приморский край,помещения
2025-03-31,306.28,rub_per_sqm_month,Приморский край,сооружения
2025-03-31,574.14,rub_per_sqm_month,Псковская область,здания
2025-03-31,377.3,rub_per_sqm_month,Псковская область,помещения
2025-03-31,355.17,rub_per_sqm_month,Псковская область,сооружения
2025-03-31,341.64,rub_per_sqm_month,Республика Адыгея (Адыгея),здания
2025-03-31,1664.33,rub_per_sqm_month,Республика Адыгея (Адыгея),помещения
2025-03-31,1280.62,rub_per_sqm_month,Республика Алтай,здания
2025-03-31,467.73,rub_per_sqm_month,Республика Башкортостан,здания
2025-03-31,582.63,rub_per_sqm_month,Республика Башкортостан,помещения
2025-03-31,94.66,rub_per_sqm_month,Республика Башкортостан,сооружения
2025-03-31,244.45,rub_per_sqm_month,Республика Бурятия,здания
2025-03-31,708.91,rub_per_sqm_month,Республика Бурятия,помещения
2025-03-31,208.91,rub_per_sqm_month,Республика Бурятия,сооружения
2025-03-31,4287.2,rub_per_sqm_month,Республика Калмыкия,здания
2025-03-31,140.45,rub_per_sqm_month,Республика Калмыкия,помещения
2025-03-31,256.96,rub_per_sqm_month,Республика Карелия,здания
2025-03-31,943.16,rub_per_sqm_month,Республика Карелия,помещения
2025-03-31,44.66,rub_per_sqm_month,Республика Карелия,сооружения
2025-03-31,1032.92,rub_per_sqm_month,Республика Коми,здания
2025-03-31,480.69,rub_per_sqm_month,Республика Коми,помещения
2025-03-31,293.32,rub_per_sqm_month,Республика Коми,сооружения
2025-03-31,163.92,rub_per_sqm_month,Республика Крым,здания
2025-03-31,959.51,rub_per_sqm_month,Республика Крым,помещения
2025-03-31,772.66,rub_per_sqm_month,Республика Крым,сооружения
2025-03-31,88.64,rub_per_sqm_month,Республика Марий Эл,здания
2025-03-31,248.57,rub_per_sqm_month,Республика Марий Эл,помещения
2025-03-31,203.45,rub_per_sqm_month,Республика Марий Эл,сооружения
2025-03-31,250.8,rub_per_sqm_month,Республика Мордовия,здания
2025-03-31,243.93,rub_per_sqm_month,Республика Мордовия,помещения
2025-03-31,59.47,rub_per_sqm_month,Республика Мордовия,сооружения
2025-03-31,967.68,rub_per_sqm_month,Республика Саха (Якутия),здания
2025-03-31,1352.68,rub_per_sqm_month,Республика Саха (Якутия),помещения
2025-03-31,27.85,rub_per_sqm_month,Республика Саха (Якутия),сооружения
2025-03-31,480.78,rub_per_sqm_month,Республика Северная Осетия-Алания,здания
2025-03-31,2345.25,rub_per_sqm_month,Республика Северная Осетия-Алания,помещения
2025-03-31,364.8,rub_per_sqm_month,Республика Татарстан (Татарстан),здания
2025-03-31,456.63,rub_per_sqm_month,Республика Татарстан (Татарстан),машино-места
2025-03-31,901.05,rub_per_sqm_month,Республика Татарстан (Татарстан),помещения
2025-03-31,472.41,rub_per_sqm_month,Республика Татарстан (Татарстан),сооружения
2025-03-31,236.96,rub_per_sqm_month,Республика Тыва,здания
2025-03-31,243.56,rub_per_sqm_month,Республика Хакасия,здания
2025-03-31,200.3,rub_per_sqm_month,Республика Хакасия,помещения
2025-03-31,236.9,rub_per_sqm_month,Республика Хакасия,сооружения
2025-03-31,3638.03,rub_per_sqm_month,Российская Федерация,здания
2025-03-31,990.41,rub_per_sqm_month,Российская Федерация,машино-места
2025-03-31,1640.38,rub_per_sqm_month,Российская Федерация,помещения
2025-03-31,215.77,rub_per_sqm_month,Российская Федерация,сооружения
2025-03-31,517.58,rub_per_sqm_month,Ростовская область,здания
2025-03-31,334.58,rub_per_sqm_month,Ростовская область,машино-места
2025-03-31,703.29,rub_per_sqm_month,Ростовская область,помещения
2025-03-31,735.23,rub_per_sqm_month,Ростовская область,сооружения
2025-03-31,238.6,rub_per_sqm_month,Рязанская область,здания
2025-03-31,132.16,rub_per_sqm_month,Рязанская область,машино-места
2025-03-31,307.71,rub_per_sqm_month,Рязанская область,помещения
2025-03-31,332.16,rub_per_sqm_month,Самарская область,здания
2025-03-31,1127.82,rub_per_sqm_month,Самарская область,машино-места
2025-03-31,998.76,rub_per_sqm_month,Самарская область,помещения
2025-03-31,104.25,rub_per_sqm_month,Самарская область,сооружения
2025-03-31,475.02,rub_per_sqm_month,Саратовская область,здания
2025-03-31,82.14,rub_per_sqm_month,Саратовская область,машино-места
2025-03-31,389.15,rub_per_sqm_month,Саратовская область,помещения
2025-03-31,198.33,rub_per_sqm_month,Саратовская область,сооружения
2025-03-31,983.75,rub_per_sqm_month,Сахалинская область,здания
2025-03-31,255.06,rub_per_sqm_month,Сахалинская область,машино-места
2025-03-31,1496.89,rub_per_sqm_month,Сахалинская область,помещения
2025-03-31,274.08,rub_per_sqm_month,Сахалинская область,сооружения
2025-03-31,572.06,rub_per_sqm_month,Свердловская область,здания
2025-03-31,203.91,rub_per_sqm_month,Свердловская область,машино-места
2025-03-31,782.94,rub_per_sqm_month,Свердловская область,помещения
2025-03-31,300.69,rub_per_sqm_month,Свердловская область,сооружения
2025-03-31,1884.91,rub_per_sqm_month,Северо-Западный федеральный округ,здания
2025-03-31,2082.68,rub_per_sqm_month,Северо-Западный федеральный округ,машино-места
2025-03-31,1610.93,rub_per_sqm_month,Северо-Западный федеральный округ,помещения
2025-03-31,772.25,rub_per_sqm_month,Северо-Западный федеральный округ,сооружения
2025-03-31,379.09,rub_per_sqm_month,Северо-Кавказский федеральный округ,здания
2025-03-31,725.02,rub_per_sqm_month,Северо-Кавказский федеральный округ,помещения
2025-03-31,42.21,rub_per_sqm_month,Северо-Кавказский федеральный округ,сооружения
2025-03-31,775.9,rub_per_sqm_month,Сибирский федеральный округ (с 03.11.2018),здания
2025-03-31,287.7,rub_per_sqm_month,Сибирский федеральный округ (с 03.11.2018),машино-места
2025-03-31,716.81,rub_per_sqm_month,Сибирский федеральный округ (с 03.11.2018),помещения
2025-03-31,67.59,rub_per_sqm_month,Сибирский федеральный округ (с 03.11.2018),сооружения
2025-03-31,413.8,rub_per_sqm_month,Смоленская область,здания
2025-03-31,284.71,rub_per_sqm_month,Смоленская область,помещения
2025-03-31,243.68,rub_per_sqm_month,Смоленская область,сооружения
2025-03-31,373.31,rub_per_sqm_month,Ставропольский край,здания
2025-03-31,469.07,rub_per_sqm_month,Ставропольский край,помещения
2025-03-31,468.86,rub_per_sqm_month,Тамбовская область,здания
2025-03-31,81.74,rub_per_sqm_month,Тамбовская область,машино-места
2025-03-31,205.71,rub_per_sqm_month,Тамбовская область,помещения
2025-03-31,128.22,rub_per_sqm_month,Тамбовская область,сооружения
2025-03-31,691.02,rub_per_sqm_month,Тверская область,здания
2025-03-31,415.12,rub_per_sqm_month,Тверская область,помещения
2025-03-31,242.51,rub_per_sqm_month,Тверская область,сооружения
2025-03-31,258.86,rub_per_sqm_month,Томская область,здания
2025-03-31,642.19,rub_per_sqm_month,Томская область,помещения
2025-03-31,42.78,rub_per_sqm_month,Томская область,сооружения
2025-03-31,516.47,rub_per_sqm_month,Тульская область,здания
2025-03-31,550.4,rub_per_sqm_month,Тульская область,помещения
2025-03-31,88.54,rub_per_sqm_month,Тульская область,сооружения
2025-03-31,959.39,rub_per_sqm_month,Тюменская область,здания
2025-03-31,1110.79,rub_per_sqm_month,Тюменская область,машино-места
2025-03-31,1383.49,rub_per_sqm_month,Тюменская область,помещения
2025-03-31,301.09,rub_per_sqm_month,Тюменская область,сооружения
2025-03-31,1305.96,rub_per_sqm_month,Тюменская область (кроме Ханты-Мансийского автономного округа-Югры и Ямало-Ненецкого автономного округа),здания
2025-03-31,1110.04,rub_per_sqm_month,Тюменская область (кроме Ханты-Мансийского автономного округа-Югры и Ямало-Ненецкого автономного округа),машино-места
2025-03-31,733.51,rub_per_sqm_month,Тюменская область (кроме Ханты-Мансийского автономного округа-Югры и Ямало-Ненецкого автономного округа),помещения
2025-03-31,1044.26,rub_per_sqm_month,Тюменская область (кроме Ханты-Мансийского автономного округа-Югры и Ямало-Ненецкого автономного округа),сооружения
2025-03-31,276.4,rub_per_sqm_month,Удмуртская Республика,здания
2025-03-31,325.37,rub_per_sqm_month,Удмуртская Республика,помещения
2025-03-31,264.43,rub_per_sqm_month,Удмуртская Республика,сооружения
2025-03-31,386.2,rub_per_sqm_month,Ульяновская область,здания
2025-03-31,250.01,rub_per_sqm_month,Ульяновская область,помещения
2025-03-31,24.7,rub_per_sqm_month,Ульяновская область,сооружения
2025-03-31,704.7,rub_per_sqm_month,Уральский федеральный округ,здания
2025-03-31,631.66,rub_per_sqm_month,Уральский федеральный округ,машино-места
2025-03-31,844.2,rub_per_sqm_month,Уральский федеральный округ,помещения
2025-03-31,439.13,rub_per_sqm_month,Уральский федеральный округ,сооружения
2025-03-31,1444.98,rub_per_sqm_month,Хабаровский край,здания
2025-03-31,1471.62,rub_per_sqm_month,Хабаровский край,помещения
2025-03-31,313.02,rub_per_sqm_month,Хабаровский край,сооружения
2025-03-31,857.37,rub_per_sqm_month,Ханты-Мансийский автономный округ - Югра (Тюменская область),здания
2025-03-31,425.86,rub_per_sqm_month,Ханты-Мансийский автономный округ - Югра (Тюменская область),машино-места
2025-03-31,1456.95,rub_per_sqm_month,Ханты-Мансийский автономный округ - Югра (Тюменская область),помещения
2025-03-31,430.5,rub_per_sqm_month,Ханты-Мансийский автономный округ - Югра (Тюменская область),сооружения
2025-03-31,6633.09,rub_per_sqm_month,Центральный федеральный округ,здания
2025-03-31,1327.44,rub_per_sqm_month,Центральный федеральный округ,машино-места
2025-03-31,2582.3,rub_per_sqm_month,Центральный федеральный округ,помещения
2025-03-31,114.49,rub_per_sqm_month,Центральный федеральный округ,сооружения
2025-03-31,472.99,rub_per_sqm_month,Челябинская область,здания
2025-03-31,534.3,rub_per_sqm_month,Челябинская область,помещения
2025-03-31,382.83,rub_per_sqm_month,Чувашская Республика - Чувашия,здания
2025-03-31,573.01,rub_per_sqm_month,Чувашская Республика - Чувашия,помещения
2025-03-31,119.52,rub_per_sqm_month,Чувашская Республика - Чувашия,сооружения
2025-03-31,946.8,rub_per_sqm_month,Чукотский автономный округ,здания
2025-03-31,1525.27,rub_per_sqm_month,Чукотский автономный округ,помещения
2025-03-31,516.39,rub_per_sqm_month,Южный федеральный округ (с 29.07.2016),здания
2025-03-31,215.36,rub_per_sqm_month,Южный федеральный округ (с 29.07.2016),машино-места
2025-03-31,1436.39,rub_per_sqm_month,Южный федеральный округ (с 29.07.2016),помещения
2025-03-31,603.63,rub_per_sqm_month,Южный федеральный округ (с 29.07.2016),сооружения
2025-03-31,667.03,rub_per_sqm_month,Ямало-Ненецкий автономный округ (Тюменская область),здания
2025-03-31,1472.14,rub_per_sqm_month,Ямало-Ненецкий автономный округ (Тюменская область),машино-места
2025-03-31,2253.24,rub_per_sqm_month,Ямало-Ненецкий автономный округ (Тюменская область),помещения
2025-03-31,176.42,rub_per_sqm_month,Ямало-Ненецкий автономный округ (Тюменская область),сооружения
2025-03-31,305.99,rub_per_sqm_month,Ярославская область,здания
2025-03-31,266.72,rub_per_sqm_month,Ярославская область,помещения
2025-03-31,7.69,rub_per_sqm_month,Ярославская область,сооружения
2025-06-30,269.87,rub_per_sqm_month,Алтайский край,здания
2025-06-30,194.36,rub_per_sqm_month,Алтайский край,машино-места
2025-06-30,513.88,rub_per_sqm_month,Алтайский край,помещения
2025-06-30,237.45,rub_per_sqm_month,Алтайский край,сооружения
2025-06-30,1062.39,rub_per_sqm_month,Амурская область,здания
2025-06-30,818.66,rub_per_sqm_month,Амурская область,помещения
2025-06-30,77.74,rub_per_sqm_month,Амурская область,сооружения
2025-06-30,346.55,rub_per_sqm_month,Архангельская область,здания
2025-06-30,531.71,rub_per_sqm_month,Архангельская область,помещения
2025-06-30,269.93,rub_per_sqm_month,Архангельская область,сооружения
2025-06-30,347.38,rub_per_sqm_month,Архангельская область (кроме Ненецкого автономного округа),здания
2025-06-30,117.85,rub_per_sqm_month,Архангельская область (кроме Ненецкого автономного округа),машино-места
2025-06-30,517.44,rub_per_sqm_month,Архангельская область (кроме Ненецкого автономного округа),помещения
2025-06-30,269.93,rub_per_sqm_month,Архангельская область (кроме Ненецкого автономного округа),сооружения
2025-06-30,190.18,rub_per_sqm_month,Астраханская область,здания
2025-06-30,528.64,rub_per_sqm_month,Астраханская область,помещения
2025-06-30,16.92,rub_per_sqm_month,Астраханская область,сооружения
2025-06-30,441.67,rub_per_sqm_month,Белгородская область,здания
2025-06-30,100.22,rub_per_sqm_month,Белгородская область,машино-места
2025-06-30,374.15,rub_per_sqm_month,Белгородская область,помещения
2025-06-30,115.34,rub_per_sqm_month,Белгородская область,сооружения
2025-06-30,464.16,rub_per_sqm_month,Брянская область,здания
2025-06-30,710.33,rub_per_sqm_month,Брянская область,помещения
2025-06-30,283.45,rub_per_sqm_month,Брянская область,сооружения
2025-06-30,359.49,rub_per_sqm_month,Владимирская область,здания
2025-06-30,45.47,rub_per_sqm_month,Владимирская область,машино-места
2025-06-30,326.02,rub_per_sqm_month,Владимирская область,помещения
2025-06-30,111.93,rub_per_sqm_month,Владимирская область,сооружения
2025-06-30,897.36,rub_per_sqm_month,Волгоградская область,здания
2025-06-30,574.42,rub_per_sqm_month,Волгоградская область,помещения
2025-06-30,2352.02,rub_per_sqm_month,Волгоградская область,сооружения
2025-06-30,314.49,rub_per_sqm_month,Вологодская область,здания
2025-06-30,535.11,rub_per_sqm_month,Вологодская область,помещения
2025-06-30,32.58,rub_per_sqm_month,Вологодская область,сооружения
2025-06-30,1725.92,rub_per_sqm_month,Воронежская область,здания
2025-06-30,1261.78,rub_per_sqm_month,Воронежская область,помещения
2025-06-30,76.7,rub_per_sqm_month,Воронежская область,сооружения
2025-06-30,9303.93,rub_per_sqm_month,Город Москва столица Российской Федерации город федерального значения,здания
2025-06-30,2067.19,rub_per_sqm_month,Город Москва столица Российской Федерации город федерального значения,машино-места
2025-06-30,4234.86,rub_per_sqm_month,Город Москва столица Российской Федерации город федерального значения,помещения
2025-06-30,753.03,rub_per_sqm_month,Город Москва столица Российской Федерации город федерального значения,сооружения
2025-06-30,1652.79,rub_per_sqm_month,Город Санкт-Петербург город федерального значения,здания
2025-06-30,2309.72,rub_per_sqm_month,Город Санкт-Петербург город федерального значения,машино-места
2025-06-30,1814.5,rub_per_sqm_month,Город Санкт-Петербург город федерального значения,помещения
2025-06-30,1326.59,rub_per_sqm_month,Город Санкт-Петербург город федерального значения,сооружения
2025-06-30,344.23,rub_per_sqm_month,Город федерального значения Севастополь,здания
2025-06-30,632.53,rub_per_sqm_month,Город федерального значения Севастополь,сооружения
2025-06-30,940.83,rub_per_sqm_month,Дальневосточный федеральный округ (с 03.11.2018),здания
2025-06-30,1310.32,rub_per_sqm_month,Дальневосточный федеральный округ (с 03.11.2018),помещения
2025-06-30,289.74,rub_per_sqm_month,Дальневосточный федеральный округ (с 03.11.2018),сооружения
2025-06-30,306.02,rub_per_sqm_month,Забайкальский край,здания
2025-06-30,444.49,rub_per_sqm_month,Забайкальский край,машино-места
2025-06-30,387.38,rub_per_sqm_month,Забайкальский край,помещения
2025-06-30,145.38,rub_per_sqm_month,Забайкальский край,сооружения
2025-06-30,420.24,rub_per_sqm_month,Ивановская область,здания
2025-06-30,281.06,rub_per_sqm_month,Ивановская область,помещения
2025-06-30,788.88,rub_per_sqm_month,Ивановская область,сооружения
2025-06-30,378.64,rub_per_sqm_month,Иркутская область,здания
2025-06-30,213.46,rub_per_sqm_month,Иркутская область,машино-места
2025-06-30,656.84,rub_per_sqm_month,Иркутская область,помещения
2025-06-30,6.3,rub_per_sqm_month,Иркутская область,сооружения
2025-06-30,105.01,rub_per_sqm_month,Кабардино-Балкарская Республика,здания
2025-06-30,335.72,rub_per_sqm_month,Кабардино-Балкарская Республика,помещения
2025-06-30,5414.3,rub_per_sqm_month,Калининградская область,здания
2025-06-30,748.28,rub_per_sqm_month,Калининградская область,помещения
2025-06-30,718.58,rub_per_sqm_month,Калининградская область,сооружения
2025-06-30,192.18,rub_per_sqm_month,Калужская область,здания
2025-06-30,273.89,rub_per_sqm_month,Калужская область,помещения
2025-06-30,232.66,rub_per_sqm_month,Калужская область,сооружения
2025-06-30,665.04,rub_per_sqm_month,Камчатский край,здания
2025-06-30,1143.67,rub_per_sqm_month,Камчатский край,помещения
2025-06-30,770.24,rub_per_sqm_month,Камчатский край,сооружения
2025-06-30,603.87,rub_per_sqm_month,Карачаево-Черкесская Республика,здания
2025-06-30,356.84,rub_per_sqm_month,Карачаево-Черкесская Республика,помещения
2025-06-30,372.76,rub_per_sqm_month,Кемеровская область - Кузбасс,здания
2025-06-30,448.11,rub_per_sqm_month,Кемеровская область - Кузбасс,машино-места
2025-06-30,833.88,rub_per_sqm_month,Кемеровская область - Кузбасс,помещения
2025-06-30,224.29,rub_per_sqm_month,Кемеровская область - Кузбасс,сооружения
2025-06-30,306.23,rub_per_sqm_month,Кировская область,здания
2025-06-30,273.13,rub_per_sqm_month,Кировская область,машино-места
2025-06-30,421.91,rub_per_sqm_month,Кировская область,помещения
2025-06-30,107.77,rub_per_sqm_month,Кировская область,сооружения
2025-06-30,201.91,rub_per_sqm_month,Костромская область,здания
2025-06-30,437.15,rub_per_sqm_month,Костромская область,помещения
2025-06-30,995.08,rub_per_sqm_month,Краснодарский край,здания
2025-06-30,182.97,rub_per_sqm_month,Краснодарский край,машино-места
2025-06-30,2707.18,rub_per_sqm_month,Краснодарский край,помещения
2025-06-30,398.49,rub_per_sqm_month,Краснодарский край,сооружения
2025-06-30,338.65,rub_per_sqm_month,Красноярский край,здания
2025-06-30,444.86,rub_per_sqm_month,Красноярский край,машино-места
2025-06-30,921.45,rub_per_sqm_month,Красноярский край,помещения
2025-06-30,292.51,rub_per_sqm_month,Красноярский край,сооружения
2025-06-30,137.41,rub_per_sqm_month,Курганская область,здания
2025-06-30,238.58,rub_per_sqm_month,Курганская область,помещения
2025-06-30,422.41,rub_per_sqm_month,Курская область,здания
2025-06-30,976.48,rub_per_sqm_month,Курская область,помещения
2025-06-30,32.96,rub_per_sqm_month,Курская область,сооружения
2025-06-30,2285.64,rub_per_sqm_month,Ленинградская область,здания
2025-06-30,142.75,rub_per_sqm_month,Ленинградская область,машино-места
2025-06-30,697.85,rub_per_sqm_month,Ленинградская область,помещения
2025-06-30,170.42,rub_per_sqm_month,Ленинградская область,сооружения
2025-06-30,149.4,rub_per_sqm_month,Липецкая область,здания
2025-06-30,99.89,rub_per_sqm_month,Липецкая область,машино-места
2025-06-30,260.13,rub_per_sqm_month,Липецкая область,помещения
2025-06-30,652,rub_per_sqm_month,Липецкая область,сооружения
2025-06-30,449.31,rub_per_sqm_month,Магаданская область,здания
2025-06-30,1266.83,rub_per_sqm_month,Магаданская область,помещения
2025-06-30,2459.97,rub_per_sqm_month,Московская область,здания
2025-06-30,160.33,rub_per_sqm_month,Московская область,машино-места
2025-06-30,973.2,rub_per_sqm_month,Московская область,помещения
2025-06-30,274.17,rub_per_sqm_month,Московская область,сооружения
2025-06-30,941.75,rub_per_sqm_month,Мурманская область,здания
2025-06-30,778.63,rub_per_sqm_month,Мурманская область,помещения
2025-06-30,365.94,rub_per_sqm_month,Мурманская область,сооружения
2025-06-30,277.39,rub_per_sqm_month,Ненецкий автономный округ (Архангельская область),здания
2025-06-30,779.12,rub_per_sqm_month,Ненецкий автономный округ (Архангельская область),помещения
2025-06-30,579.01,rub_per_sqm_month,Нижегородская область,здания
2025-06-30,569.91,rub_per_sqm_month,Нижегородская область,помещения
2025-06-30,442.21,rub_per_sqm_month,Нижегородская область,сооружения
2025-06-30,1102.51,rub_per_sqm_month,Новгородская область,здания
2025-06-30,417.79,rub_per_sqm_month,Новгородская область,помещения
2025-06-30,397.59,rub_per_sqm_month,Новгородская область,сооружения
2025-06-30,2080.93,rub_per_sqm_month,Новосибирская область,здания
2025-06-30,469.83,rub_per_sqm_month,Новосибирская область,машино-места
2025-06-30,823.84,rub_per_sqm_month,Новосибирская область,помещения
2025-06-30,48.32,rub_per_sqm_month,Новосибирская область,сооружения
2025-06-30,478.6,rub_per_sqm_month,Омская область,здания
2025-06-30,345.43,rub_per_sqm_month,Омская область,помещения
2025-06-30,50.35,rub_per_sqm_month,Омская область,сооружения
2025-06-30,237.23,rub_per_sqm_month,Оренбургская область,здания
2025-06-30,186.04,rub_per_sqm_month,Оренбургская область,машино-места
2025-06-30,841.45,rub_per_sqm_month,Оренбургская область,помещения
2025-06-30,416.53,rub_per_sqm_month,Оренбургская область,сооружения
2025-06-30,230.96,rub_per_sqm_month,Орловская область,здания
2025-06-30,249.99,rub_per_sqm_month,Орловская область,помещения
2025-06-30,47.65,rub_per_sqm_month,Орловская область,сооружения
2025-06-30,215.92,rub_per_sqm_month,Пензенская область,здания
2025-06-30,269.76,rub_per_sqm_month,Пензенская область,помещения
2025-06-30,52.88,rub_per_sqm_month,Пензенская область,сооружения
2025-06-30,533.36,rub_per_sqm_month,Пермский край,здания
2025-06-30,59.06,rub_per_sqm_month,Пермский край,машино-места
2025-06-30,1293.97,rub_per_sqm_month,Пермский край,помещения
2025-06-30,4.34,rub_per_sqm_month,Пермский край,сооружения
2025-06-30,422.63,rub_per_sqm_month,Приволжский федеральный округ,здания
2025-06-30,249.21,rub_per_sqm_month,Приволжский федеральный округ,машино-места
2025-06-30,645.81,rub_per_sqm_month,Приволжский федеральный округ,помещения
2025-06-30,60.51,rub_per_sqm_month,Приволжский федеральный округ,сооружения
2025-06-30,763.98,rub_per_sqm_month,Приморский край,здания
2025-06-30,1505.83,rub_per_sqm_month,Приморский край,помещения
2025-06-30,292.51,rub_per_sqm_month,Приморский край,сооружения
2025-06-30,594.82,rub_per_sqm_month,Псковская область,здания
2025-06-30,378.63,rub_per_sqm_month,Псковская область,помещения
2025-06-30,356.6,rub_per_sqm_month,Псковская область,сооружения
2025-06-30,332.41,rub_per_sqm_month,Республика Адыгея (Адыгея),здания
2025-06-30,1353.41,rub_per_sqm_month,Республика Адыгея (Адыгея),помещения
2025-06-30,1506.38,rub_per_sqm_month,Республика Алтай,здания
2025-06-30,477.93,rub_per_sqm_month,Республика Башкортостан,здания
2025-06-30,696.6,rub_per_sqm_month,Республика Башкортостан,помещения
2025-06-30,95.71,rub_per_sqm_month,Республика Башкортостан,сооружения
2025-06-30,240.59,rub_per_sqm_month,Республика Бурятия,здания
2025-06-30,705,rub_per_sqm_month,Республика Бурятия,помещения
2025-06-30,314.05,rub_per_sqm_month,Республика Бурятия,сооружения
2025-06-30,4101.35,rub_per_sqm_month,Республика Калмыкия,здания
2025-06-30,138.04,rub_per_sqm_month,Республика Калмыкия,помещения
2025-06-30,257.51,rub_per_sqm_month,Республика Карелия,здания
2025-06-30,924.41,rub_per_sqm_month,Республика Карелия,помещения
2025-06-30,43.37,rub_per_sqm_month,Республика Карелия,сооружения
2025-06-30,978.02,rub_per_sqm_month,Республика Коми,здания
2025-06-30,478.21,rub_per_sqm_month,Республика Коми,помещения
2025-06-30,293.32,rub_per_sqm_month,Республика Коми,сооружения
2025-06-30,170.34,rub_per_sqm_month,Республика Крым,здания
2025-06-30,1002.14,rub_per_sqm_month,Республика Крым,помещения
2025-06-30,716.22,rub_per_sqm_month,Республика Крым,сооружения
2025-06-30,82.65,rub_per_sqm_month,Республика Марий Эл,здания
2025-06-30,257.93,rub_per_sqm_month,Республика Марий Эл,помещения
2025-06-30,248.53,rub_per_sqm_month,Республика Мордовия,здания
2025-06-30,250.17,rub_per_sqm_month,Республика Мордовия,помещения
2025-06-30,59.47,rub_per_sqm_month,Республика Мордовия,сооружения
2025-06-30,958.59,rub_per_sqm_month,Республика Саха (Якутия),здания
2025-06-30,1374.07,rub_per_sqm_month,Республика Саха (Якутия),помещения
2025-06-30,167.98,rub_per_sqm_month,Республика Саха (Якутия),сооружения
2025-06-30,480.78,rub_per_sqm_month,Республика Северная Осетия-Алания,здания
2025-06-30,2361.85,rub_per_sqm_month,Республика Северная Осетия-Алания,помещения
2025-06-30,448.21,rub_per_sqm_month,Республика Татарстан (Татарстан),здания
2025-06-30,578.37,rub_per_sqm_month,Республика Татарстан (Татарстан),машино-места
2025-06-30,941.11,rub_per_sqm_month,Республика Татарстан (Татарстан),помещения
2025-06-30,362.32,rub_per_sqm_month,Республика Татарстан (Татарстан),сооружения
2025-06-30,236.96,rub_per_sqm_month,Республика Тыва,здания
2025-06-30,243.56,rub_per_sqm_month,Республика Хакасия,здания
2025-06-30,224.86,rub_per_sqm_month,Республика Хакасия,помещения
2025-06-30,2465.82,rub_per_sqm_month,Российская Федерация,здания
2025-06-30,847.76,rub_per_sqm_month,Российская Федерация,машино-места
2025-06-30,1550.41,rub_per_sqm_month,Российская Федерация,помещения
2025-06-30,177.88,rub_per_sqm_month,Российская Федерация,сооружения
2025-06-30,524.27,rub_per_sqm_month,Ростовская область,здания
2025-06-30,334.58,rub_per_sqm_month,Ростовская область,машино-места
2025-06-30,688.37,rub_per_sqm_month,Ростовская область,помещения
2025-06-30,4546.98,rub_per_sqm_month,Ростовская область,сооружения
2025-06-30,243.36,rub_per_sqm_month,Рязанская область,здания
2025-06-30,299.15,rub_per_sqm_month,Рязанская область,помещения
2025-06-30,328.95,rub_per_sqm_month,Самарская область,здания
2025-06-30,628.24,rub_per_sqm_month,Самарская область,машино-места
2025-06-30,971.91,rub_per_sqm_month,Самарская область,помещения
2025-06-30,156.55,rub_per_sqm_month,Самарская область,сооружения
2025-06-30,463.48,rub_per_sqm_month,Саратовская область,здания
2025-06-30,82.14,rub_per_sqm_month,Саратовская область,машино-места
2025-06-30,391.73,rub_per_sqm_month,Саратовская область,помещения
2025-06-30,41.4,rub_per_sqm_month,Саратовская область,сооружения
2025-06-30,1018.31,rub_per_sqm_month,Сахалинская область,здания
2025-06-30,436.24,rub_per_sqm_month,Сахалинская область,машино-места
2025-06-30,1440.03,rub_per_sqm_month,Сахалинская область,помещения
2025-06-30,322.24,rub_per_sqm_month,Сахалинская область,сооружения
2025-06-30,612.14,rub_per_sqm_month,Свердловская область,здания
2025-06-30,217.2,rub_per_sqm_month,Свердловская область,машино-места
2025-06-30,698.27,rub_per_sqm_month,Свердловская область,помещения
2025-06-30,180.94,rub_per_sqm_month,Свердловская область,сооружения
2025-06-30,1807.9,rub_per_sqm_month,Северо-Западный федеральный округ,здания
2025-06-30,2085.43,rub_per_sqm_month,Северо-Западный федеральный округ,машино-места
2025-06-30,1488.25,rub_per_sqm_month,Северо-Западный федеральный округ,помещения
2025-06-30,742.81,rub_per_sqm_month,Северо-Западный федеральный округ,сооружения
2025-06-30,356.18,rub_per_sqm_month,Северо-Кавказский федеральный округ,здания
2025-06-30,687.41,rub_per_sqm_month,Северо-Кавказский федеральный округ,помещения
2025-06-30,43.35,rub_per_sqm_month,Северо-Кавказский федеральный округ,сооружения
2025-06-30,785.92,rub_per_sqm_month,Сибирский федеральный округ (с 03.11.2018),здания
2025-06-30,403.83,rub_per_sqm_month,Сибирский федеральный округ (с 03.11.2018),машино-места
2025-06-30,715.96,rub_per_sqm_month,Сибирский федеральный округ (с 03.11.2018),помещения
2025-06-30,76.76,rub_per_sqm_month,Сибирский федеральный округ (с 03.11.2018),сооружения
2025-06-30,410.04,rub_per_sqm_month,Смоленская область,здания
2025-06-30,304.4,rub_per_sqm_month,Смоленская область,помещения
2025-06-30,243.74,rub_per_sqm_month,Смоленская область,сооружения
2025-06-30,349.37,rub_per_sqm_month,Ставропольский край,здания
2025-06-30,435.33,rub_per_sqm_month,Ставропольский край,помещения
2025-06-30,466.91,rub_per_sqm_month,Тамбовская область,здания
2025-06-30,81.74,rub_per_sqm_month,Тамбовская область,машино-места
2025-06-30,199.49,rub_per_sqm_month,Тамбовская область,помещения
2025-06-30,128.22,rub_per_sqm_month,Тамбовская область,сооружения
2025-06-30,770.4,rub_per_sqm_month,Тверская область,здания
2025-06-30,372.78,rub_per_sqm_month,Тверская область,помещения
2025-06-30,253.2,rub_per_sqm_month,Тверская область,сооружения
2025-06-30,268.33,rub_per_sqm_month,Томская область,здания
2025-06-30,637.96,rub_per_sqm_month,Томская область,помещения
2025-06-30,42.78,rub_per_sqm_month,Томская область,сооружения
2025-06-30,404.86,rub_per_sqm_month,Тульская область,здания
2025-06-30,419.2,rub_per_sqm_month,Тульская область,помещения
2025-06-30,88.54,rub_per_sqm_month,Тульская область,сооружения
2025-06-30,842.54,rub_per_sqm_month,Тюменская область,здания
2025-06-30,556.32,rub_per_sqm_month,Тюменская область,машино-места
2025-06-30,895.11,rub_per_sqm_month,Тюменская область,помещения
2025-06-30,262.56,rub_per_sqm_month,Тюменская область,сооружения
2025-06-30,1293.52,rub_per_sqm_month,Тюменская область (кроме Ханты-Мансийского автономного округа-Югры и Ямало-Ненецкого автономного округа),здания
2025-06-30,840.71,rub_per_sqm_month,Тюменская область (кроме Ханты-Мансийского автономного округа-Югры и Ямало-Ненецкого автономного округа),машино-места
2025-06-30,706.41,rub_per_sqm_month,Тюменская область (кроме Ханты-Мансийского автономного округа-Югры и Ямало-Ненецкого автономного округа),помещения
2025-06-30,1044.26,rub_per_sqm_month,Тюменская область (кроме Ханты-Мансийского автономного округа-Югры и Ямало-Ненецкого автономного округа),сооружения
2025-06-30,287.52,rub_per_sqm_month,Удмуртская Республика,здания
2025-06-30,339.66,rub_per_sqm_month,Удмуртская Республика,помещения
2025-06-30,234.78,rub_per_sqm_month,Удмуртская Республика,сооружения
2025-06-30,364.99,rub_per_sqm_month,Ульяновская область,здания
2025-06-30,328.7,rub_per_sqm_month,Ульяновская область,помещения
2025-06-30,24.14,rub_per_sqm_month,Ульяновская область,сооружения
2025-06-30,662.23,rub_per_sqm_month,Уральский федеральный округ,здания
2025-06-30,329.97,rub_per_sqm_month,Уральский федеральный округ,машино-места
2025-06-30,683.01,rub_per_sqm_month,Уральский федеральный округ,помещения
2025-06-30,149.82,rub_per_sqm_month,Уральский федеральный округ,сооружения
2025-06-30,1442.08,rub_per_sqm_month,Хабаровский край,здания
2025-06-30,1382.94,rub_per_sqm_month,Хабаровский край,помещения
2025-06-30,283.76,rub_per_sqm_month,Хабаровский край,сооружения
2025-06-30,442.48,rub_per_sqm_month,Ханты-Мансийский автономный округ - Югра (Тюменская область),здания
2025-06-30,169.34,rub_per_sqm_month,Ханты-Мансийский автономный округ - Югра (Тюменская область),машино-места
2025-06-30,950.32,rub_per_sqm_month,Ханты-Мансийский автономный округ - Югра (Тюменская область),помещения
2025-06-30,231.62,rub_per_sqm_month,Ханты-Мансийский автономный округ - Югра (Тюменская область),сооружения
2025-06-30,4463.9,rub_per_sqm_month,Центральный федеральный округ,здания
2025-06-30,1049.97,rub_per_sqm_month,Центральный федеральный округ,машино-места
2025-06-30,2451.8,rub_per_sqm_month,Центральный федеральный округ,помещения
2025-06-30,107.08,rub_per_sqm_month,Центральный федеральный округ,сооружения
2025-06-30,559.4,rub_per_sqm_month,Челябинская область,здания
2025-06-30,557.63,rub_per_sqm_month,Челябинская область,помещения
2025-06-30,366.99,rub_per_sqm_month,Чувашская Республика - Чувашия,здания
2025-06-30,580.81,rub_per_sqm_month,Чувашская Республика - Чувашия,помещения
2025-06-30,120.79,rub_per_sqm_month,Чувашская Республика - Чувашия,сооружения
2025-06-30,946.8,rub_per_sqm_month,Чукотский автономный округ,здания
2025-06-30,1572.32,rub_per_sqm_month,Чукотский автономный округ,помещения
2025-06-30,705.72,rub_per_sqm_month,Южный федеральный округ (с 29.07.2016),здания
2025-06-30,196.38,rub_per_sqm_month,Южный федеральный округ (с 29.07.2016),машино-места
2025-06-30,1438.15,rub_per_sqm_month,Южный федеральный округ (с 29.07.2016),помещения
2025-06-30,496.94,rub_per_sqm_month,Южный федеральный округ (с 29.07.2016),сооружения
2025-06-30,342.98,rub_per_sqm_month,Ямало-Ненецкий автономный округ (Тюменская область),здания
2025-06-30,745.96,rub_per_sqm_month,Ямало-Ненецкий автономный округ (Тюменская область),машино-места
2025-06-30,1236.15,rub_per_sqm_month,Ямало-Ненецкий автономный округ (Тюменская область),помещения
2025-06-30,106.89,rub_per_sqm_month,Ямало-Ненецкий автономный округ (Тюменская область),сооружения
2025-06-30,294.95,rub_per_sqm_month,Ярославская область,здания
2025-06-30,270.97,rub_per_sqm_month,Ярославская область,помещения
2025-06-30,8.04,rub_per_sqm_month,Ярославская область,сооружения
2025-09-30,272.98,rub_per_sqm_month,Алтайский край,здания
2025-09-30,560.61,rub_per_sqm_month,Алтайский край,помещения
2025-09-30,239.24,rub_per_sqm_month,Алтайский край,сооружения
2025-09-30,1062.39,rub_per_sqm_month,Амурская область,здания
2025-09-30,936.25,rub_per_sqm_month,Амурская область,помещения
2025-09-30,77.74,rub_per_sqm_month,Амурская область,сооружения
2025-09-30,350.25,rub_per_sqm_month,Архангельская область,здания
2025-09-30,117.85,rub_per_sqm_month,Архангельская область,машино-места
2025-09-30,528.83,rub_per_sqm_month,Архангельская область,помещения
2025-09-30,261.2,rub_per_sqm_month,Архангельская область,сооружения
2025-09-30,351.11,rub_per_sqm_month,Архангельская область (кроме Ненецкого автономного округа),здания
2025-09-30,117.85,rub_per_sqm_month,Архангельская область (кроме Ненецкого автономного округа),машино-места
2025-09-30,503.3,rub_per_sqm_month,Архангельская область (кроме Ненецкого автономного округа),помещения
2025-09-30,189.81,rub_per_sqm_month,Астраханская область,здания
2025-09-30,515.9,rub_per_sqm_month,Астраханская область,помещения
2025-09-30,9.11,rub_per_sqm_month,Астраханская область,сооружения
2025-09-30,440.99,rub_per_sqm_month,Белгородская область,здания
2025-09-30,170.18,rub_per_sqm_month,Белгородская область,машино-места
2025-09-30,354.11,rub_per_sqm_month,Белгородская область,помещения
2025-09-30,115.34,rub_per_sqm_month,Белгородская область,сооружения
2025-09-30,571.05,rub_per_sqm_month,Брянская область,здания
2025-09-30,722.17,rub_per_sqm_month,Брянская область,помещения
2025-09-30,263.84,rub_per_sqm_month,Брянская область,сооружения
2025-09-30,356.11,rub_per_sqm_month,Владимирская область,здания
2025-09-30,337.22,rub_per_sqm_month,Владимирская область,помещения
2025-09-30,61.78,rub_per_sqm_month,Владимирская область,сооружения
2025-09-30,932.49,rub_per_sqm_month,Волгоградская область,здания
2025-09-30,493.46,rub_per_sqm_month,Волгоградская область,помещения
2025-09-30,107.34,rub_per_sqm_month,Волгоградская область,сооружения
2025-09-30,300.31,rub_per_sqm_month,Вологодская область,здания
2025-09-30,511.08,rub_per_sqm_month,Вологодская область,помещения
2025-09-30,32.58,rub_per_sqm_month,Вологодская область,сооружения
2025-09-30,1714.59,rub_per_sqm_month,Воронежская область,здания
2025-09-30,1237.22,rub_per_sqm_month,Воронежская область,помещения
2025-09-30,77.05,rub_per_sqm_month,Воронежская область,сооружения
2025-09-30,8832.33,rub_per_sqm_month,Город Москва столица Российской Федерации город федерального значения,здания
2025-09-30,1720.08,rub_per_sqm_month,Город Москва столица Российской Федерации город федерального значения,машино-места
2025-09-30,3892.39,rub_per_sqm_month,Город Москва столица Российской Федерации город федерального значения,помещения
2025-09-30,2374.57,rub_per_sqm_month,Город Москва столица Российской Федерации город федерального значения,сооружения
2025-09-30,1594.61,rub_per_sqm_month,Город Санкт-Петербург город федерального значения,здания
2025-09-30,2309,rub_per_sqm_month,Город Санкт-Петербург город федерального значения,машино-места
2025-09-30,2016.28,rub_per_sqm_month,Город Санкт-Петербург город федерального значения,помещения
2025-09-30,1525.3,rub_per_sqm_month,Город Санкт-Петербург город федерального значения,сооружения
2025-09-30,344.23,rub_per_sqm_month,Город федерального значения Севастополь,здания
2025-09-30,440.6,rub_per_sqm_month,Город федерального значения Севастополь,помещения
2025-09-30,956.15,rub_per_sqm_month,Дальневосточный федеральный округ (с 03.11.2018),здания
2025-09-30,648.87,rub_per_sqm_month,Дальневосточный федеральный округ (с 03.11.2018),машино-места
2025-09-30,1319.19,rub_per_sqm_month,Дальневосточный федеральный округ (с 03.11.2018),помещения
2025-09-30,342.62,rub_per_sqm_month,Дальневосточный федеральный округ (с 03.11.2018),сооружения
2025-09-30,288.25,rub_per_sqm_month,Забайкальский край,здания
2025-09-30,444.49,rub_per_sqm_month,Забайкальский край,машино-места
2025-09-30,357.85,rub_per_sqm_month,Забайкальский край,помещения
2025-09-30,145.38,rub_per_sqm_month,Забайкальский край,сооружения
2025-09-30,420.24,rub_per_sqm_month,Ивановская область,здания
2025-09-30,284.44,rub_per_sqm_month,Ивановская область,помещения
2025-09-30,790.99,rub_per_sqm_month,Ивановская область,сооружения
2025-09-30,377.91,rub_per_sqm_month,Иркутская область,здания
2025-09-30,235.55,rub_per_sqm_month,Иркутская область,машино-места
2025-09-30,692.06,rub_per_sqm_month,Иркутская область,помещения
2025-09-30,6.3,rub_per_sqm_month,Иркутская область,сооружения
2025-09-30,133.35,rub_per_sqm_month,Кабардино-Балкарская Республика,здания
2025-09-30,335.72,rub_per_sqm_month,Кабардино-Балкарская Республика,помещения
2025-09-30,5893.28,rub_per_sqm_month,Калининградская область,здания
2025-09-30,665.27,rub_per_sqm_month,Калининградская область,помещения
2025-09-30,729.72,rub_per_sqm_month,Калининградская область,сооружения
2025-09-30,187.78,rub_per_sqm_month,Калужская область,здания
2025-09-30,279.24,rub_per_sqm_month,Калужская область,помещения
2025-09-30,218.55,rub_per_sqm_month,Калужская область,сооружения
2025-09-30,633.74,rub_per_sqm_month,Камчатский край,здания
2025-09-30,1140.07,rub_per_sqm_month,Камчатский край,помещения
2025-09-30,770.24,rub_per_sqm_month,Камчатский край,сооружения
2025-09-30,635.55,rub_per_sqm_month,Карачаево-Черкесская Республика,здания
2025-09-30,448.53,rub_per_sqm_month,Карачаево-Черкесская Республика,помещения
2025-09-30,378.79,rub_per_sqm_month,Кемеровская область - Кузбасс,здания
2025-09-30,444.36,rub_per_sqm_month,Кемеровская область - Кузбасс,машино-места
2025-09-30,817.9,rub_per_sqm_month,Кемеровская область - Кузбасс,помещения
2025-09-30,227.13,rub_per_sqm_month,Кемеровская область - Кузбасс,сооружения
2025-09-30,304.75,rub_per_sqm_month,Кировская область,здания
2025-09-30,156.97,rub_per_sqm_month,Кировская область,машино-места
2025-09-30,426.79,rub_per_sqm_month,Кировская область,помещения
2025-09-30,108.62,rub_per_sqm_month,Кировская область,сооружения
2025-09-30,201.91,rub_per_sqm_month,Костромская область,здания
2025-09-30,461.32,rub_per_sqm_month,Костромская область,помещения
2025-09-30,960.35,rub_per_sqm_month,Краснодарский край,здания
2025-09-30,1143.49,rub_per_sqm_month,Краснодарский край,машино-места
2025-09-30,2569.01,rub_per_sqm_month,Краснодарский край,помещения
2025-09-30,463.13,rub_per_sqm_month,Краснодарский край,сооружения
2025-09-30,337.71,rub_per_sqm_month,Красноярский край,здания
2025-09-30,444.86,rub_per_sqm_month,Красноярский край,машино-места
2025-09-30,962.24,rub_per_sqm_month,Красноярский край,помещения
2025-09-30,269.86,rub_per_sqm_month,Красноярский край,сооружения
2025-09-30,137.44,rub_per_sqm_month,Курганская область,здания
2025-09-30,242.78,rub_per_sqm_month,Курганская область,помещения
2025-09-30,421.93,rub_per_sqm_month,Курская область,здания
2025-09-30,536.8,rub_per_sqm_month,Курская область,помещения
2025-09-30,32.4,rub_per_sqm_month,Курская область,сооружения
2025-09-30,2828.9,rub_per_sqm_month,Ленинградская область,здания
2025-09-30,304.48,rub_per_sqm_month,Ленинградская область,машино-места
2025-09-30,828.01,rub_per_sqm_month,Ленинградская область,помещения
2025-09-30,176.89,rub_per_sqm_month,Ленинградская область,сооружения
2025-09-30,148.21,rub_per_sqm_month,Липецкая область,здания
2025-09-30,271.66,rub_per_sqm_month,Липецкая область,помещения
2025-09-30,490.28,rub_per_sqm_month,Липецкая область,сооружения
2025-09-30,573.84,rub_per_sqm_month,Магаданская область,здания
2025-09-30,1453.56,rub_per_sqm_month,Магаданская область,помещения
2025-09-30,2480.96,rub_per_sqm_month,Московская область,здания
2025-09-30,300.33,rub_per_sqm_month,Московская область,машино-места
2025-09-30,891.89,rub_per_sqm_month,Московская область,помещения
2025-09-30,326.62,rub_per_sqm_month,Московская область,сооружения
2025-09-30,941.75,rub_per_sqm_month,Мурманская область,здания
2025-09-30,710.74,rub_per_sqm_month,Мурманская область,помещения
2025-09-30,319.27,rub_per_sqm_month,Мурманская область,сооружения
2025-09-30,277.39,rub_per_sqm_month,Ненецкий автономный округ (Архангельская область),здания
2025-09-30,850.36,rub_per_sqm_month,Ненецкий автономный округ (Архангельская область),помещения
2025-09-30,652.74,rub_per_sqm_month,Нижегородская область,здания
2025-09-30,577.37,rub_per_sqm_month,Нижегородская область,помещения
2025-09-30,419.27,rub_per_sqm_month,Нижегородская область,сооружения
2025-09-30,1157.28,rub_per_sqm_month,Новгородская область,здания
2025-09-30,412.26,rub_per_sqm_month,Новгородская область,помещения
2025-09-30,397.59,rub_per_sqm_month,Новгородская область,сооружения
2025-09-30,2090.39,rub_per_sqm_month,Новосибирская область,здания
2025-09-30,422.55,rub_per_sqm_month,Новосибирская область,машино-места
2025-09-30,829.78,rub_per_sqm_month,Новосибирская область,помещения
2025-09-30,36.01,rub_per_sqm_month,Новосибирская область,сооружения
2025-09-30,486.65,rub_per_sqm_month,Омская область,здания
2025-09-30,339.41,rub_per_sqm_month,Омская область,помещения
2025-09-30,65.61,rub_per_sqm_month,Омская область,сооружения
2025-09-30,236.23,rub_per_sqm_month,Оренбургская область,здания
2025-09-30,187.01,rub_per_sqm_month,Оренбургская область,машино-места
2025-09-30,848.4,rub_per_sqm_month,Оренбургская область,помещения
2025-09-30,506.63,rub_per_sqm_month,Оренбургская область,сооружения
2025-09-30,230.28,rub_per_sqm_month,Орловская область,здания
2025-09-30,245.01,rub_per_sqm_month,Орловская область,помещения
2025-09-30,49.58,rub_per_sqm_month,Орловская область,сооружения
2025-09-30,216.15,rub_per_sqm_month,Пензенская область,здания
2025-09-30,268.42,rub_per_sqm_month,Пензенская область,помещения
2025-09-30,52.88,rub_per_sqm_month,Пензенская область,сооружения
2025-09-30,526.19,rub_per_sqm_month,Пермский край,здания
2025-09-30,1273.73,rub_per_sqm_month,Пермский край,помещения
2025-09-30,4.29,rub_per_sqm_month,Пермский край,сооружения
2025-09-30,401.34,rub_per_sqm_month,Приволжский федеральный округ,здания
2025-09-30,296.37,rub_per_sqm_month,Приволжский федеральный округ,машино-места
2025-09-30,646.02,rub_per_sqm_month,Приволжский федеральный округ,помещения
2025-09-30,63.42,rub_per_sqm_month,Приволжский федеральный округ,сооружения
2025-09-30,747.43,rub_per_sqm_month,Приморский край,здания
2025-09-30,1473.38,rub_per_sqm_month,Приморский край,помещения
2025-09-30,351.05,rub_per_sqm_month,Приморский край,сооружения
2025-09-30,570.53,rub_per_sqm_month,Псковская область,здания
2025-09-30,455.12,rub_per_sqm_month,Псковская область,помещения
2025-09-30,380.66,rub_per_sqm_month,Псковская область,сооружения
2025-09-30,352.51,rub_per_sqm_month,Республика Адыгея (Адыгея),здания
2025-09-30,1858.64,rub_per_sqm_month,Республика Адыгея (Адыгея),помещения
2025-09-30,22.44,rub_per_sqm_month,Республика Адыгея (Адыгея),сооружения
2025-09-30,1506.38,rub_per_sqm_month,Республика Алтай,здания
2025-09-30,478.61,rub_per_sqm_month,Республика Башкортостан,здания
2025-09-30,721.81,rub_per_sqm_month,Республика Башкортостан,помещения
2025-09-30,95.71,rub_per_sqm_month,Республика Башкортостан,сооружения
2025-09-30,243.07,rub_per_sqm_month,Республика Бурятия,здания
2025-09-30,706.85,rub_per_sqm_month,Республика Бурятия,помещения
2025-09-30,314.23,rub_per_sqm_month,Республика Бурятия,сооружения
2025-09-30,5142.96,rub_per_sqm_month,Республика Калмыкия,здания
2025-09-30,157.48,rub_per_sqm_month,Республика Калмыкия,помещения
2025-09-30,316.93,rub_per_sqm_month,Республика Карелия,здания
2025-09-30,926.23,rub_per_sqm_month,Республика Карелия,помещения
2025-09-30,43.37,rub_per_sqm_month,Республика Карелия,сооружения
2025-09-30,980.15,rub_per_sqm_month,Республика Коми,здания
2025-09-30,471.04,rub_per_sqm_month,Республика Коми,помещения
2025-09-30,293.32,rub_per_sqm_month,Республика Коми,сооружения
2025-09-30,199.8,rub_per_sqm_month,Республика Крым,здания
2025-09-30,1073.77,rub_per_sqm_month,Республика Крым,помещения
2025-09-30,732.49,rub_per_sqm_month,Республика Крым,сооружения
2025-09-30,87.18,rub_per_sqm_month,Республика Марий Эл,здания
2025-09-30,199.77,rub_per_sqm_month,Республика Марий Эл,помещения
2025-09-30,260.2,rub_per_sqm_month,Республика Мордовия,здания
2025-09-30,262.39,rub_per_sqm_month,Республика Мордовия,помещения
2025-09-30,52.81,rub_per_sqm_month,Республика Мордовия,сооружения
2025-09-30,955,rub_per_sqm_month,Республика Саха (Якутия),здания
2025-09-30,1482.66,rub_per_sqm_month,Республика Саха (Якутия),помещения
2025-09-30,169.1,rub_per_sqm_month,Республика Саха (Якутия),сооружения
2025-09-30,480.78,rub_per_sqm_month,Республика Северная Осетия-Алания,здания
2025-09-30,2875.03,rub_per_sqm_month,Республика Северная Осетия-Алания,помещения
2025-09-30,406.3,rub_per_sqm_month,Республика Татарстан (Татарстан),здания
2025-09-30,289.33,rub_per_sqm_month,Республика Татарстан (Татарстан),машино-места
2025-09-30,936.71,rub_per_sqm_month,Республика Татарстан (Татарстан),помещения
2025-09-30,425.78,rub_per_sqm_month,Республика Татарстан (Татарстан),сооружения
2025-09-30,236.96,rub_per_sqm_month,Республика Тыва,здания
2025-09-30,243.56,rub_per_sqm_month,Республика Хакасия,здания
2025-09-30,227.01,rub_per_sqm_month,Республика Хакасия,помещения
2025-09-30,2405.39,rub_per_sqm_month,Российская Федерация,здания
2025-09-30,1328.07,rub_per_sqm_month,Российская Федерация,машино-места
2025-09-30,1543.01,rub_per_sqm_month,Российская Федерация,помещения
2025-09-30,205.88,rub_per_sqm_month,Российская Федерация,сооружения
2025-09-30,537.38,rub_per_sqm_month,Ростовская область,здания
2025-09-30,710.06,rub_per_sqm_month,Ростовская область,помещения
2025-09-30,761.13,rub_per_sqm_month,Ростовская область,сооружения
2025-09-30,240.42,rub_per_sqm_month,Рязанская область,здания
2025-09-30,296.03,rub_per_sqm_month,Рязанская область,помещения
2025-09-30,329.36,rub_per_sqm_month,Самарская область,здания
2025-09-30,705.5,rub_per_sqm_month,Самарская область,машино-места
2025-09-30,990.61,rub_per_sqm_month,Самарская область,помещения
2025-09-30,153.6,rub_per_sqm_month,Самарская область,сооружения
2025-09-30,472.53,rub_per_sqm_month,Саратовская область,здания
2025-09-30,391.36,rub_per_sqm_month,Саратовская область,помещения
2025-09-30,153.24,rub_per_sqm_month,Саратовская область,сооружения
2025-09-30,1004.38,rub_per_sqm_month,Сахалинская область,здания
2025-09-30,436.24,rub_per_sqm_month,Сахалинская область,машино-места
2025-09-30,1438.09,rub_per_sqm_month,Сахалинская область,помещения
2025-09-30,322.24,rub_per_sqm_month,Сахалинская область,сооружения
2025-09-30,621.69,rub_per_sqm_month,Свердловская область,здания
2025-09-30,667.1,rub_per_sqm_month,Свердловская область,машино-места
2025-09-30,734.65,rub_per_sqm_month,Свердловская область,помещения
2025-09-30,351.11,rub_per_sqm_month,Свердловская область,сооружения
2025-09-30,1844.78,rub_per_sqm_month,Северо-Западный федеральный округ,здания
2025-09-30,856.4,rub_per_sqm_month,Северо-Западный федеральный округ,машино-места
2025-09-30,1570.12,rub_per_sqm_month,Северо-Западный федеральный округ,помещения
2025-09-30,868.28,rub_per_sqm_month,Северо-Западный федеральный округ,сооружения
2025-09-30,361.35,rub_per_sqm_month,Северо-Кавказский федеральный округ,здания
2025-09-30,814.76,rub_per_sqm_month,Северо-Кавказский федеральный округ,помещения
2025-09-30,47,rub_per_sqm_month,Северо-Кавказский федеральный округ,сооружения
2025-09-30,791.66,rub_per_sqm_month,Сибирский федеральный округ (с 03.11.2018),здания
2025-09-30,335.62,rub_per_sqm_month,Сибирский федеральный округ (с 03.11.2018),машино-места
2025-09-30,727.15,rub_per_sqm_month,Сибирский федеральный округ (с 03.11.2018),помещения
2025-09-30,74.81,rub_per_sqm_month,Сибирский федеральный округ (с 03.11.2018),сооружения
2025-09-30,413.92,rub_per_sqm_month,Смоленская область,здания
2025-09-30,302.73,rub_per_sqm_month,Смоленская область,помещения
2025-09-30,243.72,rub_per_sqm_month,Смоленская область,сооружения
2025-09-30,355.74,rub_per_sqm_month,Ставропольский край,здания
2025-09-30,517.47,rub_per_sqm_month,Ставропольский край,помещения
2025-09-30,40.23,rub_per_sqm_month,Ставропольский край,сооружения
2025-09-30,456.38,rub_per_sqm_month,Тамбовская область,здания
2025-09-30,81.74,rub_per_sqm_month,Тамбовская область,машино-места
2025-09-30,201.13,rub_per_sqm_month,Тамбовская область,помещения
2025-09-30,128.22,rub_per_sqm_month,Тамбовская область,сооружения
2025-09-30,826.84,rub_per_sqm_month,Тверская область,здания
2025-09-30,401.16,rub_per_sqm_month,Тверская область,помещения
2025-09-30,246.65,rub_per_sqm_month,Тверская область,сооружения
2025-09-30,291.87,rub_per_sqm_month,Томская область,здания
2025-09-30,650.82,rub_per_sqm_month,Томская область,помещения
2025-09-30,42.78,rub_per_sqm_month,Томская область,сооружения
2025-09-30,419.48,rub_per_sqm_month,Тульская область,здания
2025-09-30,431.66,rub_per_sqm_month,Тульская область,помещения
2025-09-30,88.54,rub_per_sqm_month,Тульская область,сооружения
2025-09-30,868.64,rub_per_sqm_month,Тюменская область,здания
2025-09-30,179.61,rub_per_sqm_month,Тюменская область,машино-места
2025-09-30,861.72,rub_per_sqm_month,Тюменская область,помещения
2025-09-30,324.62,rub_per_sqm_month,Тюменская область,сооружения
2025-09-30,1325.29,rub_per_sqm_month,Тюменская область (кроме Ханты-Мансийского автономного округа-Югры и Ямало-Ненецкого автономного округа),здания
2025-09-30,389.54,rub_per_sqm_month,Тюменская область (кроме Ханты-Мансийского автономного округа-Югры и Ямало-Ненецкого автономного округа),машино-места
2025-09-30,697.84,rub_per_sqm_month,Тюменская область (кроме Ханты-Мансийского автономного округа-Югры и Ямало-Ненецкого автономного округа),помещения
2025-09-30,1074.17,rub_per_sqm_month,Тюменская область (кроме Ханты-Мансийского автономного округа-Югры и Ямало-Ненецкого автономного округа),сооружения
2025-09-30,285.08,rub_per_sqm_month,Удмуртская Республика,здания
2025-09-30,337.01,rub_per_sqm_month,Удмуртская Республика,помещения
2025-09-30,240.47,rub_per_sqm_month,Удмуртская Республика,сооружения
2025-09-30,359.5,rub_per_sqm_month,Ульяновская область,здания
2025-09-30,322.57,rub_per_sqm_month,Ульяновская область,помещения
2025-09-30,24.14,rub_per_sqm_month,Ульяновская область,сооружения
2025-09-30,664.23,rub_per_sqm_month,Уральский федеральный округ,здания
2025-09-30,272.59,rub_per_sqm_month,Уральский федеральный округ,машино-места
2025-09-30,699.62,rub_per_sqm_month,Уральский федеральный округ,помещения
2025-09-30,204.76,rub_per_sqm_month,Уральский федеральный округ,сооружения
2025-09-30,1489.36,rub_per_sqm_month,Хабаровский край,здания
2025-09-30,1323.63,rub_per_sqm_month,Хабаровский край,помещения
2025-09-30,312.03,rub_per_sqm_month,Хабаровский край,сооружения
2025-09-30,457.33,rub_per_sqm_month,Ханты-Мансийский автономный округ - Югра (Тюменская область),здания
2025-09-30,107.08,rub_per_sqm_month,Ханты-Мансийский автономный округ - Югра (Тюменская область),машино-места
2025-09-30,899.74,rub_per_sqm_month,Ханты-Мансийский автономный округ - Югра (Тюменская область),помещения
2025-09-30,230.36,rub_per_sqm_month,Ханты-Мансийский автономный округ - Югра (Тюменская область),сооружения
2025-09-30,4301.68,rub_per_sqm_month,Центральный федеральный округ,здания
2025-09-30,1542.72,rub_per_sqm_month,Центральный федеральный округ,машино-места
2025-09-30,2334.02,rub_per_sqm_month,Центральный федеральный округ,помещения
2025-09-30,158.23,rub_per_sqm_month,Центральный федеральный округ,сооружения
2025-09-30,534.28,rub_per_sqm_month,Челябинская область,здания
2025-09-30,553.97,rub_per_sqm_month,Челябинская область,помещения
2025-09-30,367.28,rub_per_sqm_month,Чувашская Республика - Чувашия,здания
2025-09-30,583.58,rub_per_sqm_month,Чувашская Республика - Чувашия,помещения
2025-09-30,117.85,rub_per_sqm_month,Чувашская Республика - Чувашия,сооружения
2025-09-30,946.8,rub_per_sqm_month,Чукотский автономный округ,здания
2025-09-30,712.54,rub_per_sqm_month,Южный федеральный округ (с 29.07.2016),здания
2025-09-30,613.54,rub_per_sqm_month,Южный федеральный округ (с 29.07.2016),машино-места
2025-09-30,1441.6,rub_per_sqm_month,Южный федеральный округ (с 29.07.2016),помещения
2025-09-30,329.33,rub_per_sqm_month,Южный федеральный округ (с 29.07.2016),сооружения
2025-09-30,331.18,rub_per_sqm_month,Ямало-Ненецкий автономный округ (Тюменская область),здания
2025-09-30,1358.27,rub_per_sqm_month,Ямало-Ненецкий автономный округ (Тюменская область),машино-места
2025-09-30,1101.34,rub_per_sqm_month,Ямало-Ненецкий автономный округ (Тюменская область),помещения
2025-09-30,188.59,rub_per_sqm_month,Ямало-Ненецкий автономный округ (Тюменская область),сооружения
2025-09-30,287.02,rub_per_sqm_month,Ярославская область,здания
2025-09-30,272.61,rub_per_sqm_month,Ярославская область,помещения
2025-09-30,7.87,rub_per_sqm_month,Ярославская область,сооружения
2025-12-31,273.38,rub_per_sqm_month,Алтайский край,здания
2025-12-31,249.05,rub_per_sqm_month,Алтайский край,машино-места
2025-12-31,583.42,rub_per_sqm_month,Алтайский край,помещения
2025-12-31,237.18,rub_per_sqm_month,Алтайский край,сооружения
2025-12-31,1062.39,rub_per_sqm_month,Амурская область,здания
2025-12-31,1163.69,rub_per_sqm_month,Амурская область,машино-места
2025-12-31,935.66,rub_per_sqm_month,Амурская область,помещения
2025-12-31,77.74,rub_per_sqm_month,Амурская область,сооружения
2025-12-31,354.25,rub_per_sqm_month,Архангельская область,здания
2025-12-31,549.16,rub_per_sqm_month,Архангельская область,помещения
2025-12-31,93.78,rub_per_sqm_month,Архангельская область,сооружения
2025-12-31,355.16,rub_per_sqm_month,Архангельская область (кроме Ненецкого автономного округа),здания
2025-12-31,117.85,rub_per_sqm_month,Архангельская область (кроме Ненецкого автономного округа),машино-места
2025-12-31,522.16,rub_per_sqm_month,Архангельская область (кроме Ненецкого автономного округа),помещения
2025-12-31,112.84,rub_per_sqm_month,Астраханская область,здания
2025-12-31,489.94,rub_per_sqm_month,Астраханская область,помещения
2025-12-31,2870.6,rub_per_sqm_month,Астраханская область,сооружения
2025-12-31,439.05,rub_per_sqm_month,Белгородская область,здания
2025-12-31,193.52,rub_per_sqm_month,Белгородская область,машино-места
2025-12-31,364.75,rub_per_sqm_month,Белгородская область,помещения
2025-12-31,115.34,rub_per_sqm_month,Белгородская область,сооружения
2025-12-31,1030.83,rub_per_sqm_month,Брянская область,здания
2025-12-31,765.85,rub_per_sqm_month,Брянская область,помещения
2025-12-31,254.04,rub_per_sqm_month,Брянская область,сооружения
2025-12-31,362.94,rub_per_sqm_month,Владимирская область,здания
2025-12-31,341.99,rub_per_sqm_month,Владимирская область,помещения
2025-12-31,62.02,rub_per_sqm_month,Владимирская область,сооружения
2025-12-31,904.64,rub_per_sqm_month,Волгоградская область,здания
2025-12-31,479.78,rub_per_sqm_month,Волгоградская область,помещения
2025-12-31,246.49,rub_per_sqm_month,Волгоградская область,сооружения
2025-12-31,285.06,rub_per_sqm_month,Вологодская область,здания
2025-12-31,466.89,rub_per_sqm_month,Вологодская область,помещения
2025-12-31,66.01,rub_per_sqm_month,Вологодская область,сооружения
2025-12-31,751.49,rub_per_sqm_month,Воронежская область,здания
2025-12-31,2175.78,rub_per_sqm_month,Воронежская область,помещения
2025-12-31,137.04,rub_per_sqm_month,Воронежская область,сооружения
2025-12-31,8068.08,rub_per_sqm_month,Город Москва столица Российской Федерации город федерального значения,здания
2025-12-31,1459.33,rub_per_sqm_month,Город Москва столица Российской Федерации город федерального значения,машино-места
2025-12-31,4910.65,rub_per_sqm_month,Город Москва столица Российской Федерации город федерального значения,помещения
2025-12-31,793.42,rub_per_sqm_month,Город Москва столица Российской Федерации город федерального значения,сооружения
2025-12-31,1999.8,rub_per_sqm_month,Город Санкт-Петербург город федерального значения,здания
2025-12-31,2210.41,rub_per_sqm_month,Город Санкт-Петербург город федерального значения,машино-места
2025-12-31,1861.33,rub_per_sqm_month,Город Санкт-Петербург город федерального значения,помещения
2025-12-31,1326.14,rub_per_sqm_month,Город Санкт-Петербург город федерального значения,сооружения
2025-12-31,364.51,rub_per_sqm_month,Город федерального значения Севастополь,здания
2025-12-31,474.24,rub_per_sqm_month,Город федерального значения Севастополь,помещения
2025-12-31,923.2,rub_per_sqm_month,Дальневосточный федеральный округ (с 03.11.2018),здания
2025-12-31,973,rub_per_sqm_month,Дальневосточный федеральный округ (с 03.11.2018),машино-места
2025-12-31,1334.76,rub_per_sqm_month,Дальневосточный федеральный округ (с 03.11.2018),помещения
2025-12-31,342.84,rub_per_sqm_month,Дальневосточный федеральный округ (с 03.11.2018),сооружения
2025-12-31,307.25,rub_per_sqm_month,Забайкальский край,здания
2025-12-31,353.37,rub_per_sqm_month,Забайкальский край,помещения
2025-12-31,145.38,rub_per_sqm_month,Забайкальский край,сооружения
2025-12-31,394.02,rub_per_sqm_month,Ивановская область,здания
2025-12-31,301.74,rub_per_sqm_month,Ивановская область,помещения
2025-12-31,115.43,rub_per_sqm_month,Ивановская область,сооружения
2025-12-31,375.88,rub_per_sqm_month,Иркутская область,здания
2025-12-31,300.25,rub_per_sqm_month,Иркутская область,машино-места
2025-12-31,677.21,rub_per_sqm_month,Иркутская область,помещения
2025-12-31,5.43,rub_per_sqm_month,Иркутская область,сооружения
2025-12-31,133.35,rub_per_sqm_month,Кабардино-Балкарская Республика,здания
2025-12-31,533.11,rub_per_sqm_month,Кабардино-Балкарская Республика,помещения
2025-12-31,5716.4,rub_per_sqm_month,Калининградская область,здания
2025-12-31,687.78,rub_per_sqm_month,Калининградская область,помещения
2025-12-31,733.59,rub_per_sqm_month,Калининградская область,сооружения
2025-12-31,190.28,rub_per_sqm_month,Калужская область,здания
2025-12-31,287.79,rub_per_sqm_month,Калужская область,помещения
2025-12-31,218.55,rub_per_sqm_month,Калужская область,сооружения
2025-12-31,298.09,rub_per_sqm_month,Камчатский край,здания
2025-12-31,1140.18,rub_per_sqm_month,Камчатский край,помещения
2025-12-31,770.24,rub_per_sqm_month,Камчатский край,сооружения
2025-12-31,474.3,rub_per_sqm_month,Карачаево-Черкесская Республика,здания
2025-12-31,524.96,rub_per_sqm_month,Карачаево-Черкесская Республика,помещения
2025-12-31,368.36,rub_per_sqm_month,Кемеровская область - Кузбасс,здания
2025-12-31,397.86,rub_per_sqm_month,Кемеровская область - Кузбасс,машино-места
2025-12-31,900.69,rub_per_sqm_month,Кемеровская область - Кузбасс,помещения
2025-12-31,228.69,rub_per_sqm_month,Кемеровская область - Кузбасс,сооружения
2025-12-31,322.51,rub_per_sqm_month,Кировская область,здания
2025-12-31,199.16,rub_per_sqm_month,Кировская область,машино-места
2025-12-31,418.43,rub_per_sqm_month,Кировская область,помещения
2025-12-31,125.23,rub_per_sqm_month,Кировская область,сооружения
2025-12-31,201.38,rub_per_sqm_month,Костромская область,здания
2025-12-31,462.98,rub_per_sqm_month,Костромская область,помещения
2025-12-31,1010.03,rub_per_sqm_month,Краснодарский край,здания
2025-12-31,1090.91,rub_per_sqm_month,Краснодарский край,машино-места
2025-12-31,2624.13,rub_per_sqm_month,Краснодарский край,помещения
2025-12-31,289.42,rub_per_sqm_month,Краснодарский край,сооружения
2025-12-31,324.61,rub_per_sqm_month,Красноярский край,здания
2025-12-31,481.47,rub_per_sqm_month,Красноярский край,машино-места
2025-12-31,956.73,rub_per_sqm_month,Красноярский край,помещения
2025-12-31,252.7,rub_per_sqm_month,Красноярский край,сооружения
2025-12-31,173.45,rub_per_sqm_month,Курганская область,здания
2025-12-31,256.62,rub_per_sqm_month,Курганская область,помещения
2025-12-31,199.42,rub_per_sqm_month,Курганская область,сооружения
2025-12-31,425.47,rub_per_sqm_month,Курская область,здания
2025-12-31,536.54,rub_per_sqm_month,Курская область,помещения
2025-12-31,31.7,rub_per_sqm_month,Курская область,сооружения
2025-12-31,2656.52,rub_per_sqm_month,Ленинградская область,здания
2025-12-31,304.48,rub_per_sqm_month,Ленинградская область,машино-места
2025-12-31,782.94,rub_per_sqm_month,Ленинградская область,помещения
2025-12-31,214.72,rub_per_sqm_month,Ленинградская область,сооружения
2025-12-31,147.47,rub_per_sqm_month,Липецкая область,здания
2025-12-31,238.94,rub_per_sqm_month,Липецкая область,помещения
2025-12-31,499.74,rub_per_sqm_month,Липецкая область,сооружения
2025-12-31,299.27,rub_per_sqm_month,Магаданская область,здания
2025-12-31,1473.46,rub_per_sqm_month,Магаданская область,помещения
2025-12-31,2352.1,rub_per_sqm_month,Московская область,здания
2025-12-31,199.38,rub_per_sqm_month,Московская область,машино-места
2025-12-31,926.29,rub_per_sqm_month,Московская область,помещения
2025-12-31,329.72,rub_per_sqm_month,Московская область,сооружения
2025-12-31,939.69,rub_per_sqm_month,Мурманская область,здания
2025-12-31,724.9,rub_per_sqm_month,Мурманская область,помещения
2025-12-31,160.52,rub_per_sqm_month,Мурманская область,сооружения
2025-12-31,277.39,rub_per_sqm_month,Ненецкий автономный округ (Архангельская область),здания
2025-12-31,856.85,rub_per_sqm_month,Ненецкий автономный округ (Архангельская область),помещения
2025-12-31,517.64,rub_per_sqm_month,Нижегородская область,здания
2025-12-31,455.41,rub_per_sqm_month,Нижегородская область,помещения
2025-12-31,368.51,rub_per_sqm_month,Нижегородская область,сооружения
2025-12-31,862.08,rub_per_sqm_month,Новгородская область,здания
2025-12-31,364.2,rub_per_sqm_month,Новгородская область,помещения
2025-12-31,270.64,rub_per_sqm_month,Новгородская область,сооружения
2025-12-31,2116.18,rub_per_sqm_month,Новосибирская область,здания
2025-12-31,411.85,rub_per_sqm_month,Новосибирская область,машино-места
2025-12-31,860.64,rub_per_sqm_month,Новосибирская область,помещения
2025-12-31,34.77,rub_per_sqm_month,Новосибирская область,сооружения
2025-12-31,482.73,rub_per_sqm_month,Омская область,здания
2025-12-31,349.82,rub_per_sqm_month,Омская область,помещения
2025-12-31,69.51,rub_per_sqm_month,Омская область,сооружения
2025-12-31,272.72,rub_per_sqm_month,Оренбургская область,здания
2025-12-31,222.85,rub_per_sqm_month,Оренбургская область,машино-места
2025-12-31,823.5,rub_per_sqm_month,Оренбургская область,помещения
2025-12-31,717.5,rub_per_sqm_month,Оренбургская область,сооружения
2025-12-31,221.9,rub_per_sqm_month,Орловская область,здания
2025-12-31,247.16,rub_per_sqm_month,Орловская область,помещения
2025-12-31,71.53,rub_per_sqm_month,Орловская область,сооружения
2025-12-31,273.43,rub_per_sqm_month,Пензенская область,здания
2025-12-31,170.6,rub_per_sqm_month,Пензенская область,помещения
2025-12-31,51.97,rub_per_sqm_month,Пензенская область,сооружения
2025-12-31,555.01,rub_per_sqm_month,Пермский край,здания
2025-12-31,1221.1,rub_per_sqm_month,Пермский край,помещения
2025-12-31,4.07,rub_per_sqm_month,Пермский край,сооружения
2025-12-31,416.57,rub_per_sqm_month,Приволжский федеральный округ,здания
2025-12-31,159.07,rub_per_sqm_month,Приволжский федеральный округ,машино-места
2025-12-31,634.95,rub_per_sqm_month,Приволжский федеральный округ,помещения
2025-12-31,71.37,rub_per_sqm_month,Приволжский федеральный округ,сооружения
2025-12-31,660.44,rub_per_sqm_month,Приморский край,здания
2025-12-31,1464.69,rub_per_sqm_month,Приморский край,помещения
2025-12-31,351.06,rub_per_sqm_month,Приморский край,сооружения
2025-12-31,499.29,rub_per_sqm_month,Псковская область,здания
2025-12-31,437.16,rub_per_sqm_month,Псковская область,помещения
2025-12-31,387.59,rub_per_sqm_month,Псковская область,сооружения
2025-12-31,347.42,rub_per_sqm_month,Республика Адыгея (Адыгея),здания
2025-12-31,1766.42,rub_per_sqm_month,Республика Адыгея (Адыгея),помещения
2025-12-31,22.44,rub_per_sqm_month,Республика Адыгея (Адыгея),сооружения
2025-12-31,1574.52,rub_per_sqm_month,Республика Алтай,здания
2025-12-31,385.56,rub_per_sqm_month,Республика Алтай,помещения
2025-12-31,473.67,rub_per_sqm_month,Республика Башкортостан,здания
2025-12-31,730.88,rub_per_sqm_month,Республика Башкортостан,помещения
2025-12-31,100.69,rub_per_sqm_month,Республика Башкортостан,сооружения
2025-12-31,238.95,rub_per_sqm_month,Республика Бурятия,здания
2025-12-31,707.28,rub_per_sqm_month,Республика Бурятия,помещения
2025-12-31,314.71,rub_per_sqm_month,Республика Бурятия,сооружения
2025-12-31,5142.96,rub_per_sqm_month,Республика Калмыкия,здания
2025-12-31,164.34,rub_per_sqm_month,Республика Калмыкия,помещения
2025-12-31,278.41,rub_per_sqm_month,Республика Карелия,здания
2025-12-31,934.22,rub_per_sqm_month,Республика Карелия,помещения
2025-12-31,43.37,rub_per_sqm_month,Республика Карелия,сооружения
2025-12-31,489.88,rub_per_sqm_month,Республика Коми,здания
2025-12-31,485.56,rub_per_sqm_month,Республика Коми,помещения
2025-12-31,293.32,rub_per_sqm_month,Республика Коми,сооружения
2025-12-31,177.42,rub_per_sqm_month,Республика Крым,здания
2025-12-31,823.18,rub_per_sqm_month,Республика Крым,помещения
2025-12-31,730.77,rub_per_sqm_month,Республика Крым,сооружения
2025-12-31,86.76,rub_per_sqm_month,Республика Марий Эл,здания
2025-12-31,209.73,rub_per_sqm_month,Республика Марий Эл,помещения
2025-12-31,251.11,rub_per_sqm_month,Республика Мордовия,здания
2025-12-31,265.14,rub_per_sqm_month,Республика Мордовия,помещения
2025-12-31,54.97,rub_per_sqm_month,Республика Мордовия,сооружения
2025-12-31,951.69,rub_per_sqm_month,Республика Саха (Якутия),здания
2025-12-31,1554.42,rub_per_sqm_month,Республика Саха (Якутия),помещения
2025-12-31,181.16,rub_per_sqm_month,Республика Саха (Якутия),сооружения
2025-12-31,480.78,rub_per_sqm_month,Республика Северная Осетия-Алания,здания
2025-12-31,3088.87,rub_per_sqm_month,Республика Северная Осетия-Алания,помещения
2025-12-31,431.61,rub_per_sqm_month,Республика Татарстан (Татарстан),здания
2025-12-31,110.9,rub_per_sqm_month,Республика Татарстан (Татарстан),машино-места
2025-12-31,990.78,rub_per_sqm_month,Республика Татарстан (Татарстан),помещения
2025-12-31,531.17,rub_per_sqm_month,Республика Татарстан (Татарстан),сооружения
2025-12-31,235.4,rub_per_sqm_month,Республика Тыва,здания
2025-12-31,903.17,rub_per_sqm_month,Республика Тыва,помещения
2025-12-31,244.96,rub_per_sqm_month,Республика Хакасия,здания
2025-12-31,203.38,rub_per_sqm_month,Республика Хакасия,помещения
2025-12-31,2364.37,rub_per_sqm_month,Российская Федерация,здания
2025-12-31,1398.6,rub_per_sqm_month,Российская Федерация,машино-места
2025-12-31,1679.7,rub_per_sqm_month,Российская Федерация,помещения
2025-12-31,190.67,rub_per_sqm_month,Российская Федерация,сооружения
2025-12-31,2551.98,rub_per_sqm_month,Ростовская область,здания
2025-12-31,724.75,rub_per_sqm_month,Ростовская область,помещения
2025-12-31,4122.46,rub_per_sqm_month,Ростовская область,сооружения
2025-12-31,237.76,rub_per_sqm_month,Рязанская область,здания
2025-12-31,299.16,rub_per_sqm_month,Рязанская область,помещения
2025-12-31,332.34,rub_per_sqm_month,Самарская область,здания
2025-12-31,162.95,rub_per_sqm_month,Самарская область,машино-места
2025-12-31,928.26,rub_per_sqm_month,Самарская область,помещения
2025-12-31,153.8,rub_per_sqm_month,Самарская область,сооружения
2025-12-31,476.42,rub_per_sqm_month,Саратовская область,здания
2025-12-31,389.55,rub_per_sqm_month,Саратовская область,помещения
2025-12-31,152.42,rub_per_sqm_month,Саратовская область,сооружения
2025-12-31,1032.79,rub_per_sqm_month,Сахалинская область,здания
2025-12-31,436.24,rub_per_sqm_month,Сахалинская область,машино-места
2025-12-31,1632.43,rub_per_sqm_month,Сахалинская область,помещения
2025-12-31,322.24,rub_per_sqm_month,Сахалинская область,сооружения
2025-12-31,811.03,rub_per_sqm_month,Свердловская область,здания
2025-12-31,545.53,rub_per_sqm_month,Свердловская область,машино-места
2025-12-31,763.3,rub_per_sqm_month,Свердловская область,помещения
2025-12-31,344.45,rub_per_sqm_month,Свердловская область,сооружения
2025-12-31,2105.4,rub_per_sqm_month,Северо-Западный федеральный округ,здания
2025-12-31,2180.75,rub_per_sqm_month,Северо-Западный федеральный округ,машино-места
2025-12-31,1466.67,rub_per_sqm_month,Северо-Западный федеральный округ,помещения
2025-12-31,738.88,rub_per_sqm_month,Северо-Западный федеральный округ,сооружения
2025-12-31,355.29,rub_per_sqm_month,Северо-Кавказский федеральный округ,здания
2025-12-31,878.26,rub_per_sqm_month,Северо-Кавказский федеральный округ,помещения
2025-12-31,45.21,rub_per_sqm_month,Северо-Кавказский федеральный округ,сооружения
2025-12-31,791.87,rub_per_sqm_month,Сибирский федеральный округ (с 03.11.2018),здания
2025-12-31,375.73,rub_per_sqm_month,Сибирский федеральный округ (с 03.11.2018),машино-места
2025-12-31,749.36,rub_per_sqm_month,Сибирский федеральный округ (с 03.11.2018),помещения
2025-12-31,73.74,rub_per_sqm_month,Сибирский федеральный округ (с 03.11.2018),сооружения
2025-12-31,409.27,rub_per_sqm_month,Смоленская область,здания
2025-12-31,303.01,rub_per_sqm_month,Смоленская область,помещения
2025-12-31,244.75,rub_per_sqm_month,Смоленская область,сооружения
2025-12-31,354.23,rub_per_sqm_month,Ставропольский край,здания
2025-12-31,523.42,rub_per_sqm_month,Ставропольский край,помещения
2025-12-31,462.52,rub_per_sqm_month,Тамбовская область,здания
2025-12-31,81.74,rub_per_sqm_month,Тамбовская область,машино-места
2025-12-31,283.04,rub_per_sqm_month,Тамбовская область,помещения
2025-12-31,128.63,rub_per_sqm_month,Тамбовская область,сооружения
2025-12-31,850.19,rub_per_sqm_month,Тверская область,здания
2025-12-31,395.12,rub_per_sqm_month,Тверская область,помещения
2025-12-31,198.89,rub_per_sqm_month,Тверская область,сооружения
2025-12-31,300.77,rub_per_sqm_month,Томская область,здания
2025-12-31,347.41,rub_per_sqm_month,Томская область,машино-места
2025-12-31,667,rub_per_sqm_month,Томская область,помещения
2025-12-31,43.4,rub_per_sqm_month,Томская область,сооружения
2025-12-31,570.01,rub_per_sqm_month,Тульская область,здания
2025-12-31,499,rub_per_sqm_month,Тульская область,помещения
2025-12-31,263.03,rub_per_sqm_month,Тульская область,сооружения
2025-12-31,890.32,rub_per_sqm_month,Тюменская область,здания
2025-12-31,290.5,rub_per_sqm_month,Тюменская область,машино-места
2025-12-31,848.13,rub_per_sqm_month,Тюменская область,помещения
2025-12-31,318.25,rub_per_sqm_month,Тюменская область,сооружения
2025-12-31,1330.33,rub_per_sqm_month,Тюменская область (кроме Ханты-Мансийского автономного округа-Югры и Ямало-Ненецкого автономного округа),здания
2025-12-31,391.23,rub_per_sqm_month,Тюменская область (кроме Ханты-Мансийского автономного округа-Югры и Ямало-Ненецкого автономного округа),машино-места
2025-12-31,702,rub_per_sqm_month,Тюменская область (кроме Ханты-Мансийского автономного округа-Югры и Ямало-Ненецкого автономного округа),помещения
2025-12-31,1068.34,rub_per_sqm_month,Тюменская область (кроме Ханты-Мансийского автономного округа-Югры и Ямало-Ненецкого автономного округа),сооружения
2025-12-31,288.56,rub_per_sqm_month,Удмуртская Республика,здания
2025-12-31,341.98,rub_per_sqm_month,Удмуртская Республика,помещения
2025-12-31,244.31,rub_per_sqm_month,Удмуртская Республика,сооружения
2025-12-31,355.79,rub_per_sqm_month,Ульяновская область,здания
2025-12-31,358.8,rub_per_sqm_month,Ульяновская область,помещения
2025-12-31,24.28,rub_per_sqm_month,Ульяновская область,сооружения
2025-12-31,761.15,rub_per_sqm_month,Уральский федеральный округ,здания
2025-12-31,333.91,rub_per_sqm_month,Уральский федеральный округ,машино-места
2025-12-31,715.44,rub_per_sqm_month,Уральский федеральный округ,помещения
2025-12-31,196.13,rub_per_sqm_month,Уральский федеральный округ,сооружения
2025-12-31,1582.11,rub_per_sqm_month,Хабаровский край,здания
2025-12-31,1357.13,rub_per_sqm_month,Хабаровский край,помещения
2025-12-31,314.02,rub_per_sqm_month,Хабаровский край,сооружения
2025-12-31,500.95,rub_per_sqm_month,Ханты-Мансийский автономный округ - Югра (Тюменская область),здания
2025-12-31,107.08,rub_per_sqm_month,Ханты-Мансийский автономный округ - Югра (Тюменская область),машино-места
2025-12-31,873.44,rub_per_sqm_month,Ханты-Мансийский автономный округ - Югра (Тюменская область),помещения
2025-12-31,210.94,rub_per_sqm_month,Ханты-Мансийский автономный округ - Югра (Тюменская область),сооружения
2025-12-31,4016.47,rub_per_sqm_month,Центральный федеральный округ,здания
2025-12-31,1222.12,rub_per_sqm_month,Центральный федеральный округ,машино-места
2025-12-31,2783.27,rub_per_sqm_month,Центральный федеральный округ,помещения
2025-12-31,111.26,rub_per_sqm_month,Центральный федеральный округ,сооружения
2025-12-31,535.79,rub_per_sqm_month,Челябинская область,здания
2025-12-31,551.99,rub_per_sqm_month,Челябинская область,помещения
2025-12-31,92.12,rub_per_sqm_month,Челябинская область,сооружения
2025-12-31,369.98,rub_per_sqm_month,Чувашская Республика - Чувашия,здания
2025-12-31,590.84,rub_per_sqm_month,Чувашская Республика - Чувашия,помещения
2025-12-31,99.73,rub_per_sqm_month,Чувашская Республика - Чувашия,сооружения
2025-12-31,946.8,rub_per_sqm_month,Чукотский автономный округ,здания
2025-12-31,1343.63,rub_per_sqm_month,Южный федеральный округ (с 29.07.2016),здания
2025-12-31,615.36,rub_per_sqm_month,Южный федеральный округ (с 29.07.2016),машино-места
2025-12-31,1429.73,rub_per_sqm_month,Южный федеральный округ (с 29.07.2016),помещения
2025-12-31,481.74,rub_per_sqm_month,Южный федеральный округ (с 29.07.2016),сооружения
2025-12-31,325.79,rub_per_sqm_month,Ямало-Ненецкий автономный округ (Тюменская область),здания
2025-12-31,1215.97,rub_per_sqm_month,Ямало-Ненецкий автономный округ (Тюменская область),машино-места
2025-12-31,1101,rub_per_sqm_month,Ямало-Ненецкий автономный округ (Тюменская область),помещения
2025-12-31,188.59,rub_per_sqm_month,Ямало-Ненецкий автономный округ (Тюменская область),сооружения
2025-12-31,291.31,rub_per_sqm_month,Ярославская область,здания
2025-12-31,271.31,rub_per_sqm_month,Ярославская область,помещения
2025-12-31,5.45,rub_per_sqm_month,Ярославская область,сооружения
2026-03-31,250.5,rub_per_sqm_month,Алтайский край,здания
2026-03-31,244.24,rub_per_sqm_month,Алтайский край,машино-места
2026-03-31,593.46,rub_per_sqm_month,Алтайский край,помещения
2026-03-31,232.47,rub_per_sqm_month,Алтайский край,сооружения
2026-03-31,884.12,rub_per_sqm_month,Амурская область,здания
2026-03-31,1139.47,rub_per_sqm_month,Амурская область,машино-места
2026-03-31,652.31,rub_per_sqm_month,Амурская область,помещения
2026-03-31,88.17,rub_per_sqm_month,Амурская область,сооружения
2026-03-31,317.96,rub_per_sqm_month,Архангельская область,здания
2026-03-31,122.28,rub_per_sqm_month,Архангельская область,машино-места
2026-03-31,1001.14,rub_per_sqm_month,Архангельская область,помещения
2026-03-31,98.52,rub_per_sqm_month,Архангельская область,сооружения
2026-03-31,319.13,rub_per_sqm_month,Архангельская область (кроме Ненецкого автономного округа),здания
2026-03-31,122.28,rub_per_sqm_month,Архангельская область (кроме Ненецкого автономного округа),машино-места
2026-03-31,1001.87,rub_per_sqm_month,Архангельская область (кроме Ненецкого автономного округа),помещения
2026-03-31,99.97,rub_per_sqm_month,Архангельская область (кроме Ненецкого автономного округа),сооружения
2026-03-31,1028.5,rub_per_sqm_month,Астраханская область,здания
2026-03-31,599.41,rub_per_sqm_month,Астраханская область,помещения
2026-03-31,57.87,rub_per_sqm_month,Астраханская область,сооружения
2026-03-31,412.67,rub_per_sqm_month,Белгородская область,здания
2026-03-31,400.67,rub_per_sqm_month,Белгородская область,машино-места
2026-03-31,366.88,rub_per_sqm_month,Белгородская область,помещения
2026-03-31,123.14,rub_per_sqm_month,Белгородская область,сооружения
2026-03-31,894.42,rub_per_sqm_month,Брянская область,здания
2026-03-31,613.6,rub_per_sqm_month,Брянская область,помещения
2026-03-31,257.72,rub_per_sqm_month,Брянская область,сооружения
2026-03-31,383.46,rub_per_sqm_month,Владимирская область,здания
2026-03-31,346.9,rub_per_sqm_month,Владимирская область,помещения
2026-03-31,58.73,rub_per_sqm_month,Владимирская область,сооружения
2026-03-31,815.01,rub_per_sqm_month,Волгоградская область,здания
2026-03-31,654.31,rub_per_sqm_month,Волгоградская область,помещения
2026-03-31,273.64,rub_per_sqm_month,Волгоградская область,сооружения
2026-03-31,269.02,rub_per_sqm_month,Вологодская область,здания
2026-03-31,331.63,rub_per_sqm_month,Вологодская область,помещения
2026-03-31,402.13,rub_per_sqm_month,Вологодская область,сооружения
2026-03-31,1233.73,rub_per_sqm_month,Воронежская область,здания
2026-03-31,1835.5,rub_per_sqm_month,Воронежская область,помещения
2026-03-31,165.35,rub_per_sqm_month,Воронежская область,сооружения
2026-03-31,2695.39,rub_per_sqm_month,Город Москва столица Российской Федерации город федерального значения,здания
2026-03-31,1453.54,rub_per_sqm_month,Город Москва столица Российской Федерации город федерального значения,машино-места
2026-03-31,2403.75,rub_per_sqm_month,Город Москва столица Российской Федерации город федерального значения,помещения
2026-03-31,678.22,rub_per_sqm_month,Город Москва столица Российской Федерации город федерального значения,сооружения
2026-03-31,2017.41,rub_per_sqm_month,Город Санкт-Петербург город федерального значения,здания
2026-03-31,1685.39,rub_per_sqm_month,Город Санкт-Петербург город федерального значения,машино-места
2026-03-31,1942.23,rub_per_sqm_month,Город Санкт-Петербург город федерального значения,помещения
2026-03-31,1530.47,rub_per_sqm_month,Город Санкт-Петербург город федерального значения,сооружения
2026-03-31,426.39,rub_per_sqm_month,Город федерального значения Севастополь,здания
2026-03-31,454.73,rub_per_sqm_month,Город федерального значения Севастополь,помещения
2026-03-31,1117.7,rub_per_sqm_month,Город федерального значения Севастополь,сооружения
2026-03-31,1689.82,rub_per_sqm_month,Дальневосточный федеральный округ (с 03.11.2018),здания
2026-03-31,891.4,rub_per_sqm_month,Дальневосточный федеральный округ (с 03.11.2018),машино-места
2026-03-31,1273.1,rub_per_sqm_month,Дальневосточный федеральный округ (с 03.11.2018),помещения
2026-03-31,461.57,rub_per_sqm_month,Дальневосточный федеральный округ (с 03.11.2018),сооружения
2026-03-31,260.55,rub_per_sqm_month,Забайкальский край,здания
2026-03-31,467.9,rub_per_sqm_month,Забайкальский край,помещения
2026-03-31,160.68,rub_per_sqm_month,Забайкальский край,сооружения
2026-03-31,425.78,rub_per_sqm_month,Ивановская область,здания
2026-03-31,295.22,rub_per_sqm_month,Ивановская область,помещения
2026-03-31,628.41,rub_per_sqm_month,Ивановская область,сооружения
2026-03-31,382.17,rub_per_sqm_month,Иркутская область,здания
2026-03-31,282.41,rub_per_sqm_month,Иркутская область,машино-места
2026-03-31,629.45,rub_per_sqm_month,Иркутская область,помещения
2026-03-31,23.47,rub_per_sqm_month,Иркутская область,сооружения
2026-03-31,160.7,rub_per_sqm_month,Кабардино-Балкарская Республика,здания
2026-03-31,556.26,rub_per_sqm_month,Кабардино-Балкарская Республика,помещения
2026-03-31,8311.35,rub_per_sqm_month,Калининградская область,здания
2026-03-31,849.76,rub_per_sqm_month,Калининградская область,помещения
2026-03-31,133.04,rub_per_sqm_month,Калининградская область,сооружения
2026-03-31,448.87,rub_per_sqm_month,Калужская область,здания
2026-03-31,602.79,rub_per_sqm_month,Калужская область,помещения
2026-03-31,353.58,rub_per_sqm_month,Калужская область,сооружения
2026-03-31,439.54,rub_per_sqm_month,Камчатский край,здания
2026-03-31,1200.85,rub_per_sqm_month,Камчатский край,помещения
2026-03-31,770.24,rub_per_sqm_month,Камчатский край,сооружения
2026-03-31,875.3,rub_per_sqm_month,Карачаево-Черкесская Республика,здания
2026-03-31,240.8,rub_per_sqm_month,Карачаево-Черкесская Республика,помещения
2026-03-31,419.9,rub_per_sqm_month,Кемеровская область - Кузбасс,машино-места
2026-03-31,210.98,rub_per_sqm_month,Кировская область,здания
2026-03-31,520.35,rub_per_sqm_month,Кировская область,машино-места
2026-03-31,470.94,rub_per_sqm_month,Кировская область,помещения
2026-03-31,120.92,rub_per_sqm_month,Кировская область,сооружения
2026-03-31,236.25,rub_per_sqm_month,Костромская область,здания
2026-03-31,462.39,rub_per_sqm_month,Костромская область,помещения
2026-03-31,769.85,rub_per_sqm_month,Краснодарский край,здания
2026-03-31,1064.72,rub_per_sqm_month,Краснодарский край,машино-места
2026-03-31,1974.6,rub_per_sqm_month,Краснодарский край,помещения
2026-03-31,464.63,rub_per_sqm_month,Краснодарский край,сооружения
2026-03-31,769.85,rub_per_sqm_month,Краснодарский край (с учетом ФТ «Сириус»),здания
2026-03-31,1064.72,rub_per_sqm_month,Краснодарский край (с учетом ФТ «Сириус»),машино-места
2026-03-31,1974.6,rub_per_sqm_month,Краснодарский край (с учетом ФТ «Сириус»),помещения
2026-03-31,464.63,rub_per_sqm_month,Краснодарский край (с учетом ФТ «Сириус»),сооружения
2026-03-31,313.69,rub_per_sqm_month,Красноярский край,здания
2026-03-31,359.28,rub_per_sqm_month,Красноярский край,машино-места
2026-03-31,1033.39,rub_per_sqm_month,Красноярский край,помещения
2026-03-31,138.27,rub_per_sqm_month,Красноярский край,сооружения
2026-03-31,169.07,rub_per_sqm_month,Курганская область,здания
2026-03-31,504.34,rub_per_sqm_month,Курганская область,помещения
2026-03-31,199.42,rub_per_sqm_month,Курганская область,сооружения
2026-03-31,430.25,rub_per_sqm_month,Курская область,здания
2026-03-31,467.56,rub_per_sqm_month,Курская область,помещения
2026-03-31,363.48,rub_per_sqm_month,Курская область,сооружения
2026-03-31,2514.74,rub_per_sqm_month,Ленинградская область,здания
2026-03-31,1580.35,rub_per_sqm_month,Ленинградская область,помещения
2026-03-31,362.26,rub_per_sqm_month,Ленинградская область,сооружения
2026-03-31,485.68,rub_per_sqm_month,Липецкая область,сооружения
2026-03-31,299.27,rub_per_sqm_month,Магаданская область,здания
2026-03-31,1484.23,rub_per_sqm_month,Магаданская область,помещения
2026-03-31,1021.98,rub_per_sqm_month,Московская область,здания
2026-03-31,154.15,rub_per_sqm_month,Московская область,машино-места
2026-03-31,1065.32,rub_per_sqm_month,Московская область,помещения
2026-03-31,345.3,rub_per_sqm_month,Московская область,сооружения
2026-03-31,1003.19,rub_per_sqm_month,Мурманская область,здания
2026-03-31,1121.12,rub_per_sqm_month,Мурманская область,помещения
2026-03-31,1357.85,rub_per_sqm_month,Мурманская область,сооружения
2026-03-31,576.92,rub_per_sqm_month,Нижегородская область,здания
2026-03-31,653.57,rub_per_sqm_month,Нижегородская область,помещения
2026-03-31,1303.84,rub_per_sqm_month,Нижегородская область,сооружения
2026-03-31,465.54,rub_per_sqm_month,Новгородская область,здания
2026-03-31,689.32,rub_per_sqm_month,Новгородская область,помещения
2026-03-31,400.34,rub_per_sqm_month,Новгородская область,сооружения
2026-03-31,1876.22,rub_per_sqm_month,Новосибирская область,здания
2026-03-31,332.99,rub_per_sqm_month,Новосибирская область,машино-места
2026-03-31,1053.16,rub_per_sqm_month,Новосибирская область,помещения
2026-03-31,24.34,rub_per_sqm_month,Новосибирская область,сооружения
2026-03-31,424.74,rub_per_sqm_month,Омская область,здания
2026-03-31,312.06,rub_per_sqm_month,Омская область,помещения
2026-03-31,68.95,rub_per_sqm_month,Омская область,сооружения
2026-03-31,246.59,rub_per_sqm_month,Оренбургская область,здания
2026-03-31,264.55,rub_per_sqm_month,Оренбургская область,машино-места
2026-03-31,827.42,rub_per_sqm_month,Оренбургская область,помещения
2026-03-31,915.13,rub_per_sqm_month,Оренбургская область,сооружения
2026-03-31,318.21,rub_per_sqm_month,Орловская область,машино-места
2026-03-31,103.66,rub_per_sqm_month,Орловская область,сооружения
2026-03-31,307.63,rub_per_sqm_month,Пензенская область,здания
2026-03-31,173.21,rub_per_sqm_month,Пензенская область,помещения
2026-03-31,58.9,rub_per_sqm_month,Пензенская область,сооружения
2026-03-31,525.55,rub_per_sqm_month,Пермский край,здания
2026-03-31,72.07,rub_per_sqm_month,Пермский край,машино-места
2026-03-31,1203.18,rub_per_sqm_month,Пермский край,помещения
2026-03-31,86.42,rub_per_sqm_month,Пермский край,сооружения
2026-03-31,474.14,rub_per_sqm_month,Приволжский федеральный округ,здания
2026-03-31,912.42,rub_per_sqm_month,Приволжский федеральный округ,машино-места
2026-03-31,659.53,rub_per_sqm_month,Приволжский федеральный округ,помещения
2026-03-31,278.41,rub_per_sqm_month,Приволжский федеральный округ,сооружения
2026-03-31,544.53,rub_per_sqm_month,Приморский край,здания
2026-03-31,1439.55,rub_per_sqm_month,Приморский край,помещения
2026-03-31,363.98,rub_per_sqm_month,Приморский край,сооружения
2026-03-31,515.74,rub_per_sqm_month,Псковская область,здания
2026-03-31,388.05,rub_per_sqm_month,Псковская область,помещения
2026-03-31,171.86,rub_per_sqm_month,Псковская область,сооружения
2026-03-31,163.6,rub_per_sqm_month,Республика Адыгея (Адыгея),здания
2026-03-31,419.99,rub_per_sqm_month,Республика Адыгея (Адыгея),помещения
2026-03-31,250.32,rub_per_sqm_month,Республика Адыгея (Адыгея),сооружения
2026-03-31,1869.71,rub_per_sqm_month,Республика Алтай,здания
2026-03-31,79.26,rub_per_sqm_month,Республика Алтай,помещения
2026-03-31,402.95,rub_per_sqm_month,Республика Башкортостан,здания
2026-03-31,182.67,rub_per_sqm_month,Республика Башкортостан,машино-места
2026-03-31,750.51,rub_per_sqm_month,Республика Башкортостан,помещения
2026-03-31,306.17,rub_per_sqm_month,Республика Башкортостан,сооружения
2026-03-31,243.12,rub_per_sqm_month,Республика Бурятия,здания
2026-03-31,666.79,rub_per_sqm_month,Республика Бурятия,помещения
2026-03-31,311.84,rub_per_sqm_month,Республика Бурятия,сооружения
2026-03-31,210.71,rub_per_sqm_month,Республика Дагестан,помещения
2026-03-31,2890.14,rub_per_sqm_month,Республика Калмыкия,здания
2026-03-31,265.35,rub_per_sqm_month,Республика Калмыкия,помещения
2026-03-31,533.87,rub_per_sqm_month,Республика Карелия,машино-места
2026-03-31,44.09,rub_per_sqm_month,Республика Карелия,сооружения
2026-03-31,494.3,rub_per_sqm_month,Республика Коми,здания
2026-03-31,49.37,rub_per_sqm_month,Республика Коми,машино-места
2026-03-31,517.4,rub_per_sqm_month,Республика Коми,помещения
2026-03-31,899.83,rub_per_sqm_month,Республика Коми,сооружения
2026-03-31,211.95,rub_per_sqm_month,Республика Крым,здания
2026-03-31,825.49,rub_per_sqm_month,Республика Крым,помещения
2026-03-31,723.48,rub_per_sqm_month,Республика Крым,сооружения
2026-03-31,107.89,rub_per_sqm_month,Республика Марий Эл,здания
2026-03-31,390.74,rub_per_sqm_month,Республика Марий Эл,помещения
2026-03-31,419.32,rub_per_sqm_month,Республика Мордовия,здания
2026-03-31,259.67,rub_per_sqm_month,Республика Мордовия,помещения
2026-03-31,54.75,rub_per_sqm_month,Республика Мордовия,сооружения
2026-03-31,1054.15,rub_per_sqm_month,Республика Саха (Якутия),здания
2026-03-31,604.84,rub_per_sqm_month,Республика Саха (Якутия),машино-места
2026-03-31,1131.69,rub_per_sqm_month,Республика Саха (Якутия),помещения
2026-03-31,89.81,rub_per_sqm_month,Республика Саха (Якутия),сооружения
2026-03-31,492.17,rub_per_sqm_month,Республика Северная Осетия-Алания,здания
2026-03-31,1199.24,rub_per_sqm_month,Республика Северная Осетия-Алания,помещения
2026-03-31,498.89,rub_per_sqm_month,Республика Татарстан (Татарстан),здания
2026-03-31,112.35,rub_per_sqm_month,Республика Татарстан (Татарстан),машино-места
2026-03-31,1278.1,rub_per_sqm_month,Республика Татарстан (Татарстан),помещения
2026-03-31,557.27,rub_per_sqm_month,Республика Татарстан (Татарстан),сооружения
2026-03-31,244.28,rub_per_sqm_month,Республика Тыва,здания
2026-03-31,905.12,rub_per_sqm_month,Республика Тыва,помещения
2026-03-31,249.5,rub_per_sqm_month,Республика Хакасия,здания
2026-03-31,284.11,rub_per_sqm_month,Республика Хакасия,помещения
2026-03-31,173.24,rub_per_sqm_month,Республика Хакасия,сооружения
2026-03-31,909.59,rub_per_sqm_month,Российская Федерация,машино-места
2026-03-31,1157.38,rub_per_sqm_month,Ростовская область,здания
2026-03-31,669.03,rub_per_sqm_month,Ростовская область,помещения
2026-03-31,568.42,rub_per_sqm_month,Ростовская область,сооружения
2026-03-31,331.92,rub_per_sqm_month,Рязанская область,здания
2026-03-31,442.28,rub_per_sqm_month,Рязанская область,помещения
2026-03-31,27.9,rub_per_sqm_month,Рязанская область,сооружения
2026-03-31,311.56,rub_per_sqm_month,Самарская область,здания
2026-03-31,156.53,rub_per_sqm_month,Самарская область,машино-места
2026-03-31,835.75,rub_per_sqm_month,Самарская область,помещения
2026-03-31,145.25,rub_per_sqm_month,Самарская область,сооружения
2026-03-31,616.79,rub_per_sqm_month,Саратовская область,здания
2026-03-31,24.05,rub_per_sqm_month,Саратовская область,машино-места
2026-03-31,386.76,rub_per_sqm_month,Саратовская область,помещения
2026-03-31,114.98,rub_per_sqm_month,Саратовская область,сооружения
2026-03-31,1146.95,rub_per_sqm_month,Сахалинская область,здания
2026-03-31,443.57,rub_per_sqm_month,Сахалинская область,машино-места
2026-03-31,1676.94,rub_per_sqm_month,Сахалинская область,помещения
2026-03-31,129.11,rub_per_sqm_month,Сахалинская область,сооружения
2026-03-31,1193.21,rub_per_sqm_month,Свердловская область,здания
2026-03-31,663.37,rub_per_sqm_month,Свердловская область,машино-места
2026-03-31,838.15,rub_per_sqm_month,Свердловская область,помещения
2026-03-31,409.57,rub_per_sqm_month,Свердловская область,сооружения
2026-03-31,799.76,rub_per_sqm_month,Северо-Западный федеральный округ,машино-места
2026-03-31,929.73,rub_per_sqm_month,Северо-Западный федеральный округ,сооружения
2026-03-31,399.64,rub_per_sqm_month,Северо-Кавказский федеральный округ,здания
2026-03-31,392.16,rub_per_sqm_month,Северо-Кавказский федеральный округ,помещения
2026-03-31,240.97,rub_per_sqm_month,Северо-Кавказский федеральный округ,сооружения
2026-03-31,257.96,rub_per_sqm_month,Сибирский федеральный округ (с 03.11.2018),машино-места
2026-03-31,355.98,rub_per_sqm_month,Смоленская область,здания
2026-03-31,341.07,rub_per_sqm_month,Смоленская область,помещения
2026-03-31,247.21,rub_per_sqm_month,Смоленская область,сооружения
2026-03-31,387.68,rub_per_sqm_month,Ставропольский край,здания
2026-03-31,329.89,rub_per_sqm_month,Ставропольский край,помещения
2026-03-31,362.77,rub_per_sqm_month,Тамбовская область,здания
2026-03-31,81.74,rub_per_sqm_month,Тамбовская область,машино-места
2026-03-31,267.01,rub_per_sqm_month,Тамбовская область,помещения
2026-03-31,507.59,rub_per_sqm_month,Тамбовская область,сооружения
2026-03-31,259.59,rub_per_sqm_month,Тверская область,сооружения
2026-03-31,703.23,rub_per_sqm_month,Томская область,здания
2026-03-31,297.13,rub_per_sqm_month,Томская область,машино-места
2026-03-31,792.38,rub_per_sqm_month,Томская область,помещения
2026-03-31,52.05,rub_per_sqm_month,Томская область,сооружения
2026-03-31,703.17,rub_per_sqm_month,Тульская область,здания
2026-03-31,744.64,rub_per_sqm_month,Тульская область,помещения
2026-03-31,264.76,rub_per_sqm_month,Тульская область,сооружения
2026-03-31,253.36,rub_per_sqm_month,Тюменская область,машино-места
2026-03-31,360.71,rub_per_sqm_month,Тюменская область,сооружения
2026-03-31,488.62,rub_per_sqm_month,Тюменская область (кроме Ханты-Мансийского автономного округа-Югры и Ямало-Ненецкого автономного округа),машино-места
2026-03-31,1385.24,rub_per_sqm_month,Тюменская область (кроме Ханты-Мансийского автономного округа-Югры и Ямало-Ненецкого автономного округа),сооружения
2026-03-31,251.85,rub_per_sqm_month,Удмуртская Республика,здания
2026-03-31,361.01,rub_per_sqm_month,Удмуртская Республика,помещения
2026-03-31,223.27,rub_per_sqm_month,Удмуртская Республика,сооружения
2026-03-31,637.86,rub_per_sqm_month,Ульяновская область,здания
2026-03-31,192.83,rub_per_sqm_month,Ульяновская область,помещения
2026-03-31,185.26,rub_per_sqm_month,Ульяновская область,сооружения
2026-03-31,306.14,rub_per_sqm_month,Уральский федеральный округ,машино-места
2026-03-31,191.52,rub_per_sqm_month,Уральский федеральный округ,сооружения
2026-03-31,3375.49,rub_per_sqm_month,Хабаровский край,здания
2026-03-31,1208.77,rub_per_sqm_month,Хабаровский край,помещения
2026-03-31,399.11,rub_per_sqm_month,Хабаровский край,сооружения
2026-03-31,363.25,rub_per_sqm_month,Ханты-Мансийский автономный округ - Югра (Тюменская область),здания
2026-03-31,106.45,rub_per_sqm_month,Ханты-Мансийский автономный округ - Югра (Тюменская область),машино-места
2026-03-31,2984.77,rub_per_sqm_month,Ханты-Мансийский автономный округ - Югра (Тюменская область),помещения
2026-03-31,139.73,rub_per_sqm_month,Ханты-Мансийский автономный округ - Югра (Тюменская область),сооружения
2026-03-31,1131.64,rub_per_sqm_month,Центральный федеральный округ,машино-места
2026-03-31,153.42,rub_per_sqm_month,Центральный федеральный округ,сооружения
2026-03-31,534.81,rub_per_sqm_month,Челябинская область,здания
2026-03-31,539.22,rub_per_sqm_month,Челябинская область,помещения
2026-03-31,61,rub_per_sqm_month,Челябинская область,сооружения
2026-03-31,507.92,rub_per_sqm_month,Чеченская Республика,помещения
2026-03-31,557.49,rub_per_sqm_month,Чувашская Республика - Чувашия,здания
2026-03-31,528.77,rub_per_sqm_month,Чувашская Республика - Чувашия,помещения
2026-03-31,45.5,rub_per_sqm_month,Чувашская Республика - Чувашия,сооружения
2026-03-31,1811.97,rub_per_sqm_month,Чукотский автономный округ,здания
2026-03-31,1560.35,rub_per_sqm_month,Чукотский автономный округ,помещения
2026-03-31,891.85,rub_per_sqm_month,Южный федеральный округ (с 29.07.2016),здания
2026-03-31,500.39,rub_per_sqm_month,Южный федеральный округ (с 29.07.2016),машино-места
2026-03-31,1268.81,rub_per_sqm_month,Южный федеральный округ (с 29.07.2016),помещения
2026-03-31,480.65,rub_per_sqm_month,Южный федеральный округ (с 29.07.2016),сооружения
2026-03-31,361.2,rub_per_sqm_month,Ямало-Ненецкий автономный округ (Тюменская область),здания
2026-03-31,1117.31,rub_per_sqm_month,Ямало-Ненецкий автономный округ (Тюменская область),машино-места
2026-03-31,1242.85,rub_per_sqm_month,Ямало-Ненецкий автономный округ (Тюменская область),помещения
2026-03-31,147.73,rub_per_sqm_month,Ямало-Ненецкий автономный округ (Тюменская область),сооружения
2026-03-31,8.43,rub_per_sqm_month,Ярославская область,сооружения
2026-06-30,254.5,rub_per_sqm_month,Алтайский край,здания
2026-06-30,297.23,rub_per_sqm_month,Алтайский край,машино-места
2026-06-30,626.96,rub_per_sqm_month,Алтайский край,помещения
2026-06-30,253.82,rub_per_sqm_month,Алтайский край,сооружения
2026-06-30,884.32,rub_per_sqm_month,Амурская область,здания
2026-06-30,713.75,rub_per_sqm_month,Амурская область,помещения
2026-06-30,77.78,rub_per_sqm_month,Амурская область,сооружения
2026-06-30,317.96,rub_per_sqm_month,Архангельская область,здания
2026-06-30,122.28,rub_per_sqm_month,Архангельская область,машино-места
2026-06-30,952.83,rub_per_sqm_month,Архангельская область,помещения
2026-06-30,96.61,rub_per_sqm_month,Архангельская область,сооружения
2026-06-30,319.13,rub_per_sqm_month,Архангельская область (кроме Ненецкого автономного округа),здания
2026-06-30,122.28,rub_per_sqm_month,Архангельская область (кроме Ненецкого автономного округа),машино-места
2026-06-30,953.32,rub_per_sqm_month,Архангельская область (кроме Ненецкого автономного округа),помещения
2026-06-30,98.03,rub_per_sqm_month,Архангельская область (кроме Ненецкого автономного округа),сооружения
2026-06-30,1018.55,rub_per_sqm_month,Астраханская область,здания
2026-06-30,628.14,rub_per_sqm_month,Астраханская область,помещения
2026-06-30,57.87,rub_per_sqm_month,Астраханская область,сооружения
2026-06-30,431.89,rub_per_sqm_month,Белгородская область,здания
2026-06-30,400.67,rub_per_sqm_month,Белгородская область,машино-места
2026-06-30,350.38,rub_per_sqm_month,Белгородская область,помещения
2026-06-30,123.1,rub_per_sqm_month,Белгородская область,сооружения
2026-06-30,788.1,rub_per_sqm_month,Брянская область,здания
2026-06-30,754.6,rub_per_sqm_month,Брянская область,помещения
2026-06-30,252.85,rub_per_sqm_month,Брянская область,сооружения
2026-06-30,377.99,rub_per_sqm_month,Владимирская область,здания
2026-06-30,339.16,rub_per_sqm_month,Владимирская область,помещения
2026-06-30,63.02,rub_per_sqm_month,Владимирская область,сооружения
2026-06-30,801.67,rub_per_sqm_month,Волгоградская область,здания
2026-06-30,988.69,rub_per_sqm_month,Волгоградская область,помещения
2026-06-30,178.74,rub_per_sqm_month,Волгоградская область,сооружения
2026-06-30,253.15,rub_per_sqm_month,Вологодская область,здания
2026-06-30,331.87,rub_per_sqm_month,Вологодская область,помещения
2026-06-30,274.72,rub_per_sqm_month,Вологодская область,сооружения
2026-06-30,1207.84,rub_per_sqm_month,Воронежская область,здания
2026-06-30,1841.73,rub_per_sqm_month,Воронежская область,помещения
2026-06-30,159.81,rub_per_sqm_month,Воронежская область,сооружения
2026-06-30,3664.54,rub_per_sqm_month,Город Москва столица Российской Федерации город федерального значения,здания
2026-06-30,1644.4,rub_per_sqm_month,Город Москва столица Российской Федерации город федерального значения,машино-места
2026-06-30,3618.22,rub_per_sqm_month,Город Москва столица Российской Федерации город федерального значения,помещения
2026-06-30,899.49,rub_per_sqm_month,Город Москва столица Российской Федерации город федерального значения,сооружения
2026-06-30,1990.7,rub_per_sqm_month,Город Санкт-Петербург город федерального значения,здания
2026-06-30,1085.01,rub_per_sqm_month,Город Санкт-Петербург город федерального значения,машино-места
2026-06-30,2018.59,rub_per_sqm_month,Город Санкт-Петербург город федерального значения,помещения
2026-06-30,1519.9,rub_per_sqm_month,Город Санкт-Петербург город федерального значения,сооружения
2026-06-30,432.51,rub_per_sqm_month,Город федерального значения Севастополь,здания
2026-06-30,398.5,rub_per_sqm_month,Город федерального значения Севастополь,помещения
2026-06-30,6422.59,rub_per_sqm_month,Город федерального значения Севастополь,сооружения
2026-06-30,1704.43,rub_per_sqm_month,Дальневосточный федеральный округ (с 03.11.2018),здания
2026-06-30,658.35,rub_per_sqm_month,Дальневосточный федеральный округ (с 03.11.2018),машино-места
2026-06-30,1247.37,rub_per_sqm_month,Дальневосточный федеральный округ (с 03.11.2018),помещения
2026-06-30,459.66,rub_per_sqm_month,Дальневосточный федеральный округ (с 03.11.2018),сооружения
2026-06-30,261.89,rub_per_sqm_month,Забайкальский край,здания
2026-06-30,557.35,rub_per_sqm_month,Забайкальский край,помещения
2026-06-30,167.09,rub_per_sqm_month,Забайкальский край,сооружения
2026-06-30,386.28,rub_per_sqm_month,Ивановская область,здания
2026-06-30,376.11,rub_per_sqm_month,Ивановская область,помещения
2026-06-30,628.85,rub_per_sqm_month,Ивановская область,сооружения
2026-06-30,375.92,rub_per_sqm_month,Иркутская область,здания
2026-06-30,244.63,rub_per_sqm_month,Иркутская область,машино-места
2026-06-30,647.5,rub_per_sqm_month,Иркутская область,помещения
2026-06-30,44.08,rub_per_sqm_month,Иркутская область,сооружения
2026-06-30,160.7,rub_per_sqm_month,Кабардино-Балкарская Республика,здания
2026-06-30,535.9,rub_per_sqm_month,Кабардино-Балкарская Республика,помещения
2026-06-30,8057.67,rub_per_sqm_month,Калининградская область,здания
2026-06-30,698.6,rub_per_sqm_month,Калининградская область,помещения
2026-06-30,123.73,rub_per_sqm_month,Калининградская область,сооружения
2026-06-30,489.77,rub_per_sqm_month,Калужская область,здания
2026-06-30,576.74,rub_per_sqm_month,Калужская область,помещения
2026-06-30,297.79,rub_per_sqm_month,Калужская область,сооружения
2026-06-30,751.43,rub_per_sqm_month,Камчатский край,здания
2026-06-30,1020.7,rub_per_sqm_month,Камчатский край,помещения
2026-06-30,770.24,rub_per_sqm_month,Камчатский край,сооружения
2026-06-30,791.68,rub_per_sqm_month,Карачаево-Черкесская Республика,здания
2026-06-30,240.95,rub_per_sqm_month,Карачаево-Черкесская Республика,помещения
2026-06-30,474.29,rub_per_sqm_month,Кемеровская область - Кузбасс,здания
2026-06-30,918.17,rub_per_sqm_month,Кемеровская область - Кузбасс,помещения
2026-06-30,463.35,rub_per_sqm_month,Кемеровская область - Кузбасс,сооружения
2026-06-30,203.3,rub_per_sqm_month,Кировская область,здания
2026-06-30,438.01,rub_per_sqm_month,Кировская область,машино-места
2026-06-30,478.16,rub_per_sqm_month,Кировская область,помещения
2026-06-30,98.77,rub_per_sqm_month,Кировская область,сооружения
2026-06-30,235.32,rub_per_sqm_month,Костромская область,здания
2026-06-30,466.03,rub_per_sqm_month,Костромская область,помещения
2026-06-30,727.72,rub_per_sqm_month,Краснодарский край,здания
2026-06-30,161.61,rub_per_sqm_month,Краснодарский край,машино-места
2026-06-30,1979.7,rub_per_sqm_month,Краснодарский край,помещения
2026-06-30,348.52,rub_per_sqm_month,Краснодарский край,сооружения
2026-06-30,727.72,rub_per_sqm_month,Краснодарский край (с учетом ФТ «Сириус»),здания
2026-06-30,161.61,rub_per_sqm_month,Краснодарский край (с учетом ФТ «Сириус»),машино-места
2026-06-30,1979.7,rub_per_sqm_month,Краснодарский край (с учетом ФТ «Сириус»),помещения
2026-06-30,348.52,rub_per_sqm_month,Краснодарский край (с учетом ФТ «Сириус»),сооружения
2026-06-30,282.85,rub_per_sqm_month,Красноярский край,здания
2026-06-30,108.77,rub_per_sqm_month,Красноярский край,машино-места
2026-06-30,884.62,rub_per_sqm_month,Красноярский край,помещения
2026-06-30,125.87,rub_per_sqm_month,Красноярский край,сооружения
2026-06-30,232.18,rub_per_sqm_month,Курганская область,здания
2026-06-30,390.06,rub_per_sqm_month,Курганская область,помещения
2026-06-30,199.42,rub_per_sqm_month,Курганская область,сооружения
2026-06-30,448.37,rub_per_sqm_month,Курская область,здания
2026-06-30,480.22,rub_per_sqm_month,Курская область,помещения
2026-06-30,414.53,rub_per_sqm_month,Курская область,сооружения
2026-06-30,2238.99,rub_per_sqm_month,Ленинградская область,здания
2026-06-30,662.08,rub_per_sqm_month,Ленинградская область,машино-места
2026-06-30,1324.34,rub_per_sqm_month,Ленинградская область,помещения
2026-06-30,397.16,rub_per_sqm_month,Ленинградская область,сооружения
2026-06-30,587.64,rub_per_sqm_month,Липецкая область,здания
2026-06-30,300.06,rub_per_sqm_month,Липецкая область,помещения
2026-06-30,517.54,rub_per_sqm_month,Липецкая область,сооружения
2026-06-30,299.27,rub_per_sqm_month,Магаданская область,здания
2026-06-30,803.13,rub_per_sqm_month,Магаданская область,помещения
2026-06-30,1063.43,rub_per_sqm_month,Московская область,здания
2026-06-30,266.34,rub_per_sqm_month,Московская область,машино-места
2026-06-30,955.12,rub_per_sqm_month,Московская область,помещения
2026-06-30,462.32,rub_per_sqm_month,Московская область,сооружения
2026-06-30,1023.81,rub_per_sqm_month,Мурманская область,здания
2026-06-30,1110.69,rub_per_sqm_month,Мурманская область,помещения
2026-06-30,1390.39,rub_per_sqm_month,Мурманская область,сооружения
2026-06-30,544.27,rub_per_sqm_month,Нижегородская область,здания
2026-06-30,667.14,rub_per_sqm_month,Нижегородская область,помещения
2026-06-30,1285.75,rub_per_sqm_month,Нижегородская область,сооружения
2026-06-30,691.51,rub_per_sqm_month,Новгородская область,здания
2026-06-30,502.41,rub_per_sqm_month,Новгородская область,помещения
2026-06-30,376.97,rub_per_sqm_month,Новгородская область,сооружения
2026-06-30,1905.28,rub_per_sqm_month,Новосибирская область,здания
2026-06-30,342.98,rub_per_sqm_month,Новосибирская область,машино-места
2026-06-30,942.1,rub_per_sqm_month,Новосибирская область,помещения
2026-06-30,25.06,rub_per_sqm_month,Новосибирская область,сооружения
2026-06-30,426.55,rub_per_sqm_month,Омская область,здания
2026-06-30,310.2,rub_per_sqm_month,Омская область,помещения
2026-06-30,69.51,rub_per_sqm_month,Омская область,сооружения
2026-06-30,282.77,rub_per_sqm_month,Оренбургская область,здания
2026-06-30,203.93,rub_per_sqm_month,Оренбургская область,машино-места
2026-06-30,794.13,rub_per_sqm_month,Оренбургская область,помещения
2026-06-30,915.13,rub_per_sqm_month,Оренбургская область,сооружения
2026-06-30,232.63,rub_per_sqm_month,Орловская область,здания
2026-06-30,389.21,rub_per_sqm_month,Орловская область,машино-места
2026-06-30,243.18,rub_per_sqm_month,Орловская область,помещения
2026-06-30,103.68,rub_per_sqm_month,Орловская область,сооружения
2026-06-30,307.95,rub_per_sqm_month,Пензенская область,здания
2026-06-30,171.21,rub_per_sqm_month,Пензенская область,помещения
2026-06-30,59.83,rub_per_sqm_month,Пензенская область,сооружения
2026-06-30,547.21,rub_per_sqm_month,Пермский край,здания
2026-06-30,72.07,rub_per_sqm_month,Пермский край,машино-места
2026-06-30,1122.93,rub_per_sqm_month,Пермский край,помещения
2026-06-30,24.31,rub_per_sqm_month,Пермский край,сооружения
2026-06-30,422.72,rub_per_sqm_month,Приволжский федеральный округ,здания
2026-06-30,914.02,rub_per_sqm_month,Приволжский федеральный округ,машино-места
2026-06-30,698.24,rub_per_sqm_month,Приволжский федеральный округ,помещения
2026-06-30,268.88,rub_per_sqm_month,Приволжский федеральный округ,сооружения
2026-06-30,636.34,rub_per_sqm_month,Приморский край,здания
2026-06-30,1425.85,rub_per_sqm_month,Приморский край,помещения
2026-06-30,360.55,rub_per_sqm_month,Приморский край,сооружения
2026-06-30,515.72,rub_per_sqm_month,Псковская область,здания
2026-06-30,408.8,rub_per_sqm_month,Псковская область,помещения
2026-06-30,171.5,rub_per_sqm_month,Псковская область,сооружения
2026-06-30,168.84,rub_per_sqm_month,Республика Адыгея (Адыгея),здания
2026-06-30,430.06,rub_per_sqm_month,Республика Адыгея (Адыгея),помещения
2026-06-30,248.09,rub_per_sqm_month,Республика Адыгея (Адыгея),сооружения
2026-06-30,1945.03,rub_per_sqm_month,Республика Алтай,здания
2026-06-30,79.26,rub_per_sqm_month,Республика Алтай,помещения
2026-06-30,432.55,rub_per_sqm_month,Республика Башкортостан,здания
2026-06-30,720.01,rub_per_sqm_month,Республика Башкортостан,помещения
2026-06-30,139.48,rub_per_sqm_month,Республика Башкортостан,сооружения
2026-06-30,254.45,rub_per_sqm_month,Республика Бурятия,здания
2026-06-30,676.77,rub_per_sqm_month,Республика Бурятия,помещения
2026-06-30,336.75,rub_per_sqm_month,Республика Бурятия,сооружения
2026-06-30,184.15,rub_per_sqm_month,Республика Дагестан,помещения
2026-06-30,3169.68,rub_per_sqm_month,Республика Калмыкия,здания
2026-06-30,603.29,rub_per_sqm_month,Республика Калмыкия,помещения
2026-06-30,289.61,rub_per_sqm_month,Республика Карелия,здания
2026-06-30,837.64,rub_per_sqm_month,Республика Карелия,помещения
2026-06-30,44.09,rub_per_sqm_month,Республика Карелия,сооружения
2026-06-30,524.09,rub_per_sqm_month,Республика Коми,здания
2026-06-30,236.27,rub_per_sqm_month,Республика Коми,машино-места
2026-06-30,505.54,rub_per_sqm_month,Республика Коми,помещения
2026-06-30,766.23,rub_per_sqm_month,Республика Коми,сооружения
2026-06-30,263.25,rub_per_sqm_month,Республика Крым,здания
2026-06-30,987.93,rub_per_sqm_month,Республика Крым,помещения
2026-06-30,305.71,rub_per_sqm_month,Республика Крым,сооружения
2026-06-30,108.96,rub_per_sqm_month,Республика Марий Эл,здания
2026-06-30,113.73,rub_per_sqm_month,Республика Марий Эл,помещения
2026-06-30,365.41,rub_per_sqm_month,Республика Мордовия,здания
2026-06-30,258.95,rub_per_sqm_month,Республика Мордовия,помещения
2026-06-30,54.86,rub_per_sqm_month,Республика Мордовия,сооружения
2026-06-30,1077.69,rub_per_sqm_month,Республика Саха (Якутия),здания
2026-06-30,604.84,rub_per_sqm_month,Республика Саха (Якутия),машино-места
2026-06-30,1073.07,rub_per_sqm_month,Республика Саха (Якутия),помещения
2026-06-30,90.52,rub_per_sqm_month,Республика Саха (Якутия),сооружения
2026-06-30,492.1,rub_per_sqm_month,Республика Северная Осетия-Алания,здания
2026-06-30,1183.12,rub_per_sqm_month,Республика Северная Осетия-Алания,помещения
2026-06-30,453.7,rub_per_sqm_month,Республика Татарстан (Татарстан),здания
2026-06-30,112.35,rub_per_sqm_month,Республика Татарстан (Татарстан),машино-места
2026-06-30,1350.61,rub_per_sqm_month,Республика Татарстан (Татарстан),помещения
2026-06-30,558.56,rub_per_sqm_month,Республика Татарстан (Татарстан),сооружения
2026-06-30,245.89,rub_per_sqm_month,Республика Тыва,здания
2026-06-30,912.73,rub_per_sqm_month,Республика Тыва,помещения
2026-06-30,235.54,rub_per_sqm_month,Республика Хакасия,здания
2026-06-30,286.36,rub_per_sqm_month,Республика Хакасия,помещения
2026-06-30,49,rub_per_sqm_month,Республика Хакасия,сооружения
2026-06-30,1536.88,rub_per_sqm_month,Российская Федерация,здания
2026-06-30,1142.07,rub_per_sqm_month,Российская Федерация,машино-места
2026-06-30,1535.84,rub_per_sqm_month,Российская Федерация,помещения
2026-06-30,343.85,rub_per_sqm_month,Российская Федерация,сооружения
2026-06-30,1117.52,rub_per_sqm_month,Ростовская область,здания
2026-06-30,645.69,rub_per_sqm_month,Ростовская область,помещения
2026-06-30,560.49,rub_per_sqm_month,Ростовская область,сооружения
2026-06-30,340.69,rub_per_sqm_month,Рязанская область,здания
2026-06-30,410.72,rub_per_sqm_month,Рязанская область,помещения
2026-06-30,28.67,rub_per_sqm_month,Рязанская область,сооружения
2026-06-30,312.97,rub_per_sqm_month,Самарская область,здания
2026-06-30,823.07,rub_per_sqm_month,Самарская область,помещения
2026-06-30,154.76,rub_per_sqm_month,Самарская область,сооружения
2026-06-30,379.85,rub_per_sqm_month,Саратовская область,здания
2026-06-30,473.7,rub_per_sqm_month,Саратовская область,помещения
2026-06-30,111.42,rub_per_sqm_month,Саратовская область,сооружения
2026-06-30,1133.2,rub_per_sqm_month,Сахалинская область,здания
2026-06-30,1923,rub_per_sqm_month,Сахалинская область,помещения
2026-06-30,129.11,rub_per_sqm_month,Сахалинская область,сооружения
2026-06-30,975.78,rub_per_sqm_month,Свердловская область,здания
2026-06-30,627.64,rub_per_sqm_month,Свердловская область,машино-места
2026-06-30,1141.22,rub_per_sqm_month,Свердловская область,помещения
2026-06-30,504.04,rub_per_sqm_month,Свердловская область,сооружения
2026-06-30,2068.48,rub_per_sqm_month,Северо-Западный федеральный округ,здания
2026-06-30,1069.6,rub_per_sqm_month,Северо-Западный федеральный округ,машино-места
2026-06-30,1576.42,rub_per_sqm_month,Северо-Западный федеральный округ,помещения
2026-06-30,1015.7,rub_per_sqm_month,Северо-Западный федеральный округ,сооружения
2026-06-30,282.25,rub_per_sqm_month,Северо-Кавказский федеральный округ,здания
2026-06-30,809.25,rub_per_sqm_month,Северо-Кавказский федеральный округ,помещения
2026-06-30,224.8,rub_per_sqm_month,Северо-Кавказский федеральный округ,сооружения
2026-06-30,826.34,rub_per_sqm_month,Сибирский федеральный округ (с 03.11.2018),здания
2026-06-30,159.34,rub_per_sqm_month,Сибирский федеральный округ (с 03.11.2018),машино-места
2026-06-30,669.18,rub_per_sqm_month,Сибирский федеральный округ (с 03.11.2018),помещения
2026-06-30,139.03,rub_per_sqm_month,Сибирский федеральный округ (с 03.11.2018),сооружения
2026-06-30,377.34,rub_per_sqm_month,Смоленская область,здания
2026-06-30,362.56,rub_per_sqm_month,Смоленская область,помещения
2026-06-30,249.11,rub_per_sqm_month,Смоленская область,сооружения
2026-06-30,252.08,rub_per_sqm_month,Ставропольский край,здания
2026-06-30,896.97,rub_per_sqm_month,Ставропольский край,помещения
2026-06-30,340.84,rub_per_sqm_month,Тамбовская область,здания
2026-06-30,81.74,rub_per_sqm_month,Тамбовская область,машино-места
2026-06-30,308.85,rub_per_sqm_month,Тамбовская область,помещения
2026-06-30,507.59,rub_per_sqm_month,Тамбовская область,сооружения
2026-06-30,650.89,rub_per_sqm_month,Тверская область,здания
2026-06-30,538.14,rub_per_sqm_month,Тверская область,помещения
2026-06-30,249.87,rub_per_sqm_month,Тверская область,сооружения
2026-06-30,704.4,rub_per_sqm_month,Томская область,здания
2026-06-30,350.47,rub_per_sqm_month,Томская область,машино-места
2026-06-30,739.03,rub_per_sqm_month,Томская область,помещения
2026-06-30,52.05,rub_per_sqm_month,Томская область,сооружения
2026-06-30,704.57,rub_per_sqm_month,Тульская область,здания
2026-06-30,748.34,rub_per_sqm_month,Тульская область,помещения
2026-06-30,265.38,rub_per_sqm_month,Тульская область,сооружения
2026-06-30,741.57,rub_per_sqm_month,Тюменская область,здания
2026-06-30,261.97,rub_per_sqm_month,Тюменская область,машино-места
2026-06-30,2164.35,rub_per_sqm_month,Тюменская область,помещения
2026-06-30,360.51,rub_per_sqm_month,Тюменская область,сооружения
2026-06-30,1262.57,rub_per_sqm_month,Тюменская область (кроме Ханты-Мансийского автономного округа-Югры и Ямало-Ненецкого автономного округа),здания
2026-06-30,488.62,rub_per_sqm_month,Тюменская область (кроме Ханты-Мансийского автономного округа-Югры и Ямало-Ненецкого автономного округа),машино-места
2026-06-30,1151.44,rub_per_sqm_month,Тюменская область (кроме Ханты-Мансийского автономного округа-Югры и Ямало-Ненецкого автономного округа),помещения
2026-06-30,1385.24,rub_per_sqm_month,Тюменская область (кроме Ханты-Мансийского автономного округа-Югры и Ямало-Ненецкого автономного округа),сооружения
2026-06-30,252.13,rub_per_sqm_month,Удмуртская Республика,здания
2026-06-30,365.53,rub_per_sqm_month,Удмуртская Республика,помещения
2026-06-30,195.5,rub_per_sqm_month,Удмуртская Республика,сооружения
2026-06-30,404.56,rub_per_sqm_month,Ульяновская область,здания
2026-06-30,272.35,rub_per_sqm_month,Ульяновская область,помещения
2026-06-30,185.26,rub_per_sqm_month,Ульяновская область,сооружения
2026-06-30,768.77,rub_per_sqm_month,Уральский федеральный округ,здания
2026-06-30,310.79,rub_per_sqm_month,Уральский федеральный округ,машино-места
2026-06-30,1170.79,rub_per_sqm_month,Уральский федеральный округ,помещения
2026-06-30,187.79,rub_per_sqm_month,Уральский федеральный округ,сооружения
2026-06-30,3248.44,rub_per_sqm_month,Хабаровский край,здания
2026-06-30,1261.3,rub_per_sqm_month,Хабаровский край,помещения
2026-06-30,399.11,rub_per_sqm_month,Хабаровский край,сооружения
2026-06-30,343.37,rub_per_sqm_month,Ханты-Мансийский автономный округ - Югра (Тюменская область),здания
2026-06-30,106.45,rub_per_sqm_month,Ханты-Мансийский автономный округ - Югра (Тюменская область),машино-места
2026-06-30,3063.29,rub_per_sqm_month,Ханты-Мансийский автономный округ - Югра (Тюменская область),помещения
2026-06-30,139.72,rub_per_sqm_month,Ханты-Мансийский автономный округ - Югра (Тюменская область),сооружения
2026-06-30,1920.41,rub_per_sqm_month,Центральный федеральный округ,здания
2026-06-30,1306.41,rub_per_sqm_month,Центральный федеральный округ,машино-места
2026-06-30,2128.87,rub_per_sqm_month,Центральный федеральный округ,помещения
2026-06-30,198.33,rub_per_sqm_month,Центральный федеральный округ,сооружения
2026-06-30,473.41,rub_per_sqm_month,Челябинская область,здания
2026-06-30,538.98,rub_per_sqm_month,Челябинская область,помещения
2026-06-30,60.91,rub_per_sqm_month,Челябинская область,сооружения
2026-06-30,423.7,rub_per_sqm_month,Чеченская Республика,помещения
2026-06-30,554.94,rub_per_sqm_month,Чувашская Республика - Чувашия,здания
2026-06-30,515.88,rub_per_sqm_month,Чувашская Республика - Чувашия,помещения
2026-06-30,31.26,rub_per_sqm_month,Чувашская Республика - Чувашия,сооружения
2026-06-30,1811.97,rub_per_sqm_month,Чукотский автономный округ,здания
2026-06-30,1612.24,rub_per_sqm_month,Чукотский автономный округ,помещения
2026-06-30,863.03,rub_per_sqm_month,Южный федеральный округ (с 29.07.2016),здания
2026-06-30,192.23,rub_per_sqm_month,Южный федеральный округ (с 29.07.2016),машино-места
2026-06-30,1298.06,rub_per_sqm_month,Южный федеральный округ (с 29.07.2016),помещения
2026-06-30,351.66,rub_per_sqm_month,Южный федеральный округ (с 29.07.2016),сооружения
2026-06-30,375.91,rub_per_sqm_month,Ямало-Ненецкий автономный округ (Тюменская область),здания
2026-06-30,1056.46,rub_per_sqm_month,Ямало-Ненецкий автономный округ (Тюменская область),машино-места
2026-06-30,1386.11,rub_per_sqm_month,Ямало-Ненецкий автономный округ (Тюменская область),помещения
2026-06-30,147.73,rub_per_sqm_month,Ямало-Ненецкий автономный округ (Тюменская область),сооружения
2026-06-30,341.29,rub_per_sqm_month,Ярославская область,здания
2026-06-30,494.34,rub_per_sqm_month,Ярославская область,помещения
2026-06-30,8.43,rub_per_sqm_month,Ярославская область,сооружения
