id,status,dom,res,debt,goal,inv,lump
SP-00000,deficit,none,0,0,0,0,0
SP-00001,ok,reserve,5177,0,0,0,0
SP-00002,ok,goals+,0,0,1894,0,246637
SP-00003,ok,debt,0,43025,0,0,41188
SP-00004,ok,reserve,10301,0,0,0,0
SP-00005,ok,reserve,824,0,0,0,0
SP-00006,deficit,none,0,0,0,0,0
SP-00007,ok,goals+,0,0,19134,0,241682
SP-00008,ok,debt,0,3680,0,0,0
SP-00009,deficit,none,0,0,0,0,0
SP-00010,ok,debt,0,13752,0,0,0
SP-00011,ok,reserve,4418,0,0,0,0
SP-00012,deficit,none,0,0,0,0,0
SP-00013,ok,reserve,25827,0,0,0,0
SP-00014,ok,debt,0,695,0,0,0
SP-00015,ok,reserve,3154,0,0,0,0
SP-00016,ok,debt,0,8804,0,0,0
SP-00017,ok,debt,0,1548,0,0,0
SP-00018,ok,reserve,5255,0,0,0,0
SP-00019,ok,reserve,5858,0,0,0,0
SP-00020,ok,debt,0,14625,0,0,0
SP-00021,ok,goals+,0,0,1995,0,3367760
SP-00022,ok,reserve,11153,0,0,0,0
SP-00023,ok,debt,0,5367,0,0,0
SP-00024,ok,reserve,11349,0,0,0,0
SP-00025,ok,goals+,0,0,0,38471,34922
SP-00026,ok,goals+,0,0,0,31967,40682
SP-00027,ok,reserve,7464,0,0,0,0
SP-00028,ok,debt,0,19761,0,0,0
SP-00029,ok,reserve,38739,0,0,1764,0
SP-00030,ok,reserve,3183,0,0,0,0
SP-00031,deficit,none,0,0,0,0,0
SP-00032,ok,reserve,21146,0,0,0,0
SP-00033,ok,reserve,5108,0,0,0,0
SP-00034,ok,reserve,10045,0,0,0,0
SP-00035,ok,reserve,24256,0,0,0,0
SP-00036,ok,goals+,0,0,65,23,92
SP-00037,ok,reserve,16598,0,0,0,0
SP-00038,ok,reserve,55322,0,0,0,0
SP-00039,ok,debt,0,1013634623,0,0,0
SP-00040,deficit,none,0,0,0,0,0
SP-00041,ok,debt,0,28841,0,0,0
SP-00042,deficit,none,0,0,0,0,0
SP-00043,ok,reserve,22814,0,0,0,0
SP-00044,ok,goals+,0,0,494,12489,39845
SP-00045,ok,debt,0,68852,0,0,209983
SP-00046,ok,reserve,6937,0,0,0,0
SP-00047,ok,reserve,3724,0,0,0,0
SP-00048,deficit,none,0,0,0,0,0
SP-00049,ok,reserve,10426,0,0,0,0
SP-00050,ok,reserve,6984,0,0,0,0
SP-00051,ok,debt,0,9622,0,0,0
SP-00052,ok,debt,0,9267,0,0,0
SP-00053,ok,reserve,24470,0,0,0,0
SP-00054,deficit,none,0,0,0,0,0
SP-00055,ok,reserve,12712,0,0,0,0
SP-00056,ok,debt,0,3141,0,0,0
SP-00057,ok,reserve,16899,0,0,0,0
SP-00058,ok,reserve,2386,0,0,0,0
SP-00059,ok,reserve,8065,0,0,0,0
SP-00060,ok,reserve,13066,0,0,0,0
SP-00061,ok,reserve,9499,0,0,0,0
SP-00062,ok,debt,9600,11932,0,0,0
SP-00063,ok,goals+,0,0,33760,73012,5033851
SP-00064,ok,debt,0,17516,0,0,79259
SP-00065,ok,goals+,0,0,6557,0,22253
SP-00066,ok,goals+,0,0,94318,0,147991
SP-00067,ok,reserve,26133,0,0,0,0
SP-00068,ok,debt,10468,15765,0,0,0
SP-00069,ok,reserve,3195,0,0,0,0
SP-00070,ok,reserve,28467,0,0,0,0
SP-00071,ok,reserve,18784,0,0,0,0
SP-00072,deficit,none,0,0,0,0,0
SP-00073,ok,debt,0,11631,0,0,0
SP-00074,ok,reserve,2411,0,0,0,0
SP-00075,ok,debt,0,400,0,0,114691
SP-00076,ok,reserve,28542,0,0,0,0
SP-00077,ok,reserve,1476,0,0,0,0
SP-00078,ok,goals+,0,0,11,28,648
SP-00079,ok,reserve,86197,0,0,0,0
SP-00080,ok,debt,0,55225,0,0,0
SP-00081,ok,reserve,1158358418,0,0,0,0
SP-00082,ok,debt,0,16865,0,0,0
SP-00083,ok,reserve,12764,0,0,0,0
SP-00084,deficit,none,0,0,0,0,0
SP-00085,ok,reserve,6426,0,0,0,0
SP-00086,ok,reserve,7253,0,0,0,0
SP-00087,ok,debt,0,39095,0,0,0
SP-00088,ok,reserve,12435,0,0,0,0
SP-00089,ok,reserve,18062,204,0,0,0
SP-00090,deficit,none,0,0,0,0,0
SP-00091,deficit,none,0,0,0,0,0
SP-00092,ok,debt,0,9515,0,0,15050
SP-00093,deficit,none,0,0,0,0,0
SP-00094,deficit,none,0,0,0,0,0
SP-00095,ok,reserve,4644,0,0,0,0
SP-00096,deficit,none,0,0,0,0,0
SP-00097,ok,debt,0,35726,0,0,0
SP-00098,deficit,none,0,0,0,0,0
SP-00099,ok,reserve,13716,0,0,0,0
SP-00100,ok,goals+,0,0,2246,0,174850
SP-00101,ok,debt,0,1145,0,0,0
SP-00102,ok,reserve,14062,0,0,0,0
SP-00103,ok,debt,0,6357,0,0,0
SP-00104,ok,debt,0,18073,0,0,0
SP-00105,ok,debt,0,251,0,0,860843
SP-00106,ok,reserve,4613,0,0,0,0
SP-00107,ok,reserve,8462,7877,0,0,0
SP-00108,ok,debt,0,1495,0,0,0
SP-00109,ok,reserve,17207,11160,0,0,0
SP-00110,ok,reserve,822,0,0,0,0
SP-00111,ok,reserve,5230,0,0,0,0
SP-00112,ok,goals+,0,0,1114,0,4608
SP-00113,ok,debt,0,33293,0,0,0
SP-00114,deficit,none,0,0,0,0,0
SP-00115,ok,debt,0,49618,0,0,20075
SP-00116,ok,goals+,0,0,53628,0,419598
SP-00117,ok,reserve,42044,0,0,0,0
SP-00118,ok,reserve,19454,0,0,0,0
SP-00119,ok,reserve,20178,0,0,0,0
SP-00120,ok,reserve,222,0,0,0,0
SP-00121,ok,goals+,0,0,6826,0,153764
SP-00122,deficit,none,0,0,0,0,0
SP-00123,ok,reserve,869884507,0,0,0,0
SP-00124,ok,reserve,13060,0,0,0,0
SP-00125,ok,reserve,22832,0,0,0,0
SP-00126,deficit,none,0,0,0,0,0
SP-00127,ok,reserve,27629,0,0,0,0
SP-00128,ok,reserve,25012,0,0,0,0
SP-00129,ok,debt,0,120697,0,0,0
SP-00130,ok,reserve,3400,0,0,0,0
SP-00131,ok,debt,0,10807,0,0,0
SP-00132,deficit,none,0,0,0,0,0
SP-00133,ok,reserve,49505,0,0,0,0
SP-00134,ok,debt,0,19172,0,0,0
SP-00135,deficit,none,0,0,0,0,0
SP-00136,ok,reserve,16406,0,0,0,0
SP-00137,ok,debt,0,898,0,0,0
SP-00138,ok,reserve,8982,0,0,0,0
SP-00139,deficit,none,0,0,0,0,174926
SP-00140,deficit,none,0,0,0,0,0
SP-00141,ok,reserve,6566,0,0,0,0
SP-00142,deficit,none,0,0,0,0,0
SP-00143,ok,reserve,51804,0,0,0,0
SP-00144,ok,debt,0,17228,0,0,0
SP-00145,ok,reserve,1200,0,0,0,0
SP-00146,ok,reserve,5410,0,0,0,0
SP-00147,ok,debt,0,7997,0,0,958647
SP-00148,deficit,none,0,0,0,0,0
SP-00149,ok,reserve,17657,0,0,0,0
SP-00150,ok,goals+,0,0,14482,0,22274
SP-00151,ok,reserve,36467,0,0,0,0
SP-00152,ok,goals+,0,0,4530,0,39059
SP-00153,ok,debt,0,5900,0,0,0
SP-00154,ok,reserve,29246,0,0,0,0
SP-00155,ok,debt,0,91807,0,0,0
SP-00156,ok,reserve,22247,0,0,0,0
SP-00157,ok,reserve,2018,0,0,0,0
SP-00158,ok,reserve,13016,0,0,0,0
SP-00159,ok,reserve,35329,0,0,0,0
SP-00160,ok,goals+,0,0,40593,0,274854
SP-00161,deficit,none,0,0,0,0,77915
SP-00162,ok,reserve,246,0,0,0,0
SP-00163,ok,debt,0,7049,0,0,0
SP-00164,ok,reserve,63090,0,0,0,0
SP-00165,ok,reserve,226058804,0,0,0,0
SP-00166,ok,reserve,10617,0,0,0,0
SP-00167,ok,debt,0,37245,0,0,0
SP-00168,deficit,none,0,0,0,0,0
SP-00169,ok,debt,0,6703,0,0,0
SP-00170,ok,reserve,29988,0,0,0,0
SP-00171,ok,reserve,14695,0,0,0,0
SP-00172,ok,reserve,31213,0,0,0,0
SP-00173,ok,reserve,31360,0,0,0,0
SP-00174,deficit,none,0,0,0,0,0
SP-00175,ok,reserve,2629,0,0,0,0
SP-00176,ok,reserve,29026,0,0,3561,0
SP-00177,deficit,none,0,0,0,0,0
SP-00178,ok,reserve,34446,0,0,0,0
SP-00179,ok,reserve,18513,0,0,0,0
SP-00180,deficit,none,0,0,0,0,0
SP-00181,ok,debt,0,350,0,0,0
SP-00182,deficit,none,0,0,0,0,0
SP-00183,deficit,none,0,0,0,0,0
SP-00184,ok,reserve,24500,0,0,0,0
SP-00185,ok,reserve,18330,0,0,0,0
SP-00186,ok,reserve,66898,0,0,0,0
SP-00187,ok,reserve,11745,0,0,0,0
SP-00188,ok,reserve,15589,0,0,0,0
SP-00189,ok,debt,0,7260,0,0,465249
SP-00190,ok,reserve,37048,0,0,0,0
SP-00191,ok,reserve,8536,0,0,0,0
SP-00192,deficit,none,0,0,0,0,0
SP-00193,ok,reserve,612,0,0,0,0
SP-00194,ok,debt,0,23968,0,0,0
SP-00195,ok,reserve,3481,0,0,0,0
SP-00196,ok,debt,0,49869,0,0,0
SP-00197,deficit,none,0,0,0,0,0
SP-00198,ok,goals+,13401,0,16787,0,0
SP-00199,ok,reserve,23512,0,0,0,0
SP-00200,ok,reserve,18839,0,0,0,0
SP-00201,deficit,none,0,0,0,0,0
SP-00202,deficit,none,0,0,0,0,0
SP-00203,ok,reserve,26409,0,0,0,0
SP-00204,ok,reserve,7,0,0,0,0
SP-00205,ok,reserve,23257,0,0,0,0
SP-00206,ok,debt,0,6143,0,0,0
SP-00207,ok,reserve,222794279,0,0,0,0
SP-00208,ok,reserve,612,0,0,0,0
SP-00209,ok,reserve,15323,0,0,0,0
SP-00210,deficit,none,0,0,0,0,0
SP-00211,deficit,none,0,0,0,0,0
SP-00212,ok,reserve,861,0,0,0,0
SP-00213,ok,debt,0,15864,0,0,0
SP-00214,ok,reserve,30196,0,0,0,0
SP-00215,ok,reserve,474,0,0,0,0
SP-00216,deficit,none,0,0,0,0,0
SP-00217,ok,reserve,16388,3102,0,0,0
SP-00218,ok,debt,0,13925,0,0,0
SP-00219,deficit,none,0,0,0,0,0
SP-00220,ok,reserve,76633,0,0,0,0
SP-00221,deficit,none,0,0,0,0,0
SP-00222,deficit,none,0,0,0,0,0
SP-00223,ok,debt,20304,70005,0,0,0
SP-00224,ok,reserve,7694,0,0,0,0
SP-00225,deficit,none,0,0,0,0,0
SP-00226,ok,reserve,14546,0,0,0,0
SP-00227,deficit,none,0,0,0,0,0
SP-00228,ok,debt,0,16471,0,0,0
SP-00229,ok,debt,0,8445,0,0,0
SP-00230,ok,reserve,22583,0,0,0,0
SP-00231,ok,goals+,0,0,30018,0,3424870
SP-00232,ok,reserve,82450,0,0,0,0
SP-00233,ok,reserve,21831,0,0,0,0
SP-00234,ok,reserve,22053,0,12196,0,0
SP-00235,ok,reserve,94071,0,0,0,0
SP-00236,ok,debt,0,4311,0,0,0
SP-00237,ok,debt,0,6463,0,0,0
SP-00238,ok,debt,0,22085,0,0,0
SP-00239,ok,reserve,79912,0,0,0,0
SP-00240,deficit,none,0,0,0,0,0
SP-00241,ok,reserve,38274,0,0,0,0
SP-00242,ok,reserve,11538,0,0,0,0
SP-00243,ok,debt,0,3500,0,0,0
SP-00244,ok,debt,636,15769,0,0,0
SP-00245,ok,reserve,22054,0,0,0,0
SP-00246,ok,reserve,142,0,0,0,0
SP-00247,ok,reserve,7558,0,0,0,0
SP-00248,ok,debt,0,13466,0,0,0
SP-00249,ok,reserve,289147440,0,0,0,0
SP-00250,ok,debt,0,4722,0,0,0
SP-00251,ok,reserve,7040,0,0,0,0
SP-00252,deficit,none,0,0,0,0,0
SP-00253,ok,goals+,2237,0,13753,0,0
SP-00254,ok,debt,0,27597,0,0,0
SP-00255,ok,reserve,46243,0,23023,21590,0
SP-00256,ok,reserve,18299,0,0,0,0
SP-00257,deficit,none,0,0,0,0,0
SP-00258,deficit,none,0,0,0,0,0
SP-00259,ok,reserve,45103,0,0,0,0
SP-00260,ok,reserve,8749,0,0,0,0
SP-00261,deficit,none,0,0,0,0,0
SP-00262,ok,reserve,2720,0,0,0,0
SP-00263,ok,debt,0,7863,0,0,0
SP-00264,deficit,none,0,0,0,0,0
SP-00265,ok,reserve,39892,0,0,0,0
SP-00266,deficit,none,0,0,0,0,0
SP-00267,ok,reserve,26318,0,0,0,0
SP-00268,ok,reserve,70951,0,0,0,0
SP-00269,ok,debt,0,30919,0,0,0
SP-00270,ok,reserve,4085,0,0,0,0
SP-00271,ok,goals+,0,0,38601,0,188160
SP-00272,deficit,none,0,0,0,0,0
SP-00273,ok,debt,0,19104,0,0,1979385
SP-00274,ok,reserve,11154,0,0,0,0
SP-00275,ok,reserve,5889,0,0,0,0
SP-00276,ok,debt,0,5295,0,0,34280
SP-00277,ok,reserve,11178,0,0,0,0
SP-00278,ok,reserve,2580,0,0,0,0
SP-00279,ok,debt,0,8280,0,0,0
SP-00280,ok,reserve,23427,0,0,0,0
SP-00281,ok,reserve,11322,0,0,0,0
SP-00282,ok,reserve,748,0,0,0,0
SP-00283,ok,reserve,3023,0,0,0,0
SP-00284,ok,reserve,26400,0,0,0,0
SP-00285,ok,goals+,0,0,6689,0,9105
SP-00286,ok,debt,0,10397,0,0,0
SP-00287,ok,debt,0,5607,0,0,0
SP-00288,ok,reserve,130,0,0,0,0
SP-00289,ok,reserve,5703,0,0,0,0
SP-00290,ok,reserve,4237,0,0,0,0
SP-00291,ok,reserve,605017062,0,0,0,0
SP-00292,deficit,none,0,0,0,0,0
SP-00293,ok,reserve,4337,0,0,0,0
SP-00294,deficit,none,0,0,0,0,0
SP-00295,ok,reserve,14599,0,0,0,0
SP-00296,ok,debt,0,13786,0,0,0
SP-00297,ok,reserve,22126,0,0,0,0
SP-00298,ok,debt,0,13233,0,0,0
SP-00299,ok,reserve,20396,0,0,0,0
SP-00300,deficit,none,0,0,0,0,0
SP-00301,ok,reserve,28829,0,0,0,0
SP-00302,ok,debt,0,11214,0,0,0
SP-00303,deficit,none,0,0,0,0,0
SP-00304,ok,reserve,649,0,0,0,0
SP-00305,ok,debt,0,12568,0,0,0
SP-00306,deficit,none,0,0,0,0,0
SP-00307,ok,debt,0,9714,0,0,153544
SP-00308,deficit,none,0,0,0,0,0
SP-00309,ok,reserve,26857,0,0,0,0
SP-00310,ok,debt,0,21386,0,0,0
SP-00311,ok,reserve,9561,0,0,0,0
SP-00312,ok,reserve,39729,0,0,0,0
SP-00313,ok,debt,0,7741,0,0,15167
SP-00314,ok,debt,0,12900,0,0,0
SP-00315,ok,goals+,0,0,3117,10299,1393923
SP-00316,ok,debt,0,59567,0,0,0
SP-00317,ok,reserve,2425,0,0,0,0
SP-00318,ok,reserve,23164,0,0,0,0
SP-00319,ok,debt,0,11906,0,0,0
SP-00320,ok,reserve,7274,0,0,0,0
SP-00321,ok,reserve,10149,0,0,0,0
SP-00322,deficit,none,0,0,0,0,0
SP-00323,deficit,none,0,0,0,0,0
SP-00324,deficit,none,0,0,0,0,0
SP-00325,ok,debt,0,13420,0,0,0
SP-00326,ok,reserve,5560,0,0,0,0
SP-00327,ok,debt,0,14793,0,0,0
SP-00328,ok,reserve,137101,0,0,0,0
SP-00329,ok,reserve,20733,0,0,0,0
SP-00330,ok,reserve,95,0,0,0,0
SP-00331,ok,reserve,23582,0,0,0,0
SP-00332,ok,reserve,19155,0,0,0,0
SP-00333,ok,reserve,944808415,0,0,0,0
SP-00334,ok,debt,0,20185,0,0,0
SP-00335,ok,reserve,17679,0,0,0,0
SP-00336,deficit,none,0,0,0,0,0
SP-00337,ok,reserve,17374,0,0,0,0
SP-00338,ok,reserve,21381,0,0,0,0
SP-00339,ok,goals+,0,0,78307,0,32404
SP-00340,ok,goals+,0,0,15237,0,61015
SP-00341,ok,reserve,32217,0,0,0,0
SP-00342,deficit,none,0,0,0,0,0
SP-00343,ok,debt,0,9113,0,0,0
SP-00344,ok,reserve,3335,0,0,0,0
SP-00345,deficit,none,0,0,0,0,0
SP-00346,ok,reserve,3672,0,0,0,0
SP-00347,ok,debt,0,12999,0,0,0
SP-00348,deficit,none,0,0,0,0,0
SP-00349,ok,reserve,2237,0,0,0,0
SP-00350,ok,debt,0,16783,0,0,0
SP-00351,ok,reserve,81011,0,0,0,0
SP-00352,ok,reserve,7167,0,0,0,0
SP-00353,ok,goals+,0,0,21179,38020,15862
SP-00354,ok,reserve,318,0,0,0,0
SP-00355,ok,debt,0,14623,0,0,0
SP-00356,ok,reserve,6459,0,0,0,0
SP-00357,ok,goals+,0,0,35414,25137,2484522
SP-00358,ok,debt,0,8387,0,0,16973
SP-00359,ok,debt,0,519,0,0,0
SP-00360,ok,goals+,6194,0,25067,0,0
SP-00361,ok,reserve,8378,0,0,0,0
SP-00362,ok,reserve,8436,0,0,0,0
SP-00363,ok,reserve,8704,0,0,0,0
SP-00364,ok,reserve,21202,0,0,0,0
SP-00365,ok,reserve,78912,0,6369,0,0
SP-00366,deficit,none,0,0,0,0,0
SP-00367,ok,reserve,12821,0,0,0,0
SP-00368,ok,reserve,10445,0,0,0,0
SP-00369,ok,debt,0,1049,0,0,0
SP-00370,ok,reserve,3444,0,0,0,0
SP-00371,ok,reserve,67589,0,0,0,0
SP-00372,ok,reserve,77,0,0,0,0
SP-00373,ok,reserve,13923,0,0,0,0
SP-00374,ok,reserve,16334,0,0,0,0
SP-00375,ok,reserve,207686426,0,0,0,0
SP-00376,ok,goals+,0,0,30132,33107,37144
SP-00377,ok,goals+,0,0,0,22818,97491
SP-00378,deficit,none,0,0,0,0,0
SP-00379,ok,debt,0,2903,0,0,0
SP-00380,ok,reserve,17347,0,0,0,0
SP-00381,ok,goals+,0,0,10551,44819,141222
SP-00382,ok,goals+,0,0,12266,388,2954
SP-00383,ok,debt,0,6215,0,0,0
SP-00384,deficit,none,0,0,0,0,0
SP-00385,deficit,none,0,0,0,0,0
SP-00386,ok,reserve,30783,0,0,0,0
SP-00387,deficit,none,0,0,0,0,0
SP-00388,ok,reserve,39355,0,0,0,0
SP-00389,ok,reserve,80260,0,0,0,0
SP-00390,ok,goals+,0,0,0,10237,263292
SP-00391,ok,reserve,233,0,0,0,0
SP-00392,ok,debt,0,13145,0,0,0
SP-00393,ok,reserve,18349,0,0,0,0
SP-00394,ok,reserve,11588,2306,0,0,0
SP-00395,ok,reserve,25504,2941,0,0,0
SP-00396,ok,reserve,22113,0,0,0,0
SP-00397,ok,debt,0,25137,0,0,0
SP-00398,ok,reserve,24704,0,0,0,0
SP-00399,ok,debt,0,19379,0,0,898002
SP-00400,deficit,none,0,0,0,0,0
SP-00401,ok,debt,0,14078,0,0,0
SP-00402,ok,reserve,4044,0,0,0,0
SP-00403,ok,reserve,5229,0,0,0,0
SP-00404,ok,reserve,18481,0,0,0,0
SP-00405,ok,reserve,1525,0,0,0,0
SP-00406,ok,debt,0,854,0,0,0
SP-00407,ok,debt,0,30295,0,0,0
SP-00408,ok,reserve,19458,0,0,0,0
SP-00409,ok,debt,0,5072,0,0,0
SP-00410,ok,reserve,15904,0,0,0,0
SP-00411,deficit,none,0,0,0,0,0
SP-00412,ok,debt,0,16733,0,0,38540
SP-00413,ok,reserve,8484,0,0,0,0
SP-00414,ok,reserve,109,0,0,0,0
SP-00415,ok,debt,0,14594,0,0,0
SP-00416,ok,goals+,0,0,5880,0,111586
SP-00417,deficit,none,0,0,0,0,0
SP-00418,ok,reserve,40110,0,0,0,0
SP-00419,ok,reserve,4893,0,0,0,0
SP-00420,deficit,none,0,0,0,0,0
SP-00421,ok,debt,0,9107,0,0,0
SP-00422,deficit,none,0,0,0,0,0
SP-00423,ok,goals+,0,0,22445,99583,388451
SP-00424,ok,debt,0,21693,0,0,0
SP-00425,ok,reserve,6275,0,0,0,0
SP-00426,deficit,none,0,0,0,0,0
SP-00427,ok,reserve,6063,0,0,0,0
SP-00428,ok,reserve,12144,0,0,0,0
SP-00429,ok,reserve,1210,0,0,0,0
SP-00430,ok,reserve,22324,0,0,0,0
SP-00431,deficit,none,0,0,0,0,0
SP-00432,ok,reserve,30110,0,0,0,0
SP-00433,ok,debt,0,6615,0,0,0
SP-00434,deficit,none,0,0,0,0,0
SP-00435,ok,reserve,25126,0,0,0,0
SP-00436,deficit,none,0,0,0,0,0
SP-00437,ok,reserve,16388,0,0,0,0
SP-00438,ok,reserve,1367,0,0,0,0
SP-00439,ok,debt,0,17655,0,0,0
SP-00440,ok,debt,0,19283,0,0,0
SP-00441,ok,debt,0,6568,0,0,1075220
SP-00442,deficit,none,0,0,0,0,0
SP-00443,ok,debt,0,31405,0,0,0
SP-00444,ok,debt,0,9277,0,0,0
SP-00445,deficit,none,0,0,0,0,0
SP-00446,ok,debt,0,27538,0,0,0
SP-00447,ok,reserve,1143,0,0,0,0
SP-00448,deficit,none,0,0,0,0,0
SP-00449,deficit,none,0,0,0,0,0
SP-00450,ok,reserve,12785,0,0,0,0
SP-00451,deficit,none,0,0,0,0,0
SP-00452,ok,reserve,12046,0,0,0,0
SP-00453,deficit,none,0,0,0,0,0
SP-00454,ok,debt,0,1175,0,0,0
SP-00455,ok,reserve,10583,0,0,0,0
SP-00456,ok,reserve,52,0,0,0,0
SP-00457,ok,goals+,0,0,54501,0,25868
SP-00458,deficit,none,0,0,0,0,0
SP-00459,ok,reserve,1016562441,0,0,103268922,0
SP-00460,ok,debt,12753,24108,0,0,0
SP-00461,ok,debt,0,5770,0,0,0
SP-00462,deficit,none,0,0,0,0,0
SP-00463,deficit,none,0,0,0,0,0
SP-00464,ok,debt,0,39052,0,0,0
SP-00465,ok,goals+,0,0,0,48464,139718
SP-00466,ok,reserve,1449,0,0,0,0
SP-00467,ok,reserve,8401,0,0,0,0
SP-00468,deficit,none,0,0,0,0,0
SP-00469,ok,reserve,6567,0,0,0,0
SP-00470,ok,reserve,3741,0,0,0,0
SP-00471,deficit,none,0,0,0,0,0
SP-00472,ok,reserve,109828,0,0,0,0
SP-00473,ok,reserve,60028,0,0,0,0
SP-00474,ok,reserve,11216,0,0,0,0
SP-00475,ok,reserve,3904,0,0,0,0
SP-00476,ok,reserve,20449,0,0,0,0
SP-00477,ok,reserve,24584,0,0,0,0
SP-00478,ok,reserve,26647,0,0,0,0
SP-00479,deficit,none,0,0,0,0,0
SP-00480,ok,reserve,402,0,0,0,0
SP-00481,ok,reserve,8151,0,0,0,0
SP-00482,ok,reserve,34618,0,0,0,0
SP-00483,ok,goals+,0,0,32087,0,1781420
SP-00484,ok,reserve,8365,0,0,0,0
SP-00485,ok,debt,0,12961,0,0,0
SP-00486,ok,reserve,13268,0,0,0,0
SP-00487,ok,reserve,24908,0,0,0,0
SP-00488,ok,debt,0,28307,0,0,0
SP-00489,ok,reserve,5243,0,0,0,0
SP-00490,ok,reserve,57590,0,14894,0,0
SP-00491,ok,reserve,12391,0,0,0,0
SP-00492,ok,goals+,0,0,15549,0,26361
SP-00493,ok,debt,0,9828,0,0,40976
SP-00494,ok,debt,0,51746,0,0,0
SP-00495,deficit,none,0,0,0,0,0
SP-00496,deficit,none,0,0,0,0,0
SP-00497,ok,reserve,55795,0,2918,0,0
SP-00498,ok,reserve,30,0,0,0,0
SP-00499,deficit,none,0,0,0,0,0
SP-00500,ok,goals+,0,0,18734,0,315042
SP-00501,ok,goals+,0,0,541625452,2411343123,3731407995
SP-00502,ok,reserve,9016,0,0,0,0
SP-00503,ok,debt,0,10413,0,0,0
SP-00504,deficit,none,0,0,0,0,0
SP-00505,ok,reserve,22722,0,0,0,0
SP-00506,ok,reserve,26212,0,0,0,0
SP-00507,ok,goals+,0,0,36962,0,90579
SP-00508,ok,debt,0,18126,0,0,0
SP-00509,ok,reserve,9385,0,0,0,0
SP-00510,deficit,none,0,0,0,0,0
SP-00511,ok,reserve,48896,0,0,0,0
SP-00512,ok,reserve,14974,0,0,0,0
SP-00513,deficit,none,0,0,0,0,0
SP-00514,ok,reserve,6884,0,0,0,0
SP-00515,ok,debt,0,4661,0,0,0
SP-00516,ok,reserve,8321,0,0,0,0
SP-00517,ok,reserve,35893,0,0,0,0
SP-00518,ok,reserve,55713,0,0,0,0
SP-00519,ok,debt,0,13478,0,0,0
SP-00520,ok,reserve,31968,0,0,0,0
SP-00521,ok,reserve,11902,0,0,0,0
SP-00522,ok,goals+,0,0,0,44327,13316
SP-00523,ok,reserve,3039,0,0,0,0
SP-00524,ok,reserve,708,0,0,0,0
SP-00525,ok,goals+,0,0,24896,0,510652
SP-00526,deficit,none,0,0,0,0,0
SP-00527,ok,reserve,16607,0,0,0,0
SP-00528,ok,debt,0,22053,0,0,0
SP-00529,ok,reserve,12926,0,0,0,0
SP-00530,deficit,none,0,0,0,0,0
SP-00531,ok,reserve,5456,0,0,0,0
SP-00532,ok,debt,0,2077,0,0,0
SP-00533,ok,reserve,7619,0,0,0,0
SP-00534,ok,goals+,23202,0,0,32473,0
SP-00535,deficit,none,0,0,0,0,0
SP-00536,ok,reserve,18440,4055,0,0,0
SP-00537,ok,reserve,57258,0,0,0,0
SP-00538,ok,debt,0,3355,0,0,0
SP-00539,ok,reserve,22735,0,0,0,0
SP-00540,ok,goals+,0,0,3,0,624
SP-00541,ok,reserve,25725,0,0,0,0
SP-00542,ok,goals+,0,0,1751,0,1673803
SP-00543,ok,reserve,100491644,0,0,0,0
SP-00544,deficit,none,0,0,0,0,0
SP-00545,ok,debt,0,17979,0,0,0
SP-00546,deficit,none,0,0,0,0,0
SP-00547,ok,reserve,72232,0,0,0,0
SP-00548,ok,reserve,3644,0,0,0,0
SP-00549,ok,goals+,0,0,0,91807,467203
SP-00550,ok,reserve,26785,0,0,0,0
SP-00551,ok,debt,0,440,0,0,0
SP-00552,deficit,none,0,0,0,0,0
SP-00553,ok,debt,0,9344,0,0,0
SP-00554,ok,debt,0,21333,0,0,0
SP-00555,deficit,none,0,0,0,0,56194
SP-00556,ok,reserve,54562,0,0,0,0
SP-00557,ok,reserve,2857,0,0,0,0
SP-00558,ok,reserve,43961,0,0,0,0
SP-00559,ok,reserve,7267,0,0,0,0
SP-00560,ok,debt,14158,15676,0,0,0
SP-00561,ok,reserve,8344,0,0,0,0
SP-00562,ok,reserve,36438,0,0,0,0
SP-00563,ok,reserve,8415,0,0,0,0
SP-00564,ok,reserve,71601,0,0,0,0
SP-00565,ok,goals+,0,0,1995,2490,167315
SP-00566,ok,reserve,20937,0,0,0,0
SP-00567,ok,debt,0,10508,0,0,690140
SP-00568,ok,goals+,0,0,5728,0,294146
SP-00569,ok,reserve,9801,0,0,0,0
SP-00570,ok,reserve,26051,0,0,0,0
SP-00571,ok,debt,0,16320,0,0,0
SP-00572,ok,reserve,885,0,0,0,0
SP-00573,ok,reserve,1228,0,0,0,0
SP-00574,ok,reserve,1784,0,0,0,0
SP-00575,ok,reserve,31785,0,0,0,0
SP-00576,ok,reserve,3941,0,0,0,0
SP-00577,deficit,none,0,0,0,0,0
SP-00578,ok,reserve,3255,0,0,0,0
SP-00579,ok,debt,0,13123,0,0,0
SP-00580,ok,goals+,0,0,9288,0,32824
SP-00581,ok,reserve,12813,0,0,0,0
SP-00582,ok,reserve,8,0,0,0,0
SP-00583,ok,debt,1708,8990,0,0,0
SP-00584,ok,reserve,1231,0,0,0,0
SP-00585,ok,reserve,518434044,0,0,0,0
SP-00586,ok,reserve,7192,5590,0,0,0
SP-00587,ok,debt,0,29985,0,0,0
SP-00588,deficit,none,0,0,0,0,0
SP-00589,ok,reserve,9043,0,0,0,0
SP-00590,ok,debt,0,20516,0,0,0
SP-00591,ok,goals+,0,0,74126,188767,368721
SP-00592,deficit,none,0,0,0,0,0
SP-00593,deficit,none,0,0,0,0,0
SP-00594,deficit,none,0,0,0,0,0
SP-00595,ok,debt,0,15115,0,0,0
SP-00596,ok,reserve,47349,0,0,0,0
SP-00597,deficit,none,0,0,0,0,0
SP-00598,ok,reserve,10017,0,0,0,0
SP-00599,ok,reserve,43316,0,0,0,0
SP-00600,ok,reserve,1795,0,0,0,0
SP-00601,deficit,none,0,0,0,0,0
SP-00602,ok,reserve,23802,0,0,0,0
SP-00603,ok,reserve,11106,0,0,0,0
SP-00604,ok,reserve,5877,0,0,0,0
SP-00605,ok,reserve,13837,0,0,0,0
SP-00606,ok,reserve,31338,0,0,0,0
SP-00607,deficit,none,0,0,0,0,0
SP-00608,ok,debt,0,36565,0,0,145942
SP-00609,deficit,none,0,0,0,0,0
SP-00610,ok,reserve,18233,0,0,0,0
SP-00611,deficit,none,0,0,0,0,0
SP-00612,ok,reserve,16765,0,0,0,0
SP-00613,deficit,none,0,0,0,0,0
SP-00614,ok,debt,0,15471,0,0,0
SP-00615,ok,reserve,9850,0,0,0,0
SP-00616,ok,debt,0,13690,0,0,66504
SP-00617,ok,reserve,13342,0,0,0,0
SP-00618,ok,reserve,34009,0,0,0,0
SP-00619,ok,reserve,63875,0,0,0,0
SP-00620,ok,reserve,8299,0,0,0,0
SP-00621,ok,reserve,15424,0,0,0,0
SP-00622,ok,debt,0,14976,0,0,0
SP-00623,ok,reserve,9982,0,0,0,0
SP-00624,ok,reserve,224,0,0,0,0
SP-00625,ok,reserve,76338,0,0,0,0
SP-00626,deficit,none,0,0,0,0,0
SP-00627,ok,reserve,746406066,0,0,0,0
SP-00628,ok,debt,0,31435,0,0,0
SP-00629,ok,debt,0,7522,0,0,0
SP-00630,deficit,none,0,0,0,0,0
SP-00631,ok,reserve,8306,0,0,0,0
SP-00632,ok,reserve,45271,0,0,0,0
SP-00633,ok,debt,33676,37366,0,0,0
SP-00634,deficit,none,0,0,0,0,0
SP-00635,ok,reserve,18101,0,0,0,0
SP-00636,deficit,none,0,0,0,0,0
SP-00637,ok,debt,0,9362,0,0,0
SP-00638,ok,reserve,7783,0,0,0,0
SP-00639,ok,debt,0,16616,0,0,0
SP-00640,ok,reserve,37517,0,0,0,0
SP-00641,ok,debt,0,30141,0,0,0
SP-00642,ok,reserve,26285,0,0,0,0
SP-00643,ok,goals+,0,0,20033,0,20416
SP-00644,ok,debt,0,4197,0,0,0
SP-00645,ok,debt,0,28810,0,0,0
SP-00646,ok,reserve,38499,0,0,0,0
SP-00647,ok,reserve,18993,0,0,0,0
SP-00648,ok,reserve,3998,0,0,0,0
SP-00649,ok,reserve,1431,0,0,0,0
SP-00650,ok,reserve,9210,0,0,0,0
SP-00651,ok,goals+,0,0,0,33933,1141863
SP-00652,ok,goals+,0,0,0,8820,86079
SP-00653,ok,debt,0,5609,0,0,0
SP-00654,ok,goals+,0,0,45514,0,7979
SP-00655,ok,reserve,19303,0,0,0,0
SP-00656,deficit,none,0,0,0,0,0
SP-00657,ok,debt,0,6531,0,0,0
SP-00658,ok,debt,0,9580,0,0,0
SP-00659,deficit,none,0,0,0,0,0
SP-00660,ok,reserve,50978,0,0,0,0
SP-00661,ok,debt,0,13841,0,0,0
SP-00662,ok,reserve,23956,0,0,0,0
SP-00663,ok,debt,0,31453,0,0,0
SP-00664,ok,debt,0,19594,0,0,37955
SP-00665,ok,reserve,84334,0,0,0,0
SP-00666,ok,goals+,0,0,21,103,188
SP-00667,ok,debt,8567,10434,0,0,0
SP-00668,ok,reserve,14298,0,0,0,0
SP-00669,ok,reserve,109086768,0,0,0,0
SP-00670,ok,reserve,9277,0,0,0,0
SP-00671,ok,debt,0,12176,0,0,0
SP-00672,deficit,none,0,0,0,0,0
SP-00673,ok,debt,0,2450,0,0,0
SP-00674,ok,goals+,0,0,2669,0,45064
SP-00675,ok,debt,0,76983,0,0,0
SP-00676,ok,reserve,6525,0,0,0,0
SP-00677,deficit,none,0,0,0,0,0
SP-00678,deficit,none,0,0,0,0,0
SP-00679,ok,reserve,2551,0,0,0,0
SP-00680,ok,reserve,42611,0,0,0,0
SP-00681,deficit,none,0,0,0,0,0
SP-00682,ok,reserve,103794,0,0,0,0
SP-00683,ok,reserve,3869,0,0,0,0
SP-00684,ok,reserve,19120,0,0,0,0
SP-00685,ok,reserve,11227,0,0,0,0
SP-00686,ok,reserve,37851,0,0,0,0
SP-00687,ok,debt,2753,3616,0,0,0
SP-00688,ok,reserve,5471,0,0,0,0
SP-00689,deficit,none,0,0,0,0,0
SP-00690,ok,reserve,6028,0,0,0,0
SP-00691,ok,reserve,16157,0,0,0,0
SP-00692,ok,reserve,36147,0,0,0,0
SP-00693,ok,goals+,0,0,0,6562,342841
SP-00694,ok,reserve,26389,0,0,0,0
SP-00695,ok,reserve,23334,0,0,0,0
SP-00696,ok,reserve,77367,0,0,0,0
SP-00697,ok,goals+,15784,0,29513,0,0
SP-00698,ok,reserve,11242,0,0,0,0
SP-00699,ok,reserve,17348,0,0,0,0
SP-00700,ok,reserve,34261,0,0,0,0
SP-00701,ok,goals+,0,0,11283,11129,116150
SP-00702,deficit,none,0,0,0,0,0
SP-00703,ok,reserve,7502,0,0,0,0
SP-00704,ok,reserve,69534,0,0,0,0
SP-00705,ok,reserve,4462,0,0,0,0
SP-00706,ok,reserve,3783,0,0,0,0
SP-00707,ok,goals+,0,0,0,31720,27899
SP-00708,ok,goals+,0,0,85,23,23
SP-00709,ok,reserve,11139,0,0,0,0
SP-00710,ok,reserve,12492,0,0,0,0
SP-00711,ok,debt,0,1573219914,0,0,0
SP-00712,ok,reserve,97421,0,0,0,0
SP-00713,ok,reserve,3996,0,0,0,0
SP-00714,deficit,none,0,0,0,0,0
SP-00715,ok,reserve,18049,0,0,0,0
SP-00716,deficit,none,0,0,0,0,0
SP-00717,ok,goals+,0,0,0,60575,59488
SP-00718,ok,reserve,77503,0,0,0,0
SP-00719,ok,reserve,16600,0,0,0,0
SP-00720,deficit,none,0,0,0,0,0
SP-00721,ok,debt,0,821,0,0,0
SP-00722,ok,reserve,39883,0,0,0,0
SP-00723,deficit,none,0,0,0,0,0
SP-00724,ok,reserve,12852,0,0,0,0
SP-00725,ok,reserve,100874,0,0,0,0
SP-00726,deficit,none,0,0,0,0,0
SP-00727,ok,reserve,5779,0,0,0,0
SP-00728,ok,reserve,43142,0,0,0,0
SP-00729,ok,reserve,14665,0,0,0,0
SP-00730,ok,reserve,13729,1689,0,0,0
SP-00731,deficit,none,0,0,0,0,0
SP-00732,ok,reserve,15452,0,0,0,0
SP-00733,ok,debt,0,4906,0,0,0
SP-00734,ok,reserve,8373,0,0,0,0
SP-00735,ok,goals+,0,0,15423,0,2299551
SP-00736,ok,reserve,18337,0,0,0,0
SP-00737,ok,reserve,23369,12138,0,0,0
SP-00738,ok,debt,0,22581,0,0,0
SP-00739,ok,reserve,60020,0,0,0,0
SP-00740,deficit,none,0,0,0,0,0
SP-00741,ok,debt,412,2471,0,0,0
SP-00742,ok,reserve,54675,0,0,0,0
SP-00743,ok,reserve,42895,0,0,0,0
SP-00744,ok,reserve,1917,0,0,0,0
SP-00745,ok,reserve,7806,0,0,0,0
SP-00746,ok,reserve,15358,0,0,0,0
SP-00747,ok,reserve,6110,725,0,0,0
SP-00748,ok,reserve,1038,0,0,0,0
SP-00749,deficit,none,0,0,0,0,0
SP-00750,deficit,none,0,0,0,0,0
SP-00751,ok,reserve,16997,0,0,0,0
SP-00752,ok,debt,0,8685,0,0,0
SP-00753,deficit,none,0,0,0,0,0
SP-00754,ok,reserve,83092,0,0,0,0
SP-00755,ok,reserve,37242,0,0,0,0
SP-00756,deficit,none,0,0,0,0,0
SP-00757,ok,debt,0,31526,0,0,0
SP-00758,ok,reserve,30253,0,0,0,0
SP-00759,ok,debt,0,47804,0,0,5137
SP-00760,deficit,none,0,0,0,0,0
SP-00761,ok,reserve,4382,0,0,0,0
SP-00762,deficit,none,0,0,0,0,0
SP-00763,ok,reserve,14941,6355,0,0,0
SP-00764,ok,reserve,47956,0,0,0,0
SP-00765,deficit,none,0,0,0,0,0
SP-00766,ok,reserve,19578,0,0,0,0
SP-00767,ok,reserve,25872,0,0,0,0
SP-00768,deficit,none,0,0,0,0,0
SP-00769,ok,reserve,5218,0,0,0,0
SP-00770,ok,reserve,18001,0,0,0,0
SP-00771,deficit,none,0,0,0,0,0
SP-00772,ok,debt,0,9609,0,0,0
SP-00773,ok,reserve,21767,0,0,0,0
SP-00774,ok,reserve,12498,0,0,0,0
SP-00775,ok,debt,0,57570,0,0,0
SP-00776,deficit,none,0,0,0,0,0
SP-00777,deficit,none,0,0,0,0,417457
SP-00778,ok,reserve,21839,0,0,0,0
SP-00779,deficit,none,0,0,0,0,0
SP-00780,ok,goals+,0,0,11277,0,38874
SP-00781,ok,debt,0,5814,0,0,0
SP-00782,ok,reserve,5684,0,0,0,0
SP-00783,ok,reserve,7484,0,0,0,0
SP-00784,ok,reserve,97479,12172,0,0,0
SP-00785,ok,reserve,45261,0,0,0,0
SP-00786,deficit,none,0,0,0,0,0
SP-00787,deficit,none,0,0,0,0,0
SP-00788,ok,reserve,20374,0,0,0,0
SP-00789,ok,reserve,33779,4649,0,0,0
SP-00790,ok,reserve,30530,0,11366,5023,0
SP-00791,ok,reserve,27761,1288,0,0,0
SP-00792,ok,goals+,0,0,1,0,831
SP-00793,ok,reserve,22814,0,0,0,0
SP-00794,ok,reserve,59544,0,0,0,0
SP-00795,ok,reserve,51291420,0,0,0,0
SP-00796,ok,reserve,3448,0,0,0,0
SP-00797,ok,reserve,8000,0,0,0,0
SP-00798,deficit,none,0,0,0,0,0
SP-00799,ok,debt,0,13351,0,0,0
SP-00800,ok,reserve,14780,0,0,0,0
SP-00801,ok,debt,0,126338,0,0,467989
SP-00802,ok,reserve,43474,0,0,0,0
SP-00803,ok,reserve,12163,696,0,0,0
SP-00804,deficit,none,0,0,0,0,0
SP-00805,ok,reserve,49925,0,0,0,0
SP-00806,ok,reserve,4774,0,0,0,0
SP-00807,deficit,none,0,0,0,0,0
SP-00808,ok,goals+,0,0,7670,19926,191620
SP-00809,ok,reserve,8785,0,0,0,0
SP-00810,ok,reserve,11892,0,0,0,0
SP-00811,deficit,none,0,0,0,0,0
SP-00812,ok,reserve,5695,0,0,0,0
SP-00813,deficit,none,0,0,0,0,0
SP-00814,ok,goals+,0,0,0,46267,126128
SP-00815,ok,debt,0,10363,0,0,0
SP-00816,deficit,none,0,0,0,0,0
SP-00817,ok,debt,8680,9570,0,0,0
SP-00818,ok,reserve,91563,0,0,0,0
SP-00819,ok,debt,0,34534,0,0,1219135
SP-00820,ok,debt,6787,7132,0,0,0
SP-00821,ok,reserve,7254,0,0,0,0
SP-00822,ok,debt,5453,46577,0,0,0
SP-00823,ok,reserve,19004,0,0,0,0
SP-00824,ok,reserve,20058,0,0,0,0
SP-00825,ok,reserve,5368,0,0,0,0
SP-00826,ok,reserve,14521,3926,0,0,0
SP-00827,ok,reserve,5557,0,0,0,0
SP-00828,ok,reserve,23773,0,0,0,0
SP-00829,ok,reserve,31462,0,0,0,0
SP-00830,deficit,none,0,0,0,0,443095
SP-00831,ok,reserve,5236,0,0,0,0
SP-00832,ok,reserve,13642,0,0,0,0
SP-00833,ok,debt,0,7262,0,0,0
SP-00834,ok,reserve,4,0,0,0,0
SP-00835,ok,debt,0,25582,0,0,0
SP-00836,deficit,none,0,0,0,0,0
SP-00837,ok,reserve,112078401,0,0,0,0
SP-00838,deficit,none,0,0,0,0,0
SP-00839,ok,goals+,0,0,4893,0,108027
SP-00840,deficit,none,0,0,0,0,0
SP-00841,ok,reserve,3592,0,0,0,0
SP-00842,ok,debt,0,42185,0,0,0
SP-00843,ok,debt,1171,24055,0,0,0
SP-00844,ok,reserve,6808,0,0,0,0
SP-00845,ok,reserve,8423,0,0,0,0
SP-00846,deficit,none,0,0,0,0,0
SP-00847,ok,reserve,11721,0,0,0,0
SP-00848,ok,reserve,12716,0,0,0,0
SP-00849,deficit,none,0,0,0,0,0
SP-00850,ok,debt,0,41643,0,0,0
SP-00851,deficit,none,0,0,0,0,0
SP-00852,ok,reserve,32218,0,0,0,0
SP-00853,ok,debt,0,14264,0,0,0
SP-00854,ok,reserve,23629,0,0,0,0
SP-00855,ok,reserve,7168,0,0,0,0
SP-00856,ok,reserve,8002,0,0,0,0
SP-00857,ok,reserve,25731,0,0,0,0
SP-00858,ok,goals+,0,0,0,1335,148196
SP-00859,ok,reserve,32826,0,0,0,0
SP-00860,ok,debt,0,1896,0,0,0
SP-00861,ok,goals+,0,0,0,16764,2687897
SP-00862,deficit,none,0,0,0,0,0
SP-00863,ok,reserve,22134,0,0,0,0
SP-00864,ok,reserve,7553,0,0,0,0
SP-00865,ok,goals+,0,0,4491,0,57709
SP-00866,ok,reserve,11865,0,0,0,0
SP-00867,ok,reserve,585,0,0,0,0
SP-00868,ok,reserve,44047,0,0,0,0
SP-00869,ok,debt,0,613,0,0,0
SP-00870,deficit,none,0,0,0,0,0
SP-00871,ok,reserve,8854,0,0,0,0
SP-00872,deficit,none,0,0,0,0,0
SP-00873,ok,reserve,9904,0,0,0,0
SP-00874,ok,reserve,11257,0,0,0,0
SP-00875,ok,debt,0,3072,0,0,0
SP-00876,deficit,none,0,0,0,0,0
SP-00877,ok,reserve,4574,0,0,0,0
SP-00878,ok,goals+,0,0,24166,6891,137905
SP-00879,deficit,none,0,0,0,0,0
SP-00880,ok,reserve,31584,0,0,0,0
SP-00881,ok,reserve,9061,0,0,0,0
SP-00882,deficit,none,0,0,0,0,0
SP-00883,ok,reserve,2425,0,0,0,0
SP-00884,ok,reserve,49923,0,0,0,0
SP-00885,ok,goals+,0,0,0,36570,51798
SP-00886,ok,reserve,658,0,0,0,0
SP-00887,ok,debt,0,22247,0,0,0
SP-00888,deficit,none,0,0,0,0,0
SP-00889,ok,reserve,36836,0,0,0,0
SP-00890,ok,reserve,2770,0,0,0,0
SP-00891,deficit,none,0,0,0,0,0
SP-00892,ok,reserve,12676,0,0,0,0
SP-00893,ok,reserve,21334,0,0,0,0
SP-00894,ok,reserve,13420,0,0,0,0
SP-00895,ok,reserve,3173,0,0,0,0
SP-00896,ok,reserve,22236,0,0,0,0
SP-00897,ok,reserve,7889,0,0,0,0
SP-00898,ok,goals+,0,0,16289,18023,10996
SP-00899,ok,reserve,315,0,0,0,0
SP-00900,ok,debt,0,8149,0,0,0
SP-00901,ok,reserve,12307,0,0,0,0
SP-00902,ok,reserve,21374,0,4373,0,0
SP-00903,ok,goals+,0,0,6498,0,1781188
SP-00904,ok,reserve,33542,0,0,0,0
SP-00905,ok,reserve,2687,0,0,0,0
SP-00906,ok,reserve,49472,0,0,0,0
SP-00907,ok,debt,0,31803,0,0,0
SP-00908,ok,reserve,26646,0,0,0,0
SP-00909,ok,debt,0,4005,0,0,0
SP-00910,ok,reserve,66991,0,0,0,0
SP-00911,deficit,none,0,0,0,0,0
SP-00912,ok,reserve,11968,0,0,0,0
SP-00913,ok,reserve,7634,0,0,0,0
SP-00914,ok,reserve,9727,0,0,0,0
SP-00915,deficit,none,0,0,0,0,0
SP-00916,deficit,none,0,0,0,0,0
SP-00917,deficit,none,0,0,0,0,0
SP-00918,ok,reserve,37,0,0,0,0
SP-00919,ok,debt,0,14621,0,0,0
SP-00920,ok,reserve,832,0,0,0,0
SP-00921,ok,debt,0,584162948,0,0,0
SP-00922,ok,reserve,18943,0,0,0,0
SP-00923,ok,reserve,24538,0,0,0,0
SP-00924,deficit,none,0,0,0,0,0
SP-00925,ok,reserve,6134,0,0,0,0
SP-00926,ok,reserve,21150,0,0,0,0
SP-00927,ok,goals+,0,0,128191,0,33855
SP-00928,ok,reserve,8456,0,0,0,0
SP-00929,ok,reserve,6811,0,0,0,0
SP-00930,deficit,none,0,0,0,0,0
SP-00931,ok,reserve,21078,0,0,0,0
SP-00932,ok,reserve,14584,0,0,0,0
SP-00933,deficit,none,0,0,0,0,0
SP-00934,ok,reserve,32961,0,0,0,0
SP-00935,ok,debt,0,15374,0,0,0
SP-00936,deficit,none,0,0,0,0,0
SP-00937,ok,reserve,1679,0,0,0,0
SP-00938,deficit,none,0,0,0,0,0
SP-00939,ok,reserve,15553,0,0,0,0
SP-00940,ok,goals+,0,0,36062,0,28006
SP-00941,ok,debt,0,7123,0,0,0
SP-00942,ok,reserve,1358,0,0,0,0
SP-00943,ok,reserve,5495,0,0,0,0
SP-00944,ok,reserve,15722,2167,0,0,0
SP-00945,ok,goals+,0,0,13647,0,776288
SP-00946,ok,reserve,17527,0,0,0,0
SP-00947,ok,reserve,15536,0,0,0,0
SP-00948,ok,reserve,14966,0,0,0,0
SP-00949,ok,reserve,54843,0,0,0,0
SP-00950,ok,reserve,11571,0,0,0,0
SP-00951,ok,debt,0,20107,0,0,0
SP-00952,ok,debt,0,14403,0,0,0
SP-00953,ok,reserve,16454,0,0,0,0
SP-00954,ok,reserve,4400,0,0,0,0
SP-00955,ok,reserve,12389,0,0,0,0
SP-00956,ok,reserve,1866,0,0,0,0
SP-00957,ok,debt,0,9640,0,0,0
SP-00958,ok,reserve,3369,0,0,0,0
SP-00959,ok,debt,0,26102,0,0,0
SP-00960,ok,reserve,70,0,0,0,0
SP-00961,deficit,none,0,0,0,0,0
SP-00962,ok,reserve,8766,0,0,0,0
SP-00963,ok,reserve,566531029,0,0,0,0
SP-00964,ok,reserve,37898,7899,0,0,0
SP-00965,deficit,none,0,0,0,0,0
SP-00966,deficit,none,0,0,0,0,0
SP-00967,deficit,none,0,0,0,0,0
SP-00968,ok,debt,0,23390,0,0,0
SP-00969,ok,reserve,13284,4577,0,0,0
SP-00970,ok,debt,0,15897,0,0,0
SP-00971,ok,reserve,68978,0,0,0,0
SP-00972,deficit,none,0,0,0,0,0
SP-00973,ok,goals+,0,0,0,9492,2677
SP-00974,ok,reserve,339,0,0,0,0
SP-00975,deficit,none,0,0,0,0,0
SP-00976,deficit,none,0,0,0,0,40396
SP-00977,ok,reserve,897,0,0,0,0
SP-00978,ok,reserve,18105,0,0,0,0
SP-00979,ok,debt,6324,7864,0,0,0
SP-00980,ok,reserve,17260,0,5397,0,0
SP-00981,ok,reserve,3889,0,0,0,0
SP-00982,ok,reserve,8998,0,0,0,0
SP-00983,ok,reserve,15360,0,0,0,0
SP-00984,deficit,none,0,0,0,0,0
SP-00985,ok,goals+,0,0,0,20003,32000
SP-00986,ok,reserve,3353,0,0,0,0
SP-00987,ok,goals+,0,0,15173,0,1324302
SP-00988,ok,debt,8068,14407,0,0,0
SP-00989,ok,reserve,2064,0,0,0,0
SP-00990,deficit,none,0,0,0,0,0
SP-00991,ok,reserve,2826,0,0,0,0
SP-00992,ok,reserve,50376,0,0,0,0
SP-00993,ok,reserve,5115,0,0,0,0
SP-00994,ok,debt,0,11176,0,0,0
SP-00995,ok,reserve,19657,0,0,0,0
SP-00996,ok,reserve,77700,0,0,0,0
SP-00997,ok,reserve,43891,0,0,0,0
SP-00998,ok,debt,5583,13946,0,0,0
SP-00999,ok,reserve,23358,0,0,0,0
SP-01000,deficit,none,0,0,0,0,0
SP-01001,ok,goals+,0,0,25457,0,104
SP-01002,ok,goals+,0,0,5,0,600
SP-01003,ok,reserve,9306,0,0,0,0
SP-01004,ok,debt,0,2438,0,0,63723
SP-01005,ok,reserve,980167085,0,0,0,0
SP-01006,ok,debt,0,4218,0,0,0
SP-01007,ok,debt,0,12715,0,0,0
SP-01008,deficit,none,0,0,0,0,0
SP-01009,ok,goals+,0,0,0,14858,2663
SP-01010,ok,reserve,101830,0,0,0,0
SP-01011,ok,debt,0,67450,0,0,889832
SP-01012,ok,reserve,32730,4917,0,0,0
SP-01013,deficit,none,0,0,0,0,0
SP-01014,deficit,none,0,0,0,0,0
SP-01015,ok,reserve,4496,0,0,0,0
SP-01016,ok,debt,0,36135,0,0,0
SP-01017,deficit,none,0,0,0,0,0
SP-01018,ok,reserve,5659,0,0,0,0
SP-01019,ok,debt,15216,29656,0,0,0
SP-01020,deficit,none,0,0,0,0,0
SP-01021,ok,debt,0,1886,0,0,0
SP-01022,deficit,none,0,0,0,0,0
SP-01023,ok,reserve,23361,0,0,2289,0
SP-01024,ok,reserve,8458,0,0,0,0
SP-01025,ok,reserve,40044,0,0,0,0
SP-01026,ok,reserve,71187,0,0,0,0
SP-01027,ok,reserve,40162,0,0,9217,0
SP-01028,ok,reserve,6455,0,0,0,0
SP-01029,ok,goals+,0,0,50333,740,3587826
SP-01030,ok,reserve,25782,0,0,0,0
SP-01031,ok,debt,0,22684,0,0,165167
SP-01032,ok,debt,0,5879,0,0,0
SP-01033,ok,debt,0,21972,0,0,30721
SP-01034,ok,reserve,9617,6475,0,0,0
SP-01035,ok,reserve,7966,0,0,0,0
SP-01036,ok,reserve,26846,0,0,0,0
SP-01037,ok,reserve,16127,0,0,0,0
SP-01038,ok,reserve,5589,0,0,0,0
SP-01039,ok,reserve,19992,0,0,0,0
SP-01040,ok,reserve,32310,0,0,0,0
SP-01041,ok,reserve,12669,0,6252,0,0
SP-01042,ok,reserve,8490,0,0,0,0
SP-01043,ok,goals+,0,0,32914,14458,168429
SP-01044,ok,goals+,0,0,18,0,33
SP-01045,ok,debt,0,21733,0,0,0
SP-01046,ok,reserve,9037,0,0,0,0
SP-01047,ok,reserve,31008485,0,0,0,0
SP-01048,ok,reserve,37988,0,0,0,0
SP-01049,ok,reserve,3188,0,0,0,0
SP-01050,deficit,none,0,0,0,0,0
SP-01051,ok,reserve,252,0,0,0,0
SP-01052,ok,reserve,26821,0,0,0,0
SP-01053,ok,goals+,0,0,38645,0,46856
SP-01054,ok,debt,0,20444,0,0,563858
SP-01055,deficit,none,0,0,0,0,0
SP-01056,deficit,none,0,0,0,0,0
SP-01057,deficit,none,0,0,0,0,0
SP-01058,ok,debt,3574,34323,0,0,0
SP-01059,deficit,none,0,0,0,0,0
SP-01060,ok,reserve,36620,0,0,0,0
SP-01061,ok,goals+,0,0,1164,17570,30823
SP-01062,deficit,none,0,0,0,0,0
SP-01063,ok,reserve,5050,0,0,0,0
SP-01064,ok,reserve,16241,0,0,0,0
SP-01065,ok,reserve,2074,0,0,0,0
SP-01066,ok,debt,0,8429,0,0,0
SP-01067,ok,reserve,32925,0,0,0,0
SP-01068,deficit,none,0,0,0,0,0
SP-01069,ok,reserve,13577,0,0,0,0
SP-01070,ok,reserve,6288,0,0,0,0
SP-01071,ok,goals+,0,0,0,9331,448179
SP-01072,deficit,none,0,0,0,0,0
SP-01073,ok,reserve,9433,0,0,0,0
SP-01074,ok,debt,0,12975,0,0,0
SP-01075,ok,debt,0,22678,0,0,123152
SP-01076,ok,reserve,36233,0,0,0,0
SP-01077,ok,debt,0,16271,0,0,0
SP-01078,ok,reserve,67362,0,0,0,0
SP-01079,ok,reserve,22226,0,0,0,0
SP-01080,ok,reserve,27163,0,0,0,0
SP-01081,deficit,none,0,0,0,0,0
SP-01082,ok,debt,0,8650,0,0,104811
SP-01083,ok,reserve,5185,0,0,0,0
SP-01084,ok,debt,331,31193,0,0,0
SP-01085,ok,reserve,39683,0,0,0,0
SP-01086,ok,goals+,0,0,88,91,263
SP-01087,deficit,none,0,0,0,0,0
SP-01088,ok,debt,0,7884,0,0,0
SP-01089,ok,reserve,299069530,0,0,0,0
SP-01090,ok,reserve,8059,0,0,0,0
SP-01091,ok,debt,0,11509,0,0,0
SP-01092,deficit,none,0,0,0,0,0
SP-01093,ok,reserve,16910,0,0,0,0
SP-01094,ok,goals+,0,0,23866,0,169783
SP-01095,ok,debt,0,149579,0,0,0
SP-01096,ok,reserve,933,0,0,0,0
SP-01097,ok,reserve,19892,0,0,0,0
SP-01098,deficit,none,0,0,0,0,0
SP-01099,ok,reserve,31978,0,0,0,0
SP-01100,ok,reserve,29162,0,0,0,0
SP-01101,deficit,none,0,0,0,0,0
SP-01102,ok,reserve,5343,0,0,0,0
SP-01103,ok,reserve,22672,0,0,0,0
SP-01104,ok,reserve,15263,0,0,0,0
SP-01105,ok,reserve,29833,0,0,0,0
SP-01106,ok,debt,0,1038,0,0,9418
SP-01107,ok,reserve,497,0,0,0,0
SP-01108,ok,reserve,19151,0,0,0,0
SP-01109,ok,reserve,114669,0,0,0,0
SP-01110,ok,reserve,40523,0,0,0,0
SP-01111,ok,reserve,25821,0,0,0,0
SP-01112,ok,debt,0,16661,0,0,0
SP-01113,deficit,none,0,0,0,0,620513
SP-01114,deficit,none,0,0,0,0,0
SP-01115,ok,debt,0,38606,0,0,32876
SP-01116,ok,reserve,16912,0,2447,0,0
SP-01117,ok,reserve,1261,0,0,0,0
SP-01118,deficit,none,0,0,0,0,0
SP-01119,deficit,none,0,0,0,0,0
SP-01120,ok,reserve,19622,0,0,0,0
SP-01121,ok,debt,0,206,0,0,0
SP-01122,deficit,none,0,0,0,0,0
SP-01123,ok,reserve,3394,0,0,0,0
SP-01124,ok,reserve,5566,0,0,0,0
SP-01125,ok,reserve,49853,0,0,0,0
SP-01126,ok,reserve,44763,0,0,0,0
SP-01127,ok,reserve,15464,0,12316,0,0
SP-01128,deficit,none,0,0,0,0,0
SP-01129,ok,reserve,15644,0,0,0,0
SP-01130,ok,goals+,0,0,3158,0,31398
SP-01131,ok,goals+,0,0,887633600,0,265246251
SP-01132,ok,debt,0,7347,0,0,70029
SP-01133,ok,reserve,7754,0,0,0,0
SP-01134,deficit,none,0,0,0,0,0
SP-01135,ok,goals+,0,0,0,24743,91064
SP-01136,ok,debt,0,6426,0,0,0
SP-01137,ok,reserve,52369,0,0,0,0
SP-01138,ok,reserve,7555,0,0,0,0
SP-01139,ok,reserve,9502,0,0,0,0
SP-01140,deficit,none,0,0,0,0,0
SP-01141,deficit,none,0,0,0,0,0
SP-01142,ok,reserve,8930,0,0,0,0
SP-01143,deficit,none,0,0,0,0,0
SP-01144,deficit,none,0,0,0,0,0
SP-01145,ok,debt,0,12298,0,0,0
SP-01146,deficit,none,0,0,0,0,0
SP-01147,ok,debt,0,52835,0,0,0
SP-01148,ok,reserve,19016,0,0,0,0
SP-01149,ok,reserve,59328,0,0,0,0
SP-01150,ok,reserve,20071,0,0,0,0
SP-01151,ok,debt,0,5450,0,0,0
SP-01152,deficit,none,0,0,0,0,0
SP-01153,ok,debt,0,22078,0,0,0
SP-01154,deficit,none,0,0,0,0,0
SP-01155,ok,goals+,0,0,3290,16700,676280
SP-01156,deficit,none,0,0,0,0,0
SP-01157,ok,goals+,0,0,0,7215,91745
SP-01158,ok,reserve,8576,0,0,0,0
SP-01159,ok,reserve,7419,0,0,0,0
SP-01160,ok,reserve,21021,0,0,0,0
SP-01161,ok,reserve,9565,0,0,0,0
SP-01162,ok,debt,0,6729,0,0,0
SP-01163,ok,goals+,0,0,18289,6160,81379
SP-01164,deficit,none,0,0,0,0,0
SP-01165,ok,reserve,45500,0,0,0,0
SP-01166,ok,reserve,8516,0,0,0,0
SP-01167,ok,reserve,21159,0,0,0,0
SP-01168,ok,reserve,12138,0,0,0,0
SP-01169,ok,debt,0,16508,0,0,0
SP-01170,ok,reserve,201,0,0,0,0
SP-01171,ok,reserve,16678,0,0,0,0
SP-01172,ok,reserve,1899,0,0,0,0
SP-01173,ok,reserve,507576933,0,0,0,0
SP-01174,deficit,none,0,0,0,0,0
SP-01175,ok,reserve,4478,0,0,0,0
SP-01176,deficit,none,0,0,0,0,0
SP-01177,ok,reserve,29297,0,0,0,0
SP-01178,ok,reserve,18111,2990,0,0,0
SP-01179,ok,debt,0,36756,0,0,4132
SP-01180,ok,reserve,30126,0,0,0,0
SP-01181,ok,debt,0,9655,0,0,0
SP-01182,deficit,none,0,0,0,0,0
SP-01183,ok,reserve,23383,1246,0,0,0
SP-01184,ok,reserve,26382,0,0,0,0
SP-01185,deficit,none,0,0,0,0,0
SP-01186,deficit,none,0,0,0,0,0
SP-01187,ok,debt,0,28662,0,0,0
SP-01188,deficit,none,0,0,0,0,0
SP-01189,ok,debt,0,14588,0,0,0
SP-01190,deficit,none,0,0,0,0,276910
SP-01191,ok,reserve,10681,0,0,0,0
SP-01192,ok,reserve,3961,0,0,0,0
SP-01193,ok,debt,0,406,0,0,0
SP-01194,ok,reserve,3491,0,0,0,0
SP-01195,ok,reserve,77501,0,0,0,0
SP-01196,ok,reserve,43299,0,0,0,0
SP-01197,ok,goals+,0,0,0,11749,1675294
SP-01198,deficit,none,0,0,0,0,0
SP-01199,ok,reserve,41836,0,0,0,0
SP-01200,ok,debt,0,3555,0,0,0
SP-01201,ok,goals+,0,0,6729,0,23015
SP-01202,ok,goals+,0,0,44,0,34428
SP-01203,deficit,none,0,0,0,0,0
SP-01204,ok,debt,0,5049,0,0,0
SP-01205,ok,reserve,15202,0,0,0,0
SP-01206,deficit,none,0,0,0,0,0
SP-01207,ok,reserve,69167,0,0,0,0
SP-01208,ok,reserve,5876,0,0,0,0
SP-01209,ok,debt,0,12008,0,0,0
SP-01210,ok,reserve,9191,0,0,0,0
SP-01211,ok,goals+,0,0,0,55890,58232
SP-01212,ok,goals+,0,0,35,46,40
SP-01213,ok,debt,0,15112,0,0,134831
SP-01214,ok,debt,0,18541,0,0,0
SP-01215,ok,reserve,1107702768,0,0,0,0
SP-01216,ok,reserve,18035,0,0,0,0
SP-01217,ok,reserve,52675,0,0,0,0
SP-01218,deficit,none,0,0,0,0,0
SP-01219,deficit,none,0,0,0,0,0
SP-01220,ok,debt,0,3902,0,0,0
SP-01221,ok,goals+,0,0,431,91515,58157
SP-01222,ok,reserve,15931,0,0,0,0
SP-01223,ok,reserve,10979,0,0,0,0
SP-01224,deficit,none,0,0,0,0,0
SP-01225,deficit,none,0,0,0,0,0
SP-01226,deficit,none,0,0,0,0,0
SP-01227,deficit,none,0,0,0,0,0
SP-01228,ok,reserve,110616,0,0,0,0
SP-01229,ok,reserve,69677,0,0,0,0
SP-01230,ok,reserve,11154,0,0,0,0
SP-01231,ok,debt,0,19311,0,0,0
SP-01232,ok,goals+,0,0,20765,0,532898
SP-01233,ok,reserve,2667,0,0,0,0
SP-01234,ok,reserve,19077,0,0,0,0
SP-01235,ok,reserve,15068,0,0,0,0
SP-01236,ok,reserve,4176,0,0,0,0
SP-01237,ok,reserve,66905,0,0,0,0
SP-01238,ok,debt,0,8826,0,0,0
SP-01239,ok,debt,0,28287,0,0,1709131
SP-01240,ok,goals+,0,0,14161,0,31502
SP-01241,ok,reserve,60913,0,0,0,0
SP-01242,ok,reserve,37751,640,0,0,0
SP-01243,ok,reserve,25483,0,13807,0,0
SP-01244,ok,debt,0,39015,0,0,0
SP-01245,ok,reserve,202,0,0,0,0
SP-01246,ok,debt,0,1537,0,0,0
SP-01247,ok,goals+,0,0,0,17774,165806
SP-01248,deficit,none,0,0,0,0,0
SP-01249,ok,reserve,36697,0,0,21248,0
SP-01250,deficit,none,0,0,0,0,0
SP-01251,ok,goals+,0,0,14534,0,39475
SP-01252,ok,debt,0,15597,0,0,115108
SP-01253,ok,reserve,10382,7344,0,0,0
SP-01254,ok,reserve,147,0,0,0,0
SP-01255,ok,debt,0,22929,0,0,0
SP-01256,ok,reserve,3817,0,0,0,0
SP-01257,ok,reserve,137096965,0,0,0,0
SP-01258,ok,reserve,1499,0,0,0,0
SP-01259,ok,reserve,21221,0,0,0,0
SP-01260,deficit,none,0,0,0,0,0
SP-01261,ok,reserve,24798,0,0,0,0
SP-01262,ok,reserve,43494,0,0,0,0
SP-01263,ok,debt,0,111479,0,0,60378
SP-01264,ok,reserve,42308,0,0,0,0
SP-01265,ok,reserve,53146,0,0,0,0
SP-01266,deficit,none,0,0,0,0,0
SP-01267,ok,reserve,5204,0,0,0,0
SP-01268,ok,reserve,8245,0,0,0,0
SP-01269,deficit,none,0,0,0,0,0
SP-01270,ok,reserve,11678,0,0,0,0
SP-01271,ok,reserve,33283,0,0,0,0
SP-01272,deficit,none,0,0,0,0,0
SP-01273,ok,reserve,1753,0,0,0,0
SP-01274,ok,reserve,19967,0,0,0,0
SP-01275,deficit,none,0,0,0,0,0
SP-01276,ok,goals+,0,0,6394,0,75092
SP-01277,ok,reserve,2893,0,0,0,0
SP-01278,ok,debt,0,20494,0,0,0
SP-01279,deficit,none,0,0,0,0,0
SP-01280,deficit,none,0,0,0,0,0
SP-01281,ok,goals+,0,0,22500,0,552940
SP-01282,ok,reserve,9383,0,0,0,0
SP-01283,ok,reserve,3053,0,0,0,0
SP-01284,ok,debt,0,28622,0,0,0
SP-01285,deficit,none,0,0,0,0,0
SP-01286,ok,debt,0,6961,0,0,0
SP-01287,ok,debt,0,1912,0,0,0
SP-01288,ok,reserve,3745,0,0,0,0
SP-01289,ok,reserve,48582,0,0,0,0
SP-01290,ok,reserve,10786,0,0,0,0
SP-01291,ok,goals+,0,0,29885,0,14499
SP-01292,ok,reserve,24007,0,0,0,0
SP-01293,ok,goals+,0,0,28,0,602830
SP-01294,ok,reserve,17859,0,0,0,0
SP-01295,ok,goals+,0,0,0,66468,63476
SP-01296,ok,goals+,0,0,22,0,184
SP-01297,deficit,none,0,0,0,0,0
SP-01298,ok,goals+,0,0,0,748,160963
SP-01299,ok,goals+,0,0,267960965,0,2449325514
SP-01300,ok,reserve,18424,0,0,0,0
SP-01301,ok,debt,2940,4135,0,0,0
SP-01302,deficit,none,0,0,0,0,0
SP-01303,ok,reserve,20823,0,0,0,0
SP-01304,ok,debt,239,19280,0,0,0
SP-01305,ok,goals+,17213,0,26616,0,0
SP-01306,ok,reserve,11114,0,0,0,0
SP-01307,ok,reserve,24028,0,0,0,0
SP-01308,deficit,none,0,0,0,0,0
SP-01309,deficit,none,0,0,0,0,0
SP-01310,ok,reserve,15583,0,0,0,0
SP-01311,ok,reserve,22510,0,0,0,0
SP-01312,ok,debt,0,13130,0,0,0
SP-01313,ok,goals+,19131,0,22083,0,0
SP-01314,deficit,none,0,0,0,0,0
SP-01315,ok,reserve,23981,0,0,0,0
SP-01316,ok,reserve,2372,0,0,0,0
SP-01317,ok,goals+,0,0,0,22808,52050
SP-01318,ok,debt,0,80939,0,0,85481
SP-01319,deficit,none,0,0,0,0,0
SP-01320,ok,reserve,39148,0,0,0,0
SP-01321,ok,reserve,96757,3226,0,0,0
SP-01322,deficit,none,0,0,0,0,0
SP-01323,ok,debt,0,24192,0,0,1841902
SP-01324,ok,reserve,8428,0,0,0,0
SP-01325,deficit,none,0,0,0,0,0
SP-01326,ok,debt,0,13761,0,0,0
SP-01327,ok,reserve,64969,0,0,0,0
SP-01328,ok,reserve,2131,0,0,0,0
SP-01329,ok,reserve,3675,0,0,0,0
SP-01330,ok,debt,0,4525,0,0,0
SP-01331,ok,debt,0,16319,0,0,0
SP-01332,deficit,none,0,0,0,0,0
SP-01333,deficit,none,0,0,0,0,0
SP-01334,ok,reserve,18390,0,0,0,0
SP-01335,ok,debt,0,11558,0,0,0
SP-01336,ok,debt,0,5180,0,0,0
SP-01337,ok,reserve,2711,0,0,0,0
SP-01338,ok,reserve,12,0,0,0,0
SP-01339,ok,reserve,11745,0,0,0,0
SP-01340,ok,reserve,405,0,0,0,0
SP-01341,deficit,none,0,0,0,0,0
SP-01342,ok,reserve,11229,0,0,0,0
SP-01343,ok,debt,0,15264,0,0,0
SP-01344,deficit,none,0,0,0,0,0
SP-01345,ok,reserve,2174,1975,0,0,0
SP-01346,ok,debt,0,14664,0,0,0
SP-01347,ok,goals+,0,0,31445,101668,22257
SP-01348,ok,reserve,14144,0,0,0,0
SP-01349,ok,reserve,33943,0,0,0,0
SP-01350,deficit,none,0,0,0,0,0
SP-01351,ok,reserve,1434,0,0,0,0
SP-01352,ok,debt,0,48223,0,0,0
SP-01353,deficit,none,0,0,0,0,0
SP-01354,ok,reserve,50763,0,0,0,0
SP-01355,ok,debt,0,2888,0,0,41431
SP-01356,ok,reserve,3374,0,0,0,0
SP-01357,ok,reserve,30610,0,0,0,0
SP-01358,deficit,none,0,0,0,0,0
SP-01359,ok,debt,7080,23859,0,0,0
SP-01360,ok,reserve,88206,0,0,0,0
SP-01361,ok,debt,0,9972,0,0,0
SP-01362,ok,debt,0,29935,0,0,0
SP-01363,ok,reserve,22597,0,0,0,0
SP-01364,ok,debt,0,20277,0,0,0
SP-01365,ok,goals+,0,0,0,27125,688128
SP-01366,ok,reserve,1299,0,0,0,0
SP-01367,ok,reserve,5741,0,0,0,0
SP-01368,ok,reserve,19044,0,0,0,0
SP-01369,ok,debt,0,29714,0,0,0
SP-01370,ok,debt,0,12043,0,0,0
SP-01371,ok,reserve,14317,0,0,0,0
SP-01372,ok,debt,0,26083,0,0,0
SP-01373,ok,reserve,26823,0,0,0,0
SP-01374,deficit,none,0,0,0,0,0
SP-01375,ok,reserve,6713,0,0,0,0
SP-01376,ok,reserve,13369,0,0,0,0
SP-01377,ok,reserve,12437,0,0,0,0
SP-01378,ok,debt,0,28133,0,0,0
SP-01379,deficit,none,0,0,0,0,0
SP-01380,ok,goals+,0,0,63,0,112
SP-01381,ok,goals+,0,0,9866,25368,152396
SP-01382,ok,reserve,15446,0,0,0,0
SP-01383,ok,debt,0,787091294,0,0,0
SP-01384,ok,debt,0,17909,0,0,0
SP-01385,ok,debt,0,7093,0,0,0
SP-01386,deficit,none,0,0,0,0,0
SP-01387,ok,debt,0,14789,0,0,18076
SP-01388,ok,reserve,23475,0,0,0,0
SP-01389,ok,debt,0,30990,0,0,0
SP-01390,ok,reserve,8908,0,0,0,0
SP-01391,ok,reserve,10118,2974,0,0,0
SP-01392,deficit,none,0,0,0,0,0
SP-01393,deficit,none,0,0,0,0,0
SP-01394,deficit,none,0,0,0,0,0
SP-01395,deficit,none,0,0,0,0,0
SP-01396,ok,reserve,10312,0,0,0,0
SP-01397,ok,reserve,36262,0,0,0,0
SP-01398,deficit,none,0,0,0,0,0
SP-01399,ok,reserve,5030,0,0,0,0
SP-01400,ok,debt,0,16546,0,0,0
SP-01401,ok,debt,0,9689,0,0,0
SP-01402,ok,reserve,11520,0,0,0,0
SP-01403,ok,debt,0,17720,0,0,0
SP-01404,ok,debt,0,788,0,0,0
SP-01405,ok,goals+,0,0,14214,0,127781
SP-01406,ok,reserve,1851,224,0,0,0
SP-01407,deficit,none,0,0,0,0,1297298
SP-01408,ok,reserve,13083,0,0,0,0
SP-01409,ok,debt,0,3595,0,0,53292
SP-01410,ok,reserve,19384,0,0,0,0
SP-01411,ok,reserve,18090,0,0,0,0
SP-01412,ok,reserve,19288,0,0,0,0
SP-01413,ok,reserve,4541,0,0,0,0
SP-01414,ok,reserve,12892,0,0,0,0
SP-01415,ok,debt,0,3944,0,0,0
SP-01416,deficit,none,0,0,0,0,0
SP-01417,ok,reserve,4144,0,0,0,0
SP-01418,ok,reserve,53048,0,0,0,0
SP-01419,ok,debt,0,826,0,0,0
SP-01420,ok,reserve,38308,0,0,0,0
SP-01421,ok,reserve,10629,0,0,0,0
SP-01422,ok,reserve,109,0,0,0,0
SP-01423,ok,reserve,59785,0,0,0,0
SP-01424,ok,debt,0,5307,0,0,0
SP-01425,ok,reserve,210868483,0,0,0,0
SP-01426,ok,reserve,7703,0,0,0,0
SP-01427,ok,reserve,19352,0,0,0,0
SP-01428,deficit,none,0,0,0,0,0
SP-01429,ok,reserve,13704,0,0,0,0
SP-01430,ok,debt,0,16205,0,0,0
SP-01431,ok,debt,0,44203,0,0,82236
SP-01432,ok,reserve,29443,0,0,0,0
SP-01433,ok,reserve,8614,0,0,0,0
SP-01434,deficit,none,0,0,0,0,0
SP-01435,ok,reserve,3317,0,0,0,0
SP-01436,deficit,none,0,0,0,0,113006
SP-01437,ok,debt,0,2193,0,0,0
SP-01438,ok,reserve,42259,0,0,0,0
SP-01439,ok,debt,0,12522,0,0,0
SP-01440,deficit,none,0,0,0,0,0
SP-01441,ok,goals+,14538,0,7503,7320,0
SP-01442,ok,reserve,18632,3084,0,0,0
SP-01443,ok,reserve,16427,0,0,0,0
SP-01444,ok,debt,0,1227,0,0,0
SP-01445,ok,reserve,22687,0,0,0,0
SP-01446,ok,debt,0,8826,0,0,0
SP-01447,ok,reserve,42910,0,0,0,0
SP-01448,ok,reserve,21633,0,0,0,0
SP-01449,deficit,none,0,0,0,0,0
SP-01450,ok,reserve,60031,0,0,0,0
SP-01451,ok,debt,0,2035,0,0,0
SP-01452,deficit,none,0,0,0,0,0
SP-01453,ok,goals+,0,0,1753,12373,27000
SP-01454,ok,reserve,16503,0,0,0,0
SP-01455,ok,debt,0,11986,0,0,0
SP-01456,ok,reserve,25658,0,0,0,0
SP-01457,ok,goals+,0,0,0,1575,8909
SP-01458,ok,reserve,185,0,0,0,0
SP-01459,ok,reserve,27245,0,0,0,0
SP-01460,ok,reserve,3418,0,0,0,0
SP-01461,ok,reserve,8279,0,0,0,0
SP-01462,ok,debt,0,50566,0,0,1495
SP-01463,deficit,none,0,0,0,0,0
SP-01464,ok,goals+,0,0,42,0,544
SP-01465,ok,reserve,37326,0,0,0,0
SP-01466,ok,reserve,18948,0,0,0,0
SP-01467,ok,reserve,1594069411,0,0,0,0
SP-01468,ok,reserve,25321,0,0,0,0
SP-01469,ok,debt,0,25705,0,0,0
SP-01470,deficit,none,0,0,0,0,0
SP-01471,ok,debt,0,7578,0,0,0
SP-01472,ok,debt,0,20389,0,0,0
SP-01473,ok,goals+,0,0,6180,44610,100109
SP-01474,deficit,none,0,0,0,0,0
SP-01475,ok,reserve,7380,0,0,0,0
SP-01476,deficit,none,0,0,0,0,0
SP-01477,ok,reserve,19828,0,0,0,0
SP-01478,ok,reserve,42363,0,0,0,0
SP-01479,deficit,none,0,0,0,0,0
SP-01480,ok,reserve,30738,0,0,0,0
SP-01481,ok,debt,0,7222,0,0,0
SP-01482,ok,reserve,8621,0,0,0,0
SP-01483,ok,reserve,7022,0,0,0,0
SP-01484,deficit,none,0,0,0,0,0
SP-01485,ok,reserve,9915,0,0,0,0
SP-01486,ok,reserve,10475,0,0,0,0
SP-01487,ok,debt,0,16844,0,0,0
SP-01488,ok,reserve,10022,0,0,0,0
SP-01489,ok,debt,0,13529,0,0,481230
SP-01490,ok,reserve,12357,0,0,0,0
SP-01491,ok,debt,0,7506,0,0,1555347
SP-01492,ok,debt,0,3922,0,0,0
SP-01493,ok,reserve,15484,0,0,0,0
SP-01494,ok,reserve,3573,0,0,0,0
SP-01495,ok,reserve,34417,0,0,0,0
SP-01496,ok,reserve,29925,12953,0,0,0
SP-01497,ok,debt,0,14179,0,0,0
SP-01498,ok,reserve,1501,0,0,0,0
SP-01499,ok,debt,0,13571,0,0,0
SP-01500,ok,reserve,71375,0,0,0,0
SP-01501,ok,reserve,5233,0,0,0,0
SP-01502,ok,reserve,8731,0,0,0,0
SP-01503,ok,reserve,29705,0,0,0,0
SP-01504,ok,reserve,16087,0,0,0,0
SP-01505,ok,reserve,51580,0,0,0,0
SP-01506,ok,reserve,130,0,0,0,0
SP-01507,ok,reserve,49660,0,0,0,0
SP-01508,ok,reserve,45723,0,0,0,0
SP-01509,ok,debt,0,297194129,0,0,0
SP-01510,ok,debt,0,70549,0,0,0
SP-01511,ok,reserve,21259,0,0,0,0
SP-01512,deficit,none,0,0,0,0,0
SP-01513,ok,debt,0,6377,0,0,0
SP-01514,ok,reserve,24690,0,0,0,0
SP-01515,ok,debt,1454,67440,0,0,0
SP-01516,ok,reserve,29690,0,0,0,0
SP-01517,ok,reserve,11525,0,0,0,0
SP-01518,deficit,none,0,0,0,0,0
SP-01519,ok,debt,0,26216,0,0,0
SP-01520,ok,reserve,37862,0,0,0,0
SP-01521,deficit,none,0,0,0,0,0
SP-01522,ok,debt,0,6126,0,0,0
SP-01523,ok,debt,0,6083,0,0,0
SP-01524,ok,reserve,14671,0,0,0,0
SP-01525,ok,reserve,12800,0,0,0,0
SP-01526,ok,debt,0,16799,0,0,0
SP-01527,ok,debt,0,11751,0,0,0
SP-01528,deficit,none,0,0,0,0,0
SP-01529,ok,reserve,12397,0,0,0,0
SP-01530,ok,reserve,26413,0,0,0,0
SP-01531,ok,debt,0,18393,0,0,0
SP-01532,ok,reserve,9304,0,0,0,0
SP-01533,ok,debt,0,17646,0,0,1064635
SP-01534,deficit,none,0,0,0,0,0
SP-01535,ok,reserve,33288,0,0,0,0
SP-01536,ok,reserve,50407,0,0,0,0
SP-01537,ok,goals+,0,0,0,2987,105753
SP-01538,ok,reserve,47293,0,0,0,0
SP-01539,ok,reserve,3302,0,0,0,0
SP-01540,ok,reserve,4358,0,0,0,0
SP-01541,deficit,none,0,0,0,0,0
SP-01542,ok,reserve,11654,0,0,0,0
SP-01543,ok,debt,0,7149,0,0,0
SP-01544,ok,debt,0,2466,0,0,121897
SP-01545,ok,reserve,9503,0,0,0,0
SP-01546,ok,debt,0,8991,0,0,0
SP-01547,ok,reserve,3701,0,0,0,0
SP-01548,ok,goals+,0,0,22,0,257
SP-01549,ok,reserve,36712,0,0,0,0
SP-01550,ok,debt,0,45669,0,0,0
SP-01551,ok,debt,0,29126802,0,0,0
SP-01552,ok,reserve,10025,0,0,0,0
SP-01553,deficit,none,0,0,0,0,0
SP-01554,deficit,none,0,0,0,0,0
SP-01555,ok,debt,0,10539,0,0,0
SP-01556,ok,reserve,24364,0,0,0,0
SP-01557,ok,goals+,0,0,49180,39439,104964
SP-01558,ok,reserve,17725,0,0,0,0
SP-01559,ok,reserve,20759,0,0,11116,0
SP-01560,deficit,none,0,0,0,0,0
SP-01561,ok,debt,0,9917,0,0,13772
SP-01562,ok,reserve,19190,0,0,0,0
SP-01563,deficit,none,0,0,0,0,0
SP-01564,ok,debt,0,2449,0,0,0
SP-01565,deficit,none,0,0,0,0,112535
SP-01566,deficit,none,0,0,0,0,0
SP-01567,ok,reserve,11950,0,0,0,0
SP-01568,ok,reserve,20131,0,0,0,0
SP-01569,ok,reserve,35739,8443,0,0,0
SP-01570,ok,debt,0,28184,0,0,0
SP-01571,ok,reserve,11804,0,0,0,0
SP-01572,ok,debt,0,32824,0,0,0
SP-01573,ok,debt,0,9059,0,0,0
SP-01574,ok,reserve,38407,0,0,0,0
SP-01575,deficit,none,0,0,0,0,0
SP-01576,ok,reserve,32016,0,0,0,0
SP-01577,ok,reserve,1596,0,0,0,0
SP-01578,ok,reserve,6508,0,0,0,0
SP-01579,ok,reserve,72438,0,0,0,0
SP-01580,ok,reserve,28715,0,0,0,0
SP-01581,ok,reserve,19874,0,0,0,0
SP-01582,ok,debt,0,18908,0,0,0
SP-01583,ok,debt,0,4828,0,0,0
SP-01584,deficit,none,0,0,0,0,0
SP-01585,ok,goals+,0,0,24974,0,32378
SP-01586,ok,reserve,34768,0,0,0,0
SP-01587,deficit,none,0,0,0,0,0
SP-01588,ok,goals+,10008,0,0,20089,0
SP-01589,ok,debt,3316,42669,0,0,0
SP-01590,ok,reserve,38,0,0,0,0
SP-01591,ok,reserve,28181,0,0,0,0
SP-01592,ok,reserve,19074,6337,0,0,0
SP-01593,deficit,none,0,0,0,0,0
SP-01594,ok,reserve,48834,0,0,0,0
SP-01595,ok,reserve,7096,0,0,0,0
SP-01596,deficit,none,0,0,0,0,0
SP-01597,deficit,none,0,0,0,0,0
SP-01598,ok,reserve,29810,0,0,0,0
SP-01599,ok,debt,0,52411,0,0,0
SP-01600,ok,reserve,5948,0,0,0,0
SP-01601,ok,reserve,12657,0,0,0,0
SP-01602,deficit,none,0,0,0,0,0
SP-01603,ok,reserve,31906,0,0,0,0
SP-01604,deficit,none,0,0,0,0,0
SP-01605,deficit,none,0,0,0,0,0
SP-01606,ok,reserve,14304,0,0,0,0
SP-01607,ok,reserve,9021,0,0,0,0
SP-01608,ok,reserve,6422,0,0,0,0
SP-01609,ok,debt,0,403,0,0,0
SP-01610,ok,reserve,17425,0,0,0,0
SP-01611,ok,reserve,21120,0,0,0,0
SP-01612,ok,reserve,48524,0,0,0,0
SP-01613,ok,reserve,23451,0,0,0,0
SP-01614,ok,reserve,20690,0,0,0,0
SP-01615,ok,goals+,0,0,3320,15873,84158
SP-01616,ok,reserve,5739,0,0,0,0
SP-01617,ok,goals+,0,0,2442,0,3905775
SP-01618,ok,goals+,0,0,6686,0,21022
SP-01619,ok,reserve,17920,0,0,0,0
SP-01620,ok,reserve,5568,0,0,0,0
SP-01621,deficit,none,0,0,0,0,0
SP-01622,ok,reserve,7896,0,0,0,0
SP-01623,ok,reserve,4875,0,0,0,0
SP-01624,ok,goals+,0,0,0,114129,58895
SP-01625,ok,reserve,22255,0,0,0,0
SP-01626,deficit,none,0,0,0,0,0
SP-01627,ok,reserve,10002,0,0,0,0
SP-01628,ok,debt,0,4808,0,0,0
SP-01629,ok,reserve,14608,0,0,0,0
SP-01630,ok,debt,0,33728,0,0,0
SP-01631,ok,reserve,11580,0,0,0,0
SP-01632,ok,reserve,25,0,0,0,0
SP-01633,ok,goals+,0,0,25895,13333,42538
SP-01634,ok,goals+,0,0,16341,0,194734
SP-01635,deficit,none,0,0,0,0,0
SP-01636,ok,reserve,24208,0,0,0,0
SP-01637,ok,reserve,34899,0,0,0,0
SP-01638,deficit,none,0,0,0,0,0
SP-01639,ok,reserve,5059,0,0,0,0
SP-01640,ok,reserve,8428,0,0,0,0
SP-01641,ok,debt,3611,20309,0,0,0
SP-01642,ok,reserve,13514,0,0,0,0
SP-01643,ok,goals+,0,0,0,18699,27605
SP-01644,deficit,none,0,0,0,0,0
SP-01645,ok,goals+,0,0,10671,2732,270170
SP-01646,ok,debt,0,13229,0,0,0
SP-01647,deficit,none,0,0,0,0,0
SP-01648,ok,reserve,19204,0,0,0,0
SP-01649,ok,reserve,5538,3540,0,0,0
SP-01650,deficit,none,0,0,0,0,0
SP-01651,ok,reserve,17393,0,0,0,0
SP-01652,ok,debt,0,10329,0,0,0
SP-01653,ok,debt,0,5513,0,0,0
SP-01654,ok,reserve,28318,0,0,0,0
SP-01655,deficit,none,0,0,0,0,0
SP-01656,ok,reserve,4980,0,0,0,0
SP-01657,ok,reserve,29966,0,0,0,0
SP-01658,ok,goals+,0,0,28193,0,212797
SP-01659,ok,debt,0,15243,0,0,330092
SP-01660,ok,reserve,7821,0,0,0,0
SP-01661,deficit,none,0,0,0,0,0
SP-01662,ok,reserve,9859,0,0,0,0
SP-01663,ok,debt,0,15942,0,0,0
SP-01664,ok,reserve,21543,0,0,0,0
SP-01665,ok,reserve,5137,0,0,0,0
SP-01666,ok,debt,0,3394,0,0,0
SP-01667,ok,reserve,16198,0,0,0,0
SP-01668,ok,reserve,10371,0,0,0,0
SP-01669,ok,reserve,14507,0,0,0,0
SP-01670,ok,debt,0,29032,0,0,0
SP-01671,deficit,none,0,0,0,0,0
SP-01672,ok,reserve,12370,0,0,0,0
SP-01673,ok,reserve,22464,0,0,0,0
SP-01674,ok,goals+,0,0,19,14,286
SP-01675,deficit,none,0,0,0,0,0
SP-01676,ok,reserve,30505,0,0,0,0
SP-01677,deficit,none,0,0,0,0,0
SP-01678,ok,reserve,5399,4835,0,0,0
SP-01679,ok,reserve,36622,0,0,0,0
SP-01680,deficit,none,0,0,0,0,0
SP-01681,ok,reserve,15463,0,0,0,0
SP-01682,deficit,none,0,0,0,0,0
SP-01683,ok,goals+,0,0,32570,0,33670
SP-01684,deficit,none,0,0,0,0,0
SP-01685,ok,debt,0,6124,0,0,0
SP-01686,deficit,none,0,0,0,0,0
SP-01687,ok,reserve,38999,0,0,0,0
SP-01688,ok,reserve,22882,0,0,0,0
SP-01689,deficit,none,0,0,0,0,0
SP-01690,ok,reserve,11140,0,0,0,0
SP-01691,ok,reserve,11231,0,0,0,0
SP-01692,ok,reserve,597,0,0,0,0
SP-01693,ok,goals+,30845,0,31458,0,0
SP-01694,ok,debt,0,8561,0,0,0
SP-01695,ok,debt,0,6978,0,0,0
SP-01696,ok,goals+,0,0,27220,51565,70173
SP-01697,ok,reserve,27025,0,0,0,0
SP-01698,ok,reserve,17867,0,0,0,0
SP-01699,ok,debt,0,34211,0,0,0
SP-01700,ok,reserve,12508,0,0,0,0
SP-01701,ok,goals+,0,0,0,32797,2522919
SP-01702,ok,reserve,13428,0,0,0,0
SP-01703,ok,reserve,5236,0,0,0,0
SP-01704,ok,reserve,22602,0,0,0,0
SP-01705,ok,debt,6595,11298,0,0,0
SP-01706,deficit,none,0,0,0,0,0
SP-01707,ok,reserve,14390,0,0,0,0
SP-01708,ok,reserve,6519,0,0,0,0
SP-01709,ok,debt,0,9310,0,0,283790
SP-01710,ok,reserve,15991,0,0,0,0
SP-01711,ok,debt,0,12119,0,0,0
SP-01712,ok,reserve,12850,0,0,0,0
SP-01713,ok,reserve,77717,0,0,0,0
SP-01714,ok,reserve,158,0,0,0,0
SP-01715,deficit,none,0,0,0,0,0
SP-01716,ok,none,0,0,0,0,324
SP-01717,ok,reserve,23102,0,0,0,0
SP-01718,deficit,none,0,0,0,0,0
SP-01719,ok,reserve,319534451,0,0,0,0
SP-01720,ok,debt,0,2351,0,0,0
SP-01721,ok,reserve,13390,0,0,0,0
SP-01722,deficit,none,0,0,0,0,0
SP-01723,ok,goals+,1737,0,3675,17115,0
SP-01724,ok,reserve,15669,0,0,0,0
SP-01725,ok,goals+,0,0,10198,14230,5287
SP-01726,deficit,none,0,0,0,0,0
SP-01727,ok,debt,0,7465,0,0,0
SP-01728,deficit,none,0,0,0,0,0
SP-01729,ok,reserve,8346,0,0,0,0
SP-01730,ok,reserve,21813,6678,0,0,0
SP-01731,deficit,none,0,0,0,0,0
SP-01732,deficit,none,0,0,0,0,0
SP-01733,ok,debt,0,5072,0,0,0
SP-01734,deficit,none,0,0,0,0,0
SP-01735,ok,debt,0,71,0,0,0
SP-01736,ok,reserve,52467,0,0,0,0
SP-01737,ok,reserve,13198,0,0,0,0
SP-01738,ok,reserve,10825,0,0,0,0
SP-01739,ok,reserve,6886,0,0,0,0
SP-01740,ok,reserve,10768,0,0,0,0
SP-01741,ok,debt,0,27110,0,0,0
SP-01742,ok,debt,6629,61309,0,0,0
SP-01743,ok,goals+,0,0,18859,0,2522462
SP-01744,ok,reserve,2611,0,0,0,0
SP-01745,ok,debt,0,2021,0,0,88640
SP-01746,ok,debt,0,20516,0,0,0
SP-01747,ok,reserve,9963,0,0,0,0
SP-01748,ok,debt,0,26376,0,0,22483
SP-01749,ok,debt,0,10325,0,0,0
SP-01750,deficit,none,0,0,0,0,0
SP-01751,ok,reserve,24032,0,0,0,0
SP-01752,ok,goals+,0,0,10159,0,74781
SP-01753,ok,reserve,24626,0,0,0,0
SP-01754,ok,debt,1268,64355,0,0,0
SP-01755,ok,debt,0,26257,0,0,0
SP-01756,ok,reserve,24961,7016,0,0,0
SP-01757,ok,reserve,75073,0,0,0,0
SP-01758,ok,goals+,0,0,30,49,26
SP-01759,deficit,none,0,0,0,0,0
SP-01760,ok,reserve,8912,0,0,0,0
SP-01761,ok,reserve,127608997,0,0,0,0
SP-01762,ok,reserve,28587,0,0,0,0
SP-01763,ok,reserve,9239,0,0,0,0
SP-01764,deficit,none,0,0,0,0,0
SP-01765,ok,reserve,32052,0,0,0,0
SP-01766,ok,reserve,35280,0,0,0,0
SP-01767,ok,debt,0,162939,0,0,88965
SP-01768,deficit,none,0,0,0,0,0
SP-01769,ok,reserve,41796,0,0,0,0
SP-01770,deficit,none,0,0,0,0,0
SP-01771,ok,reserve,14391,0,0,0,0
SP-01772,ok,debt,0,3192,0,0,0
SP-01773,deficit,none,0,0,0,0,0
SP-01774,deficit,none,0,0,0,0,52398
SP-01775,ok,debt,0,34277,0,0,0
SP-01776,ok,reserve,25110,0,4512,0,0
SP-01777,ok,debt,0,55656,0,0,0
SP-01778,ok,reserve,14783,7555,0,0,0
SP-01779,ok,reserve,21662,0,0,0,0
SP-01780,ok,reserve,37382,0,0,0,0
SP-01781,ok,reserve,20310,0,0,0,0
SP-01782,ok,reserve,15876,0,0,0,0
SP-01783,ok,reserve,19010,0,0,0,0
SP-01784,ok,reserve,55174,0,0,0,0
SP-01785,ok,debt,0,4482,0,0,484945
SP-01786,ok,debt,0,1582,0,0,116312
SP-01787,ok,reserve,2329,0,0,0,0
SP-01788,ok,goals+,0,0,20684,0,40730
SP-01789,ok,reserve,10535,0,0,0,0
SP-01790,ok,reserve,29592,0,0,0,0
SP-01791,ok,reserve,7997,0,0,0,0
SP-01792,ok,debt,0,54182,0,0,0
SP-01793,ok,debt,0,9996,0,0,0
SP-01794,ok,goals+,0,0,0,1978,47837
SP-01795,ok,debt,0,21715,0,0,0
SP-01796,ok,reserve,29497,0,0,0,0
SP-01797,ok,reserve,12624,0,0,0,0
SP-01798,ok,debt,0,19110,0,0,0
SP-01799,ok,debt,0,7402,0,0,0
SP-01800,deficit,none,0,0,0,0,0
SP-01801,ok,reserve,13342,0,0,0,0
SP-01802,deficit,none,0,0,0,0,0
SP-01803,deficit,none,0,0,0,0,0
SP-01804,ok,reserve,368,0,0,0,0
SP-01805,deficit,none,0,0,0,0,0
SP-01806,deficit,none,0,0,0,0,0
SP-01807,ok,reserve,5704,0,0,0,0
SP-01808,ok,debt,0,884,0,0,0
SP-01809,ok,debt,0,61087,0,0,86745
SP-01810,deficit,none,0,0,0,0,0
SP-01811,deficit,none,0,0,0,0,0
SP-01812,deficit,none,0,0,0,0,0
SP-01813,ok,goals+,0,0,1468,45989,115565
SP-01814,ok,reserve,13596,0,0,0,0
SP-01815,deficit,none,0,0,0,0,0
SP-01816,ok,reserve,36974,0,0,0,0
SP-01817,ok,goals+,4298,0,21511,0,0
SP-01818,ok,reserve,37971,0,0,0,0
SP-01819,ok,reserve,13695,0,0,0,0
SP-01820,deficit,none,0,0,0,0,0
SP-01821,ok,reserve,19637,0,0,0,0
SP-01822,deficit,none,0,0,0,0,0
SP-01823,ok,reserve,22433,0,0,0,0
SP-01824,ok,reserve,6527,0,0,0,0
SP-01825,ok,reserve,15475,0,0,0,0
SP-01826,ok,reserve,32029,0,0,0,0
SP-01827,ok,goals+,0,0,13651,0,2972745
SP-01828,ok,reserve,11641,0,0,0,0
SP-01829,ok,reserve,37323,0,0,0,0
SP-01830,ok,reserve,24688,0,0,0,0
SP-01831,ok,reserve,1582,0,0,0,0
SP-01832,ok,reserve,9177,0,0,0,0
SP-01833,ok,debt,0,7004,0,0,114730
SP-01834,ok,reserve,16126,0,0,0,0
SP-01835,ok,reserve,24994,0,0,0,0
SP-01836,ok,reserve,5791,0,0,0,0
SP-01837,ok,reserve,30872,0,0,0,0
SP-01838,ok,reserve,5475,0,0,0,0
SP-01839,ok,reserve,5357,0,0,0,0
SP-01840,ok,goals+,0,0,13096,5018,22459
SP-01841,ok,debt,0,14484,0,0,0
SP-01842,ok,reserve,20,0,0,0,0
SP-01843,ok,reserve,20467,0,0,0,0
SP-01844,ok,reserve,3224,0,0,0,0
SP-01845,ok,reserve,183025628,0,0,0,0
SP-01846,ok,reserve,1670,0,0,0,0
SP-01847,deficit,none,0,0,0,0,0
SP-01848,deficit,none,0,0,0,0,0
SP-01849,ok,reserve,37212,0,0,0,0
SP-01850,ok,reserve,57212,0,0,0,0
SP-01851,ok,goals+,0,0,62534,4849,158069
SP-01852,ok,reserve,8456,0,0,0,0
SP-01853,deficit,none,0,0,0,0,0
SP-01854,deficit,none,0,0,0,0,0
SP-01855,ok,goals+,0,0,0,21476,910004
SP-01856,deficit,none,0,0,0,0,0
SP-01857,deficit,none,0,0,0,0,0
SP-01858,ok,reserve,20542,0,0,0,0
SP-01859,ok,debt,0,12365,0,0,0
SP-01860,ok,reserve,26843,0,0,0,0
SP-01861,ok,reserve,6402,0,0,0,0
SP-01862,ok,reserve,8809,0,0,0,0
SP-01863,ok,reserve,1818,0,0,0,0
SP-01864,ok,reserve,9417,0,0,0,0
SP-01865,deficit,none,0,0,0,0,0
SP-01866,ok,reserve,22198,12790,0,0,0
SP-01867,ok,reserve,32253,0,0,0,0
SP-01868,ok,debt,0,10698,0,0,0
SP-01869,ok,debt,0,13187,0,0,913253
SP-01870,ok,debt,0,15116,0,0,0
SP-01871,ok,reserve,1745,0,0,0,0
SP-01872,ok,reserve,6464,0,0,0,0
SP-01873,ok,debt,0,7479,0,0,0
SP-01874,ok,debt,0,2484,0,0,0
SP-01875,ok,debt,0,5322,0,0,0
SP-01876,ok,reserve,10324,0,0,0,0
SP-01877,ok,reserve,16955,0,0,0,0
SP-01878,ok,reserve,16065,0,0,0,0
SP-01879,ok,reserve,201,0,0,0,0
SP-01880,ok,reserve,6289,0,0,0,0
SP-01881,ok,debt,0,21022,0,0,0
SP-01882,ok,reserve,15711,0,0,0,0
SP-01883,ok,reserve,841,0,0,0,0
SP-01884,ok,goals+,0,0,22,14,160
SP-01885,ok,reserve,37324,0,0,0,0
SP-01886,ok,goals+,0,0,5488,0,88295
SP-01887,ok,reserve,351806916,0,0,0,0
SP-01888,ok,reserve,23656,0,0,0,0
SP-01889,ok,reserve,831,0,0,0,0
SP-01890,deficit,none,0,0,0,0,0
SP-01891,deficit,none,0,0,0,0,0
SP-01892,deficit,none,0,0,0,0,0
SP-01893,ok,reserve,57442,0,0,0,0
SP-01894,ok,debt,0,39867,0,0,36960
SP-01895,ok,debt,0,1836,0,0,0
SP-01896,deficit,none,0,0,0,0,0
SP-01897,ok,reserve,24922,0,0,0,0
SP-01898,ok,reserve,14106,0,0,0,0
SP-01899,deficit,none,0,0,0,0,0
SP-01900,ok,reserve,46804,1124,0,0,0
SP-01901,ok,debt,0,8945,0,0,0
SP-01902,deficit,none,0,0,0,0,0
SP-01903,ok,reserve,13494,0,0,0,0
SP-01904,ok,reserve,36258,0,0,0,0
SP-01905,ok,reserve,22512,0,0,0,0
SP-01906,deficit,none,0,0,0,0,0
SP-01907,ok,debt,0,12687,0,0,0
SP-01908,ok,reserve,10529,0,0,0,0
SP-01909,ok,reserve,684,0,0,0,0
SP-01910,ok,debt,0,49516,0,0,0
SP-01911,ok,goals+,0,0,0,20190,2217444
SP-01912,deficit,none,0,0,0,0,0
SP-01913,ok,reserve,25023,0,0,0,0
SP-01914,ok,reserve,9726,0,0,0,0
SP-01915,ok,reserve,52328,0,0,0,0
SP-01916,ok,reserve,26932,0,0,0,0
SP-01917,ok,reserve,8959,0,0,0,0
SP-01918,ok,reserve,39798,0,0,0,0
SP-01919,ok,goals+,0,0,25566,0,79077
SP-01920,ok,reserve,12008,0,0,0,0
SP-01921,deficit,none,0,0,0,0,0
SP-01922,ok,debt,0,5448,0,0,0
SP-01923,ok,reserve,15897,0,0,0,0
SP-01924,ok,reserve,16494,0,0,0,0
SP-01925,ok,reserve,11746,0,0,0,0
SP-01926,deficit,none,0,0,0,0,0
SP-01927,ok,debt,0,9247,0,0,0
SP-01928,ok,debt,0,10095,0,0,0
SP-01929,ok,reserve,221397600,0,0,0,0
SP-01930,ok,reserve,4028,0,0,0,0
SP-01931,ok,debt,0,32584,0,0,0
SP-01932,deficit,none,0,0,0,0,0
SP-01933,ok,reserve,3855,0,0,0,0
SP-01934,ok,reserve,4192,0,0,0,0
SP-01935,ok,goals+,0,0,0,41563,28369
SP-01936,deficit,none,0,0,0,0,0
SP-01937,ok,debt,0,20975,0,0,137137
SP-01938,deficit,none,0,0,0,0,0
SP-01939,ok,reserve,5498,0,0,0,0
SP-01940,ok,reserve,16547,0,0,0,0
SP-01941,deficit,none,0,0,0,0,0
SP-01942,ok,reserve,15228,0,0,0,0
SP-01943,ok,debt,0,3901,0,0,0
SP-01944,deficit,none,0,0,0,0,0
SP-01945,ok,debt,0,8,0,0,98173
SP-01946,ok,reserve,3792,0,0,0,0
SP-01947,ok,reserve,19155,0,0,0,0
SP-01948,ok,reserve,15889,0,0,0,0
SP-01949,ok,reserve,12565,0,0,0,0
SP-01950,ok,reserve,42535,0,0,0,0
SP-01951,deficit,none,0,0,0,0,0
SP-01952,ok,debt,0,17915,0,0,0
SP-01953,ok,goals+,0,0,15323,0,1432100
SP-01954,ok,debt,34899,47622,0,0,0
SP-01955,ok,reserve,43930,0,0,0,0
SP-01956,ok,debt,0,22897,0,0,0
SP-01957,deficit,none,0,0,0,0,0
SP-01958,ok,reserve,4089,0,0,0,0
SP-01959,ok,reserve,16398,0,0,0,0
SP-01960,ok,debt,12807,13891,0,0,0
SP-01961,ok,reserve,28093,7686,0,0,0
SP-01962,ok,reserve,14648,0,0,0,0
SP-01963,ok,reserve,21522,0,0,0,0
SP-01964,ok,reserve,46450,0,0,0,0
SP-01965,ok,reserve,26989,0,0,0,0
SP-01966,ok,goals+,0,0,8022,0,33131
SP-01967,ok,reserve,6068,0,0,0,0
SP-01968,ok,goals+,0,0,29,1,572
SP-01969,ok,reserve,16850,0,0,0,0
SP-01970,ok,reserve,5540,0,0,0,0
SP-01971,ok,reserve,221380114,0,0,0,0
SP-01972,ok,reserve,37658,0,0,0,0
SP-01973,ok,reserve,16152,0,0,0,0
SP-01974,deficit,none,0,0,0,0,0
SP-01975,ok,reserve,56140,0,0,0,0
SP-01976,ok,debt,0,26402,0,0,0
SP-01977,ok,goals+,28336,0,0,48348,0
SP-01978,ok,reserve,71206,0,0,0,0
SP-01979,ok,reserve,21491,0,0,0,0
SP-01980,deficit,none,0,0,0,0,0
SP-01981,ok,reserve,16704,0,0,0,0
SP-01982,ok,reserve,19554,0,0,0,0
SP-01983,deficit,none,0,0,0,0,0
SP-01984,ok,reserve,35882,0,0,0,0
SP-01985,ok,reserve,22866,0,0,0,0
SP-01986,deficit,none,0,0,0,0,0
SP-01987,ok,reserve,8935,0,0,0,0
SP-01988,ok,reserve,14573,0,0,0,0
SP-01989,ok,reserve,7457,0,0,0,0
SP-01990,ok,reserve,729,0,0,0,0
SP-01991,ok,debt,0,2374,0,0,0
SP-01992,ok,debt,0,23599,0,0,0
SP-01993,ok,debt,0,1005,0,0,0
SP-01994,ok,reserve,4938,0,0,0,0
SP-01995,ok,debt,0,10925,0,0,607880
SP-01996,deficit,none,0,0,0,0,0
SP-01997,ok,reserve,3570,0,0,0,0
SP-01998,ok,reserve,7680,0,0,0,0
SP-01999,ok,reserve,28147,0,0,0,0
SP-02000,ok,reserve,43308,0,0,0,0
SP-02001,ok,debt,0,7055,0,0,0
SP-02002,deficit,none,0,0,0,0,0
SP-02003,ok,reserve,32758,0,0,0,0
SP-02004,ok,reserve,20003,0,0,0,0
SP-02005,ok,reserve,10575,0,0,0,0
SP-02006,ok,reserve,30127,3925,0,0,0
SP-02007,ok,debt,0,1850,0,0,0
SP-02008,ok,debt,0,65797,0,0,0
SP-02009,ok,debt,0,6507,0,0,0
SP-02010,deficit,none,0,0,0,0,0
SP-02011,deficit,none,0,0,0,0,0
SP-02012,ok,reserve,7235,0,0,0,0
SP-02013,ok,reserve,1270580135,0,0,0,0
SP-02014,ok,reserve,38432,0,0,0,0
SP-02015,ok,goals+,0,0,3125,15222,81943
SP-02016,deficit,none,0,0,0,0,0
SP-02017,ok,reserve,12163,0,0,0,0
SP-02018,ok,reserve,25153,0,0,0,0
SP-02019,ok,debt,0,100431,0,0,227051
SP-02020,ok,reserve,3028,0,0,0,0
SP-02021,ok,reserve,4047,0,0,0,0
SP-02022,deficit,none,0,0,0,0,0
SP-02023,ok,reserve,5236,0,0,0,0
SP-02024,ok,reserve,45927,0,0,0,0
SP-02025,deficit,none,0,0,0,0,0
SP-02026,ok,reserve,5016,0,0,0,0
SP-02027,ok,reserve,50427,0,0,0,0
SP-02028,deficit,none,0,0,0,0,0
SP-02029,ok,reserve,7281,0,0,0,0
SP-02030,ok,debt,543,6714,0,0,0
SP-02031,ok,reserve,3949,0,0,0,0
SP-02032,ok,reserve,99780,0,0,0,0
SP-02033,ok,debt,0,3155,0,0,0
SP-02034,ok,goals+,0,0,0,74440,1234411
SP-02035,ok,debt,0,246,0,0,0
SP-02036,ok,reserve,14678,0,0,0,0
SP-02037,ok,goals+,0,0,16557,0,1435844
SP-02038,ok,debt,0,62763,0,0,109923
SP-02039,ok,debt,0,2410,0,0,0
SP-02040,ok,reserve,23115,0,0,0,0
SP-02041,ok,reserve,10710,0,0,0,0
SP-02042,ok,reserve,5386,0,0,0,0
SP-02043,ok,reserve,3166,0,0,0,0
SP-02044,ok,reserve,754,0,0,0,0
SP-02045,ok,reserve,54293,0,0,0,0
SP-02046,ok,goals+,0,0,19028,0,14076
SP-02047,ok,goals+,0,0,13456,35997,185096
SP-02048,ok,debt,0,18876,0,0,0
SP-02049,ok,reserve,16334,0,0,0,0
SP-02050,deficit,none,0,0,0,0,0
SP-02051,deficit,none,0,0,0,0,0
SP-02052,ok,reserve,77,0,0,0,0
SP-02053,ok,reserve,38870,8456,0,0,0
SP-02054,ok,goals+,0,0,76985,0,47631
SP-02055,ok,reserve,20558921,0,0,0,0
SP-02056,ok,reserve,21923,0,0,0,0
SP-02057,ok,debt,0,2464,0,0,0
SP-02058,deficit,none,0,0,0,0,0
SP-02059,ok,debt,0,23743,0,0,0
SP-02060,ok,reserve,1390,0,0,0,0
SP-02061,ok,goals+,0,0,0,119534,179209
SP-02062,ok,reserve,2203,0,0,0,0
SP-02063,deficit,none,0,0,0,0,0
SP-02064,deficit,none,0,0,0,0,0
SP-02065,ok,reserve,11543,0,0,0,0
SP-02066,ok,reserve,27350,0,0,0,0
SP-02067,deficit,none,0,0,0,0,0
SP-02068,ok,goals+,0,0,9966,0,48136
SP-02069,ok,reserve,10230,0,0,0,0
SP-02070,deficit,none,0,0,0,0,0
SP-02071,ok,debt,0,15614,0,0,17889
SP-02072,ok,reserve,11949,0,0,0,0
SP-02073,ok,debt,0,36587,0,0,0
SP-02074,ok,goals+,0,0,0,52624,139365
SP-02075,ok,debt,0,6414,0,0,60673
SP-02076,deficit,none,0,0,0,0,0
SP-02077,ok,debt,0,8828,0,0,0
SP-02078,ok,goals+,0,0,55893,0,146560
SP-02079,ok,goals+,0,0,10870,9712,563321
SP-02080,ok,goals+,0,0,1615,10114,98418
SP-02081,ok,reserve,16621,0,0,0,0
SP-02082,ok,reserve,8933,0,0,0,0
SP-02083,ok,reserve,32344,0,0,0,0
SP-02084,ok,reserve,7208,0,0,0,0
SP-02085,ok,debt,0,2310,0,0,0
SP-02086,ok,reserve,226,0,0,0,0
SP-02087,ok,reserve,23319,0,0,0,0
SP-02088,deficit,none,0,0,0,0,0
SP-02089,ok,reserve,773,0,0,0,0
SP-02090,ok,reserve,12237,0,0,0,0
SP-02091,ok,reserve,16176,0,0,0,0
SP-02092,deficit,none,0,0,0,0,0
SP-02093,ok,reserve,2702,0,0,0,0
SP-02094,deficit,none,0,0,0,0,0
SP-02095,ok,debt,0,9776,0,0,0
SP-02096,ok,debt,0,49703,0,0,0
SP-02097,ok,reserve,385423580,0,0,0,0
SP-02098,ok,reserve,7010,0,0,0,0
SP-02099,ok,debt,0,9079,0,0,0
SP-02100,deficit,none,0,0,0,0,0
SP-02101,deficit,none,0,0,0,0,0
SP-02102,ok,debt,0,32574,0,0,0
SP-02103,ok,goals+,0,0,26383,17145,61005
SP-02104,ok,reserve,15476,0,0,0,0
SP-02105,ok,reserve,5639,0,0,0,0
SP-02106,deficit,none,0,0,0,0,0
SP-02107,ok,reserve,44704,0,0,0,0
SP-02108,ok,reserve,12127,0,0,0,0
SP-02109,ok,reserve,3436,0,0,0,0
SP-02110,ok,reserve,62643,0,2431,0,0
SP-02111,ok,reserve,2662,0,0,0,0
SP-02112,ok,reserve,8010,0,0,0,0
SP-02113,ok,reserve,9803,0,0,0,0
SP-02114,deficit,none,0,0,0,0,0
SP-02115,deficit,none,0,0,0,0,0
SP-02116,ok,reserve,29268,0,0,0,0
SP-02117,ok,reserve,1576,0,0,0,0
SP-02118,ok,goals+,8248,0,0,11636,0
SP-02119,ok,reserve,23982,0,0,0,0
SP-02120,deficit,none,0,0,0,0,0
SP-02121,ok,goals+,0,0,0,16320,1316828
SP-02122,ok,reserve,18693,0,0,0,0
SP-02123,deficit,none,0,0,0,0,0
SP-02124,ok,reserve,2819,0,0,0,0
SP-02125,ok,debt,0,13001,0,0,129471
SP-02126,ok,reserve,13249,0,0,0,0
SP-02127,ok,debt,0,8897,0,0,0
SP-02128,ok,goals+,0,0,0,10487,19650
SP-02129,ok,debt,0,14177,0,0,0
SP-02130,deficit,none,0,0,0,0,0
SP-02131,ok,reserve,41772,0,0,0,0
SP-02132,ok,reserve,21075,0,0,0,0
SP-02133,ok,reserve,16412,0,0,0,0
SP-02134,ok,goals+,0,0,15964,0,38443
SP-02135,ok,debt,0,33450,0,0,0
SP-02136,deficit,none,0,0,0,0,0
SP-02137,ok,debt,0,19038,0,0,0
SP-02138,ok,goals+,0,0,10664,7738,95009
SP-02139,ok,reserve,247118843,0,0,0,0
SP-02140,ok,reserve,23568,0,0,0,0
SP-02141,ok,debt,0,10795,0,0,8959
SP-02142,deficit,none,0,0,0,0,0
SP-02143,deficit,none,0,0,0,0,0
SP-02144,ok,debt,0,30909,0,0,0
SP-02145,ok,goals+,0,0,79284,9677,77819
SP-02146,ok,reserve,5351,0,0,0,0
SP-02147,ok,debt,0,13831,0,0,0
SP-02148,deficit,none,0,0,0,0,0
SP-02149,ok,debt,0,4161,0,0,0
SP-02150,ok,reserve,55215,0,0,0,0
SP-02151,deficit,none,0,0,0,0,0
SP-02152,ok,reserve,15908,543,0,0,0
SP-02153,ok,goals+,0,0,2474,5831,9373
SP-02154,ok,reserve,6664,0,0,0,0
SP-02155,ok,debt,0,7275,0,0,0
SP-02156,deficit,none,0,0,0,0,0
SP-02157,ok,debt,8506,9467,0,0,0
SP-02158,ok,reserve,13088,0,0,0,0
SP-02159,ok,reserve,11259,0,0,0,0
SP-02160,ok,reserve,54328,0,0,0,0
SP-02161,ok,reserve,6804,0,0,0,0
SP-02162,ok,debt,0,20388,0,0,0
SP-02163,ok,debt,0,31488,0,0,1238153
SP-02164,ok,reserve,19887,0,0,0,0
SP-02165,deficit,none,0,0,0,0,0
SP-02166,ok,reserve,6717,0,0,0,0
SP-02167,deficit,none,0,0,0,0,0
SP-02168,ok,debt,0,9342,0,0,0
SP-02169,ok,reserve,8930,0,0,0,0
SP-02170,ok,reserve,107751,0,0,0,0
SP-02171,ok,reserve,6601,0,0,0,0
SP-02172,ok,reserve,5201,0,0,0,0
SP-02173,ok,debt,0,5274,0,0,0
SP-02174,ok,reserve,18274,0,0,0,0
SP-02175,ok,reserve,20751,0,0,0,0
SP-02176,ok,reserve,8392,0,0,0,0
SP-02177,ok,debt,0,11511,0,0,0
SP-02178,ok,goals+,12,0,39,16,0
SP-02179,deficit,none,0,0,0,0,0
SP-02180,deficit,none,0,0,0,0,0
SP-02181,ok,reserve,102428984,0,0,0,0
SP-02182,ok,reserve,18221,0,0,0,0
SP-02183,deficit,none,0,0,0,0,0
SP-02184,deficit,none,0,0,0,0,0
SP-02185,ok,reserve,8846,0,0,0,0
SP-02186,deficit,none,0,0,0,0,0
SP-02187,ok,goals+,0,0,18336,33936,5745
SP-02188,deficit,none,0,0,0,0,0
SP-02189,ok,debt,0,15555,0,0,0
SP-02190,deficit,none,0,0,0,0,0
SP-02191,ok,reserve,5720,0,0,0,0
SP-02192,ok,reserve,6470,0,0,0,0
SP-02193,deficit,none,0,0,0,0,0
SP-02194,ok,debt,0,18872,0,0,0
SP-02195,ok,debt,0,2287,0,0,0
SP-02196,ok,reserve,20552,0,0,0,0
SP-02197,ok,debt,0,17078,0,0,0
SP-02198,ok,goals+,0,0,1468,0,87657
SP-02199,ok,reserve,37902,0,0,0,0
SP-02200,ok,reserve,28821,0,0,0,0
SP-02201,ok,reserve,13198,0,0,0,0
SP-02202,ok,goals+,0,0,0,21391,8518
SP-02203,ok,debt,0,12042,0,0,0
SP-02204,deficit,none,0,0,0,0,0
SP-02205,ok,debt,0,16819,0,0,704436
SP-02206,ok,reserve,20703,0,0,0,0
SP-02207,ok,reserve,14274,0,0,0,0
SP-02208,ok,reserve,13151,0,0,0,0
SP-02209,deficit,none,0,0,0,0,0
SP-02210,ok,reserve,7034,0,0,0,0
SP-02211,ok,reserve,5642,0,0,0,0
SP-02212,ok,reserve,8160,0,0,0,0
SP-02213,ok,reserve,35446,0,0,0,0
SP-02214,ok,reserve,10160,0,0,0,0
SP-02215,ok,reserve,15101,0,0,0,0
SP-02216,ok,reserve,13040,0,0,0,0
SP-02217,ok,reserve,3952,0,0,0,0
SP-02218,ok,debt,0,5372,0,0,0
SP-02219,ok,reserve,31894,0,0,0,0
SP-02220,ok,goals+,0,0,33,22,757
SP-02221,ok,debt,0,11718,0,0,0
SP-02222,ok,reserve,17898,0,0,0,0
SP-02223,ok,reserve,219821923,0,0,0,0
SP-02224,ok,reserve,11033,0,0,0,0
SP-02225,ok,reserve,18688,0,0,0,0
SP-02226,deficit,none,0,0,0,0,0
SP-02227,ok,debt,0,20940,0,0,0
SP-02228,ok,reserve,6601,0,0,0,0
SP-02229,ok,goals+,0,0,0,59428,15089
SP-02230,ok,reserve,34786,0,0,0,0
SP-02231,ok,reserve,10939,0,0,0,0
SP-02232,deficit,none,0,0,0,0,0
SP-02233,ok,reserve,10203,0,0,0,0
SP-02234,ok,reserve,7811,0,0,0,0
SP-02235,deficit,none,0,0,0,0,0
SP-02236,ok,debt,0,14401,0,0,0
SP-02237,ok,reserve,26784,0,0,0,0
SP-02238,ok,reserve,6074,0,0,0,0
SP-02239,ok,goals+,0,0,19548,0,169233
SP-02240,ok,debt,0,13366,0,0,0
SP-02241,ok,debt,0,28825,0,0,0
SP-02242,ok,reserve,8642,0,0,0,0
SP-02243,ok,debt,0,24927,0,0,0
SP-02244,ok,debt,0,2303,0,0,80821
SP-02245,ok,reserve,66224,0,0,0,0
SP-02246,ok,reserve,11299,0,0,0,0
SP-02247,ok,debt,0,10590,0,0,551928
SP-02248,deficit,none,0,0,0,0,0
SP-02249,ok,reserve,5175,0,0,0,0
SP-02250,ok,debt,0,26477,0,0,100509
SP-02251,ok,debt,0,459,0,0,0
SP-02252,ok,reserve,83559,0,0,0,0
SP-02253,ok,debt,0,16632,0,0,0
SP-02254,ok,reserve,47429,0,0,0,0
SP-02255,ok,debt,0,12675,0,0,0
SP-02256,ok,reserve,16927,0,0,0,0
SP-02257,ok,debt,0,17919,0,0,0
SP-02258,ok,reserve,9740,0,0,0,0
SP-02259,ok,reserve,13015,0,0,0,0
SP-02260,ok,reserve,17467,0,12979,0,0
SP-02261,ok,reserve,23367,0,0,0,0
SP-02262,ok,reserve,44,0,0,0,0
SP-02263,ok,debt,0,3360,0,0,0
SP-02264,ok,debt,2117,4198,0,0,0
SP-02265,ok,debt,0,514838452,0,0,0
SP-02266,deficit,none,0,0,0,0,0
SP-02267,ok,reserve,16940,0,0,0,0
SP-02268,deficit,none,0,0,0,0,0
SP-02269,ok,reserve,15766,0,0,0,0
SP-02270,ok,reserve,3158,0,0,0,0
SP-02271,ok,goals+,0,0,79117,0,149462
SP-02272,ok,goals+,0,0,0,41094,48451
SP-02273,ok,reserve,25253,0,1098,0,0
SP-02274,deficit,none,0,0,0,0,0
SP-02275,ok,reserve,28215,0,0,0,0
SP-02276,ok,reserve,30490,0,0,0,0
SP-02277,deficit,none,0,0,0,0,0
SP-02278,ok,reserve,2232,0,0,0,0
SP-02279,deficit,none,0,0,0,0,0
SP-02280,ok,reserve,32464,0,0,0,0
SP-02281,ok,reserve,3999,0,0,0,0
SP-02282,deficit,none,0,0,0,0,0
SP-02283,ok,reserve,12874,1112,0,0,0
SP-02284,ok,goals+,0,0,17558,0,25464
SP-02285,ok,reserve,2397,0,0,0,0
SP-02286,ok,debt,0,12204,0,0,0
SP-02287,deficit,none,0,0,0,0,0
SP-02288,ok,reserve,41504,0,0,0,0
SP-02289,ok,debt,0,24785,0,0,2812066
SP-02290,ok,reserve,5595,0,0,0,0
SP-02291,ok,reserve,12633,0,0,0,0
SP-02292,ok,debt,0,42,0,0,0
SP-02293,ok,reserve,9294,0,0,0,0
SP-02294,ok,debt,0,6074,0,0,0
SP-02295,ok,reserve,5971,0,0,0,0
SP-02296,ok,reserve,14535,0,0,0,0
SP-02297,ok,debt,0,7805,0,0,0
SP-02298,ok,reserve,14072,0,0,0,0
SP-02299,ok,reserve,6737,0,0,0,0
SP-02300,ok,reserve,16714,0,0,0,0
SP-02301,ok,reserve,12173,0,0,0,0
SP-02302,ok,reserve,9568,0,0,0,0
SP-02303,ok,reserve,29064,0,0,0,0
SP-02304,ok,goals+,0,0,66,0,674
SP-02305,ok,debt,0,18693,0,0,0
SP-02306,ok,debt,0,11772,0,0,0
SP-02307,deficit,none,0,0,0,0,0
SP-02308,ok,reserve,1796,0,0,0,0
SP-02309,ok,reserve,14350,0,0,0,0
SP-02310,deficit,none,0,0,0,0,0
SP-02311,ok,reserve,365,0,0,0,0
SP-02312,ok,debt,0,23868,0,0,58956
SP-02313,ok,debt,0,43959,0,0,0
SP-02314,ok,debt,0,18488,0,0,0
SP-02315,deficit,none,0,0,0,0,0
SP-02316,deficit,none,0,0,0,0,0
SP-02317,ok,reserve,43125,0,0,11022,0
SP-02318,ok,reserve,23880,0,0,0,0
SP-02319,deficit,none,0,0,0,0,0
SP-02320,ok,debt,0,3845,0,0,0
SP-02321,ok,reserve,47960,0,0,0,0
SP-02322,deficit,none,0,0,0,0,0
SP-02323,ok,debt,0,11113,0,0,154685
SP-02324,ok,goals+,0,0,28427,2180,1722
SP-02325,deficit,none,0,0,0,0,0
SP-02326,ok,reserve,11657,0,0,0,0
SP-02327,ok,reserve,6115,0,0,0,0
SP-02328,ok,goals+,0,0,0,18508,85638
SP-02329,ok,reserve,7679,0,0,0,0
SP-02330,deficit,none,0,0,0,0,0
SP-02331,ok,goals+,0,0,17494,5858,2504194
SP-02332,ok,reserve,11866,0,0,0,0
SP-02333,ok,reserve,6858,0,0,0,0
SP-02334,ok,debt,0,16699,0,0,0
SP-02335,ok,debt,0,6910,0,0,0
SP-02336,ok,reserve,32710,0,0,0,0
SP-02337,ok,reserve,10139,0,0,0,0
SP-02338,ok,debt,0,6342,0,0,0
SP-02339,ok,goals+,0,0,6776,0,194734
SP-02340,deficit,none,0,0,0,0,0
SP-02341,ok,reserve,3677,0,0,0,0
SP-02342,ok,debt,0,13437,0,0,0
SP-02343,ok,reserve,65641,0,0,0,0
SP-02344,ok,goals+,0,0,11854,38793,442863
SP-02345,ok,reserve,41149,0,0,0,0
SP-02346,deficit,none,0,0,0,0,0
SP-02347,ok,debt,0,14623,0,0,0
SP-02348,ok,debt,0,22315,0,0,18383
SP-02349,deficit,none,0,0,0,0,0
SP-02350,ok,reserve,18661,0,0,0,0
SP-02351,ok,reserve,25863,0,0,0,0
SP-02352,deficit,none,0,0,0,0,0
SP-02353,ok,debt,0,17040,0,0,0
SP-02354,ok,reserve,5047,0,0,0,0
SP-02355,ok,reserve,14825,0,0,0,0
SP-02356,ok,reserve,32859,0,0,0,0
SP-02357,ok,goals+,0,0,5123,0,7263
SP-02358,deficit,none,0,0,0,0,0
SP-02359,ok,reserve,7265,0,0,0,0
SP-02360,ok,reserve,11820,0,0,0,0
SP-02361,deficit,none,0,0,0,0,0
SP-02362,ok,reserve,22697,0,5627,0,0
SP-02363,ok,reserve,18273,7797,0,0,0
SP-02364,ok,reserve,47048,0,0,0,0
SP-02365,ok,debt,0,9854,0,0,0
SP-02366,ok,debt,0,4884,0,0,0
SP-02367,ok,reserve,23156,0,0,0,0
SP-02368,ok,reserve,1271,0,0,0,0
SP-02369,deficit,none,0,0,0,0,0
SP-02370,ok,goals+,0,0,0,41739,77697
SP-02371,ok,debt,0,31313,0,0,0
SP-02372,ok,goals+,6738,0,6833,5072,0
SP-02373,ok,debt,0,80174,0,0,2416312
SP-02374,deficit,none,0,0,0,0,0
SP-02375,ok,goals+,0,0,21850,0,76331
SP-02376,ok,reserve,36812,19,0,0,0
SP-02377,ok,reserve,29246,0,0,0,0
SP-02378,ok,debt,0,31010,0,0,0
SP-02379,ok,reserve,11734,0,0,0,0
SP-02380,ok,goals+,0,0,0,11503,154663
SP-02381,ok,reserve,28455,0,0,0,0
SP-02382,deficit,none,0,0,0,0,0
SP-02383,ok,reserve,18282,13636,0,0,0
SP-02384,ok,reserve,10574,0,0,0,0
SP-02385,ok,debt,0,910,0,0,0
SP-02386,ok,reserve,58428,0,0,0,0
SP-02387,deficit,none,0,0,0,0,0
SP-02388,ok,reserve,110,0,0,0,0
SP-02389,ok,reserve,28993,0,0,0,0
SP-02390,ok,debt,0,4794,0,0,211172
SP-02391,ok,reserve,66378988,0,0,0,0
SP-02392,ok,reserve,4894,0,0,0,0
SP-02393,ok,goals+,0,0,7031,11902,11251
SP-02394,deficit,none,0,0,0,0,0
SP-02395,ok,reserve,22593,0,0,0,0
SP-02396,ok,reserve,6078,0,0,0,0
SP-02397,ok,goals+,0,0,24859,13713,205118
SP-02398,ok,reserve,8592,0,0,0,0
SP-02399,ok,debt,0,5573,0,0,0
SP-02400,deficit,none,0,0,0,0,0
SP-02401,ok,reserve,9238,0,0,0,0
SP-02402,ok,debt,0,4449,0,0,0
SP-02403,ok,reserve,7751,0,0,0,0
SP-02404,ok,reserve,12467,0,0,0,0
SP-02405,ok,reserve,42358,0,0,0,0
SP-02406,deficit,none,0,0,0,0,0
SP-02407,ok,reserve,22184,0,0,0,0
SP-02408,deficit,none,0,0,0,0,0
SP-02409,ok,debt,0,27112,0,0,0
SP-02410,ok,reserve,53464,0,0,0,0
SP-02411,ok,goals+,0,0,0,11558,129036
SP-02412,deficit,none,0,0,0,0,0
SP-02413,ok,reserve,39180,0,0,0,0
SP-02414,ok,debt,0,8830,0,0,0
SP-02415,ok,debt,0,14183,0,0,1799660
SP-02416,ok,debt,0,8797,0,0,0
SP-02417,ok,reserve,4254,0,0,0,0
SP-02418,ok,reserve,19731,0,0,0,0
SP-02419,ok,reserve,5364,0,0,0,0
SP-02420,ok,reserve,15573,0,0,0,0
SP-02421,ok,reserve,15144,0,0,0,0
SP-02422,ok,goals+,0,0,14695,0,183619
SP-02423,ok,goals+,0,0,4202,17893,16114
SP-02424,ok,reserve,9346,0,0,0,0
SP-02425,ok,debt,0,27220,0,0,0
SP-02426,ok,reserve,33241,2232,0,0,0
SP-02427,deficit,none,0,0,0,0,0
SP-02428,ok,reserve,4471,0,0,0,0
SP-02429,ok,reserve,83334,0,0,0,0
SP-02430,ok,reserve,40,0,0,0,0
SP-02431,deficit,none,0,0,0,0,0
SP-02432,deficit,none,0,0,0,0,0
SP-02433,ok,reserve,432896832,0,0,0,0
SP-02434,ok,reserve,6522,0,0,0,0
SP-02435,ok,reserve,46359,0,0,0,0
SP-02436,deficit,none,0,0,0,0,0
SP-02437,ok,reserve,460,0,0,0,0
SP-02438,ok,reserve,31614,0,0,0,0
SP-02439,ok,goals+,0,0,4033,27966,28312
SP-02440,ok,reserve,57424,0,0,0,0
SP-02441,ok,reserve,6277,0,0,0,0
SP-02442,deficit,none,0,0,0,0,0
SP-02443,ok,reserve,12995,0,0,0,0
SP-02444,ok,reserve,12792,0,0,0,0
SP-02445,deficit,none,0,0,0,0,0
SP-02446,ok,reserve,17640,0,0,0,0
SP-02447,ok,goals+,0,0,51511,0,85720
SP-02448,deficit,none,0,0,0,0,0
SP-02449,deficit,none,0,0,0,0,0
SP-02450,ok,reserve,36738,0,0,0,0
SP-02451,ok,reserve,6932,0,0,0,0
SP-02452,ok,debt,0,3510,0,0,0
SP-02453,ok,reserve,28085,0,0,0,0
SP-02454,ok,reserve,28822,0,0,0,0
SP-02455,ok,goals+,0,0,23843,0,460188
SP-02456,deficit,none,0,0,0,0,0
SP-02457,ok,goals+,0,0,23346,0,566291
SP-02458,ok,reserve,30745,0,7392,0,0
SP-02459,ok,reserve,41039,0,0,0,0
SP-02460,ok,reserve,1701,0,0,0,0
SP-02461,ok,reserve,4461,1891,0,0,0
SP-02462,ok,reserve,20892,0,0,0,0
SP-02463,ok,debt,0,3233,0,0,0
SP-02464,ok,reserve,22166,0,0,0,0
SP-02465,ok,debt,1428,4487,0,0,0
SP-02466,ok,reserve,40221,0,0,0,0
SP-02467,deficit,none,0,0,0,0,0
SP-02468,ok,reserve,11095,0,0,0,0
SP-02469,ok,reserve,494,0,0,0,0
SP-02470,ok,reserve,21236,0,0,0,0
SP-02471,ok,reserve,5163,0,0,0,0
SP-02472,ok,reserve,230,0,0,0,0
SP-02473,ok,reserve,12777,0,0,0,0
SP-02474,ok,reserve,12713,0,0,0,0
SP-02475,ok,reserve,36037881,0,0,0,0
SP-02476,ok,reserve,8649,0,0,0,0
SP-02477,ok,debt,0,10449,0,0,0
SP-02478,deficit,none,0,0,0,0,0
SP-02479,ok,debt,0,18050,0,0,0
SP-02480,ok,reserve,13950,0,0,0,0
SP-02481,ok,debt,0,69583,0,0,284782
SP-02482,ok,reserve,1947,0,0,0,0
SP-02483,ok,reserve,59158,0,0,0,0
SP-02484,deficit,none,0,0,0,0,0
SP-02485,ok,reserve,7297,0,0,0,0
SP-02486,ok,reserve,11826,0,0,0,0
SP-02487,deficit,none,0,0,0,0,0
SP-02488,ok,goals+,0,0,0,43246,8353
SP-02489,ok,debt,0,9456,0,0,0
SP-02490,ok,reserve,389,0,0,0,0
SP-02491,ok,reserve,28695,0,0,0,0
SP-02492,ok,reserve,12372,0,0,0,0
SP-02493,ok,debt,0,61982,0,0,0
SP-02494,deficit,none,0,0,0,0,0
SP-02495,ok,reserve,7400,0,0,0,0
SP-02496,ok,goals+,0,0,0,17184,488113
SP-02497,ok,reserve,16530,0,0,0,0
SP-02498,ok,reserve,17275,0,0,0,0
SP-02499,ok,debt,0,21644,0,0,451356
SP-02500,ok,reserve,2041,0,0,0,0
SP-02501,ok,debt,0,39084,0,0,0
SP-02502,ok,debt,0,5416,0,0,0
SP-02503,ok,goals+,0,0,0,41815,130479
SP-02504,ok,reserve,4632,0,0,0,0
SP-02505,ok,reserve,12270,0,0,0,0
SP-02506,ok,goals+,0,0,32817,0,107251
SP-02507,ok,reserve,25491,0,0,0,0
SP-02508,ok,reserve,16044,0,0,0,0
SP-02509,ok,reserve,14408,0,0,0,0
SP-02510,deficit,none,0,0,0,0,0
SP-02511,ok,reserve,37016,0,0,0,0
SP-02512,ok,reserve,35376,0,0,9634,0
SP-02513,ok,reserve,10733,0,0,0,0
SP-02514,ok,reserve,14,0,0,0,0
SP-02515,ok,goals+,0,0,0,7098,36315
SP-02516,ok,reserve,11165,0,0,0,0
SP-02517,ok,debt,0,93553317,0,0,0
SP-02518,ok,reserve,14404,3018,0,0,0
SP-02519,ok,reserve,59459,0,0,0,0
SP-02520,deficit,none,0,0,0,0,0
SP-02521,ok,debt,9725,18670,0,0,0
SP-02522,ok,reserve,36978,0,0,0,0
SP-02523,ok,debt,0,36605,0,0,0
SP-02524,ok,reserve,15734,0,0,0,0
SP-02525,ok,debt,0,18049,0,0,0
SP-02526,deficit,none,0,0,0,0,0
SP-02527,ok,debt,0,3713,0,0,0
SP-02528,ok,reserve,3256,314,0,0,0
SP-02529,ok,reserve,364,0,0,0,0
SP-02530,ok,reserve,7690,0,0,0,0
SP-02531,ok,reserve,27074,0,0,0,0
SP-02532,deficit,none,0,0,0,0,0
SP-02533,ok,reserve,20925,0,0,0,0
SP-02534,ok,debt,0,31198,0,0,0
SP-02535,ok,reserve,9426,0,0,0,0
SP-02536,ok,reserve,4020,0,0,0,0
SP-02537,ok,debt,0,6084,0,0,0
SP-02538,ok,debt,6250,12942,0,0,0
SP-02539,ok,reserve,28674,0,0,0,0
SP-02540,ok,goals+,0,0,2306,0,19564
SP-02541,ok,goals+,0,0,0,1842,2960058
SP-02542,ok,goals+,0,0,26028,0,19653
SP-02543,deficit,none,0,0,0,0,0
SP-02544,deficit,none,0,0,0,0,0
SP-02545,deficit,none,0,0,0,0,0
SP-02546,ok,reserve,16869,0,0,0,0
SP-02547,ok,reserve,2496,0,0,0,0
SP-02548,ok,reserve,18771,0,0,0,0
SP-02549,ok,reserve,30174,4851,0,0,0
SP-02550,deficit,none,0,0,0,0,0
SP-02551,ok,reserve,12537,0,0,0,0
SP-02552,ok,reserve,25466,0,0,0,0
SP-02553,ok,goals+,0,0,18232,0,69127
SP-02554,ok,reserve,5413,0,0,0,0
SP-02555,ok,debt,0,18645,0,0,0
SP-02556,ok,goals+,45,0,45,55,0
SP-02557,ok,debt,0,16764,0,0,0
SP-02558,ok,reserve,31863,0,0,0,0
SP-02559,ok,reserve,595740087,0,0,0,0
SP-02560,ok,reserve,18592,0,0,0,0
SP-02561,ok,debt,0,7240,0,0,0
SP-02562,deficit,none,0,0,0,0,0
SP-02563,ok,reserve,19004,0,0,0,0
SP-02564,ok,debt,0,41211,0,0,0
SP-02565,ok,goals+,0,0,28982,85935,62356
SP-02566,ok,reserve,34130,0,0,0,0
SP-02567,ok,reserve,9659,0,0,0,0
SP-02568,deficit,none,0,0,0,0,0
SP-02569,ok,reserve,7909,0,0,0,0
SP-02570,ok,debt,0,7269,0,0,0
SP-02571,deficit,none,0,0,0,0,0
SP-02572,ok,reserve,25237,0,0,0,0
SP-02573,deficit,none,0,0,0,0,0
SP-02574,ok,reserve,24121,0,0,0,0
SP-02575,ok,debt,0,2181,0,0,0
SP-02576,ok,reserve,12998,0,0,0,0
SP-02577,ok,reserve,25417,0,0,0,0
SP-02578,ok,debt,0,7014,0,0,0
SP-02579,ok,goals+,0,0,86865,0,87495
SP-02580,ok,debt,0,1399,0,0,0
SP-02581,ok,debt,0,16150,0,0,0
SP-02582,ok,reserve,6018,0,0,0,0
SP-02583,ok,goals+,0,0,5149,8047,1571484
SP-02584,deficit,none,0,0,0,0,0
SP-02585,ok,reserve,44457,0,0,0,0
SP-02586,ok,reserve,201,0,0,0,0
SP-02587,ok,goals+,0,0,0,15402,27055
SP-02588,ok,reserve,5541,0,0,0,0
SP-02589,ok,debt,0,18049,0,0,0
SP-02590,ok,reserve,24476,0,0,8566,0
SP-02591,ok,goals+,0,0,48690,0,106377
SP-02592,ok,reserve,15094,0,0,0,0
SP-02593,ok,debt,0,5093,0,0,0
SP-02594,ok,debt,0,11976,0,0,0
SP-02595,ok,reserve,29064,0,0,0,0
SP-02596,deficit,none,0,0,0,0,0
SP-02597,ok,reserve,40186,0,0,0,0
SP-02598,ok,reserve,18,0,0,0,0
SP-02599,ok,reserve,29907,0,0,0,0
SP-02600,ok,reserve,3069,1216,0,0,0
SP-02601,ok,reserve,1532319321,0,0,0,0
SP-02602,deficit,none,0,0,0,0,0
SP-02603,ok,reserve,1080,0,0,0,0
SP-02604,deficit,none,0,0,0,0,0
SP-02605,ok,debt,0,19443,0,0,0
SP-02606,ok,debt,0,35536,0,0,0
SP-02607,ok,reserve,18306,13952,0,0,0
SP-02608,ok,reserve,12616,0,0,0,0
SP-02609,ok,reserve,7367,0,0,0,0
SP-02610,deficit,none,0,0,0,0,0
SP-02611,ok,reserve,11585,0,0,0,0
SP-02612,ok,reserve,18110,0,0,0,0
SP-02613,deficit,none,0,0,0,0,0
SP-02614,ok,reserve,16191,0,0,0,0
SP-02615,ok,reserve,9695,0,0,0,0
SP-02616,ok,reserve,29051,0,0,0,0
SP-02617,ok,debt,0,23583,0,0,0
SP-02618,ok,goals+,0,0,20247,18971,162989
SP-02619,ok,debt,0,2891,0,0,0
SP-02620,ok,reserve,47377,0,0,0,0
SP-02621,ok,reserve,13993,0,0,0,0
SP-02622,ok,reserve,12132,0,0,0,0
SP-02623,ok,reserve,3286,0,0,0,0
SP-02624,ok,reserve,14699,0,0,0,0
SP-02625,deficit,none,0,0,0,0,0
SP-02626,ok,reserve,9616,0,0,0,0
SP-02627,ok,reserve,36491,0,0,0,0
SP-02628,ok,reserve,92848,0,0,0,0
SP-02629,ok,reserve,44566,0,0,0,0
SP-02630,ok,reserve,4832,0,0,0,0
SP-02631,ok,debt,0,6159,0,0,0
SP-02632,ok,reserve,15473,0,0,0,0
SP-02633,ok,reserve,63,0,0,0,0
SP-02634,deficit,none,0,0,0,0,0
SP-02635,ok,debt,0,5990,0,0,62658
SP-02636,ok,reserve,5086,0,0,0,0
SP-02637,ok,debt,0,16578,0,0,0
SP-02638,ok,debt,0,47270,0,0,0
SP-02639,ok,reserve,90341,0,0,0,0
SP-02640,ok,reserve,55,0,0,0,0
SP-02641,deficit,none,0,0,0,0,223129
SP-02642,ok,reserve,28648,0,0,0,0
SP-02643,ok,goals+,0,0,123255806,11358653,5872658842
SP-02644,ok,debt,0,3879,0,0,0
SP-02645,ok,reserve,20036,1112,0,0,0
SP-02646,deficit,none,0,0,0,0,0
SP-02647,ok,reserve,18270,0,0,0,0
SP-02648,ok,reserve,1838,0,0,0,0
SP-02649,ok,goals+,0,0,1495,118061,208733
SP-02650,deficit,none,0,0,0,0,0
SP-02651,deficit,none,0,0,0,0,0
SP-02652,deficit,none,0,0,0,0,0
SP-02653,ok,reserve,21858,0,0,0,0
SP-02654,ok,reserve,32911,0,0,0,0
SP-02655,ok,reserve,3954,0,0,0,0
SP-02656,deficit,none,0,0,0,0,0
SP-02657,ok,reserve,17571,0,0,0,0
SP-02658,ok,reserve,12672,0,0,0,0
SP-02659,ok,reserve,13904,0,0,0,0
SP-02660,ok,reserve,34294,0,0,0,0
SP-02661,ok,reserve,29748,0,0,0,0
SP-02662,ok,reserve,22371,0,0,0,0
SP-02663,ok,reserve,19212,1880,0,0,0
SP-02664,ok,goals+,0,0,0,37776,64949
SP-02665,deficit,none,0,0,0,0,0
SP-02666,ok,reserve,22830,0,0,0,0
SP-02667,ok,goals+,0,0,0,50723,2334740
SP-02668,ok,reserve,7570,0,0,0,0
SP-02669,ok,reserve,19678,0,0,0,0
SP-02670,ok,debt,0,20207,0,0,0
SP-02671,ok,goals+,0,0,12056,0,150751
SP-02672,ok,debt,0,35745,0,0,0
SP-02673,ok,reserve,17503,0,0,0,0
SP-02674,ok,debt,0,39678,0,0,0
SP-02675,ok,reserve,10350,0,0,0,0
SP-02676,deficit,none,0,0,0,0,0
SP-02677,deficit,none,0,0,0,0,0
SP-02678,ok,debt,0,20229,0,0,0
SP-02679,ok,reserve,16917,0,612,0,0
SP-02680,ok,debt,0,14118,0,0,0
SP-02681,ok,reserve,6615,0,0,0,0
SP-02682,ok,reserve,159,0,0,0,0
SP-02683,ok,reserve,31776,0,0,0,0
SP-02684,ok,reserve,23476,0,0,0,0
SP-02685,ok,debt,0,959704525,0,0,0
SP-02686,ok,reserve,16209,0,0,0,0
SP-02687,ok,debt,0,6068,0,0,0
SP-02688,deficit,none,0,0,0,0,0
SP-02689,deficit,none,0,0,0,0,0
SP-02690,deficit,none,0,0,0,0,0
SP-02691,ok,debt,0,14361,0,0,0
SP-02692,ok,reserve,11338,0,0,0,0
SP-02693,ok,reserve,31416,0,0,0,0
SP-02694,deficit,none,0,0,0,0,0
SP-02695,ok,reserve,6352,0,0,0,0
SP-02696,ok,reserve,3896,0,0,0,0
SP-02697,deficit,none,0,0,0,0,0
SP-02698,ok,reserve,18592,0,0,0,0
SP-02699,ok,debt,0,12002,0,0,0
SP-02700,ok,goals+,0,0,4819,0,81297
SP-02701,ok,reserve,33496,0,0,0,0
SP-02702,ok,reserve,6460,0,0,0,0
SP-02703,ok,reserve,7707,0,0,0,0
SP-02704,ok,debt,0,25227,0,0,92652
SP-02705,ok,reserve,9935,0,0,0,0
SP-02706,ok,debt,0,22954,0,0,0
SP-02707,deficit,none,0,0,0,0,0
SP-02708,ok,debt,0,17384,0,0,0
SP-02709,ok,goals+,0,0,4907,32521,1053553
SP-02710,ok,reserve,1396,0,0,0,0
SP-02711,ok,reserve,111,0,0,0,0
SP-02712,ok,reserve,12875,0,0,0,0
SP-02713,ok,reserve,17115,0,0,0,0
SP-02714,deficit,none,0,0,0,0,0
SP-02715,ok,debt,0,6542,0,0,0
SP-02716,ok,reserve,8415,0,0,0,0
SP-02717,ok,reserve,16583,0,0,0,0
SP-02718,ok,reserve,3325,0,0,0,0
SP-02719,ok,reserve,1817,0,0,0,0
SP-02720,ok,reserve,77735,0,0,0,0
SP-02721,ok,reserve,53549,0,0,0,0
SP-02722,ok,reserve,42871,0,0,0,0
SP-02723,ok,goals+,0,0,17553,0,55881
SP-02724,ok,reserve,251,0,0,0,0
SP-02725,ok,debt,0,3890,0,0,0
SP-02726,ok,debt,0,8982,0,0,0
SP-02727,ok,reserve,753632402,0,0,0,0
SP-02728,ok,reserve,12546,0,0,0,0
SP-02729,deficit,none,0,0,0,0,0
SP-02730,deficit,none,0,0,0,0,0
SP-02731,ok,reserve,7516,0,0,0,0
SP-02732,ok,reserve,16380,0,0,0,0
SP-02733,ok,goals+,0,0,0,144779,926264
SP-02734,ok,debt,0,15379,0,0,0
SP-02735,ok,debt,0,44334,0,0,0
SP-02736,deficit,none,0,0,0,0,0
SP-02737,ok,reserve,6023,0,0,0,0
SP-02738,ok,reserve,7607,0,0,0,0
SP-02739,deficit,none,0,0,0,0,0
SP-02740,deficit,none,0,0,0,0,0
SP-02741,deficit,none,0,0,0,0,0
SP-02742,ok,reserve,690,0,0,0,0
SP-02743,deficit,none,0,0,0,0,0
SP-02744,ok,reserve,34963,0,0,0,0
SP-02745,ok,reserve,17222,0,0,0,0
SP-02746,ok,goals+,0,0,30740,29222,23211
SP-02747,ok,debt,0,4851,0,0,0
SP-02748,ok,reserve,49007,0,0,0,0
SP-02749,ok,debt,7066,8589,0,0,0
SP-02750,ok,reserve,29222,0,0,0,0
SP-02751,ok,debt,0,8578,0,0,296950
SP-02752,ok,reserve,27521,0,0,0,0
SP-02753,ok,goals+,0,0,40485,0,38997
SP-02754,ok,reserve,858,0,0,0,0
SP-02755,ok,reserve,82766,0,0,0,0
SP-02756,ok,reserve,28206,0,0,0,0
SP-02757,ok,reserve,1955,0,0,0,0
SP-02758,ok,reserve,3268,0,0,0,0
SP-02759,ok,reserve,5934,0,0,0,0
SP-02760,ok,reserve,10110,0,0,0,0
SP-02761,ok,reserve,11897,0,0,0,0
SP-02762,ok,reserve,16120,0,0,0,0
SP-02763,deficit,none,0,0,0,0,0
SP-02764,ok,reserve,14701,0,0,0,0
SP-02765,ok,debt,0,34298,0,0,224594
SP-02766,ok,reserve,93,0,0,0,0
SP-02767,ok,reserve,49724,0,0,0,0
SP-02768,ok,reserve,29918,0,0,0,0
SP-02769,ok,reserve,346916369,0,0,0,0
SP-02770,ok,debt,0,15418,0,0,0
SP-02771,ok,reserve,42862,0,0,0,0
SP-02772,deficit,none,0,0,0,0,0
SP-02773,ok,reserve,15928,0,0,0,0
SP-02774,ok,reserve,7771,1521,0,0,0
SP-02775,ok,debt,0,53799,0,0,0
SP-02776,ok,reserve,23967,0,0,0,0
SP-02777,ok,debt,0,4701,0,0,0
SP-02778,deficit,none,0,0,0,0,0
SP-02779,ok,debt,0,9653,0,0,0
SP-02780,ok,debt,0,10063,0,0,0
SP-02781,deficit,none,0,0,0,0,0
SP-02782,ok,goals+,0,0,0,19425,68917
SP-02783,ok,debt,0,26713,0,0,0
SP-02784,ok,reserve,52477,0,0,0,0
SP-02785,deficit,none,0,0,0,0,0
SP-02786,ok,debt,0,2569,0,0,0
SP-02787,ok,reserve,2477,0,0,0,0
SP-02788,ok,reserve,40031,0,0,0,0
SP-02789,ok,reserve,7347,0,0,0,0
SP-02790,ok,reserve,16151,0,0,0,0
SP-02791,ok,debt,0,11476,0,0,0
SP-02792,ok,goals+,0,0,2557,45146,17907
SP-02793,ok,debt,0,25142,0,0,517404
SP-02794,ok,debt,0,712,0,0,0
SP-02795,deficit,none,0,0,0,0,0
SP-02796,ok,debt,0,13437,0,0,0
SP-02797,ok,debt,0,16135,0,0,0
SP-02798,ok,debt,0,18264,0,0,0
SP-02799,ok,goals+,0,0,5572,0,50835
SP-02800,ok,reserve,28816,0,0,0,0
SP-02801,ok,debt,0,43591,0,0,0
SP-02802,ok,reserve,33365,0,0,0,0
SP-02803,ok,reserve,5805,0,0,0,0
SP-02804,ok,reserve,5574,0,0,0,0
SP-02805,ok,reserve,18352,0,0,0,0
SP-02806,ok,goals+,0,0,0,54498,107201
SP-02807,ok,goals+,0,0,7691,0,315
SP-02808,ok,reserve,121,0,0,0,0
SP-02809,ok,reserve,57537,0,0,0,0
SP-02810,ok,reserve,32545,0,0,0,0
SP-02811,ok,debt,0,985962467,0,0,0
SP-02812,ok,reserve,29472,0,0,0,0
SP-02813,ok,reserve,52592,0,0,0,0
SP-02814,deficit,none,0,0,0,0,0
SP-02815,ok,reserve,15484,0,0,0,0
SP-02816,ok,reserve,27485,0,0,0,0
SP-02817,ok,goals+,0,0,61795,3275,226571
SP-02818,ok,reserve,7259,0,0,0,0
SP-02819,ok,goals+,0,0,33596,0,3057
SP-02820,deficit,none,0,0,0,0,0
SP-02821,ok,reserve,1710,0,0,0,0
SP-02822,ok,debt,0,6346,0,0,0
SP-02823,ok,reserve,433,0,0,0,0
SP-02824,ok,reserve,15603,0,0,0,0
SP-02825,ok,reserve,5277,0,0,0,0
SP-02826,ok,reserve,15186,0,0,0,0
SP-02827,ok,reserve,8017,0,0,0,0
SP-02828,ok,reserve,7378,1351,0,0,0
SP-02829,deficit,none,0,0,0,0,0
SP-02830,ok,reserve,15947,0,10093,0,0
SP-02831,ok,reserve,13,0,0,0,0
SP-02832,deficit,none,0,0,0,0,0
SP-02833,ok,reserve,28186,0,0,0,0
SP-02834,ok,reserve,6990,0,0,0,0
SP-02835,ok,goals+,0,0,43631,0,1569872
SP-02836,ok,reserve,22802,0,0,0,0
SP-02837,ok,reserve,11912,0,0,0,0
SP-02838,ok,reserve,21268,0,0,0,0
SP-02839,deficit,none,0,0,0,0,0
SP-02840,deficit,none,0,0,0,0,0
SP-02841,ok,reserve,904,0,0,0,0
SP-02842,ok,reserve,4126,0,0,0,0
SP-02843,ok,reserve,5293,0,0,0,0
SP-02844,ok,reserve,6734,0,0,0,0
SP-02845,ok,reserve,3991,0,0,0,0
SP-02846,ok,reserve,21783,0,0,0,0
SP-02847,ok,debt,0,17544,0,0,0
SP-02848,ok,reserve,67031,0,0,0,0
SP-02849,ok,reserve,25282,0,0,0,0
SP-02850,ok,reserve,105,0,0,0,0
SP-02851,ok,reserve,6825,0,0,0,0
SP-02852,ok,debt,0,31672,0,0,0
SP-02853,ok,debt,0,366023745,0,0,0
SP-02854,deficit,none,0,0,0,0,0
SP-02855,ok,reserve,24024,0,0,0,0
SP-02856,deficit,none,0,0,0,0,0
SP-02857,ok,goals+,0,0,0,1966,53024
SP-02858,ok,debt,0,5630,0,0,0
SP-02859,ok,debt,0,47753,0,0,0
SP-02860,ok,reserve,130634,0,0,0,0
SP-02861,ok,reserve,15050,0,0,0,0
SP-02862,deficit,none,0,0,0,0,0
SP-02863,deficit,none,0,0,0,0,0
SP-02864,ok,debt,4219,25735,0,0,0
SP-02865,deficit,none,0,0,0,0,0
SP-02866,ok,debt,0,21137,0,0,0
SP-02867,deficit,none,0,0,0,0,0
SP-02868,ok,reserve,37730,0,0,0,0
SP-02869,ok,reserve,25985,0,0,0,0
SP-02870,ok,reserve,6667,0,0,0,0
SP-02871,ok,reserve,1865,0,0,0,0
SP-02872,ok,reserve,55728,0,0,0,0
SP-02873,ok,debt,0,15687,0,0,0
SP-02874,ok,reserve,26722,0,0,0,0
SP-02875,ok,reserve,16647,0,0,0,0
SP-02876,ok,reserve,1285,0,0,0,0
SP-02877,ok,debt,0,6330,0,0,449669
SP-02878,deficit,none,0,0,0,0,0
SP-02879,ok,reserve,19257,0,0,0,0
SP-02880,ok,goals+,0,0,3473,0,14899
SP-02881,ok,reserve,25589,0,0,0,0
SP-02882,ok,reserve,595,0,0,0,0
SP-02883,ok,reserve,652,0,0,0,0
SP-02884,deficit,none,0,0,0,0,0
SP-02885,ok,reserve,28396,0,0,0,0
SP-02886,deficit,none,0,0,0,0,0
SP-02887,ok,reserve,15757,0,0,0,0
SP-02888,ok,reserve,4758,0,0,0,0
SP-02889,ok,goals+,0,0,53597,0,137986
SP-02890,ok,debt,0,28864,0,0,167947
SP-02891,ok,reserve,21728,0,0,0,0
SP-02892,ok,goals+,0,0,64,0,266
SP-02893,ok,reserve,6261,0,0,0,0
SP-02894,ok,reserve,30044,0,0,0,0
SP-02895,ok,reserve,1522477411,0,0,0,0
SP-02896,ok,reserve,10876,0,0,0,0
SP-02897,ok,debt,0,18632,0,0,40111
SP-02898,deficit,none,0,0,0,0,0
SP-02899,ok,reserve,1850,0,0,0,0
SP-02900,ok,reserve,992,0,0,0,0
SP-02901,ok,goals+,0,0,43112,0,102583
SP-02902,ok,reserve,36952,0,0,0,0
SP-02903,ok,reserve,65143,0,0,0,0
SP-02904,deficit,none,0,0,0,0,0
SP-02905,deficit,none,0,0,0,0,0
SP-02906,ok,reserve,17216,0,0,0,0
SP-02907,deficit,none,0,0,0,0,0
SP-02908,ok,reserve,19432,0,0,0,0
SP-02909,ok,debt,0,31717,0,0,108024
SP-02910,ok,goals+,0,0,0,16536,43872
SP-02911,deficit,none,0,0,0,0,0
SP-02912,ok,debt,0,36793,0,0,0
SP-02913,ok,debt,0,1436,0,0,51687
SP-02914,ok,reserve,76226,0,0,0,0
SP-02915,ok,reserve,7062,3101,0,0,0
SP-02916,ok,reserve,1990,0,0,0,0
SP-02917,ok,reserve,20404,0,0,0,0
SP-02918,deficit,none,0,0,0,0,0
SP-02919,ok,debt,0,1967,0,0,1132665
SP-02920,ok,reserve,2083,0,0,0,0
SP-02921,ok,debt,0,66270,0,0,0
SP-02922,ok,reserve,31822,0,0,0,0
SP-02923,ok,reserve,11576,0,0,0,0
SP-02924,ok,reserve,12463,969,0,0,0
SP-02925,ok,debt,0,618,0,0,0
SP-02926,ok,goals+,0,0,49358,0,44182
SP-02927,ok,reserve,17199,0,0,0,0
SP-02928,ok,reserve,9190,0,0,0,0
SP-02929,ok,goals+,0,0,17719,0,43191
SP-02930,ok,reserve,27223,16311,0,0,0
SP-02931,ok,reserve,41881,0,0,0,0
SP-02932,ok,reserve,56851,0,0,0,0
SP-02933,ok,debt,0,3645,0,0,0
SP-02934,ok,goals+,0,0,75,153,507
SP-02935,ok,debt,0,23572,0,0,83078
SP-02936,ok,debt,0,14151,0,0,0
SP-02937,ok,reserve,1358047017,0,0,0,0
SP-02938,ok,reserve,4915,0,0,0,0
SP-02939,ok,reserve,23661,0,0,0,0
SP-02940,deficit,none,0,0,0,0,0
SP-02941,deficit,none,0,0,0,0,0
SP-02942,ok,reserve,8263,0,0,0,0
SP-02943,ok,debt,2437,43944,0,0,0
SP-02944,ok,reserve,9520,0,0,0,0
SP-02945,ok,debt,0,42069,0,0,375264
SP-02946,deficit,none,0,0,0,0,0
SP-02947,ok,reserve,6953,0,0,0,0
SP-02948,ok,reserve,20479,0,0,0,0
SP-02949,ok,debt,0,684,0,0,0
SP-02950,deficit,none,0,0,0,0,0
SP-02951,ok,debt,0,12075,0,0,0
SP-02952,deficit,none,0,0,0,0,0
SP-02953,ok,reserve,32373,0,0,0,0
SP-02954,ok,debt,0,22204,0,0,0
SP-02955,ok,reserve,18312,0,0,0,0
SP-02956,deficit,none,0,0,0,0,0
SP-02957,ok,reserve,15187,0,0,0,0
SP-02958,ok,reserve,8951,0,0,0,0
SP-02959,ok,reserve,6413,0,0,0,0
SP-02960,ok,reserve,38739,0,0,0,0
SP-02961,ok,debt,0,17594,0,0,1616389
SP-02962,ok,debt,0,5851,0,0,0
SP-02963,deficit,none,0,0,0,0,0
SP-02964,ok,reserve,7277,0,0,0,0
SP-02965,ok,reserve,37942,0,0,0,0
SP-02966,ok,debt,0,35171,0,0,0
SP-02967,ok,debt,0,401,0,0,0
SP-02968,ok,reserve,12203,173,0,0,0
SP-02969,ok,debt,0,433,0,0,0
SP-02970,deficit,none,0,0,0,0,0
SP-02971,ok,reserve,30830,0,0,0,0
SP-02972,ok,reserve,26159,0,0,0,0
SP-02973,ok,goals+,0,0,5941,0,419768
SP-02974,ok,reserve,20559,0,0,0,0
SP-02975,ok,debt,0,31805,0,0,110529
SP-02976,ok,reserve,77,0,0,0,0
SP-02977,ok,debt,0,4076,0,0,0
SP-02978,ok,goals+,0,0,19312,0,33194
SP-02979,deficit,none,0,0,0,0,0
SP-02980,ok,debt,0,24257,0,0,0
SP-02981,ok,debt,1481,19306,0,0,0
SP-02982,deficit,none,0,0,0,0,0
SP-02983,ok,reserve,9725,0,0,0,0
SP-02984,ok,reserve,37340,0,0,0,0
SP-02985,ok,goals+,0,0,45752,0,50404
SP-02986,deficit,none,0,0,0,0,0
SP-02987,ok,debt,0,39113,0,0,0
SP-02988,deficit,none,0,0,0,0,0
SP-02989,ok,debt,0,55489,0,0,0
SP-02990,ok,reserve,46946,0,0,0,0
SP-02991,deficit,none,0,0,0,0,0
SP-02992,ok,goals+,0,0,47689,0,767132
SP-02993,ok,debt,0,36738,0,0,0
SP-02994,ok,reserve,17725,0,0,0,0
SP-02995,deficit,none,0,0,0,0,0
SP-02996,ok,goals+,0,0,0,7555,707534
SP-02997,ok,reserve,36995,0,0,0,0
SP-02998,ok,debt,0,8987,0,0,0
SP-02999,ok,reserve,63242,0,0,0,0
SP-03000,ok,reserve,4557,0,0,0,0
SP-03001,ok,debt,0,17384,0,0,0
SP-03002,ok,reserve,10399,0,0,0,0
SP-03003,ok,goals+,0,0,0,13198,1741253
SP-03004,ok,reserve,58599,0,0,0,0
SP-03005,ok,reserve,27184,0,0,0,0
SP-03006,ok,debt,0,7191,0,0,0
SP-03007,ok,reserve,36041,0,0,0,0
SP-03008,ok,reserve,13161,0,0,0,0
SP-03009,ok,debt,0,5262,0,0,0
SP-03010,deficit,none,0,0,0,0,0
SP-03011,deficit,none,0,0,0,0,0
SP-03012,ok,reserve,8385,0,0,0,0
SP-03013,ok,reserve,144,0,0,0,0
SP-03014,ok,reserve,78566,0,0,0,0
SP-03015,ok,goals+,8180,0,88475,0,0
SP-03016,ok,debt,0,1236,0,0,0
SP-03017,ok,reserve,7671,0,0,0,0
SP-03018,ok,goals+,0,0,9,0,216
SP-03019,ok,reserve,22102,0,0,0,0
SP-03020,ok,debt,0,9130,0,0,0
SP-03021,ok,reserve,147388319,0,0,0,0
SP-03022,deficit,none,0,0,0,0,0
SP-03023,ok,goals+,0,0,19497,0,89242
SP-03024,deficit,none,0,0,0,0,0
SP-03025,ok,reserve,55484,0,0,0,0
SP-03026,ok,debt,0,7298,0,0,0
SP-03027,ok,goals+,0,0,18913,42827,28578
SP-03028,ok,reserve,36667,0,0,0,0
SP-03029,ok,reserve,8077,0,0,0,0
SP-03030,deficit,none,0,0,0,0,0
SP-03031,ok,reserve,13242,0,0,0,0
SP-03032,ok,reserve,7210,0,0,0,0
SP-03033,deficit,none,0,0,0,0,0
SP-03034,ok,reserve,8125,0,0,0,0
SP-03035,ok,reserve,4547,0,0,0,0
SP-03036,ok,reserve,78385,0,0,0,0
SP-03037,deficit,none,0,0,0,0,0
SP-03038,ok,reserve,488,0,0,0,0
SP-03039,ok,reserve,41313,0,0,0,0
SP-03040,ok,reserve,13282,0,0,0,0
SP-03041,ok,reserve,11682,0,0,0,0
SP-03042,ok,reserve,16856,0,0,0,0
SP-03043,ok,reserve,4019,0,0,0,0
SP-03044,ok,reserve,35118,0,0,0,0
SP-03045,ok,goals+,0,0,31271,0,1302673
SP-03046,ok,reserve,4266,0,0,0,0
SP-03047,deficit,none,0,0,0,0,0
SP-03048,ok,reserve,32698,0,0,0,0
SP-03049,deficit,none,0,0,0,0,0
SP-03050,ok,debt,0,25600,0,0,0
SP-03051,ok,debt,0,6290,0,0,0
SP-03052,ok,goals+,0,0,19093,26668,74099
SP-03053,ok,reserve,11171,0,0,0,0
SP-03054,ok,reserve,16367,0,0,0,0
SP-03055,ok,reserve,8245,7832,0,0,0
SP-03056,deficit,none,0,0,0,0,0
SP-03057,ok,reserve,74866,0,0,0,0
SP-03058,ok,reserve,24825,0,0,0,0
SP-03059,ok,reserve,1676,0,0,0,0
SP-03060,ok,reserve,19,0,0,0,0
SP-03061,ok,reserve,8271,0,0,0,0
SP-03062,ok,debt,0,62430,0,0,0
SP-03063,ok,goals+,0,0,347227390,0,1017678932
SP-03064,ok,goals+,0,0,6802,2249,11191
SP-03065,ok,reserve,11447,0,0,0,0
SP-03066,deficit,none,0,0,0,0,0
SP-03067,ok,reserve,25012,0,0,0,0
SP-03068,ok,reserve,20309,0,0,0,0
SP-03069,ok,debt,0,75776,0,0,1789
SP-03070,ok,reserve,5137,0,0,0,0
SP-03071,ok,reserve,20135,0,0,0,0
SP-03072,deficit,none,0,0,0,0,0
SP-03073,ok,debt,0,26450,0,0,0
SP-03074,ok,debt,0,8739,0,0,0
SP-03075,ok,debt,0,1192,0,0,0
SP-03076,ok,reserve,20657,0,0,0,0
SP-03077,ok,reserve,41020,0,0,0,0
SP-03078,deficit,none,0,0,0,0,0
SP-03079,ok,goals+,0,0,0,31465,78533
SP-03080,ok,reserve,17631,0,0,0,0
SP-03081,ok,reserve,21807,0,0,0,0
SP-03082,ok,debt,0,2265,0,0,0
SP-03083,ok,reserve,10451,0,0,0,0
SP-03084,deficit,none,0,0,0,0,0
SP-03085,ok,reserve,9797,0,0,0,0
SP-03086,ok,reserve,336,0,0,0,0
SP-03087,ok,debt,0,9453,0,0,4965469
SP-03088,ok,reserve,23151,0,0,0,0
SP-03089,ok,debt,0,2671,0,0,313739
SP-03090,ok,goals+,0,0,43388,0,221164
SP-03091,ok,debt,1103,31047,0,0,0
SP-03092,ok,reserve,9980,0,0,0,0
SP-03093,ok,reserve,1348,0,0,0,0
SP-03094,ok,reserve,7763,0,0,0,0
SP-03095,ok,reserve,15426,0,0,0,0
SP-03096,ok,reserve,15943,0,0,0,0
SP-03097,ok,reserve,595,0,0,0,0
SP-03098,ok,debt,0,5902,0,0,0
SP-03099,ok,debt,0,9945,0,0,0
SP-03100,ok,reserve,9935,0,0,0,0
SP-03101,deficit,none,0,0,0,0,0
SP-03102,ok,reserve,17,0,0,0,0
SP-03103,ok,reserve,3024,0,0,0,0
SP-03104,ok,reserve,20282,0,0,0,0
SP-03105,ok,reserve,27988627,0,0,0,0
SP-03106,deficit,none,0,0,0,0,0
SP-03107,ok,reserve,29348,0,0,0,0
SP-03108,deficit,none,0,0,0,0,0
SP-03109,ok,reserve,52212,0,0,0,0
SP-03110,ok,reserve,1463,0,0,0,0
SP-03111,ok,goals+,0,0,1258,55503,451427
SP-03112,ok,goals+,94,0,45794,0,0
SP-03113,ok,reserve,16524,0,0,0,0
SP-03114,deficit,none,0,0,0,0,0
SP-03115,ok,reserve,5955,0,0,0,0
SP-03116,ok,reserve,31446,0,0,0,0
SP-03117,deficit,none,0,0,0,0,0
SP-03118,ok,debt,0,45983,0,0,0
SP-03119,ok,reserve,33216,0,0,0,0
SP-03120,ok,goals+,0,0,0,36200,53052
SP-03121,ok,debt,0,40495,0,0,0
SP-03122,ok,reserve,3085,0,0,0,0
SP-03123,deficit,none,0,0,0,0,0
SP-03124,ok,debt,0,9851,0,0,0
SP-03125,ok,reserve,14858,11672,0,0,0
SP-03126,ok,debt,0,9060,0,0,14029
SP-03127,ok,debt,0,25067,0,0,64420
SP-03128,ok,reserve,18765,0,0,0,0
SP-03129,ok,goals+,0,0,0,20415,2096759
SP-03130,ok,goals+,0,0,0,4600,54438
SP-03131,ok,debt,0,5212,0,0,0
SP-03132,ok,reserve,1974,0,0,0,0
SP-03133,ok,reserve,17070,0,7201,1846,0
SP-03134,ok,reserve,36049,0,0,0,0
SP-03135,ok,reserve,4843,0,0,0,0
SP-03136,deficit,none,0,0,0,0,0
SP-03137,ok,reserve,20804,0,0,0,0
SP-03138,ok,reserve,7550,0,0,0,0
SP-03139,ok,reserve,19322,0,5741,5005,0
SP-03140,ok,reserve,5707,0,0,0,0
SP-03141,ok,reserve,12697,0,0,0,0
SP-03142,ok,debt,4625,5301,0,0,0
SP-03143,deficit,none,0,0,0,0,35042
SP-03144,ok,goals+,0,0,20,21,853
SP-03145,ok,reserve,15535,0,0,0,0
SP-03146,ok,reserve,8231,0,0,0,0
SP-03147,ok,debt,0,1117052683,0,0,0
SP-03148,ok,debt,0,15304,0,0,0
SP-03149,ok,reserve,9410,0,0,0,0
SP-03150,deficit,none,0,0,0,0,0
SP-03151,ok,reserve,42133,0,0,0,0
SP-03152,ok,reserve,9140,4187,0,0,0
SP-03153,ok,goals+,0,0,81555,0,30195
SP-03154,ok,reserve,6220,0,0,0,0
SP-03155,ok,debt,0,5413,0,0,0
SP-03156,deficit,none,0,0,0,0,0
SP-03157,ok,reserve,17114,0,0,0,0
SP-03158,ok,reserve,31713,0,5612,0,0
SP-03159,deficit,none,0,0,0,0,0
SP-03160,ok,reserve,15724,0,0,0,0
SP-03161,ok,reserve,43822,0,0,0,0
SP-03162,ok,goals+,0,0,11382,0,386961
SP-03163,ok,goals+,0,0,0,7548,23516
SP-03164,ok,reserve,20732,0,0,0,0
SP-03165,ok,reserve,46328,0,0,0,0
SP-03166,ok,reserve,27821,0,0,0,0
SP-03167,ok,reserve,5255,0,0,0,0
SP-03168,ok,reserve,377,0,0,0,0
SP-03169,ok,goals+,0,0,0,1066,9046
SP-03170,ok,reserve,31104,0,0,0,0
SP-03171,ok,debt,0,81,0,0,1460451
SP-03172,ok,reserve,5412,0,0,0,0
SP-03173,ok,debt,0,24213,0,0,0
SP-03174,ok,reserve,11919,0,0,0,0
SP-03175,ok,reserve,17524,0,0,0,0
SP-03176,deficit,none,0,0,0,0,0
SP-03177,ok,debt,0,1716,0,0,0
SP-03178,ok,reserve,1672,0,0,0,0
SP-03179,ok,reserve,36517,0,0,0,0
SP-03180,deficit,none,0,0,0,0,0
SP-03181,ok,reserve,34201,0,0,0,0
SP-03182,ok,debt,0,726,0,0,0
SP-03183,deficit,none,0,0,0,0,0
SP-03184,deficit,none,0,0,0,0,0
SP-03185,ok,goals+,0,0,2706,92639,86765
SP-03186,deficit,none,0,0,0,0,0
SP-03187,ok,reserve,38850,0,0,0,0
SP-03188,ok,reserve,114911,0,0,0,0
SP-03189,ok,reserve,10051264,0,0,0,0
SP-03190,ok,goals+,0,0,0,293,127589
SP-03191,ok,reserve,8802,0,0,0,0
SP-03192,deficit,none,0,0,0,0,0
SP-03193,ok,debt,0,2996,0,0,0
SP-03194,ok,debt,0,21156,0,0,0
SP-03195,ok,goals+,0,0,90983,0,20585
SP-03196,deficit,none,0,0,0,0,0
SP-03197,ok,reserve,4238,0,0,0,0
SP-03198,deficit,none,0,0,0,0,0
SP-03199,ok,debt,0,12463,0,0,0
SP-03200,ok,goals+,0,0,13922,0,114637
SP-03201,ok,debt,0,1580,0,0,0
SP-03202,ok,reserve,3251,0,0,0,0
SP-03203,ok,reserve,5294,0,0,0,0
SP-03204,deficit,none,0,0,0,0,0
SP-03205,ok,reserve,14408,4482,0,0,0
SP-03206,ok,goals+,0,0,60795,3809,260771
SP-03207,ok,reserve,10266,0,0,0,0
SP-03208,ok,debt,0,15594,0,0,0
SP-03209,ok,reserve,7741,0,0,0,0
SP-03210,deficit,none,0,0,0,0,0
SP-03211,ok,goals+,7140,0,11376,0,0
SP-03212,ok,reserve,29326,0,0,0,0
SP-03213,ok,goals+,0,0,9600,0,1648951
SP-03214,ok,reserve,24138,0,0,0,0
SP-03215,ok,reserve,2546,0,0,0,0
SP-03216,ok,reserve,11283,0,0,0,0
SP-03217,deficit,none,0,0,0,0,0
SP-03218,ok,debt,0,929,0,0,0
SP-03219,ok,reserve,352,0,0,0,0
SP-03220,ok,reserve,16118,0,0,0,0
SP-03221,ok,reserve,39516,0,0,0,0
SP-03222,ok,reserve,22949,0,0,0,0
SP-03223,ok,reserve,9433,0,0,0,0
SP-03224,ok,reserve,285,0,0,0,0
SP-03225,ok,goals+,0,0,108805,0,284000
SP-03226,ok,debt,2918,2937,0,0,0
SP-03227,ok,reserve,21361,0,0,0,0
SP-03228,ok,goals+,0,0,14,48,362
SP-03229,ok,debt,0,18592,0,0,0
SP-03230,ok,reserve,26062,0,0,0,0
SP-03231,ok,debt,1649870309,1884513226,0,0,0
SP-03232,ok,reserve,11501,0,0,0,0
SP-03233,ok,reserve,3849,0,0,0,0
SP-03234,deficit,none,0,0,0,0,0
SP-03235,ok,debt,0,17326,0,0,0
SP-03236,ok,debt,0,8325,0,0,2174
SP-03237,ok,goals+,0,0,0,171962,236619
SP-03238,ok,reserve,10699,0,0,0,0
SP-03239,ok,reserve,8263,0,0,0,0
SP-03240,deficit,none,0,0,0,0,0
SP-03241,ok,reserve,20233,0,0,0,0
SP-03242,ok,reserve,14976,0,0,0,0
SP-03243,deficit,none,0,0,0,0,0
SP-03244,ok,reserve,5362,0,0,0,0
SP-03245,ok,reserve,6048,0,0,0,0
SP-03246,deficit,none,0,0,0,0,0
SP-03247,ok,reserve,9739,0,0,0,0
SP-03248,ok,reserve,25310,0,0,0,0
SP-03249,ok,reserve,8777,0,0,0,0
SP-03250,ok,reserve,7891,0,0,0,0
SP-03251,deficit,none,0,0,0,0,0
SP-03252,ok,debt,0,17823,0,0,0
SP-03253,ok,goals+,0,0,367,0,75651
SP-03254,ok,reserve,44971,0,0,0,0
SP-03255,ok,goals+,0,0,58556,0,3045489
SP-03256,ok,goals+,0,0,18159,0,90143
SP-03257,ok,reserve,8300,0,0,0,0
SP-03258,ok,reserve,28226,0,0,0,0
SP-03259,ok,reserve,17248,0,0,0,0
SP-03260,ok,reserve,8238,0,0,0,0
SP-03261,ok,reserve,1961,0,0,0,0
SP-03262,ok,reserve,32606,0,0,0,0
SP-03263,ok,goals+,0,0,4284,6993,551856
SP-03264,deficit,none,0,0,0,0,0
SP-03265,ok,debt,0,3142,0,0,0
SP-03266,ok,reserve,10098,0,0,0,0
SP-03267,ok,debt,0,11656,0,0,0
SP-03268,ok,reserve,31577,0,0,0,0
SP-03269,ok,reserve,26782,0,0,0,0
SP-03270,ok,reserve,34,0,0,0,0
SP-03271,ok,reserve,10206,0,0,0,0
SP-03272,ok,reserve,8141,0,0,0,0
SP-03273,ok,reserve,1238496293,0,0,0,0
SP-03274,deficit,none,0,0,0,0,0
SP-03275,deficit,none,0,0,0,0,0
SP-03276,deficit,none,0,0,0,0,0
SP-03277,ok,reserve,22344,0,0,0,0
SP-03278,ok,debt,0,2378,0,0,0
SP-03279,ok,goals+,0,0,23046,51420,35563
SP-03280,ok,reserve,28661,0,0,0,0
SP-03281,deficit,none,0,0,0,0,0
SP-03282,deficit,none,0,0,0,0,0
SP-03283,ok,goals+,5154,0,9948,0,0
SP-03284,ok,debt,0,16166,0,0,0
SP-03285,ok,reserve,1827,0,0,0,0
SP-03286,ok,reserve,15142,0,0,0,0
SP-03287,ok,reserve,8904,0,0,0,0
SP-03288,ok,reserve,15206,0,0,0,0
SP-03289,ok,reserve,20361,6956,0,0,0
SP-03290,ok,reserve,688,0,0,0,0
SP-03291,deficit,none,0,0,0,0,0
SP-03292,ok,reserve,1756,0,0,0,0
SP-03293,ok,debt,0,20369,0,0,0
SP-03294,ok,reserve,24943,0,0,0,0
SP-03295,ok,reserve,5693,0,0,0,0
SP-03296,deficit,none,0,0,0,0,0
SP-03297,ok,debt,0,7806,0,0,690012
SP-03298,ok,reserve,13506,0,0,0,0
SP-03299,deficit,none,0,0,0,0,0
SP-03300,ok,reserve,28476,0,0,0,0
SP-03301,ok,reserve,5507,0,0,0,0
SP-03302,ok,reserve,10057,4054,0,0,0
SP-03303,ok,reserve,9036,0,0,0,0
SP-03304,ok,debt,0,49801,0,0,0
SP-03305,ok,reserve,17714,0,0,0,0
SP-03306,deficit,none,0,0,0,0,0
SP-03307,ok,goals+,0,0,16479,0,15166
SP-03308,ok,reserve,34931,0,0,0,0
SP-03309,ok,reserve,22742,0,0,0,0
SP-03310,deficit,none,0,0,0,0,0
SP-03311,ok,reserve,19437,0,0,0,0
SP-03312,deficit,none,0,0,0,0,0
SP-03313,ok,reserve,11025,0,0,0,0
SP-03314,ok,reserve,7513,0,0,0,0
SP-03315,ok,reserve,172741924,0,0,0,0
SP-03316,ok,debt,0,12175,0,0,0
SP-03317,deficit,none,0,0,0,0,0
SP-03318,deficit,none,0,0,0,0,0
SP-03319,ok,reserve,43458,0,0,0,0
SP-03320,deficit,none,0,0,0,0,0
SP-03321,ok,goals+,0,0,0,60386,166741
SP-03322,ok,reserve,7934,0,0,0,0
SP-03323,ok,reserve,8516,0,0,0,0
SP-03324,deficit,none,0,0,0,0,0
SP-03325,deficit,none,0,0,0,0,33306
SP-03326,ok,goals+,0,0,0,15096,39556
SP-03327,deficit,none,0,0,0,0,0
SP-03328,deficit,none,0,0,0,0,0
SP-03329,ok,reserve,26212,6372,0,0,0
SP-03330,deficit,none,0,0,0,0,0
SP-03331,ok,debt,0,4352,0,0,0
SP-03332,ok,reserve,652,0,0,0,0
SP-03333,ok,debt,1049,2887,0,0,0
SP-03334,ok,debt,0,22874,0,0,0
SP-03335,deficit,none,0,0,0,0,0
SP-03336,deficit,none,0,0,0,0,0
SP-03337,ok,debt,0,18614,0,0,8500
SP-03338,ok,debt,0,23127,0,0,103005
SP-03339,ok,goals+,0,0,0,51148,1940114
SP-03340,ok,reserve,6958,0,0,0,0
SP-03341,ok,reserve,54372,0,0,0,0
SP-03342,ok,reserve,10983,0,0,0,0
SP-03343,ok,reserve,9506,0,0,0,0
SP-03344,ok,reserve,34723,0,0,0,0
SP-03345,deficit,none,0,0,0,0,0
SP-03346,ok,debt,0,19648,0,0,0
SP-03347,deficit,none,0,0,0,0,0
SP-03348,deficit,none,0,0,0,0,0
SP-03349,deficit,none,0,0,0,0,0
SP-03350,ok,reserve,13898,0,0,0,0
SP-03351,ok,reserve,45716,0,0,0,0
SP-03352,deficit,none,0,0,0,0,0
SP-03353,ok,goals+,0,0,0,15933,529803
SP-03354,ok,reserve,4,0,0,0,0
SP-03355,deficit,none,0,0,0,0,0
SP-03356,ok,goals+,0,0,20110,0,62357
SP-03357,deficit,none,0,0,0,0,0
SP-03358,ok,reserve,27626,0,0,0,0
SP-03359,deficit,none,0,0,0,0,0
SP-03360,deficit,none,0,0,0,0,0
SP-03361,ok,reserve,98076,0,0,0,0
SP-03362,ok,reserve,27546,0,0,0,0
SP-03363,ok,goals+,0,0,51738,0,180761
SP-03364,ok,debt,0,16785,0,0,0
SP-03365,ok,reserve,30451,0,0,0,0
SP-03366,deficit,none,0,0,0,0,0
SP-03367,ok,reserve,59422,0,0,0,0
SP-03368,ok,goals+,0,0,66553,0,330411
SP-03369,ok,reserve,11141,0,0,0,0
SP-03370,ok,reserve,20658,14098,0,0,0
SP-03371,ok,debt,0,3579,0,0,0
SP-03372,deficit,none,0,0,0,0,0
SP-03373,ok,reserve,11818,0,0,0,0
SP-03374,ok,debt,0,29305,0,0,0
SP-03375,ok,goals+,0,0,0,9315,2936
SP-03376,ok,reserve,18819,0,0,0,0
SP-03377,ok,debt,0,23498,0,0,0
SP-03378,ok,reserve,70568,0,0,0,0
SP-03379,ok,reserve,11624,0,0,0,0
SP-03380,ok,reserve,4329,0,0,0,0
SP-03381,ok,goals+,0,0,35940,0,1533379
SP-03382,ok,reserve,3634,0,0,0,0
SP-03383,ok,reserve,27054,0,0,0,0
SP-03384,ok,reserve,21061,0,0,0,0
SP-03385,ok,goals+,0,0,4430,0,149526
SP-03386,ok,debt,0,56243,0,0,0
SP-03387,ok,reserve,7407,0,0,0,0
SP-03388,ok,reserve,13393,0,0,0,0
SP-03389,ok,reserve,20494,0,0,0,0
SP-03390,deficit,none,0,0,0,0,0
SP-03391,ok,reserve,33215,8002,0,0,0
SP-03392,ok,debt,0,5876,0,0,60308
SP-03393,ok,reserve,31113,0,0,0,0
SP-03394,ok,reserve,6626,0,0,0,0
SP-03395,ok,debt,0,8589,0,0,0
SP-03396,ok,reserve,183,0,0,0,0
SP-03397,deficit,none,0,0,0,0,0
SP-03398,ok,reserve,5231,0,0,0,0
SP-03399,ok,reserve,2018747808,0,0,0,0
SP-03400,ok,reserve,4067,0,0,0,0
SP-03401,ok,reserve,9408,0,0,0,0
SP-03402,deficit,none,0,0,0,0,0
SP-03403,ok,reserve,2994,0,0,0,0
SP-03404,ok,reserve,11337,0,0,0,0
SP-03405,ok,debt,0,29303,0,0,19294
SP-03406,deficit,none,0,0,0,0,97086
SP-03407,ok,reserve,15,0,0,0,0
SP-03408,deficit,none,0,0,0,0,0
SP-03409,deficit,none,0,0,0,0,0
SP-03410,ok,reserve,3148,0,0,0,0
SP-03411,deficit,none,0,0,0,0,0
SP-03412,ok,reserve,43329,0,0,0,0
SP-03413,deficit,none,0,0,0,0,0
SP-03414,ok,reserve,39614,0,0,0,0
SP-03415,ok,reserve,28225,0,0,0,0
SP-03416,ok,reserve,1068,0,0,0,0
SP-03417,ok,debt,0,7711,0,0,0
SP-03418,ok,reserve,43206,0,0,0,0
SP-03419,deficit,none,0,0,0,0,0
SP-03420,ok,debt,0,16190,0,0,0
SP-03421,ok,reserve,16771,0,0,0,0
SP-03422,deficit,none,0,0,0,0,0
SP-03423,deficit,none,0,0,0,0,892975
SP-03424,ok,reserve,12318,0,0,0,0
SP-03425,ok,reserve,19334,0,0,0,0
SP-03426,ok,debt,0,5704,0,0,0
SP-03427,ok,reserve,11109,0,0,0,0
SP-03428,ok,reserve,9045,0,0,0,0
SP-03429,ok,reserve,9343,0,0,0,0
SP-03430,ok,debt,0,9953,0,0,0
SP-03431,deficit,none,0,0,0,0,0
SP-03432,deficit,none,0,0,0,0,0
SP-03433,ok,debt,0,3753,0,0,0
SP-03434,ok,reserve,30300,0,0,0,0
SP-03435,ok,reserve,15497,0,0,0,0
SP-03436,ok,goals+,0,0,20664,8476,22929
SP-03437,ok,reserve,3757,0,0,0,0
SP-03438,ok,reserve,15,0,0,0,0
SP-03439,ok,reserve,59789,0,0,0,0
SP-03440,ok,debt,0,33653,0,0,0
SP-03441,ok,reserve,390816141,0,0,0,0
SP-03442,deficit,none,0,0,0,0,0
SP-03443,ok,reserve,10467,0,0,0,0
SP-03444,deficit,none,0,0,0,0,0
SP-03445,deficit,none,0,0,0,0,0
SP-03446,deficit,none,0,0,0,0,0
SP-03447,ok,debt,0,125901,0,0,39443
SP-03448,ok,reserve,50074,0,0,0,0
SP-03449,deficit,none,0,0,0,0,0
SP-03450,deficit,none,0,0,0,0,0
SP-03451,ok,reserve,24633,0,0,0,0
SP-03452,ok,reserve,16994,0,0,0,0
SP-03453,ok,reserve,3883,0,0,0,0
SP-03454,ok,reserve,25018,0,0,0,0
SP-03455,ok,reserve,6655,0,0,0,0
SP-03456,ok,reserve,29483,0,0,0,0
SP-03457,ok,reserve,19747,0,0,0,0
SP-03458,ok,debt,0,1397,0,0,0
SP-03459,ok,reserve,5868,0,0,0,0
SP-03460,ok,reserve,12396,0,0,0,0
SP-03461,ok,reserve,23679,0,0,0,0
SP-03462,ok,debt,0,18642,0,0,0
SP-03463,ok,reserve,13506,0,0,0,0
SP-03464,ok,reserve,4637,0,0,0,0
SP-03465,deficit,none,0,0,0,0,233768
SP-03466,ok,reserve,172,0,0,0,0
SP-03467,ok,reserve,3143,0,0,0,0
SP-03468,ok,reserve,8914,0,0,0,0
SP-03469,ok,reserve,25667,0,0,0,0
SP-03470,deficit,none,0,0,0,0,0
SP-03471,ok,debt,0,5792,0,0,0
SP-03472,ok,reserve,6883,0,0,0,0
SP-03473,ok,debt,0,16722,0,0,0
SP-03474,deficit,none,0,0,0,0,0
SP-03475,ok,reserve,40644,0,0,0,0
SP-03476,ok,reserve,7029,0,0,0,0
SP-03477,ok,debt,0,18054,0,0,0
SP-03478,ok,reserve,13281,0,0,0,0
SP-03479,ok,reserve,17155,0,0,0,0
SP-03480,ok,goals+,0,0,12,0,809
SP-03481,deficit,none,0,0,0,0,0
SP-03482,deficit,none,0,0,0,0,0
SP-03483,ok,reserve,161586747,0,0,0,0
SP-03484,ok,reserve,27506,0,0,0,0
SP-03485,ok,reserve,15554,0,0,0,0
SP-03486,deficit,none,0,0,0,0,0
SP-03487,ok,goals+,0,0,78217,0,4911
SP-03488,deficit,none,0,0,0,0,0
SP-03489,ok,goals+,0,0,3063,49354,61474
SP-03490,ok,reserve,55846,0,0,0,0
SP-03491,ok,reserve,16123,0,0,0,0
SP-03492,deficit,none,0,0,0,0,0
SP-03493,ok,reserve,26980,0,0,0,0
SP-03494,ok,reserve,41355,0,6728,0,0
SP-03495,ok,reserve,38728,0,0,0,0
SP-03496,ok,reserve,93707,0,0,0,0
SP-03497,ok,reserve,7301,0,0,0,0
SP-03498,deficit,none,0,0,0,0,0
SP-03499,ok,debt,0,2055,0,0,0
SP-03500,ok,debt,5348,12774,0,0,0
SP-03501,deficit,none,0,0,0,0,0
SP-03502,ok,goals+,0,0,21209,0,83118
SP-03503,deficit,none,0,0,0,0,0
SP-03504,deficit,none,0,0,0,0,0
SP-03505,deficit,none,0,0,0,0,0
SP-03506,ok,reserve,17698,0,0,0,0
SP-03507,ok,debt,0,27960,0,0,1625406
SP-03508,ok,goals+,0,0,0,10876,66395
SP-03509,ok,goals+,0,0,2267,0,108974
SP-03510,deficit,none,0,0,0,0,0
SP-03511,ok,debt,0,2431,0,0,10555
SP-03512,ok,reserve,18844,0,0,0,0
SP-03513,ok,debt,0,8118,0,0,0
SP-03514,ok,reserve,8095,0,0,0,0
SP-03515,ok,goals+,18094,0,25227,0,0
SP-03516,ok,reserve,4966,0,0,0,0
SP-03517,deficit,none,0,0,0,0,0
SP-03518,ok,reserve,185,0,0,0,0
SP-03519,ok,reserve,6776,0,0,0,0
SP-03520,ok,reserve,2799,0,0,0,0
SP-03521,ok,debt,0,18115,0,0,0
SP-03522,ok,goals+,0,0,4,0,205
SP-03523,ok,goals+,0,0,33956,0,4498
SP-03524,ok,debt,0,16227,0,0,0
SP-03525,ok,reserve,224877495,0,0,0,0
SP-03526,ok,debt,0,3306,0,0,0
SP-03527,ok,reserve,25283,0,0,0,0
SP-03528,deficit,none,0,0,0,0,0
SP-03529,deficit,none,0,0,0,0,0
SP-03530,deficit,none,0,0,0,0,362763
SP-03531,ok,debt,754,35183,0,0,0
SP-03532,ok,debt,0,2089,0,0,81160
SP-03533,ok,goals+,0,0,5546,99190,290659
SP-03534,deficit,none,0,0,0,0,0
SP-03535,ok,reserve,16720,0,0,0,0
SP-03536,ok,goals+,0,0,0,6970,335878
SP-03537,ok,reserve,17409,0,0,0,0
SP-03538,ok,reserve,12281,0,0,0,0
SP-03539,ok,reserve,4912,0,0,0,0
SP-03540,ok,reserve,59122,0,0,0,0
SP-03541,ok,reserve,27809,0,0,0,0
SP-03542,ok,goals+,12964,0,0,14884,0
SP-03543,deficit,none,0,0,0,0,0
SP-03544,ok,reserve,23620,0,0,0,0
SP-03545,ok,debt,0,1866,0,0,0
SP-03546,ok,reserve,5390,0,0,0,0
SP-03547,ok,reserve,13112,0,0,0,0
SP-03548,ok,reserve,16382,0,0,0,0
SP-03549,ok,debt,0,68399,0,0,1755858
SP-03550,ok,reserve,56707,0,0,0,0
SP-03551,ok,debt,0,15264,0,0,0
SP-03552,ok,reserve,18441,0,0,0,0
SP-03553,ok,debt,0,14865,0,0,0
SP-03554,ok,debt,0,26430,0,0,0
SP-03555,ok,reserve,1932,0,0,0,0
SP-03556,ok,reserve,27177,0,0,0,0
SP-03557,deficit,none,0,0,0,0,0
SP-03558,deficit,none,0,0,0,0,0
SP-03559,ok,reserve,6651,0,0,0,0
SP-03560,deficit,none,0,0,0,0,0
SP-03561,ok,reserve,2610,0,0,0,0
SP-03562,ok,debt,0,4630,0,0,147278
SP-03563,ok,reserve,30859,0,0,0,0
SP-03564,ok,goals+,0,0,28,0,154
SP-03565,ok,reserve,775,0,0,0,0
SP-03566,ok,reserve,39284,0,0,0,0
SP-03567,deficit,none,0,0,0,0,0
SP-03568,ok,reserve,29952,0,0,0,0
SP-03569,ok,debt,0,5353,0,0,0
SP-03570,deficit,none,0,0,0,0,0
SP-03571,ok,reserve,13221,0,0,0,0
SP-03572,ok,debt,0,6440,0,0,0
SP-03573,ok,reserve,33523,0,0,0,0
SP-03574,ok,debt,0,8497,0,0,0
SP-03575,deficit,none,0,0,0,0,0
SP-03576,deficit,none,0,0,0,0,0
SP-03577,ok,reserve,7268,0,0,0,0
SP-03578,ok,reserve,18943,0,0,0,0
SP-03579,deficit,none,0,0,0,0,0
SP-03580,ok,debt,0,19087,0,0,0
SP-03581,deficit,none,0,0,0,0,0
SP-03582,deficit,none,0,0,0,0,0
SP-03583,ok,reserve,4745,0,0,0,0
SP-03584,ok,debt,0,17892,0,0,32347
SP-03585,ok,goals+,8907,0,0,23419,0
SP-03586,ok,reserve,38903,0,0,0,0
SP-03587,ok,reserve,13541,0,0,0,0
SP-03588,deficit,none,0,0,0,0,0
SP-03589,ok,reserve,1010,0,0,0,0
SP-03590,ok,debt,176,4769,0,0,0
SP-03591,deficit,none,0,0,0,0,277456
SP-03592,ok,debt,0,14162,0,0,0
SP-03593,ok,debt,0,47582,0,0,49912
SP-03594,ok,reserve,23741,0,0,0,0
SP-03595,ok,debt,0,12022,0,0,0
SP-03596,ok,reserve,2561,0,0,0,0
SP-03597,ok,debt,0,1387,0,0,0
SP-03598,ok,debt,0,2391,0,0,0
SP-03599,ok,reserve,9281,0,0,0,0
SP-03600,deficit,none,0,0,0,0,0
SP-03601,ok,reserve,19441,0,0,0,0
SP-03602,ok,reserve,43462,0,0,0,0
SP-03603,ok,reserve,20137,0,0,0,0
SP-03604,ok,reserve,8842,0,0,0,0
SP-03605,ok,debt,0,24098,0,0,0
SP-03606,ok,goals+,0,0,3,0,486
SP-03607,ok,goals+,0,0,0,38002,101081
SP-03608,deficit,none,0,0,0,0,0
SP-03609,ok,debt,0,175569854,0,0,453833459
SP-03610,deficit,none,0,0,0,0,0
SP-03611,deficit,none,0,0,0,0,0
SP-03612,deficit,none,0,0,0,0,0
SP-03613,ok,reserve,17199,0,0,7314,0
SP-03614,ok,debt,0,12451,0,0,0
SP-03615,ok,goals+,0,0,12310,158448,827930
SP-03616,ok,debt,0,2740,0,0,0
SP-03617,ok,reserve,23240,0,0,0,0
SP-03618,deficit,none,0,0,0,0,0
SP-03619,ok,debt,0,28911,0,0,0
SP-03620,ok,reserve,30357,0,0,0,0
SP-03621,deficit,none,0,0,0,0,0
SP-03622,ok,reserve,34977,0,0,0,0
SP-03623,deficit,none,0,0,0,0,0
SP-03624,ok,reserve,11675,0,0,0,0
SP-03625,ok,reserve,12234,0,0,0,0
SP-03626,deficit,none,0,0,0,0,0
SP-03627,ok,goals+,0,0,0,6433,28337
SP-03628,ok,debt,0,15679,0,0,0
SP-03629,ok,reserve,8503,0,713,0,0
SP-03630,deficit,none,0,0,0,0,72452
SP-03631,ok,reserve,13607,0,0,0,0
SP-03632,ok,reserve,15074,0,0,0,0
SP-03633,ok,goals+,0,0,0,15601,1455814
SP-03634,ok,reserve,14709,0,0,0,0
SP-03635,ok,reserve,20820,0,0,0,0
SP-03636,ok,reserve,3983,0,0,0,0
SP-03637,ok,reserve,44883,0,0,0,0
SP-03638,ok,debt,0,8097,0,0,0
SP-03639,ok,debt,471,9692,0,0,0
SP-03640,ok,goals+,0,0,0,4144,6475
SP-03641,ok,reserve,30292,0,0,0,0
SP-03642,ok,reserve,70296,0,0,0,0
SP-03643,ok,reserve,59161,0,0,0,0
SP-03644,ok,reserve,29964,0,0,0,0
SP-03645,ok,reserve,1971,0,0,0,0
SP-03646,ok,reserve,5622,0,0,0,0
SP-03647,ok,debt,0,14,0,0,0
SP-03648,ok,reserve,178,0,0,0,0
SP-03649,ok,reserve,2107,0,0,0,0
SP-03650,deficit,none,0,0,0,0,0
SP-03651,deficit,none,0,0,0,0,0
SP-03652,ok,reserve,42653,0,0,0,0
SP-03653,ok,reserve,18757,0,0,0,0
SP-03654,deficit,none,0,0,0,0,0
SP-03655,ok,reserve,2291,0,0,0,0
SP-03656,ok,goals+,0,0,30695,0,3274
SP-03657,ok,goals+,0,0,36219,19769,52426
SP-03658,ok,debt,0,3845,0,0,64297
SP-03659,ok,debt,0,30680,0,0,0
SP-03660,deficit,none,0,0,0,0,0
SP-03661,ok,reserve,28665,0,0,0,0
SP-03662,ok,reserve,2904,0,0,0,0
SP-03663,deficit,none,0,0,0,0,0
SP-03664,ok,reserve,60069,0,0,0,0
SP-03665,ok,reserve,20514,0,0,0,0
SP-03666,deficit,none,0,0,0,0,0
SP-03667,ok,debt,0,10440,0,0,0
SP-03668,ok,debt,0,35459,0,0,0
SP-03669,ok,reserve,16187,0,0,0,0
SP-03670,deficit,none,0,0,0,0,0
SP-03671,ok,debt,2541,53196,0,0,0
SP-03672,ok,debt,0,6355,0,0,0
SP-03673,deficit,none,0,0,0,0,0
SP-03674,ok,reserve,11593,0,0,0,0
SP-03675,ok,goals+,0,0,0,12207,1062303
SP-03676,ok,debt,0,38656,0,0,0
SP-03677,ok,reserve,6188,0,0,0,0
SP-03678,ok,goals+,0,0,16324,0,16915
SP-03679,ok,goals+,0,0,4469,0,44929
SP-03680,ok,debt,0,14056,0,0,0
SP-03681,ok,reserve,593,0,0,0,0
SP-03682,ok,debt,0,50565,0,0,0
SP-03683,deficit,none,0,0,0,0,0
SP-03684,ok,reserve,3920,0,0,0,0
SP-03685,ok,reserve,11919,0,0,0,0
SP-03686,ok,debt,0,314,0,0,0
SP-03687,deficit,none,0,0,0,0,0
SP-03688,ok,debt,0,6888,0,0,0
SP-03689,ok,debt,0,27449,0,0,0
SP-03690,deficit,none,0,0,0,0,0
SP-03691,ok,reserve,4252,0,0,0,0
SP-03692,ok,reserve,33780,0,0,2962,0
SP-03693,deficit,none,0,0,0,0,0
SP-03694,ok,reserve,11852,4534,0,0,0
SP-03695,ok,debt,0,31834,0,0,0
SP-03696,deficit,none,0,0,0,0,0
SP-03697,ok,reserve,23510,0,0,0,0
SP-03698,ok,reserve,7876,0,0,0,0
SP-03699,ok,goals+,0,0,9391,37952,151425
SP-03700,ok,reserve,33494,0,0,0,0
SP-03701,ok,reserve,8499,7725,0,0,0
SP-03702,deficit,none,0,0,0,0,0
SP-03703,ok,reserve,30168,0,0,0,0
SP-03704,ok,reserve,5326,0,0,0,0
SP-03705,deficit,none,0,0,0,0,0
SP-03706,ok,debt,0,19113,0,0,21861
SP-03707,ok,reserve,4300,0,0,0,0
SP-03708,deficit,none,0,0,0,0,0
SP-03709,ok,reserve,69305,0,0,0,0
SP-03710,ok,reserve,304,0,0,0,0
SP-03711,ok,debt,0,9364,0,0,0
SP-03712,ok,debt,0,11074,0,0,0
SP-03713,deficit,none,0,0,0,0,0
SP-03714,ok,reserve,1142,0,0,0,0
SP-03715,ok,debt,0,6258,0,0,0
SP-03716,ok,reserve,35084,0,0,0,0
SP-03717,ok,debt,0,11096,0,0,1529840
SP-03718,ok,reserve,25579,0,0,0,0
SP-03719,ok,reserve,12305,0,0,0,0
SP-03720,ok,reserve,33956,0,0,0,0
SP-03721,deficit,none,0,0,0,0,0
SP-03722,ok,reserve,2666,0,0,0,0
SP-03723,ok,reserve,15371,0,0,0,0
SP-03724,ok,goals+,0,0,22563,8388,22351
SP-03725,ok,reserve,3744,0,0,0,0
SP-03726,deficit,none,0,0,0,0,0
SP-03727,ok,reserve,15371,0,0,0,0
SP-03728,ok,reserve,232,0,0,0,0
SP-03729,ok,reserve,8762,0,0,0,0
SP-03730,ok,debt,3773,12110,0,0,0
SP-03731,ok,reserve,16706,0,0,0,0
SP-03732,ok,reserve,29,0,0,0,0
SP-03733,ok,goals+,0,0,0,43239,60180
SP-03734,ok,reserve,4455,0,0,0,0
SP-03735,ok,reserve,190152133,0,0,0,0
SP-03736,ok,reserve,929,0,0,0,0
SP-03737,ok,reserve,21119,0,0,0,0
SP-03738,deficit,none,0,0,0,0,0
SP-03739,ok,reserve,41117,0,0,0,0
SP-03740,ok,debt,770,4738,0,0,0
SP-03741,ok,goals+,0,0,0,65833,200268
SP-03742,ok,reserve,29396,0,0,0,0
SP-03743,ok,reserve,2172,0,0,0,0
SP-03744,deficit,none,0,0,0,0,0
SP-03745,ok,reserve,3019,2894,0,0,0
SP-03746,deficit,none,0,0,0,0,0
SP-03747,deficit,none,0,0,0,0,0
SP-03748,ok,goals+,0,0,11587,42272,18199
SP-03749,ok,reserve,20320,0,0,0,0
SP-03750,deficit,none,0,0,0,0,0
SP-03751,ok,reserve,14845,0,0,0,0
SP-03752,ok,debt,0,34432,0,0,0
SP-03753,deficit,none,0,0,0,0,0
SP-03754,ok,reserve,22822,0,0,0,0
SP-03755,ok,reserve,702,0,0,0,0
SP-03756,ok,reserve,21929,0,0,0,0
SP-03757,ok,reserve,38079,0,0,0,0
SP-03758,ok,reserve,78944,0,0,0,0
SP-03759,ok,goals+,0,0,0,17033,976306
SP-03760,ok,reserve,9754,0,0,0,0
SP-03761,ok,reserve,67707,0,0,0,0
SP-03762,ok,reserve,2138,0,0,0,0
SP-03763,ok,reserve,6612,0,0,0,0
SP-03764,ok,reserve,24055,0,0,0,0
SP-03765,ok,reserve,24312,0,0,0,0
SP-03766,ok,debt,0,5132,0,0,0
SP-03767,ok,reserve,32750,0,0,0,0
SP-03768,ok,reserve,13564,0,0,0,0
SP-03769,ok,reserve,66688,0,0,0,0
SP-03770,deficit,none,0,0,0,0,0
SP-03771,ok,reserve,41394,0,0,0,0
SP-03772,ok,reserve,17061,0,0,0,0
SP-03773,ok,reserve,10563,0,0,0,0
SP-03774,ok,reserve,8,0,0,0,0
SP-03775,ok,reserve,23063,0,0,0,0
SP-03776,ok,debt,0,10560,0,0,0
SP-03777,ok,reserve,971659019,0,0,0,0
SP-03778,ok,reserve,29917,0,0,0,0
SP-03779,ok,reserve,38082,0,0,0,0
SP-03780,deficit,none,0,0,0,0,0
SP-03781,ok,debt,0,33298,0,0,0
SP-03782,ok,reserve,27358,0,0,0,0
SP-03783,ok,debt,0,13521,0,0,8453
SP-03784,ok,reserve,41083,0,0,0,0
SP-03785,ok,reserve,12128,0,0,0,0
SP-03786,deficit,none,0,0,0,0,0
SP-03787,ok,reserve,16222,0,0,0,0
SP-03788,ok,reserve,30572,0,0,0,0
SP-03789,deficit,none,0,0,0,0,0
SP-03790,ok,reserve,47561,0,0,0,0
SP-03791,ok,reserve,4038,0,0,0,0
SP-03792,deficit,none,0,0,0,0,0
SP-03793,ok,reserve,22242,0,0,0,0
SP-03794,ok,reserve,7503,0,0,0,0
SP-03795,deficit,none,0,0,0,0,66808
SP-03796,deficit,none,0,0,0,0,0
SP-03797,ok,debt,0,19675,0,0,0
SP-03798,ok,reserve,1007,0,0,0,0
SP-03799,ok,goals+,0,0,5545,0,385789
SP-03800,ok,reserve,15412,0,0,0,0
SP-03801,ok,debt,0,12718,0,0,231869
SP-03802,ok,reserve,5189,0,0,0,0
SP-03803,ok,debt,0,22771,0,0,0
SP-03804,ok,reserve,6252,0,0,0,0
SP-03805,ok,reserve,63729,0,0,0,0
SP-03806,ok,debt,0,9355,0,0,0
SP-03807,ok,reserve,2140,0,0,0,0
SP-03808,ok,reserve,28706,0,0,0,0
SP-03809,deficit,none,0,0,0,0,0
SP-03810,ok,reserve,11502,0,0,0,0
SP-03811,ok,reserve,13391,0,0,0,0
SP-03812,ok,debt,1930,11554,0,0,0
SP-03813,ok,debt,0,51084,0,0,0
SP-03814,ok,debt,0,18075,0,0,0
SP-03815,ok,reserve,20097,0,0,0,0
SP-03816,ok,reserve,68,0,0,0,0
SP-03817,deficit,none,0,0,0,0,0
SP-03818,deficit,none,0,0,0,0,0
SP-03819,ok,reserve,6074634,0,0,0,0
SP-03820,ok,debt,0,25573,0,0,0
SP-03821,ok,reserve,60973,0,0,0,0
SP-03822,deficit,none,0,0,0,0,0
SP-03823,ok,reserve,21401,0,0,0,0
SP-03824,ok,reserve,11434,0,0,0,0
SP-03825,ok,goals+,0,0,0,51630,57980
SP-03826,ok,reserve,23766,0,0,0,0
SP-03827,ok,debt,292,14706,0,0,0
SP-03828,deficit,none,0,0,0,0,0
SP-03829,deficit,none,0,0,0,0,0
SP-03830,deficit,none,0,0,0,0,0
SP-03831,deficit,none,0,0,0,0,0
SP-03832,ok,reserve,62724,0,0,0,0
SP-03833,ok,reserve,79798,0,0,0,0
SP-03834,deficit,none,0,0,0,0,0
SP-03835,ok,debt,0,20816,0,0,0
SP-03836,ok,reserve,7821,0,0,0,0
SP-03837,ok,debt,0,21576,0,0,0
SP-03838,deficit,none,0,0,0,0,0
SP-03839,ok,reserve,5643,4434,0,0,0
SP-03840,ok,goals+,0,0,0,78716,687279
SP-03841,ok,reserve,52280,0,0,0,0
SP-03842,deficit,none,0,0,0,0,0
SP-03843,ok,debt,0,29355,0,0,935549
SP-03844,ok,debt,0,43154,0,0,0
SP-03845,ok,reserve,25032,0,0,0,0
SP-03846,ok,debt,0,45998,0,0,0
SP-03847,deficit,none,0,0,0,0,0
SP-03848,ok,debt,0,5937,0,0,0
SP-03849,ok,reserve,17655,0,0,0,0
SP-03850,ok,debt,0,4064,0,0,0
SP-03851,ok,reserve,64798,0,0,0,0
SP-03852,ok,reserve,45392,0,0,0,0
SP-03853,ok,reserve,11092,0,0,0,0
SP-03854,ok,reserve,11023,0,0,0,0
SP-03855,ok,reserve,53236,0,0,0,0
SP-03856,ok,reserve,4340,0,0,0,0
SP-03857,ok,reserve,2308,0,0,0,0
SP-03858,ok,goals+,0,0,17,0,446
SP-03859,ok,debt,0,9567,0,0,0
SP-03860,ok,reserve,2886,0,0,0,0
SP-03861,ok,debt,0,580925449,0,0,0
SP-03862,ok,debt,0,54,0,0,0
SP-03863,ok,reserve,10221,0,0,0,0
SP-03864,deficit,none,0,0,0,0,0
SP-03865,ok,reserve,1977,0,0,0,0
SP-03866,ok,reserve,20118,0,0,0,0
SP-03867,ok,goals+,0,0,41246,0,103108
SP-03868,ok,debt,0,30325,0,0,0
SP-03869,deficit,none,0,0,0,0,36052
SP-03870,deficit,none,0,0,0,0,0
SP-03871,ok,reserve,20048,0,0,0,0
SP-03872,ok,reserve,22058,0,0,0,0
SP-03873,deficit,none,0,0,0,0,0
SP-03874,ok,debt,0,14262,0,0,0
SP-03875,ok,debt,0,8063,0,0,0
SP-03876,deficit,none,0,0,0,0,0
SP-03877,deficit,none,0,0,0,0,0
SP-03878,ok,debt,0,72088,0,0,0
SP-03879,deficit,none,0,0,0,0,0
SP-03880,deficit,none,0,0,0,0,0
SP-03881,ok,debt,0,34850,0,0,0
SP-03882,ok,debt,0,6269,0,0,0
SP-03883,ok,debt,9816,46658,0,0,0
SP-03884,ok,reserve,3524,0,0,0,0
SP-03885,ok,goals+,0,0,0,15312,1256820
SP-03886,deficit,none,0,0,0,0,0
SP-03887,ok,reserve,7112,0,0,0,0
SP-03888,ok,goals+,0,0,12125,0,103552
SP-03889,ok,debt,0,6374,0,0,0
SP-03890,ok,reserve,13490,0,0,0,0
SP-03891,ok,reserve,441,0,0,0,0
SP-03892,ok,reserve,3203,0,0,0,0
SP-03893,ok,debt,0,11847,0,0,28031
SP-03894,deficit,none,0,0,0,0,0
SP-03895,ok,reserve,11645,0,0,0,0
SP-03896,ok,goals+,2176,0,3602,24515,0
SP-03897,ok,debt,0,26560,0,0,0
SP-03898,ok,reserve,23909,0,0,0,0
SP-03899,ok,reserve,14904,0,0,0,0
SP-03900,ok,reserve,209,0,18,40,0
SP-03901,ok,reserve,3850,0,0,0,0
SP-03902,ok,goals+,0,0,212,0,3838
SP-03903,ok,debt,0,261580366,0,0,0
SP-03904,ok,debt,0,10848,0,0,79369
SP-03905,ok,reserve,5597,0,0,0,0
SP-03906,deficit,none,0,0,0,0,0
SP-03907,ok,reserve,48197,0,0,0,0
SP-03908,ok,reserve,4904,0,0,0,0
SP-03909,ok,debt,0,44689,0,0,0
SP-03910,ok,reserve,13159,1106,0,0,0
SP-03911,deficit,none,0,0,0,0,0
SP-03912,deficit,none,0,0,0,0,0
SP-03913,ok,goals+,0,0,11343,0,94312
SP-03914,ok,goals+,0,0,9964,0,297557
SP-03915,deficit,none,0,0,0,0,0
SP-03916,ok,debt,0,139,0,0,0
SP-03917,ok,debt,0,17853,0,0,37378
SP-03918,deficit,none,0,0,0,0,0
SP-03919,ok,reserve,42350,0,0,0,0
SP-03920,ok,reserve,63040,0,0,0,0
SP-03921,ok,reserve,2632,0,0,0,0
SP-03922,ok,reserve,628,0,0,0,0
SP-03923,ok,reserve,32454,0,0,0,0
SP-03924,ok,debt,0,10257,0,0,0
SP-03925,ok,reserve,39455,0,0,0,0
SP-03926,ok,reserve,56842,0,0,0,0
SP-03927,ok,goals+,0,0,0,1501,3326070
SP-03928,ok,reserve,7278,0,0,0,0
SP-03929,ok,reserve,698,0,0,0,0
SP-03930,ok,goals+,0,0,10121,0,151851
SP-03931,ok,debt,0,7738,0,0,69988
SP-03932,ok,reserve,23448,0,0,0,0
SP-03933,ok,reserve,17,0,0,0,0
SP-03934,ok,reserve,5479,0,0,0,0
SP-03935,ok,reserve,14525,0,0,0,0
SP-03936,ok,reserve,11508,0,0,0,0
SP-03937,ok,reserve,6648,0,0,0,0
SP-03938,ok,reserve,3509,0,0,0,0
SP-03939,ok,reserve,6827,0,0,0,0
SP-03940,ok,reserve,56969,0,0,0,0
SP-03941,ok,goals+,0,0,0,21122,87506
SP-03942,ok,reserve,74,0,0,0,0
SP-03943,ok,reserve,4494,0,0,0,0
SP-03944,ok,reserve,13124,0,0,0,0
SP-03945,ok,reserve,1276671868,0,0,0,0
SP-03946,ok,reserve,19006,0,0,0,0
SP-03947,ok,reserve,241,0,0,0,0
SP-03948,deficit,none,0,0,0,0,0
SP-03949,deficit,none,0,0,0,0,0
SP-03950,ok,reserve,4131,0,0,0,0
SP-03951,ok,goals+,0,0,54899,0,195558
SP-03952,ok,reserve,49350,0,0,0,0
SP-03953,deficit,none,0,0,0,0,0
SP-03954,deficit,none,0,0,0,0,0
SP-03955,ok,debt,0,2326,0,0,66568
SP-03956,ok,reserve,17289,0,0,0,0
SP-03957,deficit,none,0,0,0,0,0
SP-03958,ok,reserve,11539,0,0,0,0
SP-03959,ok,debt,0,4580,0,0,0
SP-03960,ok,reserve,25342,0,0,0,0
SP-03961,ok,reserve,4804,0,0,0,0
SP-03962,ok,goals+,0,0,0,15667,483727
SP-03963,ok,reserve,8740,0,0,0,0
SP-03964,ok,debt,0,24369,0,0,0
SP-03965,ok,reserve,22902,0,0,0,0
SP-03966,ok,reserve,22831,0,0,0,0
SP-03967,ok,reserve,6503,0,0,0,0
SP-03968,ok,reserve,18798,0,0,0,0
SP-03969,ok,debt,0,19852,0,0,2059921
SP-03970,ok,reserve,17087,0,0,0,0
SP-03971,ok,reserve,2816,0,0,0,0
SP-03972,ok,reserve,12767,0,0,0,0
SP-03973,ok,debt,5029,5939,0,0,0
SP-03974,ok,debt,0,12728,0,0,0
SP-03975,ok,reserve,2862,0,0,0,0
SP-03976,ok,reserve,22283,0,0,0,0
SP-03977,ok,debt,0,24591,0,0,173165
SP-03978,ok,reserve,5625,0,0,0,0
SP-03979,ok,reserve,5224,0,0,0,0
SP-03980,ok,debt,0,24095,0,0,0
SP-03981,deficit,none,0,0,0,0,0
SP-03982,ok,debt,0,25494,0,0,0
SP-03983,ok,reserve,12,0,0,0,0
SP-03984,deficit,none,0,0,0,0,0
SP-03985,ok,debt,0,15582,0,0,0
SP-03986,deficit,none,0,0,0,0,0
SP-03987,ok,reserve,2684588674,0,0,0,0
SP-03988,ok,reserve,4674,0,0,0,0
SP-03989,ok,debt,0,20419,0,0,0
SP-03990,deficit,none,0,0,0,0,0
SP-03991,ok,reserve,5943,0,0,0,0
SP-03992,ok,reserve,8245,0,0,0,0
SP-03993,ok,debt,0,24759,0,0,0
SP-03994,ok,reserve,4850,0,0,0,0
SP-03995,ok,reserve,5294,0,0,0,0
SP-03996,deficit,none,0,0,0,0,0
SP-03997,ok,reserve,7755,0,0,0,0
SP-03998,ok,debt,0,17911,0,0,0
SP-03999,deficit,none,0,0,0,0,0
SP-04000,ok,debt,0,3680,0,0,0
SP-04001,ok,reserve,20052,0,0,0,0
SP-04002,ok,reserve,19500,0,0,0,0
SP-04003,ok,reserve,21243,0,0,0,0
SP-04004,ok,debt,0,18577,0,0,99328
SP-04005,ok,reserve,21140,1136,0,0,0
SP-04006,ok,reserve,13644,0,0,0,0
SP-04007,ok,reserve,24723,0,0,0,0
SP-04008,ok,reserve,6549,0,0,0,0
SP-04009,deficit,none,0,0,0,0,0
SP-04010,ok,debt,0,3097,0,0,0
SP-04011,ok,debt,0,14667,0,0,2127634
SP-04012,ok,reserve,11884,0,0,0,0
SP-04013,ok,goals+,0,0,0,17785,153446
SP-04014,ok,reserve,27046,0,0,0,0
SP-04015,ok,goals+,0,0,27155,0,182057
SP-04016,ok,reserve,8838,0,0,0,0
SP-04017,ok,reserve,6593,0,0,0,0
SP-04018,ok,reserve,55045,0,0,0,0
SP-04019,deficit,none,0,0,0,0,0
SP-04020,ok,reserve,4685,0,0,0,0
SP-04021,ok,reserve,70352,0,0,0,0
SP-04022,ok,reserve,1822,0,0,0,0
SP-04023,ok,reserve,2667,0,0,0,0
SP-04024,ok,reserve,13089,4331,0,0,0
SP-04025,deficit,none,0,0,0,0,0
SP-04026,ok,goals+,0,0,18,0,194
SP-04027,ok,reserve,21376,0,0,0,0
SP-04028,ok,debt,0,16945,0,0,0
SP-04029,ok,debt,0,137594313,0,0,0
SP-04030,ok,reserve,19517,0,0,0,0
SP-04031,ok,reserve,3822,0,0,0,0
SP-04032,deficit,none,0,0,0,0,0
SP-04033,ok,reserve,27086,0,0,0,0
SP-04034,ok,reserve,11405,0,0,0,0
SP-04035,ok,goals+,0,0,9456,25362,95112
SP-04036,ok,reserve,10771,0,0,0,0
SP-04037,ok,reserve,28043,0,0,0,0
SP-04038,deficit,none,0,0,0,0,0
SP-04039,ok,debt,0,65285,0,0,0
SP-04040,deficit,none,0,0,0,0,0
SP-04041,deficit,none,0,0,0,0,0
SP-04042,ok,reserve,10221,6582,0,0,0
SP-04043,deficit,none,0,0,0,0,0
SP-04044,deficit,none,0,0,0,0,0
SP-04045,deficit,none,0,0,0,0,0
SP-04046,ok,reserve,459,0,0,0,0
SP-04047,ok,reserve,21326,0,0,0,0
SP-04048,ok,reserve,6828,0,0,0,0
SP-04049,ok,reserve,8802,0,0,0,0
SP-04050,deficit,none,0,0,0,0,0
SP-04051,ok,reserve,5944,0,0,0,0
SP-04052,ok,reserve,19189,0,0,0,0
SP-04053,ok,goals+,0,0,44057,2301,1414745
SP-04054,deficit,none,0,0,0,0,0
SP-04055,ok,reserve,36684,0,0,0,0
SP-04056,ok,reserve,13272,0,0,0,0
SP-04057,ok,goals+,0,0,18083,0,9749
SP-04058,ok,reserve,2838,0,0,0,0
SP-04059,ok,debt,0,1990,0,0,0
SP-04060,ok,debt,0,30190,0,0,0
SP-04061,ok,reserve,2058,0,0,0,0
SP-04062,deficit,none,0,0,0,0,0
SP-04063,ok,reserve,11518,0,0,0,0
SP-04064,ok,reserve,56590,0,0,0,0
SP-04065,ok,reserve,18897,0,0,0,0
SP-04066,ok,goals+,0,0,6607,0,206371
SP-04067,ok,debt,0,5068,0,0,0
SP-04068,ok,goals+,0,0,22,0,604
SP-04069,ok,reserve,3001,0,0,0,0
SP-04070,ok,goals+,0,0,0,37390,12444
SP-04071,ok,reserve,1431014299,0,0,0,0
SP-04072,ok,debt,0,18884,0,0,0
SP-04073,ok,debt,0,2832,0,0,0
SP-04074,deficit,none,0,0,0,0,0
SP-04075,ok,goals+,0,0,14385,0,121175
SP-04076,deficit,none,0,0,0,0,0
SP-04077,ok,debt,0,51932,0,0,0
SP-04078,ok,reserve,7501,0,0,0,0
SP-04079,ok,debt,0,21425,0,0,54826
SP-04080,deficit,none,0,0,0,0,0
SP-04081,ok,debt,0,8392,0,0,0
SP-04082,ok,reserve,12102,0,0,0,0
SP-04083,deficit,none,0,0,0,0,0
SP-04084,ok,reserve,19601,0,0,0,0
SP-04085,deficit,none,0,0,0,0,0
SP-04086,ok,goals+,2245,0,11670,8426,0
SP-04087,ok,reserve,20344,0,0,0,0
SP-04088,ok,reserve,11944,0,0,0,0
SP-04089,ok,reserve,9615,0,0,0,0
SP-04090,ok,reserve,4359,0,0,0,0
SP-04091,ok,debt,0,33547,0,0,0
SP-04092,ok,debt,0,15749,0,0,0
SP-04093,ok,reserve,994,0,0,0,0
SP-04094,ok,reserve,7647,0,0,0,0
SP-04095,ok,goals+,0,0,7656,0,596415
SP-04096,ok,debt,0,30142,0,0,0
SP-04097,ok,goals+,10345,0,0,21691,0
SP-04098,ok,debt,0,24921,0,0,0
SP-04099,ok,goals+,0,0,8887,42416,75542
SP-04100,ok,goals+,0,0,6397,0,14148
SP-04101,ok,debt,0,11091,0,0,0
SP-04102,ok,goals+,0,0,8672,28023,91203
SP-04103,ok,reserve,5874,0,0,0,0
SP-04104,ok,reserve,35711,0,0,0,0
SP-04105,ok,reserve,9436,0,0,0,0
SP-04106,ok,reserve,14262,0,0,0,0
SP-04107,ok,debt,0,9591,0,0,0
SP-04108,ok,debt,0,3890,0,0,0
SP-04109,ok,debt,0,13515,0,0,0
SP-04110,ok,reserve,67,0,0,0,0
SP-04111,ok,debt,0,9617,0,0,0
SP-04112,ok,reserve,12077,0,0,0,0
SP-04113,ok,debt,0,249517974,0,0,0
SP-04114,ok,debt,0,18529,0,0,0
SP-04115,ok,debt,0,16466,0,0,0
SP-04116,deficit,none,0,0,0,0,0
SP-04117,ok,reserve,2885,0,0,0,0
SP-04118,ok,goals+,0,0,67959,0,22804
SP-04119,ok,goals+,0,0,118864,0,20625
SP-04120,ok,reserve,6015,0,0,0,0
SP-04121,deficit,none,0,0,0,0,0
SP-04122,deficit,none,0,0,0,0,0
SP-04123,ok,reserve,11267,0,0,0,0
SP-04124,deficit,none,0,0,0,0,0
SP-04125,deficit,none,0,0,0,0,0
SP-04126,ok,debt,0,21127,0,0,0
SP-04127,ok,reserve,33808,7688,0,0,0
SP-04128,ok,reserve,30360,0,0,0,0
SP-04129,deficit,none,0,0,0,0,0
SP-04130,ok,debt,0,26019,0,0,0
SP-04131,ok,reserve,43380,0,0,0,0
SP-04132,ok,reserve,9499,0,0,0,0
SP-04133,ok,reserve,25550,0,0,0,0
SP-04134,ok,reserve,15482,1947,0,0,0
SP-04135,ok,reserve,6421,0,0,0,0
SP-04136,ok,debt,0,26774,0,0,0
SP-04137,ok,goals+,0,0,1122,0,1360109
SP-04138,ok,debt,0,21210,0,0,0
SP-04139,ok,reserve,9080,0,0,0,0
SP-04140,ok,debt,0,960,0,0,100368
SP-04141,ok,reserve,17036,0,0,0,0
SP-04142,ok,reserve,5176,0,0,0,0
SP-04143,ok,reserve,9764,0,0,0,0
SP-04144,ok,reserve,8277,0,0,0,0
SP-04145,deficit,none,0,0,0,0,0
SP-04146,deficit,none,0,0,0,0,0
SP-04147,ok,debt,0,21582,0,0,0
SP-04148,ok,reserve,38180,0,0,0,0
SP-04149,ok,reserve,11892,0,0,0,0
SP-04150,ok,reserve,33337,0,0,0,0
SP-04151,ok,debt,2048,3425,0,0,0
SP-04152,ok,reserve,125,0,0,0,0
SP-04153,ok,debt,0,11276,0,0,0
SP-04154,ok,debt,0,7004,0,0,0
SP-04155,ok,debt,0,501955223,0,0,1527479405
SP-04156,ok,reserve,36516,0,0,0,0
SP-04157,ok,reserve,26360,0,0,0,0
SP-04158,deficit,none,0,0,0,0,0
SP-04159,ok,reserve,4504,0,0,0,0
SP-04160,ok,reserve,3440,0,0,0,0
SP-04161,ok,goals+,0,0,70483,3827,483026
SP-04162,ok,reserve,6358,0,0,0,0
SP-04163,ok,reserve,73481,0,0,0,0
SP-04164,deficit,none,0,0,0,0,0
SP-04165,ok,debt,0,10215,0,0,0
SP-04166,deficit,none,0,0,0,0,0
SP-04167,deficit,none,0,0,0,0,0
SP-04168,ok,reserve,8630,0,0,0,0
SP-04169,ok,debt,1500,51360,0,0,0
SP-04170,deficit,none,0,0,0,0,0
SP-04171,ok,reserve,34398,0,0,0,0
SP-04172,ok,reserve,8532,620,0,0,0
SP-04173,ok,debt,0,12575,0,0,0
SP-04174,ok,reserve,12182,0,0,0,0
SP-04175,ok,goals+,0,0,11564,19147,394968
SP-04176,ok,reserve,82,0,0,0,0
SP-04177,ok,reserve,15897,0,0,0,0
SP-04178,deficit,none,0,0,0,0,0
SP-04179,ok,debt,0,29274,0,0,5175441
SP-04180,ok,reserve,27337,0,0,0,0
SP-04181,ok,reserve,15000,0,0,0,0
SP-04182,ok,reserve,3584,0,0,0,0
SP-04183,ok,reserve,6438,0,0,0,0
SP-04184,ok,reserve,3449,0,0,0,0
SP-04185,ok,reserve,5183,0,0,0,0
SP-04186,deficit,none,0,0,0,0,0
SP-04187,ok,debt,9838,11733,0,0,0
SP-04188,ok,reserve,21469,0,0,0,0
SP-04189,deficit,none,0,0,0,0,0
SP-04190,ok,reserve,45528,0,0,0,0
SP-04191,ok,reserve,12136,0,0,0,0
SP-04192,ok,reserve,49134,0,0,0,0
SP-04193,deficit,none,0,0,0,0,0
SP-04194,ok,reserve,39,0,0,0,0
SP-04195,ok,reserve,28018,0,0,0,0
SP-04196,ok,reserve,34566,0,0,0,0
SP-04197,deficit,none,0,0,0,0,0
SP-04198,ok,reserve,6071,0,0,0,0
SP-04199,ok,reserve,6889,0,0,0,0
SP-04200,deficit,none,0,0,0,0,0
SP-04201,ok,reserve,23217,0,0,0,0
SP-04202,ok,reserve,70314,0,0,0,0
SP-04203,ok,reserve,28593,0,0,0,0
SP-04204,ok,reserve,19457,0,0,0,0
SP-04205,ok,reserve,24426,0,0,0,0
SP-04206,deficit,none,0,0,0,0,0
SP-04207,ok,reserve,8258,0,0,0,0
SP-04208,ok,reserve,20317,0,0,0,0
SP-04209,deficit,none,0,0,0,0,0
SP-04210,ok,debt,0,4531,0,0,0
SP-04211,ok,reserve,74101,0,0,0,0
SP-04212,ok,reserve,22957,0,0,0,0
SP-04213,ok,debt,0,114136,0,0,0
SP-04214,deficit,none,0,0,0,0,0
SP-04215,ok,goals+,0,0,0,45801,32754
SP-04216,deficit,none,0,0,0,0,0
SP-04217,ok,reserve,11452,0,0,0,0
SP-04218,deficit,none,0,0,0,0,0
SP-04219,ok,reserve,18230,0,0,0,0
SP-04220,ok,reserve,7476,0,0,0,0
SP-04221,deficit,none,0,0,0,0,610330
SP-04222,ok,reserve,5488,0,0,0,0
SP-04223,ok,reserve,9030,0,0,0,0
SP-04224,ok,debt,0,27429,0,0,0
SP-04225,deficit,none,0,0,0,0,0
SP-04226,ok,reserve,5089,0,0,0,0
SP-04227,ok,debt,0,11001,0,0,0
SP-04228,ok,reserve,30282,0,0,0,0
SP-04229,ok,reserve,9848,0,0,0,0
SP-04230,deficit,none,0,0,0,0,0
SP-04231,ok,debt,0,7733,0,0,0
SP-04232,ok,reserve,23791,0,0,0,0
SP-04233,ok,reserve,14508,0,0,0,0
SP-04234,ok,reserve,27328,0,0,0,0
SP-04235,ok,reserve,4151,0,0,0,0
SP-04236,ok,reserve,17,0,0,0,0
SP-04237,ok,debt,0,31776,0,0,0
SP-04238,deficit,none,0,0,0,0,0
SP-04239,deficit,none,0,0,0,0,0
SP-04240,ok,reserve,28193,0,0,0,0
SP-04241,ok,debt,0,8370,0,0,0
SP-04242,deficit,none,0,0,0,0,0
SP-04243,ok,reserve,58193,0,0,0,0
SP-04244,deficit,none,0,0,0,0,0
SP-04245,ok,debt,0,40861,0,0,0
SP-04246,ok,reserve,8609,0,0,0,0
SP-04247,ok,debt,0,14434,0,0,0
SP-04248,deficit,none,0,0,0,0,0
SP-04249,ok,reserve,30951,0,0,0,0
SP-04250,ok,goals+,0,0,1862,0,92785
SP-04251,deficit,none,0,0,0,0,0
SP-04252,ok,reserve,13546,0,0,0,0
SP-04253,ok,debt,0,13188,0,0,0
SP-04254,ok,reserve,24734,0,0,0,0
SP-04255,ok,reserve,2691,0,0,0,0
SP-04256,ok,reserve,3026,0,0,0,0
SP-04257,ok,debt,0,4739,0,0,0
SP-04258,ok,reserve,10975,0,0,0,0
SP-04259,ok,reserve,8153,0,0,0,0
SP-04260,deficit,none,0,0,0,0,0
SP-04261,ok,reserve,35378,0,0,0,0
SP-04262,ok,reserve,48854,0,0,0,0
SP-04263,ok,goals+,0,0,29860,0,1405837
SP-04264,ok,reserve,5882,0,0,0,0
SP-04265,ok,reserve,17467,0,0,0,0
SP-04266,ok,reserve,29363,0,0,0,0
SP-04267,ok,reserve,4351,0,0,0,0
SP-04268,ok,debt,6928,9474,0,0,0
SP-04269,ok,reserve,7317,0,0,0,0
SP-04270,ok,reserve,4461,0,0,0,0
SP-04271,ok,debt,7557,12906,0,0,0
SP-04272,deficit,none,0,0,0,0,0
SP-04273,ok,reserve,4718,0,0,0,0
SP-04274,ok,debt,0,57186,0,0,0
SP-04275,deficit,none,0,0,0,0,0
SP-04276,ok,reserve,29011,0,0,0,0
SP-04277,ok,reserve,8503,0,0,0,0
SP-04278,ok,reserve,124,0,0,0,0
SP-04279,ok,reserve,11839,0,0,0,0
SP-04280,ok,reserve,42899,0,0,0,0
SP-04281,ok,reserve,459547306,0,0,0,0
SP-04282,ok,debt,0,14518,0,0,0
SP-04283,ok,reserve,38737,0,0,0,0
SP-04284,deficit,none,0,0,0,0,0
SP-04285,ok,debt,0,10982,0,0,0
SP-04286,ok,goals+,12397,0,16952,0,0
SP-04287,ok,reserve,10228,0,0,0,0
SP-04288,ok,debt,740,1624,0,0,0
SP-04289,ok,debt,0,46852,0,0,0
SP-04290,deficit,none,0,0,0,0,0
SP-04291,ok,reserve,5019,0,0,0,0
SP-04292,ok,reserve,16054,0,0,0,0
SP-04293,deficit,none,0,0,0,0,0
SP-04294,ok,reserve,12340,0,0,0,0
SP-04295,deficit,none,0,0,0,0,0
SP-04296,ok,reserve,18329,0,0,0,0
SP-04297,ok,goals+,0,0,0,14084,28786
SP-04298,ok,debt,0,4008,0,0,0
SP-04299,ok,reserve,18337,0,0,0,0
SP-04300,ok,debt,0,32018,0,0,137934
SP-04301,deficit,none,0,0,0,0,0
SP-04302,ok,reserve,21599,0,0,0,0
SP-04303,deficit,none,0,0,0,0,0
SP-04304,ok,reserve,31627,0,0,0,0
SP-04305,ok,debt,0,13067,0,0,1580946
SP-04306,ok,reserve,5810,0,0,0,0
SP-04307,ok,reserve,4010,0,0,0,0
SP-04308,ok,reserve,35641,0,0,0,0
SP-04309,ok,reserve,51500,0,0,0,0
SP-04310,deficit,none,0,0,0,0,0
SP-04311,ok,debt,0,40705,0,0,0
SP-04312,deficit,none,0,0,0,0,0
SP-04313,ok,reserve,40097,0,0,0,0
SP-04314,deficit,none,0,0,0,0,0
SP-04315,ok,debt,0,4494,0,0,0
SP-04316,ok,reserve,49336,0,0,0,0
SP-04317,ok,debt,2007,11312,0,0,0
SP-04318,ok,reserve,25641,0,0,0,0
SP-04319,ok,debt,0,12662,0,0,0
SP-04320,ok,reserve,29,0,0,0,0
SP-04321,ok,debt,0,62014,0,0,0
SP-04322,ok,reserve,7811,0,0,0,0
SP-04323,deficit,none,0,0,0,0,0
SP-04324,ok,reserve,36288,0,0,0,0
SP-04325,ok,reserve,25126,0,0,0,0
SP-04326,deficit,none,0,0,0,0,0
SP-04327,ok,debt,1446,16498,0,0,0
SP-04328,ok,debt,0,6538,0,0,8778
SP-04329,ok,debt,0,74163,0,0,3069
SP-04330,ok,reserve,16443,0,0,0,0
SP-04331,ok,reserve,5919,0,0,0,0
SP-04332,deficit,none,0,0,0,0,0
SP-04333,ok,reserve,2194,0,0,0,0
SP-04334,ok,reserve,28687,0,0,0,0
SP-04335,deficit,none,0,0,0,0,0
SP-04336,ok,reserve,19211,0,0,0,0
SP-04337,ok,reserve,11025,0,0,0,0
SP-04338,deficit,none,0,0,0,0,0
SP-04339,ok,debt,0,14705,0,0,0
SP-04340,ok,reserve,5980,0,0,0,0
SP-04341,ok,reserve,3219,0,0,0,0
SP-04342,ok,reserve,29117,0,0,0,0
SP-04343,ok,debt,0,14663,0,0,0
SP-04344,ok,reserve,26530,0,0,0,0
SP-04345,ok,reserve,20332,15547,0,0,0
SP-04346,ok,goals+,0,0,27474,42536,6666
SP-04347,ok,goals+,0,0,0,78158,1930087
SP-04348,ok,reserve,16070,0,0,0,0
SP-04349,ok,goals+,0,0,26342,0,5980
SP-04350,ok,reserve,12683,0,0,0,0
SP-04351,ok,debt,0,4946,0,0,0
SP-04352,deficit,none,0,0,0,0,0
SP-04353,ok,reserve,11609,0,0,0,0
SP-04354,ok,debt,0,4824,0,0,0
SP-04355,ok,debt,0,13706,0,0,0
SP-04356,deficit,none,0,0,0,0,0
SP-04357,ok,debt,0,26369,0,0,329871
SP-04358,ok,debt,0,10510,0,0,0
SP-04359,ok,reserve,33453,0,0,0,0
SP-04360,ok,reserve,3746,0,0,0,0
SP-04361,ok,reserve,15864,0,0,0,0
SP-04362,ok,reserve,12,0,0,0,0
SP-04363,ok,debt,2520,14313,0,0,0
SP-04364,ok,reserve,14714,0,0,0,0
SP-04365,ok,debt,0,45315559,0,0,0
SP-04366,ok,reserve,8812,2525,0,0,0
SP-04367,ok,reserve,17034,0,0,0,0
SP-04368,deficit,none,0,0,0,0,0
SP-04369,ok,reserve,11580,0,0,0,0
SP-04370,ok,reserve,24231,0,0,0,0
SP-04371,ok,goals+,0,0,0,148246,323359
SP-04372,ok,reserve,2433,0,0,0,0
SP-04373,deficit,none,0,0,0,0,0
SP-04374,deficit,none,0,0,0,0,0
SP-04375,ok,goals+,0,0,22912,0,97173
SP-04376,ok,goals+,0,0,21197,6091,177244
SP-04377,deficit,none,0,0,0,0,0
SP-04378,ok,reserve,5758,0,0,0,0
SP-04379,ok,reserve,45618,0,0,0,0
SP-04380,deficit,none,0,0,0,0,0
SP-04381,ok,reserve,22171,0,0,0,0
SP-04382,ok,debt,0,2940,0,0,0
SP-04383,ok,reserve,20897,0,0,0,0
SP-04384,deficit,none,0,0,0,0,0
SP-04385,ok,reserve,22650,0,0,0,0
SP-04386,deficit,none,0,0,0,0,0
SP-04387,ok,debt,0,35779,0,0,0
SP-04388,ok,reserve,271,0,0,0,0
SP-04389,ok,debt,0,15744,0,0,323148
SP-04390,deficit,none,0,0,0,0,0
SP-04391,ok,reserve,9710,0,0,0,0
SP-04392,ok,reserve,9096,0,0,0,0
SP-04393,ok,reserve,1332,0,0,0,0
SP-04394,ok,reserve,21792,0,0,0,0
SP-04395,ok,reserve,5542,0,0,0,0
SP-04396,ok,reserve,3920,0,0,0,0
SP-04397,ok,reserve,2185,0,0,0,0
SP-04398,ok,reserve,27682,0,20198,0,0
SP-04399,ok,reserve,20998,12098,0,0,0
SP-04400,deficit,none,0,0,0,0,57292
SP-04401,ok,reserve,33109,0,0,0,0
SP-04402,ok,reserve,36458,0,0,0,0
SP-04403,ok,reserve,13728,0,0,0,0
SP-04404,ok,reserve,166,0,0,0,0
SP-04405,ok,reserve,44479,0,0,0,0
SP-04406,deficit,none,0,0,0,0,0
SP-04407,ok,goals+,0,0,319401166,0,2194214641
SP-04408,ok,reserve,18130,0,0,0,0
SP-04409,ok,reserve,8526,0,0,0,0
SP-04410,deficit,none,0,0,0,0,0
SP-04411,ok,reserve,35424,0,0,0,0
SP-04412,ok,goals+,0,0,0,30590,751857
SP-04413,ok,reserve,29082,0,0,0,0
SP-04414,ok,debt,0,24824,0,0,0
SP-04415,ok,reserve,18361,0,0,0,0
SP-04416,deficit,none,0,0,0,0,0
SP-04417,ok,reserve,51017,0,0,0,0
SP-04418,ok,reserve,13361,0,0,0,0
SP-04419,ok,reserve,16085,0,0,0,0
SP-04420,ok,goals+,0,0,0,4018,347553
SP-04421,ok,reserve,3956,0,0,0,0
SP-04422,deficit,none,0,0,0,0,0
SP-04423,ok,reserve,25453,0,0,0,0
SP-04424,ok,reserve,8471,0,0,0,0
SP-04425,ok,reserve,10025,0,0,0,0
SP-04426,deficit,none,0,0,0,0,0
SP-04427,ok,reserve,12436,0,0,0,0
SP-04428,ok,reserve,21465,0,0,0,0
SP-04429,deficit,none,0,0,0,0,0
SP-04430,ok,debt,0,4064,0,0,0
SP-04431,ok,goals+,0,0,3032,0,747680
SP-04432,ok,reserve,26103,5898,0,0,0
SP-04433,ok,reserve,12483,0,0,0,0
SP-04434,ok,debt,4949,11776,0,0,0
SP-04435,ok,debt,0,8905,0,0,0
SP-04436,ok,goals+,0,0,31167,0,417186
SP-04437,ok,reserve,23753,0,0,0,0
SP-04438,deficit,none,0,0,0,0,0
SP-04439,ok,reserve,15114,0,0,0,0
SP-04440,deficit,none,0,0,0,0,0
SP-04441,ok,debt,0,43105,0,0,0
SP-04442,ok,debt,0,22297,0,0,0
SP-04443,ok,reserve,13252,0,0,0,0
SP-04444,ok,debt,0,4177,0,0,0
SP-04445,ok,debt,0,1153,0,0,0
SP-04446,ok,goals+,0,0,10,0,176
SP-04447,ok,reserve,17333,0,0,0,0
SP-04448,ok,reserve,25885,0,0,0,0
SP-04449,deficit,none,0,0,0,0,386537901
SP-04450,ok,debt,0,33291,0,0,0
SP-04451,ok,goals+,0,0,6924,0,184298
SP-04452,deficit,none,0,0,0,0,0
SP-04453,ok,reserve,5306,0,0,0,0
SP-04454,ok,reserve,4645,0,0,0,0
SP-04455,ok,goals+,0,0,80730,0,914329
SP-04456,ok,goals+,0,0,2446,39817,144491
SP-04457,ok,reserve,23316,0,0,0,0
SP-04458,deficit,none,0,0,0,0,0
SP-04459,ok,reserve,8286,0,0,0,0
SP-04460,ok,reserve,2531,0,0,0,0
SP-04461,ok,debt,0,16757,0,0,0
SP-04462,ok,debt,0,37441,0,0,0
SP-04463,ok,reserve,41775,0,0,0,0
SP-04464,ok,reserve,30327,0,0,0,0
SP-04465,ok,reserve,4416,0,0,0,0
SP-04466,ok,reserve,1393,0,0,0,0
SP-04467,ok,debt,0,10266,0,0,0
SP-04468,deficit,none,0,0,0,0,0
SP-04469,ok,reserve,13488,0,0,0,0
SP-04470,ok,reserve,15564,0,0,0,0
SP-04471,ok,debt,0,7344,0,0,0
SP-04472,ok,reserve,21035,0,0,0,0
SP-04473,ok,goals+,0,0,18570,0,1025530
SP-04474,ok,reserve,17935,0,0,0,0
SP-04475,ok,goals+,0,0,46463,0,223393
SP-04476,ok,debt,0,21172,0,0,0
SP-04477,deficit,none,0,0,0,0,0
SP-04478,ok,goals+,0,0,17515,13005,109437
SP-04479,ok,reserve,652,0,0,0,0
SP-04480,ok,reserve,97771,0,0,0,0
SP-04481,ok,goals+,0,0,0,24928,40738
SP-04482,ok,reserve,10750,0,0,0,0
SP-04483,deficit,none,0,0,0,0,0
SP-04484,ok,reserve,1244,0,0,0,0
SP-04485,ok,reserve,16585,0,0,0,0
SP-04486,ok,reserve,11936,0,0,0,0
SP-04487,ok,reserve,89771,0,0,0,0
SP-04488,ok,reserve,53,0,0,0,0
SP-04489,ok,reserve,12125,0,0,0,0
SP-04490,ok,reserve,1761,0,0,0,0
SP-04491,ok,reserve,6705323,0,0,0,0
SP-04492,deficit,none,0,0,0,0,76438
SP-04493,ok,reserve,28226,0,0,0,0
SP-04494,deficit,none,0,0,0,0,0
SP-04495,ok,reserve,34738,8874,0,0,0
SP-04496,ok,reserve,30814,0,0,0,0
SP-04497,ok,reserve,39416,0,6315,18231,0
SP-04498,ok,reserve,24562,0,0,0,0
SP-04499,ok,debt,0,25853,0,0,0
SP-04500,deficit,none,0,0,0,0,0
SP-04501,ok,reserve,19913,0,0,0,0
SP-04502,ok,debt,2617,4037,0,0,0
SP-04503,ok,debt,0,21594,0,0,0
SP-04504,ok,goals+,0,0,20149,0,259959
SP-04505,ok,reserve,12250,0,0,0,0
SP-04506,deficit,none,0,0,0,0,0
SP-04507,deficit,none,0,0,0,0,0
SP-04508,ok,reserve,32853,0,0,0,0
SP-04509,ok,reserve,30005,0,0,0,0
SP-04510,ok,goals+,0,0,24316,0,16566
SP-04511,ok,reserve,12638,0,0,0,0
SP-04512,ok,reserve,9321,0,0,0,0
SP-04513,ok,reserve,15735,0,0,0,0
SP-04514,ok,reserve,39140,0,0,0,0
SP-04515,ok,goals+,0,0,7368,0,4548332
SP-04516,ok,debt,14857,18228,0,0,0
SP-04517,ok,reserve,3358,0,0,0,0
SP-04518,ok,reserve,3103,0,0,0,0
SP-04519,ok,goals+,0,0,0,1916,95343
SP-04520,deficit,none,0,0,0,0,0
SP-04521,ok,reserve,7930,0,0,0,0
SP-04522,ok,reserve,44501,0,0,0,0
SP-04523,ok,reserve,52949,0,0,0,0
SP-04524,deficit,none,0,0,0,0,0
SP-04525,deficit,none,0,0,0,0,0
SP-04526,ok,debt,0,32832,0,0,60914
SP-04527,ok,reserve,6107,0,0,0,0
SP-04528,ok,reserve,9157,0,0,0,0
SP-04529,ok,reserve,21521,0,0,0,0
SP-04530,ok,reserve,112,0,0,0,0
SP-04531,ok,debt,0,24888,0,0,143764
SP-04532,ok,reserve,18083,0,0,0,0
SP-04533,ok,reserve,791652546,0,0,0,0
SP-04534,ok,reserve,6037,0,0,0,0
SP-04535,deficit,none,0,0,0,0,0
SP-04536,deficit,none,0,0,0,0,0
SP-04537,ok,debt,0,3767,0,0,0
SP-04538,ok,reserve,14433,322,0,0,0
SP-04539,ok,reserve,8225,0,0,0,0
SP-04540,ok,goals+,0,0,0,13595,7997
SP-04541,ok,reserve,87511,0,0,0,0
SP-04542,deficit,none,0,0,0,0,0
SP-04543,ok,reserve,10510,0,0,0,0
SP-04544,ok,reserve,23032,0,0,0,0
SP-04545,ok,reserve,9767,0,0,0,0
SP-04546,ok,reserve,17284,0,0,0,0
SP-04547,ok,reserve,18891,0,0,0,0
SP-04548,ok,reserve,24791,0,12399,0,0
SP-04549,ok,reserve,3503,0,0,0,0
SP-04550,ok,reserve,24190,0,0,0,0
SP-04551,ok,goals+,0,0,0,25350,40483
SP-04552,ok,reserve,1872,0,0,0,0
SP-04553,deficit,none,0,0,0,0,0
SP-04554,deficit,none,0,0,0,0,0
SP-04555,deficit,none,0,0,0,0,0
SP-04556,ok,reserve,28975,0,0,0,0
SP-04557,ok,debt,0,11683,0,0,3622000
SP-04558,ok,debt,0,11356,0,0,42220
SP-04559,ok,reserve,40835,0,0,0,0
SP-04560,ok,debt,0,8293,0,0,0
SP-04561,ok,reserve,18124,0,0,0,0
SP-04562,ok,reserve,24295,0,0,0,0
SP-04563,ok,debt,0,1736,0,0,51186
SP-04564,deficit,none,0,0,0,0,0
SP-04565,ok,reserve,22617,0,0,0,0
SP-04566,ok,reserve,30283,0,10842,0,0
SP-04567,ok,reserve,33288,0,0,0,0
SP-04568,deficit,none,0,0,0,0,0
SP-04569,ok,reserve,5253,0,0,0,0
SP-04570,ok,debt,0,1813,0,0,0
SP-04571,ok,goals+,0,0,60314,0,137596
SP-04572,ok,goals+,0,0,42,0,29
SP-04573,ok,goals+,20686,0,16223,10894,0
SP-04574,ok,reserve,7684,0,0,0,0
SP-04575,ok,debt,0,19249981,0,0,0
SP-04576,ok,goals+,0,0,12152,716,19101
SP-04577,ok,reserve,4301,0,0,0,0
SP-04578,deficit,none,0,0,0,0,0
SP-04579,ok,reserve,10637,0,0,0,0
SP-04580,ok,reserve,5699,0,0,0,0
SP-04581,ok,debt,0,5230,0,0,0
SP-04582,ok,goals+,0,0,34897,56731,170583
SP-04583,ok,goals+,0,0,21642,3431,44294
SP-04584,deficit,none,0,0,0,0,0
SP-04585,ok,reserve,15604,0,0,0,0
SP-04586,ok,reserve,26106,0,0,0,0
SP-04587,deficit,none,0,0,0,0,0
SP-04588,ok,reserve,28466,0,0,0,0
SP-04589,ok,reserve,39697,0,0,0,0
SP-04590,ok,reserve,25051,0,0,0,0
SP-04591,ok,goals+,0,0,0,11361,216287
SP-04592,ok,reserve,1702,0,0,0,0
SP-04593,ok,reserve,10850,0,0,0,0
SP-04594,ok,goals+,0,0,65507,882,35336
SP-04595,ok,reserve,5078,0,0,0,0
SP-04596,ok,debt,0,590,0,0,0
SP-04597,ok,reserve,22238,0,0,0,0
SP-04598,ok,reserve,27089,0,0,0,0
SP-04599,ok,debt,0,6575,0,0,242817
SP-04600,ok,reserve,67667,0,0,0,0
SP-04601,ok,reserve,30776,0,4799,0,0
SP-04602,ok,reserve,15881,14024,0,0,0
SP-04603,ok,reserve,10728,0,0,0,0
SP-04604,ok,reserve,2556,0,0,0,0
SP-04605,ok,reserve,6622,0,0,0,0
SP-04606,ok,reserve,6727,0,0,0,0
SP-04607,ok,debt,0,8124,0,0,0
SP-04608,deficit,none,0,0,0,0,0
SP-04609,ok,reserve,35661,0,0,0,0
SP-04610,ok,reserve,24932,0,0,0,0
SP-04611,ok,reserve,28127,0,0,0,0
SP-04612,ok,reserve,3213,0,0,0,0
SP-04613,ok,reserve,6979,0,0,0,0
SP-04614,ok,goals+,0,0,44,194,128
SP-04615,deficit,none,0,0,0,0,0
SP-04616,ok,reserve,10098,0,0,0,0
SP-04617,ok,goals+,0,0,432579998,0,451570015
SP-04618,ok,reserve,11584,0,0,0,0
SP-04619,deficit,none,0,0,0,0,0
SP-04620,deficit,none,0,0,0,0,0
SP-04621,ok,reserve,15076,0,0,0,0
SP-04622,deficit,none,0,0,0,0,0
SP-04623,ok,goals+,0,0,42532,0,34501
SP-04624,ok,reserve,20980,0,0,0,0
SP-04625,deficit,none,0,0,0,0,0
SP-04626,deficit,none,0,0,0,0,0
SP-04627,ok,debt,0,10216,0,0,0
SP-04628,deficit,none,0,0,0,0,0
SP-04629,deficit,none,0,0,0,0,0
SP-04630,deficit,none,0,0,0,0,0
SP-04631,ok,reserve,61700,0,0,0,0
SP-04632,deficit,none,0,0,0,0,0
SP-04633,ok,reserve,25727,0,0,0,0
SP-04634,ok,reserve,3164,0,0,0,0
SP-04635,ok,goals+,0,0,0,10433,46009
SP-04636,ok,debt,0,1804,0,0,13483
SP-04637,ok,reserve,6181,0,0,0,0
SP-04638,ok,debt,391,16514,0,0,0
SP-04639,ok,reserve,26690,0,0,0,0
SP-04640,deficit,none,0,0,0,0,0
SP-04641,ok,goals+,0,0,8291,0,660890
SP-04642,ok,reserve,14011,0,0,0,0
SP-04643,ok,reserve,60623,0,0,0,0
SP-04644,ok,reserve,27268,0,0,0,0
SP-04645,ok,debt,0,37096,0,0,0
SP-04646,ok,debt,0,20154,0,0,0
SP-04647,ok,reserve,3345,0,0,0,0
SP-04648,deficit,none,0,0,0,0,0
SP-04649,ok,reserve,94553,0,0,0,0
SP-04650,deficit,none,0,0,0,0,0
SP-04651,ok,debt,0,2639,0,0,0
SP-04652,ok,reserve,18400,0,0,0,0
SP-04653,ok,debt,0,10188,0,0,11447
SP-04654,ok,reserve,49264,0,0,0,0
SP-04655,ok,debt,0,35105,0,0,298473
SP-04656,ok,reserve,7,0,0,0,0
SP-04657,ok,debt,0,11007,0,0,23500
SP-04658,ok,goals+,0,0,9487,0,225478
SP-04659,ok,debt,0,23116862,0,0,0
SP-04660,ok,reserve,20620,0,0,0,0
SP-04661,ok,reserve,14132,0,0,0,0
SP-04662,deficit,none,0,0,0,0,0
SP-04663,deficit,none,0,0,0,0,0
SP-04664,ok,debt,0,20589,0,0,0
SP-04665,ok,goals+,0,0,14862,32824,3153
SP-04666,ok,debt,8551,13473,0,0,0
SP-04667,deficit,none,0,0,0,0,0
SP-04668,deficit,none,0,0,0,0,0
SP-04669,ok,reserve,36609,0,0,0,0
SP-04670,ok,goals+,0,0,252,0,384694
SP-04671,deficit,none,0,0,0,0,0
SP-04672,ok,debt,0,294,0,0,0
SP-04673,ok,reserve,61647,0,0,0,0
SP-04674,deficit,none,0,0,0,0,0
SP-04675,ok,debt,0,29513,0,0,0
SP-04676,ok,reserve,5465,0,0,0,0
SP-04677,ok,reserve,27282,0,0,0,0
SP-04678,ok,reserve,25761,0,0,0,0
SP-04679,ok,reserve,16992,0,0,0,0
SP-04680,deficit,none,0,0,0,0,0
SP-04681,ok,reserve,12644,0,0,0,0
SP-04682,ok,reserve,67479,0,0,0,0
SP-04683,ok,goals+,0,0,9986,15905,583208
SP-04684,ok,goals+,0,0,44659,0,11418
SP-04685,ok,debt,0,18909,0,0,0
SP-04686,ok,debt,0,48152,0,0,0
SP-04687,ok,reserve,4629,0,0,0,0
SP-04688,deficit,none,0,0,0,0,0
SP-04689,ok,reserve,10060,0,0,0,0
SP-04690,ok,debt,0,11799,0,0,0
SP-04691,ok,debt,0,8040,0,0,0
SP-04692,deficit,none,0,0,0,0,0
SP-04693,ok,debt,0,20385,0,0,0
SP-04694,ok,reserve,12045,0,0,0,0
SP-04695,ok,reserve,11747,0,0,0,0
SP-04696,ok,reserve,6544,0,0,0,0
SP-04697,ok,reserve,13926,2333,0,0,0
SP-04698,ok,reserve,8,0,0,0,0
SP-04699,ok,debt,0,41710,0,0,0
SP-04700,ok,debt,0,16184,0,0,0
SP-04701,ok,reserve,143785138,0,0,0,0
SP-04702,deficit,none,0,0,0,0,0
SP-04703,ok,reserve,19647,0,0,0,0
SP-04704,deficit,none,0,0,0,0,0
SP-04705,ok,reserve,11936,0,0,0,0
SP-04706,ok,reserve,7839,0,0,0,0
SP-04707,ok,goals+,0,0,37053,125612,76584
SP-04708,deficit,none,0,0,0,0,0
SP-04709,ok,goals+,0,0,0,17392,46201
SP-04710,deficit,none,0,0,0,0,0
SP-04711,ok,goals+,0,0,455,0,29125
SP-04712,ok,reserve,30392,0,0,0,0
SP-04713,deficit,none,0,0,0,0,0
SP-04714,ok,reserve,32344,0,0,0,0
SP-04715,ok,debt,0,49319,0,0,0
SP-04716,deficit,none,0,0,0,0,0
SP-04717,deficit,none,0,0,0,0,0
SP-04718,ok,reserve,7646,0,0,0,0
SP-04719,ok,reserve,26245,0,0,0,0
SP-04720,ok,debt,0,6051,0,0,0
SP-04721,ok,debt,0,32401,0,0,0
SP-04722,ok,debt,0,1852,0,0,0
SP-04723,ok,reserve,9793,0,0,0,0
SP-04724,ok,reserve,18098,0,0,0,0
SP-04725,ok,goals+,0,0,11593,0,1940943
SP-04726,ok,debt,0,12115,0,0,0
SP-04727,ok,reserve,38136,0,0,0,0
SP-04728,deficit,none,0,0,0,0,0
SP-04729,deficit,none,0,0,0,0,0
SP-04730,ok,reserve,54165,0,0,0,0
SP-04731,ok,debt,0,776,0,0,45836
SP-04732,deficit,none,0,0,0,0,0
SP-04733,ok,debt,0,12338,0,0,0
SP-04734,deficit,none,0,0,0,0,0
SP-04735,deficit,none,0,0,0,0,0
SP-04736,ok,reserve,2077,0,0,0,0
SP-04737,ok,reserve,3539,0,0,0,0
SP-04738,ok,reserve,20117,0,0,0,0
SP-04739,ok,debt,0,8336,0,0,0
SP-04740,ok,goals+,0,0,11,0,346
SP-04741,ok,reserve,12419,4674,0,0,0
SP-04742,ok,reserve,3391,0,0,0,0
SP-04743,ok,debt,0,16370920,0,0,0
SP-04744,ok,debt,0,48576,0,0,0
SP-04745,deficit,none,0,0,0,0,0
SP-04746,deficit,none,0,0,0,0,0
SP-04747,ok,reserve,4407,0,0,0,0
SP-04748,ok,reserve,12745,0,0,0,0
SP-04749,ok,goals+,0,0,78988,833,11740
SP-04750,ok,debt,0,467,0,0,135379
SP-04751,deficit,none,0,0,0,0,0
SP-04752,deficit,none,0,0,0,0,0
SP-04753,ok,reserve,11603,0,0,0,0
SP-04754,deficit,none,0,0,0,0,0
SP-04755,deficit,none,0,0,0,0,0
SP-04756,ok,debt,0,13196,0,0,0
SP-04757,ok,debt,0,7062,0,0,0
SP-04758,deficit,none,0,0,0,0,0
SP-04759,ok,reserve,16732,0,0,0,0
SP-04760,ok,reserve,8781,0,0,0,0
SP-04761,deficit,none,0,0,0,0,0
SP-04762,ok,reserve,2263,0,0,0,0
SP-04763,ok,reserve,7212,0,0,0,0
SP-04764,ok,reserve,8675,8583,0,0,0
SP-04765,ok,reserve,53646,0,0,0,0
SP-04766,deficit,none,0,0,0,0,446451
SP-04767,ok,goals+,0,0,44331,0,2459322
SP-04768,ok,reserve,4704,0,0,0,0
SP-04769,ok,reserve,39533,0,0,0,0
SP-04770,ok,reserve,16964,0,0,0,0
SP-04771,ok,reserve,23846,0,0,0,0
SP-04772,ok,reserve,9763,0,0,0,0
SP-04773,ok,reserve,3472,0,0,0,0
SP-04774,ok,reserve,2947,0,0,0,0
SP-04775,ok,reserve,6865,0,0,0,0
SP-04776,ok,reserve,12389,0,0,0,0
SP-04777,ok,debt,0,1014,0,0,0
SP-04778,ok,debt,0,15106,0,0,0
SP-04779,ok,debt,0,18294,0,0,0
SP-04780,ok,reserve,26018,0,0,0,0
SP-04781,deficit,none,0,0,0,0,0
SP-04782,ok,goals+,0,0,25,44,3
SP-04783,ok,debt,0,2745,0,0,0
SP-04784,ok,debt,539,10209,0,0,0
SP-04785,ok,reserve,461241548,0,0,0,0
SP-04786,ok,reserve,60817,0,0,0,0
SP-04787,ok,reserve,13242,0,0,0,0
SP-04788,deficit,none,0,0,0,0,0
SP-04789,ok,reserve,5561,0,0,0,0
SP-04790,deficit,none,0,0,0,0,0
SP-04791,ok,debt,0,88043,0,0,81637
SP-04792,ok,reserve,3816,0,0,0,0
SP-04793,ok,reserve,4842,0,0,0,0
SP-04794,deficit,none,0,0,0,0,0
SP-04795,ok,reserve,11310,0,0,0,0
SP-04796,ok,reserve,4976,0,0,0,0
SP-04797,deficit,none,0,0,0,0,0
SP-04798,ok,reserve,1844,0,0,0,0
SP-04799,ok,reserve,12248,10081,0,0,0
SP-04800,ok,reserve,3575,0,0,0,0
SP-04801,ok,debt,0,7274,0,0,0
SP-04802,ok,debt,0,2544,0,0,0
SP-04803,ok,reserve,14874,2684,0,0,0
SP-04804,deficit,none,0,0,0,0,0
SP-04805,ok,reserve,22775,0,0,0,0
SP-04806,deficit,none,0,0,0,0,0
SP-04807,ok,goals+,1084,0,9783,0,0
SP-04808,ok,reserve,66820,0,0,0,0
SP-04809,ok,debt,0,9939,0,0,314235
SP-04810,ok,reserve,16051,0,0,0,0
SP-04811,ok,debt,0,26337,0,0,0
SP-04812,ok,debt,0,21962,0,0,0
SP-04813,ok,debt,0,9212,0,0,0
SP-04814,ok,reserve,18323,0,0,0,0
SP-04815,ok,debt,0,326,0,0,0
SP-04816,ok,reserve,5526,0,0,0,0
SP-04817,ok,reserve,47,0,0,0,0
SP-04818,ok,reserve,48203,0,0,0,0
SP-04819,ok,reserve,44803,7641,0,0,0
SP-04820,deficit,none,0,0,0,0,0
SP-04821,deficit,none,0,0,0,0,0
SP-04822,ok,debt,10782,30940,0,0,0
SP-04823,ok,reserve,11459,0,0,0,0
SP-04824,ok,reserve,13,0,0,0,0
SP-04825,ok,reserve,2584,0,0,0,0
SP-04826,ok,reserve,2519,0,0,0,0
SP-04827,deficit,none,0,0,0,0,0
SP-04828,deficit,none,0,0,0,0,0
SP-04829,deficit,none,0,0,0,0,0
SP-04830,deficit,none,0,0,0,0,0
SP-04831,ok,reserve,37919,0,0,0,0
SP-04832,ok,debt,0,8610,0,0,0
SP-04833,ok,goals+,0,0,66898,0,211625
SP-04834,ok,reserve,10952,0,0,0,0
SP-04835,ok,reserve,21867,0,0,0,0
SP-04836,deficit,none,0,0,0,0,0
SP-04837,ok,reserve,8244,0,0,0,0
SP-04838,ok,debt,0,47561,0,0,0
SP-04839,ok,reserve,6234,0,0,0,0
SP-04840,ok,reserve,13569,0,0,0,0
SP-04841,deficit,none,0,0,0,0,0
SP-04842,ok,reserve,30061,0,0,0,0
SP-04843,ok,reserve,15601,0,0,0,0
SP-04844,ok,debt,0,3408,0,0,0
SP-04845,ok,reserve,32034,6003,0,0,0
SP-04846,ok,reserve,11240,0,0,0,0
SP-04847,ok,debt,0,31288,0,0,0
SP-04848,ok,reserve,11023,0,0,0,0
SP-04849,deficit,none,0,0,0,0,0
SP-04850,ok,debt,0,152,0,0,0
SP-04851,ok,debt,0,18322,0,0,532167
SP-04852,ok,goals+,0,0,373,0,162689
SP-04853,ok,reserve,41945,0,0,0,0
SP-04854,deficit,none,0,0,0,0,0
SP-04855,ok,reserve,10920,0,0,0,0
SP-04856,ok,reserve,46580,0,0,0,0
SP-04857,ok,reserve,17435,0,0,0,0
SP-04858,deficit,none,0,0,0,0,0
SP-04859,ok,debt,0,11503,0,0,0
SP-04860,deficit,none,0,0,0,0,0
SP-04861,ok,goals+,0,0,28185,0,516100
SP-04862,ok,reserve,4632,0,0,0,0
SP-04863,ok,reserve,7081,0,0,0,0
SP-04864,ok,debt,0,51482,0,0,0
SP-04865,ok,debt,0,4391,0,0,0
SP-04866,ok,none,0,0,0,0,0
SP-04867,ok,debt,0,34751,0,0,193203
SP-04868,ok,reserve,12653,11123,0,0,0
SP-04869,ok,reserve,103129463,0,0,0,0
SP-04870,ok,goals+,0,0,9243,5423,79388
SP-04871,ok,goals+,0,0,23504,0,11921
SP-04872,deficit,none,0,0,0,0,0
SP-04873,ok,reserve,11902,0,0,0,0
SP-04874,ok,reserve,16305,0,0,0,0
SP-04875,ok,goals+,0,0,3905,108740,84022
SP-04876,ok,debt,0,30513,0,0,0
SP-04877,ok,reserve,47145,0,0,0,0
SP-04878,deficit,none,0,0,0,0,0
SP-04879,ok,goals+,0,0,17706,23901,816907
SP-04880,ok,reserve,11309,0,0,0,0
SP-04881,deficit,none,0,0,0,0,0
SP-04882,deficit,none,0,0,0,0,0
SP-04883,ok,reserve,77047,0,0,0,0
SP-04884,ok,reserve,7746,0,0,0,0
SP-04885,ok,reserve,44122,0,0,0,0
SP-04886,ok,goals+,0,0,2075,0,404784
SP-04887,ok,debt,0,17822,0,0,113133
SP-04888,ok,reserve,14060,0,0,0,0
SP-04889,ok,debt,0,12741,0,0,0
SP-04890,ok,reserve,34936,0,0,0,0
SP-04891,ok,debt,0,11195,0,0,0
SP-04892,ok,reserve,9786,0,0,0,0
SP-04893,ok,goals+,0,0,6186,0,2353377
SP-04894,ok,debt,0,3194,0,0,0
SP-04895,ok,reserve,2947,0,0,0,0
SP-04896,ok,reserve,28508,0,0,0,0
SP-04897,ok,reserve,562,0,0,0,0
SP-04898,ok,reserve,19829,0,0,0,0
SP-04899,ok,reserve,13004,2419,0,0,0
SP-04900,ok,reserve,6794,0,0,0,0
SP-04901,ok,reserve,41982,0,0,0,0
SP-04902,ok,reserve,16104,0,0,0,0
SP-04903,ok,goals+,0,0,1877,62325,358980
SP-04904,ok,reserve,1745,0,0,0,0
SP-04905,deficit,none,0,0,0,0,0
SP-04906,ok,reserve,38338,0,0,0,0
SP-04907,ok,debt,14215,16778,0,0,0
SP-04908,deficit,none,0,0,0,0,0
SP-04909,ok,reserve,28951,0,0,0,0
SP-04910,ok,reserve,23627,359,0,0,0
SP-04911,ok,reserve,326017300,0,0,0,0
SP-04912,ok,reserve,15408,0,0,0,0
SP-04913,ok,goals+,0,0,11519,0,118769
SP-04914,deficit,none,0,0,0,0,0
SP-04915,ok,goals+,0,0,2728,0,13595
SP-04916,ok,debt,0,22516,0,0,0
SP-04917,ok,goals+,0,0,8869,144840,24982
SP-04918,ok,reserve,9142,0,0,0,0
SP-04919,ok,reserve,18739,0,0,0,0
SP-04920,deficit,none,0,0,0,0,0
SP-04921,deficit,none,0,0,0,0,0
SP-04922,ok,reserve,29425,0,0,0,0
SP-04923,deficit,none,0,0,0,0,0
SP-04924,ok,reserve,38116,0,0,0,0
SP-04925,ok,goals+,0,0,26347,0,89370
SP-04926,deficit,none,0,0,0,0,0
SP-04927,ok,reserve,21472,0,0,0,0
SP-04928,ok,debt,1278,8145,0,0,0
SP-04929,ok,reserve,10196,0,0,0,0
SP-04930,ok,reserve,11498,0,0,0,0
SP-04931,ok,reserve,20666,0,0,0,0
SP-04932,ok,debt,0,12779,0,0,0
SP-04933,ok,reserve,6080,0,0,0,0
SP-04934,ok,reserve,4238,0,0,0,0
SP-04935,ok,goals+,0,0,43976,0,1851976
SP-04936,ok,reserve,6758,0,0,0,0
SP-04937,ok,reserve,12980,0,0,0,0
SP-04938,ok,debt,0,31426,0,0,0
SP-04939,ok,reserve,22336,0,0,0,0
SP-04940,ok,reserve,25682,1681,0,0,0
SP-04941,ok,debt,0,6574,0,0,0
SP-04942,ok,reserve,21683,0,0,0,0
SP-04943,ok,goals+,0,0,25535,0,124905
SP-04944,ok,reserve,11101,0,0,0,0
SP-04945,ok,debt,0,16777,0,0,0
SP-04946,ok,reserve,12692,0,0,0,0
SP-04947,ok,reserve,26588,0,2287,0,0
SP-04948,ok,goals+,0,0,1027,0,262040
SP-04949,ok,reserve,11136,0,0,0,0
SP-04950,ok,reserve,10,0,0,0,0
SP-04951,ok,reserve,21480,0,0,0,0
SP-04952,ok,debt,0,2833,0,0,0
SP-04953,ok,reserve,900018160,0,0,0,0
SP-04954,ok,debt,0,13613,0,0,0
SP-04955,ok,reserve,51098,0,0,0,0
SP-04956,deficit,none,0,0,0,0,0
SP-04957,ok,debt,0,32855,0,0,0
SP-04958,ok,reserve,39643,0,0,0,0
SP-04959,ok,debt,0,39560,0,0,19278
SP-04960,ok,reserve,8874,0,0,0,0
SP-04961,ok,debt,3747,17804,0,0,0
SP-04962,deficit,none,0,0,0,0,0
SP-04963,ok,reserve,5671,0,0,0,0
SP-04964,ok,reserve,21606,0,0,0,0
SP-04965,deficit,none,0,0,0,0,0
SP-04966,deficit,none,0,0,0,0,0
SP-04967,ok,reserve,19207,0,0,0,0
SP-04968,ok,reserve,17147,0,0,0,0
SP-04969,ok,reserve,11710,0,0,0,0
SP-04970,ok,reserve,8669,0,0,0,0
SP-04971,ok,reserve,1338,0,0,0,0
SP-04972,deficit,none,0,0,0,0,0
SP-04973,ok,reserve,27403,0,0,0,0
SP-04974,ok,reserve,7423,0,0,0,0
SP-04975,deficit,none,0,0,0,0,0
SP-04976,ok,debt,0,9106,0,0,0
SP-04977,ok,goals+,0,0,55657,0,2633340
SP-04978,ok,reserve,18031,0,0,0,0
SP-04979,ok,reserve,1893,0,0,0,0
SP-04980,ok,reserve,3464,0,0,0,0
SP-04981,ok,debt,0,12929,0,0,0
SP-04982,ok,reserve,7734,0,0,0,0
SP-04983,ok,reserve,1637,0,0,0,0
SP-04984,ok,reserve,16463,0,0,0,0
SP-04985,ok,reserve,2232,0,0,0,0
SP-04986,ok,reserve,8788,0,0,0,0
SP-04987,ok,reserve,22891,0,0,0,0
SP-04988,ok,goals+,0,0,0,15268,27008
SP-04989,ok,reserve,31681,0,0,0,0
SP-04990,ok,reserve,9913,0,0,0,0
SP-04991,ok,reserve,27938,0,0,0,0
SP-04992,ok,reserve,5,0,0,0,0
SP-04993,ok,reserve,60849,0,0,0,0
SP-04994,ok,reserve,31916,0,0,0,0
SP-04995,ok,reserve,302758885,0,0,0,0
SP-04996,ok,reserve,9869,0,0,0,0
SP-04997,ok,reserve,27450,0,0,0,0
SP-04998,deficit,none,0,0,0,0,0
SP-04999,ok,reserve,11948,0,0,0,0
SP-05000,ok,reserve,4127,0,0,0,0
SP-05001,ok,debt,13289,57156,0,0,0
SP-05002,ok,reserve,24672,0,0,0,0
SP-05003,ok,reserve,10441,0,0,0,0
SP-05004,deficit,none,0,0,0,0,0
SP-05005,ok,reserve,13962,11790,0,0,0
SP-05006,ok,debt,0,10905,0,0,0
SP-05007,deficit,none,0,0,0,0,0
SP-05008,deficit,none,0,0,0,0,0
SP-05009,ok,reserve,20948,0,0,0,0
SP-05010,ok,reserve,19496,0,0,0,0
SP-05011,deficit,none,0,0,0,0,0
SP-05012,ok,reserve,23629,0,0,4991,0
SP-05013,ok,reserve,33213,0,0,0,0
SP-05014,deficit,none,0,0,0,0,0
SP-05015,deficit,none,0,0,0,0,0
SP-05016,ok,reserve,8559,0,0,0,0
SP-05017,ok,debt,0,14856,0,0,12344
SP-05018,ok,reserve,12112,0,0,0,0
SP-05019,ok,goals+,0,0,50897,0,2337639
SP-05020,deficit,none,0,0,0,0,0
SP-05021,ok,reserve,17150,0,0,0,0
SP-05022,ok,reserve,10292,0,0,0,0
SP-05023,ok,reserve,29646,0,0,0,0
SP-05024,ok,reserve,48113,0,0,0,0
SP-05025,ok,reserve,4469,0,0,0,0
SP-05026,ok,reserve,531,0,0,0,0
SP-05027,ok,reserve,17831,0,0,0,0
SP-05028,ok,reserve,26689,0,0,0,0
SP-05029,ok,reserve,14830,0,0,0,0
SP-05030,ok,goals+,6691,0,0,7108,0
SP-05031,ok,debt,0,4503,0,0,0
SP-05032,ok,reserve,15910,0,0,0,0
SP-05033,ok,debt,0,1875,0,0,0
SP-05034,ok,reserve,43,0,0,0,0
SP-05035,ok,debt,0,12400,0,0,0
SP-05036,ok,reserve,32498,0,0,0,0
SP-05037,ok,reserve,451292588,0,0,0,0
SP-05038,ok,debt,245,21846,0,0,0
SP-05039,ok,debt,0,8874,0,0,0
SP-05040,deficit,none,0,0,0,0,0
SP-05041,ok,debt,0,8590,0,0,0
SP-05042,ok,debt,0,60829,0,0,51627
SP-05043,ok,debt,0,54264,0,0,0
SP-05044,ok,reserve,43346,19285,0,0,0
SP-05045,deficit,none,0,0,0,0,0
SP-05046,deficit,none,0,0,0,0,0
SP-05047,ok,reserve,32018,0,13699,0,0
SP-05048,ok,debt,0,32081,0,0,0
SP-05049,deficit,none,0,0,0,0,0
SP-05050,ok,reserve,3248,0,0,0,0
SP-05051,ok,debt,0,7763,0,0,0
SP-05052,deficit,none,0,0,0,0,0
SP-05053,deficit,none,0,0,0,0,0
SP-05054,ok,goals+,0,0,883,3751,50459
SP-05055,ok,reserve,12280,0,0,0,0
SP-05056,ok,reserve,4027,0,0,0,0
SP-05057,ok,reserve,13985,0,0,0,0
SP-05058,ok,reserve,15275,712,0,0,0
SP-05059,ok,goals+,0,0,0,19629,17374
SP-05060,ok,goals+,0,0,0,7215,85553
SP-05061,ok,goals+,0,0,8915,0,2166010
SP-05062,ok,reserve,19934,0,0,0,0
SP-05063,deficit,none,0,0,0,0,0
SP-05064,ok,debt,0,23139,0,0,0
SP-05065,ok,reserve,15596,0,0,0,0
SP-05066,ok,reserve,4101,0,0,0,0
SP-05067,ok,reserve,1020,0,0,0,0
SP-05068,ok,debt,11424,35116,0,0,0
SP-05069,deficit,none,0,0,0,0,0
SP-05070,ok,reserve,6176,0,0,0,0
SP-05071,ok,debt,0,14948,0,0,117465
SP-05072,ok,debt,0,3244,0,0,0
SP-05073,ok,reserve,7935,0,0,0,0
SP-05074,ok,debt,0,6061,0,0,0
SP-05075,ok,debt,0,11015,0,0,0
SP-05076,ok,reserve,56,0,0,0,0
SP-05077,ok,reserve,2397,0,0,0,0
SP-05078,ok,reserve,76,0,0,0,0
SP-05079,deficit,none,0,0,0,0,0
SP-05080,ok,reserve,5444,0,0,0,0
SP-05081,ok,reserve,8651,0,0,0,0
SP-05082,deficit,none,0,0,0,0,0
SP-05083,ok,debt,0,14071,0,0,0
SP-05084,ok,reserve,31060,0,0,0,0
SP-05085,ok,debt,17277,29464,0,0,0
SP-05086,ok,debt,0,12097,0,0,0
SP-05087,ok,reserve,8170,0,0,0,0
SP-05088,deficit,none,0,0,0,0,0
SP-05089,ok,reserve,10782,8156,0,0,0
SP-05090,ok,reserve,6537,0,0,0,0
SP-05091,deficit,none,0,0,0,0,0
SP-05092,deficit,none,0,0,0,0,0
SP-05093,deficit,none,0,0,0,0,0
SP-05094,deficit,none,0,0,0,0,0
SP-05095,ok,reserve,118,0,0,0,0
SP-05096,deficit,none,0,0,0,0,0
SP-05097,deficit,none,0,0,0,0,0
SP-05098,ok,debt,0,4845,0,0,0
SP-05099,deficit,none,0,0,0,0,0
SP-05100,ok,reserve,40098,0,0,0,0
SP-05101,deficit,none,0,0,0,0,0
SP-05102,deficit,none,0,0,0,0,0
SP-05103,ok,debt,0,38634,0,0,2858999
SP-05104,ok,reserve,16267,0,0,0,0
SP-05105,ok,reserve,3798,0,0,0,0
SP-05106,deficit,none,0,0,0,0,0
SP-05107,ok,reserve,17694,0,0,0,0
SP-05108,ok,goals+,27964,0,0,34639,0
SP-05109,ok,debt,0,2041,0,0,0
SP-05110,ok,reserve,864,0,0,0,0
SP-05111,ok,reserve,4153,0,0,0,0
SP-05112,ok,reserve,35317,0,0,0,0
SP-05113,ok,reserve,3403,0,0,0,0
SP-05114,ok,debt,0,29389,0,0,0
SP-05115,deficit,none,0,0,0,0,0
SP-05116,ok,reserve,44025,0,0,0,0
SP-05117,ok,reserve,9487,0,0,0,0
SP-05118,ok,goals+,0,0,17,0,330
SP-05119,ok,debt,0,34680,0,0,0
SP-05120,ok,reserve,29893,0,0,0,0
SP-05121,ok,reserve,539692342,0,0,0,0
SP-05122,ok,reserve,22599,0,0,0,0
SP-05123,ok,debt,0,2856,0,0,0
SP-05124,deficit,none,0,0,0,0,0
SP-05125,ok,reserve,33772,0,0,0,0
SP-05126,deficit,none,0,0,0,0,0
SP-05127,ok,goals+,0,0,4859,31330,1196
SP-05128,ok,reserve,8128,0,0,0,0
SP-05129,ok,debt,6226,7929,0,0,0
SP-05130,deficit,none,0,0,0,0,0
SP-05131,deficit,none,0,0,0,0,0
SP-05132,ok,reserve,15956,0,0,0,0
SP-05133,deficit,none,0,0,0,0,0
SP-05134,deficit,none,0,0,0,0,0
SP-05135,ok,reserve,20209,0,0,0,0
SP-05136,deficit,none,0,0,0,0,0
SP-05137,ok,reserve,41122,0,0,0,0
SP-05138,ok,goals+,0,0,31299,0,34512
SP-05139,deficit,none,0,0,0,0,0
SP-05140,ok,reserve,18650,0,0,0,0
SP-05141,ok,reserve,18070,0,0,0,0
SP-05142,ok,reserve,25922,0,0,0,0
SP-05143,ok,debt,0,30691,0,0,0
SP-05144,ok,debt,0,37135,0,0,0
SP-05145,ok,debt,0,19874,0,0,2559947
SP-05146,ok,reserve,24211,0,0,0,0
SP-05147,deficit,none,0,0,0,0,0
SP-05148,deficit,none,0,0,0,0,0
SP-05149,ok,reserve,56086,20003,0,0,0
SP-05150,ok,reserve,18671,0,0,0,0
SP-05151,ok,reserve,15544,0,0,0,0
SP-05152,ok,reserve,7418,0,0,0,0
SP-05153,ok,reserve,17416,0,0,0,0
SP-05154,deficit,none,0,0,0,0,0
SP-05155,ok,reserve,15750,0,0,0,0
SP-05156,deficit,none,0,0,0,0,84740
SP-05157,deficit,none,0,0,0,0,0
SP-05158,ok,reserve,20944,0,0,0,0
SP-05159,ok,debt,0,31778,0,0,0
SP-05160,ok,goals+,0,0,48,42,224
SP-05161,ok,debt,12674,15252,0,0,0
SP-05162,ok,reserve,23791,0,0,0,0
SP-05163,ok,debt,0,487757330,0,0,0
SP-05164,ok,reserve,1918,0,0,0,0
SP-05165,ok,goals+,0,0,15322,0,36282
SP-05166,deficit,none,0,0,0,0,0
SP-05167,ok,reserve,26204,0,0,0,0
SP-05168,ok,debt,0,658,0,0,0
SP-05169,ok,reserve,27300,0,0,0,0
SP-05170,ok,reserve,33072,0,0,0,0
SP-05171,ok,reserve,13693,0,0,0,0
SP-05172,deficit,none,0,0,0,0,0
SP-05173,ok,debt,0,6043,0,0,0
SP-05174,ok,reserve,35708,0,0,0,0
SP-05175,deficit,none,0,0,0,0,0
SP-05176,ok,goals+,0,0,5431,0,67254
SP-05177,ok,reserve,18105,0,0,0,0
SP-05178,deficit,none,0,0,0,0,0
SP-05179,ok,debt,0,14274,0,0,23895
SP-05180,deficit,none,0,0,0,0,0
SP-05181,ok,reserve,2675,0,0,0,0
SP-05182,ok,debt,0,19533,0,0,0
SP-05183,deficit,none,0,0,0,0,0
SP-05184,ok,debt,0,7687,0,0,0
SP-05185,ok,reserve,26298,0,0,0,0
SP-05186,ok,reserve,25671,0,0,0,0
SP-05187,ok,goals+,0,0,4129,53227,1946183
SP-05188,deficit,none,0,0,0,0,0
SP-05189,ok,reserve,34574,0,0,0,0
SP-05190,ok,reserve,74351,0,0,0,0
SP-05191,ok,reserve,34840,0,0,0,0
SP-05192,ok,reserve,15425,0,0,0,0
SP-05193,ok,reserve,5287,0,0,0,0
SP-05194,deficit,none,0,0,0,0,0
SP-05195,ok,reserve,33584,0,0,0,0
SP-05196,ok,reserve,18052,0,0,0,0
SP-05197,ok,goals+,0,0,2657,0,126849
SP-05198,ok,debt,0,3357,0,0,0
SP-05199,ok,debt,0,3023,0,0,0
SP-05200,ok,reserve,59474,0,0,0,0
SP-05201,ok,reserve,18061,0,2212,0,0
SP-05202,ok,goals+,0,0,50,206,0
SP-05203,deficit,none,0,0,0,0,0
SP-05204,deficit,none,0,0,0,0,0
SP-05205,ok,reserve,358525965,0,0,0,0
SP-05206,ok,debt,0,33758,0,0,0
SP-05207,ok,debt,0,14878,0,0,0
SP-05208,deficit,none,0,0,0,0,0
SP-05209,deficit,none,0,0,0,0,0
SP-05210,ok,reserve,8298,0,0,0,0
SP-05211,ok,goals+,0,0,34640,0,1273
SP-05212,ok,reserve,43234,0,0,0,0
SP-05213,ok,reserve,18056,0,0,0,0
SP-05214,deficit,none,0,0,0,0,0
SP-05215,ok,debt,0,32094,0,0,0
SP-05216,ok,goals+,0,0,37927,0,224050
SP-05217,deficit,none,0,0,0,0,0
SP-05218,ok,reserve,4118,0,0,0,0
SP-05219,ok,reserve,31570,0,0,0,0
SP-05220,deficit,none,0,0,0,0,0
SP-05221,ok,reserve,7846,0,0,0,0
SP-05222,ok,reserve,1104,0,0,0,0
SP-05223,ok,debt,0,36857,0,0,0
SP-05224,ok,reserve,55874,0,0,0,0
SP-05225,ok,goals+,0,0,16019,17978,105311
SP-05226,ok,reserve,7098,0,0,0,0
SP-05227,ok,reserve,24112,0,0,0,0
SP-05228,ok,reserve,20253,0,0,0,0
SP-05229,ok,debt,0,1205,0,0,2717454
SP-05230,ok,reserve,19512,0,0,0,0
SP-05231,ok,goals+,0,0,36015,0,84996
SP-05232,ok,reserve,5611,0,0,0,0
SP-05233,ok,debt,0,13226,0,0,0
SP-05234,ok,debt,0,19688,0,0,0
SP-05235,ok,debt,0,17356,0,0,0
SP-05236,ok,reserve,39386,0,0,0,0
SP-05237,ok,reserve,46321,0,0,0,0
SP-05238,deficit,none,0,0,0,0,0
SP-05239,ok,goals+,0,0,0,52339,209754
SP-05240,ok,reserve,6103,0,0,0,0
SP-05241,ok,debt,0,1338,0,0,0
SP-05242,ok,reserve,1504,0,0,0,0
SP-05243,ok,reserve,12758,0,0,0,0
SP-05244,deficit,none,0,0,0,0,0
SP-05245,ok,reserve,20597,0,0,0,0
SP-05246,ok,reserve,18059,0,0,0,0
SP-05247,ok,reserve,338993989,0,0,0,0
SP-05248,ok,reserve,6415,0,0,0,0
SP-05249,ok,reserve,14384,0,0,0,0
SP-05250,deficit,none,0,0,0,0,0
SP-05251,ok,reserve,3278,0,0,0,0
SP-05252,ok,debt,0,20845,0,0,0
SP-05253,ok,reserve,38254,0,0,0,0
SP-05254,ok,debt,7888,8793,0,0,0
SP-05255,ok,debt,0,19069,0,0,9394
SP-05256,deficit,none,0,0,0,0,0
SP-05257,ok,reserve,2259,0,0,0,0
SP-05258,ok,reserve,6667,0,0,0,0
SP-05259,deficit,none,0,0,0,0,0
SP-05260,ok,reserve,12173,0,0,0,0
SP-05261,ok,reserve,14254,0,0,0,0
SP-05262,ok,reserve,39456,0,0,0,0
SP-05263,ok,reserve,1636,0,0,0,0
SP-05264,ok,reserve,61642,0,0,0,0
SP-05265,ok,reserve,5069,0,0,0,0
SP-05266,ok,reserve,32721,0,0,0,0
SP-05267,ok,debt,0,17435,0,0,0
SP-05268,ok,reserve,3849,0,0,0,0
SP-05269,ok,debt,23894,30319,0,0,0
SP-05270,ok,debt,0,26102,0,0,0
SP-05271,ok,debt,0,14461,0,0,747123
SP-05272,deficit,none,0,0,0,0,0
SP-05273,ok,reserve,26539,0,0,0,0
SP-05274,ok,reserve,17595,0,0,0,0
SP-05275,ok,reserve,11230,0,0,0,0
SP-05276,deficit,none,0,0,0,0,0
SP-05277,ok,reserve,3802,0,0,0,0
SP-05278,ok,reserve,11551,2136,0,0,0
SP-05279,ok,reserve,23915,0,0,0,0
SP-05280,ok,reserve,21566,0,0,0,0
SP-05281,ok,reserve,22476,0,0,0,0
SP-05282,ok,reserve,35992,0,0,0,0
SP-05283,ok,debt,0,65057,0,0,0
SP-05284,ok,debt,0,1154,0,0,0
SP-05285,ok,reserve,11011,0,0,0,0
SP-05286,ok,goals+,0,0,15,73,502
SP-05287,ok,debt,0,1228,0,0,0
SP-05288,ok,goals+,0,0,26397,0,30858
SP-05289,ok,reserve,629502753,0,255298447,0,0
SP-05290,ok,reserve,1303,0,0,0,0
SP-05291,deficit,none,0,0,0,0,0
SP-05292,deficit,none,0,0,0,0,0
SP-05293,ok,reserve,42807,0,0,0,0
SP-05294,ok,reserve,44041,0,0,0,0
SP-05295,ok,goals+,0,0,4787,78726,78133
SP-05296,ok,reserve,25533,0,0,0,0
SP-05297,ok,debt,0,23074,0,0,0
SP-05298,deficit,none,0,0,0,0,0
SP-05299,ok,debt,0,4830,0,0,0
SP-05300,ok,reserve,10376,0,0,0,0
SP-05301,deficit,none,0,0,0,0,0
SP-05302,ok,reserve,3067,0,0,0,0
SP-05303,ok,reserve,8047,0,0,0,0
SP-05304,deficit,none,0,0,0,0,0
SP-05305,ok,goals+,0,0,17119,0,47805
SP-05306,ok,goals+,7976,0,50988,565,0
SP-05307,ok,reserve,24851,0,0,0,0
SP-05308,ok,debt,0,13411,0,0,0
SP-05309,deficit,none,0,0,0,0,0
SP-05310,ok,reserve,18848,0,0,0,0
SP-05311,ok,goals+,0,0,17402,0,31396
SP-05312,ok,debt,3746,5373,0,0,0
SP-05313,ok,goals+,0,0,816,10991,1934899
SP-05314,ok,debt,0,11033,0,0,0
SP-05315,deficit,none,0,0,0,0,0
SP-05316,deficit,none,0,0,0,0,0
SP-05317,ok,reserve,17055,0,0,0,0
SP-05318,ok,reserve,7480,0,0,0,0
SP-05319,ok,reserve,6115,0,0,0,0
SP-05320,ok,debt,0,38698,0,0,0
SP-05321,ok,reserve,2286,0,0,0,0
SP-05322,ok,reserve,27852,0,0,0,0
SP-05323,ok,reserve,17950,0,0,0,0
SP-05324,deficit,none,0,0,0,0,0
SP-05325,deficit,none,0,0,0,0,0
SP-05326,ok,reserve,41679,0,0,0,0
SP-05327,ok,reserve,26489,0,0,0,0
SP-05328,ok,reserve,111,0,0,0,0
SP-05329,ok,debt,0,22988,0,0,0
SP-05330,ok,debt,0,10026,0,0,0
SP-05331,ok,reserve,203984144,0,0,0,0
SP-05332,ok,debt,0,6644,0,0,0
SP-05333,ok,debt,0,37666,0,0,0
SP-05334,deficit,none,0,0,0,0,0
SP-05335,ok,reserve,20086,0,0,0,0
SP-05336,ok,reserve,14856,0,0,0,0
SP-05337,ok,goals+,0,0,26642,101691,109155
SP-05338,ok,reserve,29930,0,0,0,0
SP-05339,ok,goals+,0,0,0,37390,4333
SP-05340,deficit,none,0,0,0,0,0
SP-05341,ok,debt,0,14385,0,0,0
SP-05342,ok,goals+,0,0,0,147760,703550
SP-05343,deficit,none,0,0,0,0,0
SP-05344,ok,reserve,2043,0,0,0,0
SP-05345,ok,reserve,16575,0,0,0,0
SP-05346,deficit,none,0,0,0,0,0
SP-05347,deficit,none,0,0,0,0,0
SP-05348,ok,reserve,6761,498,0,0,0
SP-05349,ok,reserve,3847,0,0,0,0
SP-05350,ok,reserve,25713,3421,0,0,0
SP-05351,ok,reserve,29987,0,0,0,0
SP-05352,ok,goals+,3701,0,0,6044,0
SP-05353,ok,reserve,6618,0,0,0,0
SP-05354,deficit,none,0,0,0,0,0
SP-05355,ok,debt,0,3206,0,0,1164904
SP-05356,deficit,none,0,0,0,0,0
SP-05357,ok,reserve,10098,0,0,0,0
SP-05358,ok,reserve,5187,0,0,0,0
SP-05359,ok,reserve,14558,0,0,0,0
SP-05360,ok,reserve,48433,0,0,0,0
SP-05361,ok,reserve,2999,0,0,0,0
SP-05362,ok,reserve,43034,0,0,0,0
SP-05363,ok,debt,10126,10510,0,0,0
SP-05364,ok,reserve,36074,0,0,0,0
SP-05365,ok,goals+,0,0,2418,0,32352
SP-05366,ok,debt,0,10412,0,0,0
SP-05367,ok,reserve,25026,0,0,0,0
SP-05368,ok,reserve,34422,0,0,0,0
SP-05369,ok,reserve,40198,0,0,0,0
SP-05370,ok,goals+,0,0,40,59,250
SP-05371,ok,reserve,8307,2972,0,0,0
SP-05372,ok,reserve,6730,0,0,0,0
SP-05373,ok,debt,0,400132000,0,0,0
SP-05374,ok,reserve,45358,0,0,0,0
SP-05375,ok,debt,0,26277,0,0,0
SP-05376,deficit,none,0,0,0,0,0
SP-05377,ok,reserve,16414,0,0,0,0
SP-05378,deficit,none,0,0,0,0,44239
SP-05379,ok,goals+,0,0,74228,0,26057
SP-05380,deficit,none,0,0,0,0,0
SP-05381,ok,reserve,14389,0,0,0,0
SP-05382,deficit,none,0,0,0,0,0
SP-05383,ok,debt,0,4997,0,0,0
SP-05384,deficit,none,0,0,0,0,0
SP-05385,deficit,none,0,0,0,0,0
SP-05386,ok,reserve,49208,0,0,0,0
SP-05387,ok,reserve,11102,0,0,0,0
SP-05388,deficit,none,0,0,0,0,0
SP-05389,ok,reserve,3067,0,0,0,0
SP-05390,ok,reserve,8513,0,0,0,0
SP-05391,ok,reserve,71754,0,0,0,0
SP-05392,ok,reserve,9330,0,0,0,0
SP-05393,ok,reserve,2302,0,0,0,0
SP-05394,ok,reserve,1069,0,0,0,0
SP-05395,deficit,none,0,0,0,0,0
SP-05396,ok,reserve,661,0,0,0,0
SP-05397,ok,debt,0,39237,0,0,6249864
SP-05398,ok,debt,0,46790,0,0,59134
SP-05399,deficit,none,0,0,0,0,0
SP-05400,deficit,none,0,0,0,0,0
SP-05401,ok,reserve,30264,0,0,0,0
SP-05402,ok,reserve,36601,0,0,0,0
SP-05403,ok,reserve,3979,0,0,0,0
SP-05404,ok,reserve,12765,0,0,0,0
SP-05405,ok,debt,0,14304,0,0,0
SP-05406,deficit,none,0,0,0,0,0
SP-05407,deficit,none,0,0,0,0,0
SP-05408,ok,reserve,5447,0,0,0,0
SP-05409,ok,reserve,15254,0,0,0,0
SP-05410,ok,reserve,512,0,0,0,0
SP-05411,ok,reserve,23960,0,0,0,0
SP-05412,ok,goals+,0,0,1,0,704
SP-05413,ok,debt,0,29392,0,0,92159
SP-05414,ok,debt,0,11350,0,0,106716
SP-05415,ok,reserve,10802340,0,0,0,0
SP-05416,ok,reserve,15722,0,0,0,0
SP-05417,deficit,none,0,0,0,0,189164
SP-05418,deficit,none,0,0,0,0,0
SP-05419,ok,goals+,0,0,29158,0,913432
SP-05420,ok,reserve,21982,0,0,0,0
SP-05421,ok,goals+,0,0,8458,91694,108001
SP-05422,ok,reserve,13367,0,0,0,0
SP-05423,ok,reserve,16919,0,0,0,0
SP-05424,deficit,none,0,0,0,0,0
SP-05425,ok,reserve,14001,0,0,0,0
SP-05426,ok,reserve,5447,0,0,0,0
SP-05427,deficit,none,0,0,0,0,0
SP-05428,ok,reserve,38779,1758,0,0,0
SP-05429,ok,reserve,4929,0,0,0,0
SP-05430,ok,reserve,4529,0,0,0,0
SP-05431,ok,debt,0,13805,0,0,0
SP-05432,ok,reserve,30700,0,0,0,0
SP-05433,ok,reserve,29531,0,0,0,0
SP-05434,ok,debt,0,21857,0,0,0
SP-05435,ok,reserve,3304,0,0,0,0
SP-05436,ok,reserve,26804,0,0,0,0
SP-05437,ok,reserve,18642,0,0,0,0
SP-05438,ok,reserve,15849,0,0,0,0
SP-05439,ok,goals+,0,0,49622,8812,5653603
SP-05440,ok,reserve,53998,0,0,0,0
SP-05441,ok,goals+,3634,0,22341,0,0
SP-05442,ok,reserve,20811,0,0,0,0
SP-05443,ok,debt,0,17338,0,0,16977
SP-05444,ok,goals+,1223,0,11465,0,0
SP-05445,ok,reserve,4035,979,0,0,0
SP-05446,ok,reserve,9380,0,0,0,0
SP-05447,ok,reserve,23401,0,0,0,0
SP-05448,ok,reserve,2114,0,0,0,0
SP-05449,deficit,none,0,0,0,0,0
SP-05450,ok,reserve,15249,0,0,0,0
SP-05451,ok,reserve,30544,0,0,0,0
SP-05452,ok,reserve,20699,0,0,0,0
SP-05453,ok,debt,0,24244,0,0,0
SP-05454,ok,reserve,28,0,0,0,0
SP-05455,ok,debt,0,632,0,0,29568
SP-05456,ok,reserve,43579,0,0,0,0
SP-05457,deficit,none,0,0,0,0,0
SP-05458,ok,reserve,75939,0,0,0,0
SP-05459,ok,reserve,13837,0,0,2622,0
SP-05460,deficit,none,0,0,0,0,0
SP-05461,ok,reserve,47824,0,0,0,0
SP-05462,ok,reserve,3038,0,0,0,0
SP-05463,ok,goals+,0,0,112109,0,56219
SP-05464,ok,goals+,0,0,2073,0,78184
SP-05465,ok,goals+,0,0,26976,9463,100343
SP-05466,deficit,none,0,0,0,0,0
SP-05467,ok,goals+,0,0,3717,40853,760655
SP-05468,ok,reserve,7106,0,0,0,0
SP-05469,deficit,none,0,0,0,0,0
SP-05470,ok,reserve,7080,0,0,0,0
SP-05471,ok,reserve,19486,0,0,0,0
SP-05472,ok,reserve,6140,0,0,0,0
SP-05473,ok,reserve,36579,0,0,0,0
SP-05474,ok,debt,0,8436,0,0,0
SP-05475,ok,reserve,53758,0,0,0,0
SP-05476,ok,reserve,27718,0,0,0,0
SP-05477,ok,reserve,9093,0,0,0,0
SP-05478,ok,debt,0,8786,0,0,0
SP-05479,ok,goals+,0,0,9844,14155,44666
SP-05480,ok,debt,0,29472,0,0,377548
SP-05481,ok,debt,0,41389,0,0,1760386
SP-05482,ok,debt,0,13767,0,0,0
SP-05483,ok,reserve,17999,0,0,0,0
SP-05484,ok,reserve,68520,0,0,0,0
SP-05485,ok,reserve,16682,0,0,0,0
SP-05486,ok,reserve,9466,5016,0,0,0
SP-05487,ok,debt,0,10783,0,0,0
SP-05488,ok,goals+,0,0,0,60914,161518
SP-05489,ok,reserve,12861,0,0,0,0
SP-05490,deficit,none,0,0,0,0,0
SP-05491,ok,reserve,18080,0,0,0,0
SP-05492,ok,goals+,0,0,15671,0,111205
SP-05493,ok,reserve,8576,0,0,0,0
SP-05494,deficit,none,0,0,0,0,0
SP-05495,ok,debt,0,43,0,0,49017
SP-05496,ok,goals+,114,0,50,99,0
SP-05497,ok,reserve,33648,0,0,0,0
SP-05498,ok,reserve,11852,0,0,0,0
SP-05499,ok,reserve,1086235575,0,0,0,0
SP-05500,deficit,none,0,0,0,0,0
SP-05501,ok,reserve,68401,0,0,0,0
SP-05502,deficit,none,0,0,0,0,0
SP-05503,ok,reserve,23535,0,0,0,0
SP-05504,ok,reserve,7359,0,0,0,0
SP-05505,ok,debt,0,129177,0,0,586514
SP-05506,ok,debt,0,20410,0,0,39826
SP-05507,ok,reserve,2418,0,0,0,0
SP-05508,deficit,none,0,0,0,0,0
SP-05509,deficit,none,0,0,0,0,0
SP-05510,ok,reserve,3697,0,0,0,0
SP-05511,deficit,none,0,0,0,0,0
SP-05512,ok,reserve,26818,0,0,0,0
SP-05513,ok,debt,0,9936,0,0,0
SP-05514,ok,reserve,18414,0,0,0,0
SP-05515,ok,debt,0,1322,0,0,0
SP-05516,ok,reserve,64299,0,0,0,0
SP-05517,ok,reserve,21953,0,0,0,0
SP-05518,ok,debt,0,14266,0,0,0
SP-05519,ok,reserve,17861,0,0,0,0
SP-05520,ok,reserve,22247,0,0,0,0
SP-05521,ok,goals+,0,0,50424,0,6666
SP-05522,deficit,none,0,0,0,0,0
SP-05523,ok,goals+,0,0,9459,0,1157603
SP-05524,ok,reserve,1979,0,0,0,0
SP-05525,ok,reserve,57389,0,0,0,0
SP-05526,ok,reserve,5684,0,0,0,0
SP-05527,ok,debt,0,4438,0,0,0
SP-05528,ok,debt,0,16534,0,0,0
SP-05529,ok,reserve,6512,250,0,0,0
SP-05530,ok,debt,0,22389,0,0,0
SP-05531,ok,reserve,123,0,0,0,0
SP-05532,ok,reserve,3287,0,0,0,0
SP-05533,ok,reserve,27881,0,0,0,0
SP-05534,ok,reserve,12425,0,0,0,0
SP-05535,ok,reserve,55096,0,0,0,0
SP-05536,ok,goals+,0,0,2827,4537,107312
SP-05537,ok,debt,0,9405,0,0,0
SP-05538,ok,goals+,0,0,3,0,401
SP-05539,ok,reserve,17918,14955,0,0,0
SP-05540,ok,goals+,0,0,36354,0,77250
SP-05541,ok,reserve,7721859,0,0,0,0
SP-05542,ok,reserve,14095,0,0,0,0
SP-05543,ok,reserve,70104,0,0,0,0
SP-05544,deficit,none,0,0,0,0,0
SP-05545,ok,reserve,18214,0,0,0,0
SP-05546,ok,goals+,0,0,36324,0,51627
SP-05547,ok,debt,0,84235,0,0,0
SP-05548,ok,reserve,16824,0,0,0,0
SP-05549,ok,reserve,262,0,0,0,0
SP-05550,deficit,none,0,0,0,0,0
SP-05551,ok,debt,0,3006,0,0,0
SP-05552,ok,debt,0,2477,0,0,0
SP-05553,deficit,none,0,0,0,0,0
SP-05554,ok,reserve,3468,0,0,0,0
SP-05555,ok,debt,0,53606,0,0,0
SP-05556,deficit,none,0,0,0,0,0
SP-05557,ok,reserve,24478,0,0,0,0
SP-05558,ok,reserve,53564,0,0,0,0
SP-05559,ok,reserve,23311,0,0,0,0
SP-05560,deficit,none,0,0,0,0,0
SP-05561,ok,debt,0,53562,0,0,0
SP-05562,ok,reserve,15949,0,0,0,0
SP-05563,ok,debt,0,17688,0,0,0
SP-05564,ok,reserve,8345,0,0,0,0
SP-05565,ok,goals+,0,0,18556,0,3276876
SP-05566,ok,reserve,18865,0,0,0,0
SP-05567,ok,debt,0,13673,0,0,0
SP-05568,ok,reserve,6754,0,0,0,0
SP-05569,ok,debt,0,30888,0,0,0
SP-05570,ok,reserve,1735,0,0,0,0
SP-05571,ok,reserve,7672,0,0,0,0
SP-05572,ok,reserve,26997,0,0,0,0
SP-05573,ok,reserve,7028,0,0,0,0
SP-05574,deficit,none,0,0,0,0,0
SP-05575,deficit,none,0,0,0,0,0
SP-05576,deficit,none,0,0,0,0,0
SP-05577,ok,reserve,7990,0,0,0,0
SP-05578,ok,reserve,5359,0,0,0,0
SP-05579,ok,goals+,0,0,0,2614,11494
SP-05580,ok,goals+,0,0,31,0,203
SP-05581,ok,reserve,7597,0,0,0,0
SP-05582,ok,reserve,9749,0,0,0,0
SP-05583,ok,reserve,73084134,0,0,0,0
SP-05584,deficit,none,0,0,0,0,0
SP-05585,deficit,none,0,0,0,0,0
SP-05586,deficit,none,0,0,0,0,0
SP-05587,ok,reserve,12101,0,0,0,0
SP-05588,ok,debt,0,8709,0,0,0
SP-05589,ok,reserve,48226,0,0,0,0
SP-05590,ok,debt,0,54602,0,0,233184
SP-05591,ok,reserve,23897,0,0,0,0
SP-05592,deficit,none,0,0,0,0,0
SP-05593,ok,reserve,5912,0,0,0,0
SP-05594,ok,reserve,7826,0,0,0,0
SP-05595,ok,debt,0,29509,0,0,0
SP-05596,ok,debt,0,13471,0,0,0
SP-05597,ok,goals+,9264,0,13759,0,0
SP-05598,deficit,none,0,0,0,0,0
SP-05599,ok,reserve,6255,0,0,0,0
SP-05600,ok,goals+,0,0,36430,0,314605
SP-05601,ok,reserve,135525,0,0,0,0
SP-05602,ok,reserve,4279,0,0,0,0
SP-05603,ok,reserve,9082,0,0,0,0
SP-05604,deficit,none,0,0,0,0,0
SP-05605,ok,reserve,8382,0,2084,0,0
SP-05606,ok,reserve,2930,0,0,0,0
SP-05607,ok,debt,0,61827,0,0,986476
SP-05608,ok,goals+,0,0,17809,0,332129
SP-05609,ok,reserve,24885,0,0,0,0
SP-05610,ok,reserve,28213,0,0,0,0
SP-05611,ok,reserve,33651,0,0,0,0
SP-05612,ok,reserve,13419,1248,0,0,0
SP-05613,ok,debt,3170,9100,0,0,0
SP-05614,ok,goals+,0,0,25011,0,38106
SP-05615,ok,debt,0,12836,0,0,0
SP-05616,deficit,none,0,0,0,0,0
SP-05617,ok,reserve,133079,0,0,0,0
SP-05618,deficit,none,0,0,0,0,0
SP-05619,ok,reserve,25703,0,0,0,0
SP-05620,ok,reserve,20091,0,0,0,0
SP-05621,ok,reserve,8625,0,0,0,0
SP-05622,ok,goals+,0,0,71,51,581
SP-05623,ok,debt,0,61234,0,0,0
SP-05624,ok,reserve,24517,5017,0,0,0
SP-05625,ok,reserve,321005075,0,0,0,0
SP-05626,ok,reserve,11555,0,0,0,0
SP-05627,ok,reserve,12766,0,0,0,0
SP-05628,deficit,none,0,0,0,0,0
SP-05629,ok,reserve,5676,0,0,0,0
SP-05630,ok,debt,0,12851,0,0,0
SP-05631,ok,debt,0,74617,0,0,38559
SP-05632,ok,debt,2194,6793,0,0,0
SP-05633,ok,reserve,26229,0,0,0,0
SP-05634,deficit,none,0,0,0,0,0
SP-05635,ok,reserve,34219,0,0,0,0
SP-05636,deficit,none,0,0,0,0,0
SP-05637,deficit,none,0,0,0,0,0
SP-05638,ok,reserve,4098,0,0,0,0
SP-05639,ok,reserve,11072,0,0,0,0
SP-05640,ok,reserve,16680,0,0,0,0
SP-05641,ok,reserve,9042,0,0,0,0
SP-05642,ok,reserve,7784,0,0,0,0
SP-05643,ok,reserve,2075,0,0,0,0
SP-05644,ok,reserve,54308,0,0,0,0
SP-05645,ok,debt,0,5787,0,0,0
SP-05646,ok,reserve,29432,0,0,0,0
SP-05647,ok,reserve,41569,0,0,0,0
SP-05648,ok,goals+,0,0,29833,9656,152339
SP-05649,ok,debt,0,16025,0,0,1565369
SP-05650,ok,reserve,4721,0,0,0,0
SP-05651,ok,reserve,30106,0,0,0,0
SP-05652,ok,reserve,30589,0,0,0,0
SP-05653,ok,debt,0,24574,0,0,0
SP-05654,deficit,none,0,0,0,0,0
SP-05655,ok,debt,0,5726,0,0,0
SP-05656,ok,debt,0,24536,0,0,156686
SP-05657,ok,reserve,16444,0,0,0,0
SP-05658,ok,reserve,17833,0,0,0,0
SP-05659,ok,reserve,13453,0,0,0,0
SP-05660,ok,reserve,9114,0,0,0,0
SP-05661,ok,reserve,15993,0,0,0,0
SP-05662,ok,debt,4829,9138,0,0,0
SP-05663,ok,reserve,24569,0,0,0,0
SP-05664,ok,goals+,0,0,47,47,306
SP-05665,ok,reserve,21272,0,0,0,0
SP-05666,ok,reserve,25921,0,0,0,0
SP-05667,ok,debt,0,583412855,0,0,0
SP-05668,ok,reserve,27305,0,0,0,0
SP-05669,ok,reserve,24551,0,0,0,0
SP-05670,deficit,none,0,0,0,0,0
SP-05671,ok,reserve,8402,0,0,0,0
SP-05672,ok,reserve,13737,0,0,0,0
SP-05673,ok,debt,0,54862,0,0,0
SP-05674,ok,goals+,0,0,65278,0,110783
SP-05675,ok,reserve,18520,0,0,0,0
SP-05676,deficit,none,0,0,0,0,0
SP-05677,deficit,none,0,0,0,0,0
SP-05678,ok,debt,0,28820,0,0,0
SP-05679,deficit,none,0,0,0,0,0
SP-05680,ok,goals+,0,0,0,24978,162364
SP-05681,ok,debt,6687,12132,0,0,0
SP-05682,deficit,none,0,0,0,0,0
SP-05683,ok,reserve,24170,0,0,0,0
SP-05684,ok,reserve,15897,0,0,0,0
SP-05685,ok,reserve,80340,0,0,0,0
SP-05686,ok,reserve,42762,0,0,0,0
SP-05687,ok,debt,0,30606,0,0,0
SP-05688,ok,reserve,8270,0,0,0,0
SP-05689,ok,goals+,0,0,7264,0,28090
SP-05690,deficit,none,0,0,0,0,0
SP-05691,ok,goals+,0,0,7160,0,815010
SP-05692,ok,reserve,7984,0,0,0,0
SP-05693,ok,goals+,0,0,0,40550,2783
SP-05694,ok,reserve,27590,0,0,0,0
SP-05695,ok,reserve,20997,0,0,0,0
SP-05696,deficit,none,0,0,0,0,0
SP-05697,ok,reserve,4968,0,0,0,0
SP-05698,ok,reserve,10635,0,0,0,0
SP-05699,ok,debt,0,5164,0,0,0
SP-05700,ok,reserve,15954,0,0,0,0
SP-05701,ok,reserve,6820,0,0,0,0
SP-05702,ok,goals+,0,0,0,28707,133
SP-05703,ok,debt,0,23957,0,0,0
SP-05704,ok,reserve,304,0,0,0,0
SP-05705,ok,goals+,0,0,0,6674,103229
SP-05706,deficit,none,0,0,0,0,0
SP-05707,ok,debt,0,3492,0,0,0
SP-05708,ok,reserve,1607,0,0,0,0
SP-05709,ok,reserve,309861346,0,0,0,0
SP-05710,ok,goals+,0,0,30058,0,77008
SP-05711,ok,reserve,38289,0,0,0,0
SP-05712,deficit,none,0,0,0,0,0
SP-05713,ok,reserve,4820,0,0,0,0
SP-05714,ok,goals+,0,0,0,5584,8525
SP-05715,ok,debt,6671,30681,0,0,0
SP-05716,deficit,none,0,0,0,0,0
SP-05717,ok,reserve,29320,0,0,0,0
SP-05718,deficit,none,0,0,0,0,0
SP-05719,ok,reserve,24442,0,0,0,0
SP-05720,ok,reserve,7603,0,0,0,0
SP-05721,deficit,none,0,0,0,0,0
SP-05722,ok,reserve,45714,0,0,0,0
SP-05723,ok,reserve,20848,12765,0,0,0
SP-05724,deficit,none,0,0,0,0,0
SP-05725,deficit,none,0,0,0,0,0
SP-05726,deficit,none,0,0,0,0,0
SP-05727,ok,reserve,11060,0,0,0,0
SP-05728,ok,reserve,28182,0,0,0,0
SP-05729,ok,goals+,0,0,1243,0,37928
SP-05730,ok,reserve,1727,0,0,0,0
SP-05731,deficit,none,0,0,0,0,0
SP-05732,ok,reserve,18257,0,0,0,0
SP-05733,deficit,none,0,0,0,0,0
SP-05734,ok,reserve,213,0,0,0,0
SP-05735,ok,reserve,44622,0,0,0,0
SP-05736,ok,reserve,32450,0,0,0,0
SP-05737,deficit,none,0,0,0,0,0
SP-05738,ok,debt,0,23389,0,0,0
SP-05739,ok,debt,0,16180,0,0,0
SP-05740,ok,reserve,6854,0,0,0,0
SP-05741,ok,reserve,18970,0,2726,0,0
SP-05742,deficit,none,0,0,0,0,0
SP-05743,ok,reserve,3999,0,0,0,0
SP-05744,ok,debt,0,10001,0,0,0
SP-05745,ok,reserve,9148,0,0,0,0
SP-05746,ok,debt,0,35523,0,0,77755
SP-05747,ok,goals+,0,0,4351,26743,163306
SP-05748,ok,reserve,25,0,0,0,0
SP-05749,ok,goals+,0,0,19404,21885,6234
SP-05750,ok,debt,0,51196,0,0,0
SP-05751,ok,reserve,1336322062,0,0,0,0
SP-05752,ok,reserve,29762,0,0,0,0
SP-05753,ok,reserve,26431,0,0,0,0
SP-05754,deficit,none,0,0,0,0,0
SP-05755,ok,reserve,33707,0,0,0,0
SP-05756,ok,reserve,3352,0,0,0,0
SP-05757,ok,goals+,0,0,21440,92943,22740
SP-05758,ok,debt,0,3636,0,0,0
SP-05759,ok,reserve,31287,0,0,0,0
SP-05760,deficit,none,0,0,0,0,0
SP-05761,ok,reserve,2674,0,0,0,0
SP-05762,ok,reserve,19454,0,0,0,0
SP-05763,deficit,none,0,0,0,0,0
SP-05764,ok,debt,0,7631,0,0,0
SP-05765,ok,reserve,9825,0,0,0,0
SP-05766,ok,reserve,3620,0,0,0,0
SP-05767,ok,reserve,3657,0,0,0,0
SP-05768,ok,reserve,28732,0,0,0,0
SP-05769,ok,goals+,8270,0,0,24973,0
SP-05770,deficit,none,0,0,0,0,0
SP-05771,ok,reserve,4694,0,0,0,0
SP-05772,ok,reserve,30008,0,0,0,0
SP-05773,ok,reserve,12244,0,0,0,0
SP-05774,ok,reserve,7602,0,0,0,0
SP-05775,ok,goals+,0,0,848,0,896246
SP-05776,ok,reserve,43154,0,0,0,0
SP-05777,ok,debt,2479,6000,0,0,0
SP-05778,ok,reserve,20707,0,0,0,0
SP-05779,ok,reserve,5486,0,0,0,0
SP-05780,ok,reserve,37364,0,0,0,0
SP-05781,ok,debt,0,6217,0,0,23759
SP-05782,ok,reserve,1271,0,0,0,0
SP-05783,ok,reserve,2796,0,0,0,0
SP-05784,ok,reserve,25279,0,0,0,0
SP-05785,ok,debt,0,18372,0,0,0
SP-05786,deficit,none,0,0,0,0,0
SP-05787,ok,reserve,27136,0,0,0,0
SP-05788,ok,reserve,6744,0,0,0,0
SP-05789,deficit,none,0,0,0,0,0
SP-05790,ok,reserve,47,0,0,0,0
SP-05791,deficit,none,0,0,0,0,0
SP-05792,ok,debt,0,17214,0,0,0
SP-05793,ok,reserve,423235449,0,0,0,0
SP-05794,ok,reserve,6067,0,0,0,0
SP-05795,ok,reserve,13493,0,0,0,0
SP-05796,deficit,none,0,0,0,0,0
SP-05797,ok,reserve,17733,0,0,0,0
SP-05798,deficit,none,0,0,0,0,0
SP-05799,ok,debt,0,59006,0,0,0
SP-05800,ok,debt,0,30206,0,0,0
SP-05801,ok,reserve,45111,0,0,0,0
SP-05802,deficit,none,0,0,0,0,0
SP-05803,ok,reserve,76321,0,0,0,0
SP-05804,ok,debt,0,6913,0,0,0
SP-05805,ok,reserve,8403,0,0,0,0
SP-05806,ok,reserve,55318,0,0,0,0
SP-05807,deficit,none,0,0,0,0,0
SP-05808,ok,reserve,50,0,0,0,0
SP-05809,ok,goals+,4200,0,0,8806,0
SP-05810,ok,reserve,20005,0,0,0,0
SP-05811,ok,reserve,38388,0,0,0,0
SP-05812,ok,debt,0,87533,0,0,229535
SP-05813,ok,goals+,0,0,0,60868,36512
SP-05814,ok,reserve,17588,0,0,0,0
SP-05815,ok,reserve,16242,0,0,0,0
SP-05816,ok,reserve,51058,0,0,0,0
SP-05817,ok,goals+,0,0,5602,0,1591256
SP-05818,ok,debt,0,24042,0,0,0
SP-05819,ok,reserve,35605,0,0,0,0
SP-05820,ok,reserve,22752,0,0,0,0
SP-05821,ok,reserve,12401,0,0,0,0
SP-05822,ok,reserve,10222,0,0,0,0
SP-05823,ok,debt,0,3627,0,0,0
SP-05824,ok,reserve,9707,0,0,0,0
SP-05825,ok,reserve,92,0,0,0,0
SP-05826,ok,reserve,17327,0,0,0,0
SP-05827,ok,goals+,0,0,1768,0,317443
SP-05828,ok,reserve,2590,0,0,0,0
SP-05829,ok,reserve,4703,0,0,0,0
SP-05830,ok,reserve,40193,0,0,0,0
SP-05831,deficit,none,0,0,0,0,0
SP-05832,ok,reserve,16,0,0,0,0
SP-05833,ok,debt,0,22555,0,0,0
SP-05834,deficit,none,0,0,0,0,0
SP-05835,ok,reserve,262405694,0,0,0,0
SP-05836,ok,goals+,0,0,0,4334,255676
SP-05837,deficit,none,0,0,0,0,0
SP-05838,deficit,none,0,0,0,0,0
SP-05839,ok,reserve,9349,0,0,0,0
SP-05840,ok,reserve,33147,0,0,0,0
SP-05841,ok,goals+,0,0,36139,39827,74782
SP-05842,ok,reserve,151,0,0,0,0
SP-05843,deficit,none,0,0,0,0,0
SP-05844,deficit,none,0,0,0,0,0
SP-05845,ok,reserve,45933,0,0,0,0
SP-05846,deficit,none,0,0,0,0,0
SP-05847,deficit,none,0,0,0,0,0
SP-05848,ok,reserve,13583,0,0,0,0
SP-05849,ok,debt,0,13670,0,0,0
SP-05850,ok,reserve,5426,0,0,0,0
SP-05851,ok,reserve,29073,0,0,0,0
SP-05852,deficit,none,0,0,0,0,0
SP-05853,ok,debt,0,11171,0,0,0
SP-05854,ok,debt,0,28357,0,0,0
SP-05855,ok,reserve,31523,0,0,0,0
SP-05856,ok,reserve,22067,0,0,0,0
SP-05857,deficit,none,0,0,0,0,0
SP-05858,ok,reserve,1498,0,0,0,0
SP-05859,ok,debt,0,41672,0,0,2309776
SP-05860,ok,debt,0,43706,0,0,0
SP-05861,deficit,none,0,0,0,0,0
SP-05862,ok,reserve,5979,0,0,0,0
SP-05863,ok,reserve,32123,0,0,0,0
SP-05864,ok,reserve,2780,0,0,0,0
SP-05865,ok,reserve,4223,0,0,0,0
SP-05866,ok,goals+,0,0,0,3115,27995
SP-05867,ok,debt,0,17250,0,0,362562
SP-05868,ok,reserve,2,0,0,0,0
SP-05869,ok,reserve,15197,0,0,0,0
SP-05870,ok,goals+,0,0,2374,77586,29846
SP-05871,ok,debt,0,11980,0,0,0
SP-05872,ok,debt,654,17708,0,0,0
SP-05873,ok,reserve,18879,0,0,0,0
SP-05874,ok,reserve,78,0,0,0,0
SP-05875,ok,reserve,46194,0,0,0,0
SP-05876,ok,reserve,66549,0,0,0,0
SP-05877,ok,reserve,112832785,0,0,0,0
SP-05878,ok,reserve,16861,0,0,0,0
SP-05879,ok,reserve,38561,0,0,0,0
SP-05880,deficit,none,0,0,0,0,0
SP-05881,ok,goals+,0,0,52795,0,101936
SP-05882,ok,reserve,9214,0,0,0,0
SP-05883,ok,reserve,37770,35637,0,0,0
SP-05884,ok,debt,0,18766,0,0,0
SP-05885,ok,debt,0,17997,0,0,0
SP-05886,deficit,none,0,0,0,0,0
SP-05887,ok,debt,0,5558,0,0,0
SP-05888,ok,goals+,0,0,21625,26125,174262
SP-05889,deficit,none,0,0,0,0,0
SP-05890,ok,debt,2837,21722,0,0,0
SP-05891,ok,reserve,5199,0,0,0,0
SP-05892,deficit,none,0,0,0,0,0
SP-05893,ok,reserve,21175,0,0,0,0
SP-05894,ok,reserve,33567,0,0,0,0
SP-05895,ok,reserve,7152,0,0,0,0
SP-05896,ok,debt,8833,43054,0,0,0
SP-05897,ok,reserve,30877,0,0,0,0
SP-05898,ok,goals+,0,0,0,28923,14912
SP-05899,ok,reserve,93,0,0,0,0
SP-05900,ok,reserve,10144,0,0,0,0
SP-05901,ok,debt,0,12715,0,0,549355
SP-05902,ok,reserve,12585,0,0,0,0
SP-05903,ok,debt,0,2433,0,0,0
SP-05904,ok,reserve,21018,0,0,0,0
SP-05905,ok,reserve,17500,0,0,0,0
SP-05906,ok,reserve,13565,0,0,0,0
SP-05907,ok,goals+,0,0,204,0,64841
SP-05908,ok,reserve,8608,0,0,0,0
SP-05909,ok,reserve,8917,0,0,0,0
SP-05910,deficit,none,0,0,0,0,0
SP-05911,ok,reserve,14299,0,0,0,0
SP-05912,ok,reserve,36832,0,0,15413,0
SP-05913,ok,debt,0,9813,0,0,0
SP-05914,ok,reserve,56557,0,0,0,0
SP-05915,ok,reserve,18986,0,0,0,0
SP-05916,deficit,none,0,0,0,0,0
SP-05917,deficit,none,0,0,0,0,0
SP-05918,ok,reserve,58273,0,0,0,0
SP-05919,ok,reserve,317462118,0,0,0,0
SP-05920,ok,reserve,23234,0,0,0,0
SP-05921,ok,debt,0,11864,0,0,0
SP-05922,deficit,none,0,0,0,0,0
SP-05923,deficit,none,0,0,0,0,0
SP-05924,ok,reserve,24903,0,0,0,0
SP-05925,ok,goals+,0,0,113243,961,599806
SP-05926,ok,reserve,21543,13597,0,0,0
SP-05927,ok,debt,0,6354,0,0,0
SP-05928,deficit,none,0,0,0,0,0
SP-05929,ok,reserve,43492,0,0,0,0
SP-05930,ok,debt,0,23967,0,0,0
SP-05931,deficit,none,0,0,0,0,0
SP-05932,ok,reserve,5719,0,0,0,0
SP-05933,ok,reserve,16836,0,0,0,0
SP-05934,ok,reserve,9404,0,0,0,0
SP-05935,ok,reserve,39885,0,0,0,0
SP-05936,ok,goals+,0,0,41553,0,127260
SP-05937,ok,reserve,5235,0,0,0,0
SP-05938,ok,reserve,14174,0,0,0,0
SP-05939,ok,reserve,4578,0,0,0,0
SP-05940,ok,reserve,2836,0,0,0,0
SP-05941,ok,debt,0,21542,0,0,0
SP-05942,ok,reserve,43879,0,0,0,0
SP-05943,deficit,none,0,0,0,0,0
SP-05944,ok,reserve,18911,0,0,0,0
SP-05945,ok,reserve,553,0,0,0,0
SP-05946,ok,reserve,11983,0,0,0,0
SP-05947,ok,reserve,6070,0,0,0,0
SP-05948,ok,reserve,7785,0,0,0,0
SP-05949,ok,reserve,28979,0,0,0,0
SP-05950,ok,reserve,39105,0,0,0,0
SP-05951,deficit,none,0,0,0,0,0
SP-05952,ok,reserve,8262,0,0,0,0
SP-05953,ok,reserve,18757,0,0,0,0
SP-05954,ok,reserve,18146,7753,0,0,0
SP-05955,ok,reserve,21341,0,0,0,0
SP-05956,ok,debt,0,4562,0,0,0
SP-05957,ok,reserve,40467,0,0,0,0
SP-05958,ok,reserve,123,0,0,0,0
SP-05959,ok,reserve,16453,0,0,0,0
SP-05960,ok,reserve,1900,0,0,0,0
SP-05961,ok,reserve,194552575,0,0,0,0
SP-05962,ok,goals+,0,0,8989,0,344196
SP-05963,ok,reserve,29056,0,0,0,0
SP-05964,deficit,none,0,0,0,0,0
SP-05965,ok,reserve,298,0,0,0,0
SP-05966,ok,reserve,12237,2309,0,0,0
SP-05967,ok,debt,0,57831,0,0,141522
SP-05968,ok,reserve,17954,0,0,0,0
SP-05969,ok,debt,0,3879,0,0,0
SP-05970,deficit,none,0,0,0,0,0
SP-05971,ok,debt,1726,30282,0,0,0
SP-05972,ok,reserve,490,0,0,0,0
SP-05973,ok,reserve,9517,0,0,0,0
SP-05974,deficit,none,0,0,0,0,0
SP-05975,ok,debt,0,4790,0,0,0
SP-05976,ok,reserve,9138,0,0,0,0
SP-05977,ok,reserve,11859,0,0,0,0
SP-05978,ok,reserve,2916,0,0,0,0
SP-05979,ok,reserve,11825,0,0,0,0
SP-05980,ok,reserve,24425,0,0,0,0
SP-05981,ok,reserve,24641,0,0,0,0
SP-05982,ok,reserve,40019,0,0,0,0
SP-05983,ok,reserve,17250,0,0,0,0
SP-05984,ok,debt,0,21629,0,0,0
SP-05985,ok,goals+,0,0,13057,0,1005257
SP-05986,ok,reserve,24521,0,0,0,0
SP-05987,ok,reserve,8537,0,0,0,0
SP-05988,ok,debt,0,33689,0,0,92091
SP-05989,ok,debt,0,12341,0,0,0
SP-05990,deficit,none,0,0,0,0,0
SP-05991,ok,debt,0,4931,0,0,275678
SP-05992,ok,reserve,6682,0,0,0,0
SP-05993,deficit,none,0,0,0,0,0
SP-05994,deficit,none,0,0,0,0,0
SP-05995,ok,reserve,15606,0,0,0,0
SP-05996,ok,reserve,30207,0,0,0,0
SP-05997,deficit,none,0,0,0,0,0
SP-05998,deficit,none,0,0,0,0,0
SP-05999,ok,debt,0,5901,0,0,0
SP-06000,ok,none,0,0,0,0,0
SP-06001,ok,reserve,22823,0,0,0,0
SP-06002,ok,reserve,2740,0,0,0,0
SP-06003,ok,debt,0,281732806,0,0,0
SP-06004,ok,reserve,13081,0,0,0,0
SP-06005,ok,reserve,10221,0,0,0,0
SP-06006,deficit,none,0,0,0,0,0
SP-06007,deficit,none,0,0,0,0,0
SP-06008,ok,goals+,0,0,0,19693,4172
SP-06009,ok,goals+,0,0,51057,0,57065
SP-06010,ok,reserve,12314,0,0,0,0
SP-06011,ok,reserve,2977,0,0,0,0
SP-06012,deficit,none,0,0,0,0,0
SP-06013,ok,reserve,101503,0,0,0,0
SP-06014,ok,reserve,972,0,0,0,0
SP-06015,deficit,none,0,0,0,0,0
SP-06016,ok,debt,0,23573,0,0,85002
SP-06017,ok,reserve,34470,0,14641,4815,0
SP-06018,ok,reserve,4465,0,0,0,0
SP-06019,ok,debt,0,7843,0,0,0
SP-06020,ok,goals+,0,0,6419,4847,114886
SP-06021,ok,goals+,0,0,0,13976,22912
SP-06022,ok,reserve,36371,0,0,0,0
SP-06023,ok,reserve,32606,0,0,0,0
SP-06024,ok,reserve,29866,0,0,0,0
SP-06025,ok,goals+,0,0,8416,0,8931
SP-06026,ok,reserve,19437,0,0,0,0
SP-06027,ok,debt,0,15121,0,0,626824
SP-06028,deficit,none,0,0,0,0,0
SP-06029,ok,debt,0,30494,0,0,0
SP-06030,ok,debt,2388,4099,0,0,0
SP-06031,ok,goals+,0,0,54231,8528,46013
SP-06032,ok,reserve,17063,0,0,0,0
SP-06033,ok,reserve,2703,0,0,0,0
SP-06034,deficit,none,0,0,0,0,0
SP-06035,ok,reserve,11293,0,0,0,0
SP-06036,ok,reserve,62775,0,0,0,0
SP-06037,ok,reserve,8756,0,0,0,0
SP-06038,ok,reserve,20123,0,0,0,0
SP-06039,ok,reserve,17627,0,0,0,0
SP-06040,ok,reserve,11008,0,0,0,0
SP-06041,ok,reserve,95066,0,0,0,0
SP-06042,ok,reserve,20,0,0,0,0
SP-06043,ok,debt,11360,16067,0,0,0
SP-06044,ok,reserve,3288,0,0,0,0
SP-06045,ok,reserve,8926185,0,0,0,0
SP-06046,ok,reserve,47474,0,0,0,0
SP-06047,deficit,none,0,0,0,0,0
SP-06048,deficit,none,0,0,0,0,0
SP-06049,ok,reserve,19279,0,0,0,0
SP-06050,ok,reserve,33195,0,0,0,0
SP-06051,ok,debt,0,33505,0,0,111808
SP-06052,ok,reserve,12469,0,0,0,0
SP-06053,ok,debt,0,21445,0,0,0
SP-06054,deficit,none,0,0,0,0,0
SP-06055,ok,reserve,53638,0,0,0,0
SP-06056,ok,debt,0,10236,0,0,0
SP-06057,ok,debt,0,32457,0,0,0
SP-06058,ok,reserve,21332,0,0,0,0
SP-06059,ok,reserve,12070,0,0,0,0
SP-06060,ok,reserve,36479,0,0,0,0
SP-06061,ok,reserve,15952,0,0,0,0
SP-06062,ok,goals+,0,0,0,13634,15518
SP-06063,ok,reserve,43654,0,0,0,0
SP-06064,ok,debt,0,5928,0,0,0
SP-06065,deficit,none,0,0,0,0,0
SP-06066,ok,debt,0,12690,0,0,0
SP-06067,ok,reserve,14844,0,0,0,0
SP-06068,ok,reserve,12063,0,0,0,0
SP-06069,ok,debt,0,16487,0,0,686002
SP-06070,ok,goals+,0,0,2289,35364,178890
SP-06071,ok,reserve,21745,0,2148,0,0
SP-06072,ok,reserve,10824,0,0,0,0
SP-06073,ok,reserve,13707,0,0,0,0
SP-06074,ok,reserve,6798,0,0,0,0
SP-06075,ok,reserve,963,0,0,0,0
SP-06076,ok,reserve,8381,0,0,0,0
SP-06077,ok,reserve,1708,0,0,0,0
SP-06078,ok,reserve,26134,0,0,0,0
SP-06079,ok,debt,0,10065,0,0,250544
SP-06080,deficit,none,0,0,0,0,0
SP-06081,ok,reserve,6791,0,0,0,0
SP-06082,ok,reserve,4756,0,0,0,0
SP-06083,ok,reserve,12198,3399,0,0,0
SP-06084,ok,reserve,204,0,0,0,0
SP-06085,deficit,none,0,0,0,0,0
SP-06086,ok,reserve,68938,0,0,0,0
SP-06087,ok,reserve,800096119,0,0,0,0
SP-06088,ok,debt,0,6341,0,0,76734
SP-06089,ok,reserve,13435,0,0,0,0
SP-06090,deficit,none,0,0,0,0,0
SP-06091,ok,reserve,1161,0,0,0,0
SP-06092,ok,reserve,15814,0,0,0,0
SP-06093,ok,goals+,0,0,0,80158,220664
SP-06094,deficit,none,0,0,0,0,0
SP-06095,ok,reserve,11507,0,0,0,0
SP-06096,deficit,none,0,0,0,0,0
SP-06097,ok,reserve,12697,0,0,0,0
SP-06098,ok,reserve,1686,0,0,0,0
SP-06099,deficit,none,0,0,0,0,0
SP-06100,ok,reserve,2230,0,0,0,0
SP-06101,ok,reserve,3306,0,0,0,0
SP-06102,deficit,none,0,0,0,0,0
SP-06103,deficit,none,0,0,0,0,0
SP-06104,deficit,none,0,0,0,0,0
SP-06105,ok,goals+,0,0,0,14774,62108
SP-06106,deficit,none,0,0,0,0,0
SP-06107,ok,reserve,21469,0,0,0,0
SP-06108,deficit,none,0,0,0,0,0
SP-06109,ok,reserve,411,0,0,0,0
SP-06110,ok,goals+,0,0,0,10431,261637
SP-06111,ok,debt,0,3656,0,0,675779
SP-06112,ok,debt,0,10471,0,0,0
SP-06113,ok,debt,0,4791,0,0,0
SP-06114,ok,reserve,7116,0,0,0,0
SP-06115,ok,reserve,7990,0,0,0,0
SP-06116,ok,reserve,49547,0,0,0,0
SP-06117,ok,reserve,8154,0,0,0,0
SP-06118,ok,debt,12786,26215,0,0,0
SP-06119,ok,debt,0,1282,0,0,0
SP-06120,ok,reserve,2070,0,0,0,0
SP-06121,ok,reserve,8839,0,0,0,0
SP-06122,ok,reserve,26615,0,0,0,0
SP-06123,ok,reserve,17787,0,0,0,0
SP-06124,ok,reserve,10391,0,0,0,0
SP-06125,ok,reserve,2940,0,0,0,0
SP-06126,ok,goals+,0,0,6,0,878
SP-06127,ok,debt,0,1785,0,0,0
SP-06128,ok,debt,0,14459,0,0,0
SP-06129,ok,reserve,1456980971,0,0,0,0
SP-06130,ok,reserve,16006,0,0,0,0
SP-06131,ok,reserve,14421,0,0,0,0
SP-06132,deficit,none,0,0,0,0,0
SP-06133,ok,reserve,40229,0,0,0,0
SP-06134,ok,reserve,9904,0,0,0,0
SP-06135,ok,debt,0,31658,0,0,2708
SP-06136,ok,reserve,6360,0,0,0,0
SP-06137,ok,reserve,270,0,0,0,0
SP-06138,deficit,none,0,0,0,0,0
SP-06139,ok,reserve,8749,0,0,0,0
SP-06140,ok,goals+,0,0,7202,0,66788
SP-06141,deficit,none,0,0,0,0,0
SP-06142,ok,reserve,18385,0,0,0,0
SP-06143,ok,reserve,11081,0,0,0,0
SP-06144,ok,reserve,8207,0,0,0,0
SP-06145,deficit,none,0,0,0,0,0
SP-06146,ok,reserve,10448,0,0,0,0
SP-06147,ok,debt,0,19941,0,0,0
SP-06148,ok,goals+,0,0,15597,0,44395
SP-06149,ok,reserve,6359,0,0,0,0
SP-06150,ok,debt,0,18990,0,0,0
SP-06151,ok,reserve,261,0,0,0,0
SP-06152,ok,debt,0,21921,0,0,0
SP-06153,ok,debt,0,16281,0,0,4401305
SP-06154,ok,debt,0,21889,0,0,0
SP-06155,ok,reserve,24512,0,0,0,0
SP-06156,ok,debt,0,28154,0,0,0
SP-06157,ok,reserve,49689,0,0,0,0
SP-06158,ok,reserve,2543,0,0,0,0
SP-06159,ok,reserve,2809,0,0,0,0
SP-06160,ok,reserve,18700,0,0,0,0
SP-06161,ok,goals+,7446,0,0,33594,0
SP-06162,ok,reserve,29927,0,0,0,0
SP-06163,ok,reserve,26404,142,0,0,0
SP-06164,ok,reserve,6181,3083,0,0,0
SP-06165,ok,reserve,38404,0,0,0,0
SP-06166,ok,reserve,18307,0,0,0,0
SP-06167,ok,reserve,30265,0,0,0,0
SP-06168,ok,reserve,194,0,0,0,0
SP-06169,ok,debt,0,18331,0,0,31132
SP-06170,ok,goals+,0,0,6091,0,81058
SP-06171,ok,reserve,281769407,0,0,0,0
SP-06172,ok,reserve,19319,0,0,0,0
SP-06173,ok,reserve,14750,0,0,0,0
SP-06174,deficit,none,0,0,0,0,0
SP-06175,ok,reserve,25241,1402,0,0,0
SP-06176,ok,debt,0,6272,0,0,32194
SP-06177,ok,debt,0,22016,0,0,0
SP-06178,ok,reserve,6605,0,0,0,0
SP-06179,ok,reserve,22850,0,0,0,0
SP-06180,deficit,none,0,0,0,0,0
SP-06181,ok,reserve,40936,0,0,0,0
SP-06182,ok,goals+,0,0,7976,0,32517
SP-06183,deficit,none,0,0,0,0,0
SP-06184,deficit,none,0,0,0,0,65536
SP-06185,ok,reserve,15880,0,0,0,0
SP-06186,deficit,none,0,0,0,0,0
SP-06187,ok,reserve,21292,0,0,0,0
SP-06188,deficit,none,0,0,0,0,0
SP-06189,ok,debt,0,4189,0,0,0
SP-06190,ok,reserve,13434,0,0,0,0
SP-06191,ok,reserve,9894,0,0,0,0
SP-06192,ok,debt,0,28437,0,0,0
SP-06193,ok,reserve,3145,0,0,0,0
SP-06194,deficit,none,0,0,0,0,0
SP-06195,ok,goals+,0,0,29039,509,853482
SP-06196,ok,reserve,39659,0,0,0,0
SP-06197,ok,reserve,32731,0,0,0,0
SP-06198,ok,reserve,5354,0,0,0,0
SP-06199,ok,debt,0,10479,0,0,0
SP-06200,ok,reserve,3377,0,0,0,0
SP-06201,ok,debt,0,4290,0,0,0
SP-06202,ok,reserve,780,0,0,0,0
SP-06203,ok,reserve,4901,0,0,0,0
SP-06204,ok,reserve,6581,0,0,0,0
SP-06205,ok,reserve,3855,0,0,0,0
SP-06206,ok,reserve,18641,0,0,0,0
SP-06207,ok,reserve,2952,0,0,0,0
SP-06208,ok,reserve,74420,0,0,0,0
SP-06209,ok,debt,0,16056,0,0,0
SP-06210,ok,goals+,0,0,33,108,64
SP-06211,ok,reserve,9847,0,0,0,0
SP-06212,ok,reserve,5134,0,0,0,0
SP-06213,deficit,none,0,0,0,0,0
SP-06214,ok,debt,0,27096,0,0,0
SP-06215,ok,reserve,27846,0,0,0,0
SP-06216,deficit,none,0,0,0,0,0
SP-06217,ok,reserve,14767,0,0,0,0
SP-06218,ok,reserve,1448,0,0,0,0
SP-06219,ok,goals+,0,0,17049,56557,31101
SP-06220,ok,reserve,22330,0,0,0,0
SP-06221,ok,reserve,704,0,0,0,0
SP-06222,deficit,none,0,0,0,0,0
SP-06223,ok,debt,0,3752,0,0,0
SP-06224,ok,reserve,15580,0,0,0,0
SP-06225,deficit,none,0,0,0,0,0
SP-06226,deficit,none,0,0,0,0,0
SP-06227,ok,debt,222,14888,0,0,0
SP-06228,ok,reserve,33705,0,0,0,0
SP-06229,ok,reserve,27850,0,0,0,0
SP-06230,deficit,none,0,0,0,0,0
SP-06231,ok,reserve,6942,0,0,0,0
SP-06232,ok,reserve,1197,0,0,0,0
SP-06233,ok,goals+,0,0,0,10253,87781
SP-06234,ok,reserve,9005,0,0,0,0
SP-06235,ok,debt,0,3625,0,0,67662
SP-06236,ok,reserve,7214,0,0,0,0
SP-06237,ok,debt,0,11162,0,0,401492
SP-06238,ok,reserve,32419,0,0,0,0
SP-06239,ok,reserve,24061,0,0,0,0
SP-06240,ok,reserve,2024,0,0,0,0
SP-06241,ok,reserve,14727,0,0,0,0
SP-06242,ok,debt,0,31892,0,0,0
SP-06243,ok,debt,0,8822,0,0,0
SP-06244,ok,reserve,12800,0,0,0,0
SP-06245,ok,reserve,47307,0,0,0,0
SP-06246,ok,reserve,4038,0,0,0,0
SP-06247,ok,debt,0,5980,0,0,0
SP-06248,ok,debt,0,28724,0,0,0
SP-06249,ok,reserve,252,0,0,0,0
SP-06250,ok,reserve,21948,0,0,0,0
SP-06251,ok,reserve,33425,0,0,0,0
SP-06252,ok,reserve,32,0,0,0,0
SP-06253,ok,reserve,15248,0,0,0,0
SP-06254,ok,reserve,7474,0,0,0,0
SP-06255,ok,debt,0,579398816,0,0,0
SP-06256,ok,reserve,10957,0,0,0,0
SP-06257,deficit,none,0,0,0,0,0
SP-06258,deficit,none,0,0,0,0,0
SP-06259,ok,reserve,49853,0,0,0,0
SP-06260,ok,debt,0,6489,0,0,0
SP-06261,ok,goals+,0,0,60803,49143,350644
SP-06262,deficit,none,0,0,0,0,0
SP-06263,ok,debt,2212,33924,0,0,0
SP-06264,deficit,none,0,0,0,0,0
SP-06265,ok,reserve,2061,0,0,0,0
SP-06266,ok,reserve,714,0,0,0,0
SP-06267,deficit,none,0,0,0,0,0
SP-06268,ok,reserve,13501,0,0,0,0
SP-06269,ok,debt,0,606,0,0,0
SP-06270,ok,reserve,15551,0,0,0,0
SP-06271,ok,reserve,5889,0,0,0,0
SP-06272,deficit,none,0,0,0,0,0
SP-06273,ok,reserve,10209,0,0,0,0
SP-06274,ok,debt,0,1959,0,0,0
SP-06275,ok,reserve,4451,0,0,0,0
SP-06276,ok,reserve,10303,0,0,0,0
SP-06277,ok,reserve,14809,0,0,0,0
SP-06278,deficit,none,0,0,0,0,0
SP-06279,deficit,none,0,0,0,0,470651
SP-06280,deficit,none,0,0,0,0,0
SP-06281,deficit,none,0,0,0,0,0
SP-06282,ok,debt,0,22234,0,0,0
SP-06283,ok,reserve,3989,0,0,0,0
SP-06284,ok,debt,0,26971,0,0,0
SP-06285,ok,debt,0,8249,0,0,0
SP-06286,ok,reserve,13945,763,0,0,0
SP-06287,ok,reserve,11075,0,0,0,0
SP-06288,deficit,none,0,0,0,0,0
SP-06289,ok,debt,0,10173,0,0,0
SP-06290,ok,reserve,24085,22687,0,0,0
SP-06291,ok,debt,0,5552,0,0,0
SP-06292,ok,reserve,39808,0,0,0,0
SP-06293,ok,reserve,16329,0,0,0,0
SP-06294,ok,reserve,205,0,0,0,0
SP-06295,ok,reserve,36191,7255,0,0,0
SP-06296,ok,reserve,22349,0,0,0,0
SP-06297,ok,reserve,757521691,0,0,0,0
SP-06298,ok,reserve,21660,0,0,0,0
SP-06299,ok,goals+,2706,0,24012,0,0
SP-06300,deficit,none,0,0,0,0,0
SP-06301,ok,reserve,27883,0,0,0,0
SP-06302,ok,debt,0,11524,0,0,0
SP-06303,ok,goals+,0,0,37365,25122,14990
SP-06304,ok,reserve,141,0,0,0,0
SP-06305,deficit,none,0,0,0,0,0
SP-06306,deficit,none,0,0,0,0,0
SP-06307,ok,reserve,4082,0,0,0,0
SP-06308,ok,reserve,29094,0,0,0,0
SP-06309,deficit,none,0,0,0,0,0
SP-06310,ok,reserve,14215,0,0,0,0
SP-06311,deficit,none,0,0,0,0,0
SP-06312,ok,reserve,39843,0,0,0,0
SP-06313,ok,reserve,1879,0,0,0,0
SP-06314,ok,reserve,8622,0,0,0,0
SP-06315,deficit,none,0,0,0,0,0
SP-06316,deficit,none,0,0,0,0,0
SP-06317,ok,reserve,33610,0,0,0,0
SP-06318,ok,reserve,18096,0,0,0,0
SP-06319,ok,reserve,30073,340,0,0,0
SP-06320,ok,reserve,6119,0,0,0,0
SP-06321,ok,goals+,0,0,47016,0,1862914
SP-06322,ok,debt,1631,30103,0,0,0
SP-06323,ok,reserve,56113,0,0,0,0
SP-06324,deficit,none,0,0,0,0,0
SP-06325,ok,debt,0,10974,0,0,0
SP-06326,ok,reserve,6269,0,0,0,0
SP-06327,ok,reserve,4969,0,0,0,0
SP-06328,ok,reserve,3525,0,0,0,0
SP-06329,ok,reserve,35654,0,0,0,0
SP-06330,ok,goals+,0,0,0,25035,175920
SP-06331,deficit,none,0,0,0,0,0
SP-06332,deficit,none,0,0,0,0,0
SP-06333,ok,debt,0,11790,0,0,0
SP-06334,ok,reserve,31761,0,0,0,0
SP-06335,ok,goals+,0,0,0,37182,63044
SP-06336,ok,reserve,123,0,0,0,0
SP-06337,ok,reserve,5498,0,0,0,0
SP-06338,ok,reserve,3484,0,0,0,0
SP-06339,ok,reserve,181224820,0,0,0,0
SP-06340,deficit,none,0,0,0,0,0
SP-06341,ok,reserve,15819,0,0,0,0
SP-06342,deficit,none,0,0,0,0,0
SP-06343,ok,reserve,9181,0,0,0,0
SP-06344,ok,debt,0,2012,0,0,0
SP-06345,ok,goals+,0,0,43793,0,240053
SP-06346,ok,reserve,51899,0,0,0,0
SP-06347,ok,debt,0,39321,0,0,0
SP-06348,deficit,none,0,0,0,0,0
SP-06349,deficit,none,0,0,0,0,0
SP-06350,deficit,none,0,0,0,0,0
SP-06351,deficit,none,0,0,0,0,0
SP-06352,ok,reserve,10109,0,0,0,0
SP-06353,ok,reserve,34269,0,0,0,0
SP-06354,deficit,none,0,0,0,0,0
SP-06355,ok,goals+,0,0,4047,0,169521
SP-06356,ok,debt,0,86,0,0,0
SP-06357,ok,debt,0,19561,0,0,0
SP-06358,ok,reserve,9875,0,0,0,0
SP-06359,ok,reserve,1165,0,0,0,0
SP-06360,ok,reserve,2534,0,0,0,0
SP-06361,ok,debt,0,16174,0,0,0
SP-06362,ok,reserve,31056,0,0,0,0
SP-06363,deficit,none,0,0,0,0,0
SP-06364,ok,reserve,5240,0,0,0,0
SP-06365,ok,reserve,136614,0,0,0,0
SP-06366,ok,reserve,3082,0,0,0,0
SP-06367,ok,reserve,12608,0,0,0,0
SP-06368,deficit,none,0,0,0,0,0
SP-06369,ok,reserve,21580,0,0,0,0
SP-06370,ok,debt,0,1152,0,0,0
SP-06371,ok,reserve,22552,0,0,0,0
SP-06372,deficit,none,0,0,0,0,0
SP-06373,deficit,none,0,0,0,0,0
SP-06374,ok,debt,0,19190,0,0,0
SP-06375,ok,reserve,11188,0,0,0,0
SP-06376,ok,debt,0,22496,0,0,0
SP-06377,deficit,none,0,0,0,0,232067
SP-06378,ok,reserve,6,0,0,0,0
SP-06379,ok,goals+,0,0,26007,0,24391
SP-06380,ok,reserve,32179,0,0,0,0
SP-06381,deficit,none,0,0,0,0,0
SP-06382,ok,debt,0,593,0,0,0
SP-06383,ok,goals+,0,0,36925,2668,6422
SP-06384,deficit,none,0,0,0,0,0
SP-06385,ok,debt,0,13659,0,0,0
SP-06386,ok,reserve,3338,0,0,0,0
SP-06387,ok,goals+,0,0,0,33851,77761
SP-06388,ok,goals+,0,0,1629,0,226090
SP-06389,ok,reserve,8575,0,0,0,0
SP-06390,deficit,none,0,0,0,0,0
SP-06391,ok,reserve,63110,0,0,0,0
SP-06392,ok,reserve,59405,0,0,0,0
SP-06393,deficit,none,0,0,0,0,0
SP-06394,ok,reserve,2987,0,0,0,0
SP-06395,deficit,none,0,0,0,0,0
SP-06396,ok,reserve,31305,0,0,0,0
SP-06397,deficit,none,0,0,0,0,0
SP-06398,ok,debt,0,30419,0,0,0
SP-06399,ok,reserve,21526,0,0,0,0
SP-06400,ok,debt,0,7994,0,0,7970
SP-06401,ok,reserve,57764,0,0,0,0
SP-06402,ok,debt,0,112,0,0,0
SP-06403,ok,reserve,4366,0,0,0,0
SP-06404,ok,reserve,9591,0,0,0,0
SP-06405,ok,debt,0,26227,0,0,4357822
SP-06406,ok,reserve,130772,0,0,0,0
SP-06407,ok,reserve,18398,14305,0,0,0
SP-06408,ok,reserve,6997,0,0,0,0
SP-06409,ok,goals+,8425,0,1272,14413,0
SP-06410,ok,debt,0,7731,0,0,0
SP-06411,ok,reserve,10501,0,0,0,0
SP-06412,ok,reserve,15211,0,0,0,0
SP-06413,ok,reserve,2202,0,0,0,0
SP-06414,ok,reserve,4344,0,0,0,0
SP-06415,ok,reserve,6494,0,0,0,0
SP-06416,ok,reserve,10724,0,0,0,0
SP-06417,ok,reserve,23552,0,0,0,0
SP-06418,deficit,none,0,0,0,0,0
SP-06419,ok,debt,0,4479,0,0,0
SP-06420,ok,goals+,0,0,30,0,647
SP-06421,ok,debt,0,36337,0,0,0
SP-06422,ok,reserve,5163,0,0,0,0
SP-06423,ok,reserve,1043565397,0,0,0,0
SP-06424,ok,reserve,1278,0,0,0,0
SP-06425,ok,reserve,37813,0,0,0,0
SP-06426,deficit,none,0,0,0,0,0
SP-06427,ok,goals+,0,0,12432,31632,176764
SP-06428,deficit,none,0,0,0,0,0
SP-06429,ok,debt,0,32042,0,0,73828
SP-06430,deficit,none,0,0,0,0,0
SP-06431,ok,reserve,23914,4349,0,0,0
SP-06432,deficit,none,0,0,0,0,0
SP-06433,ok,reserve,65639,0,0,0,0
SP-06434,ok,reserve,45132,0,0,0,0
SP-06435,deficit,none,0,0,0,0,0
SP-06436,ok,reserve,7904,0,0,0,0
SP-06437,ok,debt,0,4153,0,0,0
SP-06438,ok,reserve,4121,0,0,0,0
SP-06439,deficit,none,0,0,0,0,0
SP-06440,ok,reserve,52520,0,0,0,0
SP-06441,deficit,none,0,0,0,0,0
SP-06442,ok,debt,0,51282,0,0,0
SP-06443,ok,reserve,33759,0,0,0,0
SP-06444,ok,reserve,857,0,0,0,0
SP-06445,ok,reserve,26148,0,0,0,0
SP-06446,ok,debt,0,11221,0,0,0
SP-06447,ok,goals+,0,0,3796,16811,3307699
SP-06448,deficit,none,0,0,0,0,0
SP-06449,ok,debt,5267,6658,0,0,0
SP-06450,ok,reserve,10121,0,0,0,0
SP-06451,deficit,none,0,0,0,0,0
SP-06452,ok,reserve,7083,0,0,0,0
SP-06453,ok,debt,0,7466,0,0,0
SP-06454,deficit,none,0,0,0,0,0
SP-06455,ok,reserve,25873,0,0,0,0
SP-06456,ok,goals+,0,0,35909,0,5271
SP-06457,deficit,none,0,0,0,0,0
SP-06458,ok,debt,0,8634,0,0,0
SP-06459,ok,debt,0,19703,0,0,0
SP-06460,ok,debt,0,19226,0,0,0
SP-06461,ok,reserve,29183,0,0,0,0
SP-06462,ok,reserve,80,0,0,0,0
SP-06463,deficit,none,0,0,0,0,0
SP-06464,ok,reserve,10776,0,0,0,0
SP-06465,ok,reserve,113588047,0,0,0,0
SP-06466,ok,reserve,2528,0,0,0,0
SP-06467,ok,reserve,22594,0,0,0,0
SP-06468,deficit,none,0,0,0,0,0
SP-06469,ok,reserve,33349,0,0,0,0
SP-06470,ok,reserve,22894,7961,0,0,0
SP-06471,ok,goals+,0,0,0,127894,176295
SP-06472,ok,reserve,17290,0,12056,0,0
SP-06473,ok,debt,0,1006,0,0,0
SP-06474,deficit,none,0,0,0,0,0
SP-06475,ok,debt,0,65958,0,0,0
SP-06476,ok,reserve,5863,0,0,0,0
SP-06477,deficit,none,0,0,0,0,0
SP-06478,ok,goals+,0,0,11199,0,71723
SP-06479,ok,reserve,1178,0,0,0,0
SP-06480,ok,reserve,8529,0,0,0,0
SP-06481,deficit,none,0,0,0,0,0
SP-06482,ok,debt,0,20122,0,0,26853
SP-06483,ok,reserve,26952,0,0,0,0
SP-06484,ok,reserve,50266,0,0,0,0
SP-06485,ok,reserve,70800,0,0,0,0
SP-06486,ok,reserve,11310,0,0,0,0
SP-06487,ok,reserve,2995,0,0,0,0
SP-06488,ok,goals+,0,0,11763,0,24638
SP-06489,ok,debt,0,3205,0,0,2429603
SP-06490,ok,reserve,3711,0,0,0,0
SP-06491,deficit,none,0,0,0,0,0
SP-06492,ok,reserve,13216,0,0,0,0
SP-06493,ok,debt,0,14111,0,0,145653
SP-06494,ok,reserve,26372,0,0,0,0
SP-06495,ok,reserve,12282,0,0,0,0
SP-06496,ok,goals+,0,0,1921,0,132186
SP-06497,ok,reserve,35999,0,0,0,0
SP-06498,ok,reserve,12407,0,0,0,0
SP-06499,deficit,none,0,0,0,0,0
SP-06500,ok,debt,0,22705,0,0,0
SP-06501,ok,reserve,10134,0,0,0,0
SP-06502,ok,reserve,5471,0,0,0,0
SP-06503,ok,debt,0,1015,0,0,0
SP-06504,ok,reserve,17,0,2,0,0
SP-06505,ok,reserve,37716,0,0,0,0
SP-06506,ok,reserve,9738,0,0,0,0
SP-06507,ok,reserve,940680955,0,0,0,0
SP-06508,deficit,none,0,0,0,0,0
SP-06509,ok,debt,0,30920,0,0,0
SP-06510,deficit,none,0,0,0,0,0
SP-06511,ok,reserve,33679,0,0,0,0
SP-06512,ok,reserve,68027,0,0,0,0
SP-06513,ok,reserve,9484,0,0,0,0
SP-06514,deficit,none,0,0,0,0,0
SP-06515,ok,reserve,23693,0,0,0,0
SP-06516,deficit,none,0,0,0,0,0
SP-06517,ok,reserve,2399,0,0,0,0
SP-06518,deficit,none,0,0,0,0,0
SP-06519,deficit,none,0,0,0,0,0
SP-06520,ok,reserve,12033,0,0,0,0
SP-06521,ok,reserve,12259,0,0,0,0
SP-06522,ok,reserve,30401,0,0,0,0
SP-06523,ok,reserve,12219,0,0,0,0
SP-06524,ok,debt,0,43456,0,0,0
SP-06525,ok,goals+,0,0,0,21522,50531
SP-06526,ok,goals+,0,0,7840,0,89040
SP-06527,ok,reserve,15829,0,0,0,0
SP-06528,ok,reserve,12760,0,0,0,0
SP-06529,ok,debt,0,22160,0,0,0
SP-06530,ok,reserve,15463,0,10751,0,0
SP-06531,ok,goals+,0,0,17466,0,1650118
SP-06532,ok,reserve,10394,0,0,0,0
SP-06533,deficit,none,0,0,0,0,0
SP-06534,ok,reserve,40752,0,0,0,0
SP-06535,ok,goals+,0,0,1491,0,271463
SP-06536,ok,reserve,32248,0,0,0,0
SP-06537,ok,debt,0,11865,0,0,1247
SP-06538,deficit,none,0,0,0,0,0
SP-06539,ok,debt,0,15107,0,0,0
SP-06540,deficit,none,0,0,0,0,0
SP-06541,deficit,none,0,0,0,0,0
SP-06542,ok,reserve,25151,0,0,0,0
SP-06543,ok,reserve,22985,0,3420,0,0
SP-06544,ok,reserve,6037,0,0,0,0
SP-06545,deficit,none,0,0,0,0,0
SP-06546,ok,reserve,54,0,0,0,0
SP-06547,ok,reserve,7451,0,0,0,0
SP-06548,ok,debt,0,10263,0,0,0
SP-06549,ok,reserve,466145093,0,0,0,0
SP-06550,ok,reserve,11770,0,0,0,0
SP-06551,ok,reserve,24087,5,0,0,0
SP-06552,deficit,none,0,0,0,0,0
SP-06553,ok,reserve,16481,0,0,0,0
SP-06554,ok,reserve,18050,0,0,0,0
SP-06555,ok,debt,0,24039,0,0,0
SP-06556,ok,reserve,33529,0,0,0,0
SP-06557,ok,debt,4738,6320,0,0,0
SP-06558,deficit,none,0,0,0,0,0
SP-06559,ok,reserve,13777,0,0,0,0
SP-06560,deficit,none,0,0,0,0,0
SP-06561,deficit,none,0,0,0,0,0
SP-06562,ok,debt,0,1548,0,0,0
SP-06563,deficit,none,0,0,0,0,0
SP-06564,ok,reserve,27056,0,0,0,0
SP-06565,ok,reserve,7112,0,0,0,0
SP-06566,ok,reserve,7960,4275,0,0,0
SP-06567,ok,debt,0,93531,0,0,0
SP-06568,ok,reserve,14279,0,0,0,0
SP-06569,ok,debt,0,2092,0,0,0
SP-06570,ok,goals+,0,0,0,50738,799449
SP-06571,ok,debt,0,20107,0,0,0
SP-06572,ok,debt,0,3343,0,0,33080
SP-06573,ok,goals+,0,0,0,23405,1041557
SP-06574,ok,reserve,13093,0,0,0,0
SP-06575,ok,reserve,27949,0,0,0,0
SP-06576,ok,reserve,9662,0,0,0,0
SP-06577,ok,reserve,10657,0,0,0,0
SP-06578,ok,debt,0,18434,0,0,0
SP-06579,ok,reserve,8783,0,0,0,0
SP-06580,ok,debt,0,12654,0,0,0
SP-06581,ok,reserve,22992,0,0,0,0
SP-06582,ok,reserve,40173,0,0,0,0
SP-06583,ok,reserve,4974,0,0,0,0
SP-06584,ok,reserve,148398,0,0,0,0
SP-06585,ok,reserve,19337,0,0,0,0
SP-06586,ok,reserve,358,0,0,0,0
SP-06587,ok,goals+,0,0,3434,0,1766
SP-06588,ok,none,0,0,0,0,0
SP-06589,ok,reserve,5615,0,0,0,0
SP-06590,ok,debt,0,3782,0,0,0
SP-06591,ok,reserve,228534775,0,0,0,0
SP-06592,ok,reserve,11110,0,0,0,0
SP-06593,ok,debt,0,2287,0,0,0
SP-06594,deficit,none,0,0,0,0,0
SP-06595,ok,reserve,27417,0,0,0,0
SP-06596,ok,reserve,21598,0,0,0,0
SP-06597,ok,goals+,0,0,44611,0,56916
SP-06598,ok,reserve,26461,0,0,0,0
SP-06599,deficit,none,0,0,0,0,0
SP-06600,deficit,none,0,0,0,0,0
SP-06601,ok,reserve,31276,0,0,0,0
SP-06602,ok,reserve,14873,0,0,0,0
SP-06603,ok,debt,6838,22255,0,0,0
SP-06604,ok,goals+,0,0,0,35928,26490
SP-06605,ok,reserve,10428,0,0,0,0
SP-06606,ok,reserve,62887,0,0,0,0
SP-06607,ok,reserve,16127,0,0,0,0
SP-06608,ok,reserve,25120,0,0,0,0
SP-06609,ok,reserve,25169,0,0,0,0
SP-06610,ok,debt,0,36547,0,0,344025
SP-06611,deficit,none,0,0,0,0,0
SP-06612,ok,reserve,3129,0,0,0,0
SP-06613,ok,reserve,10376,0,0,0,0
SP-06614,ok,reserve,4195,0,0,0,0
SP-06615,ok,goals+,0,0,0,17084,1548902
SP-06616,ok,reserve,8252,0,0,0,0
SP-06617,ok,reserve,12220,0,7968,0,0
SP-06618,ok,reserve,5999,0,0,0,0
SP-06619,ok,reserve,18560,0,0,0,0
SP-06620,ok,debt,0,26810,0,0,0
SP-06621,ok,reserve,1508,0,0,0,0
SP-06622,deficit,none,0,0,0,0,0
SP-06623,ok,debt,0,24333,0,0,0
SP-06624,ok,reserve,9837,0,0,0,0
SP-06625,ok,reserve,873,0,0,0,0
SP-06626,deficit,none,0,0,0,0,0
SP-06627,ok,reserve,21334,0,0,0,0
SP-06628,ok,reserve,65704,0,0,0,0
SP-06629,ok,reserve,13698,0,0,0,0
SP-06630,ok,reserve,102,0,0,0,0
SP-06631,ok,reserve,27474,0,0,0,0
SP-06632,ok,reserve,10622,0,0,0,0
SP-06633,ok,debt,0,1697988441,0,0,0
SP-06634,ok,debt,8470,22525,0,0,0
SP-06635,ok,debt,0,8060,0,0,837686
SP-06636,deficit,none,0,0,0,0,0
SP-06637,ok,reserve,147,0,0,0,0
SP-06638,ok,reserve,3958,0,0,0,0
SP-06639,ok,goals+,0,0,31280,0,66706
SP-06640,ok,reserve,40543,0,0,0,0
SP-06641,ok,goals+,0,0,16666,0,113857
SP-06642,deficit,none,0,0,0,0,0
SP-06643,ok,reserve,5099,0,0,0,0
SP-06644,ok,reserve,12538,0,0,0,0
SP-06645,deficit,none,0,0,0,0,0
SP-06646,ok,reserve,27758,0,0,0,0
SP-06647,ok,reserve,50923,0,0,0,0
SP-06648,deficit,none,0,0,0,0,0
SP-06649,ok,debt,0,8698,0,0,0
SP-06650,ok,debt,0,6809,0,0,0
SP-06651,ok,reserve,15954,0,0,0,0
SP-06652,deficit,none,0,0,0,0,0
SP-06653,ok,debt,0,20203,0,0,0
SP-06654,ok,reserve,10736,0,0,0,0
SP-06655,deficit,none,0,0,0,0,0
SP-06656,ok,reserve,2087,0,0,0,0
SP-06657,ok,debt,0,3148,0,0,2223117
SP-06658,ok,reserve,7160,0,0,0,0
SP-06659,ok,debt,0,2734,0,0,0
SP-06660,ok,debt,0,5434,0,0,0
SP-06661,ok,reserve,6104,0,0,0,0
SP-06662,ok,goals+,0,0,0,559,5317
SP-06663,ok,reserve,4827,0,0,0,0
SP-06664,ok,reserve,7208,0,0,0,0
SP-06665,ok,reserve,19302,0,0,0,0
SP-06666,deficit,none,0,0,0,0,0
SP-06667,ok,debt,0,4664,0,0,0
SP-06668,deficit,none,0,0,0,0,0
SP-06669,ok,debt,0,13676,0,0,0
SP-06670,ok,reserve,13119,0,0,0,0
SP-06671,ok,reserve,11967,0,0,0,0
SP-06672,ok,reserve,52,0,0,0,0
SP-06673,ok,reserve,10694,0,0,0,0
SP-06674,ok,reserve,4523,0,0,0,0
SP-06675,ok,reserve,623613304,0,0,0,0
SP-06676,ok,debt,0,29227,0,0,0
SP-06677,ok,debt,0,27822,0,0,48666
SP-06678,deficit,none,0,0,0,0,0
SP-06679,ok,reserve,20101,0,0,0,0
SP-06680,ok,reserve,72480,0,0,0,0
SP-06681,ok,goals+,0,0,0,89755,100353
SP-06682,ok,reserve,25401,0,0,0,0
SP-06683,deficit,none,0,0,0,0,0
SP-06684,deficit,none,0,0,0,0,0
SP-06685,ok,reserve,12880,0,0,0,0
SP-06686,ok,debt,0,9705,0,0,0
SP-06687,deficit,none,0,0,0,0,0
SP-06688,ok,reserve,21128,8110,0,0,0
SP-06689,ok,reserve,26514,0,0,0,0
SP-06690,deficit,none,0,0,0,0,0
SP-06691,ok,reserve,22845,0,0,0,0
SP-06692,deficit,none,0,0,0,0,0
SP-06693,ok,reserve,9832,0,0,0,0
SP-06694,ok,reserve,14803,0,0,0,0
SP-06695,ok,debt,0,14091,0,0,0
SP-06696,ok,debt,0,2840,0,0,0
SP-06697,ok,reserve,22535,0,0,0,0
SP-06698,ok,reserve,10657,0,1806,0,0
SP-06699,deficit,none,0,0,0,0,534979
SP-06700,deficit,none,0,0,0,0,0
SP-06701,ok,debt,0,16158,0,0,0
SP-06702,deficit,none,0,0,0,0,0
SP-06703,deficit,none,0,0,0,0,0
SP-06704,ok,reserve,5708,0,0,0,0
SP-06705,ok,debt,0,3190,0,0,0
SP-06706,ok,reserve,2414,0,0,0,0
SP-06707,ok,debt,0,11640,0,0,0
SP-06708,deficit,none,0,0,0,0,0
SP-06709,ok,reserve,54759,0,0,0,0
SP-06710,ok,reserve,34078,0,0,0,0
SP-06711,ok,reserve,4574,0,0,0,0
SP-06712,ok,reserve,9668,0,0,0,0
SP-06713,ok,reserve,5330,0,0,0,0
SP-06714,deficit,none,0,0,0,0,0
SP-06715,ok,debt,0,20171,0,0,0
SP-06716,ok,reserve,84592,0,0,0,0
SP-06717,ok,reserve,585630327,0,0,0,0
SP-06718,ok,reserve,48460,0,0,0,0
SP-06719,ok,debt,0,482,0,0,0
SP-06720,deficit,none,0,0,0,0,0
SP-06721,ok,goals+,0,0,0,6941,118233
SP-06722,ok,debt,13956,34535,0,0,0
SP-06723,ok,goals+,0,0,0,27839,10812
SP-06724,ok,reserve,15089,0,0,0,0
SP-06725,ok,reserve,23989,0,0,0,0
SP-06726,deficit,none,0,0,0,0,0
SP-06727,ok,debt,0,12672,0,0,0
SP-06728,ok,reserve,7130,0,0,0,0
SP-06729,deficit,none,0,0,0,0,0
SP-06730,ok,reserve,56254,0,0,0,0
SP-06731,ok,debt,1073,2574,0,0,0
SP-06732,deficit,none,0,0,0,0,0
SP-06733,ok,debt,0,13480,0,0,0
SP-06734,ok,reserve,21164,0,0,0,0
SP-06735,ok,reserve,32173,0,0,0,0
SP-06736,ok,debt,0,18654,0,0,0
SP-06737,ok,goals+,0,0,9687,0,265049
SP-06738,ok,reserve,15666,0,0,0,0
SP-06739,ok,reserve,1242,0,0,0,0
SP-06740,ok,reserve,19721,0,0,11220,0
SP-06741,ok,goals+,0,0,4502,26360,1524598
SP-06742,deficit,none,0,0,0,0,0
SP-06743,ok,goals+,0,0,5071,0,41800
SP-06744,deficit,none,0,0,0,0,0
SP-06745,ok,debt,0,19057,0,0,0
SP-06746,ok,debt,0,27227,0,0,0
SP-06747,ok,reserve,26090,0,0,0,0
SP-06748,ok,debt,0,9486,0,0,0
SP-06749,ok,debt,0,36289,0,0,0
SP-06750,ok,reserve,1222,0,0,0,0
SP-06751,ok,debt,0,44604,0,0,0
SP-06752,deficit,none,0,0,0,0,0
SP-06753,ok,reserve,19351,0,0,0,0
SP-06754,ok,goals+,0,0,41502,0,21922
SP-06755,ok,reserve,45246,0,0,0,0
SP-06756,ok,reserve,102,0,0,0,0
SP-06757,ok,reserve,116797,0,0,0,0
SP-06758,ok,reserve,19130,11639,0,0,0
SP-06759,deficit,none,0,0,0,0,0
SP-06760,ok,reserve,30762,0,0,0,0
SP-06761,deficit,none,0,0,0,0,0
SP-06762,deficit,none,0,0,0,0,0
SP-06763,ok,reserve,33669,0,0,0,0
SP-06764,ok,reserve,11132,0,0,0,0
SP-06765,ok,debt,30040,75447,0,0,0
SP-06766,deficit,none,0,0,0,0,15204
SP-06767,ok,goals+,0,0,17264,6660,101387
SP-06768,deficit,none,0,0,0,0,0
SP-06769,ok,goals+,0,0,25645,0,339323
SP-06770,ok,reserve,16720,0,0,0,0
SP-06771,deficit,none,0,0,0,0,0
SP-06772,ok,reserve,22239,0,0,0,0
SP-06773,ok,reserve,47941,0,0,0,0
SP-06774,ok,reserve,17003,0,0,0,0
SP-06775,ok,reserve,1190,0,0,0,0
SP-06776,ok,debt,0,6744,0,0,256820
SP-06777,ok,reserve,12366,0,0,0,0
SP-06778,ok,reserve,18699,0,0,0,0
SP-06779,ok,goals+,0,0,6901,0,125751
SP-06780,ok,reserve,9807,0,0,0,0
SP-06781,ok,goals+,34368,0,41308,0,0
SP-06782,deficit,none,0,0,0,0,0
SP-06783,ok,goals+,0,0,5346,0,2869810
SP-06784,deficit,none,0,0,0,0,0
SP-06785,deficit,none,0,0,0,0,30542
SP-06786,ok,reserve,13332,465,0,0,0
SP-06787,ok,reserve,25824,0,0,0,0
SP-06788,ok,debt,0,20799,0,0,0
SP-06789,ok,reserve,36662,0,0,0,0
SP-06790,deficit,none,0,0,0,0,118329
SP-06791,ok,debt,0,14781,0,0,0
SP-06792,ok,reserve,8446,0,0,0,0
SP-06793,ok,debt,23520,33669,0,0,0
SP-06794,ok,reserve,6794,0,0,0,0
SP-06795,ok,reserve,11578,0,0,0,0
SP-06796,ok,reserve,17774,0,0,0,0
SP-06797,deficit,none,0,0,0,0,0
SP-06798,deficit,none,0,0,0,0,0
SP-06799,ok,goals+,0,0,11361,0,134014
SP-06800,ok,debt,0,16424,0,0,0
SP-06801,ok,debt,0,16922132,0,0,0
SP-06802,ok,reserve,17997,0,0,0,0
SP-06803,ok,reserve,31396,0,0,0,0
SP-06804,deficit,none,0,0,0,0,0
SP-06805,ok,reserve,24038,0,0,0,0
SP-06806,ok,reserve,8640,0,0,0,0
SP-06807,ok,goals+,0,0,0,66658,28064
SP-06808,ok,debt,0,2709,0,0,8873
SP-06809,ok,reserve,53179,0,0,0,0
SP-06810,deficit,none,0,0,0,0,0
SP-06811,ok,reserve,36237,0,0,0,0
SP-06812,deficit,none,0,0,0,0,0
SP-06813,deficit,none,0,0,0,0,0
SP-06814,ok,reserve,4500,0,0,0,0
SP-06815,deficit,none,0,0,0,0,0
SP-06816,ok,reserve,18537,0,0,0,0
SP-06817,ok,debt,0,19517,0,0,0
SP-06818,ok,debt,0,4275,0,0,0
SP-06819,ok,reserve,13264,0,0,0,0
SP-06820,deficit,none,0,0,0,0,0
SP-06821,deficit,none,0,0,0,0,0
SP-06822,ok,reserve,7815,0,0,0,0
SP-06823,ok,reserve,17104,0,7904,3301,0
SP-06824,ok,reserve,5780,0,0,0,0
SP-06825,ok,debt,0,658,0,0,1273981
SP-06826,ok,debt,0,8035,0,0,0
SP-06827,ok,goals+,0,0,34889,0,11095
SP-06828,deficit,none,0,0,0,0,0
SP-06829,ok,reserve,18461,9172,0,0,0
SP-06830,ok,reserve,25110,0,0,0,0
SP-06831,ok,debt,0,13763,0,0,187889
SP-06832,deficit,none,0,0,0,0,0
SP-06833,ok,reserve,5858,0,0,0,0
SP-06834,ok,reserve,34267,0,0,0,0
SP-06835,ok,reserve,24854,0,0,0,0
SP-06836,ok,reserve,38879,0,0,0,0
SP-06837,ok,reserve,33791,0,0,0,0
SP-06838,ok,reserve,442,0,0,0,0
SP-06839,ok,reserve,9895,509,0,0,0
SP-06840,ok,goals+,0,0,1,0,772
SP-06841,ok,reserve,24644,0,0,0,0
SP-06842,ok,goals+,0,0,4726,0,209535
SP-06843,deficit,none,0,0,0,0,0
SP-06844,ok,debt,0,699,0,0,0
SP-06845,ok,goals+,0,0,0,1308,67042
SP-06846,deficit,none,0,0,0,0,0
SP-06847,ok,debt,0,345,0,0,0
SP-06848,ok,reserve,17358,0,0,0,0
SP-06849,ok,debt,0,53773,0,0,0
SP-06850,deficit,none,0,0,0,0,0
SP-06851,ok,debt,0,3707,0,0,0
SP-06852,deficit,none,0,0,0,0,0
SP-06853,ok,reserve,28788,0,0,0,0
SP-06854,ok,reserve,18641,0,0,0,0
SP-06855,deficit,none,0,0,0,0,0
SP-06856,ok,goals+,0,0,14755,21808,45371
SP-06857,ok,reserve,16890,0,0,0,0
SP-06858,deficit,none,0,0,0,0,0
SP-06859,ok,debt,0,21685,0,0,0
SP-06860,ok,reserve,16067,0,0,0,0
SP-06861,ok,reserve,7225,506,0,0,0
SP-06862,ok,reserve,7479,0,0,0,0
SP-06863,deficit,none,0,0,0,0,0
SP-06864,ok,reserve,9075,0,0,0,0
SP-06865,ok,reserve,9736,0,0,0,0
SP-06866,ok,reserve,15955,0,0,0,0
SP-06867,ok,debt,0,78564,0,0,3153264
SP-06868,ok,reserve,43267,0,0,0,0
SP-06869,ok,reserve,4387,0,0,0,0
SP-06870,deficit,none,0,0,0,0,0
SP-06871,ok,debt,0,36342,0,0,0
SP-06872,ok,reserve,13283,0,0,0,0
SP-06873,ok,debt,0,501,0,0,0
SP-06874,ok,debt,5914,11551,0,0,0
SP-06875,ok,goals+,16540,0,0,48665,0
SP-06876,deficit,none,0,0,0,0,0
SP-06877,deficit,none,0,0,0,0,0
SP-06878,ok,reserve,39833,0,0,0,0
SP-06879,ok,reserve,14155,0,0,0,0
SP-06880,ok,reserve,6842,0,0,0,0
SP-06881,ok,reserve,1615,0,0,0,0
SP-06882,ok,goals+,0,0,14,0,64
SP-06883,deficit,none,0,0,0,0,0
SP-06884,ok,goals+,0,0,844,0,248768
SP-06885,ok,reserve,575755718,0,0,0,0
SP-06886,ok,reserve,24024,0,0,0,0
SP-06887,ok,debt,0,15140,0,0,0
SP-06888,deficit,none,0,0,0,0,0
SP-06889,ok,goals+,0,0,0,76500,1297497
SP-06890,ok,goals+,0,0,0,33678,16101
SP-06891,ok,goals+,0,0,0,58373,91770
SP-06892,ok,reserve,4881,0,0,0,0
SP-06893,ok,reserve,10341,0,0,0,0
SP-06894,deficit,none,0,0,0,0,0
SP-06895,ok,reserve,31076,0,0,0,0
SP-06896,ok,reserve,9883,0,0,0,0
SP-06897,deficit,none,0,0,0,0,0
SP-06898,ok,reserve,23411,0,0,0,0
SP-06899,ok,reserve,9172,0,0,0,0
SP-06900,ok,reserve,7963,0,0,0,0
SP-06901,ok,reserve,26508,0,0,0,0
SP-06902,ok,reserve,47814,0,0,0,0
SP-06903,ok,reserve,3222,0,0,0,0
SP-06904,ok,debt,14297,14510,0,0,0
SP-06905,ok,reserve,1423,0,0,0,0
SP-06906,ok,reserve,29125,0,0,0,0
SP-06907,ok,debt,0,21347,0,0,0
SP-06908,ok,debt,0,32107,0,0,0
SP-06909,ok,goals+,0,0,2607,0,1361728
SP-06910,ok,debt,0,3002,0,0,0
SP-06911,ok,reserve,21524,0,0,0,0
SP-06912,ok,reserve,73756,0,0,0,0
SP-06913,ok,goals+,0,0,6440,0,49306
SP-06914,ok,reserve,28719,0,0,0,0
SP-06915,ok,debt,0,12277,0,0,0
SP-06916,ok,reserve,22572,0,0,0,0
SP-06917,deficit,none,0,0,0,0,0
SP-06918,ok,reserve,17823,0,0,0,0
SP-06919,ok,reserve,11886,0,0,0,0
SP-06920,ok,reserve,12732,0,0,0,0
SP-06921,ok,reserve,22090,17789,0,0,0
SP-06922,ok,reserve,12312,0,0,0,0
SP-06923,ok,reserve,46857,0,0,0,0
SP-06924,ok,reserve,94,0,0,0,0
SP-06925,ok,debt,0,33238,0,0,0
SP-06926,ok,reserve,3648,0,0,0,0
SP-06927,ok,reserve,271727512,0,0,0,0
SP-06928,ok,reserve,17729,0,0,0,0
SP-06929,deficit,none,0,0,0,0,0
SP-06930,deficit,none,0,0,0,0,0
SP-06931,deficit,none,0,0,0,0,0
SP-06932,ok,reserve,28105,0,0,0,0
SP-06933,ok,debt,0,40512,0,0,9304
SP-06934,ok,reserve,11467,6553,0,0,0
SP-06935,ok,goals+,0,0,0,37398,114368
SP-06936,deficit,none,0,0,0,0,0
SP-06937,ok,goals+,0,0,24358,0,67383
SP-06938,ok,reserve,17848,0,0,0,0
SP-06939,deficit,none,0,0,0,0,0
SP-06940,ok,goals+,12383,0,0,44898,0
SP-06941,ok,reserve,53053,0,0,0,0
SP-06942,ok,goals+,0,0,0,28866,5712
SP-06943,ok,reserve,4997,0,0,0,0
SP-06944,ok,reserve,15451,0,0,0,0
SP-06945,ok,reserve,71395,0,0,0,0
SP-06946,deficit,none,0,0,0,0,0
SP-06947,ok,reserve,36201,0,0,0,0
SP-06948,ok,reserve,22120,0,0,0,0
SP-06949,ok,reserve,2498,0,0,0,0
SP-06950,ok,reserve,6612,0,0,0,0
SP-06951,ok,goals+,0,0,0,34826,2084879
SP-06952,ok,reserve,20526,0,0,0,0
SP-06953,ok,reserve,998,0,0,0,0
SP-06954,ok,debt,0,39778,0,0,0
SP-06955,ok,reserve,12784,10729,0,0,0
SP-06956,ok,debt,0,16919,0,0,0
SP-06957,ok,reserve,4183,0,0,0,0
SP-06958,ok,reserve,36996,0,0,0,0
SP-06959,ok,reserve,66371,0,0,0,0
SP-06960,deficit,none,0,0,0,0,0
SP-06961,ok,reserve,30362,0,0,0,0
SP-06962,ok,debt,0,8535,0,0,0
SP-06963,ok,debt,0,37650,0,0,0
SP-06964,ok,reserve,12176,0,0,0,0
SP-06965,ok,reserve,19113,0,0,0,0
SP-06966,ok,reserve,133,0,0,0,0
SP-06967,ok,reserve,5715,0,0,0,0
SP-06968,ok,reserve,17497,0,0,0,0
SP-06969,ok,reserve,484904757,0,0,0,0
SP-06970,ok,debt,0,581,0,0,0
SP-06971,ok,reserve,7908,0,0,0,0
SP-06972,deficit,none,0,0,0,0,0
SP-06973,ok,reserve,19551,0,0,0,0
SP-06974,ok,reserve,25399,0,0,0,0
SP-06975,ok,goals+,0,0,17914,63987,25201
SP-06976,ok,reserve,67281,0,0,0,0
SP-06977,ok,debt,0,45735,0,0,0
SP-06978,deficit,none,0,0,0,0,0
SP-06979,deficit,none,0,0,0,0,0
SP-06980,ok,reserve,14448,0,0,0,0
SP-06981,deficit,none,0,0,0,0,0
SP-06982,ok,reserve,253,0,0,0,0
SP-06983,ok,goals+,0,0,0,542,401226
SP-06984,ok,reserve,62744,0,0,0,0
SP-06985,ok,reserve,4831,0,0,0,0
SP-06986,ok,debt,2945,6507,0,0,0
SP-06987,ok,reserve,3404,0,0,0,0
SP-06988,ok,reserve,6109,0,0,0,0
SP-06989,ok,reserve,46465,0,0,0,0
SP-06990,ok,reserve,418,0,0,0,0
SP-06991,ok,debt,0,566,0,0,0
SP-06992,ok,reserve,19046,3097,0,0,0
SP-06993,ok,debt,0,11090,0,0,2265469
SP-06994,ok,reserve,3790,0,0,0,0
SP-06995,ok,debt,0,3417,0,0,0
SP-06996,ok,reserve,35738,0,0,0,0
SP-06997,ok,reserve,36120,0,0,0,0
SP-06998,ok,debt,0,6997,0,0,0
SP-06999,ok,reserve,5103,0,0,0,0
SP-07000,ok,reserve,16609,0,0,0,0
SP-07001,ok,reserve,14289,0,0,0,0
SP-07002,deficit,none,0,0,0,0,0
SP-07003,ok,debt,6095,12801,0,0,0
SP-07004,deficit,none,0,0,0,0,0
SP-07005,ok,debt,0,3146,0,0,0
SP-07006,ok,debt,0,18469,0,0,0
SP-07007,ok,reserve,631,0,0,0,0
SP-07008,ok,goals+,0,0,11,0,851
SP-07009,deficit,none,0,0,0,0,0
SP-07010,ok,reserve,35848,0,0,0,0
SP-07011,ok,reserve,2253342861,0,0,0,0
SP-07012,ok,reserve,19174,0,0,0,0
SP-07013,deficit,none,0,0,0,0,0
SP-07014,deficit,none,0,0,0,0,0
SP-07015,ok,debt,0,14150,0,0,0
SP-07016,ok,reserve,5866,0,0,0,0
SP-07017,ok,goals+,0,0,52988,0,235007
SP-07018,ok,reserve,15812,0,0,0,0
SP-07019,ok,reserve,2955,0,0,0,0
SP-07020,deficit,none,0,0,0,0,0
SP-07021,ok,reserve,29888,0,0,0,0
SP-07022,ok,reserve,37538,0,0,0,0
SP-07023,deficit,none,0,0,0,0,116263
SP-07024,ok,debt,0,37806,0,0,0
SP-07025,ok,reserve,12598,0,0,0,0
SP-07026,ok,reserve,10203,0,0,0,0
SP-07027,ok,debt,0,15622,0,0,0
SP-07028,ok,reserve,10491,0,0,0,0
SP-07029,ok,reserve,50877,0,0,0,0
SP-07030,ok,debt,3262,6973,0,0,0
SP-07031,ok,debt,1677,24654,0,0,0
SP-07032,ok,debt,0,50020,0,0,0
SP-07033,ok,debt,0,57365,0,0,0
SP-07034,ok,reserve,1692,0,0,0,0
SP-07035,ok,debt,0,43587,0,0,1225182
SP-07036,ok,goals+,0,0,6293,0,7571
SP-07037,ok,reserve,19726,0,0,0,0
SP-07038,ok,reserve,12026,0,0,0,0
SP-07039,ok,debt,6364,11904,0,0,0
SP-07040,ok,goals+,0,0,20828,0,20015
SP-07041,ok,debt,0,14461,0,0,146599
SP-07042,ok,goals+,0,0,6847,0,183023
SP-07043,ok,reserve,26281,0,0,0,0
SP-07044,ok,goals+,0,0,0,1087,29855
SP-07045,ok,reserve,21070,0,0,0,0
SP-07046,ok,debt,0,24682,0,0,0
SP-07047,deficit,none,0,0,0,0,0
SP-07048,ok,debt,0,4506,0,0,0
SP-07049,ok,reserve,20388,0,0,0,0
SP-07050,ok,reserve,125,0,0,0,0
SP-07051,ok,reserve,27340,0,0,0,0
SP-07052,ok,goals+,0,0,8019,52450,1985
SP-07053,ok,reserve,161471062,0,0,0,0
SP-07054,ok,reserve,12988,0,0,0,0
SP-07055,ok,debt,0,8960,0,0,0
SP-07056,deficit,none,0,0,0,0,0
SP-07057,ok,reserve,16610,0,0,0,0
SP-07058,ok,reserve,1304,0,0,0,0
SP-07059,ok,goals+,0,0,0,74327,277610
SP-07060,ok,reserve,626,0,0,0,0
SP-07061,ok,reserve,7293,0,0,0,0
SP-07062,deficit,none,0,0,0,0,0
SP-07063,ok,reserve,17025,0,0,0,0
SP-07064,ok,reserve,8610,0,0,0,0
SP-07065,deficit,none,0,0,0,0,0
SP-07066,ok,debt,1735,12592,0,0,0
SP-07067,deficit,none,0,0,0,0,0
SP-07068,ok,reserve,44200,0,0,0,0
SP-07069,ok,goals+,0,0,15595,0,103585
SP-07070,ok,reserve,24194,9341,0,0,0
SP-07071,ok,reserve,9275,0,0,0,0
SP-07072,ok,debt,0,7131,0,0,0
SP-07073,ok,reserve,7754,0,0,0,0
SP-07074,ok,reserve,37785,0,0,0,0
SP-07075,ok,reserve,3081,0,0,0,0
SP-07076,ok,debt,0,10125,0,0,0
SP-07077,ok,debt,0,11055,0,0,440948
SP-07078,ok,reserve,29942,0,0,0,0
SP-07079,ok,reserve,12347,0,0,0,0
SP-07080,ok,reserve,14508,0,0,0,0
SP-07081,ok,debt,0,26027,0,0,0
SP-07082,ok,reserve,11948,0,0,0,0
SP-07083,ok,reserve,6137,0,0,0,0
SP-07084,ok,reserve,25630,0,0,0,0
SP-07085,ok,reserve,11489,0,0,0,0
SP-07086,ok,reserve,18732,0,0,0,0
SP-07087,ok,reserve,12962,0,0,0,0
SP-07088,ok,reserve,97,0,0,0,0
SP-07089,ok,debt,0,41801,0,0,0
SP-07090,ok,reserve,56128,0,0,0,0
SP-07091,ok,debt,0,34961,0,0,0
SP-07092,deficit,none,0,0,0,0,0
SP-07093,ok,reserve,8319,0,0,0,0
SP-07094,ok,reserve,39543,0,0,0,0
SP-07095,ok,reserve,461431046,0,0,0,0
SP-07096,ok,goals+,0,0,2600,0,293201
SP-07097,ok,reserve,14499,0,0,0,0
SP-07098,deficit,none,0,0,0,0,0
SP-07099,ok,debt,0,1346,0,0,0
SP-07100,ok,reserve,1400,0,0,0,0
SP-07101,ok,goals+,0,0,48009,73077,169566
SP-07102,ok,reserve,39896,0,0,0,0
SP-07103,ok,debt,0,16235,0,0,0
SP-07104,deficit,none,0,0,0,0,0
SP-07105,ok,reserve,10547,0,0,0,0
SP-07106,ok,reserve,6486,0,0,0,0
SP-07107,deficit,none,0,0,0,0,0
SP-07108,ok,reserve,33374,0,0,0,0
SP-07109,ok,reserve,33130,0,0,0,0
SP-07110,ok,reserve,3632,0,0,0,0
SP-07111,ok,reserve,29942,0,0,0,0
SP-07112,deficit,none,0,0,0,0,0
SP-07113,ok,reserve,18275,0,0,0,0
SP-07114,ok,debt,0,15160,0,0,0
SP-07115,ok,reserve,172,0,0,0,0
SP-07116,ok,reserve,13994,0,0,0,0
SP-07117,ok,debt,0,14428,0,0,0
SP-07118,ok,debt,0,4437,0,0,0
SP-07119,deficit,none,0,0,0,0,0
SP-07120,ok,reserve,6869,4334,0,0,0
SP-07121,ok,debt,0,8623,0,0,0
SP-07122,ok,goals+,0,0,16895,0,10510
SP-07123,ok,reserve,12969,0,0,0,0
SP-07124,deficit,none,0,0,0,0,0
SP-07125,ok,reserve,1565,0,0,0,0
SP-07126,ok,reserve,24917,0,0,0,0
SP-07127,ok,reserve,8719,0,0,0,0
SP-07128,deficit,none,0,0,0,0,0
SP-07129,deficit,none,0,0,0,0,0
SP-07130,ok,debt,0,15693,0,0,0
SP-07131,deficit,none,0,0,0,0,0
SP-07132,ok,reserve,29178,0,0,0,0
SP-07133,ok,debt,0,8256,0,0,0
SP-07134,ok,goals+,0,0,40,19,78
SP-07135,ok,reserve,28173,0,0,0,0
SP-07136,ok,reserve,16560,0,0,0,0
SP-07137,ok,debt,0,924026523,0,0,0
SP-07138,ok,debt,6650,6741,0,0,0
SP-07139,deficit,none,0,0,0,0,0
SP-07140,deficit,none,0,0,0,0,0
SP-07141,ok,reserve,16607,0,0,0,0
SP-07142,ok,reserve,96140,0,0,0,0
SP-07143,ok,goals+,0,0,33590,49837,50270
SP-07144,ok,reserve,33212,0,0,0,0
SP-07145,ok,reserve,27662,0,0,0,0
SP-07146,deficit,none,0,0,0,0,0
SP-07147,ok,reserve,39973,0,0,0,0
SP-07148,ok,debt,2556,16833,0,0,0
SP-07149,ok,reserve,8424,0,0,0,0
SP-07150,ok,debt,15524,15949,0,0,0
SP-07151,ok,debt,0,12164,0,0,0
SP-07152,ok,reserve,14066,0,0,0,0
SP-07153,ok,reserve,3841,0,0,0,0
SP-07154,ok,reserve,1262,0,0,0,0
SP-07155,ok,reserve,2018,0,0,0,0
SP-07156,ok,reserve,60156,0,0,0,0
SP-07157,ok,reserve,17894,0,0,0,0
SP-07158,ok,reserve,7852,0,0,0,0
SP-07159,ok,goals+,0,0,0,6299,126080
SP-07160,ok,reserve,2656,0,0,0,0
SP-07161,ok,debt,0,31209,0,0,1285735
SP-07162,ok,debt,0,6885,0,0,8110
SP-07163,ok,reserve,45139,0,0,0,0
SP-07164,ok,debt,0,14584,0,0,0
SP-07165,deficit,none,0,0,0,0,0
SP-07166,ok,reserve,3035,0,0,0,0
SP-07167,ok,reserve,23322,0,0,0,0
SP-07168,ok,reserve,38047,0,0,0,0
SP-07169,ok,reserve,1315,0,0,0,0
SP-07170,ok,reserve,5716,0,0,0,0
SP-07171,ok,reserve,3226,0,0,0,0
SP-07172,ok,debt,0,25815,0,0,0
SP-07173,ok,reserve,48541,0,0,0,0
SP-07174,ok,reserve,27146,0,0,0,0
SP-07175,ok,reserve,18479,0,0,0,0
SP-07176,ok,reserve,165,0,0,0,0
SP-07177,ok,reserve,6695,0,0,0,0
SP-07178,ok,goals+,0,0,23062,30986,86468
SP-07179,ok,reserve,535486426,0,0,0,0
SP-07180,ok,reserve,18414,0,4892,7647,0
SP-07181,ok,reserve,16026,0,0,0,0
SP-07182,deficit,none,0,0,0,0,0
SP-07183,deficit,none,0,0,0,0,0
SP-07184,ok,reserve,8571,0,0,0,0
SP-07185,ok,goals+,0,0,70574,17662,627603
SP-07186,ok,reserve,42177,0,0,0,0
SP-07187,ok,reserve,12416,0,0,0,0
SP-07188,deficit,none,0,0,0,0,0
SP-07189,ok,debt,0,6912,0,0,34320
SP-07190,deficit,none,0,0,0,0,0
SP-07191,ok,reserve,14944,0,0,0,0
SP-07192,ok,reserve,57213,0,0,0,0
SP-07193,ok,debt,0,5296,0,0,0
SP-07194,deficit,none,0,0,0,0,0
SP-07195,ok,reserve,13819,0,0,0,0
SP-07196,ok,reserve,14406,0,0,0,0
SP-07197,ok,debt,0,41976,0,0,0
SP-07198,ok,reserve,8142,0,0,0,0
SP-07199,ok,debt,0,1396,0,0,0
SP-07200,ok,reserve,7940,0,0,0,0
SP-07201,ok,debt,0,15232,0,0,0
SP-07202,ok,debt,0,6878,0,0,0
SP-07203,ok,debt,0,19003,0,0,629166
SP-07204,ok,reserve,46771,0,1487,0,0
SP-07205,ok,reserve,13552,0,0,0,0
SP-07206,ok,debt,0,11896,0,0,0
SP-07207,ok,reserve,1332,0,0,0,0
SP-07208,deficit,none,0,0,0,0,0
SP-07209,ok,reserve,16679,0,0,0,0
SP-07210,ok,reserve,23007,0,0,0,0
SP-07211,deficit,none,0,0,0,0,0
SP-07212,deficit,none,0,0,0,0,0
SP-07213,ok,reserve,26298,0,0,0,0
SP-07214,ok,reserve,16735,0,0,0,0
SP-07215,deficit,none,0,0,0,0,0
SP-07216,deficit,none,0,0,0,0,0
SP-07217,ok,debt,0,12149,0,0,0
SP-07218,ok,reserve,42,0,0,0,0
SP-07219,ok,reserve,24006,0,0,0,0
SP-07220,ok,debt,0,18391,0,0,0
SP-07221,ok,reserve,1428170110,0,0,0,0
SP-07222,ok,reserve,8577,0,0,0,0
SP-07223,ok,reserve,16951,0,0,0,0
SP-07224,deficit,none,0,0,0,0,0
SP-07225,ok,reserve,31355,0,0,0,0
SP-07226,ok,reserve,9500,6842,0,0,0
SP-07227,ok,goals+,0,0,39296,40513,31385
SP-07228,ok,goals+,0,0,0,47708,205552
SP-07229,ok,reserve,20830,0,0,0,0
SP-07230,deficit,none,0,0,0,0,0
SP-07231,ok,debt,0,33222,0,0,0
SP-07232,ok,reserve,40377,0,0,0,0
SP-07233,deficit,none,0,0,0,0,0
SP-07234,ok,reserve,26776,0,5818,0,0
SP-07235,ok,reserve,9451,0,0,0,0
SP-07236,ok,reserve,3912,0,0,0,0
SP-07237,ok,debt,4737,4835,0,0,0
SP-07238,ok,reserve,14186,0,0,0,0
SP-07239,ok,reserve,2710,0,0,0,0
SP-07240,ok,reserve,9962,0,0,0,0
SP-07241,ok,debt,0,48089,0,0,0
SP-07242,deficit,none,0,0,0,0,0
SP-07243,ok,goals+,3308,0,8694,0,0
SP-07244,ok,reserve,7856,4567,0,0,0
SP-07245,ok,debt,0,6281,0,0,1374068
SP-07246,ok,reserve,2532,0,0,0,0
SP-07247,ok,debt,0,35732,0,0,0
SP-07248,ok,goals+,0,0,63676,0,285708
SP-07249,ok,debt,0,19175,0,0,0
SP-07250,deficit,none,0,0,0,0,0
SP-07251,ok,debt,0,4158,0,0,0
SP-07252,ok,goals+,0,0,6340,0,255784
SP-07253,ok,reserve,37416,0,0,0,0
SP-07254,ok,goals+,0,0,25173,0,197187
SP-07255,ok,reserve,16099,0,0,0,0
SP-07256,deficit,none,0,0,0,0,41379
SP-07257,ok,reserve,19850,0,0,0,0
SP-07258,ok,reserve,22358,0,0,0,0
SP-07259,ok,reserve,12252,0,0,0,0
SP-07260,ok,goals+,0,0,36,0,92
SP-07261,ok,reserve,17573,0,0,0,0
SP-07262,ok,reserve,49898,0,0,0,0
SP-07263,ok,goals+,0,0,34777396,813606654,484969571
SP-07264,ok,goals+,33,0,13900,0,0
SP-07265,ok,reserve,19482,0,0,0,0
SP-07266,deficit,none,0,0,0,0,0
SP-07267,ok,reserve,10547,0,0,0,0
SP-07268,ok,reserve,35910,0,0,0,0
SP-07269,ok,goals+,0,0,31277,0,11113
SP-07270,ok,reserve,7945,0,0,0,0
SP-07271,ok,goals+,0,0,2048,35298,448390
SP-07272,deficit,none,0,0,0,0,0
SP-07273,deficit,none,0,0,0,0,0
SP-07274,ok,reserve,4107,0,0,0,0
SP-07275,ok,reserve,14775,0,0,0,0
SP-07276,ok,debt,0,11671,0,0,0
SP-07277,ok,reserve,105540,0,0,0,0
SP-07278,ok,reserve,5111,0,0,0,0
SP-07279,deficit,none,0,0,0,0,0
SP-07280,ok,reserve,20182,0,0,0,0
SP-07281,ok,goals+,0,0,0,1305,362604
SP-07282,ok,reserve,20025,4504,0,0,0
SP-07283,ok,debt,24867,92984,0,0,0
SP-07284,ok,reserve,40372,0,0,0,0
SP-07285,deficit,none,0,0,0,0,0
SP-07286,ok,reserve,31456,0,0,0,0
SP-07287,ok,debt,0,14641,0,0,191057
SP-07288,ok,reserve,4541,0,0,0,0
SP-07289,ok,debt,0,64192,0,0,0
SP-07290,ok,reserve,26966,0,0,0,0
SP-07291,ok,reserve,14411,0,0,0,0
SP-07292,ok,debt,0,5202,0,0,0
SP-07293,ok,reserve,7228,0,0,0,0
SP-07294,ok,reserve,3329,0,0,0,0
SP-07295,ok,reserve,25106,0,0,0,0
SP-07296,ok,reserve,25441,0,0,0,0
SP-07297,ok,reserve,9003,0,0,0,0
SP-07298,deficit,none,0,0,0,0,0
SP-07299,ok,debt,0,21625,0,0,0
SP-07300,ok,reserve,12120,0,0,0,0
SP-07301,deficit,none,0,0,0,0,0
SP-07302,ok,reserve,25,0,0,0,0
SP-07303,ok,goals+,0,0,42093,0,42021
SP-07304,deficit,none,0,0,0,0,0
SP-07305,ok,reserve,1943616931,0,0,0,0
SP-07306,ok,reserve,16931,0,0,0,0
SP-07307,ok,reserve,2430,0,0,0,0
SP-07308,deficit,none,0,0,0,0,0
SP-07309,ok,reserve,9945,0,0,0,0
SP-07310,ok,reserve,28179,0,0,0,0
SP-07311,ok,reserve,34013,8122,0,0,0
SP-07312,ok,debt,0,7617,0,0,0
SP-07313,ok,reserve,1414,0,0,0,0
SP-07314,deficit,none,0,0,0,0,0
SP-07315,ok,reserve,6986,0,0,0,0
SP-07316,ok,debt,0,43067,0,0,0
SP-07317,deficit,none,0,0,0,0,0
SP-07318,ok,debt,239,7272,0,0,0
SP-07319,ok,reserve,56700,0,0,0,0
SP-07320,ok,reserve,12610,0,0,0,0
SP-07321,ok,reserve,8185,0,0,0,0
SP-07322,ok,debt,0,22429,0,0,73911
SP-07323,deficit,none,0,0,0,0,0
SP-07324,ok,reserve,9669,0,0,0,0
SP-07325,ok,debt,0,7485,0,0,97514
SP-07326,ok,goals+,3303,0,0,17009,0
SP-07327,ok,reserve,24746,0,0,0,0
SP-07328,ok,reserve,6518,0,0,0,0
SP-07329,ok,debt,0,16099,0,0,3200045
SP-07330,deficit,none,0,0,0,0,0
SP-07331,ok,debt,0,1225,0,0,0
SP-07332,ok,reserve,7674,0,0,0,0
SP-07333,ok,reserve,7673,0,0,0,0
SP-07334,ok,reserve,182,0,0,0,0
SP-07335,ok,reserve,4890,0,0,0,0
SP-07336,ok,debt,5929,10893,0,0,0
SP-07337,ok,reserve,1282,0,0,0,0
SP-07338,ok,reserve,20813,0,0,0,0
SP-07339,deficit,none,0,0,0,0,0
SP-07340,ok,reserve,11194,0,0,0,0
SP-07341,deficit,none,0,0,0,0,0
SP-07342,ok,debt,0,10792,0,0,78906
SP-07343,deficit,none,0,0,0,0,0
SP-07344,ok,reserve,33,0,0,0,0
SP-07345,ok,reserve,11607,0,0,0,0
SP-07346,ok,reserve,11672,0,0,0,0
SP-07347,ok,reserve,137516547,0,0,0,0
SP-07348,ok,reserve,15079,0,0,0,0
SP-07349,ok,reserve,9859,0,0,0,0
SP-07350,deficit,none,0,0,0,0,0
SP-07351,ok,reserve,6199,0,0,0,0
SP-07352,ok,reserve,10661,0,0,0,0
SP-07353,ok,goals+,0,0,28453,80452,42114
SP-07354,ok,reserve,80158,0,0,0,0
SP-07355,ok,debt,0,8613,0,0,0
SP-07356,deficit,none,0,0,0,0,0
SP-07357,ok,debt,0,48528,0,0,106582
SP-07358,ok,reserve,15777,0,0,0,0
SP-07359,deficit,none,0,0,0,0,0
SP-07360,ok,reserve,13135,0,0,0,0
SP-07361,ok,debt,0,28039,0,0,0
SP-07362,ok,goals+,0,0,21171,0,1705
SP-07363,ok,reserve,22466,0,0,0,0
SP-07364,ok,reserve,16717,0,0,0,0
SP-07365,ok,goals+,0,0,0,41785,33352
SP-07366,ok,reserve,25213,0,0,0,0
SP-07367,ok,reserve,54135,0,0,0,0
SP-07368,ok,reserve,27605,0,0,0,0
SP-07369,ok,reserve,27265,0,0,0,0
SP-07370,ok,goals+,0,0,8805,0,75802
SP-07371,ok,goals+,0,0,2700,0,2159327
SP-07372,deficit,none,0,0,0,0,0
SP-07373,ok,reserve,24658,0,0,0,0
SP-07374,ok,reserve,10095,2469,0,0,0
SP-07375,ok,goals+,0,0,5252,0,360899
SP-07376,ok,debt,0,45435,0,0,0
SP-07377,ok,reserve,28740,0,0,0,0
SP-07378,ok,reserve,11095,0,0,0,0
SP-07379,ok,debt,0,18636,0,0,0
SP-07380,ok,reserve,14641,0,0,0,0
SP-07381,ok,reserve,13616,0,0,0,0
SP-07382,ok,reserve,14625,0,0,0,0
SP-07383,ok,reserve,24984,0,0,0,0
SP-07384,ok,debt,0,2891,0,0,0
SP-07385,ok,reserve,15377,0,0,0,0
SP-07386,ok,goals+,0,0,14,0,724
SP-07387,ok,reserve,20984,0,0,0,0
SP-07388,ok,debt,0,27844,0,0,0
SP-07389,ok,reserve,217177655,0,0,0,0
SP-07390,ok,reserve,68511,0,0,0,0
SP-07391,ok,reserve,21783,0,0,0,0
SP-07392,deficit,none,0,0,0,0,0
SP-07393,deficit,none,0,0,0,0,0
SP-07394,ok,reserve,26853,0,0,0,0
SP-07395,ok,goals+,0,0,89258,0,9970
SP-07396,deficit,none,0,0,0,0,0
SP-07397,ok,reserve,30792,0,0,0,0
SP-07398,deficit,none,0,0,0,0,0
SP-07399,ok,reserve,501,0,0,0,0
SP-07400,ok,debt,0,8701,0,0,0
SP-07401,deficit,none,0,0,0,0,0
SP-07402,ok,debt,0,1593,0,0,0
SP-07403,ok,reserve,19936,0,0,0,0
SP-07404,ok,reserve,28163,0,0,0,0
SP-07405,ok,reserve,5473,0,0,0,0
SP-07406,ok,reserve,7839,0,0,0,0
SP-07407,ok,reserve,20214,0,0,0,0
SP-07408,ok,reserve,38300,0,0,0,0
SP-07409,ok,goals+,0,0,0,9920,269847
SP-07410,ok,reserve,12492,0,0,0,0
SP-07411,ok,debt,0,36229,0,0,0
SP-07412,deficit,none,0,0,0,0,0
SP-07413,ok,goals+,0,0,26686,0,1229593
SP-07414,ok,reserve,2671,0,0,0,0
SP-07415,ok,reserve,4258,0,0,0,0
SP-07416,ok,debt,13788,15108,0,0,0
SP-07417,ok,reserve,16977,0,0,0,0
SP-07418,ok,reserve,18678,0,0,0,0
SP-07419,ok,reserve,5084,0,0,0,0
SP-07420,ok,reserve,30727,0,0,0,0
SP-07421,ok,reserve,10388,0,0,0,0
SP-07422,deficit,none,0,0,0,0,0
SP-07423,ok,reserve,15679,0,0,0,0
SP-07424,deficit,none,0,0,0,0,0
SP-07425,ok,reserve,27407,0,0,0,0
SP-07426,ok,reserve,35484,0,0,0,0
SP-07427,ok,reserve,20649,0,0,0,0
SP-07428,ok,reserve,25,0,0,0,0
SP-07429,ok,reserve,4443,0,0,0,0
SP-07430,ok,reserve,15214,9646,0,0,0
SP-07431,ok,reserve,260184568,0,0,0,0
SP-07432,ok,reserve,4742,0,0,0,0
SP-07433,ok,reserve,22491,0,0,0,0
SP-07434,deficit,none,0,0,0,0,0
SP-07435,ok,reserve,33360,0,0,0,0
SP-07436,ok,reserve,29819,0,0,0,0
SP-07437,ok,debt,0,85607,0,0,12218
SP-07438,ok,reserve,42654,0,0,0,0
SP-07439,ok,reserve,11810,0,0,0,0
SP-07440,deficit,none,0,0,0,0,0
SP-07441,deficit,none,0,0,0,0,0
SP-07442,ok,reserve,1235,0,0,0,0
SP-07443,deficit,none,0,0,0,0,0
SP-07444,ok,reserve,13369,3404,0,0,0
SP-07445,ok,debt,0,17284,0,0,0
SP-07446,ok,goals+,0,0,0,4596,77451
SP-07447,deficit,none,0,0,0,0,0
SP-07448,ok,reserve,12886,0,0,0,0
SP-07449,ok,reserve,5311,0,0,0,0
SP-07450,ok,reserve,3381,0,0,0,0
SP-07451,ok,reserve,9742,0,0,0,0
SP-07452,ok,debt,0,10103,0,0,0
SP-07453,ok,debt,0,8122,0,0,0
SP-07454,ok,debt,0,7947,0,0,100552
SP-07455,ok,goals+,0,0,97,0,870957
SP-07456,ok,reserve,38546,0,0,0,0
SP-07457,ok,reserve,8663,0,0,0,0
SP-07458,ok,reserve,10708,0,0,0,0
SP-07459,ok,reserve,38289,0,0,0,0
SP-07460,ok,reserve,22487,0,0,0,0
SP-07461,ok,debt,0,7108,0,0,0
SP-07462,ok,reserve,46683,0,0,0,0
SP-07463,ok,debt,0,1274,0,0,0
SP-07464,deficit,none,0,0,0,0,0
SP-07465,ok,reserve,9939,0,0,0,0
SP-07466,ok,reserve,29965,0,0,0,0
SP-07467,deficit,none,0,0,0,0,0
SP-07468,ok,debt,0,21835,0,0,0
SP-07469,ok,debt,0,49569,0,0,0
SP-07470,ok,goals+,0,0,18,0,111
SP-07471,ok,debt,0,12403,0,0,0
SP-07472,ok,debt,0,1835,0,0,340045
SP-07473,ok,reserve,1018081592,0,0,0,0
SP-07474,ok,reserve,17687,0,0,0,0
SP-07475,deficit,none,0,0,0,0,0
SP-07476,deficit,none,0,0,0,0,0
SP-07477,deficit,none,0,0,0,0,0
SP-07478,ok,reserve,1553,0,0,0,0
SP-07479,ok,debt,0,45634,0,0,0
SP-07480,ok,reserve,36250,0,0,0,0
SP-07481,ok,reserve,41466,0,0,0,0
SP-07482,deficit,none,0,0,0,0,0
SP-07483,ok,reserve,4560,0,0,0,0
SP-07484,ok,reserve,58071,0,0,0,0
SP-07485,deficit,none,0,0,0,0,0
SP-07486,ok,reserve,16126,0,0,0,0
SP-07487,ok,reserve,40806,0,0,0,0
SP-07488,deficit,none,0,0,0,0,0
SP-07489,ok,debt,0,5901,0,0,0
SP-07490,ok,goals+,0,0,0,5620,259349
SP-07491,ok,reserve,11835,0,0,0,0
SP-07492,ok,goals+,0,0,3491,16916,8665
SP-07493,ok,debt,0,3832,0,0,0
SP-07494,ok,reserve,84553,0,0,0,0
SP-07495,ok,debt,0,1684,0,0,0
SP-07496,ok,reserve,4645,0,0,0,0
SP-07497,ok,debt,0,7985,0,0,0
SP-07498,deficit,none,0,0,0,0,0
SP-07499,ok,debt,0,8998,0,0,0
SP-07500,ok,goals+,0,0,36574,0,64806
SP-07501,ok,reserve,23898,0,0,0,0
SP-07502,ok,reserve,11801,0,0,0,0
SP-07503,ok,reserve,12799,0,0,0,0
SP-07504,ok,reserve,11756,0,0,0,0
SP-07505,ok,debt,42159,89825,0,0,0
SP-07506,deficit,none,0,0,0,0,0
SP-07507,deficit,none,0,0,0,0,0
SP-07508,ok,reserve,64,0,0,0,0
SP-07509,ok,debt,0,18955,0,0,0
SP-07510,ok,goals+,0,0,15065,0,69260
SP-07511,ok,goals+,0,0,0,33782,23925
SP-07512,ok,goals+,0,0,64,39,509
SP-07513,ok,reserve,10421,0,0,0,0
SP-07514,ok,reserve,10585,0,0,0,0
SP-07515,ok,reserve,1271464376,0,0,0,0
SP-07516,ok,reserve,5891,0,0,0,0
SP-07517,ok,goals+,0,0,0,20996,54071
SP-07518,deficit,none,0,0,0,0,0
SP-07519,ok,debt,0,3408,0,0,0
SP-07520,ok,debt,0,5556,0,0,0
SP-07521,ok,debt,0,41098,0,0,0
SP-07522,ok,debt,0,9094,0,0,0
SP-07523,ok,reserve,33816,0,0,0,0
SP-07524,deficit,none,0,0,0,0,0
SP-07525,deficit,none,0,0,0,0,0
SP-07526,ok,reserve,2778,0,0,0,0
SP-07527,deficit,none,0,0,0,0,0
SP-07528,ok,debt,0,5724,0,0,0
SP-07529,deficit,none,0,0,0,0,0
SP-07530,ok,reserve,35267,0,0,0,0
SP-07531,deficit,none,0,0,0,0,0
SP-07532,ok,debt,0,5145,0,0,0
SP-07533,ok,reserve,5360,2770,0,0,0
SP-07534,ok,debt,0,19439,0,0,0
SP-07535,ok,reserve,44108,0,0,0,0
SP-07536,ok,reserve,13249,0,0,0,0
SP-07537,ok,reserve,20563,0,0,0,0
SP-07538,ok,debt,0,13737,0,0,0
SP-07539,ok,debt,0,26725,0,0,1793140
SP-07540,ok,reserve,17800,1768,0,0,0
SP-07541,ok,goals+,0,0,32345,0,144870
SP-07542,ok,debt,0,15779,0,0,183881
SP-07543,ok,debt,0,24386,0,0,0
SP-07544,ok,reserve,14409,0,0,0,0
SP-07545,ok,reserve,5155,0,0,0,0
SP-07546,deficit,none,0,0,0,0,0
SP-07547,ok,reserve,20480,0,0,0,0
SP-07548,ok,reserve,5929,0,0,0,0
SP-07549,ok,reserve,18436,0,0,0,0
SP-07550,deficit,none,0,0,0,0,0
SP-07551,ok,reserve,15397,0,0,0,0
SP-07552,ok,reserve,3830,0,0,0,0
SP-07553,ok,reserve,394,0,0,0,0
SP-07554,ok,reserve,127,0,0,0,0
SP-07555,ok,reserve,2181,0,0,0,0
SP-07556,deficit,none,0,0,0,0,0
SP-07557,deficit,none,0,0,0,0,0
SP-07558,ok,debt,0,21296,0,0,0
SP-07559,ok,reserve,5281,0,0,0,0
SP-07560,deficit,none,0,0,0,0,0
SP-07561,ok,reserve,1255,0,0,0,0
SP-07562,deficit,none,0,0,0,0,0
SP-07563,ok,debt,0,111727,0,0,211649
SP-07564,ok,reserve,17517,0,0,0,0
SP-07565,ok,goals+,0,0,0,20174,62809
SP-07566,deficit,none,0,0,0,0,0
SP-07567,ok,reserve,7729,0,0,0,0
SP-07568,ok,reserve,50286,0,0,0,0
SP-07569,deficit,none,0,0,0,0,0
SP-07570,deficit,none,0,0,0,0,0
SP-07571,ok,reserve,14357,0,0,0,0
SP-07572,ok,reserve,19001,0,0,0,0
SP-07573,ok,goals+,0,0,2925,0,277792
SP-07574,ok,goals+,0,0,22905,0,6003
SP-07575,deficit,none,0,0,0,0,0
SP-07576,ok,reserve,134,0,0,0,0
SP-07577,ok,reserve,25813,0,0,0,0
SP-07578,ok,goals+,0,0,0,8870,28499
SP-07579,ok,reserve,6847,0,0,0,0
SP-07580,ok,debt,0,7814,0,0,44627
SP-07581,ok,goals+,0,0,9154,0,6737159
SP-07582,ok,reserve,1082,0,0,0,0
SP-07583,ok,goals+,0,0,26606,0,172457
SP-07584,ok,reserve,15598,0,0,0,0
SP-07585,ok,reserve,12107,0,0,0,0
SP-07586,ok,reserve,582,0,0,0,0
SP-07587,ok,debt,0,11434,0,0,0
SP-07588,ok,debt,0,13818,0,0,0
SP-07589,ok,reserve,7695,0,0,0,0
SP-07590,ok,reserve,4576,0,0,0,0
SP-07591,ok,reserve,19488,0,0,0,0
SP-07592,ok,reserve,10643,0,0,0,0
SP-07593,ok,reserve,59972,0,0,0,0
SP-07594,ok,debt,0,22172,0,0,0
SP-07595,ok,debt,0,49829,0,0,0
SP-07596,deficit,none,0,0,0,0,0
SP-07597,ok,reserve,1690,0,0,0,0
SP-07598,ok,debt,0,284,0,0,0
SP-07599,ok,debt,0,2016616238,0,0,0
SP-07600,ok,reserve,11745,0,0,0,0
SP-07601,ok,goals+,0,0,5009,0,251145
SP-07602,deficit,none,0,0,0,0,0
SP-07603,ok,reserve,43125,0,0,0,0
SP-07604,deficit,none,0,0,0,0,0
SP-07605,ok,goals+,0,0,0,123044,56271
SP-07606,ok,goals+,0,0,0,12437,62645
SP-07607,ok,reserve,4930,0,0,0,0
SP-07608,deficit,none,0,0,0,0,0
SP-07609,ok,reserve,10012,0,0,0,0
SP-07610,ok,reserve,9928,0,0,0,0
SP-07611,deficit,none,0,0,0,0,0
SP-07612,deficit,none,0,0,0,0,0
SP-07613,ok,reserve,79100,0,0,0,0
SP-07614,deficit,none,0,0,0,0,0
SP-07615,ok,debt,0,46682,0,0,0
SP-07616,ok,reserve,4280,0,0,0,0
SP-07617,ok,debt,0,19760,0,0,0
SP-07618,deficit,none,0,0,0,0,0
SP-07619,ok,debt,0,24878,0,0,64364
SP-07620,ok,debt,0,9116,0,0,0
SP-07621,deficit,none,0,0,0,0,0
SP-07622,ok,reserve,20099,0,0,0,0
SP-07623,ok,debt,0,2144,0,0,387397
SP-07624,ok,reserve,23562,0,0,0,0
SP-07625,ok,reserve,3452,0,0,0,0
SP-07626,ok,debt,0,1916,0,0,0
SP-07627,ok,reserve,25236,0,0,0,0
SP-07628,ok,reserve,9216,0,0,0,0
SP-07629,ok,reserve,6695,0,0,0,0
SP-07630,ok,debt,0,11936,0,0,0
SP-07631,ok,goals+,332,0,0,18633,0
SP-07632,ok,reserve,105787,0,0,0,0
SP-07633,ok,debt,0,23028,0,0,0
SP-07634,ok,reserve,10319,0,0,0,0
SP-07635,ok,goals+,0,0,2403,0,272722
SP-07636,ok,debt,0,21154,0,0,0
SP-07637,ok,reserve,4631,0,0,0,0
SP-07638,ok,reserve,79,0,0,0,0
SP-07639,ok,reserve,10158,0,6197,0,0
SP-07640,ok,reserve,33881,0,0,0,0
SP-07641,ok,goals+,0,0,182106075,0,2187663101
SP-07642,ok,reserve,5889,0,0,0,0
SP-07643,ok,debt,0,11570,0,0,0
SP-07644,deficit,none,0,0,0,0,0
SP-07645,deficit,none,0,0,0,0,0
SP-07646,ok,debt,0,16674,0,0,0
SP-07647,ok,goals+,0,0,40847,0,44648
SP-07648,ok,reserve,19557,0,0,0,0
SP-07649,ok,reserve,38649,0,0,0,0
SP-07650,deficit,none,0,0,0,0,0
SP-07651,deficit,none,0,0,0,0,0
SP-07652,deficit,none,0,0,0,0,50330
SP-07653,deficit,none,0,0,0,0,0
SP-07654,ok,debt,0,34815,0,0,0
SP-07655,ok,reserve,19288,8460,0,0,0
SP-07656,deficit,none,0,0,0,0,0
SP-07657,ok,debt,0,8974,0,0,0
SP-07658,ok,debt,0,21418,0,0,0
SP-07659,deficit,none,0,0,0,0,0
SP-07660,deficit,none,0,0,0,0,0
SP-07661,ok,reserve,31162,0,0,0,0
SP-07662,ok,goals+,0,0,0,1650,33075
SP-07663,ok,reserve,7888,0,0,0,0
SP-07664,ok,debt,0,10838,0,0,0
SP-07665,ok,debt,0,32394,0,0,1100874
SP-07666,ok,debt,0,34348,0,0,0
SP-07667,ok,reserve,253,0,0,0,0
SP-07668,ok,debt,0,4834,0,0,0
SP-07669,ok,goals+,16677,0,14053,2782,0
SP-07670,ok,reserve,12728,0,0,0,0
SP-07671,ok,reserve,3147,313,0,0,0
SP-07672,ok,goals+,0,0,36390,6278,107104
SP-07673,deficit,none,0,0,0,0,0
SP-07674,deficit,none,0,0,0,0,0
SP-07675,ok,reserve,5751,0,0,0,0
SP-07676,ok,reserve,15430,0,0,0,0
SP-07677,ok,reserve,1699,0,0,0,0
SP-07678,ok,reserve,37644,0,0,0,0
SP-07679,ok,reserve,16932,0,0,0,0
SP-07680,ok,reserve,229,0,0,0,0
SP-07681,ok,reserve,1854,0,0,0,0
SP-07682,ok,reserve,43599,0,0,0,0
SP-07683,ok,reserve,283971220,0,0,0,0
SP-07684,ok,reserve,22312,0,0,0,0
SP-07685,ok,debt,0,3727,0,0,0
SP-07686,deficit,none,0,0,0,0,0
SP-07687,ok,reserve,30304,0,0,0,0
SP-07688,ok,reserve,5177,0,0,0,0
SP-07689,ok,goals+,0,0,14452,37933,33041
SP-07690,ok,debt,0,42397,0,0,96605
SP-07691,ok,reserve,24942,0,0,0,0
SP-07692,deficit,none,0,0,0,0,0
SP-07693,ok,debt,17029,19144,0,0,0
SP-07694,deficit,none,0,0,0,0,0
SP-07695,deficit,none,0,0,0,0,0
SP-07696,ok,reserve,20544,0,0,0,0
SP-07697,ok,debt,0,14712,0,0,0
SP-07698,ok,reserve,33005,0,0,0,0
SP-07699,ok,debt,0,2503,0,0,0
SP-07700,ok,reserve,957,0,0,0,0
SP-07701,ok,reserve,9835,0,0,0,0
SP-07702,deficit,none,0,0,0,0,0
SP-07703,ok,reserve,11594,0,0,0,0
SP-07704,ok,reserve,9688,0,0,0,0
SP-07705,ok,reserve,54607,0,0,0,0
SP-07706,ok,reserve,3690,0,0,0,0
SP-07707,ok,debt,0,17445,0,0,1407530
SP-07708,ok,goals+,0,0,5425,0,56791
SP-07709,ok,reserve,13907,0,0,0,0
SP-07710,ok,debt,0,6947,0,0,0
SP-07711,deficit,none,0,0,0,0,0
SP-07712,ok,debt,4219,7138,0,0,0
SP-07713,ok,debt,0,3753,0,0,0
SP-07714,ok,reserve,1197,0,0,0,0
SP-07715,ok,debt,0,67178,0,0,635481
SP-07716,ok,reserve,6592,0,0,0,0
SP-07717,ok,debt,0,7431,0,0,280949
SP-07718,ok,goals+,0,0,7000,0,48567
SP-07719,ok,reserve,8234,0,0,0,0
SP-07720,ok,reserve,31767,0,0,0,0
SP-07721,ok,goals+,0,0,18925,0,34674
SP-07722,ok,goals+,0,0,3,0,204
SP-07723,ok,reserve,36765,0,0,0,0
SP-07724,ok,reserve,21963,0,0,0,0
SP-07725,ok,reserve,631974154,0,224361750,0,0
SP-07726,ok,reserve,22033,0,0,0,0
SP-07727,ok,reserve,34835,0,0,0,0
SP-07728,deficit,none,0,0,0,0,0
SP-07729,ok,reserve,19825,0,0,0,0
SP-07730,deficit,none,0,0,0,0,0
SP-07731,ok,debt,0,39187,0,0,17568
SP-07732,deficit,none,0,0,0,0,0
SP-07733,ok,reserve,20810,0,0,0,0
SP-07734,deficit,none,0,0,0,0,0
SP-07735,ok,reserve,2091,0,0,0,0
SP-07736,ok,goals+,4854,0,27449,4995,0
SP-07737,deficit,none,0,0,0,0,0
SP-07738,ok,reserve,14743,0,0,0,0
SP-07739,deficit,none,0,0,0,0,0
SP-07740,ok,reserve,3389,0,0,0,0
SP-07741,ok,reserve,1553,0,0,0,0
SP-07742,ok,reserve,21263,0,0,0,0
SP-07743,ok,debt,0,9315,0,0,0
SP-07744,ok,reserve,30256,0,0,0,0
SP-07745,deficit,none,0,0,0,0,0
SP-07746,ok,reserve,8505,0,0,0,0
SP-07747,ok,goals+,0,0,3330,0,175465
SP-07748,ok,debt,0,7013,0,0,0
SP-07749,ok,debt,0,12709,0,0,542772
SP-07750,ok,reserve,2693,0,0,0,0
SP-07751,ok,debt,0,16419,0,0,10810
SP-07752,ok,debt,3200,3282,0,0,0
SP-07753,ok,reserve,5317,0,0,0,0
SP-07754,ok,reserve,2466,0,0,0,0
SP-07755,ok,debt,0,2426,0,0,0
SP-07756,ok,reserve,9959,0,0,0,0
SP-07757,ok,debt,0,45468,0,0,0
SP-07758,deficit,none,0,0,0,0,0
SP-07759,ok,reserve,29536,0,0,0,0
SP-07760,ok,goals+,1898,0,0,38906,0
SP-07761,ok,goals+,0,0,19876,0,101342
SP-07762,deficit,none,0,0,0,0,0
SP-07763,ok,reserve,12501,0,0,0,0
SP-07764,ok,reserve,64,0,0,0,0
SP-07765,ok,reserve,8604,0,0,0,0
SP-07766,ok,reserve,4165,0,0,0,0
SP-07767,ok,reserve,158286439,0,0,0,0
SP-07768,deficit,none,0,0,0,0,0
SP-07769,ok,goals+,0,0,0,27021,58696
SP-07770,deficit,none,0,0,0,0,0
SP-07771,ok,reserve,5914,0,0,0,0
SP-07772,ok,reserve,2199,0,0,0,0
SP-07773,ok,goals+,0,0,26515,83334,301439
SP-07774,ok,reserve,2651,0,0,0,0
SP-07775,ok,debt,0,29599,0,0,0
SP-07776,deficit,none,0,0,0,0,0
SP-07777,ok,debt,0,46564,0,0,0
SP-07778,ok,reserve,25303,0,0,0,0
SP-07779,deficit,none,0,0,0,0,0
SP-07780,ok,reserve,1424,0,0,0,0
SP-07781,ok,reserve,19002,0,0,0,0
SP-07782,deficit,none,0,0,0,0,0
SP-07783,ok,reserve,14236,0,0,0,0
SP-07784,ok,reserve,4828,0,0,0,0
SP-07785,ok,reserve,7475,0,0,0,0
SP-07786,ok,debt,0,20952,0,0,0
SP-07787,ok,reserve,15419,0,0,0,0
SP-07788,deficit,none,0,0,0,0,0
SP-07789,ok,reserve,68225,0,0,0,0
SP-07790,ok,reserve,9490,6586,0,0,0
SP-07791,ok,debt,0,3728,0,0,2306520
SP-07792,ok,goals+,0,0,0,33966,96505
SP-07793,ok,debt,0,16760,0,0,0
SP-07794,ok,debt,0,31061,0,0,0
SP-07795,deficit,none,0,0,0,0,0
SP-07796,ok,reserve,33547,0,0,0,0
SP-07797,ok,reserve,12951,0,0,0,0
SP-07798,deficit,none,0,0,0,0,0
SP-07799,deficit,none,0,0,0,0,0
SP-07800,deficit,none,0,0,0,0,0
SP-07801,ok,reserve,4694,0,0,0,0
SP-07802,ok,reserve,29175,0,0,0,0
SP-07803,ok,reserve,7280,0,0,0,0
SP-07804,ok,reserve,6458,0,0,0,0
SP-07805,ok,reserve,11834,0,0,0,0
SP-07806,ok,reserve,12,0,0,0,0
SP-07807,ok,debt,0,20464,0,0,0
SP-07808,deficit,none,0,0,0,0,0
SP-07809,ok,reserve,41813982,0,0,0,0
SP-07810,ok,goals+,0,0,10475,0,10283
SP-07811,ok,reserve,16574,0,0,0,0
SP-07812,deficit,none,0,0,0,0,0
SP-07813,ok,debt,0,62893,0,0,0
SP-07814,ok,debt,0,53944,0,0,0
SP-07815,ok,goals+,0,0,28870,75064,126456
SP-07816,ok,debt,0,7295,0,0,0
SP-07817,ok,reserve,26109,0,0,0,0
SP-07818,deficit,none,0,0,0,0,0
SP-07819,ok,reserve,7762,0,0,0,0
SP-07820,ok,reserve,15926,3080,0,0,0
SP-07821,deficit,none,0,0,0,0,0
SP-07822,ok,reserve,24147,0,0,0,0
SP-07823,ok,debt,0,6139,0,0,0
SP-07824,deficit,none,0,0,0,0,0
SP-07825,ok,goals+,0,0,14826,46118,255599
SP-07826,ok,reserve,1314,0,0,0,0
SP-07827,ok,reserve,5994,0,0,0,0
SP-07828,ok,reserve,15398,0,0,0,0
SP-07829,ok,reserve,51555,0,0,0,0
SP-07830,ok,debt,0,43786,0,0,0
SP-07831,ok,debt,7847,9965,0,0,0
SP-07832,ok,reserve,4741,0,0,0,0
SP-07833,ok,goals+,0,0,10245,21616,1132272
SP-07834,ok,reserve,11897,0,0,0,0
SP-07835,ok,reserve,9726,0,0,0,0
SP-07836,ok,reserve,20572,0,0,0,0
SP-07837,ok,reserve,23396,0,0,0,0
SP-07838,ok,reserve,1162,0,0,0,0
SP-07839,ok,reserve,12485,0,0,0,0
SP-07840,ok,reserve,20114,0,0,0,0
SP-07841,deficit,none,0,0,0,0,0
SP-07842,deficit,none,0,0,0,0,0
SP-07843,deficit,none,0,0,0,0,0
SP-07844,ok,reserve,10770,0,0,0,0
SP-07845,ok,debt,0,3293,0,0,0
SP-07846,ok,reserve,5235,0,0,0,0
SP-07847,ok,reserve,8462,0,0,0,0
SP-07848,ok,reserve,94,0,0,0,0
SP-07849,ok,reserve,5382,0,0,0,0
SP-07850,deficit,none,0,0,0,0,0
SP-07851,ok,reserve,15143364,0,0,0,0
SP-07852,deficit,none,0,0,0,0,0
SP-07853,ok,reserve,4402,0,0,0,0
SP-07854,deficit,none,0,0,0,0,0
SP-07855,deficit,none,0,0,0,0,0
SP-07856,ok,reserve,10149,0,0,0,0
SP-07857,ok,reserve,23492,4764,0,0,0
SP-07858,ok,reserve,7368,0,0,0,0
SP-07859,ok,reserve,24224,0,0,0,0
SP-07860,deficit,none,0,0,0,0,0
SP-07861,ok,reserve,17325,0,0,0,0
SP-07862,ok,reserve,9687,0,0,0,0
SP-07863,deficit,none,0,0,0,0,0
SP-07864,ok,reserve,49100,0,0,0,0
SP-07865,ok,debt,0,16027,0,0,3434
SP-07866,ok,reserve,39867,0,0,0,0
SP-07867,ok,reserve,27294,0,0,0,0
SP-07868,ok,reserve,55983,0,0,0,0
SP-07869,ok,debt,0,3075,0,0,0
SP-07870,ok,goals+,0,0,7779,0,172483
SP-07871,deficit,none,0,0,0,0,0
SP-07872,ok,debt,0,6557,0,0,0
SP-07873,ok,reserve,39545,0,0,0,0
SP-07874,ok,debt,0,30135,0,0,0
SP-07875,ok,goals+,0,0,13738,0,3203622
SP-07876,ok,reserve,16899,0,0,0,0
SP-07877,ok,reserve,3281,0,0,0,0
SP-07878,ok,reserve,30965,0,0,0,0
SP-07879,deficit,none,0,0,0,0,0
SP-07880,ok,reserve,32604,0,0,0,0
SP-07881,ok,debt,0,4278,0,0,0
SP-07882,ok,goals+,0,0,26815,14824,50548
SP-07883,ok,debt,0,3945,0,0,0
SP-07884,deficit,none,0,0,0,0,0
SP-07885,ok,debt,4422,8089,0,0,0
SP-07886,ok,reserve,10266,0,0,0,0
SP-07887,ok,reserve,22625,0,0,0,0
SP-07888,ok,reserve,17596,0,0,0,0
SP-07889,ok,reserve,28660,0,0,0,0
SP-07890,deficit,none,0,0,0,0,0
SP-07891,ok,goals+,910,0,0,16410,0
SP-07892,ok,goals+,0,0,0,21208,73508
SP-07893,ok,reserve,423254245,0,0,0,0
SP-07894,ok,goals+,0,0,3728,15772,36265
SP-07895,deficit,none,0,0,0,0,0
SP-07896,deficit,none,0,0,0,0,0
SP-07897,ok,reserve,30239,0,0,0,0
SP-07898,ok,reserve,1059,0,0,0,0
SP-07899,ok,debt,0,18389,0,0,0
SP-07900,ok,reserve,60783,0,0,0,0
SP-07901,ok,reserve,14120,0,0,0,0
SP-07902,deficit,none,0,0,0,0,0
SP-07903,ok,goals+,133,0,14366,0,0
SP-07904,deficit,none,0,0,0,0,0
SP-07905,ok,debt,0,5403,0,0,211863
SP-07906,ok,reserve,12745,0,0,0,0
SP-07907,ok,reserve,6567,0,0,0,0
SP-07908,ok,reserve,8434,0,0,0,0
SP-07909,ok,goals+,0,0,0,16024,625642
SP-07910,ok,debt,0,27456,0,0,0
SP-07911,ok,reserve,21172,0,0,0,0
SP-07912,ok,reserve,3527,0,0,0,0
SP-07913,ok,reserve,66280,0,0,0,0
SP-07914,ok,reserve,513,0,0,0,0
SP-07915,deficit,none,0,0,0,0,0
SP-07916,ok,reserve,14772,0,0,0,0
SP-07917,ok,debt,0,8251,0,0,2538356
SP-07918,ok,debt,0,37956,0,0,0
SP-07919,ok,debt,0,20878,0,0,95575
SP-07920,ok,reserve,61262,0,0,0,0
SP-07921,ok,reserve,48247,11104,0,0,0
SP-07922,deficit,none,0,0,0,0,0
SP-07923,ok,debt,0,1313,0,0,0
SP-07924,ok,reserve,2837,0,0,0,0
SP-07925,ok,debt,0,6469,0,0,0
SP-07926,deficit,none,0,0,0,0,0
SP-07927,ok,debt,10029,16649,0,0,0
SP-07928,ok,reserve,38454,0,0,0,0
SP-07929,ok,reserve,19677,0,0,0,0
SP-07930,ok,reserve,1564,0,0,0,0
SP-07931,ok,reserve,19489,0,0,0,0
SP-07932,ok,reserve,2,0,0,0,0
SP-07933,ok,reserve,18156,0,0,0,0
SP-07934,ok,debt,0,21316,0,0,0
SP-07935,ok,goals+,0,0,646585823,1026107256,12455144702
SP-07936,deficit,none,0,0,0,0,0
SP-07937,ok,goals+,0,0,5989,4338,66796
SP-07938,deficit,none,0,0,0,0,0
SP-07939,deficit,none,0,0,0,0,0
SP-07940,ok,reserve,65588,0,0,0,0
SP-07941,ok,goals+,0,0,21404,39522,34735
SP-07942,ok,reserve,67451,0,0,0,0
SP-07943,deficit,none,0,0,0,0,0
SP-07944,deficit,none,0,0,0,0,0
SP-07945,ok,reserve,19054,0,0,0,0
SP-07946,deficit,none,0,0,0,0,0
SP-07947,deficit,none,0,0,0,0,0
SP-07948,deficit,none,0,0,0,0,0
SP-07949,ok,debt,0,942,0,0,0
SP-07950,ok,reserve,16674,0,0,0,0
SP-07951,deficit,none,0,0,0,0,0
SP-07952,ok,reserve,2236,0,0,0,0
SP-07953,ok,reserve,4451,0,0,0,0
SP-07954,ok,reserve,293,0,0,0,0
SP-07955,ok,reserve,9245,0,0,0,0
SP-07956,ok,reserve,19302,0,0,0,0
SP-07957,deficit,none,0,0,0,0,0
SP-07958,ok,reserve,5368,0,0,0,0
SP-07959,ok,goals+,0,0,14212,0,1402923
SP-07960,ok,debt,0,17584,0,0,0
SP-07961,ok,debt,0,1243,0,0,0
SP-07962,ok,reserve,30645,0,0,0,0
SP-07963,ok,debt,0,20054,0,0,0
SP-07964,ok,reserve,37079,0,0,0,0
SP-07965,ok,reserve,12652,0,0,0,0
SP-07966,deficit,none,0,0,0,0,0
SP-07967,ok,reserve,10054,0,0,0,0
SP-07968,ok,reserve,58975,0,0,0,0
SP-07969,ok,reserve,12590,0,0,0,0
SP-07970,ok,reserve,9749,0,0,0,0
SP-07971,ok,reserve,9138,0,0,0,0
SP-07972,ok,debt,0,29584,0,0,0
SP-07973,ok,reserve,20909,0,0,0,0
SP-07974,ok,goals+,0,0,12,0,348
SP-07975,ok,reserve,64009,0,0,0,0
SP-07976,ok,reserve,12920,9952,0,0,0
SP-07977,ok,reserve,170565400,84333332,0,0,0
SP-07978,ok,reserve,26564,0,0,0,0
SP-07979,ok,reserve,89087,0,0,0,0
SP-07980,deficit,none,0,0,0,0,0
SP-07981,ok,reserve,76924,0,0,0,0
SP-07982,ok,debt,0,15899,0,0,0
SP-07983,ok,reserve,84814,0,0,0,0
SP-07984,deficit,none,0,0,0,0,0
SP-07985,ok,reserve,7184,0,0,0,0
SP-07986,deficit,none,0,0,0,0,0
SP-07987,ok,reserve,4954,0,0,0,0
SP-07988,deficit,none,0,0,0,0,0
SP-07989,deficit,none,0,0,0,0,0
SP-07990,ok,reserve,39917,0,0,0,0
SP-07991,ok,debt,0,15640,0,0,0
SP-07992,deficit,none,0,0,0,0,0
SP-07993,ok,reserve,24339,0,0,0,0
SP-07994,ok,reserve,20472,0,0,0,0
SP-07995,ok,debt,0,18424,0,0,0
SP-07996,ok,reserve,28177,0,0,0,0
SP-07997,ok,reserve,7654,190,0,0,0
SP-07998,ok,reserve,31602,0,0,0,0
SP-07999,ok,debt,0,14608,0,0,0
SP-08000,ok,reserve,8270,0,0,0,0
SP-08001,ok,goals+,0,0,0,3567,2116780
SP-08002,ok,reserve,6649,0,0,0,0
SP-08003,ok,goals+,0,0,10481,0,33743
SP-08004,ok,debt,0,3425,0,0,0
SP-08005,deficit,none,0,0,0,0,0
SP-08006,ok,reserve,12726,0,0,0,0
SP-08007,ok,goals+,0,0,9355,0,348458
SP-08008,ok,reserve,32568,0,0,0,0
SP-08009,deficit,none,0,0,0,0,0
SP-08010,ok,reserve,18108,0,0,0,0
SP-08011,ok,debt,0,8926,0,0,0
SP-08012,ok,reserve,2408,0,0,0,0
SP-08013,ok,reserve,11116,0,0,0,0
SP-08014,deficit,none,0,0,0,0,0
SP-08015,ok,goals+,0,0,0,20568,16728
SP-08016,deficit,none,0,0,0,0,0
SP-08017,deficit,none,0,0,0,0,0
SP-08018,deficit,none,0,0,0,0,0
SP-08019,ok,reserve,96376268,0,0,0,0
SP-08020,ok,reserve,12589,0,0,0,0
SP-08021,ok,debt,0,17222,0,0,0
SP-08022,deficit,none,0,0,0,0,0
SP-08023,ok,reserve,32348,0,0,0,0
SP-08024,ok,reserve,2624,0,0,0,0
SP-08025,ok,debt,0,109157,0,0,0
SP-08026,ok,reserve,33437,0,0,0,0
SP-08027,ok,reserve,12614,0,0,0,0
SP-08028,deficit,none,0,0,0,0,0
SP-08029,deficit,none,0,0,0,0,0
SP-08030,ok,reserve,6377,0,0,0,0
SP-08031,deficit,none,0,0,0,0,0
SP-08032,ok,reserve,30533,0,0,0,0
SP-08033,ok,reserve,31204,0,0,0,0
SP-08034,ok,reserve,6687,0,0,0,0
SP-08035,deficit,none,0,0,0,0,0
SP-08036,ok,reserve,47407,0,0,0,0
SP-08037,ok,reserve,18204,0,0,0,0
SP-08038,ok,reserve,16161,2480,0,0,0
SP-08039,ok,reserve,1730,0,0,0,0
SP-08040,ok,debt,0,17726,0,0,0
SP-08041,ok,reserve,49536,0,0,0,0
SP-08042,ok,reserve,21707,0,0,0,0
SP-08043,deficit,none,0,0,0,0,0
SP-08044,ok,reserve,1449,0,0,0,0
SP-08045,ok,debt,0,2932,0,0,2973
SP-08046,deficit,none,0,0,0,0,0
SP-08047,ok,goals+,0,0,15777,33937,338145
SP-08048,ok,goals+,0,0,0,6018,4865
SP-08049,ok,debt,0,723,0,0,0
SP-08050,ok,reserve,19406,0,0,0,0
SP-08051,ok,debt,0,939,0,0,59273
SP-08052,ok,reserve,55488,0,0,0,0
SP-08053,ok,debt,0,4710,0,0,0
SP-08054,ok,reserve,20746,0,0,0,0
SP-08055,ok,reserve,3978,0,0,0,0
SP-08056,ok,debt,0,12274,0,0,0
SP-08057,ok,debt,0,13331,0,0,0
SP-08058,ok,reserve,23,0,0,0,0
SP-08059,ok,reserve,2579,0,0,0,0
SP-08060,deficit,none,0,0,0,0,0
SP-08061,ok,reserve,808720306,0,0,0,0
SP-08062,ok,reserve,34243,562,0,0,0
SP-08063,ok,reserve,29509,0,0,0,0
SP-08064,deficit,none,0,0,0,0,0
SP-08065,ok,reserve,4961,0,0,0,0
SP-08066,deficit,none,0,0,0,0,0
SP-08067,ok,debt,0,85748,0,0,0
SP-08068,ok,debt,0,26791,0,0,0
SP-08069,ok,reserve,601,0,0,0,0
SP-08070,deficit,none,0,0,0,0,0
SP-08071,ok,debt,0,61279,0,0,0
SP-08072,ok,goals+,0,0,6676,0,69503
SP-08073,ok,reserve,28083,0,0,0,0
SP-08074,ok,debt,0,60961,0,0,0
SP-08075,ok,reserve,41030,0,0,0,0
SP-08076,deficit,none,0,0,0,0,0
SP-08077,ok,debt,0,34163,0,0,20061
SP-08078,ok,reserve,3104,0,0,0,0
SP-08079,ok,debt,0,22312,0,0,0
SP-08080,ok,debt,0,15423,0,0,0
SP-08081,deficit,none,0,0,0,0,292343
SP-08082,ok,reserve,10296,0,0,0,0
SP-08083,ok,reserve,15406,0,0,0,0
SP-08084,ok,reserve,19311,0,0,0,0
SP-08085,ok,debt,0,25743,0,0,2923836
SP-08086,ok,reserve,13065,0,0,0,0
SP-08087,ok,reserve,35558,0,0,0,0
SP-08088,ok,reserve,38172,0,0,0,0
SP-08089,ok,reserve,6153,0,0,0,0
SP-08090,ok,debt,220,9090,0,0,0
SP-08091,ok,reserve,3844,0,0,0,0
SP-08092,ok,reserve,7805,0,0,0,0
SP-08093,ok,goals+,0,0,38597,0,70773
SP-08094,deficit,none,0,0,0,0,0
SP-08095,ok,reserve,80320,0,0,0,0
SP-08096,ok,debt,0,15621,0,0,0
SP-08097,ok,reserve,71817,0,0,0,0
SP-08098,ok,reserve,13108,0,0,0,0
SP-08099,ok,reserve,15991,0,0,0,0
SP-08100,ok,reserve,219,0,0,0,0
SP-08101,ok,reserve,7671,0,0,0,0
SP-08102,deficit,none,0,0,0,0,0
SP-08103,ok,debt,218638201,285622824,0,0,0
SP-08104,ok,reserve,4248,0,0,0,0
SP-08105,ok,reserve,10011,0,0,0,0
SP-08106,deficit,none,0,0,0,0,0
SP-08107,ok,debt,0,5918,0,0,0
SP-08108,deficit,none,0,0,0,0,0
SP-08109,ok,goals+,0,0,80312,0,103499
SP-08110,ok,goals+,0,0,8943,0,239305
SP-08111,ok,reserve,47878,0,0,0,0
SP-08112,deficit,none,0,0,0,0,0
SP-08113,ok,reserve,37084,0,0,0,0
SP-08114,ok,reserve,19542,0,0,0,0
SP-08115,deficit,none,0,0,0,0,0
SP-08116,ok,reserve,72035,0,0,0,0
SP-08117,deficit,none,0,0,0,0,0
SP-08118,ok,reserve,2577,0,0,0,0
SP-08119,deficit,none,0,0,0,0,0
SP-08120,ok,reserve,32611,0,0,0,0
SP-08121,ok,reserve,9405,0,0,0,0
SP-08122,ok,reserve,20779,0,0,0,0
SP-08123,ok,reserve,38671,0,0,0,0
SP-08124,ok,reserve,5098,1656,0,0,0
SP-08125,ok,reserve,9442,0,0,0,0
SP-08126,ok,debt,0,6283,0,0,0
SP-08127,ok,goals+,0,0,3631,0,2175951
SP-08128,ok,reserve,1294,0,0,0,0
SP-08129,ok,reserve,47463,0,0,0,0
SP-08130,ok,goals+,0,0,42333,0,97611
SP-08131,ok,reserve,11871,0,0,0,0
SP-08132,ok,goals+,0,0,24579,475,92105
SP-08133,ok,reserve,15332,0,0,0,0
SP-08134,ok,reserve,16550,0,0,0,0
SP-08135,ok,reserve,44961,0,0,0,0
SP-08136,ok,reserve,16345,0,0,0,0
SP-08137,ok,reserve,26278,0,0,0,0
SP-08138,ok,reserve,13167,0,0,0,0
SP-08139,ok,reserve,6096,0,0,0,0
SP-08140,ok,reserve,43761,0,0,0,0
SP-08141,ok,reserve,7901,0,0,0,0
SP-08142,ok,reserve,192,0,0,0,0
SP-08143,ok,reserve,307,0,0,0,0
SP-08144,ok,reserve,8027,0,0,0,0
SP-08145,ok,reserve,1563288634,0,0,0,0
SP-08146,ok,reserve,27773,0,0,0,0
SP-08147,ok,reserve,23330,0,0,0,0
SP-08148,deficit,none,0,0,0,0,0
SP-08149,ok,debt,9220,14082,0,0,0
SP-08150,ok,debt,0,29141,0,0,0
SP-08151,ok,goals+,0,0,0,77337,194584
SP-08152,ok,debt,0,25358,0,0,0
SP-08153,ok,reserve,34123,0,0,0,0
SP-08154,deficit,none,0,0,0,0,0
SP-08155,ok,reserve,26916,6943,0,0,0
SP-08156,ok,goals+,0,0,0,3076,154044
SP-08157,deficit,none,0,0,0,0,0
SP-08158,ok,reserve,20786,2891,0,0,0
SP-08159,ok,debt,0,728,0,0,0
SP-08160,deficit,none,0,0,0,0,0
SP-08161,ok,reserve,6215,0,0,0,0
SP-08162,ok,debt,0,22148,0,0,24214
SP-08163,ok,reserve,55272,0,0,0,0
SP-08164,ok,reserve,25047,0,0,0,0
SP-08165,ok,reserve,33697,0,0,0,0
SP-08166,deficit,none,0,0,0,0,0
SP-08167,ok,goals+,0,0,1881,0,58876
SP-08168,ok,reserve,5958,0,0,0,0
SP-08169,ok,goals+,0,0,12516,31870,1862852
SP-08170,deficit,none,0,0,0,0,0
SP-08171,ok,reserve,1865,0,0,0,0
SP-08172,deficit,none,0,0,0,0,0
SP-08173,ok,goals+,0,0,21575,15070,135331
SP-08174,ok,reserve,72053,0,0,0,0
SP-08175,ok,reserve,6663,0,0,0,0
SP-08176,ok,debt,0,7943,0,0,0
SP-08177,ok,debt,0,23900,0,0,0
SP-08178,ok,reserve,14268,0,0,0,0
SP-08179,ok,goals+,0,0,2870,14471,10159
SP-08180,ok,reserve,8137,0,0,0,0
SP-08181,ok,reserve,20978,0,0,0,0
SP-08182,ok,debt,0,13355,0,0,0
SP-08183,ok,debt,0,21151,0,0,0
SP-08184,ok,reserve,36,0,0,0,0
SP-08185,ok,debt,0,21085,0,0,0
SP-08186,ok,reserve,48467,0,0,0,0
SP-08187,ok,reserve,1391989345,0,0,0,0
SP-08188,ok,reserve,2248,0,0,0,0
SP-08189,ok,debt,14198,17158,0,0,0
SP-08190,deficit,none,0,0,0,0,0
SP-08191,ok,reserve,14808,0,0,0,0
SP-08192,ok,reserve,23890,0,0,0,0
SP-08193,ok,goals+,0,0,35691,0,94982
SP-08194,ok,debt,0,51027,0,0,0
SP-08195,ok,debt,0,2236,0,0,0
SP-08196,deficit,none,0,0,0,0,0
SP-08197,ok,debt,0,9011,0,0,0
SP-08198,ok,reserve,31469,0,0,0,0
SP-08199,deficit,none,0,0,0,0,0
SP-08200,deficit,none,0,0,0,0,0
SP-08201,ok,reserve,6401,4632,0,0,0
SP-08202,ok,goals+,0,0,20803,0,167026
SP-08203,ok,goals+,0,0,16159,0,37548
SP-08204,ok,debt,0,30733,0,0,0
SP-08205,ok,goals+,0,0,0,23221,25298
SP-08206,ok,debt,0,12739,0,0,0
SP-08207,deficit,none,0,0,0,0,0
SP-08208,ok,reserve,14702,0,0,0,0
SP-08209,ok,reserve,29588,0,0,0,0
SP-08210,ok,reserve,25488,0,0,0,0
SP-08211,ok,debt,0,10631,0,0,457379
SP-08212,ok,debt,0,42027,0,0,0
SP-08213,ok,reserve,11349,0,0,0,0
SP-08214,ok,reserve,13696,0,0,0,0
SP-08215,ok,reserve,57872,0,0,0,0
SP-08216,ok,reserve,4936,0,0,0,0
SP-08217,ok,reserve,3369,0,0,0,0
SP-08218,deficit,none,0,0,0,0,245449
SP-08219,ok,reserve,15369,0,0,0,0
SP-08220,deficit,none,0,0,0,0,0
SP-08221,ok,reserve,10139,0,0,0,0
SP-08222,deficit,none,0,0,0,0,0
SP-08223,ok,reserve,28574,0,0,0,0
SP-08224,ok,reserve,43560,0,0,0,0
SP-08225,ok,reserve,27418,0,0,0,0
SP-08226,ok,reserve,107,0,0,0,0
SP-08227,ok,reserve,9226,830,0,0,0
SP-08228,ok,reserve,6662,0,0,0,0
SP-08229,ok,debt,0,103623220,0,0,0
SP-08230,deficit,none,0,0,0,0,0
SP-08231,deficit,none,0,0,0,0,0
SP-08232,deficit,none,0,0,0,0,0
SP-08233,ok,debt,0,29324,0,0,0
SP-08234,ok,goals+,0,0,0,22632,939374
SP-08235,ok,goals+,0,0,34825,0,46748
SP-08236,ok,reserve,26024,0,0,0,0
SP-08237,ok,reserve,26568,0,0,0,0
SP-08238,deficit,none,0,0,0,0,0
SP-08239,ok,reserve,559,0,0,0,0
SP-08240,ok,debt,0,642,0,0,0
SP-08241,deficit,none,0,0,0,0,0
SP-08242,deficit,none,0,0,0,0,0
SP-08243,ok,reserve,25415,0,0,0,0
SP-08244,ok,reserve,23707,0,0,0,0
SP-08245,ok,reserve,2779,0,0,0,0
SP-08246,ok,reserve,30918,0,0,0,0
SP-08247,ok,debt,5549,23806,0,0,0
SP-08248,ok,reserve,5255,0,0,0,0
SP-08249,ok,reserve,17824,0,0,0,0
SP-08250,ok,reserve,6875,0,0,0,0
SP-08251,ok,reserve,50136,0,0,0,0
SP-08252,ok,goals+,0,0,30185,0,134335
SP-08253,ok,goals+,0,0,16332,0,391348
SP-08254,ok,reserve,5337,0,0,0,0
SP-08255,ok,debt,0,29132,0,0,0
SP-08256,deficit,none,0,0,0,0,0
SP-08257,ok,debt,0,19198,0,0,0
SP-08258,deficit,none,0,0,0,0,0
SP-08259,ok,reserve,13243,0,0,0,0
SP-08260,ok,reserve,19237,0,0,0,0
SP-08261,deficit,none,0,0,0,0,0
SP-08262,ok,goals+,0,0,0,5250,51363
SP-08263,deficit,none,0,0,0,0,0
SP-08264,ok,reserve,14885,12728,0,0,0
SP-08265,ok,reserve,2266,0,0,0,0
SP-08266,deficit,none,0,0,0,0,0
SP-08267,ok,reserve,9808,0,0,0,0
SP-08268,ok,reserve,37,0,0,0,0
SP-08269,ok,reserve,7212,0,0,0,0
SP-08270,ok,reserve,30440,0,0,0,0
SP-08271,deficit,none,0,0,0,0,0
SP-08272,ok,goals+,0,0,5497,32114,539526
SP-08273,ok,reserve,21266,0,0,0,0
SP-08274,deficit,none,0,0,0,0,0
SP-08275,ok,debt,0,22777,0,0,260827
SP-08276,ok,reserve,1284,0,0,0,0
SP-08277,ok,goals+,0,0,0,205678,224362
SP-08278,ok,reserve,64229,0,0,0,0
SP-08279,ok,reserve,2864,0,0,0,0
SP-08280,deficit,none,0,0,0,0,0
SP-08281,ok,debt,0,3195,0,0,0
SP-08282,ok,debt,0,2166,0,0,0
SP-08283,deficit,none,0,0,0,0,0
SP-08284,deficit,none,0,0,0,0,0
SP-08285,ok,reserve,22688,0,0,0,0
SP-08286,ok,reserve,7003,0,0,0,0
SP-08287,ok,debt,0,8314,0,0,0
SP-08288,ok,debt,0,4100,0,0,0
SP-08289,ok,debt,0,29165,0,0,0
SP-08290,ok,reserve,10029,0,0,0,0
SP-08291,ok,reserve,55161,0,0,0,0
SP-08292,ok,reserve,43351,0,0,0,0
SP-08293,ok,reserve,25306,0,0,0,0
SP-08294,ok,debt,0,3222,0,0,0
SP-08295,deficit,none,0,0,0,0,0
SP-08296,ok,goals+,0,0,4260,0,10002
SP-08297,ok,debt,0,1380,0,0,0
SP-08298,ok,debt,0,7167,0,0,0
SP-08299,ok,debt,0,21044,0,0,0
SP-08300,ok,goals+,0,0,7710,0,561841
SP-08301,ok,debt,0,3746,0,0,0
SP-08302,ok,reserve,25084,0,0,0,0
SP-08303,ok,debt,0,5541,0,0,0
SP-08304,deficit,none,0,0,0,0,0
SP-08305,ok,reserve,37888,11536,0,0,0
SP-08306,ok,reserve,4467,0,0,0,0
SP-08307,ok,reserve,3687,0,0,0,0
SP-08308,ok,reserve,9492,0,0,0,0
SP-08309,ok,reserve,44458,0,0,0,0
SP-08310,ok,goals+,0,0,28,58,135
SP-08311,ok,debt,0,3813,0,0,0
SP-08312,ok,debt,0,20295,0,0,0
SP-08313,ok,debt,0,1555182602,0,0,0
SP-08314,ok,reserve,39227,0,0,0,0
SP-08315,ok,debt,0,88145,0,0,0
SP-08316,deficit,none,0,0,0,0,0
SP-08317,deficit,none,0,0,0,0,0
SP-08318,ok,reserve,13273,0,0,0,0
SP-08319,ok,debt,0,97846,0,0,586190
SP-08320,ok,reserve,36380,0,0,0,0
SP-08321,ok,debt,0,11249,0,0,0
SP-08322,deficit,none,0,0,0,0,0
SP-08323,ok,reserve,41256,0,0,0,0
SP-08324,ok,goals+,0,0,15802,0,495410
SP-08325,deficit,none,0,0,0,0,0
SP-08326,ok,reserve,36891,0,0,0,0
SP-08327,ok,goals+,0,0,30431,50830,1073008
SP-08328,deficit,none,0,0,0,0,0
SP-08329,ok,reserve,4743,0,0,0,0
SP-08330,deficit,none,0,0,0,0,0
SP-08331,ok,reserve,8716,0,0,0,0
SP-08332,ok,debt,33292,41497,0,0,0
SP-08333,ok,reserve,26791,0,0,0,0
SP-08334,ok,debt,0,40801,0,0,99923
SP-08335,ok,reserve,35293,0,0,0,0
SP-08336,ok,reserve,7295,0,0,0,0
SP-08337,ok,goals+,0,0,0,3990,1092777
SP-08338,ok,debt,952,8224,0,0,0
SP-08339,ok,debt,0,24497,0,0,0
SP-08340,ok,debt,0,2340,0,0,0
SP-08341,ok,debt,0,7707,0,0,0
SP-08342,ok,reserve,2568,0,0,0,0
SP-08343,ok,reserve,6487,0,0,0,0
SP-08344,deficit,none,0,0,0,0,0
SP-08345,ok,reserve,47890,0,0,0,0
SP-08346,deficit,none,0,0,0,0,0
SP-08347,ok,reserve,46340,0,0,0,0
SP-08348,ok,reserve,20772,0,0,0,0
SP-08349,ok,debt,0,14744,0,0,0
SP-08350,ok,debt,0,16442,0,0,0
SP-08351,ok,reserve,17024,0,0,0,0
SP-08352,ok,reserve,179,0,0,0,0
SP-08353,ok,reserve,21809,0,0,0,0
SP-08354,ok,reserve,7598,0,0,0,0
SP-08355,ok,reserve,493560857,0,0,0,0
SP-08356,ok,debt,2344,10948,0,0,0
SP-08357,deficit,none,0,0,0,0,0
SP-08358,deficit,none,0,0,0,0,0
SP-08359,ok,reserve,28990,0,0,0,0
SP-08360,ok,reserve,10048,0,0,0,0
SP-08361,ok,goals+,0,0,65036,0,57494
SP-08362,ok,reserve,740,0,0,0,0
SP-08363,ok,debt,0,17876,0,0,0
SP-08364,deficit,none,0,0,0,0,0
SP-08365,ok,reserve,6313,0,0,0,0
SP-08366,deficit,none,0,0,0,0,0
SP-08367,deficit,none,0,0,0,0,0
SP-08368,deficit,none,0,0,0,0,0
SP-08369,ok,debt,0,8637,0,0,0
SP-08370,ok,reserve,29311,0,0,0,0
SP-08371,ok,debt,0,37801,0,0,38176
SP-08372,ok,debt,0,2785,0,0,0
SP-08373,ok,goals+,0,0,0,19916,28633
SP-08374,ok,debt,0,18354,0,0,0
SP-08375,ok,reserve,12531,0,0,0,0
SP-08376,ok,reserve,951,0,0,0,0
SP-08377,ok,reserve,1598,0,0,0,0
SP-08378,ok,reserve,32104,0,0,0,0
SP-08379,ok,debt,0,4394,0,0,750096
SP-08380,deficit,none,0,0,0,0,0
SP-08381,ok,reserve,67200,0,0,0,0
SP-08382,ok,reserve,18782,0,0,0,0
SP-08383,ok,reserve,13188,0,0,0,0
SP-08384,ok,reserve,1035,0,0,0,0
SP-08385,ok,debt,0,10123,0,0,15473
SP-08386,ok,reserve,14521,0,702,0,0
SP-08387,ok,reserve,2834,0,0,0,0
SP-08388,deficit,none,0,0,0,0,0
SP-08389,ok,debt,0,14295,0,0,0
SP-08390,ok,reserve,1204,0,0,0,0
SP-08391,ok,debt,0,10097,0,0,0
SP-08392,ok,reserve,18807,0,0,0,0
SP-08393,ok,debt,15427,25442,0,0,0
SP-08394,deficit,none,0,0,0,0,0
SP-08395,ok,debt,0,49305,0,0,0
SP-08396,ok,reserve,34460,0,0,0,0
SP-08397,ok,reserve,469453912,0,0,0,0
SP-08398,ok,goals+,0,0,4193,0,2487
SP-08399,ok,reserve,12638,0,0,0,0
SP-08400,deficit,none,0,0,0,0,0
SP-08401,ok,reserve,4964,0,0,0,0
SP-08402,ok,reserve,6063,0,0,0,0
SP-08403,ok,goals+,0,0,0,146251,46564
SP-08404,deficit,none,0,0,0,0,0
SP-08405,ok,reserve,36350,0,0,0,0
SP-08406,deficit,none,0,0,0,0,0
SP-08407,ok,reserve,65523,0,0,0,0
SP-08408,ok,goals+,0,0,0,5134,43201
SP-08409,deficit,none,0,0,0,0,0
SP-08410,ok,debt,0,13433,0,0,0
SP-08411,ok,goals+,0,0,0,3916,74302
SP-08412,deficit,none,0,0,0,0,0
SP-08413,ok,reserve,13520,0,0,0,0
SP-08414,ok,reserve,3069,0,0,0,0
SP-08415,ok,debt,0,27189,0,0,0
SP-08416,deficit,none,0,0,0,0,0
SP-08417,ok,reserve,63915,0,0,0,0
SP-08418,ok,reserve,3833,1986,0,0,0
SP-08419,ok,goals+,0,0,0,16217,13914
SP-08420,deficit,none,0,0,0,0,0
SP-08421,ok,debt,0,1774,0,0,617169
SP-08422,ok,goals+,0,0,44540,0,76817
SP-08423,ok,reserve,24741,0,0,0,0
SP-08424,ok,reserve,34299,0,0,0,0
SP-08425,ok,reserve,39383,0,0,0,0
SP-08426,ok,goals+,0,0,0,8274,47478
SP-08427,ok,debt,0,16065,0,0,0
SP-08428,ok,reserve,113439,0,0,0,0
SP-08429,ok,reserve,8949,2415,0,0,0
SP-08430,ok,reserve,31786,0,0,0,0
SP-08431,ok,reserve,4396,0,0,0,0
SP-08432,ok,reserve,54,0,0,0,0
SP-08433,ok,debt,0,3409,0,0,0
SP-08434,ok,goals+,0,0,0,25173,79802
SP-08435,ok,reserve,4776,0,0,0,0
SP-08436,ok,reserve,199,0,0,0,0
SP-08437,deficit,none,0,0,0,0,0
SP-08438,deficit,none,0,0,0,0,0
SP-08439,ok,reserve,947413099,0,0,0,0
SP-08440,ok,debt,0,34893,0,0,0
SP-08441,ok,reserve,6798,0,0,0,0
SP-08442,deficit,none,0,0,0,0,0
SP-08443,ok,reserve,15959,0,0,0,0
SP-08444,ok,reserve,18978,0,0,0,0
SP-08445,ok,goals+,0,0,81720,3564,289317
SP-08446,ok,reserve,8383,0,0,0,0
SP-08447,ok,debt,0,17316,0,0,0
SP-08448,deficit,none,0,0,0,0,0
SP-08449,ok,reserve,20400,0,6436,5480,0
SP-08450,ok,reserve,32201,0,0,0,0
SP-08451,deficit,none,0,0,0,0,0
SP-08452,ok,reserve,598,0,0,0,0
SP-08453,ok,reserve,81484,0,0,0,0
SP-08454,deficit,none,0,0,0,0,0
SP-08455,ok,reserve,6299,0,0,0,0
SP-08456,ok,reserve,14148,0,0,0,0
SP-08457,ok,goals+,0,0,0,6147,47034
SP-08458,ok,reserve,24269,0,0,0,0
SP-08459,ok,debt,0,13913,0,0,0
SP-08460,ok,reserve,16665,0,0,0,0
SP-08461,ok,reserve,13585,0,0,0,0
SP-08462,ok,goals+,0,0,16077,38535,58615
SP-08463,ok,goals+,0,0,46193,0,846702
SP-08464,ok,debt,21005,69915,0,0,0
SP-08465,ok,reserve,8069,0,0,0,0
SP-08466,ok,reserve,5729,0,0,0,0
SP-08467,ok,reserve,28047,0,0,0,0
SP-08468,ok,reserve,6734,0,0,0,0
SP-08469,ok,debt,1129,1344,0,0,0
SP-08470,ok,goals+,0,0,39094,44482,8591
SP-08471,ok,reserve,4634,0,0,0,0
SP-08472,ok,reserve,31756,0,0,0,0
SP-08473,ok,debt,0,61,0,0,27022
SP-08474,ok,goals+,0,0,19327,25859,449
SP-08475,ok,reserve,60466,0,0,0,0
SP-08476,ok,reserve,12630,0,0,0,0
SP-08477,ok,goals+,0,0,8832,0,137487
SP-08478,deficit,none,0,0,0,0,0
SP-08479,ok,debt,4151,9932,0,0,0
SP-08480,ok,debt,0,132,0,0,0
SP-08481,ok,reserve,1368434672,0,0,0,0
SP-08482,ok,reserve,11466,0,0,0,0
SP-08483,ok,reserve,13420,0,0,0,0
SP-08484,deficit,none,0,0,0,0,0
SP-08485,ok,reserve,8211,0,0,0,0
SP-08486,deficit,none,0,0,0,0,0
SP-08487,ok,debt,0,76078,0,0,0
SP-08488,ok,reserve,28893,7588,0,0,0
SP-08489,ok,reserve,5637,0,0,0,0
SP-08490,deficit,none,0,0,0,0,0
SP-08491,deficit,none,0,0,0,0,0
SP-08492,ok,reserve,17574,0,0,0,0
SP-08493,deficit,none,0,0,0,0,0
SP-08494,ok,reserve,26318,0,0,0,0
SP-08495,ok,reserve,4630,0,0,0,0
SP-08496,ok,reserve,21098,0,0,0,0
SP-08497,ok,reserve,6633,0,0,0,0
SP-08498,deficit,none,0,0,0,0,0
SP-08499,ok,debt,0,1344,0,0,0
SP-08500,ok,reserve,23235,0,0,0,0
SP-08501,ok,debt,0,28152,0,0,173127
SP-08502,deficit,none,0,0,0,0,0
SP-08503,ok,reserve,11880,2617,0,0,0
SP-08504,ok,debt,0,11652,0,0,0
SP-08505,deficit,none,0,0,0,0,408267
SP-08506,ok,reserve,2858,0,0,0,0
SP-08507,deficit,none,0,0,0,0,0
SP-08508,ok,goals+,0,0,19761,0,44690
SP-08509,ok,reserve,31387,0,0,0,0
SP-08510,ok,reserve,1748,0,0,0,0
SP-08511,ok,debt,0,2547,0,0,0
SP-08512,ok,debt,0,41328,0,0,0
SP-08513,ok,reserve,7014,0,0,0,0
SP-08514,deficit,none,0,0,0,0,0
SP-08515,ok,reserve,25162,0,0,0,0
SP-08516,ok,reserve,1322,0,0,0,0
SP-08517,deficit,none,0,0,0,0,0
SP-08518,ok,reserve,35403,0,0,0,0
SP-08519,ok,debt,0,3693,0,0,0
SP-08520,ok,reserve,123,0,0,0,0
SP-08521,ok,goals+,0,0,42995,0,47338
SP-08522,ok,goals+,0,0,18147,0,45058
SP-08523,ok,reserve,1234303578,0,0,0,0
SP-08524,ok,reserve,54362,0,0,0,0
SP-08525,ok,reserve,9564,0,0,0,0
SP-08526,deficit,none,0,0,0,0,0
SP-08527,ok,goals+,7467,0,14591,0,0
SP-08528,ok,reserve,2248,0,0,0,0
SP-08529,ok,goals+,0,0,65551,0,367389
SP-08530,deficit,none,0,0,0,0,0
SP-08531,ok,reserve,8422,0,0,0,0
SP-08532,deficit,none,0,0,0,0,0
SP-08533,ok,reserve,12745,0,0,0,0
SP-08534,deficit,none,0,0,0,0,0
SP-08535,deficit,none,0,0,0,0,0
SP-08536,ok,reserve,16045,0,0,0,0
SP-08537,ok,reserve,39180,0,0,0,0
SP-08538,deficit,none,0,0,0,0,0
SP-08539,ok,debt,0,2209,0,0,5865
SP-08540,ok,debt,0,5809,0,0,0
SP-08541,ok,reserve,6852,0,0,0,0
SP-08542,ok,reserve,28932,0,0,0,0
SP-08543,ok,reserve,14694,0,0,0,0
SP-08544,ok,reserve,67540,0,0,0,0
SP-08545,ok,reserve,31565,0,0,0,0
SP-08546,deficit,none,0,0,0,0,0
SP-08547,ok,goals+,0,0,19679,0,1366699
SP-08548,ok,reserve,19991,0,0,0,0
SP-08549,ok,reserve,1854,0,0,0,0
SP-08550,ok,goals+,0,0,2219,0,69036
SP-08551,ok,reserve,23165,0,0,0,0
SP-08552,ok,reserve,40786,0,0,0,0
SP-08553,ok,debt,0,16456,0,0,0
SP-08554,ok,goals+,0,0,0,35608,26118
SP-08555,deficit,none,0,0,0,0,45507
SP-08556,ok,reserve,5645,0,0,0,0
SP-08557,ok,reserve,12330,0,0,0,0
SP-08558,ok,reserve,35461,0,0,0,0
SP-08559,ok,reserve,47600,0,0,0,0
SP-08560,ok,reserve,7503,0,0,0,0
SP-08561,deficit,none,0,0,0,0,0
SP-08562,ok,goals+,0,0,14,69,70
SP-08563,ok,reserve,695,0,0,0,0
SP-08564,deficit,none,0,0,0,0,0
SP-08565,ok,goals+,80187557,0,0,553624994,0
SP-08566,ok,reserve,9743,0,0,0,0
SP-08567,ok,reserve,34205,0,0,0,0
SP-08568,deficit,none,0,0,0,0,0
SP-08569,ok,reserve,39084,0,0,0,0
SP-08570,deficit,none,0,0,0,0,0
SP-08571,ok,debt,0,20590,0,0,74164
SP-08572,ok,reserve,33151,0,0,0,0
SP-08573,ok,reserve,8484,0,0,0,0
SP-08574,deficit,none,0,0,0,0,0
SP-08575,ok,reserve,113762,10653,0,0,0
SP-08576,ok,reserve,38659,0,0,0,0
SP-08577,deficit,none,0,0,0,0,0
SP-08578,ok,reserve,16831,0,0,0,0
SP-08579,ok,reserve,17013,0,0,0,0
SP-08580,deficit,none,0,0,0,0,0
SP-08581,ok,debt,0,9616,0,0,0
SP-08582,ok,goals+,0,0,5532,0,5898
SP-08583,ok,reserve,16616,0,0,0,0
SP-08584,ok,debt,0,5433,0,0,0
SP-08585,ok,reserve,69280,0,0,0,0
SP-08586,ok,reserve,54492,0,0,0,0
SP-08587,ok,reserve,5103,0,0,0,0
SP-08588,ok,reserve,23048,393,0,0,0
SP-08589,ok,goals+,0,0,26494,0,475225
SP-08590,ok,reserve,11580,0,0,0,0
SP-08591,ok,reserve,24746,0,0,0,0
SP-08592,ok,reserve,285,0,0,0,0
SP-08593,deficit,none,0,0,0,0,0
SP-08594,ok,reserve,10419,0,0,0,0
SP-08595,ok,debt,0,14213,0,0,0
SP-08596,deficit,none,0,0,0,0,0
SP-08597,ok,debt,0,22532,0,0,0
SP-08598,ok,reserve,9861,0,0,0,0
SP-08599,ok,reserve,26856,0,0,0,0
SP-08600,ok,debt,0,12846,0,0,1113
SP-08601,ok,reserve,4373,0,0,0,0
SP-08602,ok,reserve,5294,0,0,0,0
SP-08603,ok,reserve,19700,0,0,0,0
SP-08604,ok,goals+,0,0,44,0,543
SP-08605,deficit,none,0,0,0,0,0
SP-08606,ok,reserve,13506,0,0,0,0
SP-08607,ok,reserve,679187391,0,0,0,0
SP-08608,ok,reserve,17356,0,0,0,0
SP-08609,ok,reserve,30251,0,0,0,0
SP-08610,deficit,none,0,0,0,0,0
SP-08611,ok,reserve,40403,0,0,0,0
SP-08612,ok,reserve,25272,0,0,0,0
SP-08613,ok,goals+,0,0,204647,0,275435
SP-08614,ok,reserve,30442,0,0,0,0
SP-08615,ok,reserve,10490,0,0,0,0
SP-08616,deficit,none,0,0,0,0,0
SP-08617,ok,reserve,30364,0,0,0,0
SP-08618,ok,reserve,14313,0,0,0,0
SP-08619,deficit,none,0,0,0,0,0
SP-08620,ok,reserve,13544,0,0,0,0
SP-08621,ok,reserve,4675,0,0,0,0
SP-08622,ok,goals+,0,0,4990,14531,22011
SP-08623,ok,reserve,5010,0,0,0,0
SP-08624,ok,debt,0,11397,0,0,0
SP-08625,ok,debt,0,30225,0,0,0
SP-08626,ok,reserve,20939,0,0,0,0
SP-08627,ok,reserve,8786,0,0,0,0
SP-08628,ok,debt,3793,13029,0,0,0
SP-08629,deficit,none,0,0,0,0,0
SP-08630,ok,reserve,9977,0,0,0,0
SP-08631,ok,goals+,0,0,15163,0,691619
SP-08632,deficit,none,0,0,0,0,0
SP-08633,ok,reserve,10806,0,0,0,0
SP-08634,ok,debt,0,53555,0,0,78904
SP-08635,ok,reserve,3036,0,0,0,0
SP-08636,ok,goals+,0,0,3748,0,67811
SP-08637,ok,debt,0,6366,0,0,0
SP-08638,ok,reserve,9012,0,0,0,0
SP-08639,ok,reserve,2489,0,0,0,0
SP-08640,ok,reserve,44024,0,0,0,0
SP-08641,ok,reserve,20534,0,0,0,0
SP-08642,ok,reserve,39784,0,0,0,0
SP-08643,ok,reserve,34688,0,0,0,0
SP-08644,ok,debt,0,11511,0,0,0
SP-08645,ok,reserve,3300,0,0,0,0
SP-08646,ok,reserve,96,0,0,0,0
SP-08647,ok,reserve,62286,0,0,0,0
SP-08648,ok,goals+,0,0,0,11507,301544
SP-08649,deficit,none,0,0,0,0,0
SP-08650,deficit,none,0,0,0,0,0
SP-08651,ok,debt,0,21899,0,0,0
SP-08652,deficit,none,0,0,0,0,0
SP-08653,ok,debt,0,9417,0,0,0
SP-08654,ok,reserve,12197,0,0,0,0
SP-08655,ok,debt,8715,29451,0,0,0
SP-08656,ok,reserve,703,0,0,0,0
SP-08657,ok,debt,0,12226,0,0,0
SP-08658,deficit,none,0,0,0,0,0
SP-08659,ok,reserve,35448,0,0,0,0
SP-08660,ok,goals+,0,0,0,1436,126312
SP-08661,deficit,none,0,0,0,0,0
SP-08662,ok,reserve,10944,0,0,0,0
SP-08663,ok,reserve,8652,0,0,0,0
SP-08664,ok,reserve,37233,0,0,0,0
SP-08665,ok,debt,0,11743,0,0,0
SP-08666,ok,reserve,15199,0,0,0,0
SP-08667,ok,debt,0,15910,0,0,0
SP-08668,ok,reserve,8353,0,0,0,0
SP-08669,ok,debt,0,19365,0,0,0
SP-08670,ok,reserve,20487,0,0,0,0
SP-08671,ok,reserve,2752,0,0,0,0
SP-08672,ok,reserve,57940,0,0,0,0
SP-08673,ok,goals+,0,0,29623,0,1287112
SP-08674,ok,debt,0,14004,0,0,0
SP-08675,ok,reserve,20721,0,0,0,0
SP-08676,ok,debt,0,7625,0,0,149231
SP-08677,ok,reserve,7343,0,0,0,0
SP-08678,deficit,none,0,0,0,0,0
SP-08679,ok,debt,0,17714,0,0,0
SP-08680,ok,reserve,14223,0,0,0,0
SP-08681,ok,reserve,8148,0,0,0,0
SP-08682,deficit,none,0,0,0,0,0
SP-08683,ok,debt,0,15989,0,0,0
SP-08684,ok,debt,0,23375,0,0,0
SP-08685,deficit,none,0,0,0,0,0
SP-08686,deficit,none,0,0,0,0,0
SP-08687,ok,reserve,15045,0,0,0,0
SP-08688,ok,reserve,31,0,0,0,0
SP-08689,ok,reserve,46483,0,0,0,0
SP-08690,ok,reserve,1934,0,0,0,0
SP-08691,ok,goals+,0,0,600449244,0,767716986
SP-08692,ok,reserve,18990,0,0,0,0
SP-08693,ok,reserve,16771,0,0,0,0
SP-08694,deficit,none,0,0,0,0,0
SP-08695,ok,reserve,8183,0,0,0,0
SP-08696,deficit,none,0,0,0,0,0
SP-08697,ok,debt,0,102374,0,0,164595
SP-08698,ok,reserve,9440,0,0,0,0
SP-08699,ok,reserve,5761,0,0,0,0
SP-08700,deficit,none,0,0,0,0,0
SP-08701,ok,reserve,17769,0,0,0,0
SP-08702,ok,debt,0,6696,0,0,0
SP-08703,deficit,none,0,0,0,0,0
SP-08704,ok,reserve,43255,0,0,0,0
SP-08705,ok,reserve,13449,0,0,0,0
SP-08706,deficit,none,0,0,0,0,0
SP-08707,ok,reserve,46842,0,0,0,0
SP-08708,ok,reserve,28442,0,0,0,0
SP-08709,ok,debt,0,4436,0,0,0
SP-08710,ok,goals+,0,0,22925,0,47589
SP-08711,ok,debt,0,8836,0,0,0
SP-08712,ok,reserve,8490,0,0,0,0
SP-08713,ok,reserve,30381,0,0,0,0
SP-08714,ok,reserve,2350,0,0,0,0
SP-08715,ok,debt,0,32476,0,0,581215
SP-08716,ok,reserve,4709,0,319,0,0
SP-08717,ok,debt,0,2036,0,0,0
SP-08718,deficit,none,0,0,0,0,0
SP-08719,ok,reserve,4627,0,0,0,0
SP-08720,ok,debt,0,9903,0,0,0
SP-08721,ok,debt,0,2045,0,0,0
SP-08722,ok,debt,0,12506,0,0,0
SP-08723,ok,reserve,39727,0,0,0,0
SP-08724,ok,reserve,5307,0,0,0,0
SP-08725,ok,reserve,28876,0,0,0,0
SP-08726,ok,debt,0,13588,0,0,0
SP-08727,ok,reserve,8123,0,0,0,0
SP-08728,ok,reserve,39410,0,0,0,0
SP-08729,ok,debt,0,25049,0,0,0
SP-08730,ok,reserve,114,0,0,0,0
SP-08731,ok,reserve,35422,0,0,0,0
SP-08732,ok,debt,0,9913,0,0,17587
SP-08733,ok,reserve,238165262,0,0,0,0
SP-08734,ok,reserve,31608,0,0,0,0
SP-08735,ok,reserve,751,0,0,0,0
SP-08736,deficit,none,0,0,0,0,0
SP-08737,ok,reserve,34468,0,0,0,0
SP-08738,ok,reserve,5351,0,0,0,0
SP-08739,ok,goals+,0,0,48781,18325,269588
SP-08740,ok,reserve,7410,0,0,0,0
SP-08741,ok,debt,0,43171,0,0,0
SP-08742,deficit,none,0,0,0,0,0
SP-08743,ok,goals+,0,0,0,5740,191304
SP-08744,ok,reserve,14844,0,0,0,0
SP-08745,deficit,none,0,0,0,0,0
SP-08746,ok,debt,0,24470,0,0,0
SP-08747,ok,reserve,9403,0,0,0,0
SP-08748,deficit,none,0,0,0,0,0
SP-08749,deficit,none,0,0,0,0,0
SP-08750,ok,debt,0,15284,0,0,0
SP-08751,ok,reserve,4791,0,0,4649,0
SP-08752,ok,debt,0,1098,0,0,0
SP-08753,deficit,none,0,0,0,0,0
SP-08754,ok,reserve,5,0,0,0,0
SP-08755,ok,goals+,0,0,0,40101,199414
SP-08756,ok,reserve,20081,0,0,0,0
SP-08757,ok,goals+,0,0,8025,0,2135533
SP-08758,ok,debt,0,19612,0,0,0
SP-08759,ok,reserve,10691,0,0,0,0
SP-08760,ok,goals+,0,0,34455,0,45102
SP-08761,ok,reserve,5784,0,0,0,0
SP-08762,ok,reserve,50266,0,0,0,0
SP-08763,ok,reserve,5656,0,0,0,0
SP-08764,ok,reserve,17412,8901,0,0,0
SP-08765,ok,goals+,0,0,40764,0,210205
SP-08766,ok,reserve,30264,0,0,0,0
SP-08767,ok,goals+,0,0,10536,0,147134
SP-08768,ok,goals+,0,0,0,2725,67727
SP-08769,ok,debt,0,21896,0,0,0
SP-08770,ok,reserve,2085,0,0,0,0
SP-08771,ok,debt,0,3750,0,0,0
SP-08772,ok,reserve,1,0,0,0,0
SP-08773,ok,reserve,44252,0,0,0,0
SP-08774,ok,debt,0,18871,0,0,2480
SP-08775,ok,goals+,0,0,96013821,546525531,630639529
SP-08776,ok,reserve,116031,0,0,0,0
SP-08777,ok,reserve,5470,0,0,0,0
SP-08778,deficit,none,0,0,0,0,0
SP-08779,deficit,none,0,0,0,0,0
SP-08780,ok,reserve,15061,0,0,0,0
SP-08781,ok,debt,11433,19000,0,0,0
SP-08782,ok,reserve,7736,0,0,0,0
SP-08783,ok,reserve,37713,0,0,0,0
SP-08784,deficit,none,0,0,0,0,0
SP-08785,ok,reserve,40026,0,0,0,0
SP-08786,ok,debt,0,5328,0,0,0
SP-08787,deficit,none,0,0,0,0,0
SP-08788,ok,reserve,44138,0,0,0,0
SP-08789,ok,debt,0,15026,0,0,101844
SP-08790,deficit,none,0,0,0,0,0
SP-08791,ok,reserve,4596,0,0,0,0
SP-08792,ok,reserve,15003,0,0,0,0
SP-08793,ok,reserve,41594,0,0,0,0
SP-08794,ok,debt,0,11093,0,0,15952
SP-08795,ok,reserve,11731,0,0,0,0
SP-08796,deficit,none,0,0,0,0,0
SP-08797,ok,debt,0,39955,0,0,0
SP-08798,ok,reserve,7760,0,0,0,0
SP-08799,ok,goals+,0,0,18830,0,1905104
SP-08800,deficit,none,0,0,0,0,0
SP-08801,ok,debt,0,5071,0,0,0
SP-08802,ok,debt,0,5491,0,0,0
SP-08803,ok,reserve,6090,49,0,0,0
SP-08804,ok,debt,0,9809,0,0,0
SP-08805,ok,reserve,5521,0,0,0,0
SP-08806,ok,reserve,26259,0,0,0,0
SP-08807,ok,reserve,938,0,0,0,0
SP-08808,deficit,none,0,0,0,0,0
SP-08809,deficit,none,0,0,0,0,0
SP-08810,deficit,none,0,0,0,0,0
SP-08811,ok,reserve,70350,0,0,0,0
SP-08812,ok,reserve,12795,0,0,0,0
SP-08813,ok,reserve,13298,0,0,0,0
SP-08814,ok,reserve,90,0,0,0,0
SP-08815,ok,reserve,44677,0,0,0,0
SP-08816,ok,debt,0,6693,0,0,0
SP-08817,ok,reserve,964581658,0,0,0,0
SP-08818,deficit,none,0,0,0,0,0
SP-08819,ok,debt,0,5436,0,0,0
SP-08820,deficit,none,0,0,0,0,0
SP-08821,ok,reserve,106,0,0,0,0
SP-08822,ok,goals+,0,0,0,14768,96352
SP-08823,ok,goals+,0,0,0,145119,315888
SP-08824,ok,reserve,12478,0,0,0,0
SP-08825,ok,debt,2457,34281,0,0,0
SP-08826,deficit,none,0,0,0,0,0
SP-08827,ok,reserve,36412,0,0,0,0
SP-08828,ok,reserve,25786,0,0,0,0
SP-08829,deficit,none,0,0,0,0,0
SP-08830,ok,reserve,55804,0,0,0,0
SP-08831,ok,goals+,0,0,2314,0,149178
SP-08832,deficit,none,0,0,0,0,0
SP-08833,ok,debt,0,4197,0,0,0
SP-08834,ok,reserve,13892,0,0,0,0
SP-08835,ok,debt,0,13036,0,0,0
SP-08836,ok,reserve,5539,0,0,0,0
SP-08837,ok,reserve,22427,0,0,0,0
SP-08838,deficit,none,0,0,0,0,0
SP-08839,ok,reserve,33720,0,0,0,0
SP-08840,ok,reserve,31444,0,0,0,0
SP-08841,deficit,none,0,0,0,0,0
SP-08842,ok,reserve,174,0,0,0,0
SP-08843,deficit,none,0,0,0,0,0
SP-08844,ok,reserve,54075,0,0,0,0
SP-08845,ok,reserve,12155,0,0,0,0
SP-08846,ok,reserve,4921,0,0,0,0
SP-08847,ok,debt,0,15093,0,0,722994
SP-08848,ok,debt,0,1797,0,0,0
SP-08849,ok,reserve,49210,0,0,0,0
SP-08850,ok,reserve,30808,0,0,0,0
SP-08851,ok,reserve,26563,0,0,0,0
SP-08852,ok,reserve,6600,573,0,0,0
SP-08853,ok,reserve,13598,0,0,0,0
SP-08854,deficit,none,0,0,0,0,0
SP-08855,ok,reserve,7994,0,0,0,0
SP-08856,deficit,none,0,0,0,0,0
SP-08857,ok,reserve,4257,0,0,0,0
SP-08858,ok,goals+,0,0,14534,5214,78398
SP-08859,ok,debt,0,188178556,0,0,0
SP-08860,ok,reserve,25893,0,0,0,0
SP-08861,ok,goals+,0,0,0,11905,35459
SP-08862,deficit,none,0,0,0,0,0
SP-08863,ok,reserve,326,0,0,0,0
SP-08864,deficit,none,0,0,0,0,0
SP-08865,ok,debt,1797,33477,0,0,0
SP-08866,ok,goals+,0,0,34487,0,667605
SP-08867,ok,reserve,5807,0,0,0,0
SP-08868,deficit,none,0,0,0,0,0
SP-08869,ok,goals+,0,0,0,70856,45751
SP-08870,ok,reserve,2262,0,0,0,0
SP-08871,deficit,none,0,0,0,0,0
SP-08872,ok,goals+,0,0,0,26072,37196
SP-08873,ok,goals+,0,0,1163,48316,167863
SP-08874,deficit,none,0,0,0,0,0
SP-08875,ok,reserve,2235,0,0,0,0
SP-08876,ok,reserve,85530,0,0,0,0
SP-08877,ok,reserve,14428,0,0,0,0
SP-08878,ok,reserve,10800,0,0,0,0
SP-08879,ok,goals+,0,0,3126,10103,41429
SP-08880,ok,reserve,809,0,0,0,0
SP-08881,ok,reserve,3491,0,0,0,0
SP-08882,deficit,none,0,0,0,0,164124
SP-08883,ok,debt,0,35881,0,0,1426878
SP-08884,deficit,none,0,0,0,0,0
SP-08885,ok,debt,0,3785,0,0,0
SP-08886,ok,goals+,0,0,24570,0,68717
SP-08887,ok,reserve,26890,0,0,0,0
SP-08888,ok,reserve,12441,0,0,0,0
SP-08889,ok,reserve,6193,0,0,0,0
SP-08890,ok,reserve,26919,0,0,0,0
SP-08891,ok,debt,0,25047,0,0,0
SP-08892,deficit,none,0,0,0,0,0
SP-08893,ok,reserve,9682,0,0,0,0
SP-08894,ok,reserve,34033,0,0,0,0
SP-08895,ok,reserve,16703,0,0,0,0
SP-08896,ok,reserve,6743,0,0,0,0
SP-08897,ok,reserve,926,0,0,0,0
SP-08898,ok,goals+,51,0,41,88,0
SP-08899,ok,reserve,22443,0,0,0,0
SP-08900,ok,goals+,0,0,0,2152,64406
SP-08901,ok,reserve,1770979588,0,0,0,0
SP-08902,ok,reserve,435,0,0,0,0
SP-08903,ok,reserve,3190,0,0,0,0
SP-08904,deficit,none,0,0,0,0,0
SP-08905,ok,reserve,6556,0,0,0,0
SP-08906,ok,reserve,37694,0,0,0,0
SP-08907,ok,goals+,0,0,0,63861,217054
SP-08908,ok,reserve,25223,0,0,0,0
SP-08909,ok,reserve,25721,0,0,0,0
SP-08910,deficit,none,0,0,0,0,0
SP-08911,ok,reserve,10554,0,0,0,0
SP-08912,ok,reserve,18700,0,0,0,0
SP-08913,deficit,none,0,0,0,0,369
SP-08914,ok,reserve,41097,0,0,0,0
SP-08915,deficit,none,0,0,0,0,0
SP-08916,ok,reserve,1598,0,0,0,0
SP-08917,ok,debt,0,4348,0,0,0
SP-08918,ok,reserve,75378,0,0,0,0
SP-08919,ok,reserve,79936,0,0,0,0
SP-08920,ok,reserve,10362,0,0,0,0
SP-08921,deficit,none,0,0,0,0,0
SP-08922,deficit,none,0,0,0,0,0
SP-08923,deficit,none,0,0,0,0,144452
SP-08924,ok,debt,0,22656,0,0,0
SP-08925,ok,goals+,0,0,0,13832,1519380
SP-08926,ok,reserve,148,0,0,0,0
SP-08927,ok,reserve,36191,0,0,0,0
SP-08928,ok,reserve,4518,0,0,0,0
SP-08929,ok,debt,0,6165,0,0,0
SP-08930,ok,reserve,12000,0,0,0,0
SP-08931,ok,debt,0,3400,0,0,0
SP-08932,ok,goals+,0,0,36734,0,33558
SP-08933,ok,reserve,18173,0,0,0,0
SP-08934,deficit,none,0,0,0,0,0
SP-08935,deficit,none,0,0,0,0,0
SP-08936,ok,reserve,13052,0,0,0,0
SP-08937,ok,reserve,96252,0,0,0,0
SP-08938,ok,reserve,12424,0,0,0,0
SP-08939,ok,reserve,6398,0,0,0,0
SP-08940,ok,goals+,0,0,4,0,883
SP-08941,deficit,none,0,0,0,0,0
SP-08942,ok,reserve,25039,0,0,0,0
SP-08943,ok,goals+,0,0,0,59532325,1165122674
SP-08944,ok,goals+,0,0,0,8105,113373
SP-08945,ok,reserve,37612,0,0,0,0
SP-08946,deficit,none,0,0,0,0,0
SP-08947,ok,reserve,5982,0,0,0,0
SP-08948,ok,goals+,13928,0,22205,0,0
SP-08949,ok,goals+,0,0,4698,58313,38884
SP-08950,ok,reserve,79696,0,0,0,0
SP-08951,ok,reserve,19834,0,0,0,0
SP-08952,deficit,none,0,0,0,0,0
SP-08953,ok,reserve,897,0,0,0,0
SP-08954,ok,reserve,16430,0,0,0,0
SP-08955,deficit,none,0,0,0,0,0
SP-08956,ok,reserve,20434,0,0,0,0
SP-08957,ok,debt,0,15286,0,0,0
SP-08958,ok,reserve,49843,0,0,0,0
SP-08959,ok,reserve,5219,0,0,0,0
SP-08960,deficit,none,0,0,0,0,0
SP-08961,ok,reserve,7482,0,0,0,0
SP-08962,ok,debt,0,6431,0,0,0
SP-08963,ok,reserve,18621,0,0,0,0
SP-08964,ok,reserve,15034,0,0,0,0
SP-08965,ok,goals+,0,0,3682,0,90591
SP-08966,ok,debt,0,4506,0,0,0
SP-08967,ok,goals+,0,0,3419,0,2081692
SP-08968,ok,debt,0,10590,0,0,0
SP-08969,ok,reserve,18079,2619,0,0,0
SP-08970,ok,debt,0,4117,0,0,0
SP-08971,ok,debt,0,10936,0,0,0
SP-08972,ok,reserve,3550,0,0,0,0
SP-08973,ok,reserve,4024,0,0,0,0
SP-08974,ok,reserve,35377,0,0,0,0
SP-08975,ok,debt,0,21600,0,0,9380
SP-08976,deficit,none,0,0,0,0,0
SP-08977,ok,reserve,12389,0,0,0,0
SP-08978,ok,debt,0,29170,0,0,31932
SP-08979,ok,debt,0,3622,0,0,2758
SP-08980,ok,reserve,18050,0,0,0,0
SP-08981,ok,debt,0,19276,0,0,0
SP-08982,ok,reserve,10,0,0,0,0
SP-08983,ok,debt,0,5438,0,0,0
SP-08984,ok,reserve,12363,0,0,0,0
SP-08985,ok,reserve,981524469,0,0,0,0
SP-08986,ok,debt,0,7758,0,0,0
SP-08987,ok,debt,0,19846,0,0,0
SP-08988,deficit,none,0,0,0,0,0
SP-08989,ok,debt,0,12276,0,0,0
SP-08990,ok,reserve,22062,0,0,0,0
SP-08991,ok,debt,13478,86868,0,0,0
SP-08992,ok,reserve,33832,0,0,0,0
SP-08993,ok,goals+,0,0,1164,8948,1292
SP-08994,deficit,none,0,0,0,0,0
SP-08995,ok,debt,0,27238,0,0,0
SP-08996,ok,reserve,32736,0,0,0,0
SP-08997,deficit,none,0,0,0,0,0
SP-08998,ok,reserve,4651,0,0,0,0
SP-08999,deficit,none,0,0,0,0,0
SP-09000,deficit,none,0,0,0,0,0
SP-09001,ok,reserve,13631,0,0,0,0
SP-09002,ok,debt,0,18528,0,0,0
SP-09003,deficit,none,0,0,0,0,0
SP-09004,ok,goals+,0,0,12838,0,152629
SP-09005,ok,goals+,0,0,25846,0,180540
SP-09006,ok,reserve,12167,0,0,0,0
SP-09007,deficit,none,0,0,0,0,0
SP-09008,deficit,none,0,0,0,0,0
SP-09009,ok,goals+,0,0,0,9898,7371412
SP-09010,ok,reserve,4659,0,0,0,0
SP-09011,ok,debt,0,33990,0,0,0
SP-09012,ok,reserve,36597,0,0,0,0
SP-09013,ok,debt,0,1207,0,0,0
SP-09014,ok,reserve,29596,0,0,0,0
SP-09015,ok,reserve,24910,0,0,0,0
SP-09016,ok,reserve,52026,0,0,0,0
SP-09017,ok,reserve,15733,0,0,0,0
SP-09018,deficit,none,0,0,0,0,0
SP-09019,ok,debt,0,2118,0,0,0
SP-09020,ok,goals+,11871,0,11854,180,0
SP-09021,deficit,none,0,0,0,0,0
SP-09022,ok,debt,0,3025,0,0,0
SP-09023,ok,reserve,2756,0,0,0,0
SP-09024,ok,reserve,162,0,0,0,0
SP-09025,deficit,none,0,0,0,0,0
SP-09026,ok,reserve,15500,0,0,0,0
SP-09027,ok,reserve,817551427,0,0,0,0
SP-09028,ok,reserve,25087,0,0,0,0
SP-09029,ok,debt,0,28558,0,0,0
SP-09030,deficit,none,0,0,0,0,0
SP-09031,ok,debt,1533,14669,0,0,0
SP-09032,ok,reserve,26762,0,0,0,0
SP-09033,ok,debt,0,238512,0,0,285293
SP-09034,ok,reserve,24589,0,0,0,0
SP-09035,ok,reserve,5176,4451,0,0,0
SP-09036,deficit,none,0,0,0,0,0
SP-09037,ok,reserve,20332,0,0,0,0
SP-09038,ok,debt,0,14610,0,0,0
SP-09039,deficit,none,0,0,0,0,0
SP-09040,ok,goals+,4232,0,32948,0,0
SP-09041,ok,debt,0,52603,0,0,0
SP-09042,ok,reserve,8533,0,0,0,0
SP-09043,ok,debt,0,2755,0,0,0
SP-09044,ok,reserve,23807,0,0,0,0
SP-09045,ok,reserve,13403,0,0,0,0
SP-09046,ok,debt,0,55201,0,0,0
SP-09047,ok,reserve,9012,0,0,0,0
SP-09048,ok,reserve,28862,0,0,0,0
SP-09049,ok,reserve,38555,0,0,0,0
SP-09050,ok,reserve,17658,3052,0,0,0
SP-09051,deficit,none,0,0,0,0,0
SP-09052,deficit,none,0,0,0,0,0
SP-09053,ok,reserve,11591,0,0,0,0
SP-09054,ok,reserve,5261,0,0,0,0
SP-09055,ok,reserve,8895,0,0,0,0
SP-09056,ok,debt,0,23659,0,0,0
SP-09057,ok,debt,0,13981,0,0,0
SP-09058,ok,reserve,39158,0,0,0,0
SP-09059,ok,debt,0,7765,0,0,0
SP-09060,ok,reserve,40030,0,0,0,0
SP-09061,ok,reserve,12230,0,0,0,0
SP-09062,ok,reserve,11977,0,0,0,0
SP-09063,ok,debt,0,5515,0,0,0
SP-09064,ok,reserve,10001,0,0,0,0
SP-09065,ok,reserve,12284,0,0,0,0
SP-09066,ok,reserve,18,0,0,0,0
SP-09067,ok,reserve,45492,40164,0,0,0
SP-09068,ok,reserve,12649,0,0,0,0
SP-09069,ok,reserve,1023225502,0,0,0,0
SP-09070,ok,reserve,16626,0,0,0,0
SP-09071,ok,debt,0,979,0,0,0
SP-09072,deficit,none,0,0,0,0,0
SP-09073,ok,reserve,32731,0,0,0,0
SP-09074,ok,reserve,67043,0,0,0,0
SP-09075,ok,debt,0,34316,0,0,2475
SP-09076,ok,debt,14898,18842,0,0,0
SP-09077,ok,reserve,8409,0,0,0,0
SP-09078,deficit,none,0,0,0,0,0
SP-09079,deficit,none,0,0,0,0,0
SP-09080,ok,debt,0,45046,0,0,0
SP-09081,deficit,none,0,0,0,0,0
SP-09082,ok,goals+,0,0,0,23906,82389
SP-09083,ok,reserve,17436,0,0,0,0
SP-09084,ok,reserve,7374,0,0,0,0
SP-09085,ok,debt,0,559,0,0,5160
SP-09086,ok,reserve,1005,0,0,0,0
SP-09087,ok,goals+,0,0,0,33633,57214
SP-09088,ok,debt,0,2465,0,0,0
SP-09089,ok,debt,0,8224,0,0,0
SP-09090,deficit,none,0,0,0,0,0
SP-09091,ok,reserve,3085,0,0,0,0
SP-09092,ok,reserve,25173,0,0,0,0
SP-09093,deficit,none,0,0,0,0,100389
SP-09094,ok,reserve,25463,0,0,0,0
SP-09095,ok,reserve,32171,0,10410,0,0
SP-09096,ok,reserve,43053,0,0,0,0
SP-09097,ok,debt,0,9730,0,0,0
SP-09098,ok,debt,1229,3969,0,0,0
SP-09099,ok,reserve,1591,0,0,0,0
SP-09100,ok,debt,0,6666,0,0,0
SP-09101,ok,reserve,27044,86,0,0,0
SP-09102,ok,reserve,1956,0,0,0,0
SP-09103,ok,reserve,6841,0,0,0,0
SP-09104,ok,reserve,10590,0,0,0,0
SP-09105,ok,debt,0,26714,0,0,174291
SP-09106,deficit,none,0,0,0,0,0
SP-09107,ok,reserve,14399,0,0,0,0
SP-09108,ok,reserve,136,0,0,0,0
SP-09109,ok,goals+,0,0,16342,0,5894
SP-09110,ok,reserve,3487,0,0,0,0
SP-09111,ok,reserve,723361285,0,0,0,0
SP-09112,ok,reserve,29865,0,0,0,0
SP-09113,ok,reserve,1471,0,0,0,0
SP-09114,deficit,none,0,0,0,0,0
SP-09115,deficit,none,0,0,0,0,0
SP-09116,ok,debt,0,16651,0,0,0
SP-09117,ok,goals+,0,0,5086,19927,23224
SP-09118,ok,reserve,36837,0,0,0,0
SP-09119,ok,debt,0,5501,0,0,5920
SP-09120,deficit,none,0,0,0,0,0
SP-09121,ok,debt,0,4586,0,0,0
SP-09122,ok,goals+,0,0,29984,0,3217
SP-09123,deficit,none,0,0,0,0,0
SP-09124,ok,reserve,13587,0,0,0,0
SP-09125,ok,reserve,15268,0,0,0,0
SP-09126,ok,reserve,13247,0,0,0,0
SP-09127,ok,reserve,860,0,0,0,0
SP-09128,ok,reserve,3552,0,0,0,0
SP-09129,ok,debt,0,23700,0,0,0
SP-09130,ok,debt,0,1753,0,0,0
SP-09131,ok,debt,14692,26143,0,0,0
SP-09132,ok,goals+,6927,0,0,17042,0
SP-09133,ok,reserve,8052,0,0,0,0
SP-09134,ok,reserve,5973,0,0,0,0
SP-09135,ok,goals+,0,0,10928,3608,2822780
SP-09136,ok,reserve,3982,0,0,0,0
SP-09137,ok,reserve,21365,0,0,0,0
SP-09138,ok,reserve,3054,0,0,0,0
SP-09139,ok,reserve,25110,0,0,0,0
SP-09140,deficit,none,0,0,0,0,0
SP-09141,ok,reserve,2838,0,0,0,0
SP-09142,ok,reserve,25013,0,0,0,0
SP-09143,ok,debt,0,5709,0,0,60403
SP-09144,ok,reserve,11618,0,0,0,0
SP-09145,ok,debt,0,9035,0,0,0
SP-09146,ok,debt,0,9398,0,0,0
SP-09147,ok,reserve,2038,0,0,0,0
SP-09148,ok,reserve,388,0,0,0,0
SP-09149,ok,debt,0,4524,0,0,0
SP-09150,ok,goals+,0,0,39,0,451
SP-09151,ok,reserve,3576,0,0,0,0
SP-09152,ok,debt,0,17897,0,0,0
SP-09153,deficit,none,0,0,0,0,0
SP-09154,ok,debt,0,21095,0,0,0
SP-09155,ok,reserve,23113,0,0,0,0
SP-09156,deficit,none,0,0,0,0,0
SP-09157,ok,goals+,0,0,9287,0,7938
SP-09158,ok,debt,0,18758,0,0,0
SP-09159,ok,goals+,0,0,58839,0,176610
SP-09160,ok,reserve,10236,0,0,0,0
SP-09161,ok,reserve,22021,2683,0,0,0
SP-09162,deficit,none,0,0,0,0,0
SP-09163,ok,reserve,10532,0,0,0,0
SP-09164,ok,reserve,32687,0,0,0,0
SP-09165,ok,debt,0,45408,0,0,0
SP-09166,ok,reserve,3016,0,0,0,0
SP-09167,ok,reserve,12216,0,0,0,0
SP-09168,deficit,none,0,0,0,0,0
SP-09169,ok,debt,0,6382,0,0,0
SP-09170,ok,reserve,29233,0,0,0,0
SP-09171,ok,reserve,43389,0,0,0,0
SP-09172,ok,debt,0,39173,0,0,0
SP-09173,ok,reserve,2895,0,0,0,0
SP-09174,ok,reserve,4704,2065,0,0,0
SP-09175,ok,reserve,18450,0,0,0,0
SP-09176,deficit,none,0,0,0,0,0
SP-09177,ok,goals+,0,0,4741,0,2767540
SP-09178,deficit,none,0,0,0,0,0
SP-09179,ok,debt,0,22339,0,0,0
SP-09180,deficit,none,0,0,0,0,0
SP-09181,ok,goals+,5250,0,0,10029,0
SP-09182,ok,debt,0,47216,0,0,0
SP-09183,ok,debt,0,3021,0,0,0
SP-09184,ok,reserve,16808,0,0,0,0
SP-09185,ok,goals+,0,0,0,10213,55585
SP-09186,ok,reserve,40609,0,0,0,0
SP-09187,deficit,none,0,0,0,0,0
SP-09188,ok,reserve,27440,0,0,0,0
SP-09189,ok,debt,0,27558,0,0,0
SP-09190,ok,reserve,8170,0,0,0,0
SP-09191,ok,reserve,23320,0,0,0,0
SP-09192,ok,goals+,0,0,44,0,271
SP-09193,ok,debt,0,18213,0,0,0
SP-09194,ok,debt,0,21590,0,0,0
SP-09195,deficit,none,0,0,0,0,0
SP-09196,ok,reserve,9760,0,0,0,0
SP-09197,ok,reserve,41237,0,0,0,0
SP-09198,deficit,none,0,0,0,0,0
SP-09199,ok,debt,0,4291,0,0,0
SP-09200,ok,debt,0,1932,0,0,0
SP-09201,ok,debt,0,67322,0,0,0
SP-09202,ok,reserve,36533,0,0,0,0
SP-09203,ok,reserve,15777,0,0,0,0
SP-09204,deficit,none,0,0,0,0,0
SP-09205,ok,reserve,3554,0,0,0,0
SP-09206,ok,reserve,12415,0,0,0,0
SP-09207,deficit,none,0,0,0,0,0
SP-09208,ok,debt,0,1032,0,0,0
SP-09209,ok,reserve,40038,0,0,0,0
SP-09210,deficit,none,0,0,0,0,0
SP-09211,ok,reserve,21741,0,0,0,0
SP-09212,ok,reserve,21284,0,0,0,0
SP-09213,ok,reserve,3433,0,0,0,0
SP-09214,ok,reserve,18458,0,0,0,0
SP-09215,ok,debt,0,36012,0,0,297776
SP-09216,ok,reserve,18580,0,0,0,0
SP-09217,ok,debt,0,22773,0,0,0
SP-09218,ok,reserve,74729,0,0,0,0
SP-09219,ok,debt,0,50,0,0,1868835
SP-09220,ok,debt,0,11344,0,0,0
SP-09221,ok,reserve,13840,0,0,0,0
SP-09222,ok,reserve,20450,0,0,0,0
SP-09223,ok,goals+,0,0,16897,3669,101611
SP-09224,ok,reserve,3573,0,0,0,0
SP-09225,ok,reserve,14246,0,0,0,0
SP-09226,ok,reserve,19666,0,0,0,0
SP-09227,ok,goals+,0,0,2187,0,183902
SP-09228,ok,reserve,1325,0,0,0,0
SP-09229,ok,reserve,50420,0,0,0,0
SP-09230,ok,debt,0,20167,0,0,0
SP-09231,ok,reserve,14505,0,0,0,0
SP-09232,ok,reserve,34358,0,0,0,0
SP-09233,ok,debt,0,29120,0,0,0
SP-09234,deficit,none,0,0,0,0,0
SP-09235,ok,goals+,0,0,829,42755,165888
SP-09236,ok,goals+,0,0,0,14063,134216
SP-09237,ok,reserve,123290165,0,0,0,0
SP-09238,ok,reserve,12356,0,0,0,0
SP-09239,ok,reserve,37938,0,0,0,0
SP-09240,deficit,none,0,0,0,0,0
SP-09241,ok,debt,0,21097,0,0,0
SP-09242,ok,debt,0,33895,0,0,0
SP-09243,ok,goals+,0,0,47345,6376,65686
SP-09244,ok,debt,0,12217,0,0,0
SP-09245,ok,debt,0,18827,0,0,0
SP-09246,deficit,none,0,0,0,0,0
SP-09247,ok,reserve,12733,0,0,0,0
SP-09248,ok,reserve,4932,0,0,0,0
SP-09249,deficit,none,0,0,0,0,0
SP-09250,ok,goals+,0,0,7077,8313,10241
SP-09251,ok,reserve,23932,0,0,0,0
SP-09252,deficit,none,0,0,0,0,0
SP-09253,ok,goals+,0,0,0,4767,104949
SP-09254,ok,reserve,3053,0,0,0,0
SP-09255,ok,reserve,14230,0,0,6370,0
SP-09256,ok,reserve,34560,0,0,0,0
SP-09257,ok,reserve,6180,0,0,0,0
SP-09258,deficit,none,0,0,0,0,0
SP-09259,ok,debt,0,13434,0,0,0
SP-09260,ok,reserve,1054,0,0,0,0
SP-09261,ok,debt,0,21490,0,0,2988649
SP-09262,deficit,none,0,0,0,0,0
SP-09263,ok,goals+,0,0,14827,0,181165
SP-09264,deficit,none,0,0,0,0,0
SP-09265,ok,reserve,11772,0,0,0,0
SP-09266,deficit,none,0,0,0,0,0
SP-09267,ok,reserve,4530,0,0,0,0
SP-09268,ok,debt,0,38668,0,0,18031
SP-09269,ok,reserve,6394,0,0,0,0
SP-09270,ok,reserve,19876,0,0,0,0
SP-09271,ok,debt,0,6611,0,0,0
SP-09272,ok,debt,8941,37140,0,0,0
SP-09273,ok,reserve,34937,0,0,0,0
SP-09274,ok,debt,0,26104,0,0,0
SP-09275,ok,debt,0,16282,0,0,0
SP-09276,ok,reserve,67,0,0,0,0
SP-09277,deficit,none,0,0,0,0,0
SP-09278,ok,reserve,13547,0,0,0,0
SP-09279,deficit,none,0,0,0,0,0
SP-09280,ok,reserve,8411,0,0,0,0
SP-09281,ok,reserve,7915,0,0,0,0
SP-09282,deficit,none,0,0,0,0,0
SP-09283,ok,reserve,23046,0,0,0,0
SP-09284,ok,reserve,64522,0,0,0,0
SP-09285,ok,debt,0,75960,0,0,125836
SP-09286,ok,reserve,22118,5172,0,0,0
SP-09287,ok,debt,0,33063,0,0,0
SP-09288,deficit,none,0,0,0,0,0
SP-09289,ok,debt,0,8818,0,0,0
SP-09290,deficit,none,0,0,0,0,0
SP-09291,deficit,none,0,0,0,0,0
SP-09292,ok,reserve,32414,0,0,0,0
SP-09293,ok,reserve,7158,0,0,0,0
SP-09294,deficit,none,0,0,0,0,0
SP-09295,deficit,none,0,0,0,0,0
SP-09296,deficit,none,0,0,0,0,0
SP-09297,ok,reserve,937,0,0,0,0
SP-09298,ok,reserve,43161,0,0,0,0
SP-09299,ok,reserve,16773,0,0,0,0
SP-09300,ok,debt,0,11506,0,0,0
SP-09301,ok,reserve,27029,0,0,0,0
SP-09302,ok,reserve,1960,0,0,0,0
SP-09303,ok,debt,0,10020,0,0,916082
SP-09304,deficit,none,0,0,0,0,0
SP-09305,ok,reserve,1929,0,0,0,0
SP-09306,ok,reserve,40977,0,0,0,0
SP-09307,ok,reserve,1242,0,0,0,0
SP-09308,ok,reserve,27765,0,0,0,0
SP-09309,ok,goals+,0,0,12828,0,310913
SP-09310,ok,reserve,36447,0,0,0,0
SP-09311,ok,debt,0,2352,0,0,0
SP-09312,deficit,none,0,0,0,0,0
SP-09313,ok,reserve,9109,0,0,0,0
SP-09314,ok,debt,0,5669,0,0,0
SP-09315,ok,debt,0,4206,0,0,0
SP-09316,ok,reserve,2108,0,0,0,0
SP-09317,ok,reserve,25281,0,0,0,0
SP-09318,ok,goals+,0,0,10,37,366
SP-09319,ok,reserve,24858,0,0,0,0
SP-09320,ok,reserve,42719,0,0,0,0
SP-09321,ok,debt,0,277594374,0,0,0
SP-09322,deficit,none,0,0,0,0,0
SP-09323,ok,reserve,21139,0,0,0,0
SP-09324,deficit,none,0,0,0,0,0
SP-09325,ok,reserve,48419,0,0,0,0
SP-09326,ok,reserve,4017,0,0,0,0
SP-09327,ok,debt,0,63088,0,0,0
SP-09328,ok,reserve,5419,0,0,0,0
SP-09329,ok,reserve,29072,0,0,0,0
SP-09330,deficit,none,0,0,0,0,0
SP-09331,ok,reserve,30796,0,0,0,0
SP-09332,ok,reserve,25693,0,0,0,0
SP-09333,deficit,none,0,0,0,0,0
SP-09334,deficit,none,0,0,0,0,0
SP-09335,ok,reserve,64433,0,0,0,0
SP-09336,deficit,none,0,0,0,0,0
SP-09337,ok,reserve,15722,0,0,0,0
SP-09338,ok,reserve,17014,0,0,0,0
SP-09339,deficit,none,0,0,0,0,0
SP-09340,ok,debt,0,15016,0,0,0
SP-09341,ok,reserve,25932,0,0,0,0
SP-09342,ok,debt,0,10409,0,0,0
SP-09343,ok,reserve,23958,0,0,0,0
SP-09344,ok,goals+,0,0,13202,13819,34036
SP-09345,ok,goals+,0,0,6649,5295,2395039
SP-09346,ok,reserve,42216,0,0,0,0
SP-09347,ok,debt,0,23461,0,0,0
SP-09348,deficit,none,0,0,0,0,0
SP-09349,ok,reserve,51063,0,0,0,0
SP-09350,ok,reserve,25520,0,0,0,0
SP-09351,ok,reserve,3804,0,0,0,0
SP-09352,ok,reserve,7561,0,0,0,0
SP-09353,ok,reserve,16843,0,0,0,0
SP-09354,ok,reserve,6299,0,0,0,0
SP-09355,ok,reserve,3023,1068,0,0,0
SP-09356,ok,goals+,0,0,0,58698,45294
SP-09357,deficit,none,0,0,0,0,0
SP-09358,ok,reserve,9804,0,0,0,0
SP-09359,ok,debt,0,51881,0,0,0
SP-09360,ok,reserve,87,0,0,0,0
SP-09361,ok,reserve,16287,0,0,0,0
SP-09362,ok,goals+,4035,0,0,8768,0
SP-09363,ok,reserve,20485222,0,0,0,0
SP-09364,ok,debt,0,11309,0,0,0
SP-09365,ok,debt,0,11289,0,0,0
SP-09366,deficit,none,0,0,0,0,0
SP-09367,ok,reserve,48638,0,0,0,0
SP-09368,ok,debt,0,52818,0,0,0
SP-09369,ok,debt,0,52774,0,0,16546
SP-09370,deficit,none,0,0,0,0,0
SP-09371,ok,reserve,13340,0,0,0,0
SP-09372,deficit,none,0,0,0,0,0
SP-09373,ok,debt,0,47845,0,0,0
SP-09374,ok,reserve,4932,2657,0,0,0
SP-09375,deficit,none,0,0,0,0,0
SP-09376,ok,reserve,29001,0,0,0,0
SP-09377,ok,debt,0,11398,0,0,0
SP-09378,deficit,none,0,0,0,0,0
SP-09379,ok,reserve,29601,0,0,0,0
SP-09380,ok,debt,0,24485,0,0,0
SP-09381,ok,reserve,11944,0,0,0,0
SP-09382,ok,reserve,10905,0,0,0,0
SP-09383,ok,goals+,10161,0,28318,4502,0
SP-09384,deficit,none,0,0,0,0,0
SP-09385,ok,reserve,2232,0,0,0,0
SP-09386,ok,reserve,2386,0,0,0,0
SP-09387,ok,debt,0,1240,0,0,749556
SP-09388,deficit,none,0,0,0,0,0
SP-09389,deficit,none,0,0,0,0,0
SP-09390,ok,debt,0,21639,0,0,0
SP-09391,ok,reserve,17895,0,0,0,0
SP-09392,ok,debt,0,11112,0,0,72851
SP-09393,ok,debt,0,9828,0,0,0
SP-09394,ok,reserve,10775,0,0,0,0
SP-09395,ok,debt,0,16149,0,0,0
SP-09396,ok,reserve,37868,0,0,0,0
SP-09397,ok,reserve,13729,0,0,0,0
SP-09398,deficit,none,0,0,0,0,0
SP-09399,ok,reserve,7159,0,0,0,0
SP-09400,ok,goals+,0,0,34599,0,85707
SP-09401,ok,debt,0,1426,0,0,0
SP-09402,ok,goals+,0,0,19,73,470
SP-09403,ok,debt,0,17210,0,0,10167
SP-09404,ok,reserve,21019,0,0,0,0
SP-09405,ok,goals+,0,0,787677832,0,1903685396
SP-09406,ok,reserve,24826,0,0,0,0
SP-09407,ok,reserve,36924,0,0,0,0
SP-09408,deficit,none,0,0,0,0,0
SP-09409,ok,debt,0,6390,0,0,0
SP-09410,ok,debt,0,20252,0,0,0
SP-09411,ok,debt,0,123459,0,0,121907
SP-09412,deficit,none,0,0,0,0,0
SP-09413,ok,reserve,1667,0,0,0,0
SP-09414,deficit,none,0,0,0,0,0
SP-09415,ok,reserve,31291,0,0,0,0
SP-09416,ok,reserve,19059,0,0,0,0
SP-09417,deficit,none,0,0,0,0,0
SP-09418,ok,debt,31058,65541,0,0,0
SP-09419,ok,reserve,22166,0,0,0,0
SP-09420,ok,reserve,20183,0,0,0,0
SP-09421,ok,goals+,0,0,20439,22109,134604
SP-09422,ok,goals+,0,0,9827,31470,11451
SP-09423,ok,debt,0,22096,0,0,0
SP-09424,deficit,none,0,0,0,0,0
SP-09425,ok,reserve,21334,0,0,0,0
SP-09426,ok,reserve,4330,0,0,0,0
SP-09427,ok,reserve,1516,0,0,0,0
SP-09428,ok,reserve,5498,0,0,0,0
SP-09429,ok,goals+,0,0,0,5603,4947478
SP-09430,ok,reserve,8963,0,0,0,0
SP-09431,deficit,none,0,0,0,0,0
SP-09432,deficit,none,0,0,0,0,0
SP-09433,ok,debt,0,15777,0,0,0
SP-09434,ok,reserve,49191,0,0,0,0
SP-09435,ok,debt,0,7187,0,0,0
SP-09436,ok,reserve,4451,0,0,0,0
SP-09437,ok,goals+,0,0,11040,0,197633
SP-09438,deficit,none,0,0,0,0,0
SP-09439,ok,debt,0,22554,0,0,0
SP-09440,deficit,none,0,0,0,0,0
SP-09441,ok,reserve,36045,8660,0,0,0
SP-09442,ok,reserve,29699,0,0,0,0
SP-09443,ok,reserve,17299,0,0,0,0
SP-09444,ok,goals+,0,0,49,16,64
SP-09445,ok,reserve,21652,16404,0,0,0
SP-09446,ok,reserve,12845,0,0,0,0
SP-09447,deficit,none,0,0,0,0,0
SP-09448,ok,reserve,16155,0,0,0,0
SP-09449,ok,debt,0,4186,0,0,0
SP-09450,deficit,none,0,0,0,0,0
SP-09451,ok,debt,0,14400,0,0,0
SP-09452,ok,debt,0,6253,0,0,0
SP-09453,ok,debt,0,33783,0,0,0
SP-09454,ok,reserve,9641,0,0,0,0
SP-09455,ok,debt,0,10364,0,0,200019
SP-09456,deficit,none,0,0,0,0,0
SP-09457,ok,debt,0,44858,0,0,0
SP-09458,ok,debt,2147,16933,0,0,0
SP-09459,ok,reserve,607,0,0,0,0
SP-09460,deficit,none,0,0,0,0,0
SP-09461,ok,reserve,4387,0,0,0,0
SP-09462,deficit,none,0,0,0,0,0
SP-09463,ok,reserve,8613,0,0,0,0
SP-09464,ok,reserve,21951,0,0,0,0
SP-09465,ok,debt,151,12777,0,0,0
SP-09466,ok,reserve,18583,0,0,0,0
SP-09467,ok,reserve,2100,0,0,0,0
SP-09468,ok,reserve,46368,0,0,0,0
SP-09469,ok,reserve,35110,0,0,0,0
SP-09470,ok,reserve,8644,0,0,0,0
SP-09471,ok,debt,0,24914,0,0,1454757
SP-09472,ok,goals+,0,0,5518,48486,29091
SP-09473,ok,reserve,23186,0,0,0,0
SP-09474,ok,reserve,9241,0,0,0,0
SP-09475,ok,reserve,38031,0,0,0,0
SP-09476,ok,debt,0,578,0,0,0
SP-09477,ok,debt,0,3467,0,0,0
SP-09478,ok,reserve,36767,0,0,0,0
SP-09479,ok,reserve,52959,0,0,0,0
SP-09480,ok,reserve,4906,0,0,0,0
SP-09481,ok,reserve,22327,0,0,0,0
SP-09482,ok,reserve,23235,0,0,0,0
SP-09483,ok,debt,0,11215,0,0,0
SP-09484,ok,debt,0,22067,0,0,0
SP-09485,ok,reserve,28297,0,0,0,0
SP-09486,ok,goals+,0,0,82,0,156
SP-09487,ok,debt,0,1515,0,0,0
SP-09488,ok,reserve,45290,0,0,0,0
SP-09489,ok,reserve,138156972,0,0,0,0
SP-09490,ok,reserve,418,0,0,0,0
SP-09491,ok,reserve,25443,2915,0,0,0
SP-09492,deficit,none,0,0,0,0,0
SP-09493,ok,debt,0,37478,0,0,0
SP-09494,ok,debt,0,649,0,0,0
SP-09495,ok,goals+,0,0,0,51065,25726
SP-09496,ok,debt,0,13415,0,0,0
SP-09497,ok,debt,12981,22567,0,0,0
SP-09498,deficit,none,0,0,0,0,0
SP-09499,ok,reserve,15846,0,0,0,0
SP-09500,ok,reserve,60343,0,0,0,0
SP-09501,ok,reserve,4180,0,0,0,0
SP-09502,ok,reserve,74517,0,0,0,0
SP-09503,ok,goals+,0,0,23677,0,105164
SP-09504,deficit,none,0,0,0,0,0
SP-09505,ok,goals+,0,0,10966,0,73955
SP-09506,ok,debt,0,7924,0,0,0
SP-09507,ok,reserve,7797,0,0,0,0
SP-09508,ok,debt,0,30862,0,0,0
SP-09509,ok,reserve,865,0,0,0,0
SP-09510,ok,debt,0,5922,0,0,0
SP-09511,ok,reserve,16808,0,0,0,0
SP-09512,ok,debt,0,30735,0,0,0
SP-09513,deficit,none,0,0,0,0,0
SP-09514,ok,goals+,0,0,0,63600,42246
SP-09515,ok,reserve,5364,0,0,0,0
SP-09516,ok,reserve,56133,0,0,0,0
SP-09517,deficit,none,0,0,0,0,0
SP-09518,ok,goals+,0,0,0,34803,5337
SP-09519,ok,debt,0,21622,0,0,874101
SP-09520,deficit,none,0,0,0,0,0
SP-09521,ok,debt,0,1150,0,0,0
SP-09522,ok,reserve,16133,0,0,0,0
SP-09523,ok,reserve,634,0,0,0,0
SP-09524,ok,reserve,4206,0,0,0,0
SP-09525,ok,reserve,8903,0,0,0,0
SP-09526,ok,reserve,21443,0,0,0,0
SP-09527,ok,debt,0,20108,0,0,0
SP-09528,ok,reserve,31,0,0,0,0
SP-09529,ok,reserve,10292,0,0,0,0
SP-09530,ok,debt,0,20988,0,0,0
SP-09531,ok,goals+,0,0,114835727,0,446047613
SP-09532,ok,debt,0,39582,0,0,0
SP-09533,deficit,none,0,0,0,0,0
SP-09534,deficit,none,0,0,0,0,0
SP-09535,ok,goals+,0,0,21552,0,332433
SP-09536,ok,reserve,18200,0,0,0,0
SP-09537,ok,goals+,0,0,0,87415,33192
SP-09538,deficit,none,0,0,0,0,0
SP-09539,deficit,none,0,0,0,0,0
SP-09540,deficit,none,0,0,0,0,0
SP-09541,ok,reserve,23375,0,0,0,0
SP-09542,deficit,none,0,0,0,0,0
SP-09543,deficit,none,0,0,0,0,0
SP-09544,ok,goals+,0,0,43564,12258,206435
SP-09545,ok,reserve,14561,0,0,0,0
SP-09546,deficit,none,0,0,0,0,0
SP-09547,ok,reserve,6012,0,0,0,0
SP-09548,ok,reserve,37343,0,0,0,0
SP-09549,ok,reserve,14923,0,0,0,0
SP-09550,ok,debt,0,43474,0,0,0
SP-09551,ok,reserve,9240,0,0,0,0
SP-09552,ok,reserve,6993,0,0,0,0
SP-09553,ok,reserve,18569,0,0,0,0
SP-09554,ok,reserve,18523,0,0,0,0
SP-09555,ok,debt,0,13927,0,0,774342
SP-09556,ok,reserve,47224,0,0,0,0
SP-09557,ok,reserve,57842,0,0,0,0
SP-09558,ok,debt,0,62135,0,0,0
SP-09559,ok,goals+,0,0,54038,0,20525
SP-09560,ok,reserve,5174,0,0,0,0
SP-09561,ok,reserve,3020,0,0,0,0
SP-09562,ok,reserve,8323,0,0,0,0
SP-09563,ok,reserve,421,0,0,0,0
SP-09564,deficit,none,0,0,0,0,0
SP-09565,ok,reserve,6783,0,0,0,0
SP-09566,ok,reserve,73524,0,0,0,0
SP-09567,ok,debt,0,17406,0,0,0
SP-09568,deficit,none,0,0,0,0,0
SP-09569,ok,debt,0,16673,0,0,0
SP-09570,ok,reserve,83,0,0,0,0
SP-09571,ok,debt,0,33399,0,0,0
SP-09572,ok,reserve,12953,0,658,0,0
SP-09573,ok,reserve,117631284,0,0,0,0
SP-09574,deficit,none,0,0,0,0,0
SP-09575,ok,reserve,20000,0,0,0,0
SP-09576,deficit,none,0,0,0,0,0
SP-09577,ok,reserve,30102,0,0,0,0
SP-09578,ok,reserve,49645,0,0,0,0
SP-09579,ok,goals+,0,0,0,28275,1372
SP-09580,ok,reserve,16188,0,0,0,0
SP-09581,ok,reserve,97740,0,0,0,0
SP-09582,deficit,none,0,0,0,0,0
SP-09583,ok,reserve,23869,0,0,0,0
SP-09584,ok,reserve,10777,0,0,0,0
SP-09585,deficit,none,0,0,0,0,95094
SP-09586,ok,reserve,7915,0,0,0,0
SP-09587,ok,reserve,8880,0,0,0,0
SP-09588,deficit,none,0,0,0,0,0
SP-09589,ok,debt,0,12856,0,0,0
SP-09590,ok,debt,7427,31308,0,0,0
SP-09591,ok,reserve,10687,0,0,0,0
SP-09592,ok,debt,0,2472,0,0,0
SP-09593,ok,reserve,59146,0,0,0,0
SP-09594,ok,reserve,4465,0,0,0,0
SP-09595,ok,reserve,6132,0,0,0,0
SP-09596,ok,reserve,8844,0,0,0,0
SP-09597,ok,debt,0,9657,0,0,472836
SP-09598,ok,goals+,0,0,0,6995,324871
SP-09599,ok,goals+,0,0,0,18411,81574
SP-09600,ok,reserve,15196,0,0,0,0
SP-09601,ok,debt,0,30262,0,0,0
SP-09602,ok,reserve,21025,0,0,0,0
SP-09603,ok,reserve,6352,3225,0,0,0
SP-09604,ok,reserve,13619,0,0,0,0
SP-09605,ok,reserve,17673,0,0,0,0
SP-09606,ok,reserve,561,0,0,0,0
SP-09607,ok,debt,0,9411,0,0,0
SP-09608,ok,reserve,14917,0,0,0,0
SP-09609,ok,reserve,26234,0,0,0,0
SP-09610,ok,reserve,3694,0,0,0,0
SP-09611,ok,debt,0,5095,0,0,0
SP-09612,ok,reserve,68,0,0,0,0
SP-09613,ok,debt,4315,10739,0,0,0
SP-09614,ok,reserve,19134,0,0,0,0
SP-09615,ok,reserve,939713418,0,0,0,0
SP-09616,ok,reserve,38989,0,0,0,0
SP-09617,ok,reserve,6444,0,0,0,0
SP-09618,deficit,none,0,0,0,0,0
SP-09619,ok,reserve,19863,0,0,0,0
SP-09620,ok,reserve,2988,0,0,0,0
SP-09621,ok,debt,0,51547,0,0,0
SP-09622,ok,reserve,16878,0,0,0,0
SP-09623,ok,debt,0,12624,0,0,0
SP-09624,deficit,none,0,0,0,0,0
SP-09625,ok,reserve,6086,0,0,0,0
SP-09626,ok,debt,0,38098,0,0,119509
SP-09627,deficit,none,0,0,0,0,0
SP-09628,ok,reserve,12612,0,0,0,0
SP-09629,ok,debt,0,12931,0,0,0
SP-09630,deficit,none,0,0,0,0,0
SP-09631,ok,debt,0,4245,0,0,0
SP-09632,ok,debt,0,27171,0,0,0
SP-09633,deficit,none,0,0,0,0,0
SP-09634,ok,reserve,14518,0,0,0,0
SP-09635,ok,reserve,30071,0,0,0,0
SP-09636,deficit,none,0,0,0,0,0
SP-09637,ok,reserve,9044,0,0,0,0
SP-09638,ok,reserve,1308,0,0,0,0
SP-09639,ok,goals+,0,0,3806,16202,506859
SP-09640,ok,debt,0,58,0,0,0
SP-09641,ok,debt,0,1642,0,0,0
SP-09642,ok,reserve,2163,0,0,0,0
SP-09643,ok,reserve,2184,0,0,0,0
SP-09644,ok,reserve,466,0,0,0,0
SP-09645,ok,reserve,6799,0,0,0,0
SP-09646,ok,reserve,17932,0,0,0,0
SP-09647,ok,reserve,19673,0,0,0,0
SP-09648,deficit,none,0,0,0,0,0
SP-09649,ok,reserve,26483,0,0,0,0
SP-09650,ok,reserve,44355,0,0,0,0
SP-09651,ok,goals+,6366,0,20920,0,0
SP-09652,ok,reserve,19730,0,0,0,0
SP-09653,ok,reserve,20781,0,0,0,0
SP-09654,ok,reserve,262,0,0,0,0
SP-09655,ok,reserve,22939,0,0,0,0
SP-09656,ok,reserve,2402,0,0,0,0
SP-09657,ok,reserve,568137713,0,0,0,0
SP-09658,deficit,none,0,0,0,0,0
SP-09659,deficit,none,0,0,0,0,0
SP-09660,deficit,none,0,0,0,0,0
SP-09661,ok,reserve,17752,0,0,0,0
SP-09662,ok,reserve,13272,0,0,0,0
SP-09663,ok,goals+,0,0,11639,117470,74975
SP-09664,ok,reserve,11601,0,0,0,0
SP-09665,ok,reserve,5976,0,0,0,0
SP-09666,deficit,none,0,0,0,0,0
SP-09667,ok,debt,0,32193,0,0,0
SP-09668,ok,goals+,0,0,0,46508,21888
SP-09669,ok,debt,0,21318,0,0,0
SP-09670,deficit,none,0,0,0,0,0
SP-09671,ok,reserve,2077,0,0,0,0
SP-09672,ok,reserve,27865,0,0,0,0
SP-09673,ok,reserve,26364,0,0,0,0
SP-09674,ok,reserve,5082,0,0,0,0
SP-09675,ok,reserve,13245,0,0,0,0
SP-09676,ok,debt,0,13252,0,0,0
SP-09677,ok,debt,12977,40616,0,0,0
SP-09678,ok,reserve,16598,0,0,0,0
SP-09679,ok,reserve,18265,0,0,0,0
SP-09680,ok,debt,0,49700,0,0,0
SP-09681,ok,goals+,0,0,27089,2309,3085766
SP-09682,ok,debt,0,11372,0,0,0
SP-09683,deficit,none,0,0,0,0,0
SP-09684,ok,reserve,4927,0,0,0,0
SP-09685,ok,debt,0,18137,0,0,0
SP-09686,ok,goals+,0,0,7632,0,59236
SP-09687,ok,reserve,5255,0,0,0,0
SP-09688,ok,reserve,4970,0,0,0,0
SP-09689,deficit,none,0,0,0,0,0
SP-09690,deficit,none,0,0,0,0,0
SP-09691,ok,reserve,31267,0,0,0,0
SP-09692,ok,reserve,21945,0,0,0,0
SP-09693,ok,debt,3919,4259,0,0,0
SP-09694,ok,reserve,9997,0,0,0,0
SP-09695,ok,reserve,20794,0,0,0,0
SP-09696,deficit,none,0,0,0,0,0
SP-09697,ok,reserve,21033,0,0,0,0
SP-09698,deficit,none,0,0,0,0,0
SP-09699,ok,reserve,733505377,0,0,0,0
SP-09700,ok,reserve,12582,0,0,0,0
SP-09701,ok,goals+,0,0,0,9787,192806
SP-09702,deficit,none,0,0,0,0,0
SP-09703,ok,debt,0,25530,0,0,0
SP-09704,ok,debt,0,12572,0,0,0
SP-09705,ok,debt,0,28453,0,0,37866
SP-09706,ok,debt,3177,6242,0,0,0
SP-09707,ok,reserve,21105,0,0,0,0
SP-09708,deficit,none,0,0,0,0,0
SP-09709,ok,reserve,4566,0,0,0,0
SP-09710,ok,reserve,12087,0,0,0,0
SP-09711,deficit,none,0,0,0,0,0
SP-09712,ok,debt,0,11132,0,0,0
SP-09713,deficit,none,0,0,0,0,0
SP-09714,ok,reserve,22653,0,0,0,0
SP-09715,ok,reserve,13978,0,0,0,0
SP-09716,deficit,none,0,0,0,0,0
SP-09717,ok,reserve,1990,0,0,0,0
SP-09718,ok,debt,0,17239,0,0,0
SP-09719,ok,reserve,39542,0,0,12754,0
SP-09720,ok,reserve,16219,0,0,0,0
SP-09721,ok,reserve,41486,0,0,0,0
SP-09722,ok,reserve,9064,0,0,0,0
SP-09723,ok,goals+,0,0,6841,0,649112
SP-09724,ok,reserve,25182,0,0,0,0
SP-09725,ok,reserve,46670,0,0,0,0
SP-09726,ok,reserve,36440,0,0,0,0
SP-09727,ok,debt,0,337,0,0,0
SP-09728,ok,reserve,1815,0,0,0,0
SP-09729,ok,debt,0,751,0,0,0
SP-09730,ok,goals+,0,0,1120,47288,144438
SP-09731,ok,reserve,35320,0,0,0,0
SP-09732,ok,reserve,709,0,0,0,0
SP-09733,ok,debt,0,23431,0,0,0
SP-09734,ok,reserve,1194,0,0,0,0
SP-09735,ok,reserve,17543,0,0,0,0
SP-09736,ok,debt,0,24426,0,0,0
SP-09737,ok,reserve,20252,0,0,0,0
SP-09738,ok,reserve,140,0,0,0,0
SP-09739,ok,reserve,43295,0,0,0,0
SP-09740,ok,debt,0,2956,0,0,0
SP-09741,ok,reserve,280545848,0,0,0,0
SP-09742,ok,reserve,12858,0,0,0,0
SP-09743,ok,reserve,642,0,0,0,0
SP-09744,deficit,none,0,0,0,0,0
SP-09745,ok,reserve,1144,0,0,0,0
SP-09746,ok,reserve,3230,0,0,0,0
SP-09747,ok,debt,0,58229,0,0,0
SP-09748,ok,reserve,5505,0,0,0,0
SP-09749,ok,goals+,0,0,24051,2273,237171
SP-09750,deficit,none,0,0,0,0,0
SP-09751,ok,reserve,7774,0,0,0,0
SP-09752,ok,reserve,14888,0,0,0,0
SP-09753,deficit,none,0,0,0,0,0
SP-09754,ok,reserve,6128,0,0,0,0
SP-09755,ok,reserve,6432,0,0,0,0
SP-09756,ok,reserve,73199,0,0,0,0
SP-09757,ok,debt,0,4442,0,0,0
SP-09758,ok,debt,28147,30401,0,0,0
SP-09759,ok,debt,0,1776,0,0,0
SP-09760,ok,reserve,27671,0,0,0,0
SP-09761,ok,reserve,199,0,0,0,0
SP-09762,ok,debt,3129,8656,0,0,0
SP-09763,deficit,none,0,0,0,0,0
SP-09764,ok,reserve,10243,0,0,0,0
SP-09765,ok,goals+,0,0,26534,0,4218943
SP-09766,deficit,none,0,0,0,0,0
SP-09767,ok,reserve,16530,0,0,0,0
SP-09768,ok,reserve,3792,0,0,0,0
SP-09769,ok,reserve,7297,0,0,0,0
SP-09770,deficit,none,0,0,0,0,335822
SP-09771,ok,reserve,39437,0,0,0,0
SP-09772,ok,reserve,5830,0,0,0,0
SP-09773,ok,reserve,7022,0,0,0,0
SP-09774,deficit,none,0,0,0,0,0
SP-09775,deficit,none,0,0,0,0,0
SP-09776,ok,reserve,27552,0,0,0,0
SP-09777,ok,reserve,26381,0,0,0,0
SP-09778,ok,reserve,24981,0,0,0,0
SP-09779,ok,debt,0,33603,0,0,0
SP-09780,ok,goals+,0,0,13,0,1
SP-09781,ok,reserve,13202,0,0,0,0
SP-09782,ok,reserve,22227,0,0,0,0
SP-09783,ok,reserve,107452542,0,0,0,0
SP-09784,ok,reserve,40266,0,0,0,0
SP-09785,ok,reserve,6812,0,0,0,0
SP-09786,deficit,none,0,0,0,0,0
SP-09787,ok,reserve,26311,0,17312,0,0
SP-09788,ok,reserve,9145,0,0,0,0
SP-09789,ok,debt,0,96203,0,0,0
SP-09790,ok,reserve,22279,0,0,0,0
SP-09791,ok,reserve,19334,0,0,0,0
SP-09792,deficit,none,0,0,0,0,0
SP-09793,deficit,none,0,0,0,0,0
SP-09794,ok,reserve,8347,4883,0,0,0
SP-09795,deficit,none,0,0,0,0,0
SP-09796,ok,reserve,18499,0,0,0,0
SP-09797,ok,reserve,40458,0,0,0,0
SP-09798,ok,reserve,16854,0,0,0,0
SP-09799,ok,reserve,31129,4561,0,0,0
SP-09800,ok,reserve,13577,0,0,0,0
SP-09801,ok,debt,0,38076,0,0,0
SP-09802,ok,reserve,13076,0,0,0,0
SP-09803,ok,reserve,17132,0,0,0,0
SP-09804,ok,reserve,20251,0,0,0,0
SP-09805,ok,goals+,0,0,14444,0,108292
SP-09806,ok,debt,496,14758,0,0,0
SP-09807,ok,debt,0,28962,0,0,933231
SP-09808,ok,debt,0,27230,0,0,0
SP-09809,ok,reserve,30118,0,0,0,0
SP-09810,ok,reserve,49847,0,0,0,0
SP-09811,ok,reserve,28489,0,0,0,0
SP-09812,deficit,none,0,0,0,0,0
SP-09813,ok,reserve,1529,0,0,0,0
SP-09814,ok,reserve,34483,0,0,0,0
SP-09815,ok,reserve,20006,0,0,0,0
SP-09816,ok,reserve,6574,0,0,0,0
SP-09817,ok,debt,0,16908,0,0,0
SP-09818,ok,debt,0,21755,0,0,0
SP-09819,deficit,none,0,0,0,0,0
SP-09820,ok,debt,0,24553,0,0,0
SP-09821,ok,debt,0,19085,0,0,0
SP-09822,ok,goals+,0,0,20,0,368
SP-09823,ok,goals+,0,0,7363,0,175176
SP-09824,ok,reserve,10796,0,0,0,0
SP-09825,ok,debt,0,68176692,0,0,0
SP-09826,ok,reserve,7202,0,0,0,0
SP-09827,ok,reserve,11938,0,0,0,0
SP-09828,deficit,none,0,0,0,0,0
SP-09829,ok,reserve,19442,15834,0,0,0
SP-09830,ok,reserve,23849,0,0,0,0
SP-09831,ok,debt,0,51153,0,0,45063
SP-09832,ok,reserve,29100,0,0,0,0
SP-09833,ok,reserve,752,0,0,0,0
SP-09834,deficit,none,0,0,0,0,0
SP-09835,ok,reserve,6314,0,0,0,0
SP-09836,ok,reserve,7109,0,0,0,0
SP-09837,deficit,none,0,0,0,0,0
SP-09838,ok,reserve,14043,0,0,0,0
SP-09839,deficit,none,0,0,0,0,0
SP-09840,deficit,none,0,0,0,0,0
SP-09841,ok,reserve,33570,0,0,0,0
SP-09842,ok,debt,1334,4484,0,0,0
SP-09843,ok,reserve,3946,0,0,0,0
SP-09844,ok,reserve,6357,0,0,0,0
SP-09845,deficit,none,0,0,0,0,40863
SP-09846,ok,debt,0,1508,0,0,0
SP-09847,ok,reserve,13618,0,0,0,0
SP-09848,ok,goals+,0,0,0,1830,83887
SP-09849,ok,debt,0,10224,0,0,470117
SP-09850,ok,debt,0,3878,0,0,0
SP-09851,ok,reserve,28211,0,0,0,0
SP-09852,ok,reserve,26133,8269,0,0,0
SP-09853,deficit,none,0,0,0,0,0
SP-09854,ok,reserve,7349,0,0,0,0
SP-09855,ok,reserve,18425,0,0,0,0
SP-09856,ok,reserve,1726,0,0,0,0
SP-09857,ok,reserve,6736,0,0,0,0
SP-09858,ok,reserve,25320,0,0,0,0
SP-09859,ok,reserve,4607,2445,0,0,0
SP-09860,ok,reserve,14810,0,0,0,0
SP-09861,ok,reserve,79299,0,0,0,0
SP-09862,ok,reserve,42073,0,0,0,0
SP-09863,ok,reserve,19418,0,0,0,0
SP-09864,ok,reserve,68,0,0,0,0
SP-09865,ok,reserve,9728,0,0,0,0
SP-09866,ok,reserve,6536,0,0,0,0
SP-09867,ok,reserve,262198905,0,0,0,0
SP-09868,ok,debt,0,19713,0,0,0
SP-09869,ok,reserve,618,0,0,0,0
SP-09870,deficit,none,0,0,0,0,0
SP-09871,ok,reserve,7888,0,0,0,0
SP-09872,ok,reserve,43936,0,0,0,0
SP-09873,ok,goals+,0,0,26418,25995,37428
SP-09874,ok,reserve,30980,0,0,0,0
SP-09875,deficit,none,0,0,0,0,0
SP-09876,deficit,none,0,0,0,0,0
SP-09877,ok,reserve,5501,0,0,0,0
SP-09878,ok,reserve,1441,0,0,0,0
SP-09879,deficit,none,0,0,0,0,0
SP-09880,ok,reserve,12003,0,0,0,0
SP-09881,ok,reserve,31550,0,0,0,0
SP-09882,ok,reserve,2795,0,0,0,0
SP-09883,ok,reserve,31656,0,0,0,0
SP-09884,ok,goals+,0,0,20138,0,29013
SP-09885,ok,reserve,17479,0,0,0,0
SP-09886,ok,reserve,10728,0,0,0,0
SP-09887,ok,debt,0,10143,0,0,0
SP-09888,ok,reserve,27328,0,0,0,0
SP-09889,ok,reserve,24379,0,0,0,0
SP-09890,ok,debt,3666,33172,0,0,0
SP-09891,ok,goals+,0,0,13745,0,7582149
SP-09892,ok,reserve,70685,0,0,0,0
SP-09893,ok,reserve,42955,0,0,0,0
SP-09894,ok,reserve,33880,0,0,0,0
SP-09895,deficit,none,0,0,0,0,0
SP-09896,ok,reserve,10378,0,0,0,0
SP-09897,ok,reserve,3665,0,0,0,0
SP-09898,ok,reserve,20696,0,0,0,0
SP-09899,ok,goals+,0,0,3994,0,47498
SP-09900,deficit,none,0,0,0,0,0
SP-09901,ok,reserve,25733,0,0,0,0
SP-09902,ok,reserve,10950,0,0,0,0
SP-09903,ok,debt,0,8125,0,0,0
SP-09904,ok,debt,0,8448,0,0,0
SP-09905,ok,reserve,27438,0,0,0,0
SP-09906,ok,goals+,0,0,25,79,33
SP-09907,ok,debt,0,27823,0,0,0
SP-09908,ok,reserve,13967,0,0,0,0
SP-09909,deficit,none,0,0,0,0,0
SP-09910,ok,reserve,2257,0,0,0,0
SP-09911,ok,debt,0,17206,0,0,0
SP-09912,deficit,none,0,0,0,0,0
SP-09913,ok,debt,0,3697,0,0,0
SP-09914,ok,reserve,39727,0,0,0,0
SP-09915,ok,debt,34489,136783,0,0,0
SP-09916,ok,reserve,55037,1099,0,0,0
SP-09917,ok,debt,0,3331,0,0,0
SP-09918,deficit,none,0,0,0,0,0
SP-09919,ok,debt,0,11189,0,0,0
SP-09920,ok,reserve,24820,0,0,0,0
SP-09921,deficit,none,0,0,0,0,0
SP-09922,ok,reserve,37145,0,0,0,0
SP-09923,ok,reserve,1265,0,0,0,0
SP-09924,deficit,none,0,0,0,0,0
SP-09925,ok,debt,0,2064,0,0,0
SP-09926,ok,reserve,7099,0,0,0,0
SP-09927,ok,reserve,51842,0,0,0,0
SP-09928,ok,reserve,24698,0,0,0,0
SP-09929,ok,debt,0,19493,0,0,0
SP-09930,ok,reserve,40636,0,0,0,0
SP-09931,ok,debt,0,30901,0,0,0
SP-09932,ok,reserve,35533,0,0,0,0
SP-09933,ok,debt,0,85290,0,0,1662513
SP-09934,ok,reserve,34441,0,0,0,0
SP-09935,ok,debt,0,16309,0,0,0
SP-09936,ok,reserve,12546,0,0,0,0
SP-09937,ok,reserve,18103,0,0,0,0
SP-09938,ok,debt,0,7791,0,0,0
SP-09939,ok,reserve,10967,0,0,0,0
SP-09940,ok,goals+,0,0,5583,22989,109341
SP-09941,ok,debt,0,3409,0,0,0
SP-09942,ok,reserve,31264,0,0,0,0
SP-09943,ok,debt,0,4367,0,0,0
SP-09944,ok,reserve,20233,0,0,0,0
SP-09945,ok,reserve,5628,0,0,0,0
SP-09946,ok,reserve,16373,0,0,0,0
SP-09947,ok,reserve,12227,0,0,0,0
SP-09948,ok,goals+,0,0,48,0,386
SP-09949,ok,debt,0,7056,0,0,0
SP-09950,ok,debt,10549,25205,0,0,0
SP-09951,ok,debt,0,227134645,0,0,0
SP-09952,ok,debt,0,30988,0,0,0
SP-09953,ok,debt,0,5813,0,0,0
SP-09954,deficit,none,0,0,0,0,0
SP-09955,ok,debt,0,5828,0,0,0
SP-09956,deficit,none,0,0,0,0,0
SP-09957,ok,debt,0,87078,0,0,44807
SP-09958,ok,debt,242,15789,0,0,0
SP-09959,ok,debt,0,77055,0,0,0
SP-09960,deficit,none,0,0,0,0,0
SP-09961,ok,reserve,15880,0,0,0,0
SP-09962,ok,reserve,4138,0,0,0,0
SP-09963,ok,reserve,12548,0,0,0,0
SP-09964,deficit,none,0,0,0,0,0
SP-09965,ok,debt,0,12965,0,0,0
SP-09966,ok,reserve,39433,0,0,0,0
SP-09967,ok,debt,0,33840,0,0,0
SP-09968,ok,reserve,7809,0,0,0,0
SP-09969,ok,reserve,1700,0,0,0,0
SP-09970,ok,reserve,8298,0,0,0,0
SP-09971,ok,goals+,0,0,0,27751,75335
SP-09972,ok,reserve,20446,4986,0,0,0
SP-09973,ok,debt,0,12226,0,0,0
SP-09974,ok,reserve,3618,0,0,0,0
SP-09975,ok,goals+,0,0,20007,0,1102618
SP-09976,ok,reserve,81859,0,0,0,0
SP-09977,ok,reserve,19163,0,0,0,0
SP-09978,ok,reserve,13119,0,0,0,0
SP-09979,ok,reserve,14427,0,0,0,0
SP-09980,ok,reserve,10735,0,0,0,0
SP-09981,ok,reserve,6133,6063,0,0,0
SP-09982,ok,goals+,0,0,0,60559,18073
SP-09983,ok,debt,0,29474,0,0,0
SP-09984,deficit,none,0,0,0,0,0
SP-09985,ok,goals+,0,0,6345,0,227794
SP-09986,ok,reserve,22015,0,0,0,0
SP-09987,ok,goals+,0,0,8737,0,34112
SP-09988,deficit,none,0,0,0,0,0
SP-09989,ok,reserve,22395,0,0,0,0
SP-09990,ok,reserve,3,0,0,0,0
SP-09991,ok,debt,0,14787,0,0,0
SP-09992,ok,reserve,7391,0,0,0,0
SP-09993,ok,reserve,597695364,0,0,0,0
SP-09994,ok,reserve,27331,0,0,0,0
SP-09995,ok,debt,0,571,0,0,0
SP-09996,deficit,none,0,0,0,0,0
SP-09997,ok,debt,0,2640,0,0,0
SP-09998,ok,goals+,0,0,0,8813,54461
SP-09999,ok,reserve,20585,68,0,0,0
SP-10000,ok,goals+,1415,0,11836,0,0
SP-10001,ok,debt,0,8830,0,0,0
SP-10002,deficit,none,0,0,0,0,0
SP-10003,ok,goals+,0,0,0,15192,26880
SP-10004,ok,reserve,2008,0,0,0,0
SP-10005,deficit,none,0,0,0,0,0
SP-10006,ok,reserve,12912,0,0,0,0
SP-10007,ok,debt,0,6498,0,0,0
SP-10008,ok,reserve,6326,0,0,0,0
SP-10009,ok,reserve,30487,0,0,0,0
SP-10010,ok,reserve,38076,0,0,0,0
SP-10011,ok,reserve,4856,0,0,0,0
SP-10012,ok,reserve,8520,0,0,0,0
SP-10013,ok,reserve,4074,0,0,0,0
SP-10014,ok,reserve,17399,0,0,0,0
SP-10015,ok,reserve,5597,0,0,0,0
SP-10016,ok,goals+,0,0,24018,32367,125065
SP-10017,ok,debt,0,34050,0,0,1105995
SP-10018,ok,reserve,14334,0,0,0,0
SP-10019,ok,reserve,16757,0,0,0,0
SP-10020,ok,reserve,2412,0,0,0,0
SP-10021,ok,reserve,7605,0,0,0,0
SP-10022,ok,reserve,1221,0,0,0,0
SP-10023,ok,debt,0,14700,0,0,0
SP-10024,deficit,none,0,0,0,0,0
SP-10025,ok,reserve,26207,0,0,0,0
SP-10026,deficit,none,0,0,0,0,0
SP-10027,ok,reserve,14893,0,0,0,0
SP-10028,deficit,none,0,0,0,0,0
SP-10029,ok,debt,0,14693,0,0,0
SP-10030,ok,reserve,37162,0,0,0,0
SP-10031,ok,goals+,0,0,24209,2707,7837
SP-10032,ok,reserve,102,0,0,0,0
SP-10033,deficit,none,0,0,0,0,0
SP-10034,deficit,none,0,0,0,0,0
SP-10035,ok,reserve,495382041,0,0,0,0
SP-10036,ok,debt,0,11014,0,0,60829
SP-10037,ok,reserve,9884,0,0,0,0
SP-10038,deficit,none,0,0,0,0,0
SP-10039,ok,reserve,25187,0,0,0,0
SP-10040,ok,reserve,23034,0,0,0,0
SP-10041,ok,goals+,0,0,4900,111349,50716
SP-10042,ok,reserve,19002,0,0,0,0
SP-10043,ok,debt,0,30074,0,0,0
SP-10044,deficit,none,0,0,0,0,0
SP-10045,ok,debt,0,15949,0,0,0
SP-10046,deficit,none,0,0,0,0,0
SP-10047,deficit,none,0,0,0,0,0
SP-10048,ok,debt,0,9731,0,0,0
SP-10049,ok,reserve,6660,0,0,0,0
SP-10050,ok,reserve,24534,0,0,0,0
SP-10051,ok,reserve,11043,0,0,0,0
SP-10052,ok,reserve,1152,0,0,0,0
SP-10053,ok,debt,0,7935,0,0,0
SP-10054,ok,reserve,35784,0,0,0,0
SP-10055,deficit,none,0,0,0,0,0
SP-10056,ok,goals+,0,0,0,1976,93096
SP-10057,ok,debt,0,7055,0,0,0
SP-10058,ok,reserve,33833,0,0,0,0
SP-10059,ok,debt,0,57639,0,0,2412932
SP-10060,ok,reserve,4336,0,0,0,0
SP-10061,ok,debt,0,2881,0,0,105037
SP-10062,deficit,none,0,0,0,0,0
SP-10063,ok,reserve,24822,0,0,0,0
SP-10064,ok,debt,4933,15149,0,0,0
SP-10065,ok,reserve,9767,0,0,0,0
SP-10066,deficit,none,0,0,0,0,0
SP-10067,ok,debt,0,11700,0,0,0
SP-10068,ok,reserve,4055,0,0,0,0
SP-10069,ok,reserve,28324,0,0,0,0
SP-10070,ok,debt,0,20793,0,0,0
SP-10071,ok,debt,0,19052,0,0,85158
SP-10072,ok,reserve,27545,0,0,0,0
SP-10073,ok,reserve,7986,0,0,0,0
SP-10074,ok,reserve,18,0,0,0,0
SP-10075,ok,reserve,7874,0,0,0,0
SP-10076,ok,reserve,15937,0,0,0,0
SP-10077,deficit,none,0,0,0,0,0
SP-10078,ok,reserve,20090,0,0,0,0
SP-10079,ok,reserve,10171,0,0,0,0
SP-10080,deficit,none,0,0,0,0,0
SP-10081,ok,debt,0,16129,0,0,0
SP-10082,ok,reserve,24586,0,0,0,0
SP-10083,ok,debt,0,33018,0,0,47161
SP-10084,ok,reserve,42868,0,0,0,0
SP-10085,ok,goals+,0,0,0,33,9503
SP-10086,deficit,none,0,0,0,0,0
SP-10087,deficit,none,0,0,0,0,0
SP-10088,ok,reserve,38617,0,0,0,0
SP-10089,ok,reserve,5306,4752,0,0,0
SP-10090,ok,reserve,2059,0,0,0,0
SP-10091,ok,reserve,1240,0,0,0,0
SP-10092,ok,reserve,6135,0,0,0,0
SP-10093,ok,reserve,8884,0,0,0,0
SP-10094,ok,reserve,66962,0,0,0,0
SP-10095,ok,reserve,1238,0,0,0,0
SP-10096,ok,goals+,0,0,2357,0,205345
SP-10097,ok,reserve,8859,0,0,0,0
SP-10098,ok,debt,0,35529,0,0,0
SP-10099,ok,reserve,58572,0,0,0,0
SP-10100,ok,reserve,31297,0,0,0,0
SP-10101,ok,goals+,0,0,0,16887,1274410
SP-10102,ok,reserve,57245,0,0,0,0
SP-10103,ok,reserve,22029,0,0,0,0
SP-10104,deficit,none,0,0,0,0,0
SP-10105,ok,reserve,29411,0,0,0,0
SP-10106,ok,debt,0,49971,0,0,0
SP-10107,ok,debt,0,4700,0,0,0
SP-10108,ok,reserve,7627,0,0,0,0
SP-10109,ok,debt,0,31844,0,0,0
SP-10110,ok,reserve,4791,0,0,0,0
SP-10111,deficit,none,0,0,0,0,0
SP-10112,ok,reserve,14608,0,0,0,0
SP-10113,ok,reserve,605,0,0,0,0
SP-10114,ok,reserve,34310,0,0,0,0
SP-10115,ok,debt,0,34113,0,0,0
SP-10116,ok,reserve,230,0,0,0,0
SP-10117,ok,debt,0,5631,0,0,0
SP-10118,ok,reserve,8537,0,0,0,0
SP-10119,ok,reserve,409387866,0,0,0,0
SP-10120,ok,debt,0,14629,0,0,0
SP-10121,ok,debt,0,109113,0,0,0
SP-10122,deficit,none,0,0,0,0,0
SP-10123,ok,debt,2238,16006,0,0,0
SP-10124,ok,reserve,14497,0,0,0,0
SP-10125,ok,goals+,0,0,0,37472,145419
SP-10126,ok,goals+,0,0,3335,0,5918
SP-10127,ok,reserve,4376,0,0,0,0
SP-10128,deficit,none,0,0,0,0,0
SP-10129,ok,reserve,7701,0,0,0,0
SP-10130,ok,reserve,6585,0,0,0,0
SP-10131,deficit,none,0,0,0,0,0
SP-10132,ok,debt,0,10161,0,0,0
SP-10133,ok,goals+,0,0,9923,0,41917
SP-10134,ok,reserve,8890,0,0,0,0
SP-10135,ok,reserve,28055,0,0,0,0
SP-10136,ok,reserve,15529,0,0,0,0
SP-10137,deficit,none,0,0,0,0,0
SP-10138,ok,reserve,23669,0,0,0,0
SP-10139,ok,reserve,48647,0,0,0,0
SP-10140,deficit,none,0,0,0,0,0
SP-10141,ok,debt,307,22391,0,0,0
SP-10142,ok,reserve,50884,0,0,0,0
SP-10143,ok,goals+,0,0,4269,0,2126436
SP-10144,ok,reserve,5274,0,0,0,0
SP-10145,ok,goals+,0,0,8804,0,77779
SP-10146,ok,reserve,15759,0,0,0,0
SP-10147,ok,reserve,14706,0,0,0,0
SP-10148,ok,reserve,21650,0,0,0,0
SP-10149,ok,debt,0,12066,0,0,0
SP-10150,ok,reserve,9331,0,0,0,0
SP-10151,ok,reserve,16315,0,0,0,0
SP-10152,ok,reserve,7209,0,0,0,0
SP-10153,ok,reserve,15636,0,0,0,0
SP-10154,deficit,none,0,0,0,0,0
SP-10155,ok,debt,0,11122,0,0,0
SP-10156,ok,reserve,58422,0,0,0,0
SP-10157,ok,debt,0,1037,0,0,0
SP-10158,ok,goals+,0,0,2,0,563
SP-10159,deficit,none,0,0,0,0,0
SP-10160,ok,reserve,31684,0,0,0,0
SP-10161,ok,reserve,1738419753,0,0,0,0
SP-10162,ok,reserve,2717,0,0,0,0
SP-10163,ok,debt,0,5816,0,0,0
SP-10164,deficit,none,0,0,0,0,0
SP-10165,deficit,none,0,0,0,0,0
SP-10166,ok,reserve,93505,0,3062,374,0
SP-10167,ok,goals+,0,0,0,117698,173192
SP-10168,ok,reserve,9923,0,0,0,0
SP-10169,ok,reserve,4089,0,0,0,0
SP-10170,deficit,none,0,0,0,0,0
SP-10171,ok,reserve,14389,0,0,0,0
SP-10172,ok,reserve,6779,0,0,0,0
SP-10173,deficit,none,0,0,0,0,0
SP-10174,ok,reserve,32348,0,0,0,0
SP-10175,ok,reserve,16722,0,0,0,0
SP-10176,ok,reserve,32079,0,0,0,0
SP-10177,ok,goals+,0,0,14987,0,386050
SP-10178,ok,reserve,25016,0,0,0,0
SP-10179,ok,reserve,7874,0,0,0,0
SP-10180,ok,reserve,492,0,0,0,0
SP-10181,deficit,none,0,0,0,0,0
SP-10182,ok,goals+,0,0,0,30671,153101
SP-10183,ok,reserve,462,0,0,0,0
SP-10184,ok,debt,0,22892,0,0,0
SP-10185,ok,debt,0,10156,0,0,401503
SP-10186,ok,reserve,4428,0,0,0,0
SP-10187,ok,reserve,17756,0,0,0,0
SP-10188,ok,reserve,10586,0,0,0,0
SP-10189,deficit,none,0,0,0,0,0
SP-10190,ok,reserve,17044,0,0,0,0
SP-10191,ok,reserve,9606,0,0,0,0
SP-10192,ok,reserve,49930,0,0,0,0
SP-10193,deficit,none,0,0,0,0,0
SP-10194,deficit,none,0,0,0,0,0
SP-10195,ok,debt,0,4093,0,0,0
SP-10196,ok,reserve,13683,10117,0,0,0
SP-10197,ok,reserve,10418,0,0,0,0
SP-10198,ok,debt,0,10927,0,0,0
SP-10199,ok,reserve,9366,0,0,0,0
SP-10200,ok,reserve,60,0,0,0,0
SP-10201,ok,reserve,3511,0,0,0,0
SP-10202,ok,reserve,9586,0,0,0,0
SP-10203,ok,goals+,0,0,0,521968484,3823790800
SP-10204,ok,reserve,28015,0,0,0,0
SP-10205,ok,reserve,38938,0,0,0,0
SP-10206,deficit,none,0,0,0,0,0
SP-10207,ok,reserve,11444,0,0,0,0
SP-10208,ok,goals+,0,0,0,18254,1549234
SP-10209,ok,debt,0,52987,0,0,0
SP-10210,ok,reserve,14412,0,0,0,0
SP-10211,deficit,none,0,0,0,0,0
SP-10212,deficit,none,0,0,0,0,0
SP-10213,deficit,none,0,0,0,0,0
SP-10214,ok,debt,0,141,0,0,0
SP-10215,deficit,none,0,0,0,0,0
SP-10216,ok,reserve,13249,0,0,0,0
SP-10217,ok,reserve,65119,0,0,0,0
SP-10218,deficit,none,0,0,0,0,0
SP-10219,ok,reserve,21591,0,0,0,0
SP-10220,deficit,none,0,0,0,0,0
SP-10221,ok,reserve,2693,0,0,0,0
SP-10222,ok,reserve,806,0,0,0,0
SP-10223,ok,debt,0,11150,0,0,0
SP-10224,ok,debt,0,18358,0,0,0
SP-10225,ok,reserve,17450,0,0,0,0
SP-10226,ok,reserve,26297,0,0,0,0
SP-10227,ok,goals+,0,0,0,31287,1435518
SP-10228,deficit,none,0,0,0,0,0
SP-10229,ok,reserve,8727,0,0,0,0
SP-10230,deficit,none,0,0,0,0,0
SP-10231,deficit,none,0,0,0,0,0
SP-10232,ok,debt,0,6724,0,0,145681
SP-10233,ok,reserve,452,0,0,0,0
SP-10234,ok,reserve,334,0,0,0,0
SP-10235,ok,reserve,1319,0,0,0,0
SP-10236,ok,reserve,19704,0,0,0,0
SP-10237,ok,reserve,2828,0,0,0,0
SP-10238,ok,reserve,32087,0,0,0,0
SP-10239,ok,goals+,0,0,32271,0,24911
SP-10240,ok,reserve,20363,0,0,0,0
SP-10241,ok,goals+,0,0,9945,0,65572
SP-10242,ok,reserve,37,0,4,0,0
SP-10243,ok,debt,0,27984,0,0,0
SP-10244,ok,reserve,45788,0,0,0,0
SP-10245,ok,reserve,1026842902,0,0,0,0
SP-10246,ok,reserve,3613,0,0,0,0
SP-10247,ok,reserve,31489,0,0,0,0
SP-10248,deficit,none,0,0,0,0,0
SP-10249,ok,debt,0,37388,0,0,0
SP-10250,ok,reserve,34061,0,0,0,0
SP-10251,ok,debt,7964,45811,0,0,0
SP-10252,ok,debt,0,20120,0,0,0
SP-10253,ok,reserve,12315,0,0,0,0
SP-10254,deficit,none,0,0,0,0,0
SP-10255,ok,reserve,31704,0,0,0,0
SP-10256,ok,debt,0,25083,0,0,0
SP-10257,deficit,none,0,0,0,0,24976
SP-10258,ok,debt,3596,3644,0,0,0
SP-10259,ok,reserve,54317,0,0,0,0
SP-10260,ok,goals+,0,0,25255,0,32053
SP-10261,ok,debt,0,22095,0,0,0
SP-10262,ok,reserve,45078,0,0,0,0
SP-10263,ok,reserve,11310,0,0,0,0
SP-10264,ok,reserve,24092,0,0,0,0
SP-10265,ok,debt,0,3943,0,0,0
SP-10266,ok,debt,0,831,0,0,0
SP-10267,deficit,none,0,0,0,0,0
SP-10268,ok,reserve,23603,0,0,0,0
SP-10269,ok,debt,0,23195,0,0,4752106
SP-10270,ok,reserve,62890,0,0,0,0
SP-10271,ok,debt,0,4578,0,0,0
SP-10272,ok,reserve,49046,0,0,0,0
SP-10273,ok,reserve,22922,0,0,0,0
SP-10274,ok,debt,0,3425,0,0,248498
SP-10275,ok,reserve,8092,0,0,0,0
SP-10276,ok,debt,825,10588,0,0,0
SP-10277,ok,reserve,8835,0,0,0,0
SP-10278,deficit,none,0,0,0,0,0
SP-10279,ok,reserve,62874,0,0,0,0
SP-10280,ok,goals+,0,0,9373,11996,248563
SP-10281,ok,reserve,23296,0,0,0,0
SP-10282,ok,reserve,2174,0,0,0,0
SP-10283,ok,goals+,0,0,1397,0,4191
SP-10284,ok,reserve,36,0,0,0,0
SP-10285,ok,reserve,9040,0,0,0,0
SP-10286,ok,reserve,19947,0,0,0,0
SP-10287,ok,debt,0,25618675,0,0,0
SP-10288,ok,reserve,7937,0,0,0,0
SP-10289,ok,reserve,16933,0,0,0,0
SP-10290,deficit,none,0,0,0,0,0
SP-10291,ok,debt,0,6099,0,0,139811
SP-10292,ok,reserve,42003,0,0,0,0
SP-10293,ok,debt,0,42716,0,0,31739
SP-10294,deficit,none,0,0,0,0,0
SP-10295,ok,debt,0,45161,0,0,0
SP-10296,deficit,none,0,0,0,0,0
SP-10297,ok,reserve,23068,16057,0,0,0
SP-10298,ok,reserve,28693,0,0,0,0
SP-10299,deficit,none,0,0,0,0,3070
SP-10300,ok,debt,0,9782,0,0,0
SP-10301,ok,debt,0,3531,0,0,0
SP-10302,ok,reserve,15341,0,0,0,0
SP-10303,deficit,none,0,0,0,0,0
SP-10304,ok,debt,0,10166,0,0,0
SP-10305,ok,debt,0,14419,0,0,0
SP-10306,ok,debt,0,3610,0,0,0
SP-10307,ok,reserve,15451,0,0,0,0
SP-10308,ok,debt,0,19877,0,0,0
SP-10309,ok,reserve,72742,0,0,0,0
SP-10310,ok,debt,0,7748,0,0,0
SP-10311,ok,goals+,0,0,49116,4541,1105195
SP-10312,ok,goals+,0,0,1826,0,90066
SP-10313,ok,reserve,8528,0,0,0,0
SP-10314,ok,reserve,3730,0,0,0,0
SP-10315,ok,debt,0,27607,0,0,0
SP-10316,ok,reserve,7461,0,0,0,0
SP-10317,ok,debt,0,2365,0,0,118356
SP-10318,ok,debt,0,6794,0,0,134120
SP-10319,ok,reserve,15332,0,0,0,0
SP-10320,ok,reserve,13187,0,0,0,0
SP-10321,ok,reserve,9018,0,0,0,0
SP-10322,ok,debt,0,17669,0,0,0
SP-10323,deficit,none,0,0,0,0,259026
SP-10324,ok,reserve,36682,0,0,0,0
SP-10325,ok,reserve,21210,0,0,0,0
SP-10326,ok,reserve,100,0,0,0,0
SP-10327,ok,reserve,29576,0,0,0,0
SP-10328,ok,reserve,14418,0,0,0,0
SP-10329,ok,debt,0,96243762,0,0,0
SP-10330,deficit,none,0,0,0,0,0
SP-10331,ok,reserve,6855,0,0,0,0
SP-10332,deficit,none,0,0,0,0,0
SP-10333,deficit,none,0,0,0,0,0
SP-10334,deficit,none,0,0,0,0,120794
SP-10335,ok,goals+,0,0,0,71416,176575
SP-10336,ok,reserve,4970,0,0,0,0
SP-10337,ok,reserve,47943,0,0,0,0
SP-10338,deficit,none,0,0,0,0,0
SP-10339,ok,debt,0,8637,0,0,0
SP-10340,ok,reserve,5305,0,0,0,0
SP-10341,deficit,none,0,0,0,0,0
SP-10342,deficit,none,0,0,0,0,0
SP-10343,ok,reserve,5469,0,0,0,0
SP-10344,ok,goals+,0,0,38989,43962,72750
SP-10345,deficit,none,0,0,0,0,0
SP-10346,deficit,none,0,0,0,0,0
SP-10347,ok,reserve,4932,0,0,0,0
SP-10348,ok,reserve,18711,0,0,0,0
SP-10349,ok,reserve,10305,0,0,0,0
SP-10350,ok,debt,0,23931,0,0,0
SP-10351,ok,debt,0,12253,0,0,0
SP-10352,ok,debt,0,3952,0,0,0
SP-10353,ok,goals+,0,0,16187,17956,2039958
SP-10354,ok,reserve,18007,0,0,0,0
SP-10355,ok,reserve,6902,0,0,0,0
SP-10356,deficit,none,0,0,0,0,0
SP-10357,ok,debt,0,72311,0,0,0
SP-10358,deficit,none,0,0,0,0,0
SP-10359,ok,debt,0,1309,0,0,0
SP-10360,ok,debt,0,10180,0,0,0
SP-10361,ok,goals+,0,0,5696,46589,42849
SP-10362,deficit,none,0,0,0,0,0
SP-10363,ok,debt,0,5639,0,0,0
SP-10364,ok,reserve,961,0,0,0,0
SP-10365,ok,debt,0,48775,0,0,0
SP-10366,deficit,none,0,0,0,0,0
SP-10367,ok,reserve,16908,0,0,0,0
SP-10368,deficit,none,0,0,0,0,0
SP-10369,ok,reserve,4500,0,0,0,0
SP-10370,ok,reserve,2040,0,0,0,0
SP-10371,ok,reserve,275488365,0,0,0,0
SP-10372,ok,debt,0,3348,0,0,0
SP-10373,ok,reserve,24665,0,0,0,0
SP-10374,deficit,none,0,0,0,0,0
SP-10375,ok,debt,0,20163,0,0,0
SP-10376,ok,reserve,5036,0,0,0,0
SP-10377,ok,debt,0,32915,0,0,66632
SP-10378,ok,debt,0,18056,0,0,0
SP-10379,ok,goals+,0,0,13920,0,58216
SP-10380,deficit,none,0,0,0,0,0
SP-10381,ok,reserve,56281,0,0,0,0
SP-10382,ok,reserve,12484,0,0,0,0
SP-10383,deficit,none,0,0,0,0,0
SP-10384,ok,goals+,0,0,16782,5890,524
SP-10385,ok,reserve,2364,0,0,0,0
SP-10386,ok,reserve,56048,0,0,0,0
SP-10387,ok,reserve,12927,0,0,0,0
SP-10388,ok,reserve,19411,0,0,0,0
SP-10389,ok,reserve,23655,0,0,0,0
SP-10390,ok,goals+,0,0,7452,0,568027
SP-10391,ok,debt,0,4089,0,0,0
SP-10392,ok,debt,0,24106,0,0,0
SP-10393,ok,reserve,27456,0,0,0,0
SP-10394,ok,reserve,51987,0,0,0,0
SP-10395,ok,goals+,0,0,2461,0,2827537
SP-10396,ok,reserve,10462,0,0,0,0
SP-10397,ok,goals+,0,0,2452,21278,11104
SP-10398,deficit,none,0,0,0,0,0
SP-10399,ok,reserve,48768,0,0,0,0
SP-10400,ok,reserve,13154,1496,0,0,0
SP-10401,ok,debt,0,19636,0,0,0
SP-10402,ok,debt,55,5499,0,0,0
SP-10403,ok,debt,0,10443,0,0,0
SP-10404,ok,reserve,17944,0,0,0,0
SP-10405,ok,reserve,15447,0,0,0,0
SP-10406,ok,debt,0,16545,0,0,0
SP-10407,deficit,none,0,0,0,0,0
SP-10408,ok,debt,0,6624,0,0,0
SP-10409,deficit,none,0,0,0,0,0
SP-10410,ok,goals+,0,0,30,29,11
SP-10411,ok,debt,0,12100,0,0,0
SP-10412,ok,reserve,2635,0,0,0,0
SP-10413,ok,debt,0,382961164,0,0,0
SP-10414,ok,reserve,26771,0,0,0,0
SP-10415,ok,goals+,0,0,7463,10359,126271
SP-10416,deficit,none,0,0,0,0,0
SP-10417,ok,goals+,0,0,19650,15994,14730
SP-10418,ok,debt,0,5917,0,0,0
SP-10419,ok,debt,0,29529,0,0,0
SP-10420,ok,debt,12761,25896,0,0,0
SP-10421,ok,debt,0,26703,0,0,0
SP-10422,deficit,none,0,0,0,0,0
SP-10423,deficit,none,0,0,0,0,0
SP-10424,ok,debt,0,26749,0,0,0
SP-10425,ok,reserve,1137,0,0,0,0
SP-10426,ok,reserve,52065,0,0,0,0
SP-10427,deficit,none,0,0,0,0,0
SP-10428,deficit,none,0,0,0,0,0
SP-10429,deficit,none,0,0,0,0,0
SP-10430,ok,reserve,15124,0,0,0,0
SP-10431,deficit,none,0,0,0,0,0
SP-10432,deficit,none,0,0,0,0,0
SP-10433,ok,reserve,1637,0,0,0,0
SP-10434,ok,reserve,55712,0,0,0,0
SP-10435,ok,reserve,3020,0,0,0,0
SP-10436,deficit,none,0,0,0,0,0
SP-10437,ok,debt,0,47505,0,0,3696391
SP-10438,ok,reserve,41613,0,0,0,0
SP-10439,ok,reserve,7106,0,0,0,0
SP-10440,ok,reserve,2251,0,0,0,0
SP-10441,deficit,none,0,0,0,0,0
SP-10442,ok,debt,0,7175,0,0,71050
SP-10443,ok,debt,0,12692,0,0,0
SP-10444,deficit,none,0,0,0,0,0
SP-10445,ok,debt,0,4096,0,0,0
SP-10446,deficit,none,0,0,0,0,0
SP-10447,deficit,none,0,0,0,0,0
SP-10448,ok,reserve,3242,0,0,0,0
SP-10449,ok,reserve,55073,0,0,0,0
SP-10450,ok,reserve,18165,0,0,0,0
SP-10451,ok,reserve,14978,0,6115,0,0
SP-10452,deficit,none,0,0,0,0,0
SP-10453,ok,reserve,1443,0,0,0,0
SP-10454,ok,reserve,2575,0,0,0,0
SP-10455,ok,reserve,50773145,0,0,0,0
SP-10456,ok,reserve,10691,0,0,0,0
SP-10457,ok,reserve,16272,0,0,0,0
SP-10458,deficit,none,0,0,0,0,0
SP-10459,deficit,none,0,0,0,0,0
SP-10460,ok,debt,0,7063,0,0,13543
SP-10461,ok,goals+,0,0,24285,27188,23772
SP-10462,ok,reserve,8130,0,0,0,0
SP-10463,ok,debt,0,20843,0,0,0
SP-10464,deficit,none,0,0,0,0,0
SP-10465,ok,reserve,85,0,0,0,0
SP-10466,ok,reserve,47459,0,0,0,0
SP-10467,deficit,none,0,0,0,0,0
SP-10468,ok,reserve,1761,0,0,0,0
SP-10469,ok,debt,0,27493,0,0,0
SP-10470,deficit,none,0,0,0,0,0
SP-10471,ok,debt,615,33030,0,0,0
SP-10472,deficit,none,0,0,0,0,0
SP-10473,ok,goals+,0,0,0,42270,27195
SP-10474,ok,reserve,17648,0,0,0,0
SP-10475,ok,debt,0,175,0,0,0
SP-10476,ok,reserve,10488,0,0,0,0
SP-10477,deficit,none,0,0,0,0,0
SP-10478,ok,reserve,3882,0,0,0,0
SP-10479,ok,debt,0,24652,0,0,1098403
SP-10480,ok,reserve,5391,0,0,0,0
SP-10481,ok,reserve,2955,0,0,0,0
SP-10482,deficit,none,0,0,0,0,0
SP-10483,ok,reserve,50789,0,0,0,0
SP-10484,ok,reserve,31239,0,0,0,0
SP-10485,ok,goals+,0,0,709,0,60482
SP-10486,ok,reserve,19975,0,0,0,0
SP-10487,ok,reserve,1940,0,0,0,0
SP-10488,ok,reserve,51449,0,0,0,0
SP-10489,deficit,none,0,0,0,0,0
SP-10490,ok,reserve,18345,0,0,0,0
SP-10491,ok,reserve,33364,0,0,0,0
SP-10492,ok,reserve,2042,0,0,0,0
SP-10493,ok,reserve,3151,0,0,0,0
SP-10494,ok,goals+,0,0,29,0,97
SP-10495,ok,debt,0,12872,0,0,0
SP-10496,ok,debt,1537,8421,0,0,0
SP-10497,deficit,none,0,0,0,0,0
SP-10498,ok,reserve,44395,0,0,0,0
SP-10499,ok,reserve,10634,0,0,0,0
SP-10500,deficit,none,0,0,0,0,0
SP-10501,ok,reserve,4237,0,0,0,0
SP-10502,ok,reserve,19078,0,0,0,0
SP-10503,ok,debt,0,54755,0,0,383567
SP-10504,ok,reserve,26664,0,0,0,0
SP-10505,ok,reserve,1732,0,0,0,0
SP-10506,deficit,none,0,0,0,0,0
SP-10507,deficit,none,0,0,0,0,0
SP-10508,deficit,none,0,0,0,0,0
SP-10509,deficit,none,0,0,0,0,54959
SP-10510,ok,reserve,27097,0,0,0,0
SP-10511,ok,debt,0,18490,0,0,0
SP-10512,ok,reserve,7680,0,0,0,0
SP-10513,ok,debt,0,10882,0,0,0
SP-10514,ok,debt,0,656,0,0,0
SP-10515,ok,reserve,43106,0,0,0,0
SP-10516,ok,reserve,20586,0,0,0,0
SP-10517,ok,reserve,19535,0,0,0,0
SP-10518,ok,reserve,9896,0,0,0,0
SP-10519,ok,debt,0,8998,0,0,0
SP-10520,ok,reserve,19851,0,0,0,0
SP-10521,deficit,none,0,0,0,0,0
SP-10522,ok,reserve,28907,0,0,0,0
SP-10523,ok,reserve,17294,0,0,0,0
SP-10524,ok,reserve,28768,0,0,0,0
SP-10525,ok,debt,0,19681,0,0,0
SP-10526,ok,debt,0,34940,0,0,0
SP-10527,ok,debt,0,9520,0,0,0
SP-10528,ok,reserve,15396,0,0,0,0
SP-10529,ok,reserve,49275,0,0,0,0
SP-10530,deficit,none,0,0,0,0,0
SP-10531,deficit,none,0,0,0,0,0
SP-10532,deficit,none,0,0,0,0,0
SP-10533,ok,reserve,29142,0,0,0,0
SP-10534,deficit,none,0,0,0,0,0
SP-10535,ok,goals+,0,0,8989,35190,55018
SP-10536,ok,reserve,46,0,0,0,0
SP-10537,ok,debt,0,18013,0,0,0
SP-10538,ok,debt,0,4574,0,0,0
SP-10539,ok,goals+,0,0,1365465330,0,4916556668
SP-10540,ok,reserve,7698,0,0,0,0
SP-10541,ok,reserve,3737,0,474,0,0
SP-10542,deficit,none,0,0,0,0,0
SP-10543,ok,reserve,12302,0,0,0,0
SP-10544,ok,reserve,3397,0,0,0,0
SP-10545,ok,goals+,0,0,0,68983,49235
SP-10546,ok,reserve,4918,0,0,0,0
SP-10547,ok,reserve,21204,0,0,0,0
SP-10548,deficit,none,0,0,0,0,0
SP-10549,deficit,none,0,0,0,0,0
SP-10550,ok,reserve,23236,0,0,0,0
SP-10551,deficit,none,0,0,0,0,0
SP-10552,deficit,none,0,0,0,0,0
SP-10553,ok,reserve,20441,0,0,0,0
SP-10554,deficit,none,0,0,0,0,0
SP-10555,ok,reserve,21573,0,0,0,0
SP-10556,ok,reserve,75628,0,0,0,0
SP-10557,ok,reserve,11317,0,0,0,0
SP-10558,ok,debt,0,1433,0,0,0
SP-10559,ok,reserve,7204,0,0,0,0
SP-10560,ok,reserve,6474,0,0,0,0
SP-10561,ok,goals+,0,0,0,13785,110303
SP-10562,ok,reserve,51550,0,0,0,0
SP-10563,ok,debt,0,21391,0,0,671938
SP-10564,ok,reserve,57047,0,0,0,0
SP-10565,ok,reserve,10432,0,0,0,0
SP-10566,ok,reserve,37545,0,0,0,0
SP-10567,deficit,none,0,0,0,0,0
SP-10568,ok,reserve,24999,0,0,0,0
SP-10569,ok,debt,0,10088,0,0,0
SP-10570,ok,debt,0,32335,0,0,0
SP-10571,ok,debt,0,16926,0,0,0
SP-10572,deficit,none,0,0,0,0,0
SP-10573,ok,reserve,4764,0,0,0,0
SP-10574,ok,goals+,0,0,17563,0,22068
SP-10575,deficit,none,0,0,0,0,0
SP-10576,ok,reserve,11971,0,0,0,0
SP-10577,ok,debt,0,11564,0,0,0
SP-10578,ok,reserve,21,0,0,0,0
SP-10579,ok,debt,0,6631,0,0,0
SP-10580,ok,reserve,6534,0,0,0,0
SP-10581,ok,reserve,767293980,33052970,0,0,0
SP-10582,ok,reserve,9561,0,0,0,0
SP-10583,ok,debt,0,7628,0,0,24922
SP-10584,deficit,none,0,0,0,0,0
SP-10585,ok,reserve,33476,0,0,0,0
SP-10586,ok,reserve,38225,0,0,0,0
SP-10587,ok,goals+,0,0,0,171590,454444
SP-10588,ok,reserve,10918,0,0,0,0
SP-10589,ok,debt,0,88,0,0,0
SP-10590,deficit,none,0,0,0,0,0
SP-10591,ok,reserve,14046,0,0,0,0
SP-10592,ok,reserve,1709,0,0,0,0
SP-10593,ok,reserve,39123,0,0,0,0
SP-10594,deficit,none,0,0,0,0,60245
SP-10595,ok,reserve,12449,0,0,0,0
SP-10596,deficit,none,0,0,0,0,0
SP-10597,ok,reserve,13084,0,0,0,0
SP-10598,ok,reserve,8822,0,0,0,0
SP-10599,ok,reserve,13335,0,0,0,0
SP-10600,ok,goals+,0,0,0,34596,27208
SP-10601,deficit,none,0,0,0,0,0
SP-10602,ok,reserve,4401,0,0,0,0
SP-10603,ok,reserve,8423,0,0,0,0
SP-10604,ok,debt,0,31697,0,0,0
SP-10605,ok,goals+,0,0,5444,36541,1743432
SP-10606,ok,goals+,0,0,15500,0,32698
SP-10607,ok,reserve,69629,0,0,0,0
SP-10608,deficit,none,0,0,0,0,0
SP-10609,deficit,none,0,0,0,0,0
SP-10610,ok,goals+,0,0,19301,0,39792
SP-10611,ok,debt,0,5357,0,0,0
SP-10612,deficit,none,0,0,0,0,0
SP-10613,ok,reserve,25122,0,0,0,0
SP-10614,deficit,none,0,0,0,0,0
SP-10615,ok,reserve,9163,0,0,0,0
SP-10616,ok,reserve,29174,0,0,0,0
SP-10617,ok,reserve,7908,0,0,0,0
SP-10618,deficit,none,0,0,0,0,0
SP-10619,ok,reserve,16618,0,0,0,0
SP-10620,ok,reserve,8,0,0,0,0
SP-10621,ok,debt,0,14736,0,0,0
SP-10622,ok,debt,0,35743,0,0,0
SP-10623,ok,reserve,567196165,0,0,0,0
SP-10624,ok,reserve,3396,0,0,0,0
SP-10625,ok,reserve,36035,0,0,0,0
SP-10626,deficit,none,0,0,0,0,0
SP-10627,ok,reserve,5859,0,0,0,0
SP-10628,ok,reserve,20354,0,0,0,0
SP-10629,ok,goals+,0,0,8858,125457,116729
SP-10630,deficit,none,0,0,0,0,0
SP-10631,ok,goals+,0,0,0,15810,26960
SP-10632,deficit,none,0,0,0,0,0
SP-10633,ok,reserve,27775,0,0,0,0
SP-10634,ok,reserve,8997,0,0,0,0
SP-10635,deficit,none,0,0,0,0,0
SP-10636,ok,debt,0,10547,0,0,0
SP-10637,ok,reserve,6606,0,0,0,0
SP-10638,deficit,none,0,0,0,0,0
SP-10639,deficit,none,0,0,0,0,0
SP-10640,ok,reserve,18529,0,0,0,0
SP-10641,ok,reserve,337,0,0,0,0
SP-10642,ok,reserve,23878,15178,0,0,0
SP-10643,deficit,none,0,0,0,0,0
SP-10644,ok,reserve,64938,0,0,0,0
SP-10645,ok,debt,0,746,0,0,0
SP-10646,ok,debt,0,27240,0,0,0
SP-10647,deficit,none,0,0,0,0,0
SP-10648,ok,debt,0,11997,0,0,0
SP-10649,ok,reserve,43,0,0,0,0
SP-10650,ok,goals+,0,0,19666,0,21878
SP-10651,ok,reserve,3372,0,0,0,0
SP-10652,ok,reserve,24271,0,0,0,0
SP-10653,ok,reserve,2679,0,0,0,0
SP-10654,ok,goals+,0,0,15319,0,23233
SP-10655,ok,reserve,28906,0,0,0,0
SP-10656,ok,reserve,11974,0,0,0,0
SP-10657,ok,reserve,40302,0,0,0,0
SP-10658,ok,reserve,7102,0,0,0,0
SP-10659,ok,debt,0,12582,0,0,0
SP-10660,ok,reserve,14477,0,0,0,0
SP-10661,deficit,none,0,0,0,0,0
SP-10662,ok,reserve,19,0,0,0,0
SP-10663,ok,reserve,30025,0,0,0,0
SP-10664,ok,debt,0,2969,0,0,0
SP-10665,ok,debt,0,69176267,0,0,0
SP-10666,ok,debt,0,20966,0,0,0
SP-10667,ok,reserve,32612,0,0,0,0
SP-10668,deficit,none,0,0,0,0,0
SP-10669,ok,debt,0,12816,0,0,16420
SP-10670,ok,debt,0,37724,0,0,0
SP-10671,ok,goals+,11354,0,0,20588,0
SP-10672,deficit,none,0,0,0,0,0
SP-10673,ok,reserve,29139,0,0,0,0
SP-10674,deficit,none,0,0,0,0,0
SP-10675,ok,reserve,48310,0,0,0,0
SP-10676,ok,goals+,0,0,0,73798,230277
SP-10677,ok,reserve,2476,0,0,0,0
SP-10678,ok,debt,0,11072,0,0,0
SP-10679,ok,reserve,29343,0,0,0,0
SP-10680,ok,goals+,0,0,3508,0,487042
SP-10681,ok,reserve,10933,849,0,0,0
SP-10682,ok,goals+,13920,0,14683,0,0
SP-10683,deficit,none,0,0,0,0,0
SP-10684,ok,reserve,2061,0,0,0,0
SP-10685,ok,reserve,16410,0,0,0,0
SP-10686,ok,reserve,3441,0,0,1475,0
SP-10687,ok,reserve,797,0,0,0,0
SP-10688,ok,goals+,0,0,9539,0,2614
SP-10689,deficit,none,0,0,0,0,0
SP-10690,ok,debt,0,13933,0,0,0
SP-10691,ok,reserve,23328,0,0,0,0
SP-10692,deficit,none,0,0,0,0,0
SP-10693,ok,goals+,0,0,21662,0,36122
SP-10694,deficit,none,0,0,0,0,0
SP-10695,ok,debt,0,11549,0,0,0
SP-10696,deficit,none,0,0,0,0,0
SP-10697,ok,goals+,0,0,31239,0,234144
SP-10698,deficit,none,0,0,0,0,0
SP-10699,ok,reserve,14702,4918,0,0,0
SP-10700,ok,reserve,6612,0,0,0,0
SP-10701,ok,reserve,55185,1486,0,0,0
SP-10702,ok,reserve,55409,0,0,0,0
SP-10703,ok,reserve,28473,0,0,0,0
SP-10704,ok,reserve,88,0,0,0,0
SP-10705,deficit,none,0,0,0,0,0
SP-10706,ok,goals+,0,0,15483,13068,65748
SP-10707,ok,reserve,468208069,0,0,0,0
SP-10708,ok,goals+,0,0,0,30807,62352
SP-10709,ok,debt,0,13214,0,0,0
SP-10710,deficit,none,0,0,0,0,0
SP-10711,ok,reserve,8973,0,0,0,0
SP-10712,ok,debt,0,392,0,0,0
SP-10713,ok,debt,0,32973,0,0,0
SP-10714,ok,reserve,26036,0,0,0,0
SP-10715,ok,reserve,45529,0,0,0,0
SP-10716,deficit,none,0,0,0,0,0
SP-10717,ok,reserve,7557,0,0,0,0
SP-10718,ok,reserve,10024,0,0,0,0
SP-10719,deficit,none,0,0,0,0,0
SP-10720,ok,reserve,19741,0,0,0,0
SP-10721,deficit,none,0,0,0,0,0
SP-10722,ok,reserve,13200,0,0,0,0
SP-10723,ok,reserve,3662,0,0,0,0
SP-10724,ok,reserve,9650,0,0,0,0
SP-10725,ok,reserve,59127,0,0,0,0
SP-10726,ok,debt,0,4213,0,0,0
SP-10727,ok,reserve,9751,0,0,0,0
SP-10728,ok,reserve,8840,0,0,0,0
SP-10729,ok,debt,0,5447,0,0,0
SP-10730,ok,goals+,0,0,35275,6581,306084
SP-10731,ok,debt,0,33401,0,0,676108
SP-10732,ok,debt,0,16224,0,0,11308
SP-10733,ok,debt,0,15081,0,0,0
SP-10734,ok,reserve,550,0,0,0,0
SP-10735,ok,reserve,14118,0,0,0,0
SP-10736,ok,reserve,7110,0,0,0,0
SP-10737,ok,reserve,893,0,0,0,0
SP-10738,ok,goals+,0,0,14913,1461,57871
SP-10739,ok,goals+,0,0,16534,3890,79975
SP-10740,ok,reserve,26161,0,0,0,0
SP-10741,ok,reserve,18752,0,0,0,0
SP-10742,ok,debt,0,6733,0,0,0
SP-10743,ok,debt,0,55687,0,0,30057
SP-10744,ok,reserve,46150,0,0,0,0
SP-10745,ok,reserve,9662,0,0,0,0
SP-10746,ok,reserve,24,0,0,0,0
SP-10747,ok,reserve,31697,0,0,0,0
SP-10748,ok,goals+,0,0,0,15008,69449
SP-10749,deficit,none,0,0,0,0,0
SP-10750,ok,reserve,16036,0,0,0,0
SP-10751,ok,reserve,12931,0,0,0,0
SP-10752,deficit,none,0,0,0,0,0
SP-10753,ok,debt,0,14603,0,0,67185
SP-10754,ok,reserve,32932,0,0,0,0
SP-10755,ok,debt,0,53479,0,0,20739
SP-10756,ok,reserve,5412,0,0,0,0
SP-10757,ok,debt,0,14759,0,0,0
SP-10758,deficit,none,0,0,0,0,0
SP-10759,ok,reserve,26645,0,0,0,0
SP-10760,ok,debt,0,21897,0,0,0
SP-10761,deficit,none,0,0,0,0,0
SP-10762,ok,reserve,28727,0,0,0,0
SP-10763,ok,reserve,29610,0,0,0,0
SP-10764,deficit,none,0,0,0,0,0
SP-10765,ok,reserve,43586,0,0,0,0
SP-10766,ok,debt,0,33469,0,0,0
SP-10767,ok,reserve,16816,0,0,0,0
SP-10768,ok,reserve,35383,0,0,0,0
SP-10769,ok,reserve,50633,0,0,0,0
SP-10770,ok,reserve,11002,0,0,0,0
SP-10771,ok,reserve,84567,0,0,0,0
SP-10772,ok,reserve,18771,0,0,0,0
SP-10773,deficit,none,0,0,0,0,0
SP-10774,deficit,none,0,0,0,0,0
SP-10775,ok,reserve,10543,0,0,0,0
SP-10776,ok,reserve,15954,0,0,0,0
SP-10777,ok,reserve,16042,0,0,0,0
SP-10778,deficit,none,0,0,0,0,0
SP-10779,ok,reserve,1033,0,0,0,0
SP-10780,ok,debt,0,3447,0,0,0
SP-10781,ok,reserve,17606,0,0,0,0
SP-10782,deficit,none,0,0,0,0,0
SP-10783,ok,reserve,27060,0,0,0,0
SP-10784,ok,debt,0,1192,0,0,0
SP-10785,ok,reserve,39074,0,0,0,0
SP-10786,ok,debt,0,12639,0,0,69876
SP-10787,ok,reserve,7209,0,0,0,0
SP-10788,ok,reserve,25,0,0,0,0
SP-10789,ok,reserve,42551,0,0,0,0
SP-10790,ok,reserve,46962,0,0,0,0
SP-10791,ok,debt,0,272955396,0,0,0
SP-10792,ok,reserve,11192,0,0,0,0
SP-10793,ok,reserve,18792,0,0,0,0
SP-10794,deficit,none,0,0,0,0,0
SP-10795,ok,reserve,28958,2501,0,0,0
SP-10796,deficit,none,0,0,0,0,0
SP-10797,ok,goals+,0,0,0,92416,229644
SP-10798,ok,reserve,14404,0,0,0,0
SP-10799,ok,reserve,3288,0,0,0,0
SP-10800,deficit,none,0,0,0,0,0
SP-10801,ok,reserve,21323,0,0,0,0
SP-10802,ok,reserve,175,0,0,0,0
SP-10803,deficit,none,0,0,0,0,0
SP-10804,ok,debt,0,25295,0,0,0
SP-10805,ok,reserve,32550,0,0,0,0
SP-10806,ok,reserve,6055,0,0,0,0
SP-10807,ok,debt,0,611,0,0,0
SP-10808,ok,reserve,45340,0,0,0,0
SP-10809,ok,debt,0,2176,0,0,0
SP-10810,ok,reserve,58,0,0,0,0
SP-10811,ok,debt,0,36414,0,0,46550
SP-10812,deficit,none,0,0,0,0,0
SP-10813,ok,debt,0,35025,0,0,0
SP-10814,ok,reserve,14458,0,0,0,0
SP-10815,ok,goals+,0,0,22101,5920,1849019
SP-10816,ok,reserve,27378,0,0,0,0
SP-10817,ok,debt,0,3343,0,0,0
SP-10818,ok,reserve,22589,0,0,0,0
SP-10819,ok,reserve,2,0,0,0,0
SP-10820,ok,reserve,4896,0,0,0,0
SP-10821,ok,reserve,12148,0,0,0,0
SP-10822,ok,reserve,62440,0,0,0,0
SP-10823,ok,reserve,19886,0,0,0,0
SP-10824,ok,reserve,6121,0,0,0,0
SP-10825,ok,reserve,3405,0,0,0,0
SP-10826,ok,reserve,20994,0,0,0,0
SP-10827,ok,goals+,0,0,10570,0,385362
SP-10828,ok,debt,0,1432,0,0,0
SP-10829,ok,reserve,15181,0,0,0,0
SP-10830,ok,reserve,154,0,0,0,0
SP-10831,ok,reserve,16459,0,0,0,0
SP-10832,ok,goals+,0,0,24549,0,39120
SP-10833,ok,reserve,178910216,0,0,0,0
SP-10834,ok,debt,0,15718,0,0,0
SP-10835,deficit,none,0,0,0,0,0
SP-10836,deficit,none,0,0,0,0,0
SP-10837,ok,reserve,57504,0,0,0,0
SP-10838,ok,debt,0,6430,0,0,64573
SP-10839,ok,goals+,0,0,40819,0,2372
SP-10840,ok,reserve,815,0,0,0,0
SP-10841,ok,reserve,7384,0,0,0,0
SP-10842,deficit,none,0,0,0,0,0
SP-10843,ok,reserve,40578,0,0,0,0
SP-10844,ok,reserve,6516,0,0,0,0
SP-10845,deficit,none,0,0,0,0,0
SP-10846,ok,reserve,11418,0,0,0,0
SP-10847,ok,reserve,7665,0,0,0,0
SP-10848,deficit,none,0,0,0,0,0
SP-10849,ok,goals+,0,0,5473,3634,51082
SP-10850,ok,reserve,853,0,0,0,0
SP-10851,ok,debt,0,2968,0,0,0
SP-10852,ok,reserve,4999,0,0,0,0
SP-10853,ok,debt,0,30268,0,0,0
SP-10854,ok,reserve,30412,0,0,0,0
SP-10855,ok,reserve,17378,0,0,0,0
SP-10856,deficit,none,0,0,0,0,0
SP-10857,ok,goals+,0,0,3314,40680,3059776
SP-10858,ok,reserve,7413,0,0,0,0
SP-10859,ok,reserve,16359,3307,0,0,0
SP-10860,ok,reserve,27934,0,0,0,0
SP-10861,deficit,none,0,0,0,0,0
SP-10862,ok,reserve,15570,0,0,0,0
SP-10863,ok,reserve,1473,0,0,0,0
SP-10864,ok,reserve,38335,0,0,0,0
SP-10865,ok,reserve,20047,0,0,0,0
SP-10866,ok,reserve,18398,0,0,0,0
SP-10867,ok,debt,0,16136,0,0,0
SP-10868,ok,debt,0,14059,0,0,0
SP-10869,ok,reserve,17706,0,0,0,0
SP-10870,ok,reserve,25303,0,0,0,0
SP-10871,ok,reserve,22129,0,0,0,0
SP-10872,ok,reserve,141,0,0,0,0
SP-10873,ok,goals+,0,0,1789,20837,285757
SP-10874,ok,reserve,33362,0,0,0,0
SP-10875,ok,reserve,712853339,0,0,0,0
SP-10876,ok,goals+,0,0,0,16024,4618
SP-10877,ok,debt,0,12117,0,0,0
SP-10878,deficit,none,0,0,0,0,0
SP-10879,ok,reserve,23426,0,0,0,0
SP-10880,deficit,none,0,0,0,0,0
SP-10881,ok,reserve,22192,0,0,0,0
SP-10882,ok,debt,0,14894,0,0,0
SP-10883,ok,goals+,0,0,0,24303,21442
SP-10884,deficit,none,0,0,0,0,0
SP-10885,ok,reserve,14846,0,0,0,0
SP-10886,ok,reserve,1478,0,0,0,0
SP-10887,deficit,none,0,0,0,0,0
SP-10888,deficit,none,0,0,0,0,0
SP-10889,ok,reserve,32053,0,0,0,0
SP-10890,deficit,none,0,0,0,0,0
SP-10891,ok,reserve,16155,0,11573,0,0
SP-10892,ok,goals+,0,0,4376,47506,65814
SP-10893,ok,goals+,0,0,0,21397,85714
SP-10894,ok,reserve,38739,0,0,0,0
SP-10895,ok,reserve,24579,0,0,0,0
SP-10896,ok,debt,0,20839,0,0,99917
SP-10897,ok,reserve,4695,0,0,0,0
SP-10898,ok,reserve,28319,0,0,0,0
SP-10899,deficit,none,0,0,0,0,0
SP-10900,ok,goals+,0,0,10967,0,47820
SP-10901,deficit,none,0,0,0,0,0
SP-10902,ok,debt,0,4566,0,0,0
SP-10903,ok,debt,0,6581,0,0,0
SP-10904,ok,goals+,0,0,6256,0,9763
SP-10905,ok,reserve,14024,0,0,0,0
SP-10906,ok,debt,0,15626,0,0,0
SP-10907,ok,reserve,22063,0,0,0,0
SP-10908,ok,reserve,5841,0,0,0,0
SP-10909,ok,reserve,723,0,0,0,0
SP-10910,deficit,none,0,0,0,0,0
SP-10911,ok,debt,0,28326,0,0,0
SP-10912,ok,reserve,4309,1515,0,0,0
SP-10913,ok,debt,0,30869,0,0,0
SP-10914,deficit,none,0,0,0,0,0
SP-10915,ok,reserve,16222,0,0,0,0
SP-10916,ok,reserve,10761,0,0,0,0
SP-10917,ok,reserve,469633466,0,0,0,0
SP-10918,ok,reserve,29267,0,0,0,0
SP-10919,ok,reserve,21398,0,0,0,0
SP-10920,deficit,none,0,0,0,0,0
SP-10921,deficit,none,0,0,0,0,0
SP-10922,ok,reserve,33512,0,0,0,0
SP-10923,ok,goals+,0,0,32561,44061,57178
SP-10924,ok,reserve,41292,0,0,0,0
SP-10925,ok,reserve,19287,0,0,0,0
SP-10926,deficit,none,0,0,0,0,0
SP-10927,ok,goals+,0,0,28201,0,110327
SP-10928,ok,reserve,15412,0,0,0,0
SP-10929,ok,reserve,12408,0,0,0,0
SP-10930,ok,reserve,3437,0,0,0,0
SP-10931,ok,reserve,92946,0,0,0,0
SP-10932,deficit,none,0,0,0,0,0
SP-10933,ok,reserve,2421,0,0,0,0
SP-10934,ok,reserve,22144,0,0,0,0
SP-10935,ok,reserve,15594,0,0,0,0
SP-10936,ok,debt,0,7620,0,0,0
SP-10937,ok,reserve,28118,0,0,0,0
SP-10938,ok,reserve,37146,0,0,0,0
SP-10939,ok,reserve,148,0,0,0,0
SP-10940,ok,debt,0,2230,0,0,0
SP-10941,ok,debt,0,6011,0,0,245223
SP-10942,ok,reserve,27553,0,0,0,0
SP-10943,ok,reserve,64431,0,0,0,0
SP-10944,ok,reserve,6096,0,0,0,0
SP-10945,ok,reserve,26756,0,0,0,0
SP-10946,ok,debt,0,5053,0,0,0
SP-10947,ok,reserve,489,0,0,0,0
SP-10948,ok,reserve,21803,0,0,0,0
SP-10949,ok,reserve,5461,0,0,0,0
SP-10950,ok,reserve,16517,0,0,0,0
SP-10951,deficit,none,0,0,0,0,0
SP-10952,ok,reserve,5156,0,0,0,0
SP-10953,ok,reserve,10949,522,0,0,0
SP-10954,ok,debt,10579,32270,0,0,0
SP-10955,ok,reserve,11422,965,0,0,0
SP-10956,ok,reserve,157,0,0,0,0
SP-10957,ok,reserve,35324,0,0,0,0
SP-10958,ok,reserve,3907,0,0,0,0
SP-10959,ok,reserve,441530250,0,0,0,0
SP-10960,deficit,none,0,0,0,0,211710
SP-10961,ok,reserve,2380,0,0,0,0
SP-10962,deficit,none,0,0,0,0,0
SP-10963,ok,reserve,3554,0,0,0,0
SP-10964,ok,reserve,43951,0,0,0,0
SP-10965,ok,reserve,117381,0,0,0,0
SP-10966,ok,goals+,0,0,13831,0,120634
SP-10967,ok,reserve,15379,0,0,0,0
SP-10968,deficit,none,0,0,0,0,0
SP-10969,ok,debt,0,15278,0,0,0
SP-10970,ok,reserve,7942,0,0,0,0
SP-10971,deficit,none,0,0,0,0,0
SP-10972,ok,reserve,7862,0,0,0,0
SP-10973,ok,reserve,10349,0,0,0,0
SP-10974,deficit,none,0,0,0,0,0
SP-10975,ok,reserve,14952,0,0,0,0
SP-10976,ok,reserve,28580,0,0,0,0
SP-10977,ok,reserve,62554,0,0,0,0
SP-10978,ok,reserve,20449,0,0,0,0
SP-10979,ok,reserve,78871,0,0,0,0
SP-10980,ok,goals+,0,0,0,21704,209888
SP-10981,ok,reserve,23191,0,0,0,0
SP-10982,ok,goals+,0,0,33246,0,228932
SP-10983,ok,goals+,0,0,0,10266,2140440
SP-10984,ok,reserve,30871,0,0,0,0
SP-10985,ok,debt,0,24760,0,0,0
SP-10986,ok,reserve,12694,0,0,0,0
SP-10987,ok,debt,0,10493,0,0,0
SP-10988,ok,reserve,14319,0,0,0,0
SP-10989,ok,debt,0,18057,0,0,0
SP-10990,ok,reserve,5618,0,0,0,0
SP-10991,ok,debt,0,38689,0,0,0
SP-10992,ok,reserve,2718,0,0,0,0
SP-10993,ok,reserve,19182,0,0,0,0
SP-10994,ok,debt,0,13579,0,0,0
SP-10995,ok,debt,0,22335,0,0,0
SP-10996,ok,reserve,1829,0,0,0,0
SP-10997,ok,goals+,0,0,16815,0,268490
SP-10998,ok,goals+,0,0,18,0,282
SP-10999,ok,reserve,26808,0,0,0,0
SP-11000,ok,debt,0,4824,0,0,0
SP-11001,ok,debt,0,362428071,0,0,0
SP-11002,ok,reserve,6577,0,0,0,0
SP-11003,ok,reserve,17602,0,0,0,0
SP-11004,deficit,none,0,0,0,0,0
SP-11005,ok,debt,0,29009,0,0,0
SP-11006,ok,reserve,8181,0,0,0,0
SP-11007,ok,debt,5885,173435,0,0,0
SP-11008,ok,debt,0,1846,0,0,0
SP-11009,ok,reserve,13494,0,0,0,0
SP-11010,deficit,none,0,0,0,0,0
SP-11011,ok,reserve,421,0,0,0,0
SP-11012,ok,debt,0,1040,0,0,0
SP-11013,deficit,none,0,0,0,0,0
SP-11014,ok,reserve,11453,5552,0,0,0
SP-11015,ok,reserve,38595,0,0,0,0
SP-11016,ok,reserve,9759,0,0,0,0
SP-11017,ok,reserve,12789,0,0,0,0
SP-11018,ok,reserve,8794,0,0,0,0
SP-11019,ok,reserve,12457,0,0,0,0
SP-11020,ok,reserve,10151,0,0,0,0
SP-11021,ok,debt,0,16334,0,0,0
SP-11022,ok,reserve,3586,0,0,2334,0
SP-11023,ok,reserve,12160,0,0,0,0
SP-11024,deficit,none,0,0,0,0,0
SP-11025,ok,goals+,0,0,5913,0,3128806
SP-11026,deficit,none,0,0,0,0,0
SP-11027,ok,reserve,7575,2392,0,0,0
SP-11028,ok,reserve,7493,0,0,0,0
SP-11029,ok,goals+,0,0,36611,0,148345
SP-11030,ok,debt,0,12796,0,0,0
SP-11031,ok,reserve,2241,0,0,0,0
SP-11032,ok,debt,0,5979,0,0,0
SP-11033,ok,reserve,14678,0,0,0,0
SP-11034,deficit,none,0,0,0,0,0
SP-11035,ok,goals+,0,0,39302,89819,532585
SP-11036,ok,reserve,206,0,0,0,0
SP-11037,ok,debt,0,2041,0,0,0
SP-11038,ok,reserve,9521,0,0,0,0
SP-11039,ok,debt,0,42075,0,0,0
SP-11040,ok,reserve,85,0,41,0,0
SP-11041,ok,reserve,54262,0,0,0,0
SP-11042,deficit,none,0,0,0,0,0
SP-11043,ok,reserve,902223083,407646938,0,0,0
SP-11044,ok,reserve,4065,0,0,0,0
SP-11045,ok,reserve,39681,0,0,0,0
SP-11046,deficit,none,0,0,0,0,0
SP-11047,ok,reserve,40359,0,0,0,0
SP-11048,deficit,none,0,0,0,0,0
SP-11049,ok,debt,12028,21682,0,0,0
SP-11050,ok,reserve,36235,0,0,0,0
SP-11051,ok,reserve,33536,0,0,0,0
SP-11052,deficit,none,0,0,0,0,0
SP-11053,ok,reserve,16250,0,0,0,0
SP-11054,ok,goals+,0,0,86757,0,113558
SP-11055,deficit,none,0,0,0,0,0
SP-11056,ok,reserve,21858,0,0,0,0
SP-11057,ok,goals+,0,0,15883,0,7643
SP-11058,ok,reserve,15780,0,0,0,0
SP-11059,ok,goals+,0,0,0,1306,609614
SP-11060,ok,goals+,4026,0,25681,0,0
SP-11061,ok,reserve,3983,0,0,0,0
SP-11062,ok,reserve,17109,0,0,0,0
SP-11063,deficit,none,0,0,0,0,0
SP-11064,ok,goals+,0,0,0,19095,13817
SP-11065,ok,reserve,22604,0,7251,0,0
SP-11066,ok,debt,2369,9090,0,0,0
SP-11067,ok,goals+,0,0,20257,0,1413166
SP-11068,ok,reserve,32381,0,11421,0,0
SP-11069,deficit,none,0,0,0,0,108816
SP-11070,ok,reserve,27550,3001,0,0,0
SP-11071,ok,debt,0,12518,0,0,0
SP-11072,ok,debt,1303,21350,0,0,0
SP-11073,ok,debt,0,7031,0,0,0
SP-11074,deficit,none,0,0,0,0,0
SP-11075,ok,reserve,11445,0,0,0,0
SP-11076,ok,reserve,36729,0,0,0,0
SP-11077,ok,reserve,8088,0,0,0,0
SP-11078,ok,reserve,35274,0,0,0,0
SP-11079,ok,reserve,5451,0,0,0,0
SP-11080,ok,debt,0,4551,0,0,0
SP-11081,deficit,none,0,0,0,0,0
SP-11082,ok,goals+,0,0,32,0,628
SP-11083,ok,reserve,26131,25026,0,0,0
SP-11084,ok,reserve,24383,0,0,0,0
SP-11085,ok,reserve,234549265,0,0,0,0
SP-11086,ok,debt,0,35099,0,0,0
SP-11087,deficit,none,0,0,0,0,0
SP-11088,deficit,none,0,0,0,0,0
SP-11089,deficit,none,0,0,0,0,0
SP-11090,ok,reserve,17136,0,0,0,0
SP-11091,ok,debt,8166,32772,0,0,0
SP-11092,ok,reserve,42659,0,0,0,0
SP-11093,deficit,none,0,0,0,0,0
SP-11094,deficit,none,0,0,0,0,0
SP-11095,ok,reserve,16374,0,0,0,0
SP-11096,ok,reserve,19533,0,0,0,0
SP-11097,deficit,none,0,0,0,0,0
SP-11098,ok,debt,5718,23982,0,0,0
SP-11099,ok,goals+,0,0,13587,0,73106
SP-11100,deficit,none,0,0,0,0,0
SP-11101,ok,reserve,23839,0,0,0,0
SP-11102,ok,reserve,25783,0,0,0,0
SP-11103,ok,reserve,36975,0,0,0,0
SP-11104,ok,reserve,2653,0,0,0,0
SP-11105,ok,reserve,18054,0,0,0,0
SP-11106,ok,debt,0,12511,0,0,0
SP-11107,deficit,none,0,0,0,0,0
SP-11108,ok,reserve,38074,0,0,0,0
SP-11109,ok,goals+,0,0,18964,9167,1597343
SP-11110,ok,reserve,20868,0,0,0,0
SP-11111,ok,reserve,7482,0,0,0,0
SP-11112,ok,debt,0,12524,0,0,0
SP-11113,deficit,none,0,0,0,0,0
SP-11114,ok,reserve,4385,0,0,0,0
SP-11115,ok,debt,0,5381,0,0,0
SP-11116,deficit,none,0,0,0,0,0
SP-11117,ok,reserve,13300,0,0,0,0
SP-11118,ok,reserve,26761,0,0,0,0
SP-11119,ok,reserve,24935,0,0,0,0
SP-11120,ok,reserve,78191,0,0,0,0
SP-11121,ok,goals+,0,0,2471,0,80178
SP-11122,ok,reserve,11358,0,0,0,0
SP-11123,ok,reserve,23726,0,0,0,0
SP-11124,ok,reserve,48,0,0,0,0
SP-11125,ok,reserve,12127,0,0,0,0
SP-11126,ok,reserve,501,0,0,0,0
SP-11127,ok,reserve,615911997,0,0,0,0
SP-11128,ok,reserve,39305,0,0,6372,0
SP-11129,ok,reserve,3882,1889,0,0,0
SP-11130,deficit,none,0,0,0,0,0
SP-11131,ok,reserve,20696,0,0,0,0
SP-11132,ok,reserve,18413,0,0,0,0
SP-11133,ok,goals+,0,0,0,57492,57041
SP-11134,ok,reserve,312,0,0,0,0
SP-11135,ok,debt,0,39949,0,0,141814
SP-11136,deficit,none,0,0,0,0,0
SP-11137,ok,reserve,11076,0,0,0,0
SP-11138,ok,reserve,665,0,0,0,0
SP-11139,deficit,none,0,0,0,0,0
SP-11140,ok,reserve,2294,0,0,0,0
SP-11141,ok,reserve,13935,0,0,0,0
SP-11142,ok,reserve,52643,0,0,0,0
SP-11143,ok,reserve,13995,9733,0,0,0
SP-11144,ok,reserve,29585,0,0,0,0
SP-11145,ok,debt,0,4507,0,0,0
SP-11146,ok,reserve,20796,0,0,0,0
SP-11147,ok,reserve,23504,0,0,0,0
SP-11148,ok,reserve,10743,0,0,0,0
SP-11149,deficit,none,0,0,0,0,31206
SP-11150,ok,reserve,1414,0,0,0,0
SP-11151,ok,debt,0,17900,0,0,659751
SP-11152,ok,goals+,0,0,14369,0,43009
SP-11153,ok,reserve,59186,0,0,0,0
SP-11154,ok,reserve,13063,0,0,0,0
SP-11155,ok,reserve,2877,2419,0,0,0
SP-11156,ok,reserve,94056,0,0,0,0
SP-11157,ok,debt,0,1662,0,0,0
SP-11158,deficit,none,0,0,0,0,0
SP-11159,ok,reserve,43028,0,0,0,0
SP-11160,ok,reserve,22800,0,0,0,0
SP-11161,deficit,none,0,0,0,0,0
SP-11162,ok,reserve,17213,0,0,0,0
SP-11163,ok,reserve,19641,0,0,0,0
SP-11164,ok,reserve,33639,0,0,0,0
SP-11165,ok,reserve,37303,0,0,10649,0
SP-11166,ok,goals+,0,0,28,0,116
SP-11167,ok,debt,0,13285,0,0,0
SP-11168,ok,reserve,6720,0,0,0,0
SP-11169,ok,goals+,0,0,106643393,966098531,1087428864
SP-11170,deficit,none,0,0,0,0,0
SP-11171,ok,reserve,5637,0,0,0,0
SP-11172,deficit,none,0,0,0,0,0
SP-11173,ok,reserve,30536,0,0,0,0
SP-11174,ok,goals+,0,0,6887,0,43456
SP-11175,ok,goals+,0,0,0,79450,97861
SP-11176,ok,reserve,165476,0,0,0,0
SP-11177,ok,reserve,76427,0,0,0,0
SP-11178,deficit,none,0,0,0,0,0
SP-11179,deficit,none,0,0,0,0,0
SP-11180,ok,reserve,22148,0,0,0,0
SP-11181,deficit,none,0,0,0,0,20517
SP-11182,ok,debt,0,43433,0,0,0
SP-11183,ok,debt,0,6292,0,0,0
SP-11184,deficit,none,0,0,0,0,0
SP-11185,ok,reserve,30437,0,0,0,0
SP-11186,ok,debt,0,894,0,0,0
SP-11187,ok,reserve,18465,0,0,0,0
SP-11188,ok,debt,4159,16294,0,0,0
SP-11189,ok,debt,2494,11399,0,0,0
SP-11190,ok,reserve,3085,0,0,0,0
SP-11191,ok,reserve,2863,0,0,0,0
SP-11192,ok,debt,0,15641,0,0,0
SP-11193,ok,goals+,0,0,11491,29107,1445447
SP-11194,ok,reserve,43312,0,0,0,0
SP-11195,ok,reserve,17586,0,0,0,0
SP-11196,ok,goals+,0,0,13956,0,9756
SP-11197,ok,reserve,16582,0,0,0,0
SP-11198,ok,reserve,11044,0,0,0,0
SP-11199,ok,reserve,7144,0,0,0,0
SP-11200,ok,reserve,58047,9298,0,0,0
SP-11201,ok,goals+,0,0,0,9155,61629
SP-11202,ok,reserve,57039,0,0,0,0
SP-11203,ok,reserve,13249,0,0,0,0
SP-11204,deficit,none,0,0,0,0,0
SP-11205,ok,reserve,55368,0,0,0,0
SP-11206,ok,debt,0,16203,0,0,0
SP-11207,ok,reserve,22562,0,0,0,0
SP-11208,ok,reserve,21,0,0,0,0
SP-11209,ok,reserve,39647,0,0,0,0
SP-11210,ok,reserve,40345,0,0,0,0
SP-11211,ok,reserve,53792987,0,0,0,0
SP-11212,ok,reserve,23899,0,0,0,0
SP-11213,ok,reserve,26831,0,0,0,0
SP-11214,deficit,none,0,0,0,0,0
SP-11215,ok,reserve,48889,0,0,0,0
SP-11216,ok,debt,0,2692,0,0,0
SP-11217,ok,debt,0,38788,0,0,0
SP-11218,ok,reserve,57102,0,0,0,0
SP-11219,ok,reserve,3003,0,0,0,0
SP-11220,deficit,none,0,0,0,0,0
SP-11221,ok,debt,0,18912,0,0,0
SP-11222,ok,goals+,0,0,13885,0,52632
SP-11223,deficit,none,0,0,0,0,0
SP-11224,ok,reserve,16926,4010,0,0,0
SP-11225,ok,reserve,28914,0,0,0,0
SP-11226,ok,reserve,43075,0,0,0,0
SP-11227,ok,debt,0,29974,0,0,0
SP-11228,ok,debt,0,53514,0,0,0
SP-11229,deficit,none,0,0,0,0,0
SP-11230,ok,reserve,23457,0,0,0,0
SP-11231,ok,reserve,13531,0,0,0,0
SP-11232,ok,debt,2111,19779,0,0,0
SP-11233,ok,debt,0,34164,0,0,0
SP-11234,ok,reserve,1109,0,0,0,0
SP-11235,deficit,none,0,0,0,0,335135
SP-11236,ok,reserve,11546,0,0,0,0
SP-11237,ok,reserve,37809,0,0,0,0
SP-11238,ok,debt,0,1841,0,0,0
SP-11239,ok,reserve,10681,0,0,0,0
SP-11240,ok,reserve,59964,0,0,0,0
SP-11241,ok,debt,0,17792,0,0,0
SP-11242,ok,reserve,29896,0,0,0,0
SP-11243,ok,reserve,11376,0,0,0,0
SP-11244,ok,reserve,37837,0,0,0,0
SP-11245,ok,reserve,28733,0,0,0,0
SP-11246,ok,reserve,7673,0,0,0,0
SP-11247,ok,reserve,61947,0,0,0,0
SP-11248,ok,reserve,21595,3454,0,0,0
SP-11249,ok,reserve,1674,0,0,0,0
SP-11250,deficit,none,0,0,0,0,0
SP-11251,ok,debt,0,9121,0,0,0
SP-11252,ok,reserve,2907,0,0,0,0
SP-11253,ok,reserve,49043796,0,0,0,0
SP-11254,deficit,none,0,0,0,0,0
SP-11255,ok,reserve,14080,0,0,0,0
SP-11256,deficit,none,0,0,0,0,0
SP-11257,ok,reserve,34732,0,0,0,0
SP-11258,ok,reserve,12242,0,0,0,0
SP-11259,ok,reserve,21882,0,0,0,0
SP-11260,ok,debt,0,12517,0,0,0
SP-11261,ok,reserve,10148,0,0,0,0
SP-11262,deficit,none,0,0,0,0,0
SP-11263,deficit,none,0,0,0,0,0
SP-11264,ok,goals+,0,0,0,9402,139687
SP-11265,deficit,none,0,0,0,0,0
SP-11266,ok,debt,0,8649,0,0,0
SP-11267,ok,reserve,23423,0,0,0,0
SP-11268,ok,reserve,22320,0,0,0,0
SP-11269,ok,reserve,25962,0,0,0,0
SP-11270,ok,debt,0,19711,0,0,0
SP-11271,ok,reserve,4402,0,0,0,0
SP-11272,deficit,none,0,0,0,0,0
SP-11273,ok,goals+,0,0,53088,1025,16441
SP-11274,ok,reserve,50763,0,0,0,0
SP-11275,deficit,none,0,0,0,0,0
SP-11276,ok,reserve,9321,0,0,0,0
SP-11277,ok,goals+,0,0,17959,0,683861
SP-11278,deficit,none,0,0,0,0,0
SP-11279,ok,reserve,36972,0,0,0,0
SP-11280,ok,reserve,4328,0,0,0,0
SP-11281,ok,debt,7799,15464,0,0,0
SP-11282,ok,reserve,5651,0,0,0,0
SP-11283,ok,debt,0,1568,0,0,0
SP-11284,ok,debt,0,31605,0,0,0
SP-11285,ok,reserve,23797,0,0,0,0
SP-11286,ok,reserve,18291,0,0,0,0
SP-11287,ok,debt,0,13676,0,0,0
SP-11288,ok,reserve,29569,0,0,0,0
SP-11289,ok,reserve,7020,0,0,0,0
SP-11290,ok,reserve,1798,0,0,0,0
SP-11291,ok,reserve,2975,0,0,0,0
SP-11292,ok,reserve,128,0,0,0,0
SP-11293,ok,reserve,15166,0,0,0,0
SP-11294,ok,reserve,26988,0,0,0,0
SP-11295,ok,debt,0,371325132,0,0,0
SP-11296,ok,debt,0,16064,0,0,0
SP-11297,ok,debt,0,12985,0,0,0
SP-11298,deficit,none,0,0,0,0,0
SP-11299,deficit,none,0,0,0,0,0
SP-11300,ok,debt,0,28821,0,0,39144
SP-11301,ok,goals+,0,0,0,54131,340351
SP-11302,ok,reserve,722,0,0,0,0
SP-11303,ok,debt,0,13323,0,0,0
SP-11304,deficit,none,0,0,0,0,0
SP-11305,ok,debt,0,13277,0,0,0
SP-11306,ok,reserve,15071,0,0,0,0
SP-11307,deficit,none,0,0,0,0,0
SP-11308,ok,reserve,8585,0,0,0,0
SP-11309,ok,reserve,120140,0,0,0,0
SP-11310,deficit,none,0,0,0,0,0
SP-11311,ok,reserve,4937,0,0,0,0
SP-11312,ok,reserve,17336,0,0,0,0
SP-11313,ok,debt,0,1705,0,0,0
SP-11314,ok,reserve,579,0,0,0,0
SP-11315,ok,reserve,3424,0,0,0,0
SP-11316,ok,reserve,45889,0,0,0,0
SP-11317,ok,reserve,59396,0,0,0,0
SP-11318,ok,debt,0,26665,0,0,0
SP-11319,ok,debt,0,39791,0,0,936721
SP-11320,ok,reserve,8896,0,0,0,0
SP-11321,ok,debt,0,33440,0,0,85440
SP-11322,ok,debt,0,1803,0,0,0
SP-11323,deficit,none,0,0,0,0,0
SP-11324,ok,reserve,17236,7135,0,0,0
SP-11325,ok,reserve,5152,0,0,0,0
SP-11326,ok,debt,0,27963,0,0,0
SP-11327,ok,debt,0,10138,0,0,0
SP-11328,ok,reserve,26305,0,0,0,0
SP-11329,ok,reserve,15031,0,0,0,0
SP-11330,ok,reserve,45190,0,0,0,0
SP-11331,deficit,none,0,0,0,0,0
SP-11332,ok,reserve,21576,0,0,0,0
SP-11333,ok,debt,0,4007,0,0,0
SP-11334,ok,reserve,108,0,0,0,0
SP-11335,deficit,none,0,0,0,0,75521
SP-11336,ok,reserve,42606,0,0,0,0
SP-11337,ok,reserve,14509304,0,0,0,0
SP-11338,ok,reserve,18581,0,0,0,0
SP-11339,ok,goals+,0,0,27859,0,55377
SP-11340,deficit,none,0,0,0,0,0
SP-11341,ok,reserve,18082,0,0,0,0
SP-11342,ok,reserve,18214,0,0,0,0
SP-11343,ok,goals+,0,0,0,101456,320583
SP-11344,ok,reserve,20354,0,0,0,0
SP-11345,ok,reserve,10133,0,0,0,0
SP-11346,deficit,none,0,0,0,0,0
SP-11347,ok,debt,0,7407,0,0,0
SP-11348,deficit,none,0,0,0,0,0
SP-11349,deficit,none,0,0,0,0,0
SP-11350,ok,reserve,3059,0,0,0,0
SP-11351,ok,debt,0,10629,0,0,0
SP-11352,deficit,none,0,0,0,0,0
SP-11353,ok,reserve,10882,0,0,0,0
SP-11354,deficit,none,0,0,0,0,0
SP-11355,deficit,none,0,0,0,0,0
SP-11356,ok,reserve,25564,0,0,0,0
SP-11357,ok,reserve,86379,0,0,0,0
SP-11358,deficit,none,0,0,0,0,0
SP-11359,ok,debt,0,7567,0,0,368
SP-11360,ok,reserve,13452,0,0,0,0
SP-11361,ok,goals+,0,0,0,27343,2133925
SP-11362,ok,debt,0,33756,0,0,0
SP-11363,ok,reserve,3461,0,0,0,0
SP-11364,ok,reserve,14838,0,0,0,0
SP-11365,ok,debt,0,41597,0,0,0
SP-11366,ok,reserve,22982,0,0,0,0
SP-11367,ok,debt,0,20499,0,0,0
SP-11368,ok,debt,0,104131,0,0,0
SP-11369,ok,debt,0,6346,0,0,0
SP-11370,ok,reserve,5263,0,0,0,0
SP-11371,ok,debt,0,6420,0,0,0
SP-11372,ok,reserve,27966,0,0,0,0
SP-11373,deficit,none,0,0,0,0,0
SP-11374,ok,goals+,0,0,0,31011,42010
SP-11375,deficit,none,0,0,0,0,0
SP-11376,ok,reserve,40,0,0,0,0
SP-11377,ok,reserve,19009,0,0,0,0
SP-11378,ok,reserve,16633,4498,0,0,0
SP-11379,ok,reserve,439721700,0,0,0,0
SP-11380,ok,reserve,7994,0,0,0,0
SP-11381,ok,reserve,57645,0,2981,0,0
SP-11382,deficit,none,0,0,0,0,0
SP-11383,ok,reserve,39306,0,0,0,0
SP-11384,ok,reserve,10006,0,0,0,0
SP-11385,ok,reserve,24189,0,0,0,0
SP-11386,ok,debt,0,3984,0,0,0
SP-11387,ok,reserve,16088,0,0,0,0
SP-11388,deficit,none,0,0,0,0,0
SP-11389,ok,debt,16249,17600,0,0,0
SP-11390,ok,reserve,11434,0,0,0,0
SP-11391,deficit,none,0,0,0,0,0
SP-11392,ok,reserve,24690,0,0,0,0
SP-11393,ok,reserve,5658,0,0,0,0
SP-11394,ok,reserve,1264,0,0,0,0
SP-11395,ok,reserve,32153,0,0,0,0
SP-11396,ok,debt,0,7139,0,0,0
SP-11397,ok,reserve,12758,0,0,0,0
SP-11398,ok,reserve,4938,0,0,0,0
SP-11399,ok,reserve,6495,0,0,0,0
SP-11400,deficit,none,0,0,0,0,0
SP-11401,ok,reserve,1958,0,0,0,0
SP-11402,ok,debt,0,10420,0,0,0
SP-11403,ok,goals+,0,0,23872,0,704673
SP-11404,deficit,none,0,0,0,0,0
SP-11405,ok,reserve,25142,0,0,0,0
SP-11406,ok,reserve,17043,0,0,0,0
SP-11407,deficit,none,0,0,0,0,0
SP-11408,deficit,none,0,0,0,0,0
SP-11409,ok,debt,0,32097,0,0,0
SP-11410,ok,reserve,34169,0,0,0,0
SP-11411,ok,debt,0,15665,0,0,0
SP-11412,ok,reserve,17966,0,0,0,0
SP-11413,ok,reserve,2524,0,0,0,0
SP-11414,ok,reserve,22475,0,0,0,0
SP-11415,ok,reserve,19338,0,0,0,0
SP-11416,ok,reserve,10296,0,0,0,0
SP-11417,ok,reserve,34530,0,0,0,0
SP-11418,ok,reserve,91,0,0,0,0
SP-11419,ok,reserve,28762,0,0,0,0
SP-11420,ok,debt,0,50,0,0,0
SP-11421,ok,reserve,310740471,0,0,0,0
SP-11422,ok,reserve,23796,0,0,0,0
SP-11423,ok,reserve,29385,0,0,0,0
SP-11424,deficit,none,0,0,0,0,0
SP-11425,ok,reserve,7401,0,0,0,0
SP-11426,ok,reserve,783,0,0,0,0
SP-11427,ok,debt,0,55248,0,0,0
SP-11428,ok,reserve,4963,0,0,0,0
SP-11429,ok,reserve,2782,0,0,0,0
SP-11430,deficit,none,0,0,0,0,0
SP-11431,ok,debt,0,7773,0,0,0
SP-11432,ok,debt,11687,21435,0,0,0
SP-11433,deficit,none,0,0,0,0,0
SP-11434,ok,reserve,5237,0,0,0,0
SP-11435,ok,reserve,10649,6238,0,0,0
SP-11436,deficit,none,0,0,0,0,0
SP-11437,ok,goals+,0,0,2758,0,48634
SP-11438,ok,reserve,4747,0,0,0,0
SP-11439,ok,reserve,4721,0,0,0,0
SP-11440,ok,reserve,3760,0,0,0,0
SP-11441,ok,reserve,8984,0,0,0,0
SP-11442,deficit,none,0,0,0,0,0
SP-11443,ok,debt,4787,24404,0,0,0
SP-11444,ok,debt,0,24978,0,0,0
SP-11445,ok,goals+,0,0,19311,10125,2147936
SP-11446,ok,reserve,19716,0,0,0,0
SP-11447,ok,reserve,1620,0,0,0,0
SP-11448,ok,reserve,45994,0,0,0,0
SP-11449,ok,reserve,5695,0,0,0,0
SP-11450,ok,goals+,0,0,0,28230,716076
SP-11451,ok,debt,0,795,0,0,0
SP-11452,ok,reserve,23688,0,0,0,0
SP-11453,ok,debt,0,3131,0,0,0
SP-11454,ok,reserve,42273,0,0,0,0
SP-11455,ok,reserve,32846,0,0,0,0
SP-11456,ok,reserve,26218,0,0,0,0
SP-11457,ok,reserve,32705,0,0,0,0
SP-11458,ok,goals+,0,0,0,8725,101892
SP-11459,ok,reserve,37222,0,0,0,0
SP-11460,ok,goals+,0,0,1,0,60
SP-11461,ok,reserve,8638,0,0,0,0
SP-11462,ok,goals+,0,0,0,2207,109602
SP-11463,ok,reserve,366960365,0,0,0,0
SP-11464,ok,reserve,5055,0,0,0,0
SP-11465,deficit,none,0,0,0,0,0
SP-11466,deficit,none,0,0,0,0,0
SP-11467,ok,reserve,3284,0,0,0,0
SP-11468,ok,reserve,1579,0,0,0,0
SP-11469,ok,debt,0,36708,0,0,0
SP-11470,deficit,none,0,0,0,0,0
SP-11471,ok,reserve,2009,0,0,0,0
SP-11472,deficit,none,0,0,0,0,0
SP-11473,ok,reserve,18964,6737,0,0,0
SP-11474,ok,debt,0,16279,0,0,0
SP-11475,deficit,none,0,0,0,0,0
SP-11476,ok,reserve,4692,0,0,0,0
SP-11477,ok,reserve,6960,0,0,0,0
SP-11478,ok,reserve,25535,0,0,0,0
SP-11479,ok,reserve,14035,0,0,0,0
SP-11480,deficit,none,0,0,0,0,0
SP-11481,ok,reserve,9817,0,0,0,0
SP-11482,ok,reserve,2144,0,0,0,0
SP-11483,ok,reserve,17060,0,0,0,0
SP-11484,ok,reserve,72784,0,0,0,0
SP-11485,ok,debt,0,24496,0,0,0
SP-11486,ok,debt,0,3672,0,0,0
SP-11487,ok,goals+,0,0,10294,0,3561667
SP-11488,ok,reserve,8150,0,0,0,0
SP-11489,ok,reserve,24419,0,0,0,0
SP-11490,ok,debt,0,3730,0,0,0
SP-11491,ok,debt,0,2702,0,0,0
SP-11492,ok,debt,0,17713,0,0,18021
SP-11493,ok,reserve,5726,0,0,0,0
SP-11494,ok,goals+,0,0,16776,0,83322
SP-11495,ok,reserve,33745,0,0,0,0
SP-11496,deficit,none,0,0,0,0,0
SP-11497,ok,debt,0,7834,0,0,0
SP-11498,ok,debt,22281,29521,0,0,0
SP-11499,deficit,none,0,0,0,0,0
SP-11500,ok,reserve,41864,0,0,0,0
SP-11501,ok,reserve,9597,0,0,0,0
SP-11502,ok,reserve,89,0,0,0,0
SP-11503,ok,reserve,44751,0,0,0,0
SP-11504,deficit,none,0,0,0,0,0
SP-11505,ok,reserve,928233806,0,0,0,0
SP-11506,ok,reserve,54234,0,10579,0,0
SP-11507,ok,debt,0,19556,0,0,0
SP-11508,deficit,none,0,0,0,0,0
SP-11509,ok,debt,0,33716,0,0,0
SP-11510,ok,reserve,15847,0,0,0,0
SP-11511,ok,reserve,29905,13028,0,0,0
SP-11512,ok,debt,0,13359,0,0,0
SP-11513,ok,reserve,40466,0,0,0,0
SP-11514,deficit,none,0,0,0,0,0
SP-11515,ok,reserve,5089,0,0,0,0
SP-11516,ok,reserve,4450,0,0,0,0
SP-11517,ok,reserve,4677,0,0,0,0
SP-11518,ok,reserve,31751,0,0,0,0
SP-11519,ok,reserve,2965,0,0,0,0
SP-11520,ok,reserve,15320,0,0,0,0
SP-11521,ok,reserve,13517,6825,0,0,0
SP-11522,ok,goals+,0,0,0,57102,22508
SP-11523,ok,reserve,14896,0,0,0,0
SP-11524,deficit,none,0,0,0,0,0
SP-11525,ok,reserve,6030,305,0,0,0
SP-11526,ok,reserve,22895,0,0,0,0
SP-11527,ok,reserve,8757,0,0,0,0
SP-11528,ok,reserve,58166,0,0,0,0
SP-11529,ok,debt,0,52986,0,0,1172510
SP-11530,ok,reserve,18563,0,0,0,0
SP-11531,ok,reserve,6357,0,0,0,0
SP-11532,ok,reserve,57335,0,0,0,0
SP-11533,ok,reserve,6157,0,0,0,0
SP-11534,ok,debt,0,17371,0,0,0
SP-11535,ok,debt,0,3542,0,0,0
SP-11536,ok,reserve,116493,0,0,0,0
SP-11537,ok,reserve,29804,0,0,0,0
SP-11538,ok,goals+,0,0,26238,0,195050
SP-11539,ok,reserve,1734,0,0,0,0
SP-11540,ok,reserve,6577,0,0,0,0
SP-11541,deficit,none,0,0,0,0,0
SP-11542,deficit,none,0,0,0,0,0
SP-11543,ok,reserve,21529,0,0,0,0
SP-11544,ok,reserve,10,0,10,0,0
SP-11545,ok,debt,0,21058,0,0,0
SP-11546,ok,reserve,2682,0,0,0,0
SP-11547,ok,reserve,272714587,0,0,0,0
SP-11548,ok,debt,0,27958,0,0,0
SP-11549,ok,reserve,3321,0,0,0,0
SP-11550,deficit,none,0,0,0,0,0
SP-11551,ok,debt,0,25820,0,0,0
SP-11552,ok,reserve,15259,5181,0,0,0
SP-11553,ok,debt,0,40010,0,0,29596
SP-11554,ok,reserve,73200,0,13825,22948,0
SP-11555,ok,reserve,4155,0,0,0,0
SP-11556,deficit,none,0,0,0,0,0
SP-11557,ok,reserve,25879,0,0,0,0
SP-11558,deficit,none,0,0,0,0,0
SP-11559,ok,reserve,3308,0,0,0,0
SP-11560,deficit,none,0,0,0,0,0
SP-11561,ok,reserve,31711,0,0,0,0
SP-11562,ok,reserve,5953,0,0,0,0
SP-11563,ok,reserve,54014,0,0,0,0
SP-11564,deficit,none,0,0,0,0,0
SP-11565,ok,reserve,13210,0,0,0,0
SP-11566,ok,reserve,11735,0,0,0,0
SP-11567,ok,debt,6719,22008,0,0,0
SP-11568,ok,reserve,3944,0,0,0,0
SP-11569,ok,reserve,9169,0,0,0,0
SP-11570,ok,reserve,39404,0,0,0,0
SP-11571,ok,goals+,0,0,16548,0,4131311
SP-11572,ok,debt,0,35818,0,0,159194
SP-11573,ok,reserve,10242,0,0,0,0
SP-11574,ok,debt,0,12057,0,0,0
SP-11575,ok,reserve,31921,0,0,0,0
SP-11576,ok,reserve,32620,0,0,0,0
SP-11577,ok,reserve,445,0,0,0,0
SP-11578,ok,reserve,49187,0,0,0,0
SP-11579,ok,reserve,24626,0,0,0,0
SP-11580,deficit,none,0,0,0,0,0
SP-11581,ok,reserve,2533,0,0,0,0
SP-11582,ok,reserve,51305,0,0,0,0
SP-11583,ok,debt,0,23458,0,0,0
SP-11584,ok,reserve,26227,0,0,0,0
SP-11585,ok,reserve,16000,0,0,0,0
SP-11586,ok,reserve,102,0,0,0,0
SP-11587,deficit,none,0,0,0,0,0
SP-11588,ok,debt,0,11161,0,0,0
SP-11589,ok,reserve,156872241,0,0,0,0
SP-11590,ok,reserve,119705,0,0,0,0
SP-11591,ok,reserve,63534,0,0,0,0
SP-11592,deficit,none,0,0,0,0,0
SP-11593,ok,reserve,32708,0,0,0,0
SP-11594,ok,reserve,30537,0,0,0,0
SP-11595,ok,reserve,44331,0,0,0,0
SP-11596,ok,reserve,22836,0,0,0,0
SP-11597,ok,reserve,11604,0,0,0,0
SP-11598,deficit,none,0,0,0,0,0
SP-11599,ok,reserve,9994,0,0,0,0
SP-11600,ok,debt,1900,9521,0,0,0
SP-11601,ok,goals+,0,0,1453,0,52094
SP-11602,ok,reserve,23476,0,0,0,0
SP-11603,ok,reserve,22328,0,0,0,0
SP-11604,deficit,none,0,0,0,0,0
SP-11605,ok,reserve,15943,0,0,0,0
SP-11606,ok,reserve,13489,0,0,0,0
SP-11607,ok,reserve,10347,0,0,0,0
SP-11608,ok,debt,0,22962,0,0,0
SP-11609,ok,debt,0,241,0,0,0
SP-11610,ok,reserve,2785,0,0,0,0
SP-11611,ok,reserve,17067,11075,0,0,0
SP-11612,ok,reserve,39206,0,0,0,0
SP-11613,ok,goals+,0,0,0,9402,796902
SP-11614,ok,reserve,34944,0,0,0,0
SP-11615,deficit,none,0,0,0,0,0
SP-11616,ok,reserve,9830,0,0,0,0
SP-11617,ok,reserve,3179,0,0,0,0
SP-11618,ok,reserve,17020,0,0,0,0
SP-11619,ok,debt,0,2250,0,0,0
SP-11620,ok,debt,0,53727,0,0,0
SP-11621,ok,reserve,39771,0,0,0,0
SP-11622,ok,reserve,13729,0,0,0,0
SP-11623,ok,reserve,16775,0,0,0,0
SP-11624,ok,reserve,8446,0,0,0,0
SP-11625,ok,reserve,35427,0,0,0,0
SP-11626,ok,goals+,0,0,0,21416,559262
SP-11627,ok,reserve,16615,0,0,0,0
SP-11628,ok,reserve,62,0,0,0,0
SP-11629,ok,reserve,11982,0,0,0,0
SP-11630,ok,debt,0,15528,0,0,0
SP-11631,ok,reserve,583059208,0,0,0,0
SP-11632,ok,reserve,12021,0,0,0,0
SP-11633,ok,reserve,1551,0,0,0,0
SP-11634,deficit,none,0,0,0,0,0
SP-11635,deficit,none,0,0,0,0,0
SP-11636,ok,goals+,0,0,0,1919,16814
SP-11637,ok,debt,0,89785,0,0,425198
SP-11638,ok,goals+,0,0,115,0,281737
SP-11639,ok,reserve,13315,0,0,0,0
SP-11640,deficit,none,0,0,0,0,0
SP-11641,deficit,none,0,0,0,0,0
SP-11642,ok,reserve,9607,0,0,0,0
SP-11643,deficit,none,0,0,0,0,0
SP-11644,ok,reserve,10799,0,0,0,0
SP-11645,ok,reserve,23561,0,0,0,0
SP-11646,deficit,none,0,0,0,0,0
SP-11647,ok,reserve,10179,0,0,0,0
SP-11648,ok,goals+,0,0,0,39528,9890
SP-11649,ok,debt,0,15810,0,0,0
SP-11650,ok,reserve,570,0,0,0,0
SP-11651,ok,reserve,5852,0,0,0,0
SP-11652,deficit,none,0,0,0,0,0
SP-11653,ok,reserve,7696,0,0,0,0
SP-11654,ok,reserve,20796,0,0,0,0
SP-11655,ok,debt,0,17208,0,0,499767
SP-11656,ok,reserve,27042,0,0,0,0
SP-11657,ok,reserve,19534,0,0,0,0
SP-11658,ok,reserve,5375,0,0,0,0
SP-11659,ok,reserve,4455,0,0,0,0
SP-11660,ok,reserve,21700,0,0,0,0
SP-11661,ok,reserve,11292,0,0,0,0
SP-11662,ok,reserve,14154,0,0,0,0
SP-11663,ok,debt,0,8433,0,0,99531
SP-11664,ok,reserve,76,0,0,0,0
SP-11665,ok,debt,0,21435,0,0,0
SP-11666,ok,debt,0,23146,0,0,0
SP-11667,ok,debt,0,36173,0,0,0
SP-11668,ok,reserve,5527,0,0,0,0
SP-11669,ok,reserve,30068,0,0,0,0
SP-11670,ok,reserve,132,0,0,0,0
SP-11671,deficit,none,0,0,0,0,0
SP-11672,ok,debt,0,11535,0,0,0
SP-11673,deficit,none,0,0,0,0,0
SP-11674,ok,reserve,10976,0,0,0,0
SP-11675,ok,debt,0,11400,0,0,2022
SP-11676,deficit,none,0,0,0,0,0
SP-11677,ok,reserve,24762,0,0,0,0
SP-11678,ok,reserve,17053,0,0,0,0
SP-11679,ok,goals+,0,0,28634,25202,147921
SP-11680,deficit,none,0,0,0,0,0
SP-11681,ok,goals+,132,0,26850,6233,0
SP-11682,deficit,none,0,0,0,0,0
SP-11683,deficit,none,0,0,0,0,0
SP-11684,ok,debt,0,22533,0,0,0
SP-11685,deficit,none,0,0,0,0,0
SP-11686,ok,reserve,48882,0,0,0,0
SP-11687,deficit,none,0,0,0,0,0
SP-11688,ok,reserve,12235,0,0,0,0
SP-11689,ok,reserve,13003,0,0,0,0
SP-11690,ok,goals+,0,0,0,25420,7660
SP-11691,ok,reserve,13532,0,0,0,0
SP-11692,ok,reserve,796,0,0,0,0
SP-11693,deficit,none,0,0,0,0,0
SP-11694,ok,goals+,0,0,0,39776,311767
SP-11695,ok,reserve,35089,680,0,0,0
SP-11696,ok,reserve,19753,0,0,0,0
SP-11697,ok,goals+,0,0,23036,0,2100983
SP-11698,ok,reserve,7117,0,0,0,0
SP-11699,ok,reserve,36602,4706,0,0,0
SP-11700,ok,reserve,1896,0,0,0,0
SP-11701,deficit,none,0,0,0,0,0
SP-11702,ok,reserve,20549,2561,0,0,0
SP-11703,ok,debt,0,2176,0,0,0
SP-11704,ok,reserve,75126,0,0,0,0
SP-11705,deficit,none,0,0,0,0,0
SP-11706,ok,reserve,4951,0,0,0,0
SP-11707,ok,reserve,43305,0,10358,0,0
SP-11708,ok,reserve,35450,0,0,819,0
SP-11709,ok,reserve,22844,0,0,0,0
SP-11710,ok,reserve,4996,0,0,0,0
SP-11711,ok,reserve,8877,0,0,0,0
SP-11712,ok,goals+,6,0,51,0,0
SP-11713,ok,reserve,2220,0,0,0,0
SP-11714,ok,debt,0,21294,0,0,10255
SP-11715,ok,reserve,3065556587,0,0,0,0
SP-11716,ok,debt,0,2740,0,0,0
SP-11717,ok,debt,11152,44735,0,0,0
SP-11718,deficit,none,0,0,0,0,0
SP-11719,ok,reserve,21741,0,0,0,0
SP-11720,ok,reserve,24015,17847,0,0,0
SP-11721,ok,reserve,22866,7382,0,0,0
SP-11722,ok,reserve,25805,0,0,0,0
SP-11723,ok,goals+,0,0,1730,0,169935
SP-11724,deficit,none,0,0,0,0,0
SP-11725,ok,reserve,14267,0,0,0,0
SP-11726,ok,reserve,26000,0,0,0,0
SP-11727,deficit,none,0,0,0,0,0
SP-11728,deficit,none,0,0,0,0,0
SP-11729,ok,reserve,12287,0,0,0,0
SP-11730,ok,reserve,21401,0,0,0,0
SP-11731,ok,reserve,17427,0,0,0,0
SP-11732,ok,reserve,16807,0,0,0,0
SP-11733,ok,debt,0,1134,0,0,0
SP-11734,ok,reserve,9504,0,0,0,0
SP-11735,ok,debt,20416,24766,0,0,0
SP-11736,ok,debt,0,911,0,0,12272
SP-11737,ok,debt,0,6112,0,0,0
SP-11738,ok,reserve,13935,0,0,0,0
SP-11739,ok,debt,0,13449,0,0,809161
SP-11740,ok,reserve,3665,0,0,0,0
SP-11741,ok,reserve,2759,0,0,0,0
SP-11742,ok,reserve,12467,0,0,0,0
SP-11743,ok,reserve,17861,0,0,0,0
SP-11744,ok,reserve,31084,8554,0,0,0
SP-11745,ok,reserve,4129,0,0,0,0
SP-11746,deficit,none,0,0,0,0,0
SP-11747,ok,reserve,32241,0,0,0,0
SP-11748,ok,reserve,27613,0,0,0,0
SP-11749,ok,reserve,21512,0,0,0,0
SP-11750,ok,debt,0,7334,0,0,0
SP-11751,ok,reserve,5936,0,0,0,0
SP-11752,ok,debt,0,3550,0,0,0
SP-11753,ok,reserve,61828,0,0,0,0
SP-11754,ok,reserve,86,0,0,0,0
SP-11755,ok,debt,0,16917,0,0,0
SP-11756,ok,reserve,15181,0,0,0,0
SP-11757,deficit,none,0,0,0,0,0
SP-11758,ok,reserve,3873,0,0,0,0
SP-11759,ok,reserve,27812,0,0,0,0
SP-11760,deficit,none,0,0,0,0,0
SP-11761,ok,goals+,0,0,0,11772,216999
SP-11762,ok,debt,0,3572,0,0,0
SP-11763,ok,goals+,0,0,1172,133055,115690
SP-11764,ok,reserve,16803,0,0,0,0
SP-11765,ok,reserve,37565,0,0,0,0
SP-11766,deficit,none,0,0,0,0,0
SP-11767,deficit,none,0,0,0,0,0
SP-11768,ok,reserve,17261,0,0,0,0
SP-11769,deficit,none,0,0,0,0,0
SP-11770,ok,reserve,13487,0,0,0,0
SP-11771,deficit,none,0,0,0,0,0
SP-11772,deficit,none,0,0,0,0,0
SP-11773,ok,reserve,3885,0,0,0,0
SP-11774,ok,reserve,32493,0,0,0,0
SP-11775,ok,reserve,12489,0,0,0,0
SP-11776,deficit,none,0,0,0,0,0
SP-11777,ok,reserve,2262,0,0,0,0
SP-11778,ok,reserve,40506,0,0,0,0
SP-11779,deficit,none,0,0,0,0,0
SP-11780,ok,reserve,4488,0,0,0,0
SP-11781,ok,debt,0,36384,0,0,1153877
SP-11782,ok,reserve,32169,0,0,0,0
SP-11783,ok,debt,0,11269,0,0,152216
SP-11784,ok,reserve,8672,0,0,0,0
SP-11785,ok,reserve,8142,0,0,0,0
SP-11786,ok,reserve,22239,0,1074,0,0
SP-11787,ok,reserve,8991,0,0,0,0
SP-11788,deficit,none,0,0,0,0,0
SP-11789,ok,reserve,48485,0,0,0,0
SP-11790,ok,reserve,62093,0,0,0,0
SP-11791,ok,reserve,16694,3293,0,0,0
SP-11792,ok,reserve,1618,0,0,0,0
SP-11793,ok,reserve,5298,0,0,0,0
SP-11794,ok,debt,0,5755,0,0,0
SP-11795,ok,reserve,11052,0,0,0,0
SP-11796,ok,goals+,0,0,40,129,406
SP-11797,ok,reserve,22444,0,0,0,0
SP-11798,ok,reserve,21777,0,0,0,0
SP-11799,ok,reserve,494784005,0,0,0,0
SP-11800,ok,debt,0,2413,0,0,0
SP-11801,ok,reserve,28967,0,0,0,0
SP-11802,deficit,none,0,0,0,0,0
SP-11803,ok,reserve,8750,0,0,0,0
SP-11804,ok,reserve,6638,0,0,0,0
SP-11805,ok,goals+,0,0,25168,0,9998
SP-11806,ok,reserve,22264,0,0,0,0
SP-11807,ok,reserve,11598,0,0,0,0
SP-11808,deficit,none,0,0,0,0,0
SP-11809,ok,reserve,2535,0,0,0,0
SP-11810,ok,debt,0,7916,0,0,0
SP-11811,deficit,none,0,0,0,0,24572
SP-11812,ok,reserve,19379,0,0,0,0
SP-11813,ok,reserve,5628,0,0,0,0
SP-11814,deficit,none,0,0,0,0,0
SP-11815,ok,reserve,14277,0,0,0,0
SP-11816,ok,reserve,8431,0,0,0,0
SP-11817,ok,reserve,89,0,0,0,0
SP-11818,ok,reserve,31060,0,0,0,0
SP-11819,ok,debt,0,98552,0,0,0
SP-11820,ok,reserve,2383,0,0,0,0
SP-11821,ok,debt,0,32610,0,0,0
SP-11822,ok,reserve,6011,0,0,0,0
SP-11823,ok,goals+,0,0,6176,14760,1017177
SP-11824,deficit,none,0,0,0,0,0
SP-11825,deficit,none,0,0,0,0,0
SP-11826,ok,reserve,28860,0,0,0,0
SP-11827,ok,reserve,20371,0,0,0,0
SP-11828,deficit,none,0,0,0,0,0
SP-11829,ok,debt,0,8115,0,0,0
SP-11830,deficit,none,0,0,0,0,106357
SP-11831,ok,reserve,7986,0,0,0,0
SP-11832,deficit,none,0,0,0,0,0
SP-11833,ok,debt,703,40578,0,0,0
SP-11834,ok,reserve,14209,0,0,0,0
SP-11835,ok,reserve,4389,0,0,0,0
SP-11836,ok,debt,0,11464,0,0,0
SP-11837,ok,reserve,7690,0,0,0,0
SP-11838,ok,goals+,0,0,2,0,626
SP-11839,ok,reserve,8781,0,0,0,0
SP-11840,ok,goals+,0,0,0,6548,56013
SP-11841,ok,reserve,1519004142,0,0,0,0
SP-11842,ok,goals+,0,0,4769,0,79099
SP-11843,ok,reserve,28623,0,0,0,0
SP-11844,deficit,none,0,0,0,0,0
SP-11845,ok,reserve,22168,0,0,0,0
SP-11846,ok,reserve,16829,0,0,0,0
SP-11847,ok,goals+,0,0,48764,0,129229
SP-11848,ok,reserve,45719,0,0,0,0
SP-11849,ok,debt,0,5533,0,0,0
SP-11850,deficit,none,0,0,0,0,0
SP-11851,ok,debt,0,6408,0,0,0
SP-11852,ok,reserve,21244,0,0,0,0
SP-11853,deficit,none,0,0,0,0,0
SP-11854,ok,reserve,15839,0,0,0,0
SP-11855,ok,reserve,10471,0,0,0,0
SP-11856,deficit,none,0,0,0,0,0
SP-11857,ok,reserve,17491,0,0,0,0
SP-11858,ok,debt,0,19820,0,0,0
SP-11859,ok,goals+,0,0,0,44814,25792
SP-11860,ok,debt,0,4546,0,0,0
SP-11861,ok,reserve,9041,0,0,0,0
SP-11862,ok,goals+,0,0,0,5678,152897
SP-11863,ok,reserve,26452,0,0,0,0
SP-11864,ok,debt,0,28538,0,0,86397
SP-11865,ok,debt,0,6676,0,0,362992
SP-11866,deficit,none,0,0,0,0,0
SP-11867,ok,debt,0,17986,0,0,0
SP-11868,ok,reserve,1306,0,0,0,0
SP-11869,ok,debt,0,2358,0,0,0
SP-11870,ok,reserve,15338,0,0,0,0
SP-11871,ok,reserve,4585,0,0,0,0
SP-11872,ok,debt,0,6004,0,0,0
SP-11873,ok,reserve,13519,0,0,0,0
SP-11874,ok,reserve,85098,0,0,0,0
SP-11875,ok,reserve,21477,0,0,0,0
SP-11876,ok,goals+,0,0,35826,0,362966
SP-11877,ok,reserve,28969,0,0,0,0
SP-11878,ok,debt,0,85592,0,0,0
SP-11879,ok,debt,0,18598,0,0,10969
SP-11880,ok,reserve,107,0,0,0,0
SP-11881,ok,reserve,33703,0,0,0,0
SP-11882,ok,goals+,0,0,0,68880,42874
SP-11883,ok,debt,0,1140075283,0,0,0
SP-11884,ok,reserve,17983,0,0,0,0
SP-11885,ok,reserve,6301,0,0,0,0
SP-11886,deficit,none,0,0,0,0,0
SP-11887,ok,reserve,3034,0,0,0,0
SP-11888,ok,reserve,14628,0,0,0,0
SP-11889,ok,debt,0,59112,0,0,147954
SP-11890,ok,reserve,1912,0,0,0,0
SP-11891,ok,reserve,9355,0,0,0,0
SP-11892,deficit,none,0,0,0,0,0
SP-11893,deficit,none,0,0,0,0,0
SP-11894,ok,debt,0,620,0,0,0
SP-11895,deficit,none,0,0,0,0,0
SP-11896,ok,reserve,18153,0,0,0,0
SP-11897,ok,debt,0,2760,0,0,0
SP-11898,ok,reserve,19313,0,0,0,0
SP-11899,ok,reserve,8025,0,0,0,0
SP-11900,ok,reserve,204,0,0,0,0
SP-11901,ok,reserve,10855,0,0,0,0
SP-11902,ok,reserve,7239,0,0,0,0
SP-11903,ok,debt,0,1511,0,0,0
SP-11904,ok,debt,0,28727,0,0,0
SP-11905,ok,reserve,5819,0,0,0,0
SP-11906,deficit,none,0,0,0,0,0
SP-11907,ok,debt,0,22452,0,0,803745
SP-11908,ok,debt,0,56350,0,0,0
SP-11909,ok,reserve,8788,0,0,0,0
SP-11910,ok,reserve,5972,0,0,0,0
SP-11911,ok,goals+,0,0,22212,0,38676
SP-11912,ok,reserve,9711,0,0,0,0
SP-11913,ok,reserve,8409,0,0,0,0
SP-11914,deficit,none,0,0,0,0,0
SP-11915,ok,reserve,50881,0,0,0,0
SP-11916,ok,reserve,66778,0,0,0,0
SP-11917,ok,reserve,1292,0,0,0,0
SP-11918,ok,reserve,9230,0,0,0,0
SP-11919,ok,debt,0,2280,0,0,0
SP-11920,ok,reserve,15824,0,0,0,0
SP-11921,ok,goals+,0,0,42063,0,39571
SP-11922,ok,reserve,12,0,0,0,0
SP-11923,ok,reserve,21588,0,0,0,0
SP-11924,ok,reserve,19586,0,0,0,0
SP-11925,ok,debt,0,20896329,0,0,0
SP-11926,ok,reserve,2461,0,0,0,0
SP-11927,ok,reserve,20169,0,0,0,0
SP-11928,deficit,none,0,0,0,0,0
SP-11929,deficit,none,0,0,0,0,0
SP-11930,ok,goals+,0,0,10033,10463,458109
SP-11931,ok,debt,0,64660,0,0,0
SP-11932,deficit,none,0,0,0,0,0
SP-11933,deficit,none,0,0,0,0,0
SP-11934,deficit,none,0,0,0,0,0
SP-11935,ok,debt,0,2465,0,0,0
SP-11936,ok,debt,0,6699,0,0,55549
SP-11937,ok,reserve,5648,0,0,0,0
SP-11938,ok,reserve,14959,0,0,0,0
SP-11939,ok,debt,0,5031,0,0,0
SP-11940,ok,reserve,59647,0,0,0,0
SP-11941,ok,reserve,13121,0,0,0,0
SP-11942,ok,reserve,51915,0,0,0,0
SP-11943,ok,goals+,0,0,0,21992,65084
SP-11944,ok,reserve,41834,0,0,0,0
SP-11945,ok,reserve,25003,0,0,0,0
SP-11946,ok,debt,0,16290,0,0,0
SP-11947,ok,reserve,22077,9319,0,0,0
SP-11948,ok,debt,0,3128,0,0,427938
SP-11949,ok,goals+,0,0,13286,0,1753977
SP-11950,ok,reserve,19906,0,0,0,0
SP-11951,ok,debt,0,72884,0,0,0
SP-11952,ok,reserve,16138,0,0,0,0
SP-11953,ok,reserve,27813,0,0,0,0
SP-11954,ok,reserve,11721,0,0,0,0
SP-11955,ok,reserve,6055,0,0,0,0
SP-11956,ok,reserve,845,0,0,0,0
SP-11957,deficit,none,0,0,0,0,0
SP-11958,ok,reserve,28516,0,0,0,0
SP-11959,ok,reserve,14462,0,0,0,0
SP-11960,ok,goals+,0,0,17065,0,109156
SP-11961,ok,reserve,17635,0,0,0,0
SP-11962,deficit,none,0,0,0,0,0
SP-11963,deficit,none,0,0,0,0,0
SP-11964,ok,none,0,0,0,0,0
SP-11965,ok,reserve,25673,0,0,0,0
SP-11966,ok,reserve,8322,0,0,0,0
SP-11967,ok,reserve,733592643,0,0,0,0
SP-11968,ok,reserve,21870,0,0,0,0
SP-11969,ok,goals+,0,0,33964,0,137521
SP-11970,deficit,none,0,0,0,0,0
SP-11971,ok,reserve,1456,0,0,0,0
SP-11972,ok,reserve,5894,0,0,0,0
SP-11973,ok,goals+,0,0,75792,115240,572334
SP-11974,ok,reserve,13371,0,0,0,0
SP-11975,ok,reserve,11669,729,0,0,0
SP-11976,deficit,none,0,0,0,0,0
SP-11977,ok,reserve,6417,0,0,0,0
SP-11978,ok,reserve,23208,0,0,0,0
SP-11979,deficit,none,0,0,0,0,0
SP-11980,ok,reserve,35605,0,0,0,0
SP-11981,ok,reserve,16435,0,0,9456,0
SP-11982,deficit,none,0,0,0,0,0
SP-11983,deficit,none,0,0,0,0,0
SP-11984,ok,reserve,1200,0,0,0,0
SP-11985,ok,debt,0,2358,0,0,0
SP-11986,deficit,none,0,0,0,0,0
SP-11987,ok,debt,0,26028,0,0,0
SP-11988,ok,reserve,22437,0,0,0,0
SP-11989,ok,reserve,21745,0,0,0,0
SP-11990,ok,debt,4956,42147,0,0,0
SP-11991,ok,goals+,0,0,10559,0,705783
SP-11992,ok,reserve,34682,0,0,0,0
SP-11993,ok,reserve,3729,0,0,0,0
SP-11994,ok,debt,0,4116,0,0,0
SP-11995,deficit,none,0,0,0,0,90507
SP-11996,ok,reserve,86941,0,0,0,0
SP-11997,ok,reserve,3050,0,0,0,0
SP-11998,ok,debt,0,7318,0,0,109299
SP-11999,ok,reserve,21354,0,0,0,0
